# File generated by ImageToStl.com - Free Image and 3D model conversion tools

mtllib carrinho_de_hot_dog.mtl

o obj1
v -1.27662262 4.10514063 1.54355996
v -1.27662262 4.14270512 1.52187289
v -1.27662262 4.14270512 1.56524821
v -1.27662262 4.18026961 1.54355996
v -1.27662262 4.18026961 1.58693647
v -1.27662262 4.14270512 1.60862354
v -1.27662262 4.10514063 1.58693647
v -1.49678662 4.14270512 1.52187289
v -1.49678662 4.10514063 1.54355996
v -1.49678662 4.14270512 1.56524821
v -1.02039137 0.63072803 -1.31047436
v -1.3103648 0.51714744 -1.31047436
v -1.02500906 0.39241898 -1.31047436
v -1.28884305 0.57209298 1.79553515
v -1.31036465 0.51714781 1.79553515
v -1.2562946 0.5407818 1.79553515
v -1.25541944 0.49562618 1.79553515
v -1.28673066 0.46307769 1.79553515
v -1.33188624 0.46220267 1.79553515
v -1.36443484 0.49351385 1.79553515
v -1.36530986 0.53866944 1.79553515
v -1.33399864 0.57121797 1.79553515
v -1.18563612 0.23179224 1.36141382
v -1.3103645 0.51714774 1.36141264
v -1.02039137 0.40356722 1.36141382
v -1.42394539 0.22717436 1.36141382
v -1.59572039 0.39241939 1.36141382
v -1.60033808 0.6307284 1.36141382
v -1.43509318 0.8025034 1.36141382
v -1.19678406 0.80712131 1.36141382
v -1.02500906 0.64187627 1.36141382
v 2.32630425 0.11807547 -1.16707375
v 2.32644096 0.12775029 -1.16707375
v 2.3348997 0.12268667 -1.16707257
v 2.33120216 0.11110175 -1.16707375
v 2.338266 0.11091425 -1.16707375
v 2.34335785 0.1176229 -1.16707375
v 2.34349501 0.12729772 -1.16707375
v 2.33859665 0.13427143 -1.16707375
v 2.33153281 0.13445888 -1.16707375
v 2.32644096 0.12775029 -1.02388198
v 2.33153281 0.13445888 -1.02388198
v 2.3348997 0.12268667 -1.0238808
v 2.32630425 0.11807547 -1.02388198
v 2.33120216 0.11110175 -1.02388198
v 2.338266 0.11091425 -1.02388198
v 2.34335785 0.1176229 -1.02388198
v 2.34349501 0.12729772 -1.02388198
v 2.33859665 0.13427143 -1.02388198
v 2.33153281 0.13445888 -1.16707375
v 2.32644096 0.12775029 -1.16707375
v 2.3348994 0.12268659 -1.04003313
v 2.32630425 0.11807547 -1.16707375
v 2.33120216 0.11110175 -1.16707375
v 2.338266 0.11091425 -1.16707375
v 2.34335785 0.1176229 -1.16707375
v 2.34349501 0.12729772 -1.16707375
v 2.33859665 0.13427143 -1.16707375
v 2.26691892 0.11807547 1.14889681
v 2.27299846 0.12268667 1.14282051
v 2.26701552 0.12775029 1.14880006
v 2.27038226 0.11110175 1.14543273
v 2.27537706 0.11091425 1.14043837
v 2.27897756 0.1176229 1.13683742
v 2.27907461 0.12729772 1.13674067
v 2.27561097 0.13427143 1.14020475
v 2.27061602 0.13445888 1.14519911
v 2.3682683 0.12775029 1.2500524
v 2.37424947 0.12268667 1.2440705
v 2.37186881 0.13445888 1.24645146
v 2.36817156 0.11807547 1.25014915
v 2.3716349 0.11110175 1.24668507
v 2.37662985 0.11091425 1.24169071
v 2.38023035 0.1176229 1.23808977
v 2.38032725 0.12729772 1.23799302
v 2.37686361 0.13427143 1.2414571
v 2.27061602 0.13445888 1.14519911
v 2.36282781 0.12268659 1.23264942
v 2.26701552 0.12775029 1.14880006
v 2.26691892 0.11807547 1.14889681
v 2.27038226 0.11110175 1.14543273
v 2.27537706 0.11091425 1.14043837
v 2.27897756 0.1176229 1.13683742
v 2.27907461 0.12729772 1.13674067
v 2.27561097 0.13427143 1.14020475
v -1.49678662 4.10514063 1.58693647
v -1.49678662 4.14270512 1.60862354
v -1.49678662 4.18026961 1.58693647
v -1.49678662 4.18026961 1.54355996
v -1.28884305 0.4622023 -1.74459569
v -1.31036465 0.51714744 -1.74459569
v -1.2562946 0.49351345 -1.74459569
v -1.25541944 0.53866907 -1.74459569
v -1.28673066 0.57121756 -1.74459569
v -1.33188624 0.57209258 -1.74459569
v -1.36443484 0.5407814 -1.74459569
v -1.36530986 0.49562581 -1.74459569
v -1.33399864 0.46307732 -1.74459569
v -1.18563612 0.80250296 -1.31047436
v -1.42394539 0.80712087 -1.31047436
v -1.59572039 0.64187582 -1.31047436
v -1.60033808 0.40356685 -1.31047436
v -1.43509318 0.23179185 -1.31047436
v -1.19678406 0.22717394 -1.31047436
v -0.28426779 3.67097947 1.03893943
v -0.28422768 3.67097947 1.09410985
v -0.28422768 2.52005037 1.09410985
v -0.28426779 2.52005037 1.03893943
v -0.37837724 3.67097947 1.13318692
v -0.41741421 3.67097947 1.09420423
v -0.41741421 2.52005037 1.09420423
v -0.37837724 2.52005037 1.13318692
v -0.32330476 3.67097947 0.99996146
v -0.32330476 2.52005037 0.99996146
v -0.37354216 3.67097947 1.1214874
v -0.40572412 3.67097947 1.08935264
v -0.32320919 3.67097947 1.13314445
v -0.32320919 2.52005037 1.13314445
v -0.32814102 3.67097947 1.01165627
v -0.29595788 3.67097947 1.04379339
v -0.29592602 3.67097947 1.08927241
v -0.32806196 3.67097947 1.12145436
v -0.37362003 3.67097947 1.0116893
v -0.37847281 3.67097947 0.99999921
v -0.40575598 3.67097947 1.04387126
v -0.41745432 3.67097947 1.03903854
v -0.40575598 3.67097947 1.04387126
v -0.41745432 3.67097947 1.03903854
v -0.41745432 2.52005037 1.03903854
v -0.37847281 2.52005037 0.99999921
v -0.41745432 2.52005037 1.03903854
v -2.08982465 0.73908205 1.41760836
v -1.71990131 1.10900391 1.42580133
v -2.3896197 2.72430892 1.46157951
v -2.39556563 0.73908205 1.41760836
v 2.39556563 0.73908205 -1.41760833
v 2.40151155 2.72430892 -1.37363717
v 2.40151155 2.72430892 1.46157951
v 2.39556563 0.73908205 1.41760836
v -0.16971367 2.714414 1.38987331
v -0.16971367 3.70849825 1.38987331
v -0.16971367 3.70849825 0.39578876
v -0.16971367 2.714414 0.39578876
v -0.16971367 2.714414 0.39578876
v -0.16971367 3.70849825 0.39578876
v 1.29878532 3.70849825 0.39578876
v 1.29878532 2.714414 0.39578876
v 1.29878532 2.714414 0.39578876
v 1.29878532 3.70849825 0.39578876
v 1.29878532 3.70849825 1.38987331
v 1.29878532 2.714414 1.38987331
v -0.16971367 3.70849825 1.38987331
v -0.16971367 2.714414 1.38987331
v -0.16971367 3.70849825 0.39578876
v -0.16971367 3.70849825 1.38987331
v 1.32574402 2.73008377 1.38987331
v 1.32574402 4.11792356 1.38987331
v 1.32574402 4.11792356 0.39578876
v 1.32574402 2.73008377 0.39578876
v 1.32574402 2.73008377 0.39578876
v 1.32574402 4.11792356 0.39578876
v 2.34031424 4.11792356 0.39578876
v 2.34031424 2.73008377 0.39578876
v 2.34031424 2.73008377 0.39578876
v 2.34031424 4.11792356 0.39578876
v 2.34031424 4.11792356 1.38987331
v 2.34031424 2.73008377 1.38987331
v 2.34031424 2.73008377 1.38987331
v 2.34031424 4.11792356 1.38987331
v 1.32574402 4.11792356 1.38987331
v 1.32574402 2.73008377 1.38987331
v 2.34031424 4.11792356 0.39578876
v 1.32574402 4.11792356 0.39578876
v 1.32574402 4.11792356 1.38987331
v -0.37362003 8.70940952 1.0116893
v -0.32814102 8.70940952 1.01165627
v -0.40575598 8.70940952 1.04387126
v -0.37354216 8.70940952 1.1214874
v -0.40572412 8.70940952 1.08935264
v -0.29592602 8.70940952 1.08927241
v -0.32806196 8.70940952 1.12145436
v -0.29595788 8.70940952 1.04379339
v -0.40575598 8.70940952 1.04387126
v -4.40671845 6.52186592 -0.61000475
v -4.4043133 6.52186592 2.74900997
v -2.02743111 6.52186592 5.12248472
v 1.33158007 6.52186592 5.12008252
v 3.70505836 6.52186592 2.74319561
v 3.70265143 6.52186592 -0.61581203
v -2.03324076 6.52186592 -2.98688458
v 1.32577042 6.52186592 -2.98928914
v -4.40671845 6.52186592 -0.61000475
v 1.38441686 2.739082 -0.61895873
v 2.2610519 2.739082 -0.61895873
v 2.25160001 2.77512211 -0.62582318
v 1.39386875 2.77512211 -0.62582318
v 2.25160001 2.77512211 -1.24880762
v 1.39386875 2.77512211 -1.24880762
v 2.2610519 2.739082 -1.25567206
v 1.38441701 2.739082 -1.25567206
v -2.3896197 2.72430892 -1.37363717
v -2.3896197 2.72430892 0.04397117
v -2.3896197 2.77264675 0.04397117
v -2.3896197 2.77264675 -1.37363717
v 1.85248508 2.77621053 -1.14455134
v 1.85979669 2.77621053 -1.16220328
v 1.84179316 2.79390789 -1.16220328
v 1.83975465 2.79390789 -1.15728207
v 1.81718209 2.77621053 -1.14455134
v 1.83483359 2.77621053 -1.13723972
v 1.83483359 2.79390789 -1.15524326
v 1.82991252 2.79390789 -1.15728207
v 1.81718209 2.77621053 -1.17985521
v 1.80987048 2.77621053 -1.16220328
v 1.82787401 2.79390789 -1.16220328
v 1.82991252 2.79390789 -1.16712449
v 1.85248508 2.77621053 -1.17985521
v 1.83975465 2.79390789 -1.16712449
v 1.83483359 2.77621053 -1.18716683
v 1.83483359 2.79390789 -1.16916329
v 1.85716693 2.80943991 -1.18453691
v 1.86641809 2.80943991 -1.16220328
v 1.85716693 2.80943991 -1.13986964
v 1.83483418 2.80943991 -1.13061715
v 1.81250128 2.80943991 -1.13986964
v 1.80325011 2.80943991 -1.16220328
v 1.81250128 2.80943991 -1.18453691
v 1.83483418 2.80943991 -1.1937894
v 0.23416072 2.72430892 -0.664833
v 0.23392621 2.76034904 -0.66551496
v 1.08973895 2.75186228 -0.665056
v 1.08873577 2.72430892 -0.664833
v 1.08873577 2.72430892 -1.24630631
v 0.23416072 2.72430892 -1.246875
v 0.23304153 2.75444736 -1.24922293
v 1.0894313 2.76034904 -1.24558777
v 0.69071111 3.22062765 -0.33385888
v 0.69802273 3.23591455 -0.32503232
v 0.68001919 3.22706616 -0.30970589
v 0.67798068 3.2228042 -0.31216709
v 0.65540812 3.22062765 -0.33385888
v 0.67305962 3.21429561 -0.33751409
v 0.67305962 3.22103853 -0.31318649
v 0.66813855 3.2228042 -0.31216709
v 0.65540812 3.25120174 -0.31620694
v 0.64809651 3.23591455 -0.32503232
v 0.66610004 3.22706616 -0.30970589
v 0.66813855 3.23132783 -0.30724588
v 0.69071111 3.25120174 -0.31620694
v 0.67798068 3.23132783 -0.30724588
v 0.67305962 3.25753378 -0.31255054
v 0.67305962 3.23309349 -0.30622647
v 0.69539296 3.23864151 -0.28508804
v 0.70464412 3.2193 -0.29625545
v 0.69539296 3.1999585 -0.30742168
v 0.67306021 3.19194575 -0.31204792
v 0.65072731 3.1999585 -0.30742168
v 0.64147615 3.2193 -0.29625545
v 0.65072731 3.23864151 -0.28508804
v 0.67306021 3.24665425 -0.28046179
v -0.0609867 2.72430892 0.00436315
v -0.0609867 2.72430892 -1.33402916
v -0.06098678 2.73389178 -1.33402916
v -0.06098678 2.73389178 0.00436315
v -2.3896197 2.72430892 0.04397117
v 0.00594592 2.72430892 0.04397117
v 0.00594592 2.77264675 0.04397117
v -2.3896197 2.77264675 0.04397117
v -2.32268708 2.72430892 -1.33402916
v -0.0609867 2.72430892 -1.33402916
v -0.0609867 2.77264675 -1.33402916
v -2.32268708 2.77264675 -1.33402916
v -0.0609867 2.72430892 0.00436315
v -2.32268708 2.72430892 0.00436315
v -2.32268708 2.77264675 0.00436315
v -0.0609867 2.77264675 0.00436315
v -0.06098678 2.73389178 0.00436315
v -0.06098678 2.73389178 -1.33402916
v -2.32268693 2.73389178 -1.33402916
v -2.32268693 2.73389178 0.00436315
v -2.32268708 2.72430892 -1.33402916
v -2.32268708 2.72430892 0.00436315
v -2.32268693 2.73389178 0.00436315
v -2.32268693 2.73389178 -1.33402916
v -0.06098678 2.73389178 0.00436315
v -2.32268693 2.73389178 0.00436315
v -2.32268693 2.73389178 -1.33402916
v 0.00594592 2.77264675 -1.37363717
v -2.3896197 2.77264675 -1.37363717
v -2.32268708 2.77264675 -1.33402916
v -0.0609867 2.77264675 -1.33402916
v -2.3896197 2.77264675 0.04397117
v 0.00594592 2.77264675 0.04397117
v -0.0609867 2.77264675 0.00436315
v -2.32268708 2.77264675 0.00436315
v 0.00594596 2.72430892 -1.37363717
v -2.3896197 2.72430892 -1.37363717
v -2.3896197 2.77264675 -1.37363717
v 0.00594592 2.77264675 -1.37363717
v -1.59335712 2.77264675 -1.33402916
v -1.59335712 2.77264675 0.00436315
v -2.32268708 2.77264675 -1.33402916
v -2.32268708 2.77264675 0.00436315
v -1.59335712 2.72430892 -1.33402916
v -1.59335712 2.72430892 0.00436315
v -1.59335712 2.77264675 0.00436315
v -1.59335712 2.77264675 -1.33402916
v -0.0609867 2.77264675 -1.33402916
v -0.0609867 2.72430892 -1.33402916
v -1.59335712 2.72430892 -1.33402916
v -1.59335712 2.77264675 -1.33402916
v -0.0609867 2.72430892 0.00436315
v -0.0609867 2.77264675 0.00436315
v -1.59335712 2.77264675 0.00436315
v -1.59335712 2.72430892 0.00436315
v -1.47416215 2.77367028 -0.64300081
v -1.46259344 2.77367028 -0.67093054
v -1.49107903 2.80167139 -0.67093054
v -1.49430448 2.80167139 -0.66314462
v -1.53001925 2.77367028 -0.64300081
v -1.50209084 2.77367028 -0.63143225
v -1.50209084 2.80167139 -0.65991769
v -1.50987691 2.80167139 -0.66314462
v -1.53001925 2.77367028 -0.69886027
v -1.54158781 2.77367028 -0.67093054
v -1.51310222 2.80167139 -0.67093054
v -1.50987691 2.80167139 -0.67871646
v -1.47416215 2.77367028 -0.69886027
v -1.49430448 2.80167139 -0.67871646
v -1.50209084 2.77367028 -0.71042883
v -1.50209084 2.80167139 -0.68194338
v -1.45211699 2.82624648 -0.67093054
v -1.46675467 2.82624648 -0.70626745
v -1.50208996 2.82624648 -0.62095388
v -1.46675467 2.82624648 -0.63559363
v -1.55206293 2.82624648 -0.67093054
v -1.53742525 2.82624648 -0.63559363
v -1.50208996 2.82624648 -0.7209072
v -1.53742525 2.82624648 -0.70626745
v 0.22580345 2.7810406 -0.63127061
v 0.23525534 2.76896558 -0.59662627
v 1.09298645 2.76896558 -0.59662627
v 1.10243834 2.7810406 -0.63127061
v 1.09298645 3.30848589 -0.28513405
v 0.23525534 3.30848589 -0.28513405
v 1.10243834 3.33245068 -0.31291394
v 0.2258036 3.33245068 -0.31291394
v 0.23637444 2.7373945 -1.24657767
v 0.24664943 2.7373945 -0.64236722
v 1.08704908 2.7373945 -0.64236722
v 1.08704908 2.7373945 -1.24657767
v -2.12522439 4.08314296 1.56711122
v -2.12522439 3.91314469 2.03417906
v -0.65672566 3.91314469 2.03417906
v -0.65672566 4.08314296 1.56711122
v -2.19611516 3.10391437 1.15571288
v -2.19611516 4.12823763 1.52853558
v -2.13983936 4.09243969 1.51550635
v -2.13983936 3.13971231 1.16874211
v -2.19611501 3.09854098 1.16143758
v -0.58583511 3.09854098 1.16143758
v -0.64211084 3.09854098 1.12334214
v -2.13983936 3.09854098 1.12334214
v -0.65672566 3.14900905 1.22711468
v -0.58583496 4.12823763 1.52853558
v -0.58583496 3.10391437 1.15571288
v -0.65672566 2.97901078 1.69418252
v -2.12522439 2.97901078 1.69418252
v -2.12522439 3.14900905 1.22711468
v -0.64211069 3.13971231 1.16874211
v -1.95767109 3.75210128 2.14501308
v -0.82427903 3.75210128 2.14501308
v -1.95767109 3.03113419 1.882602
v -0.82427903 3.03113419 1.882602
v -0.58583511 3.09854068 0.07137586
v -0.64211084 3.09854068 0.10947129
v -2.19611501 3.09854068 0.07137586
v -2.13983936 3.09854068 0.10947129
v -0.65672581 3.07196514 0.13817265
v -2.12522439 3.07196514 0.13817265
v -0.65672581 3.07196544 1.13225601
v -2.12522439 3.07196544 1.13225601
v -2.12522439 3.07196514 0.13817265
v -2.12522439 2.81633149 0.13817265
v -2.12522439 2.81633179 1.13225719
v -2.12522439 3.07196544 1.13225601
v -0.65672581 2.81633179 1.13225719
v -0.65672581 3.07196544 1.13225601
v -0.65672581 2.81633149 0.13817265
v -0.65672581 3.07196514 0.13817265
v -1.95767109 2.73443835 1.01883338
v -0.82427903 2.73443835 1.01883338
v -0.65672581 3.07196514 0.13817265
v -2.12522439 3.07196514 0.13817265
v -2.12522439 3.07196544 1.13225601
v -0.65672581 3.07196544 1.13225601
v -0.82427903 2.73443864 0.25159529
v -1.95767109 2.73443864 0.25159529
v -1.49678662 4.14270512 1.52187289
v -1.27662262 4.14270512 1.52187289
v -1.27662262 4.10514063 1.54355996
v -1.49678662 4.10514063 1.54355996
v -1.27662262 4.10514063 1.58693647
v -1.49678662 4.10514063 1.58693647
v -1.27662262 4.14270512 1.60862354
v -1.49678662 4.14270512 1.60862354
v -1.27662262 4.18026961 1.58693647
v -1.49678662 4.18026961 1.58693647
v -1.27662262 4.18026961 1.54355996
v -1.49678662 4.18026961 1.54355996
v -1.27662262 4.14270512 1.52187289
v -1.49678662 4.14270512 1.52187289
v -0.64211069 4.09243969 1.51550635
v -2.42690988 2.08880702 -0.91317185
v -2.43015303 1.00588465 -0.91473517
v -2.43009787 1.02434502 0.66324376
v -2.42691135 2.08824717 0.66065514
v -2.38901561 2.08865659 -0.91317185
v -2.39225876 1.00573422 -0.91473517
v -2.3922036 1.02419459 0.66324376
v -2.38901709 2.08809674 0.66065514
v -2.43015303 1.00588465 -0.91473517
v -2.39225876 1.00573422 -0.91473517
v -2.3922036 1.02419459 0.66324376
v -2.43009787 1.02434502 0.66324376
v -2.42691135 2.08824717 0.66065514
v -2.38901709 2.08809674 0.66065514
v -2.38901561 2.08865659 -0.91317185
v -2.42690988 2.08880702 -0.91317185
v -2.42690988 2.08880702 -0.91317185
v -2.38901561 2.08865659 -0.91317185
v -2.39225876 1.00573422 -0.91473517
v -2.43015303 1.00588465 -0.91473517
v -2.43009787 1.02434502 0.66324376
v -2.3922036 1.02419459 0.66324376
v -2.38901709 2.08809674 0.66065514
v -2.42691135 2.08824717 0.66065514
v -2.42779419 1.63484717 -0.99941279
v -2.42779419 1.58144994 -0.99941279
v -2.42780451 1.53902485 -0.73797746
v -2.42780451 1.66084325 -0.73797746
v -2.46185331 1.53902485 -0.73797746
v -2.46185331 1.66084325 -0.73797746
v -2.46184298 1.63484717 -0.99941279
v -2.46184298 1.58144994 -0.99941279
v -2.42779419 1.63484717 -0.99941279
v -2.42779419 1.58144994 -0.99941279
v -2.42780451 1.66084325 -0.73797746
v -2.42779419 1.63484717 -0.99941279
v -2.42780451 1.53902485 -0.73797746
v -2.42779419 1.58144994 -0.99941279
v -1.12883262 0.98060254 1.65780261
v -0.85429063 0.71649695 1.65780261
v -0.85429063 0.71649695 1.42110547
v -1.12883262 0.98060239 1.42110547
v -0.84691029 0.33561586 1.65780261
v -0.84691029 0.33561586 1.42110547
v -1.11101536 0.06107375 1.65780261
v -1.11101536 0.06107375 1.42110547
v -1.49189668 0.05369315 1.65780261
v -1.49189682 0.05369315 1.42110547
v -1.76643882 0.31779866 1.65780261
v -1.76643882 0.31779866 1.42110547
v -1.77381916 0.69867976 1.65780261
v -1.77381916 0.69867976 1.42110547
v -1.50971394 0.9732219 1.65780261
v -1.50971409 0.9732219 1.42110547
v -0.91075949 0.3606252 1.76796528
v -1.13847933 0.12390635 1.76796528
v -1.70360622 0.34526264 1.76796528
v -1.70996981 0.67367042 1.76796528
v -1.4668874 0.11754254 1.76796528
v -1.48224996 0.9103893 1.76796528
v -0.91712308 0.68903298 1.76796528
v -1.15384204 0.91675305 1.76796528
v -1.6593752 0.36459603 1.76796528
v -1.66502291 0.65606501 1.76796528
v -1.15781272 0.16813748 1.76796528
v -1.44928192 0.16248947 1.76796528
v -0.96135425 0.66969966 1.76796528
v -0.95570639 0.37823061 1.76796528
v -1.46291657 0.86615814 1.76796528
v -1.17144737 0.87180615 1.76796528
v -1.17144737 0.87180615 1.76796528
v -1.18923632 0.82639077 1.6827874
v -1.00604644 0.65016481 1.6827874
v -0.96135425 0.66969966 1.76796528
v -1.46291657 0.86615814 1.76796528
v -1.44338172 0.82146594 1.6827874
v -1.6593752 0.36459603 1.76796528
v -1.61468286 0.38413088 1.6827874
v -1.61960746 0.63827613 1.6827874
v -1.66502291 0.65606501 1.76796528
v -1.15781272 0.16813748 1.76796528
v -1.17734758 0.21282969 1.6827874
v -1.43149297 0.20790487 1.6827874
v -1.44928192 0.16248947 1.76796528
v -1.00112199 0.39601952 1.6827874
v -0.95570639 0.37823061 1.76796528
v -1.51923441 0.59896065 1.6827874
v -1.40020742 0.72269131 1.6827874
v -1.39217756 0.308278 1.6827874
v -1.51590823 0.42730511 1.6827874
v -1.10149504 0.43533497 1.6827874
v -1.22052188 0.31160431 1.6827874
v -1.22855188 0.72601764 1.6827874
v -1.10482107 0.60699054 1.6827874
v -1.13723192 0.59282381 1.72111172
v -1.13443034 0.44823552 1.72111172
v -1.48629911 0.5860601 1.72111172
v -1.38604065 0.69028046 1.72111172
v -1.37927708 0.34121335 1.72111172
v -1.48349738 0.44147184 1.72111172
v -1.23468865 0.34401516 1.72111172
v -1.24145236 0.69308234 1.72111172
v -1.33399864 0.57121797 1.72111172
v -1.28884305 0.57209298 1.72111172
v -1.36443484 0.49351385 1.72111172
v -1.36530986 0.53866944 1.72111172
v -1.28673066 0.46307769 1.72111172
v -1.33188624 0.46220267 1.72111172
v -1.2562946 0.5407818 1.72111172
v -1.25541944 0.49562618 1.72111172
v 2.32319516 0.76479297 -1.02407666
v 2.26223972 0.76479297 -1.05926963
v 2.26223972 0.11086906 -1.05926963
v 2.32319516 0.11086906 -1.02407666
v 2.25213877 0.15935015 -1.10704938
v 2.25098397 0.07774425 -1.10704938
v 2.25098397 0.07774425 -1.07088184
v 2.25213877 0.15935015 -1.07088184
v 2.26223972 0.76479297 -1.12965556
v 2.32319516 0.76479297 -1.16484853
v 2.32319516 0.11086906 -1.16484853
v 2.26223972 0.11086906 -1.12965556
v 2.38415045 0.76479297 -1.12965556
v 2.38415045 0.11086906 -1.12965556
v 2.29508668 0.21593626 -1.10704938
v 2.29508668 0.21593618 -1.07088184
v 2.38415045 0.76479297 -1.05926963
v 2.32319516 0.76479297 -1.02407666
v 2.32319516 0.11086906 -1.02407666
v 2.38415045 0.11086906 -1.05926963
v 2.39212293 0.76479297 1.17615047
v 2.37390628 0.76479297 1.24413775
v 2.37390628 0.11086906 1.24413775
v 2.39212293 0.11086906 1.17615047
v 2.27436562 0.76479297 1.1445962
v 2.3423526 0.76479297 1.12638029
v 2.3423526 0.11086906 1.12638029
v 2.27436562 0.11086906 1.1445962
v 2.25614868 0.76479297 1.21258348
v 2.25614868 0.11086906 1.21258348
v 2.26499131 0.15935015 1.23571116
v 2.2641747 0.07774425 1.23652763
v 2.28974898 0.07774425 1.26210235
v 2.29056559 0.15935015 1.26128588
v 2.37390628 0.76479297 1.24413775
v 2.30591916 0.76479297 1.26235366
v 2.30591916 0.11086906 1.26235366
v 2.37390628 0.11086906 1.24413775
v 2.29535997 0.21593626 1.20534266
v 2.32093439 0.21593618 1.2309162
v 2.29229925 0.01892206 -1.10704938
v 2.29229925 0.01892206 -1.07088184
v 2.35188251 0.01734067 -1.10704938
v 2.35188251 0.01734067 -1.07088184
v 2.39483087 0.07392674 -1.10704938
v 2.39483087 0.07392674 -1.07088184
v 2.39598521 0.1555327 -1.10704938
v 2.39598521 0.1555327 -1.07088184
v 2.35466993 0.21435494 -1.10704938
v 2.35466993 0.21435494 -1.07088184
v 2.29508668 0.21593626 -1.10704938
v 2.29508668 0.21593618 -1.07088184
v 2.26097196 0.08310265 -1.12388131
v 2.29659543 0.03238422 -1.12388131
v 2.38500142 0.07981105 -1.12388131
v 2.38599679 0.1501743 -1.12388131
v 2.34797023 0.03102075 -1.12388131
v 2.35037331 0.2008927 -1.12388131
v 2.26196777 0.15346586 -1.12388131
v 2.29899896 0.20225611 -1.12388131
v 2.29899896 0.20225611 -1.12388131
v 2.37808182 0.08395341 -1.12388131
v 2.37896568 0.14640225 -1.12388131
v 2.29962001 0.041861 -1.12388131
v 2.34521598 0.04065094 -1.12388131
v 2.26888693 0.1493236 -1.12388131
v 2.2680035 0.08687469 -1.12388131
v 2.34734918 0.19141593 -1.12388131
v 2.30175276 0.19262602 -1.12388131
v 2.30175276 0.19262602 -1.12388131
v 2.30453577 0.18289554 -1.11086742
v 2.27587836 0.14513812 -1.11086742
v 2.34429304 0.18184038 -1.11086742
v 2.30453577 0.18289554 -1.11086742
v 2.37109039 0.08813888 -1.11086742
v 2.37186099 0.14259087 -1.11086742
v 2.30267615 0.05143659 -1.11086742
v 2.34243328 0.05038136 -1.11086742
v 2.2751082 0.09068602 -1.11086742
v 2.35615937 0.13416735 -1.11086742
v 2.33753876 0.16067731 -1.11086742
v 2.33628309 0.0718869 -1.11086742
v 2.3556389 0.0973891 -1.11086742
v 2.29081027 0.0991096 -1.11086742
v 2.30942999 0.07259965 -1.11086742
v 2.31068639 0.16139004 -1.11086742
v 2.29133029 0.13588779 -1.11086742
v 2.31068639 0.16139004 -1.11086742
v 2.29640031 0.13285248 -1.1167219
v 2.29596243 0.10187365 -1.1167219
v 2.3510072 0.13140331 -1.1167219
v 2.33532312 0.15373313 -1.1167219
v 2.33426508 0.07894354 -1.1167219
v 2.35056843 0.10042443 -1.1167219
v 2.31164607 0.07954382 -1.1167219
v 2.31270411 0.15433343 -1.1167219
v 2.31270411 0.15433343 -1.1167219
v 2.32718162 0.12822332 -1.1167219
v 2.32011778 0.12841077 -1.1167219
v 2.33194281 0.11157479 -1.1167219
v 2.33207997 0.12124961 -1.1167219
v 2.31978712 0.10505364 -1.1167219
v 2.32685097 0.10486614 -1.1167219
v 2.31502593 0.12170218 -1.1167219
v 2.31488922 0.11202734 -1.1167219
v 2.32011778 0.12841077 -1.1167219
v 2.36670602 0.1555327 1.13399631
v 2.33749171 0.21435494 1.16321091
v 2.36306599 0.21435494 1.18878445
v 2.39228044 0.1555327 1.15957103
v 2.29535997 0.21593626 1.20534266
v 2.32093439 0.21593618 1.2309162
v 2.36588985 0.07392675 1.13481278
v 2.39146413 0.07392675 1.1603875
v 2.33552075 0.01734068 1.16518128
v 2.36109503 0.01734068 1.190756
v 2.29338901 0.01892207 1.20731303
v 2.31896328 0.01892207 1.23288775
v 2.34299651 0.17777752 -1.06176032
v 2.36884658 0.14097376 -1.06176032
v 2.36812421 0.08991467 -1.06176032
v 2.34125267 0.05451002 -1.06176032
v 2.30397268 0.05549945 -1.06176032
v 2.2781226 0.09230315 -1.06176032
v 2.27884453 0.14336224 -1.06176032
v 2.30571651 0.17876691 -1.06176032
v 2.30571651 0.17876691 -1.06176032
v 2.31449013 0.11181338 -1.06176032
v 2.31463318 0.1219372 -1.06176032
v 2.32735359 0.12876086 -1.06176032
v 2.33247862 0.12146357 -1.06176032
v 2.33233556 0.11133975 -1.06176032
v 2.32700774 0.1043199 -1.06176032
v 2.3196159 0.10451603 -1.06176032
v 2.31996174 0.12895705 -1.06176032
v 2.31996174 0.12895705 -1.06176032
v 2.33153281 0.13445888 -1.02388198
v 2.33153281 0.13445888 -1.16707375
v 2.25933534 0.08310265 1.21756368
v 2.28452484 0.03238424 1.1923736
v 2.3470374 0.07981105 1.12986089
v 2.34774119 0.1501743 1.12915769
v 2.32085239 0.03102076 1.1560456
v 2.32255154 0.2008927 1.1543466
v 2.26003943 0.15346586 1.2168593
v 2.28622443 0.20225611 1.19067459
v 2.28622443 0.20225611 1.19067459
v 2.3421445 0.08395341 1.13475378
v 2.34276939 0.14640225 1.13412964
v 2.28666364 0.04186101 1.1902345
v 2.31890488 0.04065095 1.15799355
v 2.26493203 0.1493236 1.21196641
v 2.26430744 0.08687469 1.21259056
v 2.32041319 0.19141593 1.15648569
v 2.28817165 0.19262602 1.18872664
v 2.28817165 0.19262602 1.18872664
v 2.29934171 0.18289554 1.19596156
v 2.279078 0.14513812 1.21622454
v 2.32745447 0.18184038 1.16784895
v 2.29934171 0.18289554 1.19596156
v 2.34640293 0.08813888 1.14890035
v 2.34694788 0.14259087 1.14835525
v 2.2980269 0.0514366 1.19727593
v 2.32613936 0.05038138 1.16916332
v 2.27853334 0.09068602 1.21676963
v 2.33584521 0.13416735 1.15945776
v 2.32267838 0.16067731 1.17262504
v 2.32179053 0.07188692 1.1735123
v 2.3354771 0.0973891 1.15982588
v 2.28963645 0.0991096 1.20566712
v 2.30280255 0.07259966 1.19249984
v 2.30369098 0.16139004 1.19161258
v 2.29000412 0.13588779 1.205299
v 2.30369098 0.16139004 1.19161258
v 2.28944944 0.13285248 1.19757443
v 2.28913973 0.10187365 1.19788356
v 2.32806224 0.13140331 1.15896104
v 2.31697197 0.15373313 1.17005176
v 2.31622379 0.07894354 1.17079979
v 2.32775209 0.10042443 1.15927135
v 2.30022971 0.07954382 1.18679402
v 2.30097789 0.15433343 1.18604599
v 2.30097789 0.15433343 1.18604599
v 2.31121512 0.12822332 1.17580831
v 2.30622017 0.12841077 1.18080268
v 2.31458171 0.11157479 1.17244216
v 2.31467876 0.12124961 1.17234423
v 2.30598641 0.10505364 1.18103747
v 2.31098121 0.10486614 1.17604193
v 2.30261967 0.12170218 1.18440362
v 2.30252307 0.11202734 1.18450037
v 2.30622017 0.12841077 1.18080268
v 2.36126242 0.17777752 1.20349027
v 2.37954116 0.14097376 1.18521183
v 2.37903043 0.08991467 1.18572271
v 2.36002932 0.05451003 1.20472323
v 2.33366836 0.05549946 1.23108374
v 2.31538962 0.09230315 1.24936336
v 2.31590006 0.14336224 1.24885248
v 2.33490147 0.17876691 1.22985078
v 2.33490147 0.17876691 1.22985078
v 2.34110534 0.11181338 1.22364706
v 2.34120651 0.1219372 1.22354559
v 2.3502012 0.12876086 1.21455149
v 2.35382515 0.12146357 1.21092695
v 2.35372398 0.11133975 1.21102842
v 2.34995668 0.1043199 1.21479572
v 2.34472988 0.10451603 1.22002252
v 2.34497441 0.12895705 1.21977829
v 2.34497441 0.12895705 1.21977829
v 2.37186881 0.13445888 1.24645146
v 2.27061602 0.13445888 1.14519911
v 2.21047307 2.72508026 0.06625053
v 2.21047307 3.01447246 0.06625053
v 2.27294109 3.01447246 0.1023166
v 2.27294109 2.72508026 0.1023166
v 2.27294109 3.01447246 0.17444873
v 2.27294109 2.72508026 0.17444873
v 2.21047307 3.01447246 0.2105148
v 2.21047307 2.72508026 0.2105148
v 2.1480049 3.01447246 0.17444873
v 2.1480049 2.72508026 0.17444873
v 2.1480049 3.01447246 0.1023166
v 2.1480049 2.72508026 0.1023166
v 2.21047307 3.01447246 0.06625053
v 2.21047307 2.72508026 0.06625053
v 2.1405694 3.01447246 0.17874107
v 2.1405694 3.01447246 0.09802425
v 2.28037644 3.01447246 0.17874107
v 2.21047307 3.01447246 0.21910067
v 2.21047307 3.01447246 0.05766466
v 2.28037644 3.01447246 0.09802425
v 2.21047307 3.01447246 0.05766466
v 2.1405694 3.03595364 0.09802425
v 2.21047307 3.03595364 0.05766466
v 2.21047307 3.03595364 0.21910067
v 2.1405694 3.03595364 0.17874107
v 2.28037644 3.03595364 0.09802425
v 2.28037644 3.03595364 0.17874107
v 2.21047307 3.03595364 0.05766466
v 2.14988162 3.03595364 0.17336444
v 2.14988162 3.03595364 0.10340089
v 2.27106437 3.03595364 0.17336444
v 2.21047307 3.03595364 0.20834739
v 2.21047307 3.03595364 0.06841794
v 2.27106437 3.03595364 0.10340089
v 2.21047307 3.03595364 0.06841794
v 2.19896409 3.07221439 0.13173767
v 2.21047307 3.07221439 0.12509386
v 2.21047307 3.07221439 0.15167147
v 2.19896409 3.07221439 0.14502766
v 2.2219819 3.07221439 0.13173767
v 2.2219819 3.07221439 0.14502766
v 2.21047307 3.07221439 0.12509386
v 2.20182673 3.11387596 0.14337467
v 2.20182673 3.11387596 0.13339066
v 2.21911911 3.11387596 0.14337467
v 2.21047307 3.11387596 0.14836549
v 2.21047307 3.11387596 0.12839984
v 2.21911911 3.11387596 0.13339066
v 2.21047307 3.11387596 0.12839984
v 2.2057952 3.13338736 0.13568196
v 2.21047307 3.13338736 0.13298125
v 2.21047307 3.13338736 0.14378408
v 2.2057952 3.13338736 0.14108337
v 2.21515093 3.13338736 0.13568196
v 2.21515093 3.13338736 0.14108337
v 2.21047307 3.13338736 0.13298125
v 2.56551287 2.43921409 -0.90616464
v 2.56551257 2.43921394 0.90616231
v 2.60627273 2.42232994 0.90616231
v 2.60627361 2.42233039 -0.90616464
v 2.62315657 2.38156935 0.90616231
v 2.62315746 2.38156979 -0.90616464
v 2.62315746 2.38156979 -0.90616464
v 2.62315657 2.38156935 0.90616231
v 2.60627302 2.3408089 0.90616231
v 2.60627361 2.34080919 -0.90616464
v 2.56551287 2.32392535 0.90616231
v 2.56551287 2.32392535 -0.90616464
v 2.52475094 2.34080875 0.90616231
v 2.52475183 2.34080919 -0.90616464
v 2.50786739 2.38156935 0.90616231
v 2.50786828 2.38156979 -0.90616464
v 2.52475124 2.42233009 0.90616231
v 2.52475183 2.42233039 -0.90616464
v 2.60204793 2.4223298 0.94879432
v 2.61871262 2.3815692 0.95150447
v 2.50491862 2.3815692 0.93299713
v 2.52158331 2.4223298 0.93570727
v 2.56181577 2.32392476 0.9422508
v 2.52158331 2.3408086 0.93570727
v 2.61871262 2.3815692 0.95150447
v 2.60204793 2.3408086 0.94879432
v 2.56181577 2.4392135 0.9422508
v 2.51371391 2.42232965 0.96436026
v 2.55237391 2.43921335 0.9772774
v 2.51371391 2.34080846 0.96436026
v 2.49770021 2.38156905 0.95900958
v 2.5910339 2.34080846 0.99019573
v 2.55237391 2.32392461 0.9772774
v 2.5910339 2.42232965 0.99019573
v 2.6070476 2.38156905 0.99554523
v 2.6070476 2.38156905 0.99554523
v 2.58846357 2.38156891 1.0371425
v 2.57351647 2.34080831 1.02929051
v 2.53743153 2.4392132 1.01033364
v 2.57351647 2.4223295 1.02929051
v 2.50134658 2.4223295 0.99137795
v 2.50134658 2.34080831 0.99137795
v 2.48639978 2.38156891 0.98352596
v 2.53743153 2.32392446 1.01033364
v 2.58846357 2.38156891 1.0371425
v 2.47131021 2.38156876 1.00591151
v 2.48480254 2.42232935 1.01605952
v 2.51737621 2.32392431 1.04056292
v 2.48480254 2.34080816 1.01605952
v 2.56344309 2.38156876 1.07521551
v 2.54995047 2.34080816 1.06506751
v 2.51737621 2.43921305 1.04056292
v 2.54995047 2.42232935 1.06506751
v 2.56344309 2.38156876 1.07521551
v 2.52094647 2.34080801 1.09659582
v 2.49272827 2.32392417 1.06718064
v 2.52094647 2.42232921 1.09659582
v 2.53263509 2.38156861 1.10877909
v 2.45282278 2.38156861 1.02558455
v 2.46451095 2.42232921 1.03776546
v 2.46451095 2.34080801 1.03776546
v 2.53263509 2.38156861 1.10877909
v 2.49272827 2.43921291 1.06718064
v 2.44099804 2.42232906 1.055933
v 2.4641272 2.43921276 1.08949658
v 2.44099804 2.34080787 1.055933
v 2.43141681 2.38156846 1.04203303
v 2.48725724 2.34080787 1.12306016
v 2.4641272 2.32392402 1.08949658
v 2.48725724 2.42232906 1.12306016
v 2.49683832 2.38156846 1.13696131
v 2.49683832 2.38156846 1.13696131
v 2.43231454 2.32392387 1.10693142
v 2.4148735 2.34080772 1.07009018
v 2.45698194 2.38156832 1.15903183
v 2.44975661 2.34080772 1.14377266
v 2.43231454 2.43921261 1.10693142
v 2.44975661 2.42232891 1.14377266
v 2.4148735 2.42232891 1.07009018
v 2.40764802 2.38156832 1.05483337
v 2.45698194 2.38156832 1.15903183
v 2.38213259 2.38156817 1.06365167
v 2.38681517 2.42232876 1.07987007
v 2.39811575 2.32392372 1.11903328
v 2.38681517 2.34080757 1.07987007
v 2.41409936 2.38156817 1.17441843
v 2.40941737 2.34080757 1.15819649
v 2.39811575 2.43921246 1.11903328
v 2.40941737 2.42232876 1.15819649
v 2.41409936 2.38156817 1.17441843
v 2.35755072 2.34080742 1.085019
v 2.35553242 2.38156802 1.06825904
v 2.36728563 2.34080742 1.16595763
v 2.36241766 2.32392358 1.12548832
v 2.36728563 2.42232862 1.16595763
v 2.3693029 2.38156802 1.18271995
v 2.35755072 2.42232862 1.085019
v 2.3693029 2.38156802 1.18271995
v 2.36241766 2.43921232 1.12548832
v 2.50301727 2.38156964 -0.92755321
v 2.51954657 2.34080905 -0.93099251
v 2.55945368 2.3239252 -0.93929403
v 2.5993602 2.34080905 -0.94759555
v 2.51954657 2.42233024 -0.93099251
v 2.61589009 2.38156964 -0.95103367
v 2.5993602 2.42233024 -0.94759555
v 2.55945368 2.43921394 -0.93929403
v 2.61589009 2.38156964 -0.95103367
v 2.54677369 2.43921379 -0.97049434
v 2.50939384 2.42233009 -0.95423936
v 2.49391167 2.3815695 -0.94750588
v 2.50939384 2.3408089 -0.95423936
v 2.54677369 2.32392505 -0.97049434
v 2.58415353 2.3408089 -0.98674932
v 2.59963629 2.3815695 -0.9934828
v 2.58415353 2.42233009 -0.98674932
v 2.59963629 2.3815695 -0.9934828
v 2.49471929 2.34080875 -0.97493062
v 2.52800501 2.3239249 -0.9984571
v 2.56129132 2.34080875 -1.02198476
v 2.57507802 2.38156935 -1.03172925
v 2.56129132 2.42232994 -1.02198476
v 2.52800501 2.43921364 -0.9984571
v 2.49471929 2.42232994 -0.97493062
v 2.48093317 2.38156935 -0.96518495
v 2.57507802 2.38156935 -1.03172925
v 2.4761388 2.4223298 -0.99219911
v 2.46462643 2.3815692 -0.97985066
v 2.4761388 2.3408086 -0.99219911
v 2.5039352 2.32392476 -1.0220119
v 2.53173161 2.3408086 -1.05182469
v 2.54324471 2.3815692 -1.06417314
v 2.53173161 2.4223298 -1.05182469
v 2.5039352 2.4392135 -1.0220119
v 2.54324471 2.3815692 -1.06417314
v 2.44567428 2.38156905 -0.9908871
v 2.45443064 2.34080846 -1.00532155
v 2.47557246 2.32392461 -1.04017118
v 2.49671444 2.34080846 -1.07501962
v 2.50547138 2.38156905 -1.08945407
v 2.49671444 2.42232965 -1.07501962
v 2.45443064 2.42232965 -1.00532155
v 2.50547138 2.38156905 -1.08945407
v 2.47557246 2.43921335 -1.04017118
v 2.45770712 2.4223295 -1.09059736
v 2.44410565 2.4392132 -1.05217275
v 2.43050478 2.4223295 -1.01374813
v 2.42487181 2.38156891 -0.99783295
v 2.43050478 2.34080831 -1.01374813
v 2.44410565 2.32392446 -1.05217275
v 2.45770712 2.34080831 -1.09059736
v 2.46334097 2.38156891 -1.10651136
v 2.46334097 2.38156891 -1.10651136
v 2.40536424 2.42232935 -1.0171249
v 2.40309065 2.38156876 -1.00039562
v 2.40536424 2.34080816 -1.0171249
v 2.41085415 2.32392431 -1.05751399
v 2.41634464 2.34080816 -1.09790308
v 2.41861942 2.38156876 -1.11463118
v 2.41634464 2.42232935 -1.09790308
v 2.41085415 2.43921305 -1.05751399
v 2.41861942 2.38156876 -1.11463118
v 2.3731817 2.38156861 -1.11347255
v 2.37436156 2.42232921 -1.09663236
v 2.38006266 2.42232921 -1.01531027
v 2.381244 2.38156861 -0.9984689
v 2.38006266 2.34080801 -1.01531027
v 2.37721182 2.32392417 -1.05597073
v 2.37436156 2.34080801 -1.09663236
v 2.3731817 2.38156861 -1.11347255
v 2.37721182 2.43921291 -1.05597073
v 2.34458889 2.43921276 -1.04760786
v 2.35566132 2.42232906 -1.00838211
v 2.36024744 2.38156846 -0.99213303
v 2.35566132 2.34080787 -1.00838211
v 2.34458889 2.32392402 -1.04760786
v 2.33351705 2.34080787 -1.08683832
v 2.3289321 2.38156846 -1.10308504
v 2.33351705 2.42232906 -1.08683832
v 2.3289321 2.38156846 -1.10308504
v -0.89887568 1.10900391 -1.40941476
v -0.52895463 0.73908212 -1.41760833
v -0.52895463 0.73908212 -1.7437692
v -0.89887568 1.10900391 -1.73557564
v -1.71990176 1.10900421 -1.40941476
v -1.71990176 1.10900421 -1.73557564
v -2.08982465 0.73908205 -1.41760833
v -2.08982465 0.73908212 -1.7437692
v -0.61824375 0.76024342 -1.74330079
v -0.94584229 1.08784262 -1.73604463
v -1.67293522 1.08784291 -1.73604463
v -2.00053538 0.76024342 -1.74330079
v -0.61824375 0.76024342 -1.44147814
v -0.94584229 1.08784262 -1.43422198
v -1.67293522 1.08784291 -1.43422198
v -2.00053538 0.76024342 -1.44147814
v -0.52895463 0.73908205 1.41760836
v -0.8988762 1.10900362 1.42580133
v -0.8988762 1.10900362 1.75752703
v -0.52895492 0.73908212 1.74933406
v -1.71990131 1.10900391 1.42580133
v -1.71990131 1.10900391 1.75752703
v -2.08982465 0.73908205 1.41760836
v -2.08982436 0.73908212 1.74933406
v -0.8988762 1.05366758 1.75752703
v -0.52895492 0.68374608 1.74933406
v -1.71990131 1.05366787 1.75752703
v -2.08982436 0.68374608 1.74933406
v -0.8988762 1.05366758 1.43528979
v -0.52895492 0.68374608 1.42709682
v -1.71990131 1.05366787 1.43528979
v -2.08982436 0.68374608 1.42709682
v -0.8988762 1.10900362 1.42580133
v -1.71990131 1.10900391 1.42580133
v -1.71990176 1.10900421 -1.40941476
v -0.89887568 1.10900391 -1.40941476
v -2.08982465 0.73908205 -1.41760833
v -2.39556563 0.73908205 -1.41760833
v -2.3896197 2.72430892 -1.37363717
v -1.71990176 1.10900421 -1.40941476
v -0.8988762 1.10900362 1.42580133
v 2.40151155 2.72430892 1.46157951
v -2.3896197 2.72430892 -1.37363717
v -2.3896197 2.72430892 1.46157951
v 2.40151155 2.72430892 1.46157951
v 2.40151155 2.72430892 -1.37363717
v -2.39556563 0.73908205 1.41760836
v -2.3896197 2.72430892 1.46157951
v -2.3896197 2.72430892 -1.37363717
v -2.39556563 0.73908205 -1.41760833
v 2.40151155 2.72430892 -1.37363717
v 2.39556563 0.73908205 -1.41760833
v -0.52895463 0.73908212 -1.41760833
v -0.89887568 1.10900391 -1.40941476
v -0.52895463 0.73908205 1.41760836
v 2.39556563 0.73908205 1.41760836
v 1.91851481 2.72508026 -0.1080507
v 1.91851481 3.01447246 -0.1080507
v 1.98098283 3.01447246 -0.07198464
v 1.98098283 2.72508026 -0.07198464
v 1.98098283 3.01447246 0.0001475
v 1.98098283 2.72508026 0.0001475
v 1.91851481 3.01447246 0.03621357
v 1.91851481 2.72508026 0.03621357
v 1.85604665 3.01447246 0.0001475
v 1.85604665 2.72508026 0.0001475
v 1.85604665 3.01447246 -0.07198464
v 1.85604665 2.72508026 -0.07198464
v 1.91851481 3.01447246 -0.1080507
v 1.91851481 2.72508026 -0.1080507
v 1.84861115 3.01447246 0.00443984
v 1.84861115 3.01447246 -0.07627698
v 1.98841819 3.01447246 0.00443984
v 1.91851481 3.01447246 0.04479943
v 1.91851481 3.01447246 -0.11663657
v 1.98841819 3.01447246 -0.07627698
v 1.91851481 3.01447246 -0.11663657
v 1.84861115 3.03595364 -0.07627698
v 1.91851481 3.03595364 -0.11663657
v 1.91851481 3.03595364 0.04479943
v 1.84861115 3.03595364 0.00443984
v 1.98841819 3.03595364 -0.07627698
v 1.98841819 3.03595364 0.00443984
v 1.91851481 3.03595364 -0.11663657
v 1.85792337 3.03595364 -0.0009368
v 1.85792337 3.03595364 -0.07090034
v 1.97910611 3.03595364 -0.0009368
v 1.91851481 3.03595364 0.03404616
v 1.91851481 3.03595364 -0.10588329
v 1.97910611 3.03595364 -0.07090034
v 1.91851481 3.03595364 -0.10588329
v 1.90700584 3.07221439 -0.04256356
v 1.91851481 3.07221439 -0.04920737
v 1.91851481 3.07221439 -0.02262977
v 1.90700584 3.07221439 -0.02927358
v 1.93002364 3.07221439 -0.04256356
v 1.93002364 3.07221439 -0.02927358
v 1.91851481 3.07221439 -0.04920737
v 1.90986848 3.11387596 -0.03092657
v 1.90986848 3.11387596 -0.04091057
v 1.92716085 3.11387596 -0.03092657
v 1.91851481 3.11387596 -0.02593574
v 1.91851481 3.11387596 -0.04590139
v 1.92716085 3.11387596 -0.04091057
v 1.91851481 3.11387596 -0.04590139
v 1.91383695 3.13338736 -0.03861928
v 1.91851481 3.13338736 -0.04131998
v 1.91851481 3.13338736 -0.03051715
v 1.91383695 3.13338736 -0.03321786
v 1.92319268 3.13338736 -0.03861928
v 1.92319268 3.13338736 -0.03321786
v 1.91851481 3.13338736 -0.04131998
v 1.53155248 2.72508026 0.13777385
v 1.53155248 3.01447246 0.13777385
v 1.59402065 3.01447246 0.17383992
v 1.59402065 2.72508026 0.17383992
v 1.59402065 3.01447246 0.24597206
v 1.59402065 2.72508026 0.24597206
v 1.53155248 3.01447246 0.28203812
v 1.53155248 2.72508026 0.28203812
v 1.46908431 3.01447246 0.24597206
v 1.46908431 2.72508026 0.24597206
v 1.46908431 3.01447246 0.17383992
v 1.46908431 2.72508026 0.17383992
v 1.53155248 3.01447246 0.13777385
v 1.53155248 2.72508026 0.13777385
v 1.46164881 3.01447246 0.2502644
v 1.46164881 3.01447246 0.16954758
v 1.60145585 3.01447246 0.2502644
v 1.53155248 3.01447246 0.29062399
v 1.53155248 3.01447246 0.12918799
v 1.60145585 3.01447246 0.16954758
v 1.53155248 3.01447246 0.12918799
v 1.46164881 3.03595364 0.16954758
v 1.53155248 3.03595364 0.12918799
v 1.53155248 3.03595364 0.29062399
v 1.46164881 3.03595364 0.2502644
v 1.60145585 3.03595364 0.16954758
v 1.60145585 3.03595364 0.2502644
v 1.53155248 3.03595364 0.12918799
v 1.47096118 3.03595364 0.24488776
v 1.47096118 3.03595364 0.17492422
v 1.59214378 3.03595364 0.24488776
v 1.53155248 3.03595364 0.27987071
v 1.53155248 3.03595364 0.13994126
v 1.59214378 3.03595364 0.17492422
v 1.53155248 3.03595364 0.13994126
v 1.5200435 3.07221439 0.203261
v 1.53155248 3.07221439 0.19661719
v 1.53155248 3.07221439 0.22319479
v 1.5200435 3.07221439 0.21655098
v 1.54306146 3.07221439 0.203261
v 1.54306146 3.07221439 0.21655098
v 1.53155248 3.07221439 0.19661719
v 1.52290614 3.11387596 0.21489799
v 1.52290614 3.11387596 0.20491399
v 1.54019852 3.11387596 0.21489799
v 1.53155248 3.11387596 0.21988881
v 1.53155248 3.11387596 0.19992316
v 1.54019852 3.11387596 0.20491399
v 1.53155248 3.11387596 0.19992316
v 1.52687461 3.13338736 0.20720528
v 1.53155248 3.13338736 0.20450457
v 1.53155248 3.13338736 0.2153074
v 1.52687461 3.13338736 0.2126067
v 1.53623034 3.13338736 0.20720528
v 1.53623034 3.13338736 0.2126067
v 1.53155248 3.13338736 0.20450457
v -1.12883262 0.05369279 -1.60686315
v -0.85429063 0.3177983 -1.60686315
v -0.85429063 0.3177983 -1.37016602
v -1.12883262 0.05369286 -1.37016602
v -0.84691029 0.69867939 -1.60686315
v -0.84691029 0.69867932 -1.37016602
v -1.11101536 0.97322146 -1.60686315
v -1.11101536 0.97322146 -1.37016602
v -1.49189668 0.9806021 -1.60686315
v -1.49189682 0.98060202 -1.37016602
v -1.76643882 0.71649659 -1.60686315
v -1.76643882 0.71649659 -1.37016602
v -1.77381916 0.33561549 -1.60686315
v -1.77381916 0.33561549 -1.37016602
v -1.50971394 0.06107342 -1.60686315
v -1.50971409 0.06107335 -1.37016602
v -0.91075949 0.67367005 -1.71702582
v -1.13847933 0.91038886 -1.71702582
v -1.70360622 0.68903261 -1.71702582
v -1.70996981 0.36062487 -1.71702582
v -1.4668874 0.91675275 -1.71702582
v -1.48224996 0.12390602 -1.71702582
v -0.91712308 0.34526231 -1.71702582
v -1.15384204 0.11754228 -1.71702582
v -1.6593752 0.66969922 -1.71702582
v -1.66502291 0.37823024 -1.71702582
v -1.15781272 0.8661577 -1.71702582
v -1.44928192 0.8718057 -1.71702582
v -0.96135425 0.36459559 -1.71702582
v -0.95570639 0.65606464 -1.71702582
v -1.46291657 0.16813718 -1.71702582
v -1.17144737 0.16248918 -1.71702582
v -1.17144737 0.16248918 -1.71702582
v -1.18923632 0.20790448 -1.63184794
v -1.00604644 0.38413044 -1.63184794
v -0.96135425 0.36459559 -1.71702582
v -1.46291657 0.16813718 -1.71702582
v -1.44338172 0.21282931 -1.63184794
v -1.6593752 0.66969922 -1.71702582
v -1.61468286 0.65016437 -1.63184794
v -1.61960746 0.39601912 -1.63184794
v -1.66502291 0.37823024 -1.71702582
v -1.15781272 0.8661577 -1.71702582
v -1.17734758 0.8214655 -1.63184794
v -1.43149297 0.8263904 -1.63184794
v -1.44928192 0.8718057 -1.71702582
v -1.00112199 0.63827569 -1.63184794
v -0.95570639 0.65606464 -1.71702582
v -1.51923441 0.4353346 -1.63184794
v -1.40020742 0.31160394 -1.63184794
v -1.39217756 0.7260172 -1.63184794
v -1.51590823 0.60699014 -1.63184794
v -1.10149504 0.59896028 -1.63184794
v -1.22052188 0.72269094 -1.63184794
v -1.10482107 0.42730471 -1.63184794
v -1.22855188 0.30827761 -1.63184794
v -1.13723192 0.44147144 -1.67017226
v -1.13443034 0.58605973 -1.67017226
v -1.48629911 0.44823515 -1.67017226
v -1.38604065 0.34401479 -1.67017226
v -1.37927708 0.6930819 -1.67017226
v -1.48349738 0.59282341 -1.67017226
v -1.23468865 0.69028009 -1.67017226
v -1.24145236 0.34121291 -1.67017226
v -1.33399864 0.46307728 -1.67017226
v -1.28884305 0.46220227 -1.67017226
v -1.36443484 0.5407814 -1.67017226
v -1.36530986 0.49562581 -1.67017226
v -1.28673066 0.57121756 -1.67017226
v -1.33188624 0.57209258 -1.67017226
v -1.2562946 0.49351345 -1.67017226
v -1.25541944 0.53866907 -1.67017226
v -0.65672566 3.14900905 1.22711468
v -2.12522439 3.14900905 1.22711468
v -2.12522439 4.08314296 1.56711122
v -0.65672566 4.08314296 1.56711122
vn 1 0 0
vn -1 0 -0
vn 0 0 1
vn 0 -0 -1
vn 0 -0 -1
vn -0 -0 -1
vn -0 -0 -1
vn -0 0 -1
vn -0 0 -1
vn 0 0 -1
vn 0.00014 -0 -1
vn 0.0001 7E-05 -1
vn 0 0.0001 -1
vn -0.0001 7E-05 -1
vn -0.00014 0 -1
vn -0.0001 -7E-05 -1
vn -0 -0.0001 -1
vn 0.0001 -7E-05 -1
vn -0.79419 0.60279 0.0769
vn -0.99765 0.0141 0.06699
vn -0.81596 -0.57308 0.07601
vn -0.02642 -0.99545 0.09154
vn 0.79419 -0.60279 0.0769
vn 0.99765 -0.01414 0.06699
vn 0.81594 0.57312 0.07601
vn 0.02642 0.99545 0.09154
vn 0.70691 1E-05 0.7073
vn 0.70699 -0.00019 0.70722
vn 0.70707 -0.00023 0.70714
vn 0.70728 -0.00014 0.70693
vn 0.70733 -3E-05 0.70688
vn 0.70727 0.00012 0.70694
vn 0.70707 0.00022 0.70714
vn 0.70715 -0 0.70706
vn 0.70715 -0 0.70706
vn 0.70716 -2E-05 0.70706
vn 0.70707 2E-05 0.70715
vn 0.70711 4E-05 0.7071
vn 0.70709 -1E-05 0.70712
vn 0.70711 -4E-05 0.70711
vn 0.70707 -3E-05 0.70714
vn 0.50718 -0.60282 -0.61594
vn 0.65808 -0.0141 -0.75282
vn 0.5232 0.57313 -0.6307
vn -0.04604 0.99545 -0.08342
vn -0.61594 0.60281 0.50718
vn -0.75281 0.01413 0.65808
vn -0.63069 -0.57314 0.5232
vn -0.08341 -0.99545 -0.04606
vn 0.70698 0.00018 0.70723
vn 0 0 -1
vn 0 0 -1
vn 1 0 -0.00073
vn -0.70661 0 0.7076
vn 0.70657 0 -0.70764
vn -0 1 0
vn 0.70759 0 0.70663
vn -1 0 0.00073
vn 0.00077 0 1
vn -0.00068 0 -1
vn -0.70763 0 -0.70658
vn 0 -0.02214 0.99975
vn 1 -0.003 -0
vn -0.00073 0 -1
vn -0.70761 0 -0.7066
vn -0.70659 0 0.70763
vn 0.70761 0 0.7066
vn 0.7066 0 -0.70761
vn -1 0 0.0007
vn 0.00073 0 1
vn 1 0 -0.0007
vn -0.47984 0.87736 0.00034
vn 0.00034 0.87736 0.47984
vn 0.47984 0.87736 -0.00034
vn 0.00034 -0.87736 0.47984
vn -0.33954 0.87736 -0.33906
vn -0.33905 0.87736 0.33954
vn 0.33954 0.87736 0.33905
vn 0.33906 0.87736 -0.33954
vn 0 0.1871 0.98234
vn 0 0.1871 -0.98234
vn 0.96729 0.25368 -0
vn -0.96729 0.25368 -0
vn 0.67321 0.68486 0.27885
vn -0.27887 0.68486 0.6732
vn -0.67321 0.68486 -0.27885
vn 0.67321 0.68486 -0.27885
vn 0.27887 0.68486 0.6732
vn -0.67321 0.68486 0.27885
vn -0.27887 0.68486 -0.6732
vn 0.27887 0.68486 -0.6732
vn 0.52092 -0.82588 -0.21578
vn 0.21581 -0.82589 0.5209
vn -0.52093 -0.82587 0.21578
vn -0.21581 -0.82589 -0.5209
vn 0.21581 -0.82589 -0.5209
vn 0.52092 -0.82588 0.21578
vn -0.21581 -0.82589 0.5209
vn -0.52093 -0.82587 -0.21578
vn 0.0002 -0.01423 -0.9999
vn 0.00254 -0.0246 -0.99969
vn -0.99964 0.0267 0.00046
vn -0.99979 -0.02041 0.00086
vn 0.6732 -0.58394 0.45367
vn -0.27887 -0.92544 0.25651
vn -0.6732 -0.10091 0.73255
vn 0.6732 -0.10091 0.73255
vn 0.27887 -0.92544 0.25651
vn -0.6732 -0.58394 0.45367
vn -0.27888 0.24056 0.92971
vn 0.27888 0.24056 0.92971
vn 0.52092 0.59981 -0.60734
vn 0.21581 -0.03818 -0.97569
vn -0.52093 0.22606 -0.82312
vn -0.21581 0.86406 -0.45478
vn 0.21581 0.86406 -0.45479
vn 0.52092 0.22607 -0.82313
vn -0.21581 -0.03819 -0.97569
vn -0.52093 0.59981 -0.60733
vn 1 1E-05 -0
vn -1 2E-05 -0
vn 0.6732 0.68486 0.27886
vn -0.27888 0.68487 0.67319
vn -0.67321 0.68486 -0.27885
vn 0.6732 0.68486 -0.27886
vn 0.27888 0.68487 0.67319
vn -0.67321 0.68486 0.27885
vn -0.27888 0.68487 -0.67319
vn 0.27888 0.68487 -0.67319
vn -0.52092 0.82588 0.21578
vn -0.21582 0.82589 -0.52089
vn 0.52093 0.82587 -0.21579
vn 0.21582 0.82589 0.52089
vn -0.21582 0.82589 0.52089
vn -0.52092 0.82588 -0.21578
vn 0.21582 0.82589 -0.52089
vn 0.52093 0.82587 0.21579
vn 0 0.94429 0.32912
vn 0 0.5 -0.86603
vn 0 0.75719 0.6532
vn -0.96729 0.12684 -0.21969
vn -0.96729 -0.12684 0.21969
vn -0.87462 0.48475 0.00758
vn 0.99179 0.12784 -0
vn 0 -0.8641 0.50331
vn 0.00033 0.00099 -1
vn 0 0.93969 0.34202
vn 0 0.34202 -0.93969
vn -0.58903 0.27639 -0.75937
vn 0 -0.93969 -0.34202
vn 0 0.65004 0.7599
vn 0 0.34202 -0.93969
vn 0 0.56693 0.82376
vn 0 -0.34202 0.93969
vn 0.68887 -0.24792 0.68117
vn -0.68887 -0.24792 0.68117
vn 0 -0.9638 0.26662
vn 0 1 -0
vn 0 0.8455 -0.53398
vn 0 1 -0
vn -0.58903 -0.27639 0.75937
vn 0 0.92916 0.36967
vn -0.35103 0.93637 -0
vn -0.35103 -0.93637 0
vn 0 0.73935 -0.67332
vn 0 0 1
vn 0 -0.81076 0.58538
vn 0 1 -0
vn 0.43912 -0.89843 -0
vn -0.43912 -0.89843 -0
vn 0 -0.81076 -0.58538
vn 0 -0.49999 -0.86603
vn 0 -1 -0
vn 0 -0.49999 0.86603
vn 0 0.49999 0.86603
vn 0 0.49999 -0.86603
vn -1 0.00299 0
vn -0.00397 -0.99992 0.0117
vn 0.00397 0.99999 0.00036
vn 1E-05 0.00144 -1
vn 1E-05 0.00243 1
vn -1 0 -4E-05
vn 0 0.99509 -0.09895
vn 0 0.98709 0.16018
vn 0.69328 0.72067 -0
vn 0.99981 0.01937 -0
vn 0.72067 -0.69328 -0
vn 0.01937 -0.99981 -0
vn -0.69328 -0.72067 0
vn -0.99981 -0.01937 -0
vn -0.72067 0.69328 0
vn -0.01937 0.99981 -0
vn 0.62473 -0.60098 0.49853
vn -0.86671 -0.01679 0.49853
vn 0.01679 -0.86671 0.49853
vn -0.62473 0.60098 0.49853
vn 0.86671 0.01679 0.49853
vn -0.60098 -0.62473 0.49853
vn -0.01679 0.86671 0.49853
vn 0.60098 0.62473 0.49853
vn -0.6128 -0.63702 0.46763
vn 0.01713 -0.88376 0.46763
vn 0.88376 0.01712 0.46763
vn -0.01713 0.88376 0.46763
vn -0.88376 -0.01712 0.46763
vn 0.63702 -0.6128 0.46763
vn 0.6128 0.63702 0.46763
vn -0.63702 0.6128 0.46763
vn 0.76078 0.01474 0.64884
vn -0.54838 0.52753 0.64884
vn -0.52753 -0.54838 0.64884
vn 0.54838 -0.52753 0.64884
vn 0.52753 0.54838 0.64884
vn -0.01474 0.76078 0.64884
vn -0.76078 -0.01474 0.64884
vn 0.01474 -0.76078 0.64884
vn 0.72067 -0.69328 -0
vn 0.69328 0.72067 -0
vn -0.01937 0.99981 -0
vn -0.99981 -0.01937 -0
vn 0.01937 -0.99981 -0
vn 0.99981 0.01938 -0
vn -0.72067 0.69328 -0
vn -0.69327 -0.72067 -0
vn -0.23612 0.22714 -0.9448
vn -0.22714 -0.23612 -0.9448
vn 0.23612 -0.22714 -0.9448
vn 0.22714 0.23612 -0.9448
vn -0.00635 0.32758 -0.9448
vn -0.32758 -0.00635 -0.9448
vn 0.00635 -0.32758 -0.9448
vn 0.32758 0.00635 -0.9448
vn -0.5 0 0.86602
vn -0.9999 0.01415 -0
vn -0.5 0 -0.86602
vn 0.5 0 -0.86602
vn -0.79655 0.60457 0
vn 0.5 0 0.86602
vn 0.96593 0 0.25881
vn -0.2588 0 -0.96593
vn -0.96593 0 -0.25882
vn -0.70704 0.01415 0.70703
vn 0.2588 0 0.96593
vn -0.56324 0.60457 0.56325
vn -0.81832 -0.57477 -0
vn -0.02653 -0.99965 -0
vn 0.79655 -0.60457 -0
vn 0.9999 -0.01414 -0
vn 0.81832 0.57477 -0
vn 0.02653 0.99965 0
vn -0.68029 -0.47782 -0.55579
vn 0.86161 -0.01219 -0.50742
vn -0.02065 -0.7782 -0.62768
vn 0.68028 0.47781 -0.5558
vn -0.86162 0.01219 -0.5074
vn 0.65976 -0.50075 -0.56033
vn 0.02065 0.7782 -0.62768
vn -0.65976 0.50075 -0.56033
vn 0.67627 -0.51328 -0.52839
vn -0.02131 -0.80288 -0.59576
vn -0.87918 0.01244 -0.47633
vn 0.02131 0.80288 -0.59576
vn 0.87918 -0.01244 -0.47633
vn -0.69702 -0.48957 -0.52391
vn -0.67628 0.51328 -0.52839
vn 0.69702 0.48957 -0.52391
vn -0.75315 0.01065 -0.65776
vn 0.5811 0.40816 -0.70407
vn 0.56232 -0.42679 -0.70827
vn -0.5811 -0.40815 -0.70408
vn -0.56233 0.4268 -0.70825
vn 0.01702 0.6413 -0.76711
vn 0.75314 -0.01066 -0.65778
vn -0.01702 -0.64129 -0.76711
vn 0.57864 0.57476 -0.57864
vn 0.01876 0.99965 -0.01876
vn 0.70704 -0.01415 -0.70703
vn 0.56325 -0.60457 -0.56324
vn -0.01876 -0.99965 0.01876
vn -0.57864 -0.57477 0.57863
vn 0.23393 0.16431 0.95827
vn 0.22526 -0.17097 0.95918
vn -0.23393 -0.16431 0.95827
vn -0.22526 0.17097 0.95918
vn 0.00637 0.24005 0.97074
vn 0.32078 -0.00454 0.94714
vn -0.00637 -0.24005 0.97074
vn -0.32078 0.00454 0.94714
vn 0.81833 0.57475 -0
vn 0.79654 -0.60458 -0
vn -0.02653 -0.99965 -0
vn -0.9999 0.01418 -0
vn 0.02654 0.99965 -0
vn 0.9999 -0.01413 -0
vn -0.81831 -0.57478 -0
vn -0.79655 0.60458 -0
vn -0.87404 -0.47782 0.08803
vn 0.25045 -0.01219 -0.96805
vn -0.45844 -0.7782 -0.42923
vn 0.08802 0.47781 -0.87404
vn -0.96805 0.01219 0.25048
vn 0.07031 -0.50075 -0.86273
vn -0.42923 0.7782 -0.45844
vn -0.86273 0.50075 0.07031
vn -0.70711 1E-05 -0.7071
vn -0.70711 1E-05 -0.70711
vn -0.70715 0 -0.70706
vn -0.70713 -3E-05 -0.70709
vn -0.70712 1E-05 -0.7071
vn -0.70714 -3E-05 -0.70707
vn -0.70713 3E-05 -0.70708
vn -0.70711 0 -0.70711
vn 0.10457 -0.51328 -0.85183
vn -0.43632 -0.80289 -0.4062
vn -0.95849 0.01244 0.28486
vn -0.4062 0.80288 -0.43633
vn 0.28487 -0.01244 -0.95849
vn -0.86333 -0.48957 0.12241
vn -0.85183 0.51328 0.10457
vn 0.12243 0.48958 -0.86332
vn -0.70711 1E-05 -0.7071
vn -0.7071 0 -0.70711
vn -0.70711 1E-05 -0.7071
vn -0.70709 -0 -0.70712
vn -0.70711 -0 -0.70711
vn -0.7071 -0 -0.70711
vn -0.7071 -0 -0.70711
vn -0.70709 -1E-05 -0.70713
vn -0.99767 0.01065 0.06745
vn -0.08694 0.40818 -0.90875
vn -0.10321 -0.42679 -0.89844
vn -0.90876 -0.40815 -0.08695
vn -0.89844 0.42681 -0.10318
vn -0.53039 0.6413 -0.55445
vn 0.06744 -0.01066 -0.99767
vn -0.55447 -0.64127 -0.53041
vn -0.7071 2E-05 -0.70711
vn -0.70711 -2E-05 -0.7071
vn -0.70712 -0 -0.70709
vn -0.70711 1E-05 -0.7071
vn -0.70711 2E-05 -0.7071
vn -0.7071 1E-05 -0.70711
vn -0.70709 -1E-05 -0.70712
vn -0.70713 1E-05 -0.70709
vn 0.84303 0.16434 0.51215
vn 0.83753 -0.17099 0.51894
vn 0.51216 -0.16433 0.84302
vn 0.51894 0.17099 0.83753
vn 0.69091 0.24008 0.68191
vn 0.89657 -0.00454 0.44287
vn 0.6819 -0.24007 0.69092
vn 0.44287 0.00454 0.89657
vn 0.70711 1E-05 0.7071
vn 0.7071 -1E-05 0.70711
vn 0.7071 -0 0.70712
vn 0.70712 -1E-05 0.7071
vn 0.7071 -0 0.70711
vn 0.7071 0 0.70711
vn 0.7071 1E-05 0.70712
vn 0.7071 -0 0.70711
vn -0.57863 -0.57479 0.57863
vn -0.56323 0.60461 0.56323
vn 0.01876 0.99965 -0.01876
vn 0.70703 -0.01416 -0.70704
vn -0.01876 -0.99965 0.01876
vn -0.70703 0.01414 0.70704
vn 0.57862 0.5748 -0.57862
vn 0.56323 -0.6046 -0.56323
vn 0.5 0 -0.86602
vn 0.5 0 0.86602
vn -0.5 0 0.86603
vn -0.5 0 -0.86603
vn -0.50001 0 -0.86602
vn -0.50001 0 0.86602
vn 0.50001 0 0.86602
vn 0.50001 0 -0.86602
vn -0.2971 0.80431 -0.5146
vn -0.2971 0.80431 0.5146
vn 0.5942 0.80431 -0
vn -0.5942 0.80431 -0
vn 0.2971 0.80431 0.5146
vn 0.2971 0.80431 -0.5146
vn -0.99765 0.06855 -0
vn 0.49877 0.06856 0.86402
vn 0.49877 0.06856 -0.86402
vn -0.49876 0.06856 -0.86403
vn -0.49876 0.06856 0.86403
vn 0.99765 0.06855 -0
vn -0.48991 0.19929 -0.84869
vn -0.48991 0.19929 0.84869
vn 0.97994 0.1993 -0
vn -0.97994 0.19931 -0
vn 0.48992 0.19929 0.84868
vn 0.48992 0.19929 -0.84868
vn 0.38269 0.92388 0
vn 0.92388 0.38269 0
vn 0.92388 -0.38269 0
vn 0.38269 -0.92388 -0
vn -0.38268 -0.92388 -0
vn -0.92388 -0.38268 -0
vn -0.92388 0.38268 -0
vn -0.38268 0.92388 0
vn 0.91988 0.38157 0.09064
vn -0.91898 0.3815 -0.0997
vn -0.38175 -0.9234 -0.03994
vn 0.91988 -0.38157 0.09064
vn 0.38189 0.92341 0.03844
vn -0.38175 0.9234 -0.03992
vn -0.91898 -0.3815 -0.0997
vn 0.38189 -0.92341 0.03842
vn -0.3704 0.9234 -0.10069
vn -0.89105 -0.3815 -0.24593
vn 0.37076 -0.92341 0.09923
vn 0.8934 0.38157 0.23714
vn -0.89105 0.3815 -0.24593
vn -0.3704 -0.9234 -0.1007
vn 0.8934 -0.38157 0.23714
vn 0.37076 0.92341 0.09924
vn 0.84374 -0.38157 0.37749
vn 0.35002 0.92341 0.15747
vn -0.34943 0.9234 -0.15885
vn -0.84001 -0.3815 -0.38579
vn 0.35002 -0.92341 0.15747
vn 0.84374 0.38157 0.37749
vn -0.84001 0.3815 -0.38579
vn -0.34943 -0.9234 -0.15885
vn -0.7672 0.38149 -0.51563
vn -0.31939 -0.9234 -0.21289
vn 0.77221 -0.38157 0.50804
vn 0.3202 0.92342 0.21161
vn -0.3194 0.9234 -0.21288
vn -0.7672 -0.38149 -0.51563
vn 0.3202 -0.92341 0.21161
vn 0.7722 0.38157 0.50804
vn 0.28207 -0.92341 0.26027
vn 0.68063 0.38156 0.62542
vn -0.67448 0.38147 -0.6321
vn -0.28108 -0.9234 -0.2614
vn 0.68063 -0.38156 0.62542
vn 0.28207 0.92342 0.26027
vn -0.28108 0.9234 -0.26139
vn -0.67448 -0.38147 -0.6321
vn -0.23548 0.9234 -0.30312
vn -0.56425 -0.38147 -0.73219
vn 0.23664 -0.92341 0.30217
vn 0.5714 0.38157 0.72657
vn -0.56425 0.38147 -0.73219
vn -0.23547 -0.9234 -0.30313
vn 0.5714 -0.38157 0.72657
vn 0.23663 0.92341 0.30218
vn -0.18375 -0.9234 -0.337
vn 0.44736 -0.38156 0.80888
vn 0.18505 0.92341 0.33625
vn -0.18376 0.9234 -0.33699
vn -0.43941 -0.38146 -0.81327
vn 0.18506 -0.92341 0.33624
vn 0.44736 0.38156 0.80888
vn -0.43941 0.38146 -0.81327
vn -0.30316 0.38145 -0.87327
vn -0.12727 -0.9234 -0.36212
vn 0.31171 -0.38157 0.87019
vn 0.12868 0.92341 0.36159
vn -0.12728 0.9234 -0.36212
vn -0.30315 -0.38145 -0.87327
vn 0.12868 -0.92341 0.36159
vn 0.31171 0.38157 0.8702
vn -0.15903 -0.38145 -0.91061
vn 0.06897 -0.92341 0.37756
vn 0.16796 0.38157 0.90895
vn -0.15903 0.38145 -0.91061
vn -0.06749 -0.9234 -0.37786
vn 0.16796 -0.38157 0.90895
vn 0.06896 0.92341 0.37756
vn -0.0675 0.9234 -0.37786
vn -0.90427 -0.37893 0.19676
vn 0.37951 -0.92283 -0.06603
vn -0.90427 0.37893 0.19676
vn 0.91259 0.38038 -0.14996
vn -0.37863 -0.92262 0.0736
vn -0.37863 0.92262 0.07359
vn 0.3795 0.92283 -0.06603
vn 0.91259 -0.38038 -0.14996
vn -0.35571 0.92262 0.14916
vn -0.84524 -0.37893 0.37681
vn 0.3581 -0.92283 -0.14194
vn 0.86292 0.38037 -0.33269
vn -0.84524 0.37893 0.37681
vn -0.35571 -0.92262 0.14917
vn 0.86292 -0.38037 -0.33268
vn 0.3581 0.92283 -0.14194
vn -0.31787 -0.92261 0.2185
vn 0.77708 -0.38037 -0.50147
vn 0.32168 0.92283 -0.2119
vn -0.31787 0.92262 0.21849
vn -0.75077 -0.37892 0.54107
vn 0.32168 -0.92283 -0.2119
vn 0.77707 0.38037 -0.50148
vn -0.75077 0.37892 0.54107
vn -0.62485 0.37892 0.68263
vn -0.26671 -0.92261 0.27865
vn 0.65865 -0.38036 -0.64923
vn 0.27178 0.92283 -0.27298
vn -0.26672 0.92262 0.27865
vn -0.62485 -0.37892 0.68263
vn 0.27178 -0.92283 -0.27297
vn 0.65865 0.38036 -0.64923
vn -0.47271 -0.37891 0.79559
vn 0.2105 -0.92283 -0.32261
vn 0.51263 0.38036 -0.76976
vn -0.47271 0.37891 0.79559
vn -0.20437 -0.92261 0.32713
vn 0.51263 -0.38036 -0.76976
vn 0.21049 0.92283 -0.32261
vn -0.20438 0.92262 0.32712
vn 0.14038 0.92283 -0.35872
vn -0.13347 0.92262 0.36189
vn -0.30079 -0.37892 0.87519
vn 0.14038 -0.92283 -0.35872
vn 0.34512 0.38035 -0.85804
vn -0.30079 0.37892 0.87518
vn -0.13346 -0.92261 0.3619
vn 0.34512 -0.38035 -0.85804
vn -0.11622 0.37892 0.9181
vn -0.05695 -0.92261 0.3815
vn 0.16313 -0.38034 -0.91035
vn 0.06437 0.92283 -0.37979
vn -0.05696 0.92262 0.38149
vn -0.11621 -0.37892 0.9181
vn 0.06438 -0.92283 -0.37979
vn 0.16313 0.38034 -0.91035
vn -0.02569 0.38034 -0.92449
vn 0.0732 0.37892 0.92253
vn 0.02194 -0.92261 0.3851
vn -0.02569 -0.38034 -0.92449
vn -0.01433 0.92283 -0.38494
vn 0.02193 0.92261 0.3851
vn 0.07321 -0.37892 0.92253
vn -0.01432 -0.92283 -0.38494
vn 0.0999 0.92261 0.37257
vn 0.25954 -0.37893 0.88829
vn -0.09241 -0.92283 -0.37395
vn -0.21343 0.38033 -0.89989
vn 0.25953 0.37893 0.88829
vn 0.09991 -0.92261 0.37257
vn -0.21342 -0.38033 -0.89989
vn -0.09242 0.92284 -0.37394
vn 0.70711 0.70711 -0
vn 0 1 -0
vn -0.70711 0.70711 0
vn 0 0.02215 -0.99975
vn 0 0.02216 -0.99975
vn -0 0.02215 -0.99975
vn -0.70711 -0.70711 -0
vn -0 -1 -0
vn 0.70711 -0.70711 -0
vn 0.70711 0.70711 0
vn 0 1 -0
vn -0.70711 0.70711 0
vn 0.02214 0 0.99975
vn -0.02214 0 0.99975
vn -0.70711 -0.70711 -0
vn -0 -1 -0
vn 0.70711 -0.70711 -0
vn -1 -0 0
vn -0 -0.169 -0.98562
vn 0.18745 -0.16601 -0.96814
vn -0.18745 -0.16601 -0.96814
vn 1 -0 0
vn -0.23061 -0.97305 -0
vn 0.23061 -0.97305 -0
vn 0.31681 -0.33645 0.88681
vn -0 -0.7608 0.64899
vn -0.31681 -0.33645 0.88681
vn 0 0.02214 -0.99975
vn -0 -0.02214 0.99975
vn -1 0.003 -0
vn -0 0.02214 -0.99975
vn 0 0.02214 -0.99975
vn -0 -0.02214 0.99975
vn 0.5 0 -0.86603
vn 0.5 0 0.86603
vn -0.2971 0.80431 -0.5146
vn -0.2971 0.80431 0.5146
vn 0.59421 0.80431 -0
vn -0.59421 0.80431 -0
vn 0.2971 0.80431 0.5146
vn 0.2971 0.80431 -0.5146
vn 0.49876 0.06856 0.86402
vn 0.49876 0.06856 -0.86402
vn 0.99765 0.06856 -0
vn 0.69328 -0.72067 0
vn 0.99981 -0.01937 -0
vn 0.72067 0.69328 0
vn 0.01937 0.99981 0
vn -0.69328 0.72067 -0
vn -0.99981 0.01937 -0
vn -0.72067 -0.69328 -0
vn -0.01937 -0.99981 -0
vn 0.62473 0.60098 -0.49853
vn -0.86671 0.01679 -0.49853
vn 0.0168 0.86671 -0.49853
vn -0.62473 -0.60098 -0.49853
vn 0.86671 -0.01679 -0.49853
vn -0.60098 0.62473 -0.49853
vn -0.01679 -0.86671 -0.49853
vn 0.60098 -0.62473 -0.49853
vn -0.6128 0.63702 -0.46763
vn 0.01713 0.88376 -0.46763
vn 0.88376 -0.01712 -0.46763
vn -0.01713 -0.88376 -0.46763
vn -0.88376 0.01712 -0.46763
vn 0.63702 0.6128 -0.46763
vn 0.6128 -0.63702 -0.46763
vn -0.63702 -0.6128 -0.46763
vn 0.76078 -0.01474 -0.64884
vn -0.54838 -0.52753 -0.64884
vn -0.52753 0.54838 -0.64884
vn 0.54838 0.52753 -0.64884
vn 0.52753 -0.54838 -0.64884
vn -0.01474 -0.76078 -0.64884
vn -0.76078 0.01474 -0.64884
vn 0.01474 0.76078 -0.64884
vn 0.72067 0.69328 -0
vn 0.69328 -0.72067 -0
vn -0.01937 -0.99981 -0
vn -0.99981 0.01937 -0
vn 0.01937 0.99981 -0
vn 0.99981 -0.01938 -0
vn -0.72067 -0.69328 -0
vn -0.69327 0.72067 -0
vn -0.23612 -0.22714 0.9448
vn -0.22714 0.23612 0.9448
vn 0.23612 0.22714 0.9448
vn 0.22714 -0.23612 0.9448
vn -0.00635 -0.32758 0.9448
vn -0.32758 0.00635 0.9448
vn 0.00635 0.32758 0.9448
vn 0.32758 -0.00635 0.9448
vn 0 0.34202 -0.93969
vt 0.18273 0.32809
vt 0.15924 0.31453
vt 0.15924 0.34166
vt 0.13575 0.32809
vt 0.13575 0.35522
vt 0.15924 0.36878
vt 0.18273 0.35522
vt 0.21576 0.31453
vt 0.23925 0.32809
vt 0.21576 0.34166
vt 0.20013 0.56303
vt 0.18709 0.55713
vt 0.20045 0.55209
vt 0.18717 0.43688
vt 0.18753 0.43559
vt 0.18819 0.43675
vt 0.18882 0.43594
vt 0.18869 0.43492
vt 0.18788 0.4343
vt 0.18686 0.43442
vt 0.18624 0.43523
vt 0.18636 0.43625
vt 0.19214 0.57053
vt 0.18709 0.55713
vt 0.18111 0.57015
vt 0.17379 0.56206
vt 0.17411 0.55128
vt 0.18205 0.54381
vt 0.19296 0.54413
vt 0.26319 0.10345
vt 0.35177 0.05442
vt 0.26319 0.05442
vt 0.30748 0.05442
vt 0.33911 0.05442
vt 0.32646 0.05442
vt 0.31381 0.05442
vt 0.30115 0.05442
vt 0.2885 0.05442
vt 0.27584 0.05442
vt 0.30748 0.05442
vt 0.23925 0.35522
vt 0.21576 0.36878
vt 0.19227 0.35522
vt 0.19227 0.32809
vt 0.19308 0.2276
vt 0.19216 0.22765
vt 0.19294 0.24647
vt 0.19397 0.24643
vt 0.1904 0.22772
vt 0.18955 0.22771
vt 0.18983 0.24655
vt 0.19087 0.24653
vt 0.19396 0.22754
vt 0.195 0.24637
vt 0.19041 0.22751
vt 0.18957 0.22752
vt 0.19127 0.22769
vt 0.1919 0.2465
vt 0.19395 0.22735
vt 0.19306 0.22735
vt 0.19215 0.22743
vt 0.19127 0.22748
vt 0.19479 0.22724
vt 0.19482 0.22746
vt 0.19561 0.227
vt 0.19577 0.22721
vt 0.18874 0.22735
vt 0.18861 0.22757
vt 0.18892 0.24657
vt 0.19604 0.24631
vt 0.19708 0.24625
vt 0.01093 0.05751
vt 0.02003 0.0484
vt 0.00355 0.00862
vt 0.0034 0.05751
vt 0.06342 0.15924
vt 0.00407 0.16055
vt 0.00407 0.24531
vt 0.06342 0.244
vt 0.0625 0.47574
vt 0.0625 0.42342
vt 0.01018 0.42342
vt 0.01018 0.47574
vt 0.0625 0.42342
vt 0.0625 0.37109
vt 0.01018 0.37109
vt 0.01018 0.42342
vt 0.01018 0.37109
vt 0.0625 0.37109
vt 0.0625 0.31877
vt 0.01018 0.31877
vt 0.0625 0.26645
vt 0.01018 0.26645
vt 0.11482 0.37109
vt 0.11482 0.31877
vt 0.0625 0.37109
vt 0.0625 0.31877
vt 0.01018 0.31877
vt 0.01018 0.37109
vt 0.19248 0.17285
vt 0.19157 0.1726
vt 0.19329 0.17334
vt 0.1881 0.17288
vt 0.18723 0.17321
vt 0.18981 0.17257
vt 0.18897 0.17275
vt 0.19068 0.17252
vt 0.18638 0.17384
vt 0.14348 0.16785
vt 0.15072 0.14816
vt 0.16224 0.13596
vt 0.17591 0.1289
vt 0.19126 0.1266
vt 0.20409 0.12855
vt 0.2272 0.14299
vt 0.21576 0.13364
vt 0.23864 0.17225
vt 0.0617 0.71609
vt 0.0617 0.64448
vt 0.05831 0.64746
vt 0.05873 0.71223
vt 0.00887 0.64458
vt 0.00929 0.70935
vt 0.0059 0.64072
vt 0.0059 0.71234
vt 0.04066 0.77899
vt 0.04066 0.74338
vt 0.03948 0.74338
vt 0.03948 0.77899
vt 0.03478 0.8871
vt 0.03124 0.8906
vt 0.02769 0.88224
vt 0.02484 0.88364
vt 0.0309 0.87953
vt 0.03475 0.88245
vt 0.02377 0.88684
vt 0.02658 0.88832
vt 0.02267 0.88212
vt 0.0261 0.87874
vt 0.02965 0.88735
vt 0.03249 0.88584
vt 0.02627 0.89031
vt 0.03068 0.88116
vt 0.02283 0.88686
vt 0.03359 0.8826
vt 0.03505 0.86346
vt 0.02045 0.8648
vt 0.00909 0.87416
vt 0.00659 0.89285
vt 0.02011 0.90637
vt 0.03722 0.90576
vt 0.05019 0.89441
vt 0.05019 0.87482
vt 0.11784 0.91051
vt 0.11908 0.91184
vt 0.11908 0.85019
vt 0.11802 0.8514
vt 0.07618 0.85181
vt 0.07602 0.91126
vt 0.07477 0.91258
vt 0.07494 0.85047
vt 0.0935 0.94951
vt 0.09628 0.94544
vt 0.09998 0.95464
vt 0.103 0.95313
vt 0.09671 0.95775
vt 0.09306 0.95443
vt 0.10183 0.9501
vt 0.10016 0.94732
vt 0.10485 0.95333
vt 0.10172 0.95729
vt 0.09712 0.94865
vt 0.09431 0.9505
vt 0.10114 0.94526
vt 0.09676 0.95565
vt 0.10449 0.94854
vt 0.0935 0.95404
vt 0.09294 0.97428
vt 0.10883 0.97053
vt 0.11791 0.95855
vt 0.11791 0.9435
vt 0.10764 0.93176
vt 0.08917 0.93024
vt 0.0756 0.94251
vt 0.07648 0.96302
vt 0.07567 0.74873
vt 0.07567 0.78235
vt 0.09582 0.78235
vt 0.09582 0.74873
vt 0.11834 0.83916
vt 0.11834 0.77899
vt 0.11716 0.77899
vt 0.11716 0.83916
vt 0.07567 0.83916
vt 0.07567 0.78235
vt 0.07449 0.78235
vt 0.07449 0.83916
vt 0.097 0.83916
vt 0.097 0.78235
vt 0.09582 0.83916
vt 0.04184 0.78235
vt 0.04184 0.83916
vt 0.00843 0.74537
vt 0.00843 0.77899
vt 0.02858 0.77899
vt 0.02858 0.74537
vt 0.11716 0.83916
vt 0.11716 0.78235
vt 0.00725 0.77899
vt 0.00725 0.83916
vt 0.00822 0.83747
vt 0.00822 0.78067
vt 0.04184 0.77899
vt 0.04087 0.78067
vt 0.04087 0.83747
vt 0.11834 0.83916
vt 0.11952 0.83916
vt 0.11952 0.77899
vt 0.00822 0.81916
vt 0.04087 0.81916
vt 0.00725 0.74537
vt 0.00725 0.77899
vt 0.02858 0.77899
vt 0.02976 0.77899
vt 0.02976 0.74537
vt 0.04184 0.7405
vt 0.04066 0.7405
vt 0.07567 0.74386
vt 0.07449 0.74386
vt 0.07449 0.78235
vt 0.07567 0.78235
vt 0.05119 0.94379
vt 0.0456 0.94933
vt 0.03998 0.9361
vt 0.03547 0.93832
vt 0.04506 0.93182
vt 0.05114 0.93643
vt 0.03378 0.94339
vt 0.03822 0.94572
vt 0.03203 0.93592
vt 0.03745 0.93056
vt 0.04307 0.94418
vt 0.04757 0.94181
vt 0.03773 0.94887
vt 0.04471 0.9344
vt 0.03229 0.94342
vt 0.04931 0.93667
vt 0.02851 0.90851
vt 0.05161 0.9064
vt 0.00659 0.9529
vt 0.01054 0.92333
vt 0.05505 0.97332
vt 0.02798 0.97428
vt 0.07557 0.92436
vt 0.07557 0.95536
vt 0.11761 0.71609
vt 0.11478 0.71294
vt 0.11424 0.64846
vt 0.11761 0.64551
vt 0.06474 0.64503
vt 0.06552 0.71025
vt 0.06172 0.64111
vt 0.06199 0.71387
vt 0.07654 0.91057
vt 0.11779 0.90952
vt 0.11782 0.85205
vt 0.07655 0.85228
vt 0.17844 0.0357
vt 0.1702 0.04818
vt 0.17039 0.09118
vt 0.18022 0.09838
vt 0.13107 0.04538
vt 0.18342 0.02504
vt 0.18279 0.02549
vt 0.13066 0.04508
vt 0.21717 0.01012
vt 0.21717 0.06175
vt 0.21709 0.06165
vt 0.2171 0.01022
vt 0.13709 0.11168
vt 0.183 0.1017
vt 0.13063 0.12287
vt 0.14531 0.09909
vt 0.14509 0.05583
vt 0.13527 0.04851
vt 0.13127 0.12239
vt 0.16679 0.05603
vt 0.16744 0.08715
vt 0.14804 0.05993
vt 0.1487 0.09116
vt 0.18346 0.0609
vt 0.18351 0.06086
vt 0.18346 0.01097
vt 0.18351 0.01101
vt 0.18549 0.05875
vt 0.18549 0.01312
vt 0.21625 0.05915
vt 0.21625 0.01272
vt 0.18346 0.06379
vt 0.19266 0.07202
vt 0.21775 0.07269
vt 0.22653 0.06179
vt 0.21586 0.10954
vt 0.22653 0.12287
vt 0.19119 0.10723
vt 0.18364 0.11434
vt 0.21363 0.07751
vt 0.21195 0.10407
vt 0.21721 0.01893
vt 0.21721 0.06175
vt 0.24619 0.06175
vt 0.24619 0.01893
vt 0.19485 0.10304
vt 0.19629 0.07695
vt 0.24402 0.3134
vt 0.24402 0.25688
vt 0.22518 0.25688
vt 0.22518 0.3134
vt 0.20634 0.25688
vt 0.20634 0.3134
vt 0.1875 0.25688
vt 0.1875 0.3134
vt 0.16866 0.25688
vt 0.16866 0.3134
vt 0.14982 0.25688
vt 0.14982 0.3134
vt 0.13098 0.25688
vt 0.13098 0.3134
vt 0.18342 0.10204
vt 0.18607 0.73642
vt 0.13464 0.73648
vt 0.13555 0.65692
vt 0.18607 0.65707
vt 0.23749 0.65698
vt 0.18607 0.65692
vt 0.18697 0.73648
vt 0.23749 0.73633
vt 0.23749 0.65691
vt 0.23929 0.65691
vt 0.23929 0.73648
vt 0.23749 0.73648
vt 0.23929 0.65713
vt 0.24109 0.65713
vt 0.24109 0.73648
vt 0.23929 0.73648
vt 0.24109 0.68188
vt 0.24289 0.68188
vt 0.24289 0.73648
vt 0.24109 0.73648
vt 0.24109 0.62824
vt 0.24289 0.62823
vt 0.24289 0.68188
vt 0.17568 0.86564
vt 0.20323 0.86564
vt 0.20323 0.83809
vt 0.17568 0.83809
vt 0.20323 0.81055
vt 0.17568 0.81055
vt 0.17568 0.783
vt 0.20323 0.783
vt 0.17568 0.75545
vt 0.20323 0.75545
vt 0.14813 0.81055
vt 0.14813 0.783
vt 0.23077 0.81055
vt 0.23077 0.783
vt 0.2027 0.51991
vt 0.22453 0.54182
vt 0.20922 0.54912
vt 0.19705 0.53585
vt 0.22445 0.57282
vt 0.20844 0.56714
vt 0.20244 0.59472
vt 0.19513 0.57938
vt 0.17146 0.5946
vt 0.17707 0.57878
vt 0.14991 0.57238
vt 0.16535 0.56514
vt 0.15 0.54159
vt 0.16591 0.54723
vt 0.17183 0.51985
vt 0.1791 0.53509
vt 0.23897 0.57891
vt 0.20838 0.6093
vt 0.13538 0.57828
vt 0.1356 0.53554
vt 0.1653 0.60904
vt 0.16591 0.50538
vt 0.23906 0.53587
vt 0.20875 0.50545
vt 0.12841 0.58123
vt 0.12859 0.53274
vt 0.21139 0.61632
vt 0.16243 0.61611
vt 0.24605 0.53286
vt 0.24605 0.58174
vt 0.16291 0.49843
vt 0.21155 0.4984
vt 0.16573 0.48658
vt 0.17187 0.47379
vt 0.2035 0.47345
vt 0.20838 0.48683
vt 0.13701 0.45595
vt 0.15019 0.45123
vt 0.16674 0.38491
vt 0.17159 0.39806
vt 0.14982 0.42026
vt 0.13717 0.41439
vt 0.23844 0.41467
vt 0.22519 0.41957
vt 0.20282 0.39768
vt 0.2087 0.38489
vt 0.22557 0.45098
vt 0.23844 0.45693
vt 0.16198 0.42519
vt 0.16205 0.44628
vt 0.19789 0.40997
vt 0.17679 0.41022
vt 0.21321 0.446
vt 0.21296 0.42481
vt 0.17708 0.46114
vt 0.19827 0.46108
vt 0.19593 0.45511
vt 0.20735 0.44345
vt 0.16778 0.42773
vt 0.16801 0.44395
vt 0.19536 0.41581
vt 0.17913 0.41614
vt 0.20702 0.42717
vt 0.17963 0.45533
vt 0.18121 0.4383
vt 0.18503 0.44187
vt 0.18481 0.42928
vt 0.18126 0.4331
vt 0.19384 0.43286
vt 0.19001 0.42931
vt 0.19025 0.44191
vt 0.19381 0.43808
vt 0.21958 0.87841
vt 0.21958 0.89817
vt 0.1603 0.89817
vt 0.1603 0.87841
vt 0.33911 0.0038
vt 0.35177 0.0038
vt 0.21958 0.91793
vt 0.21958 0.93769
vt 0.1603 0.93769
vt 0.1603 0.91793
vt 0.21958 0.95745
vt 0.1603 0.95745
vt 0.36442 0.05442
vt 0.36442 0.0038
vt 0.21958 0.97721
vt 0.21958 0.99697
vt 0.1603 0.99697
vt 0.1603 0.97721
vt 0.32646 0.0038
vt 0.31381 0.0038
vt 0.30115 0.0038
vt 0.2885 0.0038
vt 0.27584 0.0038
vt 0.26319 0.0038
vt 0.10813 0.61576
vt 0.10528 0.54695
vt 0.08815 0.5529
vt 0.09098 0.61647
vt 0.07437 0.55634
vt 0.0761 0.61709
vt 0.06171 0.55735
vt 0.06118 0.6175
vt 0.0488 0.55682
vt 0.04613 0.6175
vt 0.03516 0.5529
vt 0.03099 0.61707
vt 0.01862 0.54772
vt 0.01583 0.61646
vt 0.04908 0.55523
vt 0.03554 0.55155
vt 0.0741 0.555
vt 0.06169 0.55629
vt 0.10572 0.54438
vt 0.08758 0.55127
vt 0.01819 0.54591
vt 0.03723 0.54767
vt 0.02023 0.53923
vt 0.06176 0.5526
vt 0.05003 0.55143
vt 0.08623 0.54725
vt 0.07366 0.55112
vt 0.1026 0.53806
vt 0.05033 0.54999
vt 0.03798 0.54576
vt 0.07327 0.5495
vt 0.06172 0.55084
vt 0.09982 0.53646
vt 0.08549 0.54566
vt 0.02287 0.53741
vt 0.05085 0.52296
vt 0.04624 0.52061
vt 0.0609 0.52694
vt 0.05551 0.52531
vt 0.07162 0.52482
vt 0.06616 0.52539
vt 0.0765 0.52237
vt 0.05863 0.51008
vt 0.05565 0.50913
vt 0.06477 0.51038
vt 0.06168 0.51047
vt 0.07101 0.50833
vt 0.06785 0.50966
vt 0.05276 0.50762
vt 0.05841 0.50315
vt 0.05685 0.50222
vt 0.06194 0.50401
vt 0.06014 0.50375
vt 0.06556 0.50342
vt 0.06377 0.50388
vt 0.06722 0.50259
vt 0.33079 0.17329
vt 0.33044 0.45397
vt 0.33713 0.45311
vt 0.33731 0.17453
vt 0.34347 0.45284
vt 0.34347 0.17488
vt 0.28894 0.17492
vt 0.28909 0.45286
vt 0.29547 0.45315
vt 0.29509 0.17458
vt 0.3021 0.45404
vt 0.30165 0.17336
vt 0.30905 0.45517
vt 0.30874 0.17156
vt 0.31622 0.45571
vt 0.31626 0.17058
vt 0.32342 0.45512
vt 0.32376 0.17152
vt 0.33743 0.45913
vt 0.34344 0.45905
vt 0.31624 0.46037
vt 0.32388 0.4601
vt 0.30153 0.45957
vt 0.30862 0.46013
vt 0.28913 0.45907
vt 0.29514 0.45916
vt 0.331 0.45953
vt 0.32407 0.46517
vt 0.33119 0.46498
vt 0.30844 0.46519
vt 0.31625 0.46525
vt 0.29511 0.46492
vt 0.30134 0.465
vt 0.33744 0.4649
vt 0.34324 0.46504
vt 0.28932 0.46504
vt 0.28969 0.47084
vt 0.29531 0.47051
vt 0.33112 0.47032
vt 0.33723 0.4705
vt 0.32408 0.47025
vt 0.30843 0.47026
vt 0.31625 0.4702
vt 0.3014 0.47034
vt 0.34286 0.47084
vt 0.31625 0.47512
vt 0.32397 0.47526
vt 0.30166 0.47556
vt 0.30855 0.47527
vt 0.29024 0.47648
vt 0.29572 0.47595
vt 0.33086 0.47556
vt 0.33681 0.47596
vt 0.3423 0.47649
vt 0.29632 0.48126
vt 0.3021 0.48065
vt 0.3362 0.48127
vt 0.34155 0.482
vt 0.31626 0.47992
vt 0.32374 0.48016
vt 0.30877 0.48016
vt 0.29098 0.48198
vt 0.33042 0.48065
vt 0.32341 0.48487
vt 0.32981 0.48558
vt 0.3091 0.48487
vt 0.31625 0.48454
vt 0.29713 0.48641
vt 0.3027 0.48557
vt 0.33539 0.48642
vt 0.3406 0.48738
vt 0.29193 0.48735
vt 0.30351 0.49029
vt 0.30954 0.48934
vt 0.29311 0.49261
vt 0.29817 0.4914
vt 0.329 0.4903
vt 0.33434 0.49142
vt 0.32296 0.48934
vt 0.31625 0.4889
vt 0.33941 0.49263
vt 0.31625 0.49294
vt 0.32239 0.4935
vt 0.30456 0.49475
vt 0.31012 0.49349
vt 0.29458 0.49774
vt 0.2995 0.49622
vt 0.32795 0.49476
vt 0.333 0.49624
vt 0.33793 0.49777
vt 0.31086 0.49722
vt 0.31625 0.49659
vt 0.30121 0.50089
vt 0.30593 0.49887
vt 0.33129 0.50091
vt 0.33612 0.5028
vt 0.32164 0.49723
vt 0.29639 0.50277
vt 0.32657 0.49889
vt 0.31625 0.16656
vt 0.30824 0.16716
vt 0.30104 0.16824
vt 0.29481 0.16892
vt 0.32424 0.16713
vt 0.34333 0.16898
vt 0.33761 0.16888
vt 0.33141 0.16819
vt 0.28909 0.16901
vt 0.33159 0.16325
vt 0.32443 0.16266
vt 0.31624 0.16234
vt 0.30804 0.16268
vt 0.30085 0.16328
vt 0.29484 0.16356
vt 0.34303 0.1634
vt 0.33759 0.16353
vt 0.28939 0.16342
vt 0.30804 0.15823
vt 0.30097 0.15845
vt 0.29513 0.15842
vt 0.28989 0.15804
vt 0.3373 0.1584
vt 0.33148 0.15844
vt 0.32442 0.15822
vt 0.31623 0.15808
vt 0.34254 0.15803
vt 0.32425 0.15385
vt 0.31623 0.15386
vt 0.30821 0.15386
vt 0.30132 0.15377
vt 0.29566 0.15345
vt 0.29058 0.15285
vt 0.33677 0.15344
vt 0.33113 0.15376
vt 0.34184 0.15285
vt 0.31623 0.14978
vt 0.30851 0.14963
vt 0.30188 0.14925
vt 0.29642 0.14865
vt 0.34094 0.14781
vt 0.33602 0.14865
vt 0.32394 0.14962
vt 0.2915 0.14781
vt 0.33057 0.14924
vt 0.33503 0.14402
vt 0.3298 0.14491
vt 0.32351 0.1456
vt 0.31623 0.1459
vt 0.30895 0.1456
vt 0.30265 0.14491
vt 0.29742 0.14402
vt 0.33979 0.14292
vt 0.29265 0.14291
vt 0.32294 0.14183
vt 0.31623 0.14229
vt 0.30951 0.14183
vt 0.30365 0.14081
vt 0.29869 0.13957
vt 0.29409 0.13815
vt 0.33376 0.13958
vt 0.3288 0.14081
vt 0.33836 0.13816
vt 0.33658 0.13355
vt 0.33215 0.13534
vt 0.32224 0.1384
vt 0.31623 0.13901
vt 0.31022 0.13839
vt 0.30493 0.13699
vt 0.3003 0.13533
vt 0.29587 0.13354
vt 0.32753 0.13699
vt 0.32593 0.13356
vt 0.32138 0.1354
vt 0.31623 0.1361
vt 0.31107 0.13539
vt 0.30653 0.13355
vt 0.30233 0.13129
vt 0.33441 0.1291
vt 0.33013 0.1313
vt 0.29805 0.12909
vt 0.11608 0.1814
vt 0.10634 0.17322
vt 0.10817 0.17869
vt 0.10989 0.18434
vt 0.11608 0.19939
vt 0.11102 0.19747
vt 0.10933 0.20593
vt 0.10965 0.20476
vt 0.10783 0.17927
vt 0.10937 0.1846
vt 0.11044 0.19732
vt 0.10957 0.20367
vt 0.10592 0.177
vt 0.10322 0.18434
vt 0.10479 0.19909
vt 0.10859 0.20482
vt 0.10937 0.23623
vt 0.11727 0.23012
vt 0.11122 0.22731
vt 0.11019 0.2328
vt 0.11727 0.21143
vt 0.1108 0.21411
vt 0.10868 0.20597
vt 0.10976 0.20937
vt 0.11068 0.22761
vt 0.10985 0.23321
vt 0.11038 0.21389
vt 0.10939 0.20897
vt 0.10357 0.22956
vt 0.10994 0.23391
vt 0.10356 0.21296
vt 0.10942 0.20825
vt 0.10245 0.22955
vt 0.10253 0.213
vt 0.10434 0.20012
vt 0.10245 0.18362
vt 0.02003 0.0484
vt 0.04025 0.0484
vt 0.12151 0.00862
vt 0.00383 0.06836
vt 0.00383 0.13683
vt 0.11953 0.13683
vt 0.11953 0.06836
vt 0.00407 0.16055
vt 0.12136 0.05751
vt 0.04936 0.05751
vt 0.13069 0.50667
vt 0.12924 0.47168
vt 0.12053 0.4747
vt 0.12197 0.50703
vt 0.11352 0.47645
vt 0.11441 0.50734
vt 0.10709 0.47696
vt 0.10682 0.50755
vt 0.10052 0.47669
vt 0.09917 0.50755
vt 0.09359 0.4747
vt 0.09147 0.50733
vt 0.08518 0.47206
vt 0.08376 0.50702
vt 0.10067 0.47588
vt 0.09378 0.47402
vt 0.11339 0.47577
vt 0.10708 0.47643
vt 0.12947 0.47037
vt 0.12024 0.47387
vt 0.08496 0.47115
vt 0.09464 0.47204
vt 0.08599 0.46775
vt 0.10711 0.47455
vt 0.10115 0.47395
vt 0.11956 0.47183
vt 0.11317 0.4738
vt 0.12788 0.46715
vt 0.1013 0.47322
vt 0.09502 0.47107
vt 0.11296 0.47297
vt 0.10709 0.47365
vt 0.12646 0.46634
vt 0.11918 0.47102
vt 0.08734 0.46683
vt 0.10157 0.45947
vt 0.09922 0.45828
vt 0.10668 0.4615
vt 0.10394 0.46067
vt 0.11213 0.46042
vt 0.10935 0.46071
vt 0.11461 0.45918
vt 0.10552 0.45293
vt 0.104 0.45245
vt 0.10864 0.45308
vt 0.10707 0.45313
vt 0.11182 0.45204
vt 0.11021 0.45272
vt 0.10254 0.45167
vt 0.10541 0.4494
vt 0.10461 0.44893
vt 0.10721 0.44984
vt 0.10629 0.44971
vt 0.10905 0.44954
vt 0.10813 0.44978
vt 0.10989 0.44912
vt 0 1
usemtl mat0
f 1/1/1 2/2/1 3/3/1
f 2/2/1 4/4/1 3/3/1
f 4/4/1 5/5/1 3/3/1
f 5/5/1 6/6/1 3/3/1
f 6/6/1 7/7/1 3/3/1
f 8/8/2 9/9/2 10/10/2
f 11/11/3 12/12/3 13/13/3
f 14/14/3 15/15/3 16/16/3
f 16/16/3 15/15/3 17/17/3
f 17/17/3 15/15/3 18/18/3
f 18/18/3 15/15/3 19/19/3
f 19/19/3 15/15/3 20/20/3
f 20/20/3 15/15/3 21/21/3
f 21/21/3 15/15/3 22/22/3
f 22/22/3 15/15/3 14/14/3
f 23/23/4 24/24/4 25/11/4
f 26/25/5 24/24/5 23/23/5
f 27/26/6 24/24/6 26/25/6
f 28/27/7 24/24/7 27/26/7
f 29/28/8 24/24/8 28/27/8
f 30/29/9 24/24/9 29/28/9
f 31/13/10 24/24/10 30/29/10
f 32/30/11 33/30/11 34/30/11
f 35/30/12 32/30/12 34/30/12
f 36/30/13 35/30/13 34/30/13
f 37/30/14 36/30/14 34/30/14
f 38/30/15 37/30/15 34/30/15
f 39/30/16 38/30/16 34/30/16
f 40/30/17 39/30/17 34/30/17
f 41/31/18 42/32/18 43/33/18
f 44/34/11 41/31/11 43/33/11
f 45/35/12 44/34/12 43/33/12
f 46/36/13 45/35/13 43/33/13
f 47/37/14 46/36/14 43/33/14
f 48/38/15 47/37/15 43/33/15
f 49/39/16 48/38/16 43/33/16
f 42/32/17 49/39/17 43/33/17
f 50/32/19 51/31/19 52/40/19
f 51/31/20 53/34/20 52/40/20
f 53/34/21 54/35/21 52/40/21
f 54/35/22 55/36/22 52/40/22
f 55/36/23 56/37/23 52/40/23
f 56/37/24 57/38/24 52/40/24
f 57/38/25 58/39/25 52/40/25
f 58/39/26 50/32/26 52/40/26
f 33/30/18 40/30/18 34/30/18
f 59/30/27 60/30/27 61/30/27
f 62/30/28 60/30/28 59/30/28
f 63/30/29 60/30/29 62/30/29
f 64/30/30 60/30/30 63/30/30
f 65/30/31 60/30/31 64/30/31
f 66/30/32 60/30/32 65/30/32
f 67/30/33 60/30/33 66/30/33
f 68/31/34 69/33/34 70/32/34
f 71/34/35 69/33/35 68/31/35
f 72/35/36 69/33/36 71/34/36
f 73/36/37 69/33/37 72/35/37
f 74/37/38 69/33/38 73/36/38
f 75/38/39 69/33/39 74/37/39
f 76/39/40 69/33/40 75/38/40
f 70/32/41 69/33/41 76/39/41
f 77/32/42 78/40/42 79/31/42
f 79/31/43 78/40/43 80/34/43
f 80/34/44 78/40/44 81/35/44
f 81/35/45 78/40/45 82/36/45
f 82/36/46 78/40/46 83/37/46
f 83/37/47 78/40/47 84/38/47
f 84/38/48 78/40/48 85/39/48
f 85/39/49 78/40/49 77/32/49
f 61/30/50 60/30/50 67/30/50
f 7/7/1 1/1/1 3/3/1
f 9/9/2 86/41/2 10/10/2
f 86/41/2 87/42/2 10/10/2
f 87/42/2 88/43/2 10/10/2
f 88/43/2 89/44/2 10/10/2
f 89/44/2 8/8/2 10/10/2
f 90/14/51 91/15/51 92/16/51
f 92/16/51 91/15/51 93/17/51
f 93/17/51 91/15/51 94/18/51
f 94/18/51 91/15/51 95/19/51
f 95/19/51 91/15/51 96/20/51
f 96/20/51 91/15/51 97/21/51
f 97/21/51 91/15/51 98/22/51
f 98/22/51 91/15/51 90/14/51
f 99/23/3 12/12/3 11/11/3
f 100/25/3 12/12/3 99/23/3
f 101/26/3 12/12/3 100/25/3
f 102/27/3 12/12/3 101/26/3
f 103/28/3 12/12/3 102/27/3
f 104/29/3 12/12/3 103/28/3
f 13/13/3 12/12/3 104/29/3
f 25/11/52 24/24/52 31/13/52
f 105/45/53 106/46/53 107/47/53
f 105/45/53 107/47/53 108/48/53
f 109/49/54 110/50/54 111/51/54
f 109/49/54 111/51/54 112/52/54
f 113/53/55 105/45/55 108/48/55
f 113/53/55 108/48/55 114/54/55
f 115/55/56 116/56/56 110/50/56
f 115/55/56 110/50/56 109/49/56
f 106/46/57 117/57/57 118/58/57
f 106/46/57 118/58/57 107/47/57
f 119/59/56 120/60/56 105/45/56
f 119/59/56 105/45/56 113/53/56
f 121/61/56 122/62/56 117/57/56
f 121/61/56 117/57/56 106/46/56
f 123/63/56 119/59/56 113/53/56
f 123/63/56 113/53/56 124/64/56
f 122/62/56 115/55/56 109/49/56
f 122/62/56 109/49/56 117/57/56
f 125/65/56 123/63/56 124/64/56
f 125/65/56 124/64/56 126/66/56
f 120/60/56 121/61/56 106/46/56
f 120/60/56 106/46/56 105/45/56
f 116/56/56 127/67/56 128/68/56
f 116/56/56 128/68/56 110/50/56
f 110/50/58 128/68/58 129/69/58
f 110/50/58 129/69/58 111/51/58
f 117/57/59 109/49/59 112/52/59
f 117/57/59 112/52/59 118/58/59
f 124/64/60 113/53/60 114/54/60
f 124/64/60 114/54/60 130/70/60
f 126/66/61 124/64/61 130/70/61
f 126/66/61 130/70/61 131/71/61
f 132/72/62 133/73/62 134/74/62
f 132/72/62 134/74/62 135/75/62
f 136/76/63 137/77/63 138/78/63
f 136/76/63 138/78/63 139/79/63
f 140/80/2 141/81/2 142/82/2
f 140/80/2 142/82/2 143/83/2
f 144/84/51 145/85/51 146/86/51
f 144/84/51 146/86/51 147/87/51
f 148/88/1 149/89/1 150/90/1
f 148/88/1 150/90/1 151/91/1
f 151/91/3 150/90/3 152/92/3
f 151/91/3 152/92/3 153/93/3
f 149/89/56 154/94/56 155/95/56
f 149/89/56 155/95/56 150/90/56
f 156/80/2 157/81/2 158/82/2
f 156/80/2 158/82/2 159/83/2
f 160/84/51 161/85/51 162/86/51
f 160/84/51 162/86/51 163/87/51
f 164/96/1 165/97/1 166/98/1
f 164/96/1 166/98/1 167/99/1
f 168/91/3 169/90/3 170/92/3
f 168/91/3 170/92/3 171/93/3
f 172/89/56 173/94/56 174/95/56
f 172/89/56 174/95/56 169/90/56
f 119/59/64 123/63/64 175/100/64
f 119/59/64 175/100/64 176/101/64
f 123/63/65 125/65/65 177/102/65
f 123/63/65 177/102/65 175/100/65
f 116/56/66 115/55/66 178/103/66
f 116/56/66 178/103/66 179/104/66
f 122/62/67 121/61/67 180/105/67
f 122/62/67 180/105/67 181/106/67
f 120/60/68 119/59/68 176/101/68
f 120/60/68 176/101/68 182/107/68
f 127/67/69 116/56/69 179/104/69
f 127/67/69 179/104/69 183/108/69
f 115/55/70 122/62/70 181/106/70
f 115/55/70 181/106/70 178/103/70
f 121/61/71 120/60/71 182/107/71
f 121/61/71 182/107/71 180/105/71
f 183/108/72 184/109/72 185/110/72
f 183/108/72 185/110/72 179/104/72
f 178/103/73 186/111/73 187/112/73
f 178/103/73 187/112/73 181/106/73
f 180/105/74 188/113/74 189/114/74
f 180/105/74 189/114/74 182/107/74
f 176/101/75 175/100/75 190/115/75
f 176/101/75 190/115/75 191/116/75
f 175/100/76 190/115/76 192/117/76
f 175/100/76 192/117/76 177/102/76
f 179/104/77 185/110/77 186/111/77
f 179/104/77 186/111/77 178/103/77
f 181/106/78 187/112/78 188/113/78
f 181/106/78 188/113/78 180/105/78
f 182/107/79 189/114/79 191/116/79
f 182/107/79 191/116/79 176/101/79
f 193/118/80 194/119/80 195/120/80
f 193/118/80 195/120/80 196/121/80
f 197/122/56 198/123/56 196/121/56
f 197/122/56 196/121/56 195/120/56
f 199/124/81 200/125/81 198/123/81
f 199/124/81 198/123/81 197/122/81
f 194/119/82 199/124/82 197/122/82
f 194/119/82 197/122/82 195/120/82
f 200/125/83 193/118/83 196/121/83
f 200/125/83 196/121/83 198/123/83
f 201/126/2 202/127/2 203/128/2
f 201/126/2 203/128/2 204/129/2
f 205/130/84 206/131/84 207/132/84
f 205/130/84 207/132/84 208/133/84
f 209/134/85 210/135/85 211/136/85
f 209/134/85 211/136/85 212/137/85
f 213/138/86 214/139/86 215/140/86
f 213/138/86 215/140/86 216/141/86
f 206/131/87 217/142/87 218/143/87
f 206/131/87 218/143/87 207/132/87
f 210/135/88 205/130/88 208/133/88
f 210/135/88 208/133/88 211/136/88
f 214/139/89 209/134/89 212/137/89
f 214/139/89 212/137/89 215/140/89
f 219/144/90 213/138/90 216/141/90
f 219/144/90 216/141/90 220/145/90
f 217/142/91 219/144/91 220/145/91
f 217/142/91 220/145/91 218/143/91
f 207/132/92 218/143/92 221/146/92
f 207/132/92 221/146/92 222/147/92
f 211/136/93 208/133/93 223/148/93
f 211/136/93 223/148/93 224/149/93
f 215/140/94 212/137/94 225/150/94
f 215/140/94 225/150/94 226/151/94
f 220/145/95 216/141/95 227/152/95
f 220/145/95 227/152/95 228/153/95
f 218/143/96 220/145/96 228/153/96
f 218/143/96 228/153/96 221/146/96
f 208/133/97 207/132/97 222/147/97
f 208/133/97 222/147/97 223/148/97
f 212/137/98 211/136/98 224/149/98
f 212/137/98 224/149/98 225/150/98
f 216/141/99 215/140/99 226/151/99
f 216/141/99 226/151/99 227/152/99
f 229/154/100 230/155/100 231/156/100
f 229/154/100 231/156/100 232/157/100
f 233/158/101 234/159/101 235/160/101
f 233/158/101 235/160/101 236/161/101
f 232/157/102 231/156/102 236/161/102
f 232/157/102 236/161/102 233/158/102
f 234/159/103 229/154/103 230/155/103
f 234/159/103 230/155/103 235/160/103
f 237/162/104 238/163/104 239/164/104
f 237/162/104 239/164/104 240/165/104
f 241/166/105 242/167/105 243/168/105
f 241/166/105 243/168/105 244/169/105
f 245/170/106 246/171/106 247/172/106
f 245/170/106 247/172/106 248/173/106
f 238/163/107 249/174/107 250/175/107
f 238/163/107 250/175/107 239/164/107
f 242/167/108 237/162/108 240/165/108
f 242/167/108 240/165/108 243/168/108
f 246/171/109 241/166/109 244/169/109
f 246/171/109 244/169/109 247/172/109
f 251/176/110 245/170/110 248/173/110
f 251/176/110 248/173/110 252/177/110
f 249/174/111 251/176/111 252/177/111
f 249/174/111 252/177/111 250/175/111
f 239/164/112 250/175/112 253/178/112
f 239/164/112 253/178/112 254/179/112
f 243/168/113 240/165/113 255/180/113
f 243/168/113 255/180/113 256/181/113
f 247/172/114 244/169/114 257/182/114
f 247/172/114 257/182/114 258/183/114
f 252/177/115 248/173/115 259/184/115
f 252/177/115 259/184/115 260/185/115
f 250/175/116 252/177/116 260/185/116
f 250/175/116 260/185/116 253/178/116
f 240/165/117 239/164/117 254/179/117
f 240/165/117 254/179/117 255/180/117
f 244/169/118 243/168/118 256/181/118
f 244/169/118 256/181/118 257/182/118
f 248/173/119 247/172/119 258/183/119
f 248/173/119 258/183/119 259/184/119
f 261/186/120 262/187/120 263/188/120
f 261/186/120 263/188/120 264/189/120
f 265/190/3 266/191/3 267/192/3
f 265/190/3 267/192/3 268/193/3
f 269/194/3 270/195/3 271/196/3
f 269/194/3 271/196/3 272/197/3
f 273/198/51 274/199/51 275/188/51
f 273/198/51 275/188/51 276/200/51
f 277/196/56 278/201/56 279/202/56
f 277/196/56 279/202/56 280/197/56
f 281/203/121 282/204/121 283/205/121
f 281/203/121 283/205/121 284/206/121
f 274/199/3 273/198/3 285/207/3
f 274/199/3 285/207/3 286/208/3
f 270/195/51 269/194/51 287/200/51
f 270/195/51 287/200/51 263/188/51
f 288/209/56 289/210/56 290/211/56
f 288/209/56 290/211/56 291/212/56
f 292/202/56 293/213/56 294/214/56
f 292/202/56 294/214/56 295/215/56
f 289/210/56 292/202/56 295/215/56
f 289/210/56 295/215/56 290/211/56
f 293/213/56 288/209/56 291/212/56
f 293/213/56 291/212/56 294/214/56
f 296/191/51 297/216/51 298/217/51
f 296/191/51 298/217/51 299/218/51
f 294/214/56 291/212/56 300/219/56
f 294/214/56 300/219/56 301/220/56
f 282/204/1 281/203/1 302/221/1
f 282/204/1 302/221/1 303/222/1
f 304/206/2 305/223/2 306/224/2
f 304/206/2 306/224/2 307/225/2
f 308/126/51 309/213/51 310/226/51
f 308/126/51 310/226/51 311/227/51
f 312/228/3 313/229/3 314/230/3
f 312/228/3 314/230/3 315/231/3
f 316/232/122 317/233/122 318/234/122
f 316/232/122 318/234/122 319/235/122
f 320/236/123 321/237/123 322/238/123
f 320/236/123 322/238/123 323/239/123
f 324/240/124 325/241/124 326/242/124
f 324/240/124 326/242/124 327/243/124
f 317/233/125 328/244/125 329/245/125
f 317/233/125 329/245/125 318/234/125
f 321/237/126 316/232/126 319/235/126
f 321/237/126 319/235/126 322/238/126
f 325/241/127 320/236/127 323/239/127
f 325/241/127 323/239/127 326/242/127
f 330/246/128 324/240/128 327/243/128
f 330/246/128 327/243/128 331/247/128
f 328/244/129 330/246/129 331/247/129
f 328/244/129 331/247/129 329/245/129
f 318/234/130 332/248/130 333/249/130
f 318/234/130 333/249/130 329/245/130
f 322/238/131 334/250/131 335/251/131
f 322/238/131 335/251/131 319/235/131
f 326/242/132 336/252/132 337/253/132
f 326/242/132 337/253/132 323/239/132
f 331/247/133 338/254/133 339/255/133
f 331/247/133 339/255/133 327/243/133
f 329/245/134 333/249/134 338/254/134
f 329/245/134 338/254/134 331/247/134
f 319/235/135 335/251/135 332/248/135
f 319/235/135 332/248/135 318/234/135
f 323/239/136 337/253/136 334/250/136
f 323/239/136 334/250/136 322/238/136
f 327/243/137 339/255/137 336/252/137
f 327/243/137 336/252/137 326/242/137
f 340/256/138 341/257/138 342/258/138
f 340/256/138 342/258/138 343/259/138
f 344/260/139 342/258/139 341/257/139
f 344/260/139 341/257/139 345/261/139
f 346/262/140 347/263/140 345/261/140
f 346/262/140 345/261/140 344/260/140
f 343/259/141 342/258/141 344/260/141
f 343/259/141 344/260/141 346/262/141
f 347/263/142 340/256/142 341/257/142
f 347/263/142 341/257/142 345/261/142
f 348/264/56 349/265/56 350/266/56
f 348/264/56 350/266/56 351/267/56
f 234/159/143 229/154/143 349/265/143
f 234/159/143 349/265/143 348/264/143
f 232/157/144 233/158/144 351/267/144
f 232/157/144 351/267/144 350/266/144
f 229/154/145 232/157/145 350/266/145
f 229/154/145 350/266/145 349/265/145
f 233/158/146 234/159/146 348/264/146
f 233/158/146 348/264/146 351/267/146
f 352/268/147 353/269/147 354/270/147
f 352/268/147 354/270/147 355/271/147
f 356/272/148 357/273/148 358/274/148
f 356/272/148 358/274/148 359/275/148
f 360/276/56 361/277/56 362/278/56
f 360/276/56 362/278/56 363/279/56
f 364/280/149 355/271/149 365/281/149
f 364/280/149 365/281/149 366/282/149
f 364/280/150 367/283/150 368/284/150
f 364/280/150 368/284/150 369/285/150
f 355/271/1 354/270/1 367/283/1
f 355/271/1 367/283/1 364/280/1
f 355/271/151 365/281/151 357/273/151
f 355/271/151 357/273/151 352/268/151
f 369/285/2 368/284/2 353/269/2
f 369/285/2 353/269/2 352/268/2
f 366/282/152 356/272/152 359/275/152
f 366/282/152 359/275/152 370/286/152
f 354/270/153 353/269/153 371/287/153
f 354/270/153 371/287/153 372/288/153
f 372/288/154 371/287/154 373/289/154
f 372/288/154 373/289/154 374/290/154
f 367/283/155 354/270/155 372/288/155
f 367/283/155 372/288/155 374/290/155
f 353/269/156 368/284/156 373/289/156
f 353/269/156 373/289/156 371/287/156
f 368/284/157 367/283/157 374/290/157
f 368/284/157 374/290/157 373/289/157
f 361/277/158 375/291/158 376/292/158
f 361/277/158 376/292/158 362/278/158
f 364/280/159 366/282/159 356/272/159
f 364/280/159 356/272/159 369/285/159
f 377/293/160 360/276/160 363/279/160
f 377/293/160 363/279/160 378/294/160
f 369/285/161 352/268/161 357/273/161
f 369/285/161 357/273/161 356/272/161
f 379/295/162 375/291/162 377/293/162
f 379/295/162 377/293/162 380/296/162
f 379/295/163 381/297/163 361/277/163
f 379/295/163 361/277/163 375/291/163
f 380/296/164 382/298/164 360/276/164
f 380/296/164 360/276/164 377/293/164
f 381/297/165 382/298/165 360/276/165
f 381/297/165 360/276/165 361/277/165
f 383/299/2 384/300/2 385/301/2
f 383/299/2 385/301/2 386/302/2
f 386/302/166 385/301/166 387/303/166
f 386/302/166 387/303/166 388/304/166
f 388/304/1 387/303/1 389/305/1
f 388/304/1 389/305/1 390/306/1
f 387/303/167 385/301/167 391/307/167
f 387/303/167 391/307/167 392/308/167
f 393/309/168 394/310/168 395/311/168
f 393/309/168 395/311/168 396/312/168
f 389/305/169 387/303/169 392/308/169
f 389/305/169 392/308/169 397/313/169
f 385/301/170 384/300/170 398/314/170
f 385/301/170 398/314/170 391/307/170
f 384/300/171 389/305/171 397/313/171
f 384/300/171 397/313/171 398/314/171
f 399/315/172 400/316/172 401/317/172
f 399/315/172 401/317/172 402/318/172
f 402/318/173 401/317/173 403/319/173
f 402/318/173 403/319/173 404/320/173
f 404/320/174 403/319/174 405/321/174
f 404/320/174 405/321/174 406/322/174
f 406/322/175 405/321/175 407/323/175
f 406/322/175 407/323/175 408/324/175
f 408/324/56 407/323/56 409/325/56
f 408/324/56 409/325/56 410/326/56
f 410/326/176 409/325/176 411/327/176
f 410/326/176 411/327/176 412/328/176
f 357/273/152 365/281/152 413/329/152
f 357/273/152 413/329/152 358/274/152
f 414/330/177 415/331/177 416/332/177
f 414/330/177 416/332/177 417/333/177
f 418/334/177 419/335/177 420/336/177
f 418/334/177 420/336/177 421/337/177
f 422/338/178 423/339/178 424/340/178
f 422/338/178 424/340/178 425/341/178
f 426/342/179 427/343/179 428/344/179
f 426/342/179 428/344/179 429/345/179
f 430/346/180 431/347/180 432/348/180
f 430/346/180 432/348/180 433/349/180
f 434/350/181 435/351/181 436/352/181
f 434/350/181 436/352/181 437/346/181
f 438/353/182 439/354/182 440/355/182
f 438/353/182 440/355/182 441/356/182
f 441/356/51 440/355/51 442/357/51
f 441/356/51 442/357/51 443/358/51
f 443/358/182 444/359/182 445/360/182
f 443/358/182 445/360/182 442/357/182
f 444/359/51 446/361/51 447/362/51
f 444/359/51 447/362/51 445/360/51
f 448/363/183 449/364/183 444/359/183
f 448/363/183 444/359/183 443/358/183
f 442/357/184 450/365/184 451/366/184
f 442/357/184 451/366/184 445/360/184
f 452/367/185 453/368/185 454/369/185
f 452/367/185 454/369/185 455/370/185
f 453/368/186 456/371/186 457/372/186
f 453/368/186 457/372/186 454/369/186
f 456/371/187 458/373/187 459/374/187
f 456/371/187 459/374/187 457/372/187
f 458/373/188 460/375/188 461/376/188
f 458/373/188 461/376/188 459/374/188
f 460/375/189 462/377/189 463/378/189
f 460/375/189 463/378/189 461/376/189
f 462/377/190 464/379/190 465/380/190
f 462/377/190 465/380/190 463/378/190
f 464/379/191 466/381/191 467/382/191
f 464/379/191 467/382/191 465/380/191
f 466/381/192 452/367/192 455/370/192
f 466/381/192 455/370/192 467/382/192
f 456/371/193 468/383/193 469/384/193
f 456/371/193 469/384/193 458/373/193
f 462/377/194 470/385/194 471/386/194
f 462/377/194 471/386/194 464/379/194
f 458/373/195 469/384/195 472/387/195
f 458/373/195 472/387/195 460/375/195
f 464/379/196 471/386/196 473/388/196
f 464/379/196 473/388/196 466/381/196
f 453/368/197 474/389/197 468/383/197
f 453/368/197 468/383/197 456/371/197
f 460/375/198 472/387/198 470/385/198
f 460/375/198 470/385/198 462/377/198
f 466/381/199 473/388/199 475/390/199
f 466/381/199 475/390/199 452/367/199
f 452/367/200 475/390/200 474/389/200
f 452/367/200 474/389/200 453/368/200
f 470/385/3 476/391/3 477/392/3
f 470/385/3 477/392/3 471/386/3
f 469/384/3 478/393/3 479/394/3
f 469/384/3 479/394/3 472/387/3
f 474/389/3 480/395/3 481/396/3
f 474/389/3 481/396/3 468/383/3
f 471/386/3 477/392/3 482/397/3
f 471/386/3 482/397/3 473/388/3
f 472/387/3 479/394/3 476/391/3
f 472/387/3 476/391/3 470/385/3
f 468/383/3 481/396/3 478/393/3
f 468/383/3 478/393/3 469/384/3
f 475/390/3 483/398/3 480/395/3
f 475/390/3 480/395/3 474/389/3
f 473/388/3 482/397/3 483/398/3
f 473/388/3 483/398/3 475/390/3
f 484/399/201 485/400/201 486/401/201
f 484/399/201 486/401/201 487/402/201
f 488/403/202 489/404/202 485/400/202
f 488/403/202 485/400/202 484/399/202
f 490/405/203 491/406/203 492/407/203
f 490/405/203 492/407/203 493/408/203
f 494/409/204 495/410/204 496/411/204
f 494/409/204 496/411/204 497/412/204
f 487/402/205 486/401/205 498/413/205
f 487/402/205 498/413/205 499/414/205
f 493/408/206 492/407/206 489/404/206
f 493/408/206 489/404/206 488/403/206
f 497/412/207 496/411/207 491/406/207
f 497/412/207 491/406/207 490/405/207
f 499/414/208 498/413/208 495/410/208
f 499/414/208 495/410/208 494/409/208
f 492/407/3 500/415/3 501/416/3
f 492/407/3 501/416/3 489/404/3
f 496/411/3 502/417/3 503/418/3
f 496/411/3 503/418/3 491/406/3
f 498/413/3 504/419/3 505/420/3
f 498/413/3 505/420/3 495/410/3
f 485/400/3 506/421/3 507/422/3
f 485/400/3 507/422/3 486/401/3
f 489/404/3 501/416/3 506/421/3
f 489/404/3 506/421/3 485/400/3
f 491/406/3 503/418/3 500/415/3
f 491/406/3 500/415/3 492/407/3
f 495/410/3 505/420/3 502/417/3
f 495/410/3 502/417/3 496/411/3
f 486/401/3 507/422/3 504/419/3
f 486/401/3 504/419/3 498/413/3
f 507/422/209 508/423/209 509/424/209
f 507/422/209 509/424/209 504/419/209
f 500/415/210 510/425/210 511/426/210
f 500/415/210 511/426/210 501/416/210
f 502/417/211 512/427/211 513/428/211
f 502/417/211 513/428/211 503/418/211
f 504/419/212 509/424/212 514/429/212
f 504/419/212 514/429/212 505/420/212
f 506/421/213 515/430/213 508/423/213
f 506/421/213 508/423/213 507/422/213
f 501/416/214 511/426/214 515/430/214
f 501/416/214 515/430/214 506/421/214
f 503/418/215 513/428/215 510/425/215
f 503/418/215 510/425/215 500/415/215
f 505/420/216 514/429/216 512/427/216
f 505/420/216 512/427/216 502/417/216
f 511/426/3 516/431/3 517/432/3
f 511/426/3 517/432/3 515/430/3
f 513/428/3 518/433/3 519/434/3
f 513/428/3 519/434/3 510/425/3
f 514/429/3 520/435/3 521/436/3
f 514/429/3 521/436/3 512/427/3
f 508/423/3 522/437/3 523/438/3
f 508/423/3 523/438/3 509/424/3
f 510/425/3 519/434/3 516/431/3
f 510/425/3 516/431/3 511/426/3
f 512/427/3 521/436/3 518/433/3
f 512/427/3 518/433/3 513/428/3
f 509/424/3 523/438/3 520/435/3
f 509/424/3 520/435/3 514/429/3
f 515/430/3 517/432/3 522/437/3
f 515/430/3 522/437/3 508/423/3
f 523/438/217 17/17/217 18/18/217
f 523/438/217 18/18/217 520/435/217
f 517/432/218 14/14/218 16/16/218
f 517/432/218 16/16/218 522/437/218
f 516/431/219 22/22/219 14/14/219
f 516/431/219 14/14/219 517/432/219
f 518/433/220 20/20/220 21/21/220
f 518/433/220 21/21/220 519/434/220
f 520/435/221 18/18/221 19/19/221
f 520/435/221 19/19/221 521/436/221
f 522/437/222 16/16/222 17/17/222
f 522/437/222 17/17/222 523/438/222
f 519/434/223 21/21/223 22/22/223
f 519/434/223 22/22/223 516/431/223
f 521/436/224 19/19/224 20/20/224
f 521/436/224 20/20/224 518/433/224
f 467/382/225 29/28/225 28/27/225
f 467/382/225 28/27/225 465/380/225
f 463/378/226 27/26/226 26/25/226
f 463/378/226 26/25/226 461/376/226
f 459/374/227 23/23/227 25/11/227
f 459/374/227 25/11/227 457/372/227
f 454/369/228 31/13/228 30/29/228
f 454/369/228 30/29/228 455/370/228
f 455/370/229 30/29/229 29/28/229
f 455/370/229 29/28/229 467/382/229
f 465/380/230 28/27/230 27/26/230
f 465/380/230 27/26/230 463/378/230
f 461/376/231 26/25/231 23/23/231
f 461/376/231 23/23/231 459/374/231
f 457/372/232 25/11/232 31/13/232
f 457/372/232 31/13/232 454/369/232
f 524/439/233 525/440/233 526/441/233
f 524/439/233 526/441/233 527/442/233
f 528/31/234 529/34/234 530/443/234
f 528/31/234 530/443/234 531/444/234
f 532/445/235 533/446/235 534/447/235
f 532/445/235 534/447/235 535/448/235
f 533/446/236 536/449/236 537/450/236
f 533/446/236 537/450/236 534/447/236
f 538/451/237 528/31/237 531/444/237
f 538/451/237 531/444/237 539/452/237
f 540/453/238 541/454/238 542/455/238
f 540/453/238 542/455/238 543/456/238
f 544/453/239 545/454/239 546/455/239
f 544/453/239 546/455/239 547/456/239
f 548/446/240 549/449/240 550/450/240
f 548/446/240 550/450/240 551/447/240
f 552/445/241 548/446/241 551/447/241
f 552/445/241 551/447/241 553/448/241
f 554/31/242 555/34/242 556/443/242
f 554/31/242 556/443/242 557/444/242
f 558/439/243 559/440/243 560/441/243
f 558/439/243 560/441/243 561/442/243
f 562/451/244 554/31/244 557/444/244
f 562/451/244 557/444/244 563/452/244
f 529/34/245 564/35/245 565/457/245
f 529/34/245 565/457/245 530/443/245
f 564/35/246 566/36/246 567/458/246
f 564/35/246 567/458/246 565/457/246
f 566/36/247 568/37/247 569/459/247
f 566/36/247 569/459/247 567/458/247
f 568/37/248 570/38/248 571/460/248
f 568/37/248 571/460/248 569/459/248
f 570/38/249 572/39/249 573/461/249
f 570/38/249 573/461/249 571/460/249
f 572/39/250 574/32/250 575/462/250
f 572/39/250 575/462/250 573/461/250
f 529/34/251 576/34/251 577/35/251
f 529/34/251 577/35/251 564/35/251
f 568/37/252 578/37/252 579/38/252
f 568/37/252 579/38/252 570/38/252
f 564/35/253 577/35/253 580/36/253
f 564/35/253 580/36/253 566/36/253
f 570/38/254 579/38/254 581/39/254
f 570/38/254 581/39/254 572/39/254
f 528/31/255 582/31/255 576/34/255
f 528/31/255 576/34/255 529/34/255
f 566/36/256 580/36/256 578/37/256
f 566/36/256 578/37/256 568/37/256
f 572/39/257 581/39/257 583/32/257
f 572/39/257 583/32/257 574/32/257
f 538/451/258 584/451/258 582/31/258
f 538/451/258 582/31/258 528/31/258
f 578/37/51 585/37/51 586/38/51
f 578/37/51 586/38/51 579/38/51
f 577/35/51 587/35/51 588/36/51
f 577/35/51 588/36/51 580/36/51
f 582/31/51 589/31/51 590/34/51
f 582/31/51 590/34/51 576/34/51
f 579/38/51 586/38/51 591/39/51
f 579/38/51 591/39/51 581/39/51
f 580/36/51 588/36/51 585/37/51
f 580/36/51 585/37/51 578/37/51
f 576/34/51 590/34/51 587/35/51
f 576/34/51 587/35/51 577/35/51
f 584/451/51 592/451/51 589/31/51
f 584/451/51 589/31/51 582/31/51
f 581/39/51 591/39/51 593/32/51
f 581/39/51 593/32/51 583/32/51
f 592/451/259 594/451/259 595/31/259
f 592/451/259 595/31/259 589/31/259
f 591/39/260 596/39/260 597/32/260
f 591/39/260 597/32/260 593/32/260
f 585/37/261 598/37/261 599/38/261
f 585/37/261 599/38/261 586/38/261
f 587/35/262 600/35/262 601/36/262
f 587/35/262 601/36/262 588/36/262
f 589/31/263 595/31/263 602/34/263
f 589/31/263 602/34/263 590/34/263
f 586/38/264 599/38/264 596/39/264
f 586/38/264 596/39/264 591/39/264
f 588/36/265 601/36/265 598/37/265
f 588/36/265 598/37/265 585/37/265
f 590/34/266 602/34/266 600/35/266
f 590/34/266 600/35/266 587/35/266
f 599/38/51 603/38/51 604/39/51
f 599/38/51 604/39/51 596/39/51
f 601/36/51 605/36/51 606/37/51
f 601/36/51 606/37/51 598/37/51
f 602/34/51 607/34/51 608/35/51
f 602/34/51 608/35/51 600/35/51
f 594/451/51 609/451/51 610/31/51
f 594/451/51 610/31/51 595/31/51
f 596/39/51 604/39/51 611/32/51
f 596/39/51 611/32/51 597/32/51
f 598/37/51 606/37/51 603/38/51
f 598/37/51 603/38/51 599/38/51
f 600/35/51 608/35/51 605/36/51
f 600/35/51 605/36/51 601/36/51
f 595/31/51 610/31/51 607/34/51
f 595/31/51 607/34/51 602/34/51
f 610/31/267 612/31/267 613/34/267
f 610/31/267 613/34/267 607/34/267
f 603/38/268 614/38/268 615/39/268
f 603/38/268 615/39/268 604/39/268
f 605/36/269 616/36/269 617/37/269
f 605/36/269 617/37/269 606/37/269
f 607/34/270 613/34/270 618/35/270
f 607/34/270 618/35/270 608/35/270
f 609/451/271 619/451/271 612/31/271
f 609/451/271 612/31/271 610/31/271
f 604/39/272 615/39/272 620/32/272
f 604/39/272 620/32/272 611/32/272
f 606/37/273 617/37/273 614/38/273
f 606/37/273 614/38/273 603/38/273
f 608/35/274 618/35/274 616/36/274
f 608/35/274 616/36/274 605/36/274
f 615/39/51 621/39/51 622/32/51
f 615/39/51 622/32/51 620/32/51
f 617/37/51 623/37/51 624/38/51
f 617/37/51 624/38/51 614/38/51
f 618/35/51 625/35/51 626/36/51
f 618/35/51 626/36/51 616/36/51
f 612/31/51 627/31/51 628/34/51
f 612/31/51 628/34/51 613/34/51
f 614/38/51 624/38/51 621/39/51
f 614/38/51 621/39/51 615/39/51
f 616/36/51 626/36/51 623/37/51
f 616/36/51 623/37/51 617/37/51
f 613/34/51 628/34/51 625/35/51
f 613/34/51 625/35/51 618/35/51
f 619/451/51 629/451/51 627/31/51
f 619/451/51 627/31/51 612/31/51
f 630/38/275 631/39/275 632/461/275
f 630/38/275 632/461/275 633/460/275
f 631/39/276 634/32/276 635/462/276
f 631/39/276 635/462/276 632/461/276
f 636/37/277 630/38/277 633/460/277
f 636/37/277 633/460/277 637/459/277
f 638/36/278 636/37/278 637/459/278
f 638/36/278 637/459/278 639/458/278
f 640/35/279 638/36/279 639/458/279
f 640/35/279 639/458/279 641/457/279
f 555/34/280 640/35/280 641/457/280
f 555/34/280 641/457/280 556/443/280
f 573/461/281 642/461/281 643/460/281
f 573/461/281 643/460/281 571/460/281
f 569/459/282 644/459/282 645/458/282
f 569/459/282 645/458/282 567/458/282
f 565/457/283 646/457/283 647/443/283
f 565/457/283 647/443/283 530/443/283
f 531/444/284 648/444/284 649/452/284
f 531/444/284 649/452/284 539/452/284
f 575/462/285 650/462/285 642/461/285
f 575/462/285 642/461/285 573/461/285
f 571/460/286 643/460/286 644/459/286
f 571/460/286 644/459/286 569/459/286
f 567/458/287 645/458/287 646/457/287
f 567/458/287 646/457/287 565/457/287
f 530/443/288 647/443/288 648/444/288
f 530/443/288 648/444/288 531/444/288
f 647/443/3 651/443/3 652/444/3
f 647/443/3 652/444/3 648/444/3
f 642/461/3 653/461/3 654/460/3
f 642/461/3 654/460/3 643/460/3
f 644/459/3 655/459/3 656/458/3
f 644/459/3 656/458/3 645/458/3
f 646/457/3 657/457/3 651/443/3
f 646/457/3 651/443/3 647/443/3
f 648/444/3 652/444/3 658/452/3
f 648/444/3 658/452/3 649/452/3
f 650/462/3 659/462/3 653/461/3
f 650/462/3 653/461/3 642/461/3
f 643/460/3 654/460/3 655/459/3
f 643/460/3 655/459/3 644/459/3
f 645/458/3 656/458/3 657/457/3
f 645/458/3 657/457/3 646/457/3
f 44/34/289 45/35/289 54/35/289
f 44/34/289 54/35/289 53/34/289
f 660/451/290 41/31/290 51/31/290
f 660/451/290 51/31/290 661/451/290
f 49/39/291 42/32/291 50/32/291
f 49/39/291 50/32/291 58/39/291
f 47/37/292 48/38/292 57/38/292
f 47/37/292 57/38/292 56/37/292
f 45/35/293 46/36/293 55/36/293
f 45/35/293 55/36/293 54/35/293
f 41/31/294 44/34/294 53/34/294
f 41/31/294 53/34/294 51/31/294
f 48/38/295 49/39/295 58/39/295
f 48/38/295 58/39/295 57/38/295
f 46/36/296 47/37/296 56/37/296
f 46/36/296 56/37/296 55/36/296
f 555/34/297 662/34/297 663/35/297
f 555/34/297 663/35/297 640/35/297
f 636/37/298 664/37/298 665/38/298
f 636/37/298 665/38/298 630/38/298
f 640/35/299 663/35/299 666/36/299
f 640/35/299 666/36/299 638/36/299
f 630/38/300 665/38/300 667/39/300
f 630/38/300 667/39/300 631/39/300
f 554/31/301 668/31/301 662/34/301
f 554/31/301 662/34/301 555/34/301
f 638/36/302 666/36/302 664/37/302
f 638/36/302 664/37/302 636/37/302
f 631/39/303 667/39/303 669/32/303
f 631/39/303 669/32/303 634/32/303
f 562/451/304 670/451/304 668/31/304
f 562/451/304 668/31/304 554/31/304
f 664/37/305 671/37/305 672/38/305
f 664/37/305 672/38/305 665/38/305
f 663/35/306 673/35/306 674/36/306
f 663/35/306 674/36/306 666/36/306
f 668/31/307 675/31/307 676/34/307
f 668/31/307 676/34/307 662/34/307
f 665/38/308 672/38/308 677/39/308
f 665/38/308 677/39/308 667/39/308
f 666/36/309 674/36/309 671/37/309
f 666/36/309 671/37/309 664/37/309
f 662/34/310 676/34/310 673/35/310
f 662/34/310 673/35/310 663/35/310
f 670/451/311 678/451/311 675/31/311
f 670/451/311 675/31/311 668/31/311
f 667/39/312 677/39/312 679/32/312
f 667/39/312 679/32/312 669/32/312
f 678/451/313 680/451/313 681/31/313
f 678/451/313 681/31/313 675/31/313
f 677/39/314 682/39/314 683/32/314
f 677/39/314 683/32/314 679/32/314
f 671/37/315 684/37/315 685/38/315
f 671/37/315 685/38/315 672/38/315
f 673/35/316 686/35/316 687/36/316
f 673/35/316 687/36/316 674/36/316
f 675/31/317 681/31/317 688/34/317
f 675/31/317 688/34/317 676/34/317
f 672/38/318 685/38/318 682/39/318
f 672/38/318 682/39/318 677/39/318
f 674/36/319 687/36/319 684/37/319
f 674/36/319 684/37/319 671/37/319
f 676/34/320 688/34/320 686/35/320
f 676/34/320 686/35/320 673/35/320
f 685/38/321 689/38/321 690/39/321
f 685/38/321 690/39/321 682/39/321
f 687/36/322 691/36/322 692/37/322
f 687/36/322 692/37/322 684/37/322
f 688/34/323 693/34/323 694/35/323
f 688/34/323 694/35/323 686/35/323
f 680/451/324 695/451/324 696/31/324
f 680/451/324 696/31/324 681/31/324
f 682/39/325 690/39/325 697/32/325
f 682/39/325 697/32/325 683/32/325
f 684/37/326 692/37/326 689/38/326
f 684/37/326 689/38/326 685/38/326
f 686/35/327 694/35/327 691/36/327
f 686/35/327 691/36/327 687/36/327
f 681/31/328 696/31/328 693/34/328
f 681/31/328 693/34/328 688/34/328
f 696/31/329 698/31/329 699/34/329
f 696/31/329 699/34/329 693/34/329
f 689/38/330 700/38/330 701/39/330
f 689/38/330 701/39/330 690/39/330
f 691/36/331 702/36/331 703/37/331
f 691/36/331 703/37/331 692/37/331
f 693/34/332 699/34/332 704/35/332
f 693/34/332 704/35/332 694/35/332
f 695/451/333 705/451/333 698/31/333
f 695/451/333 698/31/333 696/31/333
f 690/39/334 701/39/334 706/32/334
f 690/39/334 706/32/334 697/32/334
f 692/37/335 703/37/335 700/38/335
f 692/37/335 700/38/335 689/38/335
f 694/35/336 704/35/336 702/36/336
f 694/35/336 702/36/336 691/36/336
f 701/39/337 707/39/337 708/32/337
f 701/39/337 708/32/337 706/32/337
f 703/37/338 709/37/338 710/38/338
f 703/37/338 710/38/338 700/38/338
f 704/35/339 711/35/339 712/36/339
f 704/35/339 712/36/339 702/36/339
f 698/31/340 713/31/340 714/34/340
f 698/31/340 714/34/340 699/34/340
f 700/38/341 710/38/341 707/39/341
f 700/38/341 707/39/341 701/39/341
f 702/36/342 712/36/342 709/37/342
f 702/36/342 709/37/342 703/37/342
f 699/34/343 714/34/343 711/35/343
f 699/34/343 711/35/343 704/35/343
f 705/451/344 715/451/344 713/31/344
f 705/451/344 713/31/344 698/31/344
f 632/461/345 716/461/345 717/460/345
f 632/461/345 717/460/345 633/460/345
f 637/459/346 718/459/346 719/458/346
f 637/459/346 719/458/346 639/458/346
f 641/457/347 720/457/347 721/443/347
f 641/457/347 721/443/347 556/443/347
f 557/444/348 722/444/348 723/452/348
f 557/444/348 723/452/348 563/452/348
f 635/462/349 724/462/349 716/461/349
f 635/462/349 716/461/349 632/461/349
f 633/460/350 717/460/350 718/459/350
f 633/460/350 718/459/350 637/459/350
f 639/458/351 719/458/351 720/457/351
f 639/458/351 720/457/351 641/457/351
f 556/443/352 721/443/352 722/444/352
f 556/443/352 722/444/352 557/444/352
f 721/443/353 725/443/353 726/444/353
f 721/443/353 726/444/353 722/444/353
f 716/461/354 727/461/354 728/460/354
f 716/461/354 728/460/354 717/460/354
f 718/459/355 729/459/355 730/458/355
f 718/459/355 730/458/355 719/458/355
f 720/457/356 731/457/356 725/443/356
f 720/457/356 725/443/356 721/443/356
f 722/444/357 726/444/357 732/452/357
f 722/444/357 732/452/357 723/452/357
f 724/462/358 733/462/358 727/461/358
f 724/462/358 727/461/358 716/461/358
f 717/460/359 728/460/359 729/459/359
f 717/460/359 729/459/359 718/459/359
f 719/458/360 730/458/360 731/457/360
f 719/458/360 731/457/360 720/457/360
f 71/34/361 80/34/361 81/35/361
f 71/34/361 81/35/361 72/35/361
f 734/451/362 735/451/362 79/31/362
f 734/451/362 79/31/362 68/31/362
f 76/39/363 85/39/363 77/32/363
f 76/39/363 77/32/363 70/32/363
f 74/37/364 83/37/364 84/38/364
f 74/37/364 84/38/364 75/38/364
f 72/35/365 81/35/365 82/36/365
f 72/35/365 82/36/365 73/36/365
f 68/31/366 79/31/366 80/34/366
f 68/31/366 80/34/366 71/34/366
f 75/38/367 84/38/367 85/39/367
f 75/38/367 85/39/367 76/39/367
f 73/36/368 82/36/368 83/37/368
f 73/36/368 83/37/368 74/37/368
f 736/463/369 737/464/369 738/465/369
f 736/463/369 738/465/369 739/466/369
f 739/466/1 738/465/1 740/467/1
f 739/466/1 740/467/1 741/468/1
f 741/468/370 740/467/370 742/469/370
f 741/468/370 742/469/370 743/470/370
f 743/470/371 742/469/371 744/471/371
f 743/470/371 744/471/371 745/472/371
f 745/472/2 744/471/2 746/473/2
f 745/472/2 746/473/2 747/474/2
f 747/474/372 746/473/372 748/475/372
f 747/474/372 748/475/372 749/476/372
f 746/473/173 744/471/173 750/477/173
f 746/473/173 750/477/173 751/478/173
f 742/469/173 740/467/173 752/479/173
f 742/469/173 752/479/173 753/480/173
f 738/465/173 737/464/173 754/481/173
f 738/465/173 754/481/173 755/482/173
f 748/475/173 746/473/173 751/478/173
f 748/475/173 751/478/173 756/483/173
f 744/471/173 742/469/173 753/480/173
f 744/471/173 753/480/173 750/477/173
f 740/467/173 738/465/173 755/482/173
f 740/467/173 755/482/173 752/479/173
f 756/483/373 751/478/373 757/484/373
f 756/483/373 757/484/373 758/485/373
f 750/477/374 753/480/374 759/486/374
f 750/477/374 759/486/374 760/487/374
f 752/479/1 755/482/1 761/488/1
f 752/479/1 761/488/1 762/489/1
f 751/478/2 750/477/2 760/487/2
f 751/478/2 760/487/2 757/484/2
f 753/480/375 752/479/375 762/489/375
f 753/480/375 762/489/375 759/486/375
f 755/482/376 754/481/376 763/490/376
f 755/482/376 763/490/376 761/488/376
f 757/484/56 760/487/56 764/491/56
f 757/484/56 764/491/56 765/492/56
f 759/486/56 762/489/56 766/493/56
f 759/486/56 766/493/56 767/494/56
f 761/488/56 763/490/56 768/495/56
f 761/488/56 768/495/56 769/496/56
f 758/485/56 757/484/56 765/492/56
f 758/485/56 765/492/56 770/497/56
f 760/487/56 759/486/56 767/494/56
f 760/487/56 767/494/56 764/491/56
f 762/489/56 761/488/56 769/496/56
f 762/489/56 769/496/56 766/493/56
f 770/497/377 765/492/377 771/498/377
f 770/497/377 771/498/377 772/499/377
f 764/491/378 767/494/378 773/500/378
f 764/491/378 773/500/378 774/501/378
f 766/493/379 769/496/379 775/502/379
f 766/493/379 775/502/379 776/503/379
f 765/492/380 764/491/380 774/501/380
f 765/492/380 774/501/380 771/498/380
f 767/494/381 766/493/381 776/503/381
f 767/494/381 776/503/381 773/500/381
f 769/496/382 768/495/382 777/504/382
f 769/496/382 777/504/382 775/502/382
f 771/498/383 774/501/383 778/505/383
f 771/498/383 778/505/383 779/506/383
f 773/500/384 776/503/384 780/507/384
f 773/500/384 780/507/384 781/508/384
f 775/502/385 777/504/385 782/509/385
f 775/502/385 782/509/385 783/510/385
f 772/499/386 771/498/386 779/506/386
f 772/499/386 779/506/386 784/511/386
f 774/501/387 773/500/387 781/508/387
f 774/501/387 781/508/387 778/505/387
f 776/503/388 775/502/388 783/510/388
f 776/503/388 783/510/388 780/507/388
f 784/511/389 779/506/389 785/512/389
f 784/511/389 785/512/389 786/513/389
f 778/505/390 781/508/390 787/514/390
f 778/505/390 787/514/390 788/515/390
f 780/507/391 783/510/391 789/516/391
f 780/507/391 789/516/391 790/517/391
f 779/506/392 778/505/392 788/515/392
f 779/506/392 788/515/392 785/512/392
f 781/508/393 780/507/393 790/517/393
f 781/508/393 790/517/393 787/514/393
f 783/510/394 782/509/394 791/518/394
f 783/510/394 791/518/394 789/516/394
f 792/519/395 793/520/395 794/521/395
f 792/519/395 794/521/395 795/522/395
f 795/522/396 794/521/396 796/523/396
f 795/522/396 796/523/396 797/524/396
f 798/525/397 799/526/397 800/527/397
f 798/525/397 800/527/397 801/528/397
f 801/528/398 800/527/398 802/529/398
f 801/528/398 802/529/398 803/530/398
f 803/530/399 802/529/399 804/531/399
f 803/530/399 804/531/399 805/532/399
f 805/532/400 804/531/400 806/533/400
f 805/532/400 806/533/400 807/534/400
f 807/534/401 806/533/401 808/535/401
f 807/534/401 808/535/401 809/536/401
f 809/536/402 808/535/402 793/520/402
f 809/536/402 793/520/402 792/519/402
f 796/523/403 794/521/403 810/537/403
f 796/523/403 810/537/403 811/538/403
f 808/535/404 806/533/404 812/539/404
f 808/535/404 812/539/404 813/540/404
f 804/531/405 802/529/405 814/541/405
f 804/531/405 814/541/405 815/542/405
f 800/527/406 799/526/406 816/543/406
f 800/527/406 816/543/406 817/544/406
f 794/521/407 793/520/407 818/545/407
f 794/521/407 818/545/407 810/537/407
f 793/520/408 808/535/408 813/540/408
f 793/520/408 813/540/408 818/545/408
f 806/533/409 804/531/409 815/542/409
f 806/533/409 815/542/409 812/539/409
f 802/529/410 800/527/410 817/544/410
f 802/529/410 817/544/410 814/541/410
f 818/545/411 813/540/411 819/546/411
f 818/545/411 819/546/411 820/547/411
f 812/539/412 815/542/412 821/548/412
f 812/539/412 821/548/412 822/549/412
f 814/541/413 817/544/413 823/550/413
f 814/541/413 823/550/413 824/551/413
f 811/538/414 810/537/414 825/552/414
f 811/538/414 825/552/414 826/553/414
f 813/540/415 812/539/415 822/549/415
f 813/540/415 822/549/415 819/546/415
f 815/542/416 814/541/416 824/551/416
f 815/542/416 824/551/416 821/548/416
f 817/544/417 816/543/417 827/554/417
f 817/544/417 827/554/417 823/550/417
f 810/537/418 818/545/418 820/547/418
f 810/537/418 820/547/418 825/552/418
f 823/550/419 827/554/419 828/555/419
f 823/550/419 828/555/419 829/556/419
f 825/552/420 820/547/420 830/557/420
f 825/552/420 830/557/420 831/558/420
f 820/547/421 819/546/421 832/559/421
f 820/547/421 832/559/421 830/557/421
f 822/549/422 821/548/422 833/560/422
f 822/549/422 833/560/422 834/561/422
f 824/551/423 823/550/423 829/556/423
f 824/551/423 829/556/423 835/562/423
f 826/553/424 825/552/424 831/558/424
f 826/553/424 831/558/424 836/563/424
f 819/546/425 822/549/425 834/561/425
f 819/546/425 834/561/425 832/559/425
f 821/548/426 824/551/426 835/562/426
f 821/548/426 835/562/426 833/560/426
f 832/559/427 834/561/427 837/564/427
f 832/559/427 837/564/427 838/565/427
f 833/560/428 835/562/428 839/566/428
f 833/560/428 839/566/428 840/567/428
f 829/556/429 828/555/429 841/568/429
f 829/556/429 841/568/429 842/569/429
f 831/558/430 830/557/430 843/570/430
f 831/558/430 843/570/430 844/571/430
f 830/557/431 832/559/431 838/565/431
f 830/557/431 838/565/431 843/570/431
f 834/561/432 833/560/432 840/567/432
f 834/561/432 840/567/432 837/564/432
f 835/562/433 829/556/433 842/569/433
f 835/562/433 842/569/433 839/566/433
f 836/563/434 831/558/434 844/571/434
f 836/563/434 844/571/434 845/572/434
f 839/566/435 842/569/435 846/573/435
f 839/566/435 846/573/435 847/574/435
f 845/572/436 844/571/436 848/575/436
f 845/572/436 848/575/436 849/576/436
f 838/565/437 837/564/437 850/577/437
f 838/565/437 850/577/437 851/578/437
f 840/567/438 839/566/438 847/574/438
f 840/567/438 847/574/438 852/579/438
f 842/569/439 841/568/439 853/580/439
f 842/569/439 853/580/439 846/573/439
f 844/571/440 843/570/440 854/581/440
f 844/571/440 854/581/440 848/575/440
f 843/570/441 838/565/441 851/578/441
f 843/570/441 851/578/441 854/581/441
f 837/564/442 840/567/442 852/579/442
f 837/564/442 852/579/442 850/577/442
f 854/581/443 851/578/443 855/582/443
f 854/581/443 855/582/443 856/583/443
f 850/577/444 852/579/444 857/584/444
f 850/577/444 857/584/444 858/585/444
f 847/574/445 846/573/445 859/586/445
f 847/574/445 859/586/445 860/587/445
f 849/576/446 848/575/446 861/588/446
f 849/576/446 861/588/446 862/589/446
f 851/578/447 850/577/447 858/585/447
f 851/578/447 858/585/447 855/582/447
f 852/579/448 847/574/448 860/587/448
f 852/579/448 860/587/448 857/584/448
f 846/573/449 853/580/449 863/590/449
f 846/573/449 863/590/449 859/586/449
f 848/575/450 854/581/450 856/583/450
f 848/575/450 856/583/450 861/588/450
f 857/584/451 860/587/451 864/591/451
f 857/584/451 864/591/451 865/592/451
f 859/586/452 863/590/452 866/593/452
f 859/586/452 866/593/452 867/594/452
f 861/588/453 856/583/453 868/595/453
f 861/588/453 868/595/453 869/596/453
f 856/583/454 855/582/454 870/597/454
f 856/583/454 870/597/454 868/595/454
f 858/585/455 857/584/455 865/592/455
f 858/585/455 865/592/455 871/598/455
f 860/587/456 859/586/456 867/594/456
f 860/587/456 867/594/456 864/591/456
f 862/589/457 861/588/457 869/596/457
f 862/589/457 869/596/457 872/599/457
f 855/582/458 858/585/458 871/598/458
f 855/582/458 871/598/458 870/597/458
f 870/597/459 871/598/459 873/600/459
f 870/597/459 873/600/459 874/601/459
f 865/592/460 864/591/460 875/602/460
f 865/592/460 875/602/460 876/603/460
f 867/594/461 866/593/461 877/604/461
f 867/594/461 877/604/461 878/605/461
f 869/596/462 868/595/462 879/606/462
f 869/596/462 879/606/462 880/607/462
f 868/595/463 870/597/463 874/601/463
f 868/595/463 874/601/463 879/606/463
f 871/598/464 865/592/464 876/603/464
f 871/598/464 876/603/464 873/600/464
f 864/591/465 867/594/465 878/605/465
f 864/591/465 878/605/465 875/602/465
f 872/599/466 869/596/466 880/607/466
f 872/599/466 880/607/466 881/608/466
f 873/600/467 876/603/467 882/609/467
f 873/600/467 882/609/467 883/610/467
f 875/602/468 878/605/468 884/611/468
f 875/602/468 884/611/468 885/612/468
f 881/608/469 880/607/469 886/613/469
f 881/608/469 886/613/469 887/614/469
f 874/601/470 873/600/470 883/610/470
f 874/601/470 883/610/470 888/615/470
f 876/603/471 875/602/471 885/612/471
f 876/603/471 885/612/471 882/609/471
f 878/605/472 877/604/472 889/616/472
f 878/605/472 889/616/472 884/611/472
f 880/607/473 879/606/473 890/617/473
f 880/607/473 890/617/473 886/613/473
f 879/606/474 874/601/474 888/615/474
f 879/606/474 888/615/474 890/617/474
f 805/532/475 807/534/475 891/618/475
f 805/532/475 891/618/475 892/619/475
f 801/528/476 803/530/476 893/620/476
f 801/528/476 893/620/476 894/621/476
f 807/534/477 809/536/477 895/622/477
f 807/534/477 895/622/477 891/618/477
f 795/522/478 797/524/478 896/623/478
f 795/522/478 896/623/478 897/624/478
f 803/530/479 805/532/479 892/619/479
f 803/530/479 892/619/479 893/620/479
f 809/536/480 792/519/480 898/625/480
f 809/536/480 898/625/480 895/622/480
f 792/519/481 795/522/481 897/624/481
f 792/519/481 897/624/481 898/625/481
f 798/525/482 801/528/482 894/621/482
f 798/525/482 894/621/482 899/626/482
f 895/622/483 898/625/483 900/627/483
f 895/622/483 900/627/483 901/628/483
f 892/619/484 891/618/484 902/629/484
f 892/619/484 902/629/484 903/630/484
f 894/621/485 893/620/485 904/631/485
f 894/621/485 904/631/485 905/632/485
f 897/624/486 896/623/486 906/633/486
f 897/624/486 906/633/486 907/634/486
f 891/618/487 895/622/487 901/628/487
f 891/618/487 901/628/487 902/629/487
f 893/620/488 892/619/488 903/630/488
f 893/620/488 903/630/488 904/631/488
f 899/626/489 894/621/489 905/632/489
f 899/626/489 905/632/489 908/635/489
f 898/625/490 897/624/490 907/634/490
f 898/625/490 907/634/490 900/627/490
f 904/631/491 903/630/491 909/636/491
f 904/631/491 909/636/491 910/637/491
f 908/635/492 905/632/492 911/638/492
f 908/635/492 911/638/492 912/639/492
f 900/627/493 907/634/493 913/640/493
f 900/627/493 913/640/493 914/641/493
f 901/628/494 900/627/494 914/641/494
f 901/628/494 914/641/494 915/642/494
f 903/630/495 902/629/495 916/643/495
f 903/630/495 916/643/495 909/636/495
f 905/632/496 904/631/496 910/637/496
f 905/632/496 910/637/496 911/638/496
f 907/634/497 906/633/497 917/644/497
f 907/634/497 917/644/497 913/640/497
f 902/629/498 901/628/498 915/642/498
f 902/629/498 915/642/498 916/643/498
f 916/643/499 915/642/499 918/645/499
f 916/643/499 918/645/499 919/646/499
f 910/637/500 909/636/500 920/647/500
f 910/637/500 920/647/500 921/648/500
f 912/639/501 911/638/501 922/649/501
f 912/639/501 922/649/501 923/650/501
f 914/641/502 913/640/502 924/651/502
f 914/641/502 924/651/502 925/652/502
f 915/642/503 914/641/503 925/652/503
f 915/642/503 925/652/503 918/645/503
f 909/636/504 916/643/504 919/646/504
f 909/636/504 919/646/504 920/647/504
f 911/638/505 910/637/505 921/648/505
f 911/638/505 921/648/505 922/649/505
f 913/640/506 917/644/506 926/653/506
f 913/640/506 926/653/506 924/651/506
f 920/647/507 919/646/507 927/654/507
f 920/647/507 927/654/507 928/655/507
f 922/649/508 921/648/508 929/656/508
f 922/649/508 929/656/508 930/657/508
f 924/651/509 926/653/509 931/658/509
f 924/651/509 931/658/509 932/659/509
f 919/646/510 918/645/510 933/660/510
f 919/646/510 933/660/510 927/654/510
f 921/648/511 920/647/511 928/655/511
f 921/648/511 928/655/511 929/656/511
f 923/650/512 922/649/512 930/657/512
f 923/650/512 930/657/512 934/661/512
f 925/652/513 924/651/513 932/659/513
f 925/652/513 932/659/513 935/662/513
f 918/645/514 925/652/514 935/662/514
f 918/645/514 935/662/514 933/660/514
f 935/662/515 932/659/515 936/663/515
f 935/662/515 936/663/515 937/664/515
f 933/660/516 935/662/516 937/664/516
f 933/660/516 937/664/516 938/665/516
f 928/655/517 927/654/517 939/666/517
f 928/655/517 939/666/517 940/667/517
f 930/657/518 929/656/518 941/668/518
f 930/657/518 941/668/518 942/669/518
f 932/659/519 931/658/519 943/670/519
f 932/659/519 943/670/519 936/663/519
f 927/654/520 933/660/520 938/665/520
f 927/654/520 938/665/520 939/666/520
f 929/656/521 928/655/521 940/667/521
f 929/656/521 940/667/521 941/668/521
f 934/661/522 930/657/522 942/669/522
f 934/661/522 942/669/522 944/671/522
f 939/666/523 938/665/523 945/672/523
f 939/666/523 945/672/523 946/673/523
f 941/668/524 940/667/524 947/674/524
f 941/668/524 947/674/524 948/675/524
f 944/671/525 942/669/525 949/676/525
f 944/671/525 949/676/525 950/677/525
f 937/664/526 936/663/526 951/678/526
f 937/664/526 951/678/526 952/679/526
f 938/665/527 937/664/527 952/679/527
f 938/665/527 952/679/527 945/672/527
f 940/667/528 939/666/528 946/673/528
f 940/667/528 946/673/528 947/674/528
f 942/669/529 941/668/529 948/675/529
f 942/669/529 948/675/529 949/676/529
f 936/663/530 943/670/530 953/680/530
f 936/663/530 953/680/530 951/678/530
f 951/678/531 953/680/531 954/681/531
f 951/678/531 954/681/531 955/682/531
f 946/673/532 945/672/532 956/683/532
f 946/673/532 956/683/532 957/684/532
f 948/675/533 947/674/533 958/685/533
f 948/675/533 958/685/533 959/686/533
f 950/677/534 949/676/534 960/687/534
f 950/677/534 960/687/534 961/688/534
f 952/679/535 951/678/535 955/682/535
f 952/679/535 955/682/535 962/689/535
f 945/672/536 952/679/536 962/689/536
f 945/672/536 962/689/536 956/683/536
f 947/674/537 946/673/537 957/684/537
f 947/674/537 957/684/537 958/685/537
f 949/676/538 948/675/538 959/686/538
f 949/676/538 959/686/538 960/687/538
f 956/683/539 962/689/539 963/690/539
f 956/683/539 963/690/539 964/691/539
f 958/685/540 957/684/540 965/692/540
f 958/685/540 965/692/540 966/693/540
f 960/687/541 959/686/541 967/694/541
f 960/687/541 967/694/541 968/695/541
f 955/682/542 954/681/542 969/696/542
f 955/682/542 969/696/542 970/697/542
f 957/684/543 956/683/543 964/691/543
f 957/684/543 964/691/543 965/692/543
f 959/686/544 958/685/544 966/693/544
f 959/686/544 966/693/544 967/694/544
f 961/688/545 960/687/545 968/695/545
f 961/688/545 968/695/545 971/698/545
f 962/689/546 955/682/546 970/697/546
f 962/689/546 970/697/546 963/690/546
f 972/699/547 973/700/547 974/701/547
f 972/699/547 974/701/547 975/702/547
f 976/703/548 972/699/548 975/702/548
f 976/703/548 975/702/548 977/704/548
f 978/705/549 976/703/549 977/704/549
f 978/705/549 977/704/549 979/706/549
f 975/702/550 974/701/550 980/707/550
f 975/702/550 980/707/550 981/708/550
f 977/704/551 975/702/551 981/708/551
f 977/704/551 981/708/551 982/709/551
f 979/706/552 977/704/552 982/709/552
f 979/706/552 982/709/552 983/710/552
f 981/708/553 980/707/553 984/711/553
f 981/708/553 984/711/553 985/712/553
f 982/709/554 981/708/554 985/712/554
f 982/709/554 985/712/554 986/713/554
f 983/710/555 982/709/555 986/713/555
f 983/710/555 986/713/555 987/714/555
f 988/715/556 989/716/556 990/717/556
f 988/715/556 990/717/556 991/718/556
f 989/716/557 992/719/557 993/720/557
f 989/716/557 993/720/557 990/717/557
f 992/719/558 994/721/558 995/722/558
f 992/719/558 995/722/558 993/720/558
f 991/718/559 990/717/559 996/723/559
f 991/718/559 996/723/559 997/724/559
f 990/717/3 993/720/3 998/725/3
f 990/717/3 998/725/3 996/723/3
f 993/720/560 995/722/560 999/726/560
f 993/720/560 999/726/560 998/725/560
f 997/724/561 996/723/561 1000/727/561
f 997/724/561 1000/727/561 1001/728/561
f 996/723/562 998/725/562 1002/729/562
f 996/723/562 1002/729/562 1000/727/562
f 998/725/563 999/726/563 1003/730/563
f 998/725/563 1003/730/563 1002/729/563
f 994/721/564 1003/730/564 999/726/564
f 994/721/564 999/726/564 995/722/564
f 1004/731/565 1000/727/565 1002/729/565
f 1004/731/565 1002/729/565 1005/732/565
f 1003/730/566 994/721/566 1005/732/566
f 1003/730/566 1005/732/566 1002/729/566
f 988/715/567 1001/728/567 1000/727/567
f 988/715/567 1000/727/567 1004/731/567
f 991/718/568 997/724/568 1001/728/568
f 991/718/568 1001/728/568 988/715/568
f 973/700/569 984/711/569 980/707/569
f 973/700/569 980/707/569 974/701/569
f 979/706/570 983/710/570 987/714/570
f 979/706/570 987/714/570 978/705/570
f 978/705/571 987/714/571 986/713/571
f 978/705/571 986/713/571 1006/733/571
f 985/712/572 1007/734/572 1006/733/572
f 985/712/572 1006/733/572 986/713/572
f 984/711/573 973/700/573 1007/734/573
f 984/711/573 1007/734/573 985/712/573
f 1008/72/574 1009/75/574 1010/74/574
f 1008/72/574 1010/74/574 1011/735/574
f 133/73/575 1012/736/575 1013/737/575
f 133/73/575 1013/737/575 134/74/575
f 1014/738/56 1015/739/56 1016/740/56
f 1014/738/56 1016/740/56 1017/741/56
f 390/306/51 389/305/51 384/300/51
f 390/306/51 384/300/51 383/299/51
f 375/291/56 377/293/56 378/294/56
f 375/291/56 378/294/56 376/292/56
f 365/281/148 366/282/148 370/286/148
f 365/281/148 370/286/148 413/329/148
f 1018/742/576 1019/76/576 1020/79/576
f 1018/742/576 1020/79/576 1021/78/576
f 1022/737/577 1023/743/577 1024/744/577
f 1022/737/577 1024/744/577 1025/736/577
f 1022/737/578 1025/736/578 1011/735/578
f 1022/737/578 1011/735/578 1010/74/578
f 1013/737/579 1012/736/579 1026/744/579
f 1013/737/579 1026/744/579 1027/743/579
f 1028/745/369 1029/746/369 1030/747/369
f 1028/745/369 1030/747/369 1031/748/369
f 1031/748/1 1030/747/1 1032/749/1
f 1031/748/1 1032/749/1 1033/750/1
f 1033/750/370 1032/749/370 1034/751/370
f 1033/750/370 1034/751/370 1035/752/370
f 1035/752/371 1034/751/371 1036/753/371
f 1035/752/371 1036/753/371 1037/754/371
f 1037/754/2 1036/753/2 1038/755/2
f 1037/754/2 1038/755/2 1039/756/2
f 1039/756/372 1038/755/372 1040/757/372
f 1039/756/372 1040/757/372 1041/758/372
f 1038/755/173 1036/753/173 1042/759/173
f 1038/755/173 1042/759/173 1043/760/173
f 1034/751/173 1032/749/173 1044/761/173
f 1034/751/173 1044/761/173 1045/762/173
f 1030/747/173 1029/746/173 1046/763/173
f 1030/747/173 1046/763/173 1047/764/173
f 1040/757/173 1038/755/173 1043/760/173
f 1040/757/173 1043/760/173 1048/765/173
f 1036/753/173 1034/751/173 1045/762/173
f 1036/753/173 1045/762/173 1042/759/173
f 1032/749/173 1030/747/173 1047/764/173
f 1032/749/173 1047/764/173 1044/761/173
f 1048/765/373 1043/760/373 1049/766/373
f 1048/765/373 1049/766/373 1050/767/373
f 1042/759/374 1045/762/374 1051/768/374
f 1042/759/374 1051/768/374 1052/769/374
f 1044/761/1 1047/764/1 1053/770/1
f 1044/761/1 1053/770/1 1054/771/1
f 1043/760/2 1042/759/2 1052/769/2
f 1043/760/2 1052/769/2 1049/766/2
f 1045/762/375 1044/761/375 1054/771/375
f 1045/762/375 1054/771/375 1051/768/375
f 1047/764/376 1046/763/376 1055/772/376
f 1047/764/376 1055/772/376 1053/770/376
f 1049/766/56 1052/769/56 1056/773/56
f 1049/766/56 1056/773/56 1057/774/56
f 1051/768/56 1054/771/56 1058/775/56
f 1051/768/56 1058/775/56 1059/776/56
f 1053/770/56 1055/772/56 1060/777/56
f 1053/770/56 1060/777/56 1061/778/56
f 1050/767/56 1049/766/56 1057/774/56
f 1050/767/56 1057/774/56 1062/779/56
f 1052/769/56 1051/768/56 1059/776/56
f 1052/769/56 1059/776/56 1056/773/56
f 1054/771/56 1053/770/56 1061/778/56
f 1054/771/56 1061/778/56 1058/775/56
f 1062/779/377 1057/774/377 1063/780/377
f 1062/779/377 1063/780/377 1064/781/377
f 1056/773/378 1059/776/378 1065/782/378
f 1056/773/378 1065/782/378 1066/783/378
f 1058/775/379 1061/778/379 1067/784/379
f 1058/775/379 1067/784/379 1068/785/379
f 1057/774/380 1056/773/380 1066/783/380
f 1057/774/380 1066/783/380 1063/780/380
f 1059/776/381 1058/775/381 1068/785/381
f 1059/776/381 1068/785/381 1065/782/381
f 1061/778/382 1060/777/382 1069/786/382
f 1061/778/382 1069/786/382 1067/784/382
f 1063/780/383 1066/783/383 1070/787/383
f 1063/780/383 1070/787/383 1071/788/383
f 1065/782/384 1068/785/384 1072/789/384
f 1065/782/384 1072/789/384 1073/790/384
f 1067/784/385 1069/786/385 1074/791/385
f 1067/784/385 1074/791/385 1075/792/385
f 1064/781/386 1063/780/386 1071/788/386
f 1064/781/386 1071/788/386 1076/793/386
f 1066/783/387 1065/782/387 1073/790/387
f 1066/783/387 1073/790/387 1070/787/387
f 1068/785/388 1067/784/388 1075/792/388
f 1068/785/388 1075/792/388 1072/789/388
f 1076/793/389 1071/788/389 1077/794/389
f 1076/793/389 1077/794/389 1078/795/389
f 1070/787/390 1073/790/390 1079/796/390
f 1070/787/390 1079/796/390 1080/797/390
f 1072/789/391 1075/792/391 1081/798/391
f 1072/789/391 1081/798/391 1082/799/391
f 1071/788/392 1070/787/392 1080/797/392
f 1071/788/392 1080/797/392 1077/794/392
f 1073/790/393 1072/789/393 1082/799/393
f 1073/790/393 1082/799/393 1079/796/393
f 1075/792/394 1074/791/394 1083/800/394
f 1075/792/394 1083/800/394 1081/798/394
f 1084/463/580 1085/464/580 1086/465/580
f 1084/463/580 1086/465/580 1087/466/580
f 1087/466/1 1086/465/1 1088/467/1
f 1087/466/1 1088/467/1 1089/468/1
f 1089/468/581 1088/467/581 1090/469/581
f 1089/468/581 1090/469/581 1091/470/581
f 1091/470/371 1090/469/371 1092/471/371
f 1091/470/371 1092/471/371 1093/472/371
f 1093/472/2 1092/471/2 1094/473/2
f 1093/472/2 1094/473/2 1095/474/2
f 1095/474/372 1094/473/372 1096/475/372
f 1095/474/372 1096/475/372 1097/476/372
f 1094/473/173 1092/471/173 1098/477/173
f 1094/473/173 1098/477/173 1099/478/173
f 1090/469/173 1088/467/173 1100/479/173
f 1090/469/173 1100/479/173 1101/480/173
f 1086/465/173 1085/464/173 1102/481/173
f 1086/465/173 1102/481/173 1103/482/173
f 1096/475/173 1094/473/173 1099/478/173
f 1096/475/173 1099/478/173 1104/483/173
f 1092/471/173 1090/469/173 1101/480/173
f 1092/471/173 1101/480/173 1098/477/173
f 1088/467/173 1086/465/173 1103/482/173
f 1088/467/173 1103/482/173 1100/479/173
f 1104/483/373 1099/478/373 1105/484/373
f 1104/483/373 1105/484/373 1106/485/373
f 1098/477/374 1101/480/374 1107/486/374
f 1098/477/374 1107/486/374 1108/487/374
f 1100/479/1 1103/482/1 1109/488/1
f 1100/479/1 1109/488/1 1110/489/1
f 1099/478/2 1098/477/2 1108/487/2
f 1099/478/2 1108/487/2 1105/484/2
f 1101/480/375 1100/479/375 1110/489/375
f 1101/480/375 1110/489/375 1107/486/375
f 1103/482/376 1102/481/376 1111/490/376
f 1103/482/376 1111/490/376 1109/488/376
f 1105/484/56 1108/487/56 1112/491/56
f 1105/484/56 1112/491/56 1113/492/56
f 1107/486/56 1110/489/56 1114/493/56
f 1107/486/56 1114/493/56 1115/494/56
f 1109/488/56 1111/490/56 1116/495/56
f 1109/488/56 1116/495/56 1117/496/56
f 1106/485/56 1105/484/56 1113/492/56
f 1106/485/56 1113/492/56 1118/497/56
f 1108/487/56 1107/486/56 1115/494/56
f 1108/487/56 1115/494/56 1112/491/56
f 1110/489/56 1109/488/56 1117/496/56
f 1110/489/56 1117/496/56 1114/493/56
f 1118/497/582 1113/492/582 1119/498/582
f 1118/497/582 1119/498/582 1120/499/582
f 1112/491/583 1115/494/583 1121/500/583
f 1112/491/583 1121/500/583 1122/501/583
f 1114/493/584 1117/496/584 1123/502/584
f 1114/493/584 1123/502/584 1124/503/584
f 1113/492/585 1112/491/585 1122/501/585
f 1113/492/585 1122/501/585 1119/498/585
f 1115/494/586 1114/493/586 1124/503/586
f 1115/494/586 1124/503/586 1121/500/586
f 1117/496/587 1116/495/587 1125/504/587
f 1117/496/587 1125/504/587 1123/502/587
f 1119/498/383 1122/501/383 1126/505/383
f 1119/498/383 1126/505/383 1127/506/383
f 1121/500/588 1124/503/588 1128/507/588
f 1121/500/588 1128/507/588 1129/508/588
f 1123/502/589 1125/504/589 1130/509/589
f 1123/502/589 1130/509/589 1131/510/589
f 1120/499/386 1119/498/386 1127/506/386
f 1120/499/386 1127/506/386 1132/511/386
f 1122/501/387 1121/500/387 1129/508/387
f 1122/501/387 1129/508/387 1126/505/387
f 1124/503/590 1123/502/590 1131/510/590
f 1124/503/590 1131/510/590 1128/507/590
f 1132/511/389 1127/506/389 1133/512/389
f 1132/511/389 1133/512/389 1134/513/389
f 1126/505/390 1129/508/390 1135/514/390
f 1126/505/390 1135/514/390 1136/515/390
f 1128/507/391 1131/510/391 1137/516/391
f 1128/507/391 1137/516/391 1138/517/391
f 1127/506/392 1126/505/392 1136/515/392
f 1127/506/392 1136/515/392 1133/512/392
f 1129/508/393 1128/507/393 1138/517/393
f 1129/508/393 1138/517/393 1135/514/393
f 1131/510/394 1130/509/394 1139/518/394
f 1131/510/394 1139/518/394 1137/516/394
f 1140/367/591 1141/368/591 1142/369/591
f 1140/367/591 1142/369/591 1143/370/591
f 1141/368/592 1144/371/592 1145/372/592
f 1141/368/592 1145/372/592 1142/369/592
f 1144/371/593 1146/373/593 1147/374/593
f 1144/371/593 1147/374/593 1145/372/593
f 1146/373/594 1148/375/594 1149/376/594
f 1146/373/594 1149/376/594 1147/374/594
f 1148/375/595 1150/377/595 1151/378/595
f 1148/375/595 1151/378/595 1149/376/595
f 1150/377/596 1152/379/596 1153/380/596
f 1150/377/596 1153/380/596 1151/378/596
f 1152/379/597 1154/381/597 1155/382/597
f 1152/379/597 1155/382/597 1153/380/597
f 1154/381/598 1140/367/598 1143/370/598
f 1154/381/598 1143/370/598 1155/382/598
f 1144/371/599 1156/383/599 1157/384/599
f 1144/371/599 1157/384/599 1146/373/599
f 1150/377/600 1158/385/600 1159/386/600
f 1150/377/600 1159/386/600 1152/379/600
f 1146/373/601 1157/384/601 1160/387/601
f 1146/373/601 1160/387/601 1148/375/601
f 1152/379/602 1159/386/602 1161/388/602
f 1152/379/602 1161/388/602 1154/381/602
f 1141/368/603 1162/389/603 1156/383/603
f 1141/368/603 1156/383/603 1144/371/603
f 1148/375/604 1160/387/604 1158/385/604
f 1148/375/604 1158/385/604 1150/377/604
f 1154/381/605 1161/388/605 1163/390/605
f 1154/381/605 1163/390/605 1140/367/605
f 1140/367/606 1163/390/606 1162/389/606
f 1140/367/606 1162/389/606 1141/368/606
f 1158/385/51 1164/391/51 1165/392/51
f 1158/385/51 1165/392/51 1159/386/51
f 1157/384/51 1166/393/51 1167/394/51
f 1157/384/51 1167/394/51 1160/387/51
f 1162/389/51 1168/395/51 1169/396/51
f 1162/389/51 1169/396/51 1156/383/51
f 1159/386/51 1165/392/51 1170/397/51
f 1159/386/51 1170/397/51 1161/388/51
f 1160/387/51 1167/394/51 1164/391/51
f 1160/387/51 1164/391/51 1158/385/51
f 1156/383/51 1169/396/51 1166/393/51
f 1156/383/51 1166/393/51 1157/384/51
f 1163/390/51 1171/398/51 1168/395/51
f 1163/390/51 1168/395/51 1162/389/51
f 1161/388/51 1170/397/51 1171/398/51
f 1161/388/51 1171/398/51 1163/390/51
f 1172/399/607 1173/400/607 1174/401/607
f 1172/399/607 1174/401/607 1175/402/607
f 1176/403/608 1177/404/608 1173/400/608
f 1176/403/608 1173/400/608 1172/399/608
f 1178/405/609 1179/406/609 1180/407/609
f 1178/405/609 1180/407/609 1181/408/609
f 1182/409/610 1183/410/610 1184/411/610
f 1182/409/610 1184/411/610 1185/412/610
f 1175/402/611 1174/401/611 1186/413/611
f 1175/402/611 1186/413/611 1187/414/611
f 1181/408/612 1180/407/612 1177/404/612
f 1181/408/612 1177/404/612 1176/403/612
f 1185/412/613 1184/411/613 1179/406/613
f 1185/412/613 1179/406/613 1178/405/613
f 1187/414/614 1186/413/614 1183/410/614
f 1187/414/614 1183/410/614 1182/409/614
f 1180/407/51 1188/415/51 1189/416/51
f 1180/407/51 1189/416/51 1177/404/51
f 1184/411/51 1190/417/51 1191/418/51
f 1184/411/51 1191/418/51 1179/406/51
f 1186/413/51 1192/419/51 1193/420/51
f 1186/413/51 1193/420/51 1183/410/51
f 1173/400/3 1174/401/3 1194/422/3
f 1173/400/3 1194/422/3 1195/421/3
f 1177/404/51 1189/416/51 1195/421/51
f 1177/404/51 1195/421/51 1173/400/51
f 1179/406/51 1191/418/51 1188/415/51
f 1179/406/51 1188/415/51 1180/407/51
f 1183/410/51 1193/420/51 1190/417/51
f 1183/410/51 1190/417/51 1184/411/51
f 1174/401/51 1194/422/51 1192/419/51
f 1174/401/51 1192/419/51 1186/413/51
f 1194/422/615 1196/423/615 1197/424/615
f 1194/422/615 1197/424/615 1192/419/615
f 1188/415/616 1198/425/616 1199/426/616
f 1188/415/616 1199/426/616 1189/416/616
f 1190/417/617 1200/427/617 1201/428/617
f 1190/417/617 1201/428/617 1191/418/617
f 1192/419/618 1197/424/618 1202/429/618
f 1192/419/618 1202/429/618 1193/420/618
f 1195/421/619 1203/430/619 1196/423/619
f 1195/421/619 1196/423/619 1194/422/619
f 1189/416/620 1199/426/620 1203/430/620
f 1189/416/620 1203/430/620 1195/421/620
f 1191/418/621 1201/428/621 1198/425/621
f 1191/418/621 1198/425/621 1188/415/621
f 1193/420/622 1202/429/622 1200/427/622
f 1193/420/622 1200/427/622 1190/417/622
f 1199/426/51 1204/431/51 1205/432/51
f 1199/426/51 1205/432/51 1203/430/51
f 1201/428/51 1206/433/51 1207/434/51
f 1201/428/51 1207/434/51 1198/425/51
f 1202/429/51 1208/435/51 1209/436/51
f 1202/429/51 1209/436/51 1200/427/51
f 1196/423/51 1210/437/51 1211/438/51
f 1196/423/51 1211/438/51 1197/424/51
f 1198/425/51 1207/434/51 1204/431/51
f 1198/425/51 1204/431/51 1199/426/51
f 1200/427/51 1209/436/51 1206/433/51
f 1200/427/51 1206/433/51 1201/428/51
f 1197/424/51 1211/438/51 1208/435/51
f 1197/424/51 1208/435/51 1202/429/51
f 1203/430/51 1205/432/51 1210/437/51
f 1203/430/51 1210/437/51 1196/423/51
f 1211/438/623 93/17/623 94/18/623
f 1211/438/623 94/18/623 1208/435/623
f 1205/432/624 90/14/624 92/16/624
f 1205/432/624 92/16/624 1210/437/624
f 1204/431/625 98/22/625 90/14/625
f 1204/431/625 90/14/625 1205/432/625
f 1206/433/626 96/20/626 97/21/626
f 1206/433/626 97/21/626 1207/434/626
f 1208/435/627 94/18/627 95/19/627
f 1208/435/627 95/19/627 1209/436/627
f 1210/437/628 92/16/628 93/17/628
f 1210/437/628 93/17/628 1211/438/628
f 1207/434/629 97/21/629 98/22/629
f 1207/434/629 98/22/629 1204/431/629
f 1209/436/630 95/19/630 96/20/630
f 1209/436/630 96/20/630 1206/433/630
f 1155/382/631 103/28/631 102/27/631
f 1155/382/631 102/27/631 1153/380/631
f 1151/378/632 101/26/632 100/25/632
f 1151/378/632 100/25/632 1149/376/632
f 1147/374/633 99/23/633 11/11/633
f 1147/374/633 11/11/633 1145/372/633
f 1142/369/634 13/13/634 104/29/634
f 1142/369/634 104/29/634 1143/370/634
f 1143/370/635 104/29/635 103/28/635
f 1143/370/635 103/28/635 1155/382/635
f 1153/380/636 102/27/636 101/26/636
f 1153/380/636 101/26/636 1151/378/636
f 1149/376/637 100/25/637 99/23/637
f 1149/376/637 99/23/637 1147/374/637
f 1145/372/638 11/11/638 13/13/638
f 1145/372/638 13/13/638 1142/369/638
f 1212/801/639 1213/801/639 1214/801/639
f 1212/801/639 1214/801/639 1215/801/639
# Vertices: 1215, normals: 639, texture coordinates: 801, faces: 1708

