# File generated by ImageToStl.com - Free Image and 3D model conversion tools

mtllib circus_tent.mtl

o obj1
v 6E-08 2.2438125 -0.25372768
v 1E-08 2.81690671 1E-08
v 0.04949989 2.24381251 -0.24885236
v 0.09709748 2.24381251 -0.2344138
v 0.14096365 2.24381252 -0.21096683
v 0.17941268 2.24381253 -0.17941252
v 0.21096699 2.24381254 -0.14096349
v 0.23441396 2.24381255 -0.09709732
v 0.24885252 2.24381256 -0.04949973
v 0.25372784 2.24381256 1E-07
v 0.24885252 2.24381257 0.04949994
v 0.23441396 2.24381258 0.09709753
v 0.21096699 2.24381258 0.1409637
v 0.17941268 2.24381259 0.17941273
v 0.14096365 2.24381259 0.21096704
v 0.09709748 2.24381259 0.234414
v 0.04949989 2.24381259 0.24885257
v 6E-08 2.24381258 0.25372788
v -0.04949978 2.24381258 0.24885257
v -0.09709737 2.24381257 0.234414
v -0.14096354 2.24381256 0.21096704
v -0.17941257 2.24381256 0.17941273
v -0.21096688 2.24381255 0.1409637
v -0.23441384 2.24381254 0.09709753
v -0.24885241 2.24381253 0.04949994
v -0.25372773 2.24381252 1E-07
v -0.24885241 2.24381251 -0.04949973
v -0.23441384 2.24381251 -0.09709732
v -0.21096688 2.2438125 -0.14096349
v -0.17941257 2.2438125 -0.17941252
v -0.14096354 2.2438125 -0.21096683
v -0.09709737 2.2438125 -0.2344138
v -0.04949978 2.2438125 -0.24885236
v 0.29809791 2.03623141 -0.12683287
v 0.27793122 2.05408604 -0.15120762
v 0.14904896 2.37647237 -0.06341642
v 0.22577326 2.04713972 0.22686153
v 0.24368065 2.05417409 0.20077181
v 0.11288664 2.3819264 0.11343078
v -0.12320678 2.07952097 0.2850686
v -0.09402338 2.08060326 0.29407467
v -0.06160338 2.3981169 0.14253431
v -0.31780124 2.06814008 -0.00479361
v -0.30853158 2.08407135 0.02450068
v -0.15890061 2.39242664 -0.00239679
v 0.25776451 2.07194068 -0.17558238
v 0.23537497 2.08422793 -0.19603954
v 0.12888226 2.39432688 -0.08779118
v 0.26158805 2.06120859 0.17468207
v 0.2744496 2.06474929 0.14622359
v 0.13079403 2.38896077 0.08734105
v -0.29926189 2.1000025 0.05379497
v -0.29017114 2.10106687 0.08254431
v -0.14963094 2.40835804 0.0268975
v -0.16887426 2.10181756 -0.25459832
v -0.19116862 2.10412651 -0.23521221
v -0.08443712 2.40926557 -0.12729915
v 0.21298545 2.09651468 -0.21649672
v 0.1892521 2.09987455 -0.23479048
v 0.10649273 2.40661388 -0.10824834
v -0.28108038 2.10213099 0.11129364
v -0.26670467 2.10281502 0.13781672
v -0.14054018 2.40942216 0.05564683
v -0.25232901 2.1034988 0.1643398
v -0.23351809 2.10405389 0.18697679
v -0.1261645 2.41010594 0.08216991
v -0.00262524 2.10199778 -0.3046891
v -0.03153727 2.10413945 -0.30098705
v -0.00131261 2.40935543 -0.15234454
v 0.05622638 2.09704983 -0.30108239
v 0.02680057 2.0995238 -0.30288576
v 0.0281132 2.40688145 -0.15054118
v 0.31900507 2.02562485 -0.06726593
v 0.30855147 2.030928 -0.09704939
v 0.15950254 2.37116896 -0.03363295
v 0.43371949 1.22381599 -1.0500965
v 0.60996915 1.21599034 -0.91168334
v 0.49780596 1.1161105 -1.20390528
v 0.60996915 1.21599034 -0.91168334
v 0.70346538 1.22251807 -0.85612851
v 0.8076287 1.11618686 -0.981975
v -0.15540897 2.3933526 -0.03271938
v -0.15890061 2.39242664 -0.00239679
v 1E-08 2.71671308 3E-08
v -0.31430959 2.06906604 -0.03511621
v -0.31780124 2.06814008 -0.00479361
v -0.15890061 2.39242664 -0.00239679
v -0.08646269 2.40417925 0.12562721
v -0.06160338 2.3981169 0.14253431
v -0.14806607 2.08558307 0.26816152
v -0.12320678 2.07952097 0.2850686
v -0.06160338 2.3981169 0.14253431
v 0.08761104 2.38585131 0.13260195
v 0.11288664 2.3819264 0.11343078
v 0.20049767 2.05106476 0.2460327
v 0.22577326 2.04713972 0.22686153
v 0.11288664 2.3819264 0.11343078
v 0.15950254 2.37116896 -0.03363295
v 0.14904896 2.37647237 -0.06341642
v 0.0281132 2.40688145 -0.15054118
v -0.00131261 2.40935543 -0.15234454
v -0.03022464 2.41149685 -0.14864252
v -0.05805201 2.41143437 -0.14027648
v -0.08827666 2.10621815 -0.28891902
v -0.11610403 2.10615542 -0.28055298
v -0.05805201 2.41143437 -0.14027648
v -0.14365467 2.40066477 -0.0609005
v -0.29906367 2.07730404 -0.09361991
v -0.31081795 2.06999201 -0.06543879
v -0.15540897 2.3933526 -0.03271938
v -0.10735358 2.41066103 0.1048069
v -0.19381628 2.0981272 0.23043409
v -0.17292539 2.09164542 0.25125439
v -0.08646269 2.40417925 0.12562721
v 0.05864685 2.39470551 0.14488656
v 0.14625787 2.06384375 0.2774885
v 0.17522207 2.05498967 0.26520388
v 0.08761104 2.38585131 0.13260195
v 0.16021051 2.37718577 -0.00189318
v 0.31971303 2.03164178 -0.03552616
v 0.31900507 2.02562485 -0.06726593
v 0.15950254 2.37116896 -0.03363295
v 0.05672728 2.40720455 -0.1417625
v 0.08484047 2.09737292 -0.2923037
v 0.05622638 2.09704983 -0.30108239
v 0.0281132 2.40688145 -0.15054118
v -0.12641649 2.40912618 -0.08564999
v -0.27007119 2.09307762 -0.14655052
v -0.28730936 2.08461621 -0.12180103
v -0.14365467 2.40066477 -0.0609005
v -0.1261645 2.41010594 0.08216991
v 0.02880846 2.39782294 0.15295122
v 0.0874553 2.07581512 0.29783775
v 0.11729368 2.07269795 0.28977309
v 0.05864685 2.39470551 0.14488656
v 0.15308028 2.38860332 0.02918021
v 0.31329074 2.04907589 0.027287
v 0.320421 2.03765859 -0.00378639
v 0.16021051 2.37718577 -0.00189318
v 0.08275939 2.40997375 -0.12654209
v 0.13948666 2.10046522 -0.26830464
v 0.11345454 2.09769627 -0.28352503
v 0.05672728 2.40720455 -0.1417625
v -0.10673147 2.41157427 -0.10791302
v -0.23314799 2.10398712 -0.19356302
v -0.252833 2.10153903 -0.17130001
v -0.12641649 2.40912618 -0.08564999
v -0.14054018 2.40942216 0.05564683
v -0.0020016 2.39853957 0.15529304
v 0.02680684 2.07964918 0.30824422
v 0.0576169 2.07893255 0.30590241
v 0.02880846 2.39782294 0.15295122
v 0.14365556 2.3925016 0.05888258
v 0.29673582 2.06439159 0.08806277
v 0.30616054 2.06049331 0.0583604
v 0.15308028 2.38860332 0.02918021
v 0.10649273 2.40661388 -0.10824834
v -0.08443712 2.40926557 -0.12729915
v -0.14963094 2.40835804 0.0268975
v -0.03241999 2.39919944 0.15154038
v -0.03442161 2.08102593 0.30683341
v -0.00400321 2.08036606 0.31058606
v -0.0020016 2.39853957 0.15529304
v 0.13079403 2.38896077 0.08734105
v 0.12888226 2.39432688 -0.08779118
v -0.14248914 2.10398661 -0.26757564
v -0.16887426 2.10181756 -0.25459832
v -0.08443712 2.40926557 -0.12729915
v 0.97135743 0.78985677 -1.45373861
v 1.01238763 0.70983691 -1.42006595
v 1.10047556 0.70893012 -1.34777416
v 1.45373901 0.78985721 0.97135772
v 1.42018987 0.69668261 1.01223736
v 1.34824245 0.69342605 1.0999056
v -0.34109515 0.78985717 1.71480227
v -0.36927381 0.66586175 1.70625444
v -0.50067742 0.6576699 1.66639356
v -0.97135707 0.78985707 1.45373929
v -1.01246731 0.64178572 1.42000079
v -1.10048792 0.63667271 1.34776438
v -1.70625377 0.74623251 0.36927438
v -1.71480174 0.78985683 0.34109571
v -1.69936379 0.74303692 0.39198778
v -1.71480174 0.78985672 -0.34109503
v -1.69930691 0.71623971 -0.3921743
v -1.66611151 0.70979501 -0.50160535
v 0.00511487 -0.29452778 3.19186508
v 0.00804982 -0.51988287 3.46691455
v 0.00033935 -0.52057635 3.49346272
v -0.02033357 2.01183382 0.87124913
v -0.01595846 2.56095252 0.42991456
v -0.01451609 2.22446869 0.70839326
v 0.00257777 -0.71888767 3.80121384
v -0.00512853 0.82011351 1.94984119
v -0.01986916 1.2093165 1.58385746
v -0.02182674 0.75251383 2.0272196
v -0.02158523 1.71496016 1.1299391
v -0.02249456 1.50159747 1.32726392
v -0.02158523 1.71496016 1.1299391
v 0.00645466 -0.01992785 2.84957954
v 0.00587789 0.3760016 2.41401277
v -0.00629348 0.33627829 2.43988095
v -0.02249456 1.50159747 1.32726392
v 0.00804366 2.86614989 0.205954
v 0.00634355 3.17302122 0.00596462
v 0.00920416 3.17226975 0.00458775
v 0.00798162 -0.84931652 4.15751506
v 0.01056175 -0.73063353 3.78328915
v -0.02360484 1.1818766 1.6223271
v 0.01170394 3.17126338 0.00274828
v 0.00670163 -0.27952983 3.1500867
v -0.00662386 -0.08791609 2.90507589
v 0.01374685 3.17004443 0.00051507
v -0.02286897 0.37608174 2.40971828
v -0.02445489 0.93174711 1.8637273
v 0.01525435 3.16865673 -0.0020249
v 0.00326003 2.19735138 0.73593862
v -0.01516512 1.58752213 1.26636659
v 0.01616853 3.16715551 -0.0047744
v -0.02293818 -0.0476402 2.86930874
v -0.02527775 0.66302296 2.12992281
v 0.00703063 2.57299799 0.42607423
v 0.01587664 2.89017022 0.17139224
v -0.02599479 0.39500187 2.40488654
v -0.02445489 0.93174711 1.8637273
v -0.02527775 0.66302296 2.12992281
v 0.01498568 2.61198378 0.3770409
v 0.01587664 2.89017022 0.17139224
v 0.01659988 3.1680476 -0.00850974
v 0.01512098 3.16254906 -0.01320661
v -0.01821774 0.88592897 1.93058311
v -0.02599479 0.39500187 2.40488654
v 0.01355321 3.16117754 -0.0157184
v -0.00632243 -0.32303218 3.18097761
v -0.02301568 -0.33863201 3.21251302
v -0.02639904 0.17833022 2.63879988
v -0.00514814 1.27457115 1.56025102
v 0.00575005 1.75764707 1.11025115
v 0.01333964 2.2000294 0.7136055
v 0.0114575 3.159979 -0.01791368
v 0.01498568 2.61198378 0.3770409
v 0.01225382 2.86182647 0.17701995
v 0.0007201 -0.5383201 3.46385181
v -0.02191455 -0.55414047 3.49761996
v -0.0264181 -0.08992957 2.93530755
v 0.00891437 3.15899927 -0.01970746
v 0.00602156 3.15827716 -0.0210316
v -0.02639904 0.17833022 2.63879988
v 0.01333964 2.2000294 0.7136055
v 0.00735026 2.56622985 0.39116568
v 0.00289023 3.15783857 -0.02183417
v 0.00356966 -0.8822235 4.15742307
v -0.01844567 -0.74920916 3.79733736
v -0.01303025 -0.87579873 4.15794906
v -0.02598102 -0.32123127 3.20568979
v 0.00442997 1.13380017 1.68502893
v 0.01175981 1.79386289 1.05984642
v -0.00035928 3.15770142 -0.02208497
v -0.00153823 2.84253541 0.18308332
v -0.02483518 -0.53967644 3.49307547
v -0.00726216 0.4807844 2.33935872
v -0.01902115 0.0237012 2.82620286
v 0.01175981 1.79386289 1.05984642
v 0.01234805 2.21812157 0.68817388
v -0.0224321 -0.7352935 3.79830985
v -0.02483518 -0.53967644 3.49307547
v -0.02598102 -0.32123127 3.20568979
v -0.02390482 -0.31236761 3.21267077
v -1.005E-05 2.16630977 0.71735674
v -0.0224321 -0.7352935 3.79830985
v -0.0227918 -0.53029628 3.4992937
v -0.01427856 2.82823239 0.20173668
v -0.0152215 2.52634833 0.43053025
v 0.00878815 1.31563935 1.48957247
v -0.0008316 1.70065083 1.12135775
v -0.01645498 -0.86156843 4.15815181
v -0.02040549 -0.72518177 3.80311759
v -0.00575365 0.00012734 2.85576377
v 0.00642824 0.42430953 2.38148111
v 0.00642824 0.42430953 2.38148111
v 0.00951361 1.14897821 1.65461751
v 0.00817689 0.89365558 1.89746696
v 0.00817689 0.89365558 1.89746696
v 0.00951361 1.14897821 1.65461751
v -0.0162385 2.2262994 0.67725567
v -0.01785236 1.7591927 1.07777787
v -0.01729031 2.83582902 0.20767839
v -0.01827212 2.53923224 0.43221559
v -0.01729031 2.83582902 0.20767839
v -0.01704237 3.16304646 -0.00672435
v -0.01417455 3.16261027 0.00029032
v -0.00478241 1.20586876 1.57728886
v 0.00594033 -0.05360995 2.90234139
v -0.01932167 2.26616539 0.65505266
v -0.01827212 2.53923224 0.43221559
v -0.01490864 2.85758194 0.20672949
v -0.02033357 2.01183382 0.87124913
v -0.01932167 2.26616539 0.65505266
v 0.00645466 -0.01992785 2.84957954
v -0.82458211 2.01183646 0.28204368
v -0.40893514 2.56095331 0.13361377
v -0.66974959 2.22447428 0.23121497
v -3.56606414 -0.71888839 1.31621094
v -3.27805401 -0.52057775 1.20774461
v -3.25047809 -0.51988477 1.20580461
v -1.83145703 0.82010605 0.66910236
v -1.49311156 1.20932093 0.52877346
v -1.90984691 0.75249727 0.68018033
v -1.06776386 1.71496057 0.37027928
v -1.25324342 1.5015966 0.43762665
v -1.06776386 1.71496057 0.37027928
v -2.67172984 -0.01992166 0.99093835
v -2.26319359 0.37601981 0.83985036
v -2.29169425 0.33627683 0.83737719
v -1.25324342 1.5015966 0.43762665
v -0.19048159 2.86614982 0.07873067
v -0.00340461 3.17302122 0.00801413
v -0.0011239 3.17226975 0.01022256
v -3.90157613 -0.84717762 1.43694386
v -3.54648519 -0.7306345 1.31750782
v -1.53050457 1.18187791 0.53856506
v 0.0014662 3.17126338 0.01193253
v -2.95363999 -0.27953142 1.09503553
v -2.72833817 -0.08792062 0.99785066
v 0.00426786 3.17004444 0.01307768
v -2.26911582 0.37608328 0.81139695
v -1.75732838 0.93174091 0.62120373
v 0.00717233 3.16865673 0.01361441
v -0.68946028 2.19734837 0.25741822
v -1.19355948 1.58752873 0.42345443
v 0.01006835 3.16715551 0.01352196
v -2.70040801 -0.04763949 0.97017798
v -2.00740112 0.66301907 0.7124345
v -0.39738667 2.57299772 0.15385903
v -0.15534249 2.89017007 0.07413556
v -2.26566708 0.39499893 0.80679546
v -1.75732838 0.93174091 0.62120373
v -2.00740112 0.66301907 0.7124345
v -0.34862776 2.61198063 0.14437748
v -0.15534249 2.89017007 0.07413556
v 0.01372256 3.16804763 0.0126357
v 0.01761885 3.16254907 0.00962458
v -1.81790345 0.88592823 0.65016171
v -2.26566708 0.39499893 0.80679546
v 0.01943398 3.16117754 0.0072853
v -2.98712963 -0.32303428 1.09349116
v -3.02249178 -0.33863412 1.0887263
v -2.48530266 0.17832922 0.88726157
v -1.46587415 1.27457335 0.53442899
v -1.0398392 1.75765009 0.38912459
v -0.66501991 2.20002628 0.25915789
v 0.02076965 3.15997901 0.00456
v -0.34862776 2.61198063 0.14437748
v -0.16187561 2.86182621 0.07268107
v -3.25013459 -0.53832051 1.19786714
v -3.28964222 -0.55413914 1.18829754
v -2.76353782 -0.0899249 0.98972168
v 0.02157391 3.15899927 0.00155362
v 0.02181662 3.15827717 -0.00161857
v -2.48530266 0.17832922 0.88726157
v -0.66501991 2.20002628 0.25915789
v -0.36451768 2.5662314 0.1420934
v 0.02148747 3.15783857 -0.00483432
v -3.01711655 -0.32123661 1.08358657
v -1.5796563 1.13379736 0.58654486
v -0.99046841 1.7938602 0.3773445
v 0.02059971 3.15770142 -0.00797025
v -0.17233211 2.84253535 0.06183464
v -3.28639198 -0.5396781 1.18398781
v -2.19769929 0.48078495 0.80172427
v -2.65860739 0.02369893 0.95895544
v -0.99046841 1.7938602 0.3773445
v -0.66501991 2.20002628 0.25915789
v -0.64148917 2.21812996 0.24943429
v -3.56969212 -0.74920963 1.29514339
v -3.57198412 -0.73529446 1.29173889
v -3.28639198 -0.5396781 1.18398781
v -3.01711655 -0.32123661 1.08358657
v -3.02294728 -0.31237046 1.0879463
v -0.99046841 1.7938602 0.3773445
v -0.64148917 2.21812996 0.24943429
v -0.67314826 2.16631368 0.24792526
v -3.57198412 -0.73529446 1.29173889
v -3.29151722 -0.5302952 1.18805317
v -0.1942395 2.82823197 0.05632659
v -0.4092576 2.52634984 0.13451786
v -1.39473274 1.3156438 0.52307758
v -1.05253816 1.70065137 0.38678786
v -3.90754161 -0.8646966 1.42177215
v -3.57579511 -0.72518274 1.29530226
v -2.68175682 0.00012904 0.98162188
v -2.23249593 0.42430833 0.82913026
v -2.23249593 0.42430833 0.82913026
v -1.54937089 1.14896558 0.58080756
v -1.77768932 0.8936724 0.66347799
v -1.77768932 0.8936724 0.66347799
v -1.54937089 1.14896558 0.58080756
v -0.64112973 2.22630051 0.21883794
v -1.01752645 1.75919362 0.35575376
v -0.20085545 2.83582961 0.05555382
v -0.41189491 2.53923157 0.13223829
v -0.20085545 2.83582961 0.05555382
v 0.00041964 3.16304646 -0.01831621
v -0.00517156 3.16261023 -0.01320068
v -1.48174135 1.20586436 0.54066299
v -2.99338637 -0.29452465 1.10798436
v -2.72142669 -0.05361149 1.00869462
v -0.6213613 2.2661657 0.20827111
v -0.41189491 2.53923157 0.13223829
v -0.19914227 2.85758166 0.05746085
v -0.82458211 2.01183646 0.28204368
v -0.6213613 2.2661657 0.20827111
v -2.99338637 -0.29452465 1.10798436
v -2.72142669 -0.05361149 1.00869462
v -2.67172984 -0.01992166 0.99093835
v -0.54966411 2.011824 -0.67629205
v -0.2667189 2.56095007 -0.33755539
v -0.44845346 2.22446234 -0.5485689
v -2.46761439 -0.71888897 -2.89138386
v -2.266289 -0.52057829 -2.65861183
v -2.25493953 -0.5198873 -2.63340716
v -1.26086559 0.82010227 -1.48733414
v -1.01223648 1.20932952 -1.21833162
v -1.29833547 0.7525221 -1.5570418
v -0.71650328 1.71496363 -0.87398129
v -0.84380532 1.501601 -1.02475212
v -0.71650328 1.71496363 -0.87398129
v -1.85327514 -0.01990966 -2.16457637
v -1.57032751 0.37599031 -1.83347067
v -1.57783461 0.3362792 -1.86104346
v -0.84380532 1.501601 -1.02475212
v -0.13971384 2.8661497 -0.15153164
v -0.00869702 3.17302122 -0.00042493
v -0.00998108 3.17226974 0.00247852
v -2.69685245 -0.84717752 -3.16450503
v -2.4620639 -0.73063434 -2.87256241
v -1.03435479 1.18187641 -1.25004365
v -0.01069047 3.17126338 0.0055
v -2.04840341 -0.2795354 -2.39314791
v -1.87933518 -0.08792107 -2.21531721
v -0.01079673 3.17004443 0.0085248
v -1.54565471 0.37608191 -1.84883912
v -1.19028843 0.93175257 -1.43431794
v -0.01029652 3.16865673 0.01143578
v -0.73187911 1.7309295 -0.87330004
v -0.96485051 1.32021379 -1.16153481
v -0.47984458 2.19735542 -0.55799624
v -0.00920884 3.16715551 0.01412137
v -1.84371492 -0.04764018 -2.19867252
v -1.36233578 0.66301825 -1.63745705
v -0.28172323 2.57299834 -0.31971907
v -0.12325689 2.89017011 -0.12014615
v -1.54013835 0.39500727 -1.84718563
v -1.19028843 0.93175257 -1.43431794
v -1.36233578 0.66301825 -1.63745705
v -0.25597373 2.61198141 -0.27724198
v -0.12325689 2.89017011 -0.12014615
v -0.00711419 3.16804747 0.0172441
v -0.002942 3.16254907 0.01985953
v -1.23839966 0.88593702 -1.48115279
v -1.54013835 0.39500727 -1.84718563
v -0.00011953 3.16117754 0.02075429
v -2.05852463 -0.32303203 -2.42510205
v -2.06628086 -0.33863909 -2.45993945
v -1.69156076 0.17833156 -2.02547932
v -1.00813725 1.27457024 -1.19082659
v -0.72453795 1.75764892 -0.84126683
v -0.47302107 2.2000495 -0.53445062
v 0.00289946 3.15997901 0.02106571
v -0.25597373 2.61198141 -0.27724198
v -0.12415026 2.86182599 -0.12677949
v -2.24736955 -0.5383193 -2.63582515
v -2.25205004 -0.55414366 -2.67621202
v -1.88387767 -0.08993133 -2.25116236
v 0.00599854 3.15899927 0.02078134
v 0.00905912 3.15827717 0.01991271
v -1.69156076 0.17833156 -2.02547932
v -0.47302107 2.2000495 -0.53445062
v -0.25932266 2.56623109 -0.29294277
v 0.01196293 3.15783858 0.0184924
v -2.05959863 -0.32123909 -2.45666971
v -1.09636448 1.13379772 -1.27958256
v -0.69642153 1.79385705 -0.79901158
v 0.01459877 3.15770142 0.01657549
v -0.11758636 2.84253478 -0.1403405
v -2.24687605 -0.5396759 -2.67464403
v -1.51189557 0.4807826 -1.78516745
v -1.81873312 0.02370471 -2.16332139
v -0.69642153 1.79385705 -0.79901158
v -0.45577775 2.21812681 -0.51574721
v -2.44910019 -0.74921071 -2.90207157
v -2.4466967 -0.73529505 -2.90539707
v -2.24687605 -0.5396759 -2.67464403
v -2.05959863 -0.32123909 -2.45666971
v -2.06569486 -0.31235826 -2.46061995
v -0.46530387 2.16631132 -0.54597652
v -2.4466967 -0.73529505 -2.90539707
v -2.25246504 -0.53029549 -2.67805027
v -0.1199889 2.82823259 -0.16280087
v -0.26767883 2.52634672 -0.33754544
v -0.9728938 1.31564506 -1.12798978
v -0.72673268 1.70065331 -0.85398866
v -2.68481098 -0.8663274 -3.1751975
v -2.45135693 -0.72518282 -2.90774106
v -1.84800728 0.00012835 -2.17721609
v -1.54963483 0.42431219 -1.80834263
v -1.54963483 0.42431219 -1.80834263
v -1.08050678 1.14897702 -1.25313814
v -1.23698729 0.893695 -1.43880417
v -1.23698729 0.893695 -1.43880417
v -1.08050678 1.14897702 -1.25313814
v -0.42694287 2.2262978 -0.52598471
v -0.68551119 1.7591937 -0.83186204
v -0.12155068 2.83582969 -0.16927652
v -0.26644724 2.53923608 -0.3408035
v -0.12155068 2.83582969 -0.16927652
v 0.01733238 3.16304662 -0.00593679
v 0.01059968 3.1626102 -0.00941534
v -1.0194684 1.20586498 -1.20355904
v -2.07429071 -0.29452738 -2.42596856
v -1.88712804 -0.05361966 -2.205091
v -0.41019545 2.266162 -0.51108745
v -0.26644724 2.53923608 -0.3408035
v -0.12274851 2.85758061 -0.16701039
v -0.54966411 2.011824 -0.67629205
v -0.41019545 2.266162 -0.51108745
v -1.85327514 -0.01990966 -2.16457637
v 0.44463357 2.01183292 -0.74952664
v 0.22456714 2.56095319 -0.36694721
v 0.35976571 2.22446309 -0.61041477
v 1.86032981 -0.71888867 -3.31487486
v 1.71148561 -0.52057826 -3.04550544
v 1.69175629 -0.51988627 -3.02614274
v 0.95988628 0.8201079 -1.69721602
v 0.79340455 1.20931373 -1.37095392
v 1.012354 0.7525148 -1.75648096
v 0.57248247 1.71495726 -0.97442137
v 0.66996489 1.50159078 -1.14599139
v 0.57248247 1.71495726 -0.97442137
v 1.39065702 -0.01993407 -2.48721767
v 1.17773261 0.37599798 -2.10723836
v 1.20101817 0.33627417 -2.1238243
v 0.66996489 1.50159078 -1.14599139
v 0.09390458 2.86614992 -0.18347656
v -0.00260722 3.17302122 -0.00830792
v -0.00577555 3.17226974 -0.00850935
v 2.0373863 -0.84717718 -3.62438442
v 1.84458698 -0.73063478 -3.30316214
v 0.81550967 1.1818763 -1.40265645
v -0.008856 3.17126337 -0.00813072
v 1.53768748 -0.2795334 -2.7492956
v 1.42925016 -0.08792083 -2.52918453
v -0.01173112 3.17004443 -0.00718499
v 1.20068317 0.3760861 -2.08940066
v 0.93453734 0.93174265 -1.61267766
v -0.01428982 3.16865672 -0.0057095
v 0.56652505 1.73093133 -0.9886082
v 0.7564794 1.32020956 -1.30684763
v 0.35776366 2.19735336 -0.64313167
v -0.01643397 3.16715551 -0.00376064
v 1.42594254 -0.04763895 -2.49000591
v 1.06569167 0.66301369 -1.84432818
v 0.20264537 2.57299834 -0.37486422
v 0.0701406 2.89017227 -0.15718511
v 1.20104316 0.3950015 -2.08366131
v 0.93453734 0.93174265 -1.61267766
v 1.06569167 0.66301369 -1.84432818
v 0.17168433 2.61198502 -0.33601793
v 0.0701406 2.89017227 -0.15718511
v -0.01864028 3.16804766 -0.00071581
v -0.01965253 3.16254906 0.00410323
v 0.96186083 0.88592175 -1.6740161
v 1.20104316 0.3950015 -2.08366131
v -0.01951664 3.16117754 0.00706102
v 1.56417615 -0.32303401 -2.76984003
v 1.59417857 -0.33863136 -2.78914773
v 1.31601222 0.17832979 -2.28737179
v 0.76900137 1.27457436 -1.3575841
v 0.53900388 1.75764939 -0.97064863
v 0.33803509 2.20002878 -0.62860434
v -0.01876543 3.159979 0.01000159
v 0.17168433 2.61198502 -0.33601793
v 0.07605693 2.86182647 -0.16031702
v 1.69664378 -0.53832176 -3.01987876
v 1.7329198 -0.55414064 -3.0382222
v 1.46131831 -0.08993432 -2.54583949
v -0.01742746 3.15899927 0.01281139
v -0.01555455 3.15827716 0.01538314
v 1.31601222 0.17832979 -2.28737179
v 0.33803509 2.20002878 -0.62860434
v 0.18526176 2.56623006 -0.34459027
v -0.01321815 3.15783857 0.0176171
v 1.59342157 -0.3212326 -2.781749
v 0.82179466 1.13379997 -1.47105186
v 0.50906962 1.79385987 -0.92965876
v -0.01050836 3.15770142 0.01942797
v 0.09105074 2.8425356 -0.15884448
v 1.7332413 -0.5396791 -3.03283347
v 1.15260443 0.48078553 -2.03571671
v 1.40140648 0.02370196 -2.45434902
v 0.50906962 1.79385987 -0.92965876
v 0.33803509 2.20002878 -0.62860434
v 0.32643794 2.21812138 -0.60594891
v 1.87675589 -0.74920965 -3.30119339
v 1.88070725 -0.73529349 -3.30008715
v 1.7332413 -0.5396791 -3.03283347
v 1.59342157 -0.3212326 -2.781749
v 1.59503381 -0.31237143 -2.78885448
v 0.50906962 1.79385987 -0.92965876
v 0.32643794 2.21812138 -0.60594891
v 0.35151009 2.16630983 -0.62533247
v 1.88070725 -0.73529349 -3.30008715
v 1.73450267 -0.53029296 -3.03924945
v 0.11129728 2.82823148 -0.16886301
v 0.22422668 2.52634825 -0.36784539
v 0.72223031 1.31562228 -1.30281664
v 0.55018554 1.70064905 -0.97710885
v 2.05158288 -0.86632954 -3.61677994
v 1.88129788 -0.72518301 -3.30527314
v 1.40432772 0.0001246 -2.48662243
v 1.16130753 0.42431512 -2.07914007
v 1.16130753 0.42431512 -2.07914007
v 0.80247253 1.14895487 -1.44705219
v 0.92261507 0.89366915 -1.6580634
v 0.92261507 0.89366915 -1.6580634
v 0.80247253 1.14895487 -1.44705219
v 0.3460071 2.22630047 -0.58242286
v 0.54366586 1.75919753 -0.93077394
v 0.11683384 2.8358289 -0.17256633
v 0.22771179 2.53923263 -0.36781961
v 0.11683384 2.8358289 -0.17256633
v 0.01156134 3.16304647 0.01421237
v 0.01249855 3.16261033 0.00669228
v 0.77703754 1.20585914 -1.37262567
v 1.55953816 -0.29452563 -2.78493049
v 1.41694969 -0.05360175 -2.53294428
v 0.33781537 2.26616635 -0.56155724
v 0.22771179 2.53923263 -0.36781961
v 0.11429227 2.8575831 -0.17290544
v 0.44463357 2.01183292 -0.74952664
v 0.33781537 2.26616635 -0.56155724
v 1.55953816 -0.29452563 -2.78493049
v 1.41694969 -0.05360175 -2.53294428
v 1.39065702 -0.01993407 -2.48721767
v 0.85701167 2.01183322 0.15817749
v 0.4219485 2.56095421 0.08390178
v 0.69713443 2.22447102 0.12661901
v 3.75356446 -0.71888761 0.59998131
v 3.44934959 -0.52057652 0.55341004
v 3.42436292 -0.51988554 0.54158989
v 1.92438449 0.82010595 0.31413266
v 1.56068178 1.20931854 0.27067344
v 1.99813203 0.75251199 0.34288365
v 1.11223244 1.71495986 0.20041799
v 1.306915 1.5016009 0.23259305
v 1.11223244 1.71495986 0.20041799
v 2.81457368 -0.01992525 0.44531075
v 2.38442567 0.37600097 0.37683945
v 2.4080331 0.3362819 0.39295647
v 1.306915 1.5016009 0.23259305
v 0.20462522 2.86614988 0.0247036
v 0.00689475 3.17302122 -0.00531797
v 0.00598871 3.17226974 -0.00836066
v 4.10714968 -0.85665852 0.64357452
v 3.73713301 -0.73063398 0.58925753
v 1.59807405 1.18187752 0.28045985
v 0.00456874 3.17126337 -0.01112041
v 3.11132232 -0.27952875 0.49270028
v 2.86729978 -0.08791748 0.46702145
v 0.00268758 3.17004443 -0.01349147
v 2.37562794 0.37608188 0.40454209
v 1.83628749 0.93174814 0.31956328
v 0.00041867 3.16865672 -0.01538253
v 1.12349003 1.73092946 0.18992533
v 1.48776386 1.32021523 0.25818066
v 0.72714866 2.19735439 0.11343364
v -0.00215116 3.16715551 -0.01672097
v 2.82939664 -0.04763934 0.47745963
v 2.09899099 0.66301987 0.36257079
v 0.42180187 2.57299812 0.06059487
v 0.17174254 2.89016942 0.01149136
v 2.37036246 0.39500151 0.40686261
v 1.83628749 0.93174814 0.31956328
v 2.09899099 0.66301987 0.36257079
v 0.37464951 2.6119837 0.04496816
v 0.17174254 2.89016942 0.01149136
v -0.00577091 3.16804756 -0.01773895
v -0.01064281 3.16254906 -0.01702324
v 1.90328567 0.88593112 0.32400209
v 2.37036246 0.39500151 0.40686261
v -0.01337135 3.16117753 -0.01587344
v 3.13975724 -0.32303035 0.51045576
v 3.16825266 -0.33863416 0.53193764
v 2.60125554 0.17832885 0.44433928
v 1.53970709 1.27457344 0.25239628
v 1.09712573 1.75764751 0.17030754
v 0.70669853 2.20002886 0.09994205
v -0.01587107 3.159979 -0.01415219
v 0.37464951 2.6119837 0.04496816
v 0.17672418 2.86182665 0.01596031
v 3.42017468 -0.53832127 0.54834131
v 3.4499291 -0.55414189 0.57604254
v 2.8940107 -0.08993021 0.49135712
v -0.01804528 3.15899927 -0.01192554
v -0.01981121 3.15827716 -0.00927919
v 2.60125554 0.17832885 0.44433928
v 0.70669853 2.20002886 0.09994205
v 0.38738488 2.56623061 0.05474581
v -0.02109998 3.15783857 -0.00631466
v 3.16104243 -0.32123093 0.53378344
v 1.6644256 1.13380245 0.26271807
v 1.04831218 1.79386171 0.15638431
v -0.02186269 3.15770142 -0.00314599
v 0.18052491 2.84253534 0.03053913
v 3.44497736 -0.53967661 0.57820541
v 2.30863038 0.48078552 0.37797984
v 2.78745725 0.02370057 0.46675974
v 1.04831218 1.79386171 0.15638431
v 0.68142967 2.21812284 0.09688972
v 3.74640524 -0.74920935 0.62012494
v 3.74673398 -0.73529393 0.62421518
v 3.44497736 -0.53967661 0.57820541
v 3.16104243 -0.32123093 0.53378344
v 3.16826491 -0.31236727 0.53283982
v 0.70828228 2.16631415 0.1137168
v 3.74673398 -0.73529393 0.62421518
v 3.45143959 -0.53029546 0.57717316
v 0.19692309 2.82823213 0.04607514
v 0.42267462 2.52634822 0.08327204
v 1.47213591 1.31563628 0.22743418
v 1.10704633 1.70065401 0.17856593
v 4.10297494 -0.86722128 0.67498624
v 3.75180172 -0.72518171 0.62297606
v 2.81874416 0.00012994 0.4583448
v 2.35239651 0.42430517 0.37114033
v 2.35239651 0.42430517 0.37114033
v 1.63520819 1.14897663 0.25287883
v 1.87476863 0.89366146 0.29269136
v 1.87476863 0.89366146 0.29269136
v 1.63520819 1.14897663 0.25287883
v 0.66611927 2.22629962 0.12338435
v 4.10383819 -0.85228406 0.66929819
v 1.06131933 1.75919577 0.18846377
v 0.20231233 2.83582869 0.04999063
v 0.42385453 2.53923281 0.08655114
v 0.20231233 2.83582869 0.04999063
v -0.00934069 3.16304643 0.01576098
v -0.00196012 3.1626103 0.01404131
v 1.55659429 1.20586358 0.25473755
v 3.1523242 -0.29452969 0.50088982
v 2.86658453 -0.05360562 0.45418129
v 0.64370965 2.26616406 0.12290937
v 0.42385453 2.53923281 0.08655114
v 0.20175245 2.85758243 0.04748854
v 0.85701167 2.01183322 0.15817749
v 0.64370965 2.26616406 0.12290937
v 2.81457368 -0.01992525 0.44531075
v -0.00062228 3.13428238 0.00530791
v -2E-08 3.13375592 -4E-08
v -0.00164585 3.13428238 0.00508453
v -3E-08 3.18854389 -5E-08
v -0.00062228 3.18801744 0.0053079
v -0.00164586 3.18801744 0.00508452
v -0.00260618 3.13428238 0.00466574
v -0.00260618 3.18801744 0.00466574
v -0.00346635 3.13428238 0.00406766
v -0.00346636 3.18801744 0.00406765
v -0.00419332 3.13428238 0.00331325
v -0.00419332 3.18801744 0.00331324
v -0.00475913 3.13428238 0.00243151
v -0.00475914 3.18801744 0.00243151
v -0.00514206 3.13428238 0.00145634
v -0.00514207 3.18801743 0.00145633
v -0.00532738 3.13428238 0.00042519
v -0.00532739 3.18801743 0.00042518
v -0.00530798 3.13428238 -0.0006223
v -0.00530798 3.18801743 -0.00062231
v -0.00508459 3.13428238 -0.00164587
v -0.0050846 3.18801743 -0.00164588
v -0.00466581 3.13428238 -0.0026062
v -0.00466581 3.18801743 -0.00260621
v -0.00406772 3.13428238 -0.00346637
v -0.00406772 3.18801743 -0.00346638
v -0.00331331 3.13428238 -0.00419333
v -0.00331332 3.18801743 -0.00419334
v -0.00243158 3.13428238 -0.00475915
v -0.00243158 3.18801743 -0.00475916
v -0.0014564 3.13428238 -0.00514208
v -0.0014564 3.18801743 -0.00514209
v -0.00042525 3.13428238 -0.0053274
v -0.00042526 3.18801743 -0.00532741
v 0.00062223 3.13428238 -0.00530799
v 0.00062223 3.18801743 -0.005308
v 0.00164581 3.13428238 -0.00508461
v 0.0016458 3.18801743 -0.00508462
v 0.00260613 3.13428238 -0.00466582
v 0.00260613 3.18801743 -0.00466583
v 0.00346631 3.13428238 -0.00406774
v 0.0034663 3.18801743 -0.00406775
v 0.00419327 3.13428238 -0.00331333
v 0.00419326 3.18801743 -0.00331334
v 0.00475909 3.13428238 -0.0024316
v 0.00475908 3.18801744 -0.0024316
v 0.00514201 3.13428238 -0.00145642
v 0.00514201 3.18801744 -0.00145643
v 0.00532734 3.13428238 -0.00042527
v 0.00532733 3.18801744 -0.00042528
v 0.00530793 3.13428238 0.00062221
v 0.00530793 3.18801744 0.00062221
v 0.00508454 3.13428238 0.00164579
v 0.00508454 3.18801744 0.00164578
v 0.00466575 3.18801744 0.00260611
v 0.00466576 3.13428238 0.00260611
v 0.00406767 3.13428238 0.00346629
v 0.00406767 3.18801744 0.00346628
v 0.00331326 3.13428238 0.00419325
v 0.00331326 3.18801744 0.00419324
v 0.00243153 3.13428238 0.00475907
v 0.00243153 3.18801744 0.00475906
v 0.00145635 3.13428238 0.00514199
v 0.00145635 3.18801744 0.00514199
v 0.00042521 3.13428238 0.00532732
v 0.0004252 3.18801744 0.00532731
v -0.01888877 2.97193289 -0.29351787
v -0.01888876 2.91020299 -0.29351786
v -1E-08 3.03915081 -0.494723
v -0.01888877 3.03407262 -0.29351788
v -0.02088735 2.97193289 -0.29342483
v -0.001992 3.03915081 -0.49491
v -0.02087878 2.91020299 -0.29331089
v -0.02088695 3.03407262 -0.29341644
v 1.40635415 0.74834138 -0.96712773
v 1.34507074 0.36043592 -1.03143016
v 1.32539777 0.74079074 -1.0274998
v 1.63725713 0.38348295 -0.47478003
v 1.61983527 0.76939581 -0.53111015
v 1.63516447 0.76999521 -0.45066873
v 0.79258169 0.30817855 4.2E-07
v 0.75826976 0.73411934 -0.35995012
v 0.8086078 0.69002786 3.6E-07
v 1.63516447 0.76999536 0.45066942
v 1.62712528 0.3809755 0.38067381
v 1.63008899 0.76949876 0.35263658
v 0.4709507 0.73285785 -1.64527228
v 0.15899336 0.73158037 -1.71113934
v 0.75826976 0.73411934 -0.35995012
v -0.19083555 -0.82475507 2.01569789
v -0.55948565 -0.8260221 1.93738475
v 0.99645069 -0.80434229 0.75651811
v 1.65061975 -0.05025779 0.48848631
v 1.67062421 -0.30219745 0.40957287
v 1.6333223 -0.05454191 0.40184107
v 0.79600024 -0.35624554 5.3E-07
v 0.74367487 -0.07515241 -0.57761818
v 0.77576665 -0.1177404 4.9E-07
v 1.6065205 -0.03508232 -0.75459498
v 1.61374175 -0.2987641 -0.81661513
v 1.56608837 -0.03863213 -0.80875644
v 1.26182049 0.34197837 1.09038369
v 1.32539777 0.74079107 1.0275005
v 1.2545156 0.73445217 1.08983075
v 1.64379617 -0.30677937 -0.31111928
v 1.6333223 -0.05454204 -0.40184011
v 1.61340711 -0.06154179 -0.2785867
v 1.61460257 0.37253714 -0.21509971
v 1.63008899 0.76949864 -0.35263589
v 1.62157164 0.75966125 -0.15354033
v 1.75261825 -0.67049626 0.35343635
v 0.93135744 -0.74544596 0.74402533
v 0.86317701 -0.67294213 0.72870061
v 1.68056207 -0.5030082 0.33482981
v 0.82793373 -0.59856843 0.71104203
v 0.79830737 -0.50707452 0.68860777
v 1.61460257 0.37253721 0.21510052
v 0.75826976 0.73411946 0.35995082
v 1.62157164 0.7596613 0.15354102
v 1.56379628 -0.3034905 0.87297731
v 1.56608837 -0.03863186 0.8087574
v 1.51864751 -0.04310961 0.86198299
v 1.61374175 -0.29876384 0.81661617
v 1.6065205 -0.03508207 0.75459593
v 1.56608837 -0.03863186 0.8087574
v 1.61983527 0.76939598 0.53111084
v 1.63725713 0.3834831 0.47478085
v 1.63516447 0.76999536 0.45066942
v 0.75018663 0.35232567 0.46277657
v 0.77576665 -0.1177404 4.9E-07
v 0.75826976 0.73411946 0.35995082
v 1.71400536 -0.59564464 0.34529411
v 0.76808338 -0.31523448 0.63958738
v 0.82193268 -0.54675014 5.6E-07
v 0.74367487 -0.07515223 0.57761915
v 1.82571717 -0.74223069 0.36270986
v 1.61340711 -0.06154179 -0.2785867
v 1.62712528 0.38097538 -0.380673
v 1.62712528 0.38097538 -0.380673
v 1.63516447 0.76999521 -0.45066873
v 1.63008899 0.76949864 -0.35263589
v 1.67062421 -0.30219758 -0.40957183
v 1.65061975 -0.05025795 -0.48848536
v 1.6333223 -0.05454204 -0.40184011
v 1.56379628 -0.30349079 -0.87297627
v 1.56084031 -0.52107651 -0.9502202
v 1.51888404 -0.30708515 -0.93584196
v 1.34507074 0.36043625 1.03143098
v 1.40635415 0.7483417 0.96712842
v 1.32539777 0.74079107 1.0275005
v 0.99645069 -0.80434254 -0.75651691
v 1.82571717 -0.74223081 -0.36270868
v 0.93135744 -0.7454462 -0.74402415
v 1.75261825 -0.67049637 -0.35343519
v 0.86317701 -0.67294236 -0.72869945
v 1.56608837 -0.03863213 -0.80875644
v 1.56379628 -0.30349079 -0.87297627
v 1.51864751 -0.04310989 -0.86198204
v 0.76808338 -0.31523469 -0.63958634
v 1.6333223 -0.05454191 0.40184107
v 1.64379617 -0.30677927 0.31112032
v 1.61340711 -0.0615417 0.27858766
v 1.56084031 -0.5210762 0.95022131
v 1.56379628 -0.3034905 0.87297731
v 1.51888404 -0.30708485 0.935843
v 1.71400536 -0.59564475 -0.34529297
v 0.82793373 -0.59856866 -0.71104089
v 1.68056207 -0.50300831 -0.33482871
v 0.79830737 -0.50707474 -0.68860666
v 1.62712528 0.3809755 0.38067381
v 1.61340711 -0.0615417 0.27858766
v 1.61460257 0.37253721 0.21510052
v 1.63008899 0.76949876 0.35263658
v 1.62157164 0.7596613 0.15354102
v 0.75018663 0.35232552 -0.46277575
v 0.75826976 0.73411934 -0.35995012
v 1.61460257 0.37253714 -0.21509971
v 1.62157164 0.75966125 -0.15354033
v 1.32539777 0.74079074 -1.0274998
v 1.26182049 0.34197801 -1.09038286
v 1.2545156 0.73445182 -1.08983005
v 1.7138295 0.68989334 0.34430137
v 1.71480212 0.68973677 0.34109572
v 1.7311227 0.68960285 0.34430137
v 1.01238763 0.70983691 -1.42006595
v 0.97135744 0.70984461 -1.4537386
v 0.98057973 0.71016646 -1.46766993
v 1.7311227 0.68960285 0.34430137
v 1.71143051 0.67908616 0.52252138
v 1.71143052 0.56048476 0.52252139
v -0.98068378 0.6863109 -1.46766993
v -0.84071232 0.67826268 -1.57970397
v -0.84071231 0.55883836 -1.57970395
v 0.98057972 0.75590135 -1.46766994
v 0.84066051 0.79768715 -1.57970399
v 0.98057972 0.80163624 -1.46766994
v -1.73122669 0.77468513 0.34430136
v -1.71148251 0.79768727 0.52252136
v -1.7312267 0.80163629 0.34430135
v 0.34429999 0.68047669 1.73112411
v 0.17215009 0.67680467 1.78112459
v 0.1721501 0.5559217 1.78112461
v 1.73112269 0.74561997 0.34430136
v 1.78112354 0.79768752 0.17215085
v 1.73112269 0.8016366 0.34430135
v -0.98068379 0.74397336 -1.46766994
v -1.13774195 0.79768701 -1.38123495
v -0.98068379 0.80163606 -1.46766994
v 0.34429998 0.71359543 -1.73122565
v 0.52252058 0.68508408 -1.71148183
v 0.52252059 0.57248082 -1.71148181
v 0.34429998 0.74105669 1.7311241
v 0.52252057 0.79768766 1.7114314
v 0.34429998 0.8016367 1.73112409
v 1.73112269 0.70239206 -0.34440288
v 1.78112355 0.68228339 -0.17220126
v 1.78112356 0.56687932 -0.17220124
v -1.46767122 0.68610309 -0.98068262
v -1.38123572 0.67821068 -1.13774153
v -1.38123571 0.55873459 -1.13774151
v 0.98057973 0.68119258 1.46756852
v 0.84066052 0.67698366 1.57965369
v 0.84066053 0.55627967 1.57965371
v 0.34429998 0.75761579 -1.73122566
v 0.17215008 0.79768706 -1.78117489
v 0.34429998 0.80163614 -1.73122567
v 1.73112269 0.75201427 -0.34440288
v 1.71143049 0.7976874 -0.52257177
v 1.73112269 0.80163648 -0.34440289
v -1.46767122 0.7438696 -0.98068263
v -1.57970477 0.79768706 -0.84071167
v -1.46767123 0.8016361 -0.98068264
v 0.98057972 0.74141465 1.46756851
v 1.13769019 0.79768766 1.38118463
v 0.98057972 0.80163671 1.4675685
v 1.46756697 0.70514395 -0.98068262
v 1.57965264 0.68297127 -0.84071166
v 1.57965265 0.5682552 -0.84071164
v -1.73122669 0.71756918 -0.34440288
v -1.7114825 0.68607751 -0.52257175
v -1.71148249 0.57446766 -0.52257173
v 1.46756697 0.6973965 0.98058102
v 1.38118386 0.6810345 1.13769099
v 1.38118387 0.56438137 1.13769101
v -0.34440413 0.69283974 -1.73122565
v -0.17220197 0.6798951 -1.78117487
v -0.17220196 0.56210293 -1.78117485
v 1.46756697 0.75339015 -0.98068263
v 1.38118385 0.79768727 -1.13774155
v 1.46756697 0.80163636 -0.98068264
v -1.73122669 0.75960268 -0.34440289
v -1.78117542 0.79768715 -0.17220128
v -1.7312267 0.80163618 -0.34440289
v 1.46756697 0.74951634 0.98058101
v 1.57965263 0.79768761 0.84066123
v 1.46756697 0.80163668 0.980581
v -0.34440414 0.74723791 -1.73122566
v -0.52257249 0.79768701 -1.71148185
v -0.34440414 0.80163608 -1.73122567
v 0.98057973 0.71016646 -1.46766993
v 1.1376902 0.68422692 -1.38123493
v 1.13769021 0.57076639 -1.38123491
v 0.44303442 1.34699338 -0.83416266
v 0.51777632 1.34460591 -0.77709751
v 0.78614296 1.0092367 -1.17750971
v -1.73122669 0.74773372 0.34430136
v -1.78117542 0.69361853 0.17215086
v -1.78117541 0.58955011 0.17215088
v 0.17433994 0.70847322 -1.73122565
v 0.28801415 0.71243648 -1.72002968
v 0.34109552 0.78985667 -1.71480159
v 0.34109552 0.71286064 -1.71480157
v 0.50120952 0.71274989 -1.66623159
v 0.66908277 0.78985672 -1.61530788
v 0.66908278 0.6636091 -1.61530786
v 0.82379588 0.71101151 -1.53261199
v 1.2363034 0.78985683 -1.236303
v 1.23630341 0.66004623 -1.23630298
v 1.34777458 0.70637954 -1.10047502
v 1.45373901 0.78985689 -0.97135704
v 1.45373902 0.70528459 -0.97135702
v 1.53234328 0.70446768 -0.82429889
v 1.71480211 0.78985702 -0.34109503
v 1.66639789 0.70306784 -0.50066226
v 1.69939416 0.70272062 -0.39188774
v 1.71480212 0.70240201 -0.34109501
v 1.7311227 0.6992535 -0.17538994
v 1.7311227 0.69273967 0.17539065
v 1.71480599 0.68973477 0.34105579
v 1.71480211 0.78985713 0.34109571
v 1.71480212 0.68973677 0.34109572
v 1.7138295 0.68989334 0.34430137
v 1.61530828 0.78985717 0.66908299
v 1.61530829 0.64818521 0.66908301
v 1.53215516 0.69548655 0.8246516
v 1.2363034 0.78985723 1.23630368
v 1.23630341 0.64469571 1.23630371
v 1.09990569 0.68516304 1.34824249
v 0.97135743 0.78985724 1.45373929
v 0.97135744 0.68215091 1.45373931
v 0.82464525 0.6810171 1.53215858
v 0.50028734 0.68065218 1.66651193
v 0.39170216 0.68119058 1.69945096
v 0.34109552 0.78985723 1.71480227
v 0.34109553 0.68012721 1.71480229
v 0.1753783 0.67652538 1.73112411
v 1.8E-07 0.78985721 1.74839729
v 2E-07 0.630785 1.74839732
v -0.17537791 0.66832057 1.73112411
v -0.6690824 0.78985713 1.61530856
v -0.66908239 0.61288784 1.61530859
v -0.82428518 0.64380272 1.53235083
v -1.23630304 0.78985702 1.23630368
v -1.23630302 0.60093277 1.23630371
v -1.34776369 0.63578924 1.10048849
v -1.45373864 0.78985695 0.97135772
v -1.45373863 0.64245021 0.97135774
v -1.53261915 0.66305273 0.82378242
v -1.73122669 0.7402891 0.17432904
v -1.74839676 0.68086976 3.6E-07
v -1.74839677 0.78985677 3.4E-07
v -1.73122669 0.72501828 -0.17432834
v -1.61530791 0.78985667 -0.66908231
v -1.6153079 0.65538511 -0.66908228
v -1.53280752 0.69387975 -0.82342965
v -1.45373864 0.78985664 -0.97135704
v -1.45373863 0.68807949 -0.97135702
v -1.3472957 0.68615436 -1.10105801
v -1.1010578 0.68625938 -1.34729591
v -1.0126185 0.68764086 -1.41987619
v -0.97135707 0.7898566 -1.45373861
v -0.92431732 0.6874716 -1.47888189
v -0.82343575 0.68792438 -1.53280423
v -0.6690824 0.7898566 -1.61530788
v -0.66908239 0.64522776 -1.61530786
v -0.50159964 0.69122676 -1.66611321
v -0.34109515 0.78985661 -1.71480159
v -0.34109514 0.69372762 -1.71480157
v -0.17433956 0.69796494 -1.73122565
v 0.00670163 -0.27952983 3.1500867
v 0.00804982 -0.51988287 3.46691455
v 0.01705177 -0.87061853 4.15710356
v -0.02360484 1.1818766 1.6223271
v -0.0264181 -0.08992957 2.93530755
v -0.00360209 3.15787168 -0.02177467
v -0.00671359 3.15834188 -0.02091488
v -0.00153823 2.84253541 0.18308332
v -0.00671359 3.15834188 -0.02091488
v -0.0095742 3.15909336 -0.01953802
v -0.01207398 3.16009873 -0.01769804
v -0.0095742 3.15909336 -0.01953802
v 0.00951361 1.14897821 1.65461751
v -0.01704237 3.16304646 -0.00672435
v -0.0155853 3.17032213 -0.01266281
v -0.01411689 3.16131817 -0.01546482
v 0.00690753 0.34852398 2.45274416
v -0.01182754 3.1713831 0.00296392
v 0.00817689 0.89365558 1.89746696
v 0.00690753 0.34852398 2.45274416
v -0.00928441 3.17236359 0.00475718
v -0.0063916 3.17308594 0.00608133
v -0.00326027 3.17352379 0.00688415
v -1.076E-05 3.17366094 0.00713495
v -2.95363999 -0.27953142 1.09503553
v -2.67172984 -0.01992166 0.99093835
v -3.25047809 -0.51988477 1.20580461
v -3.8949879 -0.86966272 1.45289231
v -1.53050457 1.18187791 0.53856506
v -0.36451768 2.5662314 0.1420934
v -2.76353782 -0.0899249 0.98972168
v 0.01918773 3.15787168 -0.01090597
v 0.01730552 3.15834188 -0.01352855
v 0.01502482 3.15909336 -0.01573699
v 0.01243424 3.16009873 -0.01744678
v -1.54937089 1.14896558 0.58080756
v 0.00041964 3.16304646 -0.01831621
v 0.00649572 3.1703221 -0.01900141
v 0.00963257 3.16131817 -0.01859193
v -2.29919323 0.34853099 0.85420714
v -0.00686921 3.1713831 -0.01007425
v -1.77768932 0.8936724 0.66347799
v -2.29919323 0.34853099 0.85420714
v -2.26319359 0.37601981 0.83985036
v -2.29919323 0.34853099 0.85420714
v -1.77768932 0.8936724 0.66347799
v -0.00767299 3.17236358 -0.00706805
v -0.00791571 3.17308594 -0.00389585
v -0.00758679 3.17352378 -0.00068002
v -0.00669902 3.17366094 0.00245591
v -2.04840341 -0.2795354 -2.39314791
v -2.25493953 -0.5198873 -2.63340716
v -2.70947041 -0.86445878 -3.15291756
v -1.03435479 1.18187641 -1.25004365
v -1.88387767 -0.08993133 -2.25116236
v 0.01686556 3.15787168 0.01423588
v 0.01867598 3.15834189 0.01156323
v 0.01996005 3.15909336 0.00865979
v 0.0206691 3.16009874 0.00563792
v -1.08050678 1.14897702 -1.25313814
v 0.01733238 3.16304662 -0.00593679
v 0.02007543 3.1703221 -0.00047195
v 0.02077536 3.16131818 0.00261312
v -1.59621931 0.34853434 -1.86226345
v 0.00707918 3.1713831 -0.0099278
v -1.23698729 0.893695 -1.43880417
v -1.59621931 0.34853434 -1.86226345
v 0.00398043 3.17236359 -0.00964303
v 0.00091984 3.17308594 -0.0087744
v -0.00198412 3.17352378 -0.00735428
v -0.00461997 3.17366094 -0.00543737
v 1.53768748 -0.2795334 -2.7492956
v 1.39065702 -0.01993407 -2.48721767
v 1.69175629 -0.51988627 -3.02614274
v 2.0221546 -0.86446168 -3.6322184
v 0.81550967 1.1818763 -1.40265645
v 0.18526176 2.56623006 -0.34459027
v 1.46131831 -0.08993432 -2.54583949
v -0.00752947 3.15787168 0.02074644
v -0.00439581 3.15834188 0.02152156
v -0.00122749 3.15909336 0.021723
v 0.00185322 3.16009874 0.02134392
v 0.80247253 1.14895487 -1.44705219
v 0.01156134 3.16304647 0.01421237
v 0.00738136 3.17032213 0.0186751
v 0.00472833 3.16131818 0.02039819
v 1.19581818 0.34851064 -2.141514
v 0.01176265 3.17138311 0.00321161
v 0.92261507 0.89366915 -1.6580634
v 1.19581818 0.34851064 -2.141514
v 1.17773261 0.37599798 -2.10723836
v 1.19581818 0.34851064 -2.141514
v 0.92261507 0.89366915 -1.6580634
v 0.01042443 3.17236359 0.00040226
v 0.00855152 3.17308594 -0.0021695
v 0.00621523 3.17352379 -0.00440367
v 0.00350545 3.17366094 -0.00621455
v 3.11132232 -0.27952875 0.49270028
v 3.42436292 -0.51988554 0.54158989
v 1.59807405 1.18187752 0.28045985
v 4.10722368 -0.86900925 0.64235371
v 2.8940107 -0.08993021 0.49135712
v -0.02207032 3.15787168 0.00010501
v -0.02171461 3.15834188 0.00331346
v -0.02080859 3.15909336 0.00635614
v -0.0193881 3.16009873 0.00911598
v 1.63520819 1.14897663 0.25287883
v -0.00934069 3.16304643 0.01576098
v -0.0149731 3.17032213 0.01338103
v -0.01750694 3.16131817 0.01148704
v 2.4228293 0.3485241 0.381962
v 0.00105171 3.17138311 0.01214776
v 1.87476863 0.89366146 0.29269136
v 2.4228293 0.3485241 0.381962
v 0.0032254 3.17236359 0.00992102
v 0.00499135 3.17308594 0.00727467
v 0.00628036 3.17352379 0.00431018
v 0.00704307 3.17366094 0.00114151
v 0.5225206 0.55592172 1.71143144
v 0.34429999 0.68047669 1.73112411
v 0.50028734 0.68065218 1.66651193
v 0.84066053 0.57076633 -1.57970395
v 0.82379588 0.71101151 -1.53261199
v 1.66651376 0.69151355 0.50028106
v 1.71143052 0.56048476 0.52252139
v 1.34824245 0.69342605 1.0999056
v 1.46756697 0.6973965 0.98058102
v 1.38118387 0.56438137 1.13769101
v 1.23630341 0.66004623 -1.23630298
v 1.2363034 0.78985683 -1.236303
v 0.97135744 0.70984461 -1.4537386
v 1.23630341 0.64469571 1.23630371
v 1.2363034 0.78985723 1.23630368
v 1.45373902 0.69671621 0.97135773
v -0.34109514 0.66501818 1.71480229
v -1.23630302 0.60093277 1.23630371
v -1.23630304 0.78985702 1.23630368
v -0.97135706 0.64061034 1.45373931
v -1.71480174 0.74731753 0.34109571
v -1.71382912 0.74744174 0.34430136
v -1.61530791 0.78985689 0.66908299
v -1.66622726 0.72001965 0.50122415
v -1.6153079 0.64676884 0.66908301
v -1.71480174 0.71743825 -0.34109501
v -1.71479011 0.71743651 -0.34113339
v -1.71379824 0.71749301 -0.34440288
v -0.01362278 3.14211478 -0.00910248
v -0.01513682 3.14211478 -0.00626991
v -0.01606916 3.14211478 -0.00319639
v -0.01638397 3.14211478 -4E-08
v -0.01606916 3.14211478 0.00319631
v -0.01513682 3.14211478 0.00626982
v -0.01362278 3.14211478 0.00910239
v -0.01158523 3.14211478 0.01158516
v -0.00910246 3.14211478 0.01362272
v -0.00626989 3.14211478 0.01513675
v -0.00319637 3.14211478 0.0160691
v -2E-08 3.14211478 0.01638391
v 0.00319633 3.14211478 0.0160691
v 0.00626984 3.14211478 0.01513675
v 0.00910241 3.14211478 0.01362272
v 0.01158518 3.14211478 0.01158516
v 0.01362273 3.14211478 0.00910239
v 0.01362273 3.14211478 0.00910239
v 0.01513677 3.14211478 0.00626982
v 0.01606912 3.14211478 0.00319631
v 0.01638393 3.14211478 -4E-08
v 0.01606912 3.14211478 -0.00319639
v 0.01513677 3.14211478 -0.00626991
v 0.01362273 3.14211478 -0.00910248
v 0.01158518 3.14211478 -0.01158525
v 0.00910241 3.14211478 -0.0136228
v 0.00910241 3.14211478 -0.0136228
v 0.00626984 3.14211478 -0.01513684
v 0.00319633 3.14211478 -0.01606918
v -2E-08 3.14211478 -0.01638399
v -0.00319637 3.14211478 -0.01606918
v -0.00626989 3.14211478 -0.01513684
v -0.00910246 3.14211478 -0.0136228
v -0.01158523 3.14211478 -0.01158525
v -0.00626984 2.62009944 -0.01513675
v -0.00319633 2.62009944 -0.0160691
v 2E-08 2.62009945 -0.01638391
v 0.00319637 2.62009945 -0.0160691
v 0.00626989 2.62009945 -0.01513675
v 0.00910246 2.62009945 -0.01362272
v 0.01158523 2.62009945 -0.01158516
v 0.01362278 2.62009945 -0.00910239
v 0.01513682 2.62009945 -0.00626982
v 0.01606916 2.62009945 -0.00319631
v 0.01638397 2.62009945 4E-08
v 0.01606916 2.62009945 0.00319639
v 0.01513682 2.62009945 0.00626991
v 0.01362278 2.62009945 0.00910248
v 0.01158523 2.62009945 0.01158525
v 0.00910246 2.62009945 0.0136228
v 0.00626989 2.62009945 0.01513684
v 0.00319637 2.62009945 0.01606918
v -0.00626984 2.62009945 0.01513684
v 2E-08 2.62009945 0.01638399
v -0.00319633 2.62009945 0.01606918
v -0.00910241 2.62009945 0.0136228
v -0.01158518 2.62009945 0.01158525
v -0.01362273 2.62009945 0.00910248
v -0.01513677 2.62009945 0.00626991
v -0.01606912 2.62009945 0.00319639
v -0.01513677 2.62009945 -0.00626982
v -0.01638393 2.62009945 4E-08
v -0.01606912 2.62009945 -0.00319631
v -0.01362273 2.62009945 -0.00910239
v -0.01158518 2.62009944 -0.01158516
v -0.00910241 2.62009944 -0.01362272
v -0.23441384 2.24381254 0.09709753
v -0.24885241 2.24381253 0.04949994
v -0.23441384 2.24381251 -0.09709732
v -0.25372773 2.24381252 1E-07
v -0.24885241 2.24381251 -0.04949973
v -0.21096688 2.2438125 -0.14096349
v -0.17941257 2.2438125 -0.17941252
v -0.14096354 2.2438125 -0.21096683
v -0.09709737 2.2438125 -0.2344138
v -0.04949978 2.2438125 -0.24885236
v 0.09709748 2.24381251 -0.2344138
v 6E-08 2.2438125 -0.25372768
v 0.04949989 2.24381251 -0.24885236
v 0.14096365 2.24381252 -0.21096683
v 0.17941268 2.24381253 -0.17941252
v 0.21096699 2.24381254 -0.14096349
v 0.23441396 2.24381255 -0.09709732
v 0.24885252 2.24381256 -0.04949973
v 0.23441396 2.24381258 0.09709753
v 0.25372784 2.24381256 1E-07
v 0.24885252 2.24381257 0.04949994
v 0.21096699 2.24381258 0.1409637
v 0.17941268 2.24381259 0.17941273
v 0.14096365 2.24381259 0.21096704
v 0.09709748 2.24381259 0.234414
v 0.04949989 2.24381259 0.24885257
v -0.09709737 2.24381257 0.234414
v 6E-08 2.24381258 0.25372788
v -0.04949978 2.24381258 0.24885257
v -0.14096354 2.24381256 0.21096704
v -0.17941257 2.24381256 0.17941273
v -0.21096688 2.24381255 0.1409637
v -1.1617025 0.73389053 -1.23100176
v -1.20894961 0.73424673 -1.16213696
v -1.09665357 0.73389973 -1.28097274
v -1.2545846 0.73460319 -1.09102305
v -1.02948183 0.73390919 -1.32923559
v -1.31161193 0.73495964 -1.02981679
v -1.39898505 0.73541318 -0.8917472
v -1.36609852 0.7353161 -0.96766091
v -1.43002183 0.73551052 -0.81367381
v -1.4752157 0.73561208 -0.74066877
v -1.55185985 0.7375569 -0.50432053
v -1.51783307 0.73571415 -0.6671593
v -1.53599789 0.7366354 -0.58655842
v -1.58297438 0.73854934 -0.42261968
v -1.61381729 0.73746559 -0.18528743
v -1.61141655 0.73954153 -0.34191539
v -1.61387029 0.73850381 -0.26464562
v -1.62966899 0.73614784 -0.09411901
v -1.61381729 0.73746565 0.18528813
v -1.64288058 0.73482985 3.5E-07
v -1.62966899 0.73614787 0.09411971
v -1.61387029 0.7385039 0.26464632
v -1.58528075 0.73864481 0.4145599
v -1.61180067 0.73954164 0.3405729
v -1.55570471 0.73774748 0.49088674
v -1.53830464 0.73673092 0.57849876
v -1.43002183 0.73551078 0.81367451
v -1.5182172 0.73571437 0.66581676
v -1.4752157 0.73561233 0.74066947
v -1.39898505 0.73541347 0.8917479
v -1.2566141 0.73462072 1.08839013
v -1.36630102 0.73531641 0.96739811
v -1.31282918 0.73496869 1.02823712
v -1.21016686 0.73425582 1.16055742
v -1.03425263 0.73390863 1.32507306
v -1.16238187 0.73389093 1.23032221
v -1.09951593 0.7338999 1.27847507
v -0.97451787 0.73391885 1.387073
v -0.76494767 0.7363742 1.51647174
v -0.91313967 0.73392882 1.44694994
v -0.83968927 0.73515151 1.48297621
v -0.69714806 0.73759664 1.56374047
v -0.47485575 0.73863988 1.64434936
v -0.62904801 0.73881958 1.60815397
v -0.55281236 0.73872948 1.62740954
v -0.39815692 0.73854456 1.67722276
v -0.16195538 0.73397373 1.71102579
v -0.32120627 0.73844923 1.70736842
v -0.24196967 0.73621148 1.71057766
v -0.08109731 0.73163741 1.72726949
v 0.15277995 0.73147365 1.71177466
v -0.00093715 0.72930134 1.7408097
v 0.07557256 0.73038737 1.72773849
v 0.23641249 0.73266721 1.71084366
v 0.4709507 0.73285838 1.64527298
v 0.31979699 0.73386077 1.7071803
v 0.39576502 0.73335945 1.67760464
v 0.55042593 0.73235732 1.62788378
v 0.69703275 0.73092058 1.56355498
v 0.6285567 0.73185601 1.60805609
v 0.76483218 0.72998465 1.51632212
v 0.8395917 0.72904922 1.48286021
v 0.75826976 0.73411946 0.35995082
v 0.91258355 0.72811355 1.44728432
v 0.97155556 0.72786712 1.38947962
v 1.02936102 0.72762068 1.32913529
v 1.09653057 0.7273745 1.28086156
v 1.1615775 0.72712807 1.23087996
v 1.20885236 0.72981736 1.16194791
v 1.2545156 0.73445217 1.08983075
v 1.32539777 0.74079107 1.0275005
v 1.40635415 0.7483417 0.96712842
v 1.44627403 0.74928359 0.89975137
v 1.48352805 0.75186111 0.83749249
v 1.52912379 0.75621714 0.78485146
v 1.59922445 0.76733646 0.60184919
v 1.56892154 0.76111805 0.73203312
v 1.58640462 0.76457623 0.66954393
v 1.61983527 0.76939598 0.53111084
v 1.63516447 0.76999536 0.45066942
v 1.63008899 0.76949876 0.35263658
v 1.62157164 0.7596613 0.15354102
v -0.91266274 0.73392835 -1.44736612
v -0.97165556 0.73391865 -1.38957054
v -0.83968927 0.73515103 -1.48297551
v -0.76494767 0.7363737 -1.51647104
v -0.62867177 0.73881881 -1.60827664
v -0.69714806 0.73759613 -1.56373978
v -0.55055275 0.73872646 -1.62814833
v -0.47108951 0.73863362 -1.64558141
v -0.32054474 0.73844868 -1.70752223
v -0.39589733 0.73854127 -1.67796144
v -0.24025995 0.73616164 -1.71076572
v -0.15910583 0.73387461 -1.71133959
v 1.62157164 0.75966125 -0.15354033
v 1.63008899 0.76949864 -0.35263589
v -3.068E-05 0.72930053 -1.74077775
v -0.07938759 0.73158757 -1.72745779
v 0.07930067 0.73044057 -1.72735779
v 0.32041843 0.73386021 -1.7071166
v 0.2401407 0.73272017 -1.71046284
v 0.39576502 0.7333589 -1.67760394
v 0.6285567 0.73185548 -1.60805539
v 0.55042593 0.73235679 -1.62788308
v 0.69703275 0.73092007 -1.56355427
v 0.76483218 0.72998416 -1.51632141
v 0.91258355 0.72811308 -1.44728362
v 0.8395917 0.72904874 -1.48285951
v 0.97155556 0.72786666 -1.38947891
v 1.02936102 0.72762025 -1.32913459
v 1.1615775 0.72712767 -1.23087926
v 1.09653057 0.72737409 -1.28086086
v 1.20885236 0.72981698 -1.16194721
v 1.2545156 0.73445182 -1.08983005
v 1.44627403 0.7492833 -0.89975068
v 1.40635415 0.74834138 -0.96712773
v 1.32539777 0.74079074 -1.0274998
v 1.56892154 0.76111781 -0.73203243
v 1.52912379 0.75621688 -0.78485077
v 1.58640462 0.76457602 -0.66954324
v 1.48352805 0.75186084 -0.8374918
v 1.59922445 0.76733626 -0.6018485
v 1.63516447 0.76999521 -0.45066873
v 1.61983527 0.76939581 -0.53111015
v 1.89177285 -0.80160942 0.36807551
v 1.78407642 -0.82175712 0.96126976
v 1.93935571 -0.79833019 0.41695343
v 1.97055474 -0.79709927 0.57638971
v 1.95499179 -0.80013728 0.65408598
v 1.97376223 -0.7962338 0.49574585
v 1.9426662 -0.80399472 0.73067106
v 1.85662858 -0.8152171 0.88475861
v 1.91570378 -0.80883614 0.80931108
v 1.71006577 -0.82648777 1.04875113
v 1.62899013 -0.82798051 1.13942898
v 1.54495413 -0.82680612 1.21307639
v 1.47785145 -0.82680611 1.28525743
v 1.42414374 -0.8268061 1.3690713
v 1.3685244 -0.82680609 1.45021744
v 1.29191813 -0.8266886 1.50912077
v 1.93935571 -0.79833032 -0.41695223
v 1.89177285 -0.80160954 -0.36807431
v 1.97055474 -0.79709946 -0.57638851
v 1.78407642 -0.82175743 -0.96126855
v 1.95499179 -0.80013749 -0.65408478
v 1.97376223 -0.79623396 -0.49574465
v 1.21279411 -0.82657111 1.56599835
v 1.85662858 -0.81521739 -0.88475741
v 1.14466444 -0.82645337 1.63705139
v 0.9891649 -0.82589455 1.74699456
v 1.07515114 -0.82633612 1.70509231
v 1.9426662 -0.80399496 -0.73066986
v 1.91570378 -0.8088364 -0.80930988
v 0.9010821 -0.82545322 1.78638957
v 0.82116977 -0.82501189 1.84195478
v 0.74045507 -0.82457056 1.89428013
v 0.64843184 -0.82448021 1.91769918
v 0.55481412 -0.8243901 1.938226
v 1.62899013 -0.82798088 -1.13942778
v 1.71006577 -0.82648811 -1.04874992
v 0.46623073 -0.82429975 1.97629726
v 0.278493 -0.82420492 2.01543852
v 0.3767204 -0.82421861 2.01110215
v 0.17997131 -0.82419149 2.01653351
v 0.08899206 -0.8241793 2.03527896
v -0.09558364 -0.82446084 2.03474896
v -0.00115935 -0.82416711 2.05059316
v -0.2850994 -0.8250366 2.01518814
v -0.46911285 -0.82567012 1.97601188
v -0.37844049 -0.82531813 2.01140353
v -0.65133756 -0.82635367 1.91746231
v -0.82138743 -0.82671562 1.84249165
v -0.74114848 -0.82668548 1.89479325
v -0.90127063 -0.82674575 1.78680432
v -0.98930675 -0.82677613 1.74729306
v -1.14812128 -0.82680081 1.63424764
v -1.07581224 -0.82680627 1.70478094
v -1.2184812 -0.82679535 1.56119636
v -1.29533609 -0.82679039 1.50623202
v -1.42560033 -0.82679092 1.36721943
v -1.36934838 -0.82678543 1.44942382
v -1.4802663 -0.82679617 1.28216581
v -1.54640398 -0.82680141 1.2112184
v -1.64781755 -0.82680642 1.05036875
v -1.60928804 -0.82680641 1.13945673
v -1.68439294 -0.82680644 0.95840702
v -1.73758754 -0.82680646 0.87239521
v -1.81186207 -0.8268065 0.68136228
v -1.78818251 -0.82680648 0.78419235
v -1.83235451 -0.82680652 0.57818346
v -1.86714215 -0.82680653 0.48824985
v -1.90081318 -0.82680658 0.21818888
v -1.89830544 -0.82680655 0.40109101
v -1.90081868 -0.82680657 0.31167478
v -1.91948437 -0.8268066 0.11084455
v -1.91948437 -0.82680664 -0.11084334
v -1.93502358 -0.82680662 6E-07
v -1.90081318 -0.82680665 -0.21818767
v -1.90081868 -0.82680667 -0.31167357
v -1.86442841 -0.82680669 -0.49774145
v -1.89785019 -0.82680668 -0.40268255
v -1.82783689 -0.82680671 -0.59398239
v -1.80914757 -0.82680672 -0.69085398
v -1.73758754 -0.82680674 -0.872394
v -1.78772726 -0.82680674 -0.78578382
v -1.68439294 -0.82680675 -0.95840581
v -1.64781755 -0.82680677 -1.05036754
v -1.47788243 -0.82679633 -1.28526222
v -1.60904742 -0.82680678 -1.13976777
v -1.54497161 -0.82680156 -1.21307818
v -1.42416809 -0.82679112 -1.36907935
v -1.21287021 -0.82679636 -1.56609326
v -1.36854238 -0.8267859 -1.45022873
v -1.29196498 -0.82679113 -1.50917381
v -1.14475016 -0.82680159 -1.63718943
v -0.90127063 -0.82674633 -1.78680311
v -1.0752465 -0.82680682 -1.7052736
v -0.98930675 -0.8267767 -1.74729185
v -0.82138743 -0.82671622 -1.84249045
v -0.55505372 -0.82600232 -1.93882641
v -0.74070142 -0.8266861 -1.89493767
v -0.64867494 -0.82634433 -1.91832822
v -0.46645026 -0.82566055 -1.97687755
v -0.18748312 -0.82474328 -2.01606106
v -0.37765568 -0.82531879 -2.01158507
v -0.28308515 -0.82503103 -2.01540618
v -0.09356938 -0.82445553 -2.03496713
v 0.09338445 -0.82417822 -2.0348285
v -8.441E-05 -0.82416777 -2.05055408
v 0.18728177 -0.82418866 -2.01578406
v 0.28288489 -0.82419936 -2.01498694
v 0.46623073 -0.82430039 -1.97629605
v 0.37745661 -0.82421005 -2.01102382
v 0.55481412 -0.82439074 -1.93822479
v 0.64843184 -0.82448083 -1.91769797
v 0.74045507 -0.82457118 -1.89427892
v 0.82116977 -0.82501249 -1.84195357
v 0.9010821 -0.8254538 -1.78638836
v 0.9891649 -0.82589512 -1.74699335
v 1.07515114 -0.82633668 -1.7050911
v 1.14466444 -0.8264539 -1.63705018
v 1.21279411 -0.82657162 -1.56599714
v 1.29191813 -0.8266891 -1.50911956
v 1.3685244 -0.82680657 -1.45021623
v 1.42414374 -0.82680655 -1.3690701
v 1.47785145 -0.82680653 -1.28525622
v 1.54495413 -0.82680651 -1.21307518
v 1.01099552 -0.85509072 6.1E-07
v 1.83159552 -0.66467159 0.49936491
v 1.91013917 -0.73554925 0.50305273
v 1.87398015 -0.73790028 0.42393184
v 1.78407642 -0.82175712 0.96126976
v 1.85662858 -0.8152171 0.88475861
v 1.80638735 -0.75464681 0.86656684
v 1.85662858 -0.8152171 0.88475861
v 1.91570378 -0.80883614 0.80931108
v 1.86206643 -0.74846224 0.79759711
v 1.62324079 0.38611988 0.55269208
v 1.64076778 -0.0450059 0.56346862
v 1.65061975 -0.05025779 0.48848631
v 1.61340711 -0.0615417 0.27858766
v 0.74367487 -0.07515223 0.57761915
v 0.75018663 0.35232567 0.46277657
v 0.74367487 -0.07515223 0.57761915
v 0.79830737 -0.50707452 0.68860777
v 1.6333223 -0.05454204 -0.40184011
v 1.63725713 0.38348295 -0.47478003
v 1.89177285 -0.80160954 -0.36807431
v 1.93935571 -0.79833032 -0.41695223
v 1.87398015 -0.73790042 -0.42393066
v 1.87398015 -0.73790042 -0.42393066
v 1.91013917 -0.73554942 -0.50305155
v 1.83159552 -0.66467175 -0.49936376
v 1.64555369 -0.61244023 -0.89492716
v 1.68297858 -0.68728936 -0.90993873
v 1.62422688 -0.69125436 -0.98260989
v 1.4653046 -0.69032234 1.126613
v 1.55501071 -0.69227584 1.06059782
v 1.52716054 -0.61729927 1.03855656
v 1.33020574 -0.50984757 1.13437532
v 1.41838435 -0.51854272 1.07656574
v 1.38839617 -0.32064704 1.05551302
v 1.87398015 -0.73790028 0.42393184
v 1.93935571 -0.79833019 0.41695343
v 1.89177285 -0.80160942 0.36807551
v 1.86206643 -0.7484625 -0.79759592
v 1.91570378 -0.8088364 -0.80930988
v 1.85662858 -0.81521739 -0.88475741
v 1.80638735 -0.75464709 -0.86656566
v 1.85662858 -0.81521739 -0.88475741
v 1.78407642 -0.82175743 -0.96126855
v 1.38839617 -0.32064739 -1.05551198
v 1.41838435 -0.51854307 -1.07656464
v 1.33020574 -0.50984794 -1.13437422
v 0.79830737 -0.50707474 -0.68860666
v 1.52716054 -0.6172996 -1.03855542
v 1.55501071 -0.69227618 -1.06059666
v 1.4653046 -0.69032271 -1.12661184
v 1.62422688 -0.69125404 0.98261105
v 1.68297858 -0.68728906 0.90993989
v 1.64555369 -0.61243994 0.8949283
v 1.63725713 0.3834831 0.47478085
v 1.6333223 -0.05454191 0.40184107
v 0.74367487 -0.07515241 -0.57761818
v 0.75018663 0.35232552 -0.46277575
v 0.74367487 -0.07515241 -0.57761818
v 1.61340711 -0.06154179 -0.2785867
v 1.65061975 -0.05025795 -0.48848536
v 1.64076778 -0.04500608 -0.56346767
v 1.62324079 0.3861197 -0.55269127
v -0.82343575 0.68792438 -1.53280423
v -0.92431732 0.6874716 -1.47888189
v -0.84071231 0.55883836 -1.57970395
v -0.94529345 0.68674128 -1.46766993
v -0.98068378 0.6863109 -1.46766993
v -0.96074497 0.68642914 -1.45941083
v -0.97135706 0.68661682 -1.45373859
v -1.0126185 0.68764086 -1.41987619
v -1.1010578 0.68625938 -1.34729591
v -1.13774193 0.55883837 -1.38123491
v -1.66611151 0.70979501 -0.50160535
v -1.69930691 0.71623971 -0.3921743
v -1.71148249 0.57446766 -0.52257173
v -1.71379824 0.71749301 -0.34440288
v -1.73122669 0.71756918 -0.34440288
v -1.71479011 0.71743651 -0.34113339
v -1.71480174 0.71743825 -0.34109501
v -1.71480174 0.74731753 0.34109571
v -1.71382912 0.74744174 0.34430136
v -1.73122669 0.74773372 0.34430136
v -1.70625377 0.74623251 0.36927438
v -1.69936379 0.74303692 0.39198778
v -1.66622726 0.72001965 0.50122415
v -1.71148249 0.58955017 0.52252139
v -1.10048792 0.63667271 1.34776438
v -1.01246731 0.64178572 1.42000079
v -1.13774193 0.53423369 1.38118467
v -0.97135706 0.64061034 1.45373931
v -0.98068378 0.63710062 1.46756852
v -0.50067742 0.6576699 1.66639356
v -0.36927381 0.66586175 1.70625444
v -0.52257247 0.54786645 1.71143144
v -0.34109514 0.66501818 1.71480229
v -0.34440413 0.66436652 1.73112412
v -0.32268991 0.66463062 1.71661503
v -0.17537791 0.66832057 1.73112411
v -0.17220196 0.54786649 1.78112461
v 0.39170216 0.68119058 1.69945096
v 0.34109553 0.68012721 1.71480229
v 0.1721501 0.57248077 -1.78117486
v 0.34429998 0.71359543 -1.73122565
v 0.28801415 0.71243648 -1.72002968
v 0.34109552 0.71286064 -1.71480157
v 0.17433994 0.70847322 -1.73122565
v 1.42018987 0.69668261 1.01223736
v 1.45373902 0.69671621 0.97135773
v 1.71480212 0.70240201 -0.34109501
v 1.71379862 0.70246798 -0.34440288
v 1.73112269 0.70239206 -0.34440288
v 1.71130913 0.70227457 -0.35260991
v 1.69939416 0.70272062 -0.39188774
v 1.66639789 0.70306784 -0.50066226
v 1.70943339 0.68933925 0.35879358
v 1.71480599 0.68973477 0.34105579
v 0.94529383 0.70973733 -1.46766993
v 1.10047556 0.70893012 -1.34777416
v 1.71143051 0.56687925 -0.52257173
v 1.13769021 0.57076639 -1.38123491
v -0.34440413 0.69283974 -1.73122565
v -0.52257247 0.56210291 -1.71148181
v -0.52257248 0.67989508 -1.71148183
v 1.46756697 0.6973965 0.98058102
v 1.57965265 0.56438134 0.84066127
v 1.57965264 0.68103447 0.84066125
v -1.73122669 0.71756918 -0.34440288
v -1.7811754 0.57446772 -0.17220124
v -1.78117541 0.68607756 -0.17220126
v 1.46756697 0.70514395 -0.98068262
v 1.38118387 0.56825513 -1.13774151
v 1.38118386 0.6829712 -1.13774153
v 0.98057973 0.68119258 1.46756852
v 1.13769021 0.55627966 1.38118467
v 1.1376902 0.67698366 1.38118465
v -1.46767122 0.68610309 -0.98068262
v -1.57970475 0.55873462 -0.84071163
v -1.57970476 0.67821071 -0.84071165
v 1.73112269 0.70239206 -0.34440288
v 1.71143051 0.56687925 -0.52257173
v 1.7114305 0.68228332 -0.52257175
v 0.34429998 0.71359543 -1.73122565
v 0.1721501 0.57248077 -1.78117486
v 0.17215009 0.68508404 -1.78117487
v 0.34429999 0.68047669 1.73112411
v 0.5225206 0.55592172 1.71143144
v 0.52252058 0.67680469 1.71143142
v -0.98068378 0.6863109 -1.46766993
v -1.13774193 0.55883837 -1.38123491
v -1.13774194 0.67826269 -1.38123493
v 1.7311227 0.68960285 0.34430137
v 1.78112356 0.56048471 0.17215088
v 1.78112355 0.67908611 0.17215087
v -1.73122669 0.74773372 0.34430136
v -1.71148249 0.58955017 0.52252139
v -1.7114825 0.6936186 0.52252137
v 0.98057973 0.71016646 -1.46766993
v 0.84066053 0.57076633 -1.57970395
v 0.84066052 0.68422686 -1.57970397
v 1.73112269 0.74561997 0.34430136
v 1.73112269 0.8016366 0.34430135
v 1.71143049 0.79768757 0.52252136
v -0.98068379 0.74397336 -1.46766994
v -0.98068379 0.80163606 -1.46766994
v -0.84071233 0.797687 -1.57970399
v 0.34429998 0.74105669 1.7311241
v 0.34429998 0.8016367 1.73112409
v 0.17215008 0.79768764 1.78112457
v 0.34429998 0.75761579 -1.73122566
v 0.34429998 0.80163614 -1.73122567
v 0.52252057 0.7976871 -1.71148185
v 1.73112269 0.75201427 -0.34440288
v 1.73112269 0.80163648 -0.34440289
v 1.78112354 0.79768746 -0.17220128
v -1.46767122 0.7438696 -0.98068263
v -1.46767123 0.8016361 -0.98068264
v -1.38123573 0.79768703 -1.13774155
v 0.98057972 0.74141465 1.46756851
v 0.98057972 0.80163671 1.4675685
v 0.84066051 0.79768766 1.57965367
v 1.46756697 0.75339015 -0.98068263
v 1.46756697 0.80163636 -0.98068264
v 1.57965263 0.79768733 -0.84071167
v -1.73122669 0.75960268 -0.34440289
v -1.7312267 0.80163618 -0.34440289
v -1.71148251 0.7976871 -0.52257177
v 1.46756697 0.74951634 0.98058101
v 1.46756697 0.80163668 0.980581
v 1.38118385 0.79768764 1.13769097
v -0.34440414 0.74723791 -1.73122566
v -0.34440414 0.80163608 -1.73122567
v -0.17220198 0.79768703 -1.78117489
v 0.98057972 0.75590135 -1.46766994
v 0.98057972 0.80163624 -1.46766994
v 1.13769019 0.79768721 -1.38123495
v 0.67401773 1.00882098 -1.26761182
v 0.56189244 1.00840502 -1.35771393
v 0.91179209 1.00985553 -1.10782154
v -1.73122669 0.77468513 0.34430136
v -1.7312267 0.80163629 0.34430135
v -1.78117542 0.7976872 0.17215085
v 1.8E-07 0.78985664 -1.74839661
v 1.9E-07 0.65649176 -1.74839659
v 0.94529383 0.70973733 -1.46766993
v 1.61530829 0.65676613 -0.66908228
v 1.61530828 0.78985695 -0.66908231
v 1.71130913 0.70227457 -0.35260991
v 1.71379862 0.70246798 -0.34440288
v 1.74839715 0.65028398 3.6E-07
v 1.74839714 0.78985708 3.4E-07
v 1.70943339 0.68933925 0.35879358
v 1.66651376 0.69151355 0.50028106
v 0.66908278 0.63771064 1.61530859
v 0.66908277 0.78985724 1.61530856
v -0.32268991 0.66463062 1.71661503
v -1.23630302 0.64245037 -1.23630298
v -1.23630304 0.78985661 -1.236303
v -0.97135706 0.68661682 -1.45373859
v -1.23630304 0.78985661 -1.236303
v -1.23630302 0.64245037 -1.23630298
v -0.96074497 0.68642914 -1.45941083
v -0.94529345 0.68674128 -1.46766993
v -1.45373864 0.78985695 0.97135772
v -1.61530791 0.78985689 0.66908299
v -1.71480174 0.78985683 0.34109571
v -1.74839677 0.78985677 3.4E-07
v -1.71480174 0.78985672 -0.34109503
v -1.61530791 0.78985667 -0.66908231
v -1.45373864 0.78985664 -0.97135704
v -1.23630304 0.78985661 -1.236303
v -0.97135707 0.7898566 -1.45373861
v -0.6690824 0.7898566 -1.61530788
v -0.34109515 0.78985661 -1.71480159
v 1.8E-07 0.78985664 -1.74839661
v 0.34109552 0.78985667 -1.71480159
v 0.66908277 0.78985672 -1.61530788
v 0.97135743 0.78985677 -1.45373861
v 1.2363034 0.78985683 -1.236303
v 1.45373901 0.78985689 -0.97135704
v 1.61530828 0.78985695 -0.66908231
v 1.71480211 0.78985702 -0.34109503
v 1.74839714 0.78985708 3.4E-07
v 1.71480211 0.78985713 0.34109571
v 1.61530828 0.78985717 0.66908299
v 1.45373901 0.78985721 0.97135772
v 1.2363034 0.78985723 1.23630368
v 0.97135743 0.78985724 1.45373929
v 0.66908277 0.78985724 1.61530856
v 0.34109552 0.78985723 1.71480227
v 1.8E-07 0.78985721 1.74839729
v -0.34109515 0.78985717 1.71480227
v -0.6690824 0.78985713 1.61530856
v -0.97135707 0.78985707 1.45373929
v -1.23630304 0.78985702 1.23630368
v 0.00323205 3.17349093 0.00682465
v 0.01659988 3.1680476 -0.00850974
v -0.00528705 3.17349093 0.00539163
v 0.01372256 3.16804763 0.0126357
v -2.29919323 0.34853099 0.85420714
v -0.00688676 3.17349093 -0.00309776
v -0.00711419 3.16804747 0.0172441
v 0.00052656 3.17349093 -0.00753301
v -0.01864028 3.16804766 -0.00071581
v 1.19581818 0.34851064 -2.141514
v 0.00725071 3.17349093 -0.00210949
v -0.00577091 3.16804756 -0.01773895
v 0.50028993 1.73399778 0.09702305
v 0.40322524 1.89724542 0.07769173
v 0.39407905 1.89916992 0.1179773
v 0.49142215 1.73394838 0.14789183
v -1.5566117 -0.76309788 -1.10251102
v -1.49312639 -0.76307026 -1.17237219
v -1.54497161 -0.82680156 -1.21307818
v -1.60904742 -0.82680678 -1.13976777
v 0.16009385 -0.29134244 -1.73385523
v 0.15860398 -0.09808904 -1.71147545
v 0.23988471 -0.08603676 -1.71118533
v 0.24248412 -0.28383188 -1.73323298
v -0.97164245 -0.59737266 -1.53927713
v -0.89315862 -0.59561382 -1.57573115
v -0.91846947 -0.68453669 -1.622042
v -0.99910986 -0.68500341 -1.58433261
v 0.07569243 1.47241606 -0.78582601
v 0.15279431 1.47239267 -0.77533941
v 0.18272866 1.3443033 -0.92495389
v 0.09079081 1.34653258 -0.94545364
v -0.21346296 2.10643521 -0.21582606
v -0.26406245 1.92840489 -0.32286073
v -0.29538236 1.92976584 -0.296768
v 0.21298545 2.09651468 -0.21649672
v 0.10649273 2.40661388 -0.10824834
v -0.4936061 1.74707807 -0.20602228
v -0.46824583 1.74903069 -0.25145849
v -0.58152179 1.61166372 -0.311658
v -0.61372439 1.61123285 -0.25546133
v -1.2545846 0.73460319 -1.09102305
v -1.20894961 0.73424673 -1.16213696
v -1.2095707 0.35219629 -1.1624899
v -1.25478619 0.35433474 -1.09097449
v 0.46522158 1.61674506 0.46651239
v 0.41392873 1.61787552 0.50638999
v 0.49254088 1.49114366 0.60219138
v 0.5540623 1.49190908 0.55555727
v 0.32005019 -0.07652535 1.7090258
v 0.31989553 0.34860578 1.70738136
v 0.23610584 0.34271616 1.70965936
v 0.23615444 -0.08660248 1.7115938
v -0.69865305 -0.0382989 -1.56629964
v -0.69710159 0.37229328 -1.56335259
v -0.62926579 0.37864263 -1.60950496
v -0.63071582 -0.02723134 -1.61263363
v -0.08646269 2.40417925 0.12562721
v -0.17292539 2.09164542 0.25125439
v 0.83424603 -0.66913908 -1.65306491
v 0.80909978 -0.57559533 -1.60296095
v 0.88909924 -0.58402561 -1.56909817
v 0.91670404 -0.67449574 -1.61830088
v 0.68233629 1.4906819 0.36458487
v 0.64516653 1.49008837 0.43163295
v 0.7719461 1.36165056 0.51592891
v 0.82475351 1.36419411 0.43946442
v 0.76469656 -0.11711936 1.51574563
v 0.76386015 0.3266215 1.51427881
v 0.69648241 0.33223581 1.56224067
v 0.69716714 -0.10657178 1.56365049
v -0.07818975 1.47187353 -0.78533695
v -0.06613512 1.61265676 -0.65689498
v -0.00190875 1.61363114 -0.66542858
v -0.00140945 1.4724392 -0.79631254
v 1.34777458 0.70637954 -1.10047502
v 1.38118387 0.56825513 -1.13774151
v 1.46756697 0.70514395 -0.98068262
v 1.45373902 0.70528459 -0.97135702
v 1.57965265 0.5682552 -0.84071164
v 1.53234328 0.70446768 -0.82429889
v 1.44627403 0.7492833 -0.89975068
v 1.48352805 0.75186084 -0.8374918
v 1.49226268 0.37873106 -0.85262863
v 1.45318942 0.37550683 -0.91261583
v -0.20532323 1.75232931 -0.49289445
v -0.15553805 1.75219316 -0.50762794
v -0.19273051 1.61212743 -0.63099043
v -0.25509954 1.61257249 -0.61361935
v 0.90508077 1.36076345 -0.18133464
v 0.75001015 1.4881369 -0.15072267
v 0.76067662 1.48942817 -0.07598691
v 0.92561439 1.36363247 -0.0911975
v -1.4028853 -0.60846857 -1.10095505
v -1.33980023 -0.6067274 -1.16427886
v -1.37191663 -0.68611827 -1.19299639
v -1.43518569 -0.6863871 -1.12680971
v 1.30616629 -0.3279831 1.11224736
v 1.23225139 -0.3384107 1.1823714
v 1.25631145 -0.50452126 1.20440911
v 1.33020574 -0.50984757 1.13437532
v -0.22992296 1.4720617 -0.75435279
v -0.30487585 1.47281579 -0.73434429
v -0.29359406 1.73749579 0.43265116
v -0.33261923 1.73510917 0.39928679
v -0.41018927 1.60745008 0.49390262
v -0.36134385 1.6085101 0.5342875
v -1.68439294 -0.82680644 0.95840702
v -1.62681674 -0.76310129 0.92586448
v -1.67925959 -0.76310131 0.8431101
v -1.73758754 -0.82680646 0.87239521
v -1.3128264 0.35647319 -1.03061042
v -1.25478619 0.35433474 -1.09097449
v -1.25922039 -0.0715058 -1.09451716
v -1.31788734 -0.06797691 -1.03437015
v 0.91258355 0.72811355 1.44728432
v 0.8395917 0.72904922 1.48286021
v 0.83906293 0.32100744 1.48179841
v 0.91294771 0.31591038 1.44773064
v -0.27729461 1.34674376 -0.90784063
v -0.36996121 1.34908681 -0.8916868
v -1.62513867 -0.29419895 -0.43395854
v -1.59211326 -0.30009977 -0.51774667
v -1.62808914 -0.51411801 -0.52937844
v -1.66174441 -0.51337374 -0.4436441
v -0.78124894 1.47771331 0.0748005
v -0.65336364 1.60957026 0.06146748
v -0.66304618 1.61082192 -0.00237403
v -0.79303009 1.47841823 -0.00164251
v 3.73713301 -0.73063398 0.58925753
v -0.00088462 1.22508416 -1.1355945
v 0.1058892 1.22064911 -1.10508134
v 0.12183294 1.11474105 -1.26714609
v -0.00061684 1.11709155 -1.30231274
v -0.41036303 -0.42729709 -1.73202484
v -0.40302557 -0.24554786 -1.70369895
v -0.32658151 -0.23964182 -1.73473686
v -0.33237026 -0.41334757 -1.76286925
v -2.4620639 -0.73063434 -2.87256241
v 0.80015497 1.22759834 -0.80190923
v 0.91879812 1.11903647 -0.92002137
v -1.69702417 -0.61020951 0.44376391
v -1.66416478 -0.51330216 0.43518398
v -1.69359644 -0.51262936 0.35763787
v -1.72702446 -0.61020953 0.36467893
v -0.7535429 1.47590177 -0.22994261
v -0.63107296 1.61097075 -0.19308064
v -0.61372439 1.61123285 -0.25546133
v -0.73384258 1.47538763 -0.30490037
v 1.56892154 0.76111781 -0.73203243
v 1.58640462 0.76457602 -0.66954324
v 1.59471038 0.38809508 -0.68729744
v 1.58000842 0.38750713 -0.74857307
v 2.02840233 -0.88298255 -3.6288109
v 2.0221546 -0.86446168 -3.6322184
v 1.84458698 -0.73063478 -3.30316214
v 2.05158288 -0.86632954 -3.61677994
v -3.54648519 -0.7306345 1.31750782
v 1.50112511 -0.52208737 -1.02021443
v 1.4650567 -0.31049557 -1.00165852
v 1.51888404 -0.30708515 -0.93584196
v 1.56084031 -0.52107651 -0.9502202
v -0.74192619 -0.59200947 1.6620579
v -0.81338748 -0.59381139 1.61066143
v -0.83641003 -0.68401641 1.65808005
v -0.76290143 -0.68349666 1.71108152
v 0.14365556 2.3925016 0.05888258
v 0.2873111 2.06829 0.11776513
v 0.5935784 1.1248242 1.11603548
v 0.51565284 1.23368374 0.96987977
v 0.42999887 1.23679171 1.03937526
v 0.49492794 1.12614819 1.1957445
v 0.07557127 -0.29920515 1.75263396
v 0.07522781 -0.1107073 1.72968462
v -0.00112069 -0.1170594 1.74499895
v -0.00180637 -0.30323137 1.76833941
v 1.74206752 -0.49923028 -0.49077728
v 1.69361064 -0.29932485 -0.49185734
v 1.71414398 -0.50050472 -0.41223401
v 1.75138912 -0.59334502 -0.41288084
v 1.70737075 -0.50753119 0.76289236
v 1.65579325 -0.29468485 0.75943502
v 1.66318638 -0.5123283 0.82341112
v 1.70227302 -0.60718283 0.83310848
v 1.52912379 0.75621688 -0.78485077
v 1.56892154 0.76111781 -0.73203243
v 1.58000842 0.38750713 -0.74857307
v 1.53922679 0.38325363 -0.80095885
v 1.38839617 -0.32064704 1.05551302
v 1.42930503 -0.05188739 0.98467719
v 1.4105923 0.37252338 0.97668408
v 1.35912836 -0.07347988 1.03745091
v 1.80638735 -0.75464681 0.86656684
v 1.79432525 -0.67642064 0.78254626
v 1.74937825 -0.60205366 0.7710161
v 1.74374303 -0.68182536 0.8461467
v 1.42930503 -0.05188771 -0.98467623
v 1.47755651 -0.04647202 -0.92178848
v 1.34507074 0.36043592 -1.03143016
v 1.35912836 -0.07348022 -1.03744995
v 1.30616629 -0.32798347 -1.11224631
v 1.28299059 -0.09534554 -1.09362316
v 1.58000842 0.38750737 0.74857388
v 1.53922679 0.38325389 0.80095966
v 1.75138912 -0.59334489 0.41288197
v 1.79656775 -0.66691484 0.41931393
v 1.82571717 -0.74223069 0.36270986
v 1.75261825 -0.67049626 0.35343635
v -1.46862273 -0.51572582 -0.9361378
v -1.43585885 -0.31301534 -0.91521533
v -1.40325182 -0.31357915 -0.9937231
v -1.43517821 -0.51537137 -1.01632782
v 1.70227302 -0.6071831 -0.83310734
v 1.74374303 -0.68182563 -0.84614554
v 1.7391883 -0.76068482 -0.9362032
v 1.68297858 -0.68728936 -0.90993873
v 1.66318638 -0.51232856 -0.82341001
v 1.64555369 -0.61244023 -0.89492716
v 1.61017791 -0.51730043 -0.88336927
v 1.61374175 -0.2987641 -0.81661513
v -0.01888877 3.03407262 -0.29351788
v -0.02088695 3.03407262 -0.29341644
v -0.00199362 3.04459278 -0.19364931
v -1E-08 3.04459278 -0.19348041
v -2.70407892 -0.88300852 -3.1576333
v -2.70947041 -0.86445878 -3.15291756
v 1.65579325 -0.2946851 -0.75943399
v 1.66318638 -0.51232856 -0.82341001
v 0.84983529 -0.63882254 5.7E-07
v 0.82793373 -0.59856843 0.71104203
v 1.59169722 -0.61630037 0.96462334
v 1.61017791 -0.51730015 0.88337038
v 1.64379617 -0.30677937 -0.31111928
v 0.76808338 -0.31523469 -0.63958634
v 1.78284003 -0.59186855 0.49100446
v 1.79656775 -0.66691484 0.41931393
v 1.75138912 -0.59334489 0.41288197
v 1.74206752 -0.49923012 0.49077838
v 1.69361064 -0.29932469 0.49185838
v 1.71414398 -0.50050458 0.41223511
v 1.78284003 -0.59186871 -0.49100333
v 1.79656775 -0.66691497 -0.41931278
v 1.4105923 0.37252306 -0.97668326
v 1.35912836 -0.07348022 -1.03744995
v 1.34507074 0.36043592 -1.03143016
v 1.40635415 0.74834138 -0.96712773
v 1.44130104 -0.61319649 -1.09964518
v 1.50112511 -0.52208737 -1.02021443
v 1.4650567 -0.31049557 -1.00165852
v 1.41838435 -0.51854307 -1.07656464
v 1.38839617 -0.32064739 -1.05551198
v 1.42930503 -0.05188771 -0.98467623
v 1.45318942 0.37550713 0.91261665
v 1.44627403 0.74928359 0.89975137
v 1.40635415 0.7483417 0.96712842
v 1.4105923 0.37252338 0.97668408
v 0.50120952 0.71274989 -1.66623159
v 0.52252059 0.57248082 -1.71148181
v 1.74374303 -0.68182536 0.8461467
v 1.7391883 -0.76068452 0.93620439
v 0.1721501 0.5559217 1.78112461
v 0.1753783 0.67652538 1.73112411
v -1.59211326 -0.30009977 -0.51774667
v -1.55975913 -0.04081236 -0.50728499
v -1.54457892 -0.05059404 -0.5899389
v -1.57670668 -0.30568173 -0.60215814
v -0.17220196 0.56210293 -1.78117485
v -0.17433956 0.69796494 -1.73122565
v -0.34109514 0.69372762 -1.71480157
v -0.34440413 0.69283974 -1.73122565
v -0.96298189 1.35353678 -0.00125604
v -0.94271502 1.35092289 -0.09284283
v -1.10229334 1.22442859 -0.10737198
v -1.13293363 1.22865533 -0.00086958
v 1.68297858 -0.68728906 0.90993989
v 1.70227302 -0.60718283 0.83310848
v 1.66318638 -0.5123283 0.82341112
v 1.64555369 -0.61243994 0.8949283
v 1.75261825 -0.67049637 -0.35343519
v 1.75138912 -0.59334502 -0.41288084
v 1.71414398 -0.50050472 -0.41223401
v 1.71400536 -0.59564475 -0.34529297
v 1.59169722 -0.61630069 -0.9646222
v 1.61017791 -0.51730043 -0.88336927
v 1.53922679 0.38325389 0.80095966
v 1.49226268 0.37873134 0.85262945
v 1.28299059 -0.09534518 1.09362412
v 1.34507074 0.36043625 1.03143098
v -0.02930919 2.83642113 -0.09344291
v -0.03130698 2.83642113 -0.09333416
v -0.0019867 2.86289458 -0.19371711
v -0 2.86289458 -0.19348038
v 1.7311227 0.6992535 -0.17538994
v 1.78112356 0.56687932 -0.17220124
v 1.8E-07 0.79373857 1.83112492
v -0.17220198 0.79768761 1.78112457
v -0.17220197 0.67277717 1.78112459
v 2E-07 0.61255264 1.83112495
v 0.9725147 -0.14089859 1.390362
v 0.97109904 0.31391556 1.38865756
v 0.91294771 0.31591038 1.44773064
v 0.91412262 -0.13718027 1.4493602
v -0.10735358 2.41066103 0.1048069
v -0.21470717 2.10460898 0.20961377
v 0.26158805 2.06120859 0.17468207
v 0.13079403 2.38896077 0.08734105
v 0.70074123 0.79373861 1.69173884
v 0.70074125 0.61255268 1.69173887
v -1.26208672 -0.50761267 -1.21150411
v -1.23601381 -0.31488473 -1.18692372
v -1.18721496 -0.31506669 -1.25690564
v -1.21153812 -0.50493906 -1.28222228
v -0.40857808 1.91981584 0.07658473
v -0.29926189 2.1000025 0.05379497
v -0.41700496 1.91274922 0.03631758
v -1.25692869 0.35442496 1.08821869
v -1.2566141 0.73462072 1.08839013
v -1.31282918 0.73496869 1.02823712
v -1.31405077 0.35652505 1.02903612
v 1.13769021 0.55627966 1.38118467
v 1.09990569 0.68516304 1.34824249
v 1.23630341 0.64469571 1.23630371
v 1.29480063 0.43136674 1.29480094
v 1.69173846 0.43136667 0.70074145
v 1.61530829 0.64818521 0.66908301
v 0.98057973 0.68119258 1.46756852
v 0.97135744 0.68215091 1.45373931
v 0.66908278 0.6636091 -1.61530786
v 0.70074127 0.4313662 -1.6917381
v -1.6153079 0.64676884 0.66908301
v -1.69173803 0.43136638 0.70074145
v 2.2E-07 0.43136671 1.83112498
v 2E-07 0.630785 1.74839732
v 1.7311227 0.69273967 0.17539065
v 1.78112356 0.56048471 0.17215088
v 1.11802922 1.12164879 -0.59610289
v 0.97245608 1.22957878 -0.51907116
v 1.040051 1.23579337 -0.4320393
v 1.19626836 1.12537572 -0.49637246
v -1.7811754 0.57446772 -0.17220124
v -1.73122669 0.72501828 -0.17432834
v 0.84066053 0.55627967 1.57965371
v 0.70074127 0.43136675 1.69173889
v 0.66908278 0.63771064 1.61530859
v 0.82464525 0.6810171 1.53215858
v 1.2636023 1.01371856 -0.67313464
v 1.35248554 1.01495806 -0.5607056
v 1.53215516 0.69548655 0.8246516
v 1.57965265 0.56438134 0.84066127
v 0.01158518 3.14211478 -0.01158525
v 0.01158523 2.62009945 -0.01158516
v 0.00910246 2.62009945 -0.01362272
v 0.00910241 3.14211478 -0.0136228
v -0.00626989 3.14211478 0.01513675
v -0.00626984 2.62009945 0.01513684
v -0.00319633 2.62009945 0.01606918
v -0.00319637 3.14211478 0.0160691
v -0.00910246 3.14211478 0.01362272
v -0.00910241 2.62009945 0.0136228
v -0.01158523 3.14211478 0.01158516
v -0.01158518 2.62009945 0.01158525
v -0.01362278 3.14211478 0.00910239
v -0.01362273 2.62009945 0.00910248
v -0.01513682 3.14211478 0.00626982
v -0.01513677 2.62009945 0.00626991
v -0.01606916 3.14211478 0.00319631
v -0.01606912 2.62009945 0.00319639
v -0.01638397 3.14211478 -4E-08
v -0.01638393 2.62009945 4E-08
v -0.01606916 3.14211478 -0.00319639
v -0.01606912 2.62009945 -0.00319631
v -0.01513682 3.14211478 -0.00626991
v -0.01513677 2.62009945 -0.00626982
v -0.01362278 3.14211478 -0.00910248
v -0.01362273 2.62009945 -0.00910239
v -0.01158523 3.14211478 -0.01158525
v -0.01158518 2.62009944 -0.01158516
v -0.00910246 3.14211478 -0.0136228
v -0.00910241 2.62009944 -0.01362272
v -0.00626989 3.14211478 -0.01513684
v -0.00626984 2.62009944 -0.01513675
v -0.00319637 3.14211478 -0.01606918
v -0.00319633 2.62009944 -0.0160691
v -2E-08 3.14211478 -0.01638399
v 2E-08 2.62009945 -0.01638391
v 0.00319633 3.14211478 -0.01606918
v 0.00319637 2.62009945 -0.0160691
v 0.00626984 3.14211478 -0.01513684
v 0.00626989 2.62009945 -0.01513675
v -0 2.81434498 0.00659455
v -1E-08 2.97193294 0.00659453
v -0.00192005 2.97193294 0.00715707
v -0.00192004 2.81434498 0.0071571
v 0.01513677 3.14211478 -0.00626991
v 0.01513682 2.62009945 -0.00626982
v 0.01362278 2.62009945 -0.00910239
v 0.01362273 3.14211478 -0.00910248
v 0.01606912 3.14211478 -0.00319639
v 0.01606916 2.62009945 -0.00319631
v 0.01638393 3.14211478 -4E-08
v 0.01638397 2.62009945 4E-08
v 0.01606912 3.14211478 0.00319631
v 0.01606916 2.62009945 0.00319639
v 0.01513677 3.14211478 0.00626982
v 0.01513682 2.62009945 0.00626991
v 0.01362273 3.14211478 0.00910239
v 0.01362278 2.62009945 0.00910248
v 0.01158518 3.14211478 0.01158516
v 0.01158523 2.62009945 0.01158525
v 0.00910241 3.14211478 0.01362272
v 0.00910246 2.62009945 0.0136228
v 0.00626984 3.14211478 0.01513675
v 0.00626989 2.62009945 0.01513684
v 0.00319633 3.14211478 0.0160691
v 0.00319637 2.62009945 0.01606918
v -2E-08 3.14211478 0.01638391
v 2E-08 2.62009945 0.01638399
v 0.15308028 2.38860332 0.02918021
v 0.30616054 2.06049331 0.0583604
v 0.6286063 0.33752404 1.60817241
v 0.6285567 0.73185601 1.60805609
v 0.55042593 0.73235732 1.62788378
v 0.54991366 0.34085652 1.6264406
v -1.55299681 0.37211042 -0.50502832
v -1.55185985 0.7375569 -0.50432053
v -1.53599789 0.7366354 -0.58655842
v -1.53796573 0.36652846 -0.58736435
v 0.40626144 1.6139609 -0.50267178
v 0.32939453 1.75372691 -0.40765858
v 0.36818132 1.75192539 -0.37492133
v 0.45283055 1.61427068 -0.46322202
v 1.51864751 -0.04310961 0.86198299
v 1.47755651 -0.04647172 0.92178944
v 1.56892154 0.76111805 0.73203312
v 1.52912379 0.75621714 0.78485146
v 1.59922445 0.76733626 -0.6018485
v 1.61983527 0.76939581 -0.53111015
v 1.62324079 0.3861197 -0.55269127
v 1.60430535 0.38753154 -0.62161482
v 1.40635415 0.74834138 -0.96712773
v 1.44627403 0.7492833 -0.89975068
v 1.45318942 0.37550683 -0.91261583
v 1.4105923 0.37252306 -0.97668326
v -1.38123572 0.66552553 1.137691
v -1.46767122 0.71849837 0.98058101
v -1.46767121 0.63536082 0.98058103
v -1.38123571 0.53336342 1.13769102
v 0.91294771 0.31590991 -1.4477298
v 0.91258355 0.72811308 -1.44728362
v 0.97155556 0.72786666 -1.38947891
v 0.97109904 0.31391511 -1.38865672
v 0.6286063 0.33752351 -1.60817158
v 0.6285567 0.73185548 -1.60805539
v 0.69703275 0.73092007 -1.56355427
v 0.69648241 0.3322353 -1.56223984
v -1.69173805 0.61255231 0.70074142
v -1.69173803 0.43136638 0.70074145
v -0.49868985 1.60381812 0.4055031
v -0.40410311 1.72832643 0.32647228
v -0.43656176 1.72393018 0.28702212
v -0.53834498 1.60124606 0.3574884
v 0.15191621 1.75093458 0.50740721
v 0.11968575 1.91337485 0.4026225
v 0.07999173 1.91435371 0.41421903
v 0.10236655 1.74977488 0.52253564
v -1.16368484 0.35033853 1.23181952
v -1.2107947 0.35224795 1.16091548
v -1.2146734 -0.07494919 1.16429191
v -1.16700879 -0.07800163 1.23503095
v -1.47696954 0.36038916 0.74157209
v -1.4752157 0.73561233 0.74066947
v -1.5182172 0.73571437 0.66581676
v -1.52150565 0.361686 0.66746075
v 0.56369401 1.60765166 -0.30389096
v 0.45383654 1.73279906 -0.24526813
v 0.4752581 1.72614541 -0.19757473
v 0.59303092 1.60564976 -0.2482267
v -1.52150565 0.361686 0.66746075
v -1.54028547 0.36710016 0.57929857
v -1.54691792 -0.0495937 0.58184238
v -1.52798085 -0.05889693 0.67034806
v 1.16248429 0.31159998 -1.23162406
v 1.20906015 0.32497054 -1.16193802
v 1.21214618 -0.12224893 -1.16441332
v 1.16475657 -0.14471488 -1.23364286
v 1.68662954 -0.29679886 -0.56618906
v 1.64076778 -0.04500608 -0.56346767
v 1.65061975 -0.05025795 -0.48848536
v 1.69361064 -0.29932485 -0.49185734
v -1.64288058 0.73482985 3.5E-07
v -1.62966899 0.73614784 -0.09411901
v -1.63172445 0.36360203 -0.09429019
v -1.64651191 0.35767086 4.1E-07
v -0.48775928 1.47979087 0.58851849
v -0.45903469 1.60639031 0.45351774
v -0.54642495 1.48005782 0.54111313
v -0.48614999 1.73032706 0.19737857
v -0.5020221 1.73497793 0.14837654
v -0.62470173 1.60642759 0.1868088
v -0.60572241 1.60453658 0.24830861
v 0.12658635 1.61823669 0.64343405
v 0.06174628 1.61581436 0.65078716
v 0.07402203 1.48553793 0.774281
v 0.15080614 1.48669863 0.76433253
v -1.69173805 0.61255208 -0.70074068
v -1.69173803 0.43136615 -0.70074065
v -1.25922039 -0.0715058 -1.09451716
v -1.2134349 -0.07503445 -1.16586144
v 0.2593233 1.92680067 -0.32122452
v 0.29058338 1.92421991 -0.29570903
v 0.83424603 -0.66913854 1.65306606
v 0.80909978 -0.5755948 1.60296207
v 0.73738825 -0.56716426 1.65321367
v 0.76034081 -0.66380177 1.70473791
v -1.61426566 -0.68665564 -0.81047733
v -1.56384381 -0.68665565 -0.8900256
v -1.62681674 -0.76310159 -0.92586329
v -1.67925959 -0.76310158 -0.84310891
v -0.32162081 1.9280136 -0.26543265
v -0.21346296 2.10643521 -0.21582606
v -0.29538236 1.92976584 -0.296768
v 2E-07 0.61255205 -1.83112421
v 2.2E-07 0.43136611 -1.83112418
v -1.14475016 -0.82680159 -1.63718943
v -1.10633978 -0.76307029 -1.58224648
v -1.0401891 -0.76307527 -1.64968215
v -1.0752465 -0.82680682 -1.7052736
v -1.43534608 -0.51538124 1.01613105
v -1.46862273 -0.51572551 0.93613891
v -1.49768251 -0.61020941 0.95466787
v -1.46392736 -0.60999682 1.03645819
v 0.8086078 0.69002786 3.6E-07
v -0.36629169 -0.75422615 1.94616834
v -0.45373056 -0.7562847 1.91014732
v -0.46911285 -0.82567012 1.97601188
v -0.37844049 -0.82531813 2.01140353
v 1.9E-07 0.65649176 -1.74839659
v 2.2E-07 0.43136611 -1.83112418
v 0.99771392 -0.67936677 -1.58174649
v 1.06153442 -0.68118459 -1.51762093
v 1.10589692 -0.76098592 -1.5814106
v 1.03962693 -0.76003806 -1.64853253
v -1.12544236 -0.68531877 -1.45298087
v -1.09574358 -0.60033027 -1.41327313
v -1.03409564 -0.59887312 -1.47720594
v -1.06273979 -0.6851876 -1.51966767
v -1.32455126 -0.7629837 1.40240607
v -1.37779698 -0.76300786 1.32136944
v -1.42560033 -0.82679092 1.36721943
v -1.36934838 -0.82678543 1.44942382
v -1.037175 -0.59893885 1.47459708
v -1.10113294 -0.6004473 1.4087084
v -1.13093184 -0.68533125 1.44821292
v -1.06587504 -0.68519308 1.51694359
v 0.86964031 -0.75498428 1.72367012
v 0.79279916 -0.75233631 1.77794408
v -1.7263876 -0.51616328 5.5E-07
v -1.71077764 -0.51517485 -0.09879969
v -1.74459716 -0.61020961 -0.10074468
v -1.76053899 -0.61020959 5.7E-07
v -1.73462543 -0.68665545 0.45359661
v -1.76530584 -0.68665546 0.37276042
v -0.841361 -0.06437935 -1.48516975
v -0.76609135 -0.05133913 -1.51796941
v -0.77828536 -0.29121753 -1.5406683
v -0.85467594 -0.30017404 -1.50737252
v 1.4650567 -0.31049524 1.00165956
v 1.41838435 -0.51854272 1.07656574
v -0.90941316 1.21896319 -0.60793506
v -0.78258305 1.3460844 -0.52337483
v -0.73243789 1.34797777 -0.60289665
v -0.85605614 1.22254944 -0.70530958
v 0.19279812 1.92907575 -0.36762207
v 0.15753301 1.92877008 -0.3885041
v 1.03979033 1.11792175 -0.6958334
v 0.90486134 1.22336419 -0.606103
v 0.24310611 1.12043978 1.22479341
v 0.21114199 1.22661936 1.06514312
v 0.10512868 1.22939664 1.09684315
v 0.12124463 1.12150787 1.26089218
v 0.0789579 -0.11014158 -1.7292759
v 0.15860398 -0.09808904 -1.71147545
v 0.16009385 -0.29134244 -1.73385523
v 0.07935247 -0.298853 -1.75220505
v 1.17117098 -0.76169059 1.51209387
v 1.12440061 -0.68251605 1.45136304
v 1.06153442 -0.6811841 1.51762209
v 1.10589692 -0.76098541 1.58141179
v 0.76034081 -0.66380177 1.70473791
v 0.73738825 -0.56716426 1.65321367
v 0.66518965 -0.55947125 1.70141515
v 0.68594097 -0.65897877 1.75432951
v 0.94160151 -0.49346685 -1.49153891
v 1.00263264 -0.49636099 -1.43154984
v 1.03012357 -0.59394515 -1.47169608
v 0.96776288 -0.59158867 -1.53357427
v 1.20416073 -0.50183536 -1.27312093
v 1.25631145 -0.50452165 -1.20440801
v 1.28708087 -0.6013613 -1.23543628
v 1.23557115 -0.59859461 -1.30767094
v 1.52716054 -0.6172996 -1.03855542
v 1.59169722 -0.61630069 -0.9646222
v 1.74937825 -0.60205392 -0.77101496
v 1.70737075 -0.50753144 -0.76289125
v 1.72110683 -0.50450759 -0.69858682
v 1.76409434 -0.59831244 -0.70472335
v 0.25728594 -0.6536806 1.86572206
v 0.16549919 -0.65362859 1.86607893
v 0.17296998 -0.74741476 1.94565871
v 0.2686078 -0.7474949 1.94553284
v 1.74937825 -0.60205392 -0.77101496
v 1.79432525 -0.6764209 -0.78254511
v 1.80638735 -0.75464709 -0.86656566
v 1.74374303 -0.68182563 -0.84614554
v -1.5945589 -0.02949872 0.4171483
v -1.58753359 0.37858289 0.41523437
v -1.61568163 0.38251426 0.34130087
v -1.6228992 -0.02298185 0.34292177
v 0.3955964 -0.07949447 -1.67767918
v 0.47055837 -0.08500447 -1.64434903
v 0.47624265 -0.28630981 -1.66492806
v 0.400289 -0.28131557 -1.69882821
v 1.20416073 -0.50183495 1.27312204
v 1.13407769 -0.49964921 1.32187614
v 1.16431474 -0.59692246 1.35834605
v 1.23557115 -0.59859418 1.30767207
v 0.94160151 -0.49346637 1.49154001
v 0.86500392 -0.48356398 1.52622853
v 0.88909924 -0.5840251 1.5690993
v 0.96776288 -0.59158817 1.5335754
v 0.64719781 -0.45105601 1.65560077
v 0.5660023 -0.44618547 1.67466784
v 0.58178327 -0.55622887 1.72092697
v 0.66518965 -0.55947125 1.70141515
v -1.55951046 0.9061925 -0.31037839
v -1.54179052 0.9041078 -0.47088407
v -0.08333815 -0.28846791 1.75302158
v -0.16540366 -0.27066766 1.73553913
v -0.16859056 -0.42591551 1.76414795
v -0.0852421 -0.43419097 1.78228239
v 1.17471919 1.01247918 -0.78556381
v 0.25223849 1.61739466 -0.61292117
v 0.30596539 1.61552295 -0.57752127
v 0.3658212 1.47335974 -0.68810311
v 0.30286548 1.47494582 -0.73235904
v -1.65685557 -0.29447248 -0.27180102
v -1.62329194 -0.03097789 -0.26639461
v -1.62260745 -0.02312484 -0.3439301
v -1.6560747 -0.28976748 -0.35092573
v -1.69417757 -0.51340782 -0.27780769
v -1.69329369 -0.51262947 -0.35869492
v 1.32215328 -0.68554952 -1.27079066
v 1.37347837 -0.68591815 -1.19260077
v 1.42740772 -0.76310138 -1.24138798
v 1.37633662 -0.7631014 -1.32311224
v -1.52995342 -0.61020971 -0.87073598
v -1.50027477 -0.51565287 -0.8538433
v -1.46862273 -0.51572582 -0.9361378
v -1.49768251 -0.61020972 -0.95466673
v 0.44991214 -0.74806304 -1.90749239
v 0.5351273 -0.74860492 -1.86957375
v 0.55481412 -0.82439074 -1.93822479
v 0.46623073 -0.82430039 -1.97629605
v -1.65349635 -0.06560062 4.8E-07
v -1.6387124 -0.05571566 -0.09474092
v -1.67282802 -0.30860816 -0.09666358
v -1.6879921 -0.31453933 5.2E-07
v 0.89025406 1.36061856 -0.27339679
v 0.90508077 1.36076345 -0.18133464
v 1.06015138 1.23339012 -0.21194659
v 1.05010116 1.23459174 -0.32199294
v 0.78718278 -0.47241229 -1.55938447
v 0.77443693 -0.31909154 -1.53456269
v 0.85088489 -0.33048816 -1.50183553
v 0.86500392 -0.48356448 -1.52622744
v 0.24608594 -0.43644272 -1.76187037
v 0.24248412 -0.28383188 -1.73323298
v 0.32420857 -0.27788452 -1.73068187
v 0.32921835 -0.43508537 -1.75908888
v -0.48342105 -0.25527397 1.6693117
v -0.47605056 -0.02477125 1.64676485
v -0.55416367 -0.02500897 1.63049053
v -0.56295275 -0.26431885 1.65383125
v -1.86714215 -0.82680653 0.48824985
v -1.80446484 -0.76310138 0.4718597
v -1.836365 -0.7631014 0.38776738
v -1.89830544 -0.82680655 0.40109101
v 1.3813912 1.01840432 0.2744714
v 1.22047567 1.12629932 0.24226088
v 1.20665671 1.12831581 0.36799982
v 1.36572525 1.01843397 0.41674291
v -1.72653459 -0.61020962 -0.19912014
v -1.69308695 -0.51418642 -0.19527513
v -1.69417757 -0.51340782 -0.27780769
v -1.72763158 -0.61020963 -0.28327687
v -1.21208499 -0.50496578 1.28171339
v -1.26342034 -0.50767749 1.20991372
v -1.29174287 -0.60502741 1.23785078
v -1.24040215 -0.60329344 1.31241406
v -1.56384381 -0.68665565 -0.8900256
v -1.53086678 -0.68665566 -0.97581941
v 0.62914802 -0.09667663 -1.60954238
v 0.69716714 -0.10657229 -1.56364951
v 0.70592219 -0.30769492 -1.58297905
v 0.63692246 -0.29709857 -1.62938616
v -1.69702892 -0.68665561 -0.55178791
v -1.66025266 -0.61020967 -0.53982733
v -1.64431358 -0.61020968 -0.62790939
v -1.68074659 -0.68665562 -0.6418219
v -0.27657749 1.00926719 -1.38887634
v -0.2454317 1.11338044 -1.23125194
v -0.12302427 1.11523612 -1.26678234
v -0.13846325 1.00918306 -1.42895359
v 1.65579325 -0.2946851 -0.75943399
v 1.6065205 -0.03508232 -0.75459498
v 1.61925109 -0.03712093 -0.69425785
v 1.66859247 -0.29485559 -0.69758892
v 1.65061975 -0.05025779 0.48848631
v 1.64076778 -0.0450059 0.56346862
v 1.68662954 -0.29679868 0.56619009
v 1.69361064 -0.29932469 0.49185838
v -0.65318509 -0.47730041 -1.66646065
v -0.57132271 -0.46199703 -1.68395772
v -0.58605503 -0.57834998 -1.72963207
v -0.66988459 -0.58895133 -1.71110962
v 1.16475657 -0.14471448 1.23364384
v 1.09813577 -0.14626697 1.28215245
v 1.11408536 -0.34866928 1.29954356
v 1.18234466 -0.34908298 1.25103208
v 0.91412262 -0.13718027 1.4493602
v 0.84006478 -0.12766669 1.48334748
v 0.85088489 -0.33048768 1.50183658
v 0.92606585 -0.34074253 1.46754906
v 0.212663 1.21621393 -1.07456818
v -0.54095046 -0.75838109 1.87172868
v -0.51990125 -0.6736017 1.79784089
v -0.60522796 -0.67830399 1.78074119
v -0.62978826 -0.76038637 1.85371723
v -1.57908455 -0.30511002 0.59388951
v -1.59627475 -0.29909946 0.50327587
v -1.63232525 -0.51397497 0.51457341
v -1.61486293 -0.51473738 0.60728688
v 0.68594097 -0.65897877 1.75432951
v 0.59998191 -0.65727145 1.77430733
v 0.62582984 -0.74917109 1.85077212
v 0.7154102 -0.74995144 1.82995605
v 0.99771392 -0.67936626 1.58174765
v 0.91670404 -0.67449521 1.61830204
v 0.95538868 -0.75763225 1.6870196
v 1.03962693 -0.76003753 1.64853372
v -0.60598181 1.22369312 0.90467222
v -0.51753771 1.35160871 0.77029803
v -0.59538586 1.353606 0.71999962
v -0.7030124 1.22742113 0.85148063
v -1.76995557 -0.76310136 0.55794988
v -1.70144353 -0.68665543 0.53634743
v -1.73462543 -0.68665545 0.45359661
v -1.80446484 -0.76310138 0.4718597
v 0.55034826 -0.09051419 1.62784317
v 0.62914802 -0.09667611 1.60954335
v 0.952041 -0.79123299 6E-07
v 0.88362801 -0.71466211 5.9E-07
v 0.86317701 -0.67294213 0.72870061
v 0.93135744 -0.74544596 0.74402533
v 1.86206643 -0.7484625 -0.79759592
v 1.79432525 -0.6764209 -0.78254511
v 1.81104495 -0.67228987 -0.71496831
v 1.88326012 -0.74388168 -0.72515301
v -1.59221991 -0.030499 -0.42524483
v -1.55975913 -0.04081236 -0.50728499
v 1.2714038 -0.68500442 -1.34707243
v 1.32215328 -0.68554952 -1.27079066
v 1.37633662 -0.7631014 -1.32311224
v 1.32387253 -0.7630133 -1.40288188
v 1.06153442 -0.6811841 1.51762209
v 1.03012357 -0.59394467 1.47169721
v 0.96776288 -0.59158817 1.5335754
v 0.99771392 -0.67936626 1.58174765
v -0.67323394 1.35560329 0.66970108
v -0.80004305 1.23114888 0.79828897
v -1.37473655 -0.06482381 0.97323829
v -1.40641183 -0.06342741 0.89641364
v -1.43585885 -0.31301504 0.91521638
v -1.40341219 -0.31357758 0.99352702
v -0.00171475 -0.4413917 -1.79808601
v 0.08012979 -0.44048639 -1.78159256
v 0.08266285 -0.55043994 -1.82938828
v -0.00143283 -0.55071326 -1.84610036
v 0.16549919 -0.65362859 1.86607893
v 0.16013525 -0.54990766 1.81117358
v 0.0787118 -0.55048092 1.82983177
v 0.08160325 -0.65357756 1.88487213
v -0.90704767 1.22276011 0.60457598
v -0.77358795 1.35066102 0.51626535
v -0.82957404 1.35251904 0.44093207
v -0.97643653 1.22638406 0.51826749
v -1.57927365 -0.61020945 0.79290997
v -1.54864275 -0.5155762 0.77753444
v -1.59528386 -0.51550004 0.6997688
v -1.62683326 -0.61020946 0.71359902
v -1.66456977 -0.6102095 0.52472789
v -1.63232525 -0.51397497 0.51457341
v -1.66416478 -0.51330216 0.43518398
v -1.69702417 -0.61020951 0.44376391
v 1.01099552 -0.85509072 6.1E-07
v 0.99645069 -0.80434229 0.75651811
v -1.55953773 -0.31059585 -0.68530652
v -1.51417837 -0.31182127 -0.76025254
v -1.54864275 -0.51557645 -0.77753333
v -1.59498149 -0.51550027 -0.70082587
v -0.39710198 -0.02449574 -1.6817733
v -0.32196486 -0.02753326 -1.71321421
v -1.79956424 -0.68665553 5.8E-07
v -1.78325216 -0.68665554 -0.10297678
v -1.85504957 -0.76310148 -0.10712265
v -1.87200177 -0.76310146 5.9E-07
v -0.3328822 -0.41339554 1.76275282
v -0.4127119 -0.42780432 1.73130617
v -0.42369217 -0.55498088 1.77954942
v -0.34191388 -0.54455202 1.8122827
v 0.32420857 -0.27788452 -1.73068187
v 0.400289 -0.28131557 -1.69882821
v 0.40658165 -0.43834243 -1.72655023
v 0.32921835 -0.43508537 -1.75908888
v 0.82300382 1.35604146 -0.44079248
v 0.87542729 1.36047368 -0.36545898
v -1.32401727 -0.68585601 1.26966483
v -1.2726773 -0.68559612 1.34737722
v -1.32268328 -0.68584995 -1.27138941
v -1.29040925 -0.60498624 -1.23950402
v -1.23985053 -0.60328043 -1.31294605
v -1.27212093 -0.68559681 -1.34793231
v 0.94614802 1.3665015 -0.00106037
v 0.92615271 1.36426761 0.08907371
v 1.09025654 1.23823894 0.10459038
v 1.12095295 1.24228357 -0.00086958
v 1.71414398 -0.50050458 0.41223511
v 1.71400536 -0.59564464 0.34529411
v 1.68056207 -0.5030082 0.33482981
v 1.67062421 -0.30219745 0.40957287
v 0.89185912 1.36438588 0.27110382
v 0.73613013 1.49057422 0.22295102
v 0.71950612 1.49127543 0.29753682
v 0.87756097 1.3667379 0.36299992
v -1.31396019 -0.51045143 1.13628457
v -1.28598442 -0.31443755 1.11249198
v -1.34585836 -0.3140164 1.05339903
v -1.37590976 -0.51313526 1.07668999
v 1.35042981 -0.60469502 -1.16158687
v 1.44130104 -0.61319649 -1.09964518
v 0.08012979 -0.44048639 -1.78159256
v 0.16227158 -0.43846443 -1.76271475
v 0.16704899 -0.54983208 -1.81039659
v 0.08266285 -0.55043994 -1.82938828
v 1.17117098 -0.76169108 -1.51209268
v 1.12440061 -0.68251653 -1.45136188
v 1.19878814 -0.68384871 -1.39995065
v 1.24843675 -0.76239625 -1.45823384
v 1.04455007 -0.34640806 -1.34699086
v 1.03004747 -0.14358334 -1.32945607
v 1.09813577 -0.14626739 -1.28215146
v 1.11408536 -0.3486697 -1.2995425
v 0.23615444 -0.08660248 1.7115938
v 0.15207428 -0.0990605 1.71219017
v 0.15347656 -0.29195919 1.73460539
v 0.23870273 -0.28418403 1.73366189
v 1.02838331 0.31243706 -1.32767803
v 1.02936102 0.72762025 -1.32913459
v 1.09653057 0.72737409 -1.28086086
v 1.09619873 0.31095926 -1.28027229
v 0.84006478 -0.12766669 1.48334748
v 0.76469656 -0.11711936 1.51574563
v 0.77443693 -0.31909104 1.53456373
v 0.85088489 -0.33048768 1.50183658
v 0.76469656 -0.11711985 -1.51574465
v 0.84006478 -0.12766717 -1.4833465
v -1.54640398 -0.82680141 1.2112184
v -1.49451039 -0.76307087 1.17057388
v -1.5567847 -0.76309752 1.10228721
v -1.60928804 -0.82680641 1.13945673
v 1.09813577 -0.14626739 -1.28215146
v 1.09619873 0.31095926 -1.28027229
v 1.16248429 0.31159998 -1.23162406
v 1.16475657 -0.14471488 -1.23364286
v 0.5351273 -0.74860492 -1.86957375
v 0.51297782 -0.65603169 -1.79242975
v 0.59997828 -0.65722847 -1.77430605
v 0.62582778 -0.7491468 -1.85077093
v 0.47624265 -0.28630981 -1.66492806
v 0.47055837 -0.08500447 -1.64434903
v 0.55034826 -0.09051472 -1.6278422
v 0.55707932 -0.29130406 -1.64805036
v 0.77058042 1.35160924 -0.51612597
v 0.4709507 0.73285785 -1.64527228
v 0.55042593 0.73235679 -1.62788308
v 0.54991366 0.34085599 -1.62643978
v 0.47022177 0.34386265 -1.6428971
v -0.48834951 -0.44464706 -1.69929906
v -0.47939334 -0.25480008 -1.6705928
v -0.40302557 -0.24554786 -1.70369895
v -0.41036303 -0.42729709 -1.73202484
v -0.95616929 -0.76292045 -1.68881041
v -0.87065386 -0.76273924 -1.72616218
v -0.90127063 -0.82674633 -1.78680311
v -0.98930675 -0.8267767 -1.74729185
v -0.9224482 1.34830889 -0.18442963
v -1.07165293 1.22020197 -0.21387439
v 1.8914056 -0.74009569 0.65394972
v 1.81598581 -0.66882374 0.64697673
v 1.81104495 -0.67228964 0.71496946
v 1.88326012 -0.74388144 0.7251542
v 0.78614296 1.0092367 -1.17750971
v 0.88336131 0.90543634 -1.32258989
v 0.75733912 0.90325407 -1.42365797
v -0.16405954 1.90725683 0.38568789
v -0.19865964 1.91091366 0.36382033
v -0.24925319 1.73624424 0.45947917
v -0.20491232 1.73499282 0.48630719
v 1.2086007 1.12552646 -0.36999771
v 1.22093304 1.1256772 -0.24362293
v 1.38171458 1.01796428 -0.27529919
v 1.36709999 1.01646117 -0.4180024
v -0.474886 0.37854834 1.64345017
v -0.47485575 0.73863988 1.64434936
v -0.55281236 0.73872948 1.62740954
v -0.55285952 0.37909147 1.62728472
v 0.48381008 -0.44226434 -1.69195333
v 0.40658165 -0.43834243 -1.72655023
v 0.62914802 -0.09667611 1.60954335
v 0.55034826 -0.09051419 1.62784317
v 0.55707932 -0.29130352 1.64805139
v 0.63692246 -0.29709804 1.6293872
v -1.82783689 -0.82680671 -0.59398239
v -1.76536483 -0.76310155 -0.57400415
v -1.74841726 -0.76310156 -0.66766299
v -1.80914757 -0.82680672 -0.69085398
v -0.00018398 0.32508957 -1.74203493
v 0.07910392 0.32935849 -1.7266886
v 0.0789579 -0.11014158 -1.7292759
v -0.00044147 -0.11705375 -1.7449696
v 0.33855889 -0.54900865 -1.80739072
v 0.41802647 -0.55114583 -1.77408807
v 0.43123981 -0.65483516 -1.82889389
v 0.34935743 -0.65375812 -1.86308291
v -0.77828536 -0.29121753 -1.5406683
v -0.76609135 -0.05133913 -1.51796941
v -0.69865305 -0.0382989 -1.56629964
v -0.70984487 -0.28226103 -1.58971553
v -1.64781755 -0.82680677 -1.05036754
v -1.59250247 -0.7631016 -1.01510803
v -1.5566117 -0.76309788 -1.10251102
v -1.60904742 -0.82680678 -1.13976777
v -1.31161193 0.73495964 -1.02981679
v -1.2545846 0.73460319 -1.09102305
v -1.76530584 -0.68665546 0.37276042
v -1.76591134 -0.68665548 0.28955451
v -1.8370105 -0.76310141 0.30121245
v -1.836365 -0.7631014 0.38776738
v -3.90608462 -0.87690943 1.42515077
v -3.90754161 -0.8646966 1.42177215
v -1.57670668 -0.30568173 -0.60215814
v -1.54457892 -0.05059404 -0.5899389
v -1.5276891 -0.05904003 -0.67135635
v -1.55953773 -0.31059585 -0.68530652
v 1.69173844 0.61255261 0.70074142
v 1.69173846 0.43136667 0.70074145
v -1.06965779 -0.49966702 -1.3783815
v -1.00894128 -0.49705863 -1.43990269
v 0.31010119 0.90510146 -1.56030831
v 0.47070903 0.9030865 -1.54251711
v -0.43613152 -0.66867514 1.83454453
v -0.51990125 -0.6736017 1.79784089
v -0.54095046 -0.75838109 1.87172868
v -0.45373056 -0.7562847 1.91014732
v -0.55055275 0.73872646 -1.62814833
v -0.47108951 0.73863362 -1.64558141
v -0.47093495 0.37851843 -1.64475573
v -0.55060228 0.37907376 -1.62803115
v -0.68271161 1.4786539 0.36359665
v -0.72529486 1.47874598 0.29923862
v -0.88556012 1.35437706 0.36559882
v -1.46684476 -0.31242863 -0.8348072
v -1.43679187 -0.06240016 -0.81769566
v -1.40641183 -0.0634277 -0.89641268
v -1.43585885 -0.31301534 -0.91521533
v -1.76591134 -0.68665557 -0.28955334
v -1.72763158 -0.61020963 -0.28327687
v -1.72671621 -0.61020965 -0.36575641
v -1.76499134 -0.68665558 -0.37385834
v -1.43079867 0.35978156 -0.81429237
v -1.43002183 0.73551052 -0.81367381
v -1.39898505 0.73541318 -0.8917472
v -1.40057276 0.35919485 -0.89272295
v 1.24363199 0.90458214 -1.02479496
v 1.32114314 0.90705764 -0.88312313
v -0.17302991 -0.54683208 1.81254182
v -0.08731591 -0.54893392 1.83043489
v 0.15899336 0.73158037 -1.71113934
v 0.2401407 0.73272017 -1.71046284
v 0.2398314 0.34303696 -1.70926628
v 0.15865053 0.33619773 -1.70923953
v -1.83584363 -0.7631015 -0.21172617
v -1.76477897 -0.68665556 -0.20353938
v -1.76591134 -0.68665557 -0.28955334
v -1.8370105 -0.76310151 -0.30121127
v -0.21428592 1.21749358 -1.0736278
v -0.10758528 1.22128893 -1.10461121
v -0.57366876 -0.46249929 1.68323407
v -0.56295275 -0.26431885 1.65383125
v -0.64114245 -0.27329329 1.63647792
v -0.65347252 -0.4773601 1.66636174
v -1.61499 0.3713 -0.18636276
v -1.61381729 0.73746559 -0.18528743
v -1.61387029 0.73850381 -0.26464562
v -1.61615113 0.37773771 -0.26512706
v -1.83584363 -0.76310143 0.21172736
v -1.76477897 -0.68665549 0.20354054
v -1.78325216 -0.68665551 0.10297794
v -1.85504957 -0.76310144 0.10712384
v -1.6556682 -0.30091013 0.19105488
v -1.62201607 -0.04229629 0.18726042
v -1.6387124 -0.05571563 0.09474188
v -1.67282802 -0.30860813 0.09666462
v -1.78325216 -0.68665554 -0.10297678
v -1.76477897 -0.68665556 -0.20353938
v -1.83584363 -0.7631015 -0.21172617
v -1.85504957 -0.76310148 -0.10712265
v -1.83112426 0.61255218 3.7E-07
v -1.83112424 0.43136625 4E-07
v 0.38493279 1.90109442 0.15826286
v -1.8018416 -0.76310154 -0.48103311
v -1.76536483 -0.76310155 -0.57400415
v -1.82783689 -0.82680671 -0.59398239
v -1.86442841 -0.82680669 -0.49774145
v -1.73210356 -0.6866556 -0.46241533
v -1.69702892 -0.68665561 -0.55178791
v -1.10268048 -0.07829011 1.28148232
v -1.09973178 0.35011228 1.27845313
v -1.16368484 0.35033853 1.23181952
v -1.16700879 -0.07800163 1.23503095
v -1.56384381 -0.68665536 0.89002676
v -1.61426566 -0.68665538 0.8104785
v -1.46684476 -0.31242836 0.83480824
v -1.43679187 -0.0623999 0.81769662
v -1.48319948 -0.06133804 0.74471959
v -1.51417837 -0.31182102 0.76025358
v -1.52995342 -0.61020943 0.87073712
v -1.50027477 -0.5156526 0.8538444
v -1.54864275 -0.5155762 0.77753444
v -1.57927365 -0.61020945 0.79290997
v -1.43079867 0.35978182 0.81429319
v -1.43002183 0.73551078 0.81367451
v -1.4752157 0.73561233 0.74066947
v -1.47696954 0.36038916 0.74157209
v -1.2184812 -0.82679535 1.56119636
v -1.17721045 -0.76303594 1.50769488
v -1.25190685 -0.76300559 1.45571679
v -1.29533609 -0.82679039 1.50623202
v 1.2714038 -0.68500398 1.3470736
v 1.19878814 -0.68384826 1.39995181
v 1.24843675 -0.76239577 1.45823503
v 1.32387253 -0.76301284 1.40288307
v 0.16227158 -0.43846443 -1.76271475
v 0.24608594 -0.43644272 -1.76187037
v 1.29480062 0.61255225 -1.29480018
v 1.29480063 0.43136631 -1.29480015
v -0.00309378 1.61339215 0.6581402
v -0.00276208 1.48437711 0.78422941
v -1.67925959 -0.76310131 0.8431101
v -1.61426566 -0.68665538 0.8104785
v -1.66289402 -0.6866554 0.72941836
v -1.72983019 -0.76310133 0.75877822
v -0.91846947 -0.68453669 -1.622042
v -0.83641003 -0.68401695 -1.65807889
v -1.63172445 0.36360203 -0.09429019
v -1.61499 0.3713 -0.18636276
v -1.62201607 -0.04229635 -0.18725947
v -1.6387124 -0.05571566 -0.09474092
v -0.87065386 -0.76273867 1.72616336
v -0.83641003 -0.68401641 1.65808005
v -0.91846947 -0.68453616 1.62204316
v -0.95616929 -0.7629199 1.6888116
v -0.77828536 -0.29121703 1.54066933
v -0.76609135 -0.05133863 1.51797036
v -0.841361 -0.06437887 1.48517071
v -0.85467594 -0.30017355 1.50737356
v -0.81338748 -0.59381139 1.61066143
v -0.79313098 -0.4868981 1.56892153
v -0.87091338 -0.49067393 1.53501151
v -0.89315862 -0.5956133 1.57573228
v -0.76443452 0.36495771 1.51517855
v -0.76494767 0.7363742 1.51647174
v -0.83968927 0.73515151 1.48297621
v -0.83957561 0.35762189 1.4824944
v 0.49735439 -0.55367531 -1.73861867
v 0.48381008 -0.44226434 -1.69195333
v 0.5660023 -0.44618601 -1.67466675
v 0.58178133 -0.55620478 -1.72092585
v 1.05956026 1.23419444 0.21005035
v 0.9061572 1.36203373 0.1792078
v 1.04758804 1.23819753 0.31925667
v -1.21153812 -0.50493906 -1.28222228
v -1.1413082 -0.50227541 -1.33095689
v -1.16858936 -0.60178768 -1.3637889
v -1.23985053 -0.60328043 -1.31294605
v -0.97449465 0.35022631 1.38671669
v -1.03400647 0.35016755 1.32392737
v -1.03660655 -0.07801604 1.32678131
v -0.97675223 -0.07771832 1.3894245
v -0.40383338 1.91167188 -0.12491931
v -0.41720896 1.90749682 -0.08592693
v 0.24428271 1.11239042 -1.23197957
v 0.27590241 1.00856703 -1.38939084
v 0.13777666 1.00883311 -1.42921084
v -1.6560747 -0.28976748 -0.35092573
v -1.62513867 -0.29419895 -0.43395854
v -1.66174441 -0.51337374 -0.4436441
v -1.69329369 -0.51262947 -0.35869492
v -0.03130318 3.07608971 -0.09327857
v -0.03130994 2.97193292 -0.09344293
v -0.00192005 2.97193294 0.00715707
v -0.00192005 3.12952091 0.00715705
v -0.33237026 -0.41334757 -1.76286925
v -0.24921704 -0.41808743 -1.76457049
v -0.25594233 -0.54484359 -1.81366433
v -0.34138741 -0.54451627 -1.81240158
v -0.7234535 -0.48312281 -1.61887891
v -0.70984487 -0.28226103 -1.58971553
v -0.64085939 -0.27326769 -1.63657652
v -0.65318509 -0.47730041 -1.66646065
v -1.68326846 -0.68665541 0.63300321
v -1.70144353 -0.68665543 0.53634743
v -1.76995557 -0.76310136 0.55794988
v -1.75103975 -0.76310135 0.65848958
v 0.97109904 0.31391511 -1.38865672
v 0.97155556 0.72786666 -1.38947891
v 1.02936102 0.72762025 -1.32913459
v 1.02838331 0.31243706 -1.32767803
v 0.08567342 -0.65355652 -1.88443335
v -0.00099266 -0.6539767 -1.90138292
v 0.47624265 -0.28630927 1.66492909
v 0.47055837 -0.08500393 1.64434999
v 0.3955964 -0.07949392 1.67768014
v 0.400289 -0.28131501 1.69882924
v -0.00173341 -0.65398778 1.9014162
v -0.08957589 -0.65613071 1.88575625
v -0.09278126 -0.74903025 1.96519753
v -0.00127338 -0.74749592 1.9819516
v -0.47108951 0.73863362 -1.64558141
v -0.39589733 0.73854127 -1.67796144
v -0.39607383 0.37796335 -1.6782965
v -0.47093495 0.37851843 -1.64475573
v 1.00263264 -0.49636052 1.43155094
v 0.98571118 -0.34414597 1.40821048
v 0.92606585 -0.34074253 1.46754906
v 0.94160151 -0.49346637 1.49154001
v -1.90081318 -0.82680665 -0.21818767
v -1.90081868 -0.82680667 -0.31167357
v -1.90081868 -0.82680667 -0.31167357
v -1.8370105 -0.76310151 -0.30121127
v -1.836037 -0.76310152 -0.38891301
v -1.89785019 -0.82680668 -0.40268255
v 0.76483218 0.72998465 1.51632212
v 0.69703275 0.73092058 1.56355498
v -0.87065386 -0.76273924 -1.72616218
v -0.83641003 -0.68401695 -1.65807889
v -0.76290143 -0.68349722 -1.71108036
v -0.79403327 -0.76255803 -1.78116314
v 1.32114314 0.90705764 -0.88312313
v 1.42162747 0.90570295 -0.75692313
v -1.17721045 -0.76303594 1.50769488
v -1.1095984 -0.76306828 1.5794038
v 1.02936102 0.72762068 1.32913529
v 0.97155556 0.72786712 1.38947962
v 0.97109904 0.31391556 1.38865756
v 1.02838331 0.31243749 1.32767887
v 1.42740772 -0.76310097 1.24138917
v 1.37347837 -0.68591776 1.19260193
v 1.32215328 -0.68554911 1.27079182
v 1.37633662 -0.76310096 1.32311343
v 0.45283055 1.61427068 -0.46322202
v 0.4935939 1.61196212 -0.41138864
v 0.58688964 1.47823519 -0.48883579
v 0.53747978 1.47661622 -0.55152264
v -0.09083464 -0.7489938 -1.96539722
v -0.08770711 -0.65607656 -1.88593785
v -0.00099266 -0.6539767 -1.90138292
v -0.00049981 -0.74749084 -1.98192017
v -0.52169687 1.22168432 -0.97951002
v -0.44667314 1.34708888 -0.83733415
v -0.36996121 1.34908681 -0.8916868
v -0.4350466 1.2253577 -1.04902925
v 1.49226268 0.37873134 0.85262945
v 1.48352805 0.75186111 0.83749249
v 1.44627403 0.74928359 0.89975137
v 1.45318942 0.37550713 0.91261665
v 0.15213085 0.33563598 1.70992686
v 0.15277995 0.73147365 1.71177466
v 0.07557256 0.73038737 1.72773849
v 0.07537837 0.3290377 1.72708168
v 1.62539107 -0.04066902 0.63078824
v 1.61925109 -0.03712071 0.6942588
v 1.66859247 -0.29485537 0.69758995
v 1.6732222 -0.29546696 0.63387089
v 1.76807095 -0.59527121 0.63749687
v 1.72525144 -0.50197938 0.63365611
v 1.72110683 -0.50450736 0.69858792
v 1.76409434 -0.59831221 0.70472448
v 1.60430535 0.38753175 0.62161563
v 1.59922445 0.76733646 0.60184919
v 1.58640462 0.76457623 0.66954393
v 1.59471038 0.3880953 0.68729825
v 0.57217129 1.61268771 0.3056853
v 0.46200611 1.73469352 0.24678569
v 0.44145773 1.73548819 0.29481078
v 0.54331213 1.61278828 0.36322188
v 1.70737075 -0.50753144 -0.76289125
v 1.70227302 -0.6071831 -0.83310734
v 1.8914056 -0.7400959 -0.65394854
v 1.81598581 -0.66882395 -0.64697557
v 1.82850578 -0.66588349 -0.57602147
v 1.9061103 -0.73677883 -0.58060726
v -0.64085939 -0.27326769 -1.63657652
v -0.56065344 -0.2640523 -1.65456709
v 1.76807095 -0.59527142 -0.63749574
v 1.72525144 -0.50197958 -0.63365501
v 1.73737591 -0.4998603 -0.56503378
v 1.77980454 -0.59279519 -0.56701976
v 1.58640462 0.76457602 -0.66954324
v 1.59922445 0.76733626 -0.6018485
v 1.60430535 0.38753154 -0.62161482
v 1.59471038 0.38809508 -0.68729744
v -0.70074084 0.43136608 -1.6917381
v -0.52257247 0.56210291 -1.71148181
v -0.50159964 0.69122676 -1.66611321
v -0.66908239 0.64522776 -1.61530786
v 1.49226268 0.37873106 -0.85262863
v 1.53922679 0.38325363 -0.80095885
v -1.42262162 0.904829 0.7567969
v -1.26553884 1.01197067 0.67293256
v -1.35537483 1.01179291 0.56092715
v -1.52355657 0.90276558 0.63083433
v 1.4105923 0.37252306 -0.97668326
v 1.35912836 -0.07348022 -1.03744995
v 1.64076778 -0.04500608 -0.56346767
v 1.62539107 -0.04066922 -0.63078728
v -0.32157505 0.37580182 1.70953685
v -0.39833148 0.37798057 1.67755082
v -0.39936313 -0.02450191 1.68102288
v -0.32246045 -0.02745429 1.71309778
v -1.38725836 1.01147836 0.27548383
v -1.22896584 1.11650674 0.24369235
v -1.26460961 1.1181803 0.12154302
v -1.42741561 1.01126551 0.13757041
v 1.77980454 -0.59279519 -0.56701976
v 1.73737591 -0.4998603 -0.56503378
v 1.74206752 -0.49923028 -0.49077728
v 1.78284003 -0.59186871 -0.49100333
v 0.36829248 1.34938084 -0.89122786
v -1.57927365 -0.6102097 -0.79290884
v -1.62652501 -0.6102097 -0.71467657
v -0.65573395 1.61076529 -0.066537
v -0.52833115 1.74411362 -0.05476031
v -0.52360001 1.74500137 -0.10641508
v -0.6484216 1.61070865 -0.13069998
v 1.95499179 -0.80013749 -0.65408478
v 1.97055474 -0.79709946 -0.57638851
v 1.97055474 -0.79709946 -0.57638851
v 1.9061103 -0.73677883 -0.58060726
v 1.91013917 -0.73554942 -0.50305155
v 1.97376223 -0.79623396 -0.49574465
v 1.82850578 -0.66588349 -0.57602147
v 1.83159552 -0.66467175 -0.49936376
v 0.82793373 -0.59856866 -0.71104089
v 0.86317701 -0.67294236 -0.72869945
v 0.01056175 -0.73063353 3.78328915
v 0.93135744 -0.7454462 -0.74402415
v 0.99645069 -0.80434254 -0.75651691
v -0.18462799 1.34440059 -0.92399452
v -0.09288752 1.34658123 -0.94497395
v 1.4105923 0.37252338 0.97668408
v 1.40635415 0.7483417 0.96712842
v 1.34507074 0.36043625 1.03143098
v 1.35912836 -0.07347988 1.03745091
v 1.60430535 0.38753175 0.62161563
v 1.59471038 0.3880953 0.68729825
v -0.83957561 0.35762189 1.4824944
v -0.83968927 0.73515151 1.48297621
v -0.91313967 0.73392882 1.44694994
v -0.91377226 0.3511956 1.447945
v 1.59471038 0.3880953 0.68729825
v 1.58640462 0.76457623 0.66954393
v 1.56892154 0.76111805 0.73203312
v 1.58000842 0.38750737 0.74857388
v -0.24292051 -0.04820121 1.71434041
v -0.24218511 0.36398204 1.71090085
v -0.32157505 0.37580182 1.70953685
v -0.32246045 -0.02745429 1.71309778
v 0.0576169 2.07893255 0.30590241
v 1.66859247 -0.29485537 0.69758995
v 1.65579325 -0.29468485 0.75943502
v 1.70737075 -0.50753119 0.76289236
v 1.72110683 -0.50450736 0.69858792
v 0.32629996 1.89635445 0.26845549
v 0.30107704 1.89436038 0.30216452
v 1.9426662 -0.80399472 0.73067106
v 1.95499179 -0.80013728 0.65408598
v -0.50111325 -0.56649185 -1.74604165
v -0.4212863 -0.55463372 -1.78030342
v 0.43241491 1.73945271 -0.29296154
v 0.53435716 1.60965356 -0.35955526
v 1.49226268 0.37873134 0.85262945
v 1.45318942 0.37550713 0.91261665
v 1.42930503 -0.05188739 0.98467719
v 1.47755651 -0.04647172 0.92178944
v 1.59169722 -0.61630037 0.96462334
v 1.52716054 -0.61729927 1.03855656
v 1.55501071 -0.69227584 1.06059782
v 1.62422688 -0.69125404 0.98261105
v 0.07935247 -0.298853 -1.75220505
v -0.00111694 -0.30323518 -1.7683095
v 1.51888404 -0.30708485 0.935843
v 1.4650567 -0.31049524 1.00165956
v 1.50112511 -0.52208704 1.02021554
v 1.56084031 -0.5210762 0.95022131
v 1.50233037 -0.76414792 1.172355
v 1.59718997 -0.76590278 1.10226521
v 1.71006577 -0.82648777 1.04875113
v 1.67247525 -0.76474881 1.0165574
v 1.59718997 -0.76590278 1.10226521
v 1.62899013 -0.82798051 1.13942898
v 1.35912836 -0.07347988 1.03745091
v 1.30616629 -0.3279831 1.11224736
v 1.21214618 -0.12224855 1.16441429
v 1.20906015 0.32497092 1.16193885
v 1.16248429 0.31160038 1.2316249
v 1.16475657 -0.14471448 1.23364384
v 1.20885236 0.72981736 1.16194791
v 1.1615775 0.72712807 1.23087996
v 1.35042981 -0.60469464 1.16158801
v 1.28708087 -0.6013609 1.23543741
v 0.08957535 1.35746728 0.93556211
v -0.00182335 1.35827564 0.95638636
v -0.00088462 1.23217417 1.12854331
v -0.46645026 -0.82566055 -1.97687755
v -0.451158 -0.75622459 -1.91098213
v -0.36572669 -0.75421459 -1.94629665
v -0.37765568 -0.82531879 -2.01158507
v -0.64012823 1.47856193 0.42795474
v 1.25631145 -0.50452126 1.20440911
v 1.23225139 -0.3384107 1.1823714
v 1.18234466 -0.34908298 1.25103208
v 1.20416073 -0.50183495 1.27312204
v -1.62683326 -0.61020946 0.71359902
v -1.64678032 -0.61020948 0.61928155
v -1.68326846 -0.68665541 0.63300321
v -1.66289402 -0.6866554 0.72941836
v 1.14466444 -0.8264539 -1.63705018
v 1.07515114 -0.82633668 -1.7050911
v -1.57970477 0.79768733 0.84066123
v -1.57970476 0.66552547 0.84066125
v -1.46767122 0.71849837 0.98058101
v -1.46767123 0.80163642 0.980581
v 1.83112466 0.6125525 3.7E-07
v 1.83112467 0.43136657 4E-07
v 1.09163007 -0.59543344 1.40782528
v 1.03012357 -0.59394467 1.47169721
v -0.68913221 -0.68252363 1.76167112
v -0.76290143 -0.68349666 1.71108152
v -0.79403327 -0.76255745 1.78116432
v -0.71714925 -0.7621502 1.83369042
v 0.85250819 1.22548133 -0.70400615
v 0.90486134 1.22336419 -0.606103
v 1.03979033 1.11792175 -0.6958334
v 0.97929419 1.11847905 -0.80792732
v -0.79403327 -0.76255745 1.78116432
v -0.87065386 -0.76273867 1.72616336
v -0.90127063 -0.82674575 1.78680432
v -0.82138743 -0.82671562 1.84249165
v 1.21279411 -0.82657111 1.56599835
v 1.14466444 -0.82645337 1.63705139
v 1.14466444 -0.82645337 1.63705139
v 1.10589692 -0.76098541 1.58141179
v 1.03962693 -0.76003753 1.64853372
v 1.07515114 -0.82633612 1.70509231
v 0.69716714 -0.10657178 1.56365049
v 0.69648241 0.33223581 1.56224067
v 0.6286063 0.33752404 1.60817241
v 0.62914802 -0.09667611 1.60954335
v -1.2134349 -0.07503445 -1.16586144
v -1.2095707 0.35219629 -1.1624899
v -1.16317371 0.35033215 -1.23232694
v -1.16649567 -0.07801423 -1.23553661
v 0.78718278 -0.47241178 1.55938556
v 0.71743042 -0.46125959 1.60849641
v -0.82138743 -0.82671622 -1.84249045
v -0.79403327 -0.76255803 -1.78116314
v -0.71682762 -0.76214309 -1.83379361
v -0.74070142 -0.8266861 -1.89493767
v 0.71743042 -0.46125959 1.60849641
v 0.64719781 -0.45105601 1.65560077
v 0.77443693 -0.31909104 1.53456373
v 0.70592219 -0.30769441 1.58298009
v 0.41803 -0.55119031 1.77409381
v 0.40658165 -0.43834187 1.72655131
v 0.32873866 -0.43509924 1.75914721
v 0.33806908 -0.54906357 1.80745784
v -0.00276208 1.48437711 0.78422941
v -0.07813126 1.48248496 0.77135726
v -0.09261332 1.35533505 0.9345453
v -0.00182335 1.35827564 0.95638636
v 0.9010821 -0.82545322 1.78638957
v 0.82116977 -0.82501189 1.84195478
v 0.79279916 -0.75233631 1.77794408
v 0.7154102 -0.74995144 1.82995605
v 0.47055837 -0.08500393 1.64434999
v 0.47022177 0.34386318 1.64289793
v 0.39535143 0.34686984 1.67615245
v 0.3955964 -0.07949392 1.67768014
v -1E-08 2.97193294 0.00659453
v -0.02930919 2.97193292 -0.09344293
v -0.0293092 3.07608971 -0.09344295
v -1E-08 3.12952091 0.0065945
v 0.48312835 1.474195 -0.59768494
v 0.53747978 1.47661622 -0.55152264
v 0.51298282 -0.65609259 1.79242815
v 0.49735724 -0.55370959 1.73861792
v 0.41803 -0.55119031 1.77409381
v 0.43124622 -0.65491347 1.82890354
v -1.42747421 -0.7630389 -1.24142473
v -1.37191663 -0.68611827 -1.19299639
v -1.32268328 -0.68584995 -1.27138941
v -1.37641336 -0.76300755 -1.32316774
v 0.4499158 -0.74810773 1.90749857
v 0.43124622 -0.65491347 1.82890354
v 0.34885681 -0.65384737 1.86315731
v 0.36402721 -0.7476323 1.94308759
v 0.48381008 -0.44226379 1.69195441
v 0.40658165 -0.43834187 1.72655131
v 1.47755651 -0.04647202 -0.92178848
v 1.45318942 0.37550683 -0.91261583
v 1.49226268 0.37873106 -0.85262863
v 1.51864751 -0.04310989 -0.86198204
v -1.37779698 -0.76300786 1.32136944
v -1.4298962 -0.76303999 1.23827693
v -1.4802663 -0.82679617 1.28216581
v -1.42560033 -0.82679092 1.36721943
v 0.55481412 -0.8243901 1.938226
v 0.53513017 -0.74863941 1.86957294
v 0.4499158 -0.74810773 1.90749857
v 0.46623073 -0.82429975 1.97629726
v -1.2184812 -0.82679535 1.56119636
v -1.14812128 -0.82680081 1.63424764
v -0.43613152 -0.66867514 1.83454453
v -0.35214946 -0.6638235 1.86887955
v 1.29480062 0.61255267 1.29480091
v 1.29480063 0.43136674 1.29480094
v 1.69173844 0.61255238 -0.70074068
v 1.69173846 0.43136645 -0.70074065
v -0.13036147 1.61168237 -0.64836144
v -0.15497006 1.47130774 -0.77436135
v -1.2837323 -0.31445609 -1.11524906
v -1.23601381 -0.31488473 -1.18692372
v 0.08160325 -0.65357756 1.88487213
v 0.0787118 -0.55048092 1.82983177
v -0.00215314 -0.55071217 1.84613235
v -0.00173341 -0.65398778 1.9014162
v 0.400289 -0.28131501 1.69882924
v 0.3955964 -0.07949392 1.67768014
v 0.32005019 -0.07652535 1.7090258
v 0.32373576 -0.27792776 1.73073602
v 0.64719781 -0.45105655 -1.65559968
v 0.71743042 -0.46126011 -1.60849532
v 0.73738825 -0.56716479 -1.65321255
v 0.66518965 -0.5594718 -1.70141403
v -1.74841726 -0.76310156 -0.66766299
v -1.68074659 -0.68665562 -0.6418219
v -1.6625794 -0.68665563 -0.7305162
v -1.72950232 -0.76310158 -0.75992385
v 0.28288489 -0.82419936 -2.01498694
v 0.27284745 -0.7474577 -1.94508216
v 0.3645534 -0.74758116 -1.94301991
v 0.37745661 -0.82421005 -2.01102382
v -1.72763158 -0.61020954 0.28327801
v -1.72653459 -0.61020956 0.19912128
v -1.76591134 -0.68665548 0.28955451
v -0.39833148 0.37798057 1.67755082
v -0.474886 0.37854834 1.64345017
v -0.47605056 -0.02477125 1.64676485
v -0.39936313 -0.02450191 1.68102288
v 1.81104495 -0.67228964 0.71496946
v 1.76409434 -0.59831221 0.70472448
v 1.74937825 -0.60205366 0.7710161
v 1.79432525 -0.67642064 0.78254626
v 0.06264093 1.61478376 -0.65767922
v 0.12719062 1.61593625 -0.64992981
v -0.26321773 1.91661818 0.31486044
v -0.23325973 1.91457048 0.34195277
v -1.66456977 -0.6102095 0.52472789
v -1.64678032 -0.61020948 0.61928155
v 1.17471919 1.01247918 -0.78556381
v 1.10608027 1.01147677 -0.91184862
v -0.08957589 -0.65613071 1.88575625
v -0.17799968 -0.65871422 1.86800468
v -0.18489012 -0.75078487 1.94619558
v -0.09278126 -0.74903025 1.96519753
v -0.09356938 -0.82445553 -2.03496713
v -8.441E-05 -0.82416777 -2.05055408
v 1.50112511 -0.52208704 1.02021554
v 1.44130104 -0.61319613 1.09964632
v -1.07067344 1.22153511 0.21190089
v -0.92007064 1.34927175 0.1815722
v -0.94152614 1.35140433 0.09015807
v -1.10180347 1.22509522 0.10551565
v -1.65685557 -0.29447239 0.27180206
v -1.69308695 -0.51418635 0.19527624
v -1.69417757 -0.51340773 0.27780879
v -0.47605056 -0.02477125 1.64676485
v -0.55416367 -0.02500897 1.63049053
v -0.15977061 -0.07321785 -1.7136827
v -0.15920526 0.34996377 -1.71044228
v -0.07955307 0.33624151 -1.72728898
v -0.0799584 -0.09770598 -1.73037752
v -1.62201607 -0.04229635 -0.18725947
v -1.62329194 -0.03097789 -0.26639461
v -0.79313098 -0.48689861 -1.56892044
v -0.87091338 -0.49067443 -1.53501041
v -0.57203376 1.60289126 0.30289853
v -0.60572241 1.60453658 0.24830861
v -0.26352732 -0.6611714 -1.86982714
v -0.17472863 -0.65862398 -1.86832427
v -0.18148382 -0.75072054 -1.94654515
v -0.27397797 -0.75244728 -1.94759677
v 0.32057045 1.2317056 1.05225916
v 0.21114199 1.22661936 1.06514312
v 0.24310611 1.12043978 1.22479341
v 0.36901703 1.12329399 1.21026896
v 0.17296998 -0.74741476 1.94565871
v 0.08555331 -0.74734009 1.9650109
v -1.32168692 0.90689254 0.88275952
v -1.17570261 1.01214842 0.78493792
v -0.15540897 2.3933526 -0.03271938
v -0.31081795 2.06999201 -0.06543879
v -1.07165293 1.22020197 -0.21387439
v -0.9224482 1.34830889 -0.18442963
v -0.90661056 1.34982515 -0.27705893
v -1.05967822 1.22374852 -0.32417527
v 0.58178133 -0.55620478 -1.72092585
v 0.5660023 -0.44618601 -1.67466675
v 0.64719781 -0.45105655 -1.65559968
v 0.66518965 -0.5594718 -1.70141403
v -0.76609135 -0.05133863 1.51797036
v -0.841361 -0.06437887 1.48517071
v -1.03660655 -0.07801604 1.32678131
v -1.03400647 0.35016755 1.32392737
v -1.09973178 0.35011228 1.27845313
v -1.10268048 -0.07829011 1.28148232
v 0.07537837 0.3290377 1.72708168
v 0.07557256 0.73038737 1.72773849
v -0.00093715 0.72930134 1.7408097
v -0.00086339 0.3250869 1.74206176
v 0.08761104 2.38585131 0.13260195
v 0.17522207 2.05498967 0.26520388
v 1.29191813 -0.8266886 1.50912077
v 1.3685244 -0.82680609 1.45021744
v -1.83235451 -0.82680652 0.57818346
v -1.86714215 -0.82680653 0.48824985
v -1.67282802 -0.30860813 0.09666462
v -1.6387124 -0.05571563 0.09474188
v -1.65349635 -0.06560062 4.8E-07
v -1.6879921 -0.31453933 5.2E-07
v -0.92984922 -0.30820433 -1.47262725
v -0.85467594 -0.30017404 -1.50737252
v -0.87091338 -0.49067443 -1.53501041
v -0.94754146 -0.49441713 -1.49972289
v -0.90127063 -0.82674575 1.78680432
v -0.98930675 -0.82677613 1.74729306
v -1.74459716 -0.61020957 0.10074582
v -1.59627475 -0.29909946 0.50327587
v -1.62751666 -0.2936273 0.42568998
v -0.841361 -0.06437887 1.48517071
v -0.91570978 -0.07560003 1.45053832
v -1.58521384 0.37801149 -0.42330012
v -1.58297438 0.73854934 -0.42261968
v -1.55185985 0.7375569 -0.50432053
v -1.55299681 0.37211042 -0.50502832
v 0.24610959 1.75768603 -0.46693953
v 0.29060771 1.75552868 -0.44039589
v 0.3596923 1.61365123 -0.5421215
v -0.81338748 -0.59381191 -1.61066029
v -0.89315862 -0.59561382 -1.57573115
v -1.29533609 -0.82679039 1.50623202
v -1.25190685 -0.76300559 1.45571679
v -1.32455126 -0.7629837 1.40240607
v -1.36934838 -0.82678543 1.44942382
v -1.43651969 -0.6863932 1.12508513
v -1.40421892 -0.60851003 1.09930194
v -1.46392736 -0.60999682 1.03645819
v -1.49654664 -0.68664761 1.05963595
v 0.212663 1.21621393 -1.07456818
v 0.18272866 1.3443033 -0.92495389
v 0.27551057 1.34684213 -0.90809081
v 0.32319125 1.22001502 -1.06233234
v -1.85504957 -0.76310144 0.10712384
v -1.78325216 -0.68665551 0.10297794
v -1.79956424 -0.68665553 5.8E-07
v -1.87200177 -0.76310146 5.9E-07
v -0.24921704 -0.41808743 -1.76457049
v -0.16550783 -0.42622773 -1.76450124
v -0.16986031 -0.54691182 -1.81287733
v -0.25594233 -0.54484359 -1.81366433
v -0.18462799 1.34440059 -0.92399452
v -0.06483999 2.0816858 0.30308073
v -0.03241999 2.39919944 0.15154038
v -1.34213423 -0.60680021 1.16138501
v -1.40421892 -0.60851003 1.09930194
v -0.07955307 0.33624151 -1.72728898
v -0.07938759 0.73158757 -1.72745779
v -3.068E-05 0.72930053 -1.74077775
v -0.00018398 0.32508957 -1.74203493
v 0.55042593 0.73235679 -1.62788308
v 0.6285567 0.73185548 -1.60805539
v 0.6286063 0.33752351 -1.60817158
v 0.54991366 0.34085599 -1.62643978
v -0.36403028 1.91497182 0.19000853
v -0.38361516 1.91622897 0.15433612
v 0.39760657 1.87920518 -0.12356398
v 0.40853513 1.87722182 -0.08492416
v -0.90281545 1.35182441 0.2735855
v -0.92007064 1.34927175 0.1815722
v -1.07067344 1.22153511 0.21190089
v -1.05824935 1.22577156 0.32192997
v 0.18039308 -0.74739399 -1.94488116
v 0.17262369 -0.65358364 -1.86530941
v 0.26135229 -0.65361101 -1.86527191
v 0.27284745 -0.7474577 -1.94508216
v -1.17166873 -0.60185419 1.36118092
v -1.14433882 -0.50239496 1.32845075
v -1.21208499 -0.50496578 1.28171339
v -1.24040215 -0.60329344 1.31241406
v -1.71077764 -0.51517482 0.0988008
v -1.7263876 -0.51616328 5.5E-07
v -0.65133756 -0.82635367 1.91746231
v -0.62978826 -0.76038637 1.85371723
v -0.71714925 -0.7621502 1.83369042
v -0.74114848 -0.82668548 1.89479325
v 0.29060771 1.75552868 -0.44039589
v 0.3596923 1.61365123 -0.5421215
v -1.32397089 -0.76298416 -1.40298526
v -1.24864824 -0.76300756 -1.45855934
v -1.29196498 -0.82679113 -1.50917381
v -1.36854238 -0.8267859 -1.45022873
v 0.59961441 1.49099866 0.49359511
v 0.50426687 1.61476667 0.41486717
v 0.46522158 1.61674506 0.46651239
v 0.5540623 1.49190908 0.55555727
v -1.43679187 -0.0623999 0.81769662
v -1.48319948 -0.06133804 0.74471959
v -0.55416367 -0.02500897 1.63049053
v -0.55285952 0.37909147 1.62728472
v -0.62954729 0.37864615 1.60941102
v -0.63099575 -0.02722409 1.61253658
v 0.11821984 1.92851742 -0.40065275
v 0.07890666 1.92826489 -0.41280137
v 0.23988471 -0.08603676 -1.71118533
v 0.32051562 -0.07644576 -1.70897421
v -0.01888876 2.91020299 -0.29351786
v -0.02087878 2.91020299 -0.29331089
v -0.001992 3.03915081 -0.49491
v -1E-08 3.03915081 -0.494723
v 0.7304069 1.48664538 -0.22480065
v 0.75001015 1.4881369 -0.15072267
v -0.5053242 -0.56710112 1.74472228
v -0.58845933 -0.57869441 1.72887532
v -0.21330613 1.22419649 1.06692336
v -0.18340329 1.35239459 0.91270424
v -0.27426999 1.35479165 0.89524766
v -0.32323727 1.22805232 1.05483965
v -0.76946791 1.47700839 0.1512435
v -1.73758754 -0.82680646 0.87239521
v -1.78818251 -0.82680648 0.78419235
v -1.46376074 -0.60999193 -1.0366638
v -1.4028853 -0.60846857 -1.10095505
v -1.43518569 -0.6863871 -1.12680971
v -1.49638076 -0.68664796 -1.05985053
v -1.03155813 -0.07799158 -1.33112708
v -1.02898798 0.3501716 -1.32828541
v -0.97162684 0.35022859 -1.38920673
v -0.97386905 -0.07770558 -1.39190765
v -0.91341408 0.35119538 -1.44825605
v -0.83957561 0.35762141 -1.48249358
v -0.841361 -0.06437935 -1.48516975
v -0.91535078 -0.0756 -1.4508486
v -0.23325973 1.91457048 0.34195277
v 1.86206643 -0.74846224 0.79759711
v 1.88326012 -0.74388144 0.7251542
v -1.69455743 -0.61020966 -0.45239172
v -1.72671621 -0.61020965 -0.36575641
v -0.85467594 -0.30017355 1.50737356
v -0.93021722 -0.30821107 1.47231516
v -0.0020016 2.39853957 0.15529304
v -0.00400321 2.08036606 0.31058606
v -0.60522796 -0.67830399 1.78074119
v -0.58845933 -0.57869441 1.72887532
v -0.67018178 -0.58898736 1.71101
v -0.68913221 -0.68252363 1.76167112
v 0.89872567 1.23321264 0.60022481
v 0.7719461 1.36165056 0.51592891
v 0.72284887 1.36387016 0.59521786
v 0.84608333 1.23674153 0.69684058
v 0.24993975 1.62141536 0.60928859
v 0.18826305 1.61982603 0.62636129
v 0.22460988 1.48871772 0.7453154
v 0.29841361 1.49073656 0.72629833
v -0.21428592 1.21749358 -1.0736278
v -0.32466627 1.2214257 -1.06132847
v -0.18340329 1.35239459 0.91270424
v -0.21330613 1.22419649 1.06692336
v -0.10709537 1.22818539 1.0977334
v -1.61499 0.37130006 0.18636358
v -1.63172445 0.36360206 0.09429101
v -1.03425263 0.73390863 1.32507306
v -1.09951593 0.7338999 1.27847507
v -0.19054183 1.60839015 0.61925525
v -0.15578091 1.73524934 0.50285489
v -0.20491232 1.73499282 0.48630719
v -0.25100868 1.60873116 0.59956662
v -1.51417837 -0.31182102 0.76025358
v -1.48319948 -0.06133804 0.74471959
v -1.52798085 -0.05889693 0.67034806
v -1.55983498 -0.31052418 0.68427387
v -1.74459716 -0.61020957 0.10074582
v -1.76053899 -0.61020959 5.7E-07
v -1.18721496 -0.31506669 -1.25690564
v -1.11881379 -0.31376785 -1.30533174
v -1.71077764 -0.51517482 0.0988008
v -0.68882471 -0.68251001 -1.76177058
v -0.60275728 -0.67816294 -1.7815384
v -0.6272157 -0.76032624 -1.85455205
v -0.71682762 -0.76214309 -1.83379361
v -1.90081318 -0.82680658 0.21818888
v -1.91948437 -0.8268066 0.11084455
v -1.91948437 -0.8268066 0.11084455
v -1.93502358 -0.82680662 6E-07
v -1.62751666 -0.2936273 0.42568998
v -1.65637195 -0.28969593 0.34989308
v 0.39576502 0.73335945 1.67760464
v 0.31979699 0.73386077 1.7071803
v 0.31989553 0.34860578 1.70738136
v 0.39535143 0.34686984 1.67615245
v 0.60103033 1.61258714 0.24814872
v 0.48255445 1.73389897 0.19876061
v 1.50233037 -0.76414792 1.172355
v 1.42740772 -0.76310097 1.24138917
v 1.47785145 -0.82680611 1.28525743
v 1.54495413 -0.82680612 1.21307639
v 0.15347656 -0.29195919 1.73460539
v 0.15207428 -0.0990605 1.71219017
v 0.07522781 -0.1107073 1.72968462
v 0.07557127 -0.29920515 1.75263396
v -1.59528386 -0.51550004 0.6997688
v -1.61486293 -0.51473738 0.60728688
v -1.6556682 -0.30091019 -0.19105384
v -1.65685557 -0.29447248 -0.27180102
v -1.59250247 -0.76310127 1.01510922
v -1.62681674 -0.76310129 0.92586448
v -1.68439294 -0.82680644 0.95840702
v -1.64781755 -0.82680642 1.05036875
v -1.40641183 -0.06342741 0.89641364
v -1.43679187 -0.0623999 0.81769662
v -1.46684476 -0.31242836 0.83480824
v -1.43585885 -0.31301504 0.91521638
v -0.97997595 1.11961868 0.80605522
v -1.0413752 1.11745433 0.69475692
v -1.17570261 1.01214842 0.78493792
v -1.10640644 1.01228286 0.91067811
v 0.07628314 -0.44058238 1.78203927
v -0.00241441 -0.44137842 1.7981171
v -1.75103975 -0.76310135 0.65848958
v -1.72983019 -0.76310133 0.75877822
v -0.22530273 1.48153122 0.73565568
v -0.297105 1.48246962 0.71282618
v 0.10236655 1.74977488 0.52253564
v 0.04947053 1.74609116 0.52729331
v 0.40029813 1.74568917 -0.33394145
v 0.43241491 1.73945271 -0.29296154
v 0.53435716 1.60965356 -0.35955526
v -0.26539591 -0.66122555 1.86964542
v -0.25775311 -0.54479695 1.81347219
v -0.34191388 -0.54455202 1.8122827
v -0.35214946 -0.6638235 1.86887955
v -1.47788243 -0.82679633 -1.28526222
v -1.42416809 -0.82679112 -1.36907935
v -0.4212863 -0.55463372 -1.78030342
v -0.34138741 -0.54451627 -1.81240158
v -0.25097728 -0.41790888 1.76436719
v -0.3328822 -0.41339554 1.76275282
v -0.64114245 -0.27329329 1.63647792
v -0.70984487 -0.28226051 1.58971656
v -0.7234535 -0.48312228 1.61888001
v -0.65347252 -0.4773601 1.66636174
v -1.33980023 -0.6067274 -1.16427886
v -1.31162832 -0.51034128 -1.13906995
v -1.26208672 -0.50761267 -1.21150411
v -1.29040925 -0.60498624 -1.23950402
v 1.32539777 0.74079074 -1.0274998
v 1.34507074 0.36043592 -1.03143016
v 1.28299059 -0.09534554 -1.09362316
v 1.26182049 0.34197801 -1.09038286
v -0.51557591 -0.67334814 -1.79923585
v -0.43366078 -0.6685336 -1.83534149
v -1.21287021 -0.82679636 -1.56609326
v -1.17150784 -0.76303892 -1.51267031
v -1.10633978 -0.76307029 -1.58224648
v -1.14475016 -0.82680159 -1.63718943
v 0.38493279 1.90109442 0.15826286
v 0.36822784 1.89972128 0.19650466
v -0.53834498 1.60124606 0.3574884
v 0.46623073 -0.82429975 1.97629726
v 0.3767204 -0.82421861 2.01110215
v -1.53086678 -0.68665566 -0.97581941
v -1.49638076 -0.68664796 -1.05985053
v -1.65637195 -0.28969593 0.34989308
v -1.65685557 -0.29447239 0.27180206
v -1.69417757 -0.51340773 0.27780879
v -1.69359644 -0.51262936 0.35763787
v 4.10297494 -0.86722128 0.67498624
v 4.10549519 -0.88361217 0.65489718
v 1.64076778 -0.0450059 0.56346862
v 1.62324079 0.38611988 0.55269208
v 1.60430535 0.38753175 0.62161563
v 1.62539107 -0.04066902 0.63078824
v -1.68439294 -0.82680675 -0.95840581
v -1.62681674 -0.76310159 -0.92586329
v -1.59250247 -0.7631016 -1.01510803
v -1.64781755 -0.82680677 -1.05036754
v -1.04059648 -0.76307449 1.64932784
v -1.1095984 -0.76306828 1.5794038
v -1.14812128 -0.82680081 1.63424764
v -1.07581224 -0.82680627 1.70478094
v -0.00114704 1.34876174 -0.96595352
v -0.00093715 0.72930134 1.7408097
v -0.08109731 0.73163741 1.72726949
v -0.0812634 0.33653779 1.72710593
v -0.00086339 0.3250869 1.74206176
v 0.2401407 0.73272017 -1.71046284
v 0.32041843 0.73386021 -1.7071166
v 0.32036134 0.3486453 -1.70733154
v 0.2398314 0.34303696 -1.70926628
v -1.61381729 0.73746565 0.18528813
v -1.62966899 0.73614787 0.09411971
v 0.1555383 -0.43864108 1.76349495
v 0.07628314 -0.44058238 1.78203927
v -0.68229279 1.34987115 -0.68241848
v -0.80269917 1.22613569 -0.80268404
v 0.82116977 -0.82501189 1.84195478
v 0.74045507 -0.82457056 1.89428013
v -1.0541021 -0.3123461 1.34811703
v -0.99272235 -0.31074605 1.41094585
v -0.55948565 -0.8260221 1.93738475
v -0.46911285 -0.82567012 1.97601188
v -0.08550473 -0.54897982 -1.83062628
v -0.00143283 -0.55071326 -1.84610036
v -1.72763158 -0.61020954 0.28327801
v -1.72702446 -0.61020953 0.36467893
v -0.36513672 1.35718882 0.87779096
v -0.43316839 1.23190815 1.04275587
v 0.67375164 1.36608975 0.67450675
v 0.59495737 1.36328335 0.72455579
v 0.69737383 1.23542316 0.84692033
v 0.79344105 1.24027056 0.79345617
v -0.91377226 0.3511956 1.447945
v -0.97449465 0.35022631 1.38671669
v -0.97675223 -0.07771832 1.3894245
v -0.91570978 -0.07560003 1.45053832
v 0.84006478 -0.12766669 1.48334748
v 0.91412262 -0.13718027 1.4493602
v -0.62867177 0.73881881 -1.60827664
v -0.55055275 0.73872646 -1.62814833
v -0.55060228 0.37907376 -1.62803115
v -0.62926579 0.37864263 -1.60950496
v 1.03012357 -0.59394515 -1.47169608
v 1.09163007 -0.5954339 -1.40782414
v 1.12440061 -0.68251653 -1.45136188
v 1.06153442 -0.68118459 -1.51762093
v 1.48352805 0.75186084 -0.8374918
v 1.52912379 0.75621688 -0.78485077
v -1.53086678 -0.68665534 0.97582057
v -1.49654664 -0.68664761 1.05963595
v 1.04455007 -0.34640762 1.34699192
v 1.03004747 -0.1435829 1.32945706
v 0.9725147 -0.14089859 1.390362
v 0.98571118 -0.34414597 1.40821048
v 1.67247525 -0.76474881 1.0165574
v 1.7391883 -0.76068452 0.93620439
v -0.79313098 -0.48689861 -1.56892044
v -0.7234535 -0.48312281 -1.61887891
v 1.6732222 -0.29546717 -0.63386986
v 1.68662954 -0.29679886 -0.56618906
v -0.76290143 -0.68349722 -1.71108036
v -0.68882471 -0.68251001 -1.76177058
v 0.32051562 -0.07644576 -1.70897421
v 0.23988471 -0.08603676 -1.71118533
v -0.03130698 2.83642113 -0.09333416
v -0.00192004 2.81434498 0.0071571
v -0.39607383 0.37796335 -1.6782965
v -0.39589733 0.73854127 -1.67796144
v -0.32054474 0.73844868 -1.70752223
v -0.32107924 0.37576219 -1.70965253
v -0.81338748 -0.59381191 -1.61066029
v -0.74192619 -0.59201001 -1.66205677
v -1.29480021 0.43136651 1.29480094
v -1.23630302 0.60093277 1.23630371
v -1.78117541 0.58955011 0.17215088
v -1.83112424 0.43136625 4E-07
v -1.74839676 0.68086976 3.6E-07
v -1.73122669 0.7402891 0.17432904
v -1.62808914 -0.51411801 -0.52937844
v -1.61244218 -0.51480902 -0.615747
v -0.00180637 -0.30323137 1.76833941
v -0.08333815 -0.28846791 1.75302158
v -0.0852421 -0.43419097 1.78228239
v -0.00241441 -0.44137842 1.7981171
v -0.90127063 -0.82674633 -1.78680311
v -0.82138743 -0.82671622 -1.84249045
v -0.4350466 1.2253577 -1.04902925
v -0.16277037 -0.0723095 1.71336754
v -0.16219833 0.35048182 1.71012148
v -0.24218511 0.36398204 1.71090085
v -0.24292051 -0.04820121 1.71434041
v -0.15910583 0.73387461 -1.71133959
v -0.07938759 0.73158757 -1.72745779
v -1.58528075 0.73864481 0.4145599
v -1.61180067 0.73954164 0.3405729
v -1.52798085 -0.05889693 0.67034806
v -1.54691792 -0.0495937 0.58184238
v -1.57908455 -0.30511002 0.59388951
v -1.55983498 -0.31052418 0.68427387
v -1.64431358 -0.61020968 -0.62790939
v -1.61244218 -0.51480902 -0.615747
v -1.59498149 -0.51550027 -0.70082587
v -1.62652501 -0.6102097 -0.71467657
v 0.3645534 -0.74758116 -1.94301991
v 0.44991214 -0.74806304 -1.90749239
v 0.46623073 -0.82430039 -1.97629605
v 0.37745661 -0.82421005 -2.01102382
v -0.60834718 1.21801069 -0.90999079
v -0.52338504 1.34509108 -0.78298143
v 0.26135229 -0.65361101 -1.86527191
v 0.2531553 -0.54922422 -1.80991584
v 0.33855889 -0.54900865 -1.80739072
v 0.34935743 -0.65375812 -1.86308291
v 1.59471038 0.38809508 -0.68729744
v 1.60430535 0.38753154 -0.62161482
v 1.62539107 -0.04066922 -0.63078728
v 1.61925109 -0.03712093 -0.69425785
v -0.55190324 -0.02500428 -1.63124258
v -0.63071582 -0.02723134 -1.61263363
v 1.09653057 0.7273745 1.28086156
v 1.02936102 0.72762068 1.32913529
v 1.02838331 0.31243749 1.32767887
v 1.09619873 0.31095968 1.28027313
v -0.97165556 0.73391865 -1.38957054
v -0.91266274 0.73392835 -1.44736612
v -0.91341408 0.35119538 -1.44825605
v -0.97162684 0.35022859 -1.38920673
v -0.69756847 1.11378044 -1.04365262
v -0.59813308 1.11554177 -1.12336614
v -1.16700879 -0.07800163 1.23503095
v -1.2146734 -0.07494919 1.16429191
v -1.23730069 -0.31487389 1.18534851
v -1.18774496 -0.31507375 1.2563983
v -0.08348086 -0.43436804 -1.78248444
v -0.00171475 -0.4413917 -1.79808601
v -1.07496027 -0.49987218 1.37399149
v -1.01197077 -0.4971764 1.43739505
v -0.08160404 -0.28884658 -1.75321292
v -0.00111694 -0.30323518 -1.7683095
v -0.0799584 -0.09770598 -1.73037752
v -0.00044147 -0.11705375 -1.7449696
v 0.27590241 1.00856703 -1.38939084
v 0.24428271 1.11239042 -1.23197957
v 0.37104431 1.11425059 -1.21794236
v 0.41889742 1.00848615 -1.37355251
v 1.91570378 -0.80883614 0.80931108
v 1.9426662 -0.80399472 0.73067106
v -0.93021722 -0.30821107 1.47231516
v -0.99272235 -0.31074605 1.41094585
v -1.01197077 -0.4971764 1.43739505
v -0.94791928 -0.49443083 1.49940924
v 0.05864685 2.39470551 0.14488656
v 0.11729368 2.07269795 0.28977309
v -1E-08 3.04459278 -0.19348041
v -1E-08 2.97193291 -0.1934804
v 0.70074125 0.61255213 -1.69173813
v 0.70074127 0.4313662 -1.6917381
v -0.44133722 1.35439883 0.8240445
v -0.51753771 1.35160871 0.77029803
v -0.60598181 1.22369312 0.90467222
v -0.51957513 1.22780064 0.97371408
v -1.17699673 1.01007108 -0.78656612
v -1.04320495 1.11451714 -0.69725059
v -0.98191813 1.116211 -0.80893563
v -1.10778006 1.0098728 -0.91256168
v -0.79303009 1.47841823 -0.00164251
v -0.78313662 1.47741707 -0.07831368
v 0.36818132 1.75192539 -0.37492133
v -0.72529486 1.47874598 0.29923862
v -0.74738142 1.47787712 0.22524108
v -0.88556012 1.35437706 0.36559882
v -0.95616929 -0.7629199 1.6888116
v -0.91846947 -0.68453616 1.62204316
v -0.99950029 -0.68500214 1.5839929
v -1.04059648 -0.76307449 1.64932784
v -0.00309378 1.61339215 0.6581402
v -0.06658437 1.61072065 0.64854198
v -1.37590976 -0.51313526 1.07668999
v -1.34585836 -0.3140164 1.05339903
v -1.40341219 -0.31357758 0.99352702
v -1.43534608 -0.51538124 1.01613105
v -1.22972358 1.1154754 -0.24511413
v -1.21588825 1.11713864 -0.3716858
v 0.55034826 -0.09051472 -1.6278422
v 0.62914802 -0.09667663 -1.60954238
v -1.31912584 -0.06789169 1.03280061
v -1.31405077 0.35652505 1.02903612
v -1.36908073 0.35842402 0.96929936
v -1.37473655 -0.06482381 0.97323829
v 1.71006577 -0.82648777 1.04875113
v 1.78407642 -0.82175712 0.96126976
v 0.55707932 -0.29130406 -1.64805036
v 0.63692246 -0.29709857 -1.62938616
v 0.55034826 -0.09051472 -1.6278422
v 0.62914802 -0.09667663 -1.60954238
v 0.55481412 -0.82439074 -1.93822479
v 0.64843184 -0.82448083 -1.91769797
v 0.64843184 -0.82448083 -1.91769797
v 0.62582778 -0.7491468 -1.85077093
v 0.7154102 -0.74995203 -1.82995487
v 0.74045507 -0.82457118 -1.89427892
v -1.43517821 -0.51537137 -1.01632782
v -1.37457614 -0.51307014 -1.07828013
v -0.47209204 -0.02475013 -1.6480774
v -0.39710198 -0.02449574 -1.6817733
v 0.84006478 -0.12766717 -1.4833465
v 0.83906293 0.32100696 -1.48179757
v 0.91294771 0.31590991 -1.4477298
v 0.91412262 -0.13718074 -1.44935922
v 0.8395917 0.72904874 -1.48285951
v 0.91258355 0.72811308 -1.44728362
v 0.91670404 -0.67449574 -1.61830088
v 0.88909924 -0.58402561 -1.56909817
v 0.96776288 -0.59158867 -1.53357427
v 0.99771392 -0.67936677 -1.58174649
v 0.86500392 -0.48356448 -1.52622744
v 0.85088489 -0.33048816 -1.50183553
v 0.92606585 -0.34074301 -1.46754801
v 0.94160151 -0.49346685 -1.49153891
v -1.37458243 -0.06483707 -0.97343345
v -1.31788734 -0.06797691 -1.03437015
v -1.34457112 -0.3140272 -1.05497411
v -1.40325182 -0.31357915 -0.9937231
v -0.00371435 1.91138662 0.42131854
v -0.04472954 1.90999107 0.41628005
v -0.05503749 1.73895646 0.52572676
v -0.00342549 1.74240719 0.53205099
v 0.9891649 -0.82589512 -1.74699335
v 0.95538868 -0.7576328 -1.68701842
v 1.03962693 -0.76003806 -1.64853253
v 1.07515114 -0.82633668 -1.7050911
v -0.39710198 -0.02449574 -1.6817733
v -0.32196486 -0.02753326 -1.71321421
v -0.0799584 -0.09770598 -1.73037752
v -0.00044147 -0.11705375 -1.7449696
v 1.09653057 0.72737409 -1.28086086
v 1.1615775 0.72712767 -1.23087926
v 0.31783655 1.91495837 -0.26499053
v 0.34508972 1.90569682 -0.23427194
v 1.19878814 -0.68384871 -1.39995065
v 1.16431474 -0.5969229 -1.35834492
v 1.23557115 -0.59859461 -1.30767094
v 1.2714038 -0.68500442 -1.34707243
v 0.3096851 0.90794833 1.55778409
v 0.27507022 1.0142602 1.38444396
v 0.13736059 1.01361899 1.42494134
v 0.15475534 0.90565331 1.60303283
v 0.6013068 1.23057576 0.90038442
v 0.69222886 1.12350021 1.03632635
v 0.80291665 1.12616959 0.97497084
v 1.21279411 -0.82657162 -1.56599714
v 1.29191813 -0.8266891 -1.50911956
v 1.29191813 -0.8266891 -1.50911956
v 1.24843675 -0.76239625 -1.45823384
v 1.32387253 -0.7630133 -1.40288188
v 1.3685244 -0.82680657 -1.45021623
v 1.37347837 -0.68591815 -1.19260077
v 1.4653046 -0.69032271 -1.12661184
v 1.47785145 -0.82680653 -1.28525622
v 1.42740772 -0.76310138 -1.24138798
v 1.50233037 -0.7641483 -1.17235381
v 1.54495413 -0.82680651 -1.21307518
v 1.54495413 -0.82680651 -1.21307518
v 1.50233037 -0.7641483 -1.17235381
v 1.59718997 -0.76590314 -1.10226402
v 1.62899013 -0.82798088 -1.13942778
v 0.17262369 -0.65358364 -1.86530941
v 0.08567342 -0.65355652 -1.88443335
v 0.78315091 1.01642454 1.17226821
v 0.69222886 1.12350021 1.03632635
v 0.67150393 1.01596455 1.26219107
v 0.08555331 -0.74734009 1.9650109
v -0.00127338 -0.74749592 1.9819516
v -0.82138743 -0.82671562 1.84249165
v -0.74114848 -0.82668548 1.89479325
v 1.42414374 -0.8268061 1.3690713
v 1.37633662 -0.76310096 1.32311343
v 1.32387253 -0.76301284 1.40288307
v 1.3685244 -0.82680609 1.45021744
v 1.10589692 -0.76098592 -1.5814106
v 1.17117098 -0.76169108 -1.51209268
v 1.21279411 -0.82657162 -1.56599714
v 1.14466444 -0.8264539 -1.63705018
v -1.04582532 1.23000802 0.43195905
v 1.06291015 -0.49800487 1.36970775
v 1.00263264 -0.49636052 1.43155094
v -1.40641183 -0.0634277 -0.89641268
v -1.37458243 -0.06483707 -0.97343345
v -1.5567847 -0.76309752 1.10228721
v -1.59250247 -0.76310127 1.01510922
v -1.64781755 -0.82680642 1.05036875
v -1.60928804 -0.82680641 1.13945673
v -1.81186207 -0.8268065 0.68136228
v -1.78818251 -0.82680648 0.78419235
v -1.53086678 -0.68665534 0.97582057
v -1.56384381 -0.68665536 0.89002676
v 0.41802647 -0.55114583 -1.77408807
v 0.49735439 -0.55367531 -1.73861867
v 0.51297782 -0.65603169 -1.79242975
v 0.43123981 -0.65483516 -1.82889389
v -1.90081868 -0.82680657 0.31167478
v -1.89830544 -0.82680655 0.40109101
v -1.8370105 -0.76310141 0.30121245
v -1.90081868 -0.82680657 0.31167478
v -0.4127119 -0.42780432 1.73130617
v -0.49246138 -0.44552045 1.69804039
v -0.5053242 -0.56710112 1.74472228
v -0.42369217 -0.55498088 1.77954942
v 0.16704899 -0.54983208 -1.81039659
v 0.2531553 -0.54922422 -1.80991584
v -0.60275728 -0.67816294 -1.7815384
v -0.51557591 -0.67334814 -1.79923585
v -0.53644853 -0.75827541 -1.87319049
v -0.6272157 -0.76032624 -1.85455205
v 0.42877685 1.47177378 -0.64384718
v -0.87091338 -0.49067393 1.53501151
v -0.94791928 -0.49443083 1.49940924
v 1.9426662 -0.80399496 -0.73066986
v 1.88326012 -0.74388168 -0.72515301
v 1.8914056 -0.7400959 -0.65394854
v 1.95499179 -0.80013749 -0.65408478
v -1.09979736 -0.07827734 -1.28396497
v -1.03155813 -0.07799158 -1.33112708
v -1.04893149 -0.31222208 -1.35246948
v -1.11881379 -0.31376785 -1.30533174
v 0.51777632 1.34460591 -0.77709751
v 0.59329688 1.3483566 -0.72690673
v -1.68439294 -0.82680675 -0.95840581
v -1.73758754 -0.82680674 -0.872394
v 0.63288724 1.61157639 0.05935583
v 0.50372592 1.73285661 0.04515463
v 0.50028993 1.73399778 0.09702305
v 0.62652201 1.61193534 0.12269414
v -1.24864824 -0.76300756 -1.45855934
v -1.17150784 -0.76303892 -1.51267031
v -1.21287021 -0.82679636 -1.56609326
v -1.29196498 -0.82679113 -1.50917381
v -1.72950232 -0.76310158 -0.75992385
v -1.67925959 -0.76310158 -0.84310891
v -1.73758754 -0.82680674 -0.872394
v -1.78772726 -0.82680674 -0.78578382
v 0.40853513 1.87722182 -0.08492416
v 0.41116331 1.88095445 -0.04508712
v 0.50261358 1.73026712 -0.05464808
v 0.49806519 1.72881892 -0.10258239
v 1.59718997 -0.76590314 -1.10226402
v 1.67247525 -0.76474915 -1.01655621
v 1.71006577 -0.82648811 -1.04874992
v 1.62899013 -0.82798088 -1.13942778
v -1.6387124 -0.05571566 -0.09474092
v -1.62201607 -0.04229635 -0.18725947
v -1.6556682 -0.30091019 -0.19105384
v -1.67282802 -0.30860816 -0.09666358
v 0.75275414 1.48987302 0.14836524
v -0.34785929 1.92626123 -0.23409736
v 0.24920661 -0.54929283 1.81036608
v 0.16013525 -0.54990766 1.81117358
v -0.52547828 1.74142721 0.04813447
v -0.53306232 1.74322562 -0.00310555
v -1.6625794 -0.68665563 -0.7305162
v -1.61426566 -0.68665564 -0.81047733
v 1.11408536 -0.3486697 -1.2995425
v 1.09813577 -0.14626739 -1.28215146
v 1.16475657 -0.14471488 -1.23364286
v 1.18234466 -0.34908339 -1.25103102
v 0.84006478 -0.12766717 -1.4833465
v 0.91412262 -0.13718074 -1.44935922
v -0.98976842 -0.31067632 -1.41343355
v -0.97386905 -0.07770558 -1.39190765
v -0.91535078 -0.0756 -1.4508486
v -0.92984922 -0.30820433 -1.47262725
v 1.55625694 0.91002046 0.30938634
v 1.53857787 0.90806077 0.46963215
v -0.16986031 -0.54691182 -1.81287733
v -0.16550783 -0.42622773 -1.76450124
v -0.08348086 -0.43436804 -1.78248444
v -0.08550473 -0.54897982 -1.83062628
v -0.32658151 -0.23964182 -1.73473686
v -0.24478395 -0.25381287 -1.7362841
v 0.70592219 -0.30769441 1.58298009
v 0.63692246 -0.29709804 1.6293872
v 0.7154102 -0.74995203 -1.82995487
v 0.79279916 -0.75233689 -1.7779429
v 0.82116977 -0.82501249 -1.84195357
v 0.74045507 -0.82457118 -1.89427892
v 0.76033912 -0.66378216 -1.704742
v 0.83424603 -0.66913908 -1.65306491
v 0.86964031 -0.75498484 -1.72366893
v 0.79279916 -0.75233689 -1.7779429
v -1.42416809 -0.82679112 -1.36907935
v -1.37641336 -0.76300755 -1.32316774
v -1.32397089 -0.76298416 -1.40298526
v -1.36854238 -0.8267859 -1.45022873
v -1.32401727 -0.68585601 1.26966483
v -1.37425287 -0.68613058 1.18997744
v 1.42414374 -0.82680655 -1.3690701
v 1.3685244 -0.82680657 -1.45021623
v 1.47785145 -0.82680653 -1.28525622
v 1.42414374 -0.82680655 -1.3690701
v 1.71006577 -0.82648811 -1.04874992
v 1.67247525 -0.76474915 -1.01655621
v 1.7391883 -0.76068482 -0.9362032
v 1.78407642 -0.82175743 -0.96126855
v 1.91570378 -0.8088364 -0.80930988
v 1.9426662 -0.80399496 -0.73066986
v -0.39045773 1.91584708 -0.16391165
v -0.36915851 1.92105403 -0.1990045
v 1.81104495 -0.67228987 -0.71496831
v 1.81598581 -0.66882395 -0.64697557
v 1.93935571 -0.79833032 -0.41695223
v 1.97376223 -0.79623396 -0.49574465
v -1.32233392 0.90585365 -0.88362438
v -1.2445079 0.90377992 -1.02515152
v 0.01705177 -0.87061853 4.15710356
v -1.37457614 -0.51307014 -1.07828013
v -1.31162832 -0.51034128 -1.13906995
v 1.72110683 -0.50450759 -0.69858682
v 1.66859247 -0.29485559 -0.69758892
v 1.6732222 -0.29546717 -0.63386986
v 1.72525144 -0.50197958 -0.63365501
v 1.4653046 -0.69032234 1.126613
v 1.37347837 -0.68591776 1.19260193
v 0.55707932 -0.29130352 1.64805139
v 0.47624265 -0.28630927 1.66492909
v 0.48381008 -0.44226379 1.69195441
v 0.5660023 -0.44618547 1.67466784
v 0.51616307 1.36047694 0.77460483
v 0.43101941 1.49037812 0.64882537
v 0.36471651 1.49055734 0.68756188
v 0.44018471 1.36212054 0.8287208
v 0.03813869 1.91287004 0.41776877
v 0.07999173 1.91435371 0.41421903
v -1.56385324 -0.03909766 0.49310942
v -1.5945589 -0.02949872 0.4171483
v 0.95538868 -0.75763225 1.6870196
v 0.86964031 -0.75498428 1.72367012
v 0.9010821 -0.82545322 1.78638957
v 0.9891649 -0.82589455 1.74699456
v 0.91670404 -0.67449521 1.61830204
v 0.83424603 -0.66913854 1.65306606
v 1.06015138 1.23339012 -0.21194659
v 1.09055217 1.23783678 -0.10640808
v 1.54495413 -0.82680612 1.21307639
v 1.62899013 -0.82798051 1.13942898
v 0.00121093 3.13837257 0.01517099
v 0.0008341 3.13584134 0.01044995
v -0.00122062 3.13584134 0.01041189
v -0.00177206 3.13837257 0.01511574
v 0.71080364 1.48515411 -0.29887864
v 0.87542729 1.36047368 -0.36545898
v 1.61925109 -0.03712071 0.6942588
v 1.6065205 -0.03508207 0.75459593
v -1.19965551 -0.68544995 -1.4011599
v -1.27212093 -0.68559681 -1.34793231
v -0.08574474 1.90859577 0.41124163
v -0.12490215 1.9079263 0.39846476
v -0.10664948 1.73550561 0.51940249
v -0.19083555 -0.82475507 2.01569789
v -0.18489012 -0.75078487 1.94619558
v -0.27592462 -0.75248373 1.94739758
v -0.2850994 -0.8250366 2.01518814
v 0.86964031 -0.75498484 -1.72366893
v 0.95538868 -0.7576328 -1.68701842
v 0.4089193 1.73853468 0.3361391
v 0.37638086 1.74158117 0.37746744
v -0.1623691 -0.2713296 -1.73587435
v -0.08160404 -0.28884658 -1.75321292
v 0.78718278 -0.47241178 1.55938556
v 0.86500392 -0.48356398 1.52622853
v -0.89315862 -0.5956133 1.57573228
v -0.97202657 -0.59737888 1.53895051
v 1.11408536 -0.34866928 1.29954356
v 1.04455007 -0.34640762 1.34699192
v 1.06291015 -0.49800487 1.36970775
v 1.13407769 -0.49964921 1.32187614
v 0.24223948 -0.43654171 1.76231783
v 0.1555383 -0.43864108 1.76349495
v -1.04582532 1.23000802 0.43195905
v 1.73737591 -0.49986011 0.56503488
v 1.74206752 -0.49923012 0.49077838
v 1.68662954 -0.29679868 0.56619009
v 1.6732222 -0.29546696 0.63387089
v 1.72525144 -0.50197938 0.63365611
v 1.73737591 -0.49986011 0.56503488
v 0.76808338 -0.31523448 0.63958738
v 1.64379617 -0.30677927 0.31112032
v 1.67062421 -0.30219758 -0.40957183
v 1.68056207 -0.50300831 -0.33482871
v -0.16071363 1.92924237 -0.3867237
v -0.12190735 1.92920553 -0.39827348
v -0.47209204 -0.02475013 -1.6480774
v -0.55190324 -0.02500428 -1.63124258
v -0.0293092 3.07608971 -0.09344295
v -0.03130318 3.07608971 -0.09327857
v -0.17799968 -0.65871422 1.86800468
v -0.26539591 -0.66122555 1.86964542
v 1.25631145 -0.50452165 -1.20440801
v 1.23225139 -0.33841109 -1.18237035
v 1.30616629 -0.32798347 -1.11224631
v 1.33020574 -0.50984794 -1.13437422
v 1.21214618 -0.12224893 -1.16441332
v 1.28299059 -0.09534554 -1.09362316
v 0.92606585 -0.34074301 -1.46754801
v 0.98571118 -0.34414642 -1.40820943
v 0.98571118 -0.34414642 -1.40820943
v 1.04455007 -0.34640806 -1.34699086
v 1.06291015 -0.49800531 -1.36970665
v 1.00263264 -0.49636099 -1.43154984
v 0.9725147 -0.14089904 -1.39036102
v 1.03004747 -0.14358334 -1.32945607
v -0.09558364 -0.82446084 2.03474896
v -0.00115935 -0.82416711 2.05059316
v 0.69716714 -0.10657229 -1.56364951
v 0.76469656 -0.11711985 -1.51574465
v 0.77443693 -0.31909154 -1.53456269
v 0.70592219 -0.30769492 -1.58297905
v -0.43366078 -0.6685336 -1.83534149
v -0.35160846 -0.66379996 -1.86900089
v 0.08979532 -0.74733052 -1.96456647
v -0.00049981 -0.74749084 -1.98192017
v -0.69865305 -0.0382989 -1.56629964
v -0.63071582 -0.02723134 -1.61263363
v -2.68481098 -0.8663274 -3.1751975
v 1.47785145 -0.82680611 1.28525743
v 1.42414374 -0.8268061 1.3690713
v 1.17136232 1.01786735 0.78255743
v 1.03504409 1.12553993 0.69139112
v 0.9743244 1.12718964 0.80250316
v 1.10256515 1.01763749 0.9081658
v -0.2454317 1.11338044 -1.23125194
v -0.37206465 1.11534177 -1.21716586
v -0.63099575 -0.02722409 1.61253658
v -0.69865305 -0.03829839 1.56630059
v -1.55924259 0.90655726 0.30989259
v -1.60429571 0.90447629 0.15486063
v 0.59997828 -0.65722847 -1.77430605
v 0.68593866 -0.65895196 -1.75432486
v 0.71950612 1.49127543 0.29753682
v 0.87756097 1.3667379 0.36299992
v 0.25776451 2.07194068 -0.17558238
v 0.12888226 2.39432688 -0.08779118
v -0.18748312 -0.82474328 -2.01606106
v -0.28308515 -0.82503103 -2.01540618
v -0.32246045 -0.02745429 1.71309778
v -0.39936313 -0.02450191 1.68102288
v -0.40532684 -0.24581788 1.70296672
v -0.32708479 -0.23962632 1.73462038
v -1.62260745 -0.02312484 -0.3439301
v -1.59221991 -0.030499 -0.42524483
v 0.34508972 1.90569682 -0.23427194
v 0.36588388 1.89344255 -0.19823788
v -1.31788734 -0.06797691 -1.03437015
v -1.25922039 -0.0715058 -1.09451716
v -1.2837323 -0.31445609 -1.11524906
v -1.34457112 -0.3140272 -1.05497411
v -1.51417837 -0.31182127 -0.76025254
v -1.46684476 -0.31242863 -0.8348072
v -1.50027477 -0.51565287 -0.8538433
v -1.54864275 -0.51557645 -0.77753333
v -0.3630993 1.4809969 0.67437505
v -0.42909358 1.4795243 0.63592391
v -0.17302991 -0.54683208 1.81254182
v -0.25775311 -0.54479695 1.81347219
v -1.26138926 -0.07136132 1.09176913
v -1.31912584 -0.06789169 1.03280061
v 0.00213775 3.16649439 0.0267824
v -0.00312832 3.16649439 0.02668486
v -0.00294681 3.17163327 0.02513657
v 0.00201372 3.17163327 0.02522847
v 0.59998191 -0.65727145 1.77430733
v 0.51298282 -0.65609259 1.79242815
v 0.53513017 -0.74863941 1.86957294
v 0.62582984 -0.74917109 1.85077212
v -1.0401891 -0.76307527 -1.64968215
v -0.95616929 -0.76292045 -1.68881041
v -0.98930675 -0.8267767 -1.74729185
v -1.0752465 -0.82680682 -1.7052736
v -1.62329194 -0.0309778 0.26639556
v -1.80914757 -0.82680672 -0.69085398
v -1.78772726 -0.82680674 -0.78578382
v 0.78718278 -0.47241229 -1.55938447
v 0.71743042 -0.46126011 -1.60849532
v -0.32196486 -0.02753326 -1.71321421
v -0.24120705 -0.04872972 -1.71451995
v -1.50027477 -0.5156526 0.8538444
v -1.46862273 -0.51572551 0.93613891
v 0.61377617 1.6122613 0.18542142
v 0.48255445 1.73389897 0.19876061
v 0.60103033 1.61258714 0.24814872
v 0.91412262 -0.13718074 -1.44935922
v 0.9725147 -0.14089904 -1.39036102
v -0.2850994 -0.8250366 2.01518814
v -0.27592462 -0.75248373 1.94739758
v -0.36629169 -0.75422615 1.94616834
v -0.37844049 -0.82531813 2.01140353
v 1.76409434 -0.59831244 -0.70472335
v 1.76807095 -0.59527142 -0.63749574
v -0.53644853 -0.75827541 -1.87319049
v -0.451158 -0.75622459 -1.91098213
v -0.18148382 -0.75072054 -1.94654515
v -0.17472863 -0.65862398 -1.86832427
v -0.08770711 -0.65607656 -1.88593785
v -0.09083464 -0.7489938 -1.96539722
v 1.55501071 -0.69227618 -1.06059666
v 1.62422688 -0.69125436 -0.98260989
v 0.9010821 -0.8254538 -1.78638836
v 0.82116977 -0.82501249 -1.84195357
v -0.70984487 -0.28226051 1.58971656
v -0.77828536 -0.29121703 1.54066933
v -0.79313098 -0.4868981 1.56892153
v -0.7234535 -0.48312228 1.61888001
v -1.12176815 -0.31383837 1.30284492
v -1.18774496 -0.31507375 1.2563983
v 0.67375164 1.36608975 0.67450675
v 0.66881734 1.35210728 -0.67671594
v 0.71969888 1.35185826 -0.59642092
v 0.66881734 1.35210728 -0.67671594
v -1.1226289 1.11665944 -0.59775401
v -1.04320495 1.11451714 -0.69725059
v -1.17699673 1.01007108 -0.78656612
v -1.26669946 1.01018982 -0.67430251
v 0.6013068 1.23057576 0.90038442
v -1.76499134 -0.68665558 -0.37385834
v -1.73210356 -0.6866556 -0.46241533
v -1.8018416 -0.76310154 -0.48103311
v -1.836037 -0.76310152 -0.38891301
v -1.20279063 -0.68545572 1.39843607
v -1.2726773 -0.68559612 1.34737722
v 0.49735724 -0.55370959 1.73861792
v 0.58178327 -0.55622887 1.72092697
v 0.88909924 -0.5840251 1.5690993
v 0.80909978 -0.5755948 1.60296207
v -0.55505372 -0.82600232 -1.93882641
v -0.64867494 -0.82634433 -1.91832822
v 1.16431474 -0.59692246 1.35834605
v 1.09163007 -0.59543344 1.40782528
v 1.12440061 -0.68251605 1.45136304
v 1.19878814 -0.68384826 1.39995181
v 0.23473725 1.90131187 0.35445686
v 0.1970585 1.90685399 0.37274143
v 0.24785913 1.74986399 0.46799442
v 0.29425238 1.74763407 0.4437099
v 1.83159552 -0.66467159 0.49936491
v 1.78284003 -0.59186855 0.49100446
v 1.77980454 -0.592795 0.56702089
v 1.82850578 -0.6658833 0.57602262
v 1.82850578 -0.6658833 0.57602262
v 1.77980454 -0.592795 0.56702089
v 1.76807095 -0.59527121 0.63749687
v 1.81598581 -0.66882374 0.64697673
v 0.63164512 1.60984764 -0.06531749
v 0.63925253 1.61121744 -0.00398247
v 0.77134303 1.49071943 -0.00125116
v -1.46767121 0.63536082 0.98058103
v -1.57970475 0.53336335 0.84066127
v -1.53261915 0.66305273 0.82378242
v -1.45373863 0.64245021 0.97135774
v -0.33695628 1.75268327 -0.41050926
v -0.37730172 1.75309672 -0.37770989
v -0.16540366 -0.27066766 1.73553913
v -0.16277037 -0.0723095 1.71336754
v -0.24292051 -0.04820121 1.71434041
v -0.24651748 -0.2534332 1.736092
v -0.00034905 1.00909893 -1.46903085
v 1.35042981 -0.60469502 -1.16158687
v 1.28708087 -0.6013613 -1.23543628
v 0.76033912 -0.66378216 -1.704742
v 0.68593866 -0.65895196 -1.75432486
v 0.73738825 -0.56716479 -1.65321255
v 0.80909978 -0.57559533 -1.60296095
v -1.29174287 -0.60502741 1.23785078
v -1.34213423 -0.60680021 1.16138501
v -0.55505372 -0.82600232 -1.93882641
v -0.46645026 -0.82566055 -1.97687755
v -0.91570978 -0.07560003 1.45053832
v -0.97675223 -0.07771832 1.3894245
v -1.83235451 -0.82680652 0.57818346
v -1.81186207 -0.8268065 0.68136228
v 0.36402721 -0.7476323 1.94308759
v 0.2686078 -0.7474949 1.94553284
v 0.278493 -0.82420492 2.01543852
v 0.3767204 -0.82421861 2.01110215
v -0.42543178 1.90568285 -0.00394958
v 0.77058042 1.35160924 -0.51612597
v -0.58605503 -0.57834998 -1.72963207
v -0.50111325 -0.56649185 -1.74604165
v -0.50860302 1.74603985 -0.15621867
v -0.52360001 1.74500137 -0.10641508
v 1.28299059 -0.09534518 1.09362412
v 1.21214618 -0.12224855 1.16441429
v -1.0541021 -0.3123461 1.34811703
v -1.03660655 -0.07801604 1.32678131
v -1.10268048 -0.07829011 1.28148232
v -1.12176815 -0.31383837 1.30284492
v -0.15350044 1.48059269 0.75848505
v -1.4298962 -0.76303999 1.23827693
v -1.37425287 -0.68613058 1.18997744
v -1.43651969 -0.6863932 1.12508513
v -1.49451039 -0.76307087 1.17057388
v -1.57927365 -0.6102097 -0.79290884
v -1.52995342 -0.61020971 -0.87073598
v -0.36572669 -0.75421459 -1.94629665
v -0.27397797 -0.75244728 -1.94759677
v -0.28308515 -0.82503103 -2.01540618
v -0.37765568 -0.82531879 -2.01158507
v -0.72341098 1.35313228 0.59298324
v -0.77358795 1.35066102 0.51626535
v -0.90704767 1.22276011 0.60457598
v -0.85354539 1.22695449 0.70143244
v -1.74459716 -0.61020961 -0.10074468
v -1.72653459 -0.61020962 -0.19912014
v -1.71077764 -0.51517485 -0.09879969
v -1.69308695 -0.51418642 -0.19527513
v 0.38667801 1.88118854 -0.16220379
v -1.6228992 -0.02298185 0.34292177
v -1.62329194 -0.0309778 0.26639556
v -0.24651748 -0.2534332 1.736092
v -0.32708479 -0.23962632 1.73462038
v -1.037175 -0.59893885 1.47459708
v -0.97202657 -0.59737888 1.53895051
v -1.49768251 -0.61020941 0.95466787
v -1.52995342 -0.61020943 0.87073712
v -1.00894128 -0.49705863 -1.43990269
v -0.94754146 -0.49441713 -1.49972289
v 1.040051 1.23579337 -0.4320393
v 1.28708087 -0.6013609 1.23543741
v 1.23557115 -0.59859418 1.30767207
v -1.38123571 0.53336342 1.13769102
v -1.34776369 0.63578924 1.10048849
v 0.80015497 1.22759834 -0.80190923
v -0.08731591 -0.54893392 1.83043489
v -0.00215314 -0.55071217 1.84613235
v 0.08899206 -0.8241793 2.03527896
v -0.00115935 -0.82416711 2.05059316
v -1.2134349 -0.07503445 -1.16586144
v -1.16649567 -0.07801423 -1.23553661
v 1.55641857 0.90980032 -0.30985104
v 1.53926537 0.90707441 -0.47028716
v -0.08167227 -0.09717747 1.73019812
v -0.00112069 -0.1170594 1.74499895
v -1.52121553 0.36161435 -0.6684683
v -1.47696954 0.36038892 -0.74157127
v -1.48319948 -0.06133828 -0.74471863
v -1.5276891 -0.05904003 -0.67135635
v -1.2107947 0.35224795 1.16091548
v -1.21016686 0.73425582 1.16055742
v -1.2566141 0.73462072 1.08839013
v -1.25692869 0.35442496 1.08821869
v -1.09665357 0.73389973 -1.28097274
v -1.02948183 0.73390919 -1.32923559
v -1.02898798 0.3501716 -1.32828541
v -1.09686391 0.3501146 -1.28094305
v -0.62954729 0.37864615 1.60941102
v -0.69710159 0.37229379 1.56335341
v -0.69865305 -0.03829839 1.56630059
v -0.63099575 -0.02722409 1.61253658
v -0.69710159 0.37229379 1.56335341
v -0.76443452 0.36495771 1.51517855
v -0.76609135 -0.05133863 1.51797036
v -0.69865305 -0.03829839 1.56630059
v -0.69714806 0.73759664 1.56374047
v -0.76494767 0.7363742 1.51647174
v -0.00199834 2.97193291 -0.19357879
v -0.0019867 2.86289458 -0.19371711
v -0.97386905 -0.07770558 -1.39190765
v -0.91535078 -0.0756 -1.4508486
v -1.03155813 -0.07799158 -1.33112708
v -1.09979736 -0.07827734 -1.28396497
v -0.55281236 0.73872948 1.62740954
v -0.62904801 0.73881958 1.60815397
v -1.36892773 0.35841748 -0.96949547
v -1.3128264 0.35647319 -1.03061042
v -0.32054474 0.73844868 -1.70752223
v -0.24025995 0.73616164 -1.71076572
v -0.24047497 0.36368577 -1.71108365
v -0.32107924 0.37576219 -1.70965253
v 0.41379149 1.88468696 -0.00525009
v 0.50716198 1.73171545 -0.00671379
v 0.69648241 0.3322353 -1.56223984
v 0.69703275 0.73092007 -1.56355427
v 0.76483218 0.72998416 -1.51632141
v 0.76386015 0.32662101 -1.51427798
v -0.3188106 1.91619003 0.25672452
v -0.34444543 1.91371455 0.22568096
v -1.36630102 0.73531641 0.96739811
v -1.39898505 0.73541347 0.8917479
v -1.40057276 0.35919514 0.89272377
v -1.36908073 0.35842402 0.96929936
v 0.36263588 1.61900597 0.54626759
v 0.30628783 1.62021073 0.57777812
v -1.61615113 0.37773779 0.26512787
v -1.16317371 0.35033215 -1.23232694
v -1.09686391 0.3501146 -1.28094305
v -1.09979736 -0.07827734 -1.28396497
v -1.16649567 -0.07801423 -1.23553661
v -1.62966899 0.73614784 -0.09411901
v -1.61381729 0.73746559 -0.18528743
v 0.4709507 0.73285838 1.64527298
v 0.39576502 0.73335945 1.67760464
v -0.0812634 0.33653779 1.72710593
v -0.08109731 0.73163741 1.72726949
v -0.16195538 0.73397373 1.71102579
v -0.16219833 0.35048182 1.71012148
v 0.31979699 0.73386077 1.7071803
v 0.23641249 0.73266721 1.71084366
v -0.16277037 -0.0723095 1.71336754
v -0.08167227 -0.09717747 1.73019812
v -1.55975913 -0.04081236 -0.50728499
v -1.59221991 -0.030499 -0.42524483
v 0.54991366 0.34085652 1.6264406
v 0.55042593 0.73235732 1.62788378
v 0.4709507 0.73285838 1.64527298
v 0.47022177 0.34386318 1.64289793
v -1.6387124 -0.05571563 0.09474188
v -1.63172445 0.36360206 0.09429101
v -1.64651191 0.35767086 4.1E-07
v -1.65349635 -0.06560062 4.8E-07
v 0.07910392 0.32935849 -1.7266886
v 0.15865053 0.33619773 -1.70923953
v 0.15860398 -0.09808904 -1.71147545
v 0.0789579 -0.11014158 -1.7292759
v -0.91313967 0.73392882 1.44694994
v -0.97451787 0.73391885 1.387073
v -1.39898505 0.73541347 0.8917479
v -1.43002183 0.73551078 0.81367451
v -1.43079867 0.35978182 0.81429319
v -1.40057276 0.35919514 0.89272377
v 0.07930067 0.73044057 -1.72735779
v 0.15899336 0.73158037 -1.71113934
v 0.69703275 0.73092058 1.56355498
v 0.6285567 0.73185601 1.60805609
v -1.61539188 0.38244271 -0.34230839
v -1.58521384 0.37801149 -0.42330012
v -1.02948183 0.73390919 -1.32923559
v -0.97165556 0.73391865 -1.38957054
v -0.00199362 3.04459278 -0.19364931
v -0.83968927 0.73515103 -1.48297551
v -0.76494767 0.7363737 -1.51647104
v -0.76443452 0.36495722 -1.51517773
v -0.83957561 0.35762141 -1.48249358
v -1.56385324 -0.03909766 0.49310942
v -1.5570568 0.37311073 0.49091255
v -1.58753359 0.37858289 0.41523437
v -1.5945589 -0.02949872 0.4171483
v 0.76386015 0.32662101 -1.51427798
v 0.76483218 0.72998416 -1.51632141
v 0.8395917 0.72904874 -1.48285951
v 0.83906293 0.32100696 -1.48179757
v 1.29480062 0.61255225 -1.29480018
v 1.29480063 0.43136631 -1.29480015
v 0.97155556 0.72786712 1.38947962
v 0.91258355 0.72811355 1.44728432
v 0.15207428 -0.0990605 1.71219017
v 0.07522781 -0.1107073 1.72968462
v 0.32036134 0.3486453 -1.70733154
v 0.39535143 0.34686929 -1.67615163
v 0.3955964 -0.07949447 -1.67767918
v 0.32051562 -0.07644576 -1.70897421
v 0.39535143 0.34686929 -1.67615163
v 0.39576502 0.7333589 -1.67760394
v 0.4709507 0.73285785 -1.64527228
v 0.47022177 0.34386265 -1.6428971
v -0 2.81434498 0.00659455
v -0.02930919 2.83642113 -0.09344291
v 0.76469656 -0.11711985 -1.51574465
v 0.69716714 -0.10657229 -1.56364951
v 0.70074127 0.43136675 1.69173889
v 1.03004747 -0.14358334 -1.32945607
v 0.9725147 -0.14089904 -1.39036102
v -1.53830464 0.73673092 0.57849876
v -1.55570471 0.73774748 0.49088674
v -1.5570568 0.37311073 0.49091255
v -1.54028547 0.36710016 0.57929857
v 1.21214618 -0.12224893 -1.16441332
v 1.20906015 0.32497054 -1.16193802
v 1.26182049 0.34197801 -1.09038286
v 1.28299059 -0.09534554 -1.09362316
v 1.20885236 0.72981698 -1.16194721
v 1.2545156 0.73445182 -1.08983005
v 1.23630341 0.66004623 -1.23630298
v 1.29480063 0.43136631 -1.29480015
v 1.79656775 -0.66691497 -0.41931278
v 1.82571717 -0.74223081 -0.36270868
v 1.61983527 0.76939598 0.53111084
v 1.59922445 0.76733646 0.60184919
v 1.93935571 -0.79833019 0.41695343
v 1.97376223 -0.7962338 0.49574585
v 1.52912379 0.75621714 0.78485146
v 1.48352805 0.75186111 0.83749249
v 1.16248429 0.31160038 1.2316249
v 1.09619873 0.31095968 1.28027313
v 1.09813577 -0.14626697 1.28215245
v 1.16475657 -0.14471448 1.23364384
v 1.03004747 -0.1435829 1.32945706
v 1.09813577 -0.14626697 1.28215245
v -1.47696954 0.36038892 -0.74157127
v -1.43079867 0.35978156 -0.81429237
v -1.43679187 -0.06240016 -0.81769566
v -1.48319948 -0.06133828 -0.74471863
v 0.83906293 0.32100744 1.48179841
v 0.76386015 0.3266215 1.51427881
v 0.8395917 0.72904922 1.48286021
v 0.76483218 0.72998465 1.51632212
v -1.38123573 0.7976874 1.13769097
v -1.46767123 0.80163642 0.980581
v -0 2.86289458 -0.19348038
v -0.76609135 -0.05133913 -1.51796941
v -0.841361 -0.06437935 -1.48516975
v 0.16021051 2.37718577 -0.00189318
v 0.320421 2.03765859 -0.00378639
v 1.69173843 0.79373831 -0.70074071
v -0.17220196 0.54786649 1.78112461
v 2.2E-07 0.43136671 1.83112498
v -0.6088197 1.47340623 -0.5004837
v -0.50945669 1.61272297 -0.41889299
v -0.46959406 1.6133516 -0.46993134
v -0.56188646 1.4736066 -0.56215286
v -0.10664948 1.73550561 0.51940249
v -0.13007496 1.60804915 0.63894375
v -0.00371435 1.91138662 0.42131854
v -0.00342549 1.74240719 0.53205099
v -0.46135588 1.72712862 0.24220035
v -0.48614999 1.73032706 0.19737857
v -1E-08 3.03915081 -0.494723
v -0.001992 3.03915081 -0.49491
v 0.50716198 1.73171545 -0.00671379
v 0.63925253 1.61121744 -0.00398247
v -0.31130822 1.61239663 -0.58162982
v -0.250967 1.75229957 -0.46810149
v -0.20532323 1.75232931 -0.49289445
v -0.25509954 1.61257249 -0.61361935
v 0.77134303 1.49071943 -0.00125116
v 0.76204855 1.49029616 0.07355704
v -0.34785929 1.92626123 -0.23409736
v -0.44288559 1.75098318 -0.29689469
v -0.6484216 1.61070865 -0.13069998
v -1.62966899 0.73614787 0.09411971
v -1.64288058 0.73482985 3.5E-07
v -0.32120627 0.73844923 1.70736842
v -0.39815692 0.73854456 1.67722276
v -0.77324321 1.4764158 -0.15498486
v -0.19672808 1.92814303 -0.36783857
v -0.11610403 2.10615542 -0.28055298
v -0.16071363 1.92924237 -0.3867237
v 0.18971455 1.61666546 -0.63142549
v 0.15159921 1.75966167 -0.50900178
v 0.20161149 1.75984363 -0.49348317
v 0.25223849 1.61739466 -0.61292117
v 0.35152289 1.89834839 0.23474643
v -0.41009366 1.75203995 -0.33730229
v -0.44288559 1.75098318 -0.29689469
v -1.61141655 0.73954153 -0.34191539
v -1.58297438 0.73854934 -0.42261968
v -0.29317577 1.91866576 0.28776809
v -0.37164443 1.7327228 0.36592239
v 0.04958944 1.75715158 -0.52953244
v 0.10158693 1.75947995 -0.52452039
v 0.30107704 1.89436038 0.30216452
v 0.26790714 1.89783613 0.32831069
v 0.33531661 1.7446075 0.41058866
v 0.37638086 1.74158117 0.37746744
v -1.56385324 -0.03909766 0.49310942
v -1.54691792 -0.0495937 0.58184238
v -0.59327662 1.47930982 0.48453395
v -0.64012823 1.47856193 0.42795474
v -0.39045773 1.91584708 -0.16391165
v -0.4936061 1.74707807 -0.20602228
v 0.32041843 0.73386021 -1.7071166
v 0.39576502 0.7333589 -1.67760394
v -0.23274253 1.92704381 -0.34895347
v -0.29661081 1.75226995 -0.4433086
v 1.03561577 1.24220037 0.428463
v 1.1928375 1.13033193 0.49373873
v -0.89077298 1.35134128 -0.36968825
v -0.00061684 1.12257609 1.29699095
v -0.1226453 1.12057081 1.26158068
v -0.13819524 1.01295622 1.42542834
v -0.00034905 1.01297802 1.46543859
v -0.27604143 1.01293455 1.38541796
v -0.24467376 1.11856552 1.22617054
v -0.37095925 1.12046798 1.21226508
v -0.41868125 1.01288363 1.36969063
v -0.43316839 1.23190815 1.04275587
v -0.59649177 1.12027329 1.11900135
v -0.49724472 1.1223703 1.19835949
v 0.88336131 0.90543634 -1.32258989
v 1.02474114 0.90377137 -1.24452825
v -0.80004305 1.23114888 0.79828897
v -0.91857657 1.12178303 0.91735364
v -1.32233392 0.90585365 -0.88362438
v -1.42320199 0.90393838 -0.75750706
v -0.75764084 0.90354317 -1.42346309
v -0.63154471 0.90149322 -1.52443417
v -0.70074087 0.79373794 -1.69173816
v 0.46999209 0.90628495 1.53985514
v 0.3096851 0.90794833 1.55778409
v -1.26498835 1.11766476 -0.12286022
v -1.30025325 1.11985412 -0.0006063
v 1.55641857 0.90980032 -0.30985104
v 1.60131256 0.90796198 -0.1550112
v -0.63154471 0.90149322 -1.52443417
v -0.47101775 0.90347236 -1.54224249
v -0.70074087 0.79373794 -1.69173816
v 1.31946464 0.90975195 0.88156928
v 1.2418745 0.90766256 1.02292836
v -1.13774195 0.79768746 1.38118463
v -1.02452248 0.90511275 1.24335039
v -1.16595513 0.90307771 1.1656095
v -1.29480024 0.79373837 1.29480089
v -0.19083555 -0.82475507 2.01569789
v -0.09558364 -0.82446084 2.03474896
v 0.29841361 1.49073656 0.72629833
v 0.36420627 1.36376414 0.88283689
v -0.00061684 1.12257609 1.29699095
v -0.00112069 -0.1170594 1.74499895
v -0.08167227 -0.09717747 1.73019812
v 0.91879812 1.11903647 -0.92002137
v 1.03744128 1.01047448 -1.03813337
v 0.78315091 1.01642454 1.17226821
v 0.90845948 1.01691615 1.10302117
v 0.49780596 1.1161105 -1.20390528
v 0.56189244 1.00840502 -1.35771393
v 1.42133983 1.01845658 0.13706418
v 1.3813912 1.01840432 0.2744714
v 1.55625694 0.91002046 0.30938634
v 1.60123169 0.90807217 0.15460752
v 0.75608219 0.9068261 1.42092237
v 0.63029906 0.90462146 1.5219262
v 0.70074123 0.79373861 1.69173884
v 0.09338445 -0.82417822 -2.0348285
v -8.441E-05 -0.82416777 -2.05055408
v -0.26352732 -0.6611714 -1.86982714
v -0.35160846 -0.66379996 -1.86900089
v 0.91360451 1.12883909 0.91361527
v 1.03376811 1.01740763 1.03377425
v 0.32873866 -0.43509924 1.75914721
v 0.24223948 -0.43654171 1.76231783
v 0.24920661 -0.54929283 1.81036608
v 0.33806908 -0.54906357 1.80745784
v -0.77324321 1.4764158 -0.15498486
v 0.18097405 1.35665893 0.91473786
v -1.04893149 -0.31222208 -1.35246948
v -0.98976842 -0.31067632 -1.41343355
v -0.50015471 1.47288898 -0.60906247
v -0.43842289 1.47217122 -0.65597208
v -0.52338504 1.34509108 -0.78298143
v -0.6028389 1.34748105 -0.73269996
v -0.27657749 1.00926719 -1.38887634
v -0.41946303 1.00925772 -1.37300326
v 0.63629949 1.47985416 -0.42614892
v -0.76946791 1.47700839 0.1512435
v -0.83667795 1.34871297 -0.44653155
v -0.78258305 1.3460844 -0.52337483
v -0.90941316 1.21896319 -0.60793506
v -0.97855815 1.22312906 -0.52120559
v -0.15497006 1.47130774 -0.77436135
v -0.00192005 3.12952091 0.00715705
v -1E-08 3.12952091 0.0065945
v -0.00190875 1.61363114 -0.66542858
v -0.00140945 1.4724392 -0.79631254
v -1.23730069 -0.31487389 1.18534851
v -1.28598442 -0.31443755 1.11249198
v -1.31396019 -0.51045143 1.13628457
v -1.26342034 -0.50767749 1.20991372
v -0.00262524 2.10199778 -0.3046891
v -0.00131261 2.40935543 -0.15234454
v -0.05805201 2.41143437 -0.14027648
v 0.67355157 1.48250413 -0.36251379
v 0.71080364 1.48515411 -0.29887864
v -0.18748312 -0.82474328 -2.01606106
v -0.09356938 -0.82445553 -2.03496713
v -1.19965551 -0.68544995 -1.4011599
v -1.12544236 -0.68531877 -1.45298087
v -0.78678988 1.00954995 -1.17731434
v -0.67456922 1.00939935 -1.2672222
v 0.20146588 1.75209403 0.49227892
v 0.9891649 -0.82589455 1.74699456
v 1.07515114 -0.82633612 1.70509231
v -0.55190324 -0.02500428 -1.63124258
v -0.47209204 -0.02475013 -1.6480774
v -0.47939334 -0.25480008 -1.6705928
v -0.56065344 -0.2640523 -1.65456709
v 0.40850838 1.89096625 0.03622082
v 0.40322524 1.89724542 0.07769173
v 0.96717072 1.23770644 0.51434397
v 0.89872567 1.23321264 0.60022481
v 1.03504409 1.12553993 0.69139112
v 1.11394073 1.12793587 0.59256497
v -0.63103096 0.90328554 1.52285107
v -0.75706046 0.90521673 1.42197112
v -0.84071233 0.79768752 1.57965367
v -0.70074087 0.79373849 1.69173884
v 0.63131681 0.90107154 -1.52472592
v 0.70074123 0.79373806 -1.69173816
v 0.49492794 1.12614819 1.1957445
v 0.41746355 1.01488225 1.36827888
v 0.55985694 1.01550455 1.3521138
v -1.64934857 0.90239545 -0.00017134
v -1.60442958 0.90429404 -0.15527486
v -1.83112428 0.79373811 3.4E-07
v -0.00017443 0.9033583 1.64828182
v -0.15519862 0.90532185 1.60327633
v -0.92063131 1.11790499 -0.92062068
v -1.0413752 1.11745433 0.69475692
v -1.12098753 1.11917743 0.59560003
v -0.00034905 1.01297802 1.46543859
v -0.00017443 0.9033583 1.64828182
v 1.35005917 1.01846361 0.55901446
v 1.29112058 1.1303962 -0.0006063
v 1.25579819 1.12834776 0.12082729
v 1.46128822 1.01850896 -0.00034302
v -0.80715771 1.11997953 0.97849846
v -0.91857657 1.12178303 0.91735364
v -1.54139939 0.90466142 0.47036343
v -1.55924259 0.90655726 0.30989259
v 1.64620643 0.90612363 -0.00017134
v 1.83112464 0.79373843 3.4E-07
v -0.8837369 0.905593 -1.32249214
v 1.16612097 0.90210639 -1.16646673
v 1.2948006 0.79373818 -1.2948002
v -1.22972358 1.1154754 -0.24511413
v -1.38779436 1.01074882 -0.27635391
v -1.42768349 1.01090093 -0.13834847
v -1.52407019 0.90202323 -0.63138975
v -1.69173806 0.79373801 -0.70074071
v 1.05956026 1.23419444 0.21005035
v 1.22047567 1.12629932 0.24226088
v -1.13293363 1.22865533 -0.00086958
v -1.30025325 1.11985412 -0.0006063
v 1.26071068 1.01816542 0.67078594
v 1.17136232 1.01786735 0.78255743
v 1.31946464 0.90975195 0.88156928
v 1.42018185 0.90792651 0.75572359
v 1.16612097 0.90210639 -1.16646673
v 1.2948006 0.79373818 -1.2948002
v -1.20060004 1.1209004 0.4964431
v -1.214783 1.11870357 0.37006772
v -1.37131666 1.01163558 0.41820551
v -1.35537483 1.01179291 0.56092715
v -0.25232901 2.1034988 0.1643398
v -0.1261645 2.41010594 0.08216991
v -1.40057276 0.35919485 -0.89272295
v -1.39898505 0.73541318 -0.8917472
v -1.36609852 0.7353161 -0.96766091
v -1.36892773 0.35841748 -0.96949547
v 0.2278299 1.47366924 -0.75384923
v 0.30286548 1.47494582 -0.73235904
v -0.10575288 1.75205713 -0.52236146
v -1.49312639 -0.76307026 -1.17237219
v -1.42747421 -0.7630389 -1.24142473
v -1.47788243 -0.82679633 -1.28526222
v -1.54497161 -0.82680156 -1.21307818
v -1.40641183 -0.06342741 0.89641364
v -1.37473655 -0.06482381 0.97323829
v -1.5182172 0.73571437 0.66581676
v -1.53830464 0.73673092 0.57849876
v -0.64368111 1.6083186 0.12530899
v -0.25100868 1.60873116 0.59956662
v -0.30617626 1.60862063 0.56692703
v -0.297105 1.48246962 0.71282618
v -0.69714806 0.73759613 -1.56373978
v -0.62867177 0.73881881 -1.60827664
v 0.15937977 1.91239599 0.391026
v 0.10158693 1.75947995 -0.52452039
v 0.12719062 1.61593625 -0.64992981
v -0.16405954 1.90725683 0.38568789
v -0.54931926 1.61209446 -0.36785461
v -0.51789431 1.7396288 0.0993745
v -3.068E-05 0.72930053 -1.74077775
v 0.07930067 0.73044057 -1.72735779
v 0.05672728 2.40720455 -0.1417625
v 0.11345454 2.09769627 -0.28352503
v -0.60834718 1.21801069 -0.90999079
v -0.70552314 1.22207313 -0.85633745
v 0.15937977 1.91239599 0.391026
v -0.13007496 1.60804915 0.63894375
v -1.31282918 0.73496869 1.02823712
v -1.36630102 0.73531641 0.96739811
v 0.48666166 1.7274821 -0.15007856
v 0.49806519 1.72881892 -0.10258239
v -0.0604493 2.10628063 -0.29728506
v -0.04280886 1.92878972 -0.41472002
v -0.08310109 1.92916894 -0.40982326
v 0.20146588 1.75209403 0.49227892
v 0.24993975 1.62141536 0.60928859
v 1.19626836 1.12537572 -0.49637246
v -1.69173803 0.43136615 -0.70074065
v -1.6153079 0.65538511 -0.66908228
v -1.06587504 -0.68519308 1.51694359
v -0.99950029 -0.68500214 1.5839929
v -1.57970475 0.55873462 -0.84071163
v -1.53280752 0.69387975 -0.82342965
v -1.23630302 0.64245037 -1.23630298
v -1.29480021 0.43136609 -1.29480015
v 0.79344105 1.24027056 0.79345617
v 1.35248554 1.01495806 -0.5607056
v -0.74192619 -0.59201001 -1.66205677
v -0.66988459 -0.58895133 -1.71110962
v -0.74192619 -0.59200947 1.6620579
v -0.67018178 -0.58898736 1.71101
v -1.46757287 1.01105279 -0.00034302
v -0.00088462 1.23217417 1.12854331
v -0.49724472 1.1223703 1.19835949
v 1.61374175 -0.29876384 0.81661617
v 1.61017791 -0.51730015 0.88337038
v 1.69173846 0.43136645 -0.70074065
v 1.61530829 0.65676613 -0.66908228
v 1.83112467 0.43136657 4E-07
v 1.74839715 0.65028398 3.6E-07
v -0.70074084 0.43136663 1.69173889
v -0.66908239 0.61288784 1.61530859
v -0.84071231 0.53423375 1.57965371
v -0.82428518 0.64380272 1.53235083
v 0.70074125 0.61255213 -1.69173813
v 0.70074127 0.4313662 -1.6917381
v -0.52257248 0.67277713 1.71143142
v -0.52257247 0.54786645 1.71143144
v -0.34440413 0.66436652 1.73112412
v -0.34440414 0.73300145 1.7311241
v -0.70074085 0.61255201 -1.69173813
v -0.70074084 0.43136608 -1.6917381
v 1.69173844 0.61255261 0.70074142
v 1.69173846 0.43136667 0.70074145
v -0.70074085 0.61255256 1.69173887
v -0.84071232 0.66596076 1.57965369
v -0.84071231 0.53423375 1.57965371
v -0.70074084 0.43136663 1.69173889
v -1.26138926 -0.07136132 1.09176913
v -1.2146734 -0.07494919 1.16429191
v -1.13774194 0.6659607 1.38118465
v -1.13774193 0.53423369 1.38118467
v -0.98068378 0.63710062 1.46756852
v -0.98068379 0.71936871 1.46756851
v -1.29480022 0.61255244 1.29480091
v -1.29480021 0.43136651 1.29480094
v -0.70074085 0.61255201 -1.69173813
v -0.70074084 0.43136608 -1.6917381
v 1.69173844 0.61255238 -0.70074068
v 1.69173846 0.43136645 -0.70074065
v -0.98068379 0.71936871 1.46756851
v -0.98068378 0.63710062 1.46756852
v 2E-07 0.61255205 -1.83112421
v 2.2E-07 0.43136611 -1.83112418
v 1.29480062 0.61255267 1.29480091
v 1.29480063 0.43136674 1.29480094
v -1.29480022 0.61255202 -1.29480018
v -1.29480021 0.43136609 -1.29480015
v 1.83112466 0.6125525 3.7E-07
v 1.83112467 0.43136657 4E-07
v -0.70074085 0.61255256 1.69173887
v -0.70074084 0.43136663 1.69173889
v -0.34440414 0.73300145 1.7311241
v -0.34440413 0.66436652 1.73112412
v -0.34440414 0.80163664 1.73112409
v -0.70074087 0.79373849 1.69173884
v -0.52257249 0.79768756 1.7114314
v -1.29480024 0.79373795 -1.2948002
v -1.55570471 0.73774748 0.49088674
v -1.58528075 0.73864481 0.4145599
v 0.70074123 0.79373806 -1.69173816
v -1.83112426 0.61255218 3.7E-07
v -1.83112424 0.43136625 4E-07
v -1.83112428 0.79373811 3.4E-07
v 1.2948006 0.7937386 1.29480089
v 0.2873111 2.06829 0.11776513
v 0.14365556 2.3925016 0.05888258
v 1.8E-07 0.79373798 -1.83112424
v -0.97451787 0.73391885 1.387073
v -1.03425263 0.73390863 1.32507306
v 1.69173843 0.79373854 0.70074139
v 1.8E-07 0.79373798 -1.83112424
v -1.69173805 0.61255231 0.70074142
v -1.69173803 0.43136638 0.70074145
v -1.57970475 0.53336335 0.84066127
v -1.69173806 0.79373824 0.70074139
v 2E-07 0.61255264 1.83112495
v 2.2E-07 0.43136671 1.83112498
v 1.8E-07 0.79373857 1.83112492
v 1.69173843 0.79373831 -0.70074071
v -1.46767121 0.63536082 0.98058103
v 1.03004747 -0.1435829 1.32945706
v 0.9725147 -0.14089859 1.390362
v -1.29480024 0.79373837 1.29480089
v -1.16238187 0.73389093 1.23032221
v -1.21016686 0.73425582 1.16055742
v -0.39815692 0.73854456 1.67722276
v -0.47485575 0.73863988 1.64434936
v -1.29480022 0.61255202 -1.29480018
v -1.29480021 0.43136609 -1.29480015
v -1.29480024 0.79373795 -1.2948002
v -1.4752157 0.73561208 -0.74066877
v -1.43002183 0.73551052 -0.81367381
v 0.47055837 -0.08500447 -1.64434903
v 0.3955964 -0.07949447 -1.67767918
v -0.98068379 0.80163654 1.4675685
v 0.70074125 0.61255268 1.69173887
v 0.70074127 0.43136675 1.69173889
v 0.23610584 0.34271616 1.70965936
v 0.15213085 0.33563598 1.70992686
v -1.29480022 0.61255244 1.29480091
v -1.29480021 0.43136651 1.29480094
v -0.98068379 0.80163654 1.4675685
v 1.69173843 0.79373854 0.70074139
v -0.76494767 0.7363737 -1.51647104
v -0.69714806 0.73759613 -1.56373978
v -0.69710159 0.37229328 -1.56335259
v -0.76443452 0.36495722 -1.51517773
v -1.69173805 0.61255208 -0.70074068
v -1.69173803 0.43136615 -0.70074065
v -1.69173806 0.79373801 -0.70074071
v -0.24025995 0.73616164 -1.71076572
v -0.15910583 0.73387461 -1.71133959
v -0.15920526 0.34996377 -1.71044228
v -0.24047497 0.36368577 -1.71108365
v -0.34440414 0.80163664 1.73112409
v 0.23641249 0.73266721 1.71084366
v 0.15277995 0.73147365 1.71177466
v 1.83112464 0.79373843 3.4E-07
v -1.26138926 -0.07136132 1.09176913
v -1.31912584 -0.06789169 1.03280061
v 1.2948006 0.7937386 1.29480089
v -0.29317577 1.91866576 0.28776809
v -0.37164443 1.7327228 0.36592239
v 0.16551877 2.10323417 -0.2530842
v 0.08275939 2.40997375 -0.12654209
v -0.42909358 1.4795243 0.63592391
v -0.43842289 1.47217122 -0.65597208
v -0.3716494 1.47249357 -0.69515815
v -0.28108038 2.10213099 0.11129364
v -0.39609662 1.91802228 0.11546042
v -0.38361516 1.91622897 0.15433612
v -1.61180067 0.73954164 0.3405729
v -1.61387029 0.7385039 0.26464632
v -1.61615113 0.37773779 0.26512787
v -1.61568163 0.38251426 0.34130087
v 1.1615775 0.72712807 1.23087996
v 1.09653057 0.7273745 1.28086156
v -1.4802663 -0.82679617 1.28216581
v -1.54640398 -0.82680141 1.2112184
v -0.41855546 1.61278619 -0.50978582
v -0.46959406 1.6133516 -0.46993134
v -0.30487585 1.47281579 -0.73434429
v -0.03241999 2.39919944 0.15154038
v -0.06483999 2.0816858 0.30308073
v -0.10673147 2.41157427 -0.10791302
v -0.29359406 1.73749579 0.43265116
v -0.36134385 1.6085101 0.5342875
v -1.66025266 -0.61020967 -0.53982733
v -1.69455743 -0.61020966 -0.45239172
v 0.6240377 1.60847785 -0.12665253
v 0.60853431 1.60706387 -0.18743961
v 0.00181229 3.14593067 0.02270501
v 0.00154123 3.14177924 0.01930903
v -0.0022554 3.14177924 0.0192387
v -0.00265206 3.14593067 0.02262233
v 1.13407769 -0.49964964 -1.32187504
v 1.20416073 -0.50183536 -1.27312093
v 0.6240377 1.60847785 -0.12665253
v -0.42543178 1.90568285 -0.00394958
v -0.42132039 1.90658965 -0.04493826
v -0.53306232 1.74322562 -0.00310555
v -1.1617025 0.73389053 -1.23100176
v -1.09665357 0.73389973 -1.28097274
v -0.51789431 1.7396288 0.0993745
v 0.08275939 2.40997375 -0.12654209
v 0.16551877 2.10323417 -0.2530842
v -0.252833 2.10153903 -0.17130001
v 0.29058338 1.92421991 -0.29570903
v 0.22806324 1.92938143 -0.34674004
v -0.29661081 1.75226995 -0.4433086
v -0.36751683 1.61222065 -0.54964029
v 0.59303092 1.60564976 -0.2482267
v -1.62329194 -0.03097789 -0.26639461
v -1.61615113 0.37773771 -0.26512706
v -1.61539188 0.38244271 -0.34230839
v -1.62260745 -0.02312484 -0.3439301
v 0.44145773 1.73548819 0.29481078
v -0.02149414 3.16114991 0.01698332
v -0.02439443 3.16114991 0.01246369
v -0.0239257 3.16649439 0.01222421
v -0.02108114 3.16649439 0.01665699
v -0.66304618 1.61082192 -0.00237403
v -0.45903469 1.60639031 0.45351774
v -0.08574474 1.90859577 0.41124163
v -0.15350044 1.48059269 0.75848505
v -1.13093184 -0.68533125 1.44821292
v -1.10113294 -0.6004473 1.4087084
v -1.17166873 -0.60185419 1.36118092
v -1.20279063 -0.68545572 1.39843607
v 0.15279431 1.47239267 -0.77533941
v -0.23274253 1.92704381 -0.34895347
v -0.64368111 1.6083186 0.12530899
v -0.03022464 2.41149685 -0.14864252
v -0.0604493 2.10628063 -0.29728506
v -0.37730172 1.75309672 -0.37770989
v -0.14054018 2.40942216 0.05564683
v 0.38667801 1.88118854 -0.16220379
v 0.4752581 1.72614541 -0.19757473
v -0.98930675 -0.82677613 1.74729306
v -1.07581224 -0.82680627 1.70478094
v -0.91266274 0.73392835 -1.44736612
v -0.83968927 0.73515103 -1.48297551
v 0.75275414 1.48987302 0.14836524
v -1.61387029 0.73850381 -0.26464562
v -1.61141655 0.73954153 -0.34191539
v -0 2.81434498 0.00659455
v -0.00192004 2.81434498 0.0071571
v -0.43656176 1.72393018 0.28702212
v 0.29809791 2.03623141 -0.12683287
v -0.28730936 2.08461621 -0.12180103
v 0.15753301 1.92877008 -0.3885041
v 0.12658635 1.61823669 0.64343405
v 0.15080614 1.48669863 0.76433253
v 0.36263588 1.61900597 0.54626759
v 0.43101941 1.49037812 0.64882537
v 0.03819501 1.92833769 -0.41620908
v 0.07890666 1.92826489 -0.41280137
v -1.1413082 -0.50227541 -1.33095689
v -1.06965779 -0.49966702 -1.3783815
v -1.09574358 -0.60033027 -1.41327313
v -1.16858936 -0.60178768 -1.3637889
v -0.00251665 1.92841037 -0.41961679
v -0.00240806 1.75482297 -0.53454455
v -0.05408047 1.75343998 -0.528453
v -0.10575288 1.75205713 -0.52236146
v 0.9010821 -0.8254538 -1.78638836
v 0.9891649 -0.82589512 -1.74699335
v -0.00240806 1.75482297 -0.53454455
v -0.08310109 1.92916894 -0.40982326
v 0.55034826 -0.09051419 1.62784317
v 0.47055837 -0.08500393 1.64434999
v -0.21470717 2.10460898 0.20961377
v -0.36751683 1.61222065 -0.54964029
v -1.62329194 -0.0309778 0.26639556
v -1.6228992 -0.02298185 0.34292177
v 0.02880846 2.39782294 0.15295122
v 0.42877685 1.47177378 -0.64384718
v 0.20161149 1.75984363 -0.49348317
v 0.22806324 1.92938143 -0.34674004
v -1.51783307 0.73571415 -0.6671593
v -1.4752157 0.73561208 -0.74066877
v -1.03856339 1.00967428 -1.03855731
v -1.22896584 1.11650674 0.24369235
v -1.38725836 1.01147836 0.27548383
v -0.88308984 0.90714779 1.32109129
v -0.78549589 1.01265904 1.1746142
v -0.91130302 1.01253817 1.10551616
v 1.35005917 1.01846361 0.55901446
v 1.5208988 0.90610107 0.6298779
v -0.49246138 -0.44552045 1.69804039
v -0.57366876 -0.46249929 1.68323407
v -1.46757287 1.01105279 -0.00034302
v -1.64934857 0.90239545 -0.00017134
v -1.38779436 1.01074882 -0.27635391
v -1.37209828 1.01052876 -0.41919636
v 1.52211192 0.90434825 -0.63072319
v -1.20060004 1.1209004 0.4964431
v -0.24478395 -0.25381287 -1.7362841
v -0.1623691 -0.2713296 -1.73587435
v 1.16428423 0.90557318 1.16428763
v 0.63029906 0.90462146 1.5219262
v -0.56234861 1.0092485 -1.35713006
v -0.31022278 0.90728566 1.55827109
v -0.4706269 0.9052856 1.54056101
v 1.38171458 1.01796428 -0.27529919
v 1.22093304 1.1256772 -0.24362293
v 1.25602681 1.1280367 -0.12211461
v 1.42150133 1.01823674 -0.13782112
v 1.64620643 0.90612363 -0.00017134
v 1.46128822 1.01850896 -0.00034302
v -0.63103096 0.90328554 1.52285107
v -0.80909995 1.11584271 -0.98213668
v -0.69756847 1.11378044 -1.04365262
v -0.78678988 1.00954995 -1.17731434
v -0.91267657 1.00961217 -1.10793592
v 0.63131681 0.90107154 -1.52472592
v -0.15533263 0.90343492 -1.60506431
v -0.00034905 1.00909893 -1.46903085
v -0.00017443 0.90141845 -1.65007755
v 1.03376811 1.01740763 1.03377425
v 1.02307483 0.9073019 1.24210302
v 1.16428423 0.90557318 1.16428763
v 0.27507022 1.0142602 1.38444396
v 0.76469656 -0.11711936 1.51574563
v 0.69716714 -0.10657178 1.56365049
v -0.49869762 1.11730322 -1.20307965
v -0.56234861 1.0092485 -1.35713006
v 1.5208988 0.90610107 0.6298779
v 1.03744128 1.01047448 -1.03813337
v -0.31049085 0.90545163 -1.56005094
v -0.69573885 1.11817615 1.03964327
v -0.27604143 1.01293455 1.38541796
v -0.31022278 0.90728566 1.55827109
v 0.88186531 0.90903063 1.31991842
v 0.88186531 0.90903063 1.31991842
v -1.20205279 1.11880175 -0.49825743
v -1.35640232 1.01030844 -0.56203878
v -0.80269917 1.22613569 -0.80268404
v -0.92063131 1.11790499 -0.92062068
v -0.36513672 1.35718882 0.87779096
v -1.16668188 0.90170618 -1.16667873
v 0.34885681 -0.65384737 1.86315731
v 0.25728594 -0.6536806 1.86572206
v 1.91013917 -0.73554925 0.50305273
v 1.9061103 -0.73677864 0.58060843
v 1.97055474 -0.79709927 0.57638971
v 1.97376223 -0.7962338 0.49574585
v -1.20205279 1.11880175 -0.49825743
v -1.35640232 1.01030844 -0.56203878
v -0.56132111 1.01283259 1.3539633
v -1.03711021 1.01241705 1.03641824
v -1.24382102 0.904985 1.02418448
v -1.16595513 0.90307771 1.1656095
v -1.02520936 0.90364959 -1.24458537
v -0.8837369 0.905593 -1.32249214
v -1.03856339 1.00967428 -1.03855731
v -1.16668188 0.90170618 -1.16667873
v -1.04770332 1.22729493 -0.43447613
v -1.52355657 0.90276558 0.63083433
v 4.10722368 -0.86900925 0.64235371
v 0.08979532 -0.74733052 -1.96456647
v 0.18039308 -0.74739399 -1.94488116
v 0.18728177 -0.82418866 -2.01578406
v 0.09338445 -0.82417822 -2.0348285
v 0.43371949 1.22381599 -1.0500965
v 1.29112058 1.1303962 -0.0006063
v -0.31049085 0.90545163 -1.56005094
v -1.52407019 0.90202323 -0.63138975
v -0.67340847 1.01274594 1.26428881
v -0.78549589 1.01265904 1.1746142
v -0.88308984 0.90714779 1.32109129
v -1.32168692 0.90689254 0.88275952
v -0.49869762 1.11730322 -1.20307965
v -0.67323394 1.35560329 0.66970108
v -0.24120705 -0.04872972 -1.71451995
v -0.15977061 -0.07321785 -1.7136827
v 1.03561577 1.24220037 0.428463
v -0.57132271 -0.46199703 -1.68395772
v -0.48834951 -0.44464706 -1.69929906
v 0.62652201 1.61193534 0.12269414
v 1.26182049 0.34197837 1.09038369
v 1.20906015 0.32497092 1.16193885
v 1.21214618 -0.12224855 1.16441429
v 1.28299059 -0.09534518 1.09362412
v -0.55948565 -0.8260221 1.93738475
v -0.65133756 -0.82635367 1.91746231
v -0.10673147 2.41157427 -0.10791302
v -0.64867494 -0.82634433 -1.91832822
v -0.74070142 -0.8266861 -1.89493767
v 1.06291015 -0.49800531 -1.36970665
v 1.13407769 -0.49964964 -1.32187504
v 0.36829248 1.34938084 -0.89122786
v 0.32005019 -0.07652535 1.7090258
v 0.23615444 -0.08660248 1.7115938
v 0.23870273 -0.28418403 1.73366189
v 0.32373576 -0.27792776 1.73073602
v 0.9061572 1.36203373 0.1792078
v -0.16859056 -0.42591551 1.76414795
v -0.25097728 -0.41790888 1.76436719
v 0.35152289 1.89834839 0.23474643
v -0.40532684 -0.24581788 1.70296672
v -0.48342105 -0.25527397 1.6693117
v -1.48319948 -0.06133828 -0.74471863
v -1.43679187 -0.06240016 -0.81769566
v -1.03409564 -0.59887312 -1.47720594
v -0.97164245 -0.59737266 -1.53927713
v -1.06273979 -0.6851876 -1.51966767
v -0.99910986 -0.68500341 -1.58433261
v -1.91948437 -0.82680664 -0.11084334
v -1.93502358 -0.82680662 6E-07
v -1.38123571 0.55873459 -1.13774151
v -1.3472957 0.68615436 -1.10105801
v 0.17997131 -0.82419149 2.01653351
v 0.278493 -0.82420492 2.01543852
v -0.00251665 1.92841037 -0.41961679
v -0.54642495 1.48005782 0.54111313
v -0.69573885 1.11817615 1.03964327
v -0.69479782 1.47429662 -0.37185745
v -0.655753 1.47320574 -0.43881457
v -1.86442841 -0.82680669 -0.49774145
v -1.89785019 -0.82680668 -0.40268255
v 1.32215328 -0.68554911 1.27079182
v 1.2714038 -0.68500398 1.3470736
v 1.09163007 -0.5954339 -1.40782414
v 1.16431474 -0.5969229 -1.35834492
v -0.01477342 3.14593067 0.01733637
v -0.01787172 3.14593067 0.01412111
v -0.01985799 3.1506668 0.01569054
v -0.01641535 3.1506668 0.01926315
v 0.14904896 2.37647237 -0.06341642
v -0.96298189 1.35353678 -0.00125604
v -1.55951046 0.9061925 -0.31037839
v -1.49768251 -0.61020972 -0.95466673
v -1.46376074 -0.60999193 -1.0366638
v -1.90081318 -0.82680665 -0.21818767
v -1.91948437 -0.82680664 -0.11084334
v 1.8914056 -0.74009569 0.65394972
v 1.9061103 -0.73677864 0.58060843
v 1.35042981 -0.60469464 1.16158801
v 1.44130104 -0.61319613 1.09964632
v -0.00114704 1.34876174 -0.96595352
v -0.00088462 1.22508416 -1.1355945
v 0.64516653 1.49008837 0.43163295
v -0.89077298 1.35134128 -0.36968825
v -1.04770332 1.22729493 -0.43447613
v -0.14963094 2.40835804 0.0268975
v 0.64843184 -0.82448021 1.91769918
v 0.74045507 -0.82457056 1.89428013
v 0.18097405 1.35665893 0.91473786
v 0.27259017 1.36021147 0.89878734
v -0.68229279 1.34987115 -0.68241848
v 0.94614802 1.3665015 -0.00106037
v 1.12095295 1.24228357 -0.00086958
v 0.36420627 1.36376414 0.88283689
v 0.42999887 1.23679171 1.03937526
v 0.51616307 1.36047694 0.77460483
v -1.07496027 -0.49987218 1.37399149
v -1.14433882 -0.50239496 1.32845075
v 0.91360451 1.12883909 0.91361527
v 1.1928375 1.13033193 0.49373873
v 1.52211192 0.90434825 -0.63072319
v -1.46767122 0.68610309 -0.98068262
v -1.45373863 0.68807949 -0.97135702
v 1.95499179 -0.80013728 0.65408598
v 1.97055474 -0.79709927 0.57638971
v 1.18234466 -0.34908339 -1.25103102
v 1.23225139 -0.33841109 -1.18237035
v 0.17997131 -0.82419149 2.01653351
v 0.08899206 -0.8241793 2.03527896
v -0.56132111 1.01283259 1.3539633
v -0.24467376 1.11856552 1.22617054
v 0.55985694 1.01550455 1.3521138
v 0.15496339 0.90325996 -1.60519293
v -0.00017443 0.90141845 -1.65007755
v 0.41379149 1.88468696 -0.00525009
v 0.31010119 0.90510146 -1.56030831
v -3.8949879 -0.86966272 1.45289231
v -0.00061684 1.11709155 -1.30231274
v -0.56188646 1.4736066 -0.56215286
v -0.73384258 1.47538763 -0.30490037
v -1.69173806 0.79373824 0.70074139
v -1.03711021 1.01241705 1.03641824
v 0.63629949 1.47985416 -0.42614892
v 0.29425238 1.74763407 0.4437099
v -0.12641649 2.40912618 -0.08564999
v -0.655753 1.47320574 -0.43881457
v -1.36609852 0.7353161 -0.96766091
v -1.31161193 0.73495964 -1.02981679
v -0.34444543 1.91371455 0.22568096
v -0.41720896 1.90749682 -0.08592693
v -0.01645498 -0.86156843 4.15815181
v 0.23473725 1.90131187 0.35445686
v -0.03022464 2.41149685 -0.14864252
v 0.54331213 1.61278828 0.36322188
v -0.40857808 1.91981584 0.07658473
v -1.53796573 0.36652846 -0.58736435
v -1.53599789 0.7366354 -0.58655842
v -1.51783307 0.73571415 -0.6671593
v -1.52121553 0.36161435 -0.6684683
v -0.13036147 1.61168237 -0.64836144
v -0.54931926 1.61209446 -0.36785461
v 1.24843675 -0.76239577 1.45823503
v 1.17117098 -0.76169059 1.51209387
v 1.21279411 -0.82657111 1.56599835
v 1.29191813 -0.8266886 1.50912077
v -0.62904801 0.73881958 1.60815397
v -0.69714806 0.73759664 1.56374047
v -1.54457892 -0.05059404 -0.5899389
v -1.5276891 -0.05904003 -0.67135635
v -0.10735358 2.41066103 0.1048069
v -1.09951593 0.7338999 1.27847507
v -1.16238187 0.73389093 1.23032221
v -1.61387029 0.7385039 0.26464632
v -0.24196967 0.73621148 1.71057766
v -0.32120627 0.73844923 1.70736842
v 0.55481412 -0.8243901 1.938226
v 0.64843184 -0.82448021 1.91769918
v -1.40641183 -0.0634277 -0.89641268
v -1.37458243 -0.06483707 -0.97343345
v 0.01194146 3.13837257 -0.00943549
v 0.00822542 3.13584134 -0.00649929
v 0.00933531 3.13584134 -0.00476971
v 0.01355277 3.13837257 -0.00692452
v -0.02028323 3.14593067 0.01036318
v -0.02191525 3.14593066 0.00620699
v -0.02435092 3.1506668 0.00689685
v -0.02253751 3.1506668 0.01151496
v 0.01158378 3.18392724 0.00987122
v 0.01474338 3.18052058 0.0125637
v 0.01200903 3.18052058 0.01519858
v 0.00943541 3.18392725 0.01194143
v -0.01194151 3.13837257 0.00943541
v -0.01355283 3.13837257 0.00692444
v -0.01724947 3.14177924 0.00881316
v -0.01519866 3.14177924 0.01200901
v -0.00265206 3.17636915 0.02262232
v -0.00701451 3.17636915 0.02167025
v -0.00596536 3.18052058 0.01842903
v -0.0022554 3.18052058 0.01923869
v 0.00620701 3.14593067 0.02191518
v 0.00201372 3.1506668 0.02522847
v 0.00689687 3.1506668 0.02435085
v -0.00476969 3.13584134 -0.00933538
v -0.00285681 3.13584134 -0.01008651
v -0.00414743 3.13837257 -0.01464333
v -0.0069245 3.13837257 -0.01355284
v -0.00827418 3.16649439 0.02556181
v -0.0077941 3.17163327 0.0240787
v -0.00322844 3.13584134 0.0099737
v -0.01698338 3.1611499 -0.02149416
v -0.01665706 3.15580567 -0.02108116
v -0.01222427 3.15580567 -0.02392571
v -0.01246376 3.1611499 -0.02439444
v 0.00318956 3.1611499 -0.02720772
v 0.00843623 3.1611499 -0.02606267
v 0.00827413 3.16649439 -0.0255619
v 0.00312827 3.16649438 -0.02668494
v -0.00822547 3.18645847 0.0064992
v -0.00933536 3.18645847 0.00476962
v 0.02439436 3.16114991 -0.01246377
v 0.02392564 3.15580567 -0.01222429
v 0.02585075 3.15580567 -0.00732174
v 0.02635718 3.16114991 -0.00746517
v -0.00511219 3.18645847 0.00915222
v -0.00679948 3.18645847 0.00797903
v 0.01310201 3.15580567 -0.02345652
v 0.01234182 3.15066679 -0.02209557
v 0.0164153 3.15066679 -0.01926323
v 0.01742639 3.15580567 -0.02044973
v 0.00177201 3.18392724 -0.01511582
v 0.00122057 3.18645847 -0.01041198
v -0.00083415 3.18645847 -0.01045004
v -0.00121098 3.18392724 -0.01517109
v 0.00265202 3.17636914 -0.02262241
v 0.00294676 3.17163326 -0.02513667
v 0.00779405 3.17163326 -0.02407879
v 0.00701446 3.17636914 -0.02167034
v -0.00121098 3.13837257 -0.01517108
v -0.00154128 3.14177924 -0.01930912
v -0.00527868 3.14177924 -0.01863741
v -0.02270509 3.14593066 0.00181228
v -0.0193091 3.14177924 0.00154121
v -0.01923876 3.14177924 -0.00225542
v -0.02262239 3.14593066 -0.00265208
v -0.00181234 3.14593066 -0.02270511
v 0.00225535 3.14177924 -0.01923878
v 0.00265202 3.14593066 -0.0226224
v 0.01464326 3.13837257 -0.00414745
v 0.01863735 3.14177924 -0.00527869
v 0.01724942 3.14177924 -0.00881324
v -0.01234187 3.17163327 0.02209548
v -0.01110739 3.17636915 0.0198854
v 0.01194146 3.18392724 -0.00943549
v 0.01355277 3.18392724 -0.00692453
v 0.00933531 3.18645847 -0.00476972
v 0.00822541 3.18645847 -0.0064993
v -0.01310206 3.16649439 0.02345644
v -0.00933536 3.13584134 0.00476963
v -0.00822546 3.13584134 0.00649921
v 0.02606259 3.16114991 0.00843621
v 0.02556182 3.15580568 0.00827411
v 0.02345645 3.15580568 0.01310199
v 0.02391598 3.16114991 0.01335867
v -0.0098713 3.13837257 0.01158378
v -0.01256377 3.14177924 0.01474337
v -0.00944606 3.14177924 0.01691114
v -0.00742173 3.13837257 0.01328699
v 0.01988541 3.14593067 0.01110732
v 0.01733638 3.14593067 0.01477336
v 0.01926316 3.1506668 0.01641528
v 0.0220955 3.1506668 0.0123418
v -0.00511218 3.13584134 0.00915223
v -0.00679947 3.13584134 0.00797904
v -0.0239257 3.15580567 0.01222421
v -0.0258508 3.15580567 0.00732166
v 0.00915224 3.18645847 0.00511211
v 0.00997371 3.18645847 0.00322836
v -0.01776784 3.16114991 0.02085028
v -0.01742644 3.15580568 0.02044965
v -0.02108114 3.15580567 0.01665699
v -0.02149414 3.16114991 0.01698332
v -0.00217968 3.1611499 -0.02730719
v -0.0021378 3.15580567 -0.0267825
v 0.00312827 3.15580567 -0.02668494
v 0.00318956 3.1611499 -0.02720772
v -0.01310206 3.15580568 0.02345644
v -0.01234187 3.1506668 0.02209549
v 0.00742168 3.18392724 -0.01328707
v 0.00511213 3.18645847 -0.00915232
v 0.00322839 3.18645847 -0.00997379
v 0.0046869 3.18392724 -0.01447967
v 0.01412112 3.14593067 0.01787165
v 0.01036319 3.14593067 0.02028315
v 0.01151497 3.1506668 0.02253744
v 0.01569056 3.1506668 0.01985792
v 0.00692445 3.13837257 0.01355275
v 0.00414738 3.13837257 0.01464324
v 0.00527863 3.14177924 0.01863733
v 0.00881317 3.14177924 0.0172494
v -0.01110739 3.14593067 0.01988541
v 0.01988541 3.17636915 0.01110732
v 0.01733638 3.17636915 0.01477335
v 0.01691116 3.18052058 0.00944599
v 0.00997372 3.13584134 0.00322837
v 0.0104119 3.13584134 0.00122056
v 0.00476964 3.13584134 0.00933529
v 0.00285676 3.13584134 0.01008643
v 0.01926316 3.17163327 0.01641528
v 0.01569055 3.17163327 0.01985792
v 0.01412112 3.17636915 0.01787165
v 0.00177202 3.13837257 -0.01511582
v 0.00468691 3.13837257 -0.01447967
v 0.00596531 3.14177924 -0.01842911
v -0.00596535 3.14177924 0.01842903
v -0.00701451 3.14593067 0.02167026
v -0.01477343 3.17636915 0.01733637
v -0.01787173 3.17636915 0.0141211
v -0.01519866 3.18052057 0.01200901
v -0.01256377 3.18052058 0.01474336
v 0.02678242 3.16649439 -0.00213782
v 0.02668486 3.16649439 0.00312825
v 0.02513659 3.17163327 0.00294674
v 0.02522849 3.17163327 -0.00201379
v 0.00322839 3.13584134 -0.00997378
v 0.00511214 3.13584134 -0.00915231
v 0.01335869 3.1611499 -0.02391605
v 0.01776779 3.1611499 -0.02085036
v -0.02167031 3.14593066 -0.00701453
v -0.01988547 3.14593066 -0.01110741
v -0.02209555 3.15066679 -0.01234189
v -0.02407876 3.15066679 -0.00779412
v -0.00285681 3.18645847 -0.01008652
v -0.00414743 3.18392724 -0.01464334
v -0.02253751 3.17163327 0.01151495
v -0.019858 3.17163327 0.01569054
v 0.00679943 3.13584134 -0.00797912
v 0.01698332 3.16114991 0.02149406
v 0.01246369 3.16114991 0.02439434
v 0.01222422 3.16649439 0.02392562
v 0.016657 3.16649439 0.02108106
v 0.0074651 3.16114991 0.02635716
v 0.00732167 3.16649439 0.02585072
v -0.00122063 3.18645847 0.01041188
v -0.00322844 3.18645847 0.00997369
v -0.0077941 3.1506668 0.0240787
v -0.00827417 3.15580568 0.02556181
v -0.00312832 3.15580568 0.02668486
v -0.00294681 3.1506668 0.02513657
v 0.00742168 3.13837257 -0.01328707
v -0.02167032 3.17636914 -0.00701454
v -0.02407877 3.17163326 -0.00779413
v -0.02209555 3.17163326 -0.01234189
v -0.01988547 3.17636914 -0.01110742
v -0.01194152 3.18392724 0.0094354
v -0.01724947 3.18052057 0.00881315
v -0.01355283 3.18392724 0.00692443
v -0.02028323 3.17636915 0.01036317
v 0.01519861 3.18052057 -0.0120091
v 0.01724942 3.18052057 -0.00881324
v 0.02556182 3.16649439 0.00827411
v 0.02345645 3.16649439 0.01310199
v 0.02209549 3.17163327 0.0123418
v 0.02407871 3.17163327 0.00779403
v 0.02167026 3.14593067 0.00701444
v 0.02407871 3.1506668 0.00779403
v -0.0186374 3.18052057 0.00527861
v -0.01464332 3.18392724 0.00414736
v -0.02270509 3.17636915 0.00181227
v -0.02262239 3.17636915 -0.00265209
v -0.01923877 3.18052057 -0.00225542
v -0.0193091 3.18052057 0.00154121
v -0.00944607 3.18052058 0.01691114
v -0.0184291 3.18052057 -0.00596538
v -0.01447965 3.18392724 -0.00468698
v -0.01511581 3.18392724 -0.00177209
v 0.02167026 3.17636915 0.00701444
v -0.0079791 3.13584134 -0.00679949
v -0.01158384 3.13837257 -0.00987131
v -0.01328705 3.13837257 -0.00742175
v -0.00915229 3.13584134 -0.0051122
v -0.0258508 3.16649439 0.00732165
v -0.02678248 3.16649439 0.00213773
v -0.02522855 3.17163326 0.0020137
v -0.02435092 3.17163326 0.00689685
v -0.0100865 3.13584134 0.00285674
v -0.01698338 3.1611499 -0.02149416
v -0.01246376 3.1611499 -0.02439444
v -0.01222428 3.16649438 -0.02392571
v -0.01665706 3.16649438 -0.02108116
v 0.01335869 3.1611499 -0.02391605
v 0.01310201 3.16649439 -0.02345652
v -0.00083414 3.13584134 -0.01045004
v 0.01464325 3.18392724 -0.00414745
v 0.01008644 3.18645847 -0.00285683
v -0.00649928 3.18645847 -0.00822549
v -0.00476969 3.18645847 -0.00933538
v -0.02730718 3.1611499 0.00217961
v -0.02678248 3.15580567 0.00213773
v -0.02668492 3.15580567 -0.00312834
v -0.02720771 3.1611499 -0.00318963
v -0.00746516 3.1611499 -0.02635726
v -0.00217968 3.1611499 -0.02730719
v -0.0021378 3.16649438 -0.0267825
v -0.00732172 3.16649438 -0.02585082
v 0.01158379 3.13837257 0.00987123
v 0.00797905 3.13584134 0.00679941
v 0.00649923 3.13584134 0.0082254
v 0.00943542 3.13837257 0.01194144
v -0.01733643 3.14593066 -0.01477345
v -0.01412117 3.14593066 -0.01787174
v -0.01569061 3.15066679 -0.01985801
v -0.01926321 3.15066679 -0.01641537
v -0.0186374 3.14177924 0.00527861
v 0.0059653 3.18052057 -0.01842912
v 0.00225535 3.18052057 -0.01923879
v 0.00944601 3.18052057 -0.01691123
v -0.02191526 3.17636915 0.00620699
v -0.00620706 3.17636914 -0.02191527
v -0.00689692 3.17163326 -0.02435095
v -0.00201377 3.17163326 -0.02522857
v -0.00181235 3.17636914 -0.02270511
v -0.00468696 3.18392724 0.01447958
v -0.00742173 3.18392724 0.01328698
v 0.0219152 3.17636915 -0.00620708
v 0.02270503 3.17636915 -0.00181237
v 0.01930905 3.18052058 -0.0015413
v 0.01863735 3.18052057 -0.0052787
v -0.01517107 3.13837257 0.00121091
v -0.0151158 3.13837257 -0.00177208
v 0.00987125 3.13837257 -0.01158386
v -0.02668492 3.16649439 -0.00312834
v -0.02513665 3.17163326 -0.00294683
v -0.01335874 3.16114991 0.02391598
v -0.00843627 3.16114991 0.0260626
v 0.00083409 3.18645847 0.01044994
v 0.00294676 3.15066679 -0.02513667
v 0.00779405 3.15066679 -0.02407879
v 0.00827413 3.15580567 -0.0255619
v -0.01045002 3.18645847 0.00083407
v -0.01517107 3.18392724 0.00121091
v -0.01041196 3.18645847 -0.00122065
v 0.00285676 3.18645847 0.01008642
v 0.00843623 3.1611499 -0.02606267
v -0.02635725 3.16114991 0.00746509
v -0.02730718 3.1611499 0.00217961
v 0.01742639 3.16649439 -0.02044974
v 0.02108108 3.16649439 -0.01665708
v 0.01985794 3.17163327 -0.01569063
v 0.0164153 3.17163326 -0.01926324
v -0.00997377 3.18645847 -0.00322846
v 0.01787167 3.14593067 -0.01412119
v 0.02028317 3.14593067 -0.01036326
v 0.02253746 3.1506668 -0.01151504
v 0.01985794 3.1506668 -0.01569063
v 0.00121092 3.18392724 0.01517098
v 0.00154123 3.18052058 0.01930902
v -0.00177207 3.18392724 0.01511571
v 0.006207 3.17636915 0.02191517
v 0.00181229 3.17636915 0.02270501
v 0.00527862 3.18052058 0.01863732
v 0.00701446 3.14593066 -0.02167033
v -0.0098713 3.18392724 0.01158377
v 0.01234182 3.17163326 -0.02209557
v 0.01110734 3.17636915 -0.01988549
v -0.00692451 3.18392724 -0.01355285
v -0.02556188 3.16649439 -0.0082742
v -0.01691121 3.18052057 -0.00944609
v -0.01328706 3.18392724 -0.00742176
v 0.01477337 3.17636915 -0.01733646
v 0.01256372 3.18052057 -0.01474346
v 0.01447959 3.13837257 0.00468689
v 0.013287 3.13837257 0.00742166
v 0.01691116 3.14177924 0.009446
v 0.01842904 3.14177924 0.00596529
v 0.01110735 3.14593066 -0.01988548
v -0.01045002 3.13584134 0.00083408
v -0.01464331 3.13837257 0.00414737
v -0.02345651 3.16649438 -0.01310208
v 0.00679942 3.18645847 -0.00797912
v 0.02108108 3.15580567 -0.01665707
v 0.02149408 3.16114991 -0.01698339
v -0.02391604 3.1611499 -0.01335877
v -0.02085035 3.1611499 -0.01776787
v -0.02044972 3.16649438 -0.01742646
v -0.00915229 3.18645847 -0.00511221
v -0.00201377 3.15066679 -0.02522856
v 0.02678242 3.15580568 -0.00213782
v 0.02730711 3.16114991 -0.00217969
v 0.01776779 3.1611499 -0.02085036
v 0.02149408 3.16114991 -0.01698339
v 0.00915224 3.13584134 0.00511212
v 0.02585075 3.16649439 -0.00732174
v 0.02435087 3.17163327 -0.00689694
v -0.01447965 3.13837257 -0.00468697
v -0.0184291 3.14177924 -0.00596537
v -0.01733644 3.17636914 -0.01477345
v -0.01474344 3.18052057 -0.0125638
v -0.00527868 3.18052057 -0.01863742
v -0.00154128 3.18052057 -0.01930912
v 0.01477338 3.14593066 -0.01733645
v -0.01926322 3.17163326 -0.01641537
v -0.01474343 3.14177924 -0.01256379
v -0.01200908 3.14177924 -0.01519868
v 0.00944602 3.14177924 -0.01691123
v 0.01256372 3.14177924 -0.01474345
v -0.00943547 3.13837257 -0.01194153
v 0.01036319 3.17636915 0.02028315
v 0.01151497 3.17163327 0.02253743
v 0.00689686 3.17163327 0.02435085
v 0.016657 3.15580568 0.02108106
v 0.01222422 3.15580568 0.02392562
v -0.00649927 3.13584134 -0.00822548
v -0.02720771 3.1611499 -0.00318963
v 0.02392564 3.16649439 -0.01222429
v 0.02253746 3.17163327 -0.01151504
v -0.00468695 3.13837257 0.01447959
v -0.0031896 3.16114991 0.02720765
v -0.00843627 3.16114991 0.0260626
v 0.0104119 3.18645847 0.00122055
v -0.01151502 3.15066679 -0.02253753
v -0.00943548 3.18392724 -0.01194154
v -0.01036324 3.14593066 -0.02028324
v -0.01691121 3.14177924 -0.00944608
v -0.00620706 3.14593066 -0.02191527
v -0.00881322 3.14177924 -0.01724949
v 0.0219152 3.14593067 -0.00620708
v 0.02435087 3.1506668 -0.00689694
v 0.01517101 3.18392724 -0.001211
v 0.01044997 3.18645847 -0.00083417
v -0.02556188 3.15580567 -0.0082742
v -0.02345651 3.15580567 -0.01310208
v -0.02606266 3.1611499 -0.0084363
v 0.01787167 3.17636915 -0.01412119
v -0.02606266 3.1611499 -0.0084363
v 0.02720764 3.16114991 0.00318954
v 0.02606259 3.16114991 0.00843621
v 0.00122058 3.13584134 -0.01041197
v -0.00689692 3.15066679 -0.02435094
v -0.00732172 3.15580567 -0.02585082
v -0.00881322 3.18052057 -0.0172495
v 0.00217962 3.16114991 0.02730708
v -0.02522854 3.15066679 0.0020137
v -0.02513665 3.15066679 -0.00294683
v 0.01447959 3.18392724 0.00468688
v 0.01328699 3.18392724 0.00742166
v -0.01158384 3.18392724 -0.00987132
v 0.01200903 3.14177924 0.01519859
v 0.01474338 3.14177924 0.0125637
v 0.02270504 3.14593067 -0.00181236
v 0.02522849 3.1506668 -0.00201379
v -0.02635725 3.16114991 0.00746509
v 0.00414738 3.18392725 0.01464323
v 0.01511574 3.18392724 0.00177199
v -0.01776784 3.16114991 0.02085028
v -0.01742644 3.16649439 0.02044965
v -0.02085035 3.1611499 -0.01776787
v -0.02044972 3.15580567 -0.01742646
v -0.01041195 3.13584134 -0.00122064
v 0.01923871 3.18052058 0.00225533
v 0.01842904 3.18052058 0.00596528
v -0.0100865 3.18645847 0.00285674
v 0.0074651 3.16114991 0.02635716
v 0.00732167 3.15580568 0.02585072
v 0.00213775 3.15580568 0.0267824
v 0.00217962 3.16114991 0.02730708
v 0.00797904 3.18645847 0.0067994
v -0.00997376 3.13584134 -0.00322846
v 0.00649922 3.18645847 0.00822539
v 0.02635718 3.16114991 -0.00746517
v 0.02730711 3.16114991 -0.00217969
v -0.0079791 3.18645847 -0.0067995
v -0.01036325 3.17636914 -0.02028325
v -0.01200908 3.18052057 -0.01519868
v -0.01412118 3.17636914 -0.01787175
v 0.01519861 3.14177924 -0.01200909
v 0.02028317 3.17636915 -0.01036326
v 0.01044997 3.13584134 -0.00083416
v 0.01008645 3.13584134 -0.00285683
v 0.02044966 3.15580568 0.01742637
v 0.02085028 3.16114991 0.01776777
v 0.02391598 3.16114991 0.01335867
v 0.02085028 3.16114991 0.01776777
v 0.02044966 3.16649439 0.01742637
v -0.01641535 3.17163327 0.01926315
v -0.02391604 3.1611499 -0.01335877
v 0.00987124 3.18392724 -0.01158386
v 0.01517101 3.13837257 -0.00121099
v 0.01511575 3.13837257 0.001772
v 0.01923872 3.14177924 0.00225533
v 0.01930905 3.14177924 -0.0015413
v 0.02262233 3.14593067 0.002652
v 0.0251366 3.1506668 0.00294674
v 0.02262233 3.17636915 0.00265199
v 0.00476964 3.18645847 0.00933528
v -0.00746516 3.1611499 -0.02635726
v -0.02439443 3.16114991 0.01246369
v 0.01698332 3.16114991 0.02149406
v 0.01246369 3.16114991 0.02439434
v -0.01151502 3.17163326 -0.02253753
v -0.01569061 3.17163326 -0.01985802
v -0.01335874 3.16114991 0.02391598
v 0.02720764 3.16114991 0.00318954
v 0.02668487 3.15580568 0.00312825
v 0.02439436 3.16114991 -0.01246377
v -0.0031896 3.16114991 0.02720765
v 0.00881317 3.18052058 0.01724939
v 0.00692445 3.18392725 0.01355275
v 0.00243153 3.13428238 0.00475907
v 0.00476964 3.13584134 0.00933529
v 0.00649923 3.13584134 0.0082254
v 0.00331326 3.13428238 0.00419325
v -0.15977061 -0.07321785 -1.7136827
v -0.24120705 -0.04872972 -1.71451995
v -0.14365467 2.40066477 -0.0609005
v -1.20894961 0.73424673 -1.16213696
v -1.1617025 0.73389053 -1.23100176
v -0.16195538 0.73397373 1.71102579
v -0.24196967 0.73621148 1.71057766
v 1.1615775 0.72712767 -1.23087926
v 1.20885236 0.72981698 -1.16194721
v -1E-08 3.12952091 0.0065945
v -0.00192005 3.12952091 0.00715705
v 0.18728177 -0.82418866 -2.01578406
v 0.28288489 -0.82419936 -2.01498694
v 1.2545156 0.73445217 1.08983075
v 1.20885236 0.72981736 1.16194791
v 2E-08 2.62009945 0.01638399
v -2E-08 3.14211478 0.01638391
vn -0.01382 -0.14037 0.99
vn -0.04094 -0.13497 0.99
vn -0.06649 -0.12439 0.99
vn -0.08948 -0.10903 0.99
vn -0.10903 -0.08948 0.99
vn -0.12439 -0.06649 0.99
vn -0.13497 -0.04094 0.99
vn -0.14037 -0.01382 0.99
vn -0.14037 0.01382 0.99
vn -0.13497 0.04094 0.99
vn -0.12439 0.06649 0.99
vn -0.10903 0.08948 0.99
vn -0.08948 0.10903 0.99
vn -0.06649 0.12439 0.99
vn -0.04094 0.13497 0.99
vn -0.01382 0.14037 0.99
vn 0.01382 0.14037 0.99
vn 0.04094 0.13497 0.99
vn 0.06649 0.12439 0.99
vn 0.08948 0.10903 0.99
vn 0.10903 0.08948 0.99
vn 0.12439 0.06649 0.99
vn 0.13497 0.04094 0.99
vn 0.14037 0.01382 0.99
vn 0.14037 -0.01382 0.99
vn 0.13497 -0.04094 0.99
vn 0.12439 -0.06649 0.99
vn 0.10903 -0.08948 0.99
vn 0.08948 -0.10903 0.99
vn 0.06649 -0.12439 0.99
vn 0.04094 -0.13497 0.99
vn 0.01382 -0.14037 0.99
vn -0.11942 -0.05322 0.99142
vn -0.09925 0.0849 0.99143
vn 0.03993 0.12189 0.99174
vn 0.12716 0.00638 0.99186
vn -0.1038 -0.07621 0.99167
vn -0.11583 0.06009 0.99145
vn 0.1218 0.03621 0.99189
vn 0.07885 -0.0981 0.99205
vn -0.0832 -0.09651 0.99185
vn 0.1126 0.05943 0.99186
vn 0.09882 0.08059 0.99184
vn 0.01146 -0.12553 0.99202
vn -0.01294 -0.12574 0.99198
vn -0.12768 -0.03374 0.99124
vn -0.02808 -0.03221 0.99909
vn -0.01817 -0.03795 0.99911
vn 0.12687 -0.01271 0.99184
vn 0.12687 -0.01271 0.99184
vn 0.06141 0.11261 0.99174
vn 0.06141 0.11261 0.99174
vn -0.0849 0.09919 0.99144
vn -0.0849 0.09919 0.99144
vn -0.12768 -0.03374 0.99124
vn -0.01294 -0.12574 0.99198
vn 0.03636 -0.12048 0.99205
vn 0.03636 -0.12047 0.99205
vn 0.12222 -0.03482 0.99189
vn 0.12222 -0.03482 0.99189
vn 0.0801 0.09975 0.99178
vn 0.0801 0.09975 0.99178
vn -0.06631 0.11149 0.99155
vn -0.06631 0.11149 0.99155
vn -0.13168 -0.01473 0.99118
vn -0.13168 -0.01473 0.99118
vn -0.03652 -0.12133 0.99194
vn -0.03652 -0.12133 0.99194
vn 0.01146 -0.12553 0.99202
vn 0.11273 -0.05723 0.99198
vn 0.11273 -0.05723 0.99198
vn 0.09882 0.08059 0.99184
vn -0.03957 0.12234 0.9917
vn -0.03957 0.12234 0.9917
vn -0.13195 0.00742 0.99123
vn -0.13195 0.00742 0.99123
vn -0.05904 -0.11231 0.99192
vn -0.05904 -0.11231 0.99192
vn 0.09765 -0.0795 0.99204
vn 0.09765 -0.0795 0.99204
vn 0.1126 0.05943 0.99186
vn -0.01115 0.12769 0.99175
vn -0.01115 0.12769 0.99175
vn -0.12724 0.03221 0.99135
vn -0.12724 0.03221 0.99135
vn -0.0832 -0.09651 0.99185
vn 0.07885 -0.0981 0.99205
vn 0.1218 0.03621 0.99189
vn 0.01436 0.12736 0.99175
vn 0.01436 0.12736 0.99175
vn -0.11583 0.06009 0.99145
vn -0.1038 -0.07621 0.99167
vn 0.05964 -0.11084 0.99205
vn 0.05964 -0.11084 0.99205
vn 0.12716 0.00638 0.99186
vn 0.03993 0.12189 0.99174
vn -0.09925 0.0849 0.99143
vn -0.11942 -0.05322 0.99142
vn 0.6344 0.77301 -3E-05
vn 0.77301 -0.63439 0
vn -0.29029 -0.95694 0
vn -0.63439 -0.77301 3E-05
vn -0.95694 -0.29028 5E-05
vn -0.95694 0.29028 4E-05
vn 0.26479 -0.04742 -0.96314
vn 0.99947 -0.01623 0.02823
vn 0.05994 -0.04232 -0.9973
vn -0.99765 0.0132 0.06723
vn -0.24309 -0.07668 -0.96697
vn -0.08474 -0.07545 -0.99354
vn 0.0622 -0.02801 -0.99767
vn 0.02708 0.06352 0.99761
vn -0.14227 0.0667 0.98758
vn -0.15424 0.06234 0.98606
vn -0.98355 0.01707 0.17984
vn -0.99946 0.00167 -0.03276
vn 0.86652 0.02701 0.49841
vn 0.29882 0.05786 0.95255
vn 0.01886 0.05806 0.99814
vn 0.08189 -0.08748 -0.99279
vn 0.05177 -0.09531 -0.9941
vn 0.08397 -0.09514 -0.99192
vn 0.06086 -0.02237 -0.9979
vn 0.99745 -0.01323 0.07009
vn -0.99876 0.00655 0.04939
vn 0.12844 -0.09535 -0.98712
vn 0.95504 0.01511 0.29609
vn 0.02884 0.05413 0.99812
vn 0.20172 -0.09611 -0.97472
vn -0.15945 0.05911 0.98543
vn -0.9935 0.01309 0.11312
vn 0.3615 -0.0972 -0.92729
vn 0.06283 -0.07316 -0.99534
vn -0.09891 -0.06598 -0.99291
vn 0.56956 -0.08221 -0.81783
vn -0.16607 0.05587 0.98453
vn -0.99977 0.00506 0.02096
vn 0.07728 -0.07887 -0.99389
vn 0.99916 -0.00542 -0.04072
vn -0.99684 0.00979 0.07883
vn 0.99994 -0.01103 -0.00081
vn 0.50929 0.08102 0.85677
vn 0.23228 0.09065 0.96841
vn -0.06739 -0.06385 -0.99568
vn 0.1442 0.09137 0.98532
vn 0.02673 0.05044 0.99837
vn -0.14231 0.04714 0.9887
vn -0.99901 0.00429 -0.04419
vn 0.02391 -0.06711 -0.99746
vn 0.11565 -0.07038 -0.99079
vn 0.9767 -0.02344 -0.21333
vn 0.09897 0.09096 0.99092
vn 0.19053 0.08751 0.97777
vn 0.05394 0.0466 0.99746
vn -0.1313 0.04037 0.99052
vn -0.99969 0.00121 -0.02484
vn 0.06998 0.09387 0.99312
vn 0.04282 0.0948 0.99458
vn 0.09864 0.07874 0.992
vn 0.01978 0.09394 0.99538
vn 0.00625 0.02323 0.99971
vn -0.09512 0.02971 0.99502
vn -0.13225 0.01975 0.99102
vn -0.99583 0.00264 0.09121
vn 0.12483 -0.06626 -0.98996
vn 0.99781 -0.00245 0.06616
vn 0.02251 0.09466 0.99526
vn -0.01092 0.09075 0.99581
vn -0.99595 -0.00118 0.08991
vn 0.02609 -0.06228 -0.99772
vn -0.07227 -0.05706 -0.99575
vn 0.47951 0.07206 0.87457
vn -0.99617 -0.01969 0.08515
vn -0.20724 -0.04863 -0.97708
vn 0.02168 0.07268 0.99712
vn -0.20484 -0.04279 -0.97786
vn -0.18968 0.08709 0.97798
vn -0.1623 0.07881 0.98359
vn 0.29064 0.06367 0.95471
vn 0.04311 0.06882 0.9967
vn -0.9856 -0.02486 -0.16726
vn -0.19257 -0.03049 -0.98081
vn 0.02717 -0.05542 -0.99809
vn 0.29377 -0.05789 -0.95412
vn 0.9998 -0.0098 -0.01767
vn 0.60832 0.04848 0.79221
vn -0.15526 0.0742 0.98508
vn -0.1516 0.07159 0.98585
vn -0.9981 0.00639 0.06125
vn -0.99603 0.01146 0.08827
vn -0.14117 0.09871 0.98505
vn -0.24106 -0.09194 -0.96615
vn 0.02197 0.06589 0.99759
vn 0.53687 -0.04571 -0.84242
vn -0.97606 0.02367 0.21621
vn -0.194 -0.08713 -0.97712
vn -0.33243 0.94073 0.06721
vn -0.15598 0.20161 -0.96697
vn -0.10009 0.05344 -0.99354
vn -0.00584 -0.06854 -0.99763
vn -0.019 -0.07087 -0.9973
vn 0.33021 -0.94349 0.02822
vn 0.06896 -0.00346 0.99761
vn 0.01342 0.15656 0.98758
vn 0.00518 0.1663 0.98606
vn -0.32392 0.92884 0.17983
vn -0.34387 0.93845 -0.03276
vn 0.32486 -0.8038 0.49837
vn 0.15756 -0.26037 0.95257
vn 0.061 0.00237 0.99814
vn -0.05379 -0.10707 -0.99279
vn -0.07154 -0.08153 -0.9941
vn -0.06025 -0.11168 -0.99192
vn -0.01384 -0.02844 -0.9995
vn 0.32787 -0.94193 0.07259
vn -0.33906 0.93947 0.0494
vn -0.04509 -0.15348 -0.98712
vn 0.34425 -0.89094 0.29617
vn 0.06076 -0.00835 0.99812
vn -0.02047 -0.2225 -0.97472
vn 0.00035 0.17005 0.98544
vn -0.33109 0.93679 0.11313
vn 0.03374 -0.37282 -0.92729
vn -0.04694 -0.08425 -0.99534
vn -0.09611 0.07002 -0.99291
vn 0.11971 -0.56287 -0.81783
vn -0.00497 0.17515 0.98453
vn -0.34079 0.93991 0.02095
vn -0.04729 -0.09978 -0.99389
vn 0.34025 -0.93945 -0.04073
vn -0.33534 0.93879 0.07882
vn 0.33526 -0.94213 -0.00082
vn 0.25205 -0.4499 0.85677
vn 0.16534 -0.18664 0.96841
vn -0.08321 0.04117 -0.99568
vn 0.13558 -0.10374 0.98532
vn 0.05657 -0.00765 0.99837
vn -0.00495 0.14984 0.9887
vn -0.34125 0.93893 -0.04418
vn -0.05471 -0.04563 -0.99746
vn -0.02607 -0.13285 -0.99079
vn 0.31557 -0.92461 -0.21333
vn 0.11957 -0.06143 0.99092
vn 0.14796 -0.14854 0.97777
vn 0.06238 -0.03452 0.99746
vn -0.0075 0.13717 0.99052
vn -0.34438 0.9385 -0.02483
vn 0.11227 -0.03323 0.99312
vn 0.10375 -0.00741 0.99458
vn 0.10798 -0.06536 0.992
vn 0.09499 0.0139 0.99538
vn -0.3417 0.93537 0.09125
vn -0.01903 -0.14003 -0.98996
vn 0.34257 -0.93716 0.06614
vn 0.0966 0.01159 0.99526
vn 0.08138 0.04161 0.99581
vn -0.34533 0.93417 0.0899
vn -0.04943 -0.04601 -0.99772
vn -0.07853 0.0481 -0.99575
vn 0.23337 -0.42511 0.87454
vn -0.00507 0.09869 0.99511
vn -0.36245 0.92748 0.09174
vn -0.11728 0.1777 -0.97707
vn 0.07569 0.00478 0.99712
vn -0.11096 0.17744 -0.97786
vn 0.01616 0.20809 0.97798
vn 0.01786 0.17954 0.98359
vn 0.1602 -0.25071 0.95471
vn 0.07948 -0.01667 0.9967
vn -0.36247 0.91954 -0.15185
vn -0.09674 0.17387 -0.98001
vn -0.04261 -0.04465 -0.99809
vn 0.04722 -0.29575 -0.9541
vn 0.33636 -0.94157 -0.01767
vn 0.25575 -0.55409 0.7922
vn 0.01597 0.17134 0.98508
vn 0.01478 0.167 0.98585
vn -0.33898 0.9388 0.06125
vn -0.3335 0.93861 0.08827
vn 0.04383 0.16659 0.98505
vn -0.16959 0.19443 -0.96615
vn 0.06942 0.00216 0.99759
vn 0.04703 -0.26488 -0.96314
vn 0.14264 -0.51951 -0.84247
vn -0.31514 0.92409 0.21622
vn -0.14882 0.15194 -0.97712
vn 0.76786 0.63708 0.06724
vn 0.13528 0.21605 -0.96697
vn 0.01556 0.1124 -0.99354
vn -0.06587 -0.01776 -0.99767
vn -0.07306 -0.00667 -0.9973
vn -0.77121 -0.63595 0.02824
vn 0.02059 -0.06591 0.99761
vn 0.15155 0.04152 0.98758
vn 0.15782 0.0526 0.98607
vn 0.75964 0.62498 0.17982
vn 0.76433 0.64359 -0.03996
vn -0.64207 -0.58268 0.49823
vn -0.1899 -0.23786 0.95255
vn 0.02331 -0.05642 0.99814
vn -0.11907 0.01347 -0.99279
vn -0.10123 0.03896 -0.9941
vn -0.12562 0.01794 -0.99192
vn -0.02354 0.00969 -0.99968
vn -0.76796 -0.637 0.06689
vn 0.76439 0.64245 0.05447
vn -0.1596 -0.01074 -0.98712
vn -0.71705 -0.63098 0.29613
vn 0.01317 -0.0599 0.99812
vn -0.21587 -0.0577 -0.97472
vn 0.15971 0.05845 0.98543
vn 0.76429 0.63375 0.11922
vn -0.33818 -0.16051 -0.92729
vn -0.01166 0.08032 -0.9967
vn 0.06642 0.14429 -0.9873
vn -0.09528 0.01493 -0.99534
vn -0.48682 -0.30688 -0.81782
vn 0.16263 0.06519 0.98453
vn 0.76419 0.64465 0.02096
vn -0.10997 0.00989 -0.99389
vn -0.76396 -0.64398 -0.04074
vn 0.76504 0.63915 0.07881
vn -0.76819 -0.64022 -0.00082
vn -0.33505 -0.39201 0.85678
vn -0.11799 -0.21966 0.96841
vn 0.01668 0.09765 -0.99508
vn -0.05048 -0.16308 0.98532
vn 0.01237 -0.05572 0.99837
vn 0.13891 0.05645 0.9887
vn 0.76311 0.64475 -0.04418
vn -0.04513 0.04897 -0.99778
vn -0.13082 -0.01935 -0.99122
vn -0.75856 -0.6157 -0.21332
vn -0.01632 -0.13343 0.99092
vn -0.08825 -0.19019 0.97777
vn -0.01083 -0.07047 0.99746
vn 0.12612 0.05444 0.99052
vn 0.76165 0.64751 -0.02484
vn 0.00762 -0.11684 0.99312
vn 0.0289 -0.09992 0.99458
vn -0.024 -0.12392 0.992
vn 0.04588 -0.08433 0.99538
vn 0.75964 0.64394 0.09107
vn -0.13797 -0.03053 -0.98997
vn -0.76101 -0.64536 0.06615
vn 0.04427 -0.08664 0.99526
vn 0.06717 -0.06199 0.99581
vn 0.75724 0.64693 0.08981
vn -0.06026 0.03048 -0.99772
vn 0.01799 0.09031 -0.99575
vn -0.31814 -0.36582 0.87462
vn 0.05996 0.01126 0.99814
vn 0.74088 0.65916 0.12888
vn 0.1261 0.17137 -0.9771
vn 0.03064 -0.06937 0.99712
vn 0.12807 0.16538 -0.97788
vn 0.20085 0.05676 0.97798
vn 0.17464 0.04529 0.98359
vn -0.1799 -0.23698 0.95471
vn 0.01183 -0.08034 0.9967
vn 0.73357 0.67559 -0.07382
vn 0.13046 0.15182 -0.97976
vn -0.05662 0.02456 -0.99809
vn -0.26117 -0.14652 -0.95411
vn -0.76728 -0.64106 -0.01768
vn -0.43146 -0.43142 0.79229
vn 0.1663 0.04423 0.98508
vn 0.16182 0.04385 0.98585
vn 0.76378 0.64256 0.06124
vn 0.7655 0.63735 0.08828
vn 0.17148 0.01645 0.98505
vn 0.12383 0.22633 -0.96615
vn 0.02602 -0.06439 0.99759
vn -0.2323 -0.13568 -0.96313
vn -0.43813 -0.31333 -0.84254
vn 0.75823 0.6151 0.21621
vn 0.09115 0.19216 -0.97712
vn 0.86321 -0.50035 0.06725
vn 0.24947 -0.05226 -0.96697
vn 0.11085 0.02425 -0.99354
vn -0.03942 0.05567 -0.99767
vn -0.03151 0.06626 -0.99731
vn -0.86331 0.50389 0.02822
vn -0.05473 -0.0421 0.99761
vn 0.09134 -0.12786 0.98758
vn 0.10392 -0.12993 0.98606
vn 0.84902 -0.49682 0.17983
vn 0.86809 -0.49479 -0.03996
vn -0.76859 0.40103 0.49843
vn -0.28888 0.09601 0.95254
vn -0.04489 -0.04137 0.99814
vn -0.02852 0.11638 -0.99279
vn 0.00157 0.10845 -0.9941
vn -0.02658 0.12408 -0.99192
vn 0.00095 0.02545 -0.99968
vn -0.86317 0.50047 0.06689
vn 0.86705 -0.49524 0.05443
vn -0.06524 0.14605 -0.98712
vn -0.83994 0.45481 0.29606
vn -0.05166 -0.03306 0.99812
vn -0.12875 0.18262 -0.97472
vn 0.11002 -0.12965 0.98544
vn 0.85885 -0.49815 0.11925
vn -0.2675 0.26186 -0.92729
vn 0.07133 0.03871 -0.9967
vn 0.15836 -0.01246 -0.9873
vn -0.01892 0.09457 -0.99534
vn -0.45621 0.35075 -0.81783
vn 0.11739 -0.13008 0.98453
vn 0.86903 -0.49431 0.02096
vn -0.02873 0.10662 -0.99389
vn -0.86833 0.4943 -0.04076
vn 0.86417 -0.49699 0.07884
vn -0.86627 0.49958 -0.00081
vn -0.48366 0.17892 0.85677
vn -0.24691 0.0348 0.96841
vn 0.09741 0.01809 -0.99508
vn -0.17048 -0.00899 0.98532
vn -0.04802 -0.03087 0.99837
vn 0.10096 -0.11083 0.9887
vn 0.86875 -0.49327 -0.04419
vn 0.03035 0.05927 -0.99778
vn -0.06337 0.11608 -0.99122
vn -0.83992 0.49901 -0.21334
vn -0.13085 -0.0308 0.99092
vn -0.20897 0.01708 0.97777
vn -0.06986 -0.01419 0.99746
vn 0.09469 -0.09954 0.99052
vn 0.87086 -0.49091 -0.02484
vn -0.107 -0.04754 0.99312
vn -0.08377 -0.06166 0.99458
vn -0.12458 -0.0203 0.992
vn -0.06328 -0.0722 0.99538
vn 0.8668 -0.49025 0.09119
vn -0.07633 0.11892 -0.98997
vn -0.86862 0.49105 0.06615
vn -0.066 -0.07149 0.99526
vn -0.03495 -0.08446 0.99581
vn 0.86878 -0.48698 0.08981
vn 0.00778 0.06708 -0.99772
vn 0.09096 0.01433 -0.99575
vn -0.45332 0.17215 0.87456
vn 0.03124 -0.05235 0.99814
vn 0.87459 -0.46741 0.12891
vn 0.20451 -0.05916 -0.97707
vn -0.05451 -0.05273 0.99712
vn 0.19948 -0.06304 -0.97787
vn 0.12267 -0.16886 0.97798
vn 0.10287 -0.14823 0.98359
vn -0.28454 0.0869 0.95472
vn -0.0713 -0.03887 0.9967
vn 0.88752 -0.45483 -0.07372
vn 0.18756 -0.06995 -0.97976
vn 0.00347 0.06162 -0.99809
vn -0.22772 0.19441 -0.95412
vn -0.86675 0.49843 -0.0177
vn -0.55399 0.25577 0.79226
vn 0.09898 -0.14076 0.98508
vn 0.09707 -0.13669 0.98585
vn 0.86694 -0.49463 0.06126
vn 0.86265 -0.49804 0.08826
vn 0.0747 -0.15522 0.98505
vn 0.25519 -0.03797 -0.96615
vn -0.05143 -0.04667 0.99759
vn -0.20755 0.17106 -0.96315
vn -0.44569 0.30292 -0.84238
vn 0.83925 -0.4989 0.21622
vn 0.21181 -0.0191 -0.97713
vn -0.17117 -0.98295 0.06722
vn 0.03718 -0.25217 -0.96697
vn 0.06107 -0.09563 -0.99354
vn 0.0373 0.06042 -0.99748
vn 0.05129 0.05247 -0.9973
vn 0.17445 0.98426 0.02824
vn -0.05842 0.03681 0.99761
vn -0.08841 -0.1299 0.98758
vn -0.086 -0.14241 0.98606
vn -0.17275 -0.96841 0.17984
vn -0.16427 -0.98561 -0.03996
vn 0.11068 0.85982 0.49846
vn -0.00976 0.30422 0.95255
vn -0.05433 0.02782 0.99814
vn 0.09936 0.06698 -0.99279
vn 0.10231 0.03601 -0.9941
vn 0.10725 0.06783 -0.99192
vn 0.06099 0.26728 -0.96169
vn 0.16979 0.98305 0.06918
vn -0.16503 -0.98478 0.05446
vn 0.1145 0.1117 -0.98712
vn 0.13646 0.94537 0.29607
vn -0.04888 0.03705 0.99812
vn 0.12687 0.18393 -0.97472
vn -0.08363 -0.14807 0.98543
vn -0.17061 -0.9781 0.11925
vn 0.15327 0.34153 -0.92729
vn 0.06097 -0.05356 -0.9967
vn 0.04304 -0.1529 -0.9873
vn 0.0822 0.05044 -0.99534
vn 0.17145 0.54933 -0.81783
vn -0.08149 -0.15511 0.98453
vn -0.16347 -0.98632 0.02096
vn 0.09012 0.0638 -0.99389
vn 0.16373 0.98566 -0.04075
vn -0.16768 -0.98269 0.07882
vn 0.16939 0.98555 -0.00081
vn 0.00073 0.51569 0.85677
vn -0.05268 0.24372 0.96842
vn 0.05064 -0.08515 -0.99508
vn -0.06736 0.15686 0.98532
vn -0.04556 0.03439 0.99837
vn -0.0691 -0.13304 0.9887
vn -0.16259 -0.9857 -0.04418
vn 0.06611 -0.00799 -0.99778
vn 0.08702 0.09958 -0.99122
vn 0.17796 0.96064 -0.21332
vn -0.07413 0.11214 0.99092
vn -0.0562 0.20199 0.97777
vn -0.03746 0.06065 0.99746
vn -0.06068 -0.12325 0.99052
vn -0.15966 -0.98686 -0.02485
vn -0.08159 0.08398 0.99312
vn -0.08681 0.0573 0.99458
vn -0.06211 0.10988 0.992
vn -0.08962 0.03442 0.99538
vn -0.16045 -0.98282 0.09119
vn 0.08521 0.11274 -0.98996
vn 0.16058 0.9848 0.06616
vn -0.08989 0.03723 0.99526
vn -0.09133 0.00361 0.99581
vn -0.15671 -0.98355 0.08989
vn 0.06563 0.01589 -0.99772
vn 0.04489 -0.0804 -0.99575
vn 0.00486 0.48487 0.87457
vn -0.0393 -0.05447 0.99774
vn -0.13666 -0.98262 0.12566
vn 0.01517 -0.21231 -0.97708
vn -0.06832 0.03292 0.99712
vn 0.00978 -0.20902 -0.97786
vn -0.11605 -0.17348 0.97798
vn -0.10354 -0.14776 0.98359
vn -0.0168 0.29705 0.95471
vn -0.06112 0.05348 0.9967
vn -0.12941 -0.99151 -0.01279
vn 0.00071 -0.19115 -0.98156
vn 0.05902 0.01804 -0.99809
vn 0.10373 0.28089 -0.95412
vn 0.16815 0.9856 -0.01767
vn 0.04856 0.60832 0.7922
vn -0.09788 -0.14153 0.98508
vn 0.01202 -0.08376 -0.99641
vn -0.09472 -0.13834 0.98585
vn -0.16451 -0.98447 0.06126
vn -0.16919 -0.98162 0.08826
vn -0.11984 -0.12374 0.98505
vn 0.05257 -0.25258 -0.96615
vn -0.06157 0.03213 0.99759
vn 0.08878 0.25389 -0.96315
vn 0.13024 0.52289 -0.84239
vn -0.17809 -0.95997 0.21621
vn 0.05528 -0.20536 -0.97712
vn -0.00133 -0.00607 0.99998
vn -0.00132 -0.00607 -0.99998
vn -0.00248 -0.0057 0.99998
vn -0.00248 -0.0057 -0.99998
vn -0.00355 -0.0051 0.99998
vn -0.00355 -0.0051 -0.99998
vn -0.00448 -0.00431 0.99998
vn -0.00447 -0.00431 -0.99998
vn -0.00523 -0.00336 0.99998
vn -0.00523 -0.00336 -0.99998
vn -0.00578 -0.00227 0.99998
vn -0.00578 -0.00227 -0.99998
vn -0.00612 -0.0011 0.99998
vn -0.00612 -0.0011 -0.99998
vn -0.00621 0.00012 0.99998
vn -0.00621 0.00012 -0.99998
vn -0.00607 0.00132 0.99998
vn -0.00607 0.00132 -0.99998
vn -0.0057 0.00248 0.99998
vn -0.0057 0.00248 -0.99998
vn -0.0051 0.00355 0.99998
vn -0.0051 0.00355 -0.99998
vn -0.00431 0.00447 0.99998
vn -0.00431 0.00447 -0.99998
vn -0.00335 0.00523 0.99998
vn -0.00336 0.00523 -0.99998
vn -0.00227 0.00578 0.99998
vn -0.00227 0.00578 -0.99998
vn -0.0011 0.00612 0.99998
vn -0.0011 0.00612 -0.99998
vn 0.00011 0.00621 0.99998
vn 0.00012 0.00621 -0.99998
vn 0.00132 0.00607 0.99998
vn 0.00132 0.00607 -0.99998
vn 0.00248 0.0057 0.99998
vn 0.00248 0.0057 -0.99998
vn 0.00355 0.0051 0.99998
vn 0.00355 0.0051 -0.99998
vn 0.00448 0.00431 0.99998
vn 0.00447 0.00431 -0.99998
vn 0.00523 0.00336 0.99998
vn 0.00523 0.00336 -0.99998
vn 0.00578 0.00227 0.99998
vn 0.00578 0.00227 -0.99998
vn 0.00612 0.0011 0.99998
vn 0.00612 0.0011 -0.99998
vn 0.00621 -0.00012 0.99998
vn 0.00621 -0.00012 -0.99998
vn 0.00607 -0.00132 0.99998
vn 0.00607 -0.00132 -0.99998
vn 0.00569 -0.00248 -0.99998
vn 0.0057 -0.00248 0.99998
vn 0.0051 -0.00355 0.99998
vn 0.0051 -0.00355 -0.99998
vn 0.00431 -0.00447 0.99998
vn 0.00431 -0.00447 -0.99998
vn 0.00335 -0.00523 0.99998
vn 0.00336 -0.00523 -0.99998
vn 0.00227 -0.00578 0.99998
vn 0.00227 -0.00578 -0.99998
vn 0.0011 -0.00612 0.99998
vn 0.0011 -0.00612 -0.99998
vn -0.00011 -0.00621 0.99998
vn -0.00012 -0.00621 -0.99998
vn -0.99562 0.09347 0
vn -0.99562 0.09347 -0
vn 0.99561 -0.09347 -0.00495
vn 0.99563 -0.09336 0.0003
vn -0.50543 -0.68191 0.52872
vn -0.94813 -0.1808 0.26145
vn -0.82533 -0.11966 -0.55182
vn -0.98274 -0.05082 -0.17785
vn 0.00026 -0 1
vn -0.00036 -0.00068 -1
vn -0.39786 -0.08226 0.91375
vn -0.59455 -0.02931 0.80352
vn -0.28441 -0.21616 0.93402
vn -0.64528 0.73514 0.20783
vn -0.52316 0.08755 0.84773
vn -0.9303 0.03867 -0.36475
vn 0.04322 -0.10284 -0.99376
vn 0.06586 -0.16496 -0.9841
vn 0.08779 -0.37434 -0.92313
vn -0.27514 0.25014 0.92829
vn -0.28441 0.21616 0.93402
vn -0.94813 0.1808 0.26145
vn -0.84375 0.08047 -0.53067
vn -0.82533 0.11966 -0.55182
vn 0.059 -0.14343 -0.9879
vn -0.41871 0.01462 0.908
vn -0.59455 0.02931 0.80352
vn 0.0389 -0.09177 -0.99502
vn -0.97435 0.07301 -0.21286
vn -0.98274 0.05082 -0.17785
vn -0.39786 0.08226 0.91375
vn -0.24423 -0.1779 0.95326
vn -0.50543 0.68191 0.52872
vn 0.0389 0.09177 -0.99502
vn 0.04322 0.10284 -0.99376
vn -0.27514 -0.25014 0.92829
vn -0.41871 -0.01462 0.908
vn -0.52316 -0.08755 0.84773
vn -0.24423 0.1779 0.95326
vn 0.059 0.14343 -0.9879
vn 0.06586 0.16496 -0.9841
vn -0.97435 -0.07301 -0.21286
vn -0.9303 -0.03867 -0.36475
vn -0.84375 -0.08047 -0.53067
vn 0.08779 0.37434 -0.92313
vn -0.64528 -0.73514 0.20783
vn 0.00105 0.00275 -1
vn -0.00076 -0.00094 -1
vn -0.99395 0.10983 0
vn 0.62489 -0.78071 0
vn -0.62503 -0.7806 0
vn 0.99392 0.11011 0
vn -0.27892 0.96031 0
vn -0.96031 0.27892 0
vn 0.48215 -0.87609 0
vn -0.11011 -0.99392 0
vn -0.10983 0.99395 0
vn -0.96034 -0.27884 0
vn 0.87609 -0.48215 0
vn -0.62521 0.78046 0
vn -0.27866 -0.96039 0
vn -0.99395 -0.10986 0
vn 0.78071 -0.62489 0
vn -0.4818 0.87628 0
vn -0.78057 -0.62506 0
vn 0.99392 -0.11015 0
vn -0.87628 0.4818 0
vn 0.27858 -0.96041 0
vn -0.87621 -0.48192 0
vn 0.96041 -0.27858 0
vn -0.78046 0.6252 0
vn 0.11014 -0.99392 0
vn -0.48202 -0.87616 0
vn -0.03135 -0.03844 0.99877
vn -0.01874 -0.03636 0.99916
vn 0.96039 0.27865 0
vn 0.09802 0.99518 -9E-05
vn 0.29028 0.95694 0
vn 0.4714 0.88192 0
vn 0.77301 0.63439 0
vn 0.88192 0.4714 0
vn 0.95694 0.29029 3E-05
vn 0.99518 0.09802 0
vn 0.99518 -0.09802 1E-05
vn 0.95693 -0.2903 0
vn 0.88192 -0.4714 0
vn 0.63439 -0.77301 0
vn 0.4714 -0.88192 0
vn 0.29028 -0.95694 2E-05
vn 0.09802 -0.99518 0
vn -0.09802 -0.99518 0
vn -0.4714 -0.88192 0
vn -0.77301 -0.63439 0
vn -0.88192 -0.4714 0
vn -0.99518 -0.09802 0
vn -0.99518 0.09802 0
vn -0.88192 0.4714 0
vn -0.77301 0.63439 0
vn -0.63439 0.77301 -1E-05
vn -0.4714 0.88192 4E-05
vn -0.29028 0.95694 0
vn -0.09802 0.99518 0
vn 0.99978 0.02068 -0.00193
vn 0.00323 0.0958 0.9954
vn -0.04608 0.09546 0.99437
vn -0.07264 0.09449 0.99287
vn -0.1051 0.09391 0.99002
vn -0.46128 0.08564 0.88311
vn -0.20902 0.09386 0.9734
vn 0.99738 -0.01255 -0.07123
vn -0.3128 -0.0882 -0.94572
vn -0.21065 -0.09105 -0.97331
vn -0.04872 -0.09606 -0.99418
vn -0.02261 -0.09742 -0.99499
vn -0.01325 -0.09769 -0.99513
vn 0.35644 -0.93402 -0.02366
vn 0.09101 0.03008 0.9954
vn 0.07365 0.07623 0.99437
vn 0.06356 0.10082 0.99287
vn 0.0518 0.13108 0.99002
vn -0.07907 0.46245 0.88311
vn 0.01583 0.22858 0.9734
vn 0.33294 -0.94025 -0.0712
vn -0.19088 0.26304 -0.94572
vn -0.15824 0.1662 -0.97331
vn -0.10698 0.01252 -0.99418
vn -0.09923 -0.01245 -0.99499
vn -0.09625 -0.02133 -0.99513
vn -0.73622 -0.66972 -0.09728
vn 0.05968 -0.07501 0.9954
vn 0.09699 -0.04277 0.99437
vn 0.11657 -0.0248 0.99287
vn 0.1409 -0.0033 0.99002
vn 0.40662 0.23403 0.88312
vn 0.21997 0.06415 0.9734
vn -0.76723 -0.6374 -0.0713
vn 0.18086 0.27003 -0.94571
vn 0.10127 0.20593 -0.97331
vn -0.02523 0.10472 -0.99418
vn -0.04598 0.08882 -0.99499
vn -0.05328 0.08294 -0.99513
vn -0.88289 0.45937 -0.09741
vn -0.04976 -0.08193 0.9954
vn -0.00661 -0.10579 0.99437
vn 0.01702 -0.11796 0.99287
vn 0.0456 -0.13336 0.99002
vn 0.36014 -0.30068 0.88311
vn 0.13622 -0.18424 0.9734
vn -0.86327 0.49968 -0.07127
vn 0.31589 -0.07638 -0.94572
vn 0.22824 -0.02385 -0.97331
vn 0.08954 0.05987 -0.99418
vn 0.06745 0.07384 -0.99499
vn 0.05942 0.07867 -0.99513
vn 0.13222 0.96824 0.21222
vn -0.09408 0.01838 0.9954
vn -0.10156 -0.03036 0.99437
vn -0.10481 -0.05674 0.99287
vn -0.10938 -0.08889 0.99002
vn -0.15767 -0.44187 0.88311
vn -0.1258 -0.1915 0.9734
vn 0.17048 0.98278 -0.07122
vn 0.0375 -0.32282 -0.94572
vn 0.05651 -0.22242 -0.97331
vn 0.08712 -0.06333 -0.99418
vn 0.09261 -0.03777 -0.99499
vn 0.09435 -0.02857 -0.99513
vn 0.05914 -0.14294 -0.98796
vn 0.0667 0.16022 -0.98483
vn 0.15025 -0.06148 -0.98674
vn 0.11196 -0.11402 -0.98715
vn 0.63439 0.77301 0
vn 0.63439 0.77301 -2E-05
vn 0.63439 0.77301 0
vn 0.77301 -0.63439 0
vn 0.77301 -0.63439 0
vn 0.77301 -0.6344 0
vn -0.29028 -0.95694 0
vn -0.29028 -0.95694 2E-05
vn -0.29028 -0.95694 0
vn -0.63439 -0.77301 0
vn -0.63439 -0.77301 -1E-05
vn -0.6344 -0.77301 0
vn -0.9569 -0.29041 0
vn -0.95694 -0.29028 2E-05
vn -0.95694 -0.29028 8E-05
vn -0.95694 -0.29028 0
vn -0.95694 -0.29029 -1E-05
vn -0.95694 0.29028 -0
vn -0.9575 0.28845 0
vn -0.95692 0.29034 -0
vn -0.95694 0.29029 1E-05
vn -0.95694 0.29028 0
vn 0 0 1
vn 0 0 1
vn -0 0 1
vn 0 0 -1
vn 0 0 -1
vn 0 0 -1
vn -0 0 -1
vn 0 0 -1
vn 0 0 -1
vn -0 0 -1
vn -0 0 -1
vn 0 0 -1
vn -0 0 -1
vn -0 0 -1
vn 0 0 -1
vn -0.9944 -0.09077 0.05407
vn 0.00055 -0.0007 1
vn 0.00043 -0.00059 1
vn 0.00044 -0.0006 1
vn -0.00053 0.00013 1
vn -0.00063 0.00019 1
vn -0.00054 0.00014 1
vn 0.00146 -0.00099 1
vn 0.00178 -0.00112 1
vn 0.00142 -0.00098 1
vn -0.00418 0.00083 0.99999
vn -0.00504 0.001 0.99999
vn -0.00409 0.00082 0.99999
vn 0.00522 0 0.99999
vn 0.00626 0 0.99998
vn 0.00522 0 0.99999
vn -0.00398 -0.00082 0.99999
vn -0.00489 -0.00099 0.99999
vn -0.00403 -0.00082 0.99999
vn 0.00154 0.00103 1
vn 0.00187 0.00116 1
vn 0.0015 0.00102 1
vn -0.00053 -0.00013 1
vn -0.00062 -0.00019 1
vn -0.00052 -0.00013 1
vn 0.00044 0.0006 1
vn 0.00055 0.0007 1
vn 0.00043 0.0006 1
vn 0.0018 0.00172 1
vn 0.00209 0.00213 1
vn 0.0018 0.00172 1
vn -0.00061 -0.0025 1
vn -0.00083 -0.00301 1
vn -0.00062 -0.00252 1
vn -0.00178 -0.00398 0.99999
vn -0.00197 -0.00483 0.99999
vn -0.00178 -0.00393 0.99999
vn -0.00048 0.00662 0.99998
vn -0.00048 0.00801 0.99997
vn -0.00048 0.0066 0.99998
vn 0.00093 -0.00315 0.99999
vn 0.00107 -0.0038 0.99999
vn 0.00092 -0.00312 0.99999
vn -0.00018 -0.001 1
vn -0.00011 -0.00115 1
vn -0.00018 -0.00098 1
vn -0.00088 0.00022 1
vn -0.00134 0.0011 1
vn -0.00055 0.00027 1
vn -0.00044 0.0003 1
vn -0.00448 0.00552 0.99997
vn 0.00309 0.00208 0.99999
vn 0.00932 -0.00464 0.99995
vn 0.00063 0.00069 1
vn 0.00353 0.00237 0.99999
vn 0.00267 0.00164 1
vn 0.00286 0.00272 0.99999
vn 0.00496 0.00209 0.99999
vn 0.00648 0.00133 0.99998
vn 0.00233 0.00121 1
vn -0.00073 0.00023 1
vn 0.00277 0.00102 1
vn 0.00324 -0.00015 0.99999
vn 0.00257 -0.00299 0.99999
vn 0.00255 -0.00011 1
vn 0.00321 0.00255 0.99999
vn -0.00071 0.00022 1
vn 0.00209 -0.00212 1
vn 0.0018 -0.00171 1
vn 0.00179 -0.0017 1
vn -7E-05 -0.00016 1
vn -0.00012 -0.00037 1
vn -9E-05 -8E-05 1
vn -0.00012 0.00039 1
vn -7E-05 0.00016 1
vn -6E-05 0.00013 1
vn 0.00025 -0.00045 1
vn 0.00028 -0.00049 1
vn -0.00082 0.00056 1
vn -0.0005 0.00035 1
vn 0.00027 0 1
vn -6E-05 -0.00013 1
vn -0.00084 0.00302 1
vn -0.00062 0.00252 1
vn -0.00063 0.00253 1
vn 0.00026 0.00046 1
vn -0.00198 0.00486 0.99999
vn -0.0018 0.004 0.99999
vn 0.00257 0.00299 0.99999
vn -0.0018 0.00397 0.99999
vn 0.00027 0.00048 1
vn -0.00046 -0.00804 0.99997
vn -0.00046 -0.00665 0.99998
vn -0.00046 -0.00666 0.99998
vn 0.00105 0.00374 0.99999
vn 0.00091 0.00308 0.99999
vn 0.00091 0.00309 0.99999
vn -0.00011 0.00115 1
vn -0.00018 0.001 1
vn -0.00018 0.00098 1
vn -0.00134 -0.0011 1
vn -0.00088 -0.00022 1
vn -0.00073 -0.00023 1
vn -0.00055 -0.00027 1
vn -0.00448 -0.00552 0.99997
vn -0.00044 -0.0003 1
vn 0.00063 -0.00069 1
vn 0.00309 -0.00208 0.99999
vn 0.00932 0.00464 0.99995
vn 0.00267 -0.00164 1
vn 0.00353 -0.00237 0.99999
vn 0.00496 -0.00209 0.99999
vn 0.00286 -0.00272 0.99999
vn 0.00233 -0.00121 1
vn 0.00648 -0.00133 0.99998
vn 0.00321 -0.00255 0.99999
vn 0.00324 0.00015 0.99999
vn 0.00277 -0.00102 1
vn 0.00255 0.00011 1
vn -0.00084 -0.00058 1
vn -0.00071 -0.00022 1
vn -0.00045 -0.00032 1
vn 0.0008 -0.00228 -1
vn -0.00479 -0.00045 -0.99999
vn -0.00659 -0.00113 -0.99998
vn -0.00492 -0.00048 -0.99999
vn -0.00355 -0.00259 -0.99999
vn -0.00328 -0.00274 -0.99999
vn -0.00684 -0.00119 -0.99998
vn -0.00422 -0.00137 -0.99999
vn 0.00041 -0.00375 -0.99999
vn 0.00112 -0.00203 -1
vn 0.00175 -0.00099 -1
vn 0.00172 -0.0011 -1
vn 0.0002 -0.00014 -1
vn 0.00143 -0.0013 -1
vn 0.00145 -0.00135 -1
vn -0.00479 0.00045 -0.99999
vn 0.0008 0.00228 -1
vn -0.00659 0.00113 -0.99998
vn -0.00492 0.00048 -0.99999
vn 0.00112 -0.00143 -1
vn -0.00684 0.00119 -0.99998
vn 0.00149 -0.00133 -1
vn -0.00422 0.00137 -0.99999
vn 0.0012 -0.00137 -1
vn 0.00054 -0.00044 -1
vn -0.00355 0.00259 -0.99999
vn -0.00328 0.00274 -0.99999
vn 0.00093 -0.00137 -1
vn 0.00133 -0.00141 -1
vn -0.00012 0.00072 -1
vn 0.00032 -0.00118 -1
vn 0.00077 -0.00132 -1
vn 0.00112 0.00203 -1
vn 0.00041 0.00375 -0.99999
vn 0 0.00015 -1
vn 0 0.00014 -1
vn 1E-05 0.00012 -1
vn -9E-05 0.0005 -1
vn -9E-05 0.0006 -1
vn -9E-05 0.0005 -1
vn -0.00019 0.00014 -1
vn -0.00018 0.00016 -1
vn -0.00019 0.00013 -1
vn -0.00032 -0.00042 -1
vn -0.00036 -0.00052 -1
vn -0.00032 -0.00043 -1
vn -4E-05 -5E-05 -1
vn -5E-05 -5E-05 -1
vn -4E-05 -4E-05 -1
vn 1E-05 1E-05 -1
vn 2E-05 1E-05 -1
vn 1E-05 1E-05 -1
vn -1E-05 -0 -1
vn -1E-05 -0 -1
vn -1E-05 -0 -1
vn -0 0 -1
vn 0 0 -1
vn -0 0 -1
vn -0 0 -1
vn 0 0 -1
vn 0 0 -1
vn -0 0 -1
vn -0 0 -1
vn 0 0 -1
vn -1E-05 0 -1
vn -1E-05 0 -1
vn -1E-05 0 -1
vn 1E-05 -1E-05 -1
vn 2E-05 -1E-05 -1
vn 1E-05 -1E-05 -1
vn -4E-05 4E-05 -1
vn -5E-05 5E-05 -1
vn -4E-05 4E-05 -1
vn -0.00032 0.00043 -1
vn -0.00037 0.00053 -1
vn -0.00032 0.00043 -1
vn -0.00019 -0.00012 -1
vn -0.00019 -0.00014 -1
vn -0.00019 -0.00013 -1
vn -9E-05 -0.00049 -1
vn -9E-05 -0.0006 -1
vn -9E-05 -0.00049 -1
vn 1E-05 -0.00014 -1
vn 0 -0.00016 -1
vn 1E-05 -0.00013 -1
vn 0.00032 0.00118 -1
vn -0.00012 -0.00072 -1
vn 0.00133 0.00141 -1
vn 0.00093 0.00137 -1
vn 0.00054 0.00044 -1
vn 0.00149 0.00133 -1
vn 0.00112 0.00143 -1
vn 0.0002 0.00014 -1
vn 0.00143 0.0013 -1
vn 0.00172 0.0011 -1
vn 0.00175 0.00099 -1
vn 0.00145 0.00135 -1
vn 0.0012 0.00137 -1
vn 0.00077 0.00132 -1
vn 0.00028 -0.00117 -1
vn -9E-05 0.00093 -1
vn 0.00028 0.00117 -1
vn -0.00041 0.00062 -1
vn -0.00036 0.00068 -1
vn -0.00047 0.00045 -1
vn -0.00042 0.00058 -1
vn -0.0005 0.00032 -1
vn 0.00061 0 -1
vn 0.0006 -0.00012 -1
vn 0.0006 0.00011 -1
vn -0.00047 -0.00045 -1
vn -0.0005 -0.00031 -1
vn -0.00041 -0.00062 -1
vn -0.00042 -0.00058 -1
vn -0.0001 -0.00093 -1
vn -0.49185 -0.01796 0.87049
vn -0.05786 -0.0283 0.99792
vn -0.97648 0.07321 -0.20282
vn 0.04708 -0.11094 -0.99271
vn 0.09565 -0.2322 -0.96795
vn -0.05472 0.05723 0.99686
vn -0.05916 0.05162 0.99691
vn -0.81522 0.10461 0.56963
vn 0.07848 -0.23104 -0.96977
vn -0.99845 0.05549 -0.00479
vn -0.9944 0.09077 0.05407
vn 0.07936 -0.1885 -0.97886
vn -0.35764 0.00889 0.93382
vn -0.49185 0.01796 0.87049
vn 0.04716 -0.10914 -0.99291
vn -0.98224 0.15907 0.09949
vn -0.91585 0.18395 0.3569
vn -0.052 0.05483 0.99714
vn -0.05786 0.0283 0.99792
vn -0.09307 -0.07864 0.99255
vn -0.08137 0.10873 0.99073
vn -0.19105 0.28254 0.94004
vn -0.052 -0.05483 0.99714
vn 0.04716 0.10914 -0.99291
vn 0.04708 0.11094 -0.99271
vn -0.05916 -0.05162 0.99691
vn -0.05472 -0.05723 0.99686
vn -0.19105 -0.28254 0.94004
vn -0.35764 -0.00889 0.93382
vn -0.08137 -0.10873 0.99073
vn 0.07936 0.1885 -0.97886
vn 0.09565 0.2322 -0.96795
vn -0.09307 0.07864 0.99255
vn -0.91585 -0.18394 0.3569
vn -0.98224 -0.15907 0.09949
vn -0.97648 -0.07321 -0.20282
vn -0.99845 -0.05549 -0.00479
vn 0.07848 0.23104 -0.96977
vn -0.81522 -0.10461 0.56963
vn -0.07638 0.14237 -0.98686
vn -0.00076 -0.00266 -1
vn -0.02052 0.09671 -0.9951
vn -0.00076 -0.00094 -1
vn 0.00027 0.00156 -1
vn -0.1017 0.12274 -0.98722
vn -0.08169 0.05632 -0.99506
vn 0.00028 0.00156 -1
vn -0.16038 0.05229 -0.98567
vn 0.00028 0.00156 -1
vn 0.00028 -0.00117 -1
vn 0.00096 0.00255 -1
vn 0.00105 0.00275 -1
vn 0.00105 -0.00272 -1
vn -0.00726 -0.01103 -0.99991
vn -0.1509 -0.05883 -0.9868
vn -0.08833 -0.06516 -0.99396
vn -0.08367 -0.09754 -0.99171
vn -0.00726 -0.01103 -0.99991
vn -0.0701 -0.053 -0.99613
vn -0.04345 -0.13046 -0.9905
vn 0.00105 -0.00272 -1
vn -0.01638 -0.15052 -0.98847
vn 0.00105 -0.00272 -1
vn 0.00136 -0.00344 -0.99999
vn 0.02933 -0.04504 -0.99855
vn -0.04651 -0.05027 -0.99765
vn -0.00163 0.00102 -1
vn -0.08684 0.05976 -0.99443
vn -0.02158 0.10201 -0.99455
vn -0.00076 -0.00266 -1
vn 0.01449 0.16906 -0.9855
vn 0.00136 -0.00344 -0.99999
vn -0.00202 0.0016 -1
vn 0.00027 -0.00117 -1
vn 0.00027 0.00156 -1
vn -0.00076 -0.00094 -1
vn 0.00064 -1E-05 -1
vn -0.00177 0.0015 -1
vn 0.00106 -0.00272 -1
vn 0.00106 0.00302 -0.99999
vn -0.00076 -0.00266 -1
vn 0.00064 -1E-05 -1
vn -0.00076 -0.00094 -1
vn 0.15584 0.06428 -0.98569
vn 0.12121 0.12057 -0.98528
vn 0.11014 -0.99392 0
vn -0.78046 0.6252 0
vn 0.96041 -0.27858 0
vn -0.87622 -0.48192 0
vn -0.48181 0.87628 0
vn 0.78072 -0.62489 0
vn -0.99395 -0.10986 0
vn -0.27866 -0.96039 0
vn -0.10983 0.99395 0
vn 0.48214 -0.87609 0
vn -0.96031 0.27892 0
vn 0.99392 0.11011 0
vn -0.62503 -0.7806 0
vn -0.99395 0.10982 0
vn 0.62489 -0.78071 0
vn -0.27892 0.96031 0
vn -0.11011 -0.99392 0
vn -0.96034 -0.27885 0
vn 0.87609 -0.48215 0
vn -0.6252 0.78046 0
vn -0.78057 -0.62507 0
vn 0.99392 -0.11014 0
vn -0.87628 0.4818 0
vn 0.27858 -0.96041 0
vn -0.48202 -0.87616 0
vn -0.02626 -0.03297 0.99911
vn -0.01993 -0.03649 0.99914
vn 0.96039 0.27865 0
vn 0.09802 0.99518 0
vn 0.09802 0.99518 0
vn 0.09802 0.99518 0
vn 0.29028 0.95694 0
vn 0.29028 0.95694 -2E-05
vn 0.4714 0.88192 -8E-05
vn 0.47139 0.88192 0
vn 0.4714 0.88192 -2E-05
vn 0.77301 0.63439 0
vn 0.77301 0.63439 1E-05
vn 0.88192 0.4714 0
vn 0.88192 0.4714 -1E-05
vn 0.95694 0.29028 -1E-05
vn 0.95695 0.29026 2E-05
vn 0.95693 0.29031 0
vn 0.95694 0.29028 1E-05
vn 0.95694 0.29028 0
vn 0.99518 0.09802 0
vn 0.99518 0.09802 -0
vn 0.99442 -0.10548 0
vn 0.99518 -0.09802 -0
vn 0.99518 -0.09802 0
vn 0.95694 -0.29028 3E-05
vn 0.95694 -0.29028 2E-05
vn 0.95694 -0.29029 0
vn 0.95694 -0.29029 1E-05
vn 0.88192 -0.4714 0
vn 0.88192 -0.4714 -1E-05
vn 0.63439 -0.77301 0
vn 0.63439 -0.77301 0
vn 0.4714 -0.88192 0
vn 0.4714 -0.88192 0
vn 0.29028 -0.95694 0
vn 0.29028 -0.95694 3E-05
vn 0.29028 -0.95694 0
vn 0.09802 -0.99518 0
vn 0.09802 -0.99518 -3E-05
vn -0.09802 -0.99518 4E-05
vn -0.09802 -0.99518 0
vn -0.09802 -0.99518 -3E-05
vn -0.4714 -0.88192 0
vn -0.4714 -0.88192 0
vn -0.77301 -0.63439 0
vn -0.77301 -0.63439 -0
vn -0.88192 -0.4714 0
vn -0.88192 -0.4714 2E-05
vn -0.99518 -0.09802 5E-05
vn -0.99518 -0.09801 0
vn -0.99518 0.09802 0
vn -0.99518 0.09802 4E-05
vn -0.88192 0.4714 0
vn -0.88192 0.4714 -0
vn -0.77301 0.63439 0
vn -0.77301 0.63439 1E-05
vn -0.63439 0.77301 0
vn -0.6344 0.77301 0
vn -0.63439 0.77301 0
vn -0.4714 0.88192 0
vn -0.4714 0.88192 -1E-05
vn -0.4714 0.88192 0
vn -0.4714 0.88192 7E-05
vn -0.4714 0.88192 0
vn 0 0 -1
vn -0 0 -1
vn -0 0 -1
vn 0 0 -1
vn -0 0 -1
vn 0 0 -1
vn -0.29028 0.95694 0
vn -0.29029 0.95694 0
vn -0.09802 0.99518 0
vn -0.09802 0.99518 0
vn 0.01238 -0.09634 -0.99527
vn -0.08612 -0.04491 -0.99527
vn -0.07191 0.06529 -0.99527
vn 0.03642 0.09004 -0.99527
vn 0.09708 -0.00305 -0.99527
vn -0.10078 0.01863 0.99473
vn 0.04596 -0.04094 0.9981
vn 0.00387 -0.48388 0.87513
vn 0.04498 -0.09465 0.99449
vn -0.01001 -0.05003 0.9987
vn 0.05987 -0.07562 0.99534
vn -0.1038 -0.07621 0.99167
vn 0.05846 -0.03164 0.99779
vn 0.84329 -0.53717 0.01792
vn -0.0387 0.0502 0.99799
vn -0.02842 0.99737 0.06666
vn 0.55893 -0.81899 0.12982
vn -0.48202 -0.87616 0
vn -0.04425 -0.0922 0.99476
vn -0.04272 0.02815 0.99869
vn -0.57856 0.81356 0.05813
vn 0.01004 -0.06765 0.99766
vn 0.09204 0.0914 -0.99155
vn 0.11833 0.04874 -0.99178
vn -0.72668 -0.45525 0.51447
vn 0.01836 -0.06526 0.9977
vn -0.04807 -0.01068 0.99879
vn 0.0838 -0.08079 0.9932
vn -0.21773 0.23178 0.94809
vn 0.01732 -0.06563 0.99769
vn 0.04391 0.04939 0.99781
vn 0.05163 0.03232 0.99814
vn 0.70082 -0.67934 0.21762
vn -0.42838 0.90351 -0.01217
vn 0.00898 -0.04699 0.99886
vn 0.31527 -0.12633 0.94056
vn -0.99395 0.10983 0
vn 0.06362 0.01061 0.99792
vn -0.01336 -0.04014 0.9991
vn 0.14181 -0.33514 0.93144
vn -0.01886 -0.03802 0.9991
vn 0.1663 0.06337 0.98404
vn 0.06379 -0.01732 0.99781
vn -0.83598 -0.21843 0.50341
vn -0.00838 -0.02146 0.99973
vn -0.2397 -0.20234 0.94953
vn 0.06447 0.08814 0.99402
vn -0.12724 0.03221 0.99135
vn -0.02774 0.0324 0.99909
vn -0.08739 0.45175 0.88786
vn -0.2087 0.07519 0.97509
vn -0.18665 0.14111 0.97224
vn -0.62328 -0.48076 0.61675
vn -0.38142 0.52672 0.75966
vn -0.06791 0.05932 0.99593
vn -0.29531 -0.23821 0.92523
vn -0.41218 -0.57592 0.70599
vn -0.57293 0.43989 0.69155
vn -0.08465 -0.05987 0.99461
vn 0.29096 -0.12118 0.94903
vn -0.0669 -0.06907 0.99537
vn -0.18477 -0.16839 0.96825
vn -0.00011 -0.00663 0.99998
vn 0.01731 -0.01522 0.99973
vn -0.26122 -0.19634 0.9451
vn -0.19533 0.00284 0.98073
vn -0.19594 0.14804 0.96938
vn 0.09225 0.23881 -0.96668
vn -0.12425 -0.0512 0.99093
vn -0.31316 -0.08955 0.94547
vn -0.07484 0.0345 0.9966
vn -0.57839 -0.69807 0.4221
vn -0.09554 -0.13012 0.98688
vn -0.15528 -0.22421 0.96209
vn -0.21699 -0.31981 0.9223
vn -0.77075 0.48463 0.41362
vn 0.05036 0.12078 -0.9914
vn -0.0537 0.05725 0.99691
vn -0.00146 -0.11309 -0.99358
vn 0.42282 -0.08262 0.90244
vn -0.00188 0.12823 -0.99174
vn 0.04721 -0.0143 0.99878
vn -0.10494 0.10156 0.98928
vn -0.14641 0.08309 0.98573
vn -0.11526 -0.09251 0.98902
vn -0.53374 0.4841 0.69337
vn -0.49743 0.71219 0.49533
vn -0.00053 -0.01643 -0.99986
vn 0.12433 -0.00116 -0.99224
vn 0.27884 0.96034 0
vn -0.7099 0.70049 0.07324
vn 0.99392 -0.11014 0
vn 0.0801 0.09975 0.99178
vn -0.6252 0.78046 0
vn 0.87609 -0.48214 0
vn -0.78057 -0.62507 0
vn 0.96041 -0.27858 0
vn -0.27892 0.96031 0
vn -0.09925 0.0849 0.99143
vn 0.27858 -0.96041 0
vn 0.96039 0.27865 0
vn -0.10983 0.99395 0
vn 0.26587 -0.18668 0.94576
vn -0.9921 -0.10692 0.06556
vn 0.10004 0.0048 0.99497
vn 0.72469 0.68831 0.03245
vn 0.11196 -0.11402 -0.98715
vn 0.15025 -0.06148 -0.98674
vn 0.08523 -0.0873 -0.99253
vn 0.0667 0.16022 -0.98483
vn -0.14515 -0.07106 -0.98685
vn -0.00145 -0.14961 -0.98874
vn 0.12434 -0.00116 -0.99224
vn -0.03208 -0.02839 0.99908
vn -0.14079 0.00272 -0.99004
vn 0.05914 -0.14293 -0.98796
vn 0.11196 -0.11402 -0.98715
vn -0.2087 -0.07519 0.97509
vn -0.03264 -0.02718 0.9991
vn 0.15025 -0.06148 -0.98674
vn -0.63439 -0.77301 0
vn 0.29028 0.95694 0
vn 0.4714 0.88192 0
vn 0.63439 0.77301 0
vn 0.77301 0.63439 0
vn 0.88192 0.4714 0
vn 0.95694 0.29028 0
vn 0.99518 0.09802 0
vn 0.99518 -0.09802 0
vn 0.95694 -0.29028 0
vn 0.88192 -0.4714 0
vn 0.77301 -0.63439 0
vn 0.63439 -0.77301 0
vn 0.4714 -0.88192 0
vn 0.29028 -0.95694 0
vn 0.09802 -0.99518 0
vn -0.09802 -0.99518 0
vn -0.29028 -0.95694 0
vn -0.28117 0.95966 -0
vn -0.88192 -0.4714 0
vn -0.95694 -0.29028 0
vn -0.99518 -0.09802 0
vn -0.99518 0.09802 0
vn -0.95694 0.29028 0
vn -0.88192 0.4714 0
vn -0.77301 0.63439 0
vn -0.63439 0.77301 0
vn -0.4714 0.88192 0
vn -0.29028 0.95694 0
vn -0.09802 0.99518 0
vn -0.13195 0.00742 0.99123
vn -0.4714 -0.88192 0
vn -0.23592 0.97136 -0.02834
vn 0.98025 -0.18419 0.07196
vn -0.04655 -0.05374 0.99747
vn -0.29257 0.20844 0.93325
vn -0.62328 0.48076 0.61676
vn -0.89999 0.16105 0.40506
vn -0.9921 0.10692 0.06556
vn -0.89155 -0.25256 0.37596
vn -0.77075 -0.48463 0.41362
vn 0.87616 0.48203 0
vn -0.70635 -0.70784 -0.00639
vn -0.55248 -0.83313 -0.02561
vn 0.99392 0.11011 0
vn 0.05078 0.03688 0.99803
vn -0.02656 0.08911 0.99567
vn 0.81783 0.54761 0.17686
vn 0.856 0.50309 0.11901
vn -0.05675 -0.02262 0.99813
vn 0.94493 0.20308 0.25665
vn -0.82122 -0.55747 0.12176
vn -0.33129 -0.03427 0.94291
vn 0.98213 -0.14566 0.11921
vn 0.04126 0.04996 0.9979
vn 0.0577 0.02191 0.99809
vn -0.00649 0.06613 0.99779
vn 0.78072 -0.62489 0
vn 0.82681 -0.52716 0.1962
vn -0.06445 -0.0728 0.99526
vn -0.06583 0.08562 0.99415
vn 0.05588 -0.03542 0.99781
vn 0.0756 -0.05988 0.99534
vn 0.27858 -0.96041 0
vn 0.04337 -0.04342 0.99811
vn 0.15869 0.06554 0.98515
vn -0.00039 0.00409 0.99999
vn 0.0256 0.06174 0.99776
vn -0.00186 0.16838 -0.98572
vn -0.0474 -0.04566 0.99783
vn 0.07873 -0.07419 0.99413
vn 0.05161 0.03461 0.99807
vn 0.07844 0.07441 0.99414
vn -0.04256 0.05584 0.99753
vn 0.17121 -0.02677 0.98487
vn 0.11519 0.04371 0.99238
vn 0.2072 -0.45737 0.8648
vn -0.21699 0.31981 0.9223
vn 0.04501 -0.02439 0.99869
vn -0.04542 -0.08245 0.99556
vn -0.03123 -0.02772 0.99913
vn -0.01283 0.03957 0.99913
vn -0.09746 -0.46233 0.88133
vn -0.04825 0.04466 0.99784
vn -0.06526 0.08985 0.99381
vn -0.09064 -0.08909 0.99189
vn -0.11048 -0.07885 0.99075
vn -0.13769 -0.11972 0.98321
vn -0.13241 -0.03207 0.99068
vn -0.00023 0.07365 0.99728
vn -0.06791 -0.05932 0.99593
vn 0.89815 0.34365 0.27427
vn -0.10463 0.08451 0.99091
vn -0.21207 -0.46764 0.8581
vn -0.07533 0.10467 0.99165
vn -0.05749 0.11163 0.99209
vn -0.03465 0.13478 0.99027
vn 0.03744 -0.00526 0.99928
vn 0.05635 0.30537 0.95057
vn -0.0319 -0.02659 0.99914
vn -0.04123 -0.05767 0.99748
vn 0.44472 0.00035 0.89567
vn 0.34843 -0.00161 0.93733
vn -0.05615 -0.03581 0.99778
vn 0.1615 -0.06213 0.98491
vn -0.02738 -0.06209 0.99769
vn 0.41509 -0.06024 0.90778
vn -0.04901 -0.00571 0.99878
vn -0.13503 -0.29585 0.94564
vn -0.00777 -0.32162 0.94684
vn 0.10606 0.5109 0.85307
vn 0.05888 0.02168 0.99803
vn -0.04165 0.0041 0.99912
vn 0.17839 0.00263 0.98396
vn 0.1253 0.08601 0.98838
vn 0.11527 -0.04431 0.99235
vn -0.29494 -0.42591 0.85534
vn 0.12226 -0.02212 0.99225
vn 0.01189 -0.03949 0.99915
vn -0.0537 -0.05725 0.99691
vn -0.30743 -0.06316 0.94947
vn -0.31316 0.08955 0.94547
vn -0.33129 0.03427 0.94291
vn -0.05603 -0.05084 0.99713
vn 0.04069 -0.14254 0.98895
vn -0.27477 0.38264 0.88209
vn -0.21856 0.46211 0.85947
vn -0.01477 -0.04933 0.99867
vn 0.01577 0.06626 0.99768
vn 0.32765 0.06412 0.94262
vn -0.01695 0.06912 0.99746
vn -0.02924 0.05833 0.99787
vn 0.02326 0.04277 0.99881
vn 0.06205 0.02488 0.99776
vn -0.05603 0.05084 0.99713
vn -0.22604 0.97264 0.05371
vn -0.06855 -0.00181 0.99765
vn -0.06063 -0.02031 0.99795
vn 0.40402 -0.16507 0.89973
vn -0.05484 -0.03602 0.99785
vn -0.07151 0.06954 0.99501
vn 0.02198 0.04062 0.99893
vn 0.38286 0.15897 0.91003
vn -0.02784 -0.14135 0.98957
vn -0.02592 0.11531 0.99299
vn 0.0381 0.03168 0.99877
vn 0.14692 0.08814 0.98521
vn 0.16426 0.06612 0.9842
vn -0.06226 -0.00257 0.99806
vn 0.27093 -0.16433 0.94847
vn 0.20062 -0.48427 0.85161
vn 0.06609 -0.01046 0.99776
vn 0.06888 0.14949 0.98636
vn -0.13065 -0.30518 0.94329
vn -0.03598 -0.0307 0.99888
vn 0.09336 0.06214 0.99369
vn 0.09334 -0.06212 0.99369
vn -0.04566 0.01385 0.99886
vn -0.24709 -0.10915 0.96282
vn -0.04733 0.00764 0.99885
vn 0.2217 0.22642 0.94846
vn -0.21935 -0.32539 0.91978
vn -0.1027 -0.14468 0.98414
vn -0.03122 -0.14158 0.98943
vn -0.03742 -0.0527 0.99791
vn -0.27552 -0.3973 0.87535
vn 0.00218 0.48275 0.87576
vn -0.57763 -0.81498 -0.04642
vn -0.20905 0.46917 0.85801
vn -0.20905 -0.46917 0.85801
vn 0.04591 0.04102 0.9981
vn -0.58726 -0.80348 0.09772
vn -0.01525 -0.07043 0.9974
vn -0.10732 -0.49936 0.85972
vn -0.03744 -0.03178 0.99879
vn -0.2072 -0.97492 -0.08123
vn 0.15344 -0.3362 0.92921
vn 0.02414 -0.05434 0.99823
vn 0.04957 -0.0149 0.99866
vn -0.0596 0.00887 0.99818
vn -0.02317 -0.02972 0.99929
vn 0.04988 0.08715 0.99495
vn -0.04145 -0.00454 0.99913
vn 0.20764 0.97796 -0.02182
vn -0.13899 -0.30313 0.94276
vn -0.11987 0.497 0.85943
vn 0.06081 -0.01137 0.99808
vn -0.19067 -0.97694 0.09609
vn -0.04623 -0.10755 0.99312
vn 0.30382 -0.41177 0.85915
vn 0.05769 -0.02436 0.99804
vn 0.72586 -0.68708 0.03233
vn 0.06727 0.0005 0.99774
vn -0.01409 0.09872 0.99502
vn 0.4135 -0.0902 0.90603
vn 0.10457 -0.09998 0.98948
vn -0.00523 -0.03722 0.99929
vn 0.0308 0.06424 0.99746
vn 0.20983 -0.97751 -0.02088
vn 0.03814 0.02779 0.99889
vn 0.38843 -0.15037 0.90913
vn 0.12414 -0.00137 0.99226
vn 0.92958 -0.3639 0.05886
vn 0.04738 0.08832 0.99496
vn -0.03263 -0.01925 0.99928
vn 0.02806 0.14954 0.98836
vn -0.00419 -0.99802 -0.06276
vn 0.06748 0.00088 0.99772
vn 0.01296 -0.03933 0.99914
vn 0.0871 0.3615 0.9283
vn 0.99714 0.00788 0.0752
vn 0.06598 0.01212 0.99775
vn 0.42228 0.07008 0.90375
vn 0.06598 -0.01212 0.99775
vn 0.96041 -0.27858 0
vn -0.09888 0.02104 0.99488
vn 0.05734 -0.02214 0.99811
vn 0.06214 -0.02438 0.99777
vn 0.57968 0.79892 0.16032
vn 0.05588 0.03542 0.99781
vn 0.34942 0.22266 0.91013
vn 0.14486 0.09184 0.98518
vn 0.84559 0.53017 0.06251
vn 0.03442 0.0488 0.99822
vn -0.03844 0.05155 0.99793
vn 0.00068 -0.31107 0.95039
vn -0.48202 -0.87616 0
vn -0.00633 0.06476 0.99788
vn 0.05663 0.03396 0.99782
vn 0.02612 -0.05904 0.99791
vn 0.95069 -0.17032 0.25921
vn 0.02612 0.05904 0.99791
vn 0.2072 0.45737 0.8648
vn 0.05872 0.12937 0.98986
vn 0.40348 0.91412 -0.03989
vn -0.03141 -0.13816 0.98991
vn -0.05034 0.0046 0.99872
vn 0.08534 -0.11867 0.98926
vn 0.71773 0.683 0.13556
vn 0.09135 -0.02349 0.99554
vn -0.01197 -0.03939 0.99915
vn 0.32373 -0.12224 0.93822
vn 0.95981 0.28064 -0.00241
vn 0.00098 -0.16184 0.98682
vn 0.21348 -0.30564 0.92791
vn 0.06598 0.01241 0.99774
vn -0.72457 -0.68738 -0.05007
vn -0.02259 -0.11589 0.993
vn -0.21207 0.46764 0.8581
vn 0.01442 0.07269 0.99725
vn 0.4022 -0.9155 -0.00974
vn -0.22751 0.22695 0.94696
vn 0.06204 0.0004 0.99807
vn 0.06327 -0.0014 0.998
vn -0.57415 0.8156 -0.07176
vn 0.03861 -0.05326 0.99783
vn -0.02987 -0.02368 0.99927
vn 0.04752 0.04484 0.99786
vn -0.72457 0.68738 -0.05007
vn -0.05615 0.03581 0.99778
vn -0.05529 -0.04316 0.99754
vn 0.06237 0.02367 0.99777
vn -0.09064 0.08909 0.99189
vn 0.0144 -0.0727 0.99725
vn -0.02616 -0.0318 0.99915
vn 0.0308 -0.03774 0.99881
vn -0.72668 0.45525 0.51447
vn -0.21017 0.97626 -0.0524
vn -0.31275 0.02453 0.94952
vn -0.13436 0.01088 0.99087
vn -0.91259 0.15376 0.37886
vn -0.06048 -0.05211 0.99681
vn -0.3902 -0.109 0.91425
vn -0.05669 0.026 0.99805
vn -0.18665 -0.14111 0.97224
vn 0.08385 0.29753 -0.95102
vn -0.0572 -0.01351 0.99827
vn 0.08789 -0.36111 0.92837
vn -0.13413 -0.02506 0.99065
vn -0.91259 -0.15376 0.37886
vn 0.09163 0.25701 -0.96206
vn -0.25292 -0.22908 0.93998
vn -0.02447 -0.11061 0.99356
vn -0.06184 0.14776 -0.98709
vn -0.53374 -0.4841 0.69337
vn -0.57293 -0.43989 0.69155
vn 0.03043 0.02381 0.99925
vn -0.38142 -0.52672 0.75966
vn -0.76349 -0.19065 0.61703
vn 0.38068 0.91382 0.14149
vn 0.03963 0.0119 0.99914
vn -0.13845 -0.00776 0.99034
vn -0.0297 -0.03791 0.99884
vn 0.14667 -0.08863 0.98521
vn 0.06555 -0.00637 0.99783
vn -0.05937 -0.01453 0.99813
vn -0.05952 -0.00355 0.99822
vn -0.05671 -0.00361 0.99838
vn -0.13522 -0.00044 0.99082
vn -0.19533 -0.00284 0.98073
vn -0.06226 0.00257 0.99806
vn 0.01472 -0.04901 0.99869
vn -0.07484 -0.0345 0.9966
vn -0.57839 0.69807 0.4221
vn -0.7448 0.08942 0.66127
vn 0.43126 0.90211 0.01439
vn -0.83598 0.21843 0.50341
vn -0.09524 0.00929 0.99541
vn 0.0145 0.99061 0.13594
vn -0.02872 0.08855 0.99566
vn -0.24227 0.01743 0.97005
vn -0.24443 0.05279 0.96823
vn -0.06921 0.05935 0.99584
vn -0.06067 0.01164 0.99809
vn 0.07272 -0.14432 0.98686
vn -0.06084 -0.02463 0.99784
vn -0.58945 0.39688 0.70359
vn -0.61933 0.44587 0.64624
vn -0.26122 0.19634 0.9451
vn -0.09724 0.08644 0.9915
vn -0.08598 -0.45207 0.88783
vn -0.2397 0.20234 0.94953
vn -0.29531 0.23821 0.92523
vn -0.04742 0.0626 0.99691
vn -0.0587 0.05298 0.99687
vn -0.05818 0.05219 0.99694
vn -0.41218 0.57592 0.70599
vn -0.82122 0.55746 0.12176
vn -0.8277 0.56058 0.02592
vn -0.09622 0.07106 0.99282
vn -0.01367 0.04712 0.9988
vn 0.02567 -0.06177 0.99776
vn 0.03973 0.02891 0.99879
vn -0.24064 0.18225 0.95335
vn -0.36724 0.27254 0.8893
vn 0.12087 0.02555 0.99234
vn -0.04444 -0.04415 0.99804
vn 0.05507 0.03617 0.99783
vn 0.7806 0.62503 0
vn -0.96034 -0.27885 0
vn -0.96034 -0.27885 0
vn -0.07354 0.06893 0.99491
vn 0.03771 0.05425 0.99782
vn -0.00034 -0.0028 -1
vn -0.03685 -0.019 0.99914
vn 0.03491 0.04925 0.99818
vn -0.36181 0.35765 0.86092
vn -0.04448 0.04191 0.99813
vn -0.04444 0.04415 0.99804
vn -0.0474 0.04566 0.99783
vn -0.5593 -0.82717 0.05449
vn -0.5593 0.82717 0.05449
vn 0.81791 -0.54759 0.17654
vn -0.08405 0.1074 0.99066
vn 0.03441 -0.05144 0.99808
vn -0.08299 0.11236 0.9902
vn -0.1973 0.26602 0.94356
vn -0.05825 0.13431 0.98923
vn 0.01162 0.04688 0.99883
vn -0.03818 0.05273 0.99788
vn 0.12526 -0.08597 0.98839
vn -0.04186 0.0581 0.99743
vn -0.40565 0.91237 0.05503
vn -0.95966 -0.28116 -0
vn -0.04503 -0.05508 0.99747
vn -0.04853 0.10542 0.99324
vn 0.05616 -0.03506 0.99781
vn -0.02868 0.06772 0.99729
vn -0.13899 0.30313 0.94276
vn -0.58945 -0.39688 0.70359
vn 0.05151 0.03269 0.99814
vn -0.02736 0.06206 0.9977
vn 0.04363 0.0416 0.99818
vn 0.05388 0.11898 0.99143
vn -0.87628 0.4818 0
vn -0.78057 -0.62507 0
vn 0.01745 -0.06611 0.99766
vn 0.36536 -0.24043 0.89928
vn -0.03037 0.0667 0.99731
vn -0.02294 0.11591 0.99299
vn -0.19753 0.46957 0.86051
vn -0.08299 -0.11236 0.9902
vn 0.06563 -0.01345 0.99775
vn -0.00229 -0.06926 0.9976
vn 0.12467 -0.00163 0.9922
vn -0.24443 -0.05279 0.96823
vn 0.40343 0.90441 0.13886
vn -0.0947 0.02591 0.99517
vn -0.00843 -0.06932 0.99756
vn 0.06478 0.07986 0.9947
vn 0.17327 0.03287 0.98433
vn -0.03628 -0.01977 0.99915
vn 0.01625 0.07241 0.99724
vn 0.01261 -0.06872 0.99756
vn -0.09554 0.13012 0.98688
vn 0.04905 0.01484 0.99869
vn -0.11362 0.10464 0.988
vn 0.3421 -0.00738 0.93964
vn 0.20162 0.97017 0.13463
vn 0.2027 -0.9721 0.11801
vn 0.96438 0.01675 0.26398
vn 0.14613 -0.32412 0.93466
vn 0.05156 0.03398 0.99809
vn 0.00044 -0.07354 0.99729
vn -0.00274 0.04167 0.99913
vn -0.01616 0.07235 0.99725
vn 0.02993 0.0234 0.99928
vn 0.12687 -0.01271 0.99184
vn 0.05133 -0.00547 0.99867
vn -0.03466 -0.13476 0.99027
vn 0.39713 0.90982 0.12052
vn 0.56106 0.81461 0.14702
vn -0.18059 0.9835 0.01115
vn -0.0849 0.09919 0.99144
vn -0.03685 0.04864 0.99814
vn 0.05723 0.02253 0.99811
vn 0.14613 0.32412 0.93466
vn 0.41509 0.06024 0.90778
vn 0.14894 -0.31293 0.93802
vn 0.02414 0.05434 0.99823
vn 0.1219 0.02239 0.99229
vn 0.31575 0.1292 0.94
vn 0.41995 0.8998 0.11833
vn 0.92939 -0.36037 0.07984
vn -0.04005 -0.05944 0.99743
vn 0.05872 -0.12937 0.98986
vn 0.03664 0.04882 0.99814
vn 0.08745 0.08077 0.99289
vn -0.00538 -0.05122 0.99867
vn 0.06609 0.01046 0.99776
vn -0.00452 -0.15787 0.98745
vn 0.00957 -0.04973 0.99872
vn 0.03993 0.12189 0.99174
vn 0.114 0.11398 0.98692
vn 0.17396 -0.9845 0.02245
vn -0.23592 -0.97136 -0.02834
vn 0.09241 0.05103 0.99441
vn -0.09894 -0.02427 0.9948
vn 0.05062 0.00533 0.9987
vn 3E-05 -0.07371 0.99728
vn 0.08508 0.11898 0.98924
vn 0.31661 0.04774 0.94735
vn 0.01519 0.05995 0.99809
vn -0.04725 -0.05458 0.99739
vn 0.03671 -0.04871 0.99814
vn -0.05125 0.03657 0.99802
vn 0.81657 0.51904 0.2526
vn 0.2254 0.96523 0.1324
vn -0.0269 -0.08904 0.99566
vn 0.10326 0.06545 0.9925
vn -0.00933 -0.49597 0.86829
vn 0.0002 -0.04018 -0.99919
vn -0.0478 -0.01052 0.9988
vn 0.02831 0.11393 0.99309
vn 0.00534 0.04959 0.99876
vn 0.04963 0.01089 0.99871
vn 0.05366 0.03146 0.99806
vn 0.08754 -0.08057 0.9929
vn 0.72008 -0.6807 0.13469
vn 0.4185 -0.90048 0.11829
vn 0.04802 0.08929 0.99485
vn -0.06063 0.02031 0.99795
vn 0.1665 -0.06209 0.98409
vn 0.2142 0.44561 0.86922
vn -0.01115 0.12769 0.99175
vn 0.02939 0.10728 0.99379
vn -0.04587 0.02448 0.99865
vn -0.01537 0.06397 0.99783
vn 0.00519 -0.05085 0.99869
vn 0.01512 0.04832 0.99872
vn 0.95069 0.17032 0.25921
vn 0.57494 0.81795 -0.02018
vn 0.0204 0.06185 0.99788
vn 0.35539 0.21519 0.90961
vn 0.12205 0.01932 0.99234
vn 0.18885 -0.26704 0.945
vn 0.32528 0.0567 0.94392
vn 0.04033 0.14257 0.98896
vn 0.01691 -0.06376 0.99782
vn 0.06083 0.01087 0.99809
vn 0.06235 0.00929 0.99801
vn 0.32363 0.12478 0.93792
vn -0.37248 0.92766 -0.02639
vn -0.05479 0.02511 0.99818
vn -0.04466 0.04445 0.99801
vn 0.12467 0.00163 0.9922
vn -0.09917 0.46145 0.88161
vn 0.17044 0.03632 0.9847
vn 0.3421 0.00738 0.93964
vn 0.05726 0.0224 0.99811
vn 0.38843 0.15037 0.90913
vn 0.03655 0.01954 0.99914
vn -0.02828 0.14134 0.98956
vn 0.06545 0.01384 0.99776
vn 0.01939 0.06221 0.99787
vn -0.0036 0.06656 0.99778
vn -0.05622 -0.03838 0.99768
vn 0.00234 0.12972 0.99155
vn 0.05158 -0.03263 0.99814
vn 0.06906 -0.14956 0.98634
vn 0.00096 0.1619 0.98681
vn 0.21379 0.30551 0.92788
vn 0.13144 -0.08619 0.98757
vn -0.49743 -0.71219 0.49533
vn 0.05567 -0.11321 0.99201
vn 0.04377 -0.04149 0.99818
vn 0.90375 -0.3487 0.24829
vn -0.08983 0.03921 0.99518
vn 0.05176 0.0341 0.99808
vn -0.02605 0.06441 0.99758
vn 0.06158 -0.02528 0.99778
vn -0.00022 -0.02978 -0.99956
vn 0.34867 0.00028 0.93724
vn -0.02508 -0.01408 0.99959
vn -0.76349 0.19065 0.61703
vn 0.05726 -0.0224 0.99811
vn 0.04323 0.0435 0.99812
vn -0.01413 -0.04686 0.9988
vn 0.17459 0.9844 0.02166
vn -0.03287 -0.99925 -0.02042
vn 0.98196 0.1744 0.07305
vn -0.06464 0.29283 0.95398
vn 0.04289 -0.02315 0.99881
vn -0.03809 0.05603 0.9977
vn 0.34452 0.33205 0.87809
vn 0.02624 0.0585 0.99794
vn 0.02153 -0.11819 0.99276
vn 0.17929 0.00102 0.9838
vn 0.00495 0.0469 0.99889
vn -0.02348 0.0443 0.99874
vn 0.70339 0.69988 0.12414
vn -0.41732 0.90629 0.06694
vn 0.2378 -0.97093 0.02726
vn -0.07354 -0.06893 0.99491
vn -0.59842 -0.5342 0.59709
vn 0.11355 0.04659 0.99244
vn -0.36129 0.34207 0.86744
vn -0.05848 0.05123 0.99697
vn 0.21729 -0.29562 0.93027
vn 0.06239 -0.02398 0.99776
vn -0.243 -0.04587 0.96894
vn 0.03765 -0.05428 0.99782
vn -0.02527 -0.99748 0.06636
vn 0.95984 0.28056 0.0015
vn 0.37488 -0.92537 0.05612
vn 0.06447 -0.08814 0.99402
vn -0.09035 -0.09012 -0.99182
vn -0.18601 0.0027 -0.98254
vn 0.32751 -0.06173 0.94283
vn 0.17918 -0.00168 0.98381
vn 0.04634 0.28683 0.95686
vn 0.03491 -0.04925 0.99818
vn 0.08721 -0.11802 0.98917
vn 0.00486 -0.04848 0.99881
vn -0.01271 0.99192 0.12621
vn 0.20264 -0.97904 -0.02023
vn 0.92902 0.34362 0.1373
vn 0.41288 0.09281 0.90605
vn 0.17082 -0.03529 0.98467
vn -0.02618 -0.06438 0.99758
vn 0.03224 -0.03964 0.99869
vn -0.00315 -0.11687 0.99314
vn -0.00854 0.04737 0.99884
vn 0.17359 -0.03167 0.98431
vn 0.12421 0.00092 0.99226
vn -0.7448 -0.08942 0.66127
vn 0.22763 -0.96468 0.13261
vn -0.57763 0.81498 -0.04642
vn 0.7059 -0.70807 0.01835
vn 0.02702 -0.03141 0.99914
vn 0.36875 0.25413 0.89411
vn 0.02374 -0.14419 0.98927
vn 0.24213 0.23655 0.94097
vn 0.0463 -0.28664 0.95692
vn 0.07217 -0.45234 0.88892
vn -0.00412 -0.04095 0.99915
vn -0.06309 0.02402 0.99772
vn 0.24065 0.24431 0.93936
vn -0.06631 0.11149 0.99155
vn -0.95966 0.28116 -0
vn -0.11011 -0.99392 0
vn 0.03124 0.03785 0.9988
vn 0.03637 -0.01957 0.99915
vn 0.04741 -0.00984 0.99883
vn -0.05825 -0.03998 0.9975
vn 0.04623 0.00966 0.99888
vn 0.02736 0.05787 0.99795
vn 0.01244 0.06418 0.99786
vn 0.2247 0.21739 0.94987
vn 0.04139 -0.00313 0.99914
vn -0.20229 -0.9778 0.05458
vn -0.22604 -0.97264 0.05371
vn 0.71162 0.6606 0.23915
vn -0.05746 0.05146 0.99702
vn 0.1204 0.11437 0.98612
vn 0.4122 0.16107 0.89674
vn -0.07066 -0.32172 0.94419
vn -0.07848 -0.31818 0.94478
vn -0.11987 -0.497 0.85943
vn -0.01417 -0.06539 0.99776
vn -0.0163 -0.06564 0.99771
vn 0.12051 -0.11408 0.98614
vn 0.40538 -0.90352 0.13897
vn -0.41732 -0.90629 0.06694
vn -0.42838 -0.90351 -0.01217
vn 0.0605 -0.12604 0.99018
vn -0.04459 -0.08799 0.99512
vn -0.06855 0.00181 0.99765
vn 0.17282 0.0314 0.98445
vn -0.13969 -0.29001 0.94677
vn 0.30015 -0.28509 0.91029
vn 0.01502 0.0958 0.99529
vn -0.02749 -0.05599 0.99805
vn -0.04459 0.08799 0.99512
vn 0.38173 -0.91337 0.14155
vn 0.17922 -0.97772 0.10926
vn -0.60048 -0.79959 0.009
vn -0.08233 -0.05467 0.9951
vn -0.05995 -0.08159 0.99486
vn -0.24743 -0.01866 0.96873
vn 0.02566 0.0373 0.99897
vn -0.01014 0.03675 0.99927
vn -0.01858 0.03757 0.99912
vn -0.03493 -0.04887 0.99819
vn -0.03685 -0.04864 0.99814
vn -0.03844 -0.05155 0.99793
vn -0.03146 -0.03712 0.99882
vn -0.07868 -0.10608 0.99124
vn -0.04466 -0.04445 0.99801
vn -0.04615 -0.05616 0.99735
vn -0.04742 -0.0626 0.99691
vn 0.26576 0.18665 0.9458
vn -0.02543 -0.11528 0.99301
vn -0.02629 0.03227 0.99913
vn 0.31777 -0.06739 0.94577
vn -0.06144 0.13157 0.9894
vn -0.01407 0.07258 0.99726
vn 0.03447 0.0514 0.99808
vn 0.10421 0.1003 0.98948
vn 0.03861 0.05326 0.99783
vn -0.05152 0.03457 0.99807
vn -0.04448 -0.04191 0.99813
vn -0.02881 -0.06771 0.99729
vn 0.04794 0.00494 0.99884
vn -0.09287 0.08842 0.99174
vn 0.38269 -0.15928 0.91004
vn 0.05771 0.02431 0.99804
vn 0.06147 0.01359 0.99802
vn 0.06239 0.02398 0.99776
vn -0.04605 0.10762 0.99313
vn -0.0318 0.14154 0.98942
vn -0.04851 -0.10539 0.99325
vn 0.06326 0.00114 0.998
vn 0.06204 -0.0004 0.99807
vn 0.07229 0.14419 0.98691
vn -0.00014 -0.11764 0.99306
vn 0.01595 -0.06628 0.99767
vn -0.03038 -0.03883 0.99878
vn 0.14938 0.31266 0.93804
vn -0.06067 -0.01164 0.99809
vn 0.26394 -0.38551 0.88415
vn -0.02299 -0.04284 0.99882
vn 0.05163 -0.03232 0.99814
vn -0.05905 0.00421 0.99825
vn 0.01221 0.06419 0.99786
vn 0.03458 -0.04867 0.99822
vn -0.00094 -0.00372 0.99999
vn 0.05352 -0.03164 0.99807
vn -0.10139 -0.01198 0.99477
vn -0.0587 -0.05298 0.99687
vn 0.42228 -0.07008 0.90375
vn -0.04946 0.00804 0.99874
vn 0.07563 -0.05991 0.99533
vn -0.00056 0.11759 0.99306
vn 0.06358 0.0112 0.99791
vn 0.05653 -0.03415 0.99782
vn -0.27477 -0.38264 0.88209
vn -0.21856 -0.46211 0.85947
vn 0.12205 -0.01932 0.99234
vn 0.34655 -0.34532 0.87215
vn -0.03812 0.0053 0.99926
vn 0.02827 -0.14938 0.98838
vn 0.06723 -0.00074 0.99774
vn 0.00019 -0.35195 0.93602
vn -0.29494 0.42591 0.85534
vn -0.03809 -0.05603 0.9977
vn 0.31741 0.0694 0.94575
vn -0.04258 -0.05585 0.99753
vn 0.05162 -0.03465 0.99807
vn 0.05608 0.03513 0.99781
vn -0.04825 -0.04466 0.99784
vn -0.05151 -0.03457 0.99807
vn -0.05147 -0.03258 0.99814
vn -0.05848 -0.13422 0.98923
vn 0.01245 0.09592 0.99531
vn -0.05746 -0.05146 0.99702
vn -0.05848 -0.05123 0.99697
vn -0.06309 -0.02402 0.99772
vn 0.08489 -0.04363 0.99543
vn -0.0596 -0.00887 0.99818
vn -0.05586 0.02673 0.99808
vn 0.11464 0.04596 0.99234
vn 0.03253 -0.01916 0.99929
vn -0.02924 -0.05833 0.99787
vn 0.11406 -0.11359 0.98696
vn -0.24227 -0.01743 0.97005
vn -0.04667 0.05511 0.99739
vn -0.07066 0.32172 0.94419
vn -0.02901 0.04322 0.99864
vn -0.00696 0.09398 0.99555
vn 0.40417 0.1686 0.89901
vn -0.02605 0.05699 0.99803
vn -0.02874 0.06068 0.99774
vn -0.04749 -0.01471 0.99876
vn -0.04615 0.05616 0.99735
vn -0.00062 -0.03369 0.99943
vn -0.04493 -0.00993 0.99894
vn -0.30743 0.06316 0.94947
vn -0.13969 0.29001 0.94677
vn 0.02967 -0.1073 0.99378
vn 0.06388 -0.08723 0.99414
vn 0.03183 0.09386 0.99508
vn 0.00042 0.0668 0.99777
vn -0.02874 -0.06068 0.99774
vn -0.05151 0.03628 0.99801
vn 0.08497 -0.46903 0.87908
vn -0.13503 0.29585 0.94564
vn 0.06069 0.12594 0.99018
vn -0.17385 0.24567 0.95364
vn -0.1734 0.25361 0.95164
vn -0.00068 0.14526 0.98939
vn 0.03679 0.03066 0.99885
vn -0.24743 0.01866 0.96873
vn -0.243 0.04587 0.96894
vn -0.31709 0.06511 0.94616
vn 0.09225 -0.23881 -0.96668
vn 0.09163 -0.25701 -0.96206
vn -0.24709 0.10915 0.96282
vn -0.03038 -0.06672 0.99731
vn 0.02737 -0.09266 0.99532
vn 0.20402 -0.96963 0.13489
vn -2E-05 -0.01972 0.99981
vn -0.19594 -0.14804 0.96938
vn -0.29257 -0.20844 0.93325
vn 0.00031 0.07356 0.99729
vn -0.21773 -0.23178 0.94809
vn -0.3048 -0.32799 0.89416
vn -0.22751 -0.22695 0.94696
vn -0.22769 -0.2185 0.9489
vn -0.36129 -0.34207 0.86744
vn -0.19118 -0.27149 0.94326
vn 0.01266 0.06867 0.99756
vn -0.30538 -0.41909 0.85505
vn 0.05405 -0.11905 0.99142
vn -0.01386 -0.07257 0.99727
vn 0.29579 -0.42301 0.85649
vn -0.19118 0.27149 0.94326
vn -0.05147 0.03258 0.99814
vn -0.0368 0.01976 0.99913
vn 0.00304 -0.0413 0.99914
vn 0.29625 0.4228 0.85643
vn 0.03656 0.01014 0.99928
vn -0.02697 -0.10779 0.99381
vn -0.04002 0.02646 0.99885
vn -0.11942 -0.05322 0.99142
vn 0.0483 0.04404 0.99786
vn -0.0131 -0.03922 0.99914
vn 0.00053 -0.06681 0.99777
vn -0.10121 -0.01322 0.99478
vn 0.2001 0.48441 0.85165
vn 0.41251 -0.15797 0.89715
vn -0.09598 -0.03396 0.9948
vn 0.30051 -0.3001 0.90534
vn 0.26647 -0.16931 0.94886
vn 0.02775 0.0399 0.99882
vn -0.00173 0.12752 0.99183
vn 0.29978 0.30051 0.90544
vn -0.00377 -0.20354 -0.97906
vn 0.31661 -0.04774 0.94735
vn -0.01523 0.07042 0.9974
vn 0.02608 -0.05449 0.99817
vn 0.05529 0.11301 0.99205
vn 0.12189 0.02293 0.99228
vn 0.43967 -0.01303 0.89806
vn 0.06162 -0.01328 0.99801
vn -0.1973 -0.26602 0.94356
vn -0.00259 -0.51799 0.85539
vn 0.2911 0.12094 0.94902
vn 0.29609 0.11423 0.9483
vn -0.05921 0.01111 0.99818
vn -0.36182 -0.35765 0.86092
vn 0.00252 0.06722 0.99773
vn -0.09524 -0.00929 0.99541
vn 0.03099 -0.0643 0.99745
vn 0.01637 -0.07242 0.99724
vn -0.09724 -0.08644 0.9915
vn -0.03818 -0.05273 0.99788
vn 0.21729 0.29562 0.93027
vn 0.18813 0.26755 0.945
vn -0.04137 0.02633 0.9988
vn -0.02511 -0.03787 0.99897
vn -0.03648 -0.02619 0.99899
vn -0.04167 -0.00367 0.99912
vn 0.03197 -0.0262 0.99915
vn 0.21356 -0.44601 0.86918
vn -0.0272 0.03173 0.99913
vn 0.06247 -0.02319 0.99778
vn -0.12425 0.0512 0.99093
vn -0.02696 0.10782 0.9938
vn 0.03819 0.05208 0.99791
vn -0.03141 0.1382 0.98991
vn -0.05749 -0.11163 0.99209
vn -0.04425 0.0922 0.99476
vn -0.05709 0.11624 0.99158
vn 0.01366 -0.06052 0.99807
vn -0.05757 0.08217 0.99495
vn -0.07252 0.1052 0.9918
vn -0.04535 0.07815 0.99591
vn -0.0015 -0.12738 0.99185
vn -0.09274 0.0046 0.99568
vn -0.0914 0.01807 0.99565
vn -0.05754 -0.00895 0.9983
vn -0.11454 -0.05844 -0.9917
vn -0.0947 -0.02591 0.99517
vn -0.03745 0.01888 0.99912
vn 0.06028 -0.07524 0.99534
vn -0.01866 0.50153 0.86494
vn -0.08786 -0.05911 0.99438
vn -0.0122 -0.0402 0.99912
vn -0.11362 -0.10464 0.988
vn -0.07151 -0.06954 0.99501
vn 0.02989 0.06668 0.99733
vn -0.09287 -0.08842 0.99174
vn -0.06525 -0.08983 0.99382
vn -0.06583 -0.08561 0.99415
vn -0.08405 -0.1074 0.99066
vn 0.09714 0.06178 0.99335
vn 0.02639 -0.05852 0.99794
vn -0.06142 -0.13153 0.98941
vn 0.29609 -0.11423 0.9483
vn -0.3171 -0.06511 0.94616
vn 0.34511 0.34603 0.87244
vn 0.06068 0.01174 0.99809
vn -0.00247 0.0692 0.9976
vn 0.09573 0.01315 0.99532
vn 0.11538 -0.04284 0.9924
vn 0.02727 -0.05792 0.99795
vn -0.04227 -0.02366 0.99883
vn -0.0004 0.31008 0.95071
vn 0.04339 -0.09691 0.99435
vn -0.05474 0.02926 0.99807
vn 0.02864 -0.11408 0.99306
vn 0.09089 -0.02537 0.99554
vn -0.3048 0.32799 0.89416
vn 0.26227 0.38619 0.88435
vn 0.01201 0.04876 0.99874
vn 0.06369 0.08745 0.99413
vn -0.02446 0.11064 0.99356
vn 0.04737 0.04519 0.99786
vn 0.10326 -0.06545 0.9925
vn 0.00254 -0.06721 0.99774
vn 0.04304 0.0233 0.9988
vn 0.10459 0.06273 0.99254
vn 0.17121 0.02677 0.98487
vn 0.1219 -0.02239 0.99229
vn 0.17282 -0.0314 0.98445
vn -0.09586 -0.03387 0.99482
vn 0.06748 -0.00088 0.99772
vn 0.17839 -0.00263 0.98396
vn -0.13008 0.30527 0.94334
vn 0.445 -0.00212 0.89553
vn 7E-05 0.35227 0.9359
vn 0.10081 0.10095 0.98977
vn 0.11527 0.04431 0.99235
vn 0.1615 0.06213 0.98491
vn -0.11526 0.0925 0.98902
vn 0.04771 -0.04473 0.99786
vn 0.24165 -0.2438 0.93924
vn -0.04653 -0.0054 0.9989
vn -0.05508 -0.28399 0.95724
vn -0.11048 0.07885 0.99075
vn -0.09035 -0.09012 -0.99182
vn -0.03991 -0.02229 0.99895
vn 0.08721 0.11802 0.98917
vn -0.13769 0.11972 0.98321
vn 0.02376 0.14424 0.98926
vn -0.0125 0.06888 0.99755
vn 0.36898 -0.25421 0.894
vn -0.03812 -0.00487 0.99926
vn -0.09981 0.01844 0.99484
vn 0.17942 0.97767 0.1094
vn 0.82665 -0.50121 0.25581
vn -0.56965 -0.81717 0.08792
vn -0.31275 -0.02453 0.94952
vn 0.84246 0.53843 0.0187
vn 0.57769 -0.81601 -0.01999
vn 0.55972 0.81846 0.12974
vn 0.57842 0.80612 0.12488
vn 0.57642 0.81633 -0.03664
vn 0.95981 -0.28065 -0.00037
vn 0.70552 -0.69779 0.1238
vn 0.56419 -0.81257 0.14637
vn 0.23586 0.97141 0.02719
vn 0.71282 -0.65939 0.23894
vn -0.38229 0.92225 0.05759
vn 0.0287 -0.99816 0.05342
vn -0.10187 -0.01202 0.99472
vn -0.57415 -0.8156 -0.07176
vn 0.08404 0.06606 0.99427
vn 0.91604 0.38623 0.10814
vn -0.03304 0.05646 0.99786
vn 0.96438 -0.01675 0.26398
vn 0.02769 -0.09255 0.99532
vn 0.95584 -0.14819 0.25377
vn 0.58178 -0.79744 0.16008
vn 0.98196 -0.1744 0.07305
vn -0.39907 0.91332 -0.08118
vn 0.20126 0.97934 -0.01972
vn -0.03556 0.99916 -0.02035
vn 0.20115 0.97239 0.1183
vn 0.89548 -0.35532 0.26807
vn -0.2072 0.97492 -0.08123
vn 0.95584 0.14819 0.25377
vn -0.21481 -0.97297 0.08481
vn 0.70409 0.70987 0.01835
vn 0.92958 0.3639 0.05886
vn -0.20673 -0.97699 -0.05243
vn -0.55248 0.83313 -0.02561
vn 0.90058 -0.33731 0.27418
vn 0.72476 -0.68849 -0.02664
vn 0.95981 -0.28065 0.00337
vn 0.40348 -0.91412 -0.03989
vn 0.89272 0.36186 0.26852
vn -0.40146 -0.91339 -0.06751
vn -0.0914 -0.01807 0.99565
vn -0.3953 -0.91644 0.06231
vn -0.13845 0.00776 0.99034
vn -0.87621 -0.48192 0
vn -0.70635 0.70784 -0.00639
vn -0.21864 0.97207 0.08535
vn -0.38379 -0.92163 0.05754
vn -0.10983 0.99395 0
vn -0.39907 -0.91332 -0.08118
vn -0.95966 -0.28116 -0
vn -0.57856 -0.81356 0.05813
vn -0.10983 0.99395 0
vn -0.7099 -0.70049 0.07324
vn -0.7256 -0.68336 0.08071
vn 0.97893 0.19025 0.0742
vn 0.90375 0.3487 0.24829
vn -0.69845 -0.61363 0.36828
vn -0.81754 -0.56128 0.12882
vn 0.12121 0.12057 -0.98528
vn 0.02999 -0.06671 0.99732
vn -0.06048 0.05211 0.99681
vn -0.69354 -0.15592 0.70335
vn 0.12119 -0.02483 0.99232
vn 0.09721 -0.0616 0.99336
vn -0.89155 0.25256 0.37596
vn 0.08385 -0.29753 -0.95102
vn -0.05586 -0.02673 0.99808
vn -0.59842 0.5342 0.59709
vn -0.58726 0.80348 0.09772
vn -0.56965 0.81717 0.08792
vn 0.8282 0.49859 0.25592
vn 0.81657 -0.51904 0.2526
vn -0.3953 0.91644 0.06231
vn -0.40146 0.91339 -0.06751
vn 0.87616 0.48203 0
vn -0.95966 0.28116 -0
vn 0.39713 -0.90982 0.12052
vn -0.13168 -0.01473 0.99118
vn 0.27884 0.96034 0
vn 0.05394 -0.04108 0.9977
vn 0.01223 0.06432 0.99785
vn -0.00492 0.095 0.99547
vn 0.09114 0.0537 0.99439
vn 0.05672 -0.30475 0.95074
vn -0.0636 -0.29359 0.95381
vn 3E-05 0.00158 1
vn -0.05773 0.0041 0.99832
vn 0.03313 -0.05919 0.9977
vn 0.04513 0.09457 0.9945
vn -0.04587 0.00916 0.99891
vn 0.08434 0.46966 0.87881
vn 0.08563 -0.04406 0.99535
vn 0.06385 -0.01768 0.9978
vn 0.98213 0.14566 0.11921
vn 0.37414 0.92572 0.05539
vn 0.06393 -0.01736 0.9978
vn 0.04644 -0.08453 0.99534
vn -0.01966 -0.06669 0.99758
vn -0.07116 0.06076 0.99561
vn -0.00343 0.0649 0.99789
vn 0.07569 -0.05983 0.99533
vn 0.93123 -0.33789 0.13653
vn -0.3902 0.109 0.91425
vn 0.08483 0.06382 0.99435
vn -0.00577 -0.06973 0.99755
vn -0.05943 0.06758 0.99594
vn 0.94797 0.18193 0.26124
vn 0.03989 0.02752 0.99883
vn 0.09148 -0.02556 0.99548
vn -0.37419 -0.92695 -0.02731
vn 0.06017 -0.07511 0.99536
vn 0.05178 0.03352 0.9981
vn -0.04285 0.0031 0.99908
vn 0.04712 -0.00962 0.99884
vn 0.01222 0.04043 0.99911
vn 0.00411 0.0412 0.99914
vn 0.02783 0.0322 0.99909
vn -0.01847 -0.03294 0.99929
vn 0.03805 0.01909 0.99909
vn 0.0298 -0.02335 0.99928
vn 0.02305 -0.03056 0.99927
vn -0.00524 0.03776 0.99927
vn 0.04035 -0.01338 0.9991
vn -0.03723 -0.00969 0.99926
vn 0.0053 -0.0379 0.99927
vn -0.03352 0.01893 0.99926
vn 0.01952 0.03322 0.99926
vn 0.01417 0.0664 0.99769
vn -0.04725 0.11252 -0.99253
vn -0.02742 0.04078 0.99879
vn -0.01307 0.04038 0.9991
vn 0.07216 0.45253 0.88883
vn -0.0369 -0.0201 0.99912
vn -0.01955 0.03684 0.99913
vn -0.00421 -0.04175 0.99912
vn -0.03714 0.01039 0.99926
vn -0.02339 0.03097 0.99925
vn -0.01234 -0.06886 0.99755
vn 0.05914 -0.14293 -0.98796
vn 0.00239 -0.12967 0.99155
vn -0.09622 -0.07106 0.99282
vn -0.03749 0.02013 0.99909
vn -0.00445 0.14537 0.98937
vn 0.02523 -0.12144 0.99228
vn 0.05022 -0.01035 0.99868
vn 0.03722 0.01863 0.99913
vn -0.00912 0.05058 0.99868
vn 0.34631 -0.33157 0.87757
vn 0.02778 -0.04236 0.99872
vn 0.00411 -0.04103 0.99915
vn -0.00486 0.0943 0.99553
vn 0.00239 -0.07297 0.99733
vn -0.03906 -0.028 0.99884
vn -0.1984 -0.46938 0.86042
vn 0.04932 0.0104 0.99873
vn 0.03969 -0.03251 0.99868
vn 0.01043 -0.04963 0.99871
vn 0.00589 -0.03172 0.99948
vn -0.00827 -0.06812 0.99764
vn 0.26663 0.17965 0.94691
vn -0.04091 0.0482 0.998
vn -0.00947 -0.04708 0.99885
vn -0.01294 -0.12574 0.99198
vn -0.22769 0.2185 0.9489
vn 0.05964 -0.11084 0.99205
vn 0.13137 0.08646 0.98756
vn -0.0532 -0.03003 0.99813
vn 0.01427 -0.06641 0.99769
vn 0.0371 -0.05295 0.99791
vn 0.0261 -0.03197 0.99915
vn -0.01682 0.06345 0.99784
vn -0.04849 0.07627 0.99591
vn -0.02749 0.05599 0.99805
vn 0.1073 -0.51048 0.85317
vn -0.10365 0.00472 0.9946
vn -0.03166 0.0276 0.99912
vn 0.02325 0.03077 0.99926
vn 0.03016 -0.02275 0.99929
vn -0.02297 -0.03048 0.99927
vn -0.04193 0.003 0.99912
vn -0.00402 0.04225 0.9991
vn 0.14147 0.33531 0.93143
vn 0.03721 -0.00966 0.99926
vn 0.4226 0.08562 0.90226
vn 0.0097 0.03733 0.99926
vn 0.11973 -0.5034 0.85572
vn 0.0378 -0.01914 0.9991
vn 0.03206 0.02619 0.99914
vn -0.0103 0.03731 0.99925
vn 0.00303 0.04147 0.99914
vn -0.04246 0.00419 0.99909
vn 0.03701 -0.01871 0.99914
vn -0.04082 0.01238 0.99909
vn -0.0375 -0.0274 0.99892
vn 0.01914 0.03793 0.9991
vn 0.03753 0.00525 0.99928
vn -0.03782 0.00986 0.99924
vn 0.02326 -0.02977 0.99929
vn -0.03306 -0.01949 0.99926
vn 0.0396 -0.012 0.99914
vn 0.03063 -0.02312 0.99926
vn -0.03987 0.01328 0.99912
vn 0.04033 0.01322 0.9991
vn -0.03028 0.02382 0.99926
vn -0.0194 -0.03307 0.99926
vn 0.03666 0.00949 0.99928
vn 0.04205 0.00416 0.99911
vn 0.1126 0.05943 0.99186
vn 0.91565 -0.38703 0.10856
vn -0.01859 -0.06708 0.99757
vn 0.01852 -0.06584 0.99766
vn 0.04397 -0.04131 0.99818
vn 0.89594 0.36915 0.247
vn 0.96915 0.21493 0.12065
vn 0.06063 0.01885 0.99798
vn 0.03383 0.05626 0.99784
vn -0.05321 0.02845 0.99818
vn 0.55383 -0.83234 0.02203
vn -0.04914 0.0777 0.99577
vn -0.01984 -0.0673 0.99754
vn 0.03186 0.09395 0.99507
vn 0.05382 -0.04161 0.99768
vn 0.05968 0.02253 0.99796
vn -0.17841 -0.9839 0.01021
vn -0.05365 -0.04186 0.99768
vn -0.00703 0.09488 0.99546
vn -0.03652 -0.12133 0.99194
vn 0.02421 -0.04503 0.99869
vn 0.06618 -0.01197 0.99774
vn -0.02846 0.08764 0.99575
vn 0.02059 0.06244 0.99784
vn 0.73954 0.6656 0.10031
vn -0.09873 -0.02513 0.9948
vn 0.05901 0.01836 0.99809
vn -0.69354 0.15591 0.70335
vn 0.00964 -0.09588 0.99535
vn -0.03276 0.05646 0.99787
vn -0.13436 -0.01088 0.99087
vn -0.18601 0.0027 -0.98254
vn -0.0424 -0.00374 0.99909
vn -0.03755 -0.01938 0.99911
vn -0.15374 0.06674 -0.98585
vn 0.07605 0.07529 0.99426
vn -0.15374 0.06674 -0.98585
vn -0.11184 0.11182 -0.98742
vn -0.03824 0.01931 0.99908
vn -0.0421 -0.0046 0.9991
vn -0.06184 0.14776 -0.98709
vn -0.00186 0.16838 -0.98572
vn -0.14079 0.00272 -0.99004
vn 0.08626 -0.12132 0.98886
vn -0.04852 0.00436 0.99881
vn 0.11347 -0.04624 -0.99246
vn 0.08636 0.12126 0.98886
vn 0.03718 -0.01038 0.99925
vn 0.06344 -0.09041 0.99388
vn 0.12121 0.12057 -0.98528
vn 0.06352 0.09036 0.99388
vn 0.0147 0.04675 0.9988
vn 0.00313 0.04238 0.9991
vn -0.18477 0.16839 0.96825
vn 0.15584 0.06428 -0.98569
vn 0.16386 -0.00115 -0.98648
vn 0.04515 -0.10918 -0.993
vn 0.16386 -0.00115 -0.98648
vn -0.14515 -0.07106 -0.98685
vn -0.00145 -0.14961 -0.98874
vn -0.05449 -0.12512 -0.99064
vn -0.61933 -0.44587 0.64624
vn -0.05449 -0.12512 -0.99064
vn -0.62503 -0.7806 0
vn 0.10986 0.99395 0
vn 0.11014 -0.99392 0
vn -0.78046 0.62521 0
vn 0.62506 0.78058 0
vn 0.82578 0.52847 0.19698
vn -0.19344 0.97638 0.09629
vn 0.48193 0.87621 0
vn 0.98253 0.18609 -0.00227
vn 0.87616 0.48203 0
vn 0.62489 -0.78071 0
vn -0.99395 -0.10986 0
vn 0.62506 0.78058 0
vn -0.27866 -0.96039 0
vn -0.4818 0.87628 0
vn 0.48214 -0.87609 0
vn -0.96031 0.27892 0
vn 0.10986 0.99395 0
vn 0.27884 0.96034 0
vn 0.10986 0.99395 0
vn -0.96031 0.27892 0
vn -0.96031 0.27892 0
vn 0.48215 -0.87609 0
vn 0.92706 0.36646 0.07911
vn -0.11011 -0.99392 0
vn 0.96039 0.27865 0
vn 0.96039 0.27865 0
vn -0.4818 0.87628 0
vn -0.4818 0.87628 0
vn -0.11583 0.06009 0.99145
vn 0.27858 -0.96041 0
vn 0.72274 0.69064 -0.02558
vn -0.99395 0.10982 0
vn -0.27866 -0.96039 0
vn -0.27866 -0.96039 0
vn 0.7806 0.62503 0
vn 0.7806 0.62503 0
vn 0.62506 0.78057 0
vn -0.27892 0.96031 0
vn -0.99395 -0.10986 0
vn -0.99395 -0.10986 0
vn 0.62489 -0.78071 0
vn 0.62489 -0.78071 0
vn 0.7806 0.62503 0
vn -0.7256 0.68336 0.08071
vn 0.87616 0.48203 0
vn 0.98255 0.18597 0.00196
vn -0.11011 -0.99392 0
vn 0.82773 0.55844 0.05482
vn 0.99392 0.11011 0
vn 0.40043 0.91628 -0.00976
vn -0.00106 -0.99707 0.07645
vn 0.87609 -0.48215 0
vn 0.87609 -0.48215 0
vn 0.84559 -0.53017 0.0625
vn -0.40565 -0.91237 0.05503
vn 0.48193 0.87621 0
vn -0.6252 0.78046 0
vn -0.6252 0.78046 0
vn -0.87621 -0.48192 0
vn -0.87621 -0.48192 0
vn 0.78072 -0.62489 0
vn -0.00456 0.99701 0.07716
vn 0.48193 0.87621 0
vn 0.62506 0.78057 0
vn 0.48193 0.87621 0
vn -0.78046 0.6252 0
vn -0.78046 0.6252 0
vn 0.11014 -0.99392 0
vn 0.11014 -0.99392 0
vn 0.57642 -0.81633 -0.03664
vn -0.48202 -0.87616 0
vn 0.99392 -0.11014 0
vn 0.99392 -0.11014 0
vn -0.00034 -0.99993 -0.01219
vn -0.87628 0.4818 0
vn 0.10986 0.99395 0
vn -0.00733 0.99808 -0.0615
vn -0.96034 -0.27885 0
vn 0.69942 0.68057 0.21825
vn -0.62503 -0.7806 0
vn -0.62503 -0.7806 0
vn 0.06898 0.07836 0.99454
vn -0.0832 -0.09651 0.99185
vn 0.02739 0.03972 0.99884
vn 0.02836 -0.04195 0.99872
vn 0.09877 0.03218 0.99459
vn 0.06526 -0.00844 0.99783
vn 0.99059 0.01621 0.1359
vn -0.0028 0.51832 0.85518
vn -0.01439 0.0498 0.99866
vn -0.60048 0.79959 0.009
vn 0.0439 0.04138 0.99818
vn 0.04184 -0.05346 0.99769
vn -0.04174 -0.05842 0.99742
vn 0.03422 -0.05868 0.99769
vn 0.01436 0.12736 0.99175
vn 0.09765 -0.0795 0.99204
vn 0.03334 0.05699 0.99782
vn 0.16432 -0.06475 0.98428
vn -0.05697 -0.01575 0.99825
vn -0.00142 -0.07662 0.99706
vn -0.03304 0.04079 0.99862
vn -0.07533 -0.10467 0.99165
vn -0.05806 -0.00808 0.99828
vn 0.09427 -0.00779 0.99552
vn 0.59972 -0.79908 0.04243
vn 0.09864 0.01366 0.99503
vn 0.04932 0.0388 0.99803
vn -0.0303 -0.02295 0.99928
vn -0.05904 -0.11231 0.99192
vn 0.087 -0.04175 0.99533
vn -0.08253 -0.05484 0.99508
vn -0.0645 -0.07286 0.99525
vn 0.03345 -0.05977 0.99765
vn -0.05704 -0.0162 0.99824
vn 0.96261 -0.0076 0.2708
vn -0.0744 0.05639 0.99563
vn -0.4539 -0.29127 -0.8421
vn -0.10396 0.00256 0.99458
vn 0.06432 -0.00833 0.99789
vn 0.09738 0.036 0.9946
vn 0.05181 0.03772 0.99794
vn 0.01258 0.09699 0.99521
vn -0.09582 -0.03421 0.99481
vn 0.01066 0.04825 0.99878
vn 0.06113 0.08847 0.9942
vn -0.01874 -0.06758 0.99754
vn 0.04611 -0.08458 0.99535
vn 0.06335 0.01057 0.99794
vn -0.07848 0.31818 0.94478
vn 0.03636 -0.12048 0.99205
vn 0.07567 -0.05981 0.99534
vn 0.1218 0.03621 0.99189
vn -0.09905 -0.02521 0.99476
vn -0.02725 -0.08895 0.99566
vn 0.02619 0.05445 0.99817
vn 0.10442 -0.06308 0.99253
vn -0.05794 -0.00901 0.99828
vn -0.08779 0.04352 0.99519
vn -0.01001 -0.05004 0.9987
vn 0.42961 -0.90291 0.01346
vn -0.05866 0.00668 0.99826
vn 0.99024 -0.02028 0.13788
vn 0.00225 -0.01316 -0.99991
vn 0.05203 0.03366 0.99808
vn -0.09934 -0.02439 0.99475
vn 0.94954 -0.17539 0.26002
vn 0.06441 -0.00625 0.9979
vn 0.09211 -0.02377 0.99547
vn 0.35475 -0.21628 0.9096
vn -0.02694 -0.08918 0.99565
vn -0.01556 0.06466 0.99779
vn -0.03956 0.05132 0.9979
vn -0.05995 0.06711 0.99594
vn -0.00696 -0.09336 0.99561
vn 0.0817 -0.11921 0.9895
vn 0.03449 -0.05915 0.99765
vn -0.00702 -0.09404 0.99554
vn 0.01209 -0.09551 0.99535
vn 0.11482 -0.04505 0.99236
vn -0.02605 -0.05699 0.99803
vn 0.00981 -0.06766 0.99766
vn 0.02772 -0.09268 0.99531
vn 0.06326 0.01115 0.99793
vn -0.01706 0.06428 0.99779
vn -0.10732 0.49936 0.85972
vn 0.0614 -0.08815 0.99421
vn 0.06812 0.07738 0.99467
vn 0.08334 0.06548 0.99437
vn 0.04222 -0.05395 0.99765
vn 0.96266 0.00401 0.27067
vn -0.03957 0.12234 0.9917
vn -0.02678 -0.04012 0.99884
vn -0.04936 -0.08057 0.99553
vn -0.05005 -0.08174 0.9954
vn 0.85439 -0.50626 0.1171
vn 0.03706 -0.01996 0.99911
vn -0.03312 0.01946 0.99926
vn 0.04122 0.00407 0.99914
vn 0.0187 0.03311 0.99928
vn -0.15528 0.22421 0.96209
vn -0.03083 0.02426 0.99923
vn 0.04244 0.00307 0.99909
vn 0.0415 0.00296 0.99913
vn -0.038 -0.00537 0.99926
vn 0.07783 0.363 0.92853
vn 0.03718 0.01032 0.99926
vn -0.04076 0.01355 0.99908
vn -0.00968 0.03734 0.99926
vn 0.0376 -0.00462 0.99928
vn 0.03947 0.01297 0.99914
vn -0.00953 0.03684 0.99928
vn -0.03087 -0.0234 0.99925
vn 0.03221 0.02768 0.9991
vn -0.03779 0.01058 0.99923
vn -0.04004 0.01215 0.99912
vn -0.0101 -0.33323 0.94279
vn 0.0377 0.00456 0.99928
vn -0.03362 0.01974 0.99924
vn -0.00531 0.03841 0.99925
vn 0.00464 -0.03813 0.99926
vn 0.00526 0.0376 0.99928
vn 0.03944 -0.01312 0.99914
vn -0.04004 -0.01221 0.99912
vn -0.03783 -0.00987 0.99924
vn -0.0378 -0.01061 0.99923
vn 0.00532 0.03818 0.99926
vn 0.0195 -0.03638 0.99915
vn -0.004 -0.14545 0.98936
vn -0.03829 0.00462 0.99926
vn -0.00465 -0.03804 0.99927
vn 0.01029 -0.037 0.99926
vn -0.01913 0.03413 0.99923
vn -0.00449 0.03795 0.99927
vn 0.00459 0.03777 0.99928
vn -0.30538 0.41909 0.85505
vn 0.02659 -0.03259 0.99912
vn -0.03896 0.00469 0.99923
vn -0.01883 -0.03359 0.99926
vn 0.00523 -0.03731 0.99929
vn 0.01871 0.03714 0.99914
vn 0.01022 0.03666 0.99928
vn 0.01041 0.0373 0.99925
vn -0.00529 -0.03781 0.99927
vn -0.02356 -0.0302 0.99927
vn -0.01939 0.03305 0.99927
vn -0.02359 0.03022 0.99926
vn -0.03987 -0.01338 0.99912
vn 0.04191 -0.00426 0.99911
vn 0.01905 -0.03787 0.9991
vn 0.0404 -0.01223 0.99911
vn 0.02645 0.0379 0.99893
vn -0.02681 0.04123 0.99879
vn 0.04113 -0.00417 0.99915
vn 0.03303 -0.01944 0.99927
vn 0.03072 0.02319 0.99926
vn 0.02367 -0.03027 0.99926
vn -0.00206 0.07318 0.99732
vn 0.43967 0.01303 0.89806
vn -0.05952 0.00355 0.99822
vn 0.03261 -0.02672 0.99911
vn 0.00466 0.03842 0.99925
vn 0.03372 0.01899 0.99925
vn 0.02683 -0.0396 0.99886
vn 0.00954 0.03676 0.99928
vn 0.01913 -0.0325 0.99929
vn 0.0189 -0.0335 0.99926
vn 0.04038 0.01212 0.99911
vn 0.04228 -0.00323 0.9991
vn 0.36452 0.24077 0.89953
vn -0.01908 -0.03249 0.99929
vn -0.00352 0.11682 0.99315
vn 0.03838 0.00464 0.99925
vn -0.13522 0.00044 0.99082
vn 0.03292 -0.01863 0.99928
vn -0.01411 -0.06711 0.99765
vn 0.0315 0.02712 0.99914
vn 0.03033 -0.02377 0.99926
vn -0.00317 -0.04212 0.99911
vn -0.04085 -0.01245 0.99909
vn 0.00944 -0.03647 0.99929
vn -0.02263 -0.03005 0.99929
vn -0.01878 0.0335 0.99926
vn 0.01989 -0.0371 0.99911
vn 0.03824 -0.00469 0.99926
vn 0.03324 0.01952 0.99926
vn 0.02348 0.02994 0.99928
vn 0.03271 0.01923 0.99928
vn -0.03227 0.02658 0.99913
vn 0.00314 -0.04221 0.9991
vn -0.01976 -0.0372 0.99911
vn -0.04006 0.03264 0.99866
vn 0.04087 0.022 0.99892
vn -0.01774 -0.50077 0.8654
vn -0.03789 0.03102 0.9988
vn 0.03884 -0.14832 0.98818
vn -0.05864 0.01101 0.99822
vn -0.69845 0.61363 0.36828
vn -0.05592 0.28371 0.95728
vn -0.04402 0.02341 0.99876
vn 0.01351 0.0605 0.99808
vn 0.07885 -0.0981 0.99205
vn 0.01531 -0.05992 0.99809
vn -0.04187 -0.05811 0.99743
vn -0.1734 -0.25361 0.95164
vn -0.00502 -0.04873 0.9988
vn -0.01084 0.49538 0.86861
vn -0.04872 0.00966 0.99877
vn -0.00481 0.15809 0.98741
vn 0.0667 0.16022 -0.98483
vn -0.08835 0.03857 0.99534
vn 0.04874 -0.00512 0.9988
vn 0.15271 0.3365 0.92922
vn 0.34942 -0.22266 0.91013
vn 0.10117 -0.10069 0.98976
vn 0.22505 -0.21699 0.94988
vn 0.07633 -0.07511 0.99425
vn 0.26598 -0.37041 0.88997
vn 0.04638 -0.08442 0.99535
vn 0.18602 -0.27582 0.94304
vn 0.06161 0.02523 0.99778
vn 0.06235 -0.00929 0.99801
vn -0.11184 0.11182 -0.98742
vn -0.00046 0.06822 0.99767
vn 0.01201 -0.09477 0.99543
vn 0.03743 0.02573 0.99897
vn -0.03153 0.03882 0.99875
vn 0.02628 0.03205 0.99914
vn 0.05508 -0.03617 0.99783
vn 0.22214 -0.226 0.94846
vn 0.04191 -0.02877 0.99871
vn 0.05895 -0.02129 0.99803
vn -0.05484 0.03602 0.99785
vn -0.01585 -0.07235 0.99725
vn 0.04649 -0.04559 0.99788
vn -0.04667 -0.05511 0.99739
vn -0.05757 -0.08217 0.99495
vn -0.01697 -0.06913 0.99746
vn -0.07299 -0.07276 -0.99468
vn 0.02156 0.11823 0.99275
vn -0.00032 0.00276 -1
vn -0.08439 -0.08132 0.99311
vn -0.12768 -0.03374 0.99124
vn -0.00017 -0.1454 0.98937
vn 0.04701 0.0143 0.99879
vn 0.03662 -0.00949 0.99928
vn 0.1586 -0.06566 0.98516
vn 0.06083 -0.01087 0.99809
vn 0.06368 -0.01763 0.99781
vn -0.10494 -0.10156 0.98928
vn -0.10463 -0.08451 0.99091
vn -0.0572 0.01351 0.99827
vn 0.15584 0.06428 -0.98569
vn -0.1027 0.14468 0.98414
vn -0.00918 -0.09302 0.99562
vn 0.00989 0.04513 0.99893
vn 0.11349 -0.04668 0.99244
vn -0.03947 -0.05852 0.99751
vn 0.01414 -0.04679 0.9988
vn -0.00874 0.32112 0.947
vn -0.04346 0.02773 0.99867
vn 0.2146 -0.47862 0.85139
vn 0.03785 -0.03112 0.9988
vn 0.12716 0.00638 0.99186
vn -0.08786 0.05911 0.99438
vn -0.01629 0.06563 0.99771
vn -0.00869 0.0511 0.99866
vn -0.14641 -0.08309 0.98573
vn 0.02301 -0.043 0.99881
vn 0.03027 0.02283 0.99928
vn -0.04551 -0.01419 0.99886
vn 0.03844 0.14825 0.9882
vn 0.03154 0.09393 0.99508
vn -0.05719 -0.0158 0.99824
vn -0.00448 0.05002 0.99874
vn 0.01959 0.03648 0.99914
vn 0.03002 0.03624 0.99889
vn -0.02473 0.04642 0.99862
vn -0.08306 -0.05427 0.99507
vn -0.27551 0.3973 0.87535
vn 0.09628 0.00384 0.99535
vn 0.07868 -0.36252 0.92865
vn -0.0217 -0.0411 0.99892
vn 0.18493 0.27646 0.94307
vn 0.04744 -0.04508 0.99786
vn 0.26713 -0.17934 0.94683
vn -0.01906 0.03843 0.99908
vn -0.00285 0.04267 0.99909
vn -0.03345 -0.01906 0.99926
vn -0.00307 -0.04122 0.99915
vn -0.03297 -0.01879 0.99928
vn -0.03293 0.02711 0.99909
vn 0.00993 -0.04697 0.99885
vn -0.03861 -0.00492 0.99924
vn -0.11766 0.05182 -0.9917
vn -0.05937 0.01453 0.99813
vn 0.30382 0.41177 0.85915
vn -0.24064 -0.18225 0.95335
vn 0.0472 0.0104 0.99883
vn -0.25292 0.22908 0.93998
vn 0.0096 -0.03703 0.99927
vn -0.01436 0.0671 0.99764
vn -0.02304 0.03055 0.99927
vn -0.08282 -0.05403 0.9951
vn 0.03213 -0.02775 0.9991
vn 0.03801 -0.00532 0.99926
vn 0.02679 0.03269 0.99911
vn 0.012 0.03965 0.99914
vn -0.01071 0.33398 0.94252
vn 0.0186 -0.03705 0.99914
vn 0.0042 0.042 0.99911
vn -0.01997 0.0376 0.99909
vn -0.02677 0.03286 0.9991
vn 0.2433 -0.23612 0.94077
vn -0.00818 0.04867 0.99878
vn 0.03986 -0.02648 0.99885
vn -0.01034 -0.03696 0.99926
vn -0.0305 -0.02418 0.99924
vn -0.01203 0.04043 0.99911
vn -0.1029 0.00238 0.99469
vn -0.00183 -0.07324 0.99731
vn -0.01015 -0.0363 0.99929
vn -0.03241 0.0282 0.99908
vn -0.08589 0.08586 -0.9926
vn -0.04569 -0.01023 0.9989
vn 0.08606 -0.04115 0.99544
vn 0.0131 0.03949 0.99913
vn 0.01336 0.04038 0.9991
vn 0.01322 -0.04021 0.9991
vn -0.00961 -0.037 0.99927
vn 0.02621 -0.04008 0.99885
vn 0.03139 -0.02717 0.99914
vn 0.11863 0.50384 0.85561
vn 0.02759 -0.03212 0.9991
vn 0.01211 -0.04026 0.99912
vn -0.00457 0.03868 0.99924
vn 0.03964 -0.0273 0.99884
vn 0.01857 -0.03292 0.99929
vn -0.36724 -0.27254 0.8893
vn -0.03408 0.01923 0.99923
vn 0.0239 0.03047 0.99925
vn 0.03721 0.00965 0.99926
vn 0.00457 -0.03747 0.99929
vn -0.03066 0.02319 0.99926
vn 0.03313 0.01866 0.99928
vn 0.03814 0.00531 0.99926
vn -0.03843 -0.00542 0.99925
vn -0.03115 0.02358 0.99924
vn -0.03725 0.00969 0.99926
vn 0.02269 -0.03011 0.99929
vn -0.05885 0.01212 0.99819
vn 0.03349 -0.01894 0.99926
vn -0.0197 0.03361 0.99924
vn -0.04079 -0.01365 0.99907
vn 0.03652 -0.01019 0.99928
vn 0.0101 -0.03637 0.99929
vn -0.09274 -0.0046 0.99568
vn 0.01942 -0.03303 0.99927
vn 0.01901 0.03368 0.99925
vn -0.03872 0.00537 0.99924
vn -0.03713 -0.01042 0.99926
vn 0.02288 0.0303 0.99928
vn 0.01924 0.03271 0.99928
vn 0.03268 0.02668 0.99911
vn -0.04299 -0.09734 -0.99432
vn 0.03727 0.01994 0.99911
vn -0.00457 -0.03739 0.99929
vn 0.02725 0.03147 0.99913
vn -0.00944 -0.0364 0.99929
vn 0.01997 0.03718 0.99911
vn 0.0042 -0.04183 0.99912
vn -0.02398 0.03069 0.99924
vn 0.02505 0.12154 0.99227
vn -0.17385 -0.24567 0.95364
vn 0.26647 0.16931 0.94886
vn -0.05654 -0.0319 0.99789
vn -0.04197 0.04954 0.99789
vn 0.04615 -0.08467 0.99534
vn -0.06462 -0.07265 0.99526
vn -0.10009 0.02136 0.99475
vn 0.96041 -0.27858 0
vn 0.11273 -0.05723 0.99198
vn 0.05411 -0.04121 0.99768
vn 0.74057 -0.6645 0.09999
vn 0.08374 0.08104 0.99319
vn 0.01246 0.06429 0.99785
vn -0.05687 -0.01615 0.99825
vn 0.03158 0.09405 0.99507
vn 0.09196 0.05415 0.99429
vn -0.02635 0.0884 0.99574
vn 0.03692 0.05312 0.99791
vn 0.09406 -0.00777 0.99554
vn -0.05995 0.08159 0.99486
vn -0.05958 0.06777 0.99592
vn 0.01146 -0.12553 0.99202
vn 0.01675 0.06378 0.99782
vn -0.0511 0.03646 0.99803
vn 0.08537 0.06427 0.99427
vn -0.04563 -0.05578 0.9974
vn 0.26493 0.37103 0.89003
vn -0.03282 0.05659 0.99786
vn -0.00478 0.05211 0.99863
vn -0.0056 -0.06826 0.99765
vn -0.05133 0.03614 0.99803
vn 0.03402 0.05659 0.99782
vn 0.09616 0.0356 0.99473
vn -0.13241 0.03207 0.99068
vn -0.06014 0.06735 0.99592
vn 0.97028 -0.20977 0.12063
vn 0.01006 -0.06775 0.99765
vn 0.04304 0.04835 0.9979
vn 0.05034 0.0879 0.99486
vn 0.05753 -0.03362 0.99778
vn -0.08589 0.04267 0.99539
vn 0.0595 -0.03223 0.99771
vn -0.00935 -0.04716 0.99884
vn 0.00236 0.07298 0.99733
vn -0.05839 0.01202 0.99822
vn 0.041 -0.05422 0.99769
vn 0.05012 -0.01025 0.99869
vn 0.09348 0.05162 0.99428
vn 0.00951 -0.09489 0.99544
vn -0.03298 0.05635 0.99787
vn -0.00925 -0.09393 0.99554
vn -0.03493 0.04887 0.99819
vn -0.07252 -0.1052 0.9918
vn 0.55477 0.83173 0.02141
vn 0.94635 -0.19721 0.25599
vn -0.07868 0.10608 0.99124
vn 0.01512 0.09662 0.99521
vn -0.03742 0.0527 0.99791
vn 0.29963 0.28558 0.91031
vn -0.02728 -0.08906 0.99565
vn 0.04339 0.09691 0.99435
vn -0.05757 -0.00802 0.99831
vn -0.05818 -0.05219 0.99694
vn -0.04632 -0.08397 0.99539
vn 0.04197 0.05083 0.99782
vn -0.00392 0.04138 0.99914
vn 0.05017 0.03951 0.99796
vn -0.05757 0.00656 0.99832
vn -0.21935 0.32539 0.91978
vn 0.05361 -0.04144 0.9977
vn 0.09718 0.03167 0.99476
vn 0.09425 -0.00844 0.99551
vn -0.09572 -0.03416 0.99482
vn -0.01182 0.03972 0.99914
vn -0.1018 -0.01325 0.99472
vn 0.01955 0.06269 0.99784
vn -0.04802 0.01446 0.99874
vn -0.06468 -0.07272 0.99525
vn 0.09882 0.08059 0.99184
vn 0.06595 0.08111 0.99452
vn 0.14486 -0.09184 0.98518
vn 0.08135 0.11968 0.98947
vn -0.13413 0.02506 0.99065
vn 0.04223 -0.02811 0.99871
vn -0.03934 -0.02858 0.99882
vn -0.02845 0.04361 0.99864
vn 0.59811 0.80024 0.04337
vn 0.99714 -0.00788 0.0752
vn 0.02847 0.99812 0.05427
vn 0.00983 -0.06778 0.99765
vn -0.01416 0.06537 0.99776
vn -0.05709 -0.11624 0.99158
vn -0.0459 0.07923 0.9958
vn 0.05838 -0.03411 0.99771
vn 0.0274 -0.09276 0.99531
vn 0.05972 -0.07545 0.99536
vn 0.04131 -0.05462 0.99765
vn 0.89564 -0.36988 0.24701
vn -0.77301 -0.63439 0
vn 0.09397 -0.00841 0.99554
vn -0.0669 0.06907 0.99537
vn 0.03831 -0.05196 0.99791
vn 0.02836 0.0182 0.99943
vn -0.10909 -0.04284 0.99311
vn 0.03587 -0.03722 -0.99866
vn -0.04351 -0.02792 0.99866
vn -0.01634 -0.07487 -0.99706
vn -0.00096 -0.05168 0.99866
vn 0.02073 -0.11535 0.99311
vn -0.01232 0.03136 0.99943
vn -0.04341 -0.19889 -0.97906
vn -0.00408 -0.01869 0.99982
vn -0.29126 0.45389 0.84211
vn 0.115 0.52692 -0.8421
vn -0.0161 -0.01033 -0.99982
vn 0.50199 0.19712 0.84211
vn -0.01092 -0.01571 -0.99982
vn 0.11622 0.16714 0.97906
vn 0.00062 0.03369 -0.99943
vn 0.02499 0.11449 -0.99311
vn -0.00914 0.05088 0.99866
vn -0.07662 0.00142 0.99706
vn 0.00142 0.07662 0.99706
vn 0.04812 0.01889 0.99866
vn -0.04684 -0.10742 -0.99311
vn 0.02836 0.0182 -0.99943
vn -0.08138 -0.1866 -0.97906
vn -0.0161 -0.01033 0.99982
vn 0.49434 -0.21558 0.84211
vn -0.02951 -0.04244 0.99866
vn 0.09622 -0.0669 0.99311
vn -0.01923 -0.02766 0.99943
vn -0.18949 -0.07441 0.97906
vn 0.01754 -0.00765 -0.99982
vn -0.38834 -0.37421 0.84211
vn 0.00999 0.53921 0.84211
vn -0.00765 -0.01754 0.99982
vn -0.11622 -0.16714 0.97906
vn 0.01347 0.03088 -0.99943
vn 0.06329 -0.09863 0.99311
vn 0.01889 -0.04812 0.99866
vn -0.04375 -0.06292 0.99706
vn 0.06292 -0.04375 -0.99706
vn 0.01869 -0.00408 0.99982
vn 0.04341 0.1989 -0.97906
vn 0.01231 -0.03136 0.99943
vn 0.08132 -0.08439 -0.99311
vn 0.01102 0.0505 0.99866
vn -0.01634 -0.07487 0.99706
vn -0.05518 -0.05318 -0.99706
vn -0.03722 -0.03587 0.99866
vn 0.08132 -0.08439 0.99311
vn -0.02426 -0.02338 0.99943
vn 0.20354 -0.00377 -0.97906
vn 0.00765 0.01754 0.99982
vn -0.07292 0.05525 0.99581
vn 0.30788 0.44279 0.84211
vn -0.10742 0.04685 0.99311
vn -0.00596 0.03316 -0.99943
vn -0.17133 -0.10995 -0.97906
vn 0.01378 0.01327 0.99982
vn 0.29127 -0.4539 -0.8421
vn 0.19713 -0.50201 -0.8421
vn -0.00408 -0.01869 -0.99982
vn -0.04341 -0.19889 0.97906
vn 0.01347 0.03088 0.99943
vn -0.10742 0.04684 -0.99311
vn -0.04351 -0.02792 -0.99866
vn 0.05318 -0.05518 -0.99706
vn -0.0645 -0.04139 -0.99706
vn 0.04351 0.02792 -0.99866
vn 0.18661 -0.08138 -0.97906
vn -0.02836 -0.0182 -0.99943
vn 0.10742 -0.04685 0.99311
vn -0.04812 -0.01889 -0.99866
vn -0.07662 0.00142 -0.99706
vn -0.03063 -0.07025 -0.99706
vn -0.0505 0.01102 -0.99866
vn 0.10742 -0.04684 -0.99311
vn -0.02766 0.01923 0.99943
vn -0.20037 -0.03601 -0.97906
vn -0.01781 -0.00699 0.99982
vn -0.29127 0.4539 -0.8421
vn 0.21558 0.49436 -0.8421
vn -0.00338 0.01883 0.99982
vn 0.03136 0.01231 -0.99943
vn 0.18661 -0.08138 0.97906
vn -0.01033 0.0161 -0.99982
vn -0.53921 0.00999 0.84211
vn -0.0954 0.53082 -0.8421
vn -0.00699 0.01781 -0.99982
vn -0.18949 -0.07441 -0.97906
vn 0.02338 -0.02426 0.99943
vn -0.08132 0.08439 0.99311
vn 0.00914 -0.05088 0.99866
vn -0.07543 -0.01356 0.99706
vn 0.01634 0.07487 -0.99706
vn 0.02066 0.04738 -0.99866
vn -0.11534 -0.02073 -0.99311
vn -0.02073 0.11534 -0.99311
vn -0.02066 -0.04738 -0.99866
vn 0.07543 0.01356 -0.99706
vn -0.07133 -0.02801 -0.99706
vn -0.05168 0.00096 0.99866
vn -0.09622 0.0669 0.99311
vn 0.02426 0.02338 0.99943
vn -0.20354 0.00377 -0.97906
vn -0.00036 -0.01913 0.99982
vn 0.00999 0.53923 -0.8421
vn -0.21557 -0.49434 0.84212
vn -0.00035 -0.01913 -0.99982
vn 0.04341 0.1989 0.97906
vn -0.03369 0.00062 -0.99943
vn 0.00338 -0.01883 -0.99982
vn 0.11499 0.5269 0.84211
vn -0.53081 -0.0954 -0.8421
vn -0.01913 0.00035 -0.99982
vn 0.14659 0.14126 -0.97906
vn -0.03292 0.00718 -0.99943
vn 0.09863 0.06329 0.99311
vn -0.00096 -0.05168 -0.99866
vn 0.01356 -0.07543 -0.99706
vn 0.01634 0.07487 0.99706
vn -0.03722 -0.03587 -0.99866
vn 0.04684 0.10742 -0.99311
vn -0.01231 0.03136 -0.99943
vn -0.19889 0.04341 -0.97906
vn -0.04738 0.02066 -0.99866
vn -0.04375 -0.06292 -0.99706
vn 0.04375 0.06292 -0.99706
vn 0.04738 -0.02066 0.99866
vn 0.04685 0.10742 0.99311
vn -0.03316 -0.00596 0.99943
vn -0.1866 0.08138 -0.97906
vn 0.01378 0.01327 -0.99982
vn 0.38835 0.37422 0.84211
vn -0.4428 0.30788 -0.8421
vn 0.00765 0.01754 -0.99982
vn -0.17133 -0.10995 0.97906
vn -0.03088 0.01347 -0.99943
vn 0.00217 0.11717 0.99311
vn 0.5308 0.0954 0.84211
vn 0.38836 0.37423 -0.8421
vn 0.01571 -0.01092 0.99982
vn 0.20037 0.03601 -0.97906
vn 0.00718 0.03292 -0.99943
vn -0.11717 0.00217 -0.99311
vn -0.0505 0.01102 0.99866
vn -0.0645 -0.04139 0.99706
vn -0.06292 0.04375 -0.99706
vn -0.00914 0.05088 -0.99866
vn 0.08439 0.08132 0.99311
vn -0.02836 -0.0182 0.99943
vn -0.16714 0.11622 -0.97906
vn 0.01092 0.01571 0.99982
vn -0.05318 0.05518 0.99706
vn 0.04375 0.06292 0.99706
vn -0.03587 0.03722 0.99866
vn 0.04283 -0.10908 -0.99311
vn -0.01347 -0.03088 -0.99943
vn 0.10995 -0.17133 0.97906
vn -0.01327 0.01378 0.99982
vn 0.30789 0.4428 -0.8421
vn -0.53923 0.00999 -0.8421
vn -0.01092 -0.01571 0.99982
vn 0.18949 0.07441 -0.97906
vn -0.01347 -0.03088 0.99943
vn -0.00217 -0.11717 -0.99311
vn -0.01102 -0.0505 0.99866
vn -0.11499 -0.52691 -0.8421
vn 0.01869 -0.00408 -0.99982
vn -0.10995 0.17133 0.97906
vn -0.0182 0.02836 -0.99943
vn -0.06329 0.09863 0.99311
vn -0.04738 0.02066 0.99866
vn -0.02801 0.07133 0.99706
vn 0.03063 0.07025 0.99706
vn -0.02792 0.04351 0.99866
vn 0.10909 0.04284 0.99311
vn 0.03316 0.00596 -0.99943
vn -0.18661 0.08138 0.97906
vn -0.00699 0.01781 0.99982
vn -0.5269 0.11499 0.84211
vn 0.05518 0.05318 -0.99706
vn 0.01102 0.0505 -0.99866
vn 0.00217 0.11717 -0.99311
vn 0.00596 -0.03316 0.99943
vn 0.00377 0.20354 0.97906
vn -0.01033 0.0161 0.99982
vn -0.49436 0.21558 -0.8421
vn 0.52692 -0.115 -0.8421
vn 0.00035 0.01913 0.99982
vn -0.07441 0.18949 0.97906
vn -0.0182 0.02836 0.99943
vn -0.04284 0.10909 0.99311
vn -0.01889 0.04812 -0.99866
vn -0.07543 -0.01356 -0.99706
vn 0.0954 -0.53082 -0.8421
vn -0.00338 0.01883 -0.99982
vn -0.20354 0.00377 0.97906
vn 0.03088 -0.01347 -0.99943
vn 0.0669 0.09622 0.99311
vn -0.04244 0.02951 -0.99866
vn 0.04139 -0.0645 0.99706
vn 0.06292 -0.04375 0.99706
vn -0.04244 0.02951 0.99866
vn 0.11535 0.02073 0.99311
vn -0.00062 -0.03369 -0.99943
vn 0.11622 0.16714 -0.97906
vn -0.01571 0.01092 0.99982
vn -0.5308 -0.0954 0.84211
vn 0.00914 -0.05088 -0.99866
vn 0.02073 -0.11534 -0.99311
vn 0.03292 -0.00718 -0.99943
vn 0.00377 0.20354 -0.97906
vn -0.01883 -0.00338 0.99982
vn -0.38836 -0.37423 -0.8421
vn -0.37422 0.38834 0.84211
vn -0.01378 -0.01328 -0.99982
vn 0.19889 -0.04341 -0.97906
vn -0.03369 0.00062 0.99943
vn -0.10908 -0.04283 -0.99311
vn 0.0505 -0.01102 -0.99866
vn -0.03063 -0.07025 0.99706
vn -0.07487 0.01634 -0.99706
vn -0.03601 0.20037 -0.97906
vn -0.03136 -0.01231 -0.99943
vn -0.02499 -0.1145 0.99311
vn -0.05168 0.00096 -0.99866
vn -0.06292 0.04375 0.99706
vn 0.07133 0.02801 0.99706
vn 0.02066 0.04738 0.99866
vn -0.09863 -0.06329 0.99311
vn 0.00062 0.03369 0.99943
vn 0.08138 0.1866 -0.97906
vn -0.00765 -0.01754 -0.99982
vn 0.0954 -0.53081 0.84211
vn -0.52692 0.115 -0.8421
vn 0.01571 -0.01092 -0.99982
vn -0.03292 0.00718 0.99943
vn 0.07441 -0.18949 0.97906
vn 0.01327 -0.01378 -0.99982
vn 0.53082 0.0954 -0.8421
vn 0.53923 -0.00999 -0.8421
vn -0.01328 0.01378 -0.99982
vn -0.03601 0.20037 0.97906
vn -0.02338 0.02426 -0.99943
vn -0.09622 0.0669 -0.99311
vn -0.05088 -0.00914 0.99866
vn -0.04139 0.0645 -0.99706
vn 0.05518 0.05318 0.99706
vn 0.00096 0.05168 0.99866
vn -0.02499 -0.11449 -0.99311
vn -0.03316 -0.00596 -0.99943
vn -0.1145 0.02499 0.99311
vn -0.01102 -0.0505 -0.99866
vn -0.01356 0.07543 -0.99706
vn -0.07025 0.03063 0.99706
vn 0.02951 0.04244 0.99866
vn 0.09863 0.06329 -0.99311
vn 0.01923 0.02766 0.99943
vn 0.10995 -0.17133 -0.97906
vn 0.01883 0.00338 0.99982
vn 0.44279 -0.30788 0.84211
vn 0.44281 -0.30789 -0.8421
vn 0.01092 0.01571 -0.99982
vn 0.17133 0.10995 -0.97906
vn -0.11622 -0.16714 -0.97906
vn -0.01754 0.00765 0.99982
vn -0.44279 0.30787 0.84211
vn 0.49436 -0.21558 -0.8421
vn -0.01754 0.00765 -0.99982
vn -0.20036 -0.03601 0.97906
vn 0.02426 0.02338 -0.99943
vn -0.11717 0.00217 0.99311
vn -0.02792 0.04351 -0.99866
vn -0.02801 0.07133 -0.99706
vn 0.03063 0.07025 -0.99706
vn 0.05168 -0.00096 0.99866
vn 0.0669 0.09622 -0.99311
vn 0.03316 0.00596 0.99943
vn 0.1145 -0.02499 0.99311
vn -0.03587 0.03722 -0.99866
vn 0.07662 -0.00142 -0.99706
vn 0.07662 -0.00142 0.99706
vn 0.04351 0.02792 0.99866
vn 0.08439 0.08132 -0.99311
vn -0.02338 0.02426 0.99943
vn 0.08138 0.1866 0.97906
vn 0.01033 -0.0161 -0.99982
vn -0.19712 0.50199 0.84211
vn -0.45388 -0.29126 0.84211
vn 0.0161 0.01033 -0.99982
vn 0.17133 0.10995 0.97906
vn 0.02766 -0.01923 -0.99943
vn 0.00699 -0.01781 0.99982
vn 0.37423 -0.38836 -0.8421
vn 0.29126 -0.45389 0.84211
vn 0.01781 0.00699 -0.99982
vn 0.14126 -0.14659 0.97906
vn -0.02426 -0.02338 -0.99943
vn -0.04685 -0.10742 0.99311
vn 0.04812 0.01889 -0.99866
vn 0.0645 0.04139 -0.99706
vn 0.07133 0.02801 -0.99706
vn -0.02951 -0.04244 -0.99866
vn 0.10908 0.04283 -0.99311
vn -0.01923 -0.02766 -0.99943
vn -0.10995 0.17133 -0.97906
vn 0.03722 0.03587 -0.99866
vn 0.00142 0.07662 -0.99706
vn 0.07025 -0.03063 -0.99706
vn 0.05088 0.00914 0.99866
vn 0.11449 -0.02499 -0.99311
vn 0.00718 0.03292 0.99943
vn 0.03601 -0.20037 0.97906
vn 0.01754 -0.00765 0.99982
vn -0.37423 0.38836 -0.8421
vn -0.21558 -0.49435 -0.8421
vn 0.01883 0.00338 -0.99982
vn 0.20037 0.03601 0.97906
vn 0.03136 0.01231 0.99943
vn -0.0669 -0.09622 -0.99311
vn 0.52691 -0.11499 0.84211
vn 0.50201 0.19713 -0.8421
vn 0.01913 -0.00035 -0.99982
vn 0.20354 -0.00377 0.97906
vn 0.03369 -0.00062 -0.99943
vn -0.11449 0.02499 -0.99311
vn 0.05168 -0.00096 -0.99866
vn 0.0645 0.04139 0.99706
vn 0.07543 0.01356 0.99706
vn 0.03722 0.03587 0.99866
vn -0.04283 0.10908 -0.99311
vn 0.0182 -0.02836 0.99943
vn -0.14659 -0.14126 -0.97906
vn -0.01378 -0.01328 0.99982
vn 0.07487 -0.01634 0.99706
vn -0.07025 0.03063 -0.99706
vn 0.00096 0.05168 -0.99866
vn -0.02073 0.11535 0.99311
vn 0.01923 0.02766 -0.99943
vn -0.14659 -0.14126 0.97906
vn -0.01883 -0.00338 -0.99982
vn 0.21558 0.49435 0.84211
vn -0.502 -0.19712 -0.8421
vn 0.01328 -0.01378 0.99982
vn 0.1989 -0.04341 0.97906
vn 0.02766 -0.01923 0.99943
vn -0.11535 -0.02073 0.99311
vn -0.04812 -0.01889 0.99866
vn 0.53922 -0.00999 0.84211
vn 0.00338 -0.01883 0.99982
vn -0.07441 0.18949 -0.97906
vn -0.00596 0.03316 0.99943
vn 0.04284 -0.10909 0.99311
vn 0.04738 -0.02066 -0.99866
vn 0.07025 -0.03063 0.99706
vn -0.04139 0.0645 0.99706
vn -0.01889 0.04812 0.99866
vn 0.11717 -0.00217 -0.99311
vn -0.02766 0.01923 -0.99943
vn 0.14659 0.14126 0.97906
vn -0.01869 0.00408 -0.99982
vn 0.37422 -0.38835 0.84211
vn 0.04244 -0.02951 0.99866
vn 0.11534 0.02073 -0.99311
vn 0.03292 -0.00718 0.99943
vn -0.16714 0.11622 0.97906
vn 0.00408 0.01869 -0.99982
vn -0.00999 -0.53921 0.84211
vn -0.00999 -0.53923 -0.8421
vn -0.01571 0.01092 -0.99982
vn 0.16714 -0.11622 0.97906
vn 0.01781 0.00699 0.99982
vn 0.06329 -0.09863 -0.99311
vn 0.02792 -0.04351 -0.99866
vn 0.04139 -0.0645 -0.99706
vn 0.07487 -0.01634 -0.99706
vn -0.01781 -0.00699 -0.99982
vn -0.14126 0.14659 0.97906
vn 0.02338 -0.02426 -0.99943
vn -0.06329 0.09863 -0.99311
vn 0.05088 0.00914 -0.99866
vn 0.05318 -0.05518 0.99706
vn 0.02801 -0.07133 -0.99706
vn 0.03587 -0.03722 0.99866
vn -0.08439 -0.08132 -0.99311
vn 0.03369 -0.00062 0.99943
vn 0.18949 0.07441 0.97906
vn 0.00035 0.01913 -0.99982
vn -0.11499 -0.5269 0.84212
vn -0.50199 -0.19712 0.84211
vn 0.09622 -0.0669 -0.99311
vn -0.00718 -0.03292 0.99943
vn -0.14126 0.14659 -0.97906
vn 0.01033 -0.0161 0.99982
vn 0.45389 0.29127 0.84211
vn 0.19712 -0.50199 0.84211
vn 0.27143 0.16348 0.94847
vn 0.14126 -0.14659 -0.97906
vn 0.0182 -0.02836 -0.99943
vn -0.08132 0.08439 -0.99311
vn 0.04244 -0.02951 -0.99866
vn -0.07133 -0.02801 0.99706
vn -0.01356 0.07543 0.99706
vn -0.02066 -0.04738 0.99866
vn -0.08138 -0.1866 0.97906
vn 0.01231 -0.03136 -0.99943
vn -0.0669 -0.09622 0.99311
vn 0.01889 -0.04812 -0.99866
vn 0.02801 -0.07133 0.99706
vn -0.05518 -0.05318 0.99706
vn 0.02951 0.04244 -0.99866
vn -0.09863 -0.06329 -0.99311
vn -0.03136 -0.01231 0.99943
vn 0.07441 -0.18949 -0.97906
vn 0.00408 0.01869 0.99982
vn -0.19712 0.502 -0.8421
vn 0.45391 0.29128 -0.8421
vn 0.00699 -0.01781 -0.99982
vn -0.03088 0.01347 0.99943
vn 0.03601 -0.20037 -0.97906
vn -0.01869 0.00408 0.99982
vn -0.0954 0.5308 0.84211
vn -0.49434 0.21558 0.84211
vn -0.01913 0.00035 0.99982
vn -0.19889 0.04341 0.97906
vn 0.00596 -0.03316 -0.99943
vn 0.11717 -0.00217 0.99311
vn -0.05088 -0.00914 -0.99866
vn 0.01356 -0.07543 0.99706
vn -0.07487 0.01634 0.99706
vn 0.02792 -0.04351 0.99866
vn 0.02499 0.1145 0.99311
vn -0.00718 -0.03292 -0.99943
vn -0.00217 -0.11717 0.99311
vn 0.32528 -0.0567 0.94392
vn -0.05318 0.05518 -0.99706
vn -0.00142 -0.07662 -0.99706
vn 0.0505 -0.01102 0.99866
vn 0.04836 -0.04394 0.99786
vn 0.03088 -0.01347 0.99943
vn 0.16714 -0.11622 -0.97906
vn 0.0161 0.01033 0.99982
vn -0.30787 -0.44278 0.84211
vn -0.30788 -0.4428 -0.8421
vn 0.01913 -0.00035 0.99982
vn -0.00377 -0.20354 0.97906
vn 0.57842 -0.80612 0.12488
vn -0.20229 0.9778 0.05458
vn 0.99392 0.11011 0
vn -0.01087 -0.99197 0.12599
vn 0.12222 -0.03482 0.99189
vn -0.05671 0.00361 0.99838
vn 0.01504 -0.99061 0.13586
vn -0.98264 -0.18554 -0
vn 0.82749 -0.55873 0.05554
vn -0.00199 0.99992 -0.01227
vn 0.78071 -0.62489 0
vn -0.8277 -0.56058 0.02592
vn -0.28117 0.95966 -0
vn -0.98264 -0.18554 0
vn -0.10281 0.00464 0.99469
vn 0.04632 0.04569 0.99788
vn 0.21347 0.47886 0.85154
vn -0.89999 -0.16105 0.40506
vn 0.03311 0.0566 0.99785
vn -0.08465 0.05987 0.99461
vn -0.00024 -0.06826 0.99767
vn -0.81754 0.56128 0.12882
vn 0.09802 0.99518 0
vt 0.60301 0.18488
vt 0.6513 0.17775
vt 0.60255 0.17532
vt 0.60396 0.16586
vt 0.60719 0.15685
vt 0.61212 0.14865
vt 0.61855 0.14156
vt 0.62624 0.13587
vt 0.63489 0.13178
vt 0.64417 0.12947
vt 0.65373 0.129
vt 0.6632 0.13042
vt 0.6722 0.13365
vt 0.6804 0.13857
vt 0.68749 0.145
vt 0.69318 0.15269
vt 0.69727 0.16134
vt 0.69959 0.17063
vt 0.70005 0.18018
vt 0.69864 0.18965
vt 0.69541 0.19865
vt 0.69048 0.20686
vt 0.68405 0.21394
vt 0.67636 0.21964
vt 0.66771 0.22372
vt 0.65842 0.22604
vt 0.64887 0.2265
vt 0.6394 0.22509
vt 0.6304 0.22186
vt 0.62219 0.21693
vt 0.61511 0.2105
vt 0.60942 0.20281
vt 0.60533 0.19416
vt 0.85389 0.46366
vt 0.85165 0.46435
vt 0.85401 0.47578
vt 0.85418 0.36253
vt 0.85649 0.3621
vt 0.85422 0.35055
vt 0.93128 0.48849
vt 0.93353 0.48829
vt 0.93148 0.47687
vt 0.80273 0.48904
vt 0.8049 0.48835
vt 0.80294 0.47715
vt 0.91337 0.16251
vt 0.91371 0.16418
vt 0.92221 0.16279
vt 0.91061 0.14376
vt 0.91081 0.1455
vt 0.91952 0.14418
vt 0.72472 0.0799
vt 0.72462 0.0782
vt 0.71612 0.07931
vt 0.81617 0.15781
vt 0.8163 0.15946
vt 0.82482 0.15826
vt 0.75145 0.48798
vt 0.75366 0.4877
vt 0.75135 0.47662
vt 0.72556 0.48787
vt 0.72778 0.48765
vt 0.72576 0.47656
vt 0.72178 0.06045
vt 0.7217 0.0588
vt 0.71326 0.05993
vt 0.77714 0.48806
vt 0.77929 0.48778
vt 0.77703 0.47666
vt 0.80283 0.04169
vt 0.80298 0.04334
vt 0.81151 0.042
vt 0.82062 0.19626
vt 0.82079 0.19802
vt 0.82986 0.19657
vt 0.77383 0.08873
vt 0.77228 0.10124
vt 0.78311 0.08736
vt 0.76715 0.54545
vt 0.75933 0.54744
vt 0.76047 0.55952
vt 0.77579 0.72625
vt 0.77522 0.73255
vt 0.80744 0.73255
vt 0.82293 0.08335
vt 0.82288 0.08163
vt 0.81394 0.0828
vt 0.78965 0.75918
vt 0.79519 0.76212
vt 0.73052 0.11659
vt 0.73063 0.1149
vt 0.72189 0.11603
vt 0.82497 0.75878
vt 0.82967 0.75478
vt 0.81738 0.04471
vt 0.81736 0.04293
vt 0.80838 0.04423
vt 0.83819 0.72643
vt 0.83677 0.7204
vt 0.81379 0.70062
vt 0.80744 0.70008
vt 0.80111 0.70071
vt 0.79502 0.70257
vt 0.80026 0.02404
vt 0.80033 0.02567
vt 0.80885 0.02441
vt 0.77758 0.72018
vt 0.92901 0.4648
vt 0.92674 0.46479
vt 0.9289 0.47647
vt 0.78477 0.75521
vt 0.83069 0.48771
vt 0.83288 0.48772
vt 0.83086 0.47649
vt 0.81956 0.76181
vt 0.7794 0.36186
vt 0.78174 0.36185
vt 0.77951 0.35017
vt 0.83844 0.73255
vt 0.72808 0.36236
vt 0.73043 0.36231
vt 0.72791 0.35036
vt 0.8199 0.70247
vt 0.85659 0.4879
vt 0.8588 0.48769
vt 0.85644 0.47647
vt 0.78054 0.71457
vt 0.73341 0.13584
vt 0.73353 0.13414
vt 0.72476 0.13535
vt 0.78076 0.75038
vt 0.81365 0.76376
vt 0.82842 0.12188
vt 0.82839 0.12014
vt 0.81961 0.12135
vt 0.83813 0.73865
vt 0.82584 0.10268
vt 0.82597 0.10089
vt 0.817 0.10237
vt 0.82548 0.70555
vt 0.72752 0.09723
vt 0.7275 0.09553
vt 0.71895 0.09691
vt 0.78453 0.70964
vt 0.90776 0.48784
vt 0.90996 0.48771
vt 0.90782 0.47648
vt 0.77775 0.74484
vt 0.80744 0.76453
vt 0.90329 0.46486
vt 0.901 0.46503
vt 0.90312 0.47648
vt 0.83637 0.74453
vt 0.93364 0.36181
vt 0.93595 0.36161
vt 0.93358 0.35018
vt 0.83028 0.70971
vt 0.78943 0.70559
vt 0.77588 0.73882
vt 0.8012 0.76392
vt 0.73907 0.17448
vt 0.73903 0.17276
vt 0.7303 0.17391
vt 0.83352 0.74997
vt 0.83409 0.71474
vt 0.88203 0.48784
vt 0.8842 0.4877
vt 0.88202 0.47648
vt 0.17648 0.6939
vt 0.17671 0.69186
vt 0.17671 0.68748
vt 0.17552 0.69274
vt 0.17579 0.69079
vt 0.1758 0.68661
vt 0.17648 0.75351
vt 0.17612 0.75476
vt 0.1761 0.76059
vt 0.17648 0.78123
vt 0.17606 0.78298
vt 0.17604 0.78672
vt 0.17467 0.71938
vt 0.17479 0.72066
vt 0.17468 0.71835
vt 0.17479 0.75173
vt 0.1746 0.75406
vt 0.17463 0.75905
vt 0.10127 0.26006
vt 0.10058 0.28068
vt 0.10242 0.28267
vt 0.1073 0.08616
vt 0.10625 0.05309
vt 0.10591 0.07396
vt 0.1019 0.30573
vt 0.05182 0.16697
vt 0.04831 0.13954
vt 0.04783 0.17277
vt 0.04791 0.10552
vt 0.04769 0.12031
vt 0.1076 0.10555
vt 0.05457 0.2344
vt 0.05444 0.20176
vt 0.05153 0.2037
vt 0.10782 0.12033
vt 0.10051 0.03631
vt 0.10091 0.02132
vt 0.10023 0.02122
vt 0.10063 0.33243
vt 0.09999 0.30439
vt 0.04741 0.14243
vt 0.09963 0.02108
vt 0.05462 0.25693
vt 0.05144 0.23856
vt 0.09914 0.02092
vt 0.04757 0.20144
vt 0.0472 0.16052
vt 0.09878 0.02072
vt 0.10165 0.07602
vt 0.10607 0.11577
vt 0.09856 0.02052
vt 0.04754 0.23588
vt 0.047 0.18047
vt 0.10075 0.0528
vt 0.09863 0.03372
vt 0.04682 0.20108
vt 0.1083 0.16053
vt 0.10851 0.18048
vt 0.09884 0.04913
vt 0.05691 0.03368
vt 0.05709 0.0202
vt 0.05674 0.01985
vt 0.10681 0.16554
vt 0.10868 0.20109
vt 0.05636 0.01966
vt 0.05151 0.25924
vt 0.04751 0.26161
vt 0.04672 0.21861
vt 0.10368 0.13779
vt 0.10106 0.10407
vt 0.09924 0.07435
vt 0.05586 0.0195
vt 0.05669 0.0491
vt 0.05604 0.03411
vt 0.05319 0.28044
vt 0.04777 0.28297
vt 0.04671 0.24083
vt 0.05525 0.01936
vt 0.05456 0.01926
vt 0.10879 0.21862
vt 0.05628 0.07432
vt 0.05486 0.05016
vt 0.05381 0.0192
vt 0.05387 0.33243
vt 0.0486 0.30544
vt 0.0499 0.33247
vt 0.04681 0.26109
vt 0.10139 0.14714
vt 0.09963 0.10029
vt 0.05304 0.01919
vt 0.05274 0.03456
vt 0.04708 0.28263
vt 0.1042 0.19618
vt 0.10703 0.23266
vt 0.05589 0.10027
vt 0.05604 0.07241
vt 0.04765 0.30551
vt 0.10844 0.28264
vt 0.10871 0.2611
vt 0.10821 0.26162
vt 0.05309 0.0746
vt 0.10788 0.30551
vt 0.10795 0.2831
vt 0.0497 0.03596
vt 0.04946 0.05311
vt 0.05516 0.13248
vt 0.05287 0.10488
vt 0.10647 0.33248
vt 0.1074 0.30587
vt 0.10386 0.23488
vt 0.10093 0.19933
vt 0.12221 0.33248
vt 0.12221 0.30246
vt 0.12203 0.31246
vt 0.05501 0.16305
vt 0.05533 0.14485
vt 0.04921 0.0716
vt 0.04881 0.10161
vt 0.04898 0.0364
vt 0.04873 0.05323
vt 0.10656 0.03644
vt 0.1065 0.02037
vt 0.10582 0.0209
vt 0.05192 0.13905
vt 0.10106 0.23837
vt 0.04847 0.06993
vt 0.1068 0.05326
vt 0.10599 0.03637
vt 0.04822 0.08614
vt 0.10705 0.06996
vt 0.10094 0.23441
vt 0.11767 0.08618
vt 0.11661 0.05311
vt 0.11627 0.07397
vt 0.11228 0.30573
vt 0.11281 0.28267
vt 0.11097 0.28068
vt 0.03125 0.18464
vt 0.03477 0.21208
vt 0.03525 0.17884
vt 0.03516 0.24611
vt 0.03538 0.23132
vt 0.11798 0.10556
vt 0.02851 0.11719
vt 0.02864 0.14985
vt 0.03155 0.14791
vt 0.11821 0.12035
vt 0.11086 0.03633
vt 0.11125 0.02134
vt 0.11057 0.02124
vt 0.11292 0.33246
vt 0.11037 0.30439
vt 0.03566 0.2092
vt 0.10997 0.0211
vt 0.02846 0.09467
vt 0.03164 0.11303
vt 0.10948 0.02094
vt 0.03551 0.15017
vt 0.03587 0.1911
vt 0.10912 0.02074
vt 0.11202 0.07604
vt 0.11645 0.11578
vt 0.1089 0.02054
vt 0.03554 0.11571
vt 0.03608 0.17114
vt 0.11111 0.05282
vt 0.10898 0.03374
vt 0.03626 0.15053
vt 0.11869 0.16054
vt 0.1189 0.18049
vt 0.10921 0.04915
vt 0.02616 0.31798
vt 0.02597 0.33146
vt 0.02633 0.33182
vt 0.1172 0.16555
vt 0.11908 0.20109
vt 0.0267 0.332
vt 0.03158 0.09235
vt 0.03557 0.08999
vt 0.03636 0.13299
vt 0.11407 0.1378
vt 0.11144 0.10408
vt 0.10961 0.07436
vt 0.0272 0.33217
vt 0.02638 0.30256
vt 0.02702 0.31755
vt 0.0299 0.07114
vt 0.03531 0.06861
vt 0.03637 0.11077
vt 0.02781 0.3323
vt 0.0285 0.3324
vt 0.11918 0.21862
vt 0.02679 0.27733
vt 0.02821 0.3015
vt 0.02925 0.33246
vt 0.03628 0.0905
vt 0.11178 0.14715
vt 0.11 0.10031
vt 0.03003 0.33248
vt 0.03032 0.3171
vt 0.03601 0.06895
vt 0.1146 0.19618
vt 0.11742 0.23267
vt 0.12063 0.28223
vt 0.12011 0.30825
vt 0.12035 0.31016
vt 0.03449 0.04614
vt 0.03544 0.04607
vt 0.11883 0.28264
vt 0.1191 0.2611
vt 0.1186 0.26163
vt 0.02718 0.25137
vt 0.02703 0.27923
vt 0.02998 0.27704
vt 0.11826 0.30551
vt 0.11834 0.28311
vt 0.03337 0.3157
vt 0.03361 0.29855
vt 0.02791 0.21915
vt 0.0302 0.24676
vt 0.11682 0.33248
vt 0.11778 0.30587
vt 0.11425 0.23488
vt 0.11132 0.19934
vt 0.11969 0.2779
vt 0.11969 0.33248
vt 0.1199 0.31424
vt 0.02807 0.18857
vt 0.02774 0.20678
vt 0.03386 0.28005
vt 0.03426 0.25002
vt 0.03409 0.31526
vt 0.03434 0.29842
vt 0.11692 0.03646
vt 0.11685 0.02039
vt 0.11616 0.02092
vt 0.03116 0.21257
vt 0.11166 0.26007
vt 0.11146 0.23837
vt 0.0346 0.28172
vt 0.11716 0.05328
vt 0.11635 0.03639
vt 0.03485 0.26551
vt 0.11742 0.06998
vt 0.1192 0.277
vt 0.11933 0.29873
vt 0.11944 0.30269
vt 0.08958 0.26653
vt 0.09065 0.29962
vt 0.09098 0.27874
vt 0.095 0.04691
vt 0.09446 0.06998
vt 0.09631 0.07197
vt 0.02086 0.18463
vt 0.02438 0.21207
vt 0.02485 0.17883
vt 0.02478 0.24611
vt 0.025 0.23131
vt 0.08927 0.24714
vt 0.01811 0.11718
vt 0.01824 0.14983
vt 0.02115 0.14789
vt 0.08905 0.23235
vt 0.0964 0.31641
vt 0.09601 0.3314
vt 0.09669 0.3315
vt 0.09437 0.02018
vt 0.09691 0.04825
vt 0.02527 0.20919
vt 0.09729 0.33164
vt 0.01806 0.09465
vt 0.02124 0.11302
vt 0.09778 0.33181
vt 0.02511 0.15015
vt 0.02548 0.19109
vt 0.09814 0.332
vt 0.09218 0.24644
vt 0.08986 0.21866
vt 0.09523 0.27668
vt 0.09836 0.3322
vt 0.02514 0.1157
vt 0.02568 0.17113
vt 0.09615 0.29991
vt 0.09827 0.319
vt 0.02586 0.15052
vt 0.08856 0.19214
vt 0.08836 0.17219
vt 0.09805 0.30358
vt 0.0158 0.31797
vt 0.01562 0.33146
vt 0.01598 0.33182
vt 0.09005 0.18713
vt 0.08818 0.15158
vt 0.01635 0.332
vt 0.02117 0.09233
vt 0.02517 0.08997
vt 0.02596 0.13298
vt 0.09319 0.21489
vt 0.09581 0.24862
vt 0.09764 0.27835
vt 0.01685 0.33217
vt 0.01602 0.30255
vt 0.01667 0.31755
vt 0.0195 0.07112
vt 0.02491 0.06859
vt 0.02597 0.11075
vt 0.01746 0.3323
vt 0.01815 0.3324
vt 0.08808 0.13404
vt 0.01642 0.27732
vt 0.01784 0.3015
vt 0.0189 0.33246
vt 0.02588 0.09048
vt 0.09548 0.20554
vt 0.09725 0.2524
vt 0.01968 0.33248
vt 0.01996 0.3171
vt 0.02561 0.06893
vt 0.09266 0.15649
vt 0.08984 0.12
vt 0.0168 0.25136
vt 0.01665 0.27923
vt 0.02409 0.04612
vt 0.02504 0.04605
vt 0.08844 0.07001
vt 0.08817 0.09155
vt 0.08867 0.09103
vt 0.01961 0.27704
vt 0.08902 0.04713
vt 0.08893 0.06954
vt 0.02301 0.3157
vt 0.02324 0.29854
vt 0.01752 0.21914
vt 0.01981 0.24675
vt 0.09051 0.02016
vt 0.0895 0.04677
vt 0.09301 0.11778
vt 0.09594 0.15333
vt 0.12203 0.33248
vt 0.12203 0.30245
vt 0.12185 0.31246
vt 0.01767 0.18856
vt 0.01735 0.20677
vt 0.02349 0.28005
vt 0.02388 0.25002
vt 0.02373 0.31525
vt 0.02397 0.29842
vt 0.09034 0.31628
vt 0.09041 0.33235
vt 0.0911 0.33182
vt 0.02077 0.21256
vt 0.09561 0.09259
vt 0.09581 0.11429
vt 0.02423 0.28171
vt 0.09009 0.29944
vt 0.09091 0.31635
vt 0.02447 0.2655
vt 0.08983 0.28274
vt 0.09593 0.11824
vt 0.06891 0.26651
vt 0.06997 0.29961
vt 0.07031 0.27872
vt 0.07433 0.04683
vt 0.0738 0.0699
vt 0.07564 0.07189
vt 0.04149 0.16696
vt 0.03797 0.13953
vt 0.0375 0.17276
vt 0.03757 0.1055
vt 0.03735 0.12029
vt 0.06861 0.24711
vt 0.04424 0.2344
vt 0.04411 0.20175
vt 0.0412 0.20369
vt 0.06838 0.23232
vt 0.07572 0.3164
vt 0.07532 0.3314
vt 0.076 0.3315
vt 0.07368 0.0201
vt 0.07624 0.04817
vt 0.03708 0.14241
vt 0.0766 0.33164
vt 0.04429 0.25693
vt 0.04111 0.23856
vt 0.07709 0.33181
vt 0.03724 0.20143
vt 0.03687 0.1605
vt 0.07745 0.332
vt 0.07151 0.24641
vt 0.06919 0.21863
vt 0.07456 0.27666
vt 0.07767 0.3322
vt 0.03721 0.23588
vt 0.03667 0.18046
vt 0.07547 0.29989
vt 0.07759 0.31899
vt 0.03649 0.20107
vt 0.0679 0.19209
vt 0.0677 0.17214
vt 0.07737 0.30357
vt 0.04654 0.03365
vt 0.04671 0.02017
vt 0.04635 0.01982
vt 0.06939 0.18708
vt 0.06752 0.15152
vt 0.04598 0.01963
vt 0.04117 0.25924
vt 0.03718 0.2616
vt 0.03639 0.2186
vt 0.07253 0.21485
vt 0.07515 0.24859
vt 0.07697 0.27833
vt 0.04548 0.01947
vt 0.04632 0.04907
vt 0.04567 0.03408
vt 0.04285 0.28044
vt 0.03743 0.28297
vt 0.03637 0.24083
vt 0.04487 0.01933
vt 0.04418 0.01923
vt 0.06742 0.13398
vt 0.04593 0.0743
vt 0.0445 0.05013
vt 0.04343 0.01917
vt 0.03647 0.26109
vt 0.07481 0.20549
vt 0.07658 0.25237
vt 0.04265 0.01915
vt 0.04237 0.03453
vt 0.03673 0.28263
vt 0.072 0.15643
vt 0.06918 0.11993
vt 0.12116 0.28223
vt 0.12063 0.30825
vt 0.12088 0.31016
vt 0.03825 0.30544
vt 0.0373 0.30551
vt 0.06777 0.06993
vt 0.06751 0.09148
vt 0.068 0.09096
vt 0.04554 0.10025
vt 0.04569 0.07239
vt 0.04274 0.07458
vt 0.06834 0.04705
vt 0.06826 0.06947
vt 0.03932 0.03593
vt 0.0391 0.05308
vt 0.04483 0.13246
vt 0.04253 0.10486
vt 0.06983 0.02008
vt 0.06883 0.04669
vt 0.07235 0.11771
vt 0.07528 0.15328
vt 0.1199 0.2779
vt 0.1199 0.33248
vt 0.12011 0.31424
vt 0.04467 0.16303
vt 0.045 0.14483
vt 0.03885 0.07157
vt 0.03846 0.10159
vt 0.0386 0.03637
vt 0.03837 0.0532
vt 0.06966 0.31627
vt 0.06973 0.33235
vt 0.07041 0.33182
vt 0.04158 0.13904
vt 0.07494 0.09252
vt 0.07515 0.11422
vt 0.03812 0.06991
vt 0.06942 0.29943
vt 0.07023 0.31634
vt 0.03787 0.08611
vt 0.06916 0.28272
vt 0.11944 0.277
vt 0.11957 0.29873
vt 0.11969 0.30269
vt 0.07925 0.26652
vt 0.08029 0.29961
vt 0.08064 0.27873
vt 0.08468 0.04687
vt 0.08416 0.06994
vt 0.08601 0.07193
vt 0.0622 0.16699
vt 0.05868 0.13957
vt 0.0582 0.17279
vt 0.05827 0.10555
vt 0.05805 0.12034
vt 0.07895 0.24713
vt 0.06496 0.23442
vt 0.06482 0.20178
vt 0.06191 0.20371
vt 0.07873 0.23234
vt 0.08603 0.3164
vt 0.08561 0.3314
vt 0.0863 0.3315
vt 0.08778 0.02018
vt 0.0866 0.04821
vt 0.05778 0.14245
vt 0.0869 0.33164
vt 0.06501 0.25694
vt 0.06183 0.23858
vt 0.08739 0.33181
vt 0.05795 0.20145
vt 0.05758 0.16054
vt 0.08775 0.332
vt 0.08185 0.24642
vt 0.07954 0.21864
vt 0.08489 0.27667
vt 0.08797 0.3322
vt 0.05793 0.23589
vt 0.05738 0.18049
vt 0.08579 0.2999
vt 0.0879 0.31899
vt 0.0572 0.20109
vt 0.07826 0.19212
vt 0.07806 0.17216
vt 0.08769 0.30357
vt 0.06723 0.03372
vt 0.06741 0.02025
vt 0.06705 0.01989
vt 0.07975 0.1871
vt 0.07788 0.15155
vt 0.06668 0.0197
vt 0.0619 0.25925
vt 0.0579 0.26161
vt 0.0571 0.21862
vt 0.08287 0.21487
vt 0.08548 0.2486
vt 0.0873 0.27834
vt 0.06618 0.01954
vt 0.06702 0.04913
vt 0.06637 0.03415
vt 0.06358 0.28045
vt 0.05816 0.28298
vt 0.05709 0.24084
vt 0.06557 0.01941
vt 0.06488 0.01931
vt 0.07778 0.13401
vt 0.06662 0.07435
vt 0.0652 0.05019
vt 0.06413 0.01925
vt 0.05719 0.2611
vt 0.08516 0.20551
vt 0.08692 0.25238
vt 0.06335 0.01923
vt 0.06307 0.0346
vt 0.05746 0.28264
vt 0.08236 0.15646
vt 0.07954 0.11996
vt 0.06624 0.1003
vt 0.06639 0.07245
vt 0.05899 0.30544
vt 0.05803 0.30552
vt 0.07814 0.06997
vt 0.07787 0.09151
vt 0.07837 0.09099
vt 0.06343 0.07463
vt 0.0787 0.04708
vt 0.07863 0.0695
vt 0.06002 0.036
vt 0.0598 0.05314
vt 0.06553 0.1325
vt 0.06323 0.10491
vt 0.0802 0.02011
vt 0.07919 0.04672
vt 0.08272 0.11774
vt 0.08564 0.1533
vt 0.1217 0.30001
vt 0.1217 0.33248
vt 0.12185 0.32159
vt 0.06538 0.16307
vt 0.0657 0.14487
vt 0.05955 0.07163
vt 0.08158 0.02012
vt 0.05916 0.10164
vt 0.0593 0.03644
vt 0.05907 0.05327
vt 0.07997 0.31627
vt 0.08002 0.33235
vt 0.08071 0.33182
vt 0.06228 0.13907
vt 0.08531 0.09255
vt 0.08551 0.11425
vt 0.05881 0.06997
vt 0.07974 0.29944
vt 0.08054 0.31634
vt 0.05857 0.08617
vt 0.07949 0.28273
vt 0.08564 0.11821
vt 0.88775 0.72649
vt 0.88046 0.7272
vt 0.88775 0.72792
vt 0.95513 0.7272
vt 0.94784 0.72649
vt 0.94784 0.72792
vt 0.88747 0.72933
vt 0.94812 0.72933
vt 0.88692 0.73065
vt 0.94867 0.73065
vt 0.88612 0.73185
vt 0.94947 0.73185
vt 0.88511 0.73286
vt 0.95049 0.73286
vt 0.88391 0.73366
vt 0.95168 0.73366
vt 0.88259 0.73421
vt 0.953 0.73421
vt 0.88118 0.73449
vt 0.95441 0.73449
vt 0.87975 0.73449
vt 0.95585 0.73449
vt 0.87834 0.73421
vt 0.95725 0.73421
vt 0.87701 0.73366
vt 0.95858 0.73366
vt 0.87582 0.73286
vt 0.95977 0.73286
vt 0.87481 0.73185
vt 0.96078 0.73185
vt 0.87401 0.73065
vt 0.96158 0.73065
vt 0.87346 0.72933
vt 0.96213 0.72933
vt 0.87318 0.72792
vt 0.96241 0.72792
vt 0.87318 0.72649
vt 0.96241 0.72649
vt 0.87346 0.72508
vt 0.96213 0.72508
vt 0.87401 0.72375
vt 0.96158 0.72375
vt 0.87481 0.72256
vt 0.96078 0.72256
vt 0.87582 0.72154
vt 0.95977 0.72154
vt 0.87701 0.72075
vt 0.95858 0.72075
vt 0.87834 0.7202
vt 0.95725 0.7202
vt 0.87975 0.71992
vt 0.95584 0.71992
vt 0.88118 0.71992
vt 0.95441 0.71992
vt 0.953 0.7202
vt 0.88259 0.7202
vt 0.88391 0.72075
vt 0.95168 0.72075
vt 0.88511 0.72154
vt 0.95049 0.72154
vt 0.88612 0.72256
vt 0.94947 0.72256
vt 0.88692 0.72375
vt 0.94867 0.72375
vt 0.88747 0.72508
vt 0.94812 0.72508
vt 0.98205 0.11319
vt 0.98405 0.11317
vt 0.97871 0.00979
vt 0.98004 0.11322
vt 0.97361 0.16452
vt 0.97144 0.2681
vt 0.9756 0.16446
vt 0.9716 0.16451
vt 0.30154 0.15318
vt 0.30188 0.15949
vt 0.30311 0.16016
vt 0.50497 0.29817
vt 0.50122 0.30025
vt 0.50689 0.29961
vt 0.19037 0.7662
vt 0.19153 0.78259
vt 0.19148 0.7662
vt 0.81307 0.44755
vt 0.8186 0.4476
vt 0.81996 0.44519
vt 0.07818 0.78816
vt 0.09238 0.79116
vt 0.06509 0.72962
vt 0.06188 0.95825
vt 0.07689 0.96657
vt 0.05867 0.87949
vt 0.81155 0.45226
vt 0.81764 0.45311
vt 0.81772 0.45005
vt 0.18672 0.75805
vt 0.18912 0.78436
vt 0.18766 0.75805
vt 0.30061 0.13254
vt 0.29737 0.13556
vt 0.30029 0.13732
vt 0.95707 0.34315
vt 0.96391 0.34229
vt 0.95698 0.34125
vt 0.31909 0.10697
vt 0.31545 0.11232
vt 0.32222 0.10661
vt 0.52317 0.29537
vt 0.51377 0.2986
vt 0.52774 0.29653
vt 0.04471 0.84305
vt 0.06128 0.88101
vt 0.06409 0.88252
vt 0.04775 0.84456
vt 0.06583 0.88296
vt 0.06752 0.88308
vt 0.0536 0.84243
vt 0.07872 0.87299
vt 0.0552 0.84011
vt 0.80474 0.42597
vt 0.80937 0.42429
vt 0.80445 0.42233
vt 0.37277 0.04766
vt 0.37028 0.05132
vt 0.37496 0.05027
vt 0.54245 0.29075
vt 0.54664 0.29165
vt 0.54807 0.28972
vt 0.19043 0.74512
vt 0.18912 0.7662
vt 0.19153 0.74981
vt 0.04629 0.84392
vt 0.18799 0.72892
vt 0.18553 0.75805
vt 0.18912 0.73174
vt 0.04192 0.84118
vt 0.51845 0.29409
vt 0.51156 0.29715
vt 0.82702 0.47405
vt 0.82148 0.4741
vt 0.82838 0.47646
vt 0.82606 0.46855
vt 0.81996 0.46939
vt 0.82614 0.4716
vt 0.29746 0.1409
vt 0.29406 0.1452
vt 0.29697 0.14636
vt 0.39711 0.04846
vt 0.39083 0.04907
vt 0.39797 0.04956
vt 0.10387 0.82747
vt 0.06359 0.81624
vt 0.10573 0.82985
vt 0.06583 0.81874
vt 0.10762 0.83241
vt 0.76071 0.42424
vt 0.76533 0.42593
vt 0.76562 0.42228
vt 0.188 0.78718
vt 0.35255 0.06907
vt 0.34781 0.07348
vt 0.34794 0.07662
vt 0.38179 0.04292
vt 0.37806 0.04693
vt 0.38338 0.04562
vt 0.06691 0.82018
vt 0.1083 0.83407
vt 0.06775 0.82154
vt 0.10865 0.83573
vt 0.55325 0.29073
vt 0.56072 0.29167
vt 0.56487 0.28907
vt 0.55494 0.2887
vt 0.56891 0.28665
vt 0.19043 0.78728
vt 0.10022 0.84824
vt 0.06645 0.82764
vt 0.06438 0.82955
vt 0.77103 0.47633
vt 0.7729 0.4697
vt 0.77103 0.46933
vt 0.2142 0.9228
vt 0.21413 0.92267
vt 0.21343 0.92296
vt 0.22986 0.83776
vt 0.23139 0.83589
vt 0.23086 0.83535
vt 0.95698 0.46813
vt 0.94421 0.47187
vt 0.94436 0.4724
vt 0.90556 0.59466
vt 0.89278 0.59837
vt 0.89293 0.59891
vt 0.81001 0.10299
vt 0.81119 0.09297
vt 0.80985 0.10297
vt 0.80705 0.08376
vt 0.80833 0.07376
vt 0.80695 0.08375
vt 0.87984 0.35846
vt 0.89263 0.35478
vt 0.89248 0.35424
vt 0.90769 0.10827
vt 0.90881 0.09825
vt 0.90749 0.10825
vt 0.73383 0.15376
vt 0.73267 0.16377
vt 0.73403 0.15378
vt 0.87984 0.59451
vt 0.8671 0.59833
vt 0.86724 0.59884
vt 0.91046 0.12758
vt 0.91162 0.11756
vt 0.91025 0.12755
vt 0.75124 0.46772
vt 0.73848 0.47151
vt 0.73863 0.47203
vt 0.93128 0.59468
vt 0.9185 0.59839
vt 0.91865 0.59892
vt 0.80276 0.46794
vt 0.78997 0.47162
vt 0.79012 0.47216
vt 0.72059 0.03755
vt 0.7194 0.04756
vt 0.72074 0.03757
vt 0.73948 0.19232
vt 0.73832 0.20233
vt 0.73965 0.19234
vt 0.81563 0.14157
vt 0.8168 0.13155
vt 0.81543 0.14154
vt 0.89903 0.05048
vt 0.90019 0.04046
vt 0.89882 0.05046
vt 0.82838 0.35861
vt 0.84113 0.35482
vt 0.84099 0.3543
vt 0.9056 0.35886
vt 0.91835 0.35506
vt 0.9182 0.35456
vt 0.87984 0.46793
vt 0.86708 0.47168
vt 0.86723 0.4722
vt 0.80273 0.5946
vt 0.78996 0.59836
vt 0.79011 0.59888
vt 0.8314 0.15904
vt 0.8303 0.16906
vt 0.83157 0.15906
vt 0.90458 0.08901
vt 0.90581 0.079
vt 0.90444 0.08899
vt 0.82881 0.13974
vt 0.82764 0.14976
vt 0.829 0.13977
vt 0.71774 0.01829
vt 0.71657 0.02831
vt 0.71793 0.01832
vt 0.77703 0.59452
vt 0.76427 0.59834
vt 0.76442 0.59884
vt 0.76369 0.09544
vt 0.76311 0.1007
vt 0.77187 0.56866
vt 0.82838 0.59446
vt 0.81565 0.59834
vt 0.81578 0.59881
vt 0.17671 0.73147
vt 0.1767 0.72627
vt 0.17648 0.72384
vt 0.1767 0.72384
vt 0.1767 0.71633
vt 0.17648 0.70846
vt 0.17684 0.70846
vt 0.1767 0.70101
vt 0.17552 0.79251
vt 0.17589 0.79251
vt 0.17576 0.78664
vt 0.17552 0.78106
vt 0.17577 0.78106
vt 0.17577 0.77459
vt 0.17552 0.75313
vt 0.17577 0.76025
vt 0.17577 0.75539
vt 0.17577 0.75313
vt 0.17578 0.74564
vt 0.1758 0.72969
vt 0.17581 0.72212
vt 0.17552 0.72211
vt 0.17581 0.72211
vt 0.17581 0.72197
vt 0.17552 0.70693
vt 0.17593 0.70693
vt 0.17579 0.69963
vt 0.17648 0.68022
vt 0.17606 0.68022
vt 0.17618 0.6868
vt 0.17648 0.693
vt 0.17617 0.693
vt 0.17617 0.69994
vt 0.17617 0.71513
vt 0.17617 0.72018
vt 0.17648 0.72253
vt 0.17617 0.72253
vt 0.17615 0.73011
vt 0.17648 0.73813
vt 0.17602 0.73813
vt 0.17613 0.74604
vt 0.17648 0.76806
vt 0.17597 0.76806
vt 0.17606 0.77482
vt 0.17552 0.67989
vt 0.17498 0.67989
vt 0.17491 0.68608
vt 0.17519 0.69196
vt 0.17477 0.69196
vt 0.1747 0.69868
vt 0.17462 0.72826
vt 0.17442 0.7362
vt 0.17473 0.7362
vt 0.17458 0.74414
vt 0.17494 0.76667
vt 0.17456 0.76667
vt 0.17479 0.7737
vt 0.17519 0.78044
vt 0.1749 0.78044
vt 0.17506 0.78635
vt 0.17678 0.78701
vt 0.17677 0.78341
vt 0.17648 0.78173
vt 0.17677 0.77974
vt 0.17677 0.77548
vt 0.17648 0.76896
vt 0.17689 0.76896
vt 0.17676 0.76167
vt 0.17648 0.75468
vt 0.17675 0.75468
vt 0.17674 0.74723
vt 0.10089 0.25693
vt 0.05494 0.28067
vt 0.09846 0.3324
vt 0.10809 0.14244
vt 0.1088 0.24084
vt 0.05226 0.01921
vt 0.05152 0.01927
vt 0.9375 1
vt 1 1
vt 0.05023 0.01951
vt 0.05083 0.01938
vt 0.10017 0.14486
vt 0.04905 0.02034
vt 0.0494 0.01989
vt 0.04975 0.01968
vt 0.10082 0.20467
vt 0.10526 0.0211
vt 0.1005 0.16306
vt 0.05469 0.20466
vt 0.10465 0.02123
vt 0.10396 0.02133
vt 0.10321 0.02139
vt 0.10243 0.02141
vt 0.11128 0.25694
vt 0.11133 0.23442
vt 0.02814 0.07091
vt 0.1088 0.3324
vt 0.11848 0.14245
vt 0.12063 0.33248
vt 0.1192 0.24084
vt 0.03081 0.33246
vt 0.03155 0.33239
vt 0.03223 0.33229
vt 0.03283 0.33215
vt 0.11056 0.14488
vt 0.03402 0.33133
vt 0.03367 0.33178
vt 0.03332 0.33199
vt 0.11121 0.20468
vt 0.1156 0.02112
vt 0.11089 0.16307
vt 0.1192 0.33248
vt 0.1217 0.29369
vt 0.12143 0.29078
vt 0.12143 0.33248
vt 0.11499 0.02125
vt 0.1143 0.02135
vt 0.11355 0.02141
vt 0.11277 0.02143
vt 0.09599 0.09572
vt 0.01774 0.07089
vt 0.09846 0.02023
vt 0.08877 0.21024
vt 0.08807 0.11182
vt 0.02046 0.33246
vt 0.0212 0.33239
vt 0.02188 0.33229
vt 0.02248 0.33215
vt 0.09669 0.20782
vt 0.02367 0.33133
vt 0.02332 0.33178
vt 0.02297 0.33199
vt 0.09605 0.14799
vt 0.09166 0.33162
vt 0.09637 0.18961
vt 0.01799 0.14693
vt 0.09227 0.33149
vt 0.09296 0.33139
vt 0.09371 0.33133
vt 0.09449 0.33131
vt 0.07532 0.09565
vt 0.07527 0.11818
vt 0.0446 0.28067
vt 0.07777 0.02015
vt 0.06811 0.2102
vt 0.12116 0.33248
vt 0.06741 0.11175
vt 0.04188 0.01918
vt 0.04113 0.01924
vt 0.04045 0.01934
vt 0.03985 0.01948
vt 0.07603 0.20777
vt 0.03866 0.0203
vt 0.03901 0.01986
vt 0.03936 0.01965
vt 0.07539 0.14793
vt 0.07097 0.33162
vt 0.07571 0.18957
vt 0.11944 0.33248
vt 0.12143 0.29369
vt 0.12116 0.29078
vt 0.12116 0.33248
vt 0.07158 0.33149
vt 0.07227 0.33139
vt 0.07302 0.33133
vt 0.0738 0.33131
vt 0.08569 0.09568
vt 0.06533 0.28068
vt 0.07846 0.21021
vt 0.08807 0.02019
vt 0.07777 0.11178
vt 0.06258 0.01925
vt 0.06183 0.01932
vt 0.06115 0.01942
vt 0.06055 0.01956
vt 0.08638 0.20779
vt 0.05936 0.02038
vt 0.05971 0.01993
vt 0.06006 0.01972
vt 0.08575 0.14796
vt 0.08127 0.33162
vt 0.08606 0.18959
vt 0.06507 0.20468
vt 0.08188 0.33149
vt 0.08257 0.33139
vt 0.08332 0.33133
vt 0.0841 0.33131
vt 0.27956 0.97329
vt 0.2877 0.97258
vt 0.28016 0.97108
vt 0.23611 0.8291
vt 0.23728 0.83106
vt 0.2177 0.92935
vt 0.21589 0.93074
vt 0.23725 0.95331
vt 0.23086 0.94904
vt 0.23611 0.95529
vt 0.17685 0.68072
vt 0.17648 0.68072
vt 0.17671 0.6939
vt 0.17594 0.6801
vt 0.17552 0.6801
vt 0.17579 0.69274
vt 0.17612 0.75351
vt 0.17594 0.79251
vt 0.17648 0.79251
vt 0.17605 0.78123
vt 0.17466 0.72066
vt 0.17467 0.72052
vt 0.17494 0.70573
vt 0.17466 0.71337
vt 0.17453 0.70573
vt 0.17458 0.75173
vt 0.17458 0.75174
vt 0.17458 0.75189
vt 0.19562 0.79229
vt 0.19572 0.79218
vt 0.19579 0.79205
vt 0.19583 0.79191
vt 0.19584 0.79176
vt 0.19583 0.79161
vt 0.19579 0.79147
vt 0.19572 0.79135
vt 0.19562 0.79123
vt 0.19551 0.79114
vt 0.19538 0.79107
vt 0.19524 0.79103
vt 0.1951 0.79101
vt 0.19495 0.79103
vt 0.19481 0.79107
vt 0.19468 0.79114
vt 0.19457 0.79123
vt 0.12185 0.30245
vt 0.12234 0.30227
vt 0.1227 0.30205
vt 0.12292 0.30182
vt 0.123 0.30158
vt 0.12292 0.30135
vt 0.1227 0.30111
vt 0.12234 0.3009
vt 0.12185 0.30072
vt 0.19457 0.79229
vt 0.19468 0.79238
vt 0.19481 0.79245
vt 0.19495 0.79249
vt 0.1951 0.79251
vt 0.19524 0.79249
vt 0.19538 0.79245
vt 0.19551 0.79238
vt 0.19375 0.79251
vt 0.1939 0.79251
vt 0.19404 0.79248
vt 0.19418 0.79242
vt 0.1943 0.79234
vt 0.1944 0.79224
vt 0.19448 0.79212
vt 0.19454 0.79198
vt 0.19457 0.79184
vt 0.19457 0.79169
vt 0.19454 0.79155
vt 0.19448 0.79141
vt 0.1944 0.79129
vt 0.1943 0.79119
vt 0.19418 0.79111
vt 0.19404 0.79105
vt 0.1939 0.79102
vt 0.19375 0.79102
vt 0.19335 0.79119
vt 0.19361 0.79105
vt 0.19347 0.79111
vt 0.19325 0.79129
vt 0.19317 0.79141
vt 0.19311 0.79155
vt 0.19308 0.79169
vt 0.19308 0.79184
vt 0.19325 0.79224
vt 0.19311 0.79198
vt 0.19317 0.79212
vt 0.19335 0.79234
vt 0.19347 0.79242
vt 0.19361 0.79248
vt 0.66152 0.11904
vt 0.65286 0.12312
vt 0.62456 0.12449
vt 0.64358 0.12544
vt 0.63402 0.1259
vt 0.61555 0.12126
vt 0.60735 0.11634
vt 0.60027 0.10991
vt 0.59457 0.10222
vt 0.59049 0.09356
vt 0.58912 0.06526
vt 0.58817 0.08428
vt 0.58771 0.07472
vt 0.59235 0.05625
vt 0.59727 0.04805
vt 0.6037 0.04097
vt 0.61139 0.03527
vt 0.62005 0.03119
vt 0.64835 0.02982
vt 0.62933 0.02887
vt 0.63889 0.02841
vt 0.65736 0.03305
vt 0.66556 0.03797
vt 0.67265 0.04441
vt 0.67834 0.0521
vt 0.68242 0.06075
vt 0.68379 0.08905
vt 0.68474 0.07003
vt 0.6852 0.07959
vt 0.68056 0.09806
vt 0.67564 0.10626
vt 0.66921 0.11335
vt 0.15252 0.76928
vt 0.15467 0.76615
vt 0.14956 0.77156
vt 0.15675 0.76291
vt 0.1465 0.77376
vt 0.15934 0.76012
vt 0.16332 0.75383
vt 0.16182 0.75729
vt 0.16473 0.75027
vt 0.16679 0.74695
vt 0.17028 0.73618
vt 0.16873 0.7436
vt 0.16956 0.73993
vt 0.1717 0.73246
vt 0.1731 0.72165
vt 0.17299 0.72879
vt 0.1731 0.72527
vt 0.17382 0.7175
vt 0.1731 0.70478
vt 0.17442 0.71321
vt 0.17382 0.70893
vt 0.1731 0.70116
vt 0.1718 0.69433
vt 0.17301 0.6977
vt 0.17045 0.69086
vt 0.16966 0.68687
vt 0.16473 0.67616
vt 0.16874 0.68289
vt 0.16678 0.67948
vt 0.16331 0.6726
vt 0.15683 0.66365
vt 0.16182 0.66916
vt 0.15939 0.66639
vt 0.15471 0.66036
vt 0.1467 0.65287
vt 0.15254 0.65718
vt 0.14967 0.65499
vt 0.14398 0.65004
vt 0.13444 0.64415
vt 0.14119 0.64732
vt 0.13784 0.64568
vt 0.13135 0.642
vt 0.12123 0.63833
vt 0.12825 0.63998
vt 0.12478 0.6391
vt 0.11774 0.63683
vt 0.10698 0.63529
vt 0.11423 0.63546
vt 0.11062 0.63531
vt 0.1033 0.63455
vt 0.09265 0.63526
vt 0.09965 0.63394
vt 0.09616 0.63453
vt 0.08884 0.6353
vt 0.07816 0.63829
vt 0.08504 0.63547
vt 0.08159 0.63682
vt 0.07454 0.63908
vt 0.06787 0.64202
vt 0.07099 0.63999
vt 0.06478 0.64417
vt 0.06138 0.64569
vt 0.06509 0.69683
vt 0.05805 0.64731
vt 0.05537 0.64994
vt 0.05274 0.65269
vt 0.04968 0.65489
vt 0.04672 0.65717
vt 0.04456 0.66031
vt 0.04249 0.66359
vt 0.03926 0.66643
vt 0.03557 0.66918
vt 0.03376 0.67225
vt 0.03206 0.67509
vt 0.02998 0.67749
vt 0.02679 0.68582
vt 0.02817 0.67989
vt 0.02738 0.68274
vt 0.02586 0.68904
vt 0.02516 0.69271
vt 0.02539 0.69717
vt 0.02578 0.70624
vt 0.14118 0.77914
vt 0.14387 0.77651
vt 0.13786 0.78076
vt 0.13445 0.78229
vt 0.12825 0.78647
vt 0.13137 0.78444
vt 0.12469 0.78737
vt 0.12107 0.78817
vt 0.11422 0.79099
vt 0.11765 0.78964
vt 0.11056 0.79114
vt 0.10687 0.79117
vt 0.02578 0.72022
vt 0.02539 0.72929
vt 0.09963 0.79251
vt 0.10324 0.7919
vt 0.09601 0.7919
vt 0.08503 0.79098
vt 0.08869 0.79113
vt 0.0816 0.78963
vt 0.071 0.78647
vt 0.07456 0.78737
vt 0.06788 0.78444
vt 0.0648 0.78229
vt 0.05807 0.77914
vt 0.06139 0.78076
vt 0.05538 0.77651
vt 0.05275 0.77376
vt 0.04673 0.76929
vt 0.04969 0.77157
vt 0.04458 0.76615
vt 0.0425 0.76287
vt 0.03377 0.75421
vt 0.03558 0.75728
vt 0.03927 0.76003
vt 0.02818 0.74657
vt 0.02999 0.74898
vt 0.02738 0.74373
vt 0.03207 0.75137
vt 0.0268 0.74064
vt 0.02516 0.73376
vt 0.02586 0.73742
vt 0.03949 0.83939
vt 0.02548 0.86301
vt 0.0364 0.83965
vt 0.03056 0.8442
vt 0.02878 0.84734
vt 0.03286 0.84133
vt 0.02691 0.85034
vt 0.02527 0.85821
vt 0.02549 0.85385
vt 0.02541 0.86822
vt 0.02549 0.87376
vt 0.02618 0.87881
vt 0.02633 0.88329
vt 0.02567 0.88778
vt 0.02516 0.89223
vt 0.02603 0.89654
vt 0.06131 0.81098
vt 0.06148 0.81408
vt 0.065 0.80457
vt 0.0829 0.79691
vt 0.06785 0.80236
vt 0.06248 0.80724
vt 0.02705 0.90086
vt 0.07812 0.79737
vt 0.02727 0.90534
vt 0.02934 0.91376
vt 0.02763 0.90975
vt 0.07056 0.8001
vt 0.07384 0.7982
vt 0.03119 0.91775
vt 0.03228 0.92205
vt 0.03349 0.92626
vt 0.03595 0.92981
vt 0.03856 0.93331
vt 0.09356 0.79541
vt 0.08806 0.79611
vt 0.04047 0.93727
vt 0.04575 0.94422
vt 0.0425 0.94114
vt 0.04911 0.9472
vt 0.05167 0.95056
vt 0.05804 0.95606
vt 0.05432 0.95378
vt 0.06514 0.96105
vt 0.07263 0.9652
vt 0.06846 0.9637
vt 0.08065 0.96863
vt 0.08873 0.97113
vt 0.08441 0.97053
vt 0.09314 0.9716
vt 0.09735 0.97287
vt 0.10619 0.97373
vt 0.10159 0.97399
vt 0.11079 0.97332
vt 0.11507 0.97372
vt 0.1237 0.97283
vt 0.11931 0.97398
vt 0.12812 0.97154
vt 0.13252 0.97108
vt 0.14081 0.96858
vt 0.13682 0.97049
vt 0.14481 0.96651
vt 0.14921 0.96514
vt 0.15747 0.96079
vt 0.15358 0.96362
vt 0.16126 0.95786
vt 0.16514 0.9558
vt 0.17436 0.94752
vt 0.16881 0.95374
vt 0.17157 0.95074
vt 0.17821 0.94439
vt 0.18483 0.93677
vt 0.18206 0.94104
vt 0.1874 0.93252
vt 0.19019 0.92931
vt 0.1945 0.92182
vt 0.19281 0.92609
vt 0.19611 0.91742
vt 0.19837 0.91353
vt 0.20133 0.90515
vt 0.20046 0.90963
vt 0.20207 0.90061
vt 0.20356 0.89635
vt 0.20473 0.8832
vt 0.20489 0.89212
vt 0.20488 0.88769
vt 0.20539 0.87871
vt 0.20401 0.86563
vt 0.2059 0.87426
vt 0.20503 0.86995
vt 0.20379 0.86115
vt 0.19989 0.84873
vt 0.20343 0.85673
vt 0.20173 0.85272
vt 0.1988 0.84443
vt 0.19253 0.83316
vt 0.1976 0.84022
vt 0.19513 0.83667
vt 0.19062 0.82921
vt 0.18219 0.81953
vt 0.1886 0.82536
vt 0.18546 0.82241
vt 0.17953 0.81607
vt 0.1731 0.8105
vt 0.17678 0.81275
vt 0.1693 0.80835
vt 0.16599 0.80552
vt 0.15853 0.80137
vt 0.16262 0.80283
vt 0.15435 0.80003
vt 0.15052 0.79794
vt 0.14665 0.796
vt 0.14232 0.79539
vt 0.13791 0.79491
vt 0.1337 0.79363
vt 0.12949 0.79251
vt 0.12507 0.79277
vt 0.12061 0.79318
vt 0.11619 0.79277
vt 0.1118 0.79251
vt 0.10746 0.79364
vt 0.10311 0.79491
vt 0.09865 0.79539
vt 0.08077 0.85305
vt 0.81279 0.46603
vt 0.81333 0.47185
vt 0.81877 0.46838
vt 0.80406 0.4438
vt 0.81124 0.44692
vt 0.81124 0.44295
vt 0.36286 0.03281
vt 0.3562 0.03414
vt 0.35854 0.03725
vt 0.5412 0.29262
vt 0.54071 0.29446
vt 0.54595 0.29357
vt 0.05174 0.84464
vt 0.07271 0.8809
vt 0.07592 0.87676
vt 0.1892 0.73989
vt 0.1866 0.72669
vt 0.50982 0.29551
vt 0.82035 0.47183
vt 0.30314 0.09861
vt 0.29832 0.09905
vt 0.30151 0.10244
vt 0.82719 0.45327
vt 0.82174 0.4498
vt 0.8212 0.45562
vt 0.29206 0.13832
vt 0.28935 0.13741
vt 0.28916 0.14403
vt 0.39508 0.03785
vt 0.38721 0.03726
vt 0.38769 0.03973
vt 0.9579 0.35067
vt 0.96552 0.35244
vt 0.96515 0.34959
vt 0.34065 0.05681
vt 0.33682 0.05417
vt 0.33712 0.05899
vt 0.2849 0.1231
vt 0.28148 0.12126
vt 0.28118 0.12804
vt 0.75883 0.4429
vt 0.75883 0.44688
vt 0.76601 0.44376
vt 0.80452 0.3454
vt 0.80406 0.34824
vt 0.81173 0.34669
vt 0.18661 0.78941
vt 0.2918 0.15152
vt 0.28929 0.15142
vt 0.29107 0.15912
vt 0.37988 0.03826
vt 0.37337 0.03946
vt 0.37468 0.04199
vt 0.81193 0.44982
vt 0.55205 0.2928
vt 0.1892 0.79251
vt 0.10357 0.84494
vt 0.10722 0.84118
vt 0.06838 0.82548
vt 0.50376 0.29654
vt 0.49848 0.2972
vt 0.49948 0.29881
vt 0.31086 0.81641
vt 0.31585 0.81792
vt 0.31121 0.81416
vt 0.31688 0.81824
vt 0.31846 0.81792
vt 0.31765 0.81847
vt 0.31817 0.81863
vt 0.32031 0.81977
vt 0.32491 0.82223
vt 0.32625 0.82039
vt 0.35767 0.85499
vt 0.36012 0.85958
vt 0.3595 0.85365
vt 0.36119 0.86158
vt 0.36197 0.86143
vt 0.36127 0.86172
vt 0.36127 0.86172
vt 0.36733 0.8922
vt 0.36731 0.89235
vt 0.36809 0.89219
vt 0.3672 0.89353
vt 0.36709 0.89461
vt 0.36658 0.89978
vt 0.36879 0.90033
vt 0.34883 0.94262
vt 0.34554 0.94663
vt 0.35079 0.94378
vt 0.344 0.9485
vt 0.34454 0.94904
vt 0.32487 0.96219
vt 0.31935 0.96513
vt 0.32625 0.964
vt 0.31817 0.96577
vt 0.31846 0.96647
vt 0.31736 0.96601
vt 0.31091 0.96797
vt 0.31121 0.97023
vt 0.2853 0.97159
vt 0.2877 0.97183
vt 0.26418 0.81416
vt 0.25694 0.81792
vt 0.25955 0.81792
vt 0.25723 0.81863
vt 0.26453 0.81641
vt 0.23325 0.95003
vt 0.23139 0.9485
vt 0.20807 0.8922
vt 0.20808 0.89204
vt 0.20731 0.89219
vt 0.20812 0.89165
vt 0.20831 0.88979
vt 0.20881 0.88464
vt 0.21453 0.92341
vt 0.21413 0.92267
vt 0.23243 0.83504
vt 0.22657 0.84177
vt 0.2066 0.88406
vt 0.2246 0.84061
vt 0.71754 0.01827
vt 0.71575 0.0282
vt 0.71616 0.02825
vt 0.82863 0.13972
vt 0.82682 0.14965
vt 0.82723 0.1497
vt 0.90473 0.08903
vt 0.90659 0.07911
vt 0.9062 0.07906
vt 0.83123 0.15902
vt 0.8295 0.16896
vt 0.8299 0.16901
vt 0.89924 0.05051
vt 0.90103 0.04058
vt 0.90061 0.04052
vt 0.81584 0.1416
vt 0.81764 0.13167
vt 0.81722 0.13161
vt 0.7393 0.19229
vt 0.73752 0.20223
vt 0.73792 0.20228
vt 0.72044 0.03753
vt 0.71861 0.04746
vt 0.719 0.04751
vt 0.91067 0.12761
vt 0.91247 0.11768
vt 0.91205 0.11762
vt 0.73363 0.15373
vt 0.73183 0.16366
vt 0.73225 0.16372
vt 0.90788 0.1083
vt 0.90964 0.09836
vt 0.90922 0.09831
vt 0.80714 0.08378
vt 0.80906 0.07386
vt 0.80869 0.07381
vt 0.81017 0.10301
vt 0.81198 0.09308
vt 0.81158 0.09303
vt 0.95691 0.46788
vt 0.95684 0.46763
vt 0.94406 0.47134
vt 0.90548 0.5944
vt 0.90541 0.59414
vt 0.89263 0.59784
vt 0.87992 0.35873
vt 0.88 0.359
vt 0.89279 0.35533
vt 0.87979 0.59432
vt 0.87973 0.59412
vt 0.86695 0.59783
vt 0.75118 0.4675
vt 0.75111 0.46727
vt 0.73833 0.47099
vt 0.9312 0.59442
vt 0.93113 0.59416
vt 0.91834 0.59785
vt 0.80268 0.46767
vt 0.8026 0.4674
vt 0.78981 0.47108
vt 0.82844 0.35883
vt 0.8285 0.35904
vt 0.84128 0.35533
vt 0.90565 0.35905
vt 0.9057 0.35924
vt 0.91849 0.35556
vt 0.87978 0.46769
vt 0.87971 0.46746
vt 0.86693 0.47116
vt 0.80266 0.59436
vt 0.80259 0.59412
vt 0.78981 0.59783
vt 0.77697 0.59432
vt 0.77691 0.59411
vt 0.76413 0.59783
vt 0.7913 0.094
vt 0.79239 0.08598
vt 0.76162 0.5716
vt 0.82834 0.59434
vt 0.82831 0.59422
vt 0.81552 0.59788
vt 0.17648 0.73944
vt 0.17686 0.73944
vt 0.17671 0.69516
vt 0.1759 0.76776
vt 0.17552 0.76776
vt 0.17577 0.75364
vt 0.17577 0.75328
vt 0.17592 0.73771
vt 0.17552 0.73771
vt 0.17581 0.72129
vt 0.1758 0.71474
vt 0.17604 0.70729
vt 0.17648 0.70729
vt 0.17612 0.75268
vt 0.1751 0.79251
vt 0.17552 0.79251
vt 0.17677 0.78173
vt 0.1769 0.79251
vt 0.17677 0.78128
vt 0.17677 0.78063
vt 0.20894 0.70804
vt 0.2059 0.72335
vt 0.2059 0.73896
vt 0.20894 0.75427
vt 0.21492 0.76869
vt 0.22359 0.78167
vt 0.23463 0.79271
vt 0.24761 0.80138
vt 0.26203 0.80736
vt 0.27734 0.8104
vt 0.29295 0.8104
vt 0.30826 0.80736
vt 0.32268 0.80138
vt 0.33566 0.79271
vt 0.3467 0.78167
vt 0.35537 0.76869
vt 0.36135 0.75427
vt 0.36439 0.73896
vt 0.36439 0.72335
vt 0.36135 0.70804
vt 0.35537 0.69362
vt 0.3467 0.68064
vt 0.33566 0.6696
vt 0.32268 0.66093
vt 0.30826 0.65495
vt 0.29295 0.65191
vt 0.27734 0.65191
vt 0.26203 0.65495
vt 0.24761 0.66093
vt 0.23463 0.6696
vt 0.22359 0.68064
vt 0.21492 0.69362
vt 0.10166 0.02139
vt 0.09846 0.02024
vt 0.112 0.02141
vt 0.1088 0.02026
vt 0.02839 0.14694
vt 0.09526 0.33133
vt 0.09846 0.33248
vt 0.07458 0.33133
vt 0.07777 0.33248
vt 0.04436 0.20466
vt 0.08487 0.33133
vt 0.08807 0.33248
vt 0.93882 0.3761
vt 0.93738 0.36885
vt 0.93436 0.36937
vt 0.93508 0.37693
vt 0.97168 0.55482
vt 0.97867 0.55533
vt 0.97867 0.55043
vt 0.97145 0.55005
vt 0.82697 0.39535
vt 0.8269 0.39346
vt 0.82089 0.39401
vt 0.82088 0.3959
vt 0.96476 0.40903
vt 0.97116 0.40955
vt 0.97123 0.40561
vt 0.96464 0.40509
vt 0.77562 0.04464
vt 0.77556 0.04027
vt 0.76697 0.03985
vt 0.7666 0.04513
vt 0.81642 0.16112
vt 0.80986 0.15982
vt 0.80999 0.16211
vt 0.91405 0.16585
vt 0.92255 0.16446
vt 0.74597 0.13226
vt 0.74606 0.13518
vt 0.75328 0.13482
vt 0.75321 0.13118
vt 0.97763 0.44978
vt 0.97143 0.45071
vt 0.97169 0.45247
vt 0.9779 0.45153
vt 0.83628 0.04015
vt 0.83635 0.04381
vt 0.84333 0.04347
vt 0.84329 0.03913
vt 0.47024 0.31326
vt 0.46989 0.3114
vt 0.46463 0.31244
vt 0.46499 0.31432
vt 0.39931 0.3119
vt 0.39958 0.31372
vt 0.40525 0.31289
vt 0.40499 0.31109
vt 0.72179 0.11772
vt 0.73042 0.11827
vt 0.97119 0.38254
vt 0.97118 0.37836
vt 0.96475 0.37878
vt 0.96456 0.38299
vt 0.88474 0.14677
vt 0.88459 0.14246
vt 0.87603 0.14206
vt 0.87569 0.14728
vt 0.54338 0.01706
vt 0.54321 0.019
vt 0.54663 0.0185
vt 0.54679 0.01657
vt 0.78279 0.52385
vt 0.78188 0.5143
vt 0.77712 0.51493
vt 0.77709 0.52467
vt 0.21772 0.85501
vt 0.21589 0.85365
vt 0.21343 0.86143
vt 0.21413 0.86172
vt 0.20966 0.86868
vt 0.21193 0.86899
vt 0.57335 0.28678
vt 0.56913 0.28812
vt 0.57071 0.28915
vt 0.57479 0.28789
vt 0.78747 0.02764
vt 0.78735 0.02472
vt 0.78009 0.02507
vt 0.78019 0.0287
vt 0.73895 0.40592
vt 0.73667 0.3944
vt 0.73112 0.39519
vt 0.73226 0.40745
vt 0.4466 0.29012
vt 0.44028 0.29061
vt 0.44069 0.29364
vt 0.44715 0.293
vt 0.40297 0.04595
vt 0.41018 0.04558
vt 0.40991 0.0433
vt 0.4027 0.04366
vt 0.77284 0.02541
vt 0.7729 0.02977
vt 0.83602 0.50367
vt 0.83222 0.50395
vt 0.83308 0.51301
vt 0.83777 0.51258
vt 0.55683 0.19229
vt 0.55222 0.19138
vt 0.55123 0.19825
vt 0.55572 0.19937
vt 0.34496 0.32245
vt 0.35039 0.32152
vt 0.34995 0.31965
vt 0.34448 0.32058
vt 0.54743 0.29752
vt 0.55109 0.29693
vt 0.55102 0.29512
vt 0.54725 0.2957
vt 0.7638 0.0259
vt 0.76342 0.03117
vt 0.48934 0.26446
vt 0.48369 0.26744
vt 0.4851 0.26974
vt 0.49087 0.26668
vt 0.80854 0.52357
vt 0.80758 0.51405
vt 0.80284 0.51476
vt 0.80286 0.52442
vt 0.06592 0.30439
vt 0.75678 0.05181
vt 0.75758 0.04562
vt 0.74843 0.04608
vt 0.74749 0.05318
vt 0.36405 0.27826
vt 0.36495 0.27639
vt 0.35941 0.27453
vt 0.35843 0.27632
vt 0.01715 0.04718
vt 0.75141 0.54967
vt 0.75139 0.56211
vt 0.97867 0.56413
vt 0.97867 0.56669
vt 0.98479 0.56604
vt 0.98491 0.56346
vt 0.9255 0.42964
vt 0.92643 0.43911
vt 0.93121 0.43854
vt 0.9312 0.42887
vt 0.7698 0.44688
vt 0.76499 0.4472
vt 0.76623 0.44911
vt 0.77091 0.44888
vt 0.04501 0.33242
vt 0.04671 0.33241
vt 0.04519 0.30439
vt 0.03876 0.33248
vt 0.02755 0.0472
vt 0.77384 0.34968
vt 0.77434 0.34655
vt 0.76803 0.34682
vt 0.76703 0.35011
vt 0.96346 0.43443
vt 0.95701 0.43337
vt 0.95704 0.43731
vt 0.96368 0.4384
vt 0.93128 0.35038
vt 0.93134 0.362
vt 0.78612 0.43223
vt 0.78496 0.41998
vt 0.77711 0.4223
vt 0.77709 0.43487
vt 0.75885 0.41181
vt 0.75883 0.41372
vt 0.76454 0.41284
vt 0.76465 0.41091
vt 0.82089 0.46233
vt 0.82025 0.466
vt 0.82638 0.4652
vt 0.82673 0.46242
vt 0.36526 0.04624
vt 0.36786 0.0488
vt 0.37043 0.04502
vt 0.36878 0.0427
vt 0.30335 0.1377
vt 0.30364 0.13302
vt 0.3023 0.13342
vt 0.30207 0.13812
vt 0.39592 0.0452
vt 0.39044 0.04711
vt 0.39106 0.04838
vt 0.39665 0.04751
vt 0.36472 0.0361
vt 0.36149 0.04118
vt 0.36338 0.04387
vt 0.36715 0.04009
vt 0.7749 0.34342
vt 0.76902 0.3435
vt 0.8053 0.34035
vt 0.80508 0.34266
vt 0.81182 0.34412
vt 0.81203 0.34167
vt 0.37141 0.05284
vt 0.37602 0.0519
vt 0.34673 0.06305
vt 0.3446 0.06062
vt 0.34042 0.06233
vt 0.34393 0.0662
vt 0.45774 0.28427
vt 0.45694 0.28162
vt 0.45156 0.28434
vt 0.45224 0.28705
vt 0.75912 0.43476
vt 0.75899 0.438
vt 0.76539 0.43998
vt 0.76498 0.43538
vt 0.75942 0.43175
vt 0.76487 0.43237
vt 0.76495 0.42957
vt 0.76014 0.42798
vt 0.95877 0.11311
vt 0.95774 0.11316
vt 0.96748 0.16458
vt 0.96851 0.16467
vt 0.01734 0.01915
vt 0.01563 0.01915
vt 0.29775 0.13054
vt 0.29441 0.13366
vt 0.18425 0.75805
vt 0.18525 0.72567
vt 0.3808 0.04073
vt 0.37605 0.04424
vt 0.06831 0.82345
vt 0.10823 0.83832
vt 0.81289 0.46235
vt 0.81832 0.46264
vt 0.81831 0.45923
vt 0.81248 0.45932
vt 0.81184 0.45566
vt 0.81796 0.45646
vt 0.82131 0.45931
vt 0.82673 0.45901
vt 0.57915 0.28655
vt 0.58407 0.28718
vt 0.583 0.2857
vt 0.57791 0.28531
vt 0.2936 0.15877
vt 0.29404 0.15173
vt 0.29683 0.15238
vt 0.29589 0.15858
vt 0.29847 0.15882
vt 0.29953 0.1531
vt 0.7623 0.33978
vt 0.76276 0.33778
vt 0.75696 0.33806
vt 0.75659 0.33994
vt 0.2505 0.82222
vt 0.24915 0.82039
vt 0.81108 0.43805
vt 0.80468 0.44002
vt 0.29583 0.97329
vt 0.29525 0.97108
vt 0.97831 0.47019
vt 0.97835 0.47299
vt 0.98453 0.47216
vt 0.98462 0.46934
vt 0.27956 0.8111
vt 0.2801 0.81331
vt 0.2877 0.81257
vt 0.2877 0.8118
vt 0.85884 0.07617
vt 0.85846 0.08143
vt 0.86747 0.08094
vt 0.86831 0.07476
vt 0.80509 0.43543
vt 0.81095 0.4348
vt 0.81065 0.4318
vt 0.8052 0.43241
vt 0.3113 0.10424
vt 0.30861 0.10749
vt 0.31064 0.10917
vt 0.31375 0.10558
vt 0.29174 0.14456
vt 0.29449 0.13933
vt 0.80955 0.42143
vt 0.80475 0.41948
vt 0.95775 0.34564
vt 0.96452 0.34452
vt 0.93727 0.06109
vt 0.93624 0.06104
vt 0.95135 0.11278
vt 0.95238 0.11266
vt 0.20881 0.89974
vt 0.2066 0.90033
vt 0.82375 0.16012
vt 0.82237 0.17011
vt 0.82281 0.17017
vt 0.82438 0.16021
vt 0.75151 0.41477
vt 0.75189 0.41686
vt 0.75794 0.41573
vt 0.75757 0.41365
vt 0.82867 0.47648
vt 0.8285 0.4877
vt 0.8588 0.36167
vt 0.85652 0.35012
vt 0.91299 0.10757
vt 0.91363 0.10766
vt 0.43392 0.28956
vt 0.43364 0.28702
vt 0.42778 0.28854
vt 0.42793 0.29103
vt 0.80875 0.49583
vt 0.80708 0.48767
vt 0.80576 0.49645
vt 0.35141 0.33035
vt 0.35118 0.32868
vt 0.34583 0.32935
vt 0.34604 0.33102
vt 0.24915 0.964
vt 0.25055 0.9622
vt 0.24346 0.95841
vt 0.24136 0.96154
vt 0.21835 0.93853
vt 0.22149 0.93644
vt 0.25694 0.96647
vt 0.25723 0.96577
vt 0.24346 0.82599
vt 0.24136 0.82285
vt 0.3658 0.90773
vt 0.36949 0.90847
vt 0.30396 0.97399
vt 0.30323 0.9703
vt 0.21193 0.91541
vt 0.20966 0.91571
vt 0.84496 0.39396
vt 0.84611 0.40614
vt 0.854 0.40398
vt 0.85402 0.39143
vt 0.36573 0.86868
vt 0.36348 0.86903
vt 0.26418 0.97023
vt 0.27142 0.97399
vt 0.27216 0.9703
vt 0.26448 0.96797
vt 0.84381 0.38178
vt 0.85404 0.37888
vt 0.22659 0.94265
vt 0.2246 0.94378
vt 0.72051 0.76914
vt 0.72051 0.98086
vt 0.73374 0.98086
vt 0.73374 0.76914
vt 0.9587 0.76914
vt 0.9587 0.98086
vt 0.97193 0.98086
vt 0.97193 0.76914
vt 0.94547 0.76914
vt 0.94547 0.98086
vt 0.93223 0.76914
vt 0.93223 0.98086
vt 0.919 0.76914
vt 0.919 0.98086
vt 0.90577 0.76914
vt 0.90577 0.98086
vt 0.89254 0.76914
vt 0.89254 0.98086
vt 0.8793 0.76914
vt 0.8793 0.98086
vt 0.86607 0.76914
vt 0.86607 0.98086
vt 0.85284 0.76914
vt 0.85284 0.98086
vt 0.8396 0.76914
vt 0.8396 0.98086
vt 0.82637 0.76914
vt 0.82637 0.98086
vt 0.81314 0.76914
vt 0.81314 0.98086
vt 0.7999 0.76914
vt 0.7999 0.98086
vt 0.78667 0.76914
vt 0.78667 0.98086
vt 0.77344 0.76914
vt 0.77344 0.98086
vt 0.7602 0.76914
vt 0.7602 0.98086
vt 0.74697 0.76914
vt 0.74697 0.98086
vt 0.9889 0.2579
vt 0.9889 0.263
vt 0.98993 0.263
vt 0.98993 0.2579
vt 0.69404 0.76914
vt 0.69404 0.98086
vt 0.70727 0.98086
vt 0.70727 0.76914
vt 0.68081 0.76914
vt 0.68081 0.98086
vt 0.66757 0.76914
vt 0.66757 0.98086
vt 0.65434 0.76914
vt 0.65434 0.98086
vt 0.64111 0.76914
vt 0.64111 0.98086
vt 0.62787 0.76914
vt 0.62787 0.98086
vt 0.61464 0.76914
vt 0.61464 0.98086
vt 0.60141 0.76914
vt 0.60141 0.98086
vt 0.58817 0.76914
vt 0.58817 0.98086
vt 0.57494 0.76914
vt 0.57494 0.98086
vt 0.56171 0.76914
vt 0.56171 0.98086
vt 0.81687 0.10415
vt 0.8257 0.10447
vt 0.48663 0.30768
vt 0.48635 0.30595
vt 0.48196 0.3069
vt 0.48216 0.30862
vt 0.97852 0.47497
vt 0.9787 0.47667
vt 0.98487 0.47589
vt 0.98468 0.47416
vt 0.75635 0.51324
vt 0.75539 0.5042
vt 0.75164 0.50452
vt 0.75184 0.51362
vt 0.37997 0.04959
vt 0.38494 0.04827
vt 0.37123 0.05422
vt 0.37581 0.05322
vt 0.80611 0.47646
vt 0.81155 0.47584
vt 0.80987 0.47411
vt 0.8046 0.4747
vt 0.77488 0.33908
vt 0.76907 0.3388
vt 0.76954 0.34079
vt 0.77524 0.34096
vt 0.80601 0.05449
vt 0.80447 0.06446
vt 0.80476 0.0645
vt 0.80647 0.05456
vt 0.76653 0.41582
vt 0.76618 0.41771
vt 0.77221 0.41884
vt 0.77258 0.41695
vt 0.76659 0.44397
vt 0.76626 0.44578
vt 0.77222 0.44688
vt 0.77258 0.44505
vt 0.81034 0.06386
vt 0.81097 0.06394
vt 0.74108 0.05784
vt 0.73415 0.05823
vt 0.73429 0.0611
vt 0.74126 0.06134
vt 0.84078 0.12124
vt 0.8346 0.12156
vt 0.83469 0.12388
vt 0.84093 0.12415
vt 0.36156 0.32927
vt 0.35648 0.32982
vt 0.35663 0.33174
vt 0.36174 0.33119
vt 0.97871 0.5464
vt 0.97884 0.54815
vt 0.98523 0.54767
vt 0.98511 0.54591
vt 0.84928 0.44033
vt 0.85019 0.44954
vt 0.85406 0.44943
vt 0.85393 0.43989
vt 0.32223 0.33344
vt 0.31845 0.33362
vt 0.31838 0.33553
vt 0.32219 0.33536
vt 0.9637 0.55108
vt 0.95757 0.55001
vt 0.95725 0.55209
vt 0.96338 0.55319
vt 0.30501 0.11872
vt 0.30759 0.12067
vt 0.31052 0.11618
vt 0.30806 0.1144
vt 0.98572 0.3688
vt 0.97869 0.36815
vt 0.97854 0.36989
vt 0.98559 0.37058
vt 0.83395 0.52207
vt 0.8284 0.51344
vt 0.82838 0.52264
vt 0.73696 0.07463
vt 0.73715 0.07752
vt 0.74438 0.07712
vt 0.74419 0.0735
vt 0.89594 0.43987
vt 0.90076 0.43933
vt 0.89987 0.43015
vt 0.89417 0.43087
vt 0.8188 0.12165
vt 0.81944 0.12174
vt 0.97816 0.45354
vt 0.97193 0.45448
vt 0.75453 0.49595
vt 0.75155 0.49625
vt 0.45335 0.03864
vt 0.45238 0.04249
vt 0.45856 0.0431
vt 0.45971 0.03927
vt 0.47139 0.28424
vt 0.465 0.2862
vt 0.46674 0.29104
vt 0.47338 0.289
vt 0.90863 0.4963
vt 0.90556 0.48797
vt 0.9056 0.49656
vt 0.77726 0.60235
vt 0.7775 0.60316
vt 0.40796 0.30707
vt 0.40843 0.30234
vt 0.40176 0.30292
vt 0.40108 0.30753
vt 0.54608 0.17767
vt 0.54417 0.18351
vt 0.5466 0.18386
vt 0.54856 0.1779
vt 0.06279 0.71323
vt 0.53149 0.07828
vt 0.53453 0.08426
vt 0.5384 0.08142
vt 0.53516 0.07534
vt 0.27216 0.8141
vt 0.27142 0.8104
vt 0.76649 0.4017
vt 0.77309 0.40292
vt 0.77311 0.39714
vt 0.76623 0.39584
vt 0.81984 0.37786
vt 0.81987 0.37416
vt 0.81335 0.37515
vt 0.81313 0.37897
vt 0.55796 0.15178
vt 0.55708 0.1586
vt 0.56177 0.15834
vt 0.56254 0.15132
vt 0.80474 0.3769
vt 0.81148 0.37788
vt 0.81146 0.37419
vt 0.80452 0.37308
vt 0.4547 0.03321
vt 0.46134 0.03384
vt 0.98576 0.37842
vt 0.97837 0.37768
vt 0.97837 0.38024
vt 0.9859 0.38099
vt 0.97867 0.56123
vt 0.98505 0.56054
vt 0.39862 0.28485
vt 0.39306 0.28314
vt 0.39268 0.28493
vt 0.39832 0.28667
vt 0.38931 0.04456
vt 0.39529 0.0427
vt 0.92145 0.54525
vt 0.91925 0.53414
vt 0.91244 0.53567
vt 0.91354 0.54755
vt 0.73388 0.09691
vt 0.73386 0.09461
vt 0.8359 0.39649
vt 0.83823 0.4083
vt 0.88741 0.39663
vt 0.88975 0.4085
vt 0.89762 0.40617
vt 0.89646 0.39398
vt 0.33783 0.25551
vt 0.33436 0.25087
vt 0.33326 0.25202
vt 0.33676 0.25673
vt 0.42871 0.03068
vt 0.42842 0.0361
vt 0.43486 0.03544
vt 0.43542 0.02996
vt 0.75135 0.43104
vt 0.75136 0.43525
vt 0.75771 0.43416
vt 0.75789 0.42992
vt 0.76687 0.40962
vt 0.77312 0.41071
vt 0.77311 0.40707
vt 0.76669 0.40592
vt 0.96338 0.55767
vt 0.95703 0.55687
vt 0.95707 0.56014
vt 0.96358 0.56116
vt 0.77378 0.35208
vt 0.76652 0.35262
vt 0.77039 0.4627
vt 0.77034 0.45949
vt 0.76546 0.45966
vt 0.76535 0.46291
vt 0.81949 0.40598
vt 0.81271 0.40533
vt 0.81268 0.41128
vt 0.81974 0.41197
vt 0.29219 0.12686
vt 0.28924 0.12541
vt 0.28472 0.12938
vt 0.28903 0.13117
vt 0.97871 0.57249
vt 0.97888 0.57446
vt 0.98471 0.57383
vt 0.98457 0.57187
vt 0.32317 0.23812
vt 0.32067 0.23286
vt 0.31943 0.23372
vt 0.32195 0.23905
vt 0.41589 0.04201
vt 0.42191 0.04262
vt 0.42197 0.03926
vt 0.4158 0.0387
vt 0.4401 0.04237
vt 0.44583 0.04404
vt 0.44651 0.04062
vt 0.44064 0.0389
vt 0.46352 0.04713
vt 0.46877 0.04985
vt 0.47006 0.04663
vt 0.46467 0.04383
vt 0.90822 0.372
vt 0.91974 0.36868
vt 0.96329 0.4004
vt 0.95711 0.3996
vt 0.95704 0.40186
vt 0.96332 0.40268
vt 0.83357 0.38468
vt 0.74747 0.09267
vt 0.74732 0.09628
vt 0.7544 0.09596
vt 0.75471 0.09164
vt 0.49853 0.2572
vt 0.49696 0.25534
vt 0.49335 0.25948
vt 0.49484 0.26142
vt 0.50027 0.25925
vt 0.49649 0.26357
vt 0.29211 0.17348
vt 0.29296 0.16691
vt 0.28781 0.16705
vt 0.28679 0.1738
vt 0.97128 0.5085
vt 0.97128 0.51108
vt 0.97775 0.51011
vt 0.97788 0.50752
vt 0.30966 0.24801
vt 0.30683 0.24204
vt 0.3026 0.24483
vt 0.30561 0.25097
vt 0.98548 0.37261
vt 0.9784 0.37191
vt 0.97838 0.3747
vt 0.98561 0.37542
vt 0.78656 0.1998
vt 0.78699 0.19458
vt 0.7781 0.19416
vt 0.77717 0.2003
vt 0.97118 0.3747
vt 0.97119 0.37251
vt 0.96503 0.3729
vt 0.96491 0.37511
vt 0.32734 0.24957
vt 0.32885 0.24818
vt 0.32457 0.24427
vt 0.323 0.24558
vt 0.52499 0.09856
vt 0.52354 0.09942
vt 0.52699 0.1039
vt 0.52856 0.10307
vt 0.97867 0.55104
vt 0.97867 0.55586
vt 0.9853 0.55515
vt 0.98551 0.55044
vt 0.95169 0.44164
vt 0.94933 0.42968
vt 0.94031 0.4323
vt 0.94149 0.44461
vt 0.97859 0.43751
vt 0.97858 0.44005
vt 0.98466 0.43931
vt 0.98479 0.43675
vt 0.54632 0.15307
vt 0.54577 0.1593
vt 0.54859 0.15911
vt 0.54927 0.15273
vt 0.97128 0.50559
vt 0.97803 0.50458
vt 0.76693 0.44197
vt 0.77293 0.44303
vt 0.77299 0.4412
vt 0.76692 0.44014
vt 0.97829 0.46177
vt 0.97829 0.46466
vt 0.98488 0.46378
vt 0.98503 0.46087
vt 0.79754 0.56869
vt 0.79522 0.55698
vt 0.78614 0.55962
vt 0.78729 0.57167
vt 0.77075 0.45555
vt 0.77103 0.45169
vt 0.76645 0.45184
vt 0.76606 0.45569
vt 0.35562 0.0636
vt 0.35962 0.06002
vt 0.35728 0.05777
vt 0.35348 0.06145
vt 0.97041 0.43127
vt 0.96424 0.43056
vt 0.96419 0.43416
vt 0.97053 0.43485
vt 0.41617 0.04593
vt 0.422 0.04639
vt 0.42195 0.04473
vt 0.41604 0.04419
vt 0.43962 0.04589
vt 0.44517 0.04748
vt 0.44545 0.04599
vt 0.43983 0.04437
vt 0.75839 0.03943
vt 0.53745 0.09035
vt 0.5329 0.09335
vt 0.53671 0.09821
vt 0.5414 0.09542
vt 0.98508 0.40283
vt 0.97829 0.40196
vt 0.97824 0.40493
vt 0.98519 0.40582
vt 0.466 0.04003
vt 0.47155 0.04293
vt 0.47369 0.03762
vt 0.46791 0.03461
vt 0.44126 0.03493
vt 0.4473 0.03671
vt 0.4484 0.03123
vt 0.44209 0.02941
vt 0.84426 0.54493
vt 0.84189 0.53322
vt 0.83516 0.53464
vt 0.83636 0.5472
vt 0.54294 0.21778
vt 0.53826 0.21578
vt 0.53622 0.22176
vt 0.54083 0.22401
vt 0.48252 0.31051
vt 0.487 0.30958
vt 0.17959 0.75805
vt 0.18271 0.75805
vt 0.18364 0.72486
vt 0.18053 0.72416
vt 0.77087 0.47131
vt 0.77065 0.46615
vt 0.76549 0.46649
vt 0.7653 0.47191
vt 0.48796 0.26246
vt 0.48243 0.26537
vt 0.9638 0.56513
vt 0.95712 0.56386
vt 0.95708 0.56946
vt 0.96403 0.57082
vt 0.75138 0.40283
vt 0.75136 0.40698
vt 0.75778 0.40584
vt 0.75798 0.40161
vt 0.82842 0.53606
vt 0.82847 0.54947
vt 0.54081 0.17715
vt 0.53897 0.18275
vt 0.54144 0.18311
vt 0.54331 0.1774
vt 0.81025 0.39884
vt 0.80412 0.39792
vt 0.80411 0.40151
vt 0.8104 0.40244
vt 0.49917 0.05804
vt 0.49692 0.06124
vt 0.50216 0.06399
vt 0.50455 0.0609
vt 0.74144 0.54502
vt 0.73921 0.53333
vt 0.73245 0.53501
vt 0.73354 0.5473
vt 0.97856 0.53595
vt 0.97857 0.53853
vt 0.98528 0.53803
vt 0.98541 0.53544
vt 0.53573 0.2147
vt 0.53352 0.21375
vt 0.53157 0.21949
vt 0.53374 0.22055
vt 0.1769 0.75805
vt 0.17756 0.7236
vt 0.98505 0.50194
vt 0.97857 0.50143
vt 0.97856 0.50445
vt 0.98519 0.50497
vt 0.36564 0.27492
vt 0.36014 0.27314
vt 0.98607 0.3839
vt 0.97837 0.38313
vt 0.97837 0.38848
vt 0.98638 0.38928
vt 0.52121 0.08659
vt 0.52405 0.09197
vt 0.52688 0.08989
vt 0.52399 0.08435
vt 0.82604 0.42381
vt 0.82 0.42282
vt 0.82 0.42505
vt 0.82615 0.42607
vt 0.84724 0.41863
vt 0.8539 0.41717
vt 0.5518 0.15889
vt 0.55262 0.15234
vt 0.43442 0.29559
vt 0.43415 0.29238
vt 0.42804 0.294
vt 0.42817 0.29738
vt 0.86087 0.09572
vt 0.86053 0.1009
vt 0.86979 0.10037
vt 0.8706 0.09425
vt 0.3487 0.0648
vt 0.34563 0.06841
vt 0.34694 0.07052
vt 0.35092 0.06694
vt 0.93801 0.40794
vt 0.93689 0.39588
vt 0.9313 0.39686
vt 0.93131 0.40957
vt 0.54509 0.1656
vt 0.54248 0.16558
vt 0.54297 0.17152
vt 0.54567 0.17166
vt 0.81209 0.34922
vt 0.80406 0.35069
vt 0.33536 0.25829
vt 0.33181 0.25348
vt 0.32936 0.25583
vt 0.33303 0.26075
vt 0.97149 0.54284
vt 0.97148 0.53714
vt 0.96478 0.53749
vt 0.96451 0.54318
vt 0.97143 0.52722
vt 0.97148 0.52529
vt 0.96533 0.52561
vt 0.9652 0.52759
vt 0.81909 0.39402
vt 0.81287 0.39347
vt 0.81279 0.39536
vt 0.81909 0.3959
vt 0.9714 0.52316
vt 0.9713 0.52122
vt 0.96517 0.52153
vt 0.96526 0.52347
vt 0.9702 0.49775
vt 0.96412 0.49738
vt 0.96413 0.49921
vt 0.97029 0.4996
vt 0.9712 0.37068
vt 0.96512 0.37105
vt 0.97149 0.52244
vt 0.97149 0.52734
vt 0.97833 0.52683
vt 0.97856 0.52205
vt 0.53558 0.29927
vt 0.53486 0.2974
vt 0.53137 0.29782
vt 0.5321 0.29968
vt 0.75844 0.38502
vt 0.75843 0.37905
vt 0.75186 0.37954
vt 0.75158 0.38554
vt 0.75842 0.36901
vt 0.75839 0.36717
vt 0.75236 0.36764
vt 0.75231 0.36947
vt 0.84059 0.42008
vt 0.7581 0.36336
vt 0.75208 0.36381
vt 0.75222 0.36563
vt 0.75825 0.36518
vt 0.96412 0.50116
vt 0.96403 0.49876
vt 0.95791 0.4996
vt 0.95789 0.50193
vt 0.39543 0.30114
vt 0.3891 0.29921
vt 0.38795 0.30389
vt 0.39452 0.30582
vt 0.85809 0.08669
vt 0.86664 0.08712
vt 0.35033 0.04362
vt 0.35407 0.04747
vt 0.35747 0.04404
vt 0.35406 0.04017
vt 0.79021 0.10201
vt 0.80003 0.10249
vt 0.80124 0.09349
vt 0.73669 0.11397
vt 0.73663 0.11627
vt 0.74274 0.11596
vt 0.74276 0.11304
vt 0.76786 0.20079
vt 0.76889 0.19372
vt 0.75968 0.19328
vt 0.75855 0.20127
vt 0.41744 0.32089
vt 0.41722 0.31931
vt 0.41176 0.32025
vt 0.412 0.32183
vt 0.31778 0.23483
vt 0.32034 0.24026
vt 0.46235 0.05042
vt 0.46743 0.05307
vt 0.46801 0.05168
vt 0.46286 0.049
vt 0.97829 0.45154
vt 0.9783 0.45642
vt 0.98531 0.45548
vt 0.98556 0.45066
vt 0.81024 0.39255
vt 0.80431 0.39169
vt 0.80406 0.39373
vt 0.81001 0.39461
vt 0.82629 0.42976
vt 0.81998 0.42872
vt 0.81996 0.43293
vt 0.82646 0.434
vt 0.96405 0.45494
vt 0.96394 0.45273
vt 0.95785 0.45369
vt 0.95788 0.45592
vt 0.46213 0.29871
vt 0.46078 0.29426
vt 0.45481 0.2973
vt 0.45591 0.30173
vt 0.34525 0.32411
vt 0.35064 0.32319
vt 0.53414 0.22753
vt 0.53033 0.23204
vt 0.5347 0.2347
vt 0.53866 0.23001
vt 0.03312 0.01911
vt 0.034 0.0191
vt 0.47897 0.27128
vt 0.47779 0.26912
vt 0.47313 0.27272
vt 0.47421 0.27496
vt 0.93151 0.47586
vt 0.93174 0.47667
vt 0.8199 0.37089
vt 0.81354 0.37178
vt 0.87722 0.58142
vt 0.8657 0.58476
vt 0.96378 0.53735
vt 0.95706 0.53641
vt 0.95704 0.54213
vt 0.96404 0.54312
vt 0.41106 0.31378
vt 0.41666 0.31309
vt 0.41643 0.31151
vt 0.41083 0.3122
vt 0.73135 0.52273
vt 0.72573 0.5238
vt 0.72568 0.53669
vt 0.9713 0.51409
vt 0.97133 0.5169
vt 0.97752 0.51598
vt 0.97762 0.51314
vt 0.5036 0.26321
vt 0.50183 0.2611
vt 0.49797 0.26549
vt 0.49966 0.2677
vt 0.97155 0.51892
vt 0.97179 0.52066
vt 0.97796 0.51975
vt 0.97772 0.51801
vt 0.8403 0.16848
vt 0.84147 0.15947
vt 0.95702 0.40551
vt 0.96347 0.40629
vt 0.82648 0.38961
vt 0.82049 0.39021
vt 0.82069 0.39201
vt 0.82669 0.39144
vt 0.97863 0.42931
vt 0.9786 0.43463
vt 0.98494 0.43386
vt 0.98522 0.4285
vt 0.7929 0.54528
vt 0.78498 0.54758
vt 0.96424 0.46845
vt 0.9642 0.47094
vt 0.97011 0.47031
vt 0.97025 0.46773
vt 0.97881 0.4478
vt 0.97895 0.4495
vt 0.98479 0.44875
vt 0.98461 0.44707
vt 0.97819 0.34732
vt 0.97831 0.35265
vt 0.98589 0.352
vt 0.98608 0.34662
vt 0.9785 0.36097
vt 0.97856 0.36368
vt 0.98542 0.36327
vt 0.98555 0.36046
vt 0.51314 0.25396
vt 0.50751 0.25852
vt 0.51096 0.26225
vt 0.51682 0.25751
vt 0.90782 0.0691
vt 0.90845 0.06919
vt 0.93134 0.36989
vt 0.4967 0.27517
vt 0.49044 0.27849
vt 0.49288 0.28246
vt 0.4993 0.27896
vt 0.4938 0.27095
vt 0.48779 0.27414
vt 0.97131 0.41771
vt 0.97144 0.41973
vt 0.97729 0.41923
vt 0.97718 0.41721
vt 0.54718 0.19039
vt 0.54622 0.197
vt 0.53939 0.18887
vt 0.53697 0.18839
vt 0.5361 0.19446
vt 0.5385 0.19507
vt 0.54446 0.18986
vt 0.54208 0.1894
vt 0.54116 0.19574
vt 0.54352 0.19633
vt 0.33231 0.33238
vt 0.33208 0.33072
vt 0.32707 0.33125
vt 0.32724 0.33292
vt 0.55958 0.13834
vt 0.55489 0.13931
vt 0.55651 0.14555
vt 0.56118 0.14484
vt 0.41569 0.03493
vt 0.42204 0.03544
vt 0.42207 0.03001
vt 0.41545 0.02951
vt 0.82703 0.39761
vt 0.82083 0.39815
vt 0.75158 0.60235
vt 0.75182 0.60316
vt 0.90557 0.4388
vt 0.90557 0.42942
vt 0.97856 0.52761
vt 0.97856 0.53302
vt 0.98556 0.5325
vt 0.98584 0.52707
vt 0.39648 0.29581
vt 0.3904 0.29396
vt 0.54536 0.00768
vt 0.5491 0.00718
vt 0.54861 0.00534
vt 0.54486 0.00582
vt 0.54847 0.1134
vt 0.54349 0.11548
vt 0.54624 0.12121
vt 0.55135 0.11936
vt 0.53492 0.1191
vt 0.53321 0.11974
vt 0.53574 0.12498
vt 0.5375 0.12441
vt 0.54005 0.11697
vt 0.53703 0.11827
vt 0.53965 0.12369
vt 0.54273 0.12253
vt 0.39526 0.32443
vt 0.39501 0.32281
vt 0.38928 0.32371
vt 0.38953 0.32537
vt 0.75844 0.37486
vt 0.75845 0.37122
vt 0.75223 0.37168
vt 0.75206 0.37534
vt 0.94697 0.41772
vt 0.94472 0.40631
vt 0.93914 0.42
vt 0.97762 0.37683
vt 0.97131 0.37619
vt 0.97126 0.37939
vt 0.97773 0.37996
vt 0.80469 0.3871
vt 0.81104 0.38807
vt 0.81132 0.38608
vt 0.80497 0.3851
vt 0.92819 0.45669
vt 0.92514 0.45687
vt 0.74937 0.03898
vt 0.74034 0.03853
vt 0.73928 0.04654
vt 0.9852 0.58457
vt 0.97865 0.58394
vt 0.97864 0.58693
vt 0.98534 0.58757
vt 0.97023 0.06153
vt 0.9736 0.06161
vt 0.97361 0.00942
vt 0.96851 0.00942
vt 0.765 0.37094
vt 0.75887 0.37023
vt 0.75886 0.37396
vt 0.76516 0.37472
vt 0.38612 0.28662
vt 0.38673 0.28441
vt 0.38085 0.28375
vt 0.38014 0.28594
vt 0.98543 0.4113
vt 0.97819 0.41037
vt 0.97815 0.41572
vt 0.98568 0.41668
vt 0.54255 0.29626
vt 0.54206 0.2945
vt 0.53781 0.29523
vt 0.53826 0.29702
vt 0.80408 0.40563
vt 0.81057 0.40657
vt 0.47314 0.0545
vt 0.47249 0.05586
vt 0.47806 0.05753
vt 0.4788 0.05619
vt 0.5098 0.06386
vt 0.5138 0.06876
vt 0.51765 0.06463
vt 0.5135 0.05951
vt 0.96338 0.49317
vt 0.95737 0.49409
vt 0.95762 0.49575
vt 0.96364 0.49483
vt 0.75135 0.41062
vt 0.75141 0.41287
vt 0.75756 0.41178
vt 0.75761 0.40954
vt 0.97858 0.42446
vt 0.98548 0.4237
vt 0.50984 0.27063
vt 0.50689 0.26712
vt 0.50279 0.27179
vt 0.50548 0.27539
vt 0.5433 0.0208
vt 0.54667 0.02026
vt 0.9641 0.47056
vt 0.96407 0.46489
vt 0.95743 0.46598
vt 0.95719 0.47168
vt 0.83104 0.37186
vt 0.84255 0.36855
vt 0.81149 0.36858
vt 0.80427 0.36742
vt 0.50792 0.30329
vt 0.5122 0.30277
vt 0.51215 0.30094
vt 0.50783 0.30145
vt 0.40242 0.03342
vt 0.40307 0.03853
vt 0.40944 0.0367
vt 0.40894 0.03138
vt 0.8949 0.16913
vt 0.89477 0.16542
vt 0.88794 0.16586
vt 0.88811 0.17034
vt 0.33609 0.27609
vt 0.33959 0.27166
vt 0.33421 0.26849
vt 0.33047 0.27281
vt 0.88781 0.54758
vt 0.88671 0.53569
vt 0.8799 0.53723
vt 0.87989 0.54988
vt 0.56949 0.2906
vt 0.57392 0.29067
vt 0.57498 0.28918
vt 0.4593 0.31349
vt 0.45913 0.31174
vt 0.45469 0.31269
vt 0.45493 0.31445
vt 0.36355 0.05711
vt 0.36681 0.05398
vt 0.36432 0.05153
vt 0.36113 0.05475
vt 0.35621 0.05019
vt 0.35833 0.05237
vt 0.36155 0.04907
vt 0.35952 0.04676
vt 0.5364 0.29355
vt 0.53753 0.29173
vt 0.53281 0.2926
vt 0.53181 0.29436
vt 0.89177 0.14642
vt 0.8988 0.14608
vt 0.8984 0.14317
vt 0.8915 0.14281
vt 0.29482 0.12836
vt 0.29186 0.13238
vt 0.80504 0.45196
vt 0.80479 0.45759
vt 0.81013 0.45739
vt 0.81058 0.45163
vt 0.97027 0.4287
vt 0.9642 0.42806
vt 0.805 0.46122
vt 0.80485 0.46444
vt 0.81002 0.46424
vt 0.8103 0.46108
vt 0.49146 0.30126
vt 0.49623 0.30073
vt 0.49462 0.29931
vt 0.48999 0.29987
vt 0.30396 0.8104
vt 0.29583 0.8111
vt 0.2953 0.81332
vt 0.30323 0.8141
vt 0.76532 0.41944
vt 0.76052 0.42139
vt 0.7371 0.58471
vt 0.73585 0.57154
vt 0.72561 0.57448
vt 0.72558 0.58801
vt 0.30089 0.15352
vt 0.30087 0.15919
vt 0.80917 0.47168
vt 0.80406 0.47212
vt 0.42913 0.31905
vt 0.42331 0.31997
vt 0.42362 0.32175
vt 0.42946 0.32083
vt 0.82329 0.56865
vt 0.82097 0.55688
vt 0.81189 0.5595
vt 0.81304 0.57159
vt 0.29997 0.11448
vt 0.30234 0.11632
vt 0.30552 0.11211
vt 0.30331 0.11025
vt 0.76427 0.09019
vt 0.97856 0.50703
vt 0.98532 0.50756
vt 0.84225 0.08231
vt 0.83505 0.08269
vt 0.83521 0.08561
vt 0.84237 0.08594
vt 0.80568 0.44728
vt 0.81155 0.44692
vt 0.28928 0.10619
vt 0.29255 0.10939
vt 0.29591 0.10503
vt 0.29283 0.1017
vt 0.29694 0.11272
vt 0.30031 0.10845
vt 0.18526 0.79043
vt 0.18365 0.79124
vt 0.05554 0.30438
vt 0.18054 0.79194
vt 0.17757 0.79251
vt 0.79069 0.53416
vt 0.78388 0.53571
vt 0.57955 0.28921
vt 0.57871 0.29075
vt 0.58348 0.28891
vt 0.36424 0.05855
vt 0.36779 0.05546
vt 0.9644 0.60141
vt 0.96452 0.60316
vt 0.97058 0.60271
vt 0.97046 0.60093
vt 0.76362 0.44911
vt 0.76486 0.4472
vt 0.76006 0.44688
vt 0.75895 0.44888
vt 0.81996 0.38596
vt 0.82016 0.38788
vt 0.82601 0.38717
vt 0.82583 0.38528
vt 0.82845 0.12362
vt 0.76379 0.45569
vt 0.75911 0.45555
vt 0.75952 0.45949
vt 0.7644 0.45966
vt 0.85728 0.37002
vt 0.85418 0.37046
vt 0.35112 0.03713
vt 0.34692 0.04068
vt 0.96411 0.5048
vt 0.95772 0.50565
vt 0.84631 0.44966
vt 0.84463 0.44076
vt 0.38094 0.05129
vt 0.38581 0.04987
vt 0.75693 0.3424
vt 0.76281 0.34248
vt 0.76532 0.3516
vt 0.75805 0.35106
vt 0.75798 0.35372
vt 0.76569 0.35436
vt 0.80409 0.39564
vt 0.81011 0.39655
vt 0.7638 0.3458
vt 0.7575 0.34553
vt 0.75799 0.34866
vt 0.7648 0.34909
vt 0.3952 0.03368
vt 0.38686 0.03307
vt 0.76558 0.36243
vt 0.76582 0.35875
vt 0.75738 0.35809
vt 0.75659 0.36165
vt 0.96468 0.34683
vt 0.95789 0.3481
vt 0.95725 0.59922
vt 0.95757 0.6013
vt 0.9637 0.60024
vt 0.96338 0.59812
vt 0.95788 0.60316
vt 0.964 0.60215
vt 0.40288 0.04126
vt 0.40969 0.04021
vt 0.89875 0.41816
vt 0.90553 0.41663
vt 0.9055 0.40384
vt 0.35578 0.29405
vt 0.358 0.28979
vt 0.35177 0.28775
vt 0.3494 0.29182
vt 0.73698 0.52165
vt 0.95703 0.59445
vt 0.95713 0.59699
vt 0.96336 0.59605
vt 0.96338 0.59364
vt 0.54242 0.20279
vt 0.53914 0.20879
vt 0.54174 0.20974
vt 0.54509 0.20361
vt 0.77312 0.39209
vt 0.76601 0.39088
vt 0.73835 0.59788
vt 0.73851 0.59847
vt 0.75124 0.59458
vt 0.75113 0.59421
vt 0.72579 0.47553
vt 0.72603 0.47634
vt 0.42817 0.03996
vt 0.43443 0.03936
vt 0.54034 0.10311
vt 0.54198 0.10924
vt 0.54689 0.10691
vt 0.54518 0.10053
vt 0.86872 0.16684
vt 0.86958 0.16066
vt 0.86047 0.16027
vt 0.85951 0.16737
vt 0.96392 0.4441
vt 0.95701 0.44298
vt 0.95698 0.44803
vt 0.96413 0.44909
vt 0.42896 0.02586
vt 0.43591 0.02518
vt 0.75135 0.39201
vt 0.75136 0.39705
vt 0.75824 0.39576
vt 0.75846 0.39079
vt 0.75147 0.44295
vt 0.75183 0.44497
vt 0.75782 0.44389
vt 0.75747 0.44189
vt 0.3549 0.3187
vt 0.35531 0.32058
vt 0.36026 0.31966
vt 0.35988 0.31777
vt 0.45155 0.04584
vt 0.45757 0.04642
vt 0.38109 0.3032
vt 0.38244 0.29863
vt 0.37586 0.2979
vt 0.37432 0.3023
vt 0.75137 0.43892
vt 0.75756 0.43784
vt 0.45108 0.04776
vt 0.457 0.04832
vt 0.81292 0.43368
vt 0.81294 0.43735
vt 0.81912 0.43633
vt 0.81927 0.43264
vt 0.76546 0.16882
vt 0.76536 0.17312
vt 0.77457 0.1726
vt 0.77505 0.16737
vt 0.45591 0.02839
vt 0.46278 0.02909
vt 0.75135 0.42508
vt 0.75816 0.42389
vt 0.47793 0.31146
vt 0.47757 0.30958
vt 0.47378 0.31048
vt 0.47413 0.31235
vt 0.9838 0.26804
vt 0.98322 0.21614
vt 0.97985 0.21618
vt 0.97871 0.2681
vt 0.75731 0.52229
vt 0.75204 0.52272
vt 0.47707 0.04597
vt 0.47542 0.04958
vt 0.48133 0.05133
vt 0.48315 0.04778
vt 0.97827 0.47059
vt 0.97824 0.46511
vt 0.97146 0.4662
vt 0.97121 0.47175
vt 0.8129 0.42346
vt 0.8129 0.42947
vt 0.81944 0.42841
vt 0.81971 0.42236
vt 0.47399 0.05271
vt 0.47974 0.05441
vt 0.29983 0.14749
vt 0.30155 0.1481
vt 0.30222 0.14307
vt 0.30038 0.14238
vt 0.97836 0.44458
vt 0.97117 0.44342
vt 0.97116 0.44839
vt 0.97858 0.4495
vt 0.48155 0.0362
vt 0.47944 0.0408
vt 0.48578 0.04269
vt 0.48808 0.03824
vt 0.81151 0.36356
vt 0.80406 0.36244
vt 0.53009 0.08751
vt 0.52716 0.08178
vt 0.85438 0.47566
vt 0.85461 0.47647
vt 0.85383 0.3508
vt 0.8536 0.34999
vt 0.78 0.02143
vt 0.77277 0.02105
vt 0.97823 0.45618
vt 0.9719 0.45703
vt 0.75885 0.40182
vt 0.75887 0.40594
vt 0.76493 0.40501
vt 0.76509 0.40089
vt 0.81294 0.43958
vt 0.81296 0.44144
vt 0.81895 0.44048
vt 0.81902 0.43859
vt 0.76685 0.43793
vt 0.77303 0.43901
vt 0.77305 0.43534
vt 0.7667 0.43424
vt 0.48521 0.28275
vt 0.48275 0.27823
vt 0.47768 0.28217
vt 0.47993 0.28684
vt 0.31369 0.26151
vt 0.31746 0.25821
vt 0.31262 0.25387
vt 0.30879 0.25693
vt 0.97215 0.35492
vt 0.97838 0.35552
vt 0.97193 0.35201
vt 0.96366 0.52324
vt 0.95751 0.52232
vt 0.95725 0.5242
vt 0.96342 0.52511
vt 0.76437 0.46649
vt 0.76451 0.46291
vt 0.75947 0.4627
vt 0.75921 0.46615
vt 0.78287 0.0443
vt 0.78276 0.04065
vt 0.83146 0.49583
vt 0.83445 0.49569
vt 0.97822 0.40748
vt 0.9853 0.40839
vt 0.85136 0.15988
vt 0.8503 0.1679
vt 0.96365 0.41043
vt 0.957 0.40967
vt 0.95698 0.41552
vt 0.96391 0.41634
vt 0.33303 0.27996
vt 0.32728 0.27649
vt 0.38824 0.04191
vt 0.39513 0.0404
vt 0.81865 0.54512
vt 0.81643 0.53391
vt 0.80964 0.53548
vt 0.81074 0.5474
vt 0.97256 0.36049
vt 0.97844 0.35805
vt 0.97235 0.35748
vt 0.41774 0.32267
vt 0.41229 0.32362
vt 0.96389 0.37016
vt 0.96368 0.36819
vt 0.95768 0.3689
vt 0.95788 0.37093
vt 0.97862 0.44581
vt 0.98445 0.44509
vt 0.39218 0.28715
vt 0.39793 0.28892
vt 0.73036 0.51339
vt 0.72566 0.51413
vt 0.34979 0.27891
vt 0.34508 0.27473
vt 0.34184 0.27926
vt 0.34677 0.28358
vt 0.87287 0.11953
vt 0.87207 0.12567
vt 0.88122 0.12612
vt 0.88216 0.11905
vt 0.50244 0.05342
vt 0.50804 0.05641
vt 0.74862 0.58141
vt 0.7461 0.5686
vt 0.814 0.08451
vt 0.82298 0.08506
vt 0.9154 0.40823
vt 0.9176 0.41932
vt 0.9244 0.41779
vt 0.92331 0.40594
vt 0.31117 0.23188
vt 0.31415 0.23011
vt 0.31066 0.22533
vt 0.30758 0.22698
vt 0.39553 0.32628
vt 0.38978 0.32724
vt 0.37273 0.32963
vt 0.37251 0.32772
vt 0.367 0.32851
vt 0.36719 0.33042
vt 0.75908 0.41576
vt 0.75935 0.41762
vt 0.76505 0.41677
vt 0.76479 0.4149
vt 0.8084 0.04601
vt 0.8174 0.0465
vt 0.42208 0.02527
vt 0.41524 0.02491
vt 0.54724 0.21958
vt 0.54496 0.22602
vt 0.5164 0.2381
vt 0.51447 0.23662
vt 0.51089 0.2424
vt 0.51276 0.24401
vt 0.96501 0.41505
vt 0.97114 0.41556
vt 0.97111 0.41302
vt 0.96487 0.4125
vt 0.55292 0.11155
vt 0.55584 0.11774
vt 0.98577 0.3549
vt 0.53105 0.21268
vt 0.52915 0.2183
vt 0.96429 0.59943
vt 0.97036 0.59893
vt 0.31036 0.32966
vt 0.31071 0.33124
vt 0.31501 0.33031
vt 0.31473 0.32871
vt 0.74024 0.0966
vt 0.74025 0.09952
vt 0.74717 0.0999
vt 0.39135 0.29034
vt 0.39725 0.29214
vt 0.97123 0.39525
vt 0.97123 0.4002
vt 0.9779 0.39969
vt 0.97815 0.39486
vt 0.9715 0.53282
vt 0.97153 0.53591
vt 0.97793 0.5353
vt 0.97807 0.53231
vt 0.87009 0.54532
vt 0.86788 0.53419
vt 0.86104 0.53567
vt 0.86216 0.54762
vt 0.52671 0.24597
vt 0.52265 0.24288
vt 0.51878 0.24917
vt 0.52268 0.25252
vt 0.35387 0.27257
vt 0.34937 0.26871
vt 0.34738 0.27152
vt 0.35197 0.27553
vt 0.76419 0.02062
vt 0.93579 0.48808
vt 0.93374 0.47667
vt 0.54777 0.16555
vt 0.54824 0.17176
vt 0.44392 0.30796
vt 0.44417 0.3097
vt 0.44965 0.30904
vt 0.44943 0.30725
vt 0.48191 0.3063
vt 0.48638 0.30595
vt 0.48615 0.30421
vt 0.4816 0.3046
vt 0.72858 0.49585
vt 0.72557 0.49617
vt 0.81554 0.19827
vt 0.81547 0.19601
vt 0.76077 0.07621
vt 0.76044 0.08147
vt 0.76908 0.08188
vt 0.76992 0.07571
vt 0.82702 0.41128
vt 0.82702 0.40533
vt 0.82046 0.40597
vt 0.82019 0.41196
vt 0.97129 0.40944
vt 0.97134 0.41264
vt 0.97742 0.41199
vt 0.97752 0.40886
vt 0.51855 0.23975
vt 0.51483 0.24579
vt 0.96413 0.45004
vt 0.96413 0.45504
vt 0.97075 0.45438
vt 0.97099 0.4495
vt 0.75915 0.50388
vt 0.76087 0.51287
vt 0.97813 0.38913
vt 0.9712 0.38863
vt 0.9712 0.39359
vt 0.97837 0.39396
vt 0.85979 0.39625
vt 0.85892 0.3871
vt 0.85416 0.38775
vt 0.85414 0.39711
vt 0.33232 0.3343
vt 0.32723 0.33485
vt 0.96416 0.47311
vt 0.9643 0.475
vt 0.97012 0.47445
vt 0.96999 0.47255
vt 0.85739 0.49631
vt 0.86043 0.49603
vt 0.33 0.24711
vt 0.32576 0.24327
vt 0.94264 0.16423
vt 0.94161 0.16413
vt 0.95135 0.2681
vt 0.95237 0.268
vt 0.79595 0.19931
vt 0.79588 0.195
vt 0.52966 0.09553
vt 0.53341 0.10022
vt 0.94714 0.54487
vt 0.94484 0.53342
vt 0.93811 0.53478
vt 0.93925 0.54713
vt 0.81421 0.52271
vt 0.97856 0.52276
vt 0.9861 0.52234
vt 0.97209 0.5633
vt 0.97863 0.5639
vt 0.97866 0.56081
vt 0.97195 0.56031
vt 0.81972 0.36596
vt 0.81942 0.36397
vt 0.81329 0.36495
vt 0.81357 0.36694
vt 0.96503 0.41927
vt 0.97105 0.41975
vt 0.97116 0.41778
vt 0.96513 0.41727
vt 0.73657 0.11857
vt 0.75899 0.47131
vt 0.76456 0.47191
vt 0.97864 0.5895
vt 0.98547 0.59014
vt 0.96432 0.59722
vt 0.97048 0.59671
vt 0.9054 0.47631
vt 0.90558 0.46469
vt 0.96414 0.46077
vt 0.96419 0.46484
vt 0.97037 0.46415
vt 0.97049 0.46012
vt 0.86987 0.41759
vt 0.86765 0.40649
vt 0.86091 0.40807
vt 0.86203 0.41989
vt 0.8477 0.11729
vt 0.84779 0.12089
vt 0.85479 0.12054
vt 0.85476 0.11626
vt 0.75561 0.0202
vt 0.75477 0.02639
vt 0.7741 0.17783
vt 0.78294 0.17823
vt 0.78378 0.17207
vt 0.97857 0.36562
vt 0.98545 0.36532
vt 0.37227 0.32604
vt 0.36675 0.32682
vt 0.93608 0.51344
vt 0.93518 0.50444
vt 0.93134 0.50469
vt 0.93137 0.51379
vt 0.97858 0.54155
vt 0.97859 0.54437
vt 0.98502 0.54388
vt 0.98514 0.54105
vt 0.52047 0.24121
vt 0.51667 0.24737
vt 0.97749 0.37408
vt 0.97129 0.37351
vt 0.98567 0.35747
vt 0.97066 0.43888
vt 0.96414 0.43824
vt 0.96413 0.44396
vt 0.97093 0.44462
vt 0.97815 0.34244
vt 0.98626 0.3418
vt 0.53035 0.24875
vt 0.52607 0.25543
vt 0.97868 0.56968
vt 0.98467 0.56904
vt 0.81356 0.44519
vt 0.81953 0.44421
vt 0.81924 0.44244
vt 0.81326 0.44341
vt 0.89204 0.15003
vt 0.8992 0.14899
vt 0.96467 0.36193
vt 0.95712 0.36145
vt 0.95735 0.36641
vt 0.96467 0.36632
vt 0.49373 0.06565
vt 0.49276 0.06691
vt 0.49771 0.06952
vt 0.49875 0.06828
vt 0.54008 0.20208
vt 0.53686 0.20796
vt 0.97859 0.44302
vt 0.98454 0.44229
vt 0.97839 0.59829
vt 0.97137 0.59724
vt 0.97136 0.60216
vt 0.97864 0.60316
vt 0.97761 0.58146
vt 0.97142 0.58054
vt 0.97138 0.58335
vt 0.97771 0.5843
vt 0.77629 0.05592
vt 0.77532 0.06301
vt 0.78442 0.06345
vt 0.78551 0.05545
vt 0.75889 0.40952
vt 0.76478 0.40861
vt 0.54657 0.2115
vt 0.55005 0.20512
vt 0.93697 0.52243
vt 0.9314 0.52288
vt 0.89772 0.44887
vt 0.90165 0.44852
vt 0.90159 0.16499
vt 0.90148 0.16207
vt 0.89463 0.16172
vt 0.81999 0.37383
vt 0.81999 0.37808
vt 0.8262 0.37732
vt 0.82637 0.37301
vt 0.97829 0.47556
vt 0.97099 0.47667
vt 0.36241 0.28137
vt 0.35663 0.27941
vt 0.82 0.3818
vt 0.82604 0.3811
vt 0.53196 0.10761
vt 0.5335 0.1133
vt 0.53559 0.11237
vt 0.53401 0.10658
vt 0.97827 0.46189
vt 0.97829 0.45905
vt 0.97182 0.45984
vt 0.97166 0.46282
vt 0.738 0.35416
vt 0.73938 0.35449
vt 0.73938 0.35158
vt 0.73782 0.35127
vt 0.96409 0.50892
vt 0.95751 0.50986
vt 0.8199 0.38849
vt 0.81986 0.38347
vt 0.81289 0.38463
vt 0.81268 0.38961
vt 0.90511 0.14812
vt 0.90481 0.14579
vt 0.73507 0.51265
vt 0.8129 0.4182
vt 0.81996 0.41722
vt 0.45927 0.28929
vt 0.45353 0.29222
vt 0.52721 0.22371
vt 0.52363 0.22794
vt 0.52592 0.22935
vt 0.52958 0.22503
vt 0.05954 0.33248
vt 0.06438 0.33243
vt 0.75645 0.45157
vt 0.75715 0.44915
vt 0.75188 0.44856
vt 0.75135 0.45113
vt 0.97128 0.49528
vt 0.97129 0.5002
vt 0.9783 0.49915
vt 0.97855 0.49428
vt 0.55407 0.12538
vt 0.55456 0.13233
vt 0.55917 0.13116
vt 0.55853 0.12403
vt 0.76623 0.05041
vt 0.4502 0.31362
vt 0.4447 0.31458
vt 0.44496 0.31632
vt 0.45052 0.3154
vt 0.46426 0.30769
vt 0.46934 0.30718
vt 0.4691 0.30548
vt 0.46397 0.30599
vt 0.97863 0.36732
vt 0.9855 0.36707
vt 0.49496 0.06401
vt 0.50008 0.06667
vt 0.90563 0.5372
vt 0.90562 0.54985
vt 0.75135 0.41988
vt 0.7584 0.41876
vt 0.81143 0.38376
vt 0.80497 0.38284
vt 0.95703 0.5472
vt 0.96426 0.54815
vt 0.34202 0.26858
vt 0.33678 0.26553
vt 0.52798 0.2306
vt 0.5317 0.2262
vt 0.93138 0.53614
vt 0.93136 0.5494
vt 0.85268 0.03771
vt 0.8523 0.04295
vt 0.86127 0.04243
vt 0.86208 0.0363
vt 0.3838 0.32629
vt 0.37814 0.32701
vt 0.37837 0.32892
vt 0.38405 0.32818
vt 0.55076 0.29314
vt 0.54698 0.2937
vt 0.97039 0.42287
vt 0.96443 0.42234
vt 0.96429 0.42401
vt 0.97026 0.42455
vt 0.29855 0.19777
vt 0.29819 0.19149
vt 0.29442 0.19233
vt 0.29474 0.1988
vt 0.76415 0.41762
vt 0.75933 0.41949
vt 0.54936 0.18425
vt 0.55139 0.17816
vt 0.42788 0.04539
vt 0.42785 0.04699
vt 0.43375 0.04637
vt 0.43388 0.04481
vt 0.37886 0.03421
vt 0.37156 0.03546
vt 0.96413 0.45747
vt 0.95785 0.45849
vt 0.80431 0.46838
vt 0.80942 0.46808
vt 0.384 0.29342
vt 0.37767 0.29273
vt 0.4689 0.3036
vt 0.46377 0.30408
vt 0.97799 0.06155
vt 0.97871 0.00942
vt 0.42219 0.31071
vt 0.42241 0.3123
vt 0.42809 0.31153
vt 0.4279 0.30992
vt 0.9641 0.46095
vt 0.95766 0.46201
vt 0.35704 0.93853
vt 0.35391 0.93644
vt 0.36879 0.88406
vt 0.36949 0.87593
vt 0.3658 0.87666
vt 0.36658 0.8846
vt 0.97829 0.46721
vt 0.98475 0.46635
vt 0.50364 0.071
vt 0.50732 0.07559
vt 0.50878 0.07411
vt 0.50506 0.06944
vt 0.96413 0.47561
vt 0.95698 0.47667
vt 0.75394 0.03258
vt 0.43965 0.3191
vt 0.4393 0.31723
vt 0.43423 0.31814
vt 0.43457 0.31996
vt 0.96347 0.36641
vt 0.95747 0.36707
vt 0.97905 0.57614
vt 0.98485 0.57551
vt 0.53508 0.20053
vt 0.53201 0.20616
vt 0.53431 0.20701
vt 0.53745 0.20126
vt 0.48143 0.2758
vt 0.48027 0.27367
vt 0.47541 0.27744
vt 0.47647 0.27965
vt 0.82674 0.44005
vt 0.81996 0.43894
vt 0.81996 0.4442
vt 0.82697 0.44519
vt 0.89573 0.54528
vt 0.89351 0.53414
vt 0.32176 0.25444
vt 0.32475 0.25183
vt 0.32027 0.24775
vt 0.31712 0.25026
vt 0.30434 0.12944
vt 0.30685 0.12546
vt 0.30531 0.12501
vt 0.30271 0.12871
vt 0.96416 0.4259
vt 0.97014 0.42645
vt 0.97054 0.54952
vt 0.96441 0.54921
vt 0.96432 0.55115
vt 0.97045 0.55146
vt 0.37724 0.31868
vt 0.38266 0.31778
vt 0.38241 0.31609
vt 0.377 0.317
vt 0.89805 0.55699
vt 0.88896 0.55963
vt 0.54172 0.15348
vt 0.54102 0.15948
vt 0.54322 0.15941
vt 0.54383 0.1533
vt 0.34413 0.26589
vt 0.33901 0.26295
vt 0.81151 0.38114
vt 0.80493 0.38026
vt 0.34537 0.26422
vt 0.34034 0.26132
vt 0.34633 0.2629
vt 0.34138 0.26002
vt 0.8747 0.56872
vt 0.87239 0.55702
vt 0.8633 0.55966
vt 0.86445 0.5717
vt 0.75883 0.47539
vt 0.76493 0.47633
vt 0.53994 0.12979
vt 0.54047 0.13598
vt 0.54274 0.13545
vt 0.54215 0.12916
vt 0.77717 0.35018
vt 0.77707 0.36187
vt 0.98029 0.16499
vt 0.98264 0.16496
vt 0.8544 0.60235
vt 0.85464 0.60316
vt 0.76592 0.11473
vt 0.76553 0.11996
vt 0.77458 0.12036
vt 0.77542 0.11419
vt 0.92609 0.5687
vt 0.92377 0.55697
vt 0.91469 0.5596
vt 0.91584 0.57166
vt 0.84938 0.07758
vt 0.84946 0.08193
vt 0.90169 0.16792
vt 0.75143 0.07237
vt 0.75161 0.07671
vt 0.76109 0.07096
vt 0.96422 0.58156
vt 0.96423 0.58726
vt 0.97085 0.58676
vt 0.97112 0.58102
vt 0.75843 0.16987
vt 0.75842 0.17348
vt 0.97155 0.53863
vt 0.97155 0.54161
vt 0.97769 0.54098
vt 0.97781 0.53793
vt 0.91307 0.39649
vt 0.92215 0.39387
vt 0.4814 0.30269
vt 0.48596 0.30229
vt 0.97156 0.54436
vt 0.97169 0.54639
vt 0.97769 0.54587
vt 0.97758 0.54384
vt 0.37832 0.03075
vt 0.3703 0.03204
vt 0.31585 0.22908
vt 0.31242 0.22439
vt 0.31714 0.22829
vt 0.31375 0.22367
vt 0.75845 0.39033
vt 0.75135 0.39079
vt 0.29851 0.2394
vt 0.30282 0.23684
vt 0.29896 0.23159
vt 0.29464 0.2339
vt 0.97221 0.56593
vt 0.9786 0.56663
vt 0.96391 0.4967
vt 0.95787 0.49762
vt 0.55912 0.2958
vt 0.55879 0.29383
vt 0.55503 0.29436
vt 0.55535 0.29635
vt 0.55834 0.29208
vt 0.55467 0.29256
vt 0.29789 0.2109
vt 0.30164 0.20952
vt 0.29905 0.20398
vt 0.29522 0.20519
vt 0.30492 0.20832
vt 0.30679 0.20765
vt 0.30433 0.20234
vt 0.30239 0.20292
vt 0.97244 0.57183
vt 0.9786 0.57235
vt 0.9786 0.5696
vt 0.97234 0.56898
vt 0.74522 0.17184
vt 0.74527 0.17416
vt 0.75148 0.17384
vt 0.75141 0.17092
vt 0.28806 0.21449
vt 0.29264 0.21282
vt 0.28988 0.20686
vt 0.28536 0.20827
vt 0.42198 0.30892
vt 0.4277 0.30813
vt 0.44371 0.30603
vt 0.44923 0.30528
vt 0.53435 0.29563
vt 0.53079 0.29609
vt 0.90765 0.16459
vt 0.90743 0.16229
vt 0.29279 0.18613
vt 0.29656 0.18548
vt 0.29507 0.17946
vt 0.29132 0.17993
vt 0.88253 0.37188
vt 0.88507 0.38476
vt 0.8953 0.38179
vt 0.89404 0.36856
vt 0.86047 0.04856
vt 0.86966 0.04901
vt 0.8706 0.04196
vt 0.97149 0.5479
vt 0.28274 0.18771
vt 0.28743 0.18698
vt 0.28593 0.18052
vt 0.28134 0.18101
vt 0.8125 0.35208
vt 0.80421 0.35339
vt 0.81182 0.36244
vt 0.8122 0.35748
vt 0.80464 0.35775
vt 0.80452 0.36213
vt 0.28279 0.1601
vt 0.28696 0.15987
vt 0.2851 0.15172
vt 0.28167 0.15226
vt 0.32653 0.25854
vt 0.33033 0.26358
vt 0.79751 0.44151
vt 0.79516 0.42959
vt 0.78729 0.44448
vt 0.75884 0.39585
vt 0.76534 0.3949
vt 0.5512 0.10487
vt 0.54929 0.09835
vt 0.95703 0.57692
vt 0.95708 0.58185
vt 0.96403 0.58049
vt 0.96422 0.57566
vt 0.28942 0.20019
vt 0.2891 0.19344
vt 0.28438 0.19443
vt 0.28476 0.2014
vt 0.77075 0.06954
vt 0.42795 0.04333
vt 0.43405 0.04278
vt 0.45621 0.27924
vt 0.45094 0.28192
vt 0.5566 0.17865
vt 0.5545 0.18499
vt 0.5591 0.18565
vt 0.56114 0.17907
vt 0.5509 0.21308
vt 0.55437 0.20645
vt 0.97811 0.59286
vt 0.97136 0.59185
vt 0.31753 0.24229
vt 0.3149 0.23672
vt 0.31158 0.2389
vt 0.31429 0.24464
vt 0.53862 0.23708
vt 0.54261 0.23215
vt 0.97155 0.34663
vt 0.9712 0.3418
vt 0.9634 0.52942
vt 0.95703 0.52866
vt 0.95704 0.5323
vt 0.96357 0.53314
vt 0.82703 0.4012
vt 0.82066 0.40179
vt 0.37213 0.28982
vt 0.36662 0.28675
vt 0.36433 0.29169
vt 0.37008 0.29488
vt 0.7541 0.10028
vt 0.96435 0.59468
vt 0.97062 0.59416
vt 0.28366 0.11578
vt 0.28711 0.11822
vt 0.28996 0.11401
vt 0.28653 0.11109
vt 0.42182 0.28595
vt 0.41597 0.28534
vt 0.41593 0.2873
vt 0.42187 0.28799
vt 0.76492 0.53353
vt 0.75832 0.53487
vt 0.46834 0.29545
vt 0.47517 0.29327
vt 0.84395 0.10174
vt 0.83663 0.10205
vt 0.83688 0.10496
vt 0.84413 0.10532
vt 0.4218 0.30225
vt 0.41515 0.3016
vt 0.41491 0.30639
vt 0.4218 0.30698
vt 0.98575 0.51593
vt 0.97855 0.51537
vt 0.97855 0.52022
vt 0.98597 0.52066
vt 0.73175 0.36899
vt 0.7288 0.36918
vt 0.72952 0.37601
vt 0.73307 0.37567
vt 0.77445 0.35911
vt 0.76601 0.35977
vt 0.76625 0.36345
vt 0.77524 0.36267
vt 0.50572 0.24682
vt 0.50055 0.25102
vt 0.5022 0.2528
vt 0.50748 0.24851
vt 0.94248 0.3949
vt 0.91165 0.49603
vt 0.8193 0.4018
vt 0.81271 0.40121
vt 0.80662 0.50454
vt 0.80281 0.50509
vt 0.98547 0.5105
vt 0.97855 0.50996
vt 0.30197 0.18462
vt 0.30362 0.18441
vt 0.30228 0.17872
vt 0.30054 0.17885
vt 0.30822 0.20714
vt 0.30581 0.2019
vt 0.40993 0.28785
vt 0.41006 0.28594
vt 0.40419 0.28642
vt 0.40397 0.28827
vt 0.95426 0.45463
vt 0.94277 0.45797
vt 0.96404 0.37796
vt 0.96402 0.37432
vt 0.95784 0.37513
vt 0.95769 0.37874
vt 0.76487 0.36866
vt 0.75884 0.36797
vt 0.75141 0.44112
vt 0.75749 0.44005
vt 0.76624 0.42397
vt 0.77306 0.42517
vt 0.77306 0.41996
vt 0.76601 0.41884
vt 0.30231 0.22277
vt 0.30072 0.21658
vt 0.29556 0.21875
vt 0.29719 0.22521
vt 0.43538 0.30554
vt 0.43493 0.30086
vt 0.42842 0.30274
vt 0.42864 0.30734
vt 0.97811 0.43904
vt 0.9712 0.43794
vt 0.95703 0.57439
vt 0.96422 0.57566
vt 0.28307 0.16708
vt 0.28209 0.17407
vt 0.28149 0.14364
vt 0.285 0.14364
vt 0.28512 0.13623
vt 0.28155 0.13551
vt 0.77103 0.47539
vt 0.73975 0.1332
vt 0.73973 0.13551
vt 0.29146 0.121
vt 0.29433 0.11712
vt 0.82838 0.44853
vt 0.82294 0.44519
vt 0.92861 0.58143
vt 0.91709 0.58476
vt 0.05709 0.3324
vt 0.44612 0.28758
vt 0.43993 0.28795
vt 0.29705 0.12426
vt 0.29991 0.12662
vt 0.30261 0.12298
vt 0.29982 0.12058
vt 0.96523 0.35759
vt 0.95698 0.35604
vt 0.76697 0.38477
vt 0.77308 0.38523
vt 0.77311 0.38302
vt 0.76689 0.38256
vt 0.79057 0.4066
vt 0.78832 0.39554
vt 0.78268 0.3963
vt 0.78382 0.40814
vt 0.90247 0.45669
vt 0.89936 0.45695
vt 0.52883 0.21172
vt 0.52697 0.21723
vt 0.97104 0.51555
vt 0.96413 0.51512
vt 0.96412 0.52033
vt 0.97128 0.52066
vt 0.97077 0.50969
vt 0.96414 0.50924
vt 0.74124 0.41744
vt 0.7334 0.4197
vt 0.39479 0.02953
vt 0.38687 0.02961
vt 0.9004 0.72115
vt 0.8942 0.72303
vt 0.89475 0.7258
vt 0.9012 0.72516
vt 0.79603 0.20362
vt 0.78613 0.20503
vt 0.76341 0.45184
vt 0.75883 0.45169
vt 0.97121 0.38302
vt 0.97787 0.38352
vt 0.93741 0.49614
vt 0.93436 0.49637
vt 0.93902 0.50419
vt 0.52526 0.06644
vt 0.52173 0.06991
vt 0.52668 0.07404
vt 0.53031 0.07082
vt 0.97119 0.38841
vt 0.96429 0.38885
vt 0.85806 0.37794
vt 0.85418 0.3784
vt 0.96396 0.37206
vt 0.95788 0.37285
vt 0.96415 0.50141
vt 0.97041 0.50181
vt 0.96429 0.5912
vt 0.97073 0.59069
vt 0.97052 0.55558
vt 0.96428 0.55521
vt 0.96432 0.55749
vt 0.97067 0.55791
vt 0.81914 0.39816
vt 0.81272 0.39762
vt 0.72564 0.54957
vt 0.35451 0.0555
vt 0.35083 0.05928
vt 0.75671 0.45517
vt 0.7516 0.45487
vt 0.75213 0.45881
vt 0.7573 0.45901
vt 0.07002 0.8823
vt 0.04972 0.84485
vt 0.3131 0.11103
vt 0.31602 0.10656
vt 0.7939 0.02665
vt 0.7938 0.02438
vt 0.4162 0.30972
vt 0.41059 0.3104
vt 0.9534 0.21623
vt 0.95238 0.21632
vt 0.51774 0.07379
vt 0.52252 0.07774
vt 0.29871 0.17294
vt 0.30102 0.17286
vt 0.30028 0.16567
vt 0.29797 0.16576
vt 0.30292 0.17281
vt 0.30237 0.16572
vt 0.76691 0.41186
vt 0.77306 0.41296
vt 0.30386 0.19639
vt 0.30352 0.19038
vt 0.30149 0.19076
vt 0.30188 0.19687
vt 0.30539 0.19603
vt 0.3051 0.19009
vt 0.52101 0.06102
vt 0.51666 0.05581
vt 0.3122 0.21806
vt 0.31078 0.21237
vt 0.3094 0.21294
vt 0.31085 0.21871
vt 0.36054 0.28491
vt 0.35457 0.28293
vt 0.80407 0.4116
vt 0.81083 0.41256
vt 0.3872 0.28262
vt 0.3814 0.28198
vt 0.02357 0.01908
vt 0.40174 0.02874
vt 0.4085 0.02671
vt 0.87459 0.4415
vt 0.87223 0.42954
vt 0.86321 0.43218
vt 0.86438 0.44446
vt 0.74658 0.01974
vt 0.74562 0.02685
vt 0.5303 0.10842
vt 0.53181 0.11403
vt 0.8258 0.58143
vt 0.81428 0.58474
vt 0.30773 0.23391
vt 0.30403 0.22887
vt 0.88489 0.15108
vt 0.87536 0.15249
vt 0.8494 0.46505
vt 0.85177 0.47648
vt 0.33896 0.28328
vt 0.34413 0.28766
vt 0.51834 0.08876
vt 0.521 0.09404
vt 0.52234 0.09315
vt 0.51959 0.08783
vt 0.98509 0.58174
vt 0.97868 0.58113
vt 0.84785 0.45736
vt 0.85092 0.45695
vt 0.44508 0.28258
vt 0.43914 0.28311
vt 0.43952 0.28537
vt 0.44557 0.28493
vt 0.46831 0.2769
vt 0.46232 0.27873
vt 0.46325 0.28131
vt 0.46937 0.27943
vt 0.75643 0.11526
vt 0.75648 0.11956
vt 0.51491 0.07654
vt 0.51951 0.0804
vt 0.54019 0.16554
vt 0.54057 0.17138
vt 0.91988 0.71652
vt 0.91847 0.7236
vt 0.92061 0.72381
vt 0.92193 0.71714
vt 0.76652 0.37469
vt 0.77309 0.37519
vt 0.7731 0.36922
vt 0.76624 0.36869
vt 0.96438 0.39936
vt 0.97123 0.39991
vt 0.97123 0.39491
vt 0.96415 0.39448
vt 0.97278 0.36331
vt 0.48741 0.28681
vt 0.48187 0.29093
vt 0.30757 0.2137
vt 0.30906 0.21956
vt 0.76479 0.36675
vt 0.75883 0.36608
vt 0.97136 0.58636
vt 0.97784 0.58733
vt 0.93599 0.38641
vt 0.93134 0.37777
vt 0.93132 0.38731
vt 0.7669 0.41373
vt 0.77296 0.41486
vt 0.81996 0.36291
vt 0.81997 0.36799
vt 0.82663 0.36717
vt 0.82686 0.36224
vt 0.29446 0.12261
vt 0.29735 0.11881
vt 0.9641 0.51464
vt 0.95725 0.51563
vt 0.96405 0.38797
vt 0.96405 0.38213
vt 0.9575 0.38287
vt 0.95722 0.38878
vt 0.77385 0.35474
vt 0.76614 0.35538
vt 0.29098 0.22068
vt 0.29271 0.22735
vt 0.96324 0.42835
vt 0.95706 0.42736
vt 0.95698 0.42989
vt 0.96326 0.43091
vt 0.97132 0.41532
vt 0.97729 0.41474
vt 0.85417 0.40965
vt 0.75172 0.5362
vt 0.87833 0.16635
vt 0.87799 0.17169
vt 0.7877 0.13302
vt 0.78674 0.14011
vt 0.79578 0.14056
vt 0.79687 0.13255
vt 0.79281 0.41767
vt 0.98562 0.59306
vt 0.97864 0.5924
vt 0.97864 0.59777
vt 0.9859 0.59846
vt 0.97124 0.40581
vt 0.97765 0.40531
vt 0.7731 0.37938
vt 0.76672 0.3789
vt 0.97058 0.50548
vt 0.96414 0.50506
vt 0.36231 0.29609
vt 0.36829 0.29931
vt 0.97079 0.56145
vt 0.96428 0.56106
vt 0.96423 0.56513
vt 0.97093 0.56548
vt 0.78327 0.3697
vt 0.78017 0.36987
vt 0.78093 0.37788
vt 0.78481 0.37754
vt 0.34641 0.0547
vt 0.34865 0.05739
vt 0.35232 0.05344
vt 0.35012 0.05072
vt 0.75742 0.46587
vt 0.75759 0.46218
vt 0.75228 0.46203
vt 0.75207 0.46567
vt 0.73032 0.3856
vt 0.72577 0.38617
vt 0.72557 0.39599
vt 0.36197 0.92296
vt 0.36573 0.91571
vt 0.36348 0.91538
vt 0.36127 0.92267
vt 0.80343 0.16017
vt 0.80356 0.16309
vt 0.51093 0.08032
vt 0.50976 0.08138
vt 0.51412 0.08503
vt 0.51532 0.08403
vt 0.73821 0.05456
vt 0.29563 0.1663
vt 0.29563 0.17319
vt 0.77306 0.43113
vt 0.76652 0.43
vt 0.30592 0.22105
vt 0.30439 0.21504
vt 0.97791 0.43566
vt 0.97118 0.43473
vt 0.96412 0.51971
vt 0.95703 0.52066
vt 0.53815 0.13028
vt 0.53861 0.13639
vt 0.97815 0.4206
vt 0.9859 0.42151
vt 0.49204 0.04474
vt 0.49729 0.04901
vt 0.49999 0.0448
vt 0.4945 0.0405
vt 0.80277 0.49706
vt 0.87868 0.16102
vt 0.37362 0.28625
vt 0.36829 0.28321
vt 0.92737 0.44858
vt 0.92353 0.44896
vt 0.40335 0.04801
vt 0.41043 0.04747
vt 0.54088 0.14219
vt 0.53894 0.14252
vt 0.5404 0.14801
vt 0.54243 0.14775
vt 0.76526 0.17742
vt 0.55605 0.16547
vt 0.55082 0.1655
vt 0.55118 0.17187
vt 0.5564 0.1721
vt 0.47031 0.28168
vt 0.46407 0.28359
vt 0.7656 0.38486
vt 0.75884 0.38404
vt 0.75883 0.38913
vt 0.76582 0.3898
vt 0.75754 0.05693
vt 0.75723 0.06207
vt 0.76623 0.06257
vt 0.76706 0.0564
vt 0.51116 0.25206
vt 0.50565 0.25652
vt 0.50943 0.25038
vt 0.50402 0.25476
vt 0.85398 0.45654
vt 0.52507 0.22253
vt 0.52156 0.22667
vt 0.81997 0.38406
vt 0.82591 0.38338
vt 0.54582 0.13462
vt 0.54528 0.12815
vt 0.97796 0.58992
vt 0.97136 0.58894
vt 0.40975 0.29017
vt 0.40368 0.29055
vt 0.77623 0.20645
vt 0.95707 0.59117
vt 0.96358 0.59015
vt 0.3595 0.93074
vt 0.35768 0.92938
vt 0.86786 0.17303
vt 0.51112 0.07162
vt 0.50726 0.06685
vt 0.75883 0.39061
vt 0.76557 0.38979
vt 0.43339 0.28484
vt 0.42764 0.28642
vt 0.74966 0.19281
vt 0.74844 0.2018
vt 0.44532 0.31822
vt 0.4509 0.31734
vt 0.98503 0.49708
vt 0.97871 0.49658
vt 0.97859 0.49861
vt 0.98494 0.49911
vt 0.97787 0.4253
vt 0.97813 0.42354
vt 0.97183 0.42262
vt 0.97155 0.42437
vt 0.36614 0.32047
vt 0.37182 0.3196
vt 0.37159 0.31791
vt 0.36589 0.31878
vt 0.4066 0.32275
vt 0.40095 0.32359
vt 0.40122 0.32541
vt 0.40688 0.32455
vt 0.96355 0.4242
vt 0.95748 0.42321
vt 0.95718 0.42515
vt 0.96326 0.42611
vt 0.96384 0.42252
vt 0.95779 0.42151
vt 0.97361 0.11284
vt 0.97714 0.11292
vt 0.37667 0.31511
vt 0.3821 0.31421
vt 0.37125 0.31602
vt 0.36553 0.31689
vt 0.96445 0.47667
vt 0.97026 0.47613
vt 0.97234 0.57387
vt 0.97848 0.57438
vt 0.76515 0.36317
vt 0.75924 0.36243
vt 0.75903 0.36415
vt 0.76497 0.36486
vt 0.72584 0.36938
vt 0.72596 0.37635
vt 0.54608 0.01474
vt 0.5456 0.01304
vt 0.54222 0.0135
vt 0.54266 0.01525
vt 0.72792 0.05852
vt 0.72804 0.06078
vt 0.34065 0.32998
vt 0.33635 0.33036
vt 0.33654 0.33203
vt 0.34079 0.33167
vt 0.78656 0.38654
vt 0.7818 0.38709
vt 0.97275 0.36533
vt 0.97748 0.36959
vt 0.97139 0.36911
vt 0.97127 0.37112
vt 0.97737 0.37162
vt 0.54555 0.00933
vt 0.54921 0.00881
vt 0.47742 0.30787
vt 0.47358 0.30878
vt 0.96349 0.39645
vt 0.9637 0.39462
vt 0.95762 0.39396
vt 0.95739 0.39573
vt 0.46962 0.30971
vt 0.46442 0.31072
vt 0.95719 0.39771
vt 0.96329 0.39848
vt 0.31411 0.32692
vt 0.30972 0.3279
vt 0.76688 0.38861
vt 0.76674 0.39043
vt 0.77276 0.39088
vt 0.77291 0.38906
vt 0.5459 0.01293
vt 0.54584 0.011
vt 0.54218 0.01156
vt 0.54222 0.0135
vt 0.45411 0.30686
vt 0.45874 0.30651
vt 0.45854 0.30458
vt 0.4539 0.30491
vt 0.38355 0.3246
vt 0.37789 0.32533
vt 0.97804 0.57769
vt 0.97187 0.57678
vt 0.97164 0.57852
vt 0.97781 0.57943
vt 0.45438 0.30862
vt 0.45906 0.30823
vt 0.75219 0.44679
vt 0.75815 0.44569
vt 0.98521 0.57978
vt 0.97883 0.57916
vt 0.81911 0.36221
vt 0.81299 0.36319
vt 0.97126 0.11288
vt 0.38836 0.31698
vt 0.39412 0.31619
vt 0.39389 0.31457
vt 0.38813 0.31533
vt 0.3147 0.33567
vt 0.31478 0.33378
vt 0.31062 0.33411
vt 0.31051 0.33599
vt 0.97111 0.36861
vt 0.971 0.36673
vt 0.96493 0.36706
vt 0.96504 0.36896
vt 0.82839 0.17898
vt 0.82776 0.1789
vt 0.75227 0.41876
vt 0.75829 0.41762
vt 0.45967 0.31539
vt 0.4553 0.31638
vt 0.82627 0.41997
vt 0.82032 0.41899
vt 0.82002 0.42096
vt 0.82598 0.42193
vt 0.47305 0.30524
vt 0.47335 0.30692
vt 0.47728 0.30669
vt 0.47693 0.30501
vt 0.9889 0.26798
vt 0.9876 0.21609
vt 0.54679 0.01654
vt 0.91426 0.10774
vt 0.53897 0.29889
vt 0.54325 0.29813
vt 0.98533 0.39629
vt 0.97875 0.39549
vt 0.97853 0.39718
vt 0.98515 0.39801
vt 0.52725 0.3006
vt 0.52651 0.29879
vt 0.52149 0.29974
vt 0.52222 0.30132
vt 0.52598 0.29709
vt 0.52096 0.29817
vt 0.22149 0.84796
vt 0.21835 0.84586
vt 0.30589 0.10576
vt 0.30694 0.10137
vt 0.75883 0.44742
vt 0.7534 0.44679
vt 0.81996 0.47313
vt 0.81452 0.47646
vt 0.81074 0.41954
vt 0.80592 0.41766
vt 0.50101 0.30268
vt 0.50446 0.30207
vt 0.50461 0.30007
vt 0.50116 0.30069
vt 0.96424 0.55328
vt 0.97038 0.5536
vt 0.32627 0.32609
vt 0.33128 0.32514
vt 0.33074 0.32329
vt 0.3257 0.32425
vt 0.97029 0.49566
vt 0.96422 0.49531
vt 0.97039 0.49376
vt 0.96432 0.49343
vt 0.80555 0.05443
vt 0.80418 0.06442
vt 0.98616 0.16492
vt 0.3936 0.31272
vt 0.38783 0.31346
vt 0.72556 0.35042
vt 0.72572 0.36241
vt 0.85406 0.35162
vt 0.82324 0.17023
vt 0.82501 0.1603
vt 0.91134 0.52379
vt 0.91041 0.51427
vt 0.90564 0.51485
vt 0.90564 0.52456
vt 0.75155 0.17677
vt 0.7584 0.17709
vt 0.90557 0.45644
vt 0.90557 0.44818
vt 0.72937 0.50406
vt 0.72559 0.50447
vt 0.96851 0.00943
vt 0.96748 0.00933
vt 0.83639 0.09914
vt 0.84376 0.09817
vt 0.88469 0.51427
vt 0.88377 0.50475
vt 0.87994 0.50515
vt 0.87992 0.51487
vt 0.85114 0.0972
vt 0.85126 0.10144
vt 0.73972 0.13782
vt 0.74614 0.13811
vt 0.92166 0.43968
vt 0.54554 0.00936
vt 0.54198 0.00987
vt 0.42884 0.31746
vt 0.42306 0.31839
vt 0.9198 0.43041
vt 0.8829 0.49629
vt 0.87985 0.48798
vt 0.87989 0.49656
vt 0.85905 0.51423
vt 0.85818 0.50473
vt 0.85431 0.50508
vt 0.85424 0.51474
vt 0.86037 0.36958
vt 0.90949 0.50475
vt 0.91333 0.50436
vt 0.9853 0.57809
vt 0.97898 0.57748
vt 0.72781 0.05625
vt 0.73401 0.05536
vt 0.79012 0.04396
vt 0.78997 0.04103
vt 0.82331 0.04205
vt 0.82338 0.04443
vt 0.82938 0.04414
vt 0.82926 0.04118
vt 0.97835 0.39916
vt 0.985 0.40001
vt 0.74802 0.05745
vt 0.74823 0.06158
vt 0.93124 0.4565
vt 0.93121 0.4482
vt 0.82655 0.41819
vt 0.82063 0.41721
vt 0.80974 0.15753
vt 0.80331 0.15725
vt 0.93131 0.42228
vt 0.9313 0.43493
vt 0.93121 0.41626
vt 0.79401 0.16452
vt 0.79303 0.1716
vt 0.80229 0.17113
vt 0.80339 0.16313
vt 0.95181 0.56852
vt 0.94947 0.55669
vt 0.94041 0.5593
vt 0.94157 0.57146
vt 0.77626 0.10803
vt 0.78466 0.11372
vt 0.78563 0.10664
vt 0.77439 0.58139
vt 0.76287 0.58472
vt 0.7679 0.05023
vt 0.77725 0.04884
vt 0.80561 0.14105
vt 0.80684 0.13205
vt 0.89137 0.58476
vt 0.87986 0.58809
vt 0.87984 0.60154
vt 0.90154 0.11807
vt 0.90031 0.12706
vt 0.87666 0.08047
vt 0.87762 0.07338
vt 0.74854 0.4543
vt 0.73705 0.45764
vt 0.7253 0.03681
vt 0.72652 0.02781
vt 0.71522 0.0383
vt 0.87715 0.45448
vt 0.86565 0.45781
vt 0.84117 0.59788
vt 0.83992 0.58469
vt 0.82841 0.58799
vt 0.82838 0.60154
vt 0.95698 0.42071
vt 0.96415 0.42151
vt 0.77703 0.39706
vt 0.77707 0.40968
vt 0.90551 0.39133
vt 0.50252 0.07222
vt 0.50617 0.07673
vt 0.85855 0.17447
vt 0.84924 0.17591
vt 0.87885 0.04947
vt 0.87993 0.04149
vt 0.85421 0.5623
vt 0.85419 0.57467
vt 0.88849 0.09936
vt 0.88744 0.10734
vt 0.89747 0.1078
vt 0.89865 0.09881
vt 0.78855 0.45778
vt 0.77705 0.46111
vt 0.77703 0.47476
vt 0.80406 0.41684
vt 0.81105 0.41766
vt 0.75885 0.3782
vt 0.76534 0.37902
vt 0.85418 0.43481
vt 0.85417 0.44743
vt 0.48544 0.05625
vt 0.49024 0.06007
vt 0.49209 0.05717
vt 0.48717 0.05323
vt 0.84953 0.08627
vt 0.89196 0.41968
vt 0.81982 0.36828
vt 0.81358 0.36921
vt 0.78896 0.16088
vt 0.78891 0.15652
vt 0.78032 0.1561
vt 0.77993 0.16137
vt 0.73754 0.01929
vt 0.73646 0.0273
vt 0.88777 0.16137
vt 0.7518 0.08105
vt 0.76952 0.13397
vt 0.76912 0.13924
vt 0.7777 0.13966
vt 0.77853 0.13348
vt 0.78848 0.52303
vt 0.96752 0.2681
vt 0.96851 0.26781
vt 0.78297 0.04796
vt 0.77567 0.04902
vt 0.97767 0.42987
vt 0.97122 0.42902
vt 0.97116 0.43189
vt 0.97774 0.43267
vt 0.80312 0.04499
vt 0.81165 0.04365
vt 0.87984 0.47662
vt 0.84837 0.43111
vt 0.85379 0.43036
vt 0.96405 0.39316
vt 0.95698 0.39396
vt 0.42181 0.2969
vt 0.41542 0.29626
vt 0.90037 0.5687
vt 0.89012 0.57167
vt 0.84064 0.11833
vt 0.44935 0.02644
vt 0.44279 0.02473
vt 0.3763 0.27935
vt 0.37123 0.27657
vt 0.37059 0.27813
vt 0.3757 0.28102
vt 0.83124 0.10237
vt 0.83129 0.10472
vt 0.86665 0.14778
vt 0.86746 0.14166
vt 0.85824 0.14121
vt 0.8573 0.14825
vt 0.80517 0.10375
vt 0.80393 0.11274
vt 0.81397 0.11223
vt 0.81534 0.10224
vt 0.80246 0.08448
vt 0.81253 0.08298
vt 0.88309 0.11199
vt 0.89145 0.11858
vt 0.89252 0.11059
vt 0.89706 0.07051
vt 0.89583 0.07951
vt 0.90718 0.06901
vt 0.81357 0.16163
vt 0.81233 0.17062
vt 0.90561 0.56224
vt 0.74377 0.55681
vt 0.7347 0.55942
vt 0.90553 0.37881
vt 0.90555 0.36523
vt 0.93129 0.44757
vt 0.88007 0.09282
vt 0.87914 0.09987
vt 0.88954 0.09138
vt 0.83752 0.55935
vt 0.82845 0.56196
vt 0.79833 0.07427
vt 0.7971 0.08326
vt 0.89983 0.08982
vt 0.91012 0.08826
vt 0.90289 0.58142
vt 0.83913 0.17749
vt 0.82903 0.17906
vt 0.8757 0.08756
vt 0.88476 0.08801
vt 0.88585 0.08001
vt 0.80807 0.12306
vt 0.81817 0.12156
vt 0.86899 0.1065
vt 0.87821 0.10692
vt 0.80284 0.54968
vt 0.80281 0.56211
vt 0.84795 0.14873
vt 0.84902 0.14075
vt 0.83901 0.14026
vt 0.83779 0.14924
vt 0.75136 0.58804
vt 0.75135 0.60154
vt 0.78009 0.06815
vt 0.77912 0.07524
vt 0.78833 0.07477
vt 0.78942 0.06677
vt 0.73001 0.48742
vt 0.72798 0.47634
vt 0.33544 0.32425
vt 0.33574 0.3259
vt 0.33999 0.32502
vt 0.33963 0.32337
vt 0.85992 0.52373
vt 0.85417 0.52439
vt 0.78722 0.0218
vt 0.44817 0.29813
vt 0.44145 0.29882
vt 0.44214 0.30351
vt 0.44908 0.30272
vt 0.33656 0.33396
vt 0.34083 0.3336
vt 0.32213 0.33176
vt 0.31829 0.33198
vt 0.74457 0.08073
vt 0.74957 0.11201
vt 0.74959 0.11561
vt 0.75639 0.11097
vt 0.39981 0.31533
vt 0.40547 0.31448
vt 0.77707 0.37005
vt 0.86205 0.50437
vt 0.86387 0.51372
vt 0.93131 0.49659
vt 0.91519 0.51369
vt 0.73734 0.08041
vt 0.81048 0.39068
vt 0.80456 0.38983
vt 0.85423 0.47669
vt 0.85438 0.48811
vt 0.77172 0.15567
vt 0.77089 0.16186
vt 0.83451 0.11924
vt 0.94079 0.51308
vt 0.97182 0.54815
vt 0.97781 0.54764
vt 0.8103 0.19852
vt 0.81031 0.19577
vt 0.78143 0.4875
vt 0.78013 0.49626
vt 0.78312 0.4959
vt 0.77706 0.37822
vt 0.77704 0.38764
vt 0.76683 0.20785
vt 0.35704 0.84586
vt 0.35391 0.84796
vt 0.54932 0.13367
vt 0.54884 0.127
vt 0.35079 0.84061
vt 0.34885 0.84179
vt 0.33194 0.82599
vt 0.33403 0.82285
vt 0.8542 0.42219
vt 0.75742 0.20926
vt 0.38513 0.28981
vt 0.37899 0.28912
vt 0.53858 0.1109
vt 0.53698 0.10496
vt 0.88694 0.072
vt 0.78463 0.16591
vt 0.93134 0.5619
vt 0.80993 0.42803
vt 0.80513 0.42962
vt 0.2059 0.87593
vt 0.2096 0.87666
vt 0.2059 0.90847
vt 0.2096 0.90773
vt 0.33403 0.96154
vt 0.33194 0.95841
vt 0.33929 0.95529
vt 0.33813 0.95332
vt 0.81316 0.08307
vt 0.81379 0.08315
vt 0.94422 0.59843
vt 0.94438 0.59899
vt 0.95703 0.59482
vt 0.95694 0.59451
vt 0.71458 0.03821
vt 0.71395 0.03813
vt 0.82564 0.15966
vt 0.82501 0.15958
vt 0.81598 0.10233
vt 0.81443 0.1123
vt 0.81489 0.11236
vt 0.81661 0.10242
vt 0.9713 0.42638
vt 0.97763 0.42731
vt 0.84134 0.59847
vt 0.8415 0.59906
vt 0.85417 0.59495
vt 0.85406 0.59459
vt 0.80756 0.04453
vt 0.80819 0.04461
vt 0.88008 0.60235
vt 0.88031 0.60316
vt 0.73636 0.21224
vt 0.73573 0.21216
vt 0.81288 0.12226
vt 0.81316 0.1223
vt 0.71742 0.05747
vt 0.71679 0.05738
vt 0.90219 0.03056
vt 0.90282 0.03065
vt 0.73067 0.17368
vt 0.73004 0.17359
vt 0.91076 0.08834
vt 0.91139 0.08842
vt 0.93151 0.60235
vt 0.93174 0.60316
vt 0.82123 0.18014
vt 0.82147 0.18017
vt 0.82099 0.1801
vt 0.93128 0.60154
vt 0.94406 0.59787
vt 0.7313 0.17376
vt 0.31462 0.33217
vt 0.31049 0.3325
vt 0.85417 0.60154
vt 0.80296 0.60235
vt 0.80319 0.60316
vt 0.80273 0.60154
vt 0.90156 0.03047
vt 0.91102 0.14724
vt 0.91972 0.14592
vt 0.77703 0.60154
vt 0.8044 0.38886
vt 0.81071 0.38984
vt 0.93128 0.47505
vt 0.71805 0.05755
vt 0.72579 0.60235
vt 0.72602 0.60316
vt 0.73868 0.59906
vt 0.72556 0.60154
vt 0.90534 0.35084
vt 0.90511 0.35003
vt 0.90558 0.35165
vt 0.737 0.21233
vt 0.75135 0.59496
vt 0.50797 0.29946
vt 0.51229 0.29895
vt 0.80692 0.04444
vt 0.36134 0.32757
vt 0.35625 0.32814
vt 0.96391 0.52157
vt 0.95778 0.52066
vt 0.90579 0.60235
vt 0.90602 0.60316
vt 0.90556 0.60154
vt 0.32658 0.32773
vt 0.33155 0.32679
vt 0.47674 0.30311
vt 0.47285 0.30335
vt 0.85396 0.59422
vt 0.77726 0.47557
vt 0.77749 0.47638
vt 0.81928 0.39202
vt 0.81307 0.39145
vt 0.82861 0.60235
vt 0.82884 0.60316
vt 0.81259 0.12222
vt 0.82628 0.15975
vt 0.96332 0.44909
vt 0.95727 0.4501
vt 0.95757 0.45178
vt 0.96363 0.45079
vt 0.93104 0.35107
vt 0.93081 0.35026
vt 0.93128 0.35188
vt 0.43335 0.31095
vt 0.43859 0.31039
vt 0.43832 0.30871
vt 0.43312 0.30931
vt 0.95685 0.59421
vt 0.81948 0.39021
vt 0.8133 0.38961
vt 0.72556 0.47472
vt 0.35153 0.33228
vt 0.34612 0.33295
vt 0.85414 0.47485
vt 0.82846 0.49597
vt 0.82842 0.50424
vt 0.75586 0.48741
vt 0.75355 0.47633
vt 0.83952 0.5215
vt 0.89129 0.523
vt 0.8856 0.52379
vt 0.72452 0.07651
vt 0.73089 0.07786
vt 0.73074 0.07557
vt 0.30664 0.33281
vt 0.30428 0.33282
vt 0.30439 0.33443
vt 0.30666 0.33442
vt 0.50094 0.3045
vt 0.50449 0.30391
vt 0.56079 0.16544
vt 0.56107 0.17231
vt 0.7962 0.16052
vt 0.79629 0.16416
vt 0.87991 0.52458
vt 0.73034 0.17564
vt 0.73911 0.1762
vt 0.90562 0.47662
vt 0.74272 0.11887
vt 0.7496 0.11922
vt 0.48636 0.27179
vt 0.49224 0.26867
vt 0.8031 0.19538
vt 0.80313 0.19891
vt 0.91029 0.71815
vt 0.90583 0.7195
vt 0.90685 0.7246
vt 0.91148 0.72414
vt 0.29987 0.1849
vt 0.29835 0.17904
vt 0.73487 0.38503
vt 0.82889 0.08071
vt 0.82899 0.08302
vt 0.8349 0.07978
vt 0.97759 0.3678
vt 0.97152 0.36732
vt 0.81042 0.50399
vt 0.71897 0.0986
vt 0.72754 0.09892
vt 0.73329 0.13753
vt 0.90787 0.16689
vt 0.7575 0.49564
vt 0.88761 0.50435
vt 0.88945 0.51367
vt 0.80315 0.20244
vt 0.30325 0.32948
vt 0.30392 0.33124
vt 0.30615 0.33059
vt 0.30548 0.32884
vt 0.86193 0.37749
vt 0.92608 0.75101
vt 0.93128 0.75621
vt 0.93175 0.75565
vt 0.92665 0.75055
vt 0.84214 0.07868
vt 0.7409 0.05434
vt 0.74533 0.17648
vt 0.94255 0.52197
vt 0.54965 0.14037
vt 0.54622 0.14112
vt 0.54782 0.14693
vt 0.55122 0.14637
vt 0.86568 0.52307
vt 0.88591 0.49602
vt 0.81232 0.51335
vt 0.80877 0.02278
vt 0.80018 0.0224
vt 0.90565 0.50515
vt 0.71602 0.07762
vt 0.81562 0.20053
vt 0.81028 0.20126
vt 0.96422 0.57656
vt 0.97136 0.57614
vt 0.96492 0.42105
vt 0.97093 0.42151
vt 0.85138 0.10567
vt 0.30428 0.33282
vt 0.30661 0.33213
vt 0.95238 0.00954
vt 0.95139 0.00925
vt 0.73315 0.50364
vt 0.82096 0.19979
vt 0.93128 0.46481
vt 0.85435 0.4966
vt 0.84787 0.12449
vt 0.85481 0.12483
vt 0.83643 0.04746
vt 0.84337 0.04781
vt 0.79655 0.04365
vt 0.7964 0.04136
vt 0.4219 0.29041
vt 0.41586 0.28966
vt 0.41565 0.29275
vt 0.42186 0.29345
vt 0.7967 0.04594
vt 0.79028 0.0469
vt 0.78098 0.50474
vt 0.78481 0.50429
vt 0.9712 0.39363
vt 0.96405 0.39396
vt 0.77714 0.5052
vt 0.7937 0.0221
vt 0.76702 0.3866
vt 0.77305 0.38707
vt 0.72161 0.05715
vt 0.79611 0.15688
vt 0.30426 0.33631
vt 0.30652 0.33628
vt 0.81964 0.12309
vt 0.76259 0.52186
vt 0.74023 0.09369
vt 0.73389 0.09922
vt 0.98513 0.49532
vt 0.97884 0.49483
vt 0.90559 0.57463
vt 0.77816 0.08233
vt 0.78724 0.08277
vt 0.85144 0.58139
vt 0.84892 0.56856
vt 0.83868 0.5715
vt 0.84687 0.1567
vt 0.83658 0.15823
vt 0.52681 0.09744
vt 0.5305 0.10199
vt 0.80279 0.57454
vt 0.80276 0.58804
vt 0.91074 0.38475
vt 0.92099 0.38179
vt 0.85405 0.36525
vt 0.72563 0.56203
vt 0.35493 0.27084
vt 0.35052 0.26701
vt 0.85416 0.46114
vt 0.90276 0.10908
vt 0.73538 0.03532
vt 0.95433 0.58136
vt 0.94282 0.58467
vt 0.74596 0.44132
vt 0.7436 0.42938
vt 0.73458 0.43199
vt 0.73576 0.44428
vt 0.72556 0.46098
vt 0.72556 0.44725
vt 0.9313 0.58797
vt 0.76173 0.16232
vt 0.76269 0.15522
vt 0.75366 0.15477
vt 0.75257 0.16278
vt 0.85418 0.58811
vt 0.78855 0.58475
vt 0.77704 0.57465
vt 0.77703 0.58809
vt 0.881 0.03351
vt 0.89006 0.04098
vt 0.89128 0.03199
vt 0.89038 0.12657
vt 0.45073 0.04921
vt 0.45657 0.04975
vt 0.87988 0.56227
vt 0.87987 0.57465
vt 0.93128 0.46131
vt 0.75137 0.57455
vt 0.72773 0.01881
vt 0.84659 0.55675
vt 0.80119 0.17912
vt 0.81109 0.17961
vt 0.88884 0.04996
vt 0.80005 0.45445
vt 0.93123 0.39124
vt 0.93124 0.37883
vt 0.77006 0.16805
vt 0.76077 0.16942
vt 0.76632 0.1095
vt 0.90557 0.58808
vt 0.48917 0.04974
vt 0.49421 0.05382
vt 0.34236 0.05088
vt 0.34616 0.04689
vt 0.3425 0.04415
vt 0.3386 0.04834
vt 0.78866 0.12592
vt 0.79796 0.12455
vt 0.93133 0.5744
vt 0.78661 0.04745
vt 0.79553 0.05494
vt 0.79676 0.04594
vt 0.74262 0.16328
vt 0.74384 0.15427
vt 0.75148 0.17079
vt 0.74139 0.17228
vt 0.93121 0.40364
vt 0.79956 0.06527
vt 0.06741 0.33241
vt 0.32641 0.26771
vt 0.32244 0.26247
vt 0.3188 0.26597
vt 0.32298 0.27133
vt 0.85423 0.54992
vt 0.72556 0.4346
vt 0.80006 0.5814
vt 0.93126 0.36535
vt 0.7939 0.11325
vt 0.7928 0.12124
vt 0.8027 0.12173
vt 0.7943 0.06393
vt 0.74466 0.03395
vt 0.75785 0.05178
vt 0.35574 0.26949
vt 0.35139 0.26569
vt 0.86583 0.1539
vt 0.37493 0.2831
vt 0.36976 0.2801
vt 0.94065 0.3855
vt 0.49098 0.30369
vt 0.49606 0.30315
vt 0.49625 0.30121
vt 0.49123 0.30197
vt 0.54148 0.08768
vt 0.54551 0.09299
vt 0.82494 0.15992
vt 0.96413 0.44897
vt 0.97116 0.4495
vt 0.97139 0.5295
vt 0.96504 0.52992
vt 0.8542 0.53715
vt 0.48358 0.05933
vt 0.48821 0.06306
vt 0.4891 0.06177
vt 0.48439 0.058
vt 0.86018 0.10608
vt 0.51243 0.07894
vt 0.51688 0.08273
vt 0.90451 0.14346
vt 0.96338 0.52709
vt 0.95713 0.52625
vt 0.46735 0.27462
vt 0.46148 0.27641
vt 0.40939 0.29334
vt 0.40316 0.2938
vt 0.40897 0.29695
vt 0.40256 0.2975
vt 0.97837 0.39328
vt 0.98665 0.39396
vt 0.33929 0.8291
vt 0.3381 0.83104
vt 0.81268 0.41658
vt 0.77714 0.49663
vt 0.7478 0.05332
vt 0.78369 0.1208
vt 0.7605 0.13446
vt 0.76055 0.13882
vt 0.97864 0.60259
vt 0.9861 0.60316
vt 0.95712 0.58746
vt 0.9638 0.58618
vt 0.97143 0.53307
vt 0.96492 0.53346
vt 0.90795 0.74191
vt 0.90455 0.74699
vt 0.90722 0.74919
vt 0.911 0.74354
vt 0.83003 0.19834
vt 0.80285 0.53705
vt 0.8946 0.0885
vt 0.45846 0.28662
vt 0.45285 0.28946
vt 0.51416 0.2656
vt 0.52012 0.26068
vt 0.75233 0.47129
vt 0.75787 0.47163
vt 0.95747 0.35319
vt 0.96545 0.35489
vt 0.77708 0.53727
vt 0.77706 0.54988
vt 0.86543 0.3954
vt 0.76991 0.1287
vt 0.77937 0.1273
vt 0.80511 0.47646
vt 0.47557 0.03298
vt 0.46953 0.03
vt 0.86344 0.12525
vt 0.86383 0.12004
vt 0.77953 0.16664
vt 0.72557 0.40898
vt 0.72557 0.42196
vt 0.86422 0.11482
vt 0.87367 0.11338
vt 0.85192 0.04819
vt 0.5432 0.14177
vt 0.54483 0.14742
vt 0.87154 0.0349
vt 0.85635 0.1553
vt 0.74721 0.21079
vt 0.34454 0.83535
vt 0.344 0.83589
vt 0.75296 0.47598
vt 0.75883 0.47633
vt 0.96336 0.55526
vt 0.95713 0.55433
vt 0.50534 0.04928
vt 0.5111 0.05248
vt 0.795 0.10525
vt 0.79206 0.17868
vt 0.77707 0.44745
vt 0.72934 0.04705
vt 0.72813 0.05605
vt 0.83118 0.10002
vt 0.73054 0.03805
vt 0.02597 0.01918
vt 0.77705 0.56226
vt 0.78901 0.16524
vt 0.76045 0.1301
vt 0.8097 0.06377
vt 0.82844 0.57444
vt 0.84295 0.43186
vt 0.8295 0.04711
vt 0.72464 0.13704
vt 0.91704 0.52303
vt 0.97223 0.57564
vt 0.97835 0.57614
vt 0.73158 0.49553
vt 0.8291 0.08534
vt 0.04908 0.33248
vt 0.82345 0.0468
vt 0.77917 0.47638
vt 0.86368 0.38644
vt 0.73103 0.08016
vt 0.31801 0.32787
vt 0.31834 0.32949
vt 0.32177 0.32866
vt 0.32137 0.32703
vt 0.78665 0.51366
vt 0.75335 0.13846
vt 0.9712 0.57117
vt 0.96422 0.57083
vt 0.96422 0.57589
vt 0.97145 0.57614
vt 0.40635 0.32117
vt 0.40071 0.32199
vt 0.3174 0.32605
vt 0.32077 0.3252
vt 0.71318 0.05827
vt 0.97157 0.42151
vt 0.97743 0.42102
vt 0.9727 0.36704
vt 0.82037 0.38961
vt 0.82621 0.38886
vt 0.77311 0.3639
vt 0.76601 0.36345
vt 0.33491 0.3224
vt 0.33912 0.32151
vt 0.86434 0.71398
vt 0.86936 0.71809
vt 0.87135 0.7161
vt 0.86723 0.71109
vt 0.90023 0.75132
vt 0.89514 0.75472
vt 0.89677 0.75778
vt 0.90242 0.754
vt 0.9453 0.70882
vt 0.94261 0.7038
vt 0.93829 0.70669
vt 0.9419 0.71109
vt 0.89656 0.74043
vt 0.89368 0.74332
vt 0.89728 0.74771
vt 0.90095 0.74403
vt 0.92406 0.72415
vt 0.92406 0.73026
vt 0.92872 0.7298
vt 0.92872 0.7246
vt 0.90795 0.7125
vt 0.9136 0.71714
vt 0.911 0.71086
vt 0.86936 0.73631
vt 0.8678 0.73397
vt 0.86207 0.73703
vt 0.86434 0.74043
vt 0.91847 0.73081
vt 0.92061 0.7306
vt 0.89475 0.72861
vt 0.85661 0.75621
vt 0.85708 0.75565
vt 0.85198 0.75055
vt 0.85141 0.75101
vt 0.99241 0.73088
vt 0.99241 0.72352
vt 0.9917 0.7236
vt 0.9917 0.73081
vt 0.94403 0.73631
vt 0.94602 0.7383
vt 0.85661 0.6982
vt 0.85708 0.69876
vt 0.86308 0.69475
vt 0.86273 0.69411
vt 0.94139 0.73137
vt 0.94246 0.73397
vt 0.84521 0.71652
vt 0.84727 0.71714
vt 0.84987 0.71086
vt 0.84797 0.70986
vt 0.97586 0.72925
vt 0.96941 0.72861
vt 0.96886 0.73137
vt 0.97506 0.73325
vt 0.98614 0.73026
vt 0.98958 0.7306
vt 0.98958 0.7238
vt 0.98614 0.72414
vt 0.86051 0.73325
vt 0.85506 0.7349
vt 0.85705 0.73971
vt 0.88949 0.75706
vt 0.88815 0.75259
vt 0.88305 0.75361
vt 0.8835 0.75825
vt 0.85059 0.73626
vt 0.85405 0.7298
vt 0.8494 0.73026
vt 0.87063 0.70882
vt 0.86794 0.7038
vt 0.86362 0.70669
vt 0.92193 0.73727
vt 0.92526 0.73626
vt 0.97123 0.71398
vt 0.96834 0.71109
vt 0.96423 0.7161
vt 0.96622 0.71809
vt 0.91988 0.73789
vt 0.88957 0.7383
vt 0.89156 0.73631
vt 0.88409 0.68986
vt 0.88403 0.69058
vt 0.8911 0.69199
vt 0.8913 0.6913
vt 0.89883 0.73703
vt 0.90384 0.73971
vt 0.90583 0.7349
vt 0.9004 0.73325
vt 0.88949 0.69735
vt 0.89514 0.69969
vt 0.89677 0.69663
vt 0.89049 0.69403
vt 0.8942 0.73137
vt 0.89312 0.73397
vt 0.90376 0.75565
vt 0.89776 0.75966
vt 0.95096 0.71346
vt 0.95372 0.71291
vt 0.91349 0.74489
vt 0.91287 0.74455
vt 0.90886 0.75055
vt 0.90941 0.75101
vt 0.84451 0.73809
vt 0.84521 0.73789
vt 0.84381 0.73081
vt 0.84308 0.73088
vt 0.91563 0.73789
vt 0.9136 0.73727
vt 0.97506 0.72115
vt 0.96886 0.72303
vt 0.96941 0.7258
vt 0.97586 0.72516
vt 0.90023 0.70309
vt 0.90455 0.70741
vt 0.90722 0.70521
vt 0.90242 0.70041
vt 0.89656 0.71398
vt 0.89883 0.71738
vt 0.90384 0.7147
vt 0.90095 0.71037
vt 0.91029 0.73626
vt 0.94605 0.69735
vt 0.9404 0.69969
vt 0.94741 0.70181
vt 0.88187 0.71291
vt 0.87905 0.71291
vt 0.89156 0.71809
vt 0.89312 0.72043
vt 0.93876 0.69663
vt 0.93311 0.70041
vt 0.93532 0.70309
vt 0.85971 0.72925
vt 0.85971 0.72516
vt 0.85405 0.7246
vt 0.90685 0.7298
vt 0.91148 0.73026
vt 0.9276 0.74191
vt 0.93099 0.747
vt 0.93461 0.74403
vt 0.93172 0.73971
vt 0.96576 0.69199
vt 0.95869 0.69058
vt 0.95849 0.6927
vt 0.96516 0.69403
vt 0.86617 0.7258
vt 0.86672 0.72303
vt 0.84451 0.71631
vt 0.84733 0.70952
vt 0.87738 0.75825
vt 0.87139 0.75706
vt 0.87037 0.76038
vt 0.87703 0.7617
vt 0.96778 0.73397
vt 0.9735 0.73703
vt 0.93311 0.754
vt 0.92831 0.74919
vt 0.8678 0.72043
vt 0.93128 0.6982
vt 0.92608 0.7034
vt 0.92664 0.70386
vt 0.93174 0.69876
vt 0.92199 0.70952
vt 0.92264 0.70986
vt 0.94084 0.7258
vt 0.94084 0.72861
vt 0.91492 0.7306
vt 0.91704 0.73081
vt 0.91704 0.7236
vt 0.91492 0.72381
vt 0.86051 0.72115
vt 0.95816 0.75825
vt 0.95849 0.7617
vt 0.96516 0.76038
vt 0.96416 0.75706
vt 0.93901 0.74043
vt 0.93829 0.74771
vt 0.9419 0.74332
vt 0.93532 0.75132
vt 0.97562 0.71037
vt 0.97194 0.70669
vt 0.95148 0.69058
vt 0.9444 0.69199
vt 0.94503 0.69403
vt 0.9517 0.6927
vt 0.8835 0.69615
vt 0.88383 0.6927
vt 0.94261 0.7506
vt 0.9453 0.74559
vt 0.94605 0.75706
vt 0.95205 0.75825
vt 0.95251 0.75361
vt 0.94741 0.75259
vt 0.92973 0.73491
vt 0.95771 0.75361
vt 0.95716 0.74795
vt 0.95308 0.74795
vt 0.95205 0.69616
vt 0.87369 0.73987
vt 0.87063 0.74559
vt 0.8744 0.74715
vt 0.87629 0.74094
vt 0.93774 0.75966
vt 0.94441 0.76242
vt 0.94504 0.76038
vt 0.93876 0.75778
vt 0.88723 0.73987
vt 0.97887 0.75621
vt 0.98407 0.75101
vt 0.98353 0.75055
vt 0.97843 0.75565
vt 0.99097 0.71631
vt 0.99029 0.71652
vt 0.86672 0.73137
vt 0.96494 0.70882
vt 0.96189 0.71454
vt 0.96423 0.7383
vt 0.96622 0.73631
vt 0.8913 0.76311
vt 0.8911 0.76242
vt 0.88403 0.76383
vt 0.88409 0.76454
vt 0.98816 0.74489
vt 0.99097 0.73809
vt 0.99029 0.73789
vt 0.98753 0.74455
vt 0.89028 0.70882
vt 0.88723 0.71454
vt 0.88957 0.7161
vt 0.89368 0.71109
vt 0.86574 0.75472
vt 0.86065 0.75132
vt 0.85845 0.754
vt 0.86409 0.75778
vt 0.89295 0.7506
vt 0.98151 0.7246
vt 0.98151 0.7298
vt 0.9805 0.7195
vt 0.9404 0.75472
vt 0.98261 0.74191
vt 0.98566 0.74354
vt 0.98826 0.73727
vt 0.98495 0.73626
vt 0.93438 0.72925
vt 0.93518 0.73325
vt 0.96981 0.69969
vt 0.96416 0.69735
vt 0.96281 0.70181
vt 0.96762 0.7038
vt 0.8865 0.74715
vt 0.8825 0.74795
vt 0.86207 0.71738
vt 0.95148 0.76383
vt 0.9517 0.7617
vt 0.91631 0.7381
vt 0.91774 0.73088
vt 0.94139 0.72303
vt 0.84594 0.7306
vt 0.84594 0.72381
vt 0.84381 0.7236
vt 0.95096 0.74094
vt 0.94907 0.74715
vt 0.95372 0.74149
vt 0.94246 0.72043
vt 0.84308 0.72353
vt 0.93739 0.76029
vt 0.94419 0.76311
vt 0.98753 0.70985
vt 0.98352 0.70386
vt 0.98188 0.70521
vt 0.98566 0.71086
vt 0.95653 0.74149
vt 0.85633 0.70741
vt 0.86065 0.70309
vt 0.85845 0.70041
vt 0.85364 0.70521
vt 0.93518 0.72115
vt 0.92973 0.7195
vt 0.93438 0.72516
vt 0.9276 0.7125
vt 0.92526 0.71815
vt 0.93172 0.7147
vt 0.8494 0.72414
vt 0.93674 0.73703
vt 0.98826 0.71714
vt 0.98495 0.71815
vt 0.97123 0.74043
vt 0.95869 0.76383
vt 0.96281 0.75259
vt 0.96117 0.74715
vt 0.98261 0.7125
vt 0.97851 0.7147
vt 0.8825 0.70646
vt 0.8865 0.70725
vt 0.88815 0.70181
vt 0.88305 0.7008
vt 0.85059 0.71815
vt 0.88463 0.74094
vt 0.89028 0.74559
vt 0.96577 0.76242
vt 0.96778 0.72043
vt 0.85198 0.70386
vt 0.85141 0.7034
vt 0.96596 0.76311
vt 0.97276 0.76029
vt 0.97243 0.75966
vt 0.95929 0.74094
vt 0.84727 0.73727
vt 0.86974 0.69199
vt 0.86952 0.6913
vt 0.98816 0.70952
vt 0.98407 0.7034
vt 0.88463 0.71346
vt 0.97243 0.69475
vt 0.97143 0.69663
vt 0.87841 0.74795
vt 0.87785 0.75361
vt 0.96981 0.75472
vt 0.96762 0.7506
vt 0.97851 0.73971
vt 0.9805 0.7349
vt 0.85293 0.7125
vt 0.97143 0.75778
vt 0.86794 0.7506
vt 0.86362 0.74771
vt 0.85506 0.7195
vt 0.85705 0.7147
vt 0.86723 0.74332
vt 0.93099 0.70741
vt 0.92831 0.70521
vt 0.92453 0.71086
vt 0.90376 0.69876
vt 0.90886 0.70386
vt 0.87135 0.7383
vt 0.9514 0.76454
vt 0.97842 0.69876
vt 0.97708 0.70041
vt 0.9012 0.72925
vt 0.91774 0.72353
vt 0.91774 0.73088
vt 0.95653 0.71291
vt 0.85364 0.74919
vt 0.96834 0.74332
vt 0.85633 0.74699
vt 0.87275 0.75259
vt 0.85293 0.74191
vt 0.85994 0.74403
vt 0.86574 0.69969
vt 0.86409 0.69663
vt 0.96117 0.70725
vt 0.95929 0.71346
vt 0.87682 0.76383
vt 0.86974 0.76242
vt 0.87673 0.76454
vt 0.97921 0.70741
vt 0.95875 0.76454
vt 0.95875 0.68986
vt 0.9514 0.68986
vt 0.86617 0.72861
vt 0.84987 0.74354
vt 0.84797 0.74455
vt 0.97562 0.74403
vt 0.91918 0.71631
vt 0.89049 0.76038
vt 0.88383 0.7617
vt 0.95308 0.70646
vt 0.94907 0.70725
vt 0.96494 0.74559
vt 0.89728 0.70669
vt 0.89295 0.7038
vt 0.87139 0.69735
vt 0.87037 0.69403
vt 0.89809 0.76029
vt 0.93674 0.71738
vt 0.95716 0.70646
vt 0.92199 0.74489
vt 0.92264 0.74455
vt 0.86273 0.76029
vt 0.86308 0.75966
vt 0.88187 0.74149
vt 0.95771 0.7008
vt 0.95251 0.7008
vt 0.94836 0.73987
vt 0.91349 0.70952
vt 0.91287 0.70986
vt 0.91563 0.71652
vt 0.91631 0.71631
vt 0.94836 0.71454
vt 0.87905 0.74149
vt 0.94602 0.7161
vt 0.97276 0.69411
vt 0.96596 0.6913
vt 0.96189 0.73987
vt 0.97921 0.74699
vt 0.97194 0.74771
vt 0.97489 0.75132
vt 0.85994 0.71037
vt 0.97489 0.70309
vt 0.87629 0.71346
vt 0.87369 0.71454
vt 0.89776 0.69475
vt 0.89809 0.69411
vt 0.94418 0.6913
vt 0.93739 0.69411
vt 0.93774 0.69475
vt 0.92453 0.74354
vt 0.86952 0.76311
vt 0.9735 0.71738
vt 0.8744 0.70725
vt 0.87841 0.70646
vt 0.87785 0.7008
vt 0.87275 0.70181
vt 0.87738 0.69615
vt 0.87703 0.6927
vt 0.95816 0.69615
vt 0.94403 0.71809
vt 0.84733 0.74489
vt 0.90421 0.75621
vt 0.90421 0.6982
vt 0.90941 0.7034
vt 0.98189 0.74919
vt 0.97708 0.754
vt 0.91918 0.7381
vt 0.87673 0.68986
vt 0.87682 0.69058
vt 0.97887 0.6982
vt 0.91774 0.72353
vt 0.93461 0.71037
vt 0.93901 0.71398
vt 0.80403 0.47646
vt 0.80406 0.47608
vt 0.80391 0.47608
vt 0.80395 0.47646
vt 0.43812 0.30682
vt 0.43292 0.30747
vt 0.93117 0.47648
vt 0.35557 0.32226
vt 0.36055 0.32134
vt 0.43908 0.31555
vt 0.43398 0.31651
vt 0.964 0.54916
vt 0.95788 0.54815
vt 0.9889 0.2681
vt 0.98993 0.2681
vt 0.82703 0.41658
vt 0.81996 0.41721
vt 0.49093 0.30535
vt 0.49605 0.30493
vt 0.98517 0.98086
vt 0.98517 0.76914
usemtl mat0
f 1/1/1 2/2/1 3/3/1
f 3/3/2 2/2/2 4/4/2
f 4/4/3 2/2/3 5/5/3
f 5/5/4 2/2/4 6/6/4
f 6/6/5 2/2/5 7/7/5
f 7/7/6 2/2/6 8/8/6
f 8/8/7 2/2/7 9/9/7
f 9/9/8 2/2/8 10/10/8
f 10/10/9 2/2/9 11/11/9
f 11/11/10 2/2/10 12/12/10
f 12/12/11 2/2/11 13/13/11
f 13/13/12 2/2/12 14/14/12
f 14/14/13 2/2/13 15/15/13
f 15/15/14 2/2/14 16/16/14
f 16/16/15 2/2/15 17/17/15
f 17/17/16 2/2/16 18/18/16
f 18/18/17 2/2/17 19/19/17
f 19/19/18 2/2/18 20/20/18
f 20/20/19 2/2/19 21/21/19
f 21/21/20 2/2/20 22/22/20
f 22/22/21 2/2/21 23/23/21
f 23/23/22 2/2/22 24/24/22
f 24/24/23 2/2/23 25/25/23
f 25/25/24 2/2/24 26/26/24
f 26/26/25 2/2/25 27/27/25
f 27/27/26 2/2/26 28/28/26
f 28/28/27 2/2/27 29/29/27
f 29/29/28 2/2/28 30/30/28
f 30/30/29 2/2/29 31/31/29
f 31/31/30 2/2/30 32/32/30
f 32/32/31 2/2/31 33/33/31
f 33/33/32 2/2/32 1/1/32
f 34/34/33 35/35/33 36/36/33
f 37/37/34 38/38/34 39/39/34
f 40/40/35 41/41/35 42/42/35
f 43/43/36 44/44/36 45/45/36
f 46/46/37 47/47/37 48/48/37
f 49/49/38 50/50/38 51/51/38
f 52/52/39 53/53/39 54/54/39
f 55/55/40 56/56/40 57/57/40
f 58/58/41 59/59/41 60/60/41
f 61/61/42 62/62/42 63/63/42
f 64/64/43 65/65/43 66/66/43
f 67/67/44 68/68/44 69/69/44
f 70/70/45 71/71/45 72/72/45
f 73/73/46 74/74/46 75/75/46
f 76/76/47 77/77/47 78/78/47
f 79/79/48 80/80/48 81/81/48
f 82/82/49 83/83/49 84/84/49
f 85/85/50 86/86/50 87/87/50
f 88/88/51 89/89/51 84/84/51
f 90/90/52 91/91/52 92/92/52
f 93/93/53 94/94/53 84/84/53
f 95/95/54 96/96/54 97/97/54
f 98/98/55 99/99/55 84/84/55
f 100/100/56 101/101/56 84/84/56
f 102/102/57 103/103/57 84/84/57
f 104/104/58 105/105/58 106/106/58
f 107/107/59 82/82/59 84/84/59
f 108/108/60 109/109/60 110/110/60
f 111/111/61 88/88/61 84/84/61
f 112/112/62 113/113/62 114/114/62
f 115/115/63 93/93/63 84/84/63
f 116/116/64 117/117/64 118/118/64
f 119/119/65 98/98/65 84/84/65
f 120/120/66 121/121/66 122/122/66
f 123/123/67 100/100/67 84/84/67
f 124/124/68 125/125/68 126/126/68
f 101/101/69 102/102/69 84/84/69
f 127/127/70 107/107/70 84/84/70
f 128/128/71 129/129/71 130/130/71
f 131/131/72 111/111/72 84/84/72
f 132/132/73 115/115/73 84/84/73
f 133/133/74 134/134/74 135/135/74
f 136/136/75 119/119/75 84/84/75
f 137/137/76 138/138/76 139/139/76
f 140/140/77 123/123/77 84/84/77
f 141/141/78 142/142/78 143/143/78
f 144/144/79 127/127/79 84/84/79
f 145/145/80 146/146/80 147/147/80
f 148/148/81 131/131/81 84/84/81
f 149/149/82 132/132/82 84/84/82
f 150/150/83 151/151/83 152/152/83
f 153/153/84 136/136/84 84/84/84
f 154/154/85 155/155/85 156/156/85
f 157/157/86 140/140/86 84/84/86
f 158/158/87 144/144/87 84/84/87
f 159/159/88 148/148/88 84/84/88
f 160/160/89 149/149/89 84/84/89
f 161/161/90 162/162/90 163/163/90
f 164/164/91 153/153/91 84/84/91
f 165/165/92 157/157/92 84/84/92
f 103/103/93 158/158/93 84/84/93
f 166/166/94 167/167/94 168/168/94
f 83/83/95 159/159/95 84/84/95
f 89/89/96 160/160/96 84/84/96
f 94/94/97 164/164/97 84/84/97
f 99/99/98 165/165/98 84/84/98
f 169/169/99 170/170/99 171/171/99
f 172/172/100 173/173/100 174/174/100
f 175/175/101 176/176/101 177/177/101
f 178/178/102 179/179/102 180/180/102
f 181/181/103 182/182/103 183/183/103
f 184/184/104 185/185/104 186/186/104
f 187/187/105 188/188/106 189/189/107
f 190/190/108 191/191/109 192/192/110
f 193/193/111 189/189/107 188/188/106
f 194/194/112 195/195/113 196/196/114
f 195/195/113 197/197/115 198/198/116
f 190/190/108 192/192/110 199/199/115
f 200/200/117 201/201/118 202/202/119
f 199/199/115 192/192/110 203/203/116
f 204/204/120 205/205/121 206/206/122
f 207/207/123 193/193/111 208/208/124
f 195/195/113 198/198/116 209/209/125
f 204/204/120 206/206/122 210/210/126
f 211/211/127 200/200/117 212/212/128
f 204/204/120 210/210/126 213/213/129
f 202/202/119 196/196/114 214/214/130
f 196/196/114 209/209/125 215/215/131
f 204/204/120 213/213/129 216/216/132
f 203/203/116 217/217/133 218/218/134
f 204/204/120 216/216/132 219/219/135
f 202/202/119 214/214/130 220/220/136
f 196/196/114 215/215/131 221/221/137
f 222/222/138 204/204/120 223/223/139
f 214/214/130 221/221/137 224/224/140
f 225/225/131 218/218/134 226/226/137
f 217/217/133 222/222/138 227/227/141
f 228/228/139 229/229/142 230/230/143
f 226/226/137 231/231/144 232/232/140
f 226/226/137 218/218/134 231/231/144
f 228/228/139 230/230/143 233/233/145
f 234/234/146 220/220/136 235/235/147
f 220/220/136 224/224/140 236/236/148
f 237/237/149 218/218/134 238/238/150
f 238/238/150 217/217/133 239/239/151
f 228/228/139 233/233/145 240/240/152
f 241/241/141 228/228/139 242/242/153
f 243/243/154 235/235/147 244/244/155
f 220/220/136 236/236/148 245/245/156
f 242/242/153 246/246/157 247/247/158
f 232/232/140 231/231/144 248/248/148
f 249/249/151 241/241/141 250/250/159
f 242/242/153 247/247/158 251/251/160
f 252/252/161 253/253/162 254/254/163
f 235/235/147 245/245/156 255/255/164
f 237/237/149 238/238/150 256/256/165
f 256/256/165 238/238/150 257/257/166
f 242/242/153 251/251/160 258/258/167
f 250/250/159 242/242/153 259/259/168
f 244/244/155 255/255/164 260/260/169
f 248/248/148 261/261/170 262/262/171
f 261/261/170 231/231/144 256/256/165
f 263/263/166 249/249/151 264/264/172
f 253/253/162 260/260/169 265/265/173
f 266/266/169 267/267/164 268/268/174
f 263/263/166 264/264/172 269/269/175
f 270/270/173 266/266/169 271/271/176
f 266/266/169 268/268/174 271/271/176
f 250/250/159 272/272/177 273/273/178
f 274/274/179 263/263/166 275/275/180
f 276/276/181 270/270/173 277/277/182
f 270/270/173 271/271/176 277/277/182
f 278/278/183 261/261/170 279/279/184
f 280/280/184 281/281/185 282/282/186
f 283/283/186 284/284/185 274/274/179
f 269/269/175 273/273/178 285/285/187
f 269/269/175 285/285/187 286/286/188
f 273/273/178 287/287/189 288/288/190
f 289/289/189 290/290/191 291/291/192
f 283/283/186 274/274/179 292/292/193
f 187/187/105 278/278/183 293/293/194
f 275/275/180 286/286/188 292/292/193
f 285/285/187 288/288/190 294/294/195
f 295/295/190 289/289/189 296/296/196
f 292/292/193 286/286/188 195/195/113
f 286/286/188 294/294/195 297/297/108
f 298/298/195 295/295/190 191/191/109
f 295/295/190 296/296/196 191/191/109
f 201/201/118 283/283/186 194/194/112
f 298/298/195 191/191/109 190/190/108
f 187/187/105 293/293/194 299/299/117
f 286/286/188 297/297/108 197/197/115
f 300/300/197 301/301/198 302/302/199
f 303/303/200 304/304/201 305/305/202
f 306/306/203 307/307/204 308/308/205
f 307/307/204 309/309/206 310/310/207
f 300/300/197 302/302/199 311/311/206
f 312/312/208 313/313/209 314/314/210
f 311/311/206 302/302/199 315/315/207
f 316/316/211 317/317/212 318/318/213
f 319/319/214 303/303/200 320/320/215
f 307/307/204 310/310/207 321/321/216
f 316/316/211 318/318/213 322/322/217
f 323/323/218 312/312/208 324/324/219
f 316/316/211 322/322/217 325/325/220
f 314/314/210 308/308/205 326/326/221
f 308/308/205 321/321/216 327/327/222
f 316/316/211 325/325/220 328/328/223
f 315/315/207 329/329/224 330/330/225
f 316/316/211 328/328/223 331/331/226
f 314/314/210 326/326/221 332/332/227
f 308/308/205 327/327/222 333/333/228
f 334/334/229 316/316/211 335/335/230
f 326/326/221 333/333/228 336/336/231
f 337/337/222 330/330/225 338/338/228
f 329/329/224 334/334/229 339/339/232
f 340/340/230 341/341/233 342/342/234
f 338/338/228 343/343/235 344/344/231
f 338/338/228 330/330/225 343/343/235
f 340/340/230 342/342/234 345/345/236
f 346/346/237 332/332/227 347/347/238
f 332/332/227 336/336/231 348/348/239
f 349/349/240 330/330/225 350/350/241
f 350/350/241 329/329/224 351/351/242
f 340/340/230 345/345/236 352/352/243
f 353/353/232 340/340/230 354/354/244
f 355/355/245 347/347/238 356/356/246
f 332/332/227 348/348/239 357/357/247
f 354/354/244 358/358/248 359/359/249
f 344/344/231 343/343/235 360/360/239
f 361/361/242 353/353/232 362/362/250
f 354/354/244 359/359/249 363/363/251
f 347/347/238 357/357/247 364/364/252
f 349/349/240 350/350/241 365/365/253
f 365/365/253 350/350/241 366/366/254
f 354/354/244 363/363/251 367/367/255
f 362/362/250 354/354/244 368/368/256
f 356/356/246 364/364/252 369/369/257
f 360/360/239 370/370/258 371/371/259
f 370/370/258 343/343/235 365/365/253
f 372/372/254 373/373/242 374/374/260
f 375/375/261 369/369/257 376/376/262
f 377/377/257 378/378/252 379/379/263
f 380/380/254 381/381/260 382/382/264
f 383/383/262 377/377/257 384/384/265
f 377/377/257 379/379/263 384/384/265
f 362/362/250 385/385/266 386/386/267
f 387/387/268 380/380/254 388/388/269
f 389/389/270 383/383/262 390/390/271
f 383/383/262 384/384/265 390/390/271
f 391/391/272 370/370/258 392/392/273
f 393/393/273 394/394/274 395/395/275
f 396/396/275 397/397/274 387/387/268
f 382/382/264 386/386/267 398/398/276
f 382/382/264 398/398/276 399/399/277
f 386/386/267 400/400/278 401/401/279
f 402/402/278 403/403/280 404/404/281
f 396/396/275 387/387/268 405/405/282
f 406/406/283 391/391/272 407/407/284
f 388/388/269 399/399/277 405/405/282
f 398/398/276 401/401/279 408/408/285
f 409/409/279 402/402/278 410/410/286
f 405/405/282 399/399/277 307/307/204
f 399/399/277 408/408/285 411/411/197
f 412/412/285 409/409/279 301/301/198
f 409/409/279 410/410/286 301/301/198
f 313/313/209 396/396/275 306/306/203
f 412/412/285 301/301/198 300/300/197
f 413/413/283 414/414/284 415/415/208
f 399/399/277 411/411/197 309/309/206
f 416/416/287 417/417/288 418/418/289
f 419/419/290 420/420/291 421/421/292
f 422/422/293 423/423/294 424/424/295
f 423/423/294 425/425/296 426/426/297
f 416/416/287 418/418/289 427/427/296
f 428/428/298 429/429/299 430/430/300
f 427/427/296 418/418/289 431/431/297
f 432/432/301 433/433/302 434/434/303
f 435/435/304 419/419/290 436/436/305
f 423/423/294 426/426/297 437/437/306
f 432/432/301 434/434/303 438/438/307
f 439/439/308 428/428/298 440/440/309
f 432/432/301 438/438/307 441/441/310
f 430/430/300 424/424/295 442/442/311
f 424/424/295 437/437/306 443/443/312
f 432/432/301 441/441/310 444/444/313
f 431/431/297 445/445/314 446/446/315
f 431/431/297 447/447/316 445/445/314
f 432/432/301 444/444/313 448/448/317
f 430/430/300 442/442/311 449/449/318
f 424/424/295 443/443/312 450/450/319
f 451/451/320 432/432/301 452/452/321
f 442/442/311 450/450/319 453/453/322
f 454/454/312 446/446/315 455/455/319
f 447/447/316 451/451/320 456/456/323
f 457/457/321 458/458/324 459/459/325
f 455/455/319 460/460/326 461/461/322
f 455/455/319 446/446/315 460/460/326
f 457/457/321 459/459/325 462/462/327
f 463/463/328 449/449/318 464/464/329
f 449/449/318 453/453/322 465/465/330
f 466/466/331 445/445/314 467/467/332
f 467/467/332 447/447/316 468/468/333
f 457/457/321 462/462/327 469/469/334
f 470/470/323 457/457/321 471/471/335
f 472/472/336 464/464/329 473/473/337
f 449/449/318 465/465/330 474/474/338
f 471/471/335 475/475/339 476/476/340
f 461/461/322 460/460/326 477/477/330
f 478/478/333 470/470/323 479/479/341
f 471/471/335 476/476/340 480/480/342
f 464/464/329 474/474/338 481/481/343
f 466/466/331 467/467/332 482/482/344
f 482/482/344 467/467/332 483/483/345
f 471/471/335 480/480/342 484/484/346
f 479/479/341 471/471/335 485/485/347
f 473/473/337 481/481/343 486/486/348
f 477/477/330 487/487/349 488/488/350
f 487/487/349 460/460/326 482/482/344
f 489/489/345 478/478/333 490/490/351
f 491/491/352 486/486/348 492/492/353
f 493/493/348 494/494/343 495/495/354
f 489/489/345 490/490/351 496/496/355
f 497/497/353 493/493/348 498/498/356
f 493/493/348 495/495/354 498/498/356
f 479/479/341 499/499/357 500/500/358
f 501/501/359 489/489/345 502/502/360
f 503/503/361 497/497/353 504/504/362
f 497/497/353 498/498/356 504/504/362
f 505/505/363 487/487/349 506/506/364
f 507/507/364 508/508/365 509/509/366
f 510/510/366 511/511/365 501/501/359
f 496/496/355 500/500/358 512/512/367
f 496/496/355 512/512/367 513/513/368
f 500/500/358 514/514/369 515/515/370
f 516/516/369 517/517/371 518/518/372
f 510/510/366 501/501/359 519/519/373
f 520/520/374 505/505/363 521/521/375
f 502/502/360 513/513/368 519/519/373
f 512/512/367 515/515/370 522/522/376
f 523/523/370 516/516/369 524/524/377
f 519/519/373 513/513/368 423/423/294
f 513/513/368 522/522/376 525/525/287
f 526/526/376 523/523/370 417/417/288
f 523/523/370 524/524/377 417/417/288
f 429/429/299 510/510/366 422/422/293
f 526/526/376 417/417/288 416/416/287
f 520/520/374 521/521/375 527/527/298
f 513/513/368 525/525/287 425/425/296
f 528/528/378 529/529/379 530/530/380
f 531/531/381 532/532/382 533/533/383
f 534/534/384 535/535/385 536/536/386
f 535/535/385 537/537/387 538/538/388
f 528/528/378 530/530/380 539/539/387
f 540/540/389 541/541/390 542/542/391
f 539/539/387 530/530/380 543/543/388
f 544/544/392 545/545/393 546/546/394
f 547/547/395 531/531/381 548/548/396
f 535/535/385 538/538/388 549/549/397
f 544/544/392 546/546/394 550/550/398
f 551/551/399 540/540/389 552/552/400
f 544/544/392 550/550/398 553/553/401
f 542/542/391 536/536/386 554/554/402
f 536/536/386 549/549/397 555/555/403
f 544/544/392 553/553/401 556/556/404
f 543/543/388 557/557/405 558/558/406
f 543/543/388 559/559/407 557/557/405
f 544/544/392 556/556/404 560/560/408
f 542/542/391 554/554/402 561/561/409
f 536/536/386 555/555/403 562/562/410
f 563/563/411 544/544/392 564/564/412
f 554/554/402 562/562/410 565/565/413
f 566/566/403 558/558/406 567/567/410
f 559/559/407 563/563/411 568/568/414
f 569/569/412 570/570/415 571/571/416
f 567/567/410 572/572/417 573/573/413
f 567/567/410 558/558/406 572/572/417
f 569/569/412 571/571/416 574/574/418
f 575/575/419 561/561/409 576/576/420
f 561/561/409 565/565/413 577/577/421
f 578/578/422 557/557/405 579/579/423
f 579/579/423 559/559/407 580/580/424
f 569/569/412 574/574/418 581/581/425
f 582/582/414 569/569/412 583/583/426
f 584/584/427 576/576/420 585/585/428
f 561/561/409 577/577/421 586/586/429
f 583/583/426 587/587/430 588/588/431
f 573/573/413 572/572/417 589/589/421
f 590/590/424 582/582/414 591/591/432
f 583/583/426 588/588/431 592/592/433
f 576/576/420 586/586/429 593/593/434
f 578/578/422 579/579/423 594/594/435
f 594/594/435 579/579/423 595/595/436
f 583/583/426 592/592/433 596/596/437
f 591/591/432 583/583/426 597/597/438
f 585/585/428 593/593/434 598/598/439
f 589/589/421 599/599/440 600/600/441
f 599/599/440 572/572/417 594/594/435
f 601/601/436 602/602/424 603/603/442
f 604/604/443 598/598/439 605/605/444
f 606/606/439 607/607/434 608/608/445
f 609/609/436 610/610/442 611/611/446
f 612/612/444 606/606/439 613/613/447
f 606/606/439 608/608/445 613/613/447
f 591/591/432 614/614/448 615/615/449
f 616/616/450 609/609/436 617/617/451
f 618/618/452 612/612/444 619/619/453
f 612/612/444 613/613/447 619/619/453
f 620/620/454 599/599/440 621/621/455
f 622/622/455 623/623/456 624/624/457
f 625/625/457 626/626/456 616/616/450
f 611/611/446 615/615/449 627/627/458
f 611/611/446 627/627/458 628/628/459
f 615/615/449 629/629/460 630/630/461
f 631/631/460 632/632/462 633/633/463
f 625/625/457 616/616/450 634/634/464
f 635/635/465 620/620/454 636/636/466
f 617/617/451 628/628/459 634/634/464
f 627/627/458 630/630/461 637/637/467
f 638/638/461 631/631/460 639/639/468
f 634/634/464 628/628/459 535/535/385
f 628/628/459 637/637/467 640/640/378
f 641/641/467 638/638/461 529/529/379
f 638/638/461 639/639/468 529/529/379
f 541/541/390 625/625/457 534/534/384
f 641/641/467 529/529/379 528/528/378
f 642/642/465 643/643/466 644/644/389
f 628/628/459 640/640/378 537/537/387
f 645/645/469 646/646/470 647/647/471
f 648/648/472 649/649/473 650/650/474
f 651/651/475 652/652/476 653/653/477
f 652/652/476 654/654/478 655/655/479
f 645/645/469 647/647/471 656/656/478
f 657/657/480 658/658/481 659/659/482
f 656/656/478 647/647/471 660/660/479
f 661/661/483 662/662/484 663/663/485
f 664/664/486 648/648/472 665/665/487
f 652/652/476 655/655/479 666/666/488
f 661/661/483 663/663/485 667/667/489
f 668/668/490 657/657/480 669/669/491
f 661/661/483 667/667/489 670/670/492
f 659/659/482 653/653/477 671/671/493
f 653/653/477 666/666/488 672/672/494
f 661/661/483 670/670/492 673/673/495
f 660/660/479 674/674/496 675/675/497
f 660/660/479 676/676/498 674/674/496
f 661/661/483 673/673/495 677/677/499
f 659/659/482 671/671/493 678/678/500
f 653/653/477 672/672/494 679/679/501
f 680/680/502 661/661/483 681/681/503
f 671/671/493 679/679/501 682/682/504
f 683/683/494 675/675/497 684/684/501
f 676/676/498 680/680/502 685/685/505
f 686/686/503 687/687/506 688/688/507
f 684/684/501 689/689/508 690/690/504
f 684/684/501 675/675/497 689/689/508
f 686/686/503 688/688/507 691/691/509
f 692/692/510 678/678/500 693/693/511
f 678/678/500 682/682/504 694/694/512
f 695/695/513 674/674/496 696/696/514
f 696/696/514 676/676/498 697/697/515
f 686/686/503 691/691/509 698/698/516
f 699/699/505 686/686/503 700/700/517
f 701/701/518 693/693/511 702/702/519
f 678/678/500 694/694/512 703/703/520
f 700/700/517 704/704/521 705/705/522
f 690/690/504 689/689/508 706/706/512
f 707/707/515 699/699/505 708/708/523
f 700/700/517 705/705/522 709/709/524
f 693/693/511 703/703/520 710/710/525
f 695/695/513 696/696/514 711/711/526
f 711/711/526 696/696/514 712/712/527
f 700/700/517 709/709/524 713/713/528
f 708/708/523 700/700/517 714/714/529
f 702/702/519 710/710/525 715/715/530
f 706/706/512 716/716/531 717/717/532
f 716/716/531 689/689/508 711/711/526
f 718/718/527 707/707/515 719/719/533
f 720/720/534 715/715/530 721/721/535
f 722/722/530 723/723/525 724/724/536
f 718/718/527 719/719/533 725/725/537
f 726/726/535 722/722/530 727/727/538
f 722/722/530 724/724/536 727/727/538
f 708/708/523 728/728/539 729/729/540
f 730/730/541 718/718/527 731/731/542
f 732/732/543 726/726/535 733/733/544
f 726/726/535 727/727/538 733/733/544
f 734/734/545 716/716/531 735/735/546
f 736/736/546 737/737/547 738/738/548
f 739/739/548 740/740/547 730/730/541
f 725/725/537 729/729/540 741/741/549
f 732/732/543 733/733/544 742/742/550
f 725/725/537 741/741/549 743/743/551
f 729/729/540 744/744/552 745/745/553
f 746/746/552 747/747/554 748/748/555
f 739/739/548 730/730/541 749/749/556
f 750/750/557 734/734/545 751/751/558
f 731/731/542 743/743/551 749/749/556
f 741/741/549 745/745/553 752/752/559
f 753/753/553 746/746/552 754/754/560
f 749/749/556 743/743/551 652/652/476
f 743/743/551 752/752/559 755/755/469
f 756/756/559 753/753/553 646/646/470
f 753/753/553 754/754/560 646/646/470
f 658/658/481 739/739/548 651/651/475
f 756/756/559 646/646/470 645/645/469
f 750/750/557 751/751/558 757/757/480
f 743/743/551 755/755/469 654/654/478
f 758/758/561 759/759/561 760/760/561
f 761/761/562 762/762/562 763/763/562
f 760/760/563 759/759/563 764/764/563
f 761/761/564 763/763/564 765/765/564
f 764/764/565 759/759/565 766/766/565
f 761/761/566 765/765/566 767/767/566
f 766/766/567 759/759/567 768/768/567
f 761/761/568 767/767/568 769/769/568
f 768/768/569 759/759/569 770/770/569
f 761/761/570 769/769/570 771/771/570
f 770/770/571 759/759/571 772/772/571
f 761/761/572 771/771/572 773/773/572
f 772/772/573 759/759/573 774/774/573
f 761/761/574 773/773/574 775/775/574
f 774/774/575 759/759/575 776/776/575
f 761/761/576 775/775/576 777/777/576
f 776/776/577 759/759/577 778/778/577
f 761/761/578 777/777/578 779/779/578
f 778/778/579 759/759/579 780/780/579
f 761/761/580 779/779/580 781/781/580
f 780/780/581 759/759/581 782/782/581
f 761/761/582 781/781/582 783/783/582
f 782/782/583 759/759/583 784/784/583
f 761/761/584 783/783/584 785/785/584
f 784/784/585 759/759/585 786/786/585
f 761/761/586 785/785/586 787/787/586
f 786/786/587 759/759/587 788/788/587
f 761/761/588 787/787/588 789/789/588
f 788/788/589 759/759/589 790/790/589
f 761/761/590 789/789/590 791/791/590
f 790/790/591 759/759/591 792/792/591
f 761/761/592 791/791/592 793/793/592
f 792/792/593 759/759/593 794/794/593
f 761/761/594 793/793/594 795/795/594
f 794/794/595 759/759/595 796/796/595
f 761/761/596 795/795/596 797/797/596
f 796/796/597 759/759/597 798/798/597
f 761/761/598 797/797/598 799/799/598
f 798/798/599 759/759/599 800/800/599
f 761/761/600 799/799/600 801/801/600
f 800/800/601 759/759/601 802/802/601
f 761/761/602 801/801/602 803/803/602
f 802/802/603 759/759/603 804/804/603
f 761/761/604 803/803/604 805/805/604
f 804/804/605 759/759/605 806/806/605
f 761/761/606 805/805/606 807/807/606
f 806/806/607 759/759/607 808/808/607
f 761/761/608 807/807/608 809/809/608
f 808/808/609 759/759/609 810/810/609
f 761/761/610 809/809/610 811/811/610
f 761/761/611 811/811/611 812/812/611
f 810/810/612 759/759/612 813/813/612
f 813/813/613 759/759/613 814/814/613
f 761/761/614 812/812/614 815/815/614
f 814/814/615 759/759/615 816/816/615
f 761/761/616 815/815/616 817/817/616
f 816/816/617 759/759/617 818/818/617
f 761/761/618 817/817/618 819/819/618
f 818/818/619 759/759/619 820/820/619
f 761/761/620 819/819/620 821/821/620
f 820/820/621 759/759/621 822/822/621
f 761/761/622 821/821/622 823/823/622
f 822/822/623 759/759/623 758/758/623
f 761/761/624 823/823/624 762/762/624
f 824/824/625 825/825/625 826/826/625
f 826/826/626 827/827/626 824/824/626
f 828/828/627 829/829/627 830/830/627
f 829/829/628 828/828/628 831/831/628
f 832/832/629 833/833/629 834/834/629
f 835/835/630 836/836/630 837/837/630
f 838/838/631 839/839/631 840/840/631
f 841/841/632 842/842/632 843/843/632
f 844/844/633 845/845/633 846/846/633
f 847/847/634 848/848/634 849/849/634
f 850/850/635 851/851/635 852/852/635
f 853/853/636 854/854/636 855/855/636
f 856/856/637 857/857/637 858/858/637
f 859/859/638 860/860/638 861/861/638
f 862/862/639 863/863/639 864/864/639
f 865/865/640 866/866/640 867/867/640
f 868/868/641 869/869/641 870/870/641
f 871/871/642 872/872/642 873/873/642
f 874/874/643 875/875/643 876/876/643
f 877/877/644 878/878/644 879/879/644
f 880/880/645 881/881/645 882/882/645
f 883/883/646 884/884/646 885/885/646
f 886/886/647 887/887/647 838/838/647
f 888/888/648 838/838/648 840/840/648
f 889/889/649 870/870/649 872/872/649
f 890/890/650 891/891/650 853/853/650
f 892/892/651 853/853/651 855/855/651
f 893/893/652 849/849/652 869/869/652
f 894/894/653 895/895/653 865/865/653
f 896/896/654 897/897/654 898/898/654
f 899/899/655 900/900/655 901/901/655
f 902/902/656 903/903/656 904/904/656
f 905/905/657 906/906/657 907/907/657
f 908/908/658 909/909/658 910/910/658
f 910/910/659 911/911/659 912/912/659
f 913/913/660 914/914/660 915/915/660
f 891/891/661 916/916/661 853/853/661
f 917/917/662 918/918/662 919/919/662
f 920/920/663 921/921/663 922/922/663
f 912/912/664 923/923/664 924/924/664
f 924/924/665 925/925/665 926/926/665
f 927/927/666 928/928/666 929/929/666
f 930/930/667 929/929/667 931/931/667
f 887/887/668 932/932/668 838/838/668
f 933/933/669 934/934/669 935/935/669
f 936/936/670 937/937/670 938/938/670
f 939/939/671 940/940/671 941/941/671
f 942/942/672 943/943/672 944/944/672
f 945/945/673 946/946/673 947/947/673
f 948/948/674 949/949/674 950/950/674
f 951/951/675 952/952/675 953/953/675
f 954/954/676 955/955/676 956/956/676
f 957/957/677 958/958/677 959/959/677
f 960/960/678 961/961/678 962/962/678
f 963/963/679 964/964/679 965/965/679
f 966/966/680 967/967/680 968/968/680
f 969/969/681 970/970/681 971/971/681
f 972/972/682 973/973/682 974/974/682
f 975/975/683 976/976/683 977/977/683
f 978/978/684 979/979/684 980/980/684
f 981/981/685 982/982/685 983/983/685
f 984/984/686 985/985/686 986/986/686
f 987/987/687 988/988/687 989/989/687
f 990/990/688 991/991/688 992/992/688
f 993/993/689 994/994/689 995/995/689
f 996/996/690 997/997/690 998/998/690
f 999/999/691 1000/1000/691 1001/1001/691
f 1002/1002/692 1003/1003/692 1004/1004/692
f 1005/1005/693 1006/1006/693 1007/1007/693
f 1008/1008/694 1009/1009/694 1010/1010/694
f 1011/1011/695 1012/1012/695 1013/1013/695
f 1014/1014/696 1015/1015/696 1016/1016/696
f 1017/1017/697 1018/1018/697 1019/1019/697
f 1020/1020/698 1021/1021/698 77/77/698
f 81/81/699 1022/1022/699 79/79/699
f 1023/1023/700 1024/1024/700 1025/1025/700
f 1026/1026/701 1027/1027/701 1028/1028/701
f 1028/1028/702 1029/1029/702 1030/1030/702
f 1031/1031/703 1032/1032/703 1033/1033/703
f 1034/1034/704 1035/1035/704 1036/1036/704
f 1037/1037/705 1038/1038/705 1039/1039/705
f 1040/1040/706 1041/1041/706 1042/1042/706
f 1040/1040/707 1043/1043/707 1044/1044/707
f 1045/1045/708 1046/1046/708 1047/1047/708
f 1047/1047/709 1048/1048/709 1049/1049/709
f 1050/1050/710 1051/1051/710 1052/1052/710
f 1053/1053/711 1054/1054/711 1055/1055/711
f 1056/1056/712 1057/1057/712 1058/1058/712
f 1059/1059/713 1060/1060/713 1061/1061/713
f 1061/1061/714 1062/1062/714 1063/1063/714
f 1064/1064/715 1065/1065/715 1066/1066/715
f 1067/1067/716 1068/1068/716 1069/1069/716
f 1070/1070/717 1071/1071/717 1072/1072/717
f 1073/1073/718 1074/1074/718 1075/1075/718
f 1076/1076/719 1077/1077/719 1078/1078/719
f 1078/1078/720 1077/1077/720 1079/1079/720
f 1080/1080/721 1081/1081/721 1082/1082/721
f 1083/1083/722 1084/1084/722 1085/1085/722
f 1086/1086/723 1087/1087/723 1088/1088/723
f 1088/1088/724 1089/1089/724 1090/1090/724
f 1091/1091/725 1092/1092/725 1093/1093/725
f 1094/1094/726 1095/1095/726 1096/1096/726
f 202/202/119 201/201/118 194/194/112
f 1097/1097/127 187/187/105 299/299/117
f 234/234/146 1098/1098/106 211/211/127
f 208/208/124 193/193/111 188/188/106
f 202/202/119 194/194/112 196/196/114
f 196/196/114 195/195/113 209/209/125
f 192/192/110 191/191/109 222/222/138
f 212/212/128 200/200/117 202/202/119
f 1099/1099/727 207/207/123 208/208/124
f 203/203/116 192/192/110 217/217/133
f 217/217/133 192/192/110 222/222/138
f 218/218/134 1100/1100/125 203/203/116
f 234/234/146 211/211/127 212/212/128
f 219/219/135 223/223/139 204/204/120
f 212/212/128 202/202/119 220/220/136
f 214/214/130 196/196/114 221/221/137
f 246/246/157 228/228/139 240/240/152
f 234/234/146 212/212/128 220/220/136
f 220/220/136 214/214/130 224/224/140
f 227/227/141 222/222/138 223/223/139
f 243/243/154 234/234/146 235/235/147
f 231/231/144 218/218/134 237/237/149
f 238/238/150 218/218/134 217/217/133
f 239/239/151 217/217/133 227/227/141
f 253/253/162 243/243/154 244/244/155
f 235/235/147 220/220/136 245/245/156
f 250/250/159 241/241/141 242/242/153
f 244/244/155 235/235/147 255/255/164
f 257/257/166 238/238/150 239/239/151
f 264/264/172 249/249/151 250/250/159
f 268/268/174 1101/1101/156 262/262/171
f 253/253/162 244/244/155 260/260/169
f 1101/1101/156 248/248/148 262/262/171
f 248/248/148 231/231/144 261/261/170
f 256/256/165 231/231/144 237/237/149
f 259/259/168 1102/1102/728 1103/1103/729
f 269/269/175 264/264/172 250/250/159
f 1104/1104/168 1105/1105/729 1106/1105/730
f 1107/1106/731 259/259/168 1108/1107/730
f 1109/1108/185 256/256/165 257/257/166
f 250/250/159 259/259/168 272/272/177
f 1110/1109/191 272/272/177 1111/1110/732
f 272/272/177 1107/1106/731 1112/1111/733
f 278/278/183 262/262/171 261/261/170
f 1109/1108/185 261/261/170 256/256/165
f 274/274/179 284/284/185 263/263/166
f 269/269/175 250/250/159 273/273/178
f 272/272/177 1112/1111/733 1111/1110/732
f 275/275/180 263/263/166 269/269/175
f 268/268/174 262/262/171 278/278/183
f 279/279/184 261/261/170 1109/1108/185
f 273/273/178 272/272/177 287/287/189
f 1113/1112/734 278/278/183 279/279/184
f 187/187/105 268/268/174 278/278/183
f 275/275/180 269/269/175 286/286/188
f 285/285/187 273/273/178 288/288/190
f 292/292/193 274/274/179 275/275/180
f 1114/1113/735 289/289/189 291/291/192
f 1113/1112/734 279/279/184 1115/1114/186
f 286/286/188 285/285/187 294/294/195
f 194/194/112 283/283/186 292/292/193
f 1113/1112/734 299/299/117 293/293/194
f 201/201/118 1116/1115/734 283/283/186
f 296/296/196 1117/1116/736 1118/1117/737
f 296/296/196 1118/1117/737 1119/1118/738
f 406/406/283 305/305/202 304/304/201
f 194/194/112 292/292/193 195/195/113
f 195/195/113 286/286/188 197/197/115
f 296/296/196 1119/1118/738 1120/1119/739
f 314/314/210 313/313/209 306/306/203
f 1121/1120/218 406/406/283 1122/1121/208
f 346/346/237 1123/1122/202 323/323/218
f 320/320/215 303/303/200 305/305/202
f 314/314/210 306/306/203 308/308/205
f 308/308/205 307/307/204 321/321/216
f 302/302/199 301/301/198 334/334/229
f 1124/1123/740 319/319/214 320/320/215
f 324/324/219 312/312/208 314/314/210
f 315/315/207 302/302/199 329/329/224
f 329/329/224 302/302/199 334/334/229
f 330/330/225 1125/1124/216 315/315/207
f 346/346/237 323/323/218 324/324/219
f 331/331/226 335/335/230 316/316/211
f 324/324/219 314/314/210 332/332/227
f 326/326/221 308/308/205 333/333/228
f 358/358/248 340/340/230 352/352/243
f 346/346/237 324/324/219 332/332/227
f 332/332/227 326/326/221 336/336/231
f 339/339/232 334/334/229 335/335/230
f 355/355/245 346/346/237 347/347/238
f 343/343/235 330/330/225 349/349/240
f 350/350/241 330/330/225 329/329/224
f 351/351/242 329/329/224 339/339/232
f 375/375/261 355/355/245 356/356/246
f 347/347/238 332/332/227 357/357/247
f 362/362/250 353/353/232 354/354/244
f 356/356/246 347/347/238 364/364/252
f 366/366/254 350/350/241 351/351/242
f 374/374/260 373/373/242 1126/1125/250
f 379/379/263 1127/1126/247 371/371/259
f 375/375/261 356/356/246 369/369/257
f 1127/1126/247 360/360/239 371/371/259
f 360/360/239 343/343/235 370/370/258
f 365/365/253 343/343/235 349/349/240
f 368/368/256 1128/1127/741 1129/1128/742
f 382/382/264 381/381/260 362/362/250
f 368/368/256 1129/1128/742 1130/1129/743
f 1131/1130/744 368/368/256 1130/1129/743
f 1132/1131/274 365/365/253 366/366/254
f 362/362/250 368/368/256 385/385/266
f 1133/1132/280 385/385/266 1134/1133/745
f 385/385/266 1131/1130/744 1135/1134/746
f 391/391/272 371/371/259 370/370/258
f 1132/1131/274 370/370/258 365/365/253
f 387/387/268 397/397/274 380/380/254
f 382/382/264 362/362/250 386/386/267
f 385/385/266 1135/1134/746 1134/1133/745
f 388/388/269 380/380/254 382/382/264
f 379/379/263 371/371/259 391/391/272
f 392/392/273 370/370/258 1132/1131/274
f 386/386/267 385/385/266 400/400/278
f 1136/1135/747 391/391/272 392/392/273
f 406/406/283 379/379/263 391/391/272
f 388/388/269 382/382/264 399/399/277
f 398/398/276 386/386/267 401/401/279
f 405/405/282 387/387/268 388/388/269
f 1137/1136/748 402/402/278 404/404/281
f 1136/1135/747 392/392/273 1138/1137/275
f 399/399/277 398/398/276 408/408/285
f 1139/1138/747 415/415/208 414/414/284
f 306/306/203 396/396/275 405/405/282
f 1140/1139/209 1141/1140/747 1142/1141/275
f 410/410/286 1143/1142/749 1144/1143/750
f 410/410/286 1144/1143/750 1145/1144/751
f 520/520/374 421/421/292 420/420/291
f 306/306/203 405/405/282 307/307/204
f 307/307/204 399/399/277 309/309/206
f 410/410/286 1145/1144/751 1146/1145/752
f 430/430/300 429/429/299 422/422/293
f 1147/1146/308 520/520/374 527/527/298
f 463/463/328 1148/1147/292 439/439/308
f 436/436/305 419/419/290 421/421/292
f 430/430/300 422/422/293 424/424/295
f 424/424/295 423/423/294 437/437/306
f 418/418/289 417/417/288 451/451/320
f 1149/1148/753 435/435/304 436/436/305
f 440/440/309 428/428/298 430/430/300
f 431/431/297 418/418/289 447/447/316
f 447/447/316 418/418/289 451/451/320
f 446/446/315 1150/1149/306 431/431/297
f 463/463/328 439/439/308 440/440/309
f 448/448/317 452/452/321 432/432/301
f 440/440/309 430/430/300 449/449/318
f 442/442/311 424/424/295 450/450/319
f 475/475/339 457/457/321 469/469/334
f 463/463/328 440/440/309 449/449/318
f 449/449/318 442/442/311 453/453/322
f 456/456/323 451/451/320 452/452/321
f 472/472/336 463/463/328 464/464/329
f 460/460/326 446/446/315 466/466/331
f 446/446/315 445/445/314 466/466/331
f 467/467/332 445/445/314 447/447/316
f 468/468/333 447/447/316 456/456/323
f 491/491/352 472/472/336 473/473/337
f 464/464/329 449/449/318 474/474/338
f 479/479/341 470/470/323 471/471/335
f 473/473/337 464/464/329 481/481/343
f 483/483/345 467/467/332 468/468/333
f 490/490/351 478/478/333 479/479/341
f 495/495/354 1151/1150/338 488/488/350
f 491/491/352 473/473/337 486/486/348
f 1151/1150/338 477/477/330 488/488/350
f 477/477/330 460/460/326 487/487/349
f 482/482/344 460/460/326 466/466/331
f 485/485/347 1152/1151/754 1153/1152/755
f 496/496/355 490/490/351 479/479/341
f 485/485/347 1153/1152/755 1154/1153/756
f 1155/1154/757 485/485/347 1154/1153/756
f 1156/1155/365 482/482/344 483/483/345
f 479/479/341 485/485/347 499/499/357
f 1157/1156/371 499/499/357 1158/1157/758
f 499/499/357 1155/1154/757 1159/1158/759
f 505/505/363 488/488/350 487/487/349
f 1156/1155/365 487/487/349 482/482/344
f 501/501/359 511/511/365 489/489/345
f 496/496/355 479/479/341 500/500/358
f 499/499/357 1159/1158/759 1158/1157/758
f 502/502/360 489/489/345 496/496/355
f 495/495/354 488/488/350 505/505/363
f 506/506/364 487/487/349 1156/1155/365
f 500/500/358 499/499/357 514/514/369
f 1160/1159/760 505/505/363 506/506/364
f 520/520/374 495/495/354 505/505/363
f 502/502/360 496/496/355 513/513/368
f 512/512/367 500/500/358 515/515/370
f 519/519/373 501/501/359 502/502/360
f 1161/1160/761 516/516/369 518/518/372
f 1160/1159/760 506/506/364 1162/1161/366
f 513/513/368 512/512/367 522/522/376
f 1160/1159/760 527/527/298 521/521/375
f 422/422/293 510/510/366 519/519/373
f 429/429/299 1163/1162/760 510/510/366
f 524/524/377 1164/1163/762 1165/1164/763
f 524/524/377 1165/1164/763 1166/1165/764
f 635/635/465 533/533/383 532/532/382
f 422/422/293 519/519/373 423/423/294
f 423/423/294 513/513/368 425/425/296
f 524/524/377 1166/1165/764 1167/1166/765
f 542/542/391 541/541/390 534/534/384
f 1168/1167/399 635/635/465 1169/1168/389
f 575/575/419 1170/1169/383 551/551/399
f 548/548/396 531/531/381 533/533/383
f 542/542/391 534/534/384 536/536/386
f 536/536/386 535/535/385 549/549/397
f 530/530/380 529/529/379 563/563/411
f 1171/1170/766 547/547/395 548/548/396
f 552/552/400 540/540/389 542/542/391
f 543/543/388 530/530/380 559/559/407
f 559/559/407 530/530/380 563/563/411
f 558/558/406 1172/1171/397 543/543/388
f 575/575/419 551/551/399 552/552/400
f 560/560/408 564/564/412 544/544/392
f 552/552/400 542/542/391 561/561/409
f 554/554/402 536/536/386 562/562/410
f 587/587/430 569/569/412 581/581/425
f 575/575/419 552/552/400 561/561/409
f 561/561/409 554/554/402 565/565/413
f 568/568/414 563/563/411 564/564/412
f 584/584/427 575/575/419 576/576/420
f 572/572/417 558/558/406 578/578/422
f 558/558/406 557/557/405 578/578/422
f 579/579/423 557/557/405 559/559/407
f 580/580/424 559/559/407 568/568/414
f 604/604/443 584/584/427 585/585/428
f 576/576/420 561/561/409 586/586/429
f 591/591/432 582/582/414 583/583/426
f 585/585/428 576/576/420 593/593/434
f 595/595/436 579/579/423 580/580/424
f 603/603/442 602/602/424 1173/1172/432
f 608/608/445 1174/1173/429 600/600/441
f 604/604/443 585/585/428 598/598/439
f 1174/1173/429 589/589/421 600/600/441
f 589/589/421 572/572/417 599/599/440
f 594/594/435 572/572/417 578/578/422
f 597/597/438 1175/1174/767 1176/1175/768
f 611/611/446 610/610/442 591/591/432
f 597/597/438 1176/1175/768 1177/1176/769
f 1178/1177/770 597/597/438 1177/1176/769
f 1179/1178/456 594/594/435 595/595/436
f 591/591/432 597/597/438 614/614/448
f 1180/1179/462 614/614/448 1181/1180/771
f 614/614/448 1178/1177/770 1182/1181/772
f 620/620/454 600/600/441 599/599/440
f 1179/1178/456 599/599/440 594/594/435
f 616/616/450 626/626/456 609/609/436
f 611/611/446 591/591/432 615/615/449
f 614/614/448 1182/1181/772 1181/1180/771
f 617/617/451 609/609/436 611/611/446
f 608/608/445 600/600/441 620/620/454
f 621/621/455 599/599/440 1179/1178/456
f 615/615/449 614/614/448 629/629/460
f 1183/1182/773 620/620/454 621/621/455
f 635/635/465 608/608/445 620/620/454
f 617/617/451 611/611/446 628/628/459
f 627/627/458 615/615/449 630/630/461
f 634/634/464 616/616/450 617/617/451
f 1184/1183/774 631/631/460 633/633/463
f 1183/1182/773 621/621/455 1185/1184/457
f 628/628/459 627/627/458 637/637/467
f 1186/1185/773 644/644/389 643/643/466
f 534/534/384 625/625/457 634/634/464
f 1187/1186/390 1188/1187/773 1189/1188/457
f 639/639/468 1190/1189/775 1191/1190/776
f 639/639/468 1191/1190/776 1192/1191/777
f 750/750/557 650/650/474 649/649/473
f 534/534/384 634/634/464 535/535/385
f 535/535/385 628/628/459 537/537/387
f 639/639/468 1192/1191/777 1193/1192/778
f 659/659/482 658/658/481 651/651/475
f 1194/1193/490 750/750/557 757/757/480
f 692/692/510 1195/1194/474 668/668/490
f 665/665/487 648/648/472 650/650/474
f 659/659/482 651/651/475 653/653/477
f 653/653/477 652/652/476 666/666/488
f 647/647/471 646/646/470 680/680/502
f 669/669/491 657/657/480 659/659/482
f 660/660/479 647/647/471 676/676/498
f 676/676/498 647/647/471 680/680/502
f 675/675/497 1196/1195/488 660/660/479
f 692/692/510 668/668/490 669/669/491
f 677/677/499 681/681/503 661/661/483
f 1197/1196/779 664/664/486 665/665/487
f 669/669/491 659/659/482 678/678/500
f 671/671/493 653/653/477 679/679/501
f 704/704/521 686/686/503 698/698/516
f 692/692/510 669/669/491 678/678/500
f 678/678/500 671/671/493 682/682/504
f 685/685/505 680/680/502 681/681/503
f 701/701/518 692/692/510 693/693/511
f 689/689/508 675/675/497 695/695/513
f 675/675/497 674/674/496 695/695/513
f 696/696/514 674/674/496 676/676/498
f 697/697/515 676/676/498 685/685/505
f 720/720/534 701/701/518 702/702/519
f 693/693/511 678/678/500 703/703/520
f 708/708/523 699/699/505 700/700/517
f 702/702/519 693/693/511 710/710/525
f 712/712/527 696/696/514 697/697/515
f 719/719/533 707/707/515 708/708/523
f 724/724/536 1198/1197/520 717/717/532
f 720/720/534 702/702/519 715/715/530
f 1198/1197/520 706/706/512 717/717/532
f 706/706/512 689/689/508 716/716/531
f 711/711/526 689/689/508 695/695/513
f 714/714/529 1199/1198/780 1200/1199/781
f 725/725/537 719/719/533 708/708/523
f 714/714/529 1200/1199/781 1201/1200/782
f 1202/1201/783 714/714/529 1201/1200/782
f 1203/1202/547 711/711/526 712/712/527
f 708/708/523 714/714/529 728/728/539
f 1204/1203/554 728/728/539 1205/1204/784
f 728/728/539 1202/1201/783 1206/1205/785
f 734/734/545 717/717/532 716/716/531
f 1203/1202/547 716/716/531 711/711/526
f 730/730/541 740/740/547 718/718/527
f 725/725/537 708/708/523 729/729/540
f 728/728/539 1206/1205/785 1205/1204/784
f 731/731/542 718/718/527 725/725/537
f 724/724/536 717/717/532 734/734/545
f 735/735/546 716/716/531 1203/1202/547
f 729/729/540 728/728/539 744/744/552
f 1207/1206/786 734/734/545 735/735/546
f 750/750/557 724/724/536 734/734/545
f 731/731/542 725/725/537 743/743/551
f 741/741/549 729/729/540 745/745/553
f 749/749/556 730/730/541 731/731/542
f 1208/1207/787 746/746/552 748/748/555
f 1207/1206/786 735/735/546 1209/1208/548
f 743/743/551 741/741/549 752/752/559
f 1207/1206/786 757/757/480 751/751/558
f 651/651/475 739/739/548 749/749/556
f 658/658/481 1210/1209/786 739/739/548
f 754/754/560 1211/1210/788 1212/1211/789
f 754/754/560 1212/1211/789 1213/1212/790
f 651/651/475 749/749/556 652/652/476
f 652/652/476 743/743/551 654/654/478
f 754/754/560 1213/1212/790 1214/1213/791
f 1215/1214/792 1216/1215/792 1217/1216/792
f 1218/1217/793 944/944/793 1219/1218/793
f 1220/1219/794 941/941/794 1221/1220/794
f 1222/1221/795 1223/1222/795 1224/1223/795
f 1225/1224/796 1226/1225/796 171/171/796
f 1226/1225/797 169/169/797 171/171/797
f 169/169/798 1227/1226/798 170/170/798
f 1228/1227/799 1229/1228/799 174/174/799
f 1229/1228/800 172/172/800 174/174/800
f 172/172/801 1230/1229/801 173/173/801
f 1068/1068/802 1067/1067/802 177/177/802
f 1067/1067/803 175/175/803 177/177/803
f 175/175/804 1231/1230/804 176/176/804
f 1232/1231/805 1233/1232/805 180/180/805
f 1233/1232/806 178/178/806 180/180/806
f 178/178/807 1234/1233/807 179/179/807
f 1235/1234/808 182/182/808 1236/1235/808
f 182/182/809 1237/1236/809 1238/1237/809
f 1236/1235/810 182/182/810 181/181/810
f 1237/1236/811 1239/1238/811 1238/1237/811
f 1238/1237/812 183/183/812 182/182/812
f 1080/1080/813 184/184/813 186/186/813
f 184/184/814 1240/1239/814 1241/1240/814
f 1242/1241/815 184/184/815 1241/1240/815
f 184/184/816 1242/1241/816 185/185/816
f 186/186/817 1081/1081/817 1080/1080/817
f 187/187/105 1097/1097/127 188/188/106
f 1243/1242/818 1244/1243/818 1245/1244/818
f 1245/1244/818 1246/1245/818 1247/1246/818
f 1247/1246/818 1248/1247/818 1249/1248/818
f 1249/1248/818 1250/1249/818 1247/1246/818
f 1250/1249/818 1251/1250/818 1247/1246/818
f 1251/1250/818 1252/1251/818 1253/1252/818
f 1253/1252/818 1254/1253/818 1255/1254/818
f 1255/1254/818 1256/1255/818 1257/1256/818
f 1257/1256/818 1258/1257/818 1255/1254/818
f 1258/1257/818 1259/1258/818 1255/1254/818
f 1260/1259/818 1261/1260/818 1262/1261/818
f 1262/1261/818 1263/1262/818 1264/1263/818
f 1264/1263/818 1265/1264/818 1266/1265/818
f 1266/1265/818 1267/1266/818 1264/1263/818
f 1267/1266/818 1268/1267/818 1264/1263/818
f 1269/1268/818 1270/1269/818 1271/1270/818
f 1271/1270/818 1272/1271/818 1273/1272/818
f 1273/1272/818 1274/1273/818 1275/1274/818
f 1275/1274/818 1276/1275/818 1273/1272/818
f 1276/1275/818 1243/1242/818 1273/1272/818
f 1243/1242/818 1245/1244/818 1251/1250/818
f 1245/1244/819 1247/1246/819 1251/1250/819
f 1251/1250/818 1253/1252/818 1255/1254/818
f 1260/1259/818 1262/1261/818 1268/1267/818
f 1262/1261/820 1264/1263/820 1268/1267/820
f 1269/1268/818 1271/1270/818 1273/1272/818
f 1251/1250/818 1255/1254/818 1243/1242/818
f 1269/1268/818 1273/1272/818 1259/1258/818
f 1277/1276/821 1278/1277/821 1279/1278/821
f 1279/1278/821 1280/1279/821 1277/1276/821
f 1280/1279/821 1281/1280/821 1277/1276/821
f 1281/1280/821 1282/1281/821 1283/1282/821
f 1283/1282/821 1284/1283/821 1285/1284/821
f 1285/1284/821 1286/1285/821 1287/1286/821
f 1287/1286/821 1288/1287/821 1285/1284/821
f 1288/1287/821 1289/1288/821 1285/1284/821
f 1289/1288/821 1290/1289/821 1291/1290/821
f 1291/1290/821 1292/1291/821 1293/1292/821
f 1293/1292/821 1294/1293/821 1295/1294/821
f 1294/1293/821 1296/1295/821 1295/1294/821
f 1296/1295/821 1297/1296/821 1295/1294/821
f 1295/1294/821 1298/1297/821 1299/1298/821
f 1299/1298/821 1300/1299/821 1301/1300/821
f 1301/1300/821 1302/1301/821 1303/1302/821
f 1302/1301/822 1304/1303/822 1303/1302/822
f 1304/1303/821 1305/1304/821 1303/1302/821
f 1303/1302/821 1306/1305/821 1307/1306/821
f 1307/1306/821 1308/1307/821 1277/1276/821
f 1281/1280/821 1283/1282/821 1277/1276/821
f 1283/1282/821 1285/1284/821 1277/1276/821
f 1289/1288/821 1291/1290/821 1285/1284/821
f 1291/1290/821 1293/1292/821 1285/1284/821
f 1295/1294/821 1299/1298/821 1293/1292/821
f 1299/1298/821 1301/1300/821 1293/1292/821
f 1303/1302/821 1307/1306/821 1301/1300/821
f 1307/1306/821 1277/1276/821 1301/1300/821
f 1309/1308/823 1310/1309/823 1311/1310/823
f 1310/1309/824 1312/1311/824 1311/1310/824
f 1312/1311/821 1313/1312/821 1311/1310/821
f 1311/1310/825 1314/1313/825 1315/1314/825
f 1315/1314/826 1316/1315/826 1317/1316/826
f 1317/1316/821 1318/1317/821 1319/1318/821
f 1318/1317/821 1320/1319/821 1319/1318/821
f 1320/1319/821 1321/1320/821 1319/1318/821
f 1319/1318/827 1322/1321/827 1323/1322/827
f 1323/1322/827 1324/1323/827 1325/1324/827
f 1325/1324/828 1326/1325/828 1327/1326/828
f 1326/1325/829 1328/1327/829 1327/1326/829
f 1328/1327/821 1329/1328/821 1327/1326/821
f 1327/1326/827 1330/1329/827 1331/1330/827
f 1331/1330/830 1332/1331/830 1333/1332/830
f 1333/1332/821 1334/1333/821 1335/1334/821
f 1334/1333/821 1336/1335/821 1335/1334/821
f 1336/1335/821 1337/1336/821 1335/1334/821
f 1335/1334/825 1338/1337/825 1339/1338/825
f 1339/1338/825 1340/1339/825 1309/1308/825
f 1311/1310/831 1315/1314/831 1317/1316/831
f 1319/1318/832 1323/1322/832 1325/1324/832
f 1327/1326/832 1331/1330/832 1333/1332/832
f 1335/1334/831 1339/1338/831 1309/1308/831
f 1309/1308/821 1311/1310/821 1317/1316/821
f 1317/1316/821 1319/1318/821 1325/1324/821
f 1325/1324/821 1327/1326/821 1333/1332/821
f 1333/1332/821 1335/1334/821 1309/1308/821
f 838/838/833 932/932/833 839/839/833
f 1341/1340/834 1342/1341/834 1343/1342/834
f 1342/1341/835 1344/1343/835 1345/1344/835
f 1343/1342/836 1342/1341/836 1345/1344/836
f 1344/1343/837 1346/1345/837 1347/1346/837
f 1346/1345/838 1348/1347/838 1347/1346/838
f 1347/1346/839 1349/1348/839 1344/1343/839
f 1349/1348/840 1350/1349/840 1351/1350/840
f 1350/1349/841 1352/1351/841 1353/1352/841
f 1351/1350/842 1350/1349/842 1353/1352/842
f 1351/1350/843 1354/1353/843 1355/1354/843
f 1354/1353/844 1356/1355/844 1357/1356/844
f 1355/1354/845 1354/1353/845 1357/1356/845
f 1355/1354/846 1358/1357/846 1359/1358/846
f 1358/1357/847 1360/1359/847 1361/1360/847
f 1359/1358/848 1358/1357/848 1361/1360/848
f 1359/1358/849 1362/1361/849 1363/1362/849
f 1362/1361/850 1364/1363/850 1363/1362/850
f 1363/1362/851 1365/1364/851 1359/1358/851
f 1365/1364/852 1366/1365/852 1367/1366/852
f 1366/1365/853 1368/1367/853 1369/1368/853
f 1367/1366/854 1366/1365/854 1369/1368/854
f 1367/1366/855 1370/1369/855 1371/1370/855
f 1370/1369/856 1372/1371/856 1373/1372/856
f 1371/1370/857 1370/1369/857 1373/1372/857
f 1371/1370/858 1374/1373/858 1375/1374/858
f 1374/1373/859 1376/1375/859 1377/1376/859
f 1375/1374/860 1374/1373/860 1377/1376/860
f 1375/1374/861 1378/1377/861 1379/1378/861
f 1378/1377/862 1380/1379/862 1381/1380/862
f 1379/1378/863 1378/1377/863 1381/1380/863
f 1379/1378/864 1382/1381/864 1383/1382/864
f 1382/1381/865 1384/1383/865 1385/1384/865
f 1383/1382/866 1382/1381/866 1385/1384/866
f 1383/1382/867 1386/1385/867 1387/1386/867
f 1386/1385/868 1388/1387/868 1389/1388/868
f 1387/1386/869 1386/1385/869 1389/1388/869
f 1387/1386/870 1390/1389/870 1391/1390/870
f 1390/1389/871 1392/1391/871 1393/1392/871
f 1391/1390/872 1390/1389/872 1393/1392/872
f 1391/1390/873 1394/1393/873 1395/1394/873
f 1394/1393/874 1396/1395/874 1397/1396/874
f 1395/1394/875 1394/1393/875 1397/1396/875
f 1395/1394/876 1398/1397/876 1399/1398/876
f 1398/1397/877 1400/1399/877 1399/1398/877
f 1399/1398/878 1401/1400/878 1395/1394/878
f 1401/1400/879 1402/1401/879 1403/1402/879
f 1402/1401/880 1404/1403/880 1405/1404/880
f 1405/1404/881 1406/1405/881 1403/1402/881
f 1406/1405/882 1407/1406/882 1403/1402/882
f 1407/1406/883 1408/1407/883 1409/1408/883
f 1409/1408/884 1410/1409/884 1403/1402/884
f 1411/1410/885 1412/1411/885 1413/1412/885
f 1407/1406/886 1409/1408/886 1403/1402/886
f 1410/1409/887 1411/1410/887 1403/1402/887
f 1411/1410/888 1413/1412/888 1403/1402/888
f 1414/1413/889 1415/1414/889 1416/1415/889
f 1415/1414/890 1417/1416/890 1418/1417/890
f 1416/1415/891 1415/1414/891 1418/1417/891
f 1413/1412/892 1414/1413/892 1403/1402/892
f 1403/1402/893 1402/1401/893 1405/1404/893
f 1416/1415/894 1419/1418/894 1403/1402/894
f 1419/1418/895 1420/1419/895 1421/1420/895
f 1421/1420/896 1422/1421/896 1403/1402/896
f 1419/1418/897 1421/1420/897 1403/1402/897
f 1414/1413/898 1416/1415/898 1403/1402/898
f 1395/1394/899 1401/1400/899 1403/1402/899
f 1423/1422/900 1424/1423/900 1425/1424/900
f 1424/1423/901 1345/1344/901 1426/1425/901
f 1425/1424/902 1424/1423/902 1426/1425/902
f 1344/1343/903 1349/1348/903 846/846/903
f 1349/1348/904 1351/1350/904 846/846/904
f 1359/1358/905 1365/1364/905 1403/1402/905
f 1365/1364/906 1367/1366/906 1403/1402/906
f 1367/1366/907 1371/1370/907 1403/1402/907
f 1371/1370/908 1375/1374/908 1403/1402/908
f 1375/1374/909 1379/1378/909 1403/1402/909
f 1379/1378/910 1383/1382/910 1403/1402/910
f 1383/1382/911 1387/1386/911 1403/1402/911
f 1387/1386/912 1391/1390/912 1403/1402/912
f 1391/1390/913 1395/1394/913 1403/1402/913
f 1345/1344/914 1344/1343/914 846/846/914
f 1427/1426/915 1428/1427/915 1429/1428/915
f 1428/1427/916 1426/1425/916 1430/1429/916
f 1429/1428/917 1428/1427/917 1430/1429/917
f 1426/1425/918 1345/1344/918 846/846/918
f 1431/1430/919 1432/1431/919 1433/1432/919
f 1432/1431/920 1430/1429/920 1434/1433/920
f 846/846/921 1435/1434/921 1436/1435/921
f 1432/1431/922 1434/1433/922 1433/1432/922
f 1430/1429/923 1426/1425/923 846/846/923
f 1437/1436/924 1438/1437/924 1439/1438/924
f 1438/1437/925 1434/1433/925 845/845/925
f 845/845/926 1439/1438/926 1438/1437/926
f 1440/1439/927 1441/1440/927 1442/1441/927
f 1441/1440/928 845/845/928 1442/1441/928
f 844/844/929 1442/1441/929 845/845/929
f 1443/1442/930 1444/1443/930 1445/1444/930
f 1444/1443/931 844/844/931 1445/1444/931
f 1446/1445/932 1445/1444/932 844/844/932
f 1447/1446/933 1448/1447/933 1449/1448/933
f 1448/1447/934 1446/1445/934 846/846/934
f 1449/1448/935 1448/1447/935 846/846/935
f 1450/1449/936 1449/1448/936 846/846/936
f 1451/1450/937 1452/1451/937 1453/1452/937
f 1452/1451/938 1450/1449/938 846/846/938
f 1453/1452/939 1452/1451/939 846/846/939
f 1454/1453/940 1453/1452/940 846/846/940
f 1455/1454/941 1456/1455/941 1457/1456/941
f 1455/1454/942 1457/1456/942 846/846/942
f 1457/1456/943 1454/1453/943 846/846/943
f 1458/1457/944 1459/1458/944 1460/1459/944
f 1459/1458/945 1461/1460/945 1462/1461/945
f 1461/1460/946 1455/1454/946 846/846/946
f 1459/1458/947 1462/1461/947 1460/1459/947
f 1462/1461/948 1461/1460/948 846/846/948
f 1463/1462/949 1464/1463/949 1436/1435/949
f 1464/1463/950 1462/1461/950 846/846/950
f 846/846/951 1436/1435/951 1464/1463/951
f 1430/1429/952 846/846/952 1434/1433/952
f 1446/1445/953 844/844/953 846/846/953
f 845/845/954 1434/1433/954 846/846/954
f 849/849/955 1465/1464/955 1466/1465/955
f 1465/1464/956 1467/1466/956 1468/1467/956
f 1469/1468/957 1465/1464/957 1468/1467/957
f 1467/1466/958 1470/1469/958 1468/1467/958
f 1469/1468/959 1471/1470/959 1472/1471/959
f 1471/1470/960 1473/1472/960 1472/1471/960
f 1465/1464/961 1469/1468/961 1472/1471/961
f 1466/1465/962 1465/1464/962 1472/1471/962
f 1466/1465/963 1474/1473/963 849/849/963
f 1474/1473/964 1475/1474/964 849/849/964
f 1475/1474/965 1476/1475/965 849/849/965
f 1477/1476/966 1478/1477/966 849/849/966
f 1478/1477/967 1479/1478/967 1480/1479/967
f 1478/1477/968 1480/1479/968 849/849/968
f 849/849/969 1476/1475/969 1477/1476/969
f 1481/1480/970 1482/1481/970 1483/1482/970
f 1482/1481/971 908/908/971 1484/1483/971
f 1483/1482/972 1482/1481/972 1485/1484/972
f 1486/1485/973 1481/1480/973 1483/1482/973
f 849/849/974 1480/1479/974 1487/1486/974
f 1485/1484/975 1482/1481/975 1488/1487/975
f 849/849/976 1487/1486/976 1489/1488/976
f 1488/1487/977 1482/1481/977 1484/1483/977
f 849/849/978 1489/1488/978 1490/1489/978
f 1489/1488/979 1491/1490/979 1490/1489/979
f 1492/1491/980 1485/1484/980 1488/1487/980
f 1493/1492/981 1492/1491/981 1488/1487/981
f 849/849/982 1490/1489/982 1494/1493/982
f 1494/1493/983 1495/1494/983 849/849/983
f 1495/1494/984 1496/1495/984 1497/1496/984
f 849/849/985 1497/1496/985 1498/1497/985
f 849/849/986 1495/1494/986 1497/1496/986
f 1499/1498/987 1500/1499/987 908/908/987
f 1500/1499/988 1484/1483/988 908/908/988
f 1498/1497/989 1501/1500/989 1502/1501/989
f 1501/1500/990 1503/1502/990 1502/1501/990
f 1502/1501/991 1504/1503/991 1498/1497/991
f 1504/1503/992 1505/1504/992 1506/1505/992
f 1505/1504/993 1507/1506/993 1506/1505/993
f 1506/1505/994 847/847/994 1504/1503/994
f 847/847/995 1508/1507/995 1509/1508/995
f 1508/1507/996 1510/1509/996 1509/1508/996
f 1509/1508/997 848/848/997 847/847/997
f 848/848/998 1511/1510/998 1512/1511/998
f 1511/1510/999 1513/1512/999 1512/1511/999
f 1512/1511/1000 1514/1513/1000 848/848/1000
f 1514/1513/1001 1515/1514/1001 1516/1515/1001
f 1515/1514/1002 1517/1516/1002 1516/1515/1002
f 1516/1515/1003 1518/1517/1003 1514/1513/1003
f 1518/1517/1004 1519/1518/1004 1520/1519/1004
f 1519/1518/1005 1521/1520/1005 1520/1519/1005
f 1520/1519/1006 1522/1521/1006 1518/1517/1006
f 1522/1521/1007 1523/1522/1007 1524/1523/1007
f 1523/1522/1008 1525/1524/1008 1524/1523/1008
f 1524/1523/1009 1526/1525/1009 1522/1521/1009
f 1526/1525/1010 1527/1526/1010 1528/1527/1010
f 1527/1526/1011 1529/1528/1011 1528/1527/1011
f 1528/1527/821 1530/1529/821 1526/1525/821
f 1530/1529/1012 1531/1530/1012 1532/1531/1012
f 1531/1530/821 1533/1532/821 1534/1533/821
f 1532/1531/821 1531/1530/821 1534/1533/821
f 1532/1531/1013 1535/1534/1013 1536/1535/1013
f 1535/1534/821 1537/1536/821 1536/1535/821
f 1536/1535/1014 1538/1537/1014 1532/1531/1014
f 1538/1537/1015 1539/1538/1015 1540/1539/1015
f 1539/1538/821 1541/1540/821 1540/1539/821
f 1540/1539/1016 1542/1541/1016 1538/1537/1016
f 1542/1541/1017 1543/1542/1017 1544/1543/1017
f 1543/1542/1018 1545/1544/1018 1544/1543/1018
f 1544/1543/821 1546/1545/821 1542/1541/821
f 1546/1545/1019 1547/1546/1019 1548/1547/1019
f 1547/1546/1020 1549/1548/1020 1550/1549/1020
f 1548/1547/1021 1547/1546/1021 1550/1549/1021
f 1548/1547/1022 1551/1550/1022 1552/1551/1022
f 1551/1550/1023 1553/1552/1023 1554/1553/1023
f 1552/1551/1024 1551/1550/1024 1554/1553/1024
f 1552/1551/1025 1555/1554/1025 1556/1555/1025
f 1555/1554/1026 1557/1556/1026 1558/1557/1026
f 1556/1555/1027 1555/1554/1027 1558/1557/1027
f 1556/1555/1028 1559/1558/1028 1560/1559/1028
f 1559/1558/1029 1561/1560/1029 1562/1561/1029
f 1560/1559/1030 1559/1558/1030 1562/1561/1030
f 1560/1559/1031 1563/1562/1031 1564/1563/1031
f 1563/1562/1032 1565/1564/1032 1566/1565/1032
f 1564/1563/1033 1563/1562/1033 1566/1565/1033
f 1564/1563/1034 1567/1566/1034 1568/1567/1034
f 1567/1566/1035 1569/1568/1035 1568/1567/1035
f 1568/1567/1036 1570/1569/1036 1564/1563/1036
f 1570/1569/1037 1571/1570/1037 1572/1571/1037
f 1571/1570/1038 1573/1572/1038 1572/1571/1038
f 1572/1571/1039 1574/1573/1039 1570/1569/1039
f 1574/1573/1040 1575/1574/1040 908/908/1040
f 1575/1574/1041 1576/1575/1041 1577/1576/1041
f 1577/1576/1042 1578/1577/1042 908/908/1042
f 1578/1577/1043 1579/1578/1043 908/908/1043
f 1579/1578/1044 1580/1579/1044 1581/1580/1044
f 1581/1580/1045 1582/1581/1045 908/908/1045
f 1582/1581/1046 1583/1582/1046 908/908/1046
f 1583/1582/1047 1584/1583/1047 1585/1584/1047
f 908/908/1048 1583/1582/1048 1585/1584/1048
f 1585/1584/1049 1586/1585/1049 908/908/1049
f 1587/1586/1050 1499/1498/1050 908/908/1050
f 1586/1585/1051 1587/1586/1051 908/908/1051
f 1579/1578/1052 1581/1580/1052 908/908/1052
f 1575/1574/1053 1577/1576/1053 908/908/1053
f 849/849/1054 1498/1497/1054 1504/1503/1054
f 1564/1563/1055 1570/1569/1055 908/908/1055
f 1570/1569/1056 1574/1573/1056 908/908/1056
f 1556/1555/1057 1560/1559/1057 908/908/1057
f 1560/1559/1058 1564/1563/1058 908/908/1058
f 1548/1547/1059 1552/1551/1059 908/908/1059
f 1552/1551/1060 1556/1555/1060 908/908/1060
f 1546/1545/1061 1548/1547/1061 908/908/1061
f 1532/1531/1062 1538/1537/1062 1588/1587/1062
f 1538/1537/1063 1542/1541/1063 1588/1587/1063
f 1530/1529/1064 1532/1531/1064 1588/1587/1064
f 1518/1517/1065 1522/1521/1065 849/849/1065
f 1522/1521/1066 1526/1525/1066 849/849/1066
f 848/848/1067 1514/1513/1067 849/849/1067
f 1514/1513/1068 1518/1517/1068 849/849/1068
f 1504/1503/1069 847/847/1069 849/849/1069
f 853/853/1070 916/916/1070 854/854/1070
f 1589/1588/1071 1590/1589/1071 1591/1590/1071
f 865/865/1072 895/895/1072 866/866/1072
f 868/868/1073 893/893/1073 869/869/1073
f 871/871/1074 889/889/1074 872/872/1074
f 1592/1591/1075 1593/1592/1075 1594/1593/1075
f 1595/1594/1076 1596/1595/1076 1597/1596/1076
f 1598/1597/1077 1599/1598/1077 1600/1599/1077
f 1601/1600/1078 1602/1601/1078 1603/1602/1078
f 886/886/1079 1604/1603/1079 887/887/1079
f 888/888/1080 886/886/1080 838/838/1080
f 889/889/1081 868/868/1081 870/870/1081
f 890/890/1082 1605/1604/1082 891/891/1082
f 892/892/1083 890/890/1083 853/853/1083
f 893/893/1084 1465/1464/1084 849/849/1084
f 894/894/1085 1606/1605/1085 895/895/1085
f 901/901/1086 900/900/1086 1607/1606/1086
f 1608/1607/1087 1609/1608/1087 1610/1609/1087
f 1611/1610/1088 1612/1611/1088 1613/1612/1088
f 1614/1613/1089 1615/1614/1089 1616/1615/1089
f 1617/1616/1090 1618/1617/1090 1619/1618/1090
f 1620/1619/1091 1621/1620/1091 1622/1621/1091
f 1623/1622/1092 1624/1623/1092 1625/1624/1092
f 908/908/1093 1482/1481/1093 909/909/1093
f 910/910/1094 909/909/1094 911/911/1094
f 1626/1625/1095 1627/1626/1095 1628/1627/1095
f 1629/1628/1096 1630/1629/1096 1631/1630/1096
f 1632/1631/1097 1633/1632/1097 1634/1633/1097
f 891/891/1098 1635/1634/1098 916/916/1098
f 1636/1635/1099 1637/1636/1099 1638/1637/1099
f 912/912/1100 911/911/1100 923/923/1100
f 924/924/1101 923/923/1101 925/925/1101
f 1639/1638/1102 1640/1639/1102 1641/1640/1102
f 1642/1641/1103 850/850/1103 852/852/1103
f 927/927/1104 1643/1642/1104 928/928/1104
f 930/930/1105 927/927/1105 929/929/1105
f 887/887/1106 1644/1643/1106 932/932/1106
f 1645/1644/1107 1646/1645/1107 1647/1646/1107
f 1648/1647/1108 1649/1648/1108 1650/1649/1108
f 1651/1650/1109 1652/1651/1109 1653/1652/1109
f 1652/1651/1110 1654/1653/1110 1655/1654/1110
f 1653/1652/1111 1652/1651/1111 1655/1654/1111
f 1654/1653/1112 1656/1655/1112 1655/1654/1112
f 1657/1656/1113 1658/1657/1113 1655/1654/1113
f 1658/1657/1114 1659/1658/1114 1660/1659/1114
f 1655/1654/1115 1658/1657/1115 1660/1659/1115
f 1656/1655/1116 1657/1656/1116 1655/1654/1116
f 1661/1660/1117 1662/1661/1117 1663/1662/1117
f 1662/1661/1118 1664/1663/1118 1665/1664/1118
f 1664/1663/1119 1666/1665/1119 1665/1664/1119
f 1666/1665/1120 1667/1666/1120 1665/1664/1120
f 1668/1667/1121 1669/1668/1121 1670/1669/1121
f 1669/1668/1122 1671/1670/1122 1670/1669/1122
f 1671/1670/1123 1672/1671/1123 1670/1669/1123
f 1672/1671/1124 1673/1672/1124 1674/1673/1124
f 1672/1671/1125 1674/1673/1125 1670/1669/1125
f 1675/1674/1126 1676/1675/1126 1677/1676/1126
f 1676/1675/1127 1678/1677/1127 1679/1678/1127
f 1677/1676/1128 1676/1675/1128 1679/1678/1128
f 1680/1679/1129 1681/1680/1129 1682/1681/1129
f 1681/1680/1130 1683/1682/1130 1684/1683/1130
f 1685/1684/1131 1686/1685/1131 1687/1686/1131
f 1683/1682/1132 1685/1684/1132 1684/1683/1132
f 1688/1687/1133 1217/1216/1133 1216/1215/1133
f 1687/1686/1134 1684/1683/1134 1685/1684/1134
f 1684/1683/1135 1682/1681/1135 1681/1680/1135
f 1688/1687/1136 1216/1215/1136 1689/1688/1136
f 1665/1664/1137 1663/1662/1137 1662/1661/1137
f 1690/1689/1138 1691/1690/1138 1692/1691/1138
f 1691/1690/1139 1693/1692/1139 1692/1691/1139
f 1690/1689/1140 1692/1691/1140 1694/1693/1140
f 1222/1221/1141 1695/1694/1141 1223/1222/1141
f 1695/1694/1142 1696/1695/1142 1223/1222/1142
f 1697/1696/1143 1698/1697/1143 1699/1698/1143
f 1698/1697/1144 1700/1699/1144 1699/1698/1144
f 1700/1699/1145 1701/1700/1145 1699/1698/1145
f 1701/1700/1146 1702/1701/1146 1699/1698/1146
f 1220/1219/1147 1703/1702/1147 941/941/1147
f 1703/1702/1148 939/939/1148 941/941/1148
f 940/940/1149 1704/1703/1149 941/941/1149
f 1705/1704/1150 1219/1218/1150 944/944/1150
f 944/944/1151 1706/1705/1151 942/942/1151
f 943/943/1152 1705/1704/1152 944/944/1152
f 1699/1698/1153 1702/1701/1153 1707/1706/1153
f 1706/1705/1154 944/944/1154 1708/1707/1154
f 1709/1708/1155 1710/1709/1155 1711/1710/1155
f 1712/1711/1156 1713/1712/1156 1714/1713/1156
f 1715/1714/1157 1716/1715/1157 1717/1716/1157
f 1718/1717/1158 1719/1718/1158 1720/1719/1158
f 1721/1720/1159 1722/1721/1159 1723/1722/1159
f 1724/1723/1160 1725/1724/1160 1726/1725/1160
f 1727/1726/1161 1728/1727/1161 1729/1728/1161
f 1730/1729/1162 1731/1730/1162 1732/1731/1162
f 1733/1732/1163 1734/1733/1163 1735/1734/1163
f 1736/1735/1164 1737/1736/1164 1738/1737/1164
f 1739/1738/1165 1740/1739/1165 1741/1740/1165
f 1742/1741/1166 1743/1742/1166 1744/1743/1166
f 1745/1744/1167 1746/1745/1167 1747/1746/1167
f 1748/1747/1168 1749/1748/1168 1750/1749/1168
f 1751/1750/1169 1752/1751/1169 1753/1752/1169
f 1754/1753/1170 1755/1754/1170 1756/1755/1170
f 1757/1756/1171 1758/1757/1171 1759/1758/1171
f 1760/1759/1172 1761/1760/1172 1762/1761/1172
f 1763/1762/1173 1764/1763/1173 1765/1764/1173
f 1766/1765/1174 1767/1766/1174 1768/1767/1174
f 1769/1768/1175 1770/1769/1175 1771/1770/1175
f 1772/1771/1176 1773/1772/1176 1774/1773/1176
f 1775/1774/1177 1776/1775/1177 1777/1776/1177
f 1778/1777/1178 1779/1778/1178 1780/1779/1178
f 1781/1780/1179 1782/1781/1179 1783/1782/1179
f 1784/1783/1180 1785/1784/1180 78/78/1180
f 81/81/1181 1786/1785/1181 1022/1022/1181
f 1787/1786/1182 1788/1787/1182 1789/1788/1182
f 1027/1027/1183 1029/1029/1183 1028/1028/1183
f 1028/1028/1184 1790/1789/1184 1026/1026/1184
f 1790/1789/1185 1791/1790/1185 1026/1026/1185
f 1032/1032/1186 1031/1031/1186 1030/1030/1186
f 1031/1031/1187 1028/1028/1187 1030/1030/1187
f 1033/1033/1188 1792/1791/1188 169/169/1188
f 1792/1791/1189 1227/1226/1189 169/169/1189
f 169/169/1190 1031/1031/1190 1033/1033/1190
f 1038/1038/1191 1037/1037/1191 1036/1036/1191
f 1037/1037/1192 1034/1034/1192 1036/1036/1192
f 1793/1792/1193 1794/1793/1193 1039/1039/1193
f 1794/1793/1194 1037/1037/1194 1039/1039/1194
f 1042/1042/1195 1795/1794/1195 1040/1040/1195
f 1795/1794/1196 1796/1795/1196 1040/1040/1196
f 1796/1795/1197 1043/1043/1197 1040/1040/1197
f 1040/1040/1198 1794/1793/1198 1041/1041/1198
f 1794/1793/1199 1793/1792/1199 1041/1041/1199
f 1797/1796/1200 1798/1797/1200 1044/1044/1200
f 1798/1797/1201 1040/1040/1201 1044/1044/1201
f 1048/1048/1202 1047/1047/1202 1046/1046/1202
f 1047/1047/1203 1798/1797/1203 1045/1045/1203
f 1798/1797/1204 1797/1796/1204 1045/1045/1204
f 1049/1049/1205 1799/1798/1205 1047/1047/1205
f 1799/1798/1206 1800/1799/1206 1047/1047/1206
f 1800/1799/1207 1051/1051/1207 1050/1050/1207
f 1050/1050/1208 1047/1047/1208 1800/1799/1208
f 1230/1229/1209 172/172/1209 1052/1052/1209
f 172/172/1210 1050/1050/1210 1052/1052/1210
f 1057/1057/1211 1056/1056/1211 1055/1055/1211
f 1056/1056/1212 1053/1053/1212 1055/1055/1212
f 1801/1800/1213 1802/1801/1213 1058/1058/1213
f 1802/1801/1214 1056/1056/1214 1058/1058/1214
f 1060/1060/1215 1062/1062/1215 1061/1061/1215
f 1061/1061/1216 1802/1801/1216 1059/1059/1216
f 1802/1801/1217 1801/1800/1217 1059/1059/1217
f 1065/1065/1218 1064/1064/1218 1063/1063/1218
f 1064/1064/1219 1061/1061/1219 1063/1063/1219
f 1066/1066/1220 1803/1802/1220 175/175/1220
f 1803/1802/1221 1231/1230/1221 175/175/1221
f 175/175/1222 1064/1064/1222 1066/1066/1222
f 1234/1233/1223 178/178/1223 1069/1069/1223
f 178/178/1224 1067/1067/1224 1069/1069/1224
f 1074/1074/1225 1073/1073/1225 1072/1072/1225
f 1073/1073/1226 1070/1070/1226 1072/1072/1226
f 1239/1238/1227 1237/1236/1227 1075/1075/1227
f 1237/1236/1228 1073/1073/1228 1075/1075/1228
f 1078/1078/1229 182/182/1229 1076/1076/1229
f 182/182/1230 1235/1234/1230 1076/1076/1230
f 1240/1239/1231 184/184/1231 1079/1079/1231
f 184/184/1232 1078/1078/1232 1079/1079/1232
f 1084/1084/1233 1083/1083/1233 1082/1082/1233
f 1083/1083/1234 1080/1080/1234 1082/1082/1234
f 1804/1803/1235 1805/1804/1235 1085/1085/1235
f 1805/1804/1236 1083/1083/1236 1085/1085/1236
f 1087/1087/1237 1806/1805/1237 1088/1088/1237
f 1088/1088/1238 1807/1232/1238 1086/1086/1238
f 1807/1232/1239 1808/1806/1239 1086/1086/1239
f 1092/1092/1240 1091/1091/1240 1090/1090/1240
f 1091/1091/1241 1088/1088/1241 1090/1090/1241
f 1088/1088/1242 1806/1805/1242 1809/1807/1242
f 1809/1807/1243 1810/1808/1243 1088/1088/1243
f 1810/1808/1244 1089/1089/1244 1088/1088/1244
f 1811/1809/1245 1812/1810/1245 1813/1811/1245
f 1813/1811/821 1814/1812/821 1815/1813/821
f 1815/1813/1245 1816/1814/1245 1817/1815/1245
f 1817/1815/821 1818/1816/821 1815/1813/821
f 1818/1816/821 1819/1817/821 1815/1813/821
f 1819/1817/1246 1820/1818/1246 1821/1819/1246
f 1821/1819/821 1822/1820/821 1823/1821/821
f 1823/1821/821 1824/1822/821 1825/1823/821
f 1825/1823/821 1826/1824/821 1823/1821/821
f 1826/1824/821 1827/1825/821 1823/1821/821
f 1827/1825/1247 1828/1826/1247 1829/1827/1247
f 1829/1827/821 1830/1828/821 1831/1829/821
f 1831/1829/1247 1832/1830/1247 1833/1831/1247
f 1833/1831/821 1834/1832/821 1831/1829/821
f 1834/1832/821 1835/1833/821 1831/1829/821
f 1835/1833/1248 1836/1834/1248 1837/1835/1248
f 1837/1835/821 1838/1836/821 1839/1837/821
f 1839/1837/821 1840/1838/821 1841/1839/821
f 1841/1839/821 1842/1840/821 1839/1837/821
f 1842/1840/821 1811/1809/821 1839/1837/821
f 1811/1809/821 1813/1811/821 1815/1813/821
f 1819/1817/821 1821/1819/821 1823/1821/821
f 1827/1825/821 1829/1827/821 1831/1829/821
f 1835/1833/821 1837/1835/821 1839/1837/821
f 1811/1809/1249 1815/1813/1249 1819/1817/1249
f 1819/1817/821 1823/1821/821 1811/1809/821
f 1827/1825/1250 1831/1829/1250 1835/1833/1250
f 1835/1833/821 1839/1837/821 1827/1825/821
f 1095/1095/1251 1094/1094/1251 1093/1093/1251
f 1094/1094/1252 1091/1091/1252 1093/1093/1252
f 1791/1790/1253 1790/1789/1253 1096/1096/1253
f 1790/1789/1254 1094/1094/1254 1096/1096/1254
f 1843/1841/1255 205/205/121 204/204/120
f 234/234/146 243/243/154 1098/1098/106
f 218/218/134 225/225/131 1100/1100/125
f 219/219/135 1844/1842/142 223/223/139
f 246/246/157 242/242/153 228/228/139
f 268/268/174 267/267/164 1101/1101/156
f 1107/1106/731 272/272/177 259/259/168
f 1110/1109/191 287/287/189 272/272/177
f 1113/1112/734 293/293/194 278/278/183
f 1116/1115/734 201/201/118 200/200/117
f 406/406/283 1121/1120/218 305/305/202
f 1845/1843/1256 317/317/212 316/316/211
f 346/346/237 355/355/245 1123/1122/202
f 330/330/225 337/337/222 1125/1124/216
f 331/331/226 1846/1844/233 335/335/230
f 358/358/248 354/354/244 340/340/230
f 379/379/263 378/378/252 1127/1126/247
f 1131/1130/744 385/385/266 368/368/256
f 1133/1132/280 400/400/278 385/385/266
f 1136/1135/747 407/407/284 391/391/272
f 1847/1845/747 313/313/209 312/312/208
f 520/520/374 1147/1146/308 421/421/292
f 1848/1846/1257 433/433/302 432/432/301
f 463/463/328 472/472/336 1148/1147/292
f 446/446/315 454/454/312 1150/1149/306
f 448/448/317 1849/1847/324 452/452/321
f 475/475/339 471/471/335 457/457/321
f 495/495/354 494/494/343 1151/1150/338
f 1155/1154/757 499/499/357 485/485/347
f 1157/1156/371 514/514/369 499/499/357
f 1160/1159/760 521/521/375 505/505/363
f 1163/1162/760 429/429/299 428/428/298
f 635/635/465 1168/1167/399 533/533/383
f 1850/1848/1258 545/545/393 544/544/392
f 575/575/419 584/584/427 1170/1169/383
f 558/558/406 566/566/403 1172/1171/397
f 560/560/408 1851/1849/415 564/564/412
f 587/587/430 583/583/426 569/569/412
f 608/608/445 607/607/434 1174/1173/429
f 1178/1177/770 614/614/448 597/597/438
f 1180/1179/462 629/629/460 614/614/448
f 1183/1182/773 636/636/466 620/620/454
f 1852/1850/773 541/541/390 540/540/389
f 750/750/557 1194/1193/490 650/650/474
f 1853/1851/1259 662/662/484 661/661/483
f 692/692/510 701/701/518 1195/1194/474
f 675/675/497 683/683/494 1196/1195/488
f 677/677/499 1854/1852/506 681/681/503
f 704/704/521 700/700/517 686/686/503
f 724/724/536 723/723/525 1198/1197/520
f 1202/1201/783 728/728/539 714/714/529
f 1204/1203/554 744/744/552 728/728/539
f 1207/1206/786 751/751/558 734/734/545
f 1210/1209/786 658/658/481 657/657/480
f 1855/1853/1260 1856/1854/1260 1857/1855/1260
f 1855/1853/1260 1857/1855/1260 1858/1856/1260
f 1859/1857/1261 1860/1858/1261 1861/1859/1261
f 1859/1857/1261 1861/1859/1261 1862/1860/1261
f 1863/1861/1262 1864/1862/1262 1865/1863/1262
f 1863/1861/1262 1865/1863/1262 1866/1864/1262
f 1867/1865/1263 1868/1866/1263 1869/1867/1263
f 1867/1865/1263 1869/1867/1263 1870/1868/1263
f 1871/1869/1264 1872/1870/1264 1873/1871/1264
f 1871/1869/1264 1873/1871/1264 1874/1872/1264
f 1875/1873/1265 56/56/1265 1876/1874/1265
f 1875/1873/1265 1876/1874/1265 1877/1875/1265
f 47/47/1266 1878/1876/1266 1879/1877/1266
f 47/47/1266 1879/1877/1266 48/48/1266
f 1880/1878/1267 1881/1879/1267 1882/1880/1267
f 1880/1878/1267 1882/1880/1267 1883/1881/1267
f 1884/1882/1268 1885/1883/1268 1886/1884/1268
f 1884/1882/1268 1886/1884/1268 1887/1885/1268
f 1888/1886/1269 1889/1887/1269 1890/1888/1269
f 1888/1886/1269 1890/1888/1269 1891/1889/1269
f 1892/1890/1270 1893/1891/1270 1894/1892/1270
f 1892/1890/1270 1894/1892/1270 1895/1893/1270
f 1896/1894/1271 1897/1895/1271 1898/1896/1271
f 1896/1894/1271 1898/1896/1271 1899/1897/1271
f 1781/1780/1272 1783/1782/1272 1018/1018/1272
f 1781/1780/1272 1018/1018/1272 1017/1017/1272
f 90/90/51 92/92/51 1900/1898/51
f 90/90/51 1900/1898/51 1901/1899/51
f 1902/1900/1273 1903/1901/1273 1904/1902/1273
f 1902/1900/1273 1904/1902/1273 1905/1903/1273
f 1906/1904/1274 1907/1905/1274 1908/1906/1274
f 1906/1904/1274 1908/1906/1274 1909/1907/1274
f 1910/1908/1275 1911/1909/1275 1912/1910/1275
f 1910/1908/1275 1912/1910/1275 1913/1911/1275
f 1914/1912/1276 1915/1913/1276 1916/1914/1276
f 1914/1912/1276 1916/1914/1276 1917/1915/1276
f 1918/1916/1277 1919/1917/1277 1920/1918/1277
f 1918/1916/1277 1920/1918/1277 1921/1919/1277
f 1920/1918/1278 1922/1920/1278 1923/1921/1278
f 1920/1918/1278 1923/1921/1278 1921/1919/1278
f 1924/1922/1279 1925/1923/1279 1926/1924/1279
f 1924/1922/1279 1926/1924/1279 1927/1925/1279
f 1928/1926/1280 1929/1927/1280 1930/1928/1280
f 1928/1926/1280 1930/1928/1280 1931/1929/1280
f 1932/1930/1281 1933/1931/1281 1934/1932/1281
f 1932/1930/1281 1934/1932/1281 1935/1933/1281
f 1936/1934/1282 1937/1935/1282 1938/1936/1282
f 1936/1934/1282 1938/1936/1282 1939/1937/1282
f 1940/1938/1283 1941/1939/1283 1942/1940/1283
f 1940/1938/1283 1942/1940/1283 1943/1941/1283
f 504/504/362 419/419/290 435/435/304
f 504/504/362 435/435/304 503/503/361
f 1931/1929/1284 1930/1928/1284 1944/1942/1284
f 1931/1929/1284 1944/1942/1284 1945/1943/1284
f 1946/1944/1285 1947/1945/1285 1948/1946/1285
f 1946/1944/1285 1948/1946/1285 1949/1947/1285
f 1950/1948/1286 1951/1949/1286 1952/1950/1286
f 1950/1948/1286 1952/1950/1286 1953/1951/1286
f 1954/1952/1287 1955/1953/1287 1956/1954/1287
f 1954/1952/1287 1956/1954/1287 1957/1955/1287
f 1958/1956/1288 1959/1957/1288 1960/1958/1288
f 1958/1956/1288 1960/1958/1288 1961/1959/1288
f 1945/1943/1289 1944/1942/1289 1962/1960/1289
f 1945/1943/1289 1962/1960/1289 1963/1961/1289
f 1964/1962/1290 1965/1963/1290 1966/1964/1290
f 1964/1962/1290 1966/1964/1290 1967/1965/1290
f 1748/1747/1291 1750/1749/1291 946/946/1291
f 1748/1747/1291 946/946/1291 945/945/1291
f 1968/1966/1292 1969/1967/1292 1970/1968/1292
f 1968/1966/1292 1970/1968/1292 1971/1969/1292
f 720/720/534 1972/1970/487 1195/1194/474
f 720/720/534 1195/1194/474 701/701/518
f 1973/1971/1293 1974/1972/1293 1975/1973/1293
f 1973/1971/1293 1975/1973/1293 1976/1974/1293
f 1977/1975/1294 1978/1976/1294 1979/1977/1294
f 1977/1975/1294 1979/1977/1294 1980/1978/1294
f 491/491/352 1981/1979/305 1148/1147/292
f 491/491/352 1148/1147/292 472/472/336
f 81/81/1295 80/80/1295 1982/1980/1295
f 81/81/1295 1982/1980/1295 1983/1981/1295
f 1984/1982/1296 1985/1983/1296 1986/1984/1296
f 1984/1982/1296 1986/1984/1296 1987/1985/1296
f 1988/1986/1297 1989/1987/1297 1990/1988/1297
f 1988/1986/1297 1990/1988/1297 1991/1989/1297
f 1992/1990/1298 1993/1991/1298 1994/1992/1298
f 1992/1990/1298 1994/1992/1298 1995/1993/1298
f 1996/1994/1299 1997/1995/766 1998/1996/396
f 1996/1994/1299 1998/1996/396 604/604/443
f 604/604/443 605/605/444 1999/1997/452
f 604/604/443 1999/1997/452 1996/1994/1299
f 619/619/453 531/531/381 547/547/395
f 619/619/453 547/547/395 618/618/452
f 375/375/261 2000/1998/215 1123/1122/202
f 375/375/261 1123/1122/202 355/355/245
f 2001/1999/1300 2002/2000/1300 2003/2001/1300
f 2001/1999/1300 2003/2001/1300 2004/2002/1300
f 2005/2003/1301 2006/2004/1301 2007/2005/1301
f 2005/2003/1301 2007/2005/1301 2008/2006/1301
f 154/154/1302 156/156/1302 2009/2007/1302
f 154/154/1302 2009/2007/1302 2010/2008/1302
f 604/604/443 1998/1996/396 1170/1169/383
f 604/604/443 1170/1169/383 584/584/427
f 2011/2009/1303 2012/2010/1303 2013/2011/1303
f 2011/2009/1303 2013/2011/1303 2014/2012/1303
f 2015/2013/1304 2016/2014/1304 2017/2015/1304
f 2015/2013/1304 2017/2015/1304 2018/2016/1304
f 2019/2017/1305 2020/2018/1305 2021/2019/1305
f 2019/2017/1305 2021/2019/1305 2022/2020/1305
f 2023/2021/1306 2024/2022/1306 2025/2023/1306
f 2023/2021/1306 2025/2023/1306 2026/2024/1306
f 2027/2025/1307 2028/2026/1307 2029/2027/1307
f 2027/2025/1307 2029/2027/1307 2030/2028/1307
f 2031/2029/1308 2032/2030/1308 2033/2031/1308
f 2031/2029/1308 2033/2031/1308 2034/2032/1308
f 2035/2033/1309 2036/2034/1309 2037/2035/1309
f 2035/2033/1309 2037/2035/1309 2038/2036/1309
f 2002/2000/1310 2039/2037/1310 2040/2038/1310
f 2002/2000/1310 2040/2038/1310 2003/2001/1310
f 2041/2039/1311 2042/2040/1311 2043/2041/1311
f 2041/2039/1311 2043/2041/1311 2044/2042/1311
f 2045/2043/1312 2046/2044/1312 882/882/1312
f 2045/2043/1312 882/882/1312 881/881/1312
f 2047/2045/1313 2048/2046/1313 2049/2047/1313
f 2047/2045/1313 2049/2047/1313 2050/2048/1313
f 2051/2049/1314 2052/2050/1314 2053/2051/1314
f 2051/2049/1314 2053/2051/1314 2054/2052/1314
f 2055/2053/1315 2056/2054/1315 2057/2055/1315
f 2055/2053/1315 2057/2055/1315 2058/2056/1315
f 2059/2057/1316 2060/2058/1316 2061/2059/1316
f 2059/2057/1316 2061/2059/1316 2062/2060/1316
f 2063/2061/1317 2064/2062/1317 2065/2063/1317
f 2063/2061/1317 2065/2063/1317 2066/2064/1317
f 2067/2065/1318 2068/2066/753 1981/1979/305
f 2067/2065/1318 1981/1979/305 491/491/352
f 2069/2067/1319 2070/2068/1319 857/857/1319
f 2069/2067/1319 857/857/1319 856/856/1319
f 2071/2069/1320 891/891/1320 1605/1604/1320
f 2071/2069/1320 1605/1604/1320 2072/2070/1320
f 2073/2071/1321 2074/2072/1321 921/921/1321
f 2073/2071/1321 921/921/1321 920/920/1321
f 2075/2073/1322 2076/2074/1322 926/926/1322
f 2075/2073/1322 926/926/1322 925/925/1322
f 2077/2075/1323 2078/2076/1323 2079/2077/1323
f 2077/2075/1323 2079/2077/1323 2080/2078/1323
f 2081/2079/1324 2082/2080/1324 851/851/1324
f 2081/2079/1324 851/851/1324 850/850/1324
f 1611/1610/1325 1613/1612/1325 2083/2081/1325
f 1611/1610/1325 2083/2081/1325 2084/2082/1325
f 2085/2083/1326 2086/2084/1326 2087/2085/1326
f 2085/2083/1326 2087/2085/1326 2088/2086/1326
f 1636/1635/1327 1638/1637/1327 2089/2087/1327
f 1636/1635/1327 2089/2087/1327 2090/2088/1327
f 2091/2089/1328 2090/2088/1328 2089/2087/1328
f 2091/2089/1328 2089/2087/1328 2092/2090/1328
f 2091/2089/1329 2092/2090/1329 2093/2091/1329
f 2091/2089/1329 2093/2091/1329 2094/2092/1329
f 2095/2093/1330 2096/2094/1330 2097/2095/1330
f 2095/2093/1330 2097/2095/1330 2098/2096/1330
f 2099/2097/1331 1693/1692/1331 1691/1690/1331
f 2099/2097/1331 1691/1690/1331 2100/2098/1331
f 1592/1591/1332 1594/1593/1332 2101/2099/1332
f 1592/1591/1332 2101/2099/1332 2102/2100/1332
f 1689/1688/1333 1216/1215/1333 2103/2101/1333
f 1689/1688/1333 2103/2101/1333 2104/2102/1333
f 2105/2103/1334 2106/2104/1334 2107/2105/1334
f 2105/2103/1334 2107/2105/1334 2108/2106/1334
f 420/420/291 498/498/356 495/495/354
f 420/420/291 495/495/354 520/520/374
f 2109/2107/1335 2110/2108/1335 2111/2109/1335
f 2109/2107/1335 2111/2109/1335 2112/2110/1335
f 2113/2111/1336 2114/2112/1336 2115/2113/1336
f 2113/2111/1336 2115/2113/1336 2116/2114/1336
f 2117/2115/1337 2118/2116/1337 2119/2117/1337
f 2117/2115/1337 2119/2117/1337 2120/2118/1337
f 2121/2119/1338 2122/2120/1338 2123/2121/1338
f 2121/2119/1338 2123/2121/1338 2124/2122/1338
f 1614/1613/1339 1616/1615/1339 2125/2123/1339
f 1614/1613/1339 2125/2123/1339 2126/2124/1339
f 2127/2125/1340 2128/2126/1340 879/879/1340
f 2127/2125/1340 879/879/1340 878/878/1340
f 2129/2127/1341 2130/2128/1341 860/860/1341
f 2129/2127/1341 860/860/1341 859/859/1341
f 2131/2129/1342 2132/2130/1342 2133/2131/1342
f 2131/2129/1342 2133/2131/1342 2134/2132/1342
f 2135/2133/1343 1697/1696/1343 1699/1698/1343
f 2135/2133/1343 1699/1698/1343 2136/2134/1343
f 2137/2135/1344 2138/2136/1344 2139/2137/1344
f 2137/2135/1344 2139/2137/1344 2140/2138/1344
f 2141/2139/1345 2142/2140/1345 2143/2141/1345
f 2141/2139/1345 2143/2141/1345 2144/2142/1345
f 1772/1771/1346 1774/1773/1346 997/997/1346
f 1772/1771/1346 997/997/1346 996/996/1346
f 112/112/1347 114/114/1347 2145/2143/1347
f 112/112/1347 2145/2143/1347 2146/2144/1347
f 1766/1765/1348 1768/1767/1348 979/979/1348
f 1766/1765/1348 979/979/1348 978/978/1348
f 1763/1762/1349 1765/1764/1349 976/976/1349
f 1763/1762/1349 976/976/1349 975/975/1349
f 1769/1768/1350 1771/1770/1350 994/994/1350
f 1769/1768/1350 994/994/1350 993/993/1350
f 1717/1716/1351 1009/1009/1351 1008/1008/1351
f 1717/1716/1351 1008/1008/1351 1715/1714/1351
f 1754/1753/1352 1756/1755/1352 958/958/1352
f 1754/1753/1352 958/958/1352 957/957/1352
f 38/38/1353 2147/2145/1353 2148/2146/1353
f 38/38/1353 2148/2146/1353 39/39/1353
f 1778/1777/1354 1780/1779/1354 1003/1003/1354
f 1778/1777/1354 1003/1003/1354 1002/1002/1354
f 1787/1786/1355 1789/1788/1355 1024/1024/1355
f 1787/1786/1355 1024/1024/1355 1023/1023/1355
f 2149/2147/1356 970/970/1356 1735/1734/1356
f 2149/2147/1356 1735/1734/1356 2150/2148/1356
f 1845/1843/1256 316/316/211 410/410/286
f 1845/1843/1256 410/410/286 1146/1145/752
f 451/451/320 417/417/288 524/524/377
f 451/451/320 524/524/377 432/432/301
f 304/304/201 384/384/265 379/379/263
f 304/304/201 379/379/263 406/406/283
f 2151/2149/1357 2152/2150/1357 2153/2151/1357
f 2151/2149/1357 2153/2151/1357 2154/2152/1357
f 754/754/560 746/746/552 1208/1207/787
f 754/754/560 1208/1207/787 1211/1210/788
f 1848/1846/1257 432/432/301 524/524/377
f 1848/1846/1257 524/524/377 1167/1166/765
f 222/222/138 191/191/109 296/296/196
f 222/222/138 296/296/196 204/204/120
f 1642/1641/1358 852/852/1358 842/842/1358
f 1642/1641/1358 842/842/1358 841/841/1358
f 648/648/472 733/733/544 727/727/538
f 648/648/472 727/727/538 649/649/473
f 296/296/196 289/289/189 1114/1113/735
f 296/296/196 1114/1113/735 1117/1116/736
f 680/680/502 646/646/470 754/754/560
f 680/680/502 754/754/560 661/661/483
f 2155/2153/1359 2156/2154/1359 44/44/1359
f 2155/2153/1359 44/44/1359 2157/2155/1359
f 649/649/473 727/727/538 724/724/536
f 649/649/473 724/724/536 750/750/557
f 303/303/200 390/390/271 384/384/265
f 303/303/200 384/384/265 304/304/201
f 410/410/286 402/402/278 1137/1136/748
f 410/410/286 1137/1136/748 1143/1142/749
f 1853/1851/1259 661/661/483 754/754/560
f 1853/1851/1259 754/754/560 1214/1213/791
f 334/334/229 301/301/198 410/410/286
f 334/334/229 410/410/286 316/316/211
f 189/189/107 271/271/176 268/268/174
f 189/189/107 268/268/174 187/187/105
f 419/419/290 504/504/362 498/498/356
f 419/419/290 498/498/356 420/420/291
f 2158/2156/1360 2159/2157/1360 2160/2158/1360
f 2158/2156/1360 2160/2158/1360 2161/2159/1360
f 1843/1841/1255 204/204/120 296/296/196
f 1843/1841/1255 296/296/196 1120/1119/739
f 563/563/411 529/529/379 639/639/468
f 563/563/411 639/639/468 544/544/392
f 532/532/382 613/613/447 608/608/445
f 532/532/382 608/608/445 635/635/465
f 193/193/111 277/277/182 271/271/176
f 193/193/111 271/271/176 189/189/107
f 639/639/468 631/631/460 1184/1183/774
f 639/639/468 1184/1183/774 1190/1189/775
f 2162/2160/1361 2163/2161/1361 2164/2162/1361
f 2162/2160/1361 2164/2162/1361 2165/2163/1361
f 1221/1220/1362 2166/2164/1362 2167/2165/1362
f 1221/1220/1362 2167/2165/1362 1220/1219/1362
f 2162/2160/1363 2168/2166/1363 2169/2167/1363
f 2162/2160/1363 2169/2167/1363 2163/2161/1363
f 1218/1217/1364 1219/1218/1364 2170/2168/1364
f 1218/1217/1364 2170/2168/1364 2171/2169/1364
f 2172/2170/1365 2173/2171/1365 1674/1673/1365
f 2172/2170/1365 1674/1673/1365 1673/1672/1365
f 2104/2102/1366 2103/2101/1366 2174/2172/1366
f 2104/2102/1366 2174/2172/1366 2175/2173/1366
f 1704/1703/1367 2176/2174/1367 2177/2175/1367
f 1704/1703/1367 2177/2175/1367 941/941/1367
f 2178/2176/1368 2179/2177/1368 2180/2178/1368
f 2178/2176/1368 2180/2178/1368 2181/2179/1368
f 2182/2180/1369 1665/1664/1369 1667/1666/1369
f 2182/2180/1369 1667/1666/1369 2183/2181/1369
f 2184/2182/1370 2185/2183/1370 2186/2184/1370
f 2184/2182/1370 2186/2184/1370 2187/2185/1370
f 1224/1223/1371 2165/2163/1371 2164/2162/1371
f 1224/1223/1371 2164/2162/1371 1222/1221/1371
f 2081/2079/1372 2080/2078/1372 2079/2077/1372
f 2081/2079/1372 2079/2077/1372 2082/2080/1372
f 2188/2186/1373 2178/2176/1373 2181/2179/1373
f 2188/2186/1373 2181/2179/1373 2189/2187/1373
f 2190/2188/1374 2167/2165/1374 2166/2164/1374
f 2190/2188/1374 2166/2164/1374 2191/2189/1374
f 2192/2190/1375 2193/2191/1375 2194/2192/1375
f 2192/2190/1375 2194/2192/1375 2195/2193/1375
f 2196/2194/1376 2197/2195/1376 2198/2196/1376
f 2196/2194/1376 2198/2196/1376 2199/2197/1376
f 2200/2198/1377 2201/2199/1377 2197/2195/1377
f 2200/2198/1377 2197/2195/1377 2196/2194/1377
f 2202/2200/1378 2203/2201/1378 2201/2199/1378
f 2202/2200/1378 2201/2199/1378 2200/2198/1378
f 2204/2202/1379 2205/2203/1379 2203/2201/1379
f 2204/2202/1379 2203/2201/1379 2202/2200/1379
f 2206/2204/1380 2207/2205/1380 2205/2203/1380
f 2206/2204/1380 2205/2203/1380 2204/2202/1380
f 2208/2206/1381 2209/2207/1381 2207/2205/1381
f 2208/2206/1381 2207/2205/1381 2206/2204/1381
f 2210/2208/1382 2211/2209/1382 2209/2207/1382
f 2210/2208/1382 2209/2207/1382 2208/2206/1382
f 2212/2210/1383 2213/2211/1383 2211/2209/1383
f 2212/2210/1383 2211/2209/1383 2210/2208/1383
f 2214/2212/1384 2215/2213/1384 2213/2211/1384
f 2214/2212/1384 2213/2211/1384 2212/2210/1384
f 2216/2214/1385 2217/2215/1385 2215/2213/1385
f 2216/2214/1385 2215/2213/1385 2214/2212/1385
f 2218/2216/1386 2219/2217/1386 2217/2215/1386
f 2218/2216/1386 2217/2215/1386 2216/2214/1386
f 2220/2218/1387 2221/2219/1387 2219/2217/1387
f 2220/2218/1387 2219/2217/1387 2218/2216/1387
f 2222/2220/1388 2223/2221/1388 2221/2219/1388
f 2222/2220/1388 2221/2219/1388 2220/2218/1388
f 2224/2222/1389 2225/2223/1389 2223/2221/1389
f 2224/2222/1389 2223/2221/1389 2222/2220/1389
f 2226/2224/1390 2227/2225/1390 2225/2223/1390
f 2226/2224/1390 2225/2223/1390 2224/2222/1390
f 2228/2226/1391 2229/2227/1391 2227/2225/1391
f 2228/2226/1391 2227/2225/1391 2226/2224/1391
f 2230/2228/1392 2231/2229/1392 2229/2227/1392
f 2230/2228/1392 2229/2227/1392 2228/2226/1392
f 2232/2230/1393 2233/2231/1393 2234/2232/1393
f 2232/2230/1393 2234/2232/1393 2235/2233/1393
f 2236/2234/1394 2237/2235/1394 2238/2236/1394
f 2236/2234/1394 2238/2236/1394 2239/2237/1394
f 2240/2238/1395 2241/2239/1395 2237/2235/1395
f 2240/2238/1395 2237/2235/1395 2236/2234/1395
f 2242/2240/1396 2243/2241/1396 2241/2239/1396
f 2242/2240/1396 2241/2239/1396 2240/2238/1396
f 2244/2242/1397 2245/2243/1397 2243/2241/1397
f 2244/2242/1397 2243/2241/1397 2242/2240/1397
f 2246/2244/1398 2247/2245/1398 2245/2243/1398
f 2246/2244/1398 2245/2243/1398 2244/2242/1398
f 2248/2246/1399 2249/2247/1399 2247/2245/1399
f 2248/2246/1399 2247/2245/1399 2246/2244/1399
f 2250/2248/1400 2251/2249/1400 2249/2247/1400
f 2250/2248/1400 2249/2247/1400 2248/2246/1400
f 2252/2250/1401 2253/2251/1401 2251/2249/1401
f 2252/2250/1401 2251/2249/1401 2250/2248/1401
f 2254/2252/1402 2255/2253/1402 2253/2251/1402
f 2254/2252/1402 2253/2251/1402 2252/2250/1402
f 1273/1272/818 1243/1242/818 1255/1254/818
f 1273/1272/818 1255/1254/818 1259/1258/818
f 2256/2254/1403 2257/2255/1403 2255/2253/1403
f 2256/2254/1403 2255/2253/1403 2254/2252/1403
f 2258/2256/1404 2259/2257/1404 2257/2255/1404
f 2258/2256/1404 2257/2255/1404 2256/2254/1404
f 1293/1292/821 1301/1300/821 1277/1276/821
f 1293/1292/821 1277/1276/821 1285/1284/821
f 1325/1324/821 1333/1332/821 1309/1308/821
f 1325/1324/821 1309/1308/821 1317/1316/821
f 137/137/1405 139/139/1405 2260/2258/1405
f 137/137/1405 2260/2258/1405 2261/2259/1405
f 2195/2193/1406 2194/2192/1406 2231/2229/1406
f 2195/2193/1406 2231/2229/1406 2230/2228/1406
f 2262/2260/1407 2263/2261/1407 2264/2262/1407
f 2262/2260/1407 2264/2262/1407 2265/2263/1407
f 2266/2264/1408 2267/2265/1408 2268/2266/1408
f 2266/2264/1408 2268/2266/1408 2269/2267/1408
f 2270/2268/1409 2271/2269/1409 2272/2270/1409
f 2270/2268/1409 2272/2270/1409 2273/2271/1409
f 2274/2272/1410 2275/2273/1410 922/922/1410
f 2274/2272/1410 922/922/1410 921/921/1410
f 2045/2043/1411 2276/2274/1411 2277/2275/1411
f 2045/2043/1411 2277/2275/1411 2046/2044/1411
f 883/883/1412 1598/1597/1412 1600/1599/1412
f 883/883/1412 1600/1599/1412 884/884/1412
f 1607/1606/1413 897/897/1413 896/896/1413
f 1607/1606/1413 896/896/1413 901/901/1413
f 2278/2276/1414 2279/2277/1414 2280/2278/1414
f 2278/2276/1414 2280/2278/1414 2281/2279/1414
f 2282/2280/1415 2283/2281/1415 2284/2282/1415
f 2282/2280/1415 2284/2282/1415 2285/2283/1415
f 2286/2284/1416 2287/2285/1416 2288/2286/1416
f 2286/2284/1416 2288/2286/1416 2289/2287/1416
f 2290/2288/1417 2291/2289/1417 2292/2290/1417
f 2290/2288/1417 2292/2290/1417 2293/2291/1417
f 2294/2292/1418 2295/2293/1418 2296/2294/1418
f 2294/2292/1418 2296/2294/1418 2297/2295/1418
f 2298/2296/1419 1744/1743/1419 1743/1742/1419
f 2298/2296/1419 1743/1742/1419 2299/2297/1419
f 2300/2298/1420 2301/2299/1420 2302/2300/1420
f 2300/2298/1420 2302/2300/1420 2303/2301/1420
f 2304/2302/1421 2305/2303/1421 2306/2304/1421
f 2304/2302/1421 2306/2304/1421 2307/2305/1421
f 2308/2306/1422 2309/2307/1422 2310/2308/1422
f 2308/2306/1422 2310/2308/1422 2311/2309/1422
f 2312/2310/1423 2313/2311/1423 2314/2312/1423
f 2312/2310/1423 2314/2312/1423 2315/2313/1423
f 2316/2314/1424 2317/2315/1424 2318/2316/1424
f 2316/2314/1424 2318/2316/1424 2319/2317/1424
f 2320/2318/1425 2321/2319/1425 2322/2320/1425
f 2320/2318/1425 2322/2320/1425 2323/2321/1425
f 2324/2322/1426 2325/2323/1426 2326/2324/1426
f 2324/2322/1426 2326/2324/1426 2327/2325/1426
f 2328/2326/1427 2329/2327/1427 2330/2328/1427
f 2328/2326/1427 2330/2328/1427 2331/2329/1427
f 2332/2330/1428 2333/2331/1428 2334/2332/1428
f 2332/2330/1428 2334/2332/1428 2335/2333/1428
f 2336/2334/1429 1948/1946/1429 2337/2335/1429
f 2336/2334/1429 2337/2335/1429 2338/2336/1429
f 2339/2337/1430 2340/2338/1430 2341/2339/1430
f 2339/2337/1430 2341/2339/1430 2342/2340/1430
f 2343/2341/1431 2344/2342/1431 2345/2343/1431
f 2343/2341/1431 2345/2343/1431 2346/2344/1431
f 2347/2345/1432 1726/1725/1432 1725/1724/1432
f 2347/2345/1432 1725/1724/1432 2348/2346/1432
f 2349/2347/1433 1887/1885/1433 1886/1884/1433
f 2349/2347/1433 1886/1884/1433 2350/2348/1433
f 2271/2269/1434 2351/2349/1434 2352/2350/1434
f 2271/2269/1434 2352/2350/1434 2272/2270/1434
f 2353/2351/1435 2354/2352/1435 2355/2353/1435
f 2353/2351/1435 2355/2353/1435 2356/2354/1435
f 2357/2355/1436 2358/2356/1436 2359/2357/1436
f 2357/2355/1436 2359/2357/1436 2360/2358/1436
f 2361/2359/1437 145/145/1437 2362/2360/1437
f 2361/2359/1437 2362/2360/1437 2363/2361/1437
f 2364/2362/1438 2365/2363/1438 1004/1004/1438
f 2364/2362/1438 1004/1004/1438 1003/1003/1438
f 2366/2364/1439 2367/2365/1439 2368/2366/1439
f 2366/2364/1439 2368/2366/1439 2369/2367/1439
f 2370/2368/1440 2371/2369/1440 2372/2370/1440
f 2370/2368/1440 2372/2370/1440 2373/2371/1440
f 2374/2372/1441 846/846/1441 1351/1350/1441
f 2374/2372/1441 1351/1350/1441 1355/1354/1441
f 2375/2373/1442 2376/2374/1442 2377/2375/1442
f 2375/2373/1442 2377/2375/1442 2378/2376/1442
f 1690/1689/1443 1694/1693/1443 2379/2377/1443
f 1690/1689/1443 2379/2377/1443 2380/2378/1443
f 2381/2379/1444 2382/2380/1444 2383/2381/1444
f 2381/2379/1444 2383/2381/1444 2384/2382/1444
f 2385/2383/1445 2386/2384/1445 2387/2385/1445
f 2385/2383/1445 2387/2385/1445 2388/2386/1445
f 2389/2387/1446 2390/2388/1446 2391/2389/1446
f 2389/2387/1446 2391/2389/1446 2392/2390/1446
f 2393/2391/1447 2394/2392/1447 2395/2393/1447
f 2393/2391/1447 2395/2393/1447 2396/2394/1447
f 2397/2395/1448 2353/2351/1448 2356/2354/1448
f 2397/2395/1448 2356/2354/1448 2398/2396/1448
f 2399/2397/1449 2400/2398/1449 2401/2399/1449
f 2399/2397/1449 2401/2399/1449 2402/2400/1449
f 2403/2401/1450 1984/1982/1450 1987/1985/1450
f 2403/2401/1450 1987/1985/1450 2404/2402/1450
f 2405/2403/1451 2406/2404/1451 2407/2405/1451
f 2405/2403/1451 2407/2405/1451 2408/2406/1451
f 2409/2407/1452 2032/2030/1452 2031/2029/1452
f 2409/2407/1452 2031/2029/1452 2410/2408/1452
f 2411/2409/1453 2412/2410/1453 2413/2411/1453
f 2411/2409/1453 2413/2411/1453 2414/2412/1453
f 142/142/1454 141/141/1454 2415/2413/1454
f 142/142/1454 2415/2413/1454 2416/2414/1454
f 2417/2415/1455 2418/2416/1455 2179/2177/1455
f 2417/2415/1455 2179/2177/1455 2178/2176/1455
f 2419/2417/1456 2420/2418/1456 2421/2419/1456
f 2419/2417/1456 2421/2419/1456 2422/2420/1456
f 2423/2421/1457 2424/2422/1457 2425/2423/1457
f 2423/2421/1457 2425/2423/1457 2426/2424/1457
f 2427/2425/1458 2428/2426/1458 2429/2427/1458
f 2427/2425/1458 2429/2427/1458 2430/2428/1458
f 2431/2429/1459 2432/2430/1459 2433/2431/1459
f 2431/2429/1459 2433/2431/1459 2434/2432/1459
f 2435/2433/1460 2436/2434/1460 2437/2435/1460
f 2435/2433/1460 2437/2435/1460 2438/2436/1460
f 2439/2437/1461 2440/2438/1461 2441/2439/1461
f 2439/2437/1461 2441/2439/1461 2442/2440/1461
f 2443/2441/1462 2001/1999/1462 2004/2002/1462
f 2443/2441/1462 2004/2002/1462 2444/2442/1462
f 2445/2443/1463 2446/2444/1463 2447/2445/1463
f 2445/2443/1463 2447/2445/1463 2448/2446/1463
f 2449/2447/1464 2450/2448/1464 2451/2449/1464
f 2449/2447/1464 2451/2449/1464 2452/2450/1464
f 2453/2451/1465 2454/2452/1465 2455/2453/1465
f 2453/2451/1465 2455/2453/1465 2456/2454/1465
f 2457/2455/1466 2458/2456/1466 2459/2457/1466
f 2457/2455/1466 2459/2457/1466 2460/2458/1466
f 2037/2035/1467 2023/2021/1467 2026/2024/1467
f 2037/2035/1467 2026/2024/1467 2038/2036/1467
f 2461/2459/1468 2462/2460/1468 2463/2461/1468
f 2461/2459/1468 2463/2461/1468 2464/2462/1468
f 2465/2463/1469 2466/2464/1469 2467/2465/1469
f 2465/2463/1469 2467/2465/1469 2468/2466/1469
f 2469/2467/1470 2470/2468/1470 2471/2469/1470
f 2469/2467/1470 2471/2469/1470 2472/2470/1470
f 2473/2471/1471 2474/2472/1471 2475/2473/1471
f 2473/2471/1471 2475/2473/1471 2476/2474/1471
f 1773/1772/1472 2477/2475/1472 2478/2476/1472
f 1773/1772/1472 2478/2476/1472 1774/1773/1472
f 2479/2477/1473 2480/2478/1473 2481/2479/1473
f 2479/2477/1473 2481/2479/1473 2482/2480/1473
f 2483/2481/1474 2417/2415/1474 2178/2176/1474
f 2483/2481/1474 2178/2176/1474 2188/2186/1474
f 2484/2482/1475 2485/2483/1475 2486/2484/1475
f 2484/2482/1475 2486/2484/1475 2487/2485/1475
f 2488/2486/1476 2489/2487/1476 2490/2488/1476
f 2488/2486/1476 2490/2488/1476 2491/2489/1476
f 2492/2490/1477 2488/2486/1477 2491/2489/1477
f 2492/2490/1477 2491/2489/1477 2493/2491/1477
f 2494/2492/1478 2495/2493/1478 2496/2494/1478
f 2494/2492/1478 2496/2494/1478 2497/2495/1478
f 2498/2496/1479 2499/2497/1479 2500/2498/1479
f 2498/2496/1479 2500/2498/1479 2501/2499/1479
f 2502/2500/1480 2503/2501/1480 2504/2502/1480
f 2502/2500/1480 2504/2502/1480 2505/2503/1480
f 2506/2504/1481 2507/2505/1481 2508/2506/1481
f 2506/2504/1481 2508/2506/1481 2509/2507/1481
f 2510/2508/1482 2511/2509/1482 2512/2510/1482
f 2510/2508/1482 2512/2510/1482 2513/2511/1482
f 2514/2512/1483 2515/2513/1483 2516/2514/1483
f 2514/2512/1483 2516/2514/1483 2517/2515/1483
f 2518/2516/1484 2519/2517/1484 2520/2518/1484
f 2518/2516/1484 2520/2518/1484 2521/2519/1484
f 2522/2520/1485 2523/2521/1485 2524/2522/1485
f 2522/2520/1485 2524/2522/1485 2525/2523/1485
f 2526/2524/1486 2527/2525/1486 2528/2526/1486
f 2526/2524/1486 2528/2526/1486 2529/2527/1486
f 2530/2528/1487 2531/2529/1487 2532/2530/1487
f 2530/2528/1487 2532/2530/1487 2533/2531/1487
f 2534/2532/1488 2535/2533/1488 2536/2534/1488
f 2534/2532/1488 2536/2534/1488 2537/2535/1488
f 2538/2536/1489 2539/2537/1489 2540/2538/1489
f 2538/2536/1489 2540/2538/1489 2541/2539/1489
f 2542/2540/1490 2498/2496/1490 2501/2499/1490
f 2542/2540/1490 2501/2499/1490 2543/2541/1490
f 2544/2542/1491 2545/2543/1491 2546/2544/1491
f 2544/2542/1491 2546/2544/1491 2547/2545/1491
f 2548/2546/1492 2549/2547/1492 2550/2548/1492
f 2548/2546/1492 2550/2548/1492 2551/2549/1492
f 2552/2550/1493 2553/2551/1493 2554/2552/1493
f 2552/2550/1493 2554/2552/1493 2555/2553/1493
f 2056/2054/1494 1629/1628/1494 1631/1630/1494
f 2056/2054/1494 1631/1630/1494 2057/2055/1494
f 2556/2554/1495 2557/2555/1495 2558/2556/1495
f 2556/2554/1495 2558/2556/1495 2559/2557/1495
f 2020/2018/1496 900/900/1496 899/899/1496
f 2020/2018/1496 899/899/1496 2021/2019/1496
f 2560/2558/1497 2561/2559/1497 2562/2560/1497
f 2560/2558/1497 2562/2560/1497 2563/2561/1497
f 1626/1625/1498 1628/1627/1498 2455/2453/1498
f 1626/1625/1498 2455/2453/1498 2454/2452/1498
f 2564/2562/1499 2565/2563/1499 2566/2564/1499
f 2564/2562/1499 2566/2564/1499 2567/2565/1499
f 2568/2566/1500 2569/2567/1500 2570/2568/1500
f 2568/2566/1500 2570/2568/1500 2571/2569/1500
f 2572/2570/1501 2573/2571/1501 2574/2572/1501
f 2572/2570/1501 2574/2572/1501 2575/2573/1501
f 1874/1872/1502 1873/1871/1502 2576/2574/1502
f 1874/1872/1502 2576/2574/1502 1974/1972/1502
f 2577/2575/1503 2578/2576/1503 2579/2577/1503
f 2577/2575/1503 2579/2577/1503 2580/2578/1503
f 2581/2579/1504 2582/2580/1504 2583/2581/1504
f 2581/2579/1504 2583/2581/1504 2584/2582/1504
f 2585/2583/1505 2586/2584/1505 2587/2585/1505
f 2585/2583/1505 2587/2585/1505 2588/2586/1505
f 2589/2587/1506 2590/2588/1506 2591/2589/1506
f 2589/2587/1506 2591/2589/1506 2592/2590/1506
f 2593/2591/1507 2594/2592/1507 2595/2593/1507
f 2593/2591/1507 2595/2593/1507 2596/2594/1507
f 2597/2595/1508 2598/2596/1508 2599/2597/1508
f 2597/2595/1508 2599/2597/1508 2600/2598/1508
f 1597/1596/1509 2036/2034/1509 2035/2033/1509
f 1597/1596/1509 2035/2033/1509 1595/1594/1509
f 2262/2260/1510 2265/2263/1510 2601/2599/1510
f 2262/2260/1510 2601/2599/1510 2602/2600/1510
f 2603/2601/1511 2604/2602/1511 2605/2603/1511
f 2603/2601/1511 2605/2603/1511 2606/2604/1511
f 2607/2605/1512 2608/2606/1512 2609/2607/1512
f 2607/2605/1512 2609/2607/1512 2610/2608/1512
f 2611/2609/1513 2612/2610/1513 1965/1963/1513
f 2611/2609/1513 1965/1963/1513 1964/1962/1513
f 2613/2611/1514 2614/2612/1514 2615/2613/1514
f 2613/2611/1514 2615/2613/1514 2616/2614/1514
f 2617/2615/1515 2618/2616/1515 2619/2617/1515
f 2617/2615/1515 2619/2617/1515 2620/2618/1515
f 2596/2594/1516 2595/2593/1516 2621/2619/1516
f 2596/2594/1516 2621/2619/1516 2622/2620/1516
f 2623/2621/1517 2624/2622/1517 2625/2623/1517
f 2623/2621/1517 2625/2623/1517 2626/2624/1517
f 2627/2625/1518 2628/2626/1518 2629/2627/1518
f 2627/2625/1518 2629/2627/1518 2630/2628/1518
f 2631/2629/1519 2632/2630/1519 2633/2631/1519
f 2631/2629/1519 2633/2631/1519 2634/2632/1519
f 2635/2633/1520 2636/2634/1520 2637/2635/1520
f 2635/2633/1520 2637/2635/1520 2638/2636/1520
f 2639/2637/1521 2640/2638/1521 2641/2639/1521
f 2639/2637/1521 2641/2639/1521 2642/2640/1521
f 2643/2641/1522 2644/2642/1522 2645/2643/1522
f 2643/2641/1522 2645/2643/1522 2646/2644/1522
f 2647/2645/1523 2603/2601/1523 2606/2604/1523
f 2647/2645/1523 2606/2604/1523 2648/2646/1523
f 2649/2647/1524 2650/2648/1524 2651/2649/1524
f 2649/2647/1524 2651/2649/1524 2652/2650/1524
f 1978/1976/1525 2653/2651/1525 2654/2652/1525
f 1978/1976/1525 2654/2652/1525 1979/1977/1525
f 2655/2653/1526 2656/2654/1526 2657/2655/1526
f 2655/2653/1526 2657/2655/1526 2658/2656/1526
f 2659/2657/1527 2660/2658/1527 2661/2659/1527
f 2659/2657/1527 2661/2659/1527 2662/2660/1527
f 2663/2661/1528 2664/2662/1528 2665/2663/1528
f 2663/2661/1528 2665/2663/1528 2666/2664/1528
f 2179/2177/1529 2667/2665/1529 2668/2666/1529
f 2179/2177/1529 2668/2666/1529 2180/2178/1529
f 2541/2539/1530 2540/2538/1530 2669/2667/1530
f 2541/2539/1530 2669/2667/1530 2670/2668/1530
f 2671/2669/1531 2672/2670/1531 2673/2671/1531
f 2671/2669/1531 2673/2671/1531 2674/2672/1531
f 2675/2673/1532 2676/2674/1532 2677/2675/1532
f 2675/2673/1532 2677/2675/1532 2678/2676/1532
f 2679/2677/1533 2680/2678/1533 2681/2679/1533
f 2679/2677/1533 2681/2679/1533 2682/2680/1533
f 2683/2681/1534 2684/2682/1534 2685/2683/1534
f 2683/2681/1534 2685/2683/1534 2686/2684/1534
f 2687/2685/1535 2688/2686/1535 2689/2687/1535
f 2687/2685/1535 2689/2687/1535 2690/2688/1535
f 2042/2040/1536 1632/1631/1536 1634/1633/1536
f 2042/2040/1536 1634/1633/1536 2043/2041/1536
f 2691/2689/1537 1634/1633/1537 1633/1632/1537
f 2691/2689/1537 1633/1632/1537 2692/2690/1537
f 2693/2691/1538 2694/2692/1538 2695/2693/1538
f 2693/2691/1538 2695/2693/1538 2696/2694/1538
f 2697/2695/1539 2698/2696/1539 2699/2697/1539
f 2697/2695/1539 2699/2697/1539 2700/2698/1539
f 2701/2699/1540 2702/2700/1540 2703/2701/1540
f 2701/2699/1540 2703/2701/1540 2704/2702/1540
f 2705/2703/1541 2706/2704/1541 2707/2705/1541
f 2705/2703/1541 2707/2705/1541 2708/2706/1541
f 2709/2707/1542 2710/2708/1542 2711/2709/1542
f 2709/2707/1542 2711/2709/1542 2712/2710/1542
f 2713/2711/1543 2714/2712/1543 2715/2713/1543
f 2713/2711/1543 2715/2713/1543 2716/2714/1543
f 2515/2513/1544 2717/2715/1544 2718/2716/1544
f 2515/2513/1544 2718/2716/1544 2516/2514/1544
f 2719/2717/1545 2720/2718/1545 2721/2719/1545
f 2719/2717/1545 2721/2719/1545 2722/2720/1545
f 2723/2721/1546 2724/2722/1546 2725/2723/1546
f 2723/2721/1546 2725/2723/1546 2726/2724/1546
f 2727/2725/1547 2728/2726/1547 2729/2727/1547
f 2727/2725/1547 2729/2727/1547 2730/2728/1547
f 2731/2729/1548 2732/2730/1548 2733/2731/1548
f 2731/2729/1548 2733/2731/1548 2734/2732/1548
f 2418/2416/1549 2735/2733/1549 2667/2665/1549
f 2418/2416/1549 2667/2665/1549 2179/2177/1549
f 2736/2734/1550 2737/2735/1550 2738/2736/1550
f 2736/2734/1550 2738/2736/1550 2739/2737/1550
f 2740/2738/1551 2741/2739/1551 2742/2740/1551
f 2740/2738/1551 2742/2740/1551 2743/2741/1551
f 2744/2742/1552 2745/2743/1552 2746/2744/1552
f 2744/2742/1552 2746/2744/1552 2747/2745/1552
f 2114/2112/1553 2748/2746/1553 2749/2747/1553
f 2114/2112/1553 2749/2747/1553 2115/2113/1553
f 2750/2748/1554 2751/2749/1554 2752/2750/1554
f 2750/2748/1554 2752/2750/1554 2753/2751/1554
f 1784/1783/1555 2754/2752/1555 2755/2753/1555
f 1784/1783/1555 2755/2753/1555 2756/2754/1555
f 2757/2755/1556 2758/2756/1556 2759/2757/1556
f 2757/2755/1556 2759/2757/1556 2760/2758/1556
f 2761/2759/1557 2762/2760/1557 2763/2761/1557
f 2761/2759/1557 2763/2761/1557 2764/2762/1557
f 2765/2763/1558 2766/2764/1558 2767/2765/1558
f 2765/2763/1558 2767/2765/1558 2768/2766/1558
f 2464/2462/1559 2463/2461/1559 2769/2767/1559
f 2464/2462/1559 2769/2767/1559 2770/2768/1559
f 2771/2769/1560 2772/2770/1560 2773/2771/1560
f 2771/2769/1560 2773/2771/1560 2774/2772/1560
f 2775/2773/1561 2776/2774/1561 2777/2775/1561
f 2775/2773/1561 2777/2775/1561 2778/2776/1561
f 2779/2777/1562 2780/2778/1562 2781/2779/1562
f 2779/2777/1562 2781/2779/1562 2782/2780/1562
f 2783/2781/1563 2784/2782/1563 2785/2783/1563
f 2783/2781/1563 2785/2783/1563 2786/2784/1563
f 2787/2785/1564 2788/2786/1564 2789/2787/1564
f 2787/2785/1564 2789/2787/1564 2790/2788/1564
f 2791/2789/1565 2792/2790/1565 2793/2791/1565
f 2791/2789/1565 2793/2791/1565 2794/2792/1565
f 2795/2793/1566 2796/2794/1566 1955/1953/1566
f 2795/2793/1566 1955/1953/1566 1954/1952/1566
f 2797/2795/1567 2798/2796/1567 2799/2797/1567
f 2797/2795/1567 2799/2797/1567 2800/2798/1567
f 2801/2799/1568 375/375/261 376/376/262
f 2801/2799/1568 376/376/262 2802/2800/270
f 2803/2801/1569 2804/2802/1569 2805/2803/1569
f 2803/2801/1569 2805/2803/1569 2806/2804/1569
f 2807/2805/1168 2808/2806/1168 947/947/1168
f 2807/2805/1168 947/947/1168 946/946/1168
f 2386/2384/1570 2809/2807/1570 2810/2808/1570
f 2386/2384/1570 2810/2808/1570 2387/2385/1570
f 1758/1757/1571 2811/2809/1571 2812/2810/1571
f 1758/1757/1571 2812/2810/1571 1759/1758/1571
f 2813/2811/1572 2814/2812/1572 2815/2813/1572
f 2813/2811/1572 2815/2813/1572 2816/2814/1572
f 2817/2815/1573 2818/2816/1573 2819/2817/1573
f 2817/2815/1573 2819/2817/1573 2820/2818/1573
f 2637/2635/1574 2821/2819/1574 2822/2820/1574
f 2637/2635/1574 2822/2820/1574 2823/2821/1574
f 2824/2822/1575 2825/2823/1575 2826/2824/1575
f 2824/2822/1575 2826/2824/1575 2827/2825/1575
f 2828/2826/1576 2829/2827/1576 2830/2828/1576
f 2828/2826/1576 2830/2828/1576 2831/2829/1576
f 2832/2830/1577 2833/2831/1577 2834/2832/1577
f 2832/2830/1577 2834/2832/1577 2835/2833/1577
f 91/91/1578 90/90/1578 2758/2756/1578
f 91/91/1578 2758/2756/1578 2757/2755/1578
f 2836/2834/1579 2837/2835/1579 1007/1007/1579
f 2836/2834/1579 1007/1007/1579 1006/1006/1579
f 2482/2480/1580 2481/2479/1580 2838/2836/1580
f 2482/2480/1580 2838/2836/1580 2839/2837/1580
f 2840/2838/1581 2841/2839/1581 2842/2840/1581
f 2840/2838/1581 2842/2840/1581 2843/2841/1581
f 2844/2842/1582 2845/2843/1582 2846/2844/1582
f 2844/2842/1582 2846/2844/1582 2847/2845/1582
f 2553/2551/1583 2848/2846/1583 2849/2847/1583
f 2553/2551/1583 2849/2847/1583 2554/2552/1583
f 2850/2848/1584 2851/2849/1584 2852/2850/1584
f 2850/2848/1584 2852/2850/1584 2853/2851/1584
f 2854/2852/1585 2855/2853/1585 2856/2854/1585
f 2854/2852/1585 2856/2854/1585 2857/2855/1585
f 2858/2856/1586 2859/2857/1586 2860/2858/1586
f 2858/2856/1586 2860/2858/1586 2861/2859/1586
f 2862/2860/1587 2863/2861/1587 2864/2862/1587
f 2862/2860/1587 2864/2862/1587 2865/2863/1587
f 2866/2864/1588 2867/2865/1588 2868/2866/1588
f 2866/2864/1588 2868/2866/1588 2869/2867/1588
f 2870/2868/1589 1717/1716/1589 1716/1715/1589
f 2870/2868/1589 1716/1715/1589 2871/2869/1589
f 1857/1855/1590 154/154/1590 2010/2008/1590
f 1857/1855/1590 2010/2008/1590 2872/2870/1590
f 2873/2871/1591 2874/2872/1591 2875/2873/1591
f 2873/2871/1591 2875/2873/1591 2876/2874/1591
f 2877/2875/1592 2878/2876/1592 2874/2872/1592
f 2877/2875/1592 2874/2872/1592 2873/2871/1592
f 2879/2877/1593 2880/2878/1593 2881/2879/1593
f 2879/2877/1593 2881/2879/1593 2882/2880/1593
f 1951/1949/1594 2883/2881/1594 2884/2882/1594
f 1951/1949/1594 2884/2882/1594 1952/1950/1594
f 2885/2883/1595 2886/2884/1595 2887/2885/1595
f 2885/2883/1595 2887/2885/1595 2888/2886/1595
f 2889/2887/1596 2890/2888/1596 2891/2889/1596
f 2889/2887/1596 2891/2889/1596 2892/2890/1596
f 2893/2891/1597 2894/2892/1597 2895/2893/1597
f 2893/2891/1597 2895/2893/1597 2896/2894/1597
f 2897/2895/1598 2898/2896/1598 2899/2897/1598
f 2897/2895/1598 2899/2897/1598 2900/2898/1598
f 2901/2899/1599 2902/2900/1599 2903/2901/1599
f 2901/2899/1599 2903/2901/1599 2904/2902/1599
f 2905/2903/1600 1863/1861/1600 1866/1864/1600
f 2905/2903/1600 1866/1864/1600 2906/2904/1600
f 2907/2905/1601 2908/2906/1601 1019/1019/1601
f 2907/2905/1601 1019/1019/1601 1018/1018/1601
f 2345/2343/1602 2344/2342/1602 2909/2907/1602
f 2345/2343/1602 2909/2907/1602 2910/2908/1602
f 2911/2909/1603 2912/2910/1603 2913/2911/1603
f 2911/2909/1603 2913/2911/1603 2914/2912/1603
f 2915/2913/1604 2916/2914/1604 2745/2743/1604
f 2915/2913/1604 2745/2743/1604 2744/2742/1604
f 2917/2915/1605 2918/2916/1605 2919/2917/1605
f 2917/2915/1605 2919/2917/1605 2920/2918/1605
f 2921/2919/1606 2922/2920/1606 2923/2921/1606
f 2921/2919/1606 2923/2921/1606 2924/2922/1606
f 2925/2923/1607 2926/2924/1607 2927/2925/1607
f 2925/2923/1607 2927/2925/1607 2928/2926/1607
f 2929/2927/1608 2930/2928/1608 2931/2929/1608
f 2929/2927/1608 2931/2929/1608 2932/2930/1608
f 2933/2931/1609 2934/2932/1609 2935/2933/1609
f 2933/2931/1609 2935/2933/1609 2936/2934/1609
f 2937/2935/1610 2938/2936/1610 2939/2937/1610
f 2937/2935/1610 2939/2937/1610 2940/2938/1610
f 2941/2939/1611 2942/2940/1611 2683/2681/1611
f 2941/2939/1611 2683/2681/1611 2943/2941/1611
f 2944/2942/1612 2945/2943/1612 2946/2944/1612
f 2944/2942/1612 2946/2944/1612 2947/2945/1612
f 2948/2946/1613 2949/2947/1613 2950/2948/1613
f 2948/2946/1613 2950/2948/1613 2951/2949/1613
f 109/109/1614 108/108/1614 2952/2950/1614
f 109/109/1614 2952/2950/1614 2953/2951/1614
f 1975/1973/1615 2954/2952/1615 2955/2953/1615
f 1975/1973/1615 2955/2953/1615 2956/2954/1615
f 2957/2955/1616 2958/2956/1616 2959/2957/1616
f 2957/2955/1616 2959/2957/1616 2960/2958/1616
f 2961/2959/1617 2962/2960/1617 2963/2961/1617
f 2961/2959/1617 2963/2961/1617 2964/2962/1617
f 2965/2963/1618 2966/2964/1618 2967/2965/1618
f 2965/2963/1618 2967/2965/1618 2968/2966/1618
f 2969/2967/1619 2970/2968/1619 2971/2969/1619
f 2969/2967/1619 2971/2969/1619 2972/2970/1619
f 2973/2971/1620 2974/2972/1620 2975/2973/1620
f 2973/2971/1620 2975/2973/1620 2976/2974/1620
f 2977/2975/1621 2978/2976/1621 2979/2977/1621
f 2977/2975/1621 2979/2977/1621 2980/2978/1621
f 2630/2628/1622 2629/2627/1622 2981/2979/1622
f 2630/2628/1622 2981/2979/1622 2982/2980/1622
f 2983/2981/1623 2984/2982/1623 2985/2983/1623
f 2983/2981/1623 2985/2983/1623 2986/2984/1623
f 2987/2985/1624 2988/2986/1624 2989/2987/1624
f 2987/2985/1624 2989/2987/1624 2990/2988/1624
f 2991/2989/1625 2992/2990/1625 2993/2991/1625
f 2991/2989/1625 2993/2991/1625 2994/2992/1625
f 2995/2993/1626 2996/2994/1626 2997/2995/1626
f 2995/2993/1626 2997/2995/1626 2998/2996/1626
f 2999/2997/1627 2844/2842/1627 2847/2845/1627
f 2999/2997/1627 2847/2845/1627 3000/2998/1627
f 3001/2999/1628 3002/3000/1628 3003/3001/1628
f 3001/2999/1628 3003/3001/1628 3004/3002/1628
f 3005/3003/1629 3006/3004/1629 1912/1910/1629
f 3005/3003/1629 1912/1910/1629 1911/1909/1629
f 3007/3005/1630 3008/3006/1630 3009/3007/1630
f 3007/3005/1630 3009/3007/1630 3010/3008/1630
f 3011/3009/1631 2483/2481/1631 2188/2186/1631
f 3011/3009/1631 2188/2186/1631 3012/3010/1631
f 2396/2394/1632 2395/2393/1632 3013/3011/1632
f 2396/2394/1632 3013/3011/1632 3014/3012/1632
f 3015/3013/1633 3016/3014/1633 3017/3015/1633
f 3015/3013/1633 3017/3015/1633 3018/3016/1633
f 3019/3017/1634 3020/3018/1634 3021/3019/1634
f 3019/3017/1634 3021/3019/1634 3022/3020/1634
f 3023/3021/1635 3024/3022/1635 3025/3023/1635
f 3023/3021/1635 3025/3023/1635 3026/3024/1635
f 2527/2525/1636 2403/2401/1636 2404/2402/1636
f 2527/2525/1636 2404/2402/1636 2528/2526/1636
f 2618/2616/1637 2995/2993/1637 2998/2996/1637
f 2618/2616/1637 2998/2996/1637 2619/2617/1637
f 3027/3025/1638 3028/3026/1638 3029/3027/1638
f 3027/3025/1638 3029/3027/1638 3030/3028/1638
f 1784/1783/1639 78/78/1639 77/77/1639
f 1784/1783/1639 77/77/1639 2754/2752/1639
f 3031/3029/1640 3032/3030/1640 3033/3031/1640
f 3031/3029/1640 3033/3031/1640 3034/3032/1640
f 3035/1924/1641 3036/3033/1641 3037/3034/1641
f 3035/1924/1641 3037/3034/1641 3038/3035/1641
f 3039/3036/1642 3040/3037/1642 3041/3038/1642
f 3039/3036/1642 3041/3038/1642 3042/3039/1642
f 3043/3040/1643 3044/3041/1643 3045/3042/1643
f 3043/3040/1643 3045/3042/1643 3046/3043/1643
f 3047/3044/1644 3048/3045/1644 3049/3046/1644
f 3047/3044/1644 3049/3046/1644 3050/3047/1644
f 3051/3048/1645 3052/3049/1645 3053/3050/1645
f 3051/3048/1645 3053/3050/1645 3054/3051/1645
f 2048/2046/1646 1623/1622/1646 1625/1624/1646
f 2048/2046/1646 1625/1624/1646 2049/2047/1646
f 917/917/1647 2682/2680/1647 2681/2679/1647
f 917/917/1647 2681/2679/1647 918/918/1647
f 3055/3052/1648 3056/3053/1648 3057/3054/1648
f 3055/3052/1648 3057/3054/1648 3058/3055/1648
f 2069/2067/1649 3059/3056/1649 3060/3057/1649
f 2069/2067/1649 3060/3057/1649 2070/2068/1649
f 933/933/1650 1645/1644/1650 1647/1646/1650
f 933/933/1650 1647/1646/1650 934/934/1650
f 3061/3058/1651 3062/3059/1651 3063/3060/1651
f 3061/3058/1651 3063/3060/1651 3064/3061/1651
f 3065/3062/1652 3066/3063/1652 2565/2563/1652
f 3065/3062/1652 2565/2563/1652 2564/2562/1652
f 3067/3064/1653 3068/3065/1653 3069/3066/1653
f 3067/3064/1653 3069/3066/1653 3070/3067/1653
f 3071/3068/1654 3072/3069/1654 3073/3070/1654
f 3071/3068/1654 3073/3070/1654 3074/3071/1654
f 1647/1646/1655 1646/1645/1655 2076/2074/1655
f 1647/1646/1655 2076/2074/1655 2075/2073/1655
f 913/913/1656 2062/2060/1656 2061/2059/1656
f 913/913/1656 2061/2059/1656 914/914/1656
f 2728/2726/1657 2937/2935/1657 2940/2938/1657
f 2728/2726/1657 2940/2938/1657 2729/2727/1657
f 3075/3072/1658 3076/3073/1658 3077/3074/1658
f 3075/3072/1658 3077/3074/1658 3078/3075/1658
f 915/915/1659 3079/3076/1659 3080/3077/1659
f 915/915/1659 3080/3077/1659 913/913/1659
f 858/858/1660 2030/2028/1660 2029/2027/1660
f 858/858/1660 2029/2027/1660 856/856/1660
f 3081/3078/1661 3082/3079/1661 3083/3080/1661
f 3081/3078/1661 3083/3080/1661 3084/3081/1661
f 3085/3082/1662 2094/2092/1662 2093/2091/1662
f 3085/3082/1662 2093/2091/1662 3086/3083/1662
f 2281/2279/1663 2280/2278/1663 3087/3084/1663
f 2281/2279/1663 3087/3084/1663 3088/3085/1663
f 3089/3086/1664 3090/3087/1664 3091/3088/1664
f 3089/3086/1664 3091/3088/1664 3092/3089/1664
f 3093/3090/1665 3094/3091/1665 3095/3092/1665
f 3093/3090/1665 3095/3092/1665 3096/3093/1665
f 3097/3094/1666 3098/3095/1666 3099/3096/1666
f 3097/3094/1666 3099/3096/1666 3100/3097/1666
f 2487/2485/1667 2486/2484/1667 1020/1020/1667
f 2487/2485/1667 1020/1020/1667 3101/3098/1667
f 2652/2650/1668 2651/2649/1668 3102/3099/1668
f 2652/2650/1668 3102/3099/1668 3103/3100/1668
f 3104/3101/1669 3105/3102/1669 3106/3103/1669
f 3104/3101/1669 3106/3103/1669 3107/3104/1669
f 3108/3105/1670 3061/3058/1670 3064/3061/1670
f 3108/3105/1670 3064/3061/1670 3109/3106/1670
f 3110/3107/1671 3111/3108/1671 3112/3109/1671
f 3110/3107/1671 3112/3109/1671 3113/3110/1671
f 3114/3111/1672 3115/3112/1672 3112/3109/1672
f 3114/3111/1672 3112/3109/1672 3111/3108/1672
f 3116/3113/1673 2071/2069/1673 2604/2602/1673
f 3116/3113/1673 2604/2602/1673 3117/3114/1673
f 1635/1634/1674 891/891/1674 2071/2069/1674
f 1635/1634/1674 2071/2069/1674 3116/3113/1674
f 253/253/162 3118/3115/124 1098/1098/106
f 253/253/162 1098/1098/106 243/243/154
f 3119/3116/1675 2603/2601/1675 2647/2645/1675
f 3119/3116/1675 2647/2645/1675 3120/3117/1675
f 2848/2846/1676 3121/3118/1676 3122/3119/1676
f 2848/2846/1676 3122/3119/1676 2849/2847/1676
f 2077/2075/1677 1589/1588/1677 1591/1590/1677
f 2077/2075/1677 1591/1590/1677 2078/2076/1677
f 3123/3120/1678 3124/3121/1678 3125/3122/1678
f 3123/3120/1678 3125/3122/1678 3126/2084/1678
f 3043/3040/1679 3127/3123/1679 3128/3124/1679
f 3043/3040/1679 3128/3124/1679 3044/3041/1679
f 3129/3125/1680 3130/3126/1680 3131/3127/1680
f 3129/3125/1680 3131/3127/1680 3132/3128/1680
f 3133/3129/1681 3134/3130/1681 3135/3131/1681
f 3133/3129/1681 3135/3131/1681 3136/3132/1681
f 2751/2749/1682 3047/3044/1682 3050/3047/1682
f 2751/2749/1682 3050/3047/1682 2752/2750/1682
f 3137/3133/1683 3138/3134/1683 3139/3135/1683
f 3137/3133/1683 3139/3135/1683 3140/3136/1683
f 2305/2303/1684 133/133/1684 3141/3137/1684
f 2305/2303/1684 3141/3137/1684 2306/2304/1684
f 3046/3043/1685 3045/3042/1685 3049/3046/1685
f 3046/3043/1685 3049/3046/1685 3048/3045/1685
f 3142/3138/1686 3143/3139/1686 3144/3140/1686
f 3142/3138/1686 3144/3140/1686 3145/3141/1686
f 3146/3142/1687 38/38/1687 37/37/1687
f 3146/3142/1687 37/37/1687 3147/3143/1687
f 2750/2748/1688 2753/2751/1688 3148/3144/1688
f 2750/2748/1688 3148/3144/1688 3149/3145/1688
f 3150/3146/1689 2740/2738/1689 2743/2741/1689
f 3150/3146/1689 2743/2741/1689 3151/3147/1689
f 3152/3148/1690 2317/2315/1690 2316/2314/1690
f 3152/3148/1690 2316/2314/1690 3153/3149/1690
f 3154/3150/1691 3155/3151/1691 2275/2273/1691
f 3154/3150/1691 2275/2273/1691 2274/2272/1691
f 2095/2093/1692 2098/2096/1692 3156/3152/1692
f 2095/2093/1692 3156/3152/1692 3157/3153/1692
f 2024/2022/1693 881/881/1693 880/880/1693
f 2024/2022/1693 880/880/1693 2025/2023/1693
f 3158/3154/1694 3159/3155/1694 3160/3156/1694
f 3158/3154/1694 3160/3156/1694 3161/3157/1694
f 2782/2780/1695 2781/2779/1695 3162/3158/1695
f 2782/2780/1695 3162/3158/1695 3163/3159/1695
f 3164/3160/1696 3165/3161/1696 3166/3162/1696
f 3164/3160/1696 3166/3162/1696 3167/3163/1696
f 3157/3153/1697 3156/3152/1697 3165/3161/1697
f 3157/3153/1697 3165/3161/1697 3164/3160/1697
f 1618/1617/1698 1617/1616/1698 3168/3164/1698
f 1618/1617/1698 3168/3164/1698 3169/3165/1698
f 3170/3166/1699 3171/3167/1699 3172/3168/1699
f 3170/3166/1699 3172/3168/1699 3173/3169/1699
f 3161/3157/1700 3160/3156/1700 3172/3168/1700
f 3161/3157/1700 3172/3168/1700 3171/3167/1700
f 3174/3170/1701 2130/2128/1701 2129/2127/1701
f 3174/3170/1701 2129/2127/1701 3175/3171/1701
f 3176/3172/1702 3177/3173/1702 3178/3174/1702
f 3176/3172/1702 3178/3174/1702 3179/3175/1702
f 3177/3173/1703 3180/3176/1703 3181/3177/1703
f 3177/3173/1703 3181/3177/1703 3178/3174/1703
f 3020/3018/1704 3182/3178/1704 3183/3179/1704
f 3020/3018/1704 3183/3179/1704 3021/3019/1704
f 2421/2419/1705 3184/3180/1705 3185/3181/1705
f 2421/2419/1705 3185/3181/1705 3186/3182/1705
f 3187/3183/1706 3188/3184/1706 3189/3185/1706
f 3187/3183/1706 3189/3185/1706 3190/3186/1706
f 2636/2634/1707 3191/3187/1707 2821/2819/1707
f 2636/2634/1707 2821/2819/1707 2637/2635/1707
f 3192/3188/1708 3193/3189/1708 3194/3190/1708
f 3192/3188/1708 3194/3190/1708 3195/3191/1708
f 3193/3189/1709 3176/3172/1709 3179/3175/1709
f 3193/3189/1709 3179/3175/1709 3194/3190/1709
f 3196/3192/1710 3197/3193/1710 3198/3194/1710
f 3196/3192/1710 3198/3194/1710 3199/3195/1710
f 2384/2382/1711 2383/2381/1711 3200/3196/1711
f 2384/2382/1711 3200/3196/1711 3201/3197/1711
f 2670/2668/1712 2669/2667/1712 2390/2388/1712
f 2670/2668/1712 2390/2388/1712 2389/2387/1712
f 3202/3198/1713 3203/3199/1713 3204/3200/1713
f 3202/3198/1713 3204/3200/1713 3205/3201/1713
f 1760/1759/1714 1762/1761/1714 973/973/1714
f 1760/1759/1714 973/973/1714 972/972/1714
f 3206/3202/1715 3207/3203/1715 974/974/1715
f 3206/3202/1715 974/974/1715 973/973/1715
f 2428/2426/1716 3208/3204/1716 3209/3205/1716
f 2428/2426/1716 3209/3205/1716 2429/2427/1716
f 3210/3206/1717 3211/3207/1717 3212/3208/1717
f 3210/3206/1717 3212/3208/1717 3213/3209/1717
f 1542/1541/1718 1546/1545/1718 908/908/1718
f 1542/1541/1718 908/908/1718 1588/1587/1718
f 3214/3210/1719 3215/3211/1719 3216/3212/1719
f 3214/3210/1719 3216/3212/1719 3217/3213/1719
f 3218/3214/1720 3219/3215/1720 3220/3216/1720
f 3218/3214/1720 3220/3216/1720 3221/3217/1720
f 2996/2994/1721 2141/2139/1721 2144/2142/1721
f 2996/2994/1721 2144/2142/1721 2997/2995/1721
f 3222/3218/1722 2427/2425/1722 2430/2428/1722
f 3222/3218/1722 2430/2428/1722 3223/3219/1722
f 3224/3220/1723 3225/3221/1723 3226/3222/1723
f 3224/3220/1723 3226/3222/1723 3227/3223/1723
f 3225/3221/1724 2617/2615/1724 2620/2618/1724
f 3225/3221/1724 2620/2618/1724 3226/3222/1724
f 2294/2292/1725 2297/2295/1725 2545/2543/1725
f 2294/2292/1725 2545/2543/1725 2544/2542/1725
f 3228/3224/1726 3229/3225/1726 3230/3226/1726
f 3228/3224/1726 3230/3226/1726 3231/3227/1726
f 3232/3228/1727 3233/3229/1727 3234/3230/1727
f 3232/3228/1727 3234/3230/1727 3235/3231/1727
f 2354/2352/1728 3236/3232/1728 3237/3233/1728
f 2354/2352/1728 3237/3233/1728 2355/2353/1728
f 3238/3234/1729 3239/3235/1729 3240/3236/1729
f 3238/3234/1729 3240/3236/1729 3241/3237/1729
f 2432/2430/1730 3242/3238/1730 3243/3239/1730
f 2432/2430/1730 3243/3239/1730 2433/2431/1730
f 3236/3232/1731 3244/3240/1731 3245/3241/1731
f 3236/3232/1731 3245/3241/1731 3237/3233/1731
f 3246/3242/1732 3247/3243/1732 3248/3244/1732
f 3246/3242/1732 3248/3244/1732 3249/3245/1732
f 3250/3246/1733 3251/3247/1733 3252/3248/1733
f 3250/3246/1733 3252/3248/1733 3253/3249/1733
f 3254/3250/1734 2397/2395/1734 2398/2396/1734
f 3254/3250/1734 2398/2396/1734 3255/3251/1734
f 2672/2670/1735 2151/2149/1735 2154/2152/1735
f 2672/2670/1735 2154/2152/1735 2673/2671/1735
f 3256/3252/1736 2431/2429/1736 2434/2432/1736
f 3256/3252/1736 2434/2432/1736 3257/3253/1736
f 3258/3254/1737 3259/3255/1737 3260/3256/1737
f 3258/3254/1737 3260/3256/1737 3261/3257/1737
f 3262/3258/1738 3263/3259/1738 3264/3260/1738
f 3262/3258/1738 3264/3260/1738 3265/3261/1738
f 3266/3262/1739 2270/2268/1739 2273/2271/1739
f 3266/3262/1739 2273/2271/1739 3267/3263/1739
f 3268/3264/1740 3269/3265/1740 3270/3266/1740
f 3268/3264/1740 3270/3266/1740 3271/3267/1740
f 3272/3268/1741 3273/3269/1741 3274/3270/1741
f 3272/3268/1741 3274/3270/1741 3275/3271/1741
f 3276/3272/1742 3277/3273/1742 3278/3274/1742
f 3276/3272/1742 3278/3274/1742 3279/3275/1742
f 3280/3276/1743 2983/2981/1743 2986/2984/1743
f 3280/3276/1743 2986/2984/1743 3281/3277/1743
f 3282/3278/1744 3283/3279/1744 3284/3280/1744
f 3282/3278/1744 3284/3280/1744 3285/3281/1744
f 3286/3282/1745 3287/3283/1745 3288/3284/1745
f 3286/3282/1745 3288/3284/1745 3289/3285/1745
f 3290/3286/1746 3291/3287/1746 3292/3288/1746
f 3290/3286/1746 3292/3288/1746 3293/3289/1746
f 3014/3012/1747 3013/3011/1747 3294/3290/1747
f 3014/3012/1747 3294/3290/1747 3295/3291/1747
f 2662/2660/1748 2661/2659/1748 3296/3292/1748
f 2662/2660/1748 3296/3292/1748 3297/3293/1748
f 3298/3294/1749 3299/3295/1749 1001/1001/1749
f 3298/3294/1749 1001/1001/1749 1000/1000/1749
f 3300/3296/1750 3301/3297/1750 995/995/1750
f 3300/3296/1750 995/995/1750 994/994/1750
f 1944/1942/1751 1930/1928/1751 3302/3298/1751
f 1944/1942/1751 3302/3298/1751 3303/3299/1751
f 3304/3300/1752 2349/2347/1752 2350/2348/1752
f 3304/3300/1752 2350/2348/1752 3305/3301/1752
f 3291/3287/1753 3268/3264/1753 3271/3267/1753
f 3291/3287/1753 3271/3267/1753 3292/3288/1753
f 3306/3302/1754 3307/3303/1754 3308/3304/1754
f 3306/3302/1754 3308/3304/1754 3309/3305/1754
f 3310/3306/1755 3311/3307/1755 3312/3308/1755
f 3310/3306/1755 3312/3308/1755 3313/3309/1755
f 3314/3310/1756 3315/3311/1756 3316/3312/1756
f 3314/3310/1756 3316/3312/1756 3317/3313/1756
f 3318/3314/1757 3319/3315/1757 3320/3316/1757
f 3318/3314/1757 3320/3316/1757 3321/3317/1757
f 3322/3318/1758 3323/3319/1758 3324/3320/1758
f 3322/3318/1758 3324/3320/1758 3325/3321/1758
f 3326/3322/1759 3327/3323/1759 2859/2857/1759
f 3326/3322/1759 2859/2857/1759 3328/3324/1759
f 2446/2444/1760 2556/2554/1760 2559/2557/1760
f 2446/2444/1760 2559/2557/1760 2447/2445/1760
f 3329/3325/1761 3330/3326/1761 3331/3327/1761
f 3329/3325/1761 3331/3327/1761 3332/3328/1761
f 3333/3329/1762 3334/3330/1762 3335/3331/1762
f 3333/3329/1762 3335/3331/1762 3336/3332/1762
f 1871/1869/1763 3337/3333/1763 3338/3334/1763
f 1871/1869/1763 3338/3334/1763 1872/1870/1763
f 113/113/1764 112/112/1764 3339/3335/1764
f 113/113/1764 3339/3335/1764 3340/3336/1764
f 2584/2582/1765 2583/2581/1765 3341/3337/1765
f 2584/2582/1765 3341/3337/1765 3342/3338/1765
f 3217/3213/1766 3216/3212/1766 3343/3339/1766
f 3217/3213/1766 3343/3339/1766 3344/3340/1766
f 3345/3341/1767 3346/3342/1767 3347/3343/1767
f 3345/3341/1767 3347/3343/1767 3348/3344/1767
f 3349/3345/1768 3027/3025/1768 3030/3028/1768
f 3349/3345/1768 3030/3028/1768 3350/3346/1768
f 1619/1618/1769 3351/3347/1769 3352/3348/1769
f 1619/1618/1769 3352/3348/1769 1617/1616/1769
f 3353/3349/1770 3354/3350/1770 3355/3351/1770
f 3353/3349/1770 3355/3351/1770 3356/3352/1770
f 3182/3178/1771 1943/1941/1771 1942/1940/1771
f 3182/3178/1771 1942/1940/1771 3183/3179/1771
f 3357/3353/1772 2862/2860/1772 3358/3354/1772
f 3357/3353/1772 3358/3354/1772 3359/3355/1772
f 3360/3356/1773 2765/2763/1773 2768/2766/1773
f 3360/3356/1773 2768/2766/1773 3361/3357/1773
f 3362/3358/1774 3363/3359/1774 3364/3360/1774
f 3362/3358/1774 3364/3360/1774 3365/3361/1774
f 3366/3362/1775 2854/2852/1775 2857/2855/1775
f 3366/3362/1775 2857/2855/1775 3367/3363/1775
f 2408/2406/1776 2407/2405/1776 3368/3364/1776
f 2408/2406/1776 3368/3364/1776 3369/3365/1776
f 2821/2819/1777 3370/3366/1777 3371/3367/1777
f 2821/2819/1777 3371/3367/1777 2822/2820/1777
f 3372/3368/1778 3373/3369/1778 3374/3370/1778
f 3372/3368/1778 3374/3370/1778 3375/3371/1778
f 3376/3372/1779 3377/3373/1779 3378/3374/1779
f 3376/3372/1779 3378/3374/1779 3379/3375/1779
f 3380/3376/1780 2631/2629/1780 2634/2632/1780
f 3380/3376/1780 2634/2632/1780 3381/3377/1780
f 3382/3378/1781 3383/3379/1781 3082/3079/1781
f 3382/3378/1781 3082/3079/1781 3081/3078/1781
f 85/85/1782 87/87/1782 3384/3380/1782
f 85/85/1782 3384/3380/1782 3385/3381/1782
f 3386/3382/1783 3387/3383/1783 3388/3384/1783
f 3386/3382/1783 3388/3384/1783 3389/3385/1783
f 3390/3386/1784 3391/3387/1784 3392/3388/1784
f 3390/3386/1784 3392/3388/1784 3393/3389/1784
f 3394/3390/1785 2933/2931/1785 2936/2934/1785
f 3394/3390/1785 2936/2934/1785 3395/3391/1785
f 3396/3392/1786 3397/3393/1786 3398/3394/1786
f 3396/3392/1786 3398/3394/1786 3399/3395/1786
f 3400/3396/1787 3401/3397/1787 3402/3398/1787
f 3400/3396/1787 3402/3398/1787 3403/3399/1787
f 95/95/1788 97/97/1788 3404/3400/1788
f 95/95/1788 3404/3400/1788 3405/3401/1788
f 2904/2902/1789 2903/2901/1789 3406/3402/1789
f 2904/2902/1789 3406/3402/1789 3407/3403/1789
f 3408/3404/1790 2597/2595/1790 2600/2598/1790
f 3408/3404/1790 2600/2598/1790 3409/3405/1790
f 2930/2928/1791 2925/2923/1791 2928/2926/1791
f 2930/2928/1791 2928/2926/1791 2931/2929/1791
f 3410/3406/1792 3411/3407/1792 3412/3408/1792
f 3410/3406/1792 3412/3408/1792 3413/3409/1792
f 3414/3410/1793 3415/3411/1793 3416/3412/1793
f 3414/3410/1793 3416/3412/1793 3417/3413/1793
f 3418/3414/1794 2921/2919/1794 2924/2922/1794
f 3418/3414/1794 2924/2922/1794 3419/3415/1794
f 2859/2857/1795 3327/3323/1795 3420/3416/1795
f 2859/2857/1795 3420/3416/1795 2860/2858/1795
f 2644/2642/1796 3421/3417/1796 3422/3418/1796
f 2644/2642/1796 3422/3418/1796 2645/2643/1796
f 3423/3419/1797 3129/3125/1797 3132/3128/1797
f 3423/3419/1797 3132/3128/1797 3424/3420/1797
f 3425/3421/1798 3426/3422/1798 3427/3423/1798
f 3425/3421/1798 3427/3423/1798 3428/3424/1798
f 3429/3425/1799 3430/3426/1799 3431/3427/1799
f 3429/3425/1799 3431/3427/1799 2485/2483/1799
f 3369/3365/1800 3368/3364/1800 3432/3428/1800
f 3369/3365/1800 3432/3428/1800 3433/3429/1800
f 3434/3430/1801 3435/3431/1801 3436/3432/1801
f 3434/3430/1801 3436/3432/1801 3437/3433/1801
f 3438/3434/1802 3439/3435/1802 3440/3436/1802
f 3438/3434/1802 3440/3436/1802 3441/3437/1802
f 3442/3438/1803 3443/3439/1803 3444/3440/1803
f 3442/3438/1803 3444/3440/1803 3445/3441/1803
f 3446/3442/1804 3447/3443/1804 3448/3444/1804
f 3446/3442/1804 3448/3444/1804 3449/3445/1804
f 3450/3446/1805 3451/3447/1805 3452/3448/1805
f 3450/3446/1805 3452/3448/1805 3453/3449/1805
f 1944/1942/1806 3303/3299/1806 3454/3450/1806
f 1944/1942/1806 3454/3450/1806 1962/1960/1806
f 41/41/1807 3455/3451/1807 3456/3452/1807
f 41/41/1807 3456/3452/1807 42/42/1807
f 3457/3453/1808 2687/2685/1808 2690/2688/1808
f 3457/3453/1808 2690/2688/1808 3458/3454/1808
f 3459/3455/1809 3460/3456/1809 3461/3457/1809
f 3459/3455/1809 3461/3457/1809 3462/3458/1809
f 3463/3459/1810 3464/3460/1810 3465/3461/1810
f 3463/3459/1810 3465/3461/1810 3466/3462/1810
f 3467/3463/1811 62/62/1811 61/61/1811
f 3467/3463/1811 61/61/1811 3468/3464/1811
f 3469/3465/1812 74/74/1812 73/73/1812
f 3469/3465/1812 73/73/1812 3470/3466/1812
f 3471/3467/1813 3472/3468/1813 3473/3469/1813
f 3471/3467/1813 3473/3469/1813 3474/3470/1813
f 3475/3471/1814 3476/3472/1814 3477/3473/1814
f 3475/3471/1814 3477/3473/1814 3478/3474/1814
f 3479/3475/1815 3480/3476/1815 3481/3477/1815
f 3479/3475/1815 3481/3477/1815 3482/3478/1815
f 3483/3479/1816 3410/3406/1816 3413/3409/1816
f 3483/3479/1816 3413/3409/1816 3484/3480/1816
f 3485/3481/1817 3486/3482/1817 3487/3483/1817
f 3485/3481/1817 3487/3483/1817 3488/3484/1817
f 3489/3485/1818 2271/2269/1818 2270/2268/1818
f 3489/3485/1818 2270/2268/1818 3490/3486/1818
f 3491/3487/1819 3492/3488/1819 3493/3489/1819
f 3491/3487/1819 3493/3489/1819 3494/3490/1819
f 3495/3491/1820 3496/3492/1820 3497/3493/1820
f 3495/3491/1820 3497/3493/1820 3498/3494/1820
f 3499/3495/1821 2893/2891/1821 2896/2894/1821
f 3499/3495/1821 2896/2894/1821 3500/3496/1821
f 3501/3497/1822 3502/3498/1822 3503/3499/1822
f 3501/3497/1822 3503/3499/1822 3504/3500/1822
f 125/125/1823 124/124/1823 3505/3501/1823
f 125/125/1823 3505/3501/1823 3506/3502/1823
f 2883/2881/1824 2889/2887/1824 2892/2890/1824
f 2883/2881/1824 2892/2890/1824 2884/2882/1824
f 2519/2517/1825 3507/3503/1825 3508/3504/1825
f 2519/2517/1825 3508/3504/1825 2520/2518/1825
f 3509/3505/1826 3510/3506/1826 3511/3507/1826
f 3509/3505/1826 3511/3507/1826 3512/3508/1826
f 3513/3509/1827 3514/3510/1827 2511/2509/1827
f 3513/3509/1827 2511/2509/1827 2510/2508/1827
f 2578/2576/1828 3515/3511/1828 3516/3512/1828
f 2578/2576/1828 3516/3512/1828 2579/2577/1828
f 3517/3513/1829 3518/3514/1829 3519/3515/1829
f 3517/3513/1829 3519/3515/1829 3520/3516/1829
f 3354/3350/1830 3521/3517/1830 1968/1966/1830
f 3354/3350/1830 1968/1966/1830 3355/3351/1830
f 3522/3518/1831 2911/2909/1831 2914/2912/1831
f 3522/3518/1831 2914/2912/1831 3523/3519/1831
f 3524/3520/1832 3525/3521/1832 3526/3522/1832
f 3524/3520/1832 3526/3522/1832 3527/3523/1832
f 3528/3524/1833 3529/3525/1833 3530/3526/1833
f 3528/3524/1833 3530/3526/1833 3531/3527/1833
f 3532/3528/1834 3533/3529/1834 3534/3530/1834
f 3532/3528/1834 3534/3530/1834 3535/3531/1834
f 90/90/1835 1901/1899/1835 3536/3532/1835
f 90/90/1835 3536/3532/1835 2758/2756/1835
f 3333/3329/1836 3336/3332/1836 3537/3533/1836
f 3333/3329/1836 3537/3533/1836 3538/3534/1836
f 2960/2958/1837 2959/2957/1837 3539/3535/1837
f 2960/2958/1837 3539/3535/1837 3540/3536/1837
f 3541/3537/1838 3423/3419/1838 3424/3420/1838
f 3541/3537/1838 3424/3420/1838 3542/3538/1838
f 150/150/1839 152/152/1839 3543/3539/1839
f 150/150/1839 3543/3539/1839 3544/3540/1839
f 3545/3541/1840 3546/3542/1840 3547/3543/1840
f 3545/3541/1840 3547/3543/1840 3548/3544/1840
f 3549/3545/1841 3550/3546/1841 3551/3547/1841
f 3549/3545/1841 3551/3547/1841 3552/3548/1841
f 3553/3549/1842 3554/3550/1842 3555/3551/1842
f 3553/3549/1842 3555/3551/1842 3556/3552/1842
f 1962/1960/1843 3454/3450/1843 3557/3553/1843
f 1962/1960/1843 3557/3553/1843 3558/3554/1843
f 3252/3248/1844 3559/3555/1844 3560/3556/1844
f 3252/3248/1844 3560/3556/1844 3561/3557/1844
f 2863/2861/1845 3562/3558/1845 3563/3559/1845
f 2863/2861/1845 3563/3559/1845 2864/2862/1845
f 3397/3393/1846 3564/3560/1846 3565/3561/1846
f 3397/3393/1846 3565/3561/1846 3398/3394/1846
f 3566/3562/1847 3567/3563/1847 3568/3564/1847
f 3566/3562/1847 3568/3564/1847 3569/3565/1847
f 3570/3566/1848 3571/3567/1848 3572/3568/1848
f 3570/3566/1848 3572/3568/1848 3573/3569/1848
f 3447/3443/1849 3574/3570/1849 3575/3571/1849
f 3447/3443/1849 3575/3571/1849 3448/3444/1849
f 3576/3572/1850 3577/3573/1850 2945/2943/1850
f 3576/3572/1850 2945/2943/1850 2944/2942/1850
f 3358/3354/1851 2862/2860/1851 2865/2863/1851
f 3358/3354/1851 2865/2863/1851 3578/3574/1851
f 3546/3542/1852 2850/2848/1852 2853/2851/1852
f 3546/3542/1852 2853/2851/1852 3547/3543/1852
f 3579/3575/1853 3580/3576/1853 3581/3577/1853
f 3579/3575/1853 3581/3577/1853 3582/3578/1853
f 3583/3579/1854 2858/2856/1854 2861/2859/1854
f 3583/3579/1854 2861/2859/1854 3584/3580/1854
f 3585/3581/1855 3446/3442/1855 3449/3445/1855
f 3585/3581/1855 3449/3445/1855 3586/3582/1855
f 1985/1983/1856 3587/3583/1856 3588/3584/1856
f 1985/1983/1856 3588/3584/1856 1986/1984/1856
f 3589/3585/1857 3590/3586/1857 3591/3587/1857
f 3589/3585/1857 3591/3587/1857 3592/3588/1857
f 3593/3589/1858 3594/3590/1858 3056/3053/1858
f 3593/3589/1858 3056/3053/1858 3055/3052/1858
f 3595/3591/1859 3596/3592/1859 3597/3593/1859
f 3595/3591/1859 3597/3593/1859 3598/3594/1859
f 2845/2843/1860 2534/2532/1860 2537/2535/1860
f 2845/2843/1860 2537/2535/1860 2846/2844/1860
f 3599/3595/1861 3600/3596/1861 3601/3597/1861
f 3599/3595/1861 3601/3597/1861 3602/3598/1861
f 3603/3599/1862 3604/3600/1862 3197/3193/1862
f 3603/3599/1862 3197/3193/1862 3196/3192/1862
f 2535/2533/1863 3605/3601/1863 3606/3602/1863
f 2535/2533/1863 3606/3602/1863 2536/2534/1863
f 3607/3603/1864 3608/3604/1864 3609/3605/1864
f 3607/3603/1864 3609/3605/1864 3610/3606/1864
f 3611/3607/1865 3612/3608/1865 3613/3609/1865
f 3611/3607/1865 3613/3609/1865 3614/3610/1865
f 3615/3611/1866 3616/3612/1866 3617/3613/1866
f 3615/3611/1866 3617/3613/1866 3618/3614/1866
f 3307/3303/1867 3619/3615/1867 3620/3616/1867
f 3307/3303/1867 3620/3616/1867 3308/3304/1867
f 3199/3195/1868 3198/3194/1868 3621/3617/1868
f 3199/3195/1868 3621/3617/1868 3622/3618/1868
f 3623/3619/1869 3566/3562/1869 3569/3565/1869
f 3623/3619/1869 3569/3565/1869 3624/3620/1869
f 3625/3621/1870 3626/3622/1870 2344/2342/1870
f 3625/3621/1870 2344/2342/1870 2343/2341/1870
f 3024/3022/1871 3627/3623/1871 3628/3624/1871
f 3024/3022/1871 3628/3624/1871 3629/3625/1871
f 3630/3626/1872 3631/3627/1872 3632/3628/1872
f 3630/3626/1872 3632/3628/1872 3633/3629/1872
f 3634/3630/1873 3272/3268/1873 3275/3271/1873
f 3634/3630/1873 3275/3271/1873 3635/3631/1873
f 3636/3632/1874 1977/1975/1874 1980/1978/1874
f 3636/3632/1874 1980/1978/1874 3637/3633/1874
f 3631/3627/1875 3638/3634/1875 3639/3635/1875
f 3631/3627/1875 3639/3635/1875 3632/3628/1875
f 3640/3636/1876 3641/3637/1876 3642/3638/1876
f 3640/3636/1876 3642/3638/1876 3643/3639/1876
f 3644/3640/1877 3645/3641/1877 3646/3642/1877
f 3644/3640/1877 3646/3642/1877 3647/3643/1877
f 3648/3644/1878 3649/3645/1878 3650/3646/1878
f 3648/3644/1878 3650/3646/1878 3651/3647/1878
f 3652/3648/1879 3150/3146/1879 3151/3147/1879
f 3652/3648/1879 3151/3147/1879 3653/3649/1879
f 3654/3650/1880 3655/3651/1880 3656/3652/1880
f 3654/3650/1880 3656/3652/1880 3657/3653/1880
f 2825/2823/1881 2832/2830/1881 2835/2833/1881
f 2825/2823/1881 2835/2833/1881 2826/2824/1881
f 3594/3590/1882 3658/3654/1882 3659/3655/1882
f 3594/3590/1882 3659/3655/1882 3056/3053/1882
f 3191/3187/1883 3660/3656/1883 3370/3366/1883
f 3191/3187/1883 3370/3366/1883 2821/2819/1883
f 3661/3657/1884 3276/3272/1884 3279/3275/1884
f 3661/3657/1884 3279/3275/1884 3662/3658/1884
f 2792/2790/1885 3663/3659/1885 3664/3660/1885
f 2792/2790/1885 3664/3660/1885 2793/2791/1885
f 3509/3505/1886 2134/2132/1886 2133/2131/1886
f 3509/3505/1886 2133/2131/1886 3510/3506/1886
f 3665/3661/1887 3666/3662/1887 3667/3663/1887
f 3665/3661/1887 3667/3663/1887 3668/3664/1887
f 720/720/534 721/721/535 3669/3665/543
f 720/720/534 3669/3665/543 3670/3666/1888
f 3671/3667/1889 3672/3668/1889 3673/3669/1889
f 3671/3667/1889 3673/3669/1889 3674/3670/1889
f 3675/3671/1890 3676/3672/1890 3677/3673/1890
f 3675/3671/1890 3677/3673/1890 3678/3674/1890
f 3679/3675/1891 3680/3676/1891 3681/3677/1891
f 3679/3675/1891 3681/3677/1891 3682/3678/1891
f 3683/3679/1892 1874/1872/1892 1974/1972/1892
f 3683/3679/1892 1974/1972/1892 1973/1971/1892
f 3684/3680/1893 3685/3681/1893 3686/3682/1893
f 3684/3680/1893 3686/3682/1893 3687/3683/1893
f 3688/3684/1894 3689/3685/1894 3690/3686/1894
f 3688/3684/1894 3690/3686/1894 3691/3687/1894
f 3692/3688/1895 3693/3689/1895 3563/3559/1895
f 3692/3688/1895 3563/3559/1895 3562/3558/1895
f 3694/3690/1896 3599/3595/1896 3602/3598/1896
f 3694/3690/1896 3602/3598/1896 3695/3691/1896
f 2414/2412/1897 2413/2411/1897 3696/3692/1897
f 2414/2412/1897 3696/3692/1897 3697/3693/1897
f 3698/3694/1898 3256/3252/1898 3257/3253/1898
f 3698/3694/1898 3257/3253/1898 3699/3695/1898
f 2951/2949/1899 2950/2948/1899 3700/3696/1899
f 2951/2949/1899 3700/3696/1899 3701/3697/1899
f 2816/2814/1900 2815/2813/1900 3702/3698/1900
f 2816/2814/1900 3702/3698/1900 3703/3699/1900
f 3028/3026/1901 3704/3700/1901 3705/3701/1901
f 3028/3026/1901 3705/3701/1901 3029/3027/1901
f 3668/3664/1902 3667/3663/1902 3706/3702/1902
f 3668/3664/1902 3706/3702/1902 3707/3703/1902
f 3520/3516/1903 3519/3515/1903 3708/3704/1903
f 3520/3516/1903 3708/3704/1903 3709/3705/1903
f 3710/3706/1904 3711/3707/1904 3712/3708/1904
f 3710/3706/1904 3712/3708/1904 3713/3709/1904
f 3714/3710/1905 3715/3711/1905 3716/3712/1905
f 3714/3710/1905 3716/3712/1905 3717/3713/1905
f 1961/1959/1906 1960/1958/1906 3718/3714/1906
f 1961/1959/1906 3718/3714/1906 3719/3715/1906
f 3720/3716/1907 3721/3717/1907 3722/3718/1907
f 3720/3716/1907 3722/3718/1907 3723/3719/1907
f 3724/3720/1908 3725/3721/1908 3726/3722/1908
f 3724/3720/1908 3726/3722/1908 3727/3723/1908
f 3728/3724/1909 3729/3725/1909 3080/3077/1909
f 3728/3724/1909 3080/3077/1909 3079/3076/1909
f 2373/2371/1910 2372/2370/1910 3730/3726/1910
f 2373/2371/1910 3730/3726/1910 3731/3727/1910
f 3732/3728/1911 3733/3729/1911 3734/3730/1911
f 3732/3728/1911 3734/3730/1911 3735/3731/1911
f 1640/1639/1912 1639/1638/1912 3736/3732/1912
f 1640/1639/1912 3736/3732/1912 3737/3733/1912
f 3738/3734/1913 2787/2785/1913 2790/2788/1913
f 3738/3734/1913 2790/2788/1913 3739/3735/1913
f 3676/3672/1914 2542/2540/1914 2543/2541/1914
f 3676/3672/1914 2543/2541/1914 3677/3673/1914
f 3068/3065/1915 3740/3736/1915 3741/3737/1915
f 3068/3065/1915 3741/3737/1915 3069/3066/1915
f 3239/3235/1916 3742/3738/1916 3743/3739/1916
f 3239/3235/1916 3743/3739/1916 3240/3236/1916
f 3691/3687/1917 3690/3686/1917 3744/3740/1917
f 3691/3687/1917 3744/3740/1917 3745/3741/1917
f 2963/2961/1918 2962/2960/1918 3746/3742/1918
f 2963/2961/1918 3746/3742/1918 3747/3743/1918
f 3748/3744/1919 3749/3745/1919 3750/3746/1919
f 3748/3744/1919 3750/3746/1919 3751/3747/1919
f 3008/3006/1920 3752/3748/1920 3753/3749/1920
f 3008/3006/1920 3753/3749/1920 3009/3007/1920
f 1677/1676/1921 3754/3750/1921 3755/3751/1921
f 1677/1676/1921 3755/3751/1921 1675/1674/1921
f 3756/3752/1922 3757/3753/1922 3758/3754/1922
f 3756/3752/1922 3758/3754/1922 3759/3755/1922
f 3760/3756/1923 2105/2103/1923 2108/2106/1923
f 3760/3756/1923 2108/2106/1923 3761/3757/1923
f 2829/2827/1924 2492/2490/1924 2493/2491/1924
f 2829/2827/1924 2493/2491/1924 2830/2828/1924
f 3762/3758/1925 3763/3759/1925 3764/3760/1925
f 3762/3758/1925 3764/3760/1925 3765/3761/1925
f 3766/3762/1926 3007/3005/1926 3010/3008/1926
f 3766/3762/1926 3010/3008/1926 3767/3763/1926
f 3752/3748/1927 3738/3734/1927 3739/3735/1927
f 3752/3748/1927 3739/3735/1927 3753/3749/1927
f 1963/1961/1928 1962/1960/1928 3558/3554/1928
f 1963/1961/1928 3558/3554/1928 3768/3764/1928
f 3769/3765/1929 3770/3766/1929 3771/3767/1929
f 3769/3765/1929 3771/3767/1929 3772/3768/1929
f 3773/3769/1930 3774/3770/1930 3364/3360/1930
f 3773/3769/1930 3364/3360/1930 3363/3359/1930
f 2458/2456/1931 3775/3771/1931 3776/3772/1931
f 2458/2456/1931 3776/3772/1931 2459/2457/1931
f 3777/3773/1932 3778/3774/1932 3779/3775/1932
f 3777/3773/1932 3779/3775/1932 3780/3776/1932
f 3781/3777/1933 3782/3778/1933 3783/3779/1933
f 3781/3777/1933 3783/3779/1933 3784/3780/1933
f 3785/3781/1934 3786/3782/1934 3787/3783/1934
f 3785/3781/1934 3787/3783/1934 3788/3784/1934
f 3789/3785/1935 3790/3786/1935 3032/3030/1935
f 3789/3785/1935 3032/3030/1935 3031/3029/1935
f 3791/3787/1936 3792/3788/1936 3793/3789/1936
f 3791/3787/1936 3793/3789/1936 3794/3790/1936
f 3184/3180/1937 2345/2343/1937 2910/2908/1937
f 3184/3180/1937 2910/2908/1937 3185/3181/1937
f 2549/2547/1938 3760/3756/1938 3761/3757/1938
f 2549/2547/1938 3761/3757/1938 2550/2548/1938
f 3707/3703/1939 3706/3702/1939 2798/2796/1939
f 3707/3703/1939 2798/2796/1939 2797/2795/1939
f 3795/3791/1940 3796/3792/1940 3797/3793/1940
f 3795/3791/1940 3797/3793/1940 3798/3794/1940
f 3723/3719/1941 3722/3718/1941 3799/3795/1941
f 3723/3719/1941 3799/3795/1941 3800/3796/1941
f 3801/3797/1942 3802/3798/1942 3803/3799/1942
f 3801/3797/1942 3803/3799/1942 3804/3800/1942
f 3805/3801/1943 3806/3802/1943 3807/3803/1943
f 3805/3801/1943 3807/3803/1943 3808/3804/1943
f 3809/3805/1944 3789/3785/1944 3031/3029/1944
f 3809/3805/1944 3031/3029/1944 3810/3806/1944
f 3811/3807/1945 3812/3808/1945 3813/3809/1945
f 3811/3807/1945 3813/3809/1945 3814/3810/1945
f 3704/3700/1946 3815/3811/1946 3816/3812/1946
f 3704/3700/1946 3816/3812/1946 3705/3701/1946
f 3701/3697/1947 3700/3696/1947 3817/3813/1947
f 3701/3697/1947 3817/3813/1947 3818/3814/1947
f 3815/3811/1948 3819/3815/1948 3820/3816/1948
f 3815/3811/1948 3820/3816/1948 3816/3812/1948
f 3819/3815/1949 3821/3817/1949 3822/3818/1949
f 3819/3815/1949 3822/3818/1949 3820/3816/1949
f 3823/3819/1950 3824/3820/1950 3825/3821/1950
f 3823/3819/1950 3825/3821/1950 3826/3822/1950
f 3538/3534/1951 3537/3533/1951 3827/3823/1951
f 3538/3534/1951 3827/3823/1951 3828/3824/1951
f 3829/3825/1952 3830/3826/1952 3831/3827/1952
f 3829/3825/1952 3831/3827/1952 3832/3828/1952
f 116/116/1953 118/118/1953 3833/3829/1953
f 116/116/1953 3833/3829/1953 3834/3830/1953
f 3835/3831/1954 3264/3260/1954 3263/3259/1954
f 3835/3831/1954 3263/3259/1954 3836/3832/1954
f 3837/3833/1955 3838/3834/1955 968/968/1955
f 3837/3833/1955 968/968/1955 967/967/1955
f 3839/3835/1956 3840/3836/1956 3841/3837/1956
f 3839/3835/1956 3841/3837/1956 3842/3838/1956
f 3843/3839/1957 3844/3840/1957 3845/3841/1957
f 3843/3839/1957 3845/3841/1957 3846/3842/1957
f 3847/3843/1958 3848/3844/1958 2114/2112/1958
f 3847/3843/1958 2114/2112/1958 2113/2111/1958
f 3849/3845/1959 3627/3623/1959 3024/3022/1959
f 3849/3845/1959 3024/3022/1959 3023/3021/1959
f 3850/3846/1960 3851/3847/1960 3471/3467/1960
f 3850/3846/1960 3471/3467/1960 3852/3848/1960
f 3853/3849/1961 3854/3850/1961 3855/3851/1961
f 3853/3849/1961 3855/3851/1961 3856/3852/1961
f 3857/3853/1962 3858/3854/1962 3251/3247/1962
f 3857/3853/1962 3251/3247/1962 3250/3246/1962
f 3859/3855/1963 3860/3856/1963 3861/3857/1963
f 3859/3855/1963 3861/3857/1963 3862/3858/1963
f 3863/3859/1964 3386/3382/1964 3389/3385/1964
f 3863/3859/1964 3389/3385/1964 3864/3860/1964
f 2732/2730/1965 2739/2737/1965 2738/2736/1965
f 2732/2730/1965 2738/2736/1965 2733/2731/1965
f 3865/3861/1966 3466/3462/1966 3465/3461/1966
f 3865/3861/1966 3465/3461/1966 3866/3862/1966
f 3867/3863/1967 3868/3864/1967 3869/3865/1967
f 3867/3863/1967 3869/3865/1967 3870/3866/1967
f 3737/3733/1968 3736/3732/1968 3871/3867/1968
f 3737/3733/1968 3871/3867/1968 3872/3868/1968
f 3439/3435/1969 3859/3855/1969 3862/3858/1969
f 3439/3435/1969 3862/3858/1969 3440/3436/1969
f 3587/3583/1970 2457/2455/1970 2460/2458/1970
f 3587/3583/1970 2460/2458/1970 3588/3584/1970
f 2938/2936/1971 2731/2729/1971 2734/2732/1971
f 2938/2936/1971 2734/2732/1971 2939/2937/1971
f 3391/3387/1972 3873/3869/1972 3874/3870/1972
f 3391/3387/1972 3874/3870/1972 3392/3388/1972
f 3873/3869/1973 3875/3871/1973 3876/3872/1973
f 3873/3869/1973 3876/3872/1973 3874/3870/1973
f 3877/3873/1974 2727/2725/1974 2730/2728/1974
f 3877/3873/1974 2730/2728/1974 3878/3874/1974
f 3879/3875/1975 3880/3876/1975 3881/3877/1975
f 3879/3875/1975 3881/3877/1975 3882/3878/1975
f 3883/3879/1976 3884/3880/1976 3525/3521/1976
f 3883/3879/1976 3525/3521/1976 3524/3520/1976
f 3885/3881/1977 2994/2992/1977 2993/2991/1977
f 3885/3881/1977 2993/2991/1977 3886/3882/1977
f 3887/3883/1978 3888/3884/1978 3889/3885/1978
f 3887/3883/1978 3889/3885/1978 3890/3886/1978
f 3888/3884/1979 3891/3887/1979 3892/3888/1979
f 3888/3884/1979 3892/3888/1979 3889/3885/1979
f 3417/3413/1980 3416/3412/1980 1868/1866/1980
f 3417/3413/1980 1868/1866/1980 1867/1865/1980
f 3893/3889/1981 3894/3890/1981 3895/3891/1981
f 3893/3889/1981 3895/3891/1981 3896/3892/1981
f 3117/3114/1982 2604/2602/1982 2603/2601/1982
f 3117/3114/1982 2603/2601/1982 3119/3116/1982
f 3327/3323/1983 3358/3354/1983 3578/3574/1983
f 3327/3323/1983 3578/3574/1983 3420/3416/1983
f 3897/3893/1984 3898/3894/1984 3899/3895/1984
f 3897/3893/1984 3899/3895/1984 3900/3896/1984
f 3901/3897/1985 3902/3898/1985 3903/3899/1985
f 3901/3897/1985 3903/3899/1985 3904/3900/1985
f 3905/3901/1986 3906/3902/1986 3907/3903/1986
f 3905/3901/1986 3907/3903/1986 3908/3904/1986
f 3909/3905/1987 3910/3906/1987 3911/3907/1987
f 3909/3905/1987 3911/3907/1987 3912/3908/1987
f 2472/2470/1988 2471/2469/1988 2590/2588/1988
f 2472/2470/1988 2590/2588/1988 2589/2587/1988
f 3913/3909/1989 3748/3744/1989 3751/3747/1989
f 3913/3909/1989 3751/3747/1989 3914/3910/1989
f 3915/3911/1990 3459/3455/1990 3462/3458/1990
f 3915/3911/1990 3462/3458/1990 3916/3912/1990
f 2724/2722/1991 3917/3913/1991 3918/3914/1991
f 2724/2722/1991 3918/3914/1991 2725/2723/1991
f 3627/3623/1992 3919/3915/1992 3920/3916/1992
f 3627/3623/1992 3920/3916/1992 3628/3624/1992
f 3921/3917/1993 3922/3918/1993 3923/3919/1993
f 3921/3917/1993 3923/3919/1993 3924/3920/1993
f 3098/3095/1994 2328/2326/1994 2331/2329/1994
f 3098/3095/1994 2331/2329/1994 3099/3096/1994
f 2595/2593/1995 2336/2334/1995 2338/2336/1995
f 2595/2593/1995 2338/2336/1995 2621/2619/1995
f 3925/3921/1996 3926/3922/1996 3927/3923/1996
f 3925/3921/1996 3927/3923/1996 3928/3924/1996
f 3712/3708/1997 3929/3925/1997 3930/3926/1997
f 3712/3708/1997 3930/3926/1997 3931/3927/1997
f 3932/3928/1998 2697/2695/1998 2700/2698/1998
f 3932/3928/1998 2700/2698/1998 3933/3699/1998
f 3934/3929/1999 3935/3930/1999 3936/3931/1999
f 3934/3929/1999 3936/3931/1999 3937/3932/1999
f 3935/3930/2000 3921/3917/2000 3924/3920/2000
f 3935/3930/2000 3924/3920/2000 3936/3931/2000
f 1020/1020/2001 77/77/2001 76/76/2001
f 1020/1020/2001 76/76/2001 3101/3098/2001
f 3938/3933/2002 2691/2689/2002 2692/2690/2002
f 3938/3933/2002 2692/2690/2002 3939/3934/2002
f 3940/3935/2003 3941/3936/2003 3942/3937/2003
f 3940/3935/2003 3942/3937/2003 3943/3938/2003
f 3944/3939/2004 3945/3940/2004 3946/3941/2004
f 3944/3939/2004 3946/3941/2004 3947/3942/2004
f 3945/3940/2005 1638/1637/2005 1637/1636/2005
f 3945/3940/2005 1637/1636/2005 3946/3941/2005
f 3814/3810/2006 3813/3809/2006 2539/2537/2006
f 3814/3810/2006 2539/2537/2006 2538/2536/2006
f 2696/2694/2007 2695/2693/2007 3948/3943/2007
f 2696/2694/2007 3948/3943/2007 3949/3944/2007
f 3950/3945/2008 3951/3946/2008 2011/2009/2008
f 3950/3945/2008 2011/2009/2008 3952/3947/2008
f 3782/3778/2009 2803/2801/2009 2806/2804/2009
f 3782/3778/2009 2806/2804/2009 3783/3779/2009
f 3269/3265/2010 3280/3276/2010 3281/3277/2010
f 3269/3265/2010 3281/3277/2010 3270/3266/2010
f 3953/3948/2011 3306/3302/2011 3309/3305/2011
f 3953/3948/2011 3309/3305/2011 3954/3949/2011
f 3213/3209/2012 3212/3208/2012 3955/3950/2012
f 3213/3209/2012 3955/3950/2012 3956/3951/2012
f 3818/3814/2013 3817/3813/2013 2394/2392/2013
f 3818/3814/2013 2394/2392/2013 2393/2391/2013
f 2008/2006/2014 2007/2005/2014 3219/3215/2014
f 2008/2006/2014 3219/3215/2014 3218/3214/2014
f 3957/3952/2015 3958/3953/2015 3959/3954/2015
f 3957/3952/2015 3959/3954/2015 3960/3955/2015
f 3961/3956/2016 3962/3957/2016 3963/3958/2016
f 3961/3956/2016 3963/3958/2016 3964/3959/2016
f 2786/2784/2017 2785/2783/2017 3786/3782/2017
f 2786/2784/2017 3786/3782/2017 3785/3781/2017
f 3852/3848/2018 3471/3467/2018 3474/3470/2018
f 3852/3848/2018 3474/3470/2018 3965/3960/2018
f 3208/3204/2019 3966/3961/2019 3967/3962/2019
f 3208/3204/2019 3967/3962/2019 3209/3205/2019
f 2052/2050/2020 3968/3963/2020 3969/3964/2020
f 2052/2050/2020 3969/3964/2020 2053/2051/2020
f 3970/3965/2021 3971/3966/2021 3972/3967/2021
f 3970/3965/2021 3972/3967/2021 3973/3968/2021
f 3622/3618/2022 3621/3617/2022 3974/3969/2022
f 3622/3618/2022 3974/3969/2022 3975/3970/2022
f 3976/3971/2023 3977/3972/2023 3608/3604/2023
f 3976/3971/2023 3608/3604/2023 3607/3603/2023
f 3277/3273/2024 3246/3242/2024 3249/3245/2024
f 3277/3273/2024 3249/3245/2024 3278/3274/2024
f 2632/2630/2025 3694/3690/2025 3695/3691/2025
f 2632/2630/2025 3695/3691/2025 2633/2631/2025
f 3978/3973/2026 3979/3974/2026 3980/3975/2026
f 3978/3973/2026 3980/3975/2026 3981/3976/2026
f 2800/2798/2027 2799/2797/2027 3982/3977/2027
f 2800/2798/2027 3982/3977/2027 3983/3978/2027
f 3984/3979/2028 2858/2856/2028 3583/3579/2028
f 3984/3979/2028 3583/3579/2028 3985/3980/2028
f 3986/3981/2029 3987/3982/2029 3988/3983/2029
f 3986/3981/2029 3988/3983/2029 3989/3984/2029
f 3476/3472/2030 3990/3985/2030 3991/3986/2030
f 3476/3472/2030 3991/3986/2030 3477/3473/2030
f 3992/3987/2031 3993/3988/2031 3994/3989/2031
f 3992/3987/2031 3994/3989/2031 3995/3990/2031
f 2486/2484/2032 3996/3991/2032 1021/1021/2032
f 2486/2484/2032 1021/1021/2032 1020/1020/2032
f 3997/3992/2033 3541/3537/2033 3542/3538/2033
f 3997/3992/2033 3542/3538/2033 3998/3993/2033
f 3999/3994/2034 4000/3995/2034 4001/3996/2034
f 3999/3994/2034 4001/3996/2034 4002/3997/2034
f 4003/3998/2035 4004/3999/2035 4005/4000/2035
f 4003/3998/2035 4005/4000/2035 4006/4001/2035
f 79/79/2036 4007/4002/2036 4008/4003/2036
f 79/79/2036 4008/4003/2036 80/80/2036
f 2360/2358/2037 2359/2357/2037 4009/4004/2037
f 2360/2358/2037 4009/4004/2037 4010/4005/2037
f 4011/4006/2038 4012/4007/2038 4013/4008/2038
f 4011/4006/2038 4013/4008/2038 4014/4009/2038
f 3908/3904/2039 3907/3903/2039 3858/3854/2039
f 3908/3904/2039 3858/3854/2039 3857/3853/2039
f 4015/4010/2040 4016/4011/2040 4017/4012/2040
f 4015/4010/2040 4017/4012/2040 4018/4013/2040
f 1359/1358/2041 1403/1402/2041 2374/2372/2041
f 1359/1358/2041 2374/2372/2041 1355/1354/2041
f 4019/4014/2042 4020/4015/2042 4021/4016/2042
f 4019/4014/2042 4021/4016/2042 4022/4017/2042
f 4023/4018/2043 4024/4019/2043 4025/4020/2043
f 4023/4018/2043 4025/4020/2043 4026/4021/2043
f 4027/4022/2044 4028/4023/2044 4029/4024/2044
f 4027/4022/2044 4029/4024/2044 4030/4025/2044
f 4031/4026/2045 4032/4027/2045 4033/4028/2045
f 4031/4026/2045 4033/4028/2045 4034/4029/2045
f 2942/2940/2046 4035/4030/2046 2684/2682/2046
f 2942/2940/2046 2684/2682/2046 2683/2681/2046
f 146/146/2047 145/145/2047 2361/2359/2047
f 146/146/2047 2361/2359/2047 4036/4031/2047
f 4037/4032/2048 4038/4033/2048 2450/2448/2048
f 4037/4032/2048 2450/2448/2048 2449/2447/2048
f 1969/1967/2049 4039/4034/2049 4040/4035/2049
f 1969/1967/2049 4040/4035/2049 1970/1968/2049
f 4041/4036/2050 4042/4037/2050 4020/4015/2050
f 4041/4036/2050 4020/4015/2050 4019/4014/2050
f 4043/4038/2051 4044/4039/2051 4045/4040/2051
f 4043/4038/2051 4045/4040/2051 4046/4041/2051
f 3898/3894/2052 4047/4042/2052 4048/4043/2052
f 3898/3894/2052 4048/4043/2052 3899/3895/2052
f 2402/2400/2053 2401/2399/2053 2656/2654/2053
f 2402/2400/2053 2656/2654/2053 2655/2653/2053
f 4049/4044/2054 4050/4045/2054 4051/4046/2054
f 4049/4044/2054 4051/4046/2054 4052/4047/2054
f 1749/1748/2055 4053/4048/2055 4054/4049/2055
f 1749/1748/2055 4054/4049/2055 1750/1749/2055
f 4055/4050/2056 4056/4051/2056 4057/4052/2056
f 4055/4050/2056 4057/4052/2056 4058/4053/2056
f 3002/3000/2057 2828/2826/2057 2831/2829/2057
f 3002/3000/2057 2831/2829/2057 3003/3001/2057
f 4059/4054/2058 4060/4055/2058 2966/2964/2058
f 4059/4054/2058 2966/2964/2058 2965/2963/2058
f 4061/4056/2059 3228/3224/2059 3231/3227/2059
f 4061/4056/2059 3231/3227/2059 4062/4057/2059
f 4063/4058/2060 4064/4059/2060 4065/4060/2060
f 4063/4058/2060 4065/4060/2060 4066/4061/2060
f 3780/3776/2061 3779/3775/2061 3604/3600/2061
f 3780/3776/2061 3604/3600/2061 3603/3599/2061
f 4067/4062/2062 4068/4063/2062 4069/4064/2062
f 4067/4062/2062 4069/4064/2062 4070/4065/2062
f 4071/4066/2063 4072/4067/2063 4073/4068/2063
f 4071/4066/2063 4073/4068/2063 4074/4069/2063
f 4075/4070/2064 4076/4071/2064 3287/3283/2064
f 4075/4070/2064 3287/3283/2064 3286/3282/2064
f 3727/3723/2065 3726/3722/2065 3962/3957/2065
f 3727/3723/2065 3962/3957/2065 3961/3956/2065
f 2616/2614/2066 2615/2613/2066 4077/4072/2066
f 2616/2614/2066 4077/4072/2066 4078/4073/2066
f 2497/2495/2067 2496/2494/2067 4079/4074/2067
f 2497/2495/2067 4079/4074/2067 4080/4075/2067
f 2666/2664/2068 2665/2663/2068 2784/2782/2068
f 2666/2664/2068 2784/2782/2068 2783/2781/2068
f 162/162/2069 161/161/2069 3906/3902/2069
f 162/162/2069 3906/3902/2069 3905/3901/2069
f 4081/4076/2070 4082/4077/2070 4083/4078/2070
f 4081/4076/2070 4083/4078/2070 4084/4079/2070
f 4082/4077/2071 1616/1615/2071 1615/1614/2071
f 4082/4077/2071 1615/1614/2071 4083/4078/2071
f 4085/4080/2072 2607/2605/2072 2610/2608/2072
f 4085/4080/2072 2610/2608/2072 4086/3824/2072
f 4087/4081/2073 4088/4082/2073 1881/1879/2073
f 4087/4081/2073 1881/1879/2073 1880/1878/2073
f 4089/4083/2074 4090/4084/2074 4001/3996/2074
f 4089/4083/2074 4001/3996/2074 4000/3995/2074
f 1612/1611/2075 1611/1610/2075 4091/4085/2075
f 1612/1611/2075 4091/4085/2075 4092/4086/2075
f 2598/2596/2076 2643/2641/2076 2646/2644/2076
f 2598/2596/2076 2646/2644/2076 2599/2597/2076
f 1764/1763/2077 4093/4087/2077 4094/4088/2077
f 1764/1763/2077 4094/4088/2077 1765/1764/2077
f 253/253/162 252/252/161 4095/4089/727
f 253/253/162 4095/4089/727 3118/3115/124
f 3910/3906/2078 3893/3889/2078 3896/3892/2078
f 3910/3906/2078 3896/3892/2078 3911/3907/2078
f 4096/4090/2079 4097/4091/2079 1937/1935/2079
f 4096/4090/2079 1937/1935/2079 1936/1934/2079
f 4098/4092/2080 4099/4093/2080 4100/4094/2080
f 4098/4092/2080 4100/4094/2080 4101/4095/2080
f 4102/4096/2081 4103/4097/2081 3596/3592/2081
f 4102/4096/2081 3596/3592/2081 3595/3591/2081
f 4104/4098/2082 4105/4099/2082 4106/4100/2082
f 4104/4098/2082 4106/4100/2082 4107/4101/2082
f 4108/4102/2083 4109/4103/2083 4110/4104/2083
f 4108/4102/2083 4110/4104/2083 4111/4105/2083
f 151/151/2084 150/150/2084 4112/4106/2084
f 151/151/2084 4112/4106/2084 4113/4107/2084
f 3421/3417/2085 4114/4108/2085 4115/4109/2085
f 3421/3417/2085 4115/4109/2085 3422/3418/2085
f 4116/4110/2086 4117/4111/2086 4118/4112/2086
f 4116/4110/2086 4118/4112/2086 4119/4113/2086
f 4120/4114/2087 4121/4115/2087 4117/4111/2087
f 4120/4114/2087 4117/4111/2087 4116/4110/2087
f 4122/4116/2088 1932/1930/2088 1935/1933/2088
f 4122/4116/2088 1935/1933/2088 4123/4117/2088
f 3169/3165/2089 3168/3164/2089 4124/4118/2089
f 3169/3165/2089 4124/4118/2089 4125/4119/2089
f 4126/4120/2090 4127/4121/2090 4128/4122/2090
f 4126/4120/2090 4128/4122/2090 4129/4123/2090
f 4130/4124/2091 3513/3509/2091 2510/2508/2091
f 4130/4124/2091 2510/2508/2091 4131/4125/2091
f 4132/4126/2092 4133/4127/2092 3143/3139/2092
f 4132/4126/2092 3143/3139/2092 3142/3138/2092
f 2575/2573/2093 2574/2572/2093 2470/2468/2093
f 2575/2573/2093 2470/2468/2093 2469/2467/2093
f 2567/2565/2094 2566/2564/2094 3580/3576/2094
f 2567/2565/2094 3580/3576/2094 3579/3575/2094
f 2947/2945/2095 2946/2944/2095 4134/4128/2095
f 2947/2945/2095 4134/4128/2095 4135/4129/2095
f 4136/4130/2096 4137/4131/2096 3567/3563/2096
f 4136/4130/2096 3567/3563/2096 4138/4132/2096
f 4139/4133/2097 4140/4134/2097 4141/4135/2097
f 4139/4133/2097 4141/4135/2097 4142/4136/2097
f 4143/4137/2098 1902/1900/2098 1905/1903/2098
f 4143/4137/2098 1905/1903/2098 4144/4138/2098
f 3496/3492/2099 4145/4139/2099 4146/4140/2099
f 3496/3492/2099 4146/4140/2099 3497/3493/2099
f 4147/4141/2100 3362/3358/2100 3365/3361/2100
f 4147/4141/2100 3365/3361/2100 4148/4142/2100
f 2716/2714/2101 2715/2713/2101 4149/4143/2101
f 2716/2714/2101 4149/4143/2101 4150/4144/2101
f 4151/4145/2102 3997/3992/2102 3998/3993/2102
f 4151/4145/2102 3998/3993/2102 4152/4146/2102
f 2571/2569/2103 2570/2568/2103 2466/2464/2103
f 2571/2569/2103 2466/2464/2103 2465/2463/2103
f 4153/4147/2104 4154/4148/2104 4155/4149/2104
f 4153/4147/2104 4155/4149/2104 4156/4150/2104
f 4157/4151/2105 4158/4152/2105 4038/4033/2105
f 4157/4151/2105 4038/4033/2105 4037/4032/2105
f 2638/2636/2106 2637/2635/2106 2823/2821/2106
f 2638/2636/2106 2823/2821/2106 4159/4153/2106
f 2563/2561/2107 2562/2560/2107 4160/4154/2107
f 2563/2561/2107 4160/4154/2107 4161/4155/2107
f 4162/4156/2108 4163/4157/2108 4164/4158/2108
f 4162/4156/2108 4164/4158/2108 4165/4159/2108
f 3671/3667/2109 3674/3670/2109 4163/4157/2109
f 3671/3667/2109 4163/4157/2109 4162/4156/2109
f 873/873/2110 4166/4160/2110 4167/4161/2110
f 873/873/2110 4167/4161/2110 871/871/2110
f 4166/4160/2111 1602/1601/2111 1601/1600/2111
f 4166/4160/2111 1601/1600/2111 4167/4161/2111
f 2123/2121/2112 4168/4162/2112 4169/4163/2112
f 2123/2121/2112 4169/4163/2112 2124/2122/2112
f 3981/3976/2113 3980/3975/2113 2503/2501/2113
f 3981/3976/2113 2503/2501/2113 2502/2500/2113
f 4170/4164/2114 4171/4165/2114 1929/1927/2114
f 4170/4164/2114 1929/1927/2114 1928/1926/2114
f 2820/2818/2115 2819/2817/2115 4172/4166/2115
f 2820/2818/2115 4172/4166/2115 4173/4167/2115
f 4174/4168/2116 2066/2064/2116 2065/2063/2116
f 4174/4168/2116 2065/2063/2116 4175/4169/2116
f 902/902/2117 2126/2124/2117 2125/2123/2117
f 902/902/2117 2125/2123/2117 903/903/2117
f 904/904/2118 3282/3278/2118 3285/3281/2118
f 904/904/2118 3285/3281/2118 902/902/2118
f 4140/4134/2119 4176/4170/2119 4177/4171/2119
f 4140/4134/2119 4177/4171/2119 4141/4135/2119
f 4178/4172/2120 4179/4173/2120 4180/4174/2120
f 4178/4172/2120 4180/4174/2120 4181/4175/2120
f 4179/4173/2121 4182/4176/2121 4183/4177/2121
f 4179/4173/2121 4183/4177/2121 4180/4174/2121
f 4184/4178/2122 4185/4179/2122 2436/2434/2122
f 4184/4178/2122 2436/2434/2122 2435/2433/2122
f 4186/4180/2123 4187/4181/2123 4188/4182/2123
f 4186/4180/2123 4188/4182/2123 4189/4183/2123
f 4190/4184/2124 4191/4185/2124 4187/4181/2124
f 4190/4184/2124 4187/4181/2124 4186/4180/2124
f 2547/2545/2125 2546/2544/2125 3315/3311/2125
f 2547/2545/2125 3315/3311/2125 3314/3310/2125
f 2990/2988/2126 2989/2987/2126 4192/4186/2126
f 2990/2988/2126 4192/4186/2126 4193/4187/2126
f 4194/4188/2127 4195/4189/2127 4196/4190/2127
f 4194/4188/2127 4196/4190/2127 4197/4191/2127
f 4198/4192/2128 3636/3632/2128 3637/3633/2128
f 4198/4192/2128 3637/3633/2128 4199/4193/2128
f 2982/2980/2129 2981/2979/2129 4200/4194/2129
f 2982/2980/2129 4200/4194/2129 4201/4195/2129
f 2970/2968/2130 4202/4196/2130 4203/4197/2130
f 2970/2968/2130 4203/4197/2130 2971/2969/2130
f 491/491/352 492/492/353 4204/4198/361
f 491/491/352 4204/4198/361 2067/2065/1318
f 3242/3238/2131 4061/4056/2131 4062/4057/2131
f 3242/3238/2131 4062/4057/2131 3243/3239/2131
f 4205/4199/2132 3019/3017/2132 3022/3020/2132
f 4205/4199/2132 3022/3020/2132 4206/4200/2132
f 531/531/381 619/619/453 613/613/447
f 531/531/381 613/613/447 532/532/382
f 4207/4201/2133 4208/4202/2133 4209/4203/2133
f 4207/4201/2133 4209/4203/2133 4210/4204/2133
f 3558/3554/2134 3557/3553/2134 4211/4205/2134
f 3558/3554/2134 4211/4205/2134 4212/4206/2134
f 4213/4207/2135 4214/4208/2135 3641/3637/2135
f 4213/4207/2135 3641/3637/2135 3640/3636/2135
f 4215/4209/2136 3093/3090/2136 3096/3093/2136
f 4215/4209/2136 3096/3093/2136 4216/4210/2136
f 4217/4211/2137 3390/3386/2137 3393/3389/2137
f 4217/4211/2137 3393/3389/2137 4218/4212/2137
f 4219/4213/2138 1906/1904/2138 1909/1907/2138
f 4219/4213/2138 1909/1907/2138 4220/4214/2138
f 35/35/2139 4221/4215/2139 4222/4216/2139
f 35/35/2139 4222/4216/2139 36/36/2139
f 2720/2718/2140 3438/3434/2140 3441/3437/2140
f 2720/2718/2140 3441/3437/2140 2721/2719/2140
f 1974/1972/2141 2576/2574/2141 2954/2952/2141
f 1974/1972/2141 2954/2952/2141 1975/1973/2141
f 3375/3371/2142 3374/3370/2142 4223/4217/2142
f 3375/3371/2142 4223/4217/2142 4224/4218/2142
f 121/121/2143 120/120/2143 4024/4019/2143
f 121/121/2143 4024/4019/2143 4023/4018/2143
f 4225/4219/2144 4226/4220/2144 4227/4221/2144
f 4225/4219/2144 4227/4221/2144 4228/4222/2144
f 4229/4223/2145 4230/4224/2145 2958/2956/2145
f 4229/4223/2145 2958/2956/2145 2957/2955/2145
f 4231/4225/2146 4221/4215/2146 35/35/2146
f 4231/4225/2146 35/35/2146 4232/4226/2146
f 4233/4227/2147 4234/4228/2147 4235/4229/2147
f 4233/4227/2147 4235/4229/2147 4236/4230/2147
f 4237/4231/2148 4238/4232/2148 4239/4233/2148
f 4237/4231/2148 4239/4233/2148 4240/4234/2148
f 4241/4235/2149 4242/4236/2149 3840/3836/2149
f 4241/4235/2149 3840/3836/2149 3839/3835/2149
f 4176/4170/2150 4243/4237/2150 4244/4238/2150
f 4176/4170/2150 4244/4238/2150 4177/4171/2150
f 2688/2686/2151 4245/4239/2151 4246/4240/2151
f 2688/2686/2151 4246/4240/2151 2689/2687/2151
f 4247/4241/2152 4248/4242/2152 4249/4243/2152
f 4247/4241/2152 4249/4243/2152 4250/4244/2152
f 2509/2507/2153 2508/2506/2153 2400/2398/2153
f 2509/2507/2153 2400/2398/2153 2399/2397/2153
f 4251/4245/2154 4252/4246/2154 4253/4247/2154
f 4251/4245/2154 4253/4247/2154 4254/4248/2154
f 4255/4249/2155 4256/4250/2155 4257/4251/2155
f 4255/4249/2155 4257/4251/2155 4258/4252/2155
f 3989/3984/2156 3988/3983/2156 2814/2812/2156
f 3989/3984/2156 2814/2812/2156 2813/2811/2156
f 3342/3338/2157 3341/3337/2157 2974/2972/2157
f 3342/3338/2157 2974/2972/2157 2973/2971/2157
f 4259/4253/2158 2863/2861/2158 2862/2860/2158
f 4259/4253/2158 2862/2860/2158 3357/3353/2158
f 4260/4254/2159 3318/3314/2159 3321/3317/2159
f 4260/4254/2159 3321/3317/2159 4261/4255/2159
f 4197/4191/2160 4196/4190/2160 4262/4256/2160
f 4197/4191/2160 4262/4256/2160 4263/4257/2160
f 4264/4258/2161 4265/4259/2161 4060/4055/2161
f 4264/4258/2161 4060/4055/2161 4059/4054/2161
f 2626/2624/2162 2625/2623/2162 2371/2369/2162
f 2626/2624/2162 2371/2369/2162 2370/2368/2162
f 3614/3610/2163 3613/3609/2163 4266/4260/2163
f 3614/3610/2163 4266/4260/2163 4267/4261/2163
f 4268/4262/2164 1858/1856/2164 4269/4263/2164
f 4268/4262/2164 4269/4263/2164 4270/4264/2164
f 4271/4265/2165 4272/4266/2165 4185/4179/2165
f 4271/4265/2165 4185/4179/2165 4184/4178/2165
f 4273/4267/2166 4274/4268/2166 4275/4269/2166
f 4273/4267/2166 4275/4269/2166 4276/4270/2166
f 4277/4271/2167 4278/4272/2167 4090/4084/2167
f 4277/4271/2167 4090/4084/2167 4089/4083/2167
f 4279/4273/2168 3652/3648/2168 3653/3649/2168
f 4279/4273/2168 3653/3649/2168 4280/4274/2168
f 4281/4275/2169 4282/4276/2169 4283/4277/2169
f 4281/4275/2169 4283/4277/2169 4284/4278/2169
f 4285/4279/2170 2443/2441/2170 2444/2442/2170
f 4285/4279/2170 2444/2442/2170 4286/4280/2170
f 4070/4065/2171 4069/4064/2171 4287/4281/2171
f 4070/4065/2171 4287/4281/2171 4288/4282/2171
f 4289/4283/2172 4290/4284/2172 4291/4285/2172
f 4289/4283/2172 4291/4285/2172 4292/4286/2172
f 3480/3476/2173 4293/4287/2173 4294/4288/2173
f 3480/3476/2173 4294/4288/2173 3481/3477/2173
f 3551/3547/2174 3495/3491/2174 3498/3494/2174
f 3551/3547/2174 3498/3494/2174 4295/4289/2174
f 4008/4003/2175 3266/3262/2175 3267/3263/2175
f 4008/4003/2175 3267/3263/2175 4296/4290/2175
f 3026/3024/2176 3025/3023/2176 4297/4291/2176
f 3026/3024/2176 4297/4291/2176 4298/4292/2176
f 2513/2511/2177 2512/2510/2177 2762/2760/2177
f 2513/2511/2177 2762/2760/2177 2761/2759/2177
f 4299/4293/2178 4300/4294/2178 4301/4295/2178
f 4299/4293/2178 4301/4295/2178 4302/4296/2178
f 3535/3531/2179 3534/3530/2179 3415/3411/2179
f 3535/3531/2179 3415/3411/2179 3414/3410/2179
f 3951/3946/2180 4303/4297/2180 2012/2010/2180
f 3951/3946/2180 2012/2010/2180 2011/2009/2180
f 4304/4298/2181 4305/4299/2181 4306/4300/2181
f 4304/4298/2181 4306/4300/2181 4307/4301/2181
f 2083/2081/2182 2019/2017/2182 2022/2020/2182
f 2083/2081/2182 2022/2020/2182 2084/2082/2182
f 2476/2474/2183 2475/2473/2183 2586/2584/2183
f 2476/2474/2183 2586/2584/2183 2585/2583/2183
f 3435/3431/2184 4308/4302/2184 4309/4303/2184
f 3435/3431/2184 4309/4303/2184 3436/3432/2184
f 4107/4101/2185 4106/4100/2185 4310/4304/2185
f 4107/4101/2185 4310/4304/2185 4311/4305/2185
f 3894/3890/2186 3897/3893/2186 3900/3896/2186
f 3894/3890/2186 3900/3896/2186 3895/3891/2186
f 4312/4306/2187 4313/4307/2187 4121/4115/2187
f 4312/4306/2187 4121/4115/2187 4120/4114/2187
f 4150/4144/2188 4149/4143/2188 4313/4307/2188
f 4150/4144/2188 4313/4307/2188 4312/4306/2188
f 3995/3990/2189 3994/3989/2189 4314/4308/2189
f 3995/3990/2189 4314/4308/2189 4315/4309/2189
f 4316/4310/2190 4317/4311/2190 4318/4312/2190
f 4316/4310/2190 4318/4312/2190 4319/4313/2190
f 4156/4150/2191 4155/4149/2191 4317/4311/2191
f 4156/4150/2191 4317/4311/2191 4316/4310/2191
f 4320/4314/2192 4321/4315/2192 4322/4316/2192
f 4320/4314/2192 4322/4316/2192 4323/4317/2192
f 3453/3449/2193 3452/3448/2193 3373/3369/2193
f 3453/3449/2193 3373/3369/2193 3372/3368/2193
f 4324/4318/2194 4325/4319/2194 4326/4320/2194
f 4324/4318/2194 4326/4320/2194 4327/4321/2194
f 4328/4322/2195 4329/4323/2195 4330/4324/2195
f 4328/4322/2195 4330/4324/2195 4331/4325/2195
f 1934/1932/2196 4332/4326/2196 4333/4327/2196
f 1934/1932/2196 4333/4327/2196 4334/4328/2196
f 4335/4329/2197 4336/4330/2197 4337/4331/2197
f 4335/4329/2197 4337/4331/2197 4338/4332/2197
f 2445/2443/2198 2448/2446/2198 2609/2607/2198
f 2445/2443/2198 2609/2607/2198 2608/2606/2198
f 4208/4202/2199 3549/3545/2199 3552/3548/2199
f 4208/4202/2199 3552/3548/2199 4209/4203/2199
f 1877/1875/2200 1876/1874/2200 4339/4333/2200
f 1877/1875/2200 4339/4333/2200 4340/4334/2200
f 4341/4335/2201 4342/4336/2201 4343/4337/2201
f 4341/4335/2201 4343/4337/2201 4344/4338/2201
f 2442/2440/2202 2441/2439/2202 2614/2612/2202
f 2442/2440/2202 2614/2612/2202 2613/2611/2202
f 1976/1974/2203 1975/1973/2203 2956/2954/2203
f 1976/1974/2203 2956/2954/2203 4345/4339/2203
f 4178/4172/2204 4181/4175/2204 4346/4340/2204
f 4178/4172/2204 4346/4340/2204 4347/4341/2204
f 2438/2436/2205 2437/2435/2205 2382/2380/2205
f 2438/2436/2205 2382/2380/2205 2381/2379/2205
f 3297/3293/2206 3296/3292/2206 2376/2374/2206
f 3297/3293/2206 2376/2374/2206 2375/2373/2206
f 4189/4183/2207 4188/4182/2207 3725/3721/2207
f 4189/4183/2207 3725/3721/2207 3724/3720/2207
f 3317/3313/2208 3316/3312/2208 4348/4342/2208
f 3317/3313/2208 4348/4342/2208 4349/4343/2208
f 4350/4344/2209 4351/4345/2209 4068/4063/2209
f 4350/4344/2209 4068/4063/2209 4067/4062/2209
f 4263/4257/2210 4262/4256/2210 4351/4345/2210
f 4263/4257/2210 4351/4345/2210 4350/4344/2210
f 4352/4346/2211 4353/4347/2211 4076/4071/2211
f 4352/4346/2211 4076/4071/2211 4075/4070/2211
f 4354/4348/2212 4279/4273/2212 4280/4274/2212
f 4354/4348/2212 4280/4274/2212 4355/4349/2212
f 2770/2768/2213 2769/2767/2213 3979/3974/2213
f 2770/2768/2213 3979/3974/2213 3978/3973/2213
f 2499/2497/2214 2824/2822/2214 2827/2825/2214
f 2499/2497/2214 2827/2825/2214 2500/2498/2214
f 3740/3736/2215 3088/3085/2215 3087/3084/2215
f 3740/3736/2215 3087/3084/2215 3741/3737/2215
f 4356/4350/2216 4357/4351/2216 3830/3826/2216
f 4356/4350/2216 3830/3826/2216 3829/3825/2216
f 2976/2974/2217 2975/2973/2217 4358/4352/2217
f 2976/2974/2217 4358/4352/2217 4359/4353/2217
f 4360/4354/2218 4361/4355/2218 4362/4356/2218
f 4360/4354/2218 4362/4356/2218 4363/4357/2218
f 4039/4034/2219 2157/2155/2219 4364/4358/2219
f 4039/4034/2219 4364/4358/2219 4040/4035/2219
f 3540/3536/2220 3539/3535/2220 4305/4299/2220
f 3540/3536/2220 4305/4299/2220 4304/4298/2220
f 1870/1868/2221 1869/1867/2221 4256/4250/2221
f 1870/1868/2221 4256/4250/2221 4255/4249/2221
f 4297/4291/2222 4365/4359/2222 3215/3211/2222
f 4297/4291/2222 3215/3211/2222 3214/3210/2222
f 2708/2706/2223 2707/2705/2223 4158/4152/2223
f 2708/2706/2223 4158/4152/2223 4157/4151/2223
f 3433/3429/2224 3432/3428/2224 2916/2914/2224
f 3433/3429/2224 2916/2914/2224 2915/2913/2224
f 1906/1904/2225 3055/3052/2225 3058/3055/2225
f 1906/1904/2225 3058/3055/2225 1907/1905/2225
f 4366/4360/2226 4367/4361/2226 3993/3988/2226
f 4366/4360/2226 3993/3988/2226 3992/3987/2226
f 2953/2951/2227 2952/2950/2227 4368/4362/2227
f 2953/2951/2227 4368/4362/2227 4369/4363/2227
f 4370/4364/2228 4371/4365/2228 1941/1939/2228
f 4370/4364/2228 1941/1939/2228 1940/1938/2228
f 4372/4366/2229 4373/4367/2229 4374/4368/2229
f 4372/4366/2229 4374/4368/2229 4375/4369/2229
f 3251/3247/2230 4376/4370/2230 3559/3555/2230
f 3251/3247/2230 3559/3555/2230 3252/3248/2230
f 4308/4302/2231 3479/3475/2231 3482/3478/2231
f 4308/4302/2231 3482/3478/2231 4309/4303/2231
f 4311/4305/2232 4310/4304/2232 4252/4246/2232
f 4311/4305/2232 4252/4246/2232 4251/4245/2232
f 4377/4371/2233 4378/4372/2233 4379/4373/2233
f 4377/4371/2233 4379/4373/2233 4380/4374/2233
f 4381/4375/2234 4382/4376/2234 2358/2356/2234
f 4381/4375/2234 2358/2356/2234 2357/2355/2234
f 4383/4377/2235 4384/4378/2235 4385/4379/2235
f 4383/4377/2235 4385/4379/2235 4386/4380/2235
f 4387/4381/2236 4388/4382/2236 4389/4383/2236
f 4387/4381/2236 4389/4383/2236 4390/4384/2236
f 2912/2910/2237 2639/2637/2237 2642/2640/2237
f 2912/2910/2237 2642/2640/2237 2913/2911/2237
f 3574/3570/2238 3483/3479/2238 3484/3480/2238
f 3574/3570/2238 3484/3480/2238 3575/3571/2238
f 4391/4385/2239 4392/4386/2239 2867/2865/2239
f 4391/4385/2239 2867/2865/2239 2866/2864/2239
f 4393/4387/2240 4394/4388/2240 4392/4386/2240
f 4393/4387/2240 4392/4386/2240 4391/4385/2240
f 4232/4226/2241 35/35/2241 34/34/2241
f 4232/4226/2241 34/34/2241 4395/4389/2241
f 3328/3324/2242 2859/2857/2242 2858/2856/2242
f 3328/3324/2242 2858/2856/2242 3984/3979/2242
f 3359/3355/2243 3358/3354/2243 3327/3323/2243
f 3359/3355/2243 3327/3323/2243 3326/3322/2243
f 3247/3243/2244 3310/3306/2244 3313/3309/2244
f 3247/3243/2244 3313/3309/2244 3248/3244/2244
f 4396/4390/2245 4397/4391/2245 3666/3662/2245
f 4396/4390/2245 3666/3662/2245 3665/3661/2245
f 3638/3634/2246 4398/4392/2246 4399/4393/2246
f 3638/3634/2246 4399/4393/2246 3639/3635/2246
f 3832/3828/2247 3831/3827/2247 4400/4394/2247
f 3832/3828/2247 4400/4394/2247 4401/4395/2247
f 4402/4396/2248 4403/4397/2248 3977/3972/2248
f 4402/4396/2248 3977/3972/2248 3976/3971/2248
f 4267/4261/2249 4266/4260/2249 4403/4397/2249
f 4267/4261/2249 4403/4397/2249 4402/4396/2249
f 1641/1640/2250 2074/2072/2250 2073/2071/2250
f 1641/1640/2250 2073/2071/2250 1639/1638/2250
f 3655/3651/2251 2385/2383/2251 2388/2386/2251
f 3655/3651/2251 2388/2386/2251 3656/3652/2251
f 4404/4398/2252 4049/4044/2252 4052/4047/2252
f 4404/4398/2252 4052/4047/2252 4405/4399/2252
f 4131/4125/2253 2510/2508/2253 2513/2511/2253
f 4131/4125/2253 2513/2511/2253 4406/4400/2253
f 3163/3159/2254 3162/3158/2254 2628/2626/2254
f 3163/3159/2254 2628/2626/2254 2627/2625/2254
f 4407/4401/2255 3192/3188/2255 3195/3191/2255
f 4407/4401/2255 3195/3191/2255 4408/4402/2255
f 3755/3751/2256 3754/3750/2256 4409/4403/2256
f 3755/3751/2256 4409/4403/2256 4410/4404/2256
f 4298/4292/2257 4297/4291/2257 3214/3210/2257
f 4298/4292/2257 3214/3210/2257 4411/4405/2257
f 4292/4286/2258 4291/4285/2258 2006/2004/2258
f 4292/4286/2258 2006/2004/2258 2005/2003/2258
f 3167/3163/2259 3166/3162/2259 3159/3155/2259
f 3167/3163/2259 3159/3155/2259 3158/3154/2259
f 3765/3761/2260 3764/3760/2260 4412/4406/2260
f 3765/3761/2260 4412/4406/2260 4413/4407/2260
f 4414/4408/2261 3953/3948/2261 3954/3949/2261
f 4414/4408/2261 3954/3949/2261 4415/4409/2261
f 2152/2150/2262 4416/4410/2262 4417/4411/2262
f 2152/2150/2262 4417/4411/2262 2153/2151/2262
f 2764/2762/2263 2763/2761/2263 4418/4412/2263
f 2764/2762/2263 4418/4412/2263 4419/4413/2263
f 1858/1856/2264 1857/1855/2264 2872/2870/2264
f 1858/1856/2264 2872/2870/2264 4269/4263/2264
f 3687/3683/2265 3686/3682/2265 4420/4414/2265
f 3687/3683/2265 4420/4414/2265 4421/4415/2265
f 4422/4416/2266 4423/4417/2266 4424/4418/2266
f 4422/4416/2266 4424/4418/2266 4425/4419/2266
f 2702/2700/2267 2709/2707/2267 2712/2710/2267
f 2702/2700/2267 2712/2710/2267 2703/2701/2267
f 4099/4093/2268 3798/3794/2268 3797/3793/2268
f 4099/4093/2268 3797/3793/2268 4100/4094/2268
f 4426/4420/2269 4427/4421/2269 4428/4422/2269
f 4426/4420/2269 4428/4422/2269 4429/4423/2269
f 4430/4424/2270 4431/4425/2270 4432/4426/2270
f 4430/4424/2270 4432/4426/2270 4433/4427/2270
f 4434/4428/2271 4435/4429/2271 4436/4430/2271
f 4434/4428/2271 4436/4430/2271 4437/4431/2271
f 4438/4432/2272 4439/4433/2272 4440/4434/2272
f 4438/4432/2272 4440/4434/2272 4441/4435/2272
f 4438/4432/2273 4442/4436/2273 4443/4437/2273
f 4438/4432/2273 4443/4437/2273 4439/4433/2273
f 2962/2960/2274 4444/4438/2274 4445/4439/2274
f 2962/2960/2274 4445/4439/2274 3746/3742/2274
f 4446/4440/2275 3808/3804/2275 3807/3803/2275
f 4446/4440/2275 3807/3803/2275 4447/4441/2275
f 4433/4427/2276 4432/4426/2276 4448/4442/2276
f 4433/4427/2276 4448/4442/2276 4449/4443/2276
f 3502/3498/2277 4450/4444/2277 4451/4445/2277
f 3502/3498/2277 4451/4445/2277 3503/3499/2277
f 4452/4446/2278 4453/4447/2278 3902/3898/2278
f 4452/4446/2278 3902/3898/2278 3901/3897/2278
f 3311/3307/2279 3592/3588/2279 3591/3587/2279
f 3311/3307/2279 3591/3587/2279 3312/3308/2279
f 4454/4448/2280 4455/4449/2280 4456/4450/2280
f 4454/4448/2280 4456/4450/2280 4457/4451/2280
f 4025/4020/2281 4024/4019/2281 4458/4452/2281
f 4025/4020/2281 4458/4452/2281 4459/4453/2281
f 4460/4454/2282 4461/4455/2282 4462/4456/2282
f 4460/4454/2282 4462/4456/2282 4463/4457/2282
f 4464/4458/2283 65/65/2283 64/64/2283
f 4464/4458/2283 64/64/2283 4465/4459/2283
f 4466/4460/2284 4467/4461/2284 4468/4462/2284
f 4466/4460/2284 4468/4462/2284 4469/4463/2284
f 742/742/550 733/733/544 648/648/472
f 742/742/550 648/648/472 664/664/486
f 4470/4464/2285 4471/4465/2285 4110/4104/2285
f 4470/4464/2285 4110/4104/2285 4109/4103/2285
f 4472/4466/2286 3562/3558/2286 2863/2861/2286
f 4472/4466/2286 2863/2861/2286 4259/4253/2286
f 105/105/2287 104/104/2287 4171/4165/2287
f 105/105/2287 4171/4165/2287 4170/4164/2287
f 2335/2333/2288 2334/2332/2288 2507/2505/2288
f 2335/2333/2288 2507/2505/2288 2506/2504/2288
f 4473/4467/2289 4474/4468/2289 4475/4469/2289
f 4473/4467/2289 4475/4469/2289 4476/4470/2289
f 2917/2915/2290 4477/4471/2290 4478/4472/2290
f 2917/2915/2290 4478/4472/2290 2918/2916/2290
f 4479/4473/2291 4480/4474/2291 3260/3256/2291
f 4479/4473/2291 3260/3256/2291 3259/3255/2291
f 4481/4475/2292 4482/4476/2292 4483/4477/2292
f 4481/4475/2292 4483/4477/2292 4484/4478/2292
f 1893/1891/2293 4485/4479/2293 4486/4480/2293
f 1893/1891/2293 4486/4480/2293 1894/1892/2293
f 4481/4475/2294 4484/4478/2294 4487/4481/2294
f 4481/4475/2294 4487/4481/2294 4488/4482/2294
f 3425/3421/2295 3428/3424/2295 4489/4483/2295
f 3425/3421/2295 4489/4483/2295 4490/4484/2295
f 4491/4485/2296 4492/4486/2296 4493/4487/2296
f 4491/4485/2296 4493/4487/2296 4494/4488/2296
f 4495/4489/2297 4496/4490/2297 4497/4491/2297
f 4495/4489/2297 4497/4491/2297 4498/4492/2297
f 4499/4493/2298 4500/4494/2298 4501/4495/2298
f 4499/4493/2298 4501/4495/2298 4502/4496/2298
f 4503/4497/2299 4504/4498/2299 3715/3711/2299
f 4503/4497/2299 3715/3711/2299 3714/3710/2299
f 4505/4499/2300 4506/4500/2300 4507/4501/2300
f 4505/4499/2300 4507/4501/2300 4508/4502/2300
f 4509/4503/2301 4510/4504/2301 4500/4494/2301
f 4509/4503/2301 4500/4494/2301 4499/4493/2301
f 4511/4505/2302 4512/4506/2302 3230/3226/2302
f 4511/4505/2302 3230/3226/2302 3229/3225/2302
f 4513/4507/2303 4514/4508/2303 4230/4224/2303
f 4513/4507/2303 4230/4224/2303 4229/4223/2303
f 4515/4509/2304 4516/4510/2304 3530/3526/2304
f 4515/4509/2304 3530/3526/2304 3529/3525/2304
f 4517/4511/2305 4444/4438/2305 2962/2960/2305
f 4517/4511/2305 2962/2960/2305 2961/2959/2305
f 4518/4512/2306 4519/4513/2306 4520/4514/2306
f 4518/4512/2306 4520/4514/2306 4521/4515/2306
f 4522/4516/2307 4523/4517/2307 4524/4518/2307
f 4522/4516/2307 4524/4518/2307 4525/4519/2307
f 4526/4520/2308 4527/4521/2308 4528/4522/2308
f 4526/4520/2308 4528/4522/2308 4529/4523/2308
f 3067/3064/2309 3070/3067/2309 3063/3060/2309
f 3067/3064/2309 3063/3060/2309 3062/3059/2309
f 2717/2715/2310 4526/4520/2310 4529/4523/2310
f 2717/2715/2310 4529/4523/2310 2718/2716/2310
f 4161/4155/2311 4160/4154/2311 4326/4320/2311
f 4161/4155/2311 4326/4320/2311 4325/4319/2311
f 4530/4524/2312 1720/1719/2312 1719/1718/2312
f 4530/4524/2312 1719/1718/2312 4531/4525/2312
f 4532/4526/2313 4533/4527/2313 2143/2141/2313
f 4532/4526/2313 2143/2141/2313 2142/2140/2313
f 4534/4528/2314 3039/3036/2314 3042/3039/2314
f 4534/4528/2314 3042/3039/2314 4535/4529/2314
f 4536/4530/2315 4537/4531/2315 4538/4532/2315
f 4536/4530/2315 4538/4532/2315 4539/4533/2315
f 1735/1734/2316 970/970/2316 969/969/2316
f 1735/1734/2316 969/969/2316 1733/1732/2316
f 4540/4534/2317 4541/4535/2317 4542/4536/2317
f 4540/4534/2317 4542/4536/2317 4543/4537/2317
f 3262/3258/2318 4544/4538/2318 4545/4539/2318
f 3262/3258/2318 4545/4539/2318 3263/3259/2318
f 4460/4454/2319 4463/4457/2319 4546/1908/2319
f 4460/4454/2319 4546/1908/2319 4547/4540/2319
f 2150/2148/2320 1735/1734/2320 1734/1733/2320
f 2150/2148/2320 1734/1733/2320 4548/4541/2320
f 2290/2288/2321 2293/2291/2321 4272/4266/2321
f 2290/2288/2321 4272/4266/2321 4271/4265/2321
f 2977/2975/2322 2980/2978/2322 4549/4542/2322
f 2977/2975/2322 4549/4542/2322 4550/4543/2322
f 4551/4544/2323 4552/4545/2323 4553/4546/2323
f 4551/4544/2323 4553/4546/2323 4554/4547/2323
f 4508/4502/2324 4507/4501/2324 3612/3608/2324
f 4508/4502/2324 3612/3608/2324 3611/3607/2324
f 4555/4548/2325 4556/4549/2325 4557/4550/2325
f 4555/4548/2325 4557/4550/2325 4558/4551/2325
f 4556/4549/2326 4559/4552/2326 4560/4553/2326
f 4556/4549/2326 4560/4553/2326 4557/4550/2326
f 1918/1916/2327 4561/4554/2327 4562/4555/2327
f 1918/1916/2327 4562/4555/2327 1919/1917/2327
f 3188/3184/2328 4198/4192/2328 4199/4193/2328
f 3188/3184/2328 4199/4193/2328 3189/3185/2328
f 1608/1607/2329 1610/1609/2329 4563/4556/2329
f 1608/1607/2329 4563/4556/2329 4564/4557/2329
f 1995/1993/2330 1994/1992/2330 2558/2556/2330
f 1995/1993/2330 2558/2556/2330 2557/2555/2330
f 3319/3315/2331 3781/3777/2331 3784/3780/2331
f 3319/3315/2331 3784/3780/2331 3320/3316/2331
f 524/524/377 516/516/369 1161/1160/761
f 524/524/377 1161/1160/761 1164/1163/762
f 3273/3269/2332 3644/3640/2332 3647/3643/2332
f 3273/3269/2332 3647/3643/2332 3274/3270/2332
f 3672/3668/2333 4565/4558/2333 4566/4559/2333
f 3672/3668/2333 4566/4559/2333 3673/3669/2333
f 1601/1600/2334 1603/1602/2334 875/875/2334
f 1601/1600/2334 875/875/2334 874/874/2334
f 4567/4560/2335 1591/1590/2335 1590/1589/2335
f 4567/4560/2335 1590/1589/2335 4568/4561/2335
f 2127/2125/2336 4569/4562/2336 4570/4563/2336
f 2127/2125/2336 4570/4563/2336 2128/2126/2336
f 4571/4564/2337 4572/4565/2337 4573/4566/2337
f 4571/4564/2337 4573/4566/2337 4574/4567/2337
f 3804/3800/2338 3803/3799/2338 4575/4568/2338
f 3804/3800/2338 4575/4568/2338 4576/4569/2338
f 3571/3567/2339 2312/2310/2339 2315/2313/2339
f 3571/3567/2339 2315/2313/2339 3572/3568/2339
f 4577/4570/2340 4578/4571/2340 4579/4572/2340
f 4577/4570/2340 4579/4572/2340 4580/4573/2340
f 4581/4574/2341 4582/4575/2341 2714/2712/2341
f 4581/4574/2341 2714/2712/2341 2713/2711/2341
f 4583/4576/2342 4584/4577/2342 4582/4575/2342
f 4583/4576/2342 4582/4575/2342 4581/4574/2342
f 4585/4578/2343 4586/4579/2343 2287/2285/2343
f 4585/4578/2343 2287/2285/2343 2286/2284/2343
f 3263/3259/2344 4545/4539/2344 4587/4580/2344
f 3263/3259/2344 4587/4580/2344 3836/3832/2344
f 4521/4515/2345 4520/4514/2345 4588/4581/2345
f 4521/4515/2345 4588/4581/2345 4589/4582/2345
f 120/120/2346 122/122/2346 4590/4583/2346
f 120/120/2346 4590/4583/2346 4591/4584/2346
f 4592/4585/1750 3300/3296/1750 994/994/1750
f 4592/4585/1750 994/994/1750 1771/1770/1750
f 2140/2138/2347 2139/2137/2347 4593/4586/2347
f 2140/2138/2347 4593/4586/2347 4594/4587/2347
f 4595/4588/2348 4596/4589/2348 4597/4590/2348
f 4595/4588/2348 4597/4590/2348 4598/4591/2348
f 3858/3854/2349 3907/3903/2349 4599/4592/2349
f 3858/3854/2349 4599/4592/2349 4600/4593/2349
f 3626/3622/2350 4112/4106/2350 4601/4594/2350
f 3626/3622/2350 4601/4594/2350 4602/4595/2350
f 4603/4596/2351 3467/3463/2351 3468/3464/2351
f 4603/4596/2351 3468/3464/2351 4604/4597/2351
f 4056/4051/2352 4147/4141/2352 4148/4142/2352
f 4056/4051/2352 4148/4142/2352 4057/4052/2352
f 2426/2424/2353 2425/2423/2353 2694/2692/2353
f 2426/2424/2353 2694/2692/2353 2693/2691/2353
f 2063/2061/2354 4605/4598/2354 4606/4599/2354
f 2063/2061/2354 4606/4599/2354 2064/2062/2354
f 4607/4600/2355 4012/4007/2355 4011/4006/2355
f 4607/4600/2355 4011/4006/2355 4608/4601/2355
f 4609/4602/2356 4610/4603/2356 4611/4604/2356
f 4609/4602/2356 4611/4604/2356 4612/4605/2356
f 3854/3850/2357 4151/4145/2357 4152/4146/2357
f 3854/3850/2357 4152/4146/2357 3855/3851/2357
f 4613/4606/2358 4614/4607/2358 2676/2674/2358
f 4613/4606/2358 2676/2674/2358 2675/2673/2358
f 4488/4482/2359 4487/4481/2359 2480/2478/2359
f 4488/4482/2359 2480/2478/2359 2479/2477/2359
f 1881/1879/2360 4088/4082/2360 4615/4608/2360
f 1881/1879/2360 4615/4608/2360 4616/4609/2360
f 4369/4363/2361 4368/4362/2361 1989/1987/2361
f 4369/4363/2361 1989/1987/2361 4617/4610/2361
f 4496/4490/2362 4618/4611/2362 4619/4612/2362
f 4496/4490/2362 4619/4612/2362 4497/4491/2362
f 4620/4613/2363 4621/4614/2363 3090/3087/2363
f 4620/4613/2363 3090/3087/2363 3089/3086/2363
f 4617/4610/2364 1989/1987/2364 1988/1986/2364
f 4617/4610/2364 1988/1986/2364 4622/4615/2364
f 4623/4616/2365 166/166/2365 4624/4617/2365
f 4623/4616/2365 4624/4617/2365 4625/4618/2365
f 4626/4619/2366 4627/4620/2366 4628/4621/2366
f 4626/4619/2366 4628/4621/2366 4629/4622/2366
f 4630/4623/2367 2147/2145/2367 38/38/2367
f 4630/4623/2367 38/38/2367 3146/3142/2367
f 2344/2342/2368 3626/3622/2368 4602/4595/2368
f 2344/2342/2368 4602/4595/2368 2909/2907/2368
f 4036/4031/2369 2361/2359/2369 4631/4624/2369
f 4036/4031/2369 4631/4624/2369 4632/4625/2369
f 4633/4626/2370 4634/4627/2370 4514/4508/2370
f 4633/4626/2370 4514/4508/2370 4513/4507/2370
f 4169/4163/2371 4168/4162/2371 863/863/2371
f 4169/4163/2371 863/863/2371 862/862/2371
f 4635/4628/2372 4464/4458/2372 2301/2299/2372
f 4635/4628/2372 2301/2299/2372 4636/4629/2372
f 3337/3333/2373 4637/4630/2373 4638/4631/2373
f 3337/3333/2373 4638/4631/2373 3338/3334/2373
f 4639/4632/2374 4640/4633/2374 4641/4634/2374
f 4639/4632/2374 4641/4634/2374 4642/4635/2374
f 4554/4547/2375 4553/4546/2375 4643/4636/2375
f 4554/4547/2375 4643/4636/2375 4644/4637/2375
f 4645/4638/2376 4646/4639/2376 4388/4382/2376
f 4645/4638/2376 4388/4382/2376 4387/4381/2376
f 4368/4362/2377 2952/2950/2377 4647/4640/2377
f 4368/4362/2377 4647/4640/2377 4648/4641/2377
f 4536/4530/2378 4649/4642/2378 4650/4643/2378
f 4536/4530/2378 4650/4643/2378 4537/4531/2378
f 4339/4333/2379 1876/1874/2379 4651/4644/2379
f 4339/4333/2379 4651/4644/2379 4652/4645/2379
f 3370/3366/2380 4603/4596/2380 4604/4597/2380
f 3370/3366/2380 4604/4597/2380 3371/3367/2380
f 2532/2530/2381 2943/2941/2381 4653/4646/2381
f 2532/2530/2381 4653/4646/2381 4654/4647/2381
f 3388/3384/2382 1988/1986/2382 1991/1989/2382
f 3388/3384/2382 1991/1989/2382 4655/4648/2382
f 4656/4649/2383 4657/4650/2383 4658/4651/2383
f 4656/4649/2383 4658/4651/2383 4659/4652/2383
f 4660/4653/2384 4661/4654/2384 4662/4655/2384
f 4660/4653/2384 4662/4655/2384 4663/4656/2384
f 4664/4657/2385 3842/3838/2385 4665/4658/2385
f 4664/4657/2385 4665/4658/2385 4666/4659/2385
f 4667/4660/2386 1022/1022/2386 1786/1785/2386
f 4667/4660/2386 1786/1785/2386 4668/4661/2386
f 4669/4662/2387 4390/4384/2387 3615/3611/2387
f 4669/4662/2387 3615/3611/2387 4670/4663/2387
f 4302/4296/2388 4301/4295/2388 4671/4664/2388
f 4302/4296/2388 4671/4664/2388 4672/4665/2388
f 1753/1752/2389 4673/4666/2389 4674/4667/2389
f 1753/1752/2389 4674/4667/2389 4675/4668/2389
f 4676/4669/2390 4677/4670/2390 971/971/2390
f 4676/4669/2390 971/971/2390 970/970/2390
f 2116/2114/2391 2115/2113/2391 4678/4671/2391
f 2116/2114/2391 4678/4671/2391 4679/4672/2391
f 1761/1760/2392 4680/4673/2392 4681/4674/2392
f 1761/1760/2392 4681/4674/2392 1762/1761/2392
f 4682/4675/2393 4683/4676/2393 1015/1015/2393
f 4682/4675/2393 1015/1015/2393 4684/4677/2393
f 4685/4678/2394 4207/4201/2394 4210/4204/2394
f 4685/4678/2394 4210/4204/2394 4686/4679/2394
f 4687/4680/2395 4688/4681/2395 4689/4682/2395
f 4687/4680/2395 4689/4682/2395 4690/4683/2395
f 3348/3344/2396 3347/3343/2396 4691/4684/2396
f 3348/3344/2396 4691/4684/2396 4692/4685/2396
f 3077/3074/2397 3076/3073/2397 2112/2110/2397
f 3077/3074/2397 2112/2110/2397 2111/2109/2397
f 4111/4105/2398 4110/4104/2398 4693/4686/2398
f 4111/4105/2398 4693/4686/2398 4694/4687/2398
f 2422/2420/2399 2421/2419/2399 3186/3182/2399
f 2422/2420/2399 3186/3182/2399 4695/4688/2399
f 4696/4689/2400 4697/4690/2400 3763/3759/2400
f 4696/4689/2400 3763/3759/2400 3762/3758/2400
f 4698/4691/2401 3217/3213/2401 3344/3340/2401
f 4698/4691/2401 3344/3340/2401 4699/4692/2401
f 3931/3927/2402 3930/3926/2402 4700/4693/2402
f 3931/3927/2402 4700/4693/2402 4701/4694/2402
f 3826/3822/2403 3825/3821/2403 4702/4695/2403
f 3826/3822/2403 4702/4695/2403 4703/4696/2403
f 4704/4697/2404 4705/4698/2404 4706/4699/2404
f 4704/4697/2404 4706/4699/2404 4707/4700/2404
f 1768/1767/2405 4708/4701/2405 4709/4702/2405
f 1768/1767/2405 4709/4702/2405 4710/4703/2405
f 4201/4195/2406 4200/4194/2406 4711/4704/2406
f 4201/4195/2406 4711/4704/2406 4712/4705/2406
f 1215/1214/2407 1217/1216/2407 2186/2184/2407
f 1215/1214/2407 2186/2184/2407 2185/2183/2407
f 2968/2966/2408 2967/2965/2408 4713/4706/2408
f 2968/2966/2408 4713/4706/2408 4714/4707/2408
f 4347/4341/2409 4346/4340/2409 2495/2493/2409
f 4347/4341/2409 2495/2493/2409 2494/2492/2409
f 4210/4204/2410 4209/4203/2410 4715/4708/2410
f 4210/4204/2410 4715/4708/2410 4716/4709/2410
f 4717/4710/2411 4718/4711/2411 4719/4712/2411
f 4717/4710/2411 4719/4712/2411 4720/4713/2411
f 4282/4276/2412 4055/4050/2412 4058/4053/2412
f 4282/4276/2412 4058/4053/2412 4283/4277/2412
f 3848/3844/2413 4721/4714/2413 2748/2746/2413
f 3848/3844/2413 2748/2746/2413 2114/2112/2413
f 4390/4384/2414 4389/4383/2414 3616/3612/2414
f 4390/4384/2414 3616/3612/2414 3615/3611/2414
f 4722/4715/2415 2346/2344/2415 2345/2343/2415
f 4722/4715/2415 2345/2343/2415 3184/3180/2415
f 4723/4716/2416 3528/3524/2416 3531/3527/2416
f 4723/4716/2416 3531/3527/2416 4724/4717/2416
f 4725/4718/2417 4726/4719/2417 4727/4720/2417
f 4725/4718/2417 4727/4720/2417 4728/4721/2417
f 4212/4206/2418 4211/4205/2418 4729/4722/2418
f 4212/4206/2418 4729/4722/2418 4730/4723/2418
f 4113/4107/2419 4112/4106/2419 3626/3622/2419
f 4113/4107/2419 3626/3622/2419 3625/3621/2419
f 4714/4707/2420 4713/4706/2420 4384/4378/2420
f 4714/4707/2420 4384/4378/2420 4383/4377/2420
f 3025/3023/2421 4731/4724/2421 4365/4359/2421
f 3025/3023/2421 4365/4359/2421 4297/4291/2421
f 4539/4533/2422 4538/4532/2422 2664/2662/2422
f 4539/4533/2422 2664/2662/2422 2663/2661/2422
f 3851/3847/2423 4732/4725/2423 3472/3468/2423
f 3851/3847/2423 3472/3468/2423 3471/3467/2423
f 4733/4726/2424 4734/4727/2424 4735/4728/2424
f 4733/4726/2424 4735/4728/2424 4736/4729/2424
f 3121/3118/2425 4737/4730/2425 1914/1912/2425
f 3121/3118/2425 1914/1912/2425 3122/3119/2425
f 4174/4168/2426 4175/4169/2426 4738/4731/2426
f 4174/4168/2426 4738/4731/2426 4739/4732/2426
f 4740/4733/2427 3337/3333/2427 1871/1869/2427
f 4740/4733/2427 1871/1869/2427 4741/4734/2427
f 4742/4735/2428 4743/4736/2428 4744/4737/2428
f 4742/4735/2428 4744/4737/2428 4745/4738/2428
f 4642/4635/2429 4641/4634/2429 1889/1887/2429
f 4642/4635/2429 1889/1887/2429 1888/1886/2429
f 4741/4734/2430 1871/1869/2430 1874/1872/2430
f 4741/4734/2430 1874/1872/2430 3683/3679/2430
f 71/71/2431 4746/4739/2431 4747/4740/2431
f 71/71/2431 4747/4740/2431 72/72/2431
f 3966/3961/2432 3732/3728/2432 3735/3731/2432
f 3966/3961/2432 3735/3731/2432 3967/3962/2432
f 166/166/2433 168/168/2433 4748/4741/2433
f 166/166/2433 4748/4741/2433 4624/4617/2433
f 4745/4738/2434 4744/4737/2434 4353/4347/2434
f 4745/4738/2434 4353/4347/2434 4352/4346/2434
f 4749/4742/2435 2316/2314/2435 2319/2317/2435
f 4749/4742/2435 2319/2317/2435 4750/4743/2435
f 4751/4744/2436 4281/4275/2436 4284/4278/2436
f 4751/4744/2436 4284/4278/2436 4752/4745/2436
f 4753/4746/2437 4754/4747/2437 4016/4011/2437
f 4753/4746/2437 4016/4011/2437 4015/4010/2437
f 4755/4748/2438 3809/3805/2438 3810/3806/2438
f 4755/4748/2438 3810/3806/2438 4756/4749/2438
f 4757/4750/2439 2304/2302/2439 3554/3550/2439
f 4757/4750/2439 3554/3550/2439 3553/3549/2439
f 117/117/2440 116/116/2440 4321/4315/2440
f 117/117/2440 4321/4315/2440 4320/4314/2440
f 2592/2590/2441 2591/2589/2441 4758/4751/2441
f 2592/2590/2441 4758/4751/2441 4759/4752/2441
f 4760/4753/2442 4761/4754/2442 4762/4755/2442
f 4760/4753/2442 4762/4755/2442 4763/4756/2442
f 4012/4007/2443 4764/4757/2443 4765/4758/2443
f 4012/4007/2443 4765/4758/2443 4013/4008/2443
f 4766/4759/2444 4767/4760/2444 4768/4761/2444
f 4766/4759/2444 4768/4761/2444 4769/4762/2444
f 4770/4763/2445 4771/4764/2445 4772/4765/2445
f 4770/4763/2445 4772/4765/2445 4773/4766/2445
f 4672/4665/2446 4671/4664/2446 989/989/2446
f 4672/4665/2446 989/989/2446 988/988/2446
f 4774/4767/2447 2756/2754/2447 952/952/2447
f 4774/4767/2447 952/952/2447 4775/4768/2447
f 2531/2529/2448 2941/2939/2448 2943/2941/2448
f 2531/2529/2448 2943/2941/2448 2532/2530/2448
f 4776/4769/2449 3379/3375/2449 4777/4770/2449
f 4776/4769/2449 4777/4770/2449 4778/4771/2449
f 4228/4222/2450 4227/4221/2450 2660/2658/2450
f 4228/4222/2450 2660/2658/2450 2659/2657/2450
f 4779/4772/2451 4780/4773/2451 1009/1009/2451
f 4779/4772/2451 1009/1009/2451 4781/4774/2451
f 4644/4637/2452 4643/4636/2452 2582/2580/2452
f 4644/4637/2452 2582/2580/2452 2581/2579/2452
f 4782/4775/2453 4783/4776/2453 2138/2136/2453
f 4782/4775/2453 2138/2136/2453 2137/2135/2453
f 3800/3796/2454 3799/3795/2454 3066/3063/2454
f 3800/3796/2454 3066/3063/2454 3065/3062/2454
f 3845/3841/2455 2414/2412/2455 3697/3693/2455
f 3845/3841/2455 3697/3693/2455 4784/4777/2455
f 3383/3379/2456 4785/4778/2456 4786/4779/2456
f 3383/3379/2456 4786/4779/2456 3082/3079/2456
f 3928/3924/2457 3927/3923/2457 4787/4780/2457
f 3928/3924/2457 4787/4780/2457 4788/4781/2457
f 4661/4654/2458 3517/3513/2458 3520/3516/2458
f 4661/4654/2458 3520/3516/2458 4662/4655/2458
f 2533/2531/2459 2532/2530/2459 4654/4647/2459
f 2533/2531/2459 4654/4647/2459 4789/4782/2459
f 3844/3840/2460 2411/2409/2460 2414/2412/2460
f 3844/3840/2460 2414/2412/2460 3845/3841/2460
f 4790/4783/2461 4791/4784/2461 4704/4697/2461
f 4790/4783/2461 4704/4697/2461 4792/4785/2461
f 2667/2665/2462 4749/4742/2462 4750/4743/2462
f 2667/2665/2462 4750/4743/2462 2668/2666/2462
f 4793/4786/2463 2596/2594/2463 2622/2620/2463
f 4793/4786/2463 2622/2620/2463 4794/4787/2463
f 4795/4788/2464 4796/4789/2464 956/956/2464
f 4795/4788/2464 956/956/2464 955/955/2464
f 4797/4790/2465 4707/4700/2465 961/961/2465
f 4797/4790/2465 961/961/2465 4798/4791/2465
f 4799/4792/2466 4755/4748/2466 4756/4749/2466
f 4799/4792/2466 4756/4749/2466 4673/4666/2466
f 4800/4793/2467 2836/2834/2467 1006/1006/2467
f 4800/4793/2467 1006/1006/2467 4801/4794/2467
f 4678/4671/2468 4802/4795/2468 4803/4796/2468
f 4678/4671/2468 4803/4796/2468 4804/4797/2468
f 4805/4798/2469 4672/4665/2469 988/988/2469
f 4805/4798/2469 988/988/2469 4806/4799/2469
f 2677/2675/2470 4807/4800/2470 4808/4801/2470
f 2677/2675/2470 4808/4801/2470 4791/4784/2470
f 3095/3092/2471 3356/3352/2471 4809/4802/2471
f 3095/3092/2471 4809/4802/2471 4810/4803/2471
f 4811/4804/2472 4812/4805/2472 4813/4806/2472
f 4811/4804/2472 4813/4806/2472 4814/4807/2472
f 1783/1782/2473 4668/4661/2473 4815/4808/2473
f 1783/1782/2473 4815/4808/2473 4816/4809/2473
f 1788/1787/2474 4215/4209/2474 4216/4210/2474
f 1788/1787/2474 4216/4210/2474 1789/1788/2474
f 4817/4810/2475 4818/4811/2475 4819/4812/2475
f 4817/4810/2475 4819/4812/2475 4820/4813/2475
f 62/62/2476 4821/4814/2476 4822/4815/2476
f 62/62/2476 4822/4815/2476 63/63/2476
f 4823/4816/2477 4824/4817/2477 4825/4818/2477
f 4823/4816/2477 4825/4818/2477 4826/4819/2477
f 4827/4820/2478 4626/4619/2478 4629/4622/2478
f 4827/4820/2478 4629/4622/2478 4828/4821/2478
f 1930/1928/2479 1929/1927/2479 4829/4822/2479
f 1930/1928/2479 4829/4822/2479 3302/3298/2479
f 4830/4823/2480 4831/4824/2480 4832/4825/2480
f 4830/4823/2480 4832/4825/2480 4833/4826/2480
f 4469/4463/2481 4468/4462/2481 4834/4827/2481
f 4469/4463/2481 4834/4827/2481 4835/4828/2481
f 4836/4829/2482 4837/4830/2482 2321/2319/2482
f 4836/4829/2482 2321/2319/2482 2320/2318/2482
f 3851/3847/2483 2341/2339/2483 4838/4831/2483
f 3851/3847/2483 4838/4831/2483 4732/4725/2483
f 4839/4832/2484 4840/4833/2484 4241/4235/2484
f 4839/4832/2484 4241/4235/2484 4841/4834/2484
f 3593/3589/2485 3055/3052/2485 1906/1904/2485
f 3593/3589/2485 1906/1904/2485 4219/4213/2485
f 390/390/271 303/303/200 319/319/214
f 390/390/271 319/319/214 389/389/270
f 4842/4835/2486 4843/4836/2486 1898/1896/2486
f 4842/4835/2486 1898/1896/2486 1897/1895/2486
f 116/116/2487 3834/3830/2487 4844/4837/2487
f 116/116/2487 4844/4837/2487 4321/4315/2487
f 4845/4838/2488 4627/4620/2488 4626/4619/2488
f 4845/4838/2488 4626/4619/2488 4846/4839/2488
f 3567/3563/2489 4137/4131/2489 4847/4840/2489
f 3567/3563/2489 4847/4840/2489 3568/3564/2489
f 4632/4625/2490 4631/4624/2490 4596/4589/2490
f 4632/4625/2490 4596/4589/2490 4848/4841/2490
f 2341/2339/2491 2340/2338/2491 4849/4842/2491
f 2341/2339/2491 4849/4842/2491 4838/4831/2491
f 4850/4843/2492 4851/4844/2492 2780/2778/2492
f 4850/4843/2492 2780/2778/2492 2779/2777/2492
f 3025/3023/2493 3024/3022/2493 3629/3625/2493
f 3025/3023/2493 3629/3625/2493 4731/4724/2493
f 4112/4106/2494 150/150/2494 3544/3540/2494
f 4112/4106/2494 3544/3540/2494 4601/4594/2494
f 124/124/2495 126/126/2495 4852/4845/2495
f 124/124/2495 4852/4845/2495 4853/4846/2495
f 4728/4721/2496 4727/4720/2496 4854/4847/2496
f 4728/4721/2496 4854/4847/2496 4855/4848/2496
f 2776/2774/2497 2548/2546/2497 2551/2549/2497
f 2776/2774/2497 2551/2549/2497 2777/2775/2497
f 134/134/2498 133/133/2498 2305/2303/2498
f 134/134/2498 2305/2303/2498 4856/4849/2498
f 4138/4132/2499 3567/3563/2499 3566/3562/2499
f 4138/4132/2499 3566/3562/2499 4857/4850/2499
f 3868/3864/2500 4858/4851/2500 4859/4852/2500
f 3868/3864/2500 4859/4852/2500 3869/3865/2500
f 4860/4853/2501 3469/3465/2501 3470/3466/2501
f 4860/4853/2501 3470/3466/2501 4861/4854/2501
f 2342/2340/2502 2341/2339/2502 3851/3847/2502
f 2342/2340/2502 3851/3847/2502 3850/3846/2502
f 4132/4126/2503 3133/3129/2503 3136/3132/2503
f 4132/4126/2503 3136/3132/2503 4133/4127/2503
f 4862/4855/2504 68/68/2504 4863/4856/2504
f 4862/4855/2504 4863/4856/2504 4864/4857/2504
f 4471/4465/2505 4322/4316/2505 4865/4858/2505
f 4471/4465/2505 4865/4858/2505 4866/4859/2505
f 4098/4092/2506 4101/4095/2506 4278/4272/2506
f 4098/4092/2506 4278/4272/2506 4277/4271/2506
f 3757/3753/2507 2182/2180/2507 2183/2181/2507
f 3757/3753/2507 2183/2181/2507 3758/3754/2507
f 4406/4400/2508 2513/2511/2508 2761/2759/2508
f 4406/4400/2508 2761/2759/2508 4867/4860/2508
f 4411/4405/2509 3214/3210/2509 3217/3213/2509
f 4411/4405/2509 3217/3213/2509 4698/4691/2509
f 1663/1662/2510 4868/4861/2510 4869/4862/2510
f 1663/1662/2510 4869/4862/2510 1661/1660/2510
f 4401/4395/2511 4400/4394/2511 4870/4863/2511
f 4401/4395/2511 4870/4863/2511 4871/4864/2511
f 4869/4862/2512 4868/4861/2512 4872/4865/2512
f 4869/4862/2512 4872/4865/2512 4873/4866/2512
f 4874/4867/2513 4875/4868/2513 1660/1659/2513
f 4874/4867/2513 1660/1659/2513 1659/1658/2513
f 4209/4203/2514 3552/3548/2514 4876/4869/2514
f 4209/4203/2514 4876/4869/2514 4715/4708/2514
f 4867/4860/2515 2761/2759/2515 2764/2762/2515
f 4867/4860/2515 2764/2762/2515 4877/4870/2515
f 1653/1652/2516 3075/3072/2516 3078/3075/2516
f 1653/1652/2516 3078/3075/2516 1651/1650/2516
f 2109/2107/2517 2380/2378/2517 2379/2377/2517
f 2109/2107/2517 2379/2377/2517 2110/2108/2517
f 1670/1669/2518 3756/3752/2518 3759/3755/2518
f 1670/1669/2518 3759/3755/2518 1668/1667/2518
f 4878/4871/2519 2969/2967/2519 2972/2970/2519
f 4878/4871/2519 2972/2970/2519 4879/4872/2519
f 2943/2941/2520 2683/2681/2520 2686/2684/2520
f 2943/2941/2520 2686/2684/2520 4653/4646/2520
f 1696/1695/2521 2190/2188/2521 2191/2189/2521
f 1696/1695/2521 2191/2189/2521 1223/1222/2521
f 3643/3639/2522 3642/3638/2522 4880/4873/2522
f 3643/3639/2522 4880/4873/2522 4881/4874/2522
f 4882/4875/2523 4804/4797/2523 4780/4773/2523
f 4882/4875/2523 4780/4773/2523 4779/4772/2523
f 3742/3738/2524 4878/4871/2524 4879/4872/2524
f 3742/3738/2524 4879/4872/2524 3743/3739/2524
f 1708/1707/2525 4562/4555/2525 4561/4554/2525
f 1708/1707/2525 4561/4554/2525 1706/1705/2525
f 4881/4874/2526 4880/4873/2526 3211/3207/2526
f 4881/4874/2526 3211/3207/2526 3210/3206/2526
f 3253/3249/2527 3252/3248/2527 3561/3557/2527
f 3253/3249/2527 3561/3557/2527 4883/4876/2527
f 4662/4655/2528 3520/3516/2528 3709/3705/2528
f 4662/4655/2528 3709/3705/2528 4884/4877/2528
f 2119/2117/2529 4885/4878/2529 4886/4879/2529
f 2119/2117/2529 4886/4879/2529 2120/2118/2529
f 4887/4880/2530 1707/1706/2530 1702/1701/2530
f 4887/4880/2530 1702/1701/2530 4888/4881/2530
f 2136/2134/2531 4889/4882/2531 4890/4883/2531
f 2136/2134/2531 4890/4883/2531 2135/2133/2531
f 2168/2166/2532 2184/2182/2532 2187/2185/2532
f 2168/2166/2532 2187/2185/2532 2169/2167/2532
f 2176/2174/2533 4890/4883/2533 4889/4882/2533
f 2176/2174/2533 4889/4882/2533 2177/2175/2533
f 4336/4330/2534 2173/2171/2534 2172/2170/2534
f 4336/4330/2534 2172/2170/2534 4337/4331/2534
f 2174/2172/2535 1687/1686/2535 1686/1685/2535
f 2174/2172/2535 1686/1685/2535 2175/2173/2535
f 1682/1681/2536 4891/4884/2536 4892/4885/2536
f 1682/1681/2536 4892/4885/2536 1680/1679/2536
f 2039/2037/2537 2285/2283/2537 2284/2282/2537
f 2039/2037/2537 2284/2282/2537 2040/2038/2537
f 4891/4884/2538 4893/4886/2538 4894/4887/2538
f 4891/4884/2538 4894/4887/2538 4892/4885/2538
f 4895/4888/2539 1747/1746/2539 1746/1745/2539
f 4895/4888/2539 1746/1745/2539 4896/4889/2539
f 4897/4890/2540 4898/4891/2540 4899/4892/2540
f 4897/4890/2540 4899/4892/2540 4900/4893/2540
f 4901/4894/2541 1711/1710/2541 1710/1709/2541
f 4901/4894/2541 1710/1709/2541 4902/4895/2541
f 4903/4896/2542 1714/1713/2542 1713/1712/2542
f 4903/4896/2542 1713/1712/2542 4904/4897/2542
f 4905/4898/2543 4906/4899/2543 4907/4900/2543
f 4905/4898/2543 4907/4900/2543 4908/4901/2543
f 4426/4420/2544 4429/4423/2544 4909/4902/2544
f 4426/4420/2544 4909/4902/2544 4910/4903/2544
f 2016/2014/2545 3400/3396/2545 3403/3399/2545
f 2016/2014/2545 3403/3399/2545 2017/2015/2545
f 4911/4904/2546 4912/4905/2546 4913/4906/2546
f 4911/4904/2546 4913/4906/2546 4914/4907/2546
f 4444/4438/2547 828/828/2547 830/830/2547
f 4444/4438/2547 830/830/2547 4445/4439/2547
f 4915/4908/2548 2286/2284/2548 2289/2287/2548
f 4915/4908/2548 2289/2287/2548 4916/4909/2548
f 4917/4910/2549 4918/4911/2549 950/950/2549
f 4917/4910/2549 950/950/2549 949/949/2549
f 4919/4912/2550 1729/1728/2550 1728/1727/2550
f 4919/4912/2550 1728/1727/2550 4920/4913/2550
f 4906/4899/2551 4921/4914/2551 4922/4915/2551
f 4906/4899/2551 4922/4915/2551 4907/4900/2551
f 4923/4916/2552 1732/1731/2552 1731/1730/2552
f 4923/4916/2552 1731/1730/2552 4924/4917/2552
f 4925/4918/2553 1723/1722/2553 1722/1721/2553
f 4925/4918/2553 1722/1721/2553 4926/4919/2553
f 4927/4920/2554 1738/1737/2554 1737/1736/2554
f 4927/4920/2554 1737/1736/2554 4928/4921/2554
f 4929/4922/2555 1741/1740/2555 1740/1739/2555
f 4929/4922/2555 1740/1739/2555 4930/4923/2555
f 4931/4924/2556 4932/4925/2556 4898/4891/2556
f 4931/4924/2556 4898/4891/2556 4897/4890/2556
f 2139/2137/2557 4933/4926/2557 4934/4927/2557
f 2139/2137/2557 4934/4927/2557 4593/4586/2557
f 2138/2136/2557 4935/4928/2557 4933/4926/2557
f 2138/2136/2557 4933/4926/2557 2139/2137/2557
f 4936/4929/2558 4931/4924/2558 4897/4890/2558
f 4936/4929/2558 4897/4890/2558 4937/4930/2558
f 1741/1740/2559 961/961/2559 960/960/2559
f 1741/1740/2559 960/960/2559 1739/1738/2559
f 4798/4791/2560 961/961/2560 1741/1740/2560
f 4798/4791/2560 1741/1740/2560 4929/4922/2560
f 1738/1737/2561 964/964/2561 963/963/2561
f 1738/1737/2561 963/963/2561 1736/1735/2561
f 4938/4931/2554 964/964/2554 1738/1737/2554
f 4938/4931/2554 1738/1737/2554 4927/4920/2554
f 4523/4517/2562 4939/4932/2562 4940/4933/2562
f 4523/4517/2562 4940/4933/2562 4524/4518/2562
f 4941/4934/2563 3837/3833/2563 967/967/2563
f 4941/4934/2563 967/967/2563 1759/1758/2563
f 4942/4935/2564 4943/4936/2564 1025/1025/2564
f 4942/4935/2564 1025/1025/2564 1024/1024/2564
f 4944/4937/2565 4942/4935/2565 1024/1024/2565
f 4944/4937/2565 1024/1024/2565 1789/1788/2565
f 1723/1722/2566 991/991/2566 990/990/2566
f 1723/1722/2566 990/990/2566 1721/1720/2566
f 4945/4938/2567 991/991/2567 1723/1722/2567
f 4945/4938/2567 1723/1722/2567 4925/4918/2567
f 50/50/2568 4946/4939/2568 4947/4940/2568
f 50/50/2568 4947/4940/2568 51/51/2568
f 4948/4941/2569 2364/2362/2569 1003/1003/2569
f 4948/4941/2569 1003/1003/2569 1780/1779/2569
f 2948/2946/2570 4949/4942/2570 4950/4943/2570
f 2948/2946/2570 4950/4943/2570 2949/2947/2570
f 4951/4944/2571 2807/2805/2571 946/946/2571
f 4951/4944/2571 946/946/2571 1750/1749/2571
f 1732/1731/2572 982/982/2572 981/981/2572
f 1732/1731/2572 981/981/2572 1730/1729/2572
f 4952/4945/2573 982/982/2573 1732/1731/2573
f 4952/4945/2573 1732/1731/2573 4923/4916/2573
f 4953/4946/2574 4954/4947/2574 4955/4948/2574
f 4953/4946/2574 4955/4948/2574 3203/3199/2574
f 4956/4949/2575 4953/4946/2575 3203/3199/2575
f 4956/4949/2575 3203/3199/2575 3202/3198/2575
f 4773/4766/2576 4772/4765/2576 4906/4899/2576
f 4773/4766/2576 4906/4899/2576 4905/4898/2576
f 4957/4950/2577 4958/4951/2577 959/959/2577
f 4957/4950/2577 959/959/2577 958/958/2577
f 4959/4952/2577 4957/4950/2577 958/958/2577
f 4959/4952/2577 958/958/2577 1756/1755/2577
f 1729/1728/2578 985/985/2578 984/984/2578
f 1729/1728/2578 984/984/2578 1727/1726/2578
f 4960/4953/2579 985/985/2579 1729/1728/2579
f 4960/4953/2579 1729/1728/2579 4919/4912/2579
f 1751/1750/2580 1753/1752/2580 949/949/2580
f 1751/1750/2580 949/949/2580 948/948/2580
f 4675/4668/2581 4917/4910/2581 949/949/2581
f 4675/4668/2581 949/949/2581 1753/1752/2581
f 3203/3199/2582 4955/4948/2582 4961/4954/2582
f 3203/3199/2582 4961/4954/2582 3204/3200/2582
f 4962/4955/2583 3018/3016/2583 3017/3015/2583
f 4962/4955/2583 3017/3015/2583 4963/4956/2583
f 4964/4957/2584 4585/4578/2584 2286/2284/2584
f 4964/4957/2584 2286/2284/2584 4915/4908/2584
f 828/828/2585 4444/4438/2585 4517/4511/2585
f 828/828/2585 4517/4511/2585 831/831/2585
f 1757/1756/2586 1759/1758/2586 967/967/2586
f 1757/1756/2586 967/967/2586 966/966/2586
f 4965/4958/2587 4966/4959/2587 2309/2307/2587
f 4965/4958/2587 2309/2307/2587 2308/2306/2587
f 1744/1743/2588 955/955/2588 954/954/2588
f 1744/1743/2588 954/954/2588 1742/1741/2588
f 3329/3325/2589 4967/4960/2589 4968/4961/2589
f 3329/3325/2589 4968/4961/2589 3330/3326/2589
f 2843/2841/2590 2842/2840/2590 1865/1863/2590
f 2843/2841/2590 1865/1863/2590 1864/1862/2590
f 4969/4962/2591 4970/4963/2591 977/977/2591
f 4969/4962/2591 977/977/2591 976/976/2591
f 4971/4964/2592 4969/4962/2592 976/976/2592
f 4971/4964/2592 976/976/2592 1765/1764/2592
f 4972/4965/2593 4973/4966/2593 4578/4571/2593
f 4972/4965/2593 4578/4571/2593 4577/4570/2593
f 4540/4534/2594 4543/4537/2594 4974/4967/2594
f 4540/4534/2594 4974/4967/2594 4975/4968/2594
f 4687/4680/2595 4911/4904/2595 4914/4907/2595
f 4687/4680/2595 4914/4907/2595 4976/4969/2595
f 4977/4970/2596 4978/4971/2596 980/980/2596
f 4977/4970/2596 980/980/2596 979/979/2596
f 4710/4703/2597 4977/4970/2597 979/979/2597
f 4710/4703/2597 979/979/2597 1768/1767/2597
f 1720/1719/2598 1006/1006/2598 1005/1005/2598
f 1720/1719/2598 1005/1005/2598 1718/1717/2598
f 4801/4794/2599 1006/1006/2599 1720/1719/2599
f 4801/4794/2599 1720/1719/2599 4530/4524/2599
f 4806/4799/2600 988/988/2600 1726/1725/2600
f 4806/4799/2600 1726/1725/2600 2347/2345/2600
f 2705/2703/2601 4979/4972/2601 4980/4973/2601
f 2705/2703/2601 4980/4973/2601 2706/2704/2601
f 4981/4974/2602 4982/4975/2602 4912/4905/2602
f 4981/4974/2602 4912/4905/2602 4911/4904/2602
f 4772/4765/2603 4983/4976/2603 4921/4914/2603
f 4772/4765/2603 4921/4914/2603 4906/4899/2603
f 4690/4683/2604 4981/4974/2604 4911/4904/2604
f 4690/4683/2604 4911/4904/2604 4687/4680/2604
f 1714/1713/2605 1012/1012/2605 1011/1011/2605
f 1714/1713/2605 1011/1011/2605 1712/1711/2605
f 4984/4977/2606 1012/1012/2606 1714/1713/2606
f 4984/4977/2606 1714/1713/2606 4903/4896/2606
f 1711/1710/2607 1015/1015/2607 1014/1014/2607
f 1711/1710/2607 1014/1014/2607 1709/1708/2607
f 4684/4677/2608 1015/1015/2608 1711/1710/2608
f 4684/4677/2608 1711/1710/2608 4901/4894/2608
f 4985/4978/2609 4986/4979/2609 4987/4980/2609
f 4985/4978/2609 4987/4980/2609 4988/4981/2609
f 4816/4809/2610 2907/2905/2610 1018/1018/2610
f 4816/4809/2610 1018/1018/2610 1783/1782/2610
f 4989/4982/2611 4990/4983/2611 998/998/2611
f 4989/4982/2611 998/998/2611 997/997/2611
f 4991/4984/2612 4989/4982/2612 997/997/2612
f 4991/4984/2612 997/997/2612 1774/1773/2612
f 4992/4985/2613 4993/4986/2613 4994/4987/2613
f 4992/4985/2613 4994/4987/2613 4995/4988/2613
f 1775/1774/2614 1777/1776/2614 1000/1000/2614
f 1775/1774/2614 1000/1000/2614 999/999/2614
f 4937/4930/2615 4897/4890/2615 4900/4893/2615
f 4937/4930/2615 4900/4893/2615 4996/4989/2615
f 4979/4972/2616 4997/4990/2616 4998/4991/2616
f 4979/4972/2616 4998/4991/2616 4980/4973/2616
f 4999/4992/2617 3206/3202/2617 973/973/2617
f 4999/4992/2617 973/973/2617 1762/1761/2617
f 5000/4993/2618 2158/2156/2618 2161/2159/2618
f 5000/4993/2618 2161/2159/2618 5001/4994/2618
f 5002/4995/1749 3298/3294/1749 1000/1000/1749
f 5002/4995/1749 1000/1000/1749 1777/1776/1749
f 1747/1746/2619 952/952/2619 951/951/2619
f 1747/1746/2619 951/951/2619 1745/1744/2619
f 4775/4768/2620 952/952/2620 1747/1746/2620
f 4775/4768/2620 1747/1746/2620 4895/4888/2620
f 1947/1945/2621 3339/3335/2621 5003/4996/2621
f 1947/1945/2621 5003/4996/2621 5004/4997/2621
f 59/59/2622 5005/4998/2622 5006/4999/2622
f 59/59/2622 5006/4999/2622 60/60/2622
f 2594/2592/2623 5007/5000/2623 2336/2334/2623
f 2594/2592/2623 2336/2334/2623 2595/2593/2623
f 3790/3786/2624 5008/5001/2624 5009/5002/2624
f 3790/3786/2624 5009/5002/2624 3032/3030/2624
f 5010/5003/2625 53/53/2625 5011/5004/2625
f 5010/5003/2625 5011/5004/2625 5012/5005/2625
f 3848/3844/2626 3104/3101/2626 3107/3104/2626
f 3848/3844/2626 3107/3104/2626 4721/4714/2626
f 5013/5006/2627 5014/5007/2627 5015/5008/2627
f 5013/5006/2627 5015/5008/2627 5016/5009/2627
f 4398/4392/2628 3137/3133/2628 3140/3136/2628
f 4398/4392/2628 3140/3136/2628 4399/4393/2628
f 2420/2418/2629 4722/4715/2629 3184/3180/2629
f 2420/2418/2629 3184/3180/2629 2421/2419/2629
f 5017/5010/2630 5018/5011/2630 4572/4565/2630
f 5017/5010/2630 4572/4565/2630 4571/4564/2630
f 5019/5012/2631 4377/4371/2631 4380/4374/2631
f 5019/5012/2631 4380/4374/2631 5020/5013/2631
f 4340/4334/2632 4339/4333/2632 5021/5014/2632
f 4340/4334/2632 5021/5014/2632 5022/5015/2632
f 2485/2483/2633 3431/3427/2633 3996/3991/2633
f 2485/2483/2633 3996/3991/2633 2486/2484/2633
f 5009/5002/2634 4609/4602/2634 4612/4605/2634
f 5009/5002/2634 4612/4605/2634 5023/5016/2634
f 161/161/2635 163/163/2635 5024/5017/2635
f 161/161/2635 5024/5017/2635 5025/5018/2635
f 145/145/2636 147/147/2636 5026/5019/2636
f 145/145/2636 5026/5019/2636 2362/2360/2636
f 2759/2757/2637 5027/5020/2637 5028/5021/2637
f 2759/2757/2637 5028/5021/2637 4840/4833/2637
f 1967/1965/2638 1966/1964/2638 5029/5022/2638
f 1967/1965/2638 5029/5022/2638 5030/5023/2638
f 4860/4853/2639 4861/4854/2639 5031/5024/2639
f 4860/4853/2639 5031/5024/2639 5032/5025/2639
f 5033/5026/2640 5034/5027/2640 5035/5028/2640
f 5033/5026/2640 5035/5028/2640 5036/5029/2640
f 4303/4297/2641 4108/4102/2641 4111/4105/2641
f 4303/4297/2641 4111/4105/2641 2012/2010/2641
f 3922/3918/2642 5037/5030/2642 5038/5031/2642
f 3922/3918/2642 5038/5031/2642 3923/3919/2642
f 4026/4021/2643 4025/4020/2643 4332/4326/2643
f 4026/4021/2643 4332/4326/2643 5039/5032/2643
f 5040/5033/2644 5041/5034/2644 3105/3102/2644
f 5040/5033/2644 3105/3102/2644 5042/5035/2644
f 5043/5036/2645 5044/5037/2645 4474/4468/2645
f 5043/5036/2645 4474/4468/2645 4473/4467/2645
f 5045/5038/2646 2155/2153/2646 2157/2155/2646
f 5045/5038/2646 2157/2155/2646 4039/4034/2646
f 4645/4638/2647 2300/2298/2647 2303/2301/2647
f 4645/4638/2647 2303/2301/2647 4646/4639/2647
f 1770/1769/2648 3011/3009/2648 3012/3010/2648
f 1770/1769/2648 3012/3010/2648 1771/1770/2648
f 141/141/2649 143/143/2649 5046/5039/2649
f 141/141/2649 5046/5039/2649 5047/5040/2649
f 128/128/2650 5048/5041/2650 4615/4608/2650
f 128/128/2650 4615/4608/2650 4088/4082/2650
f 5049/5042/2651 3919/3915/2651 3627/3623/2651
f 5049/5042/2651 3627/3623/2651 3849/3845/2651
f 5050/5043/2652 2351/2349/2652 2271/2269/2652
f 5050/5043/2652 2271/2269/2652 3489/3485/2652
f 5051/5044/2653 4610/4603/2653 4609/4602/2653
f 5051/5044/2653 4609/4602/2653 5052/5045/2653
f 5053/5046/2654 5032/5025/2654 3513/3509/2654
f 5053/5046/2654 3513/3509/2654 4130/4124/2654
f 5054/5047/2655 5055/5048/2655 5056/5049/2655
f 5054/5047/2655 5056/5049/2655 5057/5050/2655
f 277/277/182 193/193/111 207/207/123
f 277/277/182 207/207/123 276/276/181
f 4630/4623/2656 3146/3142/2656 4145/4139/2656
f 4630/4623/2656 4145/4139/2656 5058/5051/2656
f 5059/5052/2657 5060/5053/2657 5061/5054/2657
f 5059/5052/2657 5061/5054/2657 5062/5055/2657
f 137/137/2658 2261/2259/2658 4765/4758/2658
f 137/137/2658 4765/4758/2658 4764/4757/2658
f 5063/5056/2659 3104/3101/2659 3848/3844/2659
f 5063/5056/2659 3848/3844/2659 3847/3843/2659
f 5012/5005/2660 5011/5004/2660 2340/2338/2660
f 5012/5005/2660 2340/2338/2660 2339/2337/2660
f 4636/4629/2661 2301/2299/2661 2300/2298/2661
f 4636/4629/2661 2300/2298/2661 5064/5057/2661
f 3906/3902/2662 161/161/2662 5025/5018/2662
f 3906/3902/2662 5025/5018/2662 5065/5058/2662
f 4231/4225/2663 4232/4226/2663 2317/2315/2663
f 4231/4225/2663 2317/2315/2663 3152/3148/2663
f 5066/5059/2664 3623/3619/2664 3519/3515/2664
f 5066/5059/2664 3519/3515/2664 3518/3514/2664
f 5067/5060/2665 5068/5061/2665 5069/5062/2665
f 5067/5060/2665 5069/5062/2665 5070/5063/2665
f 4846/4839/2666 4626/4619/2666 4827/4820/2666
f 4846/4839/2666 4827/4820/2666 5071/5064/2666
f 5072/5065/2667 4623/4616/2667 4610/4603/2667
f 5072/5065/2667 4610/4603/2667 5051/5044/2667
f 5073/5066/2668 1969/1967/2668 1968/1966/2668
f 5073/5066/2668 1968/1966/2668 3521/3517/2668
f 2774/2772/2669 2773/2771/2669 2474/2472/2669
f 2774/2772/2669 2474/2472/2669 2473/2471/2669
f 104/104/2670 106/106/2670 5074/5067/2670
f 104/104/2670 5074/5067/2670 5075/5068/2670
f 4631/4624/2671 2361/2359/2671 2363/2361/2671
f 4631/4624/2671 2363/2361/2671 5076/5069/2671
f 53/53/2672 5010/5003/2672 5077/5070/2672
f 53/53/2672 5077/5070/2672 54/54/2672
f 5078/5071/2673 3469/3465/2673 4860/4853/2673
f 5078/5071/2673 4860/4853/2673 5079/5072/2673
f 3506/3502/2674 3505/3501/2674 4627/4620/2674
f 3506/3502/2674 4627/4620/2674 4845/4838/2674
f 5080/5073/2675 3853/3849/2675 3856/3852/2675
f 5080/5073/2675 3856/3852/2675 5081/5074/2675
f 3103/3100/2676 3102/3099/2676 4042/4037/2676
f 3103/3100/2676 4042/4037/2676 4041/4036/2676
f 5039/5032/2677 4332/4326/2677 1934/1932/2677
f 5039/5032/2677 1934/1932/2677 1933/1931/2677
f 3658/3654/2678 4946/4939/2678 50/50/2678
f 3658/3654/2678 50/50/2678 3659/3655/2678
f 3443/3439/2679 5071/5064/2679 4827/4820/2679
f 3443/3439/2679 4827/4820/2679 3444/3440/2679
f 5082/5075/2680 5083/5076/2680 3533/3529/2680
f 5082/5075/2680 3533/3529/2680 3532/3528/2680
f 4614/4607/2681 4011/4006/2681 4014/4009/2681
f 4614/4607/2681 4014/4009/2681 5084/5077/2681
f 5055/5048/2682 5085/5078/2682 5086/5079/2682
f 5055/5048/2682 5086/5079/2682 5056/5049/2682
f 2131/2129/2683 5087/5080/2683 5088/5081/2683
f 2131/2129/2683 5088/5081/2683 2132/2130/2683
f 5089/5082/2684 4603/4596/2684 3370/3366/2684
f 5089/5082/2684 3370/3366/2684 3660/3656/2684
f 5090/5083/2685 74/74/2685 3469/3465/2685
f 5090/5083/2685 3469/3465/2685 5078/5071/2685
f 2106/2104/2686 2266/2264/2686 2269/2267/2686
f 2106/2104/2686 2269/2267/2686 2107/2105/2686
f 5042/5035/2687 3105/3102/2687 3104/3101/2687
f 5042/5035/2687 3104/3101/2687 5063/5056/2687
f 108/108/2688 5091/5084/2688 4647/4640/2688
f 108/108/2688 4647/4640/2688 2952/2950/2688
f 4425/4419/2689 4424/4418/2689 2650/2648/2689
f 4425/4419/2689 2650/2648/2689 2649/2647/2689
f 3505/3501/2690 124/124/2690 4853/4846/2690
f 3505/3501/2690 4853/4846/2690 5092/5085/2690
f 3555/3551/2691 3554/3550/2691 5093/5086/2691
f 3555/3551/2691 5093/5086/2691 5094/5087/2691
f 1890/1888/2692 1889/1887/2692 5095/5088/2692
f 1890/1888/2692 5095/5088/2692 5096/5089/2692
f 96/96/2693 95/95/2693 4640/4633/2693
f 96/96/2693 4640/4633/2693 4639/4632/2693
f 4637/4630/2694 5097/5090/2694 5098/5091/2694
f 4637/4630/2694 5098/5091/2694 4638/4631/2694
f 5099/5092/2695 5100/5093/2695 5101/5094/2695
f 5099/5092/2695 5101/5094/2695 5102/5095/2695
f 5052/5045/2696 4609/4602/2696 5009/5002/2696
f 5052/5045/2696 5009/5002/2696 5008/5001/2696
f 5103/5096/2697 5097/5090/2697 4637/4630/2697
f 5103/5096/2697 4637/4630/2697 5104/5097/2697
f 4864/4857/2698 4863/4856/2698 5105/5098/2698
f 4864/4857/2698 5105/5098/2698 5106/5099/2698
f 5030/5023/2699 5029/5022/2699 2878/2876/2699
f 5030/5023/2699 2878/2876/2699 2877/2875/2699
f 5107/5100/2700 4143/4137/2700 4144/4138/2700
f 5107/5100/2700 4144/4138/2700 5108/5101/2700
f 1915/1913/2701 5105/5098/2701 5109/5102/2701
f 1915/1913/2701 5109/5102/2701 1916/1914/2701
f 4171/4165/2702 104/104/2702 5075/5068/2702
f 4171/4165/2702 5075/5068/2702 5110/5103/2702
f 5045/5038/2703 4039/4034/2703 1969/1967/2703
f 5045/5038/2703 1969/1967/2703 5073/5066/2703
f 3554/3550/2704 2304/2302/2704 2307/2305/2704
f 3554/3550/2704 2307/2305/2704 5093/5086/2704
f 5111/5104/2705 5112/5105/2705 4105/4099/2705
f 5111/5104/2705 4105/4099/2705 4104/4098/2705
f 5102/5095/2706 5101/5094/2706 4754/4747/2706
f 5102/5095/2706 4754/4747/2706 4753/4746/2706
f 3340/3336/2707 3339/3335/2707 1947/1945/2707
f 3340/3336/2707 1947/1945/2707 1946/1944/2707
f 5113/5106/2708 65/65/2708 4464/4458/2708
f 5113/5106/2708 4464/4458/2708 4635/4628/2708
f 5021/5014/2709 4339/4333/2709 4652/4645/2709
f 5021/5014/2709 4652/4645/2709 5114/5107/2709
f 5016/5009/2710 5015/5008/2710 5115/5108/2710
f 5016/5009/2710 5115/5108/2710 5116/5109/2710
f 133/133/2711 135/135/2711 5117/5110/2711
f 133/133/2711 5117/5110/2711 3141/3137/2711
f 4007/4002/2712 5118/5111/2712 3266/3262/2712
f 4007/4002/2712 3266/3262/2712 4008/4003/2712
f 2416/2414/2713 2415/2413/2713 3429/3425/2713
f 2416/2414/2713 3429/3425/2713 5119/5112/2713
f 3429/3425/2714 2415/2413/2714 5120/5113/2714
f 3429/3425/2714 5120/5113/2714 3430/3426/2714
f 5121/5114/2715 5122/5115/2715 4423/4417/2715
f 5121/5114/2715 4423/4417/2715 4422/4416/2715
f 3846/3842/2716 3845/3841/2716 4784/4777/2716
f 3846/3842/2716 4784/4777/2716 5123/5116/2716
f 1776/1775/2717 4685/4678/2717 4686/4679/2717
f 1776/1775/2717 4686/4679/2717 1777/1776/2717
f 4818/4811/2718 5124/5117/2718 5125/5118/2718
f 4818/4811/2718 5125/5118/2718 4819/4812/2718
f 5126/5119/2719 5127/5120/2719 5128/5121/2719
f 5126/5119/2719 5128/5121/2719 4688/4681/2719
f 3351/3347/2720 2409/2407/2720 2410/2408/2720
f 3351/3347/2720 2410/2408/2720 3352/3348/2720
f 5129/5122/2721 4811/4804/2721 4814/4807/2721
f 5129/5122/2721 4814/4807/2721 5130/5123/2721
f 3965/3960/2722 3474/3470/2722 4818/4811/2722
f 3965/3960/2722 4818/4811/2722 4817/4810/2722
f 3474/3470/2723 3473/3469/2723 5124/5117/2723
f 3474/3470/2723 5124/5117/2723 4818/4811/2723
f 4419/4413/2724 4418/4412/2724 986/986/2724
f 4419/4413/2724 986/986/2724 985/985/2724
f 5131/5124/2725 2522/2520/2725 2525/2523/2725
f 5131/5124/2725 2525/2523/2725 5132/5125/2725
f 4216/4210/2726 3096/3093/2726 5133/5126/2726
f 4216/4210/2726 5133/5126/2726 5134/5127/2726
f 2678/2676/2727 2677/2675/2727 4791/4784/2727
f 2678/2676/2727 4791/4784/2727 4790/4783/2727
f 1756/1755/2728 3928/3924/2728 4788/4781/2728
f 1756/1755/2728 4788/4781/2728 4959/4952/2728
f 2477/2475/2729 5135/5128/2729 5136/5129/2729
f 2477/2475/2729 5136/5129/2729 2478/2476/2729
f 3094/3091/2730 3353/3349/2730 3356/3352/2730
f 3094/3091/2730 3356/3352/2730 3095/3092/2730
f 1755/1754/2731 3925/3921/2731 3928/3924/2731
f 1755/1754/2731 3928/3924/2731 1756/1755/2731
f 1771/1770/2732 3012/3010/2732 5137/5130/2732
f 1771/1770/2732 5137/5130/2732 4592/4585/2732
f 4786/4779/2733 2638/2636/2733 4159/4153/2733
f 4786/4779/2733 4159/4153/2733 5138/5131/2733
f 4792/4785/2734 4704/4697/2734 4707/4700/2734
f 4792/4785/2734 4707/4700/2734 4797/4790/2734
f 4791/4784/2735 4808/4801/2735 4705/4698/2735
f 4791/4784/2735 4705/4698/2735 4704/4697/2735
f 5139/5132/2736 5140/5133/2736 3451/3447/2736
f 5139/5132/2736 3451/3447/2736 3450/3446/2736
f 4819/4812/2737 5125/5118/2737 4796/4789/2737
f 4819/4812/2737 4796/4789/2737 4795/4788/2737
f 1777/1776/2738 4686/4679/2738 5141/5134/2738
f 1777/1776/2738 5141/5134/2738 5002/4995/2738
f 5142/5135/2739 4676/4669/2739 970/970/2739
f 5142/5135/2739 970/970/2739 2149/2147/2739
f 5143/5136/2740 4730/4723/2740 4683/4676/2740
f 5143/5136/2740 4683/4676/2740 4682/4675/2740
f 4996/4989/2741 5144/5137/2741 5145/5138/2741
f 4996/4989/2741 5145/5138/2741 4937/4930/2741
f 2115/2113/2742 2749/2747/2742 4802/4795/2742
f 2115/2113/2742 4802/4795/2742 4678/4671/2742
f 5146/5139/2743 5147/5140/2743 5148/5141/2743
f 5146/5139/2743 5148/5141/2743 5149/5142/2743
f 1762/1761/2744 4681/4674/2744 5150/5143/2744
f 1762/1761/2744 5150/5143/2744 4999/4992/2744
f 4681/4674/2745 5149/5142/2745 5151/5144/2745
f 4681/4674/2745 5151/5144/2745 5150/5143/2745
f 4937/4930/2746 5145/5138/2746 5152/5145/2746
f 4937/4930/2746 5152/5145/2746 4936/4929/2746
f 5153/5146/2747 5154/5147/2747 5155/5148/2747
f 5153/5146/2747 5155/5148/2747 5156/5149/2747
f 3792/3788/2748 2518/2516/2748 2521/2519/2748
f 3792/3788/2748 2521/2519/2748 3793/3789/2748
f 4053/4048/2749 2530/2528/2749 2533/2531/2749
f 4053/4048/2749 2533/2531/2749 4054/4049/2749
f 2812/2810/2750 3826/3822/2750 4703/4696/2750
f 2812/2810/2750 4703/4696/2750 5157/5150/2750
f 5158/5151/2751 2555/2553/2751 5159/5152/2751
f 5158/5151/2751 5159/5152/2751 5160/5153/2751
f 5161/5154/2752 4701/4694/2752 5162/5155/2752
f 5161/5154/2752 5162/5155/2752 5163/5156/2752
f 4777/4770/2753 5164/5157/2753 4677/4670/2753
f 4777/4770/2753 4677/4670/2753 4676/4669/2753
f 5144/5137/2754 4660/4653/2754 4663/4656/2754
f 5144/5137/2754 4663/4656/2754 5145/5138/2754
f 3244/3240/2755 5165/5158/2755 5166/5159/2755
f 3244/3240/2755 5166/5159/2755 3245/3241/2755
f 4756/4749/2756 3810/3806/2756 5167/5160/2756
f 4756/4749/2756 5167/5160/2756 5168/5161/2756
f 4054/4049/2757 2533/2531/2757 4789/4782/2757
f 4054/4049/2757 4789/4782/2757 5169/5162/2757
f 4668/4661/2758 1786/1785/2758 5170/5163/2758
f 4668/4661/2758 5170/5163/2758 4815/4808/2758
f 4683/4676/2759 5171/5164/2759 1016/1016/2759
f 4683/4676/2759 1016/1016/2759 1015/1015/2759
f 5172/5165/2760 2593/2591/2760 2596/2594/2760
f 5172/5165/2760 2596/2594/2760 4793/4786/2760
f 4658/4651/2761 5173/5166/2761 5174/5167/2761
f 4658/4651/2761 5174/5167/2761 4783/4776/2761
f 4659/4652/2762 4658/4651/2762 4783/4776/2762
f 4659/4652/2762 4783/4776/2762 4782/4775/2762
f 1759/1758/2763 2812/2810/2763 5157/5150/2763
f 1759/1758/2763 5157/5150/2763 4941/4934/2763
f 1785/1784/2764 1784/1783/2764 2756/2754/2764
f 1785/1784/2764 2756/2754/2764 4774/4767/2764
f 5162/5155/2765 5175/5168/2765 992/992/2765
f 5162/5155/2765 992/992/2765 991/991/2765
f 5176/5169/2766 3950/3945/2766 3952/3947/2766
f 5176/5169/2766 3952/3947/2766 4708/4701/2766
f 5147/5140/2767 4122/4116/2767 4123/4117/2767
f 5147/5140/2767 4123/4117/2767 5148/5141/2767
f 5136/5129/2768 3864/3860/2768 5177/5170/2768
f 5136/5129/2768 5177/5170/2768 5178/5171/2768
f 5179/5172/2769 4855/4848/2769 5153/5146/2769
f 5179/5172/2769 5153/5146/2769 5180/5173/2769
f 4679/4672/2770 4678/4671/2770 4804/4797/2770
f 4679/4672/2770 4804/4797/2770 4882/4875/2770
f 4841/4834/2771 4241/4235/2771 3839/3835/2771
f 4841/4834/2771 3839/3835/2771 5181/5174/2771
f 1891/1889/2772 1890/1888/2772 3711/3707/2772
f 1891/1889/2772 3711/3707/2772 3710/3706/2772
f 5135/5128/2773 3863/3859/2773 3864/3860/2773
f 5135/5128/2773 3864/3860/2773 5136/5129/2773
f 1765/1764/2774 4094/4088/2774 5182/5175/2774
f 1765/1764/2774 5182/5175/2774 4971/4964/2774
f 3202/3198/2775 3081/3078/2775 3084/3081/2775
f 3202/3198/2775 3084/3081/2775 4956/4949/2775
f 4673/4666/2776 4756/4749/2776 5168/5161/2776
f 4673/4666/2776 5168/5161/2776 4674/4667/2776
f 5183/5176/2777 5184/5177/2777 4361/4355/2777
f 5183/5176/2777 4361/4355/2777 4360/4354/2777
f 3605/3601/2778 3366/3362/2778 3367/3363/2778
f 3605/3601/2778 3367/3363/2778 3606/3602/2778
f 5185/5178/2779 5186/5179/2779 5187/5180/2779
f 5185/5178/2779 5187/5180/2779 5188/5181/2779
f 5189/5182/2780 4299/4293/2780 4302/4296/2780
f 5189/5182/2780 4302/4296/2780 5190/5183/2780
f 5145/5138/2781 4663/4656/2781 5191/5184/2781
f 5145/5138/2781 5191/5184/2781 5152/5145/2781
f 5192/5185/2782 3618/3614/2782 5193/5186/2782
f 5192/5185/2782 5193/5186/2782 5194/5187/2782
f 3032/3030/2783 5009/5002/2783 5023/5016/2783
f 3032/3030/2783 5023/5016/2783 3033/3031/2783
f 4783/4776/2784 5174/5167/2784 4935/4928/2784
f 4783/4776/2784 4935/4928/2784 2138/2136/2784
f 5195/5188/2785 5196/5189/2785 965/965/2785
f 5195/5188/2785 965/965/2785 964/964/2785
f 5197/5190/2786 5156/5149/2786 5195/5188/2786
f 5197/5190/2786 5195/5188/2786 5198/5191/2786
f 3096/3093/2787 3095/3092/2787 4810/4803/2787
f 3096/3093/2787 4810/4803/2787 5133/5126/2787
f 3864/3860/2788 3389/3385/2788 5199/5192/2788
f 3864/3860/2788 5199/5192/2788 5177/5170/2788
f 4910/4903/2789 4909/4902/2789 4743/4736/2789
f 4910/4903/2789 4743/4736/2789 4742/4735/2789
f 1782/1781/2790 4667/4660/2790 4668/4661/2790
f 1782/1781/2790 4668/4661/2790 1783/1782/2790
f 4720/4713/2791 4719/4712/2791 5184/5177/2791
f 4720/4713/2791 5184/5177/2791 5183/5176/2791
f 4820/4813/2792 4819/4812/2792 4795/4788/2792
f 4820/4813/2792 4795/4788/2792 5200/5193/2792
f 3670/3666/1888 5201/5194/779 1972/1970/487
f 3670/3666/1888 1972/1970/487 720/720/534
f 2604/2602/2793 2071/2069/2793 2072/2070/2793
f 2604/2602/2793 2072/2070/2793 2605/2603/2793
f 4093/4087/2794 3843/3839/2794 3846/3842/2794
f 4093/4087/2794 3846/3842/2794 4094/4088/2794
f 5202/5195/2795 5203/5196/2795 5204/5197/2795
f 5202/5195/2795 5204/5197/2795 5205/5198/2795
f 4785/4778/2796 2635/2633/2796 2638/2636/2796
f 4785/4778/2796 2638/2636/2796 4786/4779/2796
f 5190/5183/2797 4302/4296/2797 4672/4665/2797
f 5190/5183/2797 4672/4665/2797 4805/4798/2797
f 3825/3821/2798 3445/3441/2798 5206/5199/2798
f 3825/3821/2798 5206/5199/2798 4702/4695/2798
f 5149/5142/2799 5148/5141/2799 5207/5200/2799
f 5149/5142/2799 5207/5200/2799 5151/5144/2799
f 1779/1778/2800 5208/5201/2800 5158/5151/2800
f 1779/1778/2800 5158/5151/2800 1780/1779/2800
f 2756/2754/2801 2755/2753/2801 953/953/2801
f 2756/2754/2801 953/953/2801 952/952/2801
f 4701/4694/2802 4700/4693/2802 5175/5168/2802
f 4701/4694/2802 5175/5168/2802 5162/5155/2802
f 5180/5173/2803 5153/5146/2803 5156/5149/2803
f 5180/5173/2803 5156/5149/2803 5197/5190/2803
f 2478/2476/2804 5136/5129/2804 5178/5171/2804
f 2478/2476/2804 5178/5171/2804 5209/5202/2804
f 5194/5187/2805 5193/5186/2805 4585/4578/2805
f 5194/5187/2805 4585/4578/2805 4964/4957/2805
f 5210/5203/2806 5211/5204/2806 5212/5205/2806
f 5210/5203/2806 5212/5205/2806 4771/4764/2806
f 5193/5186/2807 5213/5206/2807 4586/4579/2807
f 5193/5186/2807 4586/4579/2807 4585/4578/2807
f 4769/4762/2808 4768/4761/2808 4812/4805/2808
f 4769/4762/2808 4812/4805/2808 4811/4804/2808
f 3768/3764/2809 3558/3554/2809 4212/4206/2809
f 3768/3764/2809 4212/4206/2809 5214/5207/2809
f 1786/1785/2810 81/81/2810 1983/1981/2810
f 1786/1785/2810 1983/1981/2810 5170/5163/2810
f 1909/1907/2811 1908/1906/2811 4767/4760/2811
f 1909/1907/2811 4767/4760/2811 4766/4759/2811
f 5215/5208/2812 4387/4381/2812 4390/4384/2812
f 5215/5208/2812 4390/4384/2812 4669/4662/2812
f 5216/5209/2813 5217/5210/2813 5140/5133/2813
f 5216/5209/2813 5140/5133/2813 5139/5132/2813
f 4220/4214/2814 1909/1907/2814 4766/4759/2814
f 4220/4214/2814 4766/4759/2814 5218/5211/2814
f 5219/5212/2815 5220/5213/2815 4367/4361/2815
f 5219/5212/2815 4367/4361/2815 4366/4360/2815
f 5221/5214/2816 1855/1853/2816 1858/1856/2816
f 5221/5214/2816 1858/1856/2816 4268/4262/2816
f 5222/5215/2817 5223/5216/2817 5224/5217/2817
f 5222/5215/2817 5224/5217/2817 5225/5218/2817
f 3619/3615/2818 2015/2013/2818 2018/2016/2818
f 3619/3615/2818 2018/2016/2818 3620/3616/2818
f 3552/3548/2819 3551/3547/2819 4295/4289/2819
f 3552/3548/2819 4295/4289/2819 4876/4869/2819
f 5226/5219/2820 2577/2575/2820 2580/2578/2820
f 5226/5219/2820 2580/2578/2820 5227/5220/2820
f 56/56/2821 1875/1873/2821 5228/5221/2821
f 56/56/2821 5228/5221/2821 57/57/2821
f 3582/3578/2822 3581/3577/2822 5229/5222/2822
f 3582/3578/2822 5229/5222/2822 5230/5223/2822
f 4349/4343/2823 4348/4342/2823 4064/4059/2823
f 4349/4343/2823 4064/4059/2823 4063/4058/2823
f 5231/5224/2824 2701/2699/2824 2704/2702/2824
f 5231/5224/2824 2704/2702/2824 5232/5225/2824
f 3445/3441/2825 3444/3440/2825 5233/5226/2825
f 3445/3441/2825 5233/5226/2825 5206/5199/2825
f 5234/5227/2826 5235/5228/2826 5236/5229/2826
f 5234/5227/2826 5236/5229/2826 5237/5230/2826
f 4614/4607/2827 5084/5077/2827 5238/5231/2827
f 4614/4607/2827 5238/5231/2827 2676/2674/2827
f 4243/4237/2828 5239/5232/2828 5240/5233/2828
f 4243/4237/2828 5240/5233/2828 4244/4238/2828
f 2170/2168/2829 2099/2097/2829 2100/2098/2829
f 2170/2168/2829 2100/2098/2829 2171/2169/2829
f 3056/3053/2830 3659/3655/2830 5241/5234/2830
f 3056/3053/2830 5241/5234/2830 3057/3054/2830
f 3389/3385/2831 3388/3384/2831 4655/4648/2831
f 3389/3385/2831 4655/4648/2831 5199/5192/2831
f 5242/5235/2832 5243/5236/2832 3987/3982/2832
f 5242/5235/2832 3987/3982/2832 3986/3981/2832
f 5244/5237/2833 5245/5238/2833 4238/4232/2833
f 5244/5237/2833 4238/4232/2833 4237/4231/2833
f 1850/1848/1258 544/544/392 639/639/468
f 1850/1848/1258 639/639/468 1193/1192/778
f 5246/5239/2834 4404/4398/2834 4405/4399/2834
f 5246/5239/2834 4405/4399/2834 5247/5240/2834
f 3904/3900/2835 3903/3899/2835 3884/3880/2835
f 3904/3900/2835 3884/3880/2835 3883/3879/2835
f 5248/5241/2836 5246/5239/2836 5247/5240/2836
f 5248/5241/2836 5247/5240/2836 5249/5242/2836
f 4476/4470/2837 4475/4469/2837 3577/3573/2837
f 4476/4470/2837 3577/3573/2837 3576/3572/2837
f 167/167/2838 166/166/2838 4623/4616/2838
f 167/167/2838 4623/4616/2838 5072/5065/2838
f 4006/4001/2839 4005/4000/2839 5100/5093/2839
f 4006/4001/2839 5100/5093/2839 5099/5092/2839
f 3731/3727/2840 3730/3726/2840 3971/3966/2840
f 3731/3727/2840 3971/3966/2840 3970/3965/2840
f 2658/2656/2841 2657/2655/2841 5250/5243/2841
f 2658/2656/2841 5250/5243/2841 5251/5244/2841
f 5252/5245/2842 4875/4868/2842 4874/4867/2842
f 5252/5245/2842 4874/4867/2842 5253/5246/2842
f 2452/2450/2843 2451/2449/2843 5254/5247/2843
f 2452/2450/2843 5254/5247/2843 5255/3658/2843
f 5105/5098/2844 4863/4856/2844 5256/5248/2844
f 5105/5098/2844 5256/5248/2844 5109/5102/2844
f 5257/5249/2845 4645/4638/2845 4387/4381/2845
f 5257/5249/2845 4387/4381/2845 5215/5208/2845
f 2012/2010/2846 4111/4105/2846 4694/4687/2846
f 2012/2010/2846 4694/4687/2846 2013/2011/2846
f 4665/4658/2847 5258/5250/2847 5211/5204/2847
f 4665/4658/2847 5211/5204/2847 5210/5203/2847
f 4072/4067/2848 2671/2669/2848 2674/2672/2848
f 4072/4067/2848 2674/2672/2848 4073/4068/2848
f 4236/4230/2849 4235/4229/2849 4097/4091/2849
f 4236/4230/2849 4097/4091/2849 4096/4090/2849
f 5259/5251/2850 5260/5252/2850 4734/4727/2850
f 5259/5251/2850 4734/4727/2850 4733/4726/2850
f 4307/4301/2851 4306/4300/2851 5261/5253/2851
f 4307/4301/2851 5261/5253/2851 5262/5254/2851
f 3958/3953/2852 5263/5255/2852 5264/5256/2852
f 3958/3953/2852 5264/5256/2852 3959/3954/2852
f 3949/3944/2853 3948/3943/2853 5203/5196/2853
f 3949/3944/2853 5203/5196/2853 5202/5195/2853
f 2367/2365/2854 5248/5241/2854 5249/5242/2854
f 2367/2365/2854 5249/5242/2854 2368/2366/2854
f 3941/3936/2855 3938/3933/2855 3939/3934/2855
f 3941/3936/2855 3939/3934/2855 3942/3937/2855
f 2698/2696/2856 5265/5257/2856 5266/5258/2856
f 2698/2696/2856 5266/5258/2856 2699/2697/2856
f 3880/3876/2857 4217/4211/2857 4218/4212/2857
f 3880/3876/2857 4218/4212/2857 3881/3877/2857
f 4409/4403/2858 4335/4329/2858 4338/4332/2858
f 4409/4403/2858 4338/4332/2858 4410/4404/2858
f 4413/4407/2859 4412/4406/2859 2988/2986/2859
f 4413/4407/2859 2988/2986/2859 2987/2985/2859
f 1526/1525/2860 1530/1529/2860 1588/1587/2860
f 1526/1525/2860 1588/1587/2860 849/849/2860
f 5267/5259/2861 5268/5260/2861 5269/5261/2861
f 5267/5259/2861 5269/5261/2861 5270/5262/2861
f 74/74/2862 5090/5083/2862 5271/5263/2862
f 74/74/2862 5271/5263/2862 75/75/2862
f 3990/3985/2863 2905/2903/2863 2906/2904/2863
f 3990/3985/2863 2906/2904/2863 3991/3986/2863
f 3356/3352/2864 3355/3351/2864 5272/5264/2864
f 3356/3352/2864 5272/5264/2864 4809/4802/2864
f 4780/4773/2865 5273/5265/2865 1010/1010/2865
f 4780/4773/2865 1010/1010/2865 1009/1009/2865
f 5274/5266/2866 2051/2049/2866 2054/2052/2866
f 5274/5266/2866 2054/2052/2866 5275/5267/2866
f 2869/2867/2867 2868/2866/2867 5276/5268/2867
f 2869/2867/2867 5276/5268/2867 5277/5269/2867
f 1989/1987/2868 4368/4362/2868 4648/4641/2868
f 1989/1987/2868 4648/4641/2868 1990/1988/2868
f 2059/2057/2869 2055/2053/2869 2058/2056/2869
f 2059/2057/2869 2058/2056/2869 2060/2058/2869
f 2453/2451/2870 2456/2454/2870 3060/3057/2870
f 2453/2451/2870 3060/3057/2870 3059/3056/2870
f 4328/4322/2871 4331/4325/2871 5278/5270/2871
f 4328/4322/2871 5278/5270/2871 5279/5271/2871
f 1922/1920/2872 4887/4880/2872 4888/4881/2872
f 1922/1920/2872 4888/4881/2872 1923/1921/2872
f 1621/1620/2873 1620/1619/2873 5280/5272/2873
f 1621/1620/2873 5280/5272/2873 5281/5273/2873
f 5097/5090/2874 71/71/2874 70/70/2874
f 5097/5090/2874 70/70/2874 5098/5091/2874
f 3519/3515/2875 3623/3619/2875 3624/3620/2875
f 3519/3515/2875 3624/3620/2875 3708/3704/2875
f 3663/3659/2876 5274/5266/2876 5275/5267/2876
f 3663/3659/2876 5275/5267/2876 3664/3660/2876
f 5119/5112/2877 3429/3425/2877 2485/2483/2877
f 5119/5112/2877 2485/2483/2877 2484/2482/2877
f 2849/2847/2878 3122/3119/2878 5282/5274/2878
f 2849/2847/2878 5282/5274/2878 5283/5275/2878
f 5237/5230/2879 5236/5229/2879 4718/4711/2879
f 5237/5230/2879 4718/4711/2879 4717/4710/2879
f 3550/3546/2880 5284/5276/2880 3495/3491/2880
f 3550/3546/2880 3495/3491/2880 3551/3547/2880
f 2741/2739/2881 3885/3881/2881 3886/3882/2881
f 2741/2739/2881 3886/3882/2881 2742/2740/2881
f 5285/5277/2882 4733/4726/2882 4736/4729/2882
f 5285/5277/2882 4736/4729/2882 5286/5278/2882
f 44/44/2883 2156/2154/2883 5287/5279/2883
f 44/44/2883 5287/5279/2883 45/45/2883
f 5263/5255/2884 4407/4401/2884 4408/4402/2884
f 5263/5255/2884 4408/4402/2884 5264/5256/2884
f 2588/2586/2885 2587/2585/2885 5288/5280/2885
f 2588/2586/2885 5288/5280/2885 5289/5281/2885
f 3555/3551/2886 5094/5087/2886 5290/5282/2886
f 3555/3551/2886 5290/5282/2886 5291/5283/2886
f 2679/2677/2887 2047/2045/2887 2050/2048/2887
f 2679/2677/2887 2050/2048/2887 2680/2678/2887
f 5292/5284/2888 4728/4721/2888 4855/4848/2888
f 5292/5284/2888 4855/4848/2888 5179/5172/2888
f 3205/3201/2889 3382/3378/2889 3081/3078/2889
f 3205/3201/2889 3081/3078/2889 3202/3198/2889
f 4123/4117/2890 1935/1933/2890 5293/5285/2890
f 4123/4117/2890 5293/5285/2890 5294/5286/2890
f 3515/3511/2891 5131/5124/2891 5132/5125/2891
f 3515/3511/2891 5132/5125/2891 3516/3512/2891
f 3455/3451/2892 41/41/2892 4137/4131/2892
f 3455/3451/2892 4137/4131/2892 4136/4130/2892
f 5079/5072/2893 4860/4853/2893 5032/5025/2893
f 5079/5072/2893 5032/5025/2893 5053/5046/2893
f 5295/5287/2894 5291/5283/2894 3376/3372/2894
f 5295/5287/2894 3376/3372/2894 5296/5288/2894
f 5127/5120/2895 5172/5165/2895 4793/4786/2895
f 5127/5120/2895 4793/4786/2895 5128/5121/2895
f 5181/5174/2896 3839/3835/2896 3842/3838/2896
f 5181/5174/2896 3842/3838/2896 4664/4657/2896
f 3711/3707/2897 5297/5289/2897 3929/3925/2897
f 3711/3707/2897 3929/3925/2897 3712/3708/2897
f 5049/5042/2898 1878/1876/2898 47/47/2898
f 5049/5042/2898 47/47/2898 3919/3915/2898
f 4576/4569/2899 4575/4568/2899 4154/4148/2899
f 4576/4569/2899 4154/4148/2899 4153/4147/2899
f 2157/2155/2900 44/44/2900 43/43/2900
f 2157/2155/2900 43/43/2900 4364/4358/2900
f 4763/4756/2901 4762/4755/2901 5220/5213/2901
f 4763/4756/2901 5220/5213/2901 5219/5212/2901
f 80/80/2902 4008/4003/2902 4296/4290/2902
f 80/80/2902 4296/4290/2902 1982/1980/2902
f 5298/5290/2903 4372/4366/2903 4375/4369/2903
f 5298/5290/2903 4375/4369/2903 5299/5291/2903
f 1939/1937/2904 1938/1936/2904 4831/4824/2904
f 1939/1937/2904 4831/4824/2904 4830/4823/2904
f 3645/3641/2905 3304/3300/2905 3305/3301/2905
f 3645/3641/2905 3305/3301/2905 3646/3642/2905
f 3713/3709/2906 3712/3708/2906 3931/3927/2906
f 3713/3709/2906 3931/3927/2906 5300/5292/2906
f 5296/5288/2907 3376/3372/2907 3379/3375/2907
f 5296/5288/2907 3379/3375/2907 4776/4769/2907
f 4699/4692/2908 3344/3340/2908 2836/2834/2908
f 4699/4692/2908 2836/2834/2908 4800/4793/2908
f 3824/3820/2909 3442/3438/2909 3445/3441/2909
f 3824/3820/2909 3445/3441/2909 3825/3821/2909
f 3344/3340/2910 3343/3339/2910 2837/2835/2910
f 3344/3340/2910 2837/2835/2910 2836/2834/2910
f 5301/5293/2911 4769/4762/2911 4811/4804/2911
f 5301/5293/2911 4811/4804/2911 5129/5122/2911
f 3122/3119/2912 1914/1912/2912 1917/1915/2912
f 3122/3119/2912 1917/1915/2912 5282/5274/2912
f 4877/4870/2913 2764/2762/2913 4419/4413/2913
f 4877/4870/2913 4419/4413/2913 5302/5294/2913
f 4872/4865/2914 5303/5295/2914 5304/5296/2914
f 4872/4865/2914 5304/5296/2914 4873/4866/2914
f 5279/5271/2915 5278/5270/2915 5305/5297/2915
f 5279/5271/2915 5305/5297/2915 5306/5298/2915
f 4441/4435/2916 4440/4434/2916 4290/4284/2916
f 4441/4435/2916 4290/4284/2916 4289/4283/2916
f 5307/5299/2917 5308/5300/2917 2440/2438/2917
f 5307/5299/2917 2440/2438/2917 2439/2437/2917
f 3355/3351/2918 1968/1966/2918 1971/1969/2918
f 3355/3351/2918 1971/1969/2918 5272/5264/2918
f 4886/4879/2919 4885/4878/2919 878/878/2919
f 4886/4879/2919 878/878/2919 877/877/2919
f 583/583/426 596/596/437 1175/1174/767
f 583/583/426 1175/1174/767 597/597/438
f 1780/1779/2920 5158/5151/2920 5160/5153/2920
f 1780/1779/2920 5160/5153/2920 4948/4941/2920
f 5309/5301/2921 3380/3376/2921 3381/3377/2921
f 5309/5301/2921 3381/3377/2921 5310/5302/2921
f 1767/1766/2922 5176/5169/2922 4708/4701/2922
f 1767/1766/2922 4708/4701/2922 1768/1767/2922
f 3919/3915/2923 47/47/2923 46/46/2923
f 3919/3915/2923 46/46/2923 3920/3916/2923
f 5286/5278/2924 4736/4729/2924 4299/4293/2924
f 5286/5278/2924 4299/4293/2924 5189/5182/2924
f 1774/1773/2925 2478/2476/2925 5209/5202/2925
f 1774/1773/2925 5209/5202/2925 4991/4984/2925
f 4666/4659/2926 4665/4658/2926 5210/5203/2926
f 4666/4659/2926 5210/5203/2926 5311/5303/2926
f 4657/4650/2927 5312/5304/2927 5173/5166/2927
f 4657/4650/2927 5173/5166/2927 4658/4651/2927
f 5239/5232/2928 4341/4335/2928 4344/4338/2928
f 5239/5232/2928 4344/4338/2928 5240/5233/2928
f 4855/4848/2929 4854/4847/2929 5154/5147/2929
f 4855/4848/2929 5154/5147/2929 5153/5146/2929
f 4663/4656/2930 4662/4655/2930 4884/4877/2930
f 4663/4656/2930 4884/4877/2930 5191/5184/2930
f 5300/5292/2931 3931/3927/2931 4701/4694/2931
f 5300/5292/2931 4701/4694/2931 5161/5154/2931
f 3952/3947/2932 2011/2009/2932 2014/2012/2932
f 3952/3947/2932 2014/2012/2932 5313/5305/2932
f 2809/2807/2933 4723/4716/2933 4724/4717/2933
f 2809/2807/2933 4724/4717/2933 2810/2808/2933
f 3556/3552/2934 3555/3551/2934 5291/5283/2934
f 3556/3552/2934 5291/5283/2934 5295/5287/2934
f 2413/2411/2935 4595/4588/2935 4598/4591/2935
f 2413/2411/2935 4598/4591/2935 3696/3692/2935
f 4345/4339/2936 2956/2954/2936 5314/5306/2936
f 4345/4339/2936 5314/5306/2936 5315/5307/2936
f 3012/3010/2937 2188/2186/2937 2189/2187/2937
f 3012/3010/2937 2189/2187/2937 5137/5130/2937
f 3927/3923/2938 2422/2420/2938 4695/4688/2938
f 3927/3923/2938 4695/4688/2938 4787/4780/2938
f 138/138/2939 137/137/2939 4764/4757/2939
f 138/138/2939 4764/4757/2939 5316/5308/2939
f 3323/3319/2940 3791/3787/2940 3794/3790/2940
f 3323/3319/2940 3794/3790/2940 3324/3320/2940
f 2956/2954/2941 2955/2953/2941 5317/5309/2941
f 2956/2954/2941 5317/5309/2941 5314/5306/2941
f 5218/5211/2942 4766/4759/2942 4769/4762/2942
f 5218/5211/2942 4769/4762/2942 5301/5293/2942
f 375/375/261 2801/2799/1568 5318/5310/740
f 375/375/261 5318/5310/740 2000/1998/215
f 5303/5295/2943 5252/5245/2943 5253/5246/2943
f 5303/5295/2943 5253/5246/2943 5304/5296/2943
f 1935/1933/2944 1934/1932/2944 4334/4328/2944
f 1935/1933/2944 4334/4328/2944 5293/5285/2944
f 129/129/2945 128/128/2945 4088/4082/2945
f 129/129/2945 4088/4082/2945 4087/4081/2945
f 3561/3557/2946 3560/3556/2946 5312/5304/2946
f 3561/3557/2946 5312/5304/2946 4657/4650/2946
f 4883/4876/2947 3561/3557/2947 4657/4650/2947
f 4883/4876/2947 4657/4650/2947 4656/4649/2947
f 2554/2552/2948 2849/2847/2948 5283/5275/2948
f 2554/2552/2948 5283/5275/2948 5319/5311/2948
f 5315/5307/2949 5314/5306/2949 982/982/2949
f 5315/5307/2949 982/982/2949 4952/4945/2949
f 5320/5312/2950 4725/4718/2950 4728/4721/2950
f 5320/5312/2950 4728/4721/2950 5292/5284/2950
f 4736/4729/2951 4735/4728/2951 4300/4294/2951
f 4736/4729/2951 4300/4294/2951 4299/4293/2951
f 2851/2849/2952 3501/3497/2952 3504/3500/2952
f 2851/2849/2952 3504/3500/2952 2852/2850/2952
f 3810/3806/2953 3031/3029/2953 3034/3032/2953
f 3810/3806/2953 3034/3032/2953 5167/5160/2953
f 2555/2553/2954 2554/2552/2954 5319/5311/2954
f 2555/2553/2954 5319/5311/2954 5159/5152/2954
f 4778/4771/2955 4777/4770/2955 4676/4669/2955
f 4778/4771/2955 4676/4669/2955 5142/5135/2955
f 5321/5313/2956 5259/5251/2956 4733/4726/2956
f 5321/5313/2956 4733/4726/2956 5285/5277/2956
f 5156/5149/2957 5155/5148/2957 5196/5189/2957
f 5156/5149/2957 5196/5189/2957 5195/5188/2957
f 2327/2325/2958 2326/2324/2958 5308/5300/2958
f 2327/2325/2958 5308/5300/2958 5307/5299/2958
f 4686/4679/2959 4210/4204/2959 4716/4709/2959
f 4686/4679/2959 4716/4709/2959 5141/5134/2959
f 5311/5303/2960 5210/5203/2960 4771/4764/2960
f 5311/5303/2960 4771/4764/2960 4770/4763/2960
f 1789/1788/2961 4216/4210/2961 5134/5127/2961
f 1789/1788/2961 5134/5127/2961 4944/4937/2961
f 4730/4723/2962 4729/4722/2962 5171/5164/2962
f 4730/4723/2962 5171/5164/2962 4683/4676/2962
f 4814/4807/2963 4813/4806/2963 1013/1013/2963
f 4814/4807/2963 1013/1013/2963 1012/1012/2963
f 3618/3614/2964 3617/3613/2964 5213/5206/2964
f 3618/3614/2964 5213/5206/2964 5193/5186/2964
f 5200/5193/2965 4795/4788/2965 955/955/2965
f 5200/5193/2965 955/955/2965 5322/5314/2965
f 5302/5294/2966 4419/4413/2966 985/985/2966
f 5302/5294/2966 985/985/2966 4960/4953/2966
f 5130/5123/2967 4814/4807/2967 1012/1012/2967
f 5130/5123/2967 1012/1012/2967 4984/4977/2967
f 4707/4700/2968 4706/4699/2968 962/962/2968
f 4707/4700/2968 962/962/2968 961/961/2968
f 1752/1751/2969 4799/4792/2969 4673/4666/2969
f 1752/1751/2969 4673/4666/2969 1753/1752/2969
f 2684/2682/2970 4268/4262/2970 4270/4264/2970
f 2684/2682/2970 4270/4264/2970 2685/2683/2970
f 4094/4088/2971 3846/3842/2971 5123/5116/2971
f 4094/4088/2971 5123/5116/2971 5182/5175/2971
f 5163/5156/2972 5162/5155/2972 991/991/2972
f 5163/5156/2972 991/991/2972 4945/4938/2972
f 5148/5141/2973 4123/4117/2973 5294/5286/2973
f 5148/5141/2973 5294/5286/2973 5207/5200/2973
f 4804/4797/2974 4803/4796/2974 5273/5265/2974
f 4804/4797/2974 5273/5265/2974 4780/4773/2974
f 5208/5201/2975 2552/2550/2975 2555/2553/2975
f 5208/5201/2975 2555/2553/2975 5158/5151/2975
f 3097/3094/2976 3100/3097/2976 3115/3112/2976
f 3097/3094/2976 3115/3112/2976 3114/3111/2976
f 5198/5191/2977 5195/5188/2977 964/964/2977
f 5198/5191/2977 964/964/2977 4938/4931/2977
f 4688/4681/2978 5128/5121/2978 5323/5315/2978
f 4688/4681/2978 5323/5315/2978 4689/4682/2978
f 1750/1749/2979 4054/4049/2979 5169/5162/2979
f 1750/1749/2979 5169/5162/2979 4951/4944/2979
f 4680/4673/2980 5146/5139/2980 5149/5142/2980
f 4680/4673/2980 5149/5142/2980 4681/4674/2980
f 4771/4764/2981 5212/5205/2981 4983/4976/2981
f 4771/4764/2981 4983/4976/2981 4772/4765/2981
f 4976/4969/2982 5126/5119/2982 4688/4681/2982
f 4976/4969/2982 4688/4681/2982 4687/4680/2982
f 3082/3079/2983 4786/4779/2983 5138/5131/2983
f 3082/3079/2983 5138/5131/2983 3083/3080/2983
f 4893/4886/2984 1679/1678/2984 1678/1677/2984
f 4893/4886/2984 1678/1677/2984 4894/4887/2984
f 4670/4663/2985 3615/3611/2985 3618/3614/2985
f 4670/4663/2985 3618/3614/2985 5192/5185/2985
f 2811/2809/2986 3823/3819/2986 3826/3822/2986
f 2811/2809/2986 3826/3822/2986 2812/2810/2986
f 3842/3838/2987 3841/3837/2987 5258/5250/2987
f 3842/3838/2987 5258/5250/2987 4665/4658/2987
f 5314/5306/2988 5317/5309/2988 983/983/2988
f 5314/5306/2988 983/983/2988 982/982/2988
f 5128/5121/2989 4793/4786/2989 4794/4787/2989
f 5128/5121/2989 4794/4787/2989 5323/5315/2989
f 5214/5207/2990 4212/4206/2990 4730/4723/2990
f 5214/5207/2990 4730/4723/2990 5143/5136/2990
f 4708/4701/2991 3952/3947/2991 5313/5305/2991
f 4708/4701/2991 5313/5305/2991 4709/4702/2991
f 2839/2837/2992 2838/2836/2992 3346/3342/2992
f 2839/2837/2992 3346/3342/2992 3345/3341/2992
f 5037/5030/2993 4043/4038/2993 4046/4041/2993
f 5037/5030/2993 4046/4041/2993 5038/5031/2993
f 2890/2888/2994 2885/2883/2994 2888/2886/2994
f 2890/2888/2994 2888/2886/2994 2891/2889/2994
f 3153/3149/2995 2316/2314/2995 4749/4742/2995
f 3153/3149/2995 4749/4742/2995 5324/5316/2995
f 1889/1887/2996 4641/4634/2996 5325/5317/2996
f 1889/1887/2996 5325/5317/2996 5095/5088/2996
f 4610/4603/2997 4623/4616/2997 4625/4618/2997
f 4610/4603/2997 4625/4618/2997 4611/4604/2997
f 2351/2349/2998 59/59/2998 58/58/2998
f 2351/2349/2998 58/58/2998 2352/2350/2998
f 155/155/2999 154/154/2999 1857/1855/2999
f 155/155/2999 1857/1855/2999 1856/1854/2999
f 4781/4774/3000 1009/1009/3000 1717/1716/3000
f 4781/4774/3000 1717/1716/3000 2870/2868/3000
f 128/128/3001 130/130/3001 5326/5318/3001
f 128/128/3001 5326/5318/3001 5048/5041/3001
f 4848/4841/3002 4596/4589/3002 4595/4588/3002
f 4848/4841/3002 4595/4588/3002 5327/5319/3002
f 5328/5320/3003 5329/5321/3003 4453/4447/3003
f 5328/5320/3003 4453/4447/3003 4452/4446/3003
f 4378/4372/3004 3457/3453/3004 3458/3454/3004
f 4378/4372/3004 3458/3454/3004 4379/4373/3004
f 3858/3854/3005 4600/4593/3005 4376/4370/3005
f 3858/3854/3005 4376/4370/3005 3251/3247/3005
f 3513/3509/3006 5032/5025/3006 5031/5024/3006
f 3513/3509/3006 5031/5024/3006 3514/3510/3006
f 4137/4131/3007 41/41/3007 40/40/3007
f 4137/4131/3007 40/40/3007 4847/4840/3007
f 5330/5322/3008 3467/3463/3008 4603/4596/3008
f 5330/5322/3008 4603/4596/3008 5089/5082/3008
f 4856/4849/3009 2305/2303/3009 2304/2302/3009
f 4856/4849/3009 2304/2302/3009 4757/4750/3009
f 2898/2896/3010 5067/5060/3010 5070/5063/3010
f 2898/2896/3010 5070/5063/3010 2899/2897/3010
f 3105/3102/3011 5041/5034/3011 5331/5323/3011
f 3105/3102/3011 5331/5323/3011 3106/3103/3011
f 2468/2466/3012 2467/2465/3012 2902/2900/3012
f 2468/2466/3012 2902/2900/3012 2901/2899/3012
f 254/254/163 253/253/162 265/265/173
f 254/254/163 265/265/173 5332/5324/181
f 4641/4634/3013 4640/4633/3013 5333/5325/3013
f 4641/4634/3013 5333/5325/3013 5325/5317/3013
f 68/68/3014 4862/4855/3014 5334/5326/3014
f 68/68/3014 5334/5326/3014 69/69/3014
f 3486/3482/3015 3545/3541/3015 3548/3544/3015
f 3486/3482/3015 3548/3544/3015 3487/3483/3015
f 5284/5276/3016 5335/5327/3016 3496/3492/3016
f 5284/5276/3016 3496/3492/3016 3495/3491/3016
f 2301/2299/3017 4464/4458/3017 4465/4459/3017
f 2301/2299/3017 4465/4459/3017 2302/2300/3017
f 3490/3486/3018 2270/2268/3018 3266/3262/3018
f 3490/3486/3018 3266/3262/3018 5118/5111/3018
f 4293/4287/3019 2879/2877/3019 2882/2880/3019
f 4293/4287/3019 2882/2880/3019 4294/4288/3019
f 4323/4317/3020 4322/4316/3020 4471/4465/3020
f 4323/4317/3020 4471/4465/3020 4470/4464/3020
f 5291/5283/3021 5290/5282/3021 3377/3373/3021
f 5291/5283/3021 3377/3373/3021 3376/3372/3021
f 5104/5097/3022 4637/4630/3022 3337/3333/3022
f 5104/5097/3022 3337/3333/3022 4740/4733/3022
f 5058/5051/3023 4145/4139/3023 3496/3492/3023
f 5058/5051/3023 3496/3492/3023 5335/5327/3023
f 4241/4235/3024 4840/4833/3024 5028/5021/3024
f 4241/4235/3024 5028/5021/3024 4242/4236/3024
f 2340/2338/3025 5011/5004/3025 5336/5328/3025
f 2340/2338/3025 5336/5328/3025 4849/4842/3025
f 3145/3141/3026 3144/3140/3026 3335/3331/3026
f 3145/3141/3026 3335/3331/3026 3334/3330/3026
f 4640/4633/3027 95/95/3027 3405/3401/3027
f 4640/4633/3027 3405/3401/3027 5333/5325/3027
f 5337/5329/3028 5338/5330/3028 5339/5331/3028
f 5337/5329/3028 5339/5331/3028 5340/5332/3028
f 5341/5333/3029 1915/1913/3029 1914/1912/3029
f 5341/5333/3029 1914/1912/3029 4737/4730/3029
f 1948/1946/3030 1947/1945/3030 5004/4997/3030
f 1948/1946/3030 5004/4997/3030 2337/2335/3030
f 2758/2756/3031 3536/3532/3031 5027/5020/3031
f 2758/2756/3031 5027/5020/3031 2759/2757/3031
f 1883/1881/3032 1882/1880/3032 5259/5251/3032
f 1883/1881/3032 5259/5251/3032 5321/5313/3032
f 3659/3655/3033 50/50/3033 49/49/3033
f 3659/3655/3033 49/49/3033 5241/5234/3033
f 1882/1880/3034 1881/1879/3034 4616/4609/3034
f 1882/1880/3034 4616/4609/3034 5342/5334/3034
f 3444/3440/3035 4827/4820/3035 4828/4821/3035
f 3444/3440/3035 4828/4821/3035 5233/5226/3035
f 4274/4268/3036 3630/3626/3036 3633/3629/3036
f 4274/4268/3036 3633/3629/3036 4275/4269/3036
f 4035/4030/3037 5221/5214/3037 4268/4262/3037
f 4035/4030/3037 4268/4262/3037 2684/2682/3037
f 5022/5015/3038 5021/5014/3038 4725/4718/3038
f 5022/5015/3038 4725/4718/3038 5320/5312/3038
f 3387/3383/3039 4622/4615/3039 1988/1986/3039
f 3387/3383/3039 1988/1986/3039 3388/3384/3039
f 4821/4814/3040 62/62/3040 3467/3463/3040
f 4821/4814/3040 3467/3463/3040 5330/5322/3040
f 4863/4856/3041 68/68/3041 67/67/3041
f 4863/4856/3041 67/67/3041 5256/5248/3041
f 4110/4104/3042 4471/4465/3042 4866/4859/3042
f 4110/4104/3042 4866/4859/3042 4693/4686/3042
f 4746/4739/3043 71/71/3043 5097/5090/3043
f 4746/4739/3043 5097/5090/3043 5103/5096/3043
f 5343/5335/3044 5344/5336/3044 5345/5337/3044
f 5343/5335/3044 5345/5337/3044 5346/5338/3044
f 5265/5257/3045 5231/5224/3045 5232/5225/3045
f 5265/5257/3045 5232/5225/3045 5266/5258/3045
f 4434/4428/3046 5347/5339/3046 5348/5340/3046
f 4434/4428/3046 5348/5340/3046 4435/4429/3046
f 5349/5341/3047 5337/5329/3047 5340/5332/3047
f 5349/5341/3047 5340/5332/3047 5350/5342/3047
f 5281/5273/3048 5280/5272/3048 4103/4097/3048
f 5281/5273/3048 4103/4097/3048 4102/4096/3048
f 3907/3903/3049 3906/3902/3049 5065/5058/3049
f 3907/3903/3049 5065/5058/3049 4599/4592/3049
f 4319/4313/3050 4318/4312/3050 5344/5336/3050
f 4319/4313/3050 5344/5336/3050 5343/5335/3050
f 3860/3856/3051 3867/3863/3051 3870/3866/3051
f 3860/3856/3051 3870/3866/3051 3861/3857/3051
f 4627/4620/3052 3505/3501/3052 5092/5085/3052
f 4627/4620/3052 5092/5085/3052 4628/4621/3052
f 2922/2920/3053 2929/2927/3053 2932/2930/3053
f 2922/2920/3053 2932/2930/3053 2923/2921/3053
f 4332/4326/3054 4025/4020/3054 4459/4453/3054
f 4332/4326/3054 4459/4453/3054 4333/4327/3054
f 4027/4022/3055 4285/4279/3055 4286/4280/3055
f 4027/4022/3055 4286/4280/3055 4028/4023/3055
f 2415/2413/3056 141/141/3056 5047/5040/3056
f 2415/2413/3056 5047/5040/3056 5120/5113/3056
f 1949/1947/3057 1948/1946/3057 2336/2334/3057
f 1949/1947/3057 2336/2334/3057 5007/5000/3057
f 3379/3375/3058 3378/3374/3058 5164/5157/3058
f 3379/3375/3058 5164/5157/3058 4777/4770/3058
f 5064/5057/3059 2300/2298/3059 4645/4638/3059
f 5064/5057/3059 4645/4638/3059 5257/5249/3059
f 4608/4601/3060 4011/4006/3060 4614/4607/3060
f 4608/4601/3060 4614/4607/3060 4613/4606/3060
f 1620/1619/3061 1622/1621/3061 3174/3170/3061
f 1620/1619/3061 3174/3170/3061 3175/3171/3061
f 4596/4589/3062 4631/4624/3062 5076/5069/3062
f 4596/4589/3062 5076/5069/3062 4597/4590/3062
f 5011/5004/3063 53/53/3063 52/52/3063
f 5011/5004/3063 52/52/3063 5336/5328/3063
f 86/86/3064 85/85/3064 5041/5034/3064
f 86/86/3064 5041/5034/3064 5040/5033/3064
f 2317/2315/3065 4232/4226/3065 4395/4389/3065
f 2317/2315/3065 4395/4389/3065 2318/2316/3065
f 3926/3922/3066 2419/2417/3066 2422/2420/3066
f 3926/3922/3066 2422/2420/3066 3927/3923/3066
f 120/120/3067 4591/4584/3067 4458/4452/3067
f 120/120/3067 4458/4452/3067 4024/4019/3067
f 4857/4850/3068 3566/3562/3068 3623/3619/3068
f 4857/4850/3068 3623/3619/3068 5066/5059/3068
f 2676/2674/3069 5238/5231/3069 4807/4800/3069
f 2676/2674/3069 4807/4800/3069 2677/2675/3069
f 5005/4998/3070 59/59/3070 2351/2349/3070
f 5005/4998/3070 2351/2349/3070 5050/5043/3070
f 65/65/3071 5113/5106/3071 5351/5343/3071
f 65/65/3071 5351/5343/3071 66/66/3071
f 112/112/3072 2146/2144/3072 5003/4996/3072
f 112/112/3072 5003/4996/3072 3339/3335/3072
f 4240/4234/3073 4239/4233/3073 4382/4376/3073
f 4240/4234/3073 4382/4376/3073 4381/4375/3073
f 5068/5061/3074 5298/5290/3074 5299/5291/3074
f 5068/5061/3074 5299/5291/3074 5069/5062/3074
f 4165/4159/3075 4164/4158/3075 4330/4324/3075
f 4165/4159/3075 4330/4324/3075 4329/4323/3075
f 2412/2410/3076 5327/5319/3076 4595/4588/3076
f 2412/2410/3076 4595/4588/3076 2413/2411/3076
f 2735/2733/3077 5324/5316/3077 4749/4742/3077
f 2735/2733/3077 4749/4742/3077 2667/2665/3077
f 1890/1888/3078 5096/5089/3078 5297/5289/3078
f 1890/1888/3078 5297/5289/3078 3711/3707/3078
f 2880/2878/3079 5352/5344/3079 5353/5345/3079
f 2880/2878/3079 5353/5345/3079 2881/2879/3079
f 5354/5346/3080 3692/3688/3080 3562/3558/3080
f 5354/5346/3080 3562/3558/3080 4472/4466/3080
f 3138/3134/3081 5355/5347/3081 5356/5348/3081
f 3138/3134/3081 5356/5348/3081 3139/3135/3081
f 5106/5099/3082 5105/5098/3082 1915/1913/3082
f 5106/5099/3082 1915/1913/3082 5341/5333/3082
f 4254/4248/3083 4253/4247/3083 5357/5349/3083
f 4254/4248/3083 5357/5349/3083 5358/5350/3083
f 1903/1901/3084 2514/2512/3084 2517/2515/3084
f 1903/1901/3084 2517/2515/3084 1904/1902/3084
f 4322/4316/3085 4321/4315/3085 4844/4837/3085
f 4322/4316/3085 4844/4837/3085 4865/4858/3085
f 5259/5251/3086 1882/1880/3086 5342/5334/3086
f 5259/5251/3086 5342/5334/3086 5260/5252/3086
f 1929/1927/3087 4171/4165/3087 5110/5103/3087
f 1929/1927/3087 5110/5103/3087 4829/4822/3087
f 1876/1874/3088 56/56/3088 55/55/3088
f 1876/1874/3088 55/55/3088 4651/4644/3088
f 4725/4718/3089 5021/5014/3089 5114/5107/3089
f 4725/4718/3089 5114/5107/3089 4726/4719/3089
f 5359/5351/3090 4823/4816/3090 4826/4819/3090
f 5359/5351/3090 4826/4819/3090 5360/5352/3090
f 2239/2237/3091 2238/2236/3091 2193/2191/3091
f 2239/2237/3091 2193/2191/3091 2192/2190/3091
f 1839/1837/821 1811/1809/821 1823/1821/821
f 1839/1837/821 1823/1821/821 1827/1825/821
f 471/471/335 484/484/346 1152/1151/754
f 471/471/335 1152/1151/754 485/485/347
f 5041/5034/3092 85/85/3092 3385/3381/3092
f 5041/5034/3092 3385/3381/3092 5331/5323/3092
f 242/242/153 258/258/167 1102/1102/728
f 242/242/153 1102/1102/728 259/259/168
f 700/700/517 713/713/528 1199/1198/780
f 700/700/517 1199/1198/780 714/714/529
f 354/354/244 367/367/255 1128/1127/741
f 354/354/244 1128/1127/741 368/368/256
f 2101/2099/3093 2118/2116/3093 2117/2115/3093
f 2101/2099/3093 2117/2115/3093 2102/2100/3093
f 4135/4129/3094 4134/4128/3094 3492/3488/3094
f 4135/4129/3094 3492/3488/3094 3491/3487/3094
f 5361/5353/3095 5362/5354/3095 5363/5355/3095
f 5361/5353/3095 5363/5355/3095 5364/5356/3095
f 5365/5357/3096 5366/5358/3096 5367/5359/3096
f 5365/5357/3096 5367/5359/3096 5368/5360/3096
f 5369/5361/3097 5370/5362/3097 5371/5363/3097
f 5369/5361/3097 5371/5363/3097 5372/5364/3097
f 5373/5365/3098 5374/5366/3098 5375/5367/3098
f 5373/5365/3098 5375/5367/3098 5376/5368/3098
f 5377/5369/3099 5378/5370/3099 5379/5371/3099
f 5377/5369/3099 5379/5371/3099 5380/5372/3099
f 5034/5027/3100 4126/4120/3100 4129/4123/3100
f 5034/5027/3100 4129/4123/3100 5035/5028/3100
f 5381/5373/3101 5033/5026/3101 5382/5374/3101
f 5381/5373/3101 5382/5374/3101 5383/5375/3101
f 5384/5376/3102 5385/5377/3102 5386/5378/3102
f 5384/5376/3102 5386/5378/3102 5387/5379/3102
f 4248/4242/3103 5388/5380/3103 5389/5381/3103
f 4248/4242/3103 5389/5381/3103 4249/4243/3103
f 4128/4122/3104 758/758/3104 760/760/3104
f 4128/4122/3104 760/760/3104 5390/5382/3104
f 5391/5383/3105 5392/5384/3105 5393/5385/3105
f 5391/5383/3105 5393/5385/3105 5394/5386/3105
f 5395/5387/3106 5396/5388/3106 5397/5389/3106
f 5395/5387/3106 5397/5389/3106 5398/5390/3106
f 5399/5391/3107 5400/5392/3107 771/771/3107
f 5399/5391/3107 771/771/3107 769/769/3107
f 5401/5393/3108 5402/5394/3108 5403/5395/3108
f 5401/5393/3108 5403/5395/3108 5404/5396/3108
f 5405/5397/3109 5406/5398/3109 767/767/3109
f 5405/5397/3109 767/767/3109 765/765/3109
f 5407/5399/3110 5408/5400/3110 5409/5401/3110
f 5407/5399/3110 5409/5401/3110 5410/5402/3110
f 5411/5403/3111 5412/5404/3111 5413/5405/3111
f 5411/5403/3111 5413/5405/3111 5414/5406/3111
f 5415/5407/3112 5416/5408/3112 5417/5409/3112
f 5415/5407/3112 5417/5409/3112 5418/5410/3112
f 5419/5411/3113 5420/5412/3113 5421/5413/3113
f 5419/5411/3113 5421/5413/3113 5386/5378/3113
f 5422/5414/3114 5423/5415/3114 5424/5416/3114
f 5422/5414/3114 5424/5416/3114 5425/5417/3114
f 5426/5418/3115 5420/5412/3115 5427/5419/3115
f 5426/5418/3115 5427/5419/3115 5428/5420/3115
f 5364/5356/3116 5429/5421/3116 5430/5422/3116
f 5364/5356/3116 5430/5422/3116 5431/5423/3116
f 5389/5381/3117 5432/5424/3117 5433/5425/3117
f 5389/5381/3117 5433/5425/3117 5378/5370/3117
f 5434/5426/3118 5435/5427/3118 5436/5428/3118
f 5434/5426/3118 5436/5428/3118 5437/5429/3118
f 5388/5380/3119 5438/5430/3119 5432/5424/3119
f 5388/5380/3119 5432/5424/3119 5389/5381/3119
f 770/770/3120 5439/5431/3120 5440/5432/3120
f 770/770/3120 5440/5432/3120 768/768/3120
f 5441/5433/3121 5442/5434/3121 5443/5435/3121
f 5441/5433/3121 5443/5435/3121 5444/5436/3121
f 5445/5437/3122 5446/5438/3122 5447/5439/3122
f 5445/5437/3122 5447/5439/3122 5448/5440/3122
f 5449/5441/3123 5450/5442/3123 5451/5443/3123
f 5449/5441/3123 5451/5443/3123 5452/5444/3123
f 5453/5445/3124 5454/5446/3124 5445/5437/3124
f 5453/5445/3124 5445/5437/3124 5448/5440/3124
f 5455/5447/3125 5368/5360/3125 5367/5359/3125
f 5455/5447/3125 5367/5359/3125 5456/5448/3125
f 5457/5449/3126 812/812/3126 811/811/3126
f 5457/5449/3126 811/811/3126 5458/5450/3126
f 5459/5451/3127 5460/5452/3127 5461/5453/3127
f 5459/5451/3127 5461/5453/3127 5462/5454/3127
f 5463/5455/3128 5464/5456/3128 5465/5457/3128
f 5463/5455/3128 5465/5457/3128 5466/5458/3128
f 760/760/3129 764/764/3129 5453/5445/3129
f 760/760/3129 5453/5445/3129 5390/5382/3129
f 5467/5459/3130 5468/5460/3130 5270/5262/3130
f 5467/5459/3130 5270/5262/3130 5460/5452/3130
f 5469/5461/3131 5470/5462/3131 5471/5463/3131
f 5469/5461/3131 5471/5463/3131 5472/5464/3131
f 5473/5465/3132 5474/5466/3132 5475/5467/3132
f 5473/5465/3132 5475/5467/3132 5476/5468/3132
f 5477/5469/3133 5478/5470/3133 5479/5471/3133
f 5477/5469/3133 5479/5471/3133 5480/5472/3133
f 5447/5439/3134 5446/5438/3134 5267/5259/3134
f 5447/5439/3134 5267/5259/3134 5481/5473/3134
f 5482/5474/3135 5483/5475/3135 5370/5362/3135
f 5482/5474/3135 5370/5362/3135 5484/5476/3135
f 810/810/3136 5485/5477/3136 5486/5478/3136
f 810/810/3136 5486/5478/3136 808/808/3136
f 5398/5390/3137 5397/5389/3137 5417/5409/3137
f 5398/5390/3137 5417/5409/3137 5416/5408/3137
f 5477/5469/3138 5487/5479/3138 5488/5480/3138
f 5477/5469/3138 5488/5480/3138 5478/5470/3138
f 5483/5475/3139 5489/5481/3139 5490/5482/3139
f 5483/5475/3139 5490/5482/3139 5491/5483/3139
f 5492/5484/3140 5493/5485/3140 5494/5486/3140
f 5492/5484/3140 5494/5486/3140 5427/5419/3140
f 5495/5487/3141 5496/5488/3141 5036/5029/3141
f 5495/5487/3141 5036/5029/3141 5035/5028/3141
f 5497/5489/3142 5498/5490/3142 5499/5491/3142
f 5497/5489/3142 5499/5491/3142 5500/5492/3142
f 5445/5437/3143 5373/5365/3143 5376/5368/3143
f 5445/5437/3143 5376/5368/3143 5446/5438/3143
f 5450/5442/3144 5473/5465/3144 5476/5468/3144
f 5450/5442/3144 5476/5468/3144 5451/5443/3144
f 5454/5446/3145 5440/5432/3145 5373/5365/3145
f 5454/5446/3145 5373/5365/3145 5445/5437/3145
f 5501/5493/3146 5502/5494/3146 5503/5495/3146
f 5501/5493/3146 5503/5495/3146 5504/5496/3146
f 5505/5497/3147 794/794/3147 796/796/3147
f 5505/5497/3147 796/796/3147 5506/5498/3147
f 4145/4139/3148 3146/3142/3148 3147/3143/3148
f 4145/4139/3148 3147/3143/3148 4146/4140/3148
f 5507/5499/3149 5407/5399/3149 5410/5402/3149
f 5507/5499/3149 5410/5402/3149 5508/5500/3149
f 5509/5501/3150 5510/5502/3150 5511/5503/3150
f 5509/5501/3150 5511/5503/3150 5512/5504/3150
f 5513/5505/3151 5514/5506/3151 5414/5406/3151
f 5513/5505/3151 5414/5406/3151 5413/5405/3151
f 5062/5055/3152 5061/5054/3152 5515/5507/3152
f 5062/5055/3152 5515/5507/3152 5516/5508/3152
f 798/798/3153 800/800/3153 5362/5354/3153
f 798/798/3153 5362/5354/3153 5517/5509/3153
f 5518/5510/3154 5519/5511/3154 5520/5512/3154
f 5518/5510/3154 5520/5512/3154 5521/5513/3154
f 5519/5511/3155 5522/5514/3155 5523/5515/3155
f 5519/5511/3155 5523/5515/3155 5520/5512/3155
f 5524/5516/3156 5525/5517/3156 763/763/3156
f 5524/5516/3156 763/763/3156 762/762/3156
f 5526/5518/3157 5527/5519/3157 5528/5520/3157
f 5526/5518/3157 5528/5520/3157 5529/5521/3157
f 5505/5497/3158 5506/5498/3158 5530/5522/3158
f 5505/5497/3158 5530/5522/3158 5493/5485/3158
f 5531/5523/3159 5532/5524/3159 5533/5525/3159
f 5531/5523/3159 5533/5525/3159 5534/5526/3159
f 5535/5527/3160 5499/5491/3160 5536/5528/3160
f 5535/5527/3160 5536/5528/3160 5537/5529/3160
f 5483/5475/3161 5491/5483/3161 5371/5363/3161
f 5483/5475/3161 5371/5363/3161 5370/5362/3161
f 5498/5490/3162 5538/5530/3162 5536/5528/3162
f 5498/5490/3162 5536/5528/3162 5499/5491/3162
f 5434/5426/3163 5539/5531/3163 5540/5532/3163
f 5434/5426/3163 5540/5532/3163 5435/5427/3163
f 5541/5533/3164 5542/5534/3164 5543/5535/3164
f 5541/5533/3164 5543/5535/3164 5544/5536/3164
f 5537/5529/3165 5400/5392/3165 5399/5391/3165
f 5537/5529/3165 5399/5391/3165 5535/5527/3165
f 5545/5537/3166 5449/5441/3166 5452/5444/3166
f 5545/5537/3166 5452/5444/3166 5546/5538/3166
f 5537/5529/3167 5536/5528/3167 5547/5539/3167
f 5537/5529/3167 5547/5539/3167 5548/5540/3167
f 5549/5541/3168 5550/5542/3168 5551/5543/3168
f 5549/5541/3168 5551/5543/3168 5552/5544/3168
f 5379/5371/3169 5378/5370/3169 5433/5425/3169
f 5379/5371/3169 5433/5425/3169 5553/5545/3169
f 5554/5546/3170 5555/5547/3170 5556/5548/3170
f 5554/5546/3170 5556/5548/3170 5551/5543/3170
f 5557/5549/3171 5544/5536/3171 5543/5535/3171
f 5557/5549/3171 5543/5535/3171 5482/5474/3171
f 5558/5550/3172 5559/5551/3172 5560/5552/3172
f 5558/5550/3172 5560/5552/3172 5561/5553/3172
f 5562/5554/3173 5563/5555/3173 5564/5556/3173
f 5562/5554/3173 5564/5556/3173 5565/5557/3173
f 772/772/3174 5566/5558/3174 5439/5431/3174
f 772/772/3174 5439/5431/3174 770/770/3174
f 5567/5559/3175 5568/5560/3175 5569/5561/3175
f 5567/5559/3175 5569/5561/3175 5570/5562/3175
f 5396/5388/3176 5571/5563/3176 5572/5564/3176
f 5396/5388/3176 5572/5564/3176 5397/5389/3176
f 788/788/3177 790/790/3177 5573/5565/3177
f 788/788/3177 5573/5565/3177 5385/5377/3177
f 5435/5427/3178 5574/5566/3178 5575/5567/3178
f 5435/5427/3178 5575/5567/3178 5436/5428/3178
f 5442/5434/3179 5546/5538/3179 5452/5444/3179
f 5442/5434/3179 5452/5444/3179 5443/5435/3179
f 5576/5568/3180 5577/5569/3180 787/787/3180
f 5576/5568/3180 787/787/3180 785/785/3180
f 5578/5570/3181 5579/5571/3181 5580/5572/3181
f 5578/5570/3181 5580/5572/3181 5581/5573/3181
f 5582/5574/3182 5583/5575/3182 5584/5576/3182
f 5582/5574/3182 5584/5576/3182 5585/5577/3182
f 5577/5569/3183 5513/5505/3183 789/789/3183
f 5577/5569/3183 789/789/3183 787/787/3183
f 5061/5054/3184 5562/5554/3184 5565/5557/3184
f 5061/5054/3184 5565/5557/3184 5515/5507/3184
f 5586/5578/3185 5587/5579/3185 5588/5580/3185
f 5586/5578/3185 5588/5580/3185 5589/5581/3185
f 5590/5582/3186 5591/5583/3186 5592/5584/3186
f 5590/5582/3186 5592/5584/3186 5593/5585/3186
f 5478/5470/3187 4126/4120/3187 5034/5027/3187
f 5478/5470/3187 5034/5027/3187 5479/5471/3187
f 5366/5358/3188 5594/5586/3188 5423/5415/3188
f 5366/5358/3188 5423/5415/3188 5422/5414/3188
f 5415/5407/3189 5418/5410/3189 5595/5587/3189
f 5415/5407/3189 5595/5587/3189 5596/5588/3189
f 5472/5464/3190 5595/5587/3190 5597/5589/3190
f 5472/5464/3190 5597/5589/3190 5469/5461/3190
f 5598/5590/3191 5565/5557/3191 5564/5556/3191
f 5598/5590/3191 5564/5556/3191 5549/5541/3191
f 5599/5591/3192 5600/5592/3192 5601/5593/3192
f 5599/5591/3192 5601/5593/3192 5602/5594/3192
f 5603/5595/3193 5379/5371/3193 5553/5545/3193
f 5603/5595/3193 5553/5545/3193 5604/5596/3193
f 5605/5597/3194 5606/5598/3194 5607/5599/3194
f 5605/5597/3194 5607/5599/3194 5608/5600/3194
f 5538/5530/3195 5598/5590/3195 5547/5539/3195
f 5538/5530/3195 5547/5539/3195 5536/5528/3195
f 5609/5601/3196 5610/5602/3196 5424/5416/3196
f 5609/5601/3196 5424/5416/3196 5423/5415/3196
f 5510/5502/3197 5590/5582/3197 5593/5585/3197
f 5510/5502/3197 5593/5585/3197 5511/5503/3197
f 5517/5509/3198 5362/5354/3198 5361/5353/3198
f 5517/5509/3198 5361/5353/3198 5611/5603/3198
f 5563/5555/3199 5612/5604/3199 5613/5605/3199
f 5563/5555/3199 5613/5605/3199 5564/5556/3199
f 822/822/3200 758/758/3200 4128/4122/3200
f 822/822/3200 4128/4122/3200 4127/4121/3200
f 5583/5575/3201 5395/5387/3201 5398/5390/3201
f 5583/5575/3201 5398/5390/3201 5584/5576/3201
f 5467/5459/3202 5614/5606/3202 5615/5607/3202
f 5467/5459/3202 5615/5607/3202 5527/5519/3202
f 5616/5608/3203 5524/5516/3203 762/762/3203
f 5616/5608/3203 762/762/3203 823/823/3203
f 5465/5457/3204 5617/5609/3204 5618/5610/3204
f 5465/5457/3204 5618/5610/3204 5619/5611/3204
f 5620/5612/3205 5621/5613/3205 5556/5548/3205
f 5620/5612/3205 5556/5548/3205 5622/5614/3205
f 821/821/3206 5623/5615/3206 5616/5608/3206
f 821/821/3206 5616/5608/3206 823/823/3206
f 5466/5458/3207 5465/5457/3207 5619/5611/3207
f 5466/5458/3207 5619/5611/3207 5624/5616/3207
f 5625/5617/3208 5626/5618/3208 5563/5555/3208
f 5625/5617/3208 5563/5555/3208 5562/5554/3208
f 5622/5614/3209 777/777/3209 775/775/3209
f 5622/5614/3209 775/775/3209 5620/5612/3209
f 5627/5619/3210 5628/5620/3210 5629/5621/3210
f 5627/5619/3210 5629/5621/3210 5630/5622/3210
f 5555/5547/3211 5631/5623/3211 5622/5614/3211
f 5555/5547/3211 5622/5614/3211 5556/5548/3211
f 5632/5624/3212 5633/5625/3212 5634/5626/3212
f 5632/5624/3212 5634/5626/3212 5635/5627/3212
f 5636/5628/3213 5637/5629/3213 5380/5372/3213
f 5636/5628/3213 5380/5372/3213 5638/5630/3213
f 5639/5631/3214 5640/5632/3214 5637/5629/3214
f 5639/5631/3214 5637/5629/3214 5641/5633/3214
f 5428/5420/3215 5427/5419/3215 5494/5486/3215
f 5428/5420/3215 5494/5486/3215 5642/5634/3215
f 5643/5635/3216 5500/5492/3216 5499/5491/3216
f 5643/5635/3216 5499/5491/3216 5535/5527/3216
f 5418/5410/3217 5417/5409/3217 5644/5636/3217
f 5418/5410/3217 5644/5636/3217 5645/5637/3217
f 5514/5506/3218 5513/5505/3218 5577/5569/3218
f 5514/5506/3218 5577/5569/3218 5646/5638/3218
f 5612/5604/3219 5647/5639/3219 5532/5524/3219
f 5612/5604/3219 5532/5524/3219 5613/5605/3219
f 5555/5547/3220 5554/5546/3220 5648/5640/3220
f 5555/5547/3220 5648/5640/3220 5649/5641/3220
f 5553/5545/3221 5433/5425/3221 5497/5489/3221
f 5553/5545/3221 5497/5489/3221 5500/5492/3221
f 5645/5637/3222 5650/5642/3222 5651/5643/3222
f 5645/5637/3222 5651/5643/3222 5597/5589/3222
f 5652/5644/3223 5653/5645/3223 5654/5646/3223
f 5652/5644/3223 5654/5646/3223 5655/5647/3223
f 5642/5634/3224 5656/5648/3224 5408/5400/3224
f 5642/5634/3224 5408/5400/3224 5618/5610/3224
f 5566/5558/3225 5657/5649/3225 5609/5601/3225
f 5566/5558/3225 5609/5601/3225 5658/5650/3225
f 5647/5639/3226 5659/5651/3226 5533/5525/3226
f 5647/5639/3226 5533/5525/3226 5532/5524/3226
f 5437/5429/3227 801/801/3227 799/799/3227
f 5437/5429/3227 799/799/3227 5660/5652/3227
f 5508/5500/3228 5410/5402/3228 5661/5653/3228
f 5508/5500/3228 5661/5653/3228 5662/5654/3228
f 5663/5655/3229 5664/5656/3229 5665/5657/3229
f 5663/5655/3229 5665/5657/3229 5659/5651/3229
f 5471/5463/3230 5470/5462/3230 797/797/3230
f 5471/5463/3230 797/797/3230 795/795/3230
f 5461/5453/3231 5269/5261/3231 5368/5360/3231
f 5461/5453/3231 5368/5360/3231 5455/5447/3231
f 5555/5547/3232 5649/5641/3232 5666/5658/3232
f 5555/5547/3232 5666/5658/3232 5631/5623/3232
f 5426/5418/3233 5428/5420/3233 5617/5609/3233
f 5426/5418/3233 5617/5609/3233 5667/5659/3233
f 5404/5396/3234 5403/5395/3234 5668/5660/3234
f 5404/5396/3234 5668/5660/3234 5669/5661/3234
f 5670/5662/3235 5671/5663/3235 5628/5620/3235
f 5670/5662/3235 5628/5620/3235 5627/5619/3235
f 814/814/3236 5587/5579/3236 5672/5664/3236
f 814/814/3236 5672/5664/3236 813/813/3236
f 5673/5665/3237 5501/5493/3237 5504/5496/3237
f 5673/5665/3237 5504/5496/3237 5674/5666/3237
f 5411/5403/3238 5472/5464/3238 5471/5463/3238
f 5411/5403/3238 5471/5463/3238 5412/5404/3238
f 5549/5541/3239 5564/5556/3239 5613/5605/3239
f 5549/5541/3239 5613/5605/3239 5550/5542/3239
f 5610/5602/3240 5675/5667/3240 5676/5668/3240
f 5610/5602/3240 5676/5668/3240 5424/5416/3240
f 5268/5260/3241 5376/5368/3241 5375/5367/3241
f 5268/5260/3241 5375/5367/3241 5365/5357/3241
f 5534/5526/3242 5677/5669/3242 5678/5670/3242
f 5534/5526/3242 5678/5670/3242 5648/5640/3242
f 5514/5506/3243 5679/5671/3243 5680/5672/3243
f 5514/5506/3243 5680/5672/3243 5414/5406/3243
f 5681/5673/3244 5632/5624/3244 5635/5627/3244
f 5681/5673/3244 5635/5627/3244 5409/5401/3244
f 5439/5431/3245 5374/5366/3245 5373/5365/3245
f 5439/5431/3245 5373/5365/3245 5440/5432/3245
f 5659/5651/3246 5665/5657/3246 5682/5674/3246
f 5659/5651/3246 5682/5674/3246 5533/5525/3246
f 796/796/3247 798/798/3247 5517/5509/3247
f 796/796/3247 5517/5509/3247 5506/5498/3247
f 5683/5675/3248 5684/5676/3248 5591/5583/3248
f 5683/5675/3248 5591/5583/3248 5590/5582/3248
f 5656/5648/3249 5685/5677/3249 5686/5678/3249
f 5656/5648/3249 5686/5678/3249 5681/5673/3249
f 5559/5551/3250 5687/5679/3250 5684/5676/3250
f 5559/5551/3250 5684/5676/3250 5683/5675/3250
f 5688/5680/3251 5689/5681/3251 5690/5682/3251
f 5688/5680/3251 5690/5682/3251 5639/5631/3251
f 5604/5596/3252 5405/5397/3252 5525/5517/3252
f 5604/5596/3252 5525/5517/3252 5603/5595/3252
f 5691/5683/3253 5476/5468/3253 5475/5467/3253
f 5691/5683/3253 5475/5467/3253 5692/5684/3253
f 782/782/3254 784/784/3254 5693/5685/3254
f 782/782/3254 5693/5685/3254 5558/5550/3254
f 5571/5563/3255 5670/5662/3255 5627/5619/3255
f 5571/5563/3255 5627/5619/3255 5572/5564/3255
f 5626/5618/3256 5694/5686/3256 5612/5604/3256
f 5626/5618/3256 5612/5604/3256 5563/5555/3256
f 5453/5445/3257 764/764/3257 766/766/3257
f 5453/5445/3257 766/766/3257 5454/5446/3257
f 5695/5687/3258 5673/5665/3258 5674/5666/3258
f 5695/5687/3258 5674/5666/3258 5696/5688/3258
f 5453/5445/3259 5448/5440/3259 5697/5689/3259
f 5453/5445/3259 5697/5689/3259 5390/5382/3259
f 4250/4244/3260 4249/4243/3260 5377/5369/3260
f 4250/4244/3260 5377/5369/3260 5640/5632/3260
f 5035/5028/3261 4129/4123/3261 5697/5689/3261
f 5035/5028/3261 5697/5689/3261 5495/5487/3261
f 4248/4242/3262 5698/5690/3262 5699/5691/3262
f 4248/4242/3262 5699/5691/3262 5388/5380/3262
f 5458/5450/3263 811/811/3263 809/809/3263
f 5458/5450/3263 809/809/3263 5700/5692/3263
f 5392/5384/3264 5592/5584/3264 5701/5693/3264
f 5392/5384/3264 5701/5693/3264 5393/5385/3264
f 5702/5694/3265 5646/5638/3265 5577/5569/3265
f 5702/5694/3265 5577/5569/3265 5576/5568/3265
f 5591/5583/3266 5703/5695/3266 5701/5693/3266
f 5591/5583/3266 5701/5693/3266 5592/5584/3266
f 5675/5667/3267 5560/5552/3267 5704/5696/3267
f 5675/5667/3267 5704/5696/3267 5676/5668/3267
f 5421/5413/3268 5705/5697/3268 5703/5695/3268
f 5421/5413/3268 5703/5695/3268 5706/5698/3268
f 5642/5634/3269 5494/5486/3269 5685/5677/3269
f 5642/5634/3269 5685/5677/3269 5656/5648/3269
f 5687/5679/3270 5387/5379/3270 5706/5698/3270
f 5687/5679/3270 5706/5698/3270 5684/5676/3270
f 5633/5625/3271 5707/5699/3271 5708/5700/3271
f 5633/5625/3271 5708/5700/3271 5634/5626/3271
f 5709/5701/3272 5710/5702/3272 5575/5567/3272
f 5709/5701/3272 5575/5567/3272 5574/5566/3272
f 5711/5703/3273 5512/5504/3273 5511/5503/3273
f 5711/5703/3273 5511/5503/3273 5712/5704/3273
f 786/786/3274 788/788/3274 5385/5377/3274
f 786/786/3274 5385/5377/3274 5384/5376/3274
f 5581/5573/3275 5580/5572/3275 5711/5703/3275
f 5581/5573/3275 5711/5703/3275 5713/5705/3275
f 5650/5642/3276 5714/5706/3276 5539/5531/3276
f 5650/5642/3276 5539/5531/3276 5651/5643/3276
f 5411/5403/3277 5596/5588/3277 5595/5587/3277
f 5411/5403/3277 5595/5587/3277 5472/5464/3277
f 5602/5594/3278 5601/5593/3278 5416/5408/3278
f 5602/5594/3278 5416/5408/3278 5415/5407/3278
f 5478/5470/3279 5488/5480/3279 4127/4121/3279
f 5478/5470/3279 4127/4121/3279 4126/4120/3279
f 5464/5456/3280 5667/5659/3280 5617/5609/3280
f 5464/5456/3280 5617/5609/3280 5465/5457/3280
f 786/786/3281 5384/5376/3281 5693/5685/3281
f 786/786/3281 5693/5685/3281 784/784/3281
f 5715/5707/3282 5663/5655/3282 5659/5651/3282
f 5715/5707/3282 5659/5651/3282 5647/5639/3282
f 5716/5708/3283 5717/5709/3283 5541/5533/3283
f 5716/5708/3283 5541/5533/3283 5502/5494/3283
f 792/792/3284 5718/5710/3284 5573/5565/3284
f 792/792/3284 5573/5565/3284 790/790/3284
f 5393/5385/3285 5701/5693/3285 5719/5711/3285
f 5393/5385/3285 5719/5711/3285 5720/5712/3285
f 5384/5376/3286 5387/5379/3286 5687/5679/3286
f 5384/5376/3286 5687/5679/3286 5693/5685/3286
f 5703/5695/3287 5705/5697/3287 5719/5711/3287
f 5703/5695/3287 5719/5711/3287 5701/5693/3287
f 5646/5638/3288 5721/5713/3288 5679/5671/3288
f 5646/5638/3288 5679/5671/3288 5514/5506/3288
f 5598/5590/3289 5549/5541/3289 5552/5544/3289
f 5598/5590/3289 5552/5544/3289 5547/5539/3289
f 5522/5514/3290 5722/5714/3290 4247/4241/3290
f 5522/5514/3290 4247/4241/3290 5523/5515/3290
f 789/789/3291 5513/5505/3291 5413/5405/3291
f 789/789/3291 5413/5405/3291 791/791/3291
f 5579/5571/3292 5723/5715/3292 5724/5716/3292
f 5579/5571/3292 5724/5716/3292 5580/5572/3292
f 5458/5450/3293 5725/5717/3293 5726/5718/3293
f 5458/5450/3293 5726/5718/3293 5457/5449/3293
f 5656/5648/3294 5681/5673/3294 5409/5401/3294
f 5656/5648/3294 5409/5401/3294 5408/5400/3294
f 5649/5641/3295 5648/5640/3295 5678/5670/3295
f 5649/5641/3295 5678/5670/3295 5727/5719/3295
f 5473/5465/3296 5728/5720/3296 5480/5472/3296
f 5473/5465/3296 5480/5472/3296 5474/5466/3296
f 5654/5646/3297 5729/5721/3297 5450/5442/3297
f 5654/5646/3297 5450/5442/3297 5449/5441/3297
f 5560/5552/3298 5559/5551/3298 5683/5675/3298
f 5560/5552/3298 5683/5675/3298 5704/5696/3298
f 5707/5699/3299 5730/5722/3299 5731/5723/3299
f 5707/5699/3299 5731/5723/3299 5708/5700/3299
f 5636/5628/3300 5638/5630/3300 5524/5516/3300
f 5636/5628/3300 5524/5516/3300 5616/5608/3300
f 5572/5564/3301 5627/5619/3301 5630/5622/3301
f 5572/5564/3301 5630/5622/3301 5644/5636/3301
f 780/780/3302 782/782/3302 5558/5550/3302
f 780/780/3302 5558/5550/3302 5561/5553/3302
f 5732/5724/3303 5456/5448/3303 5579/5571/3303
f 5732/5724/3303 5579/5571/3303 5578/5570/3303
f 5733/5725/3304 5641/5633/3304 5637/5629/3304
f 5733/5725/3304 5637/5629/3304 5636/5628/3304
f 5639/5631/3305 5690/5682/3305 4250/4244/3305
f 5639/5631/3305 4250/4244/3305 5640/5632/3305
f 5734/5726/3306 5725/5717/3306 5458/5450/3306
f 5734/5726/3306 5458/5450/3306 5700/5692/3306
f 5584/5576/3307 5398/5390/3307 5416/5408/3307
f 5584/5576/3307 5416/5408/3307 5601/5593/3307
f 774/774/3308 5657/5649/3308 5566/5558/3308
f 774/774/3308 5566/5558/3308 772/772/3308
f 5735/5727/3309 5059/5052/3309 5062/5055/3309
f 5735/5727/3309 5062/5055/3309 5736/5728/3309
f 5737/5729/3310 5738/5730/3310 5392/5384/3310
f 5737/5729/3310 5392/5384/3310 5391/5383/3310
f 767/767/3311 5406/5398/3311 5399/5391/3311
f 767/767/3311 5399/5391/3311 769/769/3311
f 5502/5494/3312 5541/5533/3312 5544/5536/3312
f 5502/5494/3312 5544/5536/3312 5503/5495/3312
f 5657/5649/3313 5739/5731/3313 5610/5602/3313
f 5657/5649/3313 5610/5602/3313 5609/5601/3313
f 5538/5530/3314 5515/5507/3314 5565/5557/3314
f 5538/5530/3314 5565/5557/3314 5598/5590/3314
f 5734/5726/3315 5740/5732/3315 5741/5733/3315
f 5734/5726/3315 5741/5733/3315 5725/5717/3315
f 5447/5439/3316 5481/5473/3316 5496/5488/3316
f 5447/5439/3316 5496/5488/3316 5495/5487/3316
f 5550/5542/3317 5531/5523/3317 5554/5546/3317
f 5550/5542/3317 5554/5546/3317 5551/5543/3317
f 5585/5577/3318 5584/5576/3318 5601/5593/3318
f 5585/5577/3318 5601/5593/3318 5600/5592/3318
f 5537/5529/3319 5548/5540/3319 5742/5734/3319
f 5537/5529/3319 5742/5734/3319 5400/5392/3319
f 5529/5521/3320 5036/5029/3320 5496/5488/3320
f 5529/5521/3320 5496/5488/3320 5526/5518/3320
f 5621/5613/3321 5552/5544/3321 5551/5543/3321
f 5621/5613/3321 5551/5543/3321 5556/5548/3321
f 5510/5502/3322 5704/5696/3322 5683/5675/3322
f 5510/5502/3322 5683/5675/3322 5590/5582/3322
f 5633/5625/3323 5431/5423/3323 5430/5422/3323
f 5633/5625/3323 5430/5422/3323 5707/5699/3323
f 5493/5485/3324 5530/5522/3324 5685/5677/3324
f 5493/5485/3324 5685/5677/3324 5494/5486/3324
f 5268/5260/3325 5365/5357/3325 5368/5360/3325
f 5268/5260/3325 5368/5360/3325 5269/5261/3325
f 5573/5565/3326 5718/5710/3326 5492/5484/3326
f 5573/5565/3326 5492/5484/3326 5419/5411/3326
f 5397/5389/3327 5572/5564/3327 5644/5636/3327
f 5397/5389/3327 5644/5636/3327 5417/5409/3327
f 5525/5517/3328 5405/5397/3328 765/765/3328
f 5525/5517/3328 765/765/3328 763/763/3328
f 5743/5735/3329 5744/5736/3329 5745/5737/3329
f 5743/5735/3329 5745/5737/3329 5746/5738/3329
f 5694/5686/3330 5715/5707/3330 5647/5639/3330
f 5694/5686/3330 5647/5639/3330 5612/5604/3330
f 5747/5739/3331 815/815/3331 812/812/3331
f 5747/5739/3331 812/812/3331 5457/5449/3331
f 5610/5602/3332 5739/5731/3332 5748/5740/3332
f 5610/5602/3332 5748/5740/3332 5675/5667/3332
f 5692/5684/3333 5475/5467/3333 5383/5375/3333
f 5692/5684/3333 5383/5375/3333 5744/5736/3333
f 5747/5739/3334 5749/5741/3334 817/817/3334
f 5747/5739/3334 817/817/3334 815/815/3334
f 5750/5742/3335 5751/5743/3335 5501/5493/3335
f 5750/5742/3335 5501/5493/3335 5673/5665/3335
f 5751/5743/3336 5716/5708/3336 5502/5494/3336
f 5751/5743/3336 5502/5494/3336 5501/5493/3336
f 5576/5568/3337 785/785/3337 783/783/3337
f 5576/5568/3337 783/783/3337 5752/5744/3337
f 5720/5712/3338 5719/5711/3338 5667/5659/3338
f 5720/5712/3338 5667/5659/3338 5464/5456/3338
f 5727/5719/3339 5702/5694/3339 5576/5568/3339
f 5727/5719/3339 5576/5568/3339 5752/5744/3339
f 5534/5526/3340 5533/5525/3340 5682/5674/3340
f 5534/5526/3340 5682/5674/3340 5677/5669/3340
f 5658/5650/3341 5609/5601/3341 5423/5415/3341
f 5658/5650/3341 5423/5415/3341 5594/5586/3341
f 5753/5745/3342 5721/5713/3342 5754/5746/3342
f 5753/5745/3342 5754/5746/3342 5755/5747/3342
f 5686/5678/3343 5756/5748/3343 5632/5624/3343
f 5686/5678/3343 5632/5624/3343 5681/5673/3343
f 5419/5411/3344 5492/5484/3344 5427/5419/3344
f 5419/5411/3344 5427/5419/3344 5420/5412/3344
f 4249/4243/3345 5389/5381/3345 5378/5370/3345
f 4249/4243/3345 5378/5370/3345 5377/5369/3345
f 5742/5734/3346 5548/5540/3346 5621/5613/3346
f 5742/5734/3346 5621/5613/3346 5620/5612/3346
f 5425/5417/3347 5509/5501/3347 5512/5504/3347
f 5425/5417/3347 5512/5504/3347 5724/5716/3347
f 5380/5372/3348 5379/5371/3348 5603/5595/3348
f 5380/5372/3348 5603/5595/3348 5638/5630/3348
f 5599/5591/3349 5602/5594/3349 5680/5672/3349
f 5599/5591/3349 5680/5672/3349 5679/5671/3349
f 5509/5501/3350 5676/5668/3350 5704/5696/3350
f 5509/5501/3350 5704/5696/3350 5510/5502/3350
f 5530/5522/3351 5611/5603/3351 5686/5678/3351
f 5530/5522/3351 5686/5678/3351 5685/5677/3351
f 5714/5706/3352 5629/5621/3352 5696/5688/3352
f 5714/5706/3352 5696/5688/3352 5757/5749/3352
f 5517/5509/3353 5611/5603/3353 5530/5522/3353
f 5517/5509/3353 5530/5522/3353 5506/5498/3353
f 5521/5513/3354 5520/5512/3354 5689/5681/3354
f 5521/5513/3354 5689/5681/3354 5490/5482/3354
f 804/804/3355 806/806/3355 5758/5750/3355
f 804/804/3355 5758/5750/3355 5759/5751/3355
f 5444/5436/3356 5443/5435/3356 5760/5752/3356
f 5444/5436/3356 5760/5752/3356 5761/5753/3356
f 5762/5754/3357 5763/5755/3357 5764/5756/3357
f 5762/5754/3357 5764/5756/3357 5542/5534/3357
f 797/797/3358 5470/5462/3358 5660/5652/3358
f 797/797/3358 5660/5652/3358 799/799/3358
f 5628/5620/3359 5695/5687/3359 5696/5688/3359
f 5628/5620/3359 5696/5688/3359 5629/5621/3359
f 5438/5430/3360 5736/5728/3360 5765/5757/3360
f 5438/5430/3360 5765/5757/3360 5432/5424/3360
f 5748/5740/3361 778/778/3361 780/780/3361
f 5748/5740/3361 780/780/3361 5561/5553/3361
f 5766/5758/3362 5712/5704/3362 5738/5730/3362
f 5766/5758/3362 5738/5730/3362 5737/5729/3362
f 5717/5709/3363 5762/5754/3363 5542/5534/3363
f 5717/5709/3363 5542/5534/3363 5541/5533/3363
f 5666/5658/3364 781/781/3364 779/779/3364
f 5666/5658/3364 779/779/3364 5631/5623/3364
f 5456/5448/3365 5367/5359/3365 5723/5715/3365
f 5456/5448/3365 5723/5715/3365 5579/5571/3365
f 5434/5426/3366 5437/5429/3366 5660/5652/3366
f 5434/5426/3366 5660/5652/3366 5767/5759/3366
f 5422/5414/3367 5425/5417/3367 5724/5716/3367
f 5422/5414/3367 5724/5716/3367 5723/5715/3367
f 5702/5694/3368 5754/5746/3368 5721/5713/3368
f 5702/5694/3368 5721/5713/3368 5646/5638/3368
f 5599/5591/3369 5679/5671/3369 5721/5713/3369
f 5599/5591/3369 5721/5713/3369 5753/5745/3369
f 5418/5410/3370 5645/5637/3370 5597/5589/3370
f 5418/5410/3370 5597/5589/3370 5595/5587/3370
f 5768/5760/3371 5769/5761/3371 5770/5762/3371
f 5768/5760/3371 5770/5762/3371 5771/5763/3371
f 5645/5637/3372 5644/5636/3372 5630/5622/3372
f 5645/5637/3372 5630/5622/3372 5650/5642/3372
f 5758/5750/3373 5768/5760/3373 5429/5421/3373
f 5758/5750/3373 5429/5421/3373 5759/5751/3373
f 5772/5764/3374 5545/5537/3374 5546/5538/3374
f 5772/5764/3374 5546/5538/3374 5773/5765/3374
f 5727/5719/3375 5678/5670/3375 5754/5746/3375
f 5727/5719/3375 5754/5746/3375 5702/5694/3375
f 5606/5598/3376 5774/5766/3376 5740/5732/3376
f 5606/5598/3376 5740/5732/3376 5607/5599/3376
f 5730/5722/3377 5771/5763/3377 5770/5762/3377
f 5730/5722/3377 5770/5762/3377 5772/5764/3377
f 5361/5353/3378 5364/5356/3378 5431/5423/3378
f 5361/5353/3378 5431/5423/3378 5756/5748/3378
f 5650/5642/3379 5630/5622/3379 5629/5621/3379
f 5650/5642/3379 5629/5621/3379 5714/5706/3379
f 5559/5551/3380 5558/5550/3380 5693/5685/3380
f 5559/5551/3380 5693/5685/3380 5687/5679/3380
f 5619/5611/3381 5618/5610/3381 5408/5400/3381
f 5619/5611/3381 5408/5400/3381 5407/5399/3381
f 5775/5767/3382 819/819/3382 817/817/3382
f 5775/5767/3382 817/817/3382 5749/5741/3382
f 5394/5386/3383 5393/5385/3383 5720/5712/3383
f 5394/5386/3383 5720/5712/3383 5776/5768/3383
f 5462/5454/3384 5461/5453/3384 5455/5447/3384
f 5462/5454/3384 5455/5447/3384 5777/5769/3384
f 5436/5428/3385 803/803/3385 801/801/3385
f 5436/5428/3385 801/801/3385 5437/5429/3385
f 5661/5653/3386 5635/5627/3386 5634/5626/3386
f 5661/5653/3386 5634/5626/3386 5402/5394/3386
f 5369/5361/3387 5747/5739/3387 5457/5449/3387
f 5369/5361/3387 5457/5449/3387 5726/5718/3387
f 818/818/3388 820/820/3388 5488/5480/3388
f 818/818/3388 5488/5480/3388 5487/5479/3388
f 5763/5755/3389 5518/5510/3389 5521/5513/3389
f 5763/5755/3389 5521/5513/3389 5764/5756/3389
f 5778/5770/3390 5691/5683/3390 5692/5684/3390
f 5778/5770/3390 5692/5684/3390 5779/5771/3390
f 803/803/3391 5436/5428/3391 5575/5567/3391
f 803/803/3391 5575/5567/3391 805/805/3391
f 5760/5752/3392 5451/5443/3392 5476/5468/3392
f 5760/5752/3392 5476/5468/3392 5691/5683/3392
f 5406/5398/3393 5643/5635/3393 5535/5527/3393
f 5406/5398/3393 5535/5527/3393 5399/5391/3393
f 5481/5473/3394 5468/5460/3394 5526/5518/3394
f 5481/5473/3394 5526/5518/3394 5496/5488/3394
f 5435/5427/3395 5540/5532/3395 5608/5600/3395
f 5435/5427/3395 5608/5600/3395 5574/5566/3395
f 5714/5706/3396 5757/5749/3396 5540/5532/3396
f 5714/5706/3396 5540/5532/3396 5539/5531/3396
f 5757/5749/3397 5605/5597/3397 5608/5600/3397
f 5757/5749/3397 5608/5600/3397 5540/5532/3397
f 5500/5492/3398 5643/5635/3398 5604/5596/3398
f 5500/5492/3398 5604/5596/3398 5553/5545/3398
f 5757/5749/3399 5696/5688/3399 5674/5666/3399
f 5757/5749/3399 5674/5666/3399 5605/5597/3399
f 5604/5596/3400 5643/5635/3400 5406/5398/3400
f 5604/5596/3400 5406/5398/3400 5405/5397/3400
f 5570/5562/3401 5569/5561/3401 5780/5772/3401
f 5570/5562/3401 5780/5772/3401 5781/5773/3401
f 5767/5759/3402 5651/5643/3402 5539/5531/3402
f 5767/5759/3402 5539/5531/3402 5434/5426/3402
f 5602/5594/3403 5415/5407/3403 5596/5588/3403
f 5602/5594/3403 5596/5588/3403 5680/5672/3403
f 5557/5549/3404 5482/5474/3404 5484/5476/3404
f 5557/5549/3404 5484/5476/3404 5741/5733/3404
f 5429/5421/3405 5768/5760/3405 5771/5763/3405
f 5429/5421/3405 5771/5763/3405 5430/5422/3405
f 5774/5766/3406 5503/5495/3406 5544/5536/3406
f 5774/5766/3406 5544/5536/3406 5557/5549/3406
f 5492/5484/3407 5718/5710/3407 5505/5497/3407
f 5492/5484/3407 5505/5497/3407 5493/5485/3407
f 5744/5736/3408 5383/5375/3408 5382/5374/3408
f 5744/5736/3408 5382/5374/3408 5745/5737/3408
f 810/810/3409 813/813/3409 5672/5664/3409
f 810/810/3409 5672/5664/3409 5485/5477/3409
f 5664/5656/3410 5567/5559/3410 5570/5562/3410
f 5664/5656/3410 5570/5562/3410 5665/5657/3410
f 5388/5380/3411 5699/5691/3411 5782/5774/3411
f 5388/5380/3411 5782/5774/3411 5438/5430/3411
f 5710/5702/3412 807/807/3412 805/805/3412
f 5710/5702/3412 805/805/3412 5575/5567/3412
f 5403/5395/3413 5708/5700/3413 5731/5723/3413
f 5403/5395/3413 5731/5723/3413 5668/5660/3413
f 5363/5355/3414 5759/5751/3414 5429/5421/3414
f 5363/5355/3414 5429/5421/3414 5364/5356/3414
f 5433/5425/3415 5432/5424/3415 5765/5757/3415
f 5433/5425/3415 5765/5757/3415 5497/5489/3415
f 5783/5775/3416 5784/5776/3416 5442/5434/3416
f 5783/5775/3416 5442/5434/3416 5441/5433/3416
f 5785/5777/3417 5750/5742/3417 5673/5665/3417
f 5785/5777/3417 5673/5665/3417 5695/5687/3417
f 807/807/3418 5710/5702/3418 5700/5692/3418
f 807/807/3418 5700/5692/3418 809/809/3418
f 5668/5660/3419 5731/5723/3419 5773/5765/3419
f 5668/5660/3419 5773/5765/3419 5784/5776/3419
f 5709/5701/3420 5734/5726/3420 5700/5692/3420
f 5709/5701/3420 5700/5692/3420 5710/5702/3420
f 5550/5542/3421 5613/5605/3421 5532/5524/3421
f 5550/5542/3421 5532/5524/3421 5531/5523/3421
f 5709/5701/3422 5607/5599/3422 5740/5732/3422
f 5709/5701/3422 5740/5732/3422 5734/5726/3422
f 5632/5624/3423 5756/5748/3423 5431/5423/3423
f 5632/5624/3423 5431/5423/3423 5633/5625/3423
f 5707/5699/3424 5430/5422/3424 5771/5763/3424
f 5707/5699/3424 5771/5763/3424 5730/5722/3424
f 5611/5603/3425 5361/5353/3425 5756/5748/3425
f 5611/5603/3425 5756/5748/3425 5686/5678/3425
f 5753/5745/3426 5780/5772/3426 5600/5592/3426
f 5753/5745/3426 5600/5592/3426 5599/5591/3426
f 5589/5581/3427 5588/5580/3427 5487/5479/3427
f 5589/5581/3427 5487/5479/3427 5477/5469/3427
f 5736/5728/3428 5062/5055/3428 5516/5508/3428
f 5736/5728/3428 5516/5508/3428 5765/5757/3428
f 766/766/3429 768/768/3429 5440/5432/3429
f 766/766/3429 5440/5432/3429 5454/5446/3429
f 5655/5647/3430 5545/5537/3430 5772/5764/3430
f 5655/5647/3430 5772/5764/3430 5770/5762/3430
f 5531/5523/3431 5534/5526/3431 5648/5640/3431
f 5531/5523/3431 5648/5640/3431 5554/5546/3431
f 5414/5406/3432 5680/5672/3432 5596/5588/3432
f 5414/5406/3432 5596/5588/3432 5411/5403/3432
f 5705/5697/3433 5426/5418/3433 5667/5659/3433
f 5705/5697/3433 5667/5659/3433 5719/5711/3433
f 5470/5462/3434 5469/5461/3434 5767/5759/3434
f 5470/5462/3434 5767/5759/3434 5660/5652/3434
f 5460/5452/3435 5270/5262/3435 5269/5261/3435
f 5460/5452/3435 5269/5261/3435 5461/5453/3435
f 5620/5612/3436 775/775/3436 773/773/3436
f 5620/5612/3436 773/773/3436 5742/5734/3436
f 5624/5616/3437 5619/5611/3437 5407/5399/3437
f 5624/5616/3437 5407/5399/3437 5507/5499/3437
f 5060/5053/3438 5625/5617/3438 5562/5554/3438
f 5060/5053/3438 5562/5554/3438 5061/5054/3438
f 816/816/3439 5588/5580/3439 5587/5579/3439
f 816/816/3439 5587/5579/3439 814/814/3439
f 5784/5776/3440 5773/5765/3440 5546/5538/3440
f 5784/5776/3440 5546/5538/3440 5442/5434/3440
f 5653/5645/3441 5672/5664/3441 5587/5579/3441
f 5653/5645/3441 5587/5579/3441 5586/5578/3441
f 5366/5358/3442 5422/5414/3442 5723/5715/3442
f 5366/5358/3442 5723/5715/3442 5367/5359/3442
f 5374/5366/3443 5658/5650/3443 5594/5586/3443
f 5374/5366/3443 5594/5586/3443 5375/5367/3443
f 5669/5661/3444 5668/5660/3444 5784/5776/3444
f 5669/5661/3444 5784/5776/3444 5783/5775/3444
f 822/822/3445 4127/4121/3445 5488/5480/3445
f 822/822/3445 5488/5480/3445 820/820/3445
f 5569/5561/3446 5585/5577/3446 5600/5592/3446
f 5569/5561/3446 5600/5592/3446 5780/5772/3446
f 5385/5377/3447 5573/5565/3447 5419/5411/3447
f 5385/5377/3447 5419/5411/3447 5386/5378/3447
f 5474/5466/3448 5381/5373/3448 5383/5375/3448
f 5474/5466/3448 5383/5375/3448 5475/5467/3448
f 5725/5717/3449 5741/5733/3449 5484/5476/3449
f 5725/5717/3449 5484/5476/3449 5726/5718/3449
f 5545/5537/3450 5655/5647/3450 5654/5646/3450
f 5545/5537/3450 5654/5646/3450 5449/5441/3450
f 5706/5698/3451 5703/5695/3451 5591/5583/3451
f 5706/5698/3451 5591/5583/3451 5684/5676/3451
f 5387/5379/3452 5386/5378/3452 5421/5413/3452
f 5387/5379/3452 5421/5413/3452 5706/5698/3452
f 5606/5598/3453 5504/5496/3453 5503/5495/3453
f 5606/5598/3453 5503/5495/3453 5774/5766/3453
f 5649/5641/3454 5727/5719/3454 5752/5744/3454
f 5649/5641/3454 5752/5744/3454 5666/5658/3454
f 5410/5402/3455 5409/5401/3455 5635/5627/3455
f 5410/5402/3455 5635/5627/3455 5661/5653/3455
f 5631/5623/3456 779/779/3456 777/777/3456
f 5631/5623/3456 777/777/3456 5622/5614/3456
f 5761/5753/3457 5760/5752/3457 5691/5683/3457
f 5761/5753/3457 5691/5683/3457 5778/5770/3457
f 5653/5645/3458 5586/5578/3458 5729/5721/3458
f 5653/5645/3458 5729/5721/3458 5654/5646/3458
f 5605/5597/3459 5674/5666/3459 5504/5496/3459
f 5605/5597/3459 5504/5496/3459 5606/5598/3459
f 5769/5761/3460 5486/5478/3460 5485/5477/3460
f 5769/5761/3460 5485/5477/3460 5652/5644/3460
f 5712/5704/3461 5511/5503/3461 5593/5585/3461
f 5712/5704/3461 5593/5585/3461 5738/5730/3461
f 5471/5463/3462 795/795/3462 793/793/3462
f 5471/5463/3462 793/793/3462 5412/5404/3462
f 5746/5738/3463 5745/5737/3463 5528/5520/3463
f 5746/5738/3463 5528/5520/3463 5786/5778/3463
f 5722/5714/3464 5698/5690/3464 4248/4242/3464
f 5722/5714/3464 4248/4242/3464 4247/4241/3464
f 5752/5744/3465 783/783/3465 781/781/3465
f 5752/5744/3465 781/781/3465 5666/5658/3465
f 5443/5435/3466 5452/5444/3466 5451/5443/3466
f 5443/5435/3466 5451/5443/3466 5760/5752/3466
f 802/802/3467 804/804/3467 5759/5751/3467
f 802/802/3467 5759/5751/3467 5363/5355/3467
f 5491/5483/3468 5490/5482/3468 5689/5681/3468
f 5491/5483/3468 5689/5681/3468 5688/5680/3468
f 5372/5364/3469 5371/5363/3469 5787/5779/3469
f 5372/5364/3469 5787/5779/3469 5788/5780/3469
f 5491/5483/3470 5688/5680/3470 5787/5779/3470
f 5491/5483/3470 5787/5779/3470 5371/5363/3470
f 5557/5549/3471 5741/5733/3471 5740/5732/3471
f 5557/5549/3471 5740/5732/3471 5774/5766/3471
f 5742/5734/3472 773/773/3472 771/771/3472
f 5742/5734/3472 771/771/3472 5400/5392/3472
f 5738/5730/3473 5593/5585/3473 5592/5584/3473
f 5738/5730/3473 5592/5584/3473 5392/5384/3473
f 5369/5361/3474 5372/5364/3474 5749/5741/3474
f 5369/5361/3474 5749/5741/3474 5747/5739/3474
f 5755/5747/3475 5781/5773/3475 5780/5772/3475
f 5755/5747/3475 5780/5772/3475 5753/5745/3475
f 5574/5566/3476 5608/5600/3476 5607/5599/3476
f 5574/5566/3476 5607/5599/3476 5709/5701/3476
f 5450/5442/3477 5729/5721/3477 5728/5720/3477
f 5450/5442/3477 5728/5720/3477 5473/5465/3477
f 5688/5680/3478 5639/5631/3478 5641/5633/3478
f 5688/5680/3478 5641/5633/3478 5787/5779/3478
f 5586/5578/3479 5589/5581/3479 5728/5720/3479
f 5586/5578/3479 5728/5720/3479 5729/5721/3479
f 5497/5489/3480 5765/5757/3480 5516/5508/3480
f 5497/5489/3480 5516/5508/3480 5498/5490/3480
f 5768/5760/3481 5758/5750/3481 5486/5478/3481
f 5768/5760/3481 5486/5478/3481 5769/5761/3481
f 5402/5394/3482 5634/5626/3482 5708/5700/3482
f 5402/5394/3482 5708/5700/3482 5403/5395/3482
f 791/791/3483 5413/5405/3483 5412/5404/3483
f 791/791/3483 5412/5404/3483 793/793/3483
f 5528/5520/3484 5527/5519/3484 5615/5607/3484
f 5528/5520/3484 5615/5607/3484 5786/5778/3484
f 5777/5769/3485 5455/5447/3485 5456/5448/3485
f 5777/5769/3485 5456/5448/3485 5732/5724/3485
f 5482/5474/3486 5543/5535/3486 5489/5481/3486
f 5482/5474/3486 5489/5481/3486 5483/5475/3486
f 4129/4123/3487 4128/4122/3487 5390/5382/3487
f 4129/4123/3487 5390/5382/3487 5697/5689/3487
f 5665/5657/3488 5570/5562/3488 5781/5773/3488
f 5665/5657/3488 5781/5773/3488 5682/5674/3488
f 5789/5781/3489 5790/5782/3489 5791/5783/3489
f 5789/5781/3489 5791/5783/3489 5792/5784/3489
f 5662/5654/3490 5661/5653/3490 5402/5394/3490
f 5662/5654/3490 5402/5394/3490 5401/5393/3490
f 5779/5771/3491 5692/5684/3491 5744/5736/3491
f 5779/5771/3491 5744/5736/3491 5743/5735/3491
f 2640/2638/3492 3570/3566/3492 3573/3569/3492
f 2640/2638/3492 3573/3569/3492 2641/2639/3492
f 5764/5756/3493 5521/5513/3493 5490/5482/3493
f 5764/5756/3493 5490/5482/3493 5489/5481/3493
f 5372/5364/3494 5788/5780/3494 5775/5767/3494
f 5372/5364/3494 5775/5767/3494 5749/5741/3494
f 5677/5669/3495 5682/5674/3495 5781/5773/3495
f 5677/5669/3495 5781/5773/3495 5755/5747/3495
f 5726/5718/3496 5484/5476/3496 5370/5362/3496
f 5726/5718/3496 5370/5362/3496 5369/5361/3496
f 5365/5357/3497 5375/5367/3497 5594/5586/3497
f 5365/5357/3497 5594/5586/3497 5366/5358/3497
f 5705/5697/3498 5421/5413/3498 5420/5412/3498
f 5705/5697/3498 5420/5412/3498 5426/5418/3498
f 5697/5689/3499 5448/5440/3499 5447/5439/3499
f 5697/5689/3499 5447/5439/3499 5495/5487/3499
f 5527/5519/3500 5526/5518/3500 5468/5460/3500
f 5527/5519/3500 5468/5460/3500 5467/5459/3500
f 5788/5780/3501 5733/5725/3501 5623/5615/3501
f 5788/5780/3501 5623/5615/3501 5775/5767/3501
f 5481/5473/3502 5267/5259/3502 5270/5262/3502
f 5481/5473/3502 5270/5262/3502 5468/5460/3502
f 5788/5780/3503 5787/5779/3503 5641/5633/3503
f 5788/5780/3503 5641/5633/3503 5733/5725/3503
f 5474/5466/3504 5480/5472/3504 5479/5471/3504
f 5474/5466/3504 5479/5471/3504 5381/5373/3504
f 5446/5438/3505 5376/5368/3505 5268/5260/3505
f 5446/5438/3505 5268/5260/3505 5267/5259/3505
f 5469/5461/3506 5597/5589/3506 5651/5643/3506
f 5469/5461/3506 5651/5643/3506 5767/5759/3506
f 5498/5490/3507 5516/5508/3507 5515/5507/3507
f 5498/5490/3507 5515/5507/3507 5538/5530/3507
f 5566/5558/3508 5658/5650/3508 5374/5366/3508
f 5566/5558/3508 5374/5366/3508 5439/5431/3508
f 5520/5512/3509 5523/5515/3509 5690/5682/3509
f 5520/5512/3509 5690/5682/3509 5689/5681/3509
f 794/794/3510 5505/5497/3510 5718/5710/3510
f 794/794/3510 5718/5710/3510 792/792/3510
f 5568/5560/3511 5582/5574/3511 5585/5577/3511
f 5568/5560/3511 5585/5577/3511 5569/5561/3511
f 5671/5663/3512 5785/5777/3512 5695/5687/3512
f 5671/5663/3512 5695/5687/3512 5628/5620/3512
f 5623/5615/3513 821/821/3513 819/819/3513
f 5623/5615/3513 819/819/3513 5775/5767/3513
f 5675/5667/3514 5748/5740/3514 5561/5553/3514
f 5675/5667/3514 5561/5553/3514 5560/5552/3514
f 5523/5515/3515 4247/4241/3515 4250/4244/3515
f 5523/5515/3515 4250/4244/3515 5690/5682/3515
f 778/778/3516 5748/5740/3516 5739/5731/3516
f 778/778/3516 5739/5731/3516 776/776/3516
f 5776/5768/3517 5720/5712/3517 5464/5456/3517
f 5776/5768/3517 5464/5456/3517 5463/5455/3517
f 5713/5705/3518 5711/5703/3518 5712/5704/3518
f 5713/5705/3518 5712/5704/3518 5766/5758/3518
f 774/774/3519 776/776/3519 5739/5731/3519
f 774/774/3519 5739/5731/3519 5657/5649/3519
f 5580/5572/3520 5724/5716/3520 5512/5504/3520
f 5580/5572/3520 5512/5504/3520 5711/5703/3520
f 5733/5725/3521 5636/5628/3521 5616/5608/3521
f 5733/5725/3521 5616/5608/3521 5623/5615/3521
f 5730/5722/3522 5772/5764/3522 5773/5765/3522
f 5730/5722/3522 5773/5765/3522 5731/5723/3522
f 5548/5540/3523 5547/5539/3523 5552/5544/3523
f 5548/5540/3523 5552/5544/3523 5621/5613/3523
f 5381/5373/3524 5479/5471/3524 5034/5027/3524
f 5381/5373/3524 5034/5027/3524 5033/5026/3524
f 5425/5417/3525 5424/5416/3525 5676/5668/3525
f 5425/5417/3525 5676/5668/3525 5509/5501/3525
f 5589/5581/3526 5477/5469/3526 5480/5472/3526
f 5589/5581/3526 5480/5472/3526 5728/5720/3526
f 5428/5420/3527 5642/5634/3527 5618/5610/3527
f 5428/5420/3527 5618/5610/3527 5617/5609/3527
f 5638/5630/3528 5603/5595/3528 5525/5517/3528
f 5638/5630/3528 5525/5517/3528 5524/5516/3528
f 5382/5374/3529 5033/5026/3529 5036/5029/3529
f 5382/5374/3529 5036/5029/3529 5529/5521/3529
f 4034/4029/3530 4033/4028/3530 4394/4388/3530
f 4034/4029/3530 4394/4388/3530 4393/4387/3530
f 5755/5747/3531 5754/5746/3531 5678/5670/3531
f 5755/5747/3531 5678/5670/3531 5677/5669/3531
f 5640/5632/3532 5377/5369/3532 5380/5372/3532
f 5640/5632/3532 5380/5372/3532 5637/5629/3532
f 5769/5761/3533 5652/5644/3533 5655/5647/3533
f 5769/5761/3533 5655/5647/3533 5770/5762/3533
f 3527/3523/3534 3526/3522/3534 1860/1858/3534
f 3527/3523/3534 1860/1858/3534 1859/1857/3534
f 5652/5644/3535 5485/5477/3535 5672/5664/3535
f 5652/5644/3535 5672/5664/3535 5653/5645/3535
f 5542/5534/3536 5764/5756/3536 5489/5481/3536
f 5542/5534/3536 5489/5481/3536 5543/5535/3536
f 800/800/3537 802/802/3537 5363/5355/3537
f 800/800/3537 5363/5355/3537 5362/5354/3537
f 5467/5459/3538 5460/5452/3538 5459/5451/3538
f 5467/5459/3538 5459/5451/3538 5614/5606/3538
f 5735/5727/3539 5736/5728/3539 5438/5430/3539
f 5735/5727/3539 5438/5430/3539 5782/5774/3539
f 806/806/3540 808/808/3540 5486/5478/3540
f 806/806/3540 5486/5478/3540 5758/5750/3540
f 5745/5737/3541 5382/5374/3541 5529/5521/3541
f 5745/5737/3541 5529/5521/3541 5528/5520/3541
f 2788/2786/3542 4988/4981/3542 4987/4980/3542
f 2788/2786/3542 4987/4980/3542 2789/2787/3542
f 4491/4485/3543 4494/4488/3543 5112/5105/3543
f 4491/4485/3543 5112/5105/3543 5111/5104/3543
f 5322/5314/3544 955/955/3544 1744/1743/3544
f 5322/5314/3544 1744/1743/3544 2298/2296/3544
f 4995/4988/3545 4994/4987/3545 5793/5785/3545
f 4995/4988/3545 5793/5785/3545 5794/5786/3545
f 108/108/3546 110/110/3546 5795/5787/3546
f 108/108/3546 5795/5787/3546 5091/5084/3546
f 5185/5178/3547 4324/4318/3547 4327/4321/3547
f 5185/5178/3547 4327/4321/3547 5186/5179/3547
f 4457/4451/3548 4456/4450/3548 4265/4259/3548
f 4457/4451/3548 4265/4259/3548 4264/4258/3548
f 3836/3832/3549 4587/4580/3549 825/825/3549
f 3836/3832/3549 825/825/3549 824/824/3549
f 3233/3229/3550 5796/5788/3550 5797/5789/3550
f 3233/3229/3550 5797/5789/3550 3234/3230/3550
f 3770/3766/3551 5798/5790/3551 5799/5791/3551
f 3770/3766/3551 5799/5791/3551 3771/3767/3551
f 1726/1725/3552 988/988/3552 987/987/3552
f 1726/1725/3552 987/987/3552 1724/1723/3552
f 5800/5792/3553 5801/5793/3553 2325/2323/3553
f 5800/5792/3553 2325/2323/3553 2324/2322/3553
f 2233/2231/3554 5802/5794/3554 5803/5795/3554
f 2233/2231/3554 5803/5795/3554 2234/2232/3554
f 827/827/3555 3835/3831/3555 3836/3832/3555
f 827/827/3555 3836/3832/3555 824/824/3555
f 5316/5308/3556 4764/4757/3556 4012/4007/3556
f 5316/5308/3556 4012/4007/3556 4607/4600/3556
f 4871/4864/3557 4870/4863/3557 3680/3676/3557
f 4871/4864/3557 3680/3676/3557 3679/3675/3557
f 3332/3328/3558 3331/3327/3558 5243/5236/3558
f 3332/3328/3558 5243/5236/3558 5242/5235/3558
f 1648/1647/3559 1650/1649/3559 836/836/3559
f 1648/1647/3559 836/836/3559 835/835/3559
f 2760/2758/3560 2759/2757/3560 4840/4833/3560
f 2760/2758/3560 4840/4833/3560 4839/4832/3560
f 4563/4556/3561 2122/2120/3561 2121/2119/3561
f 4563/4556/3561 2121/2119/3561 4564/4557/3561
f 5804/5796/3562 3475/3471/3562 3478/3474/3562
f 5804/5796/3562 3478/3474/3562 5805/5797/3562
f 5806/5798/3563 5807/5799/3563 5223/5216/3563
f 5806/5798/3563 5223/5216/3563 5222/5215/3563
f 2199/2197/3564 2198/2196/3564 5808/5800/3564
f 2199/2197/3564 5808/5800/3564 5809/5801/3564
# Vertices: 5809, normals: 3564, texture coordinates: 5801, faces: 6352

