# File generated by ImageToStl.com - Free Image and 3D model conversion tools

mtllib low_poly_building.mtl

o obj1
v -3.31778698 6.00916111 1.69555784
v -3.31778724 6.00916111 3.02889121
v -3.31778719 6.25999294 3.02889121
v -3.31778693 6.25999294 1.69555784
v 0.32070751 0.02234836 3.02889192
v 0.32070777 0.02234836 1.69555855
v 1.53353975 0.02234813 1.69555878
v 1.53353949 0.02234813 3.02889215
v 0.32070832 2.82486156 1.69555855
v 0.32070851 3.81571697 1.69555855
v 1.53354049 3.81571673 1.69555878
v 1.53354029 2.82486132 1.69555878
v -3.31778802 2.01795304 3.02889121
v -3.31778776 2.01795304 1.69555784
v -3.31778778 1.92764953 1.69555784
v -3.31778804 1.92764953 3.02889121
v 0.32070812 1.82011313 1.69555855
v 1.5335401 1.8201129 1.69555878
v -3.31778786 2.82486227 3.02889121
v -3.31778767 3.81571767 3.02889121
v -3.31778741 3.81571767 1.69555784
v -3.3177876 2.82486227 1.69555784
v 1.53354061 4.81929162 2.04608297
v 1.53354077 5.64308009 2.04608297
v 1.59127161 5.64308008 2.04608298
v 1.59127145 4.81929161 2.04608298
v 0.37062123 2.01795232 1.69555856
v 1.60009099 2.01795208 1.69555879
v 1.53354012 1.92764858 1.69555878
v 0.32070815 1.92764882 1.69555855
v 0.37062162 4.01355629 1.69555856
v 1.60009137 4.01355605 1.69555879
v 1.53354051 3.92325242 1.69555878
v 0.32070853 3.92325265 1.69555855
v -3.31778841 0.02234907 3.02889121
v -3.31778806 1.82011384 3.02889121
v -3.3177878 1.82011384 1.69555784
v -3.31778815 0.02234907 1.69555784
v 0.32070871 4.81039067 1.69555855
v 0.32070894 6.0091604 1.69555855
v 1.53354091 6.00916017 1.69555878
v 1.53354068 4.81039044 1.69555878
v -3.31778763 4.01355701 3.02889121
v -3.31778737 4.01355701 1.69555784
v -3.31778739 3.92325336 1.69555784
v -3.31778765 3.92325336 3.02889121
v -3.31778798 2.21579224 3.02889121
v -3.31778772 2.21579224 1.69555784
v -3.31778774 2.10825656 1.69555784
v -3.317788 2.10825656 3.02889121
v -3.31778759 4.21139634 3.02889121
v -3.31778733 4.21139634 1.69555784
v -3.31778735 4.10386066 1.69555784
v -3.31778761 4.10386066 3.02889121
v -2.10495582 1.82011361 1.69555807
v -3.3177878 1.82011384 1.69555784
v -3.31778779 1.82011384 1.63390899
v -2.10495581 1.82011361 1.63390923
v 1.53354012 1.92764858 1.69555878
v 1.58750492 1.92764857 1.69555879
v 1.58750493 1.92764857 1.63390995
v 1.53354013 1.92764858 1.63390994
v 1.72710429 6.00916013 1.69555882
v 1.53354091 6.00916017 1.69555878
v 1.53354094 6.00916017 1.56697297
v 1.72710432 6.00916013 1.566973
v 1.5875049 1.82011289 1.69555879
v 1.5335401 1.8201129 1.69555878
v 1.53354011 1.8201129 1.63390994
v 1.58750491 1.82011289 1.63390995
v 1.53354028 4.10385971 3.02889215
v 1.53354054 4.10385971 1.69555878
v 1.58750534 4.1038597 1.69555879
v 1.58750508 4.1038597 3.02889217
v -3.31778747 4.81039138 3.02889121
v -3.31778722 4.81039138 1.69555784
v 1.58750464 1.82011289 3.02889217
v 1.58750466 1.92764857 3.02889217
v 1.58750503 3.81571672 3.02889217
v 1.58750528 3.81571672 1.69555879
v 1.58750531 3.92325241 1.69555879
v 1.58750505 3.92325241 3.02889217
v 1.53354096 6.25999199 1.69555878
v 1.72710434 6.25999196 1.69555882
v 1.72710437 6.25999196 1.566973
v 1.53354099 6.25999199 1.56697297
v 1.53354023 3.81571673 3.02889215
v 1.53354049 3.81571673 1.69555878
v -2.10495577 2.10825632 1.69555807
v -3.31778774 2.10825656 1.69555784
v -3.31778773 2.10825656 1.63390899
v -2.10495576 2.10825632 1.63390923
v 1.53354051 3.92325242 1.69555878
v 1.58750532 3.92325241 1.63390995
v 1.53354052 3.92325242 1.63390994
v 1.5335399 2.10825561 3.02889215
v 1.53354015 2.10825561 1.69555878
v 1.58750495 2.1082556 1.69555879
v 1.58750469 2.1082556 3.02889217
v -3.31778778 1.92764953 1.69555784
v -3.31778776 1.92764953 1.63390899
v 1.53353984 1.8201129 3.02889215
v 0.32070857 4.10385995 1.69555855
v 1.53354054 4.10385971 1.69555878
v 0.32070818 2.10825585 1.69555855
v 1.53354015 2.10825561 1.69555878
v -3.31778813 2.10825656 3.69555784
v -3.31778815 2.01795304 3.69555784
v 1.5335399 2.10825561 3.02889215
v 1.60009073 2.01795208 3.02889217
v 1.53354028 4.10385971 3.02889215
v 1.60009111 4.01355605 3.02889217
v -3.31778774 4.10386066 3.69555784
v -3.31778776 4.01355701 3.69555784
v 1.53353971 1.8201129 3.69555878
v 1.58750451 1.82011289 3.69555879
v 1.53353977 2.10825561 3.69555878
v 1.58750456 2.1082556 3.69555879
v 1.53354018 2.2157913 1.69555878
v 1.53353992 2.2157913 3.02889215
v 1.58750471 2.21579129 3.02889217
v 1.58750497 2.21579129 1.69555879
v 1.53354025 3.92325242 3.02889215
v 1.5335401 3.81571673 3.69555878
v 1.5875049 3.81571672 3.69555879
v 1.58750492 3.92325241 3.69555879
v 1.58750536 4.21139539 1.69555879
v 1.5875051 4.21139539 3.02889217
v 1.58750453 1.92764857 3.69555879
v -3.3177876 4.81039138 3.69555784
v -3.31778737 6.00916111 3.69555784
v 1.53353986 1.92764858 3.02889215
v 1.53354056 4.2113954 1.69555878
v 1.5335403 4.2113954 3.02889215
v 1.53354015 4.10385971 3.69555878
v 1.58750495 4.1038597 3.69555879
v -3.31778772 4.21139634 3.69555784
v -3.31778811 2.21579224 3.69555784
v -3.31778778 3.92325336 3.69555784
v 1.53353984 1.8201129 3.02889215
v -3.31778854 0.02234907 3.69555784
v -3.31778819 1.82011384 3.69555784
v 1.53354025 3.92325242 3.02889215
v -3.31778799 2.82486227 3.69555784
v -3.3177878 3.81571767 3.69555784
v 1.53353986 1.92764858 3.02889215
v -3.31778817 1.92764953 3.69555784
v 0.32070739 0.02234836 3.69555855
v 1.53353936 0.02234813 3.69555878
v 1.53354052 6.00916017 3.69555878
v 1.53354065 6.00916017 3.02889215
v 1.72710403 6.00916013 3.02889219
v 1.7271039 6.00916013 3.69555882
v 1.53354077 5.64308009 2.04608297
v 1.53354061 4.81929162 2.04608297
v 1.53354065 6.00916017 3.02889215
v 1.53354065 5.64308009 2.67836797
v 1.53354039 4.66083652 3.02889215
v 1.5335403 4.2113954 3.02889215
v 1.53354041 4.40766464 2.67836797
v 1.53354047 4.7165185 2.67836797
v 1.53354056 4.2113954 1.69555878
v 1.53354053 4.40766464 2.04608297
v 1.53354042 4.81039044 3.02889215
v 1.53354052 5.64308009 3.37941631
v 1.53354035 4.81929162 3.37941631
v 1.53354017 4.2113954 3.69555878
v 1.53354027 4.40766464 3.37941631
v 1.53354021 4.40766464 3.69555878
v 1.53354036 3.53643991 2.04608297
v 1.53354023 2.86043642 2.04608297
v 1.53354023 3.81571673 3.02889215
v 1.53354024 3.53643991 2.67836797
v 1.53354001 2.68093423 3.02889215
v 1.53353992 2.2157913 3.02889215
v 1.53354003 2.44490332 2.67836797
v 1.53354009 2.76224348 2.67836797
v 1.53354018 2.2157913 1.69555878
v 1.53354015 2.44490332 2.04608297
v 1.53354003 2.82486132 3.02889215
v 1.5335401 3.53643991 3.37941631
v 1.53353997 2.86043642 3.37941631
v 1.53353979 2.2157913 3.69555878
v 1.53353989 2.44490332 3.37941631
v 1.53353983 2.44490332 3.69555878
v 1.59127144 4.85625685 2.12821222
v 1.59127158 5.53227973 2.12821222
v 1.55264941 5.53227974 2.12821221
v 1.55264928 4.85625686 2.12821221
v 1.53354035 4.81929162 3.37941631
v 1.53354052 5.64308009 3.37941631
v 1.59127135 5.64308008 3.37941632
v 1.59127119 4.81929161 3.37941632
v 1.53354041 4.40766464 2.67836797
v 1.53354053 4.40766464 2.04608297
v 1.59127137 4.40766462 2.04608298
v 1.59127125 4.40766462 2.67836798
v 1.53354023 2.86043642 2.04608297
v 1.53354036 3.53643991 2.04608297
v 1.5912712 3.5364399 2.04608298
v 1.59127107 2.86043641 2.04608298
v 1.53354021 4.40766464 3.69555878
v 1.53354027 4.40766464 3.37941631
v 1.59127111 4.40766462 3.37941632
v 1.59127105 4.40766462 3.69555879
v 1.53353997 2.86043642 3.37941631
v 1.5335401 3.53643991 3.37941631
v 1.59127094 3.5364399 3.37941632
v 1.59127081 2.86043641 3.37941632
v 1.53354065 5.64308009 2.67836797
v 1.59127149 5.64308008 2.67836798
v 1.53354003 2.44490332 2.67836797
v 1.53354015 2.44490332 2.04608297
v 1.59127099 2.44490331 2.04608298
v 1.59127087 2.44490331 2.67836798
v 1.53353983 2.44490332 3.69555878
v 1.53353989 2.44490332 3.37941631
v 1.59127073 2.44490331 3.37941632
v 1.59127067 2.44490331 3.69555879
v 1.53354047 4.7165185 2.67836797
v 1.59127131 4.71651849 2.67836798
v 1.53354024 3.53643991 2.67836797
v 1.59127108 3.5364399 2.67836798
v 1.53354009 2.76224348 2.67836797
v 1.59127093 2.76224347 2.67836798
v 1.79450605 3.52335021 2.67836802
v 1.79450617 3.52335021 2.04608302
v 1.59127132 5.53227973 3.46154559
v 1.79849415 5.62843404 3.37941636
v 1.72343989 5.54692571 3.46154562
v 1.59127129 4.51846471 2.59623874
v 1.59127134 4.77191866 2.59623874
v 1.59127138 4.51846471 2.12821222
v 1.59127119 4.85625685 3.46154559
v 1.79849429 5.62843404 2.67836802
v 1.79849441 5.62843404 2.04608302
v 1.59127112 4.51846471 3.46154559
v 1.59127107 4.51846471 3.69555879
v 1.59127117 3.43741395 2.12821222
v 1.59127106 2.88406658 2.12821222
v 1.72344015 5.54692571 2.12821225
v 1.5912709 2.54392925 2.59623874
v 1.59127095 2.80369001 2.59623874
v 1.59127099 2.54392925 2.12821222
v 1.59127091 3.43741395 3.46154559
v 1.5912708 2.88406658 3.46154559
v 1.59127074 2.54392925 3.46154559
v 1.59127069 2.54392925 3.69555879
v 1.55264928 4.85625686 2.12821221
v 1.55264941 5.53227974 2.12821221
v 1.55264932 5.53227974 2.59623873
v 1.55264919 4.85625686 2.59623873
v 1.55264889 2.88406659 2.12821221
v 1.552649 3.43741396 2.12821221
v 1.55264891 3.43741396 2.59623873
v 1.5526488 2.88406659 2.59623873
v 1.55264915 5.53227974 3.46154559
v 1.55264902 4.85625686 3.46154559
v 1.55264921 4.51846471 2.12821221
v 1.55264912 4.51846471 2.59623873
v 1.552649 3.43741396 2.12821221
v 1.55264889 2.88406659 2.12821221
v 1.55264895 4.51846471 3.46154559
v 1.55264891 4.51846471 3.69555879
v 1.55264874 3.43741396 3.46154559
v 1.55264863 2.88406659 3.46154559
v 1.59127149 5.53227973 2.59623874
v 1.55264932 5.53227974 2.59623873
v 1.55264883 2.54392926 2.12821221
v 1.55264874 2.54392926 2.59623873
v 1.55264857 2.54392926 3.46154559
v 1.55264852 2.54392926 3.69555879
v 1.55264917 4.77191867 2.59623873
v 1.59127108 3.43741395 2.59623874
v 1.55264891 3.43741396 2.59623873
v 1.55264879 2.80369002 2.59623873
v 1.72344006 5.54692571 2.59623876
v 1.72742777 3.45050357 2.59623877
v 1.72742786 3.45050357 2.12821225
v 1.79450591 3.52335021 3.37941636
v 1.7274276 3.45050357 3.46154562
v 1.6780857 5.53227971 3.69555881
v 1.72343985 5.54692571 3.69555882
v 1.6780853 3.43741393 3.69555881
v 1.72742756 3.45050357 3.69555882
v 1.59127135 4.85625685 2.59623874
v 1.55264919 4.85625686 2.59623873
v 1.59127112 4.77191866 3.69555879
v 1.59127117 4.77191866 3.46154559
v 1.59127114 4.85625685 3.69555879
v 1.55264926 4.77191867 2.12821221
v 1.59127117 4.71651849 3.37941632
v 1.59127133 4.81929161 2.67836798
v 1.59127143 4.71651849 2.04608298
v 1.59127143 4.77191866 2.12821222
v 1.53354049 4.81929162 2.67836797
v 1.53354033 4.7165185 3.37941631
v 1.53354033 4.7165185 3.37941631
v 1.53354049 4.81929162 2.67836797
v 1.53354065 4.66083652 1.69555878
v 1.53354059 4.7165185 2.04608297
v -3.31778763 4.66083747 3.69555784
v -3.3177875 4.66083747 3.02889121
v -3.31778724 4.66083747 1.69555784
v 0.32070868 4.66083676 1.69555855
v 1.53354059 4.7165185 2.04608297
v 0.32070859 4.21139564 1.69555855
v 1.55264921 4.51846471 2.12821221
v 1.55264926 4.77191867 2.12821221
v 1.55264917 4.77191867 2.59623873
v 1.55264912 4.51846471 2.59623873
v 1.552649 4.77191867 3.46154559
v 1.55264895 4.77191867 3.69555879
v 1.59127097 2.88406658 2.59623874
v 1.5526488 2.88406659 2.59623873
v 1.59127105 2.80369001 2.12821222
v 1.55264888 2.80369002 2.12821221
v 1.59127079 2.76224347 3.37941632
v 1.59127079 2.80369001 3.46154559
v 1.59127095 2.86043641 2.67836798
v 1.59127105 2.76224347 2.04608298
v 1.53354011 2.86043642 2.67836797
v 1.53353995 2.76224348 3.37941631
v 1.53354021 2.76224348 2.04608297
v 1.53353995 2.76224348 3.37941631
v 1.53354011 2.86043642 2.67836797
v 1.53354027 2.68093423 1.69555878
v 1.53354021 2.76224348 2.04608297
v -3.31778802 2.68093517 3.69555784
v -3.31778789 2.68093517 3.02889121
v -3.31778763 2.68093517 1.69555784
v 0.32070829 2.68093447 1.69555855
v 0.3207082 2.21579153 1.69555855
v 1.55264883 2.54392926 2.12821221
v 1.55264888 2.80369002 2.12821221
v 1.55264879 2.80369002 2.59623873
v 1.55264874 2.54392926 2.59623873
v 1.55264862 2.80369002 3.46154559
v 1.55264897 4.85625686 3.69555879
v 0.32070899 6.25999223 1.69555855
v 0.32070873 6.25999223 3.02889192
v 1.5335407 6.25999199 3.02889215
v 1.53354096 6.25999199 1.69555878
v 1.5875053 3.81571672 1.63390995
v 1.72710408 6.25999196 3.02889219
v 1.72710395 6.25999196 3.69555882
v 1.58750535 4.1038597 1.63390995
v 1.58750537 4.21139539 1.63390995
v 1.5335407 6.25999199 3.02889215
v 1.53353977 1.64772182 3.20861136
v 1.53353946 0.0555588 3.20861136
v 1.53353937 0.0555588 3.69555878
v 1.53353975 1.59532579 3.27857038
v 1.53353946 0.10795482 3.27857038
v 1.59800892 0.10795481 3.27857039
v 1.59800921 1.59532578 3.27857039
v 1.53353967 1.59532579 3.69555878
v 1.59800913 1.59532578 3.69555879
v 1.53353937 0.0555588 3.69555878
v 1.53353946 0.0555588 3.20861136
v 1.59800892 0.05555878 3.20861138
v 1.59800883 0.05555878 3.69555879
v 1.59800923 1.6477218 3.20861138
v 1.59800884 0.10795481 3.69555879
v 1.53353977 1.64772182 3.20861136
v 0.32070821 2.21579153 1.6339097
v 1.53354019 2.2157913 1.63390994
v 1.53354017 2.10825561 1.63390994
v 0.32070819 2.10825585 1.6339097
v -2.10495579 1.92764929 1.63390923
v 0.3207086 4.21139564 1.6339097
v 1.53354058 4.2113954 1.63390994
v 1.53354056 4.10385971 1.63390994
v 0.32070858 4.10385995 1.6339097
v -2.10495542 3.81571744 1.63390923
v -3.3177874 3.81571767 1.63390899
v -3.31778738 3.92325336 1.63390899
v -2.1049554 3.92325312 1.63390923
v 1.58750499 2.21579129 1.63390995
v 1.58750496 2.1082556 1.63390995
v 1.5335405 3.81571673 1.63390994
v -2.10495498 6.00916088 1.56697226
v -3.31778696 6.00916111 1.56697202
v -3.31778691 6.25999294 1.56697202
v -2.10495493 6.2599927 1.56697226
v 0.32070815 1.92764882 1.69555855
v 0.32070816 1.92764882 1.6339097
v -2.10495501 6.00916088 1.69555807
v -3.31778698 6.00916111 1.69555784
v 0.32070859 4.21139564 1.69555855
v -3.31778735 4.10386066 1.69555784
v -3.31778733 4.21139634 1.69555784
v -3.31778732 4.21139634 1.63390899
v -3.31778734 4.10386066 1.63390899
v -2.10495538 4.10386042 1.69555807
v -2.10495537 4.10386042 1.63390923
v -3.31778741 3.81571767 1.69555784
v -3.31778739 3.92325336 1.69555784
v -2.10495543 3.81571744 1.69555807
v -3.31778693 6.25999294 1.69555784
v 0.32070853 3.92325265 1.69555855
v 0.32070855 3.92325265 1.6339097
v -3.31778772 2.21579224 1.69555784
v -3.31778771 2.21579224 1.63390899
v 0.3207082 2.21579153 1.69555855
v 0.32070899 6.25999223 1.69555855
v 0.32070901 6.25999223 1.56697273
v -2.10495496 6.2599927 1.69555807
v -0.89212298 6.25999247 1.69555831
v -0.89212296 6.25999247 1.56697249
v -2.10495575 2.21579201 1.69555807
v -2.10495573 2.21579201 1.63390923
v -0.89212377 2.21579177 1.69555831
v -0.89212376 2.21579177 1.63390946
v -2.10495541 3.92325312 1.69555807
v -0.89212344 3.92325289 1.69555831
v -0.89212343 3.92325289 1.63390946
v 0.32070851 3.81571697 1.69555855
v 0.32070853 3.81571697 1.6339097
v -0.89212346 3.8157172 1.69555831
v -0.89212345 3.8157172 1.63390946
v 0.32070857 4.10385995 1.69555855
v -0.8921234 4.10386019 1.69555831
v -0.8921234 4.10386019 1.63390946
v -2.10495536 4.21139611 1.69555807
v -2.10495535 4.21139611 1.63390923
v -0.89212338 4.21139587 1.69555831
v -0.89212337 4.21139587 1.63390946
v 0.32070894 6.0091604 1.69555855
v 0.32070897 6.0091604 1.56697273
v -0.89212303 6.00916064 1.69555831
v -0.89212301 6.00916064 1.56697249
v -2.1049558 1.92764929 1.69555807
v -0.89212383 1.92764905 1.69555831
v -0.89212382 1.92764905 1.63390946
v 0.32070814 1.82011313 1.6339097
v -0.89212384 1.82011337 1.63390946
v -0.89212378 2.10825608 1.63390946
v -2.10495522 6.2599927 3.02889145
v -2.10495496 6.2599927 1.69555807
v -0.89212324 6.25999247 3.02889168
v -0.89212298 6.25999247 1.69555831
v -2.10495566 2.68093494 1.69555807
v -2.10495575 2.21579201 1.69555807
v -0.89212368 2.6809347 1.69555831
v -0.89212377 2.21579177 1.69555831
v -2.10495563 2.82486203 1.69555807
v -0.89212365 2.82486179 1.69555831
v -2.10495527 4.66083723 1.69555807
v -2.10495536 4.21139611 1.69555807
v -0.8921233 4.660837 1.69555831
v -0.89212338 4.21139587 1.69555831
v -2.10495524 4.81039114 1.69555807
v -0.89212327 4.81039091 1.69555831
v -2.10495643 0.02234884 3.02889145
v -2.10495656 0.02234884 3.69555807
v -0.89212446 0.0223486 3.02889168
v -0.89212459 0.0223486 3.69555831
v -2.10495577 2.10825632 1.69555807
v -2.08831815 2.0179528 1.69555808
v -0.89212379 2.10825608 1.69555831
v -0.85884853 2.01795256 1.69555832
v -2.10495538 4.10386042 1.69555807
v -2.08831776 4.01355677 1.69555808
v -0.8921234 4.10386019 1.69555831
v -0.85884814 4.01355653 1.69555832
v 0.32070818 2.10825585 1.69555855
v -0.89212379 2.10825608 1.69555831
v 0.32070812 1.82011313 1.69555855
v -0.89212385 1.82011337 1.69555831
v -2.10495501 6.00916088 1.69555807
v -0.89212303 6.00916064 1.69555831
v -0.89212327 4.81039091 1.69555831
v 0.32070894 6.0091604 1.69555855
v -2.10495541 3.92325312 1.69555807
v -0.89212344 3.92325289 1.69555831
v -2.1049558 1.92764929 1.69555807
v -0.89212383 1.92764905 1.69555831
v -2.10495582 1.82011361 1.69555807
v -2.10495617 0.02234884 1.69555807
v -0.89212385 1.82011337 1.69555831
v -0.8921242 0.0223486 1.69555831
v -2.10495543 3.81571744 1.69555807
v -0.89212346 3.8157172 1.69555831
v -0.89212337 6.25999247 3.69555831
v 0.3207086 6.25999223 3.69555855
v -2.10495535 6.2599927 3.69555807
v 1.59800914 1.6477218 3.69555879
v 1.53353946 0.10795482 3.27857038
v 1.53353975 1.59532579 3.27857038
v 1.53353967 1.59532579 3.69555878
v 1.53353938 0.10795482 3.69555878
v 1.53353938 0.10795482 3.69555878
v 1.53353968 1.64772182 3.69555878
v -3.31778732 6.25999294 3.69555784
v 1.53354057 6.25999199 3.69555878
v 1.53354057 6.25999199 3.69555878
v 1.59127076 2.88406658 3.69555879
v 1.59127074 2.80369001 3.69555879
v 1.55264857 2.80369002 3.69555879
v 1.55264859 2.88406659 3.69555879
v 1.79450585 3.52335021 3.69555883
v 1.79849409 5.62843404 3.69555883
v 1.55264863 2.88406659 3.46154559
v 1.55264874 3.43741396 3.46154559
v 1.5526487 3.43741396 3.69555879
v 1.55264859 2.88406659 3.69555879
v 1.55264857 2.54392926 3.46154559
v 1.55264862 2.80369002 3.46154559
v 1.55264857 2.80369002 3.69555879
v 1.55264852 2.54392926 3.69555879
v 1.55264902 4.85625686 3.46154559
v 1.55264915 5.53227974 3.46154559
v 1.5526491 5.53227974 3.69555879
v 1.55264897 4.85625686 3.69555879
v 1.55264895 4.51846471 3.46154559
v 1.552649 4.77191867 3.46154559
v 1.55264895 4.77191867 3.69555879
v 1.55264891 4.51846471 3.69555879
v 1.5526487 3.43741396 3.69555879
v 1.5526491 5.53227974 3.69555879
v 1.67808531 3.53643988 3.69555881
v 1.67808572 5.64308006 3.69555881
v 1.53354004 3.53643991 3.69555878
v 1.53354045 5.64308009 3.69555878
v 1.58750497 4.21139539 3.69555879
v 1.58750458 2.21579129 3.69555879
v 1.53354012 3.92325242 3.69555878
v 1.60009099 4.01355605 3.69555879
v 1.53354012 3.92325242 3.69555878
v 1.5335401 3.81571673 3.69555878
v 1.53354004 3.53643991 3.69555878
v 1.53354015 4.10385971 3.69555878
v 1.53354017 4.2113954 3.69555878
v 1.53353973 1.92764858 3.69555878
v 1.6000906 2.01795208 3.69555879
v 1.53353973 1.92764858 3.69555878
v 1.53353971 1.8201129 3.69555878
v 1.53353968 1.64772182 3.69555878
v 1.53353977 2.10825561 3.69555878
v 1.53353979 2.2157913 3.69555878
v 1.53354052 6.00916017 3.69555878
v 1.53354045 5.64308009 3.69555878
v -3.31778776 6.00916111 5.69555784
v -3.31778771 6.25999294 5.69555784
v -3.31778745 6.25999294 4.36222446
v -3.3177875 6.00916111 4.36222446
v 0.32070726 0.02234836 4.36222517
v 1.53353923 0.02234813 4.36222541
v 1.53353897 0.02234813 5.69555878
v 0.320707 0.02234836 5.69555855
v 0.32070754 2.82486156 5.69555855
v 1.53353952 2.82486132 5.69555878
v 1.53353971 3.81571673 5.69555878
v 0.32070773 3.81571697 5.69555855
v -3.31778828 2.01795304 4.36222446
v -3.3177883 1.92764953 4.36222446
v -3.31778856 1.92764953 5.69555784
v -3.31778854 2.01795304 5.69555784
v 1.53353932 1.8201129 5.69555878
v 0.32070735 1.82011313 5.69555855
v -3.31778812 2.82486227 4.36222446
v -3.31778838 2.82486227 5.69555784
v -3.31778819 3.81571767 5.69555784
v -3.31778793 3.81571767 4.36222446
v 1.53353997 4.81929162 5.34503459
v 1.59127081 4.81929161 5.34503461
v 1.59127097 5.64308008 5.34503461
v 1.53354013 5.64308009 5.34503459
v 0.37062045 2.01795232 5.69555856
v 0.32070737 1.92764882 5.69555855
v 1.53353934 1.92764858 5.69555878
v 1.60009021 2.01795208 5.69555879
v 0.37062084 4.01355629 5.69555856
v 0.32070776 3.92325265 5.69555855
v 1.53353973 3.92325242 5.69555878
v 1.6000906 4.01355605 5.69555879
v -3.31778867 0.02234907 4.36222446
v -3.31778893 0.02234907 5.69555784
v -3.31778858 1.82011384 5.69555784
v -3.31778832 1.82011384 4.36222446
v 0.32070793 4.81039067 5.69555855
v 1.5335399 4.81039044 5.69555878
v 1.53354014 6.00916017 5.69555878
v 0.32070816 6.0091604 5.69555855
v -3.31778789 4.01355701 4.36222446
v -3.31778791 3.92325336 4.36222446
v -3.31778817 3.92325336 5.69555784
v -3.31778815 4.01355701 5.69555784
v -3.31778824 2.21579224 4.36222446
v -3.31778826 2.10825656 4.36222446
v -3.31778852 2.10825656 5.69555784
v -3.3177885 2.21579224 5.69555784
v -3.31778785 4.21139634 4.36222446
v -3.31778787 4.10386066 4.36222446
v -3.31778813 4.10386066 5.69555784
v -3.31778811 4.21139634 5.69555784
v -2.1049566 1.82011361 5.69555807
v -2.10495661 1.82011361 5.73755932
v -3.31778858 1.82011384 5.73755908
v -3.31778858 1.82011384 5.69555784
v 1.53353934 1.92764858 5.69555878
v 1.53353933 1.92764858 5.73756003
v 1.58750413 1.92764857 5.73756004
v 1.58750414 1.92764857 5.69555879
v 1.72710352 6.00916013 5.69555882
v 1.72710349 6.00916013 5.82414463
v 1.53354011 6.00916017 5.8241446
v 1.53354014 6.00916017 5.69555878
v 1.58750412 1.82011289 5.69555879
v 1.58750411 1.82011289 5.73756004
v 1.53353931 1.8201129 5.73756003
v 1.53353932 1.8201129 5.69555878
v 1.53354002 4.10385971 4.36222541
v 1.58750482 4.1038597 4.36222542
v 1.58750456 4.1038597 5.69555879
v 1.53353976 4.10385971 5.69555878
v -3.31778773 4.81039138 4.36222446
v -3.31778799 4.81039138 5.69555784
v 1.58750438 1.82011289 4.36222542
v 1.5875044 1.92764857 4.36222542
v 1.58750477 3.81571672 4.36222542
v 1.58750479 3.92325241 4.36222542
v 1.58750453 3.92325241 5.69555879
v 1.58750451 3.81571672 5.69555879
v 1.53354018 6.25999199 5.69555878
v 1.53354016 6.25999199 5.8241446
v 1.72710354 6.25999196 5.82414463
v 1.72710356 6.25999196 5.69555882
v 1.53353997 3.81571673 4.36222541
v 1.53353971 3.81571673 5.69555878
v -2.10495655 2.10825632 5.69555807
v -2.10495655 2.10825632 5.73755932
v -3.31778853 2.10825656 5.73755908
v -3.31778852 2.10825656 5.69555784
v 1.53353973 3.92325242 5.69555878
v 1.53353972 3.92325242 5.73756003
v 1.58750452 3.92325241 5.73756004
v 1.53353964 2.10825561 4.36222541
v 1.58750443 2.1082556 4.36222542
v 1.58750417 2.1082556 5.69555879
v 1.53353938 2.10825561 5.69555878
v -3.31778856 1.92764953 5.73755908
v -3.31778856 1.92764953 5.69555784
v 1.53353958 1.8201129 4.36222541
v 0.32070779 4.10385995 5.69555855
v 1.53353976 4.10385971 5.69555878
v 0.3207074 2.10825585 5.69555855
v 1.53353938 2.10825561 5.69555878
v 1.60009047 2.01795208 4.36222542
v 1.53353964 2.10825561 4.36222541
v 1.60009086 4.01355605 4.36222542
v 1.53354002 4.10385971 4.36222541
v 1.5335394 2.2157913 5.69555878
v 1.58750419 2.21579129 5.69555879
v 1.58750445 2.21579129 4.36222542
v 1.53353966 2.2157913 4.36222541
v 1.53353999 3.92325242 4.36222541
v 1.58750458 4.21139539 5.69555879
v 1.58750484 4.21139539 4.36222542
v 1.5335396 1.92764858 4.36222541
v 1.53353979 4.2113954 5.69555878
v 1.53354004 4.2113954 4.36222541
v 1.53353958 1.8201129 4.36222541
v 1.53353999 3.92325242 4.36222541
v 1.5335396 1.92764858 4.36222541
v 1.72710378 6.00916013 4.36222545
v 1.5335404 6.00916017 4.36222541
v 1.53353997 4.81929162 5.34503459
v 1.53354013 5.64308009 5.34503459
v 1.53354026 5.64308009 4.7127496
v 1.5335404 6.00916017 4.36222541
v 1.53354013 4.66083652 4.36222541
v 1.53354008 4.7165185 4.7127496
v 1.53354001 4.40766464 4.7127496
v 1.53354004 4.2113954 4.36222541
v 1.53353989 4.40766464 5.34503459
v 1.53353979 4.2113954 5.69555878
v 1.53354016 4.81039044 4.36222541
v 1.53354023 4.81929162 4.01170125
v 1.53354039 5.64308009 4.01170125
v 1.53354015 4.40766464 4.01170125
v 1.53353959 2.86043642 5.34503459
v 1.53353972 3.53643991 5.34503459
v 1.53353985 3.53643991 4.7127496
v 1.53353997 3.81571673 4.36222541
v 1.53353975 2.68093423 4.36222541
v 1.53353969 2.76224348 4.7127496
v 1.53353963 2.44490332 4.7127496
v 1.53353966 2.2157913 4.36222541
v 1.53353951 2.44490332 5.34503459
v 1.5335394 2.2157913 5.69555878
v 1.53353978 2.82486132 4.36222541
v 1.53353985 2.86043642 4.01170125
v 1.53353998 3.53643991 4.01170125
v 1.53353977 2.44490332 4.01170125
v 1.59127083 4.85625685 5.26290537
v 1.55264867 4.85625686 5.26290536
v 1.5526488 5.53227974 5.26290536
v 1.59127097 5.53227973 5.26290537
v 1.53354023 4.81929162 4.01170125
v 1.59127107 4.81929161 4.01170126
v 1.59127123 5.64308008 4.01170126
v 1.53354039 5.64308009 4.01170125
v 1.53354001 4.40766464 4.7127496
v 1.59127085 4.40766462 4.71274961
v 1.59127073 4.40766462 5.34503461
v 1.53353989 4.40766464 5.34503459
v 1.53353959 2.86043642 5.34503459
v 1.59127043 2.86043641 5.34503461
v 1.59127056 3.5364399 5.34503461
v 1.53353972 3.53643991 5.34503459
v 1.59127099 4.40766462 4.01170126
v 1.53354015 4.40766464 4.01170125
v 1.53353985 2.86043642 4.01170125
v 1.59127069 2.86043641 4.01170126
v 1.59127082 3.5364399 4.01170126
v 1.53353998 3.53643991 4.01170125
v 1.59127109 5.64308008 4.71274961
v 1.53354026 5.64308009 4.7127496
v 1.53353963 2.44490332 4.7127496
v 1.59127047 2.44490331 4.71274961
v 1.59127035 2.44490331 5.34503461
v 1.53353951 2.44490332 5.34503459
v 1.59127061 2.44490331 4.01170126
v 1.53353977 2.44490332 4.01170125
v 1.53354008 4.7165185 4.7127496
v 1.59127091 4.71651849 4.71274961
v 1.59127068 3.5364399 4.71274961
v 1.53353985 3.53643991 4.7127496
v 1.53353969 2.76224348 4.7127496
v 1.59127053 2.76224347 4.71274961
v 1.79450553 3.52335021 5.34503465
v 1.79450565 3.52335021 4.71274965
v 1.59127123 5.53227973 3.92957199
v 1.7234398 5.54692571 3.92957202
v 1.79849403 5.62843404 4.0117013
v 1.59127091 4.77191866 4.79487885
v 1.59127086 4.51846471 4.79487885
v 1.59127077 4.51846471 5.26290537
v 1.59127109 4.85625685 3.92957199
v 1.79849377 5.62843404 5.34503465
v 1.79849389 5.62843404 4.71274965
v 1.59127103 4.51846471 3.92957199
v 1.59127045 2.88406658 5.26290537
v 1.59127056 3.43741395 5.26290537
v 1.72343954 5.54692571 5.26290539
v 1.59127053 2.80369001 4.79487885
v 1.59127048 2.54392925 4.79487885
v 1.59127038 2.54392925 5.26290537
v 1.59127071 2.88406658 3.92957199
v 1.59127082 3.43741395 3.92957199
v 1.59127064 2.54392925 3.92957199
v 1.55264867 4.85625686 5.26290536
v 1.55264876 4.85625686 4.79487884
v 1.55264889 5.53227974 4.79487884
v 1.5526488 5.53227974 5.26290536
v 1.55264828 2.88406659 5.26290536
v 1.55264837 2.88406659 4.79487884
v 1.55264848 3.43741396 4.79487884
v 1.55264839 3.43741396 5.26290536
v 1.55264893 4.85625686 3.92957199
v 1.55264906 5.53227974 3.92957199
v 1.55264869 4.51846471 4.79487884
v 1.5526486 4.51846471 5.26290536
v 1.55264828 2.88406659 5.26290536
v 1.55264839 3.43741396 5.26290536
v 1.55264886 4.51846471 3.92957199
v 1.55264854 2.88406659 3.92957199
v 1.55264865 3.43741396 3.92957199
v 1.55264889 5.53227974 4.79487884
v 1.59127106 5.53227973 4.79487885
v 1.55264831 2.54392926 4.79487884
v 1.55264822 2.54392926 5.26290536
v 1.55264848 2.54392926 3.92957199
v 1.55264874 4.77191867 4.79487884
v 1.55264848 3.43741396 4.79487884
v 1.59127065 3.43741395 4.79487885
v 1.55264836 2.80369002 4.79487884
v 1.72343963 5.54692571 4.79487887
v 1.72742725 3.45050357 5.26290539
v 1.72742734 3.45050357 4.79487887
v 1.72742751 3.45050357 3.92957202
v 1.79450579 3.52335021 4.0117013
v 1.55264876 4.85625686 4.79487884
v 1.59127093 4.85625685 4.79487885
v 1.59127108 4.77191866 3.92957199
v 1.55264865 4.77191867 5.26290536
v 1.59127105 4.71651849 4.01170126
v 1.59127093 4.81929161 4.71274961
v 1.59127079 4.71651849 5.34503461
v 1.59127082 4.77191866 5.26290537
v 1.5335401 4.81929162 4.7127496
v 1.53354021 4.7165185 4.01170125
v 1.53354021 4.7165185 4.01170125
v 1.5335401 4.81929162 4.7127496
v 1.53353987 4.66083652 5.69555878
v 1.53353995 4.7165185 5.34503459
v -3.31778776 4.66083747 4.36222446
v -3.31778802 4.66083747 5.69555784
v 0.3207079 4.66083676 5.69555855
v 1.53353995 4.7165185 5.34503459
v 0.32070781 4.21139564 5.69555855
v 1.5526486 4.51846471 5.26290536
v 1.55264869 4.51846471 4.79487884
v 1.55264874 4.77191867 4.79487884
v 1.55264865 4.77191867 5.26290536
v 1.55264891 4.77191867 3.92957199
v 1.55264837 2.88406659 4.79487884
v 1.59127054 2.88406658 4.79487885
v 1.59127043 2.80369001 5.26290537
v 1.55264827 2.80369002 5.26290536
v 1.59127067 2.76224347 4.01170126
v 1.59127069 2.80369001 3.92957199
v 1.59127055 2.86043641 4.71274961
v 1.59127041 2.76224347 5.34503461
v 1.53353971 2.86043642 4.7127496
v 1.53353983 2.76224348 4.01170125
v 1.53353957 2.76224348 5.34503459
v 1.53353983 2.76224348 4.01170125
v 1.53353971 2.86043642 4.7127496
v 1.53353949 2.68093423 5.69555878
v 1.53353957 2.76224348 5.34503459
v -3.31778815 2.68093517 4.36222446
v -3.31778841 2.68093517 5.69555784
v 0.32070751 2.68093447 5.69555855
v 0.32070742 2.21579153 5.69555855
v 1.55264822 2.54392926 5.26290536
v 1.55264831 2.54392926 4.79487884
v 1.55264836 2.80369002 4.79487884
v 1.55264827 2.80369002 5.26290536
v 1.55264853 2.80369002 3.92957199
v 0.32070821 6.25999223 5.69555855
v 1.53354018 6.25999199 5.69555878
v 1.53354044 6.25999199 4.36222541
v 0.32070847 6.25999223 4.36222517
v 1.5875045 3.81571672 5.73756004
v 1.72710382 6.25999196 4.36222545
v 1.58750457 4.21139539 5.73756004
v 1.58750455 4.1038597 5.73756004
v 1.53354044 6.25999199 4.36222541
v 1.53353927 0.0555588 4.1825062
v 1.53353958 1.64772182 4.1825062
v 1.53353958 1.59532579 4.11254718
v 1.59800905 1.59532578 4.1125472
v 1.59800876 0.10795481 4.1125472
v 1.53353929 0.10795482 4.11254718
v 1.59800873 0.05555878 4.18250621
v 1.53353927 0.0555588 4.1825062
v 1.59800904 1.6477218 4.18250621
v 1.53353958 1.64772182 4.1825062
v 0.32070741 2.21579153 5.73755979
v 0.32070739 2.10825585 5.73755979
v 1.53353937 2.10825561 5.73756003
v 1.53353939 2.2157913 5.73756003
v -2.10495659 1.92764929 5.73755932
v 0.3207078 4.21139564 5.73755979
v 0.32070778 4.10385995 5.73755979
v 1.53353976 4.10385971 5.73756003
v 1.53353978 4.2113954 5.73756003
v -2.10495622 3.81571744 5.73755932
v -2.1049562 3.92325312 5.73755932
v -3.31778818 3.92325336 5.73755908
v -3.3177882 3.81571767 5.73755908
v 1.58750417 2.1082556 5.73756004
v 1.58750419 2.21579129 5.73756004
v 1.5335397 3.81571673 5.73756003
v -2.10495581 6.00916088 5.82414389
v -2.10495576 6.2599927 5.82414389
v -3.31778774 6.25999294 5.82414365
v -3.31778779 6.00916111 5.82414365
v 0.32070737 1.92764882 5.69555855
v 0.32070736 1.92764882 5.73755979
v -2.10495579 6.00916088 5.69555807
v -3.31778776 6.00916111 5.69555784
v 0.32070781 4.21139564 5.69555855
v -3.31778813 4.10386066 5.69555784
v -3.31778814 4.10386066 5.73755908
v -3.31778812 4.21139634 5.73755908
v -3.31778811 4.21139634 5.69555784
v -2.10495616 4.10386042 5.69555807
v -2.10495617 4.10386042 5.73755932
v -3.31778819 3.81571767 5.69555784
v -3.31778817 3.92325336 5.69555784
v -2.10495621 3.81571744 5.69555807
v -3.31778771 6.25999294 5.69555784
v 0.32070776 3.92325265 5.69555855
v 0.32070775 3.92325265 5.73755979
v -3.31778851 2.21579224 5.73755908
v -3.3177885 2.21579224 5.69555784
v 0.32070742 2.21579153 5.69555855
v 0.32070821 6.25999223 5.69555855
v 0.32070819 6.25999223 5.82414436
v -2.10495574 6.2599927 5.69555807
v -0.89212379 6.25999247 5.82414412
v -0.89212376 6.25999247 5.69555831
v -2.10495653 2.21579201 5.73755932
v -2.10495653 2.21579201 5.69555807
v -0.89212456 2.21579177 5.73755956
v -0.89212455 2.21579177 5.69555831
v -2.10495619 3.92325312 5.69555807
v -0.89212422 3.92325289 5.73755956
v -0.89212422 3.92325289 5.69555831
v 0.32070773 3.81571697 5.73755979
v 0.32070773 3.81571697 5.69555855
v -0.89212424 3.8157172 5.73755956
v -0.89212424 3.8157172 5.69555831
v 0.32070779 4.10385995 5.69555855
v -0.89212419 4.10386019 5.73755956
v -0.89212418 4.10386019 5.69555831
v -2.10495614 4.21139611 5.73755932
v -2.10495614 4.21139611 5.69555807
v -0.89212417 4.21139587 5.73755956
v -0.89212416 4.21139587 5.69555831
v 0.32070814 6.0091604 5.82414436
v 0.32070816 6.0091604 5.69555855
v -0.89212384 6.00916064 5.82414412
v -0.89212381 6.00916064 5.69555831
v -2.10495658 1.92764929 5.69555807
v -0.89212461 1.92764905 5.73755956
v -0.89212461 1.92764905 5.69555831
v 0.32070734 1.82011313 5.73755979
v -0.89212463 1.82011337 5.73755956
v -0.89212458 2.10825608 5.73755956
v -2.10495574 6.2599927 5.69555807
v -2.10495548 6.2599927 4.3622247
v -0.89212376 6.25999247 5.69555831
v -0.8921235 6.25999247 4.36222494
v -2.10495653 2.21579201 5.69555807
v -2.10495643 2.68093494 5.69555807
v -0.89212455 2.21579177 5.69555831
v -0.89212446 2.6809347 5.69555831
v -2.10495641 2.82486203 5.69555807
v -0.89212443 2.82486179 5.69555831
v -2.10495614 4.21139611 5.69555807
v -2.10495605 4.66083723 5.69555807
v -0.89212416 4.21139587 5.69555831
v -0.89212408 4.660837 5.69555831
v -2.10495602 4.81039114 5.69555807
v -0.89212405 4.81039091 5.69555831
v -2.10495669 0.02234884 4.3622247
v -0.89212472 0.0223486 4.36222494
v -2.08831892 2.0179528 5.69555808
v -2.10495655 2.10825632 5.69555807
v -0.85884931 2.01795256 5.69555832
v -0.89212457 2.10825608 5.69555831
v -2.08831854 4.01355677 5.69555808
v -2.10495616 4.10386042 5.69555807
v -0.85884892 4.01355653 5.69555832
v -0.89212418 4.10386019 5.69555831
v 0.3207074 2.10825585 5.69555855
v -0.89212457 2.10825608 5.69555831
v 0.32070735 1.82011313 5.69555855
v -0.89212463 1.82011337 5.69555831
v -2.10495579 6.00916088 5.69555807
v -0.89212381 6.00916064 5.69555831
v -2.10495619 3.92325312 5.69555807
v -0.89212422 3.92325289 5.69555831
v -2.10495658 1.92764929 5.69555807
v -0.89212461 1.92764905 5.69555831
v -2.10495695 0.02234884 5.69555807
v -2.1049566 1.82011361 5.69555807
v -0.89212498 0.0223486 5.69555831
v -0.89212463 1.82011337 5.69555831
v -2.10495621 3.81571744 5.69555807
v -0.89212424 3.8157172 5.69555831
v 1.53353929 0.10795482 4.11254718
v 1.53353958 1.59532579 4.11254718
v 1.55264854 2.88406659 3.92957199
v 1.55264865 3.43741396 3.92957199
v 1.55264848 2.54392926 3.92957199
v 1.55264853 2.80369002 3.92957199
v 1.55264893 4.85625686 3.92957199
v 1.55264906 5.53227974 3.92957199
v 1.55264886 4.51846471 3.92957199
v 1.55264891 4.77191867 3.92957199
v 1.58086283 0.80026781 5.23919344
v 1.61565939 0.8002678 5.23919345
v 1.61565947 1.20771838 5.23919345
v 1.58086291 1.20771839 5.23919344
v 1.58086286 0.5498117 4.8580935
v 1.61565942 0.5498117 4.85809351
v 1.61565934 0.5498117 5.23919345
v 1.58086278 0.5498117 5.23919344
v 1.61565954 1.20771838 4.85809351
v 1.58086299 1.20771839 4.8580935
v 1.58086289 0.74108355 4.8580935
v 1.61565945 0.74108355 4.85809351
v 1.73815616 1.1998288 5.23919347
v 1.73815624 1.1998288 4.85809354
v 1.6156594 0.81451057 5.18969132
v 1.61565947 1.14803209 5.18969132
v 1.61565945 0.76606485 4.90759565
v 1.61565942 0.60949803 4.90759565
v 1.61565936 0.60949803 5.18969132
v 1.59238044 0.81451058 5.18969131
v 1.5923805 0.81451058 4.90759564
v 1.59238056 1.14803209 4.90759564
v 1.59238051 1.14803209 5.18969131
v 1.59238044 0.81451058 5.18969131
v 1.59238051 1.14803209 5.18969131
v 1.59238046 0.60949803 4.90759564
v 1.5923804 0.60949803 5.18969131
v 1.59238056 1.14803209 4.90759564
v 1.61565952 1.14803209 4.90759565
v 1.59238049 0.76606486 4.90759564
v 1.69772587 1.15592164 5.18969133
v 1.69772592 1.15592164 4.90759566
v 1.5923805 0.81451058 4.90759564
v 1.61565946 0.81451057 4.90759565
v 1.61565939 0.76606485 5.18969132
v 1.59238043 0.76606486 5.18969131
v 1.61565947 0.8002678 4.85809351
v 1.61565938 0.74108355 5.23919345
v 1.58086291 0.80026781 4.8580935
v 1.58086282 0.74108355 5.23919344
v 1.5923804 0.60949803 5.18969131
v 1.59238046 0.60949803 4.90759564
v 1.59238049 0.76606486 4.90759564
v 1.59238043 0.76606486 5.18969131
v 1.58086334 0.80026741 2.62816787
v 1.6156599 0.8002674 2.62816788
v 1.61565998 1.20771798 2.62816788
v 1.58086342 1.20771799 2.62816787
v 1.58086337 0.5498113 2.24706793
v 1.61565992 0.54981129 2.24706794
v 1.61565985 0.54981129 2.62816788
v 1.58086329 0.5498113 2.62816787
v 1.61566005 1.20771798 2.24706794
v 1.58086349 1.20771799 2.24706793
v 1.5808634 0.74108315 2.24706793
v 1.61565996 0.74108314 2.24706794
v 1.73815667 1.19982839 2.6281679
v 1.73815674 1.19982839 2.24706796
v 1.61565991 0.81451017 2.57866574
v 1.61565998 1.14803168 2.57866574
v 1.61565996 0.76606445 2.29657007
v 1.61565993 0.60949762 2.29657007
v 1.61565987 0.60949762 2.57866574
v 1.59238095 0.81451017 2.57866574
v 1.59238101 0.81451017 2.29657007
v 1.59238107 1.14803169 2.29657007
v 1.59238102 1.14803169 2.57866574
v 1.59238095 0.81451017 2.57866574
v 1.59238102 1.14803169 2.57866574
v 1.59238097 0.60949763 2.29657007
v 1.59238091 0.60949763 2.57866574
v 1.59238107 1.14803169 2.29657007
v 1.61566003 1.14803168 2.29657007
v 1.592381 0.76606445 2.29657007
v 1.69772638 1.15592123 2.57866576
v 1.69772643 1.15592123 2.29657009
v 1.59238101 0.81451017 2.29657007
v 1.61565997 0.81451017 2.29657007
v 1.6156599 0.76606445 2.57866574
v 1.59238094 0.76606445 2.57866574
v 1.61565997 0.8002674 2.24706794
v 1.61565989 0.74108314 2.62816788
v 1.58086341 0.80026741 2.24706793
v 1.58086333 0.74108315 2.62816787
v 1.59238091 0.60949763 2.57866574
v 1.59238097 0.60949763 2.29657007
v 1.592381 0.76606445 2.29657007
v 1.59238094 0.76606445 2.57866574
v -0.8921233 4.660837 1.69555831
v 0.32070871 4.81039067 1.69555855
vn 0 1 0
vn 0 0 -1
vn 1 0 0
vn 0 0 1
vn 0 -1 0
vn 0 -0.99634 0.08551
vn 0 -0.99634 0.08551
vn 0 -0.99634 0.08551
vn 0 -0.99634 0.08551
vn 0 -0.99634 -0.08551
vn 0 -0.99634 -0.08551
vn 0 -0.99634 -0.08551
vn 0 -0.99634 -0.08551
vn -1 0 0
vn 0 -0.48396 0.87509
vn 0.9928 -0 -0.11978
vn 0 -0.51882 0.85489
vn 0.9928 0 -0.11978
vn 0 -0.9943 -0.10663
vn 0 -0.9943 -0.10663
vn -0.9928 0 -0.11978
vn 0.99101 0 -0.13378
vn -0.99101 0 -0.13378
vn 0 -0.68933 -0.72445
vn 0 -0.817 -0.57664
vn 0.12399 -0.8107 -0.57219
vn 0 -0.817 -0.57664
vn 0 -0.63661 -0.77119
vn 0 -0.7713 -0.63648
vn 0.11715 -0.76599 -0.63209
vn 0 -1 0
vn 0 -1 -0
vn 0 -1 -0
vn 0 -1 0
vn 0 -1 0
vn 0 -1 -0
vn 0 -0.9943 -0.10663
vn 0 -0.9943 -0.10663
vn 0 -0.9943 -0.10663
vn 0 -0.9943 -0.10663
vn 0.06498 -0.57402 0.81626
vn 0 -0.57524 0.81799
vn 0 -0.57524 0.81799
vn 0.06877 -0.6075 0.79134
vn 0 -0.60894 0.79321
vn 0 -0.60894 0.79321
vn 0 -0.99634 -0.08551
vn 0 -0.99634 0.08551
vn 0 -0.99634 -0.08551
vn 0 -0.99634 0.08551
vn -0.9928 -0 -0.11978
vn -0.9928 0 -0.11978
vn 0 -0.9943 -0.10663
vn 0.9928 0 -0.11978
vn -0.99101 -0 -0.13378
vn 0.99101 -0 -0.13378
vn -0.12399 -0.8107 -0.57219
vn -0.11715 -0.76599 -0.63209
vn 0 -1 0
vn 0 -1 0
vn -0 0 1
vn -0 0 1
vn -0 0 1
vn -0 0 1
vn -0 0 -1
vn -0 0 -1
vn -0 0 -1
vn -0 0 1
vn -0 0 1
vn -0 0 1
vn -0 0 1
vn -0 0 -1
vn -0 0 -1
vn -0 0 -1
vn -0 0 -1
vn -0.06498 -0.57402 0.81626
vn -0.06877 -0.6075 0.79134
vn 0 -0.48396 0.87509
vn 0 -1 -0
vn 0 -1 -0
vn 0 -1 -0
vn 0 -0.9943 -0.10663
vn -0.99101 -0 -0.13378
vn 0.99101 -0 -0.13378
vn 0 -0.63661 -0.77119
vn 0 -1 -0
vn 0 -1 -0
vn -0.99101 -0 -0.13378
vn 0.99101 -0 -0.13378
vn 0 -0.63661 -0.77119
vt 0.19993 0.26323
vt 0.18906 0.26323
vt 0.18906 0.26182
vt 0.19993 0.26182
vt 0.18906 0.29704
vt 0.19993 0.29704
vt 0.19993 0.28121
vt 0.19993 0.27562
vt 0.18906 0.28577
vt 0.19993 0.28577
vt 0.19993 0.28628
vt 0.18906 0.28628
vt 0.19993 0.28689
vt 0.18906 0.28121
vt 0.18906 0.27562
vt 0.21019 0.13389
vt 0.21019 0.13157
vt 0.19993 0.2745
vt 0.19993 0.27501
vt 0.18906 0.28689
vt 0.19993 0.27
vt 0.18906 0.2745
vt 0.18906 0.27501
vt 0.18906 0.28465
vt 0.19993 0.28465
vt 0.19993 0.28526
vt 0.18906 0.28526
vt 0.18906 0.27338
vt 0.19993 0.27338
vt 0.19993 0.27399
vt 0.18906 0.27399
vt 0.19974 0.1416
vt 0.20078 0.1416
vt 0.19974 0.14129
vt 0.20078 0.14129
vt 0.20343 0.14533
vt 0.20448 0.14533
vt 0.18887 0.13517
vt 0.19974 0.13517
vt 0.18906 0.27
vt 0.18887 0.1416
vt 0.18887 0.14129
vt 0.18887 0.13598
vt 0.19974 0.13598
vt 0.19974 0.13568
vt 0.18887 0.13568
vt 0.20343 0.14462
vt 0.20448 0.14462
vt 0.19974 0.14078
vt 0.20078 0.14078
vt 0.20078 0.13568
vt 0.18887 0.14078
vt 0.18362 0.28526
vt 0.18362 0.28577
vt 0.18362 0.27399
vt 0.18362 0.2745
vt 0.18343 0.1416
vt 0.18343 0.14078
vt 0.19974 0.14048
vt 0.18887 0.14048
vt 0.18343 0.13598
vt 0.18343 0.13568
vt 0.19974 0.13486
vt 0.18887 0.13486
vt 0.18343 0.14129
vt 0.18362 0.27
vt 0.18362 0.26323
vt 0.18343 0.13517
vt 0.18362 0.27338
vt 0.18362 0.28465
vt 0.18362 0.27501
vt 0.18362 0.29704
vt 0.18362 0.28689
vt 0.18362 0.28121
vt 0.18362 0.27562
vt 0.18362 0.28628
vt 0.18713 0.14533
vt 0.19256 0.14533
vt 0.19707 0.2653
vt 0.19707 0.26995
vt 0.19192 0.2653
vt 0.18906 0.27085
vt 0.19192 0.27228
vt 0.19192 0.27053
vt 0.19707 0.27228
vt 0.1862 0.2653
vt 0.1862 0.26995
vt 0.1862 0.27228
vt 0.18362 0.27228
vt 0.19707 0.2772
vt 0.19707 0.28101
vt 0.19192 0.2772
vt 0.18906 0.28203
vt 0.19192 0.28336
vt 0.19192 0.28157
vt 0.19707 0.28336
vt 0.1862 0.2772
vt 0.1862 0.28101
vt 0.1862 0.28336
vt 0.18362 0.28336
vt 0.20952 0.13379
vt 0.20952 0.13188
vt 0.19932 0.13389
vt 0.19932 0.13157
vt 0.20503 0.13505
vt 0.21019 0.13505
vt 0.21019 0.13941
vt 0.21019 0.1375
vt 0.19674 0.13505
vt 0.19932 0.13505
vt 0.19932 0.13941
vt 0.19932 0.1375
vt 0.20503 0.13157
vt 0.20503 0.14058
vt 0.21019 0.14058
vt 0.19674 0.14058
vt 0.19932 0.14058
vt 0.20503 0.13418
vt 0.20503 0.1375
vt 0.20503 0.13968
vt 0.20503 0.13754
vt 0.21019 0.13754
vt 0.19865 0.13188
vt 0.19932 0.13161
vt 0.19865 0.13184
vt 0.2057 0.13474
vt 0.2057 0.13403
vt 0.20952 0.13474
vt 0.19865 0.13379
vt 0.20503 0.13161
vt 0.21019 0.13161
vt 0.19865 0.13474
vt 0.19674 0.13474
vt 0.20952 0.13778
vt 0.20952 0.13934
vt 0.20952 0.13184
vt 0.2057 0.1403
vt 0.2057 0.13957
vt 0.20952 0.1403
vt 0.19865 0.13778
vt 0.19865 0.13934
vt 0.19865 0.1403
vt 0.19674 0.1403
vt 0.44311 0.1408
vt 0.44311 0.1389
vt 0.43929 0.1389
vt 0.43929 0.1408
vt 0.44311 0.14635
vt 0.44311 0.14479
vt 0.43929 0.14479
vt 0.43929 0.14635
vt 0.2057 0.13188
vt 0.2057 0.13778
vt 0.2057 0.13184
vt 0.2057 0.13775
vt 0.20952 0.13775
vt 0.19932 0.13754
vt 0.19865 0.13775
vt 0.19674 0.13188
vt 0.19674 0.13184
vt 0.19674 0.13778
vt 0.19674 0.13775
vt 0.2057 0.13379
vt 0.19674 0.13403
vt 0.19865 0.13403
vt 0.19674 0.13379
vt 0.20952 0.13403
vt 0.19932 0.13418
vt 0.20503 0.13389
vt 0.21019 0.13418
vt 0.1862 0.27053
vt 0.19192 0.26995
vt 0.19993 0.27085
vt 0.19707 0.27053
vt 0.18362 0.27085
vt 0.44311 0.14175
vt 0.44311 0.14104
vt 0.43929 0.14104
vt 0.43929 0.14175
vt 0.2057 0.13934
vt 0.20952 0.13957
vt 0.19932 0.13968
vt 0.19865 0.13957
vt 0.20503 0.13941
vt 0.21019 0.13968
vt 0.1862 0.28157
vt 0.19192 0.28101
vt 0.19993 0.28203
vt 0.19707 0.28157
vt 0.18362 0.28203
vt 0.18906 0.28203
vt 0.19993 0.28203
vt 0.44311 0.14731
vt 0.44311 0.14658
vt 0.43929 0.14658
vt 0.43929 0.14731
vt 0.20078 0.13598
vt 0.19256 0.14462
vt 0.18713 0.14462
vt 0.20078 0.13517
vt 0.20078 0.13486
vt 0.18759 0.28786
vt 0.18759 0.29685
vt 0.18362 0.29685
vt 0.19201 0.13483
vt 0.19201 0.13902
vt 0.18861 0.13483
vt 0.18861 0.13917
vt 0.19258 0.13917
vt 0.19258 0.13469
vt 0.18861 0.13902
vt 0.20078 0.14048
vt 0.18362 0.26182
vt 0.18861 0.13469
vt 0.43373 0.15417
vt 0.43373 0.14998
vt 0.43033 0.14998
vt 0.43033 0.15417
vt 0.19674 0.13934
vt 0.19674 0.13957
vt 0.19674 0.13754
vt 0.19674 0.13161
vt 0.43224 0.14635
vt 0.43224 0.14479
vt 0.43033 0.14479
vt 0.43033 0.14635
vt 0.43224 0.14731
vt 0.43224 0.14658
vt 0.43033 0.14658
vt 0.43033 0.14731
vt 0.43224 0.1408
vt 0.43224 0.1389
vt 0.43033 0.1389
vt 0.43033 0.1408
vt 0.43224 0.14175
vt 0.43224 0.14104
vt 0.43033 0.14104
vt 0.43033 0.14175
vt 0.19674 0.1375
vt 0.19674 0.13157
vt 0.18343 0.13486
vt 0.18343 0.14048
vt 0.18362 0.2772
vt 0.18362 0.28786
vt 0.18362 0.2653
vt 0.16732 0.26323
vt 0.16732 0.26182
vt 0.17819 0.26182
vt 0.17819 0.26323
vt 0.17819 0.29704
vt 0.16732 0.29704
vt 0.16732 0.28121
vt 0.16732 0.27562
vt 0.17819 0.28577
vt 0.17819 0.28628
vt 0.16732 0.28628
vt 0.16732 0.28577
vt 0.16732 0.28689
vt 0.17819 0.28121
vt 0.17819 0.27562
vt 0.1833 0.13389
vt 0.1833 0.13157
vt 0.16732 0.2745
vt 0.16732 0.27501
vt 0.17819 0.28689
vt 0.16732 0.27
vt 0.17819 0.2745
vt 0.17819 0.27501
vt 0.17819 0.28465
vt 0.17819 0.28526
vt 0.16732 0.28526
vt 0.16732 0.28465
vt 0.17819 0.27338
vt 0.17819 0.27399
vt 0.16732 0.27399
vt 0.16732 0.27338
vt 0.16713 0.1416
vt 0.16608 0.1416
vt 0.16713 0.14129
vt 0.16608 0.14129
vt 0.17083 0.14533
vt 0.16978 0.14533
vt 0.178 0.13517
vt 0.16713 0.13517
vt 0.17819 0.27
vt 0.178 0.1416
vt 0.178 0.14129
vt 0.178 0.13598
vt 0.178 0.13568
vt 0.16713 0.13568
vt 0.16713 0.13598
vt 0.17083 0.14462
vt 0.16978 0.14462
vt 0.16713 0.14078
vt 0.16608 0.14078
vt 0.16608 0.13568
vt 0.178 0.14078
vt 0.16713 0.14048
vt 0.178 0.14048
vt 0.16713 0.13486
vt 0.178 0.13486
vt 0.1817 0.14533
vt 0.17018 0.26995
vt 0.17018 0.2653
vt 0.17533 0.2653
vt 0.17819 0.27085
vt 0.17533 0.27053
vt 0.17533 0.27228
vt 0.17018 0.27228
vt 0.18105 0.26995
vt 0.18105 0.2653
vt 0.18105 0.27228
vt 0.17018 0.28101
vt 0.17018 0.2772
vt 0.17533 0.2772
vt 0.17819 0.28203
vt 0.17533 0.28157
vt 0.17533 0.28336
vt 0.17018 0.28336
vt 0.18105 0.28101
vt 0.18105 0.2772
vt 0.18105 0.28336
vt 0.18397 0.13379
vt 0.18397 0.13188
vt 0.19417 0.13389
vt 0.19417 0.13157
vt 0.18845 0.13505
vt 0.1833 0.13505
vt 0.1833 0.13941
vt 0.1833 0.1375
vt 0.19417 0.13505
vt 0.19417 0.13941
vt 0.19417 0.1375
vt 0.18845 0.13157
vt 0.18845 0.14058
vt 0.1833 0.14058
vt 0.19417 0.14058
vt 0.18845 0.13418
vt 0.18845 0.1375
vt 0.18845 0.13968
vt 0.1833 0.13754
vt 0.18845 0.13754
vt 0.19483 0.13188
vt 0.19483 0.13184
vt 0.19417 0.13161
vt 0.18778 0.13403
vt 0.18778 0.13474
vt 0.18397 0.13474
vt 0.19483 0.13379
vt 0.1833 0.13161
vt 0.18845 0.13161
vt 0.19483 0.13474
vt 0.18397 0.13934
vt 0.18397 0.13778
vt 0.18397 0.13184
vt 0.18778 0.13957
vt 0.18778 0.1403
vt 0.18397 0.1403
vt 0.19483 0.13934
vt 0.19483 0.13778
vt 0.19483 0.1403
vt 0.41756 0.1408
vt 0.42137 0.1408
vt 0.42137 0.1389
vt 0.41756 0.1389
vt 0.41756 0.14635
vt 0.42137 0.14635
vt 0.42137 0.14479
vt 0.41756 0.14479
vt 0.18778 0.13188
vt 0.18778 0.13778
vt 0.18778 0.13184
vt 0.18397 0.13775
vt 0.18778 0.13775
vt 0.19483 0.13775
vt 0.19417 0.13754
vt 0.18778 0.13379
vt 0.19483 0.13403
vt 0.18397 0.13403
vt 0.19417 0.13418
vt 0.18845 0.13389
vt 0.1833 0.13418
vt 0.18105 0.27053
vt 0.17533 0.26995
vt 0.16732 0.27085
vt 0.17018 0.27053
vt 0.41756 0.14175
vt 0.42137 0.14175
vt 0.42137 0.14104
vt 0.41756 0.14104
vt 0.18778 0.13934
vt 0.18397 0.13957
vt 0.19417 0.13968
vt 0.19483 0.13957
vt 0.18845 0.13941
vt 0.1833 0.13968
vt 0.18105 0.28157
vt 0.17533 0.28101
vt 0.16732 0.28203
vt 0.17018 0.28157
vt 0.17819 0.28203
vt 0.41756 0.14731
vt 0.42137 0.14731
vt 0.42137 0.14658
vt 0.41756 0.14658
vt 0.16608 0.13598
vt 0.1817 0.14462
vt 0.16608 0.13486
vt 0.16608 0.13517
vt 0.17966 0.29685
vt 0.17966 0.28786
vt 0.18521 0.13483
vt 0.18521 0.13902
vt 0.18464 0.13917
vt 0.18464 0.13469
vt 0.16608 0.14048
vt 0.42693 0.15417
vt 0.42693 0.14998
vt 0.42843 0.14635
vt 0.42843 0.14479
vt 0.42843 0.14731
vt 0.42843 0.14658
vt 0.42843 0.1408
vt 0.42843 0.1389
vt 0.42843 0.14175
vt 0.42843 0.14104
usemtl mat0
f 1/1/1 2/2/1 3/3/1
f 1/1/1 3/3/1 4/4/1
f 5/5/2 6/6/2 7/6/2
f 5/5/2 7/6/2 8/5/2
f 9/7/3 10/8/3 11/8/3
f 9/7/3 11/8/3 12/7/3
f 13/9/1 14/10/1 15/11/1
f 13/9/1 15/11/1 16/12/1
f 6/6/3 17/13/3 18/13/3
f 6/6/3 18/13/3 7/6/3
f 19/14/1 20/15/1 21/8/1
f 19/14/1 21/8/1 22/7/1
f 23/16/3 24/17/3 25/17/3
f 23/16/3 25/17/3 26/16/3
f 27/10/3 28/10/3 29/11/3
f 27/10/3 29/11/3 30/11/3
f 31/18/3 32/18/3 33/19/3
f 31/18/3 33/19/3 34/19/3
f 35/5/1 36/20/1 37/13/1
f 35/5/1 37/13/1 38/6/1
f 39/21/3 40/1/3 41/1/3
f 39/21/3 41/1/3 42/21/3
f 43/22/1 44/18/1 45/19/1
f 43/22/1 45/19/1 46/23/1
f 47/24/1 48/25/1 49/26/1
f 47/24/1 49/26/1 50/27/1
f 51/28/1 52/29/1 53/30/1
f 51/28/1 53/30/1 54/31/1
f 55/32/2 56/32/2 57/33/2
f 55/32/2 57/33/2 58/33/2
f 59/34/4 60/34/4 61/35/4
f 59/34/4 61/35/4 62/35/4
f 63/36/2 64/36/2 65/37/2
f 63/36/2 65/37/2 66/37/2
f 67/32/2 68/32/2 69/33/2
f 67/32/2 69/33/2 70/33/2
f 71/38/2 72/39/2 73/39/2
f 71/38/2 73/39/2 74/38/2
f 75/40/1 2/2/1 1/1/1
f 75/40/1 1/1/1 76/21/1
f 77/41/5 67/32/5 60/34/5
f 77/41/5 60/34/5 78/42/5
f 79/43/5 80/44/5 81/45/5
f 79/43/5 81/45/5 82/46/5
f 83/47/4 84/47/4 85/48/4
f 83/47/4 85/48/4 86/48/4
f 87/43/2 88/44/2 80/44/2
f 87/43/2 80/44/2 79/43/2
f 89/49/2 90/49/2 91/50/2
f 89/49/2 91/50/2 92/50/2
f 93/45/4 81/45/4 94/51/4
f 93/45/4 94/51/4 95/51/4
f 96/52/2 97/49/2 98/49/2
f 96/52/2 98/49/2 99/52/2
f 56/32/1 100/34/1 101/35/1
f 56/32/1 101/35/1 57/33/1
f 102/41/2 68/32/2 67/32/2
f 102/41/2 67/32/2 77/41/2
f 54/31/1 53/30/1 44/18/1
f 54/31/1 44/18/1 43/22/1
f 103/30/3 104/30/3 32/18/3
f 103/30/3 32/18/3 31/18/3
f 105/26/3 106/26/3 28/10/3
f 105/26/3 28/10/3 27/10/3
f 50/27/1 49/26/1 14/10/1
f 50/27/1 14/10/1 13/9/1
f 107/53/1 50/27/1 13/9/1
f 107/53/1 13/9/1 108/54/1
f 106/26/6 109/27/7 110/9/7
f 106/26/6 110/9/7 28/10/6
f 104/30/8 111/31/9 112/22/9
f 104/30/8 112/22/9 32/18/8
f 113/55/1 54/31/1 43/22/1
f 113/55/1 43/22/1 114/56/1
f 115/57/2 102/41/2 77/41/2
f 115/57/2 77/41/2 116/57/2
f 117/58/2 96/52/2 99/52/2
f 117/58/2 99/52/2 118/58/2
f 119/59/4 120/60/4 121/60/4
f 119/59/4 121/60/4 122/59/4
f 93/45/4 123/46/4 82/46/4
f 93/45/4 82/46/4 81/45/4
f 124/61/2 87/43/2 79/43/2
f 124/61/2 79/43/2 125/61/2
f 125/61/5 79/43/5 82/46/5
f 125/61/5 82/46/5 126/62/5
f 127/63/5 128/64/5 74/38/5
f 127/63/5 74/38/5 73/39/5
f 116/57/5 77/41/5 78/42/5
f 116/57/5 78/42/5 129/65/5
f 122/59/5 121/60/5 99/52/5
f 122/59/5 99/52/5 98/49/5
f 130/66/1 131/67/1 2/2/1
f 130/66/1 2/2/1 75/40/1
f 59/34/4 132/42/4 78/42/4
f 59/34/4 78/42/4 60/34/4
f 133/63/4 134/64/4 128/64/4
f 133/63/4 128/64/4 127/63/4
f 135/68/2 71/38/2 74/38/2
f 135/68/2 74/38/2 136/68/2
f 21/8/1 20/15/1 46/23/1
f 21/8/1 46/23/1 45/19/1
f 137/69/1 51/28/1 54/31/1
f 137/69/1 54/31/1 113/55/1
f 37/13/1 36/20/1 16/12/1
f 37/13/1 16/12/1 15/11/1
f 138/70/1 47/24/1 50/27/1
f 138/70/1 50/27/1 107/53/1
f 114/56/1 43/22/1 46/23/1
f 114/56/1 46/23/1 139/71/1
f 7/6/5 18/13/5 140/20/5
f 7/6/5 140/20/5 8/5/5
f 141/72/1 142/73/1 36/20/1
f 141/72/1 36/20/1 35/5/1
f 32/18/10 112/22/11 143/23/11
f 32/18/10 143/23/11 33/19/10
f 144/74/1 145/75/1 20/15/1
f 144/74/1 20/15/1 19/14/1
f 28/10/12 110/9/13 146/12/13
f 28/10/12 146/12/13 29/11/12
f 108/54/1 13/9/1 16/12/1
f 108/54/1 16/12/1 147/76/1
f 148/72/2 5/5/2 8/5/2
f 148/72/2 8/5/2 149/72/2
f 150/77/2 151/78/2 152/78/2
f 150/77/2 152/78/2 153/77/2
f 42/21/5 41/1/5 154/79/5
f 42/21/5 154/79/5 155/80/5
f 41/1/5 156/2/5 157/81/5
f 41/1/5 157/81/5 154/79/5
f 158/82/5 159/28/5 160/83/5
f 158/82/5 160/83/5 161/84/5
f 159/28/5 162/29/5 163/85/5
f 159/28/5 163/85/5 160/83/5
f 164/40/5 156/2/5 165/86/5
f 164/40/5 165/86/5 166/87/5
f 167/69/5 159/28/5 168/88/5
f 167/69/5 168/88/5 169/89/5
f 12/7/5 11/8/5 170/90/5
f 12/7/5 170/90/5 171/91/5
f 11/8/5 172/15/5 173/92/5
f 11/8/5 173/92/5 170/90/5
f 174/93/5 175/24/5 176/94/5
f 174/93/5 176/94/5 177/95/5
f 175/24/5 178/25/5 179/96/5
f 175/24/5 179/96/5 176/94/5
f 180/14/5 172/15/5 181/97/5
f 180/14/5 181/97/5 182/98/5
f 183/70/5 175/24/5 184/99/5
f 183/70/5 184/99/5 185/100/5
f 186/101/14 187/102/14 188/102/14
f 186/101/14 188/102/14 189/101/14
f 190/103/3 191/104/3 192/104/3
f 190/103/3 192/104/3 193/103/3
f 194/105/2 195/106/2 196/106/2
f 194/105/2 196/106/2 197/105/2
f 198/107/3 199/108/3 200/108/3
f 198/107/3 200/108/3 201/107/3
f 202/109/2 203/110/2 204/110/2
f 202/109/2 204/110/2 205/109/2
f 206/111/3 207/112/3 208/112/3
f 206/111/3 208/112/3 209/111/3
f 24/17/4 210/113/4 211/113/4
f 24/17/4 211/113/4 25/17/4
f 212/114/2 213/115/2 214/115/2
f 212/114/2 214/115/2 215/114/2
f 216/116/2 217/117/2 218/117/2
f 216/116/2 218/117/2 219/116/2
f 220/118/14 194/105/14 197/105/14
f 220/118/14 197/105/14 221/118/14
f 199/108/4 222/119/4 223/119/4
f 199/108/4 223/119/4 200/108/4
f 224/120/14 212/114/14 215/114/14
f 224/120/14 215/114/14 225/120/14
f 200/108/15 223/119/15 226/121/15
f 200/108/15 226/121/15 227/122/15
f 228/123/16 192/104/16 229/124/16
f 228/123/16 229/124/16 230/125/16
f 26/16/5 25/17/5 187/102/5
f 26/16/5 187/102/5 186/101/5
f 221/118/5 197/105/5 231/126/5
f 221/118/5 231/126/5 232/127/5
f 197/105/5 196/106/5 233/128/5
f 197/105/5 233/128/5 231/126/5
f 193/103/5 192/104/5 228/123/5
f 193/103/5 228/123/5 234/129/5
f 25/17/17 211/113/17 235/130/17
f 25/17/17 235/130/17 236/131/17
f 205/109/5 204/110/5 237/132/5
f 205/109/5 237/132/5 238/133/5
f 201/107/5 200/108/5 239/134/5
f 201/107/5 239/134/5 240/135/5
f 187/102/18 25/17/18 236/131/18
f 187/102/18 236/131/18 241/136/18
f 225/120/5 215/114/5 242/137/5
f 225/120/5 242/137/5 243/138/5
f 215/114/5 214/115/5 244/139/5
f 215/114/5 244/139/5 242/137/5
f 209/111/5 208/112/5 245/140/5
f 209/111/5 245/140/5 246/141/5
f 219/116/5 218/117/5 247/142/5
f 219/116/5 247/142/5 248/143/5
f 249/144/5 250/145/5 251/146/5
f 249/144/5 251/146/5 252/147/5
f 253/148/5 254/149/5 255/150/5
f 253/148/5 255/150/5 256/151/5
f 234/129/14 228/123/14 257/123/14
f 234/129/14 257/123/14 258/129/14
f 231/126/4 233/128/4 259/128/4
f 231/126/4 259/128/4 260/126/4
f 240/135/14 239/134/14 261/134/14
f 240/135/14 261/134/14 262/135/14
f 238/133/4 237/132/4 263/132/4
f 238/133/4 263/132/4 264/133/4
f 246/141/14 245/140/14 265/140/14
f 246/141/14 265/140/14 266/141/14
f 187/102/2 267/152/2 268/152/2
f 187/102/2 268/152/2 188/102/2
f 242/137/4 244/139/4 269/139/4
f 242/137/4 269/139/4 270/137/4
f 248/143/4 247/142/4 271/142/4
f 248/143/4 271/142/4 272/143/4
f 232/127/3 231/126/3 260/126/3
f 232/127/3 260/126/3 273/127/3
f 239/134/2 274/153/2 275/153/2
f 239/134/2 275/153/2 261/134/2
f 243/138/3 242/137/3 270/137/3
f 243/138/3 270/137/3 276/138/3
f 236/131/19 235/130/19 277/154/19
f 236/131/19 277/154/19 241/136/19
f 227/122/20 226/121/20 278/155/20
f 227/122/20 278/155/20 279/156/20
f 211/113/21 267/152/21 277/154/21
f 211/113/21 277/154/21 235/130/21
f 239/134/22 200/108/22 227/122/22
f 239/134/22 227/122/22 279/156/22
f 245/140/22 208/112/22 280/157/22
f 245/140/22 280/157/22 281/158/22
f 223/119/23 274/153/23 278/155/23
f 223/119/23 278/155/23 226/121/23
f 267/152/24 187/102/24 241/136/24
f 267/152/24 241/136/24 277/154/24
f 282/159/25 228/123/26 230/125/26
f 282/159/25 230/125/26 283/160/27
f 274/153/28 239/134/28 279/156/28
f 274/153/28 279/156/28 278/155/28
f 284/161/29 245/140/30 281/158/30
f 284/161/29 281/158/30 285/162/29
f 267/152/3 286/163/3 287/163/3
f 267/152/3 287/163/3 268/152/3
f 288/164/5 289/165/5 234/129/5
f 288/164/5 234/129/5 290/166/5
f 291/167/5 189/101/5 287/163/5
f 291/167/5 287/163/5 273/127/5
f 292/168/5 193/103/5 234/129/5
f 292/168/5 234/129/5 289/165/5
f 211/113/5 293/169/5 286/163/5
f 211/113/5 286/163/5 267/152/5
f 294/170/5 26/16/5 186/101/5
f 294/170/5 186/101/5 295/167/5
f 210/113/14 296/169/14 293/169/14
f 210/113/14 293/169/14 211/113/14
f 297/168/3 190/103/3 193/103/3
f 297/168/3 193/103/3 292/168/3
f 232/127/5 295/167/5 186/101/5
f 232/127/5 186/101/5 286/163/5
f 158/82/5 164/40/5 166/87/5
f 158/82/5 166/87/5 298/171/5
f 156/2/5 164/40/5 299/172/5
f 156/2/5 299/172/5 157/81/5
f 300/173/5 42/21/5 155/80/5
f 300/173/5 155/80/5 301/174/5
f 302/175/1 130/66/1 75/40/1
f 302/175/1 75/40/1 303/82/1
f 303/82/1 75/40/1 76/21/1
f 303/82/1 76/21/1 304/173/1
f 305/173/3 39/21/3 42/21/3
f 305/173/3 42/21/3 300/173/3
f 306/170/3 23/16/3 26/16/3
f 306/170/3 26/16/3 294/170/3
f 195/106/3 306/170/3 294/170/3
f 195/106/3 294/170/3 196/106/3
f 307/29/3 305/173/3 300/173/3
f 307/29/3 300/173/3 162/29/3
f 51/28/1 303/82/1 304/173/1
f 51/28/1 304/173/1 52/29/1
f 137/69/1 302/175/1 303/82/1
f 137/69/1 303/82/1 51/28/1
f 162/29/5 300/173/5 301/174/5
f 162/29/5 301/174/5 163/85/5
f 159/28/5 158/82/5 298/171/5
f 159/28/5 298/171/5 168/88/5
f 233/128/14 295/167/14 291/167/14
f 233/128/14 291/167/14 259/128/14
f 203/110/3 297/168/3 292/168/3
f 203/110/3 292/168/3 204/110/3
f 196/106/5 294/170/5 295/167/5
f 196/106/5 295/167/5 233/128/5
f 204/110/5 292/168/5 289/165/5
f 204/110/5 289/165/5 237/132/5
f 308/176/5 309/177/5 310/178/5
f 308/176/5 310/178/5 311/179/5
f 237/132/14 289/165/14 312/165/14
f 237/132/14 312/165/14 263/132/14
f 313/164/2 312/165/2 289/165/2
f 313/164/2 289/165/2 288/164/2
f 273/127/2 291/167/2 295/167/2
f 273/127/2 295/167/2 232/127/2
f 293/169/5 221/118/5 232/127/5
f 293/169/5 232/127/5 286/163/5
f 296/169/14 220/118/14 221/118/14
f 296/169/14 221/118/14 293/169/14
f 164/40/5 158/82/5 161/84/5
f 164/40/5 161/84/5 299/172/5
f 274/153/3 314/180/3 315/180/3
f 274/153/3 315/180/3 275/153/3
f 243/138/5 316/181/5 240/135/5
f 243/138/5 240/135/5 314/180/5
f 317/181/5 262/135/5 315/180/5
f 317/181/5 315/180/5 276/138/5
f 318/182/5 209/111/5 246/141/5
f 318/182/5 246/141/5 319/183/5
f 223/119/5 320/184/5 314/180/5
f 223/119/5 314/180/5 274/153/5
f 321/185/5 201/107/5 240/135/5
f 321/185/5 240/135/5 316/181/5
f 222/119/14 322/184/14 320/184/14
f 222/119/14 320/184/14 223/119/14
f 323/182/3 206/111/3 209/111/3
f 323/182/3 209/111/3 318/182/3
f 324/185/3 198/107/3 201/107/3
f 324/185/3 201/107/3 321/185/3
f 174/93/5 180/14/5 182/98/5
f 174/93/5 182/98/5 325/186/5
f 172/15/5 180/14/5 326/187/5
f 172/15/5 326/187/5 173/92/5
f 327/188/5 12/7/5 171/91/5
f 327/188/5 171/91/5 328/189/5
f 329/190/1 144/74/1 19/14/1
f 329/190/1 19/14/1 330/191/1
f 330/191/1 19/14/1 22/7/1
f 330/191/1 22/7/1 331/192/1
f 332/188/3 9/7/3 12/7/3
f 332/188/3 12/7/3 327/188/3
f 333/25/3 332/188/3 327/188/3
f 333/25/3 327/188/3 178/25/3
f 47/24/1 330/191/1 331/192/1
f 47/24/1 331/192/1 48/25/1
f 138/70/1 329/190/1 330/191/1
f 138/70/1 330/191/1 47/24/1
f 178/25/5 327/188/5 328/189/5
f 178/25/5 328/189/5 179/96/5
f 175/24/5 174/93/5 325/186/5
f 175/24/5 325/186/5 184/99/5
f 213/115/3 324/185/3 321/185/3
f 213/115/3 321/185/3 214/115/3
f 217/117/3 323/182/3 318/182/3
f 217/117/3 318/182/3 218/117/3
f 214/115/5 321/185/5 316/181/5
f 214/115/5 316/181/5 244/139/5
f 218/117/5 318/182/5 319/183/5
f 218/117/5 319/183/5 247/142/5
f 334/193/5 335/194/5 336/195/5
f 334/193/5 336/195/5 337/196/5
f 244/139/14 316/181/14 317/181/14
f 244/139/14 317/181/14 269/139/14
f 247/142/14 319/183/14 338/183/14
f 247/142/14 338/183/14 271/142/14
f 276/138/2 317/181/2 316/181/2
f 276/138/2 316/181/2 243/138/2
f 320/184/5 225/120/5 243/138/5
f 320/184/5 243/138/5 314/180/5
f 322/184/14 224/120/14 225/120/14
f 322/184/14 225/120/14 320/184/14
f 180/14/5 174/93/5 177/95/5
f 180/14/5 177/95/5 326/187/5
f 290/166/4 234/129/4 258/129/4
f 290/166/4 258/129/4 339/166/4
f 286/163/4 186/101/4 189/101/4
f 286/163/4 189/101/4 287/163/4
f 314/180/4 240/135/4 262/135/4
f 314/180/4 262/135/4 315/180/4
f 340/4/4 341/3/4 342/3/4
f 340/4/4 342/3/4 343/4/4
f 81/45/5 80/44/5 344/197/5
f 81/45/5 344/197/5 94/51/5
f 153/77/5 152/78/5 345/198/5
f 153/77/5 345/198/5 346/199/5
f 152/78/5 63/36/5 84/47/5
f 152/78/5 84/47/5 345/198/5
f 127/63/5 73/39/5 347/200/5
f 127/63/5 347/200/5 348/201/5
f 83/47/4 349/198/4 345/198/4
f 83/47/4 345/198/4 84/47/4
f 151/78/2 64/36/2 63/36/2
f 151/78/2 63/36/2 152/78/2
f 8/5/5 140/20/5 350/202/5
f 8/5/5 350/202/5 351/203/5
f 149/72/5 8/5/5 351/203/5
f 149/72/5 351/203/5 352/204/5
f 353/205/14 354/206/14 355/206/14
f 353/205/14 355/206/14 356/205/14
f 357/207/2 353/205/2 356/205/2
f 357/207/2 356/205/2 358/207/2
f 359/208/2 360/209/2 361/209/2
f 359/208/2 361/209/2 362/208/2
f 361/209/31 363/210/32 356/205/33
f 361/209/31 356/205/33 355/206/34
f 362/208/35 361/209/31 355/206/34
f 362/208/35 355/206/34 364/211/35
f 360/209/3 365/210/3 363/210/3
f 360/209/3 363/210/3 361/209/3
f 366/212/3 367/212/3 368/50/3
f 366/212/3 368/50/3 369/50/3
f 58/33/3 57/33/3 101/35/3
f 58/33/3 101/35/3 370/35/3
f 371/201/3 372/201/3 373/200/3
f 371/201/3 373/200/3 374/200/3
f 375/197/3 376/197/3 377/51/3
f 375/197/3 377/51/3 378/51/3
f 373/200/3 372/201/3 348/201/3
f 373/200/3 348/201/3 347/200/3
f 368/50/3 367/212/3 379/212/3
f 368/50/3 379/212/3 380/50/3
f 381/197/3 95/51/3 94/51/3
f 381/197/3 94/51/3 344/197/3
f 69/33/3 62/35/3 61/35/3
f 69/33/3 61/35/3 70/33/3
f 382/37/3 383/37/3 384/48/3
f 382/37/3 384/48/3 385/48/3
f 65/37/3 86/48/3 85/48/3
f 65/37/3 85/48/3 66/37/3
f 386/34/4 59/34/4 62/35/4
f 386/34/4 62/35/4 387/35/4
f 388/36/2 389/36/2 383/37/2
f 388/36/2 383/37/2 382/37/2
f 133/63/4 127/63/4 348/201/4
f 133/63/4 348/201/4 372/201/4
f 390/63/4 133/63/4 372/201/4
f 390/63/4 372/201/4 371/201/4
f 73/39/2 72/39/2 373/200/2
f 73/39/2 373/200/2 347/200/2
f 391/39/1 392/63/1 393/201/1
f 391/39/1 393/201/1 394/200/1
f 395/39/2 391/39/2 394/200/2
f 395/39/2 394/200/2 396/200/2
f 397/44/1 398/45/1 377/51/1
f 397/44/1 377/51/1 376/197/1
f 399/44/2 397/44/2 376/197/2
f 399/44/2 376/197/2 375/197/2
f 84/47/5 63/36/5 66/37/5
f 84/47/5 66/37/5 85/48/5
f 389/36/1 400/47/1 384/48/1
f 389/36/1 384/48/1 383/37/1
f 80/44/2 88/44/2 381/197/2
f 80/44/2 381/197/2 344/197/2
f 401/45/4 93/45/4 95/51/4
f 401/45/4 95/51/4 402/51/4
f 122/59/5 98/49/5 380/50/5
f 122/59/5 380/50/5 379/212/5
f 119/59/4 122/59/4 379/212/4
f 119/59/4 379/212/4 367/212/4
f 60/34/5 67/32/5 70/33/5
f 60/34/5 70/33/5 61/35/5
f 90/49/1 403/59/1 404/212/1
f 90/49/1 404/212/1 91/50/1
f 98/49/2 97/49/2 368/50/2
f 98/49/2 368/50/2 380/50/2
f 405/59/4 119/59/4 367/212/4
f 405/59/4 367/212/4 366/212/4
f 406/47/4 83/47/4 86/48/4
f 406/47/4 86/48/4 407/48/4
f 400/47/4 408/47/4 385/48/4
f 400/47/4 385/48/4 384/48/4
f 408/47/4 409/47/4 410/48/4
f 408/47/4 410/48/4 385/48/4
f 409/47/4 406/47/4 407/48/4
f 409/47/4 407/48/4 410/48/4
f 403/59/4 411/59/4 412/212/4
f 403/59/4 412/212/4 404/212/4
f 411/59/4 413/59/4 414/212/4
f 411/59/4 414/212/4 412/212/4
f 413/59/4 405/59/4 366/212/4
f 413/59/4 366/212/4 414/212/4
f 398/45/4 415/45/4 378/51/4
f 398/45/4 378/51/4 377/51/4
f 415/45/4 416/45/4 417/51/4
f 415/45/4 417/51/4 378/51/4
f 416/45/4 401/45/4 402/51/4
f 416/45/4 402/51/4 417/51/4
f 88/44/2 418/44/2 419/197/2
f 88/44/2 419/197/2 381/197/2
f 418/44/2 420/44/2 421/197/2
f 418/44/2 421/197/2 419/197/2
f 420/44/2 399/44/2 375/197/2
f 420/44/2 375/197/2 421/197/2
f 72/39/2 422/39/2 374/200/2
f 72/39/2 374/200/2 373/200/2
f 422/39/2 423/39/2 424/200/2
f 422/39/2 424/200/2 374/200/2
f 423/39/2 395/39/2 396/200/2
f 423/39/2 396/200/2 424/200/2
f 392/63/4 425/63/4 426/201/4
f 392/63/4 426/201/4 393/201/4
f 425/63/4 427/63/4 428/201/4
f 425/63/4 428/201/4 426/201/4
f 427/63/4 390/63/4 371/201/4
f 427/63/4 371/201/4 428/201/4
f 64/36/2 429/36/2 430/37/2
f 64/36/2 430/37/2 65/37/2
f 429/36/2 431/36/2 432/37/2
f 429/36/2 432/37/2 430/37/2
f 431/36/2 388/36/2 382/37/2
f 431/36/2 382/37/2 432/37/2
f 100/34/4 433/34/4 370/35/4
f 100/34/4 370/35/4 101/35/4
f 433/34/4 434/34/4 435/35/4
f 433/34/4 435/35/4 370/35/4
f 434/34/4 386/34/4 387/35/4
f 434/34/4 387/35/4 435/35/4
f 65/37/3 430/37/3 407/48/3
f 65/37/3 407/48/3 86/48/3
f 430/37/3 432/37/3 410/48/3
f 430/37/3 410/48/3 407/48/3
f 432/37/3 382/37/3 385/48/3
f 432/37/3 385/48/3 410/48/3
f 381/197/3 419/197/3 402/51/3
f 381/197/3 402/51/3 95/51/3
f 419/197/3 421/197/3 417/51/3
f 419/197/3 417/51/3 402/51/3
f 421/197/3 375/197/3 378/51/3
f 421/197/3 378/51/3 417/51/3
f 393/201/3 426/201/3 396/200/3
f 393/201/3 396/200/3 394/200/3
f 426/201/3 428/201/3 424/200/3
f 426/201/3 424/200/3 396/200/3
f 428/201/3 371/201/3 374/200/3
f 428/201/3 374/200/3 424/200/3
f 69/33/3 436/33/3 387/35/3
f 69/33/3 387/35/3 62/35/3
f 436/33/3 437/33/3 435/35/3
f 436/33/3 435/35/3 387/35/3
f 437/33/3 58/33/3 370/35/3
f 437/33/3 370/35/3 435/35/3
f 404/212/3 412/212/3 92/50/3
f 404/212/3 92/50/3 91/50/3
f 412/212/3 414/212/3 438/50/3
f 412/212/3 438/50/3 92/50/3
f 414/212/3 366/212/3 369/50/3
f 414/212/3 369/50/3 438/50/3
f 4/4/4 3/3/4 439/3/4
f 4/4/4 439/3/4 440/4/4
f 440/4/4 439/3/4 441/3/4
f 440/4/4 441/3/4 442/4/4
f 442/4/4 441/3/4 341/3/4
f 442/4/4 341/3/4 340/4/4
f 48/25/3 331/192/3 443/192/3
f 48/25/3 443/192/3 444/25/3
f 444/25/3 443/192/3 445/192/3
f 444/25/3 445/192/3 446/25/3
f 446/25/3 445/192/3 332/188/3
f 446/25/3 332/188/3 333/25/3
f 331/192/3 22/7/3 447/7/3
f 331/192/3 447/7/3 443/192/3
f 443/192/3 447/7/3 448/7/3
f 443/192/3 448/7/3 445/192/3
f 445/192/3 448/7/3 9/7/3
f 445/192/3 9/7/3 332/188/3
f 52/29/3 304/173/3 449/173/3
f 52/29/3 449/173/3 450/29/3
f 450/29/3 449/173/3 451/173/3
f 450/29/3 451/173/3 452/29/3
f 452/29/3 451/173/3 305/173/3
f 452/29/3 305/173/3 307/29/3
f 304/173/3 76/21/3 453/21/3
f 304/173/3 453/21/3 449/173/3
f 449/173/3 453/21/3 454/21/3
f 449/173/3 454/21/3 451/173/3
f 141/72/2 35/5/2 455/5/2
f 141/72/2 455/5/2 456/72/2
f 456/72/2 455/5/2 457/5/2
f 456/72/2 457/5/2 458/72/2
f 458/72/2 457/5/2 5/5/2
f 458/72/2 5/5/2 148/72/2
f 49/26/3 459/26/3 460/10/3
f 49/26/3 460/10/3 14/10/3
f 459/26/3 461/26/3 462/10/3
f 459/26/3 462/10/3 460/10/3
f 461/26/3 105/26/3 27/10/3
f 461/26/3 27/10/3 462/10/3
f 53/30/3 463/30/3 464/18/3
f 53/30/3 464/18/3 44/18/3
f 463/30/3 465/30/3 466/18/3
f 463/30/3 466/18/3 464/18/3
f 465/30/3 103/30/3 31/18/3
f 465/30/3 31/18/3 466/18/3
f 97/49/2 467/49/2 369/50/2
f 97/49/2 369/50/2 368/50/2
f 467/49/2 468/49/2 438/50/2
f 467/49/2 438/50/2 369/50/2
f 468/49/2 89/49/2 92/50/2
f 468/49/2 92/50/2 438/50/2
f 68/32/2 469/32/2 436/33/2
f 68/32/2 436/33/2 69/33/2
f 469/32/2 470/32/2 437/33/2
f 469/32/2 437/33/2 436/33/2
f 470/32/2 55/32/2 58/33/2
f 470/32/2 58/33/2 437/33/2
f 76/21/3 1/1/3 471/1/3
f 76/21/3 471/1/3 453/21/3
f 453/21/3 471/1/3 472/1/3
f 453/21/3 472/1/3 454/21/3
f 39/21/3 473/1/3 472/1/3
f 39/21/3 472/1/3 474/21/3
f 44/18/3 464/18/3 475/19/3
f 44/18/3 475/19/3 45/19/3
f 464/18/3 466/18/3 476/19/3
f 464/18/3 476/19/3 475/19/3
f 466/18/3 31/18/3 34/19/3
f 466/18/3 34/19/3 476/19/3
f 14/10/3 460/10/3 477/11/3
f 14/10/3 477/11/3 15/11/3
f 460/10/3 462/10/3 478/11/3
f 460/10/3 478/11/3 477/11/3
f 462/10/3 27/10/3 30/11/3
f 462/10/3 30/11/3 478/11/3
f 38/6/3 37/13/3 479/13/3
f 38/6/3 479/13/3 480/6/3
f 480/6/3 479/13/3 481/13/3
f 480/6/3 481/13/3 482/6/3
f 482/6/3 481/13/3 17/13/3
f 482/6/3 17/13/3 6/6/3
f 22/7/3 21/8/3 483/8/3
f 22/7/3 483/8/3 447/7/3
f 447/7/3 483/8/3 484/8/3
f 447/7/3 484/8/3 448/7/3
f 448/7/3 484/8/3 10/8/3
f 448/7/3 10/8/3 9/7/3
f 35/5/2 38/6/2 480/6/2
f 35/5/2 480/6/2 455/5/2
f 455/5/2 480/6/2 482/6/2
f 455/5/2 482/6/2 457/5/2
f 457/5/2 482/6/2 6/6/2
f 457/5/2 6/6/2 5/5/2
f 441/3/4 485/213/4 486/213/4
f 441/3/4 486/213/4 341/3/4
f 439/3/4 487/213/4 485/213/4
f 439/3/4 485/213/4 441/3/4
f 363/210/32 488/214/36 358/207/36
f 363/210/32 358/207/36 356/205/33
f 489/215/5 490/216/5 491/217/5
f 489/215/5 491/217/5 492/218/5
f 354/206/4 493/211/4 364/211/4
f 354/206/4 364/211/4 355/206/4
f 365/210/4 494/214/4 488/214/4
f 365/210/4 488/214/4 363/210/4
f 3/3/4 495/213/4 487/213/4
f 3/3/4 487/213/4 439/3/4
f 341/3/4 486/213/4 496/213/4
f 341/3/4 496/213/4 342/3/4
f 349/198/4 497/199/4 346/199/4
f 349/198/4 346/199/4 345/198/4
f 246/141/5 498/219/5 499/220/5
f 246/141/5 499/220/5 319/183/5
f 319/183/2 499/220/2 500/220/2
f 319/183/2 500/220/2 338/183/2
f 338/183/5 266/141/5 501/219/5
f 338/183/5 501/219/5 500/220/5
f 266/141/4 501/219/4 498/219/4
f 266/141/4 498/219/4 246/141/4
f 312/165/5 258/129/5 339/166/5
f 312/165/5 339/166/5 313/164/5
f 280/157/37 502/221/38 285/162/38
f 280/157/37 285/162/38 281/158/37
f 229/124/39 503/222/40 283/160/40
f 229/124/39 283/160/40 230/125/39
f 504/223/5 505/224/5 506/225/5
f 504/223/5 506/225/5 507/226/5
f 508/227/5 509/228/5 510/229/5
f 508/227/5 510/229/5 511/230/5
f 512/231/5 513/232/5 514/233/5
f 512/231/5 514/233/5 515/234/5
f 516/235/5 517/236/5 518/237/5
f 516/235/5 518/237/5 519/238/5
f 245/140/2 284/161/2 520/161/2
f 245/140/2 520/161/2 265/140/2
f 228/123/2 282/159/2 521/159/2
f 228/123/2 521/159/2 257/123/2
f 208/112/41 522/239/42 502/221/43
f 208/112/41 502/221/43 280/157/41
f 192/104/44 523/240/45 503/222/46
f 192/104/44 503/222/46 229/124/44
f 207/112/4 524/239/4 522/239/4
f 207/112/4 522/239/4 208/112/4
f 191/104/4 525/240/4 523/240/4
f 191/104/4 523/240/4 192/104/4
f 128/64/5 526/241/5 136/68/5
f 128/64/5 136/68/5 74/38/5
f 121/60/5 527/242/5 118/58/5
f 121/60/5 118/58/5 99/52/5
f 123/46/4 528/62/4 126/62/4
f 123/46/4 126/62/4 82/46/4
f 112/22/11 529/56/47 530/71/47
f 112/22/11 530/71/47 143/23/11
f 172/15/5 531/75/5 532/243/5
f 172/15/5 532/243/5 181/97/5
f 111/31/9 533/55/48 529/56/48
f 111/31/9 529/56/48 112/22/9
f 134/64/4 534/241/4 526/241/4
f 134/64/4 526/241/4 128/64/4
f 132/42/4 535/65/4 129/65/4
f 132/42/4 129/65/4 78/42/4
f 110/9/13 536/54/49 537/76/49
f 110/9/13 537/76/49 146/12/13
f 140/20/5 538/73/5 539/244/5
f 140/20/5 539/244/5 350/202/5
f 109/27/7 540/53/50 536/54/50
f 109/27/7 536/54/50 110/9/7
f 120/60/4 541/242/4 527/242/4
f 120/60/4 527/242/4 121/60/4
f 20/15/1 145/75/1 139/71/1
f 20/15/1 139/71/1 46/23/1
f 36/20/1 142/73/1 147/76/1
f 36/20/1 147/76/1 16/12/1
f 2/2/1 131/67/1 495/213/1
f 2/2/1 495/213/1 3/3/1
f 156/2/5 542/67/5 543/245/5
f 156/2/5 543/245/5 165/86/5
f 544/246/1 545/247/1 546/248/1
f 544/246/1 546/248/1 547/249/1
f 548/250/2 549/250/2 550/251/2
f 548/250/2 550/251/2 551/251/2
f 552/252/14 553/252/14 554/253/14
f 552/252/14 554/253/14 555/253/14
f 556/254/1 557/255/1 558/256/1
f 556/254/1 558/256/1 559/257/1
f 551/251/14 550/251/14 560/258/14
f 551/251/14 560/258/14 561/258/14
f 562/259/1 563/252/1 564/253/1
f 562/259/1 564/253/1 565/260/1
f 566/261/14 567/261/14 568/262/14
f 566/261/14 568/262/14 569/262/14
f 570/257/14 571/256/14 572/256/14
f 570/257/14 572/256/14 573/257/14
f 574/263/14 575/264/14 576/264/14
f 574/263/14 576/264/14 577/263/14
f 578/250/1 579/251/1 580/258/1
f 578/250/1 580/258/1 581/265/1
f 582/266/14 583/266/14 584/246/14
f 582/266/14 584/246/14 585/246/14
f 586/267/1 587/268/1 588/264/1
f 586/267/1 588/264/1 589/263/1
f 590/269/1 591/270/1 592/271/1
f 590/269/1 592/271/1 593/272/1
f 594/273/1 595/274/1 596/275/1
f 594/273/1 596/275/1 597/276/1
f 598/277/2 599/278/2 600/278/2
f 598/277/2 600/278/2 601/277/2
f 602/279/4 603/280/4 604/280/4
f 602/279/4 604/280/4 605/279/4
f 606/281/2 607/282/2 608/282/2
f 606/281/2 608/282/2 609/281/2
f 610/277/2 611/278/2 612/278/2
f 610/277/2 612/278/2 613/277/2
f 614/283/2 615/283/2 616/284/2
f 614/283/2 616/284/2 617/284/2
f 618/285/1 619/266/1 544/246/1
f 618/285/1 544/246/1 547/249/1
f 620/286/5 621/287/5 605/279/5
f 620/286/5 605/279/5 610/277/5
f 622/288/5 623/289/5 624/290/5
f 622/288/5 624/290/5 625/291/5
f 626/292/4 627/293/4 628/293/4
f 626/292/4 628/293/4 629/292/4
f 630/288/2 622/288/2 625/291/2
f 630/288/2 625/291/2 631/291/2
f 632/294/2 633/295/2 634/295/2
f 632/294/2 634/295/2 635/294/2
f 636/290/4 637/296/4 638/296/4
f 636/290/4 638/296/4 624/290/4
f 639/297/2 640/297/2 641/294/2
f 639/297/2 641/294/2 642/294/2
f 601/277/1 600/278/1 643/280/1
f 601/277/1 643/280/1 644/279/1
f 645/286/2 620/286/2 610/277/2
f 645/286/2 610/277/2 613/277/2
f 595/274/1 586/267/1 589/263/1
f 595/274/1 589/263/1 596/275/1
f 646/275/14 574/263/14 577/263/14
f 646/275/14 577/263/14 647/275/14
f 648/271/14 570/257/14 573/257/14
f 648/271/14 573/257/14 649/271/14
f 591/270/1 556/254/1 559/257/1
f 591/270/1 559/257/1 592/271/1
f 107/53/1 108/54/1 556/254/1
f 107/53/1 556/254/1 591/270/1
f 649/271/6 573/257/6 650/254/7
f 649/271/6 650/254/7 651/270/7
f 647/275/8 577/263/8 652/267/9
f 647/275/8 652/267/9 653/274/9
f 113/55/1 114/56/1 586/267/1
f 113/55/1 586/267/1 595/274/1
f 115/57/2 116/57/2 620/286/2
f 115/57/2 620/286/2 645/286/2
f 117/58/2 118/58/2 640/297/2
f 117/58/2 640/297/2 639/297/2
f 654/298/4 655/298/4 656/299/4
f 654/298/4 656/299/4 657/299/4
f 636/290/4 624/290/4 623/289/4
f 636/290/4 623/289/4 658/289/4
f 124/61/2 125/61/2 622/288/2
f 124/61/2 622/288/2 630/288/2
f 125/61/5 126/62/5 623/289/5
f 125/61/5 623/289/5 622/288/5
f 659/300/5 616/284/5 615/283/5
f 659/300/5 615/283/5 660/301/5
f 116/57/5 129/65/5 621/287/5
f 116/57/5 621/287/5 620/286/5
f 655/298/5 641/294/5 640/297/5
f 655/298/5 640/297/5 656/299/5
f 130/66/1 618/285/1 547/249/1
f 130/66/1 547/249/1 131/67/1
f 602/279/4 605/279/4 621/287/4
f 602/279/4 621/287/4 661/287/4
f 662/300/4 659/300/4 660/301/4
f 662/300/4 660/301/4 663/301/4
f 135/68/2 136/68/2 615/283/2
f 135/68/2 615/283/2 614/283/2
f 564/253/1 588/264/1 587/268/1
f 564/253/1 587/268/1 565/260/1
f 137/69/1 113/55/1 595/274/1
f 137/69/1 595/274/1 594/273/1
f 580/258/1 558/256/1 557/255/1
f 580/258/1 557/255/1 581/265/1
f 138/70/1 107/53/1 591/270/1
f 138/70/1 591/270/1 590/269/1
f 114/56/1 139/71/1 587/268/1
f 114/56/1 587/268/1 586/267/1
f 550/251/5 549/250/5 664/265/5
f 550/251/5 664/265/5 560/258/5
f 141/72/1 578/250/1 581/265/1
f 141/72/1 581/265/1 142/73/1
f 577/263/10 576/264/10 665/268/11
f 577/263/10 665/268/11 652/267/11
f 144/74/1 562/259/1 565/260/1
f 144/74/1 565/260/1 145/75/1
f 573/257/12 572/256/12 666/255/13
f 573/257/12 666/255/13 650/254/13
f 108/54/1 147/76/1 557/255/1
f 108/54/1 557/255/1 556/254/1
f 148/72/2 149/72/2 549/250/2
f 148/72/2 549/250/2 548/250/2
f 150/77/2 153/77/2 667/302/2
f 150/77/2 667/302/2 668/302/2
f 583/266/5 669/303/5 670/304/5
f 583/266/5 670/304/5 584/246/5
f 584/246/5 670/304/5 671/305/5
f 584/246/5 671/305/5 672/249/5
f 673/306/5 674/307/5 675/308/5
f 673/306/5 675/308/5 676/273/5
f 676/273/5 675/308/5 677/309/5
f 676/273/5 677/309/5 678/276/5
f 679/285/5 680/310/5 681/311/5
f 679/285/5 681/311/5 672/249/5
f 167/69/5 169/89/5 682/312/5
f 167/69/5 682/312/5 676/273/5
f 553/252/5 683/313/5 684/314/5
f 553/252/5 684/314/5 554/253/5
f 554/253/5 684/314/5 685/315/5
f 554/253/5 685/315/5 686/260/5
f 687/316/5 688/317/5 689/318/5
f 687/316/5 689/318/5 690/269/5
f 690/269/5 689/318/5 691/319/5
f 690/269/5 691/319/5 692/272/5
f 693/259/5 694/320/5 695/321/5
f 693/259/5 695/321/5 686/260/5
f 183/70/5 185/100/5 696/322/5
f 183/70/5 696/322/5 690/269/5
f 697/323/3 698/323/3 699/324/3
f 697/323/3 699/324/3 700/324/3
f 701/325/14 702/325/14 703/326/14
f 701/325/14 703/326/14 704/326/14
f 705/327/2 706/327/2 707/328/2
f 705/327/2 707/328/2 708/328/2
f 709/329/14 710/329/14 711/330/14
f 709/329/14 711/330/14 712/330/14
f 202/109/2 205/109/2 713/331/2
f 202/109/2 713/331/2 714/331/2
f 715/332/14 716/332/14 717/333/14
f 715/332/14 717/333/14 718/333/14
f 569/262/4 568/262/4 719/334/4
f 569/262/4 719/334/4 720/334/4
f 721/335/2 722/335/2 723/336/2
f 721/335/2 723/336/2 724/336/2
f 216/116/2 219/116/2 725/337/2
f 216/116/2 725/337/2 726/337/2
f 727/338/3 728/338/3 706/327/3
f 727/338/3 706/327/3 705/327/3
f 712/330/4 711/330/4 729/339/4
f 712/330/4 729/339/4 730/339/4
f 731/340/3 732/340/3 722/335/3
f 731/340/3 722/335/3 721/335/3
f 711/330/15 733/341/15 734/342/15
f 711/330/15 734/342/15 729/339/15
f 735/343/51 736/344/51 737/345/51
f 735/343/51 737/345/51 703/326/51
f 567/261/5 697/323/5 700/324/5
f 567/261/5 700/324/5 568/262/5
f 728/338/5 738/346/5 739/347/5
f 728/338/5 739/347/5 706/327/5
f 706/327/5 739/347/5 740/348/5
f 706/327/5 740/348/5 707/328/5
f 702/325/5 741/349/5 735/343/5
f 702/325/5 735/343/5 703/326/5
f 568/262/17 742/350/17 743/351/17
f 568/262/17 743/351/17 719/334/17
f 205/109/5 238/133/5 744/352/5
f 205/109/5 744/352/5 713/331/5
f 710/329/5 745/353/5 746/354/5
f 710/329/5 746/354/5 711/330/5
f 700/324/52 747/355/52 742/350/52
f 700/324/52 742/350/52 568/262/52
f 732/340/5 748/356/5 749/357/5
f 732/340/5 749/357/5 722/335/5
f 722/335/5 749/357/5 750/358/5
f 722/335/5 750/358/5 723/336/5
f 716/332/5 751/359/5 752/360/5
f 716/332/5 752/360/5 717/333/5
f 219/116/5 248/143/5 753/361/5
f 219/116/5 753/361/5 725/337/5
f 754/362/5 755/363/5 756/364/5
f 754/362/5 756/364/5 757/365/5
f 758/366/5 759/367/5 760/368/5
f 758/366/5 760/368/5 761/369/5
f 741/349/3 762/349/3 763/343/3
f 741/349/3 763/343/3 735/343/3
f 739/347/4 764/347/4 765/348/4
f 739/347/4 765/348/4 740/348/4
f 745/353/3 766/353/3 767/354/3
f 745/353/3 767/354/3 746/354/3
f 238/133/4 264/133/4 768/352/4
f 238/133/4 768/352/4 744/352/4
f 751/359/3 769/359/3 770/360/3
f 751/359/3 770/360/3 752/360/3
f 700/324/2 699/324/2 771/370/2
f 700/324/2 771/370/2 772/370/2
f 749/357/4 773/357/4 774/358/4
f 749/357/4 774/358/4 750/358/4
f 248/143/4 272/143/4 775/361/4
f 248/143/4 775/361/4 753/361/4
f 738/346/14 776/346/14 764/347/14
f 738/346/14 764/347/14 739/347/14
f 746/354/2 767/354/2 777/371/2
f 746/354/2 777/371/2 778/371/2
f 748/356/14 779/356/14 773/357/14
f 748/356/14 773/357/14 749/357/14
f 742/350/53 747/355/53 780/372/53
f 742/350/53 780/372/53 743/351/53
f 733/341/20 781/373/20 782/374/20
f 733/341/20 782/374/20 734/342/20
f 719/334/54 743/351/54 780/372/54
f 719/334/54 780/372/54 772/370/54
f 746/354/55 781/373/55 733/341/55
f 746/354/55 733/341/55 711/330/55
f 752/360/23 783/375/23 784/376/23
f 752/360/23 784/376/23 717/333/23
f 729/339/56 734/342/56 782/374/56
f 729/339/56 782/374/56 778/371/56
f 772/370/24 780/372/24 747/355/24
f 772/370/24 747/355/24 700/324/24
f 282/159/25 283/160/27 736/344/57
f 282/159/25 736/344/57 735/343/57
f 778/371/28 782/374/28 781/373/28
f 778/371/28 781/373/28 746/354/28
f 284/161/29 285/162/29 783/375/58
f 284/161/29 783/375/58 752/360/58
f 772/370/14 771/370/14 785/377/14
f 772/370/14 785/377/14 786/377/14
f 288/164/5 290/166/5 741/349/5
f 288/164/5 741/349/5 787/378/5
f 788/379/5 776/346/5 785/377/5
f 788/379/5 785/377/5 698/323/5
f 789/380/5 787/378/5 741/349/5
f 789/380/5 741/349/5 702/325/5
f 719/334/5 772/370/5 786/377/5
f 719/334/5 786/377/5 790/381/5
f 791/382/5 792/379/5 697/323/5
f 791/382/5 697/323/5 567/261/5
f 720/334/3 719/334/3 790/381/3
f 720/334/3 790/381/3 793/381/3
f 794/380/14 789/380/14 702/325/14
f 794/380/14 702/325/14 701/325/14
f 738/346/5 786/377/5 697/323/5
f 738/346/5 697/323/5 792/379/5
f 673/306/5 795/383/5 680/310/5
f 673/306/5 680/310/5 679/285/5
f 672/249/5 671/305/5 796/384/5
f 672/249/5 796/384/5 679/285/5
f 797/385/5 798/386/5 669/303/5
f 797/385/5 669/303/5 583/266/5
f 302/175/1 799/306/1 618/285/1
f 302/175/1 618/285/1 130/66/1
f 799/306/1 800/385/1 619/266/1
f 799/306/1 619/266/1 618/285/1
f 801/385/14 797/385/14 583/266/14
f 801/385/14 583/266/14 582/266/14
f 802/382/14 791/382/14 567/261/14
f 802/382/14 567/261/14 566/261/14
f 708/328/14 707/328/14 791/382/14
f 708/328/14 791/382/14 802/382/14
f 803/276/14 678/276/14 797/385/14
f 803/276/14 797/385/14 801/385/14
f 594/273/1 597/276/1 800/385/1
f 594/273/1 800/385/1 799/306/1
f 137/69/1 594/273/1 799/306/1
f 137/69/1 799/306/1 302/175/1
f 678/276/5 677/309/5 798/386/5
f 678/276/5 798/386/5 797/385/5
f 676/273/5 682/312/5 795/383/5
f 676/273/5 795/383/5 673/306/5
f 740/348/3 765/348/3 788/379/3
f 740/348/3 788/379/3 792/379/3
f 714/331/14 713/331/14 789/380/14
f 714/331/14 789/380/14 794/380/14
f 707/328/5 740/348/5 792/379/5
f 707/328/5 792/379/5 791/382/5
f 713/331/5 744/352/5 787/378/5
f 713/331/5 787/378/5 789/380/5
f 804/387/5 805/388/5 806/389/5
f 804/387/5 806/389/5 807/390/5
f 744/352/3 768/352/3 808/378/3
f 744/352/3 808/378/3 787/378/3
f 313/164/2 288/164/2 787/378/2
f 313/164/2 787/378/2 808/378/2
f 776/346/2 738/346/2 792/379/2
f 776/346/2 792/379/2 788/379/2
f 790/381/5 786/377/5 738/346/5
f 790/381/5 738/346/5 728/338/5
f 793/381/3 790/381/3 728/338/3
f 793/381/3 728/338/3 727/338/3
f 679/285/5 796/384/5 674/307/5
f 679/285/5 674/307/5 673/306/5
f 778/371/14 777/371/14 809/391/14
f 778/371/14 809/391/14 810/391/14
f 748/356/5 810/391/5 745/353/5
f 748/356/5 745/353/5 811/392/5
f 812/392/5 779/356/5 809/391/5
f 812/392/5 809/391/5 766/353/5
f 813/393/5 814/394/5 751/359/5
f 813/393/5 751/359/5 716/332/5
f 729/339/5 778/371/5 810/391/5
f 729/339/5 810/391/5 815/395/5
f 816/396/5 811/392/5 745/353/5
f 816/396/5 745/353/5 710/329/5
f 730/339/3 729/339/3 815/395/3
f 730/339/3 815/395/3 817/395/3
f 818/393/14 813/393/14 716/332/14
f 818/393/14 716/332/14 715/332/14
f 819/396/14 816/396/14 710/329/14
f 819/396/14 710/329/14 709/329/14
f 687/316/5 820/397/5 694/320/5
f 687/316/5 694/320/5 693/259/5
f 686/260/5 685/315/5 821/398/5
f 686/260/5 821/398/5 693/259/5
f 822/399/5 823/400/5 683/313/5
f 822/399/5 683/313/5 553/252/5
f 329/190/1 824/401/1 562/259/1
f 329/190/1 562/259/1 144/74/1
f 824/401/1 825/399/1 563/252/1
f 824/401/1 563/252/1 562/259/1
f 826/399/14 822/399/14 553/252/14
f 826/399/14 553/252/14 552/252/14
f 827/272/14 692/272/14 822/399/14
f 827/272/14 822/399/14 826/399/14
f 590/269/1 593/272/1 825/399/1
f 590/269/1 825/399/1 824/401/1
f 138/70/1 590/269/1 824/401/1
f 138/70/1 824/401/1 329/190/1
f 692/272/5 691/319/5 823/400/5
f 692/272/5 823/400/5 822/399/5
f 690/269/5 696/322/5 820/397/5
f 690/269/5 820/397/5 687/316/5
f 724/336/14 723/336/14 816/396/14
f 724/336/14 816/396/14 819/396/14
f 726/337/14 725/337/14 813/393/14
f 726/337/14 813/393/14 818/393/14
f 723/336/5 750/358/5 811/392/5
f 723/336/5 811/392/5 816/396/5
f 725/337/5 753/361/5 814/394/5
f 725/337/5 814/394/5 813/393/5
f 828/402/5 829/403/5 830/404/5
f 828/402/5 830/404/5 831/405/5
f 750/358/3 774/358/3 812/392/3
f 750/358/3 812/392/3 811/392/3
f 753/361/3 775/361/3 832/394/3
f 753/361/3 832/394/3 814/394/3
f 779/356/2 748/356/2 811/392/2
f 779/356/2 811/392/2 812/392/2
f 815/395/5 810/391/5 748/356/5
f 815/395/5 748/356/5 732/340/5
f 817/395/3 815/395/3 732/340/3
f 817/395/3 732/340/3 731/340/3
f 693/259/5 821/398/5 688/317/5
f 693/259/5 688/317/5 687/316/5
f 290/166/4 339/166/4 762/349/4
f 290/166/4 762/349/4 741/349/4
f 786/377/4 785/377/4 698/323/4
f 786/377/4 698/323/4 697/323/4
f 810/391/4 809/391/4 766/353/4
f 810/391/4 766/353/4 745/353/4
f 833/247/4 834/247/4 835/248/4
f 833/247/4 835/248/4 836/248/4
f 624/290/5 638/296/5 837/406/5
f 624/290/5 837/406/5 625/291/5
f 153/77/5 346/199/5 838/407/5
f 153/77/5 838/407/5 667/302/5
f 667/302/5 838/407/5 629/292/5
f 667/302/5 629/292/5 606/281/5
f 659/300/5 839/408/5 840/409/5
f 659/300/5 840/409/5 616/284/5
f 626/292/4 629/292/4 838/407/4
f 626/292/4 838/407/4 841/407/4
f 668/302/2 667/302/2 606/281/2
f 668/302/2 606/281/2 609/281/2
f 549/250/5 842/410/5 843/411/5
f 549/250/5 843/411/5 664/265/5
f 149/72/5 352/204/5 842/410/5
f 149/72/5 842/410/5 549/250/5
f 844/412/3 845/412/3 846/413/3
f 844/412/3 846/413/3 847/413/3
f 357/207/2 358/207/2 845/412/2
f 357/207/2 845/412/2 844/412/2
f 359/208/2 362/208/2 848/414/2
f 359/208/2 848/414/2 849/414/2
f 848/414/59 846/413/60 845/412/33
f 848/414/59 845/412/33 850/415/32
f 362/208/35 364/211/35 846/413/60
f 362/208/35 846/413/60 848/414/59
f 849/414/14 848/414/14 850/415/14
f 849/414/14 850/415/14 851/415/14
f 852/416/14 853/295/14 854/295/14
f 852/416/14 854/295/14 855/416/14
f 599/278/14 856/280/14 643/280/14
f 599/278/14 643/280/14 600/278/14
f 857/408/14 858/409/14 859/409/14
f 857/408/14 859/409/14 860/408/14
f 861/406/14 862/296/14 863/296/14
f 861/406/14 863/296/14 864/406/14
f 859/409/14 840/409/14 839/408/14
f 859/409/14 839/408/14 860/408/14
f 854/295/14 865/295/14 866/416/14
f 854/295/14 866/416/14 855/416/14
f 867/406/14 837/406/14 638/296/14
f 867/406/14 638/296/14 637/296/14
f 612/278/14 611/278/14 604/280/14
f 612/278/14 604/280/14 603/280/14
f 868/282/14 869/293/14 870/293/14
f 868/282/14 870/293/14 871/282/14
f 608/282/14 607/282/14 628/293/14
f 608/282/14 628/293/14 627/293/14
f 872/279/4 873/280/4 603/280/4
f 872/279/4 603/280/4 602/279/4
f 874/281/2 868/282/2 871/282/2
f 874/281/2 871/282/2 875/281/2
f 662/300/4 860/408/4 839/408/4
f 662/300/4 839/408/4 659/300/4
f 876/300/4 857/408/4 860/408/4
f 876/300/4 860/408/4 662/300/4
f 616/284/2 840/409/2 859/409/2
f 616/284/2 859/409/2 617/284/2
f 877/284/1 878/409/1 879/408/1
f 877/284/1 879/408/1 880/300/1
f 881/284/2 882/409/2 878/409/2
f 881/284/2 878/409/2 877/284/2
f 883/291/1 864/406/1 863/296/1
f 883/291/1 863/296/1 884/290/1
f 885/291/2 861/406/2 864/406/2
f 885/291/2 864/406/2 883/291/2
f 629/292/5 628/293/5 607/282/5
f 629/292/5 607/282/5 606/281/5
f 875/281/1 871/282/1 870/293/1
f 875/281/1 870/293/1 886/292/1
f 625/291/2 837/406/2 867/406/2
f 625/291/2 867/406/2 631/291/2
f 887/290/4 888/296/4 637/296/4
f 887/290/4 637/296/4 636/290/4
f 655/298/5 866/416/5 865/295/5
f 655/298/5 865/295/5 641/294/5
f 654/298/4 855/416/4 866/416/4
f 654/298/4 866/416/4 655/298/4
f 605/279/5 604/280/5 611/278/5
f 605/279/5 611/278/5 610/277/5
f 635/294/1 634/295/1 889/416/1
f 635/294/1 889/416/1 890/298/1
f 641/294/2 865/295/2 854/295/2
f 641/294/2 854/295/2 642/294/2
f 891/298/4 852/416/4 855/416/4
f 891/298/4 855/416/4 654/298/4
f 892/292/4 893/293/4 627/293/4
f 892/292/4 627/293/4 626/292/4
f 886/292/4 870/293/4 869/293/4
f 886/292/4 869/293/4 894/292/4
f 894/292/4 869/293/4 895/293/4
f 894/292/4 895/293/4 896/292/4
f 896/292/4 895/293/4 893/293/4
f 896/292/4 893/293/4 892/292/4
f 890/298/4 889/416/4 897/416/61
f 890/298/4 897/416/61 898/298/61
f 898/298/61 897/416/61 899/416/61
f 898/298/61 899/416/61 900/298/62
f 900/298/62 899/416/61 852/416/4
f 900/298/62 852/416/4 891/298/4
f 884/290/4 863/296/4 862/296/63
f 884/290/4 862/296/63 901/290/63
f 901/290/63 862/296/63 902/296/63
f 901/290/63 902/296/63 903/290/64
f 903/290/64 902/296/63 888/296/4
f 903/290/64 888/296/4 887/290/4
f 631/291/2 867/406/2 904/406/65
f 631/291/2 904/406/65 905/291/65
f 905/291/65 904/406/65 906/406/65
f 905/291/65 906/406/65 907/291/65
f 907/291/65 906/406/65 861/406/2
f 907/291/65 861/406/2 885/291/2
f 617/284/2 859/409/2 858/409/66
f 617/284/2 858/409/66 908/284/66
f 908/284/66 858/409/66 909/409/67
f 908/284/66 909/409/67 910/284/66
f 910/284/66 909/409/67 882/409/2
f 910/284/66 882/409/2 881/284/2
f 880/300/4 879/408/4 911/408/68
f 880/300/4 911/408/68 912/300/68
f 912/300/68 911/408/68 913/408/68
f 912/300/68 913/408/68 914/300/69
f 914/300/69 913/408/68 857/408/4
f 914/300/69 857/408/4 876/300/4
f 609/281/2 608/282/2 915/282/2
f 609/281/2 915/282/2 916/281/2
f 916/281/2 915/282/2 917/282/2
f 916/281/2 917/282/2 918/281/2
f 918/281/2 917/282/2 868/282/2
f 918/281/2 868/282/2 874/281/2
f 644/279/4 643/280/4 856/280/70
f 644/279/4 856/280/70 919/279/70
f 919/279/70 856/280/70 920/280/70
f 919/279/70 920/280/70 921/279/71
f 921/279/71 920/280/70 873/280/4
f 921/279/71 873/280/4 872/279/4
f 608/282/14 627/293/14 893/293/14
f 608/282/14 893/293/14 915/282/14
f 915/282/14 893/293/14 895/293/14
f 915/282/14 895/293/14 917/282/14
f 917/282/14 895/293/14 869/293/14
f 917/282/14 869/293/14 868/282/14
f 867/406/14 637/296/14 888/296/14
f 867/406/14 888/296/14 904/406/14
f 904/406/14 888/296/14 902/296/14
f 904/406/14 902/296/14 906/406/14
f 906/406/14 902/296/14 862/296/14
f 906/406/14 862/296/14 861/406/14
f 879/408/14 878/409/14 882/409/14
f 879/408/14 882/409/14 911/408/14
f 911/408/14 882/409/14 909/409/14
f 911/408/14 909/409/14 913/408/14
f 913/408/14 909/409/14 858/409/14
f 913/408/14 858/409/14 857/408/14
f 612/278/14 603/280/14 873/280/14
f 612/278/14 873/280/14 922/278/14
f 922/278/14 873/280/14 920/280/14
f 922/278/14 920/280/14 923/278/14
f 923/278/14 920/280/14 856/280/14
f 923/278/14 856/280/14 599/278/14
f 889/416/14 634/295/14 633/295/14
f 889/416/14 633/295/14 897/416/14
f 897/416/14 633/295/14 924/295/14
f 897/416/14 924/295/14 899/416/14
f 899/416/14 924/295/14 853/295/14
f 899/416/14 853/295/14 852/416/14
f 545/247/4 925/247/4 926/248/4
f 545/247/4 926/248/4 546/248/4
f 925/247/4 927/247/4 928/248/4
f 925/247/4 928/248/4 926/248/4
f 927/247/4 833/247/4 836/248/4
f 927/247/4 836/248/4 928/248/4
f 593/272/14 929/272/14 930/399/14
f 593/272/14 930/399/14 825/399/14
f 929/272/14 931/272/14 932/399/14
f 929/272/14 932/399/14 930/399/14
f 931/272/14 827/272/14 826/399/14
f 931/272/14 826/399/14 932/399/14
f 825/399/14 930/399/14 933/252/14
f 825/399/14 933/252/14 563/252/14
f 930/399/14 932/399/14 934/252/14
f 930/399/14 934/252/14 933/252/14
f 932/399/14 826/399/14 552/252/14
f 932/399/14 552/252/14 934/252/14
f 597/276/14 935/276/14 936/385/14
f 597/276/14 936/385/14 800/385/14
f 935/276/14 937/276/14 938/385/14
f 935/276/14 938/385/14 936/385/14
f 937/276/14 803/276/14 801/385/14
f 937/276/14 801/385/14 938/385/14
f 800/385/14 936/385/14 939/266/14
f 800/385/14 939/266/14 619/266/14
f 936/385/14 938/385/14 940/266/14
f 936/385/14 940/266/14 939/266/14
f 938/385/14 801/385/14 582/266/14
f 938/385/14 582/266/14 940/266/14
f 141/72/2 456/72/2 941/250/2
f 141/72/2 941/250/2 578/250/2
f 456/72/2 458/72/2 942/250/2
f 456/72/2 942/250/2 941/250/2
f 458/72/2 148/72/2 548/250/2
f 458/72/2 548/250/2 942/250/2
f 592/271/14 559/257/14 943/257/14
f 592/271/14 943/257/14 944/271/14
f 944/271/14 943/257/14 945/257/14
f 944/271/14 945/257/14 946/271/14
f 946/271/14 945/257/14 570/257/14
f 946/271/14 570/257/14 648/271/14
f 596/275/14 589/263/14 947/263/14
f 596/275/14 947/263/14 948/275/14
f 948/275/14 947/263/14 949/263/14
f 948/275/14 949/263/14 950/275/14
f 950/275/14 949/263/14 574/263/14
f 950/275/14 574/263/14 646/275/14
f 642/294/2 854/295/2 853/295/72
f 642/294/2 853/295/72 951/294/72
f 951/294/72 853/295/72 924/295/73
f 951/294/72 924/295/73 952/294/72
f 952/294/72 924/295/73 633/295/2
f 952/294/72 633/295/2 632/294/2
f 613/277/2 612/278/2 922/278/74
f 613/277/2 922/278/74 953/277/74
f 953/277/74 922/278/74 923/278/75
f 953/277/74 923/278/75 954/277/74
f 954/277/74 923/278/75 599/278/2
f 954/277/74 599/278/2 598/277/2
f 619/266/14 939/266/14 955/246/14
f 619/266/14 955/246/14 544/246/14
f 939/266/14 940/266/14 956/246/14
f 939/266/14 956/246/14 955/246/14
f 940/266/14 582/266/14 585/246/14
f 940/266/14 585/246/14 956/246/14
f 589/263/14 588/264/14 957/264/14
f 589/263/14 957/264/14 947/263/14
f 947/263/14 957/264/14 958/264/14
f 947/263/14 958/264/14 949/263/14
f 949/263/14 958/264/14 575/264/14
f 949/263/14 575/264/14 574/263/14
f 559/257/14 558/256/14 959/256/14
f 559/257/14 959/256/14 943/257/14
f 943/257/14 959/256/14 960/256/14
f 943/257/14 960/256/14 945/257/14
f 945/257/14 960/256/14 571/256/14
f 945/257/14 571/256/14 570/257/14
f 579/251/14 961/251/14 962/258/14
f 579/251/14 962/258/14 580/258/14
f 961/251/14 963/251/14 964/258/14
f 961/251/14 964/258/14 962/258/14
f 963/251/14 551/251/14 561/258/14
f 963/251/14 561/258/14 964/258/14
f 563/252/14 933/252/14 965/253/14
f 563/252/14 965/253/14 564/253/14
f 933/252/14 934/252/14 966/253/14
f 933/252/14 966/253/14 965/253/14
f 934/252/14 552/252/14 555/253/14
f 934/252/14 555/253/14 966/253/14
f 578/250/2 941/250/2 961/251/2
f 578/250/2 961/251/2 579/251/2
f 941/250/2 942/250/2 963/251/2
f 941/250/2 963/251/2 961/251/2
f 942/250/2 548/250/2 551/251/2
f 942/250/2 551/251/2 963/251/2
f 928/248/4 836/248/4 486/213/4
f 928/248/4 486/213/4 485/213/4
f 926/248/4 928/248/4 485/213/4
f 926/248/4 485/213/4 487/213/4
f 850/415/32 845/412/33 358/207/36
f 850/415/32 358/207/36 488/214/36
f 967/417/5 492/218/5 491/217/5
f 967/417/5 491/217/5 968/418/5
f 847/413/4 846/413/4 364/211/4
f 847/413/4 364/211/4 493/211/4
f 851/415/4 850/415/4 488/214/4
f 851/415/4 488/214/4 494/214/4
f 546/248/4 926/248/4 487/213/4
f 546/248/4 487/213/4 495/213/4
f 836/248/4 835/248/4 496/213/4
f 836/248/4 496/213/4 486/213/4
f 841/407/4 838/407/4 346/199/4
f 841/407/4 346/199/4 497/199/4
f 751/359/5 814/394/5 499/220/5
f 751/359/5 499/220/5 498/219/5
f 814/394/2 832/394/2 500/220/2
f 814/394/2 500/220/2 499/220/2
f 832/394/5 500/220/5 501/219/5
f 832/394/5 501/219/5 769/359/5
f 769/359/4 751/359/4 498/219/4
f 769/359/4 498/219/4 501/219/4
f 808/378/5 313/164/5 339/166/5
f 808/378/5 339/166/5 762/349/5
f 784/376/37 783/375/37 285/162/38
f 784/376/37 285/162/38 502/221/38
f 737/345/39 736/344/39 283/160/40
f 737/345/39 283/160/40 503/222/40
f 969/419/5 507/226/5 506/225/5
f 969/419/5 506/225/5 970/420/5
f 971/421/5 511/230/5 510/229/5
f 971/421/5 510/229/5 972/422/5
f 973/423/5 515/234/5 514/233/5
f 973/423/5 514/233/5 974/424/5
f 975/425/5 519/238/5 518/237/5
f 975/425/5 518/237/5 976/426/5
f 752/360/2 770/360/2 520/161/2
f 752/360/2 520/161/2 284/161/2
f 735/343/2 763/343/2 521/159/2
f 735/343/2 521/159/2 282/159/2
f 717/333/76 784/376/76 502/221/43
f 717/333/76 502/221/43 522/239/42
f 703/326/77 737/345/77 503/222/46
f 703/326/77 503/222/46 523/240/45
f 718/333/4 717/333/4 522/239/4
f 718/333/4 522/239/4 524/239/4
f 704/326/4 703/326/4 523/240/4
f 704/326/4 523/240/4 525/240/4
f 660/301/5 615/283/5 136/68/5
f 660/301/5 136/68/5 526/241/5
f 656/299/5 640/297/5 118/58/5
f 656/299/5 118/58/5 527/242/5
f 658/289/4 623/289/4 126/62/4
f 658/289/4 126/62/4 528/62/4
f 652/267/11 665/268/11 530/71/47
f 652/267/11 530/71/47 529/56/47
f 686/260/5 695/321/5 532/243/5
f 686/260/5 532/243/5 531/75/5
f 653/274/9 652/267/9 529/56/48
f 653/274/9 529/56/48 533/55/48
f 663/301/4 660/301/4 526/241/4
f 663/301/4 526/241/4 534/241/4
f 661/287/4 621/287/4 129/65/4
f 661/287/4 129/65/4 535/65/4
f 650/254/13 666/255/13 537/76/49
f 650/254/13 537/76/49 536/54/49
f 664/265/5 843/411/5 539/244/5
f 664/265/5 539/244/5 538/73/5
f 651/270/7 650/254/7 536/54/50
f 651/270/7 536/54/50 540/53/50
f 657/299/4 656/299/4 527/242/4
f 657/299/4 527/242/4 541/242/4
f 565/260/1 587/268/1 139/71/1
f 565/260/1 139/71/1 145/75/1
f 581/265/1 557/255/1 147/76/1
f 581/265/1 147/76/1 142/73/1
f 547/249/1 546/248/1 495/213/1
f 547/249/1 495/213/1 131/67/1
f 672/249/5 681/311/5 543/245/5
f 672/249/5 543/245/5 542/67/5
f 977/329/14 978/329/14 979/330/14
f 977/329/14 979/330/14 980/330/14
f 981/335/2 982/335/2 983/336/2
f 981/335/2 983/336/2 984/336/2
f 980/330/4 979/330/4 985/339/4
f 980/330/4 985/339/4 986/339/4
f 987/340/3 988/340/3 982/335/3
f 987/340/3 982/335/3 981/335/3
f 979/330/78 989/341/78 990/342/78
f 979/330/78 990/342/78 985/339/78
f 978/329/5 991/353/5 992/354/5
f 978/329/5 992/354/5 979/330/5
f 988/340/5 993/356/5 994/357/79
f 988/340/5 994/357/79 982/335/80
f 982/335/80 994/357/79 995/358/81
f 982/335/80 995/358/81 983/336/80
f 996/366/5 997/367/5 998/368/5
f 996/366/5 998/368/5 999/369/5
f 991/353/3 1000/353/3 1001/354/3
f 991/353/3 1001/354/3 992/354/3
f 994/357/4 1002/357/4 1003/358/4
f 994/357/4 1003/358/4 995/358/4
f 992/354/2 1001/354/2 1004/371/2
f 992/354/2 1004/371/2 1005/371/2
f 993/356/14 1006/356/14 1002/357/14
f 993/356/14 1002/357/14 994/357/14
f 989/341/82 1007/373/82 1008/374/82
f 989/341/82 1008/374/82 990/342/82
f 992/354/83 1007/373/83 989/341/83
f 992/354/83 989/341/83 979/330/83
f 985/339/84 990/342/84 1008/374/84
f 985/339/84 1008/374/84 1005/371/84
f 1005/371/85 1008/374/85 1007/373/85
f 1005/371/85 1007/373/85 992/354/85
f 1005/371/14 1004/371/14 1009/391/14
f 1005/371/14 1009/391/14 1010/391/14
f 993/356/5 1010/391/5 991/353/5
f 993/356/5 991/353/5 1011/392/5
f 1012/392/5 1006/356/5 1009/391/5
f 1012/392/5 1009/391/5 1000/353/5
f 985/339/5 1005/371/5 1010/391/5
f 985/339/5 1010/391/5 1013/395/5
f 1014/396/5 1011/392/5 991/353/5
f 1014/396/5 991/353/5 978/329/5
f 986/339/3 985/339/3 1013/395/3
f 986/339/3 1013/395/3 1015/395/3
f 1016/396/14 1014/396/14 978/329/14
f 1016/396/14 978/329/14 977/329/14
f 984/336/14 983/336/14 1014/396/14
f 984/336/14 1014/396/14 1016/396/14
f 983/336/80 995/358/81 1011/392/5
f 983/336/80 1011/392/5 1014/396/5
f 1017/402/5 1018/403/5 1019/404/5
f 1017/402/5 1019/404/5 1020/405/5
f 995/358/3 1003/358/3 1012/392/3
f 995/358/3 1012/392/3 1011/392/3
f 1006/356/2 993/356/2 1011/392/2
f 1006/356/2 1011/392/2 1012/392/2
f 1013/395/5 1010/391/5 993/356/5
f 1013/395/5 993/356/5 988/340/5
f 1015/395/3 1013/395/3 988/340/3
f 1015/395/3 988/340/3 987/340/3
f 1010/391/4 1009/391/4 1000/353/4
f 1010/391/4 1000/353/4 991/353/4
f 1021/329/14 1022/329/14 1023/330/14
f 1021/329/14 1023/330/14 1024/330/14
f 1025/335/2 1026/335/2 1027/336/2
f 1025/335/2 1027/336/2 1028/336/2
f 1024/330/4 1023/330/4 1029/339/4
f 1024/330/4 1029/339/4 1030/339/4
f 1031/340/3 1032/340/3 1026/335/3
f 1031/340/3 1026/335/3 1025/335/3
f 1023/330/78 1033/341/78 1034/342/78
f 1023/330/78 1034/342/78 1029/339/78
f 1022/329/5 1035/353/5 1036/354/5
f 1022/329/5 1036/354/5 1023/330/5
f 1032/340/5 1037/356/5 1038/357/86
f 1032/340/5 1038/357/86 1026/335/87
f 1026/335/87 1038/357/86 1039/358/86
f 1026/335/87 1039/358/86 1027/336/87
f 1040/366/5 1041/367/5 1042/368/5
f 1040/366/5 1042/368/5 1043/369/5
f 1035/353/3 1044/353/3 1045/354/3
f 1035/353/3 1045/354/3 1036/354/3
f 1038/357/4 1046/357/4 1047/358/4
f 1038/357/4 1047/358/4 1039/358/4
f 1036/354/2 1045/354/2 1048/371/2
f 1036/354/2 1048/371/2 1049/371/2
f 1037/356/14 1050/356/14 1046/357/14
f 1037/356/14 1046/357/14 1038/357/14
f 1033/341/82 1051/373/82 1052/374/82
f 1033/341/82 1052/374/82 1034/342/82
f 1036/354/88 1051/373/88 1033/341/88
f 1036/354/88 1033/341/88 1023/330/88
f 1029/339/89 1034/342/89 1052/374/89
f 1029/339/89 1052/374/89 1049/371/89
f 1049/371/90 1052/374/90 1051/373/90
f 1049/371/90 1051/373/90 1036/354/90
f 1049/371/14 1048/371/14 1053/391/14
f 1049/371/14 1053/391/14 1054/391/14
f 1037/356/5 1054/391/5 1035/353/5
f 1037/356/5 1035/353/5 1055/392/5
f 1056/392/5 1050/356/5 1053/391/5
f 1056/392/5 1053/391/5 1044/353/5
f 1029/339/5 1049/371/5 1054/391/5
f 1029/339/5 1054/391/5 1057/395/5
f 1058/396/5 1055/392/5 1035/353/5
f 1058/396/5 1035/353/5 1022/329/5
f 1030/339/3 1029/339/3 1057/395/3
f 1030/339/3 1057/395/3 1059/395/3
f 1060/396/14 1058/396/14 1022/329/14
f 1060/396/14 1022/329/14 1021/329/14
f 1028/336/14 1027/336/14 1058/396/14
f 1028/336/14 1058/396/14 1060/396/14
f 1027/336/87 1039/358/86 1055/392/5
f 1027/336/87 1055/392/5 1058/396/5
f 1061/402/5 1062/403/5 1063/404/5
f 1061/402/5 1063/404/5 1064/405/5
f 1039/358/3 1047/358/3 1056/392/3
f 1039/358/3 1056/392/3 1055/392/3
f 1050/356/2 1037/356/2 1055/392/2
f 1050/356/2 1055/392/2 1056/392/2
f 1057/395/5 1054/391/5 1037/356/5
f 1057/395/5 1037/356/5 1032/340/5
f 1059/395/3 1057/395/3 1032/340/3
f 1059/395/3 1032/340/3 1031/340/3
f 1054/391/4 1053/391/4 1044/353/4
f 1054/391/4 1044/353/4 1035/353/4
f 1065/1/3 454/21/3 1066/173/3
f 1065/1/3 1066/173/3 305/173/3
# Vertices: 1066, normals: 90, texture coordinates: 426, faces: 1588

o obj2
v 2.26937441 1.44528181 4.66337736
v 2.26937443 1.54692784 4.66337736
v 1.47310596 1.54692799 4.66337721
v 1.47310596 1.51617584 4.66337721
v 1.47310627 1.51163516 3.06337718
v 1.47310627 1.54692799 3.06337718
v 1.47310635 1.54692799 2.66337721
v 1.47310633 1.42487702 2.66337721
v 2.26937482 1.54692784 2.66337736
v 2.26937478 1.38405066 2.66337736
v 2.26937447 1.35398299 4.26337739
v 2.2693745 1.54692784 4.26337739
v 2.26937472 1.4708088 3.06337734
v 2.26937474 1.54692784 3.06337734
v 2.26845011 1.59585957 2.66337736
v 2.26845004 1.59585957 3.06337734
v 1.47403108 1.65009898 2.66337721
v 1.48536406 1.78711248 2.66337721
v 2.27045102 1.65413761 2.66337736
v 1.47310604 1.54692799 4.26337723
v 1.4740307 1.65009898 4.66337721
v 1.47403077 1.65009898 4.26337723
v 2.26844972 1.59585957 4.66337736
v 1.48536375 1.78711248 4.26337723
v 1.48536367 1.78711248 4.66337721
v 2.27045063 1.65413761 4.66337736
v 2.27045071 1.65413761 4.26337739
v 2.27045094 1.65413761 3.06337734
v 1.47403101 1.65009898 3.06337718
v 1.48536398 1.78711248 3.06337719
v 1.47403093 1.65009898 3.46337719
v 1.48536391 1.78711248 3.46337719
v 1.47403085 1.65009898 3.86337723
v 1.48536383 1.78711248 3.86337723
v 2.2684498 1.59585957 4.26337739
v 2.2684498 1.59585957 4.26337739
v 2.26844988 1.59585957 3.86337738
v 2.27045079 1.65413761 3.86337738
v 2.27045071 1.65413761 4.26337739
v 2.26844988 1.59585957 3.86337738
v 2.26844996 1.59585957 3.46337734
v 2.27045087 1.65413761 3.46337734
v 2.27045079 1.65413761 3.86337738
v 2.26844996 1.59585957 3.46337734
v 2.26845004 1.59585957 3.06337734
v 2.27045094 1.65413761 3.06337734
v 2.27045087 1.65413761 3.46337734
v 1.48536398 1.78711248 3.06337719
v 1.48536391 1.78711248 3.46337719
v 1.48536383 1.78711248 3.86337723
v 1.48536375 1.78711248 4.26337723
v 1.4731062 1.54692799 3.46337719
v 1.47310612 1.54692799 3.86337723
v 2.2693745 1.54692784 4.26337739
v 2.26937458 1.54692784 3.86337738
v 2.26937458 1.54692784 3.86337738
v 2.26937466 1.54692784 3.46337734
v 2.26937466 1.54692784 3.46337734
v 2.26937474 1.54692784 3.06337734
v 1.47310602 1.42487702 4.26337723
v 1.47310602 1.42487702 4.26337723
v 1.47310611 1.48406825 3.86337723
v 2.26937456 1.45209211 3.86337738
v 2.26937447 1.35398299 4.26337739
v 1.47310611 1.48406825 3.86337723
v 1.47310617 1.42487702 3.46337719
v 2.26937463 1.39290088 3.46337734
v 2.26937456 1.45209211 3.86337738
v 1.47310617 1.42487702 3.46337719
v 1.47310627 1.51163516 3.06337718
v 2.26937472 1.4708088 3.06337734
v 2.26937463 1.39290088 3.46337734
vn -1 0 0
vn 0 1 0
vn 0 1 0.00069
vn 1 0 0
vn 0 -1 0
vn 0 -1 0.00145
vn 0 -1 0.00145
vn -0.9587 0.09023 -0.26974
vn 0 -1 -0.00118
vn 0 -1 -0.00118
vn 0 1 0.00069
vn 0 0.99998 0.00703
vn 0 0.99998 0.00703
vn 0 -0.74146 0.67099
vn 0 -0.99999 -0.00526
vn 0 -0.99999 -0.00526
vn 0 0.99992 0.01268
vn 0 0.99992 0.01268
vn 0 0.99998 0.00703
vn 0 -1 -0.00118
vn 0 -0.99999 -0.00526
vn 0 -0.74146 0.67099
vn -0.95537 0.14837 -0.25543
vn 0.94769 0.12395 -0.29413
vn -0.9199 0.09939 -0.37936
vn 0.95532 0.08447 -0.28324
vt 0.39284 0.29476
vt 0.39284 0.25912
vt 0.46444 0.25912
vt 0.48234 0.25912
vt 0.48234 0.29476
vt 0.41074 0.29476
vt 0.46444 0.29476
vt 0.48234 0.29472
vt 0.46444 0.29472
vt 0.48234 0.25917
vt 0.48234 0.25967
vt 0.48234 0.29481
vt 0.41074 0.25912
vt 0.39284 0.25917
vt 0.41074 0.25917
vt 0.39284 0.29472
vt 0.41074 0.25967
vt 0.39284 0.25967
vt 0.39284 0.29481
vt 0.41074 0.29481
vt 0.46444 0.29481
vt 0.46444 0.25917
vt 0.46444 0.25967
vt 0.44654 0.25917
vt 0.44654 0.25967
vt 0.42864 0.25917
vt 0.42864 0.25967
vt 0.41074 0.29472
vt 0.53341 0.30905
vt 0.55131 0.30905
vt 0.55131 0.30914
vt 0.53341 0.30914
vt 0.42864 0.29472
vt 0.44654 0.29472
vt 0.44654 0.29481
vt 0.42864 0.29481
vt 0.56921 0.30905
vt 0.58711 0.30905
vt 0.58711 0.30914
vt 0.56921 0.30914
vt 0.58711 0.27401
vt 0.56921 0.27401
vt 0.55131 0.27401
vt 0.53341 0.27401
vt 0.44654 0.25912
vt 0.42864 0.25912
vt 0.53341 0.30909
vt 0.55131 0.30909
vt 0.42864 0.29476
vt 0.44654 0.29476
vt 0.56921 0.30909
vt 0.58711 0.30909
vt 0.53341 0.27346
vt 0.55131 0.27346
vt 0.56921 0.27346
vt 0.58711 0.27346
usemtl mat0
f 1067/427/91 1068/427/91 1069/428/91
f 1067/427/91 1069/428/91 1070/428/91
f 1071/429/92 1072/429/93 1073/430/93
f 1071/429/92 1073/430/93 1074/430/92
f 1074/430/94 1073/430/94 1075/431/94
f 1074/430/94 1075/431/94 1076/431/94
f 1077/432/95 1078/432/96 1068/427/97
f 1077/432/95 1068/427/97 1067/427/95
f 1071/429/98 1074/430/98 1076/431/98
f 1071/429/98 1076/431/98 1079/433/98
f 1080/433/97 1075/431/96 1081/434/99
f 1080/433/97 1081/434/99 1082/435/100
f 1081/434/94 1083/436/94 1084/437/94
f 1081/434/94 1084/437/94 1085/438/94
f 1086/439/101 1069/428/93 1087/440/102
f 1086/439/101 1087/440/102 1088/441/103
f 1075/431/94 1073/430/94 1083/436/94
f 1075/431/94 1083/436/94 1081/434/94
f 1069/428/91 1068/427/91 1089/442/91
f 1069/428/91 1089/442/91 1087/440/91
f 1090/443/104 1091/444/104 1092/445/104
f 1090/443/104 1092/445/104 1093/446/104
f 1087/440/91 1089/442/91 1092/445/91
f 1087/440/91 1092/445/91 1091/444/91
f 1082/435/100 1081/434/99 1085/438/105
f 1082/435/100 1085/438/105 1094/447/106
f 1088/441/103 1087/440/102 1091/444/107
f 1088/441/103 1091/444/107 1090/443/108
f 1083/436/102 1095/448/102 1096/449/108
f 1083/436/102 1096/449/108 1084/437/107
f 1095/448/102 1097/450/102 1098/451/108
f 1095/448/102 1098/451/108 1096/449/108
f 1097/450/102 1099/452/109 1100/453/108
f 1097/450/102 1100/453/108 1098/451/108
f 1099/452/109 1088/441/103 1090/443/108
f 1099/452/109 1090/443/108 1100/453/108
f 1089/442/99 1101/454/100 1093/446/106
f 1089/442/99 1093/446/106 1092/445/105
f 1102/455/100 1103/456/110 1104/457/111
f 1102/455/100 1104/457/111 1105/458/106
f 1106/459/110 1107/460/110 1108/461/111
f 1106/459/110 1108/461/111 1109/462/111
f 1110/463/110 1111/464/100 1112/465/106
f 1110/463/110 1112/465/106 1113/466/111
f 1084/437/104 1096/449/104 1094/447/104
f 1084/437/104 1094/447/104 1085/438/104
f 1114/467/104 1115/468/112 1113/466/112
f 1114/467/104 1113/466/112 1112/465/104
f 1098/451/112 1100/453/112 1109/462/112
f 1098/451/112 1109/462/112 1108/461/112
f 1116/469/112 1117/470/104 1105/458/104
f 1116/469/112 1105/458/104 1104/457/112
f 1073/430/93 1072/429/93 1095/448/102
f 1073/430/93 1095/448/102 1083/436/102
f 1072/429/93 1118/471/93 1097/450/102
f 1072/429/93 1097/450/102 1095/448/102
f 1118/471/93 1119/472/93 1099/452/109
f 1118/471/93 1099/452/109 1097/450/102
f 1119/472/93 1086/439/101 1088/441/103
f 1119/472/93 1088/441/103 1099/452/109
f 1068/427/97 1078/432/96 1101/454/100
f 1068/427/97 1101/454/100 1089/442/99
f 1120/473/96 1121/474/97 1103/456/110
f 1120/473/96 1103/456/110 1102/455/100
f 1122/475/97 1123/476/97 1107/460/110
f 1122/475/97 1107/460/110 1106/459/110
f 1124/477/97 1125/478/97 1111/464/100
f 1124/477/97 1111/464/100 1110/463/110
f 1070/428/113 1126/439/113 1077/432/113
f 1070/428/113 1077/432/113 1067/427/113
f 1127/479/114 1128/480/114 1129/474/114
f 1127/479/114 1129/474/114 1130/473/114
f 1131/472/115 1132/471/115 1133/476/115
f 1131/472/115 1133/476/115 1134/475/115
f 1135/481/116 1136/482/116 1137/478/116
f 1135/481/116 1137/478/116 1138/477/116
f 1076/431/95 1075/431/96 1080/433/97
f 1076/431/95 1080/433/97 1079/433/95
f 1137/478/95 1125/478/97 1124/477/97
f 1137/478/95 1124/477/97 1138/477/95
f 1133/476/95 1123/476/97 1122/475/97
f 1133/476/95 1122/475/97 1134/475/95
f 1129/474/95 1121/474/97 1120/473/96
f 1129/474/95 1120/473/96 1130/473/95
f 1070/428/92 1069/428/93 1086/439/101
f 1070/428/92 1086/439/101 1126/439/92
f 1126/439/92 1086/439/101 1119/472/93
f 1126/439/92 1119/472/93 1131/472/92
f 1131/472/92 1119/472/93 1118/471/93
f 1131/472/92 1118/471/93 1132/471/92
f 1132/471/92 1118/471/93 1072/429/93
f 1132/471/92 1072/429/93 1071/429/92
# Vertices: 72, normals: 26, texture coordinates: 56, faces: 92

