# Blender 4.3.0
# www.blender.org
mtllib Fence2.mtl
o PoleStyle1Low.004
v -6.779912 -0.005955 -6.521465
v -6.726754 -0.005955 -6.148158
v -6.779907 3.097248 -6.521467
v -6.726751 3.097248 -6.148160
v -6.409730 3.097247 -6.611365
v -6.357548 3.097248 -6.237922
v -6.409734 -0.005955 -6.611364
v -6.357551 -0.005955 -6.237920
v -6.753333 -0.005955 -6.334813
v -6.383643 -0.005955 -6.424644
v -6.383639 3.097248 -6.424644
v -6.753330 3.097248 -6.334815
v -6.594820 3.097248 -6.566418
v -6.568484 3.321684 -6.379731
v -6.542150 3.097248 -6.193042
v -6.542153 -0.005955 -6.193041
v -6.568488 -0.005955 -6.379730
v -6.594822 -0.005955 -6.566417
v -5.808175 0.005777 -6.635469
v -6.177793 0.005778 -6.545691
v -5.808171 3.035135 -6.635471
v -6.177789 3.035135 -6.545692
v -5.799013 3.035135 -6.567890
v -6.168455 3.035135 -6.478134
v -5.799016 0.005777 -6.567888
v -6.168458 0.005778 -6.478134
v -5.992982 0.005777 -6.590581
v -5.983736 0.005777 -6.523012
v -5.983732 3.323531 -6.523013
v -5.992980 3.323531 -6.590583
v -3.276105 0.005774 -7.250248
v -3.645726 0.005774 -7.160533
v -3.276102 3.035132 -7.250249
v -3.645722 3.035132 -7.160534
v -3.268152 3.035132 -7.182514
v -3.637596 3.035132 -7.092821
v -3.268156 0.005774 -7.182514
v -3.637599 0.005774 -7.092820
v -3.460915 0.005774 -7.205391
v -3.452877 0.005774 -7.137669
v -3.452873 3.323528 -7.137669
v -3.460911 3.323528 -7.205392
v -4.542148 0.005776 -6.942913
v -4.911765 0.005776 -6.853167
v -4.542144 3.035133 -6.942913
v -4.911762 3.035134 -6.853168
v -4.533590 3.035134 -6.875253
v -4.903030 3.035134 -6.785530
v -4.533593 0.005776 -6.875253
v -4.903033 0.005776 -6.785529
v -4.726956 0.005775 -6.898041
v -4.718313 0.005776 -6.830392
v -4.718310 3.323529 -6.830393
v -4.726953 3.323529 -6.898042
v -6.383194 2.900078 -6.427486
v -6.373758 2.900078 -6.359947
v -6.383193 2.574953 -6.427486
v -6.373758 2.574953 -6.359947
v -0.528922 2.574947 -7.851272
v -0.521346 2.574947 -7.783498
v -0.528922 2.900072 -7.851272
v -0.521345 2.900072 -7.783498
v -6.383196 0.867033 -6.427486
v -6.373759 0.867033 -6.359946
v -6.383196 0.541908 -6.427486
v -6.373760 0.541908 -6.359946
v -0.528924 0.541901 -7.851271
v -0.521348 0.541901 -7.783498
v -0.528924 0.867026 -7.851271
v -0.521348 0.867026 -7.783498
v -2.643077 0.005773 -7.403876
v -3.012702 0.005774 -7.314176
v -2.643074 3.035131 -7.403876
v -3.012700 3.035132 -7.314177
v -2.635427 3.035131 -7.336107
v -3.004876 3.035132 -7.246428
v -2.635430 0.005773 -7.336107
v -3.004879 0.005774 -7.246427
v -2.827888 0.005774 -7.359027
v -2.820153 0.005774 -7.291268
v -2.820149 3.323527 -7.291269
v -2.827885 3.323527 -7.359028
v -2.014694 0.005773 -7.556964
v -2.380772 0.005773 -7.467669
v -2.014691 3.035130 -7.556964
v -2.380769 3.035131 -7.467670
v -2.007114 3.035131 -7.489186
v -2.373193 3.035131 -7.399894
v -2.007117 0.005773 -7.489185
v -2.373196 0.005773 -7.399891
v -2.197733 0.005773 -7.512317
v -2.190157 0.005773 -7.444538
v -2.190153 3.323527 -7.444540
v -2.197729 3.323527 -7.512318
v -1.387733 0.005772 -7.709892
v -1.753815 0.005772 -7.620597
v -1.387730 3.035130 -7.709893
v -1.753812 3.035130 -7.620598
v -1.380154 3.035130 -7.642117
v -1.746236 3.035130 -7.552821
v -1.380157 0.005772 -7.642116
v -1.746239 0.005772 -7.552820
v -1.570774 0.005773 -7.665245
v -1.563197 0.005773 -7.597468
v -1.563193 3.323526 -7.597468
v -1.570769 3.323526 -7.665246
v -0.952404 3.323525 -7.816078
v -1.135444 3.035130 -7.771431
v -0.944828 3.323525 -7.748302
v -1.127868 3.035129 -7.703654
v -0.944832 0.005771 -7.748301
v -1.127871 0.005772 -7.703652
v -0.952408 0.005771 -7.816077
v -1.135447 0.005772 -7.771430
v -0.761789 0.005771 -7.792949
v -0.769366 0.005771 -7.860724
v -0.761786 3.035129 -7.792949
v -0.769362 3.035129 -7.860725
v -3.909126 0.005775 -7.096595
v -4.278748 0.005775 -7.006864
v -3.909123 3.035133 -7.096595
v -4.278745 3.035133 -7.006864
v -3.900870 3.035133 -7.028894
v -4.270316 3.035133 -6.939185
v -3.900873 0.005775 -7.028893
v -4.270319 0.005775 -6.939184
v -4.093939 0.005775 -7.051729
v -4.085598 0.005775 -6.984039
v -4.085596 3.323529 -6.984041
v -4.093936 3.323529 -7.051730
v -6.382082 1.183596 -6.427758
v -6.372645 1.183596 -6.360217
v -6.382084 0.870942 -6.427756
v -6.372649 0.870942 -6.360217
v -0.529493 2.261314 -7.851132
v -0.521917 2.261314 -7.783359
v -0.529493 2.573972 -7.851132
v -0.521917 2.573972 -7.783359
v -5.175163 0.005776 -6.789206
v -5.544777 0.005777 -6.699443
v -5.175160 3.035134 -6.789206
v -5.544774 3.035134 -6.699444
v -5.166302 3.035134 -6.721584
v -5.535740 3.035135 -6.631845
v -5.166305 0.005776 -6.721583
v -5.535744 0.005777 -6.631845
v -5.359971 0.005776 -6.744326
v -5.351025 0.005776 -6.676716
v -5.351022 3.323531 -6.676716
v -5.359968 3.323530 -6.744326
v -0.548448 -0.005962 -8.036260
v -0.506559 -0.005962 -7.661521
v -0.548445 3.097241 -8.036261
v -0.506556 3.097241 -7.661522
v -0.182109 3.097241 -8.125618
v -0.140220 3.097241 -7.750879
v -0.182113 -0.005962 -8.125616
v -0.140224 -0.005962 -7.750878
v -0.527503 -0.005962 -7.848892
v -0.161169 -0.005962 -7.938249
v -0.161165 3.097241 -7.938249
v -0.527500 3.097241 -7.848893
v -0.365276 3.097241 -8.080939
v -0.344331 3.321676 -7.893571
v -0.323388 3.097241 -7.706201
v -0.323391 -0.005962 -7.706201
v -0.344335 -0.005962 -7.893571
v -0.365280 -0.005962 -8.080938
v -13.401749 -0.005948 -4.911574
v -13.331224 -0.005948 -4.541155
v -13.401743 3.097255 -4.911576
v -13.331223 3.097255 -4.541157
v -13.031599 3.097255 -5.001654
v -12.962040 3.097255 -4.631051
v -13.031601 -0.005948 -5.001652
v -12.962042 -0.005948 -4.631051
v -13.366488 -0.005948 -4.726366
v -12.996820 -0.005948 -4.816353
v -12.996819 3.097255 -4.816354
v -13.366484 3.097255 -4.726368
v -13.216673 3.097255 -4.956615
v -13.181652 3.321691 -4.771361
v -13.146631 3.097255 -4.586105
v -13.146635 -0.005948 -4.586103
v -13.181656 -0.005948 -4.771360
v -13.216675 -0.005948 -4.956614
v -12.424593 0.005785 -5.026917
v -12.794184 0.005785 -4.936973
v -12.424589 3.035143 -5.026917
v -12.794182 3.035143 -4.936974
v -12.412287 3.035142 -4.959837
v -12.781704 3.035143 -4.869925
v -12.412289 0.005784 -4.959836
v -12.781706 0.005785 -4.869925
v -12.609388 0.005785 -4.981945
v -12.596998 0.005785 -4.914882
v -12.596994 3.323539 -4.914883
v -12.609386 3.323538 -4.981947
v -9.892696 0.005781 -5.642822
v -10.262289 0.005782 -5.552942
v -9.892691 3.035140 -5.642822
v -10.262287 3.035140 -5.552943
v -9.881588 3.035140 -5.575534
v -10.251009 3.035140 -5.485683
v -9.881594 0.005781 -5.575532
v -10.251011 0.005782 -5.485682
v -10.077494 0.005782 -5.597883
v -10.066301 0.005782 -5.530608
v -10.066299 3.323535 -5.530609
v -10.077488 3.323535 -5.597884
v -11.158657 0.005783 -5.334921
v -11.528246 0.005784 -5.245011
v -11.158653 3.035141 -5.334923
v -11.528244 3.035141 -5.245012
v -11.146950 3.035141 -5.267735
v -11.516365 3.035141 -5.177855
v -11.146954 0.005783 -5.267735
v -11.516367 0.005784 -5.177855
v -11.343451 0.005783 -5.289968
v -11.331659 0.005783 -5.222795
v -11.331657 3.323537 -5.222797
v -11.343447 3.323537 -5.289968
v -12.996498 2.900085 -4.819177
v -12.983919 2.900086 -4.752151
v -12.996500 2.574960 -4.819176
v -12.983921 2.574960 -4.752150
v -7.124535 2.574954 -6.247343
v -7.114745 2.574955 -6.179853
v -7.124536 2.900079 -6.247343
v -7.114746 2.900079 -6.179853
v -12.996498 0.867040 -4.819176
v -12.983921 0.867040 -4.752150
v -12.996500 0.541915 -4.819175
v -12.983921 0.541915 -4.752150
v -7.124538 0.541908 -6.247342
v -7.114748 0.541909 -6.179852
v -7.124537 0.867033 -6.247342
v -7.114748 0.867033 -6.179852
v -9.259705 0.005781 -5.796731
v -9.629311 0.005781 -5.706866
v -9.259703 3.035139 -5.796732
v -9.629305 3.035139 -5.706868
v -9.248899 3.035139 -5.729394
v -9.618328 3.035139 -5.639558
v -9.248901 0.005781 -5.729393
v -9.618330 0.005781 -5.639557
v -9.444504 0.005781 -5.751801
v -9.433615 0.005781 -5.684476
v -9.433611 3.323535 -5.684477
v -9.444500 3.323535 -5.751801
v -8.626715 0.005780 -5.950613
v -8.996317 0.005781 -5.860765
v -8.626711 3.035138 -5.950615
v -8.996315 3.035138 -5.860766
v -8.616209 3.035138 -5.883229
v -8.985638 3.035138 -5.793408
v -8.616215 0.005780 -5.883227
v -8.985640 0.005781 -5.793407
v -8.811516 0.005780 -5.905690
v -8.800928 0.005780 -5.838319
v -8.800924 3.323534 -5.838319
v -8.811514 3.323534 -5.905691
v -7.993719 0.005779 -6.104469
v -8.363325 0.005780 -6.014636
v -7.993716 3.035137 -6.104470
v -8.363321 3.035138 -6.014637
v -7.983515 3.035137 -6.037038
v -8.352947 3.035138 -5.947231
v -7.983519 0.005780 -6.037037
v -8.352949 0.005780 -5.947231
v -8.178520 0.005780 -6.059554
v -8.168232 0.005780 -5.992135
v -8.168228 3.323533 -5.992136
v -8.178516 3.323533 -6.059555
v -7.554196 3.323533 -6.211283
v -7.738998 3.035137 -6.166373
v -7.544205 3.323533 -6.143819
v -7.728920 3.035137 -6.098923
v -7.544207 0.005779 -6.143819
v -7.728924 0.005779 -6.098923
v -7.554199 0.005779 -6.211282
v -7.739003 0.005779 -6.166372
v -7.359490 0.005779 -6.188713
v -7.369392 0.005779 -6.256189
v -7.359486 3.035137 -6.188715
v -7.369389 3.035137 -6.256190
v -10.525675 0.005782 -5.488886
v -10.895273 0.005783 -5.398989
v -10.525673 3.035141 -5.488887
v -10.895269 3.035141 -5.398991
v -10.514269 3.035141 -5.421645
v -10.883692 3.035141 -5.331778
v -10.514271 0.005782 -5.421643
v -10.883694 0.005783 -5.331778
v -10.710476 0.005783 -5.443938
v -10.698986 0.005782 -5.376712
v -10.698982 3.323536 -5.376712
v -10.710472 3.323536 -5.443939
v -12.995384 1.183603 -4.819447
v -12.982805 1.183603 -4.752421
v -12.995390 0.870949 -4.819447
v -12.982811 0.870949 -4.752419
v -7.125112 2.261322 -6.247202
v -7.115322 2.261322 -6.179712
v -7.125112 2.573979 -6.247202
v -7.115322 2.573979 -6.179712
v -11.791626 0.005784 -5.180933
v -12.161213 0.005785 -5.091006
v -11.791622 3.035142 -5.180934
v -12.161211 3.035142 -5.091008
v -11.779617 3.035142 -5.113799
v -12.149033 3.035142 -5.023904
v -11.779623 0.005784 -5.113798
v -12.149035 0.005785 -5.023903
v -11.976423 0.005784 -5.135970
v -11.964333 0.005784 -5.068851
v -11.964327 3.323537 -5.068852
v -11.976419 3.323538 -5.135971
v -7.150085 -0.005955 -6.431558
v -7.095954 -0.005955 -6.058391
v -7.150081 3.097249 -6.431559
v -7.095951 3.097249 -6.058392
v -6.779907 3.097248 -6.521467
v -6.726751 3.097248 -6.148160
v -6.779912 -0.005955 -6.521465
v -6.726754 -0.005955 -6.148158
v -7.123020 -0.005955 -6.244975
v -6.753333 -0.005955 -6.334813
v -6.753330 3.097248 -6.334815
v -7.123016 3.097249 -6.244976
v -6.964994 3.097249 -6.476515
v -6.938173 3.321684 -6.289897
v -6.911351 3.097249 -6.103277
v -6.911355 -0.005955 -6.103276
v -6.938177 -0.005955 -6.289896
v -6.964998 -0.005955 -6.476514
v -20.022980 -0.005940 -3.298500
v -19.935244 -0.005940 -2.931776
v -20.022978 3.097263 -3.298501
v -19.935242 3.097263 -2.931777
v -19.652870 3.097263 -3.388755
v -19.566093 3.097263 -3.021803
v -19.652874 -0.005940 -3.388753
v -19.566095 -0.005940 -3.021802
v -19.979111 -0.005940 -3.115139
v -19.609482 -0.005940 -3.205279
v -19.609480 3.097263 -3.205280
v -19.979109 3.097263 -3.115140
v -19.837923 3.097263 -3.343629
v -19.794296 3.321699 -3.160211
v -19.750664 3.097263 -2.976792
v -19.750668 -0.005940 -2.976791
v -19.794298 -0.005940 -3.160211
v -19.837925 -0.005940 -3.343629
v -19.040476 0.005792 -3.415430
v -19.410034 0.005792 -3.325323
v -19.040474 3.035150 -3.415431
v -19.410032 3.035150 -3.325324
v -19.025053 3.035150 -3.348998
v -19.394434 3.035150 -3.258931
v -19.025055 0.005792 -3.348997
v -19.394440 0.005792 -3.258931
v -19.225256 0.005792 -3.370378
v -19.209749 0.005792 -3.303965
v -19.209743 3.323546 -3.303966
v -19.225250 3.323546 -3.370378
v -16.508797 0.005789 -4.032454
v -16.878365 0.005789 -3.942410
v -16.508797 3.035147 -4.032455
v -16.878363 3.035147 -3.942412
v -16.494564 3.035147 -3.965757
v -16.863955 3.035148 -3.875752
v -16.494566 0.005789 -3.965757
v -16.863960 0.005789 -3.875750
v -16.693583 0.005790 -3.987433
v -16.679262 0.005790 -3.920755
v -16.679260 3.323543 -3.920756
v -16.693579 3.323543 -3.987435
v -17.774651 0.005790 -3.723995
v -18.144211 0.005791 -3.633921
v -17.774649 3.035148 -3.723996
v -18.144205 3.035149 -3.633922
v -17.759821 3.035148 -3.657428
v -18.129204 3.035149 -3.567393
v -17.759825 0.005790 -3.657428
v -18.129208 0.005791 -3.567393
v -17.959429 0.005790 -3.678959
v -17.944515 0.005790 -3.612410
v -17.944513 3.323545 -3.612411
v -17.959425 3.323545 -3.678960
v -19.609278 2.900093 -3.208078
v -19.593584 2.900093 -3.141712
v -19.609282 2.574968 -3.208077
v -19.593584 2.574968 -3.141711
v -13.737789 2.574961 -4.638718
v -13.724859 2.574962 -4.571758
v -13.737785 2.900087 -4.638719
v -13.724855 2.900087 -4.571759
v -19.609282 0.867047 -3.208077
v -19.593584 0.867047 -3.141711
v -19.609280 0.541923 -3.208077
v -19.593586 0.541923 -3.141711
v -13.737789 0.541916 -4.638717
v -13.724859 0.541916 -4.571757
v -13.737789 0.867041 -4.638718
v -13.724857 0.867041 -4.571758
v -15.875864 0.005788 -4.186645
v -16.245434 0.005789 -4.096617
v -15.875862 3.035146 -4.186645
v -16.245430 3.035147 -4.096618
v -15.861929 3.035146 -4.119884
v -16.231319 3.035147 -4.029894
v -15.861931 0.005788 -4.119884
v -16.231325 0.005789 -4.029892
v -16.060646 0.005789 -4.141632
v -16.046627 0.005789 -4.074889
v -16.046625 3.323542 -4.074890
v -16.060644 3.323543 -4.141632
v -15.242924 0.005788 -4.340806
v -15.612494 0.005788 -4.250794
v -15.242920 3.035146 -4.340808
v -15.612495 3.035146 -4.250795
v -15.229282 3.035146 -4.273986
v -15.598684 3.035146 -4.184010
v -15.229286 0.005788 -4.273985
v -15.598686 0.005788 -4.184008
v -15.427710 0.005788 -4.295802
v -15.413988 0.005788 -4.228997
v -15.413986 3.323542 -4.228999
v -15.427708 3.323542 -4.295803
v -14.609972 0.005787 -4.494944
v -14.979551 0.005787 -4.404946
v -14.609972 3.035145 -4.494945
v -14.979553 3.035146 -4.404947
v -14.596634 3.035145 -4.428061
v -14.966040 3.035146 -4.338099
v -14.596636 0.005787 -4.428061
v -14.966042 0.005787 -4.338099
v -14.794764 0.005787 -4.449945
v -14.781340 0.005787 -4.383081
v -14.781338 3.323541 -4.383082
v -14.794762 3.323541 -4.449946
v -14.170485 3.323540 -4.601953
v -14.355276 3.035145 -4.556961
v -14.157354 3.323540 -4.535029
v -14.342058 3.035145 -4.490055
v -14.157358 0.005787 -4.535028
v -14.342060 0.005786 -4.490054
v -14.170486 0.005787 -4.601952
v -14.355278 0.005786 -4.556960
v -13.972654 0.005786 -4.580001
v -13.985695 0.005786 -4.646941
v -13.972652 3.035144 -4.580001
v -13.985693 3.035144 -4.646942
v -17.141726 0.005790 -3.878238
v -17.511293 0.005790 -3.788179
v -17.141722 3.035148 -3.878239
v -17.511288 3.035148 -3.788180
v -17.127192 3.035148 -3.811603
v -17.496582 3.035148 -3.721582
v -17.127195 0.005790 -3.811602
v -17.496588 0.005790 -3.721580
v -17.326511 0.005790 -3.833210
v -17.311893 0.005790 -3.766592
v -17.311892 3.323544 -3.766593
v -17.326509 3.323544 -3.833210
v -19.608166 1.183610 -3.208349
v -19.592472 1.183610 -3.141983
v -19.608171 0.870956 -3.208349
v -19.592474 0.870956 -3.141982
v -13.738361 2.261329 -4.638577
v -13.725431 2.261330 -4.571618
v -13.738363 2.573987 -4.638577
v -13.725433 2.573987 -4.571618
v -18.407566 0.005791 -3.569725
v -18.777124 0.005791 -3.479635
v -18.407562 3.035149 -3.569727
v -18.777119 3.035150 -3.479637
v -18.392439 3.035149 -3.503226
v -18.761824 3.035150 -3.413175
v -18.392443 0.005791 -3.503224
v -18.761826 0.005791 -3.413174
v -18.592344 0.005791 -3.524681
v -18.577135 0.005791 -3.458201
v -18.577133 3.323545 -3.458201
v -18.592342 3.323545 -3.524683
v -13.771893 -0.005948 -4.821487
v -13.700401 -0.005947 -4.451253
v -13.771891 3.097256 -4.821488
v -13.700399 3.097256 -4.451254
v -13.401743 3.097255 -4.911576
v -13.331223 3.097255 -4.541157
v -13.401749 -0.005948 -4.911574
v -13.331224 -0.005948 -4.541155
v -13.736149 -0.005947 -4.636372
v -13.366488 -0.005948 -4.726366
v -13.366484 3.097255 -4.726368
v -13.736147 3.097256 -4.636373
v -13.586819 3.097256 -4.866533
v -13.551313 3.321691 -4.681371
v -13.515810 3.097255 -4.496206
v -13.515816 -0.005947 -4.496205
v -13.551319 -0.005947 -4.681370
v -13.586823 -0.005947 -4.866532
v -26.643461 -0.005932 -1.682273
v -26.538706 -0.005933 -1.320045
v -26.643457 3.097270 -1.682274
v -26.538698 3.097270 -1.320045
v -26.273394 3.097270 -1.772704
v -26.169582 3.097270 -1.410203
v -26.273396 -0.005933 -1.772703
v -26.169584 -0.005933 -1.410203
v -26.591084 -0.005933 -1.501160
v -26.221493 -0.005933 -1.591454
v -26.221491 3.097270 -1.591455
v -26.591078 3.097271 -1.501161
v -26.458424 3.097270 -1.727490
v -26.406281 3.321706 -1.546309
v -26.354139 3.097270 -1.365126
v -26.354147 -0.005933 -1.365124
v -26.406288 -0.005933 -1.546307
v -26.458431 -0.005933 -1.727489
v -25.655687 0.005799 -1.801041
v -26.025200 0.005800 -1.710773
v -25.655682 3.035157 -1.801041
v -26.025198 3.035158 -1.710773
v -25.637175 3.035157 -1.735401
v -26.006523 3.035158 -1.645181
v -25.637180 0.005799 -1.735400
v -26.006523 0.005800 -1.645181
v -25.840443 0.005800 -1.755907
v -25.821854 0.005800 -1.690291
v -25.821852 3.323554 -1.690291
v -25.840441 3.323554 -1.755908
v -23.124279 0.005796 -2.419173
v -23.493809 0.005797 -2.328967
v -23.124275 3.035154 -2.419173
v -23.493807 3.035155 -2.328968
v -23.106949 3.035154 -2.353212
v -23.476303 3.035155 -2.263053
v -23.106951 0.005796 -2.353211
v -23.476307 0.005796 -2.263051
v -23.309040 0.005796 -2.374071
v -23.291626 0.005796 -2.308133
v -23.291624 3.323551 -2.308133
v -23.309042 3.323551 -2.374072
v -24.389997 0.005798 -2.110158
v -24.759520 0.005799 -2.019923
v -24.389996 3.035156 -2.110159
v -24.759514 3.035156 -2.019924
v -24.372080 3.035156 -2.044356
v -24.741426 3.035156 -1.954168
v -24.372078 0.005798 -2.044355
v -24.741428 0.005799 -1.954166
v -24.574759 0.005798 -2.065042
v -24.556755 0.005798 -1.999262
v -24.556753 3.323552 -1.999263
v -24.574757 3.323552 -2.065042
v -26.221409 2.900101 -1.594222
v -26.202635 2.900101 -1.528660
v -26.221409 2.574976 -1.594221
v -26.202635 2.574976 -1.528660
v -20.350506 2.574969 -3.027308
v -20.334463 2.574969 -2.961025
v -20.350502 2.900094 -3.027309
v -20.334461 2.900094 -2.961026
v -26.221411 0.867055 -1.594221
v -26.202637 0.867055 -1.528660
v -26.221411 0.541930 -1.594220
v -26.202637 0.541930 -1.528659
v -20.350508 0.541923 -3.027308
v -20.334465 0.541923 -2.961025
v -20.350506 0.867048 -3.027308
v -20.334465 0.867048 -2.961025
v -22.491407 0.005796 -2.573640
v -22.860947 0.005796 -2.483449
v -22.491407 3.035154 -2.573641
v -22.860945 3.035154 -2.483450
v -22.474371 3.035154 -2.507603
v -22.843737 3.035154 -2.417458
v -22.474373 0.005796 -2.507603
v -22.843739 0.005796 -2.417456
v -22.676174 0.005796 -2.528546
v -22.659054 0.005796 -2.462531
v -22.659052 3.323550 -2.462531
v -22.676172 3.323550 -2.528546
v -21.858534 0.005795 -2.728080
v -22.228069 0.005795 -2.637907
v -21.858532 3.035153 -2.728081
v -22.228064 3.035154 -2.637907
v -21.841793 3.035153 -2.661969
v -22.211155 3.035153 -2.571837
v -21.841795 0.005795 -2.661968
v -22.211161 0.005795 -2.571837
v -22.043304 0.005795 -2.682993
v -22.026480 0.005795 -2.616903
v -22.026474 3.323549 -2.616904
v -22.043299 3.323549 -2.682996
v -21.225653 0.005795 -2.882495
v -21.595196 0.005795 -2.792335
v -21.225649 3.035152 -2.882495
v -21.595190 3.035153 -2.792336
v -21.209206 3.035152 -2.816308
v -21.578571 3.035153 -2.726192
v -21.209208 0.005794 -2.816308
v -21.578577 0.005795 -2.726191
v -21.410418 0.005794 -2.837417
v -21.393888 0.005794 -2.771251
v -21.393887 3.323548 -2.771252
v -21.410416 3.323548 -2.837417
v -20.786205 3.323548 -2.989697
v -20.970978 3.035152 -2.944623
v -20.769966 3.323548 -2.923460
v -20.954653 3.035152 -2.878407
v -20.769970 0.005794 -2.923458
v -20.954655 0.005794 -2.878407
v -20.786207 0.005794 -2.989696
v -20.970980 0.005794 -2.944622
v -20.585281 0.005794 -2.968508
v -20.601433 0.005794 -3.034767
v -20.585279 3.035151 -2.968509
v -20.601435 3.035151 -3.034768
v -23.757141 0.005797 -2.264678
v -24.126669 0.005798 -2.174456
v -23.757139 3.035155 -2.264679
v -24.126667 3.035156 -2.174457
v -23.739513 3.035155 -2.198794
v -24.108870 3.035155 -2.108618
v -23.739515 0.005797 -2.198793
v -24.108871 0.005798 -2.108617
v -23.941908 0.005797 -2.219568
v -23.924198 0.005797 -2.153706
v -23.924194 3.323551 -2.153708
v -23.941904 3.323551 -2.219570
v -26.220295 1.183618 -1.594493
v -26.201519 1.183618 -1.528932
v -26.220301 0.870964 -1.594493
v -26.201525 0.870964 -1.528931
v -20.351078 2.261337 -3.027169
v -20.335037 2.261337 -2.960886
v -20.351080 2.573994 -3.027169
v -20.335039 2.573994 -2.960886
v -25.022846 0.005799 -1.955613
v -25.392361 0.005799 -1.865361
v -25.022844 3.035157 -1.955613
v -25.392359 3.035157 -1.865362
v -25.004631 3.035156 -1.889890
v -25.373974 3.035157 -1.799687
v -25.004631 0.005799 -1.889890
v -25.373976 0.005799 -1.799686
v -25.207605 0.005799 -1.910487
v -25.189308 0.005799 -1.844789
v -25.189306 3.323553 -1.844789
v -25.207603 3.323553 -1.910489
v -20.393089 -0.005940 -3.208235
v -20.304396 -0.005940 -2.841742
v -20.393087 3.097264 -3.208236
v -20.304394 3.097264 -2.841743
v -20.022978 3.097263 -3.298501
v -19.935242 3.097263 -2.931777
v -20.022980 -0.005940 -3.298500
v -19.935244 -0.005940 -2.931776
v -20.348743 -0.005939 -3.024989
v -19.979111 -0.005940 -3.115139
v -19.979109 3.097263 -3.115140
v -20.348742 3.097264 -3.024991
v -20.208036 3.097263 -3.253370
v -20.163925 3.321699 -3.070066
v -20.119818 3.097263 -2.886760
v -20.119822 -0.005940 -2.886759
v -20.163927 -0.005939 -3.070065
v -20.208038 -0.005940 -3.253368
v -33.263039 -0.005925 -0.062934
v -33.141487 -0.005925 0.294010
v -33.263035 3.097278 -0.062936
v -33.141483 3.097278 0.294008
v -32.893028 3.097277 -0.153537
v -32.772411 3.097278 0.203723
v -32.893036 -0.005926 -0.153537
v -32.772415 -0.005926 0.203724
v -33.202267 -0.005925 0.115537
v -32.832726 -0.005926 0.025093
v -32.832722 3.097278 0.025092
v -33.202259 3.097278 0.115534
v -33.078033 3.097278 -0.108238
v -33.017494 3.321714 0.070312
v -32.956947 3.097278 0.248865
v -32.956951 -0.005926 0.248865
v -33.017494 -0.005926 0.070312
v -33.078037 -0.005926 -0.108238
v -32.270088 0.005807 -0.183782
v -32.639553 0.005807 -0.093354
v -32.270081 3.035165 -0.183782
v -32.639553 3.035165 -0.093354
v -32.248535 3.035165 -0.119077
v -32.617832 3.035165 -0.028705
v -32.248539 0.005807 -0.119077
v -32.617836 0.005807 -0.028706
v -32.454823 0.005807 -0.138569
v -32.433189 0.005807 -0.073892
v -32.433182 3.323561 -0.073893
v -32.454815 3.323561 -0.138570
v -29.739008 0.005804 -0.803007
v -30.108484 0.005804 -0.712642
v -29.739000 3.035162 -0.803009
v -30.108480 3.035162 -0.712643
v -29.718611 3.035162 -0.737929
v -30.087923 3.035162 -0.647616
v -29.718618 0.005804 -0.737926
v -30.087923 0.005805 -0.647615
v -29.923742 0.005804 -0.757827
v -29.903269 0.005804 -0.692773
v -29.903265 3.323558 -0.692774
v -29.923738 3.323558 -0.757827
v -31.004568 0.005805 -0.493444
v -31.374033 0.005805 -0.403051
v -31.004560 3.035163 -0.493446
v -31.374025 3.035164 -0.403052
v -30.983591 3.035163 -0.428551
v -31.352888 3.035164 -0.338211
v -30.983599 0.005805 -0.428549
v -31.352896 0.005806 -0.338211
v -31.189299 0.005806 -0.448250
v -31.168242 0.005806 -0.383382
v -31.168242 3.323560 -0.383382
v -31.189295 3.323560 -0.448250
v -32.832760 2.900108 0.022362
v -32.810944 2.900108 0.086975
v -32.832760 2.574983 0.022362
v -32.810944 2.574983 0.086975
v -26.962555 2.574976 -1.413145
v -26.943438 2.574976 -1.347682
v -26.962549 2.900102 -1.413145
v -26.943432 2.900101 -1.347683
v -32.832764 0.867063 0.022364
v -32.810947 0.867062 0.086977
v -32.832764 0.541938 0.022364
v -32.810947 0.541938 0.086977
v -26.962551 0.541931 -1.413144
v -26.943434 0.541931 -1.347682
v -26.962553 0.867056 -1.413144
v -26.943436 0.867055 -1.347683
v -29.106207 0.005803 -0.957749
v -29.475706 0.005803 -0.867398
v -29.106203 3.035161 -0.957750
v -29.475698 3.035161 -0.867399
v -29.086107 3.035161 -0.892580
v -29.455427 3.035161 -0.802282
v -29.086111 0.005803 -0.892579
v -29.455435 0.005803 -0.802280
v -29.290953 0.005804 -0.912575
v -29.270773 0.005804 -0.847431
v -29.270769 3.323557 -0.847432
v -29.290953 3.323557 -0.912576
v -28.473417 0.005802 -1.112463
v -28.842909 0.005803 -1.022128
v -28.473410 3.035160 -1.112464
v -28.842901 3.035161 -1.022130
v -28.453604 3.035160 -1.047204
v -28.822924 3.035161 -0.956922
v -28.453608 0.005802 -1.047204
v -28.822931 0.005803 -0.956921
v -28.658163 0.005803 -1.067297
v -28.638269 0.005803 -1.002064
v -28.638262 3.323557 -1.002065
v -28.658155 3.323557 -1.067299
v -27.840609 0.005801 -1.267154
v -28.210104 0.005802 -1.176834
v -27.840601 3.035160 -1.267156
v -28.210096 3.035160 -1.176835
v -27.821085 3.035159 -1.201808
v -28.190413 3.035160 -1.111539
v -27.821089 0.005801 -1.201807
v -28.190420 0.005802 -1.111537
v -28.025354 0.005802 -1.221995
v -28.005754 0.005802 -1.156673
v -28.005747 3.323556 -1.156674
v -28.025351 3.323556 -1.221996
v -27.401209 3.323555 -1.374548
v -27.585962 3.035159 -1.329393
v -27.381895 3.323555 -1.309139
v -27.566561 3.035159 -1.264010
v -27.381901 0.005801 -1.309139
v -27.566565 0.005802 -1.264010
v -27.401215 0.005801 -1.374547
v -27.585962 0.005802 -1.329392
v -27.197239 0.005801 -1.354264
v -27.216467 0.005801 -1.419697
v -27.197231 3.035159 -1.354265
v -27.216459 3.035159 -1.419698
v -30.371790 0.005805 -0.648239
v -30.741266 0.005805 -0.557859
v -30.371786 3.035162 -0.648240
v -30.741259 3.035163 -0.557861
v -30.351103 3.035162 -0.583249
v -30.720407 3.035163 -0.492924
v -30.351107 0.005805 -0.583249
v -30.720415 0.005805 -0.492923
v -30.556524 0.005805 -0.603050
v -30.535765 0.005805 -0.538087
v -30.535757 3.323559 -0.538087
v -30.556524 3.323559 -0.603050
v -32.831646 1.183625 0.022090
v -32.809830 1.183625 0.086703
v -32.831646 0.870971 0.022090
v -32.809830 0.870971 0.086703
v -26.963127 2.261344 -1.413004
v -26.944008 2.261344 -1.347543
v -26.963129 2.574002 -1.413004
v -26.944010 2.574002 -1.347542
v -31.637331 0.005806 -0.338626
v -32.006798 0.005806 -0.248216
v -31.637327 3.035164 -0.338628
v -32.006794 3.035165 -0.248217
v -31.616064 3.035164 -0.273827
v -31.985361 3.035164 -0.183471
v -31.616068 0.005806 -0.273825
v -31.985369 0.005806 -0.183470
v -31.822062 0.005806 -0.293422
v -31.800714 0.005806 -0.228650
v -31.800711 3.323560 -0.228651
v -31.822058 3.323560 -0.293424
v -27.013523 -0.005932 -1.591833
v -26.907820 -0.005933 -1.229879
v -27.013517 3.097271 -1.591834
v -26.907814 3.097271 -1.229880
v -26.643457 3.097270 -1.682274
v -26.538698 3.097270 -1.320045
v -26.643461 -0.005932 -1.682273
v -26.538706 -0.005933 -1.320045
v -26.960670 -0.005933 -1.410857
v -26.591084 -0.005933 -1.501160
v -26.591078 3.097271 -1.501161
v -26.960665 3.097271 -1.410858
v -26.828487 3.097270 -1.637055
v -26.775871 3.321707 -1.456010
v -26.723257 3.097270 -1.274963
v -26.723259 -0.005933 -1.274963
v -26.775877 -0.005933 -1.456010
v -26.828491 -0.005933 -1.637055
v -39.881569 -0.005918 1.559470
v -39.743488 -0.005918 1.910352
v -39.881565 3.097286 1.559469
v -39.743484 3.097286 1.910351
v -39.511620 3.097285 1.468697
v -39.374458 3.097285 1.819937
v -39.511623 -0.005919 1.468697
v -39.374462 -0.005919 1.819939
v -39.812531 -0.005918 1.734909
v -39.443047 -0.005918 1.644317
v -39.443039 3.097285 1.644317
v -39.812527 3.097286 1.734909
v -39.696598 3.097285 1.514084
v -39.627789 3.321721 1.689614
v -39.558975 3.097285 1.865146
v -39.558983 -0.005918 1.865146
v -39.627792 -0.005918 1.689614
v -39.696606 -0.005918 1.514084
v -38.883537 0.005814 1.436303
v -39.252953 0.005814 1.526887
v -38.883533 3.035172 1.436302
v -39.252949 3.035172 1.526886
v -38.858990 3.035172 1.499931
v -39.228237 3.035172 1.590452
v -38.858994 0.005814 1.499932
v -39.228241 0.005815 1.590452
v -39.068249 0.005814 1.481594
v -39.043625 0.005814 1.545192
v -39.043617 3.323568 1.545189
v -39.068245 3.323568 1.481594
v -36.352844 0.005811 0.816002
v -36.722267 0.005812 0.906525
v -36.352837 3.035169 0.816001
v -36.722260 3.035169 0.906523
v -36.329430 3.035169 0.880058
v -36.698689 3.035170 0.970519
v -36.329437 0.005811 0.880059
v -36.698696 0.005812 0.970520
v -36.537556 0.005812 0.861262
v -36.514065 0.005812 0.925288
v -36.514057 3.323565 0.925287
v -36.537548 3.323565 0.861260
v -37.618214 0.005813 1.126103
v -37.987629 0.005813 1.216655
v -37.618210 3.035171 1.126101
v -37.987621 3.035171 1.216652
v -37.594231 3.035171 1.189947
v -37.963478 3.035171 1.280435
v -37.594234 0.005812 1.189948
v -37.963486 0.005813 1.280438
v -37.802921 0.005813 1.171377
v -37.778862 0.005813 1.235191
v -37.778854 3.323567 1.235190
v -37.802914 3.323567 1.171375
v -39.443195 2.900116 1.641629
v -39.418392 2.900116 1.705154
v -39.443195 2.574991 1.641629
v -39.418392 2.574991 1.705154
v -33.573811 2.574984 0.203741
v -33.551655 2.574984 0.268239
v -33.573811 2.900109 0.203741
v -33.551655 2.900109 0.268239
v -39.443203 0.867070 1.641631
v -39.418396 0.867070 1.705155
v -39.443203 0.541945 1.641631
v -39.418396 0.541945 1.705155
v -33.573807 0.541938 0.203742
v -33.551655 0.541938 0.268240
v -33.573807 0.867063 0.203742
v -33.551655 0.867063 0.268240
v -35.720139 0.005811 0.660989
v -36.089573 0.005811 0.751498
v -35.720127 3.035169 0.660988
v -36.089565 3.035169 0.751496
v -35.697010 3.035169 0.725149
v -36.066288 3.035169 0.815597
v -35.697021 0.005811 0.725150
v -36.066292 0.005811 0.815599
v -35.904858 0.005810 0.706243
v -35.881653 0.005811 0.770374
v -35.881645 3.323565 0.770372
v -35.904850 3.323565 0.706241
v -35.087433 0.005810 0.506002
v -35.456867 0.005810 0.596495
v -35.087421 3.035168 0.506002
v -35.456860 3.035168 0.596495
v -35.064587 3.035168 0.570266
v -35.433865 3.035168 0.660699
v -35.064598 0.005810 0.570267
v -35.433868 0.005810 0.660699
v -35.272152 0.005810 0.551249
v -35.249233 0.005810 0.615484
v -35.249226 3.323564 0.615482
v -35.272148 3.323564 0.551248
v -34.454712 0.005809 0.351042
v -34.824154 0.005810 0.441521
v -34.454708 3.035167 0.351042
v -34.824150 3.035167 0.441520
v -34.432159 3.035167 0.415407
v -34.801445 3.035167 0.505827
v -34.432167 0.005809 0.415408
v -34.801445 0.005810 0.505827
v -34.639431 0.005810 0.396280
v -34.616802 0.005809 0.460616
v -34.616795 3.323563 0.460615
v -34.639427 3.323563 0.396279
v -34.015373 3.323563 0.243460
v -34.200096 3.035167 0.288693
v -33.993031 3.323563 0.307895
v -34.177670 3.035167 0.353099
v -33.993031 0.005809 0.307896
v -34.177677 0.005809 0.353101
v -34.015377 0.005809 0.243462
v -34.200104 0.005809 0.288695
v -33.808395 0.005809 0.262696
v -33.830654 0.005809 0.198232
v -33.808392 3.035167 0.262694
v -33.830650 3.035167 0.198231
v -36.985527 0.005812 0.971038
v -37.354954 0.005812 1.061578
v -36.985523 3.035170 0.971038
v -37.354950 3.035170 1.061576
v -36.961830 3.035170 1.034992
v -37.331093 3.035171 1.125470
v -36.961834 0.005812 1.034992
v -37.331100 0.005812 1.125471
v -37.170246 0.005812 1.016307
v -37.146473 0.005812 1.080231
v -37.146465 3.323566 1.080230
v -37.170238 3.323566 1.016307
v -39.442081 1.183633 1.641357
v -39.417278 1.183633 1.704882
v -39.442089 0.870979 1.641359
v -39.417278 0.870979 1.704883
v -33.574379 2.261352 0.203881
v -33.552227 2.261352 0.268380
v -33.574379 2.574009 0.203881
v -33.552227 2.574009 0.268380
v -38.250885 0.005814 1.281190
v -38.620293 0.005814 1.371757
v -38.250877 3.035172 1.281189
v -38.620289 3.035172 1.371756
v -38.226620 3.035172 1.344926
v -38.595860 3.035172 1.435431
v -38.226624 0.005814 1.344929
v -38.595863 0.005814 1.435433
v -38.435593 0.005813 1.326473
v -38.411247 0.005813 1.390179
v -38.411243 3.323567 1.390178
v -38.435585 3.323567 1.326472
v -33.633045 -0.005925 0.027678
v -33.510567 -0.005925 0.384303
v -33.633045 3.097278 0.027676
v -33.510563 3.097279 0.384302
v -33.263031 3.097278 -0.062936
v -33.141479 3.097278 0.294008
v -33.263035 -0.005925 -0.062936
v -33.141487 -0.005925 0.294009
v -33.571808 -0.005925 0.205989
v -33.202259 -0.005925 0.115536
v -33.202259 3.097278 0.115534
v -33.571800 3.097278 0.205988
v -33.448044 3.097278 -0.017631
v -33.387035 3.321714 0.160761
v -33.326027 3.097278 0.339155
v -33.326031 -0.005925 0.339156
v -33.387039 -0.005925 0.160762
v -33.448048 -0.005925 -0.017630
v -45.878391 -0.005910 4.772273
v -45.721432 -0.005911 5.115125
v -45.878391 3.097293 4.772269
v -45.721428 3.097293 5.115122
v -45.546883 3.097292 4.583161
v -45.390987 3.097292 4.926496
v -45.546890 -0.005910 4.583165
v -45.390987 -0.005911 4.926498
v -45.799908 -0.005910 4.943697
v -45.468937 -0.005911 4.754830
v -45.468937 3.097292 4.754828
v -45.799904 3.097293 4.943694
v -45.712643 3.097292 4.677717
v -45.634426 3.321728 4.849261
v -45.556202 3.097292 5.020809
v -45.556210 -0.005911 5.020812
v -45.634434 -0.005911 4.849264
v -45.712650 -0.005911 4.677719
v -44.973770 0.005822 4.392791
v -45.304718 0.005822 4.581599
v -44.973763 3.035180 4.392788
v -45.304714 3.035180 4.581596
v -44.945869 3.035179 4.455023
v -45.276634 3.035180 4.643745
v -44.945877 0.005821 4.455026
v -45.276634 0.005822 4.643747
v -45.139244 0.005822 4.487192
v -45.111256 0.005822 4.549382
v -45.111248 3.323575 4.549382
v -45.139233 3.323576 4.487191
v -42.706497 0.005819 3.099698
v -43.037479 0.005819 3.288424
v -42.706493 3.035177 3.099698
v -43.037479 3.035177 3.288421
v -42.679920 3.035177 3.162507
v -43.010712 3.035177 3.351150
v -42.679928 0.005819 3.162508
v -43.010715 0.005819 3.351151
v -42.871990 0.005819 3.194057
v -42.845322 0.005819 3.256826
v -42.845314 3.323573 3.256825
v -42.871983 3.323573 3.194057
v -43.840164 0.005820 3.746176
v -44.171124 0.005821 3.934940
v -43.840164 3.035178 3.746175
v -44.171116 3.035179 3.934936
v -43.812931 3.035178 3.808701
v -44.143688 3.035179 3.997377
v -43.812931 0.005820 3.808703
v -44.143700 0.005821 3.997380
v -44.005650 0.005821 3.840557
v -43.978317 0.005820 3.903040
v -43.978310 3.323574 3.903037
v -44.005642 3.323575 3.840554
v -45.469315 2.900123 4.751980
v -45.441120 2.900123 4.814075
v -45.469315 2.574998 4.751980
v -45.441120 2.574998 4.814075
v -40.184135 2.574992 1.823307
v -40.158997 2.574992 1.886701
v -40.184135 2.900117 1.823307
v -40.158997 2.900117 1.886701
v -45.469315 0.867077 4.751983
v -45.441116 0.867077 4.814077
v -45.469315 0.541952 4.751983
v -45.441116 0.541952 4.814077
v -40.184139 0.541946 1.823307
v -40.158997 0.541946 1.886701
v -40.184139 0.867070 1.823307
v -40.158997 0.867070 1.886701
v -42.139648 0.005818 2.776513
v -42.470634 0.005818 2.965218
v -42.139645 3.035176 2.776512
v -42.470631 3.035177 2.965217
v -42.113400 3.035176 2.839461
v -42.444195 3.035177 3.028084
v -42.113407 0.005818 2.839463
v -42.444202 0.005818 3.028087
v -42.305134 0.005818 2.870863
v -42.278797 0.005818 2.933772
v -42.278793 3.323572 2.933769
v -42.305130 3.323572 2.870862
v -41.572777 0.005817 2.453365
v -41.903774 0.005818 2.642045
v -41.572773 3.035176 2.453362
v -41.903763 3.035176 2.642044
v -41.546864 3.035176 2.516449
v -41.877663 3.035176 2.705050
v -41.546871 0.005817 2.516453
v -41.877674 0.005818 2.705053
v -41.738270 0.005817 2.547703
v -41.712265 0.005817 2.610751
v -41.712257 3.323571 2.610749
v -41.738262 3.323571 2.547701
v -41.005886 0.005817 2.130247
v -41.336899 0.005817 2.318911
v -41.005882 3.035174 2.130245
v -41.336891 3.035175 2.318909
v -40.980312 3.035174 2.193468
v -41.311127 3.035175 2.382052
v -40.980316 0.005817 2.193470
v -41.311131 0.005817 2.382055
v -41.171391 0.005817 2.224579
v -41.145718 0.005817 2.287761
v -41.145714 3.323571 2.287760
v -41.171387 3.323571 2.224576
v -40.612267 3.323570 1.905915
v -40.777771 3.035174 2.000237
v -40.586926 3.323570 1.969232
v -40.752327 3.035174 2.063514
v -40.586926 0.005816 1.969233
v -40.752331 0.005816 2.063516
v -40.612267 0.005816 1.905918
v -40.777771 0.005816 2.000238
v -40.418621 0.005816 1.882332
v -40.443867 0.005816 1.818977
v -40.418613 3.035174 1.882331
v -40.443863 3.035174 1.818976
v -43.273335 0.005820 3.422918
v -43.604309 0.005820 3.611663
v -43.273331 3.035177 3.422917
v -43.604301 3.035178 3.611661
v -43.246433 3.035178 3.485588
v -43.577206 3.035178 3.674248
v -43.246433 0.005820 3.485590
v -43.577206 0.005820 3.674251
v -43.438831 0.005820 3.517291
v -43.411831 0.005820 3.579921
v -43.411819 3.323574 3.579918
v -43.438820 3.323574 3.517289
v -45.468319 1.183640 4.751413
v -45.440121 1.183640 4.813508
v -45.468319 0.870986 4.751416
v -45.440121 0.870986 4.813511
v -40.184708 2.261359 1.823448
v -40.159569 2.261360 1.886842
v -40.184708 2.574017 1.823448
v -40.159569 2.574017 1.886842
v -44.406979 0.005821 4.069465
v -44.737930 0.005821 4.258252
v -44.406971 3.035179 4.069465
v -44.737930 3.035179 4.258250
v -44.379406 3.035179 4.131845
v -44.710171 3.035179 4.320545
v -44.379414 0.005821 4.131846
v -44.710171 0.005821 4.320546
v -44.572453 0.005821 4.163855
v -44.544788 0.005821 4.226193
v -44.544788 3.323575 4.226191
v -44.572453 3.323575 4.163854
v -40.251518 -0.005917 1.650255
v -40.112526 -0.005917 2.000775
v -40.251514 3.097286 1.650253
v -40.112522 3.097286 2.000773
v -39.881565 3.097286 1.559469
v -39.743484 3.097286 1.910351
v -39.881569 -0.005918 1.559470
v -39.743488 -0.005918 1.910352
v -40.182022 -0.005917 1.825513
v -39.812531 -0.005918 1.734909
v -39.812527 3.097286 1.734909
v -40.182018 3.097286 1.825512
v -40.066536 3.097286 1.604859
v -39.997269 3.321721 1.780209
v -39.927998 3.097286 1.955561
v -39.928009 -0.005918 1.955561
v -39.997276 -0.005918 1.780210
v -40.066547 -0.005918 1.604860
v -51.807571 -0.005903 8.157393
v -51.631920 -0.005903 8.491055
v -51.807568 3.097301 8.157391
v -51.631912 3.097301 8.491054
v -51.476181 3.097300 7.968055
v -51.301563 3.097300 8.302258
v -51.476185 -0.005903 7.968058
v -51.301563 -0.005903 8.302262
v -51.719742 -0.005903 8.324223
v -51.388870 -0.005903 8.135159
v -51.388874 3.097300 8.135156
v -51.719742 3.097301 8.324220
v -51.641884 3.097300 8.062722
v -51.554314 3.321736 8.229687
v -51.466740 3.097300 8.396655
v -51.466736 -0.005903 8.396655
v -51.554310 -0.005903 8.229687
v -51.641880 -0.005903 8.062722
v -50.897305 0.005829 7.774467
v -51.228146 0.005830 7.963485
v -50.897301 3.035187 7.774464
v -51.228149 3.035188 7.963482
v -50.866013 3.035187 7.835060
v -51.196671 3.035187 8.023983
v -50.866013 0.005829 7.835065
v -51.196674 0.005830 8.023986
v -51.062725 0.005829 7.868972
v -51.031342 0.005829 7.929523
v -51.031345 3.323583 7.929520
v -51.062725 3.323584 7.868968
v -48.630714 0.005826 6.479930
v -48.961601 0.005826 6.668867
v -48.630711 3.035184 6.479928
v -48.961601 3.035185 6.668867
v -48.600716 3.035184 6.541175
v -48.931408 3.035185 6.730021
v -48.600716 0.005826 6.541178
v -48.931412 0.005827 6.730021
v -48.796165 0.005826 6.574400
v -48.766068 0.005826 6.635599
v -48.766068 3.323580 6.635598
v -48.796162 3.323580 6.574397
v -49.764050 0.005827 7.127131
v -50.094917 0.005828 7.316107
v -49.764042 3.035186 7.127130
v -50.094913 3.035186 7.316107
v -49.733398 3.035186 7.188057
v -50.064079 3.035186 7.376938
v -49.733406 0.005827 7.188058
v -50.064083 0.005828 7.376938
v -49.929489 0.005827 7.221617
v -49.898743 0.005827 7.282496
v -49.898739 3.323582 7.282495
v -49.929485 3.323582 7.221616
v -51.389374 2.900131 8.132371
v -51.357796 2.900131 8.192814
v -51.389374 2.575006 8.132371
v -51.357796 2.575006 8.192814
v -46.133007 2.574999 5.130729
v -46.104435 2.574999 5.192648
v -46.133007 2.900124 5.130729
v -46.104435 2.900124 5.192648
v -51.389370 0.867085 8.132371
v -51.357792 0.867085 8.192814
v -51.389370 0.541960 8.132371
v -51.357792 0.541960 8.192814
v -46.133011 0.541953 5.130731
v -46.104435 0.541953 5.192648
v -46.133011 0.867078 5.130731
v -46.104435 0.867078 5.192648
v -48.064026 0.005825 6.156384
v -48.394917 0.005826 6.345298
v -48.064018 3.035184 6.156381
v -48.394913 3.035184 6.345296
v -48.034348 3.035184 6.217786
v -48.365051 3.035184 6.406609
v -48.034355 0.005825 6.217789
v -48.365055 0.005826 6.406611
v -48.229477 0.005826 6.250839
v -48.199703 0.005826 6.312197
v -48.199699 3.323580 6.312196
v -48.229469 3.323580 6.250837
v -47.497314 0.005824 5.832866
v -47.828217 0.005825 6.021763
v -47.497307 3.035183 5.832864
v -47.828209 3.035183 6.021761
v -47.467960 3.035183 5.894425
v -47.798672 3.035183 6.083231
v -47.467964 0.005825 5.894428
v -47.798676 0.005825 6.083231
v -47.662769 0.005825 5.927314
v -47.633324 0.005825 5.988830
v -47.633316 3.323579 5.988827
v -47.662762 3.323579 5.927313
v -46.930595 0.005824 5.509388
v -47.261505 0.005824 5.698265
v -46.930588 3.035182 5.509387
v -47.261497 3.035182 5.698262
v -46.901566 3.035182 5.571101
v -47.232281 3.035182 5.759887
v -46.901573 0.005824 5.571101
v -47.232288 0.005824 5.759890
v -47.096043 0.005825 5.603822
v -47.066925 0.005824 5.665491
v -47.066925 3.323578 5.665491
v -47.096043 3.323578 5.603821
v -46.537079 3.323577 5.284801
v -46.702534 3.035182 5.379228
v -46.508282 3.323578 5.346622
v -46.673645 3.035182 5.441004
v -46.508282 0.005823 5.346624
v -46.673653 0.005824 5.441008
v -46.537079 0.005823 5.284804
v -46.702545 0.005824 5.379231
v -46.342922 0.005823 5.252240
v -46.371624 0.005823 5.190374
v -46.342911 3.035181 5.252237
v -46.371616 3.035181 5.190372
v -49.197392 0.005826 6.803514
v -49.528275 0.005827 6.992474
v -49.197384 3.035185 6.803511
v -49.528259 3.035186 6.992471
v -49.167061 3.035185 6.864602
v -49.497749 3.035186 7.053468
v -49.167068 0.005826 6.864603
v -49.497757 0.005827 7.053469
v -49.362823 0.005827 6.897991
v -49.332409 0.005827 6.959033
v -49.332405 3.323581 6.959032
v -49.362823 3.323581 6.897989
v -51.388374 1.183647 8.131804
v -51.356792 1.183647 8.192247
v -51.388386 0.870993 8.131807
v -51.356804 0.870993 8.192251
v -46.133522 2.261367 5.131021
v -46.104942 2.261367 5.192940
v -46.133522 2.574024 5.131021
v -46.104942 2.574024 5.192940
v -50.330692 0.005828 7.450782
v -50.661545 0.005829 7.639779
v -50.330685 3.035186 7.450778
v -50.661537 3.035187 7.639776
v -50.299713 3.035186 7.511542
v -50.630383 3.035187 7.700445
v -50.299728 0.005828 7.511545
v -50.630390 0.005829 7.700448
v -50.496113 0.005828 7.545278
v -50.465050 0.005828 7.605993
v -50.465054 3.323582 7.605993
v -50.496117 3.323582 7.545278
v -46.209881 -0.005910 4.961392
v -46.051857 -0.005910 5.303756
v -46.209873 3.097293 4.961390
v -46.051857 3.097293 5.303754
v -45.878391 3.097293 4.772269
v -45.721428 3.097293 5.115122
v -45.878391 -0.005910 4.772273
v -45.721432 -0.005911 5.115125
v -46.130871 -0.005909 5.132574
v -45.799908 -0.005910 4.943697
v -45.799904 3.097293 4.943694
v -46.130863 3.097293 5.132571
v -46.044132 3.097293 4.866828
v -45.965389 3.321729 5.038133
v -45.886646 3.097293 5.209437
v -45.886646 -0.005910 5.209440
v -45.965389 -0.005910 5.038136
v -46.044140 -0.005910 4.866831
v -57.734634 -0.005896 11.546533
v -57.540829 -0.005895 11.869986
v -57.734638 3.097308 11.546533
v -57.540833 3.097308 11.869986
v -57.403378 3.097307 11.356975
v -57.210571 3.097307 11.681026
v -57.403374 -0.005896 11.356975
v -57.210567 -0.005896 11.681026
v -57.637733 -0.005896 11.708257
v -57.306976 -0.005896 11.518999
v -57.306980 3.097307 11.518999
v -57.637737 3.097308 11.708257
v -57.569008 3.097308 11.451754
v -57.472359 3.321743 11.613628
v -57.375702 3.097308 11.775507
v -57.375698 -0.005896 11.775508
v -57.472355 -0.005896 11.613628
v -57.569004 -0.005896 11.451754
v -56.818932 0.005836 11.159852
v -57.149658 0.005836 11.349072
v -56.818935 3.035195 11.159852
v -57.149662 3.035195 11.349072
v -56.784355 3.035194 11.218633
v -57.114895 3.035195 11.407744
v -56.784351 0.005836 11.218633
v -57.114891 0.005837 11.407744
v -56.984295 0.005836 11.254462
v -56.949619 0.005836 11.313187
v -56.949623 3.323591 11.313187
v -56.984299 3.323591 11.254462
v -54.553097 0.005834 9.863913
v -54.883865 0.005834 10.053052
v -54.553093 3.035192 9.863910
v -54.883869 3.035192 10.053050
v -54.519760 3.035192 9.923407
v -54.850346 3.035192 10.112445
v -54.519764 0.005834 9.923410
v -54.850349 0.005834 10.112446
v -54.718487 0.005834 9.958482
v -54.685062 0.005834 10.017928
v -54.685062 3.323588 10.017926
v -54.718487 3.323588 9.958480
v -55.686054 0.005834 10.511812
v -56.016811 0.005835 10.700995
v -55.686058 3.035193 10.511812
v -56.016815 3.035194 10.700995
v -55.652096 3.035193 10.570954
v -55.982670 3.035194 10.760031
v -55.652092 0.005835 10.570954
v -55.982666 0.005835 10.760031
v -55.851429 0.005835 10.606408
v -55.817375 0.005835 10.665496
v -55.817375 3.323589 10.665492
v -55.851429 3.323589 10.606403
v -57.307617 2.900138 11.516293
v -57.272747 2.900138 11.574899
v -57.307617 2.575013 11.516293
v -57.272747 2.575013 11.574899
v -52.052883 2.575006 8.511519
v -52.020924 2.575006 8.571766
v -52.052883 2.900131 8.511519
v -52.020924 2.900131 8.571766
v -57.307613 0.867092 11.516293
v -57.272743 0.867092 11.574899
v -57.307613 0.541967 11.516293
v -57.272743 0.541967 11.574899
v -52.052887 0.541960 8.511525
v -52.020931 0.541960 8.571772
v -52.052887 0.867085 8.511525
v -52.020931 0.867085 8.571772
v -53.986591 0.005833 9.540008
v -54.317383 0.005833 9.729134
v -53.986588 3.035191 9.540005
v -54.317375 3.035192 9.729125
v -53.953571 3.035191 9.599676
v -54.284168 3.035192 9.788697
v -53.953571 0.005833 9.599680
v -54.284176 0.005833 9.788703
v -54.151978 0.005833 9.634565
v -54.118862 0.005833 9.694187
v -54.118874 3.323587 9.694187
v -54.151981 3.323587 9.634565
v -53.420071 0.005832 9.216141
v -53.750866 0.005832 9.405243
v -53.420074 3.035190 9.216141
v -53.750858 3.035191 9.405238
v -53.387371 3.035190 9.275987
v -53.717972 3.035191 9.464982
v -53.387367 0.005832 9.275987
v -53.717976 0.005832 9.464986
v -53.585468 0.005832 9.310691
v -53.552673 0.005832 9.370485
v -53.552673 3.323586 9.370482
v -53.585468 3.323586 9.310688
v -52.853527 0.005831 8.892303
v -53.184334 0.005831 9.081388
v -52.853531 3.035189 8.892303
v -53.184326 3.035190 9.081384
v -52.821140 3.035190 8.952323
v -53.151756 3.035190 9.141303
v -52.821136 0.005831 8.952323
v -53.151756 0.005832 9.141306
v -53.018929 0.005832 8.986842
v -52.986450 0.005832 9.046810
v -52.986446 3.323586 9.046807
v -53.018929 3.323586 8.986838
v -52.460140 3.323585 8.667466
v -52.625538 3.035189 8.761998
v -52.427967 3.323585 8.727601
v -52.593281 3.035189 8.822085
v -52.427975 0.005831 8.727606
v -52.593285 0.005831 8.822088
v -52.460140 0.005831 8.667470
v -52.625546 0.005831 8.762000
v -52.262653 0.005831 8.633125
v -52.294727 0.005831 8.572938
v -52.262657 3.035189 8.633122
v -52.294731 3.035189 8.572936
v -55.119595 0.005834 10.187849
v -55.450352 0.005835 10.377007
v -55.119587 3.035192 10.187845
v -55.450348 3.035193 10.377007
v -55.085934 3.035192 10.247169
v -55.416519 3.035193 10.436227
v -55.085941 0.005834 10.247171
v -55.416515 0.005835 10.436227
v -55.284966 0.005834 10.282427
v -55.251225 0.005834 10.341696
v -55.251225 3.323589 10.341694
v -55.284969 3.323589 10.282424
v -57.306614 1.183655 11.515716
v -57.271744 1.183655 11.574324
v -57.306614 0.871001 11.515716
v -57.271744 0.871001 11.574324
v -52.053406 2.261374 8.511821
v -52.021450 2.261374 8.572067
v -52.053406 2.574031 8.511821
v -52.021450 2.574031 8.572067
v -56.252502 0.005836 10.835818
v -56.583241 0.005836 11.025017
v -56.252506 3.035194 10.835817
v -56.583241 3.035194 11.025014
v -56.218227 3.035193 10.894778
v -56.548786 3.035194 11.083868
v -56.218224 0.005836 10.894779
v -56.548786 0.005836 11.083872
v -56.417877 0.005836 10.930419
v -56.383514 0.005836 10.989326
v -56.383511 3.323590 10.989325
v -56.417881 3.323590 10.930417
v -52.138950 -0.005903 8.346744
v -51.962273 -0.005902 8.679863
v -52.138950 3.097301 8.346741
v -51.962269 3.097301 8.679860
v -51.807579 3.097301 8.157398
v -51.631924 3.097301 8.491061
v -51.807575 -0.005903 8.157399
v -51.631920 -0.005903 8.491061
v -52.050613 -0.005903 8.513302
v -51.719749 -0.005903 8.324228
v -51.719753 3.097301 8.324228
v -52.050606 3.097301 8.513300
v -51.973263 3.097300 8.252065
v -51.885178 3.321736 8.418758
v -51.797096 3.097300 8.585455
v -51.797096 -0.005903 8.585460
v -51.885181 -0.005903 8.418763
v -51.973267 -0.005903 8.252068
v -63.659389 -0.005888 14.939559
v -63.448017 -0.005888 15.251819
v -63.659389 3.097315 14.939559
v -63.448017 3.097315 15.251819
v -63.328251 3.097315 14.749785
v -63.117847 3.097315 15.062696
v -63.328251 -0.005888 14.749785
v -63.117847 -0.005888 15.062696
v -63.553699 -0.005888 15.095688
v -63.223049 -0.005888 14.906240
v -63.223049 3.097315 14.906240
v -63.553699 3.097315 15.095688
v -63.493824 3.097315 14.844675
v -63.388378 3.321751 15.000967
v -63.282932 3.097315 15.157262
v -63.282932 -0.005888 15.157261
v -63.388378 -0.005888 15.000967
v -63.493824 -0.005888 14.844675
v -62.738438 0.005844 14.548831
v -63.069057 0.005844 14.738255
v -62.738438 3.035202 14.548831
v -63.069057 3.035203 14.738255
v -62.700665 3.035202 14.605612
v -63.031094 3.035203 14.794917
v -62.700665 0.005844 14.605610
v -63.031094 0.005844 14.794917
v -62.903751 0.005845 14.643542
v -62.865887 0.005844 14.700263
v -62.865887 3.323598 14.700263
v -62.903751 3.323598 14.643542
v -60.473438 0.005841 13.251529
v -60.804096 0.005842 13.440868
v -60.473438 3.035199 13.251529
v -60.804096 3.035199 13.440869
v -60.436871 3.035199 13.309095
v -60.767353 3.035199 13.498322
v -60.436871 0.005841 13.309095
v -60.767353 0.005841 13.498322
v -60.638775 0.005841 13.346201
v -60.602116 0.005841 13.403710
v -60.602116 3.323595 13.403710
v -60.638775 3.323595 13.346201
v -61.605991 0.005842 13.900122
v -61.936626 0.005843 14.089502
v -61.605991 3.035201 13.900122
v -61.936626 3.035201 14.089502
v -61.568821 3.035201 13.957297
v -61.899273 3.035201 14.146564
v -61.568821 0.005842 13.957297
v -61.899273 0.005843 14.146564
v -61.771297 0.005843 13.994803
v -61.734028 0.005843 14.051922
v -61.734028 3.323597 14.051922
v -61.771297 3.323597 13.994803
v -63.223812 2.900145 14.903611
v -63.185764 2.900145 14.960202
v -63.223812 2.575020 14.903611
v -63.185764 2.575020 14.960202
v -57.970894 2.575014 11.895824
v -57.935661 2.575014 11.954215
v -57.970894 2.900139 11.895824
v -57.935661 2.900139 11.954215
v -63.223812 0.867100 14.903611
v -63.185764 0.867100 14.960202
v -63.223812 0.541975 14.903611
v -63.185764 0.541975 14.960202
v -57.970890 0.541968 11.895825
v -57.935658 0.541968 11.954215
v -57.970890 0.867093 11.895825
v -57.935658 0.867093 11.954215
v -59.907146 0.005840 12.927285
v -60.237820 0.005841 13.116609
v -59.907146 3.035198 12.927285
v -60.237820 3.035199 13.116609
v -59.870876 3.035198 12.985042
v -60.201374 3.035198 13.174256
v -59.870876 0.005841 12.985044
v -60.201374 0.005841 13.174256
v -60.072468 0.005841 13.021941
v -60.036114 0.005841 13.079643
v -60.036114 3.323595 13.079643
v -60.072468 3.323594 13.021941
v -59.340813 0.005840 12.603071
v -59.671490 0.005840 12.792377
v -59.340816 3.035198 12.603071
v -59.671490 3.035198 12.792377
v -59.304855 3.035198 12.661016
v -59.635357 3.035198 12.850214
v -59.304852 0.005839 12.661016
v -59.635357 0.005840 12.850214
v -59.506161 0.005840 12.697723
v -59.470112 0.005840 12.755616
v -59.470116 3.323594 12.755615
v -59.506165 3.323594 12.697723
v -58.774471 0.005839 12.278887
v -59.105164 0.005839 12.468172
v -58.774475 3.035197 12.278887
v -59.105167 3.035197 12.468172
v -58.738823 3.035197 12.337025
v -59.069328 3.035197 12.526200
v -58.738819 0.005839 12.337025
v -59.069324 0.005840 12.526200
v -58.939812 0.005839 12.373528
v -58.904068 0.005839 12.431612
v -58.904072 3.323593 12.431612
v -58.939816 3.323593 12.373528
v -58.381226 3.323592 12.053815
v -58.546562 3.035196 12.148445
v -58.345791 3.323593 12.112082
v -58.511040 3.035196 12.206659
v -58.345787 0.005839 12.112082
v -58.511036 0.005839 12.206659
v -58.381222 0.005839 12.053815
v -58.546558 0.005839 12.148445
v -58.180523 0.005838 12.017506
v -58.215870 0.005838 11.959182
v -58.180527 3.035196 12.017506
v -58.215874 3.035196 11.959182
v -61.039715 0.005842 13.575805
v -61.370373 0.005842 13.765172
v -61.039715 3.035200 13.575805
v -61.370373 3.035200 13.765172
v -61.002850 3.035200 13.633178
v -61.333317 3.035200 13.822431
v -61.002850 0.005842 13.633178
v -61.333317 0.005842 13.822431
v -61.205051 0.005842 13.670488
v -61.168095 0.005842 13.727805
v -61.168095 3.323596 13.727805
v -61.205051 3.323596 13.670487
v -63.222805 1.183663 14.903035
v -63.184757 1.183663 14.959630
v -63.222820 0.871009 14.903040
v -63.184772 0.871009 14.959634
v -57.971409 2.261382 11.896118
v -57.936176 2.261382 11.954508
v -57.971409 2.574039 11.896118
v -57.936176 2.574039 11.954508
v -62.172230 0.005843 14.224462
v -62.502842 0.005844 14.413857
v -62.172230 3.035201 14.224462
v -62.502842 3.035202 14.413857
v -62.134747 3.035201 14.281440
v -62.465191 3.035201 14.470720
v -62.134747 0.005843 14.281440
v -62.465191 0.005844 14.470720
v -62.337536 0.005844 14.319160
v -62.299976 0.005844 14.376078
v -62.299976 3.323598 14.376078
v -62.337536 3.323597 14.319160
v -58.065895 -0.005895 11.736101
v -57.871090 -0.005895 12.058954
v -58.065899 3.097308 11.736101
v -57.871094 3.097308 12.058954
v -57.734646 3.097308 11.546535
v -57.540840 3.097308 11.869987
v -57.734642 -0.005896 11.546535
v -57.540836 -0.005895 11.869987
v -57.968491 -0.005895 11.897527
v -57.637741 -0.005896 11.708261
v -57.637745 3.097308 11.708261
v -57.968494 3.097308 11.897527
v -57.900276 3.097308 11.641317
v -57.803120 3.321744 11.802893
v -57.705967 3.097308 11.964470
v -57.705963 -0.005895 11.964470
v -57.803116 -0.005895 11.802893
v -57.900272 -0.005895 11.641317
v -69.581573 -0.005880 18.336346
v -69.353279 -0.005881 18.636456
v -69.581573 3.097323 18.336346
v -69.353279 3.097323 18.636456
v -69.250595 3.097322 18.146370
v -69.023232 3.097322 18.447187
v -69.250595 -0.005881 18.146370
v -69.023232 -0.005881 18.447187
v -69.467422 -0.005881 18.486399
v -69.136917 -0.005881 18.296776
v -69.136917 3.097322 18.296776
v -69.467422 3.097323 18.486399
v -69.416084 3.097322 18.241352
v -69.302170 3.321758 18.391586
v -69.188263 3.097322 18.541819
v -69.188263 -0.005881 18.541819
v -69.302170 -0.005881 18.391586
v -69.416084 -0.005881 18.241352
v -68.655647 0.005851 17.941296
v -68.986115 0.005852 18.130896
v -68.655647 3.035209 17.941296
v -68.986115 3.035210 18.130896
v -68.614784 3.035210 17.995903
v -68.945091 3.035210 18.185377
v -68.614784 0.005851 17.995903
v -68.945091 0.005852 18.185377
v -68.820877 0.005852 18.036091
v -68.779938 0.005852 18.090635
v -68.779938 3.323606 18.090635
v -68.820877 3.323606 18.036091
v -66.391541 0.005849 16.642672
v -66.722069 0.005849 16.832207
v -66.391541 3.035207 16.642668
v -66.722069 3.035207 16.832207
v -66.351852 3.035207 16.698128
v -66.682213 3.035207 16.887541
v -66.351852 0.005849 16.698130
v -66.682213 0.005849 16.887541
v -66.556808 0.005849 16.737436
v -66.517029 0.005848 16.792831
v -66.517029 3.323603 16.792831
v -66.556808 3.323603 16.737436
v -67.523628 0.005850 17.291918
v -67.854134 0.005851 17.481487
v -67.523628 3.035208 17.291918
v -67.854134 3.035208 17.481487
v -67.483360 3.035208 17.346954
v -67.813690 3.035208 17.536400
v -67.483360 0.005850 17.346954
v -67.813690 0.005851 17.536400
v -67.688896 0.005850 17.386705
v -67.648529 0.005851 17.441679
v -67.648529 3.323604 17.441679
v -67.688896 3.323604 17.386705
v -69.137787 2.900153 18.294226
v -69.096672 2.900153 18.348631
v -69.137787 2.575028 18.294226
v -69.096672 2.575028 18.348631
v -63.886860 2.575021 15.283521
v -63.848461 2.575021 15.339875
v -63.886860 2.900146 15.283521
v -63.848461 2.900146 15.339876
v -69.137787 0.867107 18.294226
v -69.096672 0.867107 18.348631
v -69.137787 0.541982 18.294226
v -69.096672 0.541982 18.348631
v -63.886860 0.541975 15.283521
v -63.848461 0.541976 15.339876
v -63.886860 0.867100 15.283521
v -63.848461 0.867100 15.339876
v -65.825470 0.005848 16.318090
v -66.155998 0.005848 16.507607
v -65.825470 3.035206 16.318090
v -66.155998 3.035207 16.507607
v -65.786064 3.035206 16.373758
v -66.116432 3.035207 16.563154
v -65.786064 0.005848 16.373758
v -66.116432 0.005848 16.563154
v -65.990738 0.005848 16.412848
v -65.951248 0.005848 16.468454
v -65.951248 3.323602 16.468454
v -65.990738 3.323602 16.412848
v -65.259369 0.005847 15.993548
v -65.589912 0.005847 16.183043
v -65.259369 3.035205 15.993548
v -65.589912 3.035206 16.183043
v -65.220268 3.035205 16.049423
v -65.550636 3.035206 16.238796
v -65.220268 0.005847 16.049423
v -65.550636 0.005847 16.238796
v -65.424637 0.005847 16.088293
v -65.385445 0.005847 16.144108
v -65.385445 3.323601 16.144108
v -65.424637 3.323601 16.088293
v -64.693230 0.005847 15.669028
v -65.023804 0.005847 15.858509
v -64.693230 3.035204 15.669028
v -65.023804 3.035205 15.858509
v -64.654427 3.035204 15.725110
v -64.984825 3.035205 15.914471
v -64.654427 0.005847 15.725109
v -64.984825 0.005847 15.914471
v -64.858521 0.005847 15.763769
v -64.819626 0.005847 15.819789
v -64.819626 3.323601 15.819789
v -64.858521 3.323601 15.763769
v -64.300140 3.323600 15.443723
v -64.465431 3.035204 15.538453
v -64.261543 3.323600 15.499945
v -64.426735 3.035204 15.594617
v -64.261543 0.005846 15.499945
v -64.426735 0.005846 15.594617
v -64.300140 0.005846 15.443723
v -64.465431 0.005846 15.538453
v -64.096344 0.005846 15.405275
v -64.134850 0.005845 15.348992
v -64.096344 3.035204 15.405275
v -64.134850 3.035204 15.348992
v -66.957611 0.005849 16.967279
v -67.288116 0.005850 17.156834
v -66.957611 3.035208 16.967279
v -67.288116 3.035208 17.156834
v -66.917618 3.035208 17.022530
v -67.247955 3.035208 17.211960
v -66.917618 0.005849 17.022530
v -67.247955 0.005850 17.211960
v -67.122849 0.005849 17.062054
v -67.082787 0.005849 17.117241
v -67.082787 3.323604 17.117241
v -67.122849 3.323603 17.062054
v -69.136803 1.183670 18.293657
v -69.095688 1.183670 18.348061
v -69.136803 0.871016 18.293657
v -69.095688 0.871016 18.348061
v -63.887371 2.261389 15.283814
v -63.848972 2.261389 15.340171
v -63.887371 2.574047 15.283814
v -63.848972 2.574047 15.340171
v -68.089645 0.005851 17.616590
v -68.420128 0.005851 17.806177
v -68.089645 3.035209 17.616590
v -68.420128 3.035209 17.806177
v -68.049080 3.035209 17.671410
v -68.379395 3.035209 17.860872
v -68.049080 0.005851 17.671410
v -68.379395 0.005852 17.860872
v -68.254890 0.005851 17.711384
v -68.214241 0.005851 17.766140
v -68.214241 3.323605 17.766140
v -68.254890 3.323605 17.711380
v -63.990505 -0.005888 15.129343
v -63.778172 -0.005887 15.440948
v -63.990505 3.097316 15.129343
v -63.778172 3.097316 15.440948
v -63.659389 3.097315 14.939559
v -63.448017 3.097315 15.251819
v -63.659389 -0.005888 14.939559
v -63.448017 -0.005888 15.251819
v -63.884342 -0.005888 15.285145
v -63.553699 -0.005888 15.095688
v -63.553699 3.097315 15.095688
v -63.884342 3.097316 15.285145
v -63.824947 3.097315 15.034450
v -63.719021 3.321751 15.190415
v -63.613094 3.097315 15.346383
v -63.613094 -0.005888 15.346383
v -63.719021 -0.005888 15.190415
v -63.824947 -0.005888 15.034451
v -74.574966 -0.005873 22.928320
v -74.330055 -0.005873 23.215029
v -74.574966 3.097330 22.928320
v -74.330055 3.097330 23.215029
v -74.309891 3.097330 22.653557
v -74.065887 3.097330 22.941042
v -74.309891 -0.005874 22.653557
v -74.065887 -0.005874 22.941042
v -74.452515 -0.005873 23.071674
v -74.187881 -0.005874 22.797298
v -74.187881 3.097330 22.797298
v -74.452515 3.097330 23.071674
v -74.442429 3.097330 22.790934
v -74.320206 3.321766 22.934483
v -74.197968 3.097330 23.078032
v -74.197968 -0.005874 23.078032
v -74.320206 -0.005874 22.934483
v -74.442429 -0.005873 22.790934
v -73.813911 0.005859 22.310183
v -74.078529 0.005859 22.584499
v -73.813911 3.035217 22.310183
v -74.078529 3.035218 22.584499
v -73.770042 3.035217 22.362400
v -74.034500 3.035218 22.636576
v -73.770042 0.005859 22.362400
v -74.034500 0.005859 22.636576
v -73.946228 0.005859 22.447340
v -73.902275 0.005859 22.499491
v -73.902275 3.323613 22.499491
v -73.946228 3.323613 22.447340
v -72.000885 0.005856 20.431293
v -72.265572 0.005857 20.705534
v -72.000885 3.035214 20.431293
v -72.265572 3.035215 20.705534
v -71.958160 3.035214 20.484455
v -72.222679 3.035215 20.758562
v -71.958160 0.005856 20.484455
v -72.222679 0.005857 20.758562
v -72.133232 0.005856 20.568413
v -72.090431 0.005856 20.621508
v -72.090431 3.323611 20.621508
v -72.133232 3.323611 20.568413
v -72.907448 0.005857 21.370676
v -73.172104 0.005857 21.644955
v -72.907448 3.035215 21.370676
v -73.172104 3.035216 21.644955
v -72.864151 3.035215 21.423368
v -73.128632 3.035216 21.697510
v -72.864151 0.005857 21.423368
v -73.128632 0.005858 21.697510
v -73.039764 0.005858 21.507812
v -72.996391 0.005858 21.560436
v -72.996391 3.323612 21.560436
v -73.039764 3.323612 21.507812
v -74.189041 2.900161 22.794661
v -74.144905 2.900160 22.846653
v -74.189041 2.575035 22.794661
v -74.144905 2.575035 22.846653
v -69.800583 2.575029 18.674498
v -69.759125 2.575029 18.728647
v -69.800583 2.900154 18.674498
v -69.759125 2.900154 18.728647
v -74.189041 0.867114 22.794661
v -74.144905 0.867114 22.846653
v -74.189041 0.541989 22.794661
v -74.144905 0.541989 22.846653
v -69.800583 0.541983 18.674501
v -69.759125 0.541983 18.728647
v -69.800583 0.867108 18.674501
v -69.759125 0.867108 18.728647
v -71.547562 0.005855 19.961651
v -71.812271 0.005856 20.235878
v -71.547562 3.035213 19.961651
v -71.812271 3.035214 20.235878
v -71.505135 3.035213 20.015047
v -71.769661 3.035214 20.289137
v -71.505135 0.005855 20.015047
v -71.769661 0.005856 20.289137
v -71.679901 0.005856 20.098761
v -71.637390 0.005855 20.152088
v -71.637390 3.323609 20.152088
v -71.679901 3.323609 20.098761
v -71.094208 0.005855 19.492044
v -71.358925 0.005855 19.766237
v -71.094208 3.035213 19.492044
v -71.358925 3.035213 19.766237
v -71.052071 3.035213 19.545670
v -71.316612 3.035213 19.819729
v -71.052071 0.005855 19.545670
v -71.316612 0.005855 19.819731
v -71.226562 0.005855 19.629141
v -71.184341 0.005855 19.682699
v -71.184341 3.323608 19.682699
v -71.226562 3.323609 19.629141
v -70.609634 0.005854 19.062601
v -70.905556 0.005854 19.296644
v -70.609634 3.035212 19.062601
v -70.905556 3.035212 19.296642
v -70.567787 3.035212 19.116453
v -70.863548 3.035212 19.350365
v -70.567787 0.005853 19.116453
v -70.863548 0.005854 19.350365
v -70.773193 0.005854 19.159548
v -70.731270 0.005854 19.213335
v -70.731270 3.323608 19.213335
v -70.773193 3.323608 19.159548
v -70.216690 3.323607 18.837074
v -70.381912 3.035212 18.931896
v -70.175049 3.323607 18.891081
v -70.340187 3.035212 18.985840
v -70.175049 0.005853 18.891081
v -70.340187 0.005853 18.985840
v -70.216690 0.005853 18.837074
v -70.381912 0.005853 18.931896
v -70.009911 0.005853 18.796316
v -70.051476 0.005853 18.742247
v -70.009911 3.035211 18.796316
v -70.051476 3.035211 18.742247
v -72.454193 0.005857 20.900972
v -72.718857 0.005857 21.175230
v -72.454193 3.035215 20.900972
v -72.718857 3.035215 21.175226
v -72.411171 3.035215 20.953903
v -72.675674 3.035215 21.228024
v -72.411171 0.005857 20.953903
v -72.675674 0.005857 21.228024
v -72.586510 0.005857 21.038097
v -72.543419 0.005857 21.090960
v -72.543419 3.323611 21.090960
v -72.586510 3.323611 21.038095
v -74.188240 1.183678 22.793831
v -74.144104 1.183678 22.845827
v -74.188240 0.871023 22.793831
v -74.144104 0.871023 22.845827
v -69.801094 2.261397 18.674789
v -69.759636 2.261396 18.728939
v -69.801094 2.574054 18.674789
v -69.759636 2.574054 18.728939
v -73.360695 0.005858 21.840414
v -73.625336 0.005858 22.114710
v -73.360695 3.035216 21.840414
v -73.625336 3.035217 22.114710
v -73.317108 3.035216 21.892872
v -73.581589 3.035217 22.167027
v -73.317108 0.005858 21.892872
v -73.581589 0.005858 22.167027
v -73.493019 0.005858 21.977562
v -73.449356 0.005858 22.029951
v -73.449356 3.323612 22.029951
v -73.493019 3.323612 21.977562
v -69.912552 -0.005880 18.526333
v -69.683334 -0.005880 18.825737
v -69.912552 3.097323 18.526333
v -69.683334 3.097323 18.825737
v -69.581581 3.097323 18.336348
v -69.353287 3.097323 18.636461
v -69.581581 -0.005880 18.336348
v -69.353287 -0.005881 18.636461
v -69.797943 -0.005880 18.676033
v -69.467430 -0.005881 18.486403
v -69.467430 3.097323 18.486403
v -69.797943 3.097323 18.676033
v -69.747063 3.097323 18.431339
v -69.632683 3.321759 18.581219
v -69.518303 3.097323 18.731098
v -69.518303 -0.005880 18.731098
v -69.632683 -0.005880 18.581219
v -69.747063 -0.005880 18.431339
v -79.315315 -0.005866 27.845539
v -79.054466 -0.005866 28.117821
v -79.315315 3.097338 27.845539
v -79.054466 3.097338 28.117821
v -79.050423 3.097337 27.570568
v -78.790436 3.097337 27.843681
v -79.050423 -0.005866 27.570568
v -78.790436 -0.005866 27.843681
v -79.184891 -0.005866 27.981676
v -78.920433 -0.005866 27.707123
v -78.920433 3.097337 27.707123
v -79.184891 3.097338 27.981676
v -79.182869 3.097337 27.708048
v -79.052658 3.321773 27.844397
v -78.922440 3.097337 27.980743
v -78.922440 -0.005866 27.980743
v -79.052658 -0.005866 27.844397
v -79.182869 -0.005866 27.708048
v -78.549644 0.005866 27.222359
v -78.814110 0.005866 27.496855
v -78.549644 3.035224 27.222359
v -78.814110 3.035225 27.496855
v -78.502876 3.035224 27.271990
v -78.767189 3.035225 27.546337
v -78.502876 0.005866 27.271990
v -78.767189 0.005866 27.546337
v -78.681885 0.005867 27.359610
v -78.635033 0.005867 27.409166
v -78.635033 3.323620 27.409166
v -78.681885 3.323620 27.359608
v -76.737747 0.005864 25.342188
v -77.002266 0.005864 25.616611
v -76.737747 3.035221 25.342188
v -77.002266 3.035222 25.616611
v -76.692070 3.035221 25.392830
v -76.956413 3.035222 25.667107
v -76.692070 0.005864 25.392830
v -76.956413 0.005864 25.667107
v -76.869995 0.005864 25.479404
v -76.824242 0.005864 25.529968
v -76.824242 3.323618 25.529972
v -76.869995 3.323618 25.479404
v -77.643753 0.005865 26.282217
v -77.908249 0.005865 26.556684
v -77.643753 3.035223 26.282217
v -77.908249 3.035223 26.556684
v -77.597519 3.035223 26.332355
v -77.861855 3.035223 26.606674
v -77.597519 0.005865 26.332355
v -77.861855 0.005865 26.606674
v -77.776001 0.005865 26.419445
v -77.729691 0.005865 26.469513
v -77.729691 3.323619 26.469513
v -77.776001 3.323619 26.419445
v -78.921692 2.900168 27.704588
v -78.874672 2.900167 27.753983
v -78.921692 2.575043 27.704588
v -78.874672 2.575042 27.753983
v -74.719681 2.575036 23.344879
v -74.675217 2.575036 23.396591
v -74.719681 2.900161 23.344879
v -74.675217 2.900161 23.396591
v -78.921692 0.867122 27.704588
v -78.874672 0.867122 27.753983
v -78.921692 0.541997 27.704588
v -78.874672 0.541997 27.753983
v -74.719681 0.541990 23.344879
v -74.675217 0.541990 23.396591
v -74.719681 0.867115 23.344879
v -74.675217 0.867115 23.396591
v -76.284691 0.005862 24.872221
v -76.549240 0.005863 25.146635
v -76.284691 3.035221 24.872221
v -76.549240 3.035221 25.146633
v -76.239288 3.035221 24.923113
v -76.503670 3.035221 25.197380
v -76.239288 0.005862 24.923107
v -76.503670 0.005863 25.197380
v -76.416962 0.005862 25.009420
v -76.371490 0.005863 25.060238
v -76.371490 3.323617 25.060238
v -76.416962 3.323617 25.009420
v -75.831612 0.005862 24.402281
v -76.096169 0.005862 24.676674
v -75.831612 3.035220 24.402281
v -76.096169 3.035221 24.676674
v -75.786491 3.035220 24.453421
v -76.050880 3.035221 24.727663
v -75.786491 0.005862 24.453421
v -76.050880 0.005862 24.727663
v -75.963890 0.005862 24.539480
v -75.918694 0.005862 24.590549
v -75.918694 3.323616 24.590549
v -75.963890 3.323616 24.539480
v -75.378525 0.005861 23.932377
v -75.643089 0.005862 24.206747
v -75.378525 3.035219 23.932377
v -75.643089 3.035220 24.206747
v -75.333687 3.035219 23.983761
v -75.598083 3.035220 24.257986
v -75.333687 0.005861 23.983761
v -75.598083 0.005861 24.257986
v -75.510796 0.005862 24.069559
v -75.465874 0.005862 24.120869
v -75.465874 3.323616 24.120869
v -75.510796 3.323616 24.069559
v -75.063889 3.323615 23.606115
v -75.196175 3.035219 23.743292
v -75.019241 3.323615 23.657667
v -75.151443 3.035219 23.794771
v -75.019241 0.005861 23.657667
v -75.151443 0.005861 23.794771
v -75.063889 0.005861 23.606115
v -75.196175 0.005861 23.743292
v -74.887024 0.005861 23.520559
v -74.931595 0.005861 23.468939
v -74.887024 3.035219 23.520559
v -74.931595 3.035219 23.468939
v -77.190765 0.005864 25.812189
v -77.455269 0.005864 26.086634
v -77.190765 3.035222 25.812183
v -77.455269 3.035223 26.086634
v -77.144814 3.035222 25.862581
v -77.409157 3.035223 26.136881
v -77.144814 0.005864 25.862581
v -77.409157 0.005864 26.136881
v -77.323021 0.005864 25.949411
v -77.276978 0.005864 25.999733
v -77.276978 3.323618 25.999733
v -77.323021 3.323618 25.949411
v -78.920883 1.183685 27.703758
v -78.873871 1.183685 27.753153
v -78.920883 0.871031 27.703758
v -78.873871 0.871031 27.753153
v -74.720108 2.261404 23.345310
v -74.675644 2.261404 23.397024
v -74.720108 2.574061 23.345314
v -74.675644 2.574061 23.397024
v -78.096718 0.005866 26.752274
v -78.361183 0.005866 27.026752
v -78.096718 3.035223 26.752274
v -78.361183 3.035224 27.026752
v -78.050224 3.035223 26.802160
v -78.314522 3.035224 27.076490
v -78.050224 0.005865 26.802162
v -78.314522 0.005866 27.076490
v -78.228958 0.005866 26.889513
v -78.182381 0.005866 26.939325
v -78.182381 3.323620 26.939325
v -78.228958 3.323620 26.889513
v -74.840042 -0.005873 23.203102
v -74.594208 -0.005873 23.489023
v -74.840042 3.097330 23.203100
v -74.594208 3.097330 23.489023
v -74.574982 3.097330 22.928326
v -74.330055 3.097330 23.215034
v -74.574982 -0.005873 22.928326
v -74.330055 -0.005873 23.215034
v -74.717133 -0.005873 23.346062
v -74.452515 -0.005873 23.071680
v -74.452515 3.097330 23.071680
v -74.717133 3.097331 23.346062
v -74.707504 3.097330 23.065710
v -74.584816 3.321766 23.208868
v -74.462143 3.097330 23.352028
v -74.462143 -0.005873 23.352028
v -74.584816 -0.005873 23.208868
v -74.707504 -0.005873 23.065710
v -84.052330 -0.005858 32.766235
v -83.776382 -0.005858 33.023209
v -84.052330 3.097345 32.766235
v -83.776382 3.097345 33.023209
v -83.787621 3.097344 32.491074
v -83.512489 3.097344 32.748924
v -83.787621 -0.005858 32.491074
v -83.512489 -0.005858 32.748924
v -83.914360 -0.005858 32.894722
v -83.650055 -0.005858 32.620003
v -83.650055 3.097344 32.620003
v -83.914360 3.097345 32.894722
v -83.919975 3.097345 32.628651
v -83.782204 3.321781 32.757359
v -83.644424 3.097345 32.886066
v -83.644424 -0.005858 32.886066
v -83.782204 -0.005858 32.757359
v -83.919975 -0.005858 32.628651
v -83.282341 0.005874 32.137768
v -83.546623 0.005874 32.412441
v -83.282341 3.035232 32.137768
v -83.546623 3.035232 32.412441
v -83.232826 3.035232 32.184654
v -83.496948 3.035232 32.459167
v -83.232826 0.005874 32.184654
v -83.496948 0.005874 32.459167
v -83.414490 0.005874 32.275105
v -83.364891 0.005874 32.321915
v -83.364891 3.323628 32.321915
v -83.414490 3.323628 32.275105
v -81.471619 0.005871 30.256378
v -81.735970 0.005871 30.530985
v -81.471619 3.035229 30.256378
v -81.735970 3.035229 30.530985
v -81.423119 3.035229 30.304335
v -81.687325 3.035229 30.578789
v -81.423119 0.005871 30.304335
v -81.687325 0.005871 30.578789
v -81.603790 0.005871 30.393686
v -81.555229 0.005871 30.441563
v -81.555229 3.323625 30.441563
v -81.603790 3.323625 30.393686
v -82.377045 0.005872 31.197016
v -82.641357 0.005873 31.471653
v -82.377045 3.035230 31.197016
v -82.641357 3.035231 31.471653
v -82.328026 3.035231 31.244444
v -82.592186 3.035231 31.518923
v -82.328026 0.005872 31.244444
v -82.592186 0.005873 31.518923
v -82.509193 0.005872 31.334335
v -82.460114 0.005872 31.381683
v -82.460114 3.323627 31.381683
v -82.509193 3.323627 31.334335
v -83.651428 2.900175 32.617573
v -83.601662 2.900175 32.664204
v -83.651428 2.575050 32.617573
v -83.601662 2.575050 32.664204
v -79.452019 2.575044 28.255156
v -79.404686 2.575044 28.304253
v -79.452019 2.900169 28.255156
v -79.404686 2.900169 28.304253
v -83.651428 0.867130 32.617573
v -83.601662 0.867129 32.664204
v -83.651428 0.542005 32.617573
v -83.601662 0.542005 32.664204
v -79.452019 0.541998 28.255156
v -79.404686 0.541997 28.304253
v -79.452019 0.867122 28.255156
v -79.404686 0.867122 28.304253
v -81.018875 0.005870 29.786108
v -81.283234 0.005870 30.060696
v -81.018875 3.035228 29.786108
v -81.283234 3.035228 30.060696
v -80.970642 3.035228 29.834332
v -81.234848 3.035228 30.108759
v -80.970642 0.005870 29.834332
v -81.234848 0.005870 30.108759
v -81.151039 0.005870 29.923399
v -81.102745 0.005870 29.971539
v -81.102745 3.323624 29.971539
v -81.151039 3.323624 29.923399
v -80.566086 0.005869 29.315853
v -80.830460 0.005870 29.590429
v -80.566086 3.035228 29.315853
v -80.830460 3.035228 29.590429
v -80.518120 3.035228 29.364334
v -80.782349 3.035228 29.638756
v -80.518120 0.005869 29.364334
v -80.782349 0.005870 29.638756
v -80.698280 0.005869 29.453138
v -80.650238 0.005869 29.501547
v -80.650238 3.323624 29.501547
v -80.698280 3.323624 29.453138
v -80.113266 0.005868 28.845634
v -80.377670 0.005869 29.120193
v -80.113266 3.035227 28.845634
v -80.377670 3.035227 29.120193
v -80.065567 3.035227 28.894377
v -80.329811 3.035227 29.168783
v -80.065567 0.005868 28.894377
v -80.329811 0.005869 29.168783
v -80.245468 0.005869 28.982914
v -80.197693 0.005868 29.031578
v -80.197693 3.323623 29.031578
v -80.245468 3.323623 28.982914
v -79.798851 3.323622 28.519165
v -79.931053 3.035227 28.656431
v -79.751328 3.323622 28.568090
v -79.883469 3.035226 28.705276
v -79.751328 0.005868 28.568090
v -79.883469 0.005868 28.705276
v -79.798851 0.005868 28.519165
v -79.931053 0.005868 28.656431
v -79.619202 0.005868 28.430889
v -79.666634 0.005867 28.381891
v -79.619202 3.035226 28.430889
v -79.666634 3.035226 28.381891
v -81.924347 0.005871 30.726683
v -82.188683 0.005872 31.001308
v -81.924347 3.035230 30.726683
v -82.188683 3.035230 31.001308
v -81.875595 3.035230 30.774374
v -82.139778 3.035230 31.048847
v -81.875595 0.005871 30.774374
v -82.139778 0.005872 31.048847
v -82.056519 0.005872 30.864002
v -82.007683 0.005872 30.911619
v -82.007683 3.323625 30.911619
v -82.056519 3.323625 30.864002
v -83.650620 1.183692 32.616737
v -83.600861 1.183692 32.663372
v -83.650627 0.871038 32.616741
v -83.600868 0.871038 32.663380
v -79.452423 2.261412 28.255585
v -79.405090 2.261412 28.304678
v -79.452423 2.574069 28.255585
v -79.405090 2.574069 28.304678
v -82.829712 0.005873 31.667385
v -83.094009 0.005874 31.942036
v -82.829712 3.035231 31.667385
v -83.094009 3.035231 31.942036
v -82.780441 3.035231 31.714539
v -83.044586 3.035231 31.989035
v -82.780441 0.005873 31.714544
v -83.044586 0.005874 31.989035
v -82.961861 0.005873 31.804705
v -82.912514 0.005873 31.851784
v -82.912514 3.323627 31.851784
v -82.961861 3.323627 31.804705
v -79.580208 -0.005865 28.120508
v -79.318489 -0.005865 28.391958
v -79.580208 3.097338 28.120508
v -79.318489 3.097338 28.391958
v -79.315315 3.097338 27.845539
v -79.054466 3.097338 28.117821
v -79.315315 -0.005866 27.845539
v -79.054466 -0.005866 28.117821
v -79.449341 -0.005865 28.256233
v -79.184891 -0.005866 27.981676
v -79.184891 3.097338 27.981676
v -79.449341 3.097338 28.256233
v -79.447769 3.097338 27.983021
v -79.317123 3.321774 28.118956
v -79.186478 3.097338 28.254889
v -79.186478 -0.005866 28.254889
v -79.317123 -0.005865 28.118956
v -79.447769 -0.005865 27.983021
v -88.785789 -0.005851 37.690231
v -88.495651 -0.005851 37.931053
v -88.785789 3.097352 37.690231
v -88.495651 3.097352 37.931053
v -88.521286 3.097352 37.414886
v -88.231911 3.097352 37.656639
v -88.521286 -0.005852 37.414886
v -88.231911 -0.005851 37.656639
v -88.640717 -0.005851 37.810638
v -88.376602 -0.005851 37.535767
v -88.376602 3.097352 37.535767
v -88.640717 3.097352 37.810638
v -88.653542 3.097352 37.552567
v -88.508659 3.321788 37.673210
v -88.363785 3.097352 37.793854
v -88.363785 -0.005851 37.793854
v -88.508659 -0.005851 37.673210
v -88.653542 -0.005851 37.552567
v -88.011810 0.005881 37.056236
v -88.275902 0.005882 37.331081
v -88.011810 3.035239 37.056236
v -88.275902 3.035240 37.331081
v -87.959694 3.035239 37.100224
v -88.223648 3.035240 37.374905
v -87.959694 0.005881 37.100224
v -88.223648 0.005882 37.374905
v -88.143860 0.005881 37.193657
v -88.091667 0.005881 37.237556
v -88.091667 3.323635 37.237556
v -88.143860 3.323635 37.193653
v -86.202332 0.005878 35.173702
v -86.466492 0.005879 35.448475
v -86.202332 3.035236 35.173702
v -86.466492 3.035237 35.448475
v -86.151199 3.035236 35.218815
v -86.415199 3.035237 35.493423
v -86.151199 0.005878 35.218815
v -86.415199 0.005879 35.493423
v -86.334427 0.005879 35.311081
v -86.283203 0.005878 35.356113
v -86.283203 3.323632 35.356113
v -86.334427 3.323632 35.311081
v -87.107132 0.005880 36.114914
v -87.371269 0.005880 36.389721
v -87.107132 3.035238 36.114914
v -87.371269 3.035239 36.389721
v -87.055496 3.035238 36.159473
v -87.319496 3.035239 36.434109
v -87.055496 0.005880 36.159473
v -87.319496 0.005880 36.434109
v -87.239204 0.005880 36.252316
v -87.187500 0.005880 36.296783
v -87.187500 3.323634 36.296783
v -87.239204 3.323634 36.252316
v -88.378059 2.900182 37.533447
v -88.325729 2.900183 37.577168
v -88.378059 2.575058 37.533447
v -88.325729 2.575058 37.577168
v -84.181404 2.575051 33.168476
v -84.131348 2.575051 33.214790
v -84.181404 2.900176 33.168476
v -84.131348 2.900176 33.214790
v -88.378059 0.867137 37.533447
v -88.325729 0.867137 37.577168
v -88.378059 0.542012 37.533447
v -88.325729 0.542012 37.577168
v -84.181404 0.542005 33.168476
v -84.131348 0.542006 33.214790
v -84.181404 0.867130 33.168476
v -84.131348 0.867130 33.214790
v -85.749893 0.005877 34.703121
v -86.014084 0.005878 34.977894
v -85.749893 3.035236 34.703121
v -86.014084 3.035236 34.977894
v -85.698997 3.035236 34.748512
v -85.963043 3.035236 35.023125
v -85.698997 0.005877 34.748512
v -85.963043 0.005878 35.023125
v -85.881996 0.005878 34.840511
v -85.831024 0.005878 34.885818
v -85.831024 3.323632 34.885818
v -85.881996 3.323632 34.840508
v -85.297424 0.005877 34.232590
v -85.561623 0.005877 34.507332
v -85.297424 3.035235 34.232590
v -85.561623 3.035235 34.507332
v -85.246773 3.035235 34.278259
v -85.510818 3.035235 34.552841
v -85.246773 0.005877 34.278259
v -85.510818 0.005877 34.552841
v -85.429527 0.005877 34.369961
v -85.378807 0.005877 34.415550
v -85.378807 3.323631 34.415550
v -85.429527 3.323631 34.369961
v -84.844917 0.005876 33.762077
v -85.109138 0.005877 34.036800
v -84.844917 3.035234 33.762077
v -85.109138 3.035235 34.036800
v -84.794518 3.035234 33.808018
v -85.058586 3.035235 34.082584
v -84.794518 0.005877 33.808018
v -85.058586 0.005877 34.082584
v -84.977028 0.005876 33.899433
v -84.926544 0.005876 33.945301
v -84.926544 3.323630 33.945301
v -84.977028 3.323631 33.899433
v -84.530693 3.323630 33.435394
v -84.662819 3.035234 33.572746
v -84.480469 3.323630 33.481529
v -84.612518 3.035234 33.618801
v -84.480469 0.005876 33.481529
v -84.612518 0.005876 33.618801
v -84.530693 0.005876 33.435394
v -84.662819 0.005876 33.572746
v -84.348434 0.005876 33.344250
v -84.398582 0.005875 33.298038
v -84.348434 3.035233 33.344250
v -84.398582 3.035233 33.298038
v -86.654747 0.005879 35.644291
v -86.918900 0.005880 35.919083
v -86.654747 3.035237 35.644291
v -86.918900 3.035238 35.919083
v -86.603363 3.035237 35.689129
v -86.867363 3.035238 35.963757
v -86.603363 0.005879 35.689129
v -86.867363 0.005879 35.963757
v -86.786827 0.005880 35.781681
v -86.735359 0.005879 35.826435
v -86.735359 3.323633 35.826435
v -86.786827 3.323633 35.781681
v -88.377274 1.183700 37.532619
v -88.324936 1.183700 37.576344
v -88.377274 0.871046 37.532619
v -88.324936 0.871046 37.576344
v -84.181824 2.261419 33.168911
v -84.131775 2.261419 33.215225
v -84.181824 2.574076 33.168911
v -84.131775 2.574076 33.215225
v -87.559494 0.005881 36.585560
v -87.823608 0.005881 36.860382
v -87.559494 3.035239 36.585560
v -87.823608 3.035239 36.860382
v -87.507614 3.035239 36.629833
v -87.771591 3.035239 36.904484
v -87.507614 0.005881 36.629833
v -87.771591 0.005881 36.904484
v -87.691536 0.005880 36.722965
v -87.639587 0.005880 36.767151
v -87.639587 3.323635 36.767151
v -87.691536 3.323635 36.722965
v -84.317017 -0.005857 33.041401
v -84.040253 -0.005857 33.297493
v -84.317017 3.097345 33.041401
v -84.040253 3.097345 33.297493
v -84.052330 3.097345 32.766235
v -83.776382 3.097345 33.023209
v -84.052330 -0.005858 32.766235
v -83.776382 -0.005858 33.023209
v -84.178635 -0.005857 33.169445
v -83.914360 -0.005858 32.894722
v -83.914360 3.097345 32.894722
v -84.178635 3.097345 33.169445
v -84.184677 3.097345 32.903816
v -84.046494 3.321781 33.032078
v -83.908310 3.097345 33.160347
v -83.908310 -0.005858 33.160347
v -84.046494 -0.005858 33.032078
v -84.184677 -0.005858 32.903816
v -93.515533 -0.005843 42.617302
v -93.212128 -0.005843 42.841198
v -93.515533 3.097360 42.617302
v -93.212128 3.097360 42.841198
v -93.251251 3.097360 42.341805
v -92.948563 3.097359 42.566673
v -93.251251 -0.005844 42.341805
v -92.948563 -0.005844 42.566673
v -93.363831 -0.005843 42.729248
v -93.099899 -0.005844 42.454239
v -93.099899 3.097359 42.454239
v -93.363831 3.097360 42.729248
v -93.383400 3.097360 42.479549
v -93.231873 3.321796 42.591740
v -93.080353 3.097360 42.703934
v -93.080353 -0.005844 42.703934
v -93.231873 -0.005844 42.591740
v -93.383400 -0.005843 42.479549
v -92.737869 0.005889 41.977554
v -93.001778 0.005889 42.252567
v -92.737869 3.035246 41.977554
v -93.001778 3.035247 42.252567
v -92.683327 3.035246 42.018501
v -92.947121 3.035247 42.293343
v -92.683327 0.005888 42.018501
v -92.947121 0.005889 42.293343
v -92.869827 0.005889 42.115067
v -92.815224 0.005889 42.155922
v -92.815224 3.323642 42.155922
v -92.869827 3.323642 42.115067
v -90.929726 0.005886 40.093960
v -91.193695 0.005887 40.368889
v -90.929726 3.035244 40.093960
v -91.193695 3.035244 40.368889
v -90.876099 3.035244 40.136089
v -91.139931 3.035244 40.410847
v -90.876099 0.005885 40.136089
v -91.139931 0.005886 40.410847
v -91.061722 0.005886 40.231430
v -91.008018 0.005886 40.273468
v -91.008018 3.323640 40.273468
v -91.061722 3.323640 40.231430
v -91.833862 0.005887 41.035713
v -92.097794 0.005888 41.310665
v -91.833862 3.035245 41.035713
v -92.097794 3.035246 41.310665
v -91.779778 3.035245 41.077255
v -92.043571 3.035246 41.352032
v -91.779778 0.005887 41.077255
v -92.043571 0.005888 41.352032
v -91.965828 0.005887 41.173183
v -91.911667 0.005887 41.214630
v -91.911667 3.323641 41.214630
v -91.965828 3.323642 41.173183
v -93.101471 2.900190 42.452038
v -93.046722 2.900190 42.492710
v -93.101471 2.575065 42.452038
v -93.046722 2.575065 42.492710
v -88.907707 2.575058 38.084667
v -88.855087 2.575058 38.128056
v -88.907707 2.900183 38.084667
v -88.855087 2.900183 38.128056
v -93.101471 0.867144 42.452038
v -93.046722 0.867144 42.492710
v -93.101471 0.542019 42.452038
v -93.046722 0.542019 42.492710
v -88.907707 0.542013 38.084667
v -88.855087 0.542013 38.128056
v -88.907707 0.867138 38.084667
v -88.855087 0.867138 38.128056
v -90.477608 0.005885 39.623119
v -90.741608 0.005886 39.898037
v -90.477608 3.035243 39.623119
v -90.741608 3.035243 39.898037
v -90.424210 3.035243 39.665535
v -90.688072 3.035244 39.940281
v -90.424210 0.005885 39.665535
v -90.688072 0.005886 39.940281
v -90.609604 0.005885 39.760571
v -90.556137 0.005885 39.802906
v -90.556137 3.323640 39.802906
v -90.609604 3.323639 39.760571
v -90.025452 0.005884 39.152306
v -90.289467 0.005885 39.427212
v -90.025452 3.035242 39.152306
v -90.289467 3.035243 39.427212
v -89.972282 3.035242 39.195011
v -90.236160 3.035243 39.469749
v -89.972282 0.005884 39.195011
v -90.236160 0.005885 39.469749
v -90.157471 0.005885 39.289753
v -90.104233 0.005885 39.332378
v -90.104233 3.323639 39.332378
v -90.157471 3.323639 39.289753
v -89.573265 0.005883 38.681511
v -89.837311 0.005884 38.956394
v -89.573265 3.035242 38.681511
v -89.837311 3.035242 38.956394
v -89.520332 3.035242 38.724506
v -89.784233 3.035242 38.999222
v -89.520332 0.005883 38.724506
v -89.784233 0.005884 38.999222
v -89.705299 0.005884 38.818962
v -89.652283 0.005884 38.861874
v -89.652298 3.323638 38.861874
v -89.705299 3.323638 38.818962
v -89.259293 3.323637 38.354637
v -89.391312 3.035241 38.492069
v -89.206512 3.323637 38.397835
v -89.338463 3.035242 38.535179
v -89.206512 0.005883 38.397835
v -89.338463 0.005883 38.535179
v -89.259293 0.005883 38.354637
v -89.391312 0.005883 38.492069
v -89.074554 0.005883 38.260471
v -89.127251 0.005883 38.217190
v -89.074554 3.035241 38.260471
v -89.127251 3.035241 38.217190
v -91.381813 0.005886 40.564819
v -91.645760 0.005887 40.839767
v -91.381813 3.035245 40.564819
v -91.645760 3.035245 40.839767
v -91.327950 3.035245 40.606651
v -91.591759 3.035245 40.881428
v -91.327950 0.005886 40.606651
v -91.591759 0.005887 40.881428
v -91.513786 0.005887 40.702286
v -91.459862 0.005887 40.744041
v -91.459862 3.323641 40.744041
v -91.513786 3.323641 40.702286
v -93.100670 1.183707 42.451195
v -93.045921 1.183707 42.491863
v -93.100677 0.871053 42.451218
v -93.045944 0.871053 42.491886
v -88.908119 2.261426 38.085091
v -88.855492 2.261426 38.128479
v -88.908119 2.574084 38.085091
v -88.855492 2.574084 38.128479
v -92.285889 0.005888 41.506626
v -92.549805 0.005889 41.781605
v -92.285889 3.035246 41.506626
v -92.549805 3.035246 41.781605
v -92.231567 3.035246 41.547867
v -92.495346 3.035246 41.822666
v -92.231567 0.005888 41.547867
v -92.495346 0.005889 41.822666
v -92.417847 0.005888 41.644115
v -92.363464 0.005888 41.685276
v -92.363464 3.323642 41.685276
v -92.417847 3.323642 41.644115
v -89.050293 -0.005851 37.965572
v -88.759377 -0.005850 38.205475
v -89.050293 3.097353 37.965580
v -88.759377 3.097353 38.205475
v -88.785789 3.097352 37.690231
v -88.495651 3.097352 37.931053
v -88.785789 -0.005851 37.690231
v -88.495651 -0.005851 37.931053
v -88.904846 -0.005850 38.085526
v -88.640717 -0.005851 37.810638
v -88.640717 3.097352 37.810638
v -88.904846 3.097353 38.085526
v -88.918037 3.097353 37.827892
v -88.772774 3.321789 37.948071
v -88.627510 3.097353 38.068256
v -88.627510 -0.005851 38.068256
v -88.772774 -0.005850 37.948071
v -88.918037 -0.005851 37.827892
v -96.850700 -0.005836 48.561764
v -96.535904 -0.005836 48.769329
v -96.850700 3.097368 48.561764
v -96.535904 3.097368 48.769329
v -96.667007 3.097367 48.227463
v -96.352821 3.097367 48.435959
v -96.667007 -0.005836 48.227463
v -96.352821 -0.005836 48.435959
v -96.693298 -0.005836 48.665543
v -96.509918 -0.005836 48.331711
v -96.509918 3.097367 48.331711
v -96.693298 3.097368 48.665543
v -96.758842 3.097367 48.394615
v -96.601608 3.321803 48.498631
v -96.444359 3.097367 48.602646
v -96.444359 -0.005836 48.602646
v -96.601608 -0.005836 48.498631
v -96.758842 -0.005836 48.394615
v -96.277428 0.005896 47.765030
v -96.460823 0.005896 48.098804
v -96.277428 3.035254 47.765030
v -96.460823 3.035254 48.098804
v -96.220779 3.035254 47.803005
v -96.404068 3.035255 48.136604
v -96.220779 0.005896 47.803005
v -96.404068 0.005896 48.136604
v -96.369133 0.005897 47.931919
v -96.312424 0.005897 47.969810
v -96.312424 3.323650 47.969810
v -96.369133 3.323650 47.931919
v -95.020859 0.005893 45.478828
v -95.204308 0.005893 45.812519
v -95.020859 3.035251 45.478828
v -95.204308 3.035252 45.812519
v -94.964981 3.035251 45.517933
v -95.148315 3.035252 45.851463
v -94.964981 0.005893 45.517933
v -95.148315 0.005894 45.851463
v -95.112595 0.005893 45.645679
v -95.056656 0.005893 45.684704
v -95.056656 3.323647 45.684704
v -95.112595 3.323647 45.645679
v -95.649208 0.005894 46.621906
v -95.832626 0.005895 46.955624
v -95.649208 3.035253 46.621906
v -95.832626 3.035253 46.955624
v -95.592941 3.035253 46.660446
v -95.776253 3.035253 46.993996
v -95.592941 0.005895 46.660446
v -95.776253 0.005895 46.993996
v -95.740913 0.005894 46.788754
v -95.684593 0.005895 46.827209
v -95.684593 3.323649 46.827209
v -95.740913 3.323649 46.788754
v -96.511734 2.900198 48.329510
v -96.454910 2.900198 48.367218
v -96.511734 2.575073 48.329510
v -96.454910 2.575073 48.367218
v -93.597504 2.575066 43.027809
v -93.542503 2.575066 43.068130
v -93.597504 2.900191 43.027809
v -93.542503 2.900191 43.068130
v -96.511734 0.867151 48.329510
v -96.454910 0.867152 48.367218
v -96.511734 0.542027 48.329510
v -96.454910 0.542027 48.367218
v -93.597504 0.542020 43.027809
v -93.542503 0.542020 43.068130
v -93.597504 0.867145 43.027809
v -93.542503 0.867145 43.068130
v -94.706635 0.005893 44.907318
v -94.890106 0.005893 45.241016
v -94.706635 3.035251 44.907318
v -94.890106 3.035251 45.241016
v -94.650963 3.035251 44.946701
v -94.834320 3.035251 45.280243
v -94.650963 0.005892 44.946701
v -94.834320 0.005893 45.280243
v -94.798378 0.005893 45.074162
v -94.742638 0.005893 45.113468
v -94.742638 3.323647 45.113468
v -94.798378 3.323647 45.074162
v -94.392403 0.005892 44.335831
v -94.575897 0.005892 44.669533
v -94.392403 3.035250 44.335831
v -94.575897 3.035250 44.669533
v -94.336922 3.035250 44.375492
v -94.520302 3.035250 44.709038
v -94.336922 0.005892 44.375492
v -94.520302 0.005892 44.709038
v -94.484146 0.005892 44.502670
v -94.428612 0.005892 44.542263
v -94.428612 3.323646 44.542263
v -94.484146 3.323646 44.502670
v -94.078117 0.005891 43.764362
v -94.261635 0.005892 44.098045
v -94.078117 3.035249 43.764362
v -94.261635 3.035249 44.098045
v -94.022835 3.035249 43.804314
v -94.206238 3.035250 44.137829
v -94.022835 0.005891 43.804314
v -94.206238 0.005891 44.137829
v -94.169884 0.005891 43.931213
v -94.114555 0.005892 43.971077
v -94.114555 3.323645 43.971077
v -94.169884 3.323645 43.931213
v -93.859894 3.323644 43.367592
v -93.951653 3.035249 43.534409
v -93.804764 3.323644 43.407734
v -93.896454 3.035249 43.574467
v -93.804764 0.005891 43.407734
v -93.896454 0.005891 43.574467
v -93.859894 0.005891 43.367592
v -93.951653 0.005891 43.534409
v -93.713051 0.005890 43.240963
v -93.768127 0.005890 43.200741
v -93.713051 3.035249 43.240963
v -93.768127 3.035248 43.200741
v -95.335037 0.005894 46.050339
v -95.518486 0.005895 46.384079
v -95.335037 3.035252 46.050339
v -95.518486 3.035252 46.384079
v -95.278976 3.035252 46.089161
v -95.462303 3.035252 46.422741
v -95.278976 0.005894 46.089161
v -95.462303 0.005894 46.422741
v -95.426758 0.005894 46.217209
v -95.370628 0.005894 46.255959
v -95.370628 3.323648 46.255959
v -95.426758 3.323648 46.217209
v -96.511169 1.183715 48.328484
v -96.454353 1.183715 48.366196
v -96.511169 0.871061 48.328503
v -96.454353 0.871061 48.366215
v -93.597801 2.261434 43.028324
v -93.542801 2.261434 43.068645
v -93.597801 2.574091 43.028324
v -93.542801 2.574091 43.068645
v -95.963326 0.005896 47.193455
v -96.146736 0.005896 47.527206
v -95.963326 3.035253 47.193455
v -96.146736 3.035254 47.527206
v -95.906876 3.035253 47.231716
v -96.090164 3.035254 47.565300
v -95.906876 0.005896 47.231716
v -96.090164 0.005896 47.565300
v -96.055038 0.005895 47.360332
v -95.998528 0.005896 47.398510
v -95.998528 3.323650 47.398510
v -96.055038 3.323649 47.360332
v -93.746849 -0.005843 42.916889
v -93.442757 -0.005842 43.139851
v -93.746849 3.097360 42.916889
v -93.442757 3.097360 43.139851
v -93.515533 3.097360 42.617302
v -93.212128 3.097360 42.841198
v -93.515533 -0.005843 42.617302
v -93.212128 -0.005843 42.841198
v -93.594803 -0.005843 43.028374
v -93.363831 -0.005843 42.729248
v -93.363831 3.097360 42.729248
v -93.594803 3.097360 43.028374
v -93.647690 3.097360 42.755058
v -93.495811 3.321796 42.866760
v -93.343925 3.097360 42.978470
v -93.343925 -0.005843 42.978470
v -93.495811 -0.005843 42.866760
v -93.647690 -0.005843 42.755058
v -100.134995 -0.005828 54.543068
v -99.809700 -0.005828 54.733772
v -100.134995 3.097374 54.543068
v -99.809700 3.097375 54.733772
v -99.951477 3.097374 54.208641
v -99.626755 3.097374 54.400307
v -99.951477 -0.005829 54.208641
v -99.626755 -0.005829 54.400307
v -99.972359 -0.005828 54.638424
v -99.789116 -0.005829 54.304482
v -99.789116 3.097374 54.304482
v -99.972359 3.097375 54.638424
v -100.043251 3.097375 54.375858
v -99.880753 3.321810 54.471458
v -99.718239 3.097374 54.567047
v -99.718239 -0.005828 54.567047
v -99.880753 -0.005829 54.471458
v -100.043251 -0.005829 54.375858
v -99.558876 0.005903 53.740726
v -99.742088 0.005904 54.074593
v -99.558876 3.035262 53.740726
v -99.742088 3.035262 54.074593
v -99.500298 3.035262 53.775658
v -99.683418 3.035262 54.109364
v -99.500298 0.005903 53.775658
v -99.683418 0.005904 54.109364
v -99.650482 0.005904 53.907661
v -99.591858 0.005903 53.942513
v -99.591858 3.323658 53.942513
v -99.650482 3.323658 53.907661
v -98.303528 0.005900 51.453739
v -98.486794 0.005901 51.787544
v -98.303528 3.035259 51.453739
v -98.486794 3.035259 51.787544
v -98.245674 3.035259 51.489845
v -98.428833 3.035259 51.823494
v -98.245674 0.005900 51.489845
v -98.428833 0.005901 51.823494
v -98.395164 0.005901 51.620647
v -98.337265 0.005901 51.656677
v -98.337265 3.323655 51.656677
v -98.395164 3.323655 51.620647
v -98.931252 0.005903 52.597195
v -99.114494 0.005903 52.931034
v -98.931252 3.035260 52.597195
v -99.114494 3.035261 52.931034
v -98.873039 3.035260 52.632721
v -99.056183 3.035260 52.966385
v -98.873039 0.005902 52.632721
v -99.056183 0.005903 52.966385
v -99.022881 0.005903 52.764114
v -98.964600 0.005903 52.799561
v -98.964600 3.323656 52.799561
v -99.022881 3.323656 52.764114
v -99.791039 2.900205 54.302395
v -99.732307 2.900205 54.337063
v -99.791039 2.575080 54.302395
v -99.732307 2.575080 54.337063
v -96.879486 2.575073 48.998943
v -96.822441 2.575073 49.036316
v -96.879486 2.900198 48.998943
v -96.822441 2.900198 49.036316
v -99.791039 0.867159 54.302395
v -99.732307 0.867159 54.337063
v -99.791039 0.542034 54.302395
v -99.732307 0.542034 54.337063
v -96.879486 0.542028 48.998943
v -96.822441 0.542028 49.036316
v -96.879486 0.867153 48.998943
v -96.822441 0.867152 49.036316
v -97.989601 0.005900 50.882027
v -98.172890 0.005900 51.215836
v -97.989601 3.035258 50.882027
v -98.172890 3.035258 51.215836
v -97.931938 3.035258 50.918434
v -98.115112 3.035258 51.252068
v -97.931938 0.005900 50.918434
v -98.115112 0.005900 51.252068
v -98.081261 0.005900 51.048923
v -98.023529 0.005900 51.085239
v -98.023529 3.323654 51.085239
v -98.081261 3.323654 51.048923
v -97.675652 0.005899 50.310326
v -97.858986 0.005899 50.644135
v -97.675652 3.035257 50.310326
v -97.858986 3.035258 50.644135
v -97.618172 3.035257 50.347019
v -97.801392 3.035258 50.680668
v -97.618172 0.005899 50.347019
v -97.801392 0.005899 50.680668
v -97.767311 0.005899 50.477226
v -97.709778 0.005899 50.513824
v -97.709778 3.323654 50.513824
v -97.767311 3.323653 50.477226
v -97.361679 0.005898 49.738663
v -97.545013 0.005899 50.072456
v -97.361679 3.035257 49.738663
v -97.545013 3.035257 50.072456
v -97.304382 3.035257 49.775639
v -97.487617 3.035257 50.109276
v -97.304382 0.005898 49.775639
v -97.487602 0.005899 50.109264
v -97.453362 0.005898 49.905560
v -97.395996 0.005898 49.942459
v -97.395996 3.323653 49.942459
v -97.453362 3.323653 49.905560
v -97.143677 3.323653 49.341747
v -97.235329 3.035256 49.508629
v -97.086510 3.323653 49.378933
v -97.178116 3.035256 49.545731
v -97.086510 0.005898 49.378933
v -97.178116 0.005898 49.545731
v -97.143677 0.005898 49.341747
v -97.235329 0.005898 49.508629
v -96.994873 0.005898 49.212109
v -97.051987 0.005898 49.174847
v -96.994873 3.035256 49.212109
v -97.051987 3.035256 49.174839
v -98.617409 0.005902 52.025448
v -98.800659 0.005902 52.359291
v -98.617409 3.035259 52.025448
v -98.800659 3.035260 52.359291
v -98.559364 3.035259 52.061272
v -98.742531 3.035260 52.394943
v -98.559364 0.005902 52.061272
v -98.742531 0.005902 52.394943
v -98.709045 0.005902 52.192383
v -98.650955 0.005902 52.228111
v -98.650955 3.323655 52.228111
v -98.709045 3.323655 52.192383
v -99.790482 1.183722 54.301388
v -99.731743 1.183722 54.336044
v -99.790482 0.871068 54.301399
v -99.731743 0.871068 54.336067
v -96.879768 2.261441 48.999458
v -96.822723 2.261441 49.036827
v -96.879768 2.574099 48.999458
v -96.822723 2.574099 49.036827
v -99.245079 0.005903 53.168949
v -99.428307 0.005903 53.502811
v -99.245079 3.035261 53.168949
v -99.428307 3.035261 53.502811
v -99.186684 3.035261 53.204185
v -99.369820 3.035261 53.537868
v -99.186684 0.005903 53.204185
v -99.369820 0.005903 53.537868
v -99.336700 0.005903 53.335880
v -99.278252 0.005903 53.371029
v -99.278252 3.323657 53.371029
v -99.336700 3.323657 53.335880
v -97.034386 -0.005836 48.896057
v -96.718971 -0.005836 49.102703
v -97.034386 3.097368 48.896057
v -96.718971 3.097368 49.102703
v -96.850700 3.097368 48.561752
v -96.535904 3.097368 48.769321
v -96.850700 -0.005836 48.561752
v -96.535904 -0.005836 48.769321
v -96.876678 -0.005836 48.999382
v -96.693298 -0.005836 48.665539
v -96.693298 3.097368 48.665539
v -96.876678 3.097368 48.999382
v -96.942543 3.097367 48.728901
v -96.784988 3.321803 48.832455
v -96.627426 3.097367 48.936008
v -96.627426 -0.005836 48.936008
v -96.784988 -0.005836 48.832455
v -96.942543 -0.005836 48.728901
v -103.415733 -0.005821 60.526470
v -103.080849 -0.005821 60.699791
v -103.415733 3.097382 60.526470
v -103.080849 3.097382 60.699780
v -103.232445 3.097382 60.191952
v -102.898079 3.097382 60.366245
v -103.232445 -0.005821 60.191952
v -102.898079 -0.005821 60.366245
v -103.248299 -0.005821 60.613125
v -103.065269 -0.005821 60.279099
v -103.065269 3.097382 60.279099
v -103.248299 3.097382 60.613125
v -103.324104 3.097382 60.359219
v -103.156784 3.321818 60.446114
v -102.989471 3.097382 60.533020
v -102.989471 -0.005821 60.533020
v -103.156784 -0.005821 60.446114
v -103.324104 -0.005821 60.359219
v -102.837067 0.005911 59.718372
v -103.020096 0.005912 60.052345
v -102.837067 3.035269 59.718372
v -103.020096 3.035269 60.052345
v -102.776733 3.035269 59.750179
v -102.959663 3.035269 60.083973
v -102.776733 0.005911 59.750179
v -102.959663 0.005912 60.083973
v -102.928581 0.005911 59.885357
v -102.868210 0.005911 59.917072
v -102.868210 3.323665 59.917072
v -102.928581 3.323665 59.885357
v -101.582962 0.005908 57.430645
v -101.766060 0.005908 57.764587
v -101.582962 3.035266 57.430645
v -101.766060 3.035267 57.764587
v -101.523300 3.035266 57.463654
v -101.706291 3.035267 57.797424
v -101.523300 0.005908 57.463654
v -101.706291 0.005908 57.797424
v -101.674507 0.005908 57.597599
v -101.614792 0.005908 57.630527
v -101.614792 3.323663 57.630527
v -101.674507 3.323663 57.597599
v -102.210075 0.005910 58.574467
v -102.393135 0.005910 58.908424
v -102.210075 3.035268 58.574467
v -102.393135 3.035268 58.908424
v -102.150078 3.035268 58.606880
v -102.333038 3.035268 58.940655
v -102.150078 0.005909 58.606880
v -102.333038 0.005910 58.940655
v -102.301605 0.005910 58.741444
v -102.241554 0.005910 58.773769
v -102.241554 3.323664 58.773769
v -102.301605 3.323664 58.741444
v -103.067223 2.900213 60.277130
v -103.006752 2.900213 60.308651
v -103.067223 2.575088 60.277130
v -103.006752 2.575088 60.308651
v -100.158417 2.575081 54.972034
v -100.099495 2.575081 55.006348
v -100.158417 2.900206 54.972034
v -100.099495 2.900206 55.006348
v -103.067223 0.867166 60.277130
v -103.006752 0.867166 60.308651
v -103.067223 0.542042 60.277130
v -103.006752 0.542042 60.308651
v -100.158417 0.542035 54.972034
v -100.099495 0.542035 55.006348
v -100.158417 0.867160 54.972034
v -100.099495 0.867160 55.006348
v -101.269371 0.005907 56.858749
v -101.452477 0.005908 57.192661
v -101.269371 3.035266 56.858749
v -101.452477 3.035266 57.192661
v -101.209862 3.035266 56.892067
v -101.392876 3.035266 57.225807
v -101.209862 0.005907 56.892067
v -101.392876 0.005908 57.225807
v -101.360924 0.005908 57.025715
v -101.301369 0.005908 57.058941
v -101.301369 3.323662 57.058941
v -101.360924 3.323662 57.025715
v -100.955727 0.005907 56.286877
v -101.138870 0.005907 56.620800
v -100.955727 3.035265 56.286877
v -101.138870 3.035265 56.620800
v -100.896393 3.035265 56.320492
v -101.079430 3.035265 56.654232
v -100.896393 0.005907 56.320492
v -101.079430 0.005907 56.654232
v -101.047295 0.005907 56.453831
v -100.987907 0.005907 56.487354
v -100.987907 3.323661 56.487354
v -101.047295 3.323661 56.453831
v -100.642075 0.005906 55.715015
v -100.825226 0.005906 56.048927
v -100.642075 3.035264 55.715015
v -100.825226 3.035264 56.048927
v -100.582901 3.035264 55.748928
v -100.765961 3.035264 56.082668
v -100.582901 0.005906 55.748928
v -100.765961 0.005906 56.082668
v -100.733658 0.005906 55.881973
v -100.674431 0.005906 55.915806
v -100.674431 3.323660 55.915806
v -100.733658 3.323660 55.881973
v -100.424271 3.323659 55.317970
v -100.515839 3.035264 55.484901
v -100.365211 3.323659 55.352089
v -100.456734 3.035264 55.518940
v -100.365211 0.005906 55.352089
v -100.456734 0.005906 55.518940
v -100.424271 0.005905 55.317970
v -100.515839 0.005906 55.484901
v -100.273674 0.005905 55.185211
v -100.332664 0.005905 55.151001
v -100.273674 3.035264 55.185211
v -100.332664 3.035264 55.151001
v -101.896545 0.005909 58.002560
v -102.079620 0.005909 58.336494
v -101.896545 3.035267 58.002560
v -102.079620 3.035267 58.336494
v -101.836700 3.035267 58.035271
v -102.019684 3.035267 58.369034
v -101.836700 0.005909 58.035271
v -102.019684 0.005909 58.369034
v -101.988091 0.005909 58.169529
v -101.928192 0.005909 58.202160
v -101.928192 3.323663 58.202160
v -101.988091 3.323663 58.169529
v -103.066658 1.183730 60.276112
v -103.006195 1.183730 60.307632
v -103.066658 0.871076 60.276112
v -103.006195 0.871076 60.307632
v -100.158714 2.261449 54.972561
v -100.099792 2.261449 55.006874
v -100.158714 2.574106 54.972561
v -100.099792 2.574106 55.006874
v -102.523575 0.005910 59.146420
v -102.706635 0.005911 59.480377
v -102.523575 3.035268 59.146420
v -102.706627 3.035269 59.480377
v -102.463409 3.035268 59.178524
v -102.646370 3.035269 59.512321
v -102.463409 0.005911 59.178524
v -102.646370 0.005911 59.512321
v -102.615097 0.005911 59.313385
v -102.554886 0.005910 59.345398
v -102.554886 3.323665 59.345398
v -102.615097 3.323665 59.313385
v -100.318481 -0.005828 54.877480
v -99.992638 -0.005828 55.067226
v -100.318489 3.097375 54.877480
v -99.992638 3.097375 55.067226
v -100.134995 3.097374 54.543068
v -99.809700 3.097375 54.733772
v -100.134995 -0.005828 54.543068
v -99.809700 -0.005828 54.733772
v -100.155556 -0.005828 54.972359
v -99.972359 -0.005828 54.638424
v -99.972359 3.097375 54.638424
v -100.155556 3.097375 54.972359
v -100.226746 3.097375 54.710274
v -100.063965 3.321811 54.805382
v -99.901169 3.097375 54.900501
v -99.901169 -0.005828 54.900501
v -100.063965 -0.005828 54.805382
v -100.226746 -0.005828 54.710274
v -106.692818 -0.005814 66.511772
v -106.349281 -0.005814 66.667221
v -106.692818 3.097390 66.511772
v -106.349281 3.097390 66.667221
v -106.509727 3.097389 66.177155
v -106.166641 3.097389 66.333603
v -106.509727 -0.005814 66.177155
v -106.166641 -0.005814 66.333603
v -106.521042 -0.005813 66.589493
v -106.338188 -0.005814 66.255379
v -106.338188 3.097389 66.255379
v -106.521042 3.097390 66.589493
v -106.601280 3.097390 66.344467
v -106.429619 3.321826 66.422440
v -106.257965 3.097390 66.500412
v -106.257965 -0.005814 66.500412
v -106.429619 -0.005814 66.422440
v -106.601280 -0.005814 66.344467
v -106.111893 0.005918 65.697784
v -106.294731 0.005919 66.031853
v -106.111893 3.035276 65.697784
v -106.294731 3.035277 66.031853
v -106.049973 3.035276 65.726372
v -106.232727 3.035277 66.060257
v -106.049973 0.005918 65.726372
v -106.232727 0.005919 66.060257
v -106.203323 0.005918 65.864822
v -106.141373 0.005918 65.893326
v -106.141373 3.323673 65.893326
v -106.203323 3.323673 65.864822
v -104.859093 0.005915 63.409405
v -105.041992 0.005916 63.743431
v -104.859093 3.035274 63.409405
v -105.041992 3.035274 63.743431
v -104.797760 3.035274 63.439236
v -104.980583 3.035274 63.773079
v -104.797760 0.005915 63.439236
v -104.980583 0.005916 63.773079
v -104.950562 0.005916 63.576408
v -104.889191 0.005915 63.606144
v -104.889191 3.323670 63.606144
v -104.950562 3.323670 63.576408
v -105.485550 0.005917 64.553566
v -105.668427 0.005917 64.887604
v -105.485550 3.035275 64.553566
v -105.668427 3.035275 64.887604
v -105.423927 3.035275 64.582779
v -105.606712 3.035275 64.916634
v -105.423927 0.005917 64.582779
v -105.606712 0.005917 64.916634
v -105.577003 0.005917 64.720589
v -105.515327 0.005918 64.749710
v -105.515327 3.323671 64.749710
v -105.577003 3.323671 64.720589
v -106.340210 2.900220 66.253532
v -106.278160 2.900220 66.281830
v -106.340210 2.575095 66.253532
v -106.278160 2.575095 66.281830
v -103.434265 2.575088 60.946964
v -103.373604 2.575088 60.978134
v -103.434265 2.900213 60.946964
v -103.373604 2.900213 60.978134
v -106.340210 0.867174 66.253532
v -106.278160 0.867174 66.281830
v -106.340210 0.542049 66.253532
v -106.278160 0.542049 66.281830
v -103.434265 0.542042 60.946964
v -103.373604 0.542042 60.978134
v -103.434265 0.867167 60.946964
v -103.373604 0.867167 60.978134
v -104.545822 0.005915 62.837341
v -104.728729 0.005915 63.171352
v -104.545822 3.035273 62.837341
v -104.728729 3.035273 63.171352
v -104.484634 3.035273 62.867477
v -104.667465 3.035273 63.201309
v -104.484634 0.005915 62.867477
v -104.667465 0.005916 63.201309
v -104.637283 0.005915 63.004341
v -104.576057 0.005915 63.034386
v -104.576057 3.323669 63.034386
v -104.637283 3.323669 63.004341
v -104.232513 0.005914 62.265285
v -104.415459 0.005914 62.599312
v -104.232513 3.035272 62.265285
v -104.415459 3.035273 62.599312
v -104.171486 3.035272 62.295731
v -104.354340 3.035273 62.629585
v -104.171486 0.005914 62.295731
v -104.354340 0.005914 62.629585
v -104.323975 0.005914 62.432285
v -104.262894 0.005914 62.462643
v -104.262894 3.323668 62.462643
v -104.323975 3.323668 62.432285
v -103.919159 0.005913 61.693241
v -104.102127 0.005914 62.027267
v -103.919159 3.035271 61.693241
v -104.102127 3.035272 62.027267
v -103.858284 3.035271 61.723995
v -104.041161 3.035272 62.057838
v -103.858284 0.005913 61.723995
v -104.041161 0.005914 62.057838
v -104.010658 0.005913 61.860264
v -103.949738 0.005913 61.890919
v -103.949738 3.323668 61.890919
v -104.010658 3.323668 61.860264
v -103.701576 3.323667 61.296078
v -103.793060 3.035271 61.463081
v -103.640816 3.323667 61.327042
v -103.732254 3.035271 61.493950
v -103.640816 0.005913 61.327042
v -103.732254 0.005913 61.493950
v -103.701576 0.005913 61.296078
v -103.793060 0.005914 61.463081
v -103.549362 0.005913 61.160130
v -103.610077 0.005913 61.129078
v -103.549362 3.035271 61.160130
v -103.610077 3.035271 61.129078
v -105.172348 0.005916 63.981461
v -105.355232 0.005917 64.315514
v -105.172348 3.035274 63.981461
v -105.355232 3.035275 64.315514
v -105.110863 3.035274 64.010986
v -105.293671 3.035275 64.344864
v -105.110863 0.005916 64.010986
v -105.293671 0.005917 64.344864
v -105.263802 0.005916 64.148499
v -105.202271 0.005916 64.177925
v -105.202271 3.323670 64.177925
v -105.263802 3.323670 64.148499
v -106.339661 1.183737 66.252525
v -106.277611 1.183737 66.280823
v -106.339661 0.871083 66.252525
v -106.277611 0.871083 66.280823
v -103.434563 2.261456 60.947491
v -103.373901 2.261456 60.978657
v -103.434563 2.574113 60.947491
v -103.373901 2.574113 60.978657
v -105.798744 0.005918 65.125664
v -105.981598 0.005919 65.459740
v -105.798744 3.035276 65.125664
v -105.981598 3.035276 65.459740
v -105.736977 3.035276 65.154572
v -105.919746 3.035276 65.488441
v -105.736977 0.005918 65.154572
v -105.919739 0.005919 65.488441
v -105.890160 0.005918 65.292679
v -105.828346 0.005918 65.321487
v -105.828346 3.323672 65.321487
v -105.890160 3.323672 65.292679
v -103.599022 -0.005820 60.861000
v -103.263634 -0.005820 61.033325
v -103.599022 3.097383 60.861000
v -103.263634 3.097383 61.033325
v -103.415726 3.097382 60.526447
v -103.080841 3.097382 60.699757
v -103.415726 -0.005821 60.526447
v -103.080841 -0.005821 60.699757
v -103.431335 -0.005821 60.947163
v -103.248283 -0.005821 60.613102
v -103.248283 3.097382 60.613102
v -103.431335 3.097383 60.947163
v -103.507393 3.097383 60.693733
v -103.339821 3.321818 60.780140
v -103.172256 3.097382 60.866554
v -103.172256 -0.005821 60.866554
v -103.339821 -0.005821 60.780140
v -103.507393 -0.005821 60.693733
v -109.637917 -0.005806 72.629272
v -109.286842 -0.005806 72.766876
v -109.637917 3.097397 72.629272
v -109.286842 3.097397 72.766876
v -109.537178 3.097396 72.261864
v -109.186485 3.097397 72.400391
v -109.537178 -0.005806 72.261864
v -109.186485 -0.005806 72.400391
v -109.462387 -0.005806 72.698067
v -109.361832 -0.005806 72.331123
v -109.361832 3.097397 72.331123
v -109.462387 3.097397 72.698067
v -109.587555 3.097397 72.445587
v -109.412117 3.321833 72.514610
v -109.236671 3.097397 72.583641
v -109.236671 -0.005806 72.583641
v -109.412117 -0.005806 72.514610
v -109.587555 -0.005806 72.445587
v -109.267189 0.005926 71.724983
v -109.367760 0.005926 72.091835
v -109.267189 3.035284 71.724983
v -109.367760 3.035284 72.091835
v -109.203873 3.035284 71.750290
v -109.304367 3.035285 72.116989
v -109.203873 0.005926 71.750290
v -109.304367 0.005926 72.116989
v -109.317482 0.005926 71.908401
v -109.254120 0.005926 71.933640
v -109.254120 3.323680 71.933640
v -109.317482 3.323680 71.908401
v -108.131821 0.005923 69.389816
v -108.314537 0.005924 69.723930
v -108.131821 3.035281 69.389816
v -108.314537 3.035281 69.723930
v -108.068993 3.035281 69.416367
v -108.251640 3.035281 69.750305
v -108.068993 0.005923 69.416367
v -108.251640 0.005924 69.750305
v -108.223175 0.005923 69.556877
v -108.160316 0.005923 69.583328
v -108.160316 3.323677 69.583328
v -108.223175 3.323677 69.556877
v -108.757614 0.005925 70.534264
v -108.940292 0.005925 70.868378
v -108.757614 3.035283 70.534264
v -108.940292 3.035283 70.868378
v -108.694534 3.035282 70.560188
v -108.877136 3.035283 70.894127
v -108.694534 0.005924 70.560188
v -108.877136 0.005924 70.894127
v -108.848953 0.005924 70.701324
v -108.785835 0.005925 70.727158
v -108.785835 3.323679 70.727158
v -108.848953 3.323678 70.701324
v -109.364098 2.900228 72.329353
v -109.300674 2.900228 72.354408
v -109.364098 2.575102 72.329353
v -109.300674 2.575102 72.354408
v -106.706894 2.575096 66.923546
v -106.644676 2.575096 66.951485
v -106.706894 2.900221 66.923546
v -106.644676 2.900221 66.951485
v -109.364098 0.867182 72.329353
v -109.300674 0.867181 72.354408
v -109.364098 0.542057 72.329353
v -109.300674 0.542057 72.354408
v -106.706894 0.542050 66.923546
v -106.644676 0.542050 66.951485
v -106.706894 0.867175 66.923546
v -106.644676 0.867175 66.951485
v -107.818878 0.005922 68.817612
v -108.001595 0.005923 69.151711
v -107.818878 3.035280 68.817612
v -108.001595 3.035281 69.151711
v -107.756187 3.035280 68.844482
v -107.938835 3.035281 69.178398
v -107.756187 0.005922 68.844482
v -107.938835 0.005923 69.178398
v -107.910233 0.005923 68.984650
v -107.847511 0.005922 69.011429
v -107.847511 3.323677 69.011429
v -107.910233 3.323677 68.984650
v -107.505882 0.005921 68.245407
v -107.688629 0.005922 68.579506
v -107.505882 3.035280 68.245407
v -107.688629 3.035280 68.579506
v -107.443336 3.035280 68.272598
v -107.626007 3.035280 68.606506
v -107.443336 0.005922 68.272598
v -107.626007 0.005922 68.606506
v -107.597252 0.005922 68.412445
v -107.534676 0.005922 68.439537
v -107.534676 3.323676 68.439537
v -107.597252 3.323676 68.412445
v -107.192856 0.005921 67.673203
v -107.375641 0.005921 68.007324
v -107.192856 3.035279 67.673203
v -107.375641 3.035280 68.007324
v -107.130463 3.035279 67.700714
v -107.313156 3.035280 68.034645
v -107.130463 0.005921 67.700714
v -107.313156 0.005921 68.034645
v -107.284256 0.005921 67.840263
v -107.221802 0.005921 67.867676
v -107.221802 3.323675 67.867676
v -107.284256 3.323675 67.840263
v -106.975510 3.323674 67.275932
v -107.066895 3.035279 67.442986
v -106.913200 3.323674 67.303665
v -107.004547 3.035279 67.470604
v -106.913200 0.005920 67.303665
v -107.004547 0.005920 67.470604
v -106.975510 0.005920 67.275932
v -107.066895 0.005920 67.442986
v -106.821831 0.005920 67.136696
v -106.884102 0.005920 67.108894
v -106.821831 3.035278 67.136696
v -106.884102 3.035278 67.108894
v -108.444725 0.005924 69.962044
v -108.627434 0.005924 70.296150
v -108.444725 3.035282 69.962044
v -108.627434 3.035282 70.296150
v -108.381775 3.035282 69.988274
v -108.564400 3.035282 70.322220
v -108.381775 0.005924 69.988274
v -108.564400 0.005924 70.322220
v -108.536079 0.005924 70.129112
v -108.473099 0.005924 70.155251
v -108.473099 3.323678 70.155251
v -108.536079 3.323678 70.129112
v -109.363792 1.183745 72.328239
v -109.300362 1.183745 72.353294
v -109.363800 0.871091 72.328262
v -109.300377 0.871090 72.353310
v -106.707176 2.261464 66.924072
v -106.644966 2.261464 66.952011
v -106.707176 2.574121 66.924072
v -106.644966 2.574121 66.952011
v -109.070465 0.005925 71.106514
v -109.195549 0.005926 71.463577
v -109.070465 3.035283 71.106514
v -109.195549 3.035284 71.463577
v -109.007256 3.035283 71.132118
v -109.132263 3.035284 71.489006
v -109.007256 0.005925 71.132118
v -109.132263 0.005926 71.489006
v -109.145256 0.005925 71.280159
v -109.082024 0.005925 71.305672
v -109.082024 3.323679 71.305672
v -109.145256 3.323679 71.280159
v -106.875893 -0.005814 66.846405
v -106.531906 -0.005813 67.000832
v -106.875893 3.097390 66.846405
v -106.531906 3.097390 67.000832
v -106.692810 3.097390 66.511757
v -106.349266 3.097390 66.667206
v -106.692810 -0.005813 66.511757
v -106.349266 -0.005814 66.667206
v -106.703896 -0.005813 66.923622
v -106.521042 -0.005814 66.589478
v -106.521042 3.097390 66.589478
v -106.703896 3.097390 66.923622
v -106.784363 3.097390 66.679092
v -106.612473 3.321826 66.756561
v -106.440590 3.097390 66.834030
v -106.440590 -0.005813 66.834030
v -106.612473 -0.005813 66.756561
v -106.784363 -0.005813 66.679092
v -111.438118 -0.005798 79.201958
v -111.081001 -0.005799 79.323006
v -111.438118 3.097404 79.201958
v -111.081001 3.097404 79.323006
v -111.337563 3.097404 78.834503
v -110.980766 3.097404 78.956490
v -111.337563 -0.005799 78.834503
v -110.980766 -0.005799 78.956490
v -111.259560 -0.005798 79.262489
v -111.159164 -0.005799 78.895493
v -111.159164 3.097404 78.895493
v -111.259560 3.097404 79.262489
v -111.387848 3.097404 79.018242
v -111.209358 3.321840 79.079002
v -111.030876 3.097404 79.139755
v -111.030876 -0.005799 79.139755
v -111.209358 -0.005799 79.079002
v -111.387848 -0.005799 79.018242
v -111.065895 0.005933 78.292297
v -111.166298 0.005934 78.659210
v -111.065895 3.035291 78.292297
v -111.166298 3.035291 78.659210
v -111.001457 3.035291 78.314621
v -111.101799 3.035291 78.681366
v -111.001457 0.005933 78.314621
v -111.101799 0.005934 78.681366
v -111.116112 0.005934 78.475746
v -111.051636 0.005934 78.497986
v -111.051636 3.323687 78.497986
v -111.116112 3.323688 78.475754
v -110.377922 0.005930 75.779030
v -110.478363 0.005931 76.145874
v -110.377922 3.035289 75.779030
v -110.478363 3.035289 76.145874
v -110.313881 3.035288 75.802490
v -110.414276 3.035289 76.169174
v -110.313881 0.005930 75.802490
v -110.414276 0.005931 76.169174
v -110.428146 0.005931 75.962456
v -110.364082 0.005931 75.985840
v -110.364082 3.323685 75.985840
v -110.428146 3.323685 75.962456
v -110.721962 0.005932 77.035637
v -110.822380 0.005933 77.402504
v -110.721962 3.035290 77.035637
v -110.822380 3.035290 77.402504
v -110.657722 3.035290 77.058548
v -110.758072 3.035290 77.425247
v -110.657722 0.005932 77.058548
v -110.758072 0.005933 77.425247
v -110.772186 0.005933 77.219078
v -110.707916 0.005933 77.241890
v -110.707916 3.323686 77.241890
v -110.772186 3.323686 77.219078
v -111.161469 2.900235 78.893829
v -111.096947 2.900235 78.915886
v -111.161469 2.575110 78.893829
v -111.096947 2.575110 78.915886
v -109.565712 2.575103 73.065147
v -109.502159 2.575103 73.089859
v -109.565712 2.900228 73.065147
v -109.502159 2.900228 73.089859
v -111.161469 0.867189 78.893829
v -111.096947 0.867189 78.915886
v -111.161469 0.542064 78.893829
v -111.096947 0.542064 78.915886
v -109.565712 0.542058 73.065147
v -109.502159 0.542058 73.089859
v -109.565712 0.867182 73.065147
v -109.502159 0.867182 73.089859
v -110.205849 0.005930 75.150726
v -110.306320 0.005931 75.517578
v -110.205849 3.035288 75.150726
v -110.306320 3.035288 75.517578
v -110.141922 3.035288 75.174492
v -110.242340 3.035288 75.541176
v -110.141922 0.005930 75.174492
v -110.242340 0.005931 75.541176
v -110.256073 0.005930 75.334145
v -110.192116 0.005930 75.357826
v -110.192116 3.323684 75.357826
v -110.256073 3.323684 75.334145
v -110.033752 0.005929 74.522415
v -110.134254 0.005930 74.889297
v -110.033752 3.035287 74.522415
v -110.134254 3.035287 74.889297
v -109.969933 3.035287 74.546463
v -110.070374 3.035287 74.913185
v -109.969933 0.005929 74.546463
v -110.070374 0.005930 74.913185
v -110.084007 0.005929 74.705856
v -110.020157 0.005929 74.729820
v -110.020157 3.323683 74.729820
v -110.084007 3.323683 74.705856
v -109.861641 0.005929 73.894150
v -109.962135 0.005929 74.260986
v -109.861641 3.035286 73.894150
v -109.962135 3.035287 74.260986
v -109.797928 3.035286 73.918472
v -109.898369 3.035287 74.285156
v -109.797928 0.005929 73.918472
v -109.898369 0.005929 74.285172
v -109.911896 0.005929 74.077568
v -109.848152 0.005929 74.101830
v -109.848152 3.323683 74.101830
v -109.911896 3.323683 74.077568
v -109.742126 3.323682 73.457909
v -109.792374 3.035286 73.641327
v -109.678490 3.323682 73.482437
v -109.728706 3.035286 73.665771
v -109.678490 0.005928 73.482437
v -109.728706 0.005928 73.665771
v -109.742126 0.005928 73.457909
v -109.792374 0.005928 73.641327
v -109.628265 0.005928 73.299103
v -109.691864 0.005928 73.274490
v -109.628265 3.035286 73.299103
v -109.691864 3.035286 73.274490
v -110.549934 0.005931 76.407318
v -110.650398 0.005932 76.774200
v -110.549950 3.035289 76.407318
v -110.650398 3.035290 76.774200
v -110.485809 3.035289 76.430504
v -110.586197 3.035290 76.797226
v -110.485809 0.005931 76.430504
v -110.586197 0.005931 76.797226
v -110.600174 0.005931 76.590767
v -110.535995 0.005931 76.613869
v -110.535995 3.323686 76.613869
v -110.600174 3.323685 76.590767
v -111.161171 1.183752 78.892723
v -111.096649 1.183752 78.914780
v -111.161171 0.871098 78.892731
v -111.096649 0.871098 78.914787
v -109.565865 2.261471 73.065720
v -109.502304 2.261472 73.090446
v -109.565865 2.574129 73.065720
v -109.502304 2.574128 73.090446
v -110.893936 0.005933 77.663963
v -110.994347 0.005933 78.030838
v -110.893936 3.035291 77.663963
v -110.994347 3.035291 78.030838
v -110.829597 3.035291 77.686584
v -110.929947 3.035291 78.053291
v -110.829597 0.005933 77.686584
v -110.929947 0.005933 78.053291
v -110.944153 0.005933 77.847412
v -110.879784 0.005933 77.869949
v -110.879784 3.323687 77.869949
v -110.944153 3.323687 77.847412
v -109.738632 -0.005805 72.996658
v -109.387199 -0.005805 73.133347
v -109.738632 3.097397 72.996658
v -109.387199 3.097398 73.133347
v -109.637917 3.097397 72.629257
v -109.286842 3.097397 72.766853
v -109.637917 -0.005806 72.629257
v -109.286842 -0.005806 72.766853
v -109.562920 -0.005805 73.065002
v -109.462387 -0.005806 72.698051
v -109.462387 3.097397 72.698051
v -109.562920 3.097397 73.065002
v -109.688278 3.097398 72.812950
v -109.512642 3.321833 72.881523
v -109.337021 3.097398 72.950089
v -109.337021 -0.005806 72.950089
v -109.512642 -0.005805 72.881523
v -109.688278 -0.005806 72.812950
v -113.235245 -0.005791 85.775696
v -112.872864 -0.005791 85.879929
v -113.235245 3.097412 85.775696
v -112.872864 3.097412 85.879929
v -113.134842 3.097412 85.408188
v -112.772743 3.097412 85.513351
v -113.134842 -0.005792 85.408188
v -112.772743 -0.005791 85.513351
v -113.054047 -0.005791 85.827820
v -112.953796 -0.005791 85.460770
v -112.953796 3.097412 85.460770
v -113.054047 3.097412 85.827820
v -113.185059 3.097412 85.591949
v -113.003937 3.321848 85.644302
v -112.822807 3.097412 85.696648
v -112.822807 -0.005791 85.696648
v -113.003937 -0.005791 85.644302
v -113.185059 -0.005792 85.591949
v -112.861763 0.005941 84.860580
v -112.962013 0.005941 85.227547
v -112.861763 3.035299 84.860580
v -112.962013 3.035299 85.227547
v -112.796356 3.035299 84.879868
v -112.896545 3.035299 85.246666
v -112.796356 0.005941 84.879868
v -112.896545 0.005941 85.246666
v -112.911880 0.005941 85.044067
v -112.846443 0.005941 85.063271
v -112.846443 3.323695 85.063271
v -112.911880 3.323695 85.044067
v -112.174873 0.005938 82.346954
v -112.275154 0.005938 82.713860
v -112.174873 3.035296 82.346954
v -112.275154 3.035297 82.713860
v -112.109818 3.035296 82.367409
v -112.210045 3.035297 82.734161
v -112.109818 0.005938 82.367409
v -112.210045 0.005938 82.734161
v -112.225014 0.005938 82.530403
v -112.159927 0.005938 82.550774
v -112.159927 3.323692 82.550774
v -112.225014 3.323692 82.530403
v -112.518372 0.005939 83.603760
v -112.618637 0.005939 83.970673
v -112.518372 3.035297 83.603760
v -112.618637 3.035298 83.970673
v -112.453140 3.035297 83.623642
v -112.553329 3.035298 83.990387
v -112.453140 0.005939 83.623642
v -112.553329 0.005939 83.990387
v -112.568504 0.005939 83.787216
v -112.503242 0.005940 83.807014
v -112.503242 3.323693 83.807014
v -112.568504 3.323693 83.787216
v -112.956139 2.900242 85.459229
v -112.890656 2.900242 85.478249
v -112.956139 2.575117 85.459229
v -112.890656 2.575117 85.478249
v -111.362778 2.575111 79.629730
v -111.298134 2.575111 79.651443
v -111.362778 2.900236 79.629730
v -111.298134 2.900235 79.651443
v -112.956139 0.867196 85.459229
v -112.890656 0.867196 85.478249
v -112.956139 0.542072 85.459229
v -112.890656 0.542072 85.478249
v -111.362778 0.542065 79.629730
v -111.298134 0.542065 79.651443
v -111.362778 0.867190 79.629730
v -111.298134 0.867190 79.651443
v -112.003067 0.005937 81.718559
v -112.103394 0.005938 82.085457
v -112.003067 3.035295 81.718559
v -112.103394 3.035296 82.085457
v -111.938103 3.035295 81.739304
v -112.038368 3.035296 82.106041
v -111.938103 0.005937 81.739304
v -112.038368 0.005938 82.106041
v -112.053223 0.005938 81.902016
v -111.988235 0.005938 81.922684
v -111.988235 3.323691 81.922684
v -112.053223 3.323691 81.902016
v -111.831261 0.005937 81.090172
v -111.931587 0.005937 81.457100
v -111.831261 3.035295 81.090172
v -111.931587 3.035295 81.457100
v -111.766396 3.035295 81.111198
v -111.866653 3.035295 81.477974
v -111.766396 0.005937 81.111198
v -111.866653 0.005937 81.477974
v -111.881424 0.005936 81.273621
v -111.816521 0.005937 81.294579
v -111.816521 3.323691 81.294579
v -111.881424 3.323691 81.273621
v -111.659409 0.005936 80.461792
v -111.759766 0.005937 80.828697
v -111.659409 3.035294 80.461792
v -111.759766 3.035294 80.828697
v -111.594635 3.035294 80.483116
v -111.694931 3.035294 80.849854
v -111.594635 0.005936 80.483124
v -111.694931 0.005936 80.849854
v -111.709587 0.005936 80.645256
v -111.644791 0.005936 80.666496
v -111.644791 3.323690 80.666496
v -111.709587 3.323690 80.645256
v -111.540085 3.323689 80.025505
v -111.590256 3.035294 80.208946
v -111.475372 3.323689 80.047020
v -111.525513 3.035294 80.230392
v -111.475372 0.005935 80.047020
v -111.525513 0.005935 80.230392
v -111.540085 0.005935 80.025505
v -111.590256 0.005935 80.208946
v -111.425224 0.005935 79.863663
v -111.489906 0.005935 79.842049
v -111.425224 3.035293 79.863663
v -111.489906 3.035293 79.842049
v -112.346634 0.005939 82.975342
v -112.446915 0.005939 83.342285
v -112.346634 3.035296 82.975342
v -112.446915 3.035297 83.342285
v -112.281471 3.035296 82.995514
v -112.381714 3.035297 83.362289
v -112.281471 0.005939 82.995514
v -112.381714 0.005939 83.362289
v -112.396767 0.005939 83.158821
v -112.331596 0.005939 83.178894
v -112.331596 3.323693 83.178894
v -112.396767 3.323693 83.158821
v -112.955841 1.183759 85.458115
v -112.890350 1.183759 85.477135
v -112.955856 0.871105 85.458138
v -112.890350 0.871105 85.477158
v -111.362930 2.261479 79.630318
v -111.298294 2.261479 79.652031
v -111.362930 2.574136 79.630318
v -111.298294 2.574136 79.652031
v -112.690079 0.005940 84.232178
v -112.790337 0.005940 84.599106
v -112.690079 3.035298 84.232178
v -112.790337 3.035299 84.599106
v -112.624748 3.035298 84.251762
v -112.724953 3.035299 84.618515
v -112.624748 0.005940 84.251762
v -112.724953 0.005940 84.618515
v -112.740219 0.005940 84.415634
v -112.674866 0.005941 84.435135
v -112.674866 3.323694 84.435135
v -112.740219 3.323694 84.415634
v -111.538658 -0.005798 79.569412
v -111.181221 -0.005799 79.689529
v -111.538658 3.097405 79.569412
v -111.181221 3.097405 79.689529
v -111.438118 3.097404 79.201950
v -111.081001 3.097404 79.322990
v -111.438118 -0.005798 79.201950
v -111.081001 -0.005799 79.322990
v -111.359940 -0.005798 79.629471
v -111.259560 -0.005798 79.262466
v -111.259560 3.097405 79.262466
v -111.359940 3.097405 79.629471
v -111.488380 3.097405 79.385674
v -111.309753 3.321841 79.445961
v -111.131111 3.097405 79.506248
v -111.131111 -0.005798 79.506248
v -111.309753 -0.005798 79.445961
v -111.488380 -0.005798 79.385674
v -115.029243 -0.005783 92.350334
v -114.662384 -0.005783 92.437515
v -115.029243 3.097420 92.350334
v -114.662384 3.097420 92.437515
v -114.929024 3.097419 91.982773
v -114.562401 3.097419 92.070908
v -114.929024 -0.005784 91.982773
v -114.562401 -0.005784 92.070908
v -114.845818 -0.005783 92.393936
v -114.745712 -0.005784 92.026840
v -114.745712 3.097419 92.026840
v -114.845818 3.097420 92.393936
v -114.979149 3.097419 92.166565
v -114.795776 3.321855 92.210381
v -114.612396 3.097420 92.254211
v -114.612396 -0.005784 92.254211
v -114.795776 -0.005784 92.210381
v -114.979149 -0.005784 92.166565
v -114.654762 0.005948 91.429710
v -114.754852 0.005949 91.796722
v -114.654762 3.035306 91.429710
v -114.754852 3.035307 91.796722
v -114.588531 3.035306 91.445938
v -114.688560 3.035306 91.812767
v -114.588531 0.005948 91.445938
v -114.688560 0.005949 91.812767
v -114.704826 0.005949 91.613220
v -114.638557 0.005949 91.629341
v -114.638557 3.323702 91.629341
v -114.704826 3.323702 91.613220
v -113.968979 0.005946 88.915779
v -114.069115 0.005946 89.282738
v -113.968979 3.035303 88.915779
v -114.069115 3.035304 89.282738
v -113.903046 3.035303 88.933174
v -114.003120 3.035304 89.299950
v -113.903046 0.005946 88.933174
v -114.003120 0.005946 89.299965
v -114.019051 0.005945 89.099258
v -113.953079 0.005945 89.116570
v -113.953079 3.323699 89.116570
v -114.019051 3.323700 89.099258
v -114.311935 0.005947 90.172745
v -114.412033 0.005947 90.539703
v -114.311935 3.035305 90.172745
v -114.412033 3.035305 90.539703
v -114.245827 3.035305 90.189545
v -114.345894 3.035305 90.556343
v -114.245827 0.005947 90.189545
v -114.345894 0.005947 90.556343
v -114.361984 0.005947 90.356224
v -114.295868 0.005947 90.372940
v -114.295868 3.323701 90.372940
v -114.361984 3.323701 90.356224
v -114.748093 2.900249 92.025421
v -114.681793 2.900249 92.041359
v -114.748093 2.575125 92.025421
v -114.681793 2.575125 92.041359
v -113.157143 2.575118 86.195221
v -113.091568 2.575118 86.213898
v -113.157143 2.900243 86.195221
v -113.091568 2.900243 86.213898
v -114.748093 0.867204 92.025421
v -114.681793 0.867204 92.041359
v -114.748093 0.542079 92.025421
v -114.681793 0.542079 92.041359
v -113.157143 0.542072 86.195221
v -113.091568 0.542072 86.213898
v -113.157143 0.867197 86.195221
v -113.091568 0.867197 86.213898
v -113.797462 0.005944 88.287308
v -113.897606 0.005945 88.654266
v -113.797462 3.035303 88.287308
v -113.897606 3.035303 88.654266
v -113.731598 3.035303 88.305000
v -113.831703 3.035303 88.671791
v -113.731598 0.005944 88.305000
v -113.831703 0.005945 88.671791
v -113.847519 0.005945 88.470772
v -113.781647 0.005945 88.488388
v -113.781647 3.323699 88.488388
v -113.847519 3.323699 88.470772
v -113.625908 0.005944 87.658829
v -113.726082 0.005944 88.025810
v -113.625908 3.035302 87.658829
v -113.726082 3.035302 88.025810
v -113.560127 3.035302 87.676819
v -113.660248 3.035302 88.043625
v -113.560127 0.005944 87.676819
v -113.660248 0.005944 88.043625
v -113.675995 0.005944 87.842323
v -113.610184 0.005944 87.860222
v -113.610184 3.323698 87.860222
v -113.675995 3.323698 87.842323
v -113.454338 0.005943 87.030365
v -113.554520 0.005944 87.397324
v -113.454338 3.035301 87.030365
v -113.554520 3.035302 87.397324
v -113.388634 3.035301 87.048653
v -113.488762 3.035302 87.415443
v -113.388634 0.005943 87.048653
v -113.488762 0.005944 87.415443
v -113.504433 0.005943 87.213852
v -113.438705 0.005943 87.232048
v -113.438705 3.323698 87.232048
v -113.504433 3.323698 87.213852
v -113.335205 3.323697 86.594025
v -113.385300 3.035301 86.777496
v -113.269554 3.323697 86.612503
v -113.319626 3.035301 86.795898
v -113.269554 0.005943 86.612503
v -113.319626 0.005943 86.795898
v -113.335205 0.005943 86.594025
v -113.385300 0.005943 86.777496
v -113.219475 0.005943 86.429123
v -113.285095 0.005943 86.410545
v -113.219475 3.035300 86.429123
v -113.285095 3.035300 86.410545
v -114.140465 0.005946 89.544250
v -114.240593 0.005946 89.911232
v -114.140465 3.035304 89.544250
v -114.240593 3.035305 89.911232
v -114.074432 3.035304 89.561348
v -114.174530 3.035305 89.928169
v -114.074432 0.005946 89.561348
v -114.174530 0.005946 89.928169
v -114.190529 0.005946 89.727730
v -114.124474 0.005946 89.744743
v -114.124474 3.323700 89.744743
v -114.190529 3.323700 89.727730
v -114.747795 1.183767 92.024300
v -114.681496 1.183767 92.040253
v -114.747795 0.871113 92.024323
v -114.681496 0.871113 92.040260
v -113.157318 2.261486 86.195801
v -113.091728 2.261486 86.214478
v -113.157318 2.574143 86.195801
v -113.091728 2.574143 86.214478
v -114.483368 0.005948 90.801239
v -114.583450 0.005948 91.168198
v -114.483368 3.035306 90.801239
v -114.583450 3.035306 91.168198
v -114.417191 3.035305 90.817741
v -114.517242 3.035306 91.184540
v -114.417191 0.005948 90.817741
v -114.517242 0.005948 91.184540
v -114.533409 0.005948 90.984711
v -114.467209 0.005947 91.001137
v -114.467209 3.323702 91.001137
v -114.533409 3.323702 90.984711
v -113.335609 -0.005790 86.143204
v -112.972946 -0.005791 86.246483
v -113.335609 3.097412 86.143204
v -112.972946 3.097412 86.246483
v -113.235237 3.097412 85.775696
v -112.872849 3.097412 85.879913
v -113.235237 -0.005791 85.775696
v -112.872849 -0.005791 85.879913
v -113.154282 -0.005791 86.194839
v -113.054047 -0.005791 85.827797
v -113.054047 3.097412 85.827797
v -113.154282 3.097412 86.194839
v -113.285416 3.097412 85.959435
v -113.104149 3.321848 86.011307
v -112.922897 3.097412 86.063171
v -112.922897 -0.005791 86.063171
v -113.104149 -0.005791 86.011307
v -113.285416 -0.005791 85.959435
v -116.820084 -0.005776 98.925728
v -116.449547 -0.005776 98.995659
v -116.820084 3.097427 98.925728
v -116.449547 3.097427 98.995659
v -116.720055 3.097426 98.558128
v -116.349701 3.097426 98.629028
v -116.720055 -0.005777 98.558128
v -116.349701 -0.005776 98.629028
v -116.634819 -0.005776 98.960686
v -116.534874 -0.005776 98.593567
v -116.534874 3.097426 98.593567
v -116.634819 3.097427 98.960686
v -116.770065 3.097427 98.741928
v -116.584862 3.321862 98.777138
v -116.399643 3.097427 98.812332
v -116.399643 -0.005776 98.812332
v -116.584862 -0.005776 98.777138
v -116.770065 -0.005776 98.741928
v -116.444878 0.005955 97.999565
v -116.544800 0.005956 98.366600
v -116.444878 3.035314 97.999565
v -116.544800 3.035314 98.366600
v -116.377953 3.035314 98.012665
v -116.477821 3.035314 98.379532
v -116.377953 0.005956 98.012665
v -116.477821 0.005956 98.379532
v -116.494835 0.005956 98.183083
v -116.427895 0.005956 98.196083
v -116.427895 3.323710 98.196083
v -116.494835 3.323710 98.183083
v -115.760193 0.005953 95.485374
v -115.860153 0.005953 95.852379
v -115.760193 3.035311 95.485374
v -115.860153 3.035311 95.852379
v -115.693512 3.035311 95.499680
v -115.793427 3.035311 95.866501
v -115.693512 0.005953 95.499680
v -115.793427 0.005953 95.866501
v -115.810181 0.005953 95.668869
v -115.743469 0.005953 95.683075
v -115.743469 3.323707 95.683075
v -115.810181 3.323707 95.668869
v -116.102585 0.005955 96.742477
v -116.202538 0.005955 97.109467
v -116.102585 3.035312 96.742477
v -116.202538 3.035313 97.109467
v -116.035782 3.035312 96.756165
v -116.135696 3.035313 97.122993
v -116.035782 0.005955 96.756165
v -116.135696 0.005955 97.122993
v -116.152573 0.005955 96.925964
v -116.085739 0.005955 96.939583
v -116.085739 3.323709 96.939583
v -116.152573 3.323708 96.925964
v -116.537292 2.900257 98.592278
v -116.470314 2.900257 98.605095
v -116.537292 2.575132 98.592278
v -116.470314 2.575132 98.605095
v -114.948799 2.575125 92.761505
v -114.882408 2.575125 92.777092
v -114.948799 2.900250 92.761505
v -114.882408 2.900250 92.777092
v -116.537292 0.867211 98.592278
v -116.470314 0.867211 98.605095
v -116.537292 0.542086 98.592278
v -116.470314 0.542086 98.605095
v -114.948799 0.542080 92.761505
v -114.882408 0.542080 92.777092
v -114.948799 0.867205 92.761505
v -114.882408 0.867205 92.777092
v -115.588951 0.005952 94.856834
v -115.688950 0.005953 95.223816
v -115.588951 3.035310 94.856834
v -115.688950 3.035311 95.223816
v -115.522324 3.035310 94.871422
v -115.622292 3.035311 95.238235
v -115.522324 0.005952 94.871422
v -115.622292 0.005953 95.238235
v -115.638947 0.005953 95.040321
v -115.572311 0.005953 95.054832
v -115.572311 3.323706 95.054832
v -115.638947 3.323706 95.040321
v -115.417686 0.005952 94.228294
v -115.517693 0.005952 94.595299
v -115.417686 3.035309 94.228294
v -115.517693 3.035310 94.595299
v -115.351135 3.035309 94.243172
v -115.451103 3.035310 94.610016
v -115.351135 0.005951 94.243172
v -115.451103 0.005952 94.610016
v -115.467690 0.005952 94.411789
v -115.401108 0.005952 94.426598
v -115.401108 3.323705 94.426598
v -115.467690 3.323705 94.411789
v -115.246384 0.005951 93.599754
v -115.346413 0.005951 93.966751
v -115.246384 3.035309 93.599762
v -115.346413 3.035309 93.966751
v -115.179901 3.035309 93.614952
v -115.279884 3.035309 93.981766
v -115.179901 0.005951 93.614952
v -115.279884 0.005951 93.981766
v -115.296417 0.005951 93.783264
v -115.229904 0.005951 93.798370
v -115.229904 3.323704 93.798370
v -115.296417 3.323705 93.783264
v -115.127441 3.323704 93.163376
v -115.177460 3.035309 93.346848
v -115.060989 3.323704 93.178764
v -115.111000 3.035309 93.362160
v -115.060989 0.005950 93.178764
v -115.111000 0.005950 93.362160
v -115.127441 0.005950 93.163376
v -115.177460 0.005950 93.346848
v -115.011002 0.005950 92.995331
v -115.077431 0.005950 92.979858
v -115.011002 3.035308 92.995331
v -115.077431 3.035308 92.979858
v -115.931396 0.005953 96.113899
v -116.031364 0.005954 96.480942
v -115.931396 3.035311 96.113899
v -116.031364 3.035312 96.480942
v -115.864647 3.035312 96.127899
v -115.964584 3.035312 96.494766
v -115.864647 0.005953 96.127899
v -115.964584 0.005954 96.494766
v -115.981384 0.005953 96.297424
v -115.914612 0.005954 96.311325
v -115.914612 3.323708 96.311325
v -115.981384 3.323708 96.297424
v -116.536995 1.183774 98.591156
v -116.470016 1.183774 98.603981
v -116.536995 0.871120 98.591164
v -116.470016 0.871120 98.603996
v -114.948959 2.261493 92.762077
v -114.882568 2.261493 92.777664
v -114.948959 2.574151 92.762077
v -114.882568 2.574151 92.777664
v -116.273750 0.005955 97.371017
v -116.373665 0.005955 97.738029
v -116.273750 3.035313 97.371017
v -116.373665 3.035314 97.738029
v -116.206886 3.035313 97.384430
v -116.306770 3.035314 97.751244
v -116.206886 0.005955 97.384430
v -116.306770 0.005955 97.751244
v -116.323715 0.005955 97.554520
v -116.256828 0.005955 97.567833
v -116.256828 3.323709 97.567833
v -116.323715 3.323709 97.554520
v -115.129433 -0.005783 92.717873
v -114.762352 -0.005783 92.804092
v -115.129433 3.097420 92.717873
v -114.762352 3.097420 92.804092
v -115.029243 3.097420 92.350327
v -114.662384 3.097420 92.437492
v -115.029243 -0.005784 92.350327
v -114.662384 -0.005784 92.437492
v -114.945892 -0.005783 92.760979
v -114.845818 -0.005784 92.393913
v -114.845818 3.097420 92.393913
v -114.945892 3.097420 92.760979
v -115.079330 3.097420 92.534088
v -114.895851 3.321856 92.577446
v -114.712357 3.097420 92.620789
v -114.712357 -0.005783 92.620789
v -114.895851 -0.005783 92.577446
v -115.079330 -0.005783 92.534088
v -117.968666 -0.005769 105.602776
v -117.595367 -0.005769 105.656006
v -117.968666 3.097435 105.602776
v -117.595367 3.097435 105.656006
v -117.947159 3.097434 105.222763
v -117.573997 3.097434 105.276886
v -117.947159 -0.005769 105.222763
v -117.573997 -0.005769 105.276886
v -117.782013 -0.005769 105.629387
v -117.760574 -0.005769 105.249825
v -117.760574 3.097434 105.249825
v -117.782013 3.097435 105.629387
v -117.957924 3.097434 105.412796
v -117.771301 3.321870 105.439629
v -117.584694 3.097434 105.466461
v -117.584686 -0.005769 105.466461
v -117.771301 -0.005769 105.439629
v -117.957924 -0.005769 105.412796
v -117.795288 0.005963 104.639206
v -117.816734 0.005963 105.018684
v -117.795288 3.035321 104.639206
v -117.816734 3.035322 105.018684
v -117.727821 3.035321 104.649254
v -117.749268 3.035321 105.028564
v -117.727821 0.005963 104.649254
v -117.749268 0.005963 105.028564
v -117.806015 0.005963 104.828957
v -117.738541 0.005963 104.838913
v -117.738541 3.323718 104.838913
v -117.806015 3.323717 104.828957
v -117.548485 0.005960 102.055595
v -117.648293 0.005960 102.422623
v -117.548485 3.035318 102.055595
v -117.648293 3.035319 102.422623
v -117.481209 3.035318 102.066750
v -117.580986 3.035319 102.433609
v -117.481209 0.005960 102.066750
v -117.580986 0.005960 102.433609
v -117.598389 0.005960 102.239105
v -117.531105 0.005960 102.250191
v -117.531105 3.323714 102.250191
v -117.598389 3.323714 102.239105
v -117.721718 0.005962 103.339516
v -117.743210 0.005962 103.718941
v -117.721718 3.035320 103.339516
v -117.743210 3.035320 103.718941
v -117.654350 3.035320 103.350098
v -117.675819 3.035320 103.729378
v -117.654350 0.005962 103.350098
v -117.675819 0.005962 103.729378
v -117.732468 0.005962 103.529236
v -117.665085 0.005962 103.539757
v -117.665085 3.323716 103.539757
v -117.732468 3.323716 103.529236
v -117.763184 2.900265 105.248611
v -117.695694 2.900265 105.258408
v -117.763184 2.575140 105.248611
v -117.695694 2.575140 105.258408
v -116.737679 2.575133 99.328415
v -116.670631 2.575133 99.340889
v -116.737679 2.900258 99.328415
v -116.670631 2.900258 99.340881
v -117.763184 0.867219 105.248611
v -117.695694 0.867219 105.258408
v -117.763184 0.542094 105.248611
v -117.695694 0.542094 105.258408
v -116.737679 0.542088 99.328415
v -116.670631 0.542088 99.340889
v -116.737679 0.867212 99.328415
v -116.670631 0.867212 99.340889
v -117.377533 0.005960 101.426994
v -117.477356 0.005960 101.794022
v -117.377533 3.035317 101.426994
v -117.477356 3.035318 101.794022
v -117.310295 3.035318 101.438461
v -117.410103 3.035318 101.805305
v -117.310295 0.005959 101.438461
v -117.410103 0.005960 101.805305
v -117.427444 0.005960 101.610504
v -117.360199 0.005960 101.621880
v -117.360199 3.323714 101.621880
v -117.427444 3.323714 101.610504
v -117.206543 0.005959 100.798386
v -117.306381 0.005959 101.165451
v -117.206543 3.035317 100.798386
v -117.306381 3.035317 101.165451
v -117.139366 3.035317 100.810150
v -117.239182 3.035317 101.177032
v -117.139366 0.005959 100.810150
v -117.239182 0.005960 101.177032
v -117.256470 0.005959 100.981918
v -117.189278 0.005960 100.993591
v -117.189278 3.323713 100.993591
v -117.256470 3.323713 100.981918
v -117.035530 0.005958 100.169815
v -117.135391 0.005959 100.536850
v -117.035530 3.035316 100.169815
v -117.135391 3.035316 100.536850
v -116.968407 3.035316 100.181877
v -117.068237 3.035317 100.548729
v -116.968407 0.005958 100.181877
v -117.068237 0.005959 100.548729
v -117.085464 0.005959 100.353333
v -117.018333 0.005959 100.365303
v -117.018326 3.323712 100.365303
v -117.085464 3.323712 100.353333
v -116.916771 3.323712 99.733376
v -116.966705 3.035316 99.916878
v -116.849693 3.323712 99.745644
v -116.899597 3.035316 99.929062
v -116.849693 0.005958 99.745644
v -116.899597 0.005958 99.929062
v -116.916771 0.005958 99.733376
v -116.966705 0.005958 99.916878
v -116.799774 0.005958 99.562202
v -116.866837 0.005958 99.549843
v -116.799774 3.035315 99.562202
v -116.866837 3.035315 99.549843
v -117.684914 0.005961 102.689644
v -117.706406 0.005961 103.069115
v -117.684914 3.035319 102.689644
v -117.706406 3.035320 103.069115
v -117.617584 3.035319 102.700500
v -117.639053 3.035319 103.079819
v -117.617584 0.005960 102.700500
v -117.639053 0.005961 103.079819
v -117.695656 0.005961 102.879379
v -117.628326 0.005961 102.890167
v -117.628326 3.323715 102.890167
v -117.695656 3.323715 102.879379
v -117.763115 1.183782 105.247452
v -117.695625 1.183782 105.257240
v -117.763115 0.871128 105.247467
v -117.695625 0.871128 105.257263
v -116.737839 2.261501 99.328987
v -116.670792 2.261501 99.341461
v -116.737839 2.574158 99.328987
v -116.670792 2.574158 99.341461
v -117.758522 0.005962 103.989365
v -117.779991 0.005962 104.368813
v -117.758522 3.035320 103.989365
v -117.779991 3.035321 104.368813
v -117.691109 3.035320 103.999687
v -117.712547 3.035321 104.378960
v -117.691109 0.005962 103.999687
v -117.712547 0.005962 104.378960
v -117.769249 0.005962 104.179100
v -117.701836 0.005963 104.189331
v -117.701836 3.323717 104.189331
v -117.769249 3.323717 104.179100
v -116.920113 -0.005776 99.293312
v -116.549393 -0.005776 99.362274
v -116.920113 3.097427 99.293312
v -116.549393 3.097427 99.362274
v -116.820084 3.097427 98.925705
v -116.449547 3.097427 98.995644
v -116.820084 -0.005777 98.925705
v -116.449547 -0.005776 98.995644
v -116.734749 -0.005776 99.327789
v -116.634819 -0.005777 98.960678
v -116.634819 3.097427 98.960678
v -116.734749 3.097427 99.327789
v -116.870094 3.097427 99.109489
v -116.684784 3.321863 99.144218
v -116.499474 3.097427 99.178947
v -116.499474 -0.005776 99.178947
v -116.684784 -0.005776 99.144218
v -116.870094 -0.005776 99.109489
v -118.351868 -0.005761 112.400833
v -117.976646 -0.005761 112.438072
v -118.351868 3.097442 112.400833
v -117.976646 3.097442 112.438072
v -118.330528 3.097441 112.020798
v -117.955383 3.097441 112.058945
v -118.330528 -0.005762 112.020798
v -117.955383 -0.005761 112.058945
v -118.164246 -0.005762 112.419456
v -118.142952 -0.005762 112.039879
v -118.142952 3.097441 112.039879
v -118.164246 3.097442 112.419456
v -118.341209 3.097442 112.210831
v -118.153618 3.321878 112.229675
v -117.966019 3.097442 112.248520
v -117.966019 -0.005761 112.248520
v -118.153618 -0.005762 112.229675
v -118.341209 -0.005762 112.210831
v -118.178223 0.005971 111.432175
v -118.199562 0.005971 111.811684
v -118.178223 3.035329 111.432175
v -118.199562 3.035329 111.811684
v -118.110405 3.035329 111.439323
v -118.131721 3.035329 111.818672
v -118.110405 0.005971 111.439323
v -118.131721 0.005971 111.818672
v -118.188896 0.005971 111.621925
v -118.121063 0.005971 111.628998
v -118.121063 3.323725 111.628998
v -118.188896 3.323725 111.621925
v -118.031982 0.005968 108.832634
v -118.053360 0.005968 109.212097
v -118.031982 3.035326 108.832634
v -118.053360 3.035326 109.212097
v -117.964287 3.035326 108.840897
v -117.985641 3.035326 109.220192
v -117.964287 0.005968 108.840897
v -117.985641 0.005968 109.220192
v -118.042656 0.005968 109.022369
v -117.974960 0.005968 109.030556
v -117.974960 3.323722 109.030556
v -118.042656 3.323722 109.022362
v -118.105156 0.005969 110.132416
v -118.126495 0.005969 110.511887
v -118.105156 3.035327 110.132416
v -118.126495 3.035328 110.511887
v -118.037392 3.035327 110.140114
v -118.058723 3.035328 110.519417
v -118.037392 0.005969 110.140114
v -118.058723 0.005969 110.519417
v -118.115829 0.005969 110.322151
v -118.048050 0.005969 110.329773
v -118.048050 3.323724 110.329773
v -118.115829 3.323723 110.322151
v -118.145561 2.900272 112.038773
v -118.077713 2.900272 112.045662
v -118.145561 2.575147 112.038773
v -118.077713 2.575147 112.045662
v -117.806152 2.575140 106.009735
v -117.738617 2.575140 106.019196
v -117.806152 2.900266 106.009735
v -117.738617 2.900266 106.019196
v -118.145561 0.867226 112.038773
v -118.077713 0.867226 112.045662
v -118.145561 0.542101 112.038773
v -118.077713 0.542102 112.045662
v -117.806152 0.542095 106.009735
v -117.738617 0.542094 106.019196
v -117.806152 0.867220 106.009735
v -117.738617 0.867219 106.019196
v -117.995354 0.005967 108.182755
v -118.016747 0.005967 108.562218
v -117.995354 3.035325 108.182755
v -118.016747 3.035326 108.562218
v -117.927696 3.035325 108.191292
v -117.949059 3.035326 108.570595
v -117.927696 0.005967 108.191292
v -117.949059 0.005967 108.570595
v -118.006058 0.005967 108.372482
v -117.938385 0.005967 108.380943
v -117.938385 3.323721 108.380943
v -118.006058 3.323721 108.372482
v -117.958725 0.005966 107.532867
v -117.980110 0.005966 107.912346
v -117.958725 3.035325 107.532867
v -117.980110 3.035325 107.912346
v -117.891098 3.035324 107.541695
v -117.912460 3.035325 107.920998
v -117.891098 0.005966 107.541695
v -117.912460 0.005966 107.920998
v -117.969406 0.005966 107.722595
v -117.901772 0.005967 107.731331
v -117.901772 3.323720 107.731331
v -117.969406 3.323720 107.722595
v -117.922050 0.005965 106.882988
v -117.943459 0.005966 107.262451
v -117.922050 3.035324 106.882988
v -117.943459 3.035324 107.262451
v -117.854454 3.035324 106.892082
v -117.875847 3.035324 107.271378
v -117.854454 0.005965 106.892082
v -117.875847 0.005966 107.271378
v -117.932762 0.005966 107.072716
v -117.865158 0.005966 107.081734
v -117.865158 3.323720 107.081734
v -117.932762 3.323720 107.072716
v -117.896576 3.323719 106.431770
v -117.907280 3.035323 106.621498
v -117.829018 3.323719 106.441040
v -117.839714 3.035323 106.630692
v -117.829018 0.005965 106.441040
v -117.839714 0.005965 106.630692
v -117.896576 0.005965 106.431770
v -117.907280 0.005965 106.621498
v -117.818298 0.005965 106.251381
v -117.885857 0.005965 106.242020
v -117.818298 3.035323 106.251381
v -117.885857 3.035323 106.242020
v -118.068573 0.005969 109.482506
v -118.089935 0.005969 109.862007
v -118.068573 3.035326 109.482506
v -118.089935 3.035327 109.862007
v -118.000839 3.035326 109.490494
v -118.022186 3.035327 109.869820
v -118.000839 0.005969 109.490494
v -118.022186 0.005969 109.869820
v -118.079262 0.005969 109.672256
v -118.011520 0.005969 109.680153
v -118.011520 3.323722 109.680153
v -118.079262 3.323723 109.672256
v -118.145500 1.183789 112.037621
v -118.077660 1.183789 112.044518
v -118.145500 0.871135 112.037628
v -118.077644 0.871135 112.044533
v -117.806198 2.261508 106.010330
v -117.738663 2.261508 106.019791
v -117.806198 2.574166 106.010330
v -117.738663 2.574166 106.019791
v -118.141693 0.005969 110.782295
v -118.163040 0.005970 111.161766
v -118.141693 3.035328 110.782295
v -118.163040 3.035329 111.161766
v -118.073906 3.035328 110.789734
v -118.095230 3.035328 111.169037
v -118.073906 0.005969 110.789734
v -118.095230 0.005970 111.169037
v -118.152374 0.005970 110.972046
v -118.084579 0.005970 110.979393
v -118.084579 3.323724 110.979393
v -118.152374 3.323724 110.972046
v -117.990166 -0.005769 105.982788
v -117.616730 -0.005768 106.035133
v -117.990166 3.097435 105.982788
v -117.616730 3.097435 106.035133
v -117.968674 3.097435 105.602760
v -117.595375 3.097435 105.655983
v -117.968674 -0.005769 105.602760
v -117.595375 -0.005769 105.655983
v -117.803452 -0.005769 106.008957
v -117.782021 -0.005769 105.629379
v -117.782021 3.097434 105.629379
v -117.803452 3.097435 106.008957
v -117.979416 3.097435 105.792770
v -117.792740 3.321871 105.819160
v -117.606049 3.097435 105.845558
v -117.606049 -0.005768 105.845558
v -117.792740 -0.005769 105.819160
v -117.979416 -0.005769 105.792770
v -118.732384 -0.005754 119.199158
v -118.355896 -0.005754 119.220352
v -118.732384 3.097450 119.199158
v -118.355896 3.097449 119.220352
v -118.711189 3.097449 118.819145
v -118.334770 3.097449 118.841232
v -118.711189 -0.005754 118.819145
v -118.334770 -0.005754 118.841232
v -118.544136 -0.005754 119.209755
v -118.522980 -0.005754 118.830185
v -118.522980 3.097449 118.830185
v -118.544136 3.097450 119.209755
v -118.721786 3.097449 119.009140
v -118.533569 3.321885 119.019966
v -118.345329 3.097449 119.030777
v -118.345329 -0.005754 119.030777
v -118.533569 -0.005754 119.019966
v -118.721786 -0.005754 119.009140
v -118.558708 0.005978 118.225418
v -118.579887 0.005979 118.604897
v -118.558708 3.035336 118.225418
v -118.579887 3.035336 118.604897
v -118.490639 3.035336 118.229683
v -118.511810 3.035336 118.608986
v -118.490639 0.005978 118.229683
v -118.511810 0.005978 118.608986
v -118.569298 0.005978 118.415138
v -118.501228 0.005978 118.419304
v -118.501228 3.323732 118.419304
v -118.569298 3.323733 118.415138
v -118.413406 0.005975 115.625786
v -118.434624 0.005975 116.005249
v -118.413406 3.035333 115.625786
v -118.434624 3.035334 116.005249
v -118.345413 3.035333 115.631149
v -118.366631 3.035334 116.010452
v -118.345413 0.005975 115.631149
v -118.366631 0.005975 116.010452
v -118.424011 0.005975 115.815514
v -118.356018 0.005975 115.820786
v -118.356018 3.323730 115.820786
v -118.424011 3.323730 115.815514
v -118.486099 0.005976 116.925598
v -118.507317 0.005977 117.305069
v -118.486099 3.035335 116.925598
v -118.507317 3.035335 117.305069
v -118.418068 3.035335 116.930405
v -118.439278 3.035335 117.309708
v -118.418068 0.005976 116.930405
v -118.439278 0.005977 117.309708
v -118.496704 0.005977 117.115334
v -118.428673 0.005977 117.120056
v -118.428673 3.323731 117.120056
v -118.496704 3.323731 117.115334
v -118.525589 2.900280 118.829155
v -118.457512 2.900280 118.833160
v -118.525589 2.575154 118.829155
v -118.457512 2.575154 118.833160
v -118.188278 2.575148 112.799927
v -118.120392 2.575148 112.806496
v -118.188278 2.900273 112.799927
v -118.120392 2.900273 112.806496
v -118.525589 0.867234 118.829155
v -118.457512 0.867234 118.833160
v -118.525589 0.542109 118.829155
v -118.457512 0.542109 118.833160
v -118.188278 0.542102 112.799927
v -118.120392 0.542102 112.806496
v -118.188278 0.867227 112.799927
v -118.120392 0.867227 112.806496
v -118.377022 0.005974 114.975868
v -118.398277 0.005975 115.355339
v -118.377022 3.035333 114.975868
v -118.398277 3.035333 115.355339
v -118.309059 3.035333 114.981522
v -118.330292 3.035333 115.360825
v -118.309059 0.005974 114.981522
v -118.330292 0.005975 115.360825
v -118.387642 0.005975 115.165604
v -118.319672 0.005975 115.171165
v -118.319672 3.323729 115.171165
v -118.387642 3.323729 115.165604
v -118.340614 0.005974 114.325951
v -118.361877 0.005974 114.705437
v -118.340614 3.035332 114.325951
v -118.361877 3.035332 114.705437
v -118.272667 3.035332 114.331871
v -118.293922 3.035332 114.711212
v -118.272667 0.005974 114.331871
v -118.293922 0.005974 114.711212
v -118.351242 0.005974 114.515686
v -118.283295 0.005974 114.521538
v -118.283295 3.323728 114.521538
v -118.351242 3.323728 114.515686
v -118.304184 0.005973 113.676048
v -118.325462 0.005974 114.055519
v -118.304184 3.035331 113.676048
v -118.325462 3.035331 114.055519
v -118.236267 3.035331 113.682236
v -118.257523 3.035331 114.061562
v -118.236267 0.005973 113.682236
v -118.257523 0.005974 114.061562
v -118.314827 0.005974 113.865807
v -118.246902 0.005974 113.871925
v -118.246902 3.323727 113.871925
v -118.314827 3.323727 113.865807
v -118.278877 3.323726 113.224808
v -118.289505 3.035331 113.414543
v -118.210991 3.323726 113.231201
v -118.221603 3.035331 113.420845
v -118.210991 0.005973 113.231201
v -118.221603 0.005973 113.420845
v -118.278877 0.005972 113.224808
v -118.289505 0.005973 113.414543
v -118.200340 0.005972 113.041534
v -118.268234 0.005972 113.035065
v -118.200340 3.035330 113.041534
v -118.268234 3.035330 113.035065
v -118.449753 0.005976 116.275665
v -118.470970 0.005976 116.655167
v -118.449753 3.035334 116.275665
v -118.470970 3.035334 116.655167
v -118.381752 3.035334 116.280746
v -118.402954 3.035334 116.660095
v -118.381752 0.005976 116.280746
v -118.402954 0.005976 116.660095
v -118.460388 0.005976 116.465416
v -118.392372 0.005976 116.470436
v -118.392372 3.323730 116.470436
v -118.460388 3.323730 116.465416
v -118.525528 1.183797 118.828056
v -118.457451 1.183797 118.832039
v -118.525528 0.871143 118.828056
v -118.457451 0.871143 118.832039
v -118.188309 2.261516 112.800522
v -118.120430 2.261516 112.807091
v -118.188309 2.574173 112.800522
v -118.120430 2.574173 112.807091
v -118.522423 0.005978 117.575516
v -118.543602 0.005978 117.954987
v -118.522423 3.035335 117.575516
v -118.543602 3.035336 117.954987
v -118.454369 3.035335 117.580032
v -118.475540 3.035336 117.959366
v -118.454369 0.005978 117.580032
v -118.475540 0.005978 117.959366
v -118.533020 0.005978 117.765236
v -118.464951 0.005978 117.769691
v -118.464951 3.323731 117.769691
v -118.533020 3.323732 117.765236
v -118.373222 -0.005761 112.780869
v -117.997910 -0.005761 112.817207
v -118.373222 3.097442 112.780869
v -117.997910 3.097442 112.817207
v -118.351883 3.097442 112.400826
v -117.976654 3.097442 112.438065
v -118.351883 -0.005761 112.400826
v -117.976654 -0.005761 112.438065
v -118.185555 -0.005761 112.799034
v -118.164261 -0.005762 112.419449
v -118.164261 3.097442 112.419449
v -118.185555 3.097442 112.799034
v -118.362541 3.097442 112.590836
v -118.174904 3.321878 112.609230
v -117.987259 3.097442 112.627625
v -117.987259 -0.005761 112.627625
v -118.174904 -0.005761 112.609230
v -118.362541 -0.005761 112.590836
v -119.110184 -0.005747 125.997627
v -118.733162 -0.005747 126.002731
v -119.110199 3.097457 125.997627
v -118.733162 3.097457 126.002731
v -119.089142 3.097456 125.617599
v -118.712112 3.097456 125.623596
v -119.089142 -0.005747 125.617599
v -118.712112 -0.005747 125.623596
v -118.921669 -0.005747 126.000168
v -118.900627 -0.005747 125.620598
v -118.900627 3.097456 125.620598
v -118.921669 3.097457 126.000168
v -119.099655 3.097457 125.807610
v -118.911148 3.321892 125.810387
v -118.722626 3.097457 125.813164
v -118.722626 -0.005747 125.813164
v -118.911148 -0.005747 125.810387
v -119.099655 -0.005747 125.807610
v -118.936684 0.005986 125.018791
v -118.957741 0.005986 125.398285
v -118.936684 3.035343 125.018791
v -118.957741 3.035344 125.398285
v -118.868500 3.035344 125.020149
v -118.889549 3.035344 125.399467
v -118.868500 0.005985 125.020149
v -118.889549 0.005986 125.399467
v -118.947220 0.005986 125.208527
v -118.879036 0.005986 125.209785
v -118.879036 3.323740 125.209785
v -118.947220 3.323740 125.208527
v -118.792351 0.005983 122.419106
v -118.813438 0.005983 122.798615
v -118.792351 3.035340 122.419106
v -118.813438 3.035341 122.798615
v -118.724197 3.035340 122.421562
v -118.745285 3.035341 122.800903
v -118.724197 0.005983 122.421562
v -118.745285 0.005983 122.800903
v -118.802895 0.005983 122.608841
v -118.734734 0.005983 122.611214
v -118.734734 3.323737 122.611214
v -118.802895 3.323737 122.608841
v -118.864571 0.005984 123.718941
v -118.885635 0.005984 124.098427
v -118.864571 3.035342 123.718941
v -118.885635 3.035342 124.098427
v -118.796394 3.035342 123.720840
v -118.817459 3.035342 124.100166
v -118.796394 0.005984 123.720840
v -118.817459 0.005984 124.100166
v -118.875099 0.005984 123.908699
v -118.806931 0.005984 123.910530
v -118.806931 3.323738 123.910530
v -118.875099 3.323738 123.908699
v -118.903244 2.900287 125.619713
v -118.835060 2.900287 125.620804
v -118.903244 2.575162 125.619713
v -118.835060 2.575162 125.620804
v -118.568039 2.575155 119.590332
v -118.499947 2.575155 119.594017
v -118.568039 2.900280 119.590332
v -118.499947 2.900280 119.594017
v -118.903244 0.867241 125.619713
v -118.835060 0.867241 125.620804
v -118.903244 0.542116 125.619713
v -118.835060 0.542116 125.620804
v -118.568039 0.542109 119.590332
v -118.499947 0.542110 119.594017
v -118.568039 0.867234 119.590332
v -118.499947 0.867234 119.594017
v -118.756195 0.005982 121.769180
v -118.777313 0.005982 122.148674
v -118.756195 3.035340 121.769180
v -118.777313 3.035340 122.148674
v -118.688049 3.035340 121.771912
v -118.709160 3.035340 122.151237
v -118.688049 0.005982 121.771912
v -118.709160 0.005982 122.151237
v -118.766754 0.005982 121.958916
v -118.698601 0.005982 121.961578
v -118.698601 3.323736 121.961578
v -118.766754 3.323736 121.958916
v -118.720024 0.005981 121.119270
v -118.741150 0.005982 121.498734
v -118.720024 3.035339 121.119270
v -118.741150 3.035340 121.498734
v -118.651909 3.035339 121.122284
v -118.673019 3.035340 121.501595
v -118.651909 0.005981 121.122284
v -118.673019 0.005982 121.501595
v -118.730591 0.005981 121.309006
v -118.662445 0.005981 121.311928
v -118.662445 3.323735 121.311928
v -118.730591 3.323735 121.309006
v -118.683838 0.005980 120.469345
v -118.704979 0.005981 120.848854
v -118.683838 3.035338 120.469345
v -118.704979 3.035339 120.848854
v -118.615715 3.035338 120.472641
v -118.636848 3.035339 120.851974
v -118.615715 0.005980 120.472641
v -118.636848 0.005981 120.851974
v -118.694397 0.005980 120.659096
v -118.626289 0.005980 120.662308
v -118.626289 3.323735 120.662308
v -118.694397 3.323735 120.659096
v -118.658699 3.323734 120.018066
v -118.669266 3.035338 120.207817
v -118.590591 3.323734 120.021545
v -118.601151 3.035338 120.211212
v -118.590591 0.005980 120.021545
v -118.601151 0.005980 120.211212
v -118.658699 0.005980 120.018066
v -118.669266 0.005980 120.207817
v -118.580017 0.005980 119.831886
v -118.648117 0.005980 119.828331
v -118.580017 3.035338 119.831886
v -118.648117 3.035338 119.828331
v -118.828476 0.005983 123.069046
v -118.849556 0.005984 123.448517
v -118.828476 3.035342 123.069046
v -118.849556 3.035342 123.448517
v -118.760300 3.035342 123.071220
v -118.781380 3.035342 123.450523
v -118.760300 0.005983 123.071220
v -118.781380 0.005984 123.450523
v -118.838997 0.005984 123.258751
v -118.770844 0.005984 123.260864
v -118.770844 3.323738 123.260864
v -118.838997 3.323737 123.258751
v -118.903191 1.183804 125.618584
v -118.834991 1.183804 125.619667
v -118.903191 0.871150 125.618584
v -118.834991 0.871150 125.619667
v -118.568077 2.261523 119.590927
v -118.499969 2.261523 119.594612
v -118.568077 2.574180 119.590927
v -118.499969 2.574180 119.594612
v -118.900635 0.005985 124.368858
v -118.921692 0.005985 124.748390
v -118.900635 3.035343 124.368858
v -118.921692 3.035343 124.748390
v -118.832451 3.035343 124.370483
v -118.853508 3.035343 124.749847
v -118.832451 0.005985 124.370483
v -118.853508 0.005985 124.749847
v -118.911171 0.005985 124.558624
v -118.842987 0.005985 124.560158
v -118.842987 3.323739 124.560158
v -118.911171 3.323739 124.558624
v -118.753578 -0.005754 119.579193
v -118.377045 -0.005753 119.599472
v -118.753578 3.097450 119.579193
v -118.377045 3.097449 119.599472
v -118.732384 3.097450 119.199158
v -118.355896 3.097449 119.220352
v -118.732384 -0.005754 119.199158
v -118.355896 -0.005754 119.220352
v -118.565308 -0.005754 119.589333
v -118.544136 -0.005754 119.209755
v -118.544136 3.097450 119.209755
v -118.565308 3.097450 119.589333
v -118.742989 3.097450 119.389175
v -118.554741 3.321885 119.399544
v -118.366478 3.097450 119.409920
v -118.366478 -0.005753 119.409920
v -118.554741 -0.005753 119.399544
v -118.742989 -0.005754 119.389175
v -119.485275 -0.005739 132.796143
v -119.108360 -0.005739 132.785156
v -119.485275 3.097464 132.796143
v -119.108360 3.097464 132.785156
v -119.464378 3.097464 132.416138
v -119.087448 3.097464 132.406021
v -119.464378 -0.005739 132.416138
v -119.087448 -0.005739 132.406021
v -119.296822 -0.005739 132.790649
v -119.275909 -0.005740 132.411072
v -119.275909 3.097464 132.411072
v -119.296822 3.097464 132.790649
v -119.474838 3.097464 132.606140
v -119.286377 3.321899 132.600861
v -119.097908 3.097464 132.595581
v -119.097908 -0.005739 132.595581
v -119.286377 -0.005739 132.600861
v -119.474838 -0.005739 132.606140
v -119.312187 0.005993 131.812241
v -119.333092 0.005993 132.191711
v -119.312187 3.035351 131.812241
v -119.333092 3.035351 132.191711
v -119.243996 3.035351 131.810684
v -119.264915 3.035351 132.189972
v -119.243996 0.005993 131.810684
v -119.264915 0.005993 132.189972
v -119.322632 0.005993 132.001953
v -119.254456 0.005993 132.000305
v -119.254456 3.323747 132.000305
v -119.322639 3.323747 132.001953
v -119.168785 0.005990 129.212540
v -119.189743 0.005991 129.592041
v -119.168785 3.035348 129.212540
v -119.189743 3.035349 129.592041
v -119.100594 3.035348 129.212082
v -119.121559 3.035348 129.591431
v -119.100594 0.005990 129.212082
v -119.121559 0.005990 129.591431
v -119.179268 0.005991 129.402267
v -119.111069 0.005990 129.401749
v -119.111069 3.323744 129.401749
v -119.179268 3.323745 129.402267
v -119.240540 0.005991 130.512344
v -119.261467 0.005992 130.891846
v -119.240540 3.035350 130.512344
v -119.261467 3.035350 130.891846
v -119.172333 3.035350 130.511337
v -119.193275 3.035350 130.890671
v -119.172333 0.005991 130.511337
v -119.193275 0.005992 130.890671
v -119.250992 0.005992 130.702148
v -119.182808 0.005991 130.701050
v -119.182808 3.323746 130.701050
v -119.250992 3.323746 130.702148
v -119.278534 2.900294 132.410294
v -119.210373 2.900294 132.408478
v -119.278534 2.575169 132.410294
v -119.210373 2.575169 132.408478
v -118.945435 2.575163 126.380898
v -118.877251 2.575163 126.381660
v -118.945435 2.900288 126.380898
v -118.877251 2.900288 126.381660
v -119.278534 0.867249 132.410294
v -119.210373 0.867249 132.408478
v -119.278534 0.542124 132.410294
v -119.210373 0.542124 132.408478
v -118.945435 0.542117 126.380905
v -118.877251 0.542117 126.381660
v -118.945435 0.867242 126.380905
v -118.877251 0.867242 126.381660
v -119.132881 0.005990 128.562592
v -119.153847 0.005990 128.942093
v -119.132881 3.035347 128.562592
v -119.153847 3.035348 128.942093
v -119.064674 3.035347 128.562424
v -119.085655 3.035348 128.941742
v -119.064674 0.005990 128.562424
v -119.085655 0.005990 128.941742
v -119.143364 0.005990 128.752335
v -119.075172 0.005990 128.752075
v -119.075172 3.323744 128.752075
v -119.143364 3.323744 128.752335
v -119.096954 0.005989 127.912682
v -119.117935 0.005989 128.292175
v -119.096954 3.035347 127.912682
v -119.117935 3.035347 128.292175
v -119.028763 3.035347 127.912773
v -119.049744 3.035347 128.292099
v -119.028763 0.005989 127.912773
v -119.049744 0.005989 128.292099
v -119.107437 0.005989 128.102417
v -119.039246 0.005989 128.102432
v -119.039246 3.323743 128.102432
v -119.107437 3.323743 128.102417
v -119.061005 0.005988 127.262756
v -119.081993 0.005988 127.642265
v -119.061005 3.035346 127.262756
v -119.081993 3.035346 127.642265
v -118.992798 3.035346 127.263130
v -119.013786 3.035346 127.642471
v -118.992798 0.005988 127.263130
v -119.013786 0.005988 127.642471
v -119.071503 0.005988 127.452499
v -119.003311 0.005988 127.452797
v -119.003311 3.323742 127.452797
v -119.071503 3.323742 127.452499
v -119.036018 3.323742 126.811470
v -119.046524 3.035346 127.001213
v -118.967827 3.323742 126.812050
v -118.978317 3.035346 127.001694
v -118.967827 0.005987 126.812050
v -118.978317 0.005988 127.001694
v -119.036018 0.005987 126.811470
v -119.046524 0.005988 127.001213
v -118.957321 0.005987 126.622368
v -119.025513 0.005987 126.621727
v -118.957321 3.035345 126.622368
v -119.025513 3.035345 126.621727
v -119.204674 0.005991 129.862473
v -119.225609 0.005991 130.241943
v -119.204674 3.035349 129.862473
v -119.225609 3.035349 130.241943
v -119.136482 3.035349 129.861771
v -119.157410 3.035349 130.241043
v -119.136482 0.005991 129.861771
v -119.157410 0.005991 130.241043
v -119.215141 0.005991 130.052200
v -119.146942 0.005991 130.051407
v -119.146942 3.323745 130.051407
v -119.215141 3.323745 130.052200
v -119.278473 1.183812 132.409164
v -119.210304 1.183812 132.407349
v -119.278473 0.871158 132.409164
v -119.210304 0.871158 132.407349
v -118.945473 2.261531 126.381493
v -118.877274 2.261531 126.382256
v -118.945473 2.574188 126.381493
v -118.877274 2.574188 126.382256
v -119.276367 0.005992 131.162308
v -119.297279 0.005993 131.541779
v -119.276367 3.035350 131.162308
v -119.297279 3.035351 131.541779
v -119.208183 3.035351 131.161011
v -119.229095 3.035351 131.540344
v -119.208183 0.005992 131.161011
v -119.229095 0.005993 131.540344
v -119.286835 0.005992 131.352051
v -119.218643 0.005993 131.350693
v -119.218643 3.323747 131.350693
v -119.286835 3.323746 131.352051
v -119.131218 -0.005746 126.377670
v -118.754181 -0.005746 126.381874
v -119.131218 3.097457 126.377670
v -118.754181 3.097457 126.381874
v -119.110199 3.097457 125.997627
v -118.733162 3.097457 126.002731
v -119.110184 -0.005747 125.997627
v -118.733162 -0.005747 126.002731
v -118.942696 -0.005746 126.379768
v -118.921669 -0.005747 126.000168
v -118.921669 3.097457 126.000168
v -118.942696 3.097457 126.379768
v -119.120705 3.097457 126.187668
v -118.932190 3.321893 126.189987
v -118.743660 3.097457 126.192314
v -118.743660 -0.005746 126.192314
v -118.932190 -0.005746 126.189987
v -119.120705 -0.005746 126.187668
v -118.978157 -0.005732 139.555267
v -118.602036 -0.005732 139.528366
v -118.978157 3.097472 139.555267
v -118.602036 3.097472 139.528366
v -119.032272 3.097471 139.178589
v -118.656097 3.097471 139.152588
v -119.032272 -0.005732 139.178589
v -118.656097 -0.005732 139.152588
v -118.790100 -0.005732 139.541824
v -118.844185 -0.005732 139.165588
v -118.844185 3.097471 139.165588
v -118.790100 3.097472 139.541824
v -119.005226 3.097471 139.366913
v -118.817162 3.321908 139.353699
v -118.629082 3.097472 139.340454
v -118.629082 -0.005732 139.340454
v -118.817162 -0.005732 139.353699
v -119.005226 -0.005732 139.366913
v -118.998985 0.006000 138.574951
v -118.944923 0.006001 138.951096
v -118.998985 3.035359 138.574951
v -118.944923 3.035359 138.951096
v -118.930931 3.035359 138.570511
v -118.876877 3.035359 138.946487
v -118.930931 0.006000 138.570511
v -118.876877 0.006001 138.946487
v -118.971947 0.006001 138.763016
v -118.903908 0.006001 138.758484
v -118.903908 3.323755 138.758484
v -118.971947 3.323755 138.763016
v -119.369110 0.005998 135.998169
v -119.315109 0.005998 136.374359
v -119.369110 3.035355 135.998169
v -119.315109 3.035356 136.374359
v -119.300987 3.035356 135.994812
v -119.246994 3.035356 136.370850
v -119.300987 0.005998 135.994812
v -119.246994 0.005998 136.370850
v -119.342102 0.005998 136.186249
v -119.273994 0.005998 136.182831
v -119.273994 3.323752 136.182831
v -119.342102 3.323751 136.186249
v -119.184090 0.005999 137.286591
v -119.130051 0.005999 137.662735
v -119.184090 3.035357 137.286591
v -119.130051 3.035357 137.662735
v -119.115997 3.035357 137.282684
v -119.061974 3.035357 137.658661
v -119.115997 0.005999 137.282684
v -119.061974 0.005999 137.658661
v -119.157074 0.005999 137.474655
v -119.088989 0.005999 137.470673
v -119.088989 3.323753 137.470673
v -119.157074 3.323753 137.474655
v -118.846977 2.900302 139.164917
v -118.778938 2.900302 139.160202
v -118.846977 2.575177 139.164917
v -118.778938 2.575177 139.160202
v -119.320473 2.575171 133.171478
v -119.252304 2.575171 133.169342
v -119.320473 2.900295 133.171478
v -119.252304 2.900295 133.169342
v -118.846977 0.867256 139.164917
v -118.778938 0.867256 139.160202
v -118.846977 0.542131 139.164917
v -118.778938 0.542131 139.160202
v -119.320473 0.542125 133.171478
v -119.252304 0.542125 133.169342
v -119.320473 0.867249 133.171478
v -119.252304 0.867249 133.169342
v -119.461594 0.005997 135.353958
v -119.407600 0.005997 135.730118
v -119.461594 3.035355 135.353958
v -119.407600 3.035355 135.730118
v -119.393463 3.035355 135.350876
v -119.339478 3.035356 135.726868
v -119.393463 0.005997 135.350876
v -119.339478 0.005997 135.726868
v -119.434601 0.005997 135.542038
v -119.366463 0.005997 135.538879
v -119.366463 3.323751 135.538879
v -119.434601 3.323751 135.542038
v -119.471390 0.005996 134.706085
v -119.492218 0.005997 135.085587
v -119.471390 3.035354 134.706085
v -119.492218 3.035355 135.085587
v -119.403252 3.035354 134.703293
v -119.424088 3.035355 135.082611
v -119.403252 0.005996 134.703293
v -119.424088 0.005997 135.082611
v -119.481804 0.005996 134.895828
v -119.413658 0.005997 134.892929
v -119.413658 3.323750 134.892929
v -119.481804 3.323750 134.895828
v -119.435669 0.005996 134.056168
v -119.456520 0.005996 134.435654
v -119.435669 3.035353 134.056168
v -119.456520 3.035354 134.435654
v -119.367516 3.035353 134.053635
v -119.388374 3.035354 134.432968
v -119.367516 0.005996 134.053635
v -119.388374 0.005996 134.432968
v -119.446106 0.005996 134.245926
v -119.377953 0.005996 134.243317
v -119.377953 3.323749 134.243317
v -119.446106 3.323750 134.245926
v -119.410866 3.323749 133.604874
v -119.421288 3.035353 133.794632
v -119.342705 3.323749 133.602554
v -119.353127 3.035353 133.792206
v -119.342705 0.005995 133.602554
v -119.353127 0.005996 133.792206
v -119.410866 0.005995 133.604874
v -119.421288 0.005996 133.794632
v -119.332260 0.005995 133.412888
v -119.400414 0.005995 133.415146
v -119.332260 3.035353 133.412888
v -119.400414 3.035353 133.415146
v -119.276611 0.005998 136.642410
v -119.222588 0.005999 137.018509
v -119.276611 3.035357 136.642410
v -119.222588 3.035357 137.018509
v -119.208511 3.035356 136.638763
v -119.154495 3.035357 137.014725
v -119.208511 0.005999 136.638763
v -119.154495 0.005999 137.014725
v -119.249611 0.005998 136.830444
v -119.181496 0.005999 136.826736
v -119.181496 3.323752 136.826736
v -119.249611 3.323752 136.830429
v -118.847137 1.183819 139.163818
v -118.779106 1.183819 139.159103
v -118.847137 0.871165 139.163818
v -118.779106 0.871165 139.159103
v -119.320496 2.261538 133.172058
v -119.252327 2.261538 133.169922
v -119.320496 2.574195 133.172058
v -119.252327 2.574195 133.169922
v -119.091553 0.006000 137.930756
v -119.037506 0.006000 138.306931
v -119.091553 3.035358 137.930756
v -119.037506 3.035358 138.306931
v -119.023476 3.035358 137.926590
v -118.969437 3.035358 138.302582
v -119.023476 0.005999 137.926590
v -118.969437 0.006000 138.302582
v -119.064529 0.006000 138.118835
v -118.996460 0.006000 138.114578
v -118.996460 3.323754 138.114594
v -119.064529 3.323754 138.118835
v -119.506165 -0.005738 133.176193
v -119.129280 -0.005739 133.164291
v -119.506165 3.097465 133.176193
v -119.129280 3.097465 133.164291
v -119.485275 3.097464 132.796143
v -119.108360 3.097464 132.785156
v -119.485275 -0.005739 132.796143
v -119.108360 -0.005739 132.785156
v -119.317719 -0.005739 133.170258
v -119.296822 -0.005739 132.790649
v -119.296822 3.097464 132.790649
v -119.317719 3.097465 133.170258
v -119.495728 3.097464 132.986176
v -119.307274 3.321900 132.980438
v -119.118828 3.097464 132.974716
v -119.118828 -0.005738 132.974716
v -119.307274 -0.005738 132.980438
v -119.495728 -0.005738 132.986176
v -118.008476 -0.005724 146.293594
v -117.633827 -0.005724 146.250977
v -118.008476 3.097479 146.293594
v -117.633827 3.097479 146.250977
v -118.062752 3.097479 145.916962
v -117.687988 3.097479 145.875198
v -118.062752 -0.005725 145.916962
v -117.687988 -0.005724 145.875198
v -117.821152 -0.005724 146.272263
v -117.875374 -0.005724 145.896072
v -117.875374 3.097479 145.896072
v -117.821152 3.097479 146.272263
v -118.035622 3.097479 146.105270
v -117.848259 3.321915 146.084137
v -117.660912 3.097479 146.063049
v -117.660912 -0.005724 146.063049
v -117.848259 -0.005724 146.084137
v -118.035622 -0.005725 146.105270
v -118.030113 0.006008 145.308365
v -117.975922 0.006008 145.684479
v -118.030113 3.035366 145.308365
v -117.975922 3.035366 145.684479
v -117.962311 3.035366 145.301071
v -117.908127 3.035366 145.676987
v -117.962311 0.006008 145.301071
v -117.908127 0.006009 145.676987
v -118.003014 0.006008 145.496399
v -117.935219 0.006008 145.489044
v -117.935219 3.323762 145.489044
v -118.003014 3.323762 145.496399
v -118.401161 0.006005 142.731644
v -118.347023 0.006006 143.107803
v -118.401161 3.035363 142.731644
v -118.347023 3.035363 143.107803
v -118.333244 3.035363 142.725449
v -118.279114 3.035363 143.101425
v -118.333244 0.006005 142.725449
v -118.279114 0.006005 143.101425
v -118.374084 0.006005 142.919708
v -118.306183 0.006005 142.913406
v -118.306183 3.323759 142.913406
v -118.374092 3.323760 142.919708
v -118.215683 0.006006 144.020020
v -118.161514 0.006007 144.396149
v -118.215683 3.035364 144.020020
v -118.161514 3.035365 144.396149
v -118.147827 3.035365 144.013260
v -118.093666 3.035365 144.389236
v -118.147827 0.006006 144.013260
v -118.093666 0.006007 144.389236
v -118.188606 0.006006 144.208069
v -118.120750 0.006006 144.201248
v -118.120750 3.323761 144.201248
v -118.188606 3.323761 144.208069
v -117.878159 2.900310 145.895508
v -117.810379 2.900309 145.887970
v -117.878159 2.575185 145.895508
v -117.810379 2.575185 145.887970
v -118.738487 2.575178 139.919388
v -118.670479 2.575178 139.914368
v -118.738487 2.900303 139.919388
v -118.670479 2.900303 139.914368
v -117.878159 0.867264 145.895508
v -117.810379 0.867264 145.887970
v -117.878159 0.542139 145.895508
v -117.810379 0.542138 145.887970
v -118.738487 0.542132 139.919388
v -118.670479 0.542132 139.914368
v -118.738487 0.867257 139.919388
v -118.670479 0.867257 139.914368
v -118.493874 0.006004 142.087479
v -118.439743 0.006004 142.463608
v -118.493874 3.035362 142.087479
v -118.439743 3.035363 142.463608
v -118.425926 3.035362 142.081543
v -118.371811 3.035363 142.457520
v -118.425926 0.006004 142.081543
v -118.371811 0.006004 142.457520
v -118.466812 0.006004 142.275543
v -118.398880 0.006004 142.269516
v -118.398880 3.323758 142.269516
v -118.466812 3.323759 142.275543
v -118.586555 0.006003 141.443298
v -118.532440 0.006004 141.819412
v -118.586555 3.035362 141.443298
v -118.532440 3.035362 141.819412
v -118.518578 3.035362 141.437637
v -118.464493 3.035362 141.813599
v -118.518578 0.006004 141.437637
v -118.464493 0.006004 141.813599
v -118.559494 0.006004 141.631348
v -118.491531 0.006004 141.625610
v -118.491531 3.323758 141.625610
v -118.559494 3.323758 141.631348
v -118.679214 0.006003 140.799103
v -118.625122 0.006003 141.175278
v -118.679214 3.035361 140.799103
v -118.625122 3.035361 141.175278
v -118.611229 3.035361 140.793716
v -118.557144 3.035361 141.169724
v -118.611229 0.006003 140.793716
v -118.557144 0.006004 141.169724
v -118.652168 0.006003 140.987167
v -118.584190 0.006003 140.981689
v -118.584190 3.323757 140.981689
v -118.652168 3.323757 140.987167
v -118.743546 3.323756 140.351837
v -118.716499 3.035360 140.539886
v -118.675545 3.323756 140.346619
v -118.648499 3.035360 140.534592
v -118.675545 0.006003 140.346619
v -118.648499 0.006003 140.534592
v -118.743546 0.006003 140.351837
v -118.716499 0.006003 140.539886
v -118.702591 0.006002 140.158615
v -118.770599 0.006002 140.163727
v -118.702591 3.035360 140.158615
v -118.770599 3.035360 140.163727
v -118.308441 0.006005 143.375839
v -118.254280 0.006006 143.751953
v -118.308441 3.035364 143.375839
v -118.254280 3.035364 143.751953
v -118.240547 3.035364 143.369370
v -118.186409 3.035364 143.745316
v -118.240547 0.006005 143.369370
v -118.186409 0.006006 143.745316
v -118.281364 0.006006 143.563904
v -118.213478 0.006006 143.557343
v -118.213478 3.323760 143.557343
v -118.281364 3.323760 143.563904
v -117.878326 1.183827 145.894394
v -117.810547 1.183826 145.886841
v -117.878326 0.871173 145.894394
v -117.810547 0.871172 145.886841
v -118.738411 2.261546 139.919983
v -118.670387 2.261546 139.914963
v -118.738411 2.574203 139.919983
v -118.670387 2.574203 139.914963
v -118.122917 0.006007 144.664200
v -118.068726 0.006008 145.040344
v -118.122917 3.035365 144.664200
v -118.068726 3.035366 145.040344
v -118.055077 3.035365 144.657150
v -118.000900 3.035366 145.033157
v -118.055077 0.006007 144.657150
v -118.000900 0.006008 145.033157
v -118.095810 0.006008 144.852249
v -118.027985 0.006008 144.845139
v -118.027985 3.323761 144.845139
v -118.095810 3.323761 144.852249
v -118.924019 -0.005731 139.931946
v -118.547974 -0.005731 139.904160
v -118.924019 3.097472 139.931946
v -118.547974 3.097472 139.904160
v -118.978157 3.097472 139.555267
v -118.602036 3.097472 139.528366
v -118.978157 -0.005732 139.555267
v -118.602036 -0.005732 139.528366
v -118.735985 -0.005731 139.918045
v -118.790100 -0.005732 139.541824
v -118.790100 3.097472 139.541824
v -118.735985 3.097472 139.918045
v -118.951088 3.097472 139.743607
v -118.763046 3.321908 139.729935
v -118.575005 3.097472 139.716263
v -118.575005 -0.005731 139.716263
v -118.763046 -0.005731 139.729935
v -118.951088 -0.005731 139.743607
v -117.036201 -0.005716 153.031647
v -116.663673 -0.005717 152.973343
v -117.036201 3.097486 153.031647
v -116.663673 3.097486 152.973343
v -117.090630 3.097486 152.655014
v -116.717957 3.097486 152.597580
v -117.090630 -0.005717 152.655014
v -116.717957 -0.005717 152.597580
v -116.849930 -0.005717 153.002487
v -116.904297 -0.005718 152.626282
v -116.904297 3.097486 152.626282
v -116.849930 3.097486 153.002487
v -117.063408 3.097486 152.843369
v -116.877113 3.321922 152.814407
v -116.690811 3.097486 152.785477
v -116.690811 -0.005717 152.785477
v -116.877113 -0.005717 152.814407
v -117.063408 -0.005717 152.843369
v -117.058853 0.006016 152.041504
v -117.004532 0.006016 152.417633
v -117.058853 3.035373 152.041504
v -117.004532 3.035374 152.417633
v -116.991417 3.035373 152.031372
v -116.937111 3.035374 152.407333
v -116.991417 0.006016 152.031372
v -116.937111 0.006016 152.407333
v -117.031693 0.006016 152.229553
v -116.964272 0.006016 152.219315
v -116.964272 3.323769 152.219315
v -117.031693 3.323769 152.229553
v -117.430817 0.006013 149.464920
v -117.376549 0.006013 149.841064
v -117.430817 3.035370 149.464920
v -117.376549 3.035371 149.841064
v -117.363220 3.035370 149.455841
v -117.308975 3.035371 149.831848
v -117.363220 0.006013 149.455841
v -117.308975 0.006013 149.831848
v -117.403679 0.006013 149.653015
v -117.336098 0.006013 149.643875
v -117.336098 3.323766 149.643875
v -117.403679 3.323766 149.653015
v -117.244888 0.006014 150.753220
v -117.190575 0.006014 151.129333
v -117.244888 3.035372 150.753220
v -117.190575 3.035372 151.129333
v -117.177361 3.035372 150.743622
v -117.123085 3.035372 151.119598
v -117.177361 0.006014 150.743622
v -117.123085 0.006014 151.119598
v -117.217735 0.006014 150.941254
v -117.150230 0.006014 150.931580
v -117.150230 3.323768 150.931580
v -117.217735 3.323768 150.941254
v -116.907059 2.900317 152.625854
v -116.839645 2.900317 152.615494
v -116.907059 2.575191 152.625854
v -116.839645 2.575192 152.615494
v -117.769417 2.575185 146.649979
v -117.701675 2.575185 146.642105
v -117.769417 2.900310 146.649979
v -117.701675 2.900310 146.642105
v -116.907059 0.867271 152.625854
v -116.839645 0.867271 152.615494
v -116.907059 0.542146 152.625854
v -116.839645 0.542146 152.615494
v -117.769417 0.542140 146.649979
v -117.701675 0.542140 146.642105
v -117.769417 0.867264 146.649979
v -117.701675 0.867264 146.642105
v -117.523743 0.006012 148.820755
v -117.469490 0.006012 149.196869
v -117.523743 3.035369 148.820755
v -117.469490 3.035370 149.196869
v -117.456123 3.035369 148.811981
v -117.401878 3.035370 149.187958
v -117.456123 0.006012 148.811981
v -117.401878 0.006012 149.187958
v -117.496613 0.006012 149.008820
v -117.428993 0.006012 148.999969
v -117.428993 3.323766 148.999969
v -117.496613 3.323766 149.008820
v -117.616669 0.006011 148.176620
v -117.562401 0.006011 148.552750
v -117.616669 3.035369 148.176620
v -117.562401 3.035369 148.552750
v -117.549004 3.035369 148.168106
v -117.494759 3.035369 148.544067
v -117.549004 0.006011 148.168106
v -117.494759 0.006012 148.544067
v -117.589539 0.006011 148.364670
v -117.521896 0.006011 148.356079
v -117.521896 3.323765 148.356079
v -117.589539 3.323765 148.364670
v -117.709557 0.006011 147.532425
v -117.655327 0.006011 147.908585
v -117.709557 3.035368 147.532425
v -117.655327 3.035368 147.908585
v -117.641846 3.035368 147.524200
v -117.587646 3.035368 147.900177
v -117.641846 0.006010 147.524200
v -117.587646 0.006011 147.900177
v -117.682419 0.006011 147.720505
v -117.614731 0.006011 147.712189
v -117.614731 3.323764 147.712189
v -117.682419 3.323764 147.720505
v -117.774048 3.323764 147.085175
v -117.746933 3.035368 147.273193
v -117.706322 3.323764 147.077118
v -117.679222 3.035368 147.265076
v -117.706322 0.006010 147.077118
v -117.679222 0.006010 147.265076
v -117.774048 0.006010 147.085175
v -117.746933 0.006010 147.273193
v -117.733429 0.006009 146.889099
v -117.801163 0.006009 146.897079
v -117.733429 3.035368 146.889099
v -117.801163 3.035368 146.897079
v -117.337860 0.006013 150.109085
v -117.283562 0.006014 150.485214
v -117.337860 3.035371 150.109085
v -117.283562 3.035371 150.485214
v -117.270294 3.035371 150.099747
v -117.216019 3.035371 150.475708
v -117.270294 0.006013 150.099747
v -117.216019 0.006014 150.475708
v -117.310707 0.006013 150.297089
v -117.243156 0.006013 150.287674
v -117.243156 3.323767 150.287674
v -117.310707 3.323767 150.297089
v -116.907196 1.183834 152.624756
v -116.839806 1.183834 152.614395
v -116.907196 0.871180 152.624756
v -116.839806 0.871180 152.614395
v -117.769325 2.261553 146.650528
v -117.701584 2.261553 146.642654
v -117.769325 2.574210 146.650528
v -117.701584 2.574210 146.642654
v -117.151886 0.006014 151.397354
v -117.097557 0.006015 151.773499
v -117.151886 3.035373 151.397354
v -117.097557 3.035373 151.773499
v -117.084404 3.035373 151.387482
v -117.030106 3.035373 151.763489
v -117.084404 0.006015 151.387482
v -117.030106 0.006016 151.763489
v -117.124718 0.006015 151.585434
v -117.057251 0.006015 151.575470
v -117.057251 3.323769 151.575470
v -117.124718 3.323769 151.585434
v -117.954193 -0.005724 146.670273
v -117.579643 -0.005723 146.626770
v -117.954193 3.097479 146.670273
v -117.579643 3.097479 146.626770
v -118.008476 3.097479 146.293594
v -117.633827 3.097479 146.250977
v -118.008476 -0.005724 146.293594
v -117.633827 -0.005724 146.250977
v -117.766922 -0.005724 146.648514
v -117.821152 -0.005724 146.272263
v -117.821152 3.097479 146.272263
v -117.766922 3.097479 146.648514
v -117.981346 3.097479 146.481949
v -117.794037 3.321915 146.460419
v -117.606735 3.097479 146.438889
v -117.606735 -0.005724 146.438889
v -117.794037 -0.005724 146.460419
v -117.981346 -0.005724 146.481949
v -116.061371 -0.005709 159.769287
v -115.691605 -0.005709 159.695419
v -116.061371 3.097494 159.769287
v -115.691605 3.097494 159.695419
v -116.115921 3.097493 159.392685
v -115.745987 3.097494 159.319687
v -116.115921 -0.005710 159.392685
v -115.745987 -0.005710 159.319687
v -115.876488 -0.005709 159.732346
v -115.930962 -0.005710 159.356186
v -115.930962 3.097494 159.356186
v -115.876488 3.097494 159.732346
v -116.088646 3.097494 159.580994
v -115.903717 3.321929 159.544266
v -115.718788 3.097494 159.507568
v -115.718788 -0.005710 159.507568
v -115.903717 -0.005709 159.544266
v -116.088646 -0.005709 159.580994
v -116.085228 0.006022 158.774307
v -116.030777 0.006023 159.150406
v -116.085228 3.035381 158.774307
v -116.030777 3.035381 159.150406
v -116.018265 3.035381 158.761353
v -115.963844 3.035381 159.137283
v -116.018265 0.006022 158.761353
v -115.963844 0.006023 159.137283
v -116.057999 0.006023 158.962341
v -115.991058 0.006023 158.949310
v -115.991058 3.323777 158.949310
v -116.057999 3.323777 158.962341
v -116.458092 0.006020 156.197861
v -116.403702 0.006021 156.573959
v -116.458092 3.035378 156.197861
v -116.403702 3.035378 156.573959
v -116.390945 3.035378 156.185974
v -116.336563 3.035378 156.561935
v -116.390945 0.006020 156.185974
v -116.336563 0.006021 156.561935
v -116.430908 0.006020 156.385925
v -116.363762 0.006020 156.373947
v -116.363762 3.323774 156.373947
v -116.430908 3.323774 156.385925
v -116.271713 0.006021 157.486084
v -116.217278 0.006022 157.862167
v -116.271713 3.035379 157.486084
v -116.217278 3.035380 157.862167
v -116.204651 3.035379 157.473663
v -116.150246 3.035380 157.849609
v -116.204651 0.006021 157.473663
v -116.150246 0.006022 157.849609
v -116.244499 0.006021 157.674133
v -116.177444 0.006021 157.661652
v -116.177444 3.323776 157.661652
v -116.244499 3.323776 157.674133
v -115.933693 2.900324 159.355835
v -115.866791 2.900324 159.342651
v -115.933693 2.575199 159.355835
v -115.866791 2.575199 159.342651
v -116.798042 2.575193 153.380280
v -116.730698 2.575193 153.369583
v -116.798042 2.900318 153.380280
v -116.730698 2.900318 153.369583
v -115.933693 0.867279 159.355835
v -115.866791 0.867279 159.342651
v -115.933693 0.542154 159.355835
v -115.866791 0.542154 159.342651
v -116.798042 0.542147 153.380280
v -116.730698 0.542147 153.369583
v -116.798042 0.867272 153.380280
v -116.730698 0.867272 153.369583
v -116.551270 0.006020 155.553726
v -116.496857 0.006020 155.929840
v -116.551270 3.035377 155.553726
v -116.496857 3.035378 155.929840
v -116.484062 3.035377 155.542114
v -116.429695 3.035378 155.918091
v -116.484062 0.006019 155.542114
v -116.429695 0.006020 155.918091
v -116.524063 0.006019 155.741760
v -116.456871 0.006019 155.730103
v -116.456871 3.323774 155.730103
v -116.524063 3.323774 155.741760
v -116.644386 0.006019 154.909592
v -116.590012 0.006019 155.285706
v -116.644386 3.035377 154.909592
v -116.590012 3.035377 155.285706
v -116.577141 3.035377 154.898270
v -116.522789 3.035377 155.274200
v -116.577141 0.006019 154.898270
v -116.522789 0.006019 155.274200
v -116.617203 0.006019 155.097626
v -116.549973 0.006019 155.086197
v -116.549973 3.323773 155.086197
v -116.617203 3.323773 155.097626
v -116.737518 0.006018 154.265472
v -116.683136 0.006018 154.641586
v -116.737518 3.035376 154.265472
v -116.683136 3.035376 154.641586
v -116.670219 3.035376 154.254410
v -116.615868 3.035376 154.630386
v -116.670219 0.006017 154.254410
v -116.615868 0.006018 154.630386
v -116.710312 0.006018 154.453552
v -116.643036 0.006018 154.442398
v -116.643036 3.323772 154.442398
v -116.710312 3.323772 154.453552
v -116.802155 3.323771 153.818222
v -116.774971 3.035376 154.006256
v -116.734833 3.323771 153.807343
v -116.707672 3.035376 153.995300
v -116.734833 0.006017 153.807343
v -116.707672 0.006017 153.995300
v -116.802155 0.006017 153.818222
v -116.774971 0.006017 154.006256
v -116.762001 0.006017 153.619354
v -116.829338 0.006017 153.630157
v -116.762001 3.035375 153.619354
v -116.829338 3.035375 153.630157
v -116.364906 0.006021 156.842010
v -116.310501 0.006021 157.218079
v -116.364906 3.035379 156.842010
v -116.310501 3.035379 157.218079
v -116.297791 3.035379 156.829865
v -116.243408 3.035379 157.205750
v -116.297791 0.006021 156.829865
v -116.243408 0.006021 157.205750
v -116.337700 0.006021 157.030014
v -116.270607 0.006021 157.017792
v -116.270607 3.323775 157.017792
v -116.337700 3.323775 157.030014
v -115.933868 1.183841 159.354752
v -115.866951 1.183841 159.341553
v -115.933868 0.871187 159.354752
v -115.866951 0.871187 159.341553
v -116.797951 2.261561 153.380890
v -116.730606 2.261561 153.370178
v -116.797951 2.574218 153.380890
v -116.730606 2.574218 153.370178
v -116.178474 0.006022 158.130219
v -116.124046 0.006022 158.506317
v -116.178474 3.035380 158.130219
v -116.124046 3.035380 158.506317
v -116.111473 3.035380 158.117523
v -116.057060 3.035380 158.493454
v -116.111473 0.006022 158.117523
v -116.057060 0.006022 158.493454
v -116.151260 0.006022 158.318237
v -116.084267 0.006022 158.305466
v -116.084267 3.323776 158.305466
v -116.151260 3.323776 158.318237
v -116.981773 -0.005716 153.408295
v -116.609383 -0.005716 153.349121
v -116.981773 3.097487 153.408295
v -116.609383 3.097487 153.349121
v -117.036201 3.097486 153.031647
v -116.663673 3.097486 152.973343
v -117.036201 -0.005716 153.031647
v -116.663673 -0.005717 152.973343
v -116.795586 -0.005716 153.378723
v -116.849930 -0.005717 153.002487
v -116.849930 3.097486 153.002487
v -116.795586 3.097487 153.378723
v -117.008995 3.097486 153.219971
v -116.822754 3.321923 153.190598
v -116.636528 3.097486 153.161224
v -116.636528 -0.005716 153.161224
v -116.822754 -0.005716 153.190598
v -117.008995 -0.005716 153.219971
v -115.083954 -0.005702 166.506454
v -114.717606 -0.005702 166.417160
v -115.083954 3.097502 166.506454
v -114.717606 3.097501 166.417160
v -115.138649 3.097501 166.129852
v -114.772095 3.097501 166.041412
v -115.138649 -0.005702 166.129852
v -114.772095 -0.005702 166.041412
v -114.900780 -0.005702 166.461807
v -114.955376 -0.005702 166.085648
v -114.955376 3.097501 166.085648
v -114.900780 3.097501 166.461807
v -115.111305 3.097501 166.318146
v -114.928078 3.321937 166.273712
v -114.744858 3.097501 166.229279
v -114.744858 -0.005702 166.229279
v -114.928078 -0.005702 166.273712
v -115.111305 -0.005702 166.318146
v -115.109230 0.006030 165.506638
v -115.054649 0.006031 165.882706
v -115.109230 3.035388 165.506638
v -115.054649 3.035389 165.882706
v -115.042885 3.035388 165.490891
v -114.988319 3.035389 165.866791
v -115.042885 0.006030 165.490891
v -114.988319 0.006031 165.866791
v -115.081940 0.006031 165.694656
v -115.015610 0.006030 165.678818
v -115.015610 3.323785 165.678818
v -115.081940 3.323785 165.694656
v -115.483002 0.006027 162.930374
v -115.428467 0.006027 163.306427
v -115.483002 3.035385 162.930374
v -115.428467 3.035386 163.306427
v -115.416405 3.035385 162.915695
v -115.361908 3.035386 163.291595
v -115.416405 0.006027 162.915695
v -115.361908 0.006028 163.291595
v -115.455734 0.006027 163.118423
v -115.389160 0.006027 163.103653
v -115.389160 3.323782 163.103653
v -115.455734 3.323781 163.118423
v -115.296165 0.006029 164.218491
v -115.241600 0.006029 164.594559
v -115.296165 3.035387 164.218491
v -115.241600 3.035388 164.594559
v -115.229683 3.035387 164.203278
v -115.175156 3.035387 164.579193
v -115.229683 0.006029 164.203278
v -115.175156 0.006029 164.579193
v -115.268875 0.006029 164.406540
v -115.202415 0.006029 164.391251
v -115.202415 3.323783 164.391251
v -115.268875 3.323783 164.406540
v -114.958099 2.900332 166.085434
v -114.891800 2.900332 166.069443
v -114.958099 2.575207 166.085434
v -114.891800 2.575207 166.069443
v -115.824463 2.575200 160.110214
v -115.757614 2.575200 160.096695
v -115.824463 2.900325 160.110214
v -115.757614 2.900325 160.096695
v -114.958099 0.867285 166.085434
v -114.891800 0.867286 166.069443
v -114.958099 0.542161 166.085434
v -114.891800 0.542161 166.069443
v -115.824463 0.542154 160.110214
v -115.757614 0.542154 160.096695
v -115.824463 0.867279 160.110214
v -115.757614 0.867279 160.096695
v -115.576393 0.006027 162.286255
v -115.521866 0.006027 162.662338
v -115.576393 3.035385 162.286255
v -115.521866 3.035385 162.662338
v -115.509735 3.035385 162.271851
v -115.455246 3.035385 162.647781
v -115.509735 0.006027 162.271851
v -115.455246 0.006027 162.647781
v -115.549141 0.006027 162.474319
v -115.482498 0.006027 162.459824
v -115.482498 3.323781 162.459824
v -115.549141 3.323781 162.474319
v -115.669754 0.006026 161.642227
v -115.615250 0.006026 162.018295
v -115.669754 3.035384 161.642227
v -115.615250 3.035384 162.018295
v -115.603043 3.035384 161.628082
v -115.548569 3.035384 162.003983
v -115.603043 0.006026 161.628082
v -115.548569 0.006027 162.003983
v -115.642502 0.006026 161.830231
v -115.575813 0.006026 161.816010
v -115.575813 3.323780 161.816010
v -115.642502 3.323780 161.830231
v -115.763100 0.006025 160.998138
v -115.708595 0.006026 161.374222
v -115.763100 3.035383 160.998138
v -115.708595 3.035384 161.374222
v -115.696335 3.035384 160.984253
v -115.641861 3.035384 161.360184
v -115.696335 0.006025 160.984253
v -115.641861 0.006026 161.360184
v -115.735870 0.006026 161.186188
v -115.669113 0.006026 161.172211
v -115.669113 3.323779 161.172211
v -115.735870 3.323779 161.186188
v -115.827911 3.323779 160.550903
v -115.800659 3.035383 160.738922
v -115.761093 3.323779 160.537216
v -115.733864 3.035383 160.725159
v -115.761093 0.006025 160.537216
v -115.733864 0.006025 160.725159
v -115.827911 0.006025 160.550903
v -115.800659 0.006025 160.738922
v -115.788322 0.006024 160.349228
v -115.855148 0.006024 160.362854
v -115.788322 3.035383 160.349228
v -115.855148 3.035383 160.362854
v -115.389595 0.006028 163.574448
v -115.335045 0.006029 163.950516
v -115.389595 3.035386 163.574448
v -115.335045 3.035387 163.950516
v -115.323051 3.035386 163.559509
v -115.268539 3.035387 163.935394
v -115.323051 0.006028 163.559509
v -115.268539 0.006028 163.935394
v -115.362320 0.006028 163.762482
v -115.295792 0.006028 163.747437
v -115.295792 3.323782 163.747437
v -115.362320 3.323782 163.762482
v -114.958260 1.183849 166.084305
v -114.891953 1.183849 166.068314
v -114.958260 0.871195 166.084305
v -114.891953 0.871195 166.068314
v -115.824371 2.261568 160.110809
v -115.757523 2.261568 160.097290
v -115.824356 2.574225 160.110809
v -115.757523 2.574225 160.097290
v -115.202713 0.006030 164.862564
v -115.148125 0.006030 165.238632
v -115.202713 3.035388 164.862564
v -115.148125 3.035388 165.238632
v -115.136292 3.035388 164.847076
v -115.081749 3.035388 165.223007
v -115.136292 0.006030 164.847076
v -115.081749 0.006030 165.223007
v -115.175423 0.006030 165.050613
v -115.109016 0.006030 165.035049
v -115.109016 3.323783 165.035049
v -115.175423 3.323783 165.050613
v -116.006790 -0.005708 160.145905
v -115.637192 -0.005709 160.071167
v -116.006790 3.097494 160.145905
v -115.637192 3.097494 160.071167
v -116.061371 3.097494 159.769287
v -115.691605 3.097494 159.695419
v -116.061371 -0.005709 159.769287
v -115.691605 -0.005709 159.695419
v -115.821991 -0.005709 160.108551
v -115.876488 -0.005709 159.732346
v -115.876488 3.097494 159.732346
v -115.821991 3.097494 160.108551
v -116.034073 3.097494 159.957626
v -115.849236 3.321930 159.920486
v -115.664398 3.097494 159.883331
v -115.664398 -0.005709 159.883331
v -115.849236 -0.005709 159.920486
v -116.034073 -0.005709 159.957626
v -112.953125 -0.005694 172.959686
v -112.591103 -0.005694 172.854172
v -112.953125 3.097509 172.959686
v -112.591103 3.097509 172.854172
v -113.081955 3.097508 172.601318
v -112.719688 3.097508 172.496704
v -113.081955 -0.005695 172.601318
v -112.719688 -0.005695 172.496704
v -112.772118 -0.005694 172.906906
v -112.900818 -0.005695 172.549011
v -112.900818 3.097509 172.549011
v -112.772118 3.097509 172.906906
v -113.017532 3.097509 172.780502
v -112.836464 3.321944 172.727982
v -112.655396 3.097509 172.675446
v -112.655396 -0.005695 172.675446
v -112.836464 -0.005694 172.727982
v -113.017532 -0.005694 172.780502
v -113.171120 0.006038 172.001892
v -113.042480 0.006038 172.359695
v -113.171120 3.035396 172.001892
v -113.042480 3.035396 172.359695
v -113.105522 3.035396 171.983231
v -112.976929 3.035396 172.340866
v -113.105522 0.006037 171.983231
v -112.976929 0.006038 172.340866
v -113.106804 0.006038 172.180786
v -113.041222 0.006038 172.162064
v -113.041222 3.323792 172.162064
v -113.106804 3.323792 172.180786
v -114.052216 0.006035 169.550674
v -113.923615 0.006035 169.908524
v -114.052216 3.035393 169.550674
v -113.923615 3.035393 169.908524
v -113.986305 3.035393 169.533127
v -113.857750 3.035393 169.890839
v -113.986305 0.006035 169.533127
v -113.857750 0.006035 169.890839
v -113.987923 0.006035 169.729568
v -113.922035 0.006035 169.711960
v -113.922035 3.323789 169.711960
v -113.987923 3.323789 169.729568
v -113.611717 0.006036 170.776276
v -113.483101 0.006037 171.134109
v -113.611717 3.035394 170.776276
v -113.483101 3.035395 171.134109
v -113.545952 3.035394 170.758194
v -113.417397 3.035395 171.115845
v -113.545952 0.006036 170.758194
v -113.417397 0.006037 171.115845
v -113.547401 0.006037 170.955215
v -113.481674 0.006037 170.937027
v -113.481674 3.323790 170.937027
v -113.547401 3.323790 170.955215
v -112.903671 2.900339 172.548981
v -112.838150 2.900339 172.530045
v -112.903671 2.575214 172.548981
v -112.838150 2.575214 172.530045
v -114.848595 2.575207 166.839752
v -114.782372 2.575207 166.823441
v -114.848595 2.900332 166.839752
v -114.782372 2.900332 166.823441
v -112.903671 0.867294 172.548981
v -112.838150 0.867293 172.530045
v -112.903671 0.542169 172.548981
v -112.838150 0.542169 172.530045
v -114.848595 0.542162 166.839752
v -114.782372 0.542162 166.823441
v -114.848595 0.867287 166.839752
v -114.782372 0.867287 166.823441
v -114.272423 0.006034 168.937851
v -114.143852 0.006034 169.295670
v -114.272423 3.035392 168.937851
v -114.143852 3.035393 169.295670
v -114.206436 3.035392 168.920593
v -114.077911 3.035393 169.278259
v -114.206436 0.006034 168.920593
v -114.077911 0.006035 169.278259
v -114.208145 0.006034 169.116730
v -114.142181 0.006034 169.099396
v -114.142181 3.323788 169.099396
v -114.208145 3.323788 169.116730
v -114.492615 0.006033 168.325027
v -114.364052 0.006034 168.682831
v -114.492615 3.035391 168.325027
v -114.364052 3.035392 168.682831
v -114.426559 3.035391 168.308060
v -114.298042 3.035392 168.665710
v -114.426559 0.006033 168.308060
v -114.298042 0.006034 168.665710
v -114.428337 0.006033 168.503906
v -114.362312 0.006033 168.486862
v -114.362312 3.323787 168.486862
v -114.428337 3.323787 168.503906
v -114.712784 0.006032 167.712158
v -114.584221 0.006033 168.070038
v -114.712784 3.035391 167.712158
v -114.584221 3.035391 168.070038
v -114.646645 3.035391 167.695480
v -114.518135 3.035391 168.053192
v -114.646645 0.006032 167.695480
v -114.518135 0.006033 168.053192
v -114.648499 0.006033 167.891083
v -114.582397 0.006033 167.874329
v -114.582397 3.323787 167.874329
v -114.648499 3.323786 167.891083
v -114.851295 3.323786 167.283096
v -114.801369 3.035390 167.465561
v -114.785118 3.323786 167.266602
v -114.735214 3.035390 167.448990
v -114.785118 0.006032 167.266602
v -114.735214 0.006032 167.448990
v -114.851295 0.006032 167.283096
v -114.801369 0.006032 167.465561
v -114.812401 0.006032 167.078659
v -114.878616 0.006032 167.095078
v -114.812401 3.035390 167.078659
v -114.878616 3.035390 167.095078
v -113.831970 0.006036 170.163483
v -113.703369 0.006036 170.521286
v -113.831970 3.035394 170.163483
v -113.703369 3.035394 170.521286
v -113.766129 3.035393 170.145676
v -113.637573 3.035394 170.503296
v -113.766129 0.006036 170.145676
v -113.637573 0.006036 170.503296
v -113.767685 0.006036 170.342392
v -113.701859 0.006036 170.324478
v -113.701859 3.323790 170.324478
v -113.767685 3.323789 170.342392
v -112.904060 1.183856 172.547913
v -112.838539 1.183856 172.528992
v -112.904060 0.871202 172.547913
v -112.838539 0.871202 172.528992
v -114.848503 2.261575 166.840332
v -114.782295 2.261575 166.824020
v -114.848503 2.574233 166.840332
v -114.782295 2.574233 166.824020
v -113.391426 0.006037 171.389099
v -113.262794 0.006037 171.746918
v -113.391426 3.035395 171.389099
v -113.262794 3.035396 171.746918
v -113.325760 3.035395 171.370728
v -113.197159 3.035396 171.728378
v -113.325760 0.006037 171.370728
v -113.197159 0.006037 171.728378
v -113.327110 0.006037 171.567978
v -113.261467 0.006037 171.549530
v -113.261467 3.323791 171.549530
v -113.327110 3.323792 171.567978
v -115.029236 -0.005702 166.883041
v -114.663109 -0.005702 166.792862
v -115.029236 3.097502 166.883041
v -114.663109 3.097502 166.792862
v -115.083954 3.097502 166.506454
v -114.717606 3.097501 166.417160
v -115.083954 -0.005702 166.506454
v -114.717606 -0.005702 166.417160
v -114.846169 -0.005702 166.837952
v -114.900780 -0.005702 166.461807
v -114.900780 3.097501 166.461807
v -114.846169 3.097502 166.837952
v -115.056595 3.097502 166.694763
v -114.873466 3.321938 166.649887
v -114.690346 3.097502 166.605026
v -114.690346 -0.005702 166.605026
v -114.873466 -0.005702 166.649887
v -115.056595 -0.005701 166.694763
v -110.646866 -0.005687 179.369583
v -110.289963 -0.005687 179.247925
v -110.646866 3.097516 179.369583
v -110.289963 3.097516 179.247925
v -110.775848 3.097516 179.011353
v -110.418640 3.097516 178.890594
v -110.775848 -0.005687 179.011353
v -110.418640 -0.005687 178.890594
v -110.468414 -0.005687 179.308762
v -110.597252 -0.005687 178.950974
v -110.597252 3.097516 178.950974
v -110.468414 3.097516 179.308762
v -110.711349 3.097516 179.190460
v -110.532829 3.321952 179.129852
v -110.354301 3.097516 179.069244
v -110.354301 -0.005687 179.069244
v -110.532829 -0.005687 179.129852
v -110.711349 -0.005687 179.190460
v -110.866844 0.006045 178.406830
v -110.738052 0.006046 178.764603
v -110.866844 3.035403 178.406830
v -110.738052 3.035403 178.764603
v -110.802147 3.035403 178.385254
v -110.673416 3.035404 178.742859
v -110.802147 0.006045 178.385254
v -110.673416 0.006046 178.742859
v -110.802460 0.006046 178.585709
v -110.737785 0.006046 178.564026
v -110.737785 3.323799 178.564026
v -110.802460 3.323799 178.585709
v -111.748962 0.006042 175.955887
v -111.620216 0.006043 176.313705
v -111.748962 3.035400 175.955887
v -111.620216 3.035401 176.313705
v -111.683907 3.035400 175.935425
v -111.555206 3.035401 176.293045
v -111.683907 0.006042 175.935425
v -111.555206 0.006042 176.293045
v -111.684578 0.006042 176.134796
v -111.619553 0.006042 176.114258
v -111.619553 3.323797 176.114258
v -111.684578 3.323797 176.134796
v -111.307953 0.006044 177.181396
v -111.179184 0.006044 177.539139
v -111.307953 3.035402 177.181396
v -111.179184 3.035402 177.539139
v -111.243080 3.035402 177.160355
v -111.114365 3.035402 177.517960
v -111.243080 0.006044 177.160355
v -111.114365 0.006044 177.517960
v -111.243568 0.006044 177.360260
v -111.178719 0.006044 177.339142
v -111.178719 3.323798 177.339142
v -111.243568 3.323798 177.360260
v -110.600052 2.900347 178.950974
v -110.535461 2.900347 178.929123
v -110.600052 2.575222 178.950974
v -110.535461 2.575222 178.929123
v -112.645576 2.575215 173.266632
v -112.580154 2.575215 173.247406
v -112.645576 2.900340 173.266632
v -112.580154 2.900340 173.247406
v -110.600052 0.867301 178.950974
v -110.535461 0.867301 178.929123
v -110.600052 0.542176 178.950974
v -110.535461 0.542176 178.929123
v -112.645576 0.542169 173.266632
v -112.580154 0.542169 173.247406
v -112.645576 0.867294 173.266632
v -112.580154 0.867294 173.247406
v -111.969429 0.006041 175.343124
v -111.840706 0.006042 175.700943
v -111.969429 3.035399 175.343124
v -111.840706 3.035400 175.700943
v -111.904289 3.035400 175.322952
v -111.775612 3.035400 175.680588
v -111.904289 0.006042 175.322952
v -111.775612 0.006042 175.680588
v -111.905060 0.006042 175.522034
v -111.839951 0.006042 175.501785
v -111.839951 3.323796 175.501785
v -111.905060 3.323796 175.522034
v -112.189857 0.006041 174.730408
v -112.061157 0.006041 175.088150
v -112.189857 3.035399 174.730408
v -112.061157 3.035399 175.088150
v -112.124626 3.035399 174.710480
v -111.995972 3.035399 175.068069
v -112.124626 0.006041 174.710480
v -111.995972 0.006041 175.068069
v -112.125511 0.006041 174.909286
v -112.060303 0.006041 174.889282
v -112.060303 3.323795 174.889282
v -112.125511 3.323795 174.909286
v -112.410278 0.006040 174.117599
v -112.281570 0.006041 174.475433
v -112.410278 3.035398 174.117599
v -112.281570 3.035398 174.475433
v -112.344971 3.035398 174.097992
v -112.216309 3.035398 174.455627
v -112.344971 0.006040 174.097992
v -112.216309 0.006040 174.455627
v -112.345932 0.006041 174.296509
v -112.280647 0.006040 174.276794
v -112.280647 3.323794 174.276794
v -112.345932 3.323794 174.296509
v -112.563309 3.323793 173.692139
v -112.498978 3.035398 173.871002
v -112.497948 3.323793 173.672699
v -112.433632 3.035398 173.851517
v -112.497948 0.006040 173.672699
v -112.433632 0.006040 173.851517
v -112.563309 0.006040 173.692139
v -112.498978 0.006040 173.871002
v -112.562271 0.006039 173.493866
v -112.627655 0.006039 173.513229
v -112.562271 3.035398 173.493866
v -112.627655 3.035398 173.513229
v -111.528458 0.006043 176.568649
v -111.399696 0.006043 176.926437
v -111.528458 3.035401 176.568649
v -111.399696 3.035402 176.926437
v -111.463486 3.035401 176.547913
v -111.334793 3.035402 176.905518
v -111.463486 0.006043 176.547913
v -111.334793 0.006043 176.905518
v -111.464096 0.006043 176.747513
v -111.399147 0.006043 176.726700
v -111.399147 3.323797 176.726700
v -111.464096 3.323797 176.747513
v -110.600441 1.183864 178.949921
v -110.535843 1.183864 178.928116
v -110.600441 0.871210 178.949921
v -110.535843 0.871210 178.928116
v -112.645370 2.261583 173.267197
v -112.579948 2.261583 173.247955
v -112.645370 2.574240 173.267197
v -112.579948 2.574240 173.247955
v -111.087410 0.006044 177.794128
v -110.958633 0.006045 178.151901
v -111.087410 3.035402 177.794128
v -110.958633 3.035403 178.151901
v -111.022629 3.035403 177.772812
v -110.893890 3.035403 178.130417
v -111.022629 0.006045 177.772812
v -110.893890 0.006045 178.130417
v -111.023018 0.006045 177.973022
v -110.958252 0.006045 177.951630
v -110.958252 3.323798 177.951630
v -111.023018 3.323799 177.973022
v -112.824272 -0.005694 173.318008
v -112.462532 -0.005694 173.211594
v -112.824272 3.097509 173.318008
v -112.462532 3.097509 173.211594
v -112.953125 3.097509 172.959686
v -112.591103 3.097509 172.854172
v -112.953125 -0.005694 172.959686
v -112.591103 -0.005694 172.854172
v -112.643402 -0.005694 173.264786
v -112.772118 -0.005694 172.906906
v -112.772118 3.097509 172.906906
v -112.643402 3.097509 173.264786
v -112.888695 3.097509 173.138824
v -112.707756 3.321945 173.085861
v -112.526817 3.097509 173.032852
v -112.526817 -0.005694 173.032852
v -112.707756 -0.005694 173.085861
v -112.888695 -0.005694 173.138824
v -108.337761 -0.005679 185.778549
v -107.986671 -0.005679 185.641022
v -108.337761 3.097524 185.778549
v -107.986671 3.097524 185.641022
v -108.466911 3.097523 185.420334
v -108.115486 3.097523 185.283661
v -108.466911 -0.005680 185.420334
v -108.115471 -0.005680 185.283661
v -108.162209 -0.005680 185.709778
v -108.291199 -0.005680 185.351990
v -108.291199 3.097523 185.351990
v -108.162209 3.097524 185.709778
v -108.402328 3.097523 185.599442
v -108.226707 3.321959 185.530884
v -108.051079 3.097524 185.462326
v -108.051079 -0.005679 185.462326
v -108.226707 -0.005680 185.530884
v -108.402328 -0.005680 185.599442
v -108.559967 0.006052 184.810913
v -108.431023 0.006053 185.168625
v -108.559967 3.035410 184.810913
v -108.431023 3.035411 185.168625
v -108.496300 3.035410 184.786438
v -108.367432 3.035411 185.143997
v -108.496300 0.006052 184.786438
v -108.367432 0.006053 185.143997
v -108.495491 0.006052 184.989792
v -108.431862 0.006052 184.965225
v -108.431862 3.323807 184.965225
v -108.495491 3.323807 184.989792
v -109.443069 0.006050 182.360306
v -109.314194 0.006050 182.718033
v -109.443069 3.035408 182.360306
v -109.314194 3.035408 182.718033
v -109.379005 3.035408 182.336929
v -109.250168 3.035408 182.694504
v -109.379005 0.006050 182.336929
v -109.250168 0.006050 182.694504
v -109.378624 0.006050 182.539169
v -109.314590 0.006050 182.515701
v -109.314575 3.323804 182.515701
v -109.378624 3.323804 182.539169
v -109.001556 0.006051 183.585632
v -108.872650 0.006052 183.943344
v -109.001556 3.035409 183.585632
v -108.872650 3.035409 183.943344
v -108.937698 3.035409 183.561722
v -108.808838 3.035409 183.919266
v -108.937698 0.006051 183.561722
v -108.808838 0.006052 183.919266
v -108.937096 0.006051 183.764511
v -108.873260 0.006051 183.740494
v -108.873260 3.323805 183.740494
v -108.937096 3.323806 183.764511
v -108.293976 2.900354 185.352173
v -108.230415 2.900354 185.327423
v -108.293976 2.575229 185.352173
v -108.230415 2.575229 185.327423
v -110.341690 2.575222 179.668564
v -110.277191 2.575222 179.646408
v -110.341690 2.900348 179.668564
v -110.277191 2.900348 179.646408
v -108.293976 0.867308 185.352173
v -108.230415 0.867308 185.327423
v -108.293976 0.542183 185.352173
v -108.230415 0.542183 185.327423
v -110.341690 0.542177 179.668564
v -110.277191 0.542177 179.646408
v -110.341690 0.867301 179.668564
v -110.277191 0.867301 179.646408
v -109.663788 0.006049 181.747635
v -109.534912 0.006049 182.105362
v -109.663788 3.035407 181.747635
v -109.534912 3.035408 182.105362
v -109.599617 3.035407 181.724533
v -109.470802 3.035408 182.082092
v -109.599617 0.006049 181.724533
v -109.470802 0.006049 182.082092
v -109.599358 0.006049 181.926498
v -109.535210 0.006049 181.903305
v -109.535210 3.323803 181.903305
v -109.599358 3.323803 181.926498
v -109.884476 0.006048 181.134964
v -109.755615 0.006049 181.492706
v -109.884476 3.035407 181.134964
v -109.755615 3.035407 181.492706
v -109.820206 3.035406 181.112137
v -109.691414 3.035407 181.469742
v -109.820206 0.006048 181.112137
v -109.691414 0.006048 181.469742
v -109.820061 0.006048 181.313828
v -109.755821 0.006049 181.290909
v -109.755821 3.323803 181.290909
v -109.820061 3.323802 181.313828
v -110.105148 0.006048 180.522263
v -109.976288 0.006048 180.880035
v -110.105148 3.035406 180.522263
v -109.976288 3.035406 180.880035
v -110.040787 3.035406 180.499741
v -109.911972 3.035406 180.857346
v -110.040787 0.006048 180.499741
v -109.911972 0.006048 180.857346
v -110.040710 0.006048 180.701157
v -109.976379 0.006048 180.678543
v -109.976379 3.323802 180.678543
v -110.040710 3.323802 180.701157
v -110.258339 3.323801 180.096848
v -110.193932 3.035405 180.275742
v -110.193909 3.323801 180.074509
v -110.129524 3.035405 180.253326
v -110.193909 0.006047 180.074509
v -110.129524 0.006047 180.253326
v -110.258354 0.006047 180.096848
v -110.193932 0.006047 180.275742
v -110.258293 0.006047 179.895706
v -110.322746 0.006047 179.917969
v -110.258293 3.035405 179.895706
v -110.322746 3.035405 179.917969
v -109.222328 0.006050 182.972961
v -109.093422 0.006051 183.330704
v -109.222328 3.035408 182.972961
v -109.093422 3.035409 183.330704
v -109.158356 3.035409 182.949326
v -109.029518 3.035409 183.306870
v -109.158356 0.006050 182.949326
v -109.029518 0.006051 183.306870
v -109.157875 0.006050 183.151840
v -109.093941 0.006051 183.128098
v -109.093941 3.323805 183.128098
v -109.157875 3.323805 183.151840
v -108.294365 1.183871 185.351074
v -108.230797 1.183871 185.326370
v -108.294365 0.871217 185.351074
v -108.230797 0.871217 185.326370
v -110.341476 2.261590 179.669144
v -110.276978 2.261590 179.646973
v -110.341476 2.574248 179.669144
v -110.276978 2.574247 179.646973
v -108.780785 0.006052 184.198257
v -108.651840 0.006052 184.556030
v -108.780785 3.035410 184.198257
v -108.651840 3.035410 184.556030
v -108.717018 3.035410 184.174072
v -108.588142 3.035410 184.531647
v -108.717018 0.006052 184.174072
v -108.588142 0.006052 184.531647
v -108.716316 0.006052 184.377136
v -108.652588 0.006052 184.352859
v -108.652588 3.323806 184.352859
v -108.716316 3.323806 184.377136
v -110.517853 -0.005686 179.727890
v -110.161263 -0.005687 179.605331
v -110.517853 3.097517 179.727890
v -110.161263 3.097517 179.605331
v -110.646866 3.097516 179.369583
v -110.289963 3.097516 179.247925
v -110.646866 -0.005687 179.369583
v -110.289963 -0.005687 179.247925
v -110.339561 -0.005686 179.666595
v -110.468414 -0.005687 179.308762
v -110.468414 3.097516 179.308762
v -110.339561 3.097517 179.666595
v -110.582352 3.097517 179.548752
v -110.403984 3.321953 179.487717
v -110.225609 3.097517 179.426666
v -110.225609 -0.005687 179.426666
v -110.403984 -0.005686 179.487717
v -110.582352 -0.005687 179.548752
v -106.025879 -0.005672 192.186371
v -105.681328 -0.005672 192.033218
v -106.025879 3.097531 192.186371
v -105.681328 3.097531 192.033218
v -106.155174 3.097531 191.828247
v -105.810234 3.097531 191.675949
v -106.155174 -0.005672 191.828247
v -105.810234 -0.005672 191.675949
v -105.853607 -0.005672 192.109818
v -105.982704 -0.005672 191.752090
v -105.982704 3.097531 191.752090
v -105.853607 3.097531 192.109818
v -106.090530 3.097531 192.007355
v -105.918152 3.321967 191.930954
v -105.745781 3.097531 191.854599
v -105.745781 -0.005672 191.854599
v -105.918152 -0.005672 191.930954
v -106.090530 -0.005672 192.007355
v -106.250519 0.006060 191.213974
v -106.121429 0.006060 191.571640
v -106.250519 3.035418 191.213974
v -106.121429 3.035419 191.571640
v -106.188019 3.035418 191.186676
v -106.058998 3.035419 191.544174
v -106.188019 0.006060 191.186676
v -106.058998 0.006060 191.544174
v -106.185974 0.006060 191.392792
v -106.123505 0.006060 191.365402
v -106.123505 3.323814 191.365402
v -106.185974 3.323814 191.392792
v -107.134598 0.006057 188.763763
v -107.005554 0.006058 189.121460
v -107.134598 3.035415 188.763763
v -107.005554 3.035416 189.121460
v -107.071640 3.035415 188.737549
v -106.942673 3.035416 189.095093
v -107.071640 0.006057 188.737549
v -106.942673 0.006058 189.095093
v -107.070076 0.006058 188.942627
v -107.007149 0.006058 188.916321
v -107.007149 3.323811 188.916321
v -107.070076 3.323811 188.942627
v -106.692596 0.006058 189.988907
v -106.563538 0.006059 190.346573
v -106.692596 3.035417 189.988907
v -106.563538 3.035417 190.346573
v -106.629860 3.035417 189.962143
v -106.500877 3.035417 190.319656
v -106.629860 0.006058 189.962143
v -106.500877 0.006059 190.319656
v -106.628059 0.006059 190.167755
v -106.565361 0.006059 190.140930
v -106.565361 3.323812 190.140930
v -106.628059 3.323813 190.167755
v -105.985428 2.900362 191.752365
v -105.923050 2.900362 191.724823
v -105.985428 2.575237 191.752365
v -105.923050 2.575237 191.724823
v -108.035316 2.575230 186.069641
v -107.971886 2.575230 186.044601
v -108.035316 2.900355 186.069641
v -107.971886 2.900355 186.044601
v -105.985428 0.867316 191.752365
v -105.923050 0.867316 191.724823
v -105.985428 0.542191 191.752365
v -105.923050 0.542191 191.724823
v -108.035316 0.542184 186.069641
v -107.971886 0.542184 186.044601
v -108.035316 0.867309 186.069641
v -107.971886 0.867309 186.044601
v -107.355568 0.006056 188.151184
v -107.226555 0.006057 188.508865
v -107.355568 3.035414 188.151184
v -107.226555 3.035415 188.508865
v -107.292488 3.035415 188.125244
v -107.163536 3.035415 188.482742
v -107.292488 0.006056 188.125244
v -107.163536 0.006057 188.482742
v -107.291054 0.006057 188.330048
v -107.228012 0.006057 188.304016
v -107.228012 3.323810 188.304016
v -107.291054 3.323810 188.330048
v -107.576477 0.006056 187.538666
v -107.447495 0.006056 187.896301
v -107.576477 3.035414 187.538666
v -107.447495 3.035414 187.896301
v -107.513298 3.035414 187.512985
v -107.384377 3.035414 187.870453
v -107.513298 0.006056 187.512985
v -107.384377 0.006056 187.870453
v -107.511993 0.006056 187.717468
v -107.448845 0.006056 187.691711
v -107.448845 3.323810 187.691711
v -107.511993 3.323810 187.717468
v -107.797401 0.006055 186.926071
v -107.668411 0.006055 187.283752
v -107.797401 3.035413 186.926071
v -107.668411 3.035414 187.283752
v -107.734108 3.035413 186.900650
v -107.605186 3.035414 187.258194
v -107.734108 0.006055 186.900650
v -107.605186 0.006056 187.258194
v -107.732910 0.006055 187.104904
v -107.669655 0.006055 187.079407
v -107.669655 3.323809 187.079407
v -107.732910 3.323810 187.104904
v -107.950783 3.323808 186.500687
v -107.886299 3.035413 186.679520
v -107.887421 3.323809 186.475494
v -107.822960 3.035413 186.654221
v -107.887421 0.006054 186.475494
v -107.822960 0.006055 186.654221
v -107.950783 0.006054 186.500687
v -107.886299 0.006055 186.679520
v -107.951874 0.006054 186.296677
v -108.015266 0.006054 186.321823
v -107.951874 3.035413 186.296677
v -108.015266 3.035413 186.321823
v -106.913597 0.006058 189.376328
v -106.784561 0.006058 189.734024
v -106.913597 3.035416 189.376328
v -106.784561 3.035416 189.734024
v -106.850769 3.035416 189.349854
v -106.721786 3.035416 189.707367
v -106.850769 0.006058 189.349854
v -106.721786 0.006059 189.707367
v -106.849091 0.006058 189.555206
v -106.786270 0.006058 189.528625
v -106.786270 3.323812 189.528625
v -106.849091 3.323812 189.555206
v -105.985832 1.183879 191.751297
v -105.923439 1.183879 191.723755
v -105.985832 0.871225 191.751297
v -105.923439 0.871225 191.723755
v -108.035118 2.261598 186.070190
v -107.971680 2.261598 186.045151
v -108.035118 2.574255 186.070190
v -107.971680 2.574255 186.045151
v -106.471558 0.006059 190.601440
v -106.342491 0.006060 190.959106
v -106.471558 3.035417 190.601440
v -106.342491 3.035418 190.959106
v -106.408958 3.035417 190.574402
v -106.279938 3.035418 190.931915
v -106.408958 0.006059 190.574402
v -106.279938 0.006060 190.931915
v -106.407028 0.006060 190.780273
v -106.344452 0.006060 190.753189
v -106.344452 3.323813 190.753189
v -106.407028 3.323813 190.780273
v -108.208588 -0.005679 186.136795
v -107.857841 -0.005679 185.998367
v -108.208588 3.097524 186.136795
v -107.857841 3.097524 185.998367
v -108.337761 3.097524 185.778549
v -107.986671 3.097524 185.641022
v -108.337761 -0.005679 185.778549
v -107.986671 -0.005679 185.641022
v -108.033211 -0.005679 186.067581
v -108.162209 -0.005680 185.709778
v -108.162209 3.097524 185.709778
v -108.033211 3.097524 186.067581
v -108.273170 3.097524 185.957687
v -108.097710 3.321960 185.888687
v -107.922264 3.097524 185.819702
v -107.922264 -0.005679 185.819702
v -108.097710 -0.005679 185.888687
v -108.273170 -0.005679 185.957687
v -103.505829 -0.005664 198.493805
v -103.168648 -0.005665 198.325012
v -103.505829 3.097539 198.493805
v -103.168648 3.097539 198.325012
v -103.710190 3.097538 198.171921
v -103.372528 3.097538 198.004089
v -103.710190 -0.005665 198.171921
v -103.372528 -0.005665 198.004089
v -103.337242 -0.005665 198.409424
v -103.541351 -0.005665 198.088013
v -103.541351 3.097538 198.088013
v -103.337242 3.097539 198.409424
v -103.607994 3.097538 198.332886
v -103.439293 3.321974 198.248749
v -103.270592 3.097538 198.164581
v -103.270592 -0.005665 198.164581
v -103.439293 -0.005665 198.248749
v -103.607994 -0.005664 198.332886
v -103.926529 0.006068 197.610153
v -103.722458 0.006068 197.931549
v -103.926529 3.035425 197.610153
v -103.722458 3.035426 197.931549
v -103.865318 3.035425 197.580063
v -103.661339 3.035426 197.901306
v -103.865318 0.006068 197.580063
v -103.661339 0.006068 197.901306
v -103.824501 0.006068 197.770844
v -103.763336 0.006068 197.740662
v -103.763336 3.323822 197.740662
v -103.824501 3.323822 197.770844
v -104.823586 0.006065 195.166153
v -104.694405 0.006065 195.523804
v -104.823586 3.035423 195.166153
v -104.694405 3.035423 195.523804
v -104.761871 3.035422 195.137146
v -104.632767 3.035423 195.494614
v -104.761871 0.006065 195.137146
v -104.632767 0.006065 195.494614
v -104.758995 0.006065 195.344986
v -104.697311 0.006065 195.315887
v -104.697311 3.323819 195.315887
v -104.758995 3.323818 195.344986
v -104.381096 0.006066 196.391083
v -104.251907 0.006067 196.748688
v -104.381096 3.035424 196.391083
v -104.251907 3.035424 196.748688
v -104.319626 3.035424 196.361557
v -104.190514 3.035424 196.718994
v -104.319626 0.006066 196.361557
v -104.190514 0.006067 196.718994
v -104.316498 0.006067 196.569916
v -104.255066 0.006067 196.540298
v -104.255066 3.323820 196.540298
v -104.316498 3.323820 196.569916
v -103.544212 2.900369 198.088470
v -103.483154 2.900369 198.058136
v -103.544212 2.575244 198.088470
v -103.483154 2.575244 198.058136
v -105.726524 2.575237 192.469742
v -105.664276 2.575237 192.441895
v -105.726524 2.900362 192.469742
v -105.664276 2.900362 192.441895
v -103.544212 0.867323 198.088470
v -103.483154 0.867323 198.058136
v -103.544212 0.542198 198.088470
v -103.483154 0.542198 198.058136
v -105.726524 0.542192 192.469742
v -105.664276 0.542192 192.441895
v -105.726524 0.867316 192.469742
v -105.664276 0.867317 192.441895
v -105.044777 0.006064 194.553711
v -104.915634 0.006064 194.911316
v -105.044777 3.035422 194.553711
v -104.915634 3.035423 194.911316
v -104.982941 3.035422 194.524948
v -104.853851 3.035423 194.882401
v -104.982941 0.006064 194.524948
v -104.853851 0.006064 194.882401
v -104.980202 0.006064 194.732498
v -104.918396 0.006064 194.703674
v -104.918396 3.323818 194.703674
v -104.980202 3.323818 194.732498
v -105.265961 0.006063 193.941254
v -105.136818 0.006063 194.298874
v -105.265961 3.035421 193.941254
v -105.136818 3.035422 194.298874
v -105.203995 3.035421 193.912781
v -105.074921 3.035422 194.270218
v -105.203995 0.006063 193.912781
v -105.074921 0.006063 194.270218
v -105.201393 0.006063 194.120056
v -105.139465 0.006063 194.091492
v -105.139465 3.323817 194.091492
v -105.201393 3.323817 194.120056
v -105.487099 0.006063 193.328766
v -105.357979 0.006063 193.686386
v -105.487099 3.035420 193.328766
v -105.357979 3.035421 193.686386
v -105.425026 3.035420 193.300537
v -105.295959 3.035421 193.658005
v -105.425026 0.006063 193.300537
v -105.295959 0.006063 193.658005
v -105.422539 0.006063 193.507568
v -105.360489 0.006063 193.479279
v -105.360489 3.323817 193.479279
v -105.422539 3.323817 193.507568
v -105.640656 3.323816 192.903473
v -105.576111 3.035420 193.082275
v -105.578484 3.323816 192.875427
v -105.513962 3.035420 193.054169
v -105.578484 0.006062 192.875427
v -105.513962 0.006062 193.054169
v -105.640656 0.006062 192.903473
v -105.576111 0.006062 193.082275
v -105.643005 0.006062 192.696701
v -105.705223 0.006062 192.724655
v -105.643005 3.035420 192.696701
v -105.705223 3.035420 192.724655
v -104.602348 0.006066 195.778641
v -104.473160 0.006066 196.136246
v -104.602348 3.035423 195.778641
v -104.473160 3.035424 196.136246
v -104.540749 3.035423 195.749359
v -104.411636 3.035424 196.106812
v -104.540749 0.006066 195.749359
v -104.411636 0.006066 196.106812
v -104.537750 0.006066 195.957474
v -104.476196 0.006066 195.928101
v -104.476196 3.323820 195.928101
v -104.537750 3.323819 195.957474
v -103.544823 1.183886 198.087509
v -103.483757 1.183886 198.057159
v -103.544823 0.871232 198.087509
v -103.483757 0.871232 198.057159
v -105.726311 2.261605 192.470291
v -105.664055 2.261605 192.442444
v -105.726311 2.574262 192.470291
v -105.664055 2.574262 192.442444
v -104.159828 0.006067 197.003525
v -104.030617 0.006067 197.361130
v -104.159828 3.035425 197.003525
v -104.030617 3.035425 197.361130
v -104.098495 3.035425 196.973694
v -103.969360 3.035425 197.331161
v -104.098495 0.006067 196.973694
v -103.969360 0.006067 197.331161
v -104.095230 0.006067 197.182327
v -104.033928 0.006067 197.152435
v -104.033928 3.323821 197.152435
v -104.095230 3.323821 197.182327
v -105.896561 -0.005672 192.544571
v -105.552376 -0.005672 192.390549
v -105.896561 3.097532 192.544571
v -105.552376 3.097532 192.390549
v -106.025879 3.097531 192.186371
v -105.681328 3.097531 192.033218
v -106.025879 -0.005672 192.186371
v -105.681328 -0.005672 192.033218
v -105.724457 -0.005672 192.467575
v -105.853607 -0.005672 192.109818
v -105.853607 3.097531 192.109818
v -105.724457 3.097532 192.467575
v -105.961227 3.097532 192.365509
v -105.789040 3.321967 192.288696
v -105.616852 3.097531 192.211914
v -105.616852 -0.005672 192.211914
v -105.789040 -0.005672 192.288696
v -105.961227 -0.005672 192.365509
v -99.847740 -0.005657 204.251801
v -99.519684 -0.005657 204.065872
v -99.847740 3.097546 204.251801
v -99.519684 3.097546 204.065872
v -100.052299 3.097546 203.929993
v -99.723709 3.097546 203.745026
v -100.052299 -0.005657 203.929993
v -99.723709 -0.005658 203.745026
v -99.683708 -0.005657 204.158813
v -99.888008 -0.005657 203.837509
v -99.888008 3.097546 203.837509
v -99.683708 3.097546 204.158813
v -99.950012 3.097546 204.090927
v -99.785851 3.321982 203.998199
v -99.621681 3.097546 203.905457
v -99.621681 -0.005657 203.905457
v -99.785851 -0.005657 203.998199
v -99.950012 -0.005657 204.090927
v -100.271782 0.006075 203.362961
v -100.067535 0.006075 203.684250
v -100.271782 3.035433 203.362961
v -100.067535 3.035433 203.684250
v -100.212212 3.035433 203.329758
v -100.008064 3.035433 203.650909
v -100.212212 0.006075 203.329758
v -100.008064 0.006075 203.650909
v -100.169685 0.006075 203.523575
v -100.110138 0.006075 203.490311
v -100.110138 3.323829 203.490311
v -100.169685 3.323829 203.523575
v -101.670784 0.006072 201.161667
v -101.466568 0.006073 201.483002
v -101.670784 3.035430 201.161667
v -101.466568 3.035430 201.483002
v -101.610558 3.035430 201.129669
v -101.406448 3.035430 201.450821
v -101.610558 0.006072 201.129669
v -101.406448 0.006073 201.450821
v -101.568680 0.006073 201.322357
v -101.508499 0.006072 201.290268
v -101.508499 3.323826 201.290268
v -101.568680 3.323826 201.322357
v -100.971329 0.006073 202.262344
v -100.767113 0.006074 202.583664
v -100.971329 3.035432 202.262344
v -100.767113 3.035432 202.583664
v -100.911430 3.035432 202.229752
v -100.707314 3.035432 202.550873
v -100.911430 0.006074 202.229752
v -100.707314 0.006074 202.550873
v -100.869217 0.006074 202.423019
v -100.809364 0.006074 202.390320
v -100.809364 3.323828 202.390320
v -100.869217 3.323827 202.423019
v -99.890793 2.900376 203.838074
v -99.831367 2.900377 203.804626
v -99.890793 2.575251 203.838074
v -99.831367 2.575251 203.804626
v -103.134834 2.575244 198.733047
v -103.073944 2.575244 198.702347
v -103.134834 2.900370 198.733047
v -103.073944 2.900370 198.702347
v -99.890793 0.867330 203.838074
v -99.831367 0.867331 203.804626
v -99.890793 0.542205 203.838074
v -99.831367 0.542206 203.804626
v -103.134834 0.542199 198.733047
v -103.073944 0.542199 198.702347
v -103.134834 0.867324 198.733047
v -103.073944 0.867324 198.702347
v -102.020432 0.006072 200.611298
v -101.816261 0.006071 200.932632
v -102.020432 3.035429 200.611298
v -101.816261 3.035430 200.932632
v -101.960045 3.035429 200.579590
v -101.755981 3.035430 200.900772
v -101.960045 0.006071 200.579590
v -101.755981 0.006072 200.900772
v -101.918350 0.006071 200.771973
v -101.858009 0.006071 200.740173
v -101.858009 3.323826 200.740173
v -101.918350 3.323825 200.771973
v -102.370056 0.006071 200.060944
v -102.165924 0.006071 200.382324
v -102.370056 3.035429 200.060974
v -102.165924 3.035429 200.382324
v -102.309532 3.035429 200.029556
v -102.105476 3.035429 200.350739
v -102.309532 0.006071 200.029556
v -102.105476 0.006071 200.350739
v -102.267998 0.006071 200.221634
v -102.207504 0.006071 200.190109
v -102.207504 3.323825 200.190109
v -102.267998 3.323825 200.221634
v -102.719681 0.006070 199.510529
v -102.515549 0.006071 199.831955
v -102.719681 3.035428 199.510529
v -102.515549 3.035428 199.831955
v -102.658997 3.035428 199.479416
v -102.454941 3.035429 199.800659
v -102.658997 0.006070 199.479416
v -102.454941 0.006071 199.800659
v -102.617607 0.006070 199.671219
v -102.556969 0.006070 199.640045
v -102.556969 3.323824 199.640045
v -102.617607 3.323824 199.671219
v -102.962410 3.323823 199.128372
v -102.860359 3.035428 199.289047
v -102.901611 3.323823 199.097473
v -102.799606 3.035428 199.258041
v -102.901611 0.006069 199.097473
v -102.799606 0.006070 199.258041
v -102.962410 0.006069 199.128372
v -102.860359 0.006070 199.289047
v -103.003639 0.006069 198.936874
v -103.064484 0.006069 198.967682
v -103.003639 3.035427 198.936874
v -103.064484 3.035427 198.967682
v -101.321068 0.006073 201.712006
v -101.116844 0.006073 202.033356
v -101.321068 3.035430 201.712006
v -101.116852 3.035431 202.033356
v -101.261002 3.035431 201.679718
v -101.056877 3.035431 202.000870
v -101.261002 0.006073 201.679718
v -101.056877 0.006073 202.000870
v -101.218948 0.006073 201.872665
v -101.158928 0.006073 201.840271
v -101.158928 3.323827 201.840271
v -101.218948 3.323827 201.872665
v -99.891411 1.183893 203.837143
v -99.831978 1.183894 203.803665
v -99.891411 0.871239 203.837143
v -99.831978 0.871240 203.803665
v -103.134506 2.261613 198.733597
v -103.073616 2.261613 198.702881
v -103.134506 2.574270 198.733597
v -103.073616 2.574270 198.702881
v -100.621574 0.006074 202.812622
v -100.417343 0.006075 203.133972
v -100.621574 3.035432 202.812622
v -100.417343 3.035433 203.133972
v -100.561836 3.035432 202.779724
v -100.357689 3.035432 203.100906
v -100.561836 0.006074 202.779724
v -100.357689 0.006074 203.100906
v -100.519470 0.006074 202.973312
v -100.459763 0.006075 202.940323
v -100.459763 3.323828 202.940323
v -100.519470 3.323828 202.973312
v -103.301407 -0.005664 198.815781
v -102.964722 -0.005664 198.646011
v -103.301407 3.097539 198.815781
v -102.964722 3.097539 198.646011
v -103.505829 3.097539 198.493805
v -103.168648 3.097539 198.325012
v -103.505829 -0.005664 198.493805
v -103.168648 -0.005665 198.325012
v -103.133072 -0.005664 198.730896
v -103.337242 -0.005665 198.409424
v -103.337242 3.097539 198.409424
v -103.133072 3.097539 198.730896
v -103.403603 3.097539 198.654816
v -103.235138 3.321975 198.570190
v -103.066673 3.097539 198.485550
v -103.066673 -0.005664 198.485550
v -103.235138 -0.005664 198.570190
v -103.403603 -0.005664 198.654816
v -96.186241 -0.005650 210.007828
v -95.868172 -0.005650 209.805267
v -96.186241 3.097554 210.007828
v -95.868172 3.097554 209.805267
v -96.390984 3.097553 209.686127
v -96.072334 3.097553 209.484497
v -96.390984 -0.005650 209.686127
v -96.072334 -0.005650 209.484497
v -96.027199 -0.005650 209.906540
v -96.231667 -0.005650 209.585312
v -96.231667 3.097553 209.585312
v -96.027199 3.097553 209.906540
v -96.288605 3.097553 209.847000
v -96.129425 3.321989 209.745941
v -95.970253 3.097553 209.644897
v -95.970253 -0.005650 209.644897
v -96.129425 -0.005650 209.745941
v -96.288605 -0.005650 209.847000
v -96.613876 0.006083 209.113983
v -96.409477 0.006083 209.435165
v -96.613876 3.035440 209.113983
v -96.409477 3.035441 209.435165
v -96.556099 3.035440 209.077774
v -96.351784 3.035441 209.398788
v -96.556099 0.006082 209.077774
v -96.351784 0.006083 209.398788
v -96.511688 0.006083 209.274567
v -96.453949 0.006083 209.238281
v -96.453949 3.323837 209.238281
v -96.511688 3.323837 209.274567
v -98.014069 0.006079 206.913376
v -97.809708 0.006080 207.234634
v -98.014069 3.035438 206.913376
v -97.809708 3.035438 207.234634
v -97.955582 3.035438 206.878311
v -97.751305 3.035438 207.199402
v -97.955582 0.006079 206.878311
v -97.751305 0.006080 207.199402
v -97.911896 0.006079 207.074020
v -97.853447 0.006079 207.038879
v -97.853447 3.323834 207.038879
v -97.911896 3.323834 207.074020
v -97.314018 0.006081 208.013748
v -97.109642 0.006081 208.334930
v -97.314018 3.035439 208.013748
v -97.109642 3.035439 208.334930
v -97.255875 3.035439 207.978088
v -97.051598 3.035439 208.299118
v -97.255875 0.006081 207.978088
v -97.051598 0.006081 208.299118
v -97.211830 0.006081 208.174347
v -97.153725 0.006081 208.138641
v -97.153725 3.323835 208.138641
v -97.211830 3.323835 208.174347
v -96.234375 2.900383 209.586029
v -96.176750 2.900384 209.549561
v -96.234375 2.575259 209.586029
v -96.176750 2.575259 209.549561
v -99.481071 2.575252 204.482468
v -99.421844 2.575252 204.448700
v -99.481071 2.900377 204.482468
v -99.421844 2.900377 204.448700
v -96.234375 0.867338 209.586029
v -96.176750 0.867338 209.549561
v -96.234375 0.542213 209.586029
v -96.176750 0.542213 209.549561
v -99.481071 0.542207 204.482468
v -99.421844 0.542207 204.448700
v -99.481071 0.867332 204.482468
v -99.421844 0.867332 204.448700
v -98.364029 0.006079 206.363190
v -98.159706 0.006079 206.684448
v -98.364029 3.035437 206.363190
v -98.159706 3.035437 206.684448
v -98.305359 3.035437 206.328430
v -98.101135 3.035437 206.649521
v -98.305359 0.006078 206.328430
v -98.101135 0.006079 206.649521
v -98.261871 0.006079 206.523804
v -98.203255 0.006079 206.488937
v -98.203255 3.323833 206.488937
v -98.261871 3.323833 206.523804
v -98.713959 0.006078 205.813004
v -98.509651 0.006079 206.134247
v -98.713959 3.035436 205.813004
v -98.509651 3.035436 206.134247
v -98.655128 3.035436 205.778519
v -98.450905 3.035436 206.099609
v -98.655128 0.006078 205.778519
v -98.450905 0.006079 206.099609
v -98.611816 0.006078 205.973618
v -98.553024 0.006078 205.939056
v -98.553024 3.323832 205.939056
v -98.611816 3.323832 205.973618
v -99.063881 0.006077 205.262787
v -98.859573 0.006078 205.584076
v -99.063881 3.035435 205.262787
v -98.859573 3.035436 205.584076
v -99.004875 3.035435 205.228577
v -98.800652 3.035436 205.549713
v -99.004875 0.006078 205.228577
v -98.800652 0.006078 205.549713
v -98.961723 0.006078 205.423431
v -98.902763 0.006078 205.389145
v -98.902763 3.323832 205.389145
v -98.961723 3.323832 205.423431
v -99.306824 3.323831 204.880722
v -99.204697 3.035435 205.041351
v -99.247704 3.323831 204.846725
v -99.145615 3.035435 205.007278
v -99.247704 0.006077 204.846725
v -99.145615 0.006077 205.007278
v -99.306824 0.006077 204.880722
v -99.204697 0.006077 205.041351
v -99.349808 0.006077 204.686172
v -99.408981 0.006077 204.720078
v -99.349808 3.035435 204.686172
v -99.408981 3.035435 204.720078
v -97.664055 0.006080 207.463562
v -97.459679 0.006081 207.784805
v -97.664055 3.035438 207.463562
v -97.459679 3.035439 207.784805
v -97.605743 3.035439 207.428192
v -97.401451 3.035439 207.749298
v -97.605743 0.006080 207.428192
v -97.401451 0.006081 207.749298
v -97.561867 0.006080 207.624176
v -97.503593 0.006080 207.588745
v -97.503593 3.323834 207.588745
v -97.561867 3.323834 207.624176
v -96.234993 1.183901 209.585037
v -96.177368 1.183901 209.548569
v -96.234993 0.871247 209.585037
v -96.177368 0.871247 209.548569
v -99.480759 2.261620 204.483017
v -99.421524 2.261620 204.449219
v -99.480759 2.574277 204.483017
v -99.421524 2.574277 204.449219
v -96.963982 0.006081 208.563843
v -96.759560 0.006082 208.885071
v -96.963982 3.035440 208.563843
v -96.759560 3.035440 208.885071
v -96.906013 3.035440 208.527924
v -96.701698 3.035440 208.849014
v -96.906013 0.006081 208.527924
v -96.701698 0.006082 208.849014
v -96.861771 0.006082 208.724442
v -96.803848 0.006082 208.688461
v -96.803848 3.323836 208.688461
v -96.861771 3.323836 208.724442
v -99.643143 -0.005656 204.573639
v -99.315613 -0.005657 204.386795
v -99.643143 3.097547 204.573639
v -99.315613 3.097547 204.386795
v -99.847740 3.097546 204.251801
v -99.519684 3.097546 204.065872
v -99.847740 -0.005657 204.251801
v -99.519684 -0.005657 204.065872
v -99.479370 -0.005656 204.480225
v -99.683708 -0.005657 204.158813
v -99.683708 3.097546 204.158813
v -99.479370 3.097547 204.480225
v -99.745430 3.097547 204.412750
v -99.581543 3.321982 204.319550
v -99.417656 3.097547 204.226364
v -99.417656 -0.005657 204.226364
v -99.581543 -0.005657 204.319550
v -99.745430 -0.005657 204.412750
v -92.521431 -0.005642 215.761703
v -92.214180 -0.005642 215.543106
v -92.521431 3.097561 215.761703
v -92.214180 3.097561 215.543106
v -92.726357 3.097561 215.440140
v -92.418495 3.097561 215.222427
v -92.726357 -0.005642 215.440140
v -92.418495 -0.005642 215.222427
v -92.367805 -0.005642 215.652405
v -92.572433 -0.005643 215.331268
v -92.572433 3.097561 215.331268
v -92.367805 3.097561 215.652405
v -92.623894 3.097561 215.600922
v -92.470123 3.321997 215.491852
v -92.316353 3.097561 215.382751
v -92.316353 -0.005642 215.382751
v -92.470123 -0.005642 215.491852
v -92.623894 -0.005643 215.600922
v -92.952934 0.006090 214.863098
v -92.748344 0.006090 215.184174
v -92.952934 3.035448 214.863098
v -92.748344 3.035449 215.184174
v -92.897064 3.035448 214.823959
v -92.692596 3.035448 215.144882
v -92.897064 0.006090 214.823959
v -92.692596 0.006090 215.144882
v -92.850647 0.006090 215.023621
v -92.794830 0.006090 214.984406
v -92.794830 3.323844 214.984406
v -92.850647 3.323844 215.023621
v -94.354271 0.006087 212.663239
v -94.149727 0.006087 212.984390
v -94.354271 3.035445 212.663239
v -94.149727 3.035445 212.984390
v -94.297653 3.035445 212.625244
v -94.093224 3.035445 212.946213
v -94.297653 0.006087 212.625214
v -94.093224 0.006087 212.946213
v -94.252007 0.006087 212.823822
v -94.195435 0.006087 212.785721
v -94.195435 3.323841 212.785721
v -94.252007 3.323841 212.823822
v -93.653671 0.006088 213.763184
v -93.449097 0.006089 214.084320
v -93.653671 3.035447 213.763184
v -93.449097 3.035447 214.084320
v -93.597435 3.035446 213.724609
v -93.392967 3.035447 214.045578
v -93.597435 0.006089 213.724609
v -93.392967 0.006089 214.045578
v -93.551376 0.006089 213.923767
v -93.495193 0.006089 213.885101
v -93.495193 3.323843 213.885101
v -93.551376 3.323843 213.923767
v -92.575073 2.900391 215.332123
v -92.519386 2.900391 215.292740
v -92.575073 2.575266 215.332123
v -92.519386 2.575266 215.292740
v -95.824348 2.575260 210.230225
v -95.766930 2.575260 210.193420
v -95.824348 2.900385 210.230225
v -95.766930 2.900385 210.193420
v -92.575073 0.867346 215.332123
v -92.519386 0.867346 215.292740
v -92.575073 0.542221 215.332123
v -92.519386 0.542221 215.292740
v -95.824348 0.542213 210.230225
v -95.766930 0.542214 210.193420
v -95.824348 0.867339 210.230225
v -95.766930 0.867339 210.193420
v -94.704529 0.006087 212.113266
v -94.500015 0.006087 212.434387
v -94.704529 3.035444 212.113266
v -94.500015 3.035445 212.434387
v -94.647713 3.035444 212.075516
v -94.443329 3.035445 212.396484
v -94.647713 0.006087 212.075516
v -94.443329 0.006087 212.396484
v -94.602272 0.006087 212.273819
v -94.545532 0.006087 212.235977
v -94.545532 3.323840 212.235977
v -94.602272 3.323841 212.273819
v -95.054756 0.006086 211.563232
v -94.850258 0.006086 211.884399
v -95.054756 3.035444 211.563232
v -94.850258 3.035444 211.884399
v -94.997765 3.035444 211.525772
v -94.793381 3.035444 211.846756
v -94.997765 0.006086 211.525772
v -94.793381 0.006086 211.846756
v -94.952515 0.006086 211.723831
v -94.895576 0.006086 211.686264
v -94.895576 3.323840 211.686264
v -94.952515 3.323840 211.723831
v -95.404968 0.006084 211.013199
v -95.200478 0.006085 211.334381
v -95.404968 3.035443 211.013199
v -95.200478 3.035443 211.334381
v -95.347786 3.035443 210.976028
v -95.143402 3.035443 211.297043
v -95.347786 0.006084 210.976028
v -95.143402 0.006085 211.297043
v -95.302711 0.006085 211.173782
v -95.245590 0.006085 211.136536
v -95.245590 3.323839 211.136536
v -95.302711 3.323839 211.173782
v -95.648117 3.323838 210.631256
v -95.545891 3.035443 210.791824
v -95.590813 3.323838 210.594284
v -95.488640 3.035443 210.754761
v -95.590813 0.006084 210.594284
v -95.488640 0.006085 210.754761
v -95.648117 0.006084 210.631256
v -95.545891 0.006085 210.791824
v -95.693001 0.006084 210.433777
v -95.750366 0.006084 210.470657
v -95.693001 3.035442 210.433777
v -95.750366 3.035442 210.470657
v -94.003983 0.006088 213.213242
v -93.799438 0.006088 213.534332
v -94.003983 3.035445 213.213242
v -93.799438 3.035446 213.534332
v -93.947548 3.035445 213.174927
v -93.743111 3.035446 213.495880
v -93.947548 0.006088 213.174927
v -93.743111 0.006088 213.495880
v -93.901718 0.006088 213.373779
v -93.845329 0.006088 213.335388
v -93.845329 3.323842 213.335388
v -93.901718 3.323842 213.373779
v -92.575691 1.183908 215.331161
v -92.520004 1.183909 215.291763
v -92.575691 0.871254 215.331161
v -92.520004 0.871254 215.291763
v -95.824036 2.261628 210.230713
v -95.766617 2.261628 210.193924
v -95.824036 2.574285 210.230713
v -95.766617 2.574285 210.193924
v -93.303314 0.006089 214.313141
v -93.098724 0.006090 214.634277
v -93.303314 3.035447 214.313141
v -93.098724 3.035448 214.634277
v -93.247261 3.035447 214.274292
v -93.042786 3.035448 214.595245
v -93.247269 0.006089 214.274292
v -93.042786 0.006090 214.595245
v -93.201004 0.006089 214.473724
v -93.145020 0.006090 214.434784
v -93.145020 3.323843 214.434784
v -93.201004 3.323843 214.473724
v -95.981468 -0.005649 210.329514
v -95.663986 -0.005649 210.126068
v -95.981468 3.097554 210.329514
v -95.663986 3.097554 210.126068
v -96.186241 3.097554 210.007828
v -95.868172 3.097554 209.805267
v -96.186241 -0.005650 210.007828
v -95.868172 -0.005650 209.805267
v -95.822723 -0.005649 210.227783
v -96.027199 -0.005650 209.906540
v -96.027199 3.097553 209.906540
v -95.822723 3.097554 210.227783
v -96.083839 3.097553 210.168701
v -95.924957 3.321990 210.067184
v -95.766060 3.097554 209.965698
v -95.766060 -0.005649 209.965698
v -95.924957 -0.005649 210.067200
v -96.083839 -0.005650 210.168701
v -88.853416 -0.005635 221.513321
v -88.557823 -0.005635 221.279236
v -88.853416 3.097569 221.513321
v -88.557823 3.097569 221.279236
v -89.058525 3.097568 221.191895
v -88.762260 3.097568 220.958649
v -89.058525 -0.005635 221.191895
v -88.762260 -0.005635 220.958649
v -88.705612 -0.005635 221.396286
v -88.910393 -0.005635 221.075272
v -88.910393 3.097568 221.075272
v -88.705612 3.097569 221.396286
v -88.955978 3.097568 221.352615
v -88.808014 3.322004 221.235764
v -88.660042 3.097568 221.118927
v -88.660042 -0.005635 221.118927
v -88.808014 -0.005635 221.235764
v -88.955978 -0.005635 221.352615
v -89.289017 0.006097 220.610123
v -89.084267 0.006098 220.931076
v -89.289017 3.035455 220.610123
v -89.084267 3.035456 220.931076
v -89.235245 3.035455 220.568176
v -89.030617 3.035456 220.888992
v -89.235245 0.006097 220.568176
v -89.030617 0.006098 220.888992
v -89.186653 0.006097 220.770584
v -89.132942 0.006098 220.728577
v -89.132942 3.323852 220.728577
v -89.186653 3.323851 220.770584
v -90.691490 0.006094 218.411102
v -90.486771 0.006095 218.732132
v -90.691490 3.035453 218.411102
v -90.486771 3.035453 218.732132
v -90.636887 3.035453 218.370209
v -90.432304 3.035453 218.691101
v -90.636887 0.006094 218.370209
v -90.432304 0.006095 218.691101
v -90.589127 0.006095 218.571609
v -90.534599 0.006095 218.530655
v -90.534599 3.323848 218.530655
v -90.589127 3.323848 218.571609
v -89.990318 0.006096 219.510635
v -89.785576 0.006096 219.831650
v -89.990318 3.035454 219.510635
v -89.785576 3.035454 219.831650
v -89.936127 3.035454 219.469238
v -89.731514 3.035454 219.790100
v -89.936127 0.006096 219.469238
v -89.731514 0.006097 219.790100
v -89.887947 0.006096 219.671143
v -89.833824 0.006096 219.629654
v -89.833824 3.323850 219.629654
v -89.887947 3.323850 219.671143
v -88.912949 2.900399 221.076218
v -88.859375 2.900399 221.034012
v -88.912949 2.575274 221.076218
v -88.859375 2.575274 221.034012
v -92.164703 2.575267 215.976089
v -92.109253 2.575267 215.936386
v -92.164703 2.900392 215.976089
v -92.109253 2.900392 215.936386
v -88.912949 0.867353 221.076218
v -88.859375 0.867353 221.034012
v -88.912949 0.542228 221.076218
v -88.859375 0.542228 221.034012
v -92.164703 0.542222 215.976089
v -92.109253 0.542222 215.936386
v -92.164703 0.867346 215.976089
v -92.109253 0.867347 215.936386
v -91.042015 0.006094 217.861298
v -90.837349 0.006094 218.182312
v -91.042015 3.035452 217.861298
v -90.837349 3.035452 218.182312
v -90.987228 3.035452 217.820694
v -90.782677 3.035452 218.141571
v -90.987228 0.006094 217.820694
v -90.782677 0.006094 218.141571
v -90.939690 0.006094 218.021790
v -90.884956 0.006094 217.981110
v -90.884956 3.323848 217.981110
v -90.939690 3.323848 218.021790
v -91.392532 0.006093 217.311478
v -91.187866 0.006094 217.632523
v -91.392532 3.035451 217.311478
v -91.187866 3.035452 217.632523
v -91.337540 3.035451 217.271149
v -91.132996 3.035452 217.592026
v -91.337540 0.006093 217.271149
v -91.132996 0.006094 217.592026
v -91.290207 0.006093 217.472000
v -91.235275 0.006093 217.431564
v -91.235275 3.323847 217.431564
v -91.290207 3.323847 217.472000
v -91.743027 0.006092 216.761658
v -91.538368 0.006093 217.082718
v -91.743027 3.035450 216.761658
v -91.538368 3.035451 217.082718
v -91.687851 3.035450 216.721573
v -91.483299 3.035451 217.042496
v -91.687851 0.006093 216.721573
v -91.483299 0.006092 217.042496
v -91.640701 0.006092 216.922165
v -91.585564 0.006092 216.882034
v -91.585564 3.323846 216.882034
v -91.640701 3.323847 216.922165
v -91.986366 3.323845 216.379837
v -91.884056 3.035450 216.540375
v -91.931046 3.323845 216.339951
v -91.828804 3.035450 216.500412
v -91.931046 0.006092 216.339951
v -91.828804 0.006092 216.500412
v -91.986366 0.006092 216.379837
v -91.884056 0.006092 216.540375
v -92.033310 0.006092 216.179504
v -92.088692 0.006092 216.219315
v -92.033310 3.035450 216.179504
v -92.088692 3.035450 216.219315
v -90.340904 0.006095 218.960892
v -90.136185 0.006096 219.281876
v -90.340904 3.035453 218.960892
v -90.136185 3.035453 219.281876
v -90.286507 3.035453 218.919739
v -90.081917 3.035453 219.240570
v -90.286507 0.006095 218.919739
v -90.081917 0.006095 219.240570
v -90.238556 0.006095 219.121368
v -90.184227 0.006095 219.080154
v -90.184227 3.323849 219.080154
v -90.238556 3.323849 219.121368
v -88.913567 1.183916 221.075256
v -88.859978 1.183916 221.033066
v -88.913567 0.871262 221.075256
v -88.859978 0.871262 221.033066
v -92.164383 2.261635 215.976578
v -92.108932 2.261635 215.936890
v -92.164383 2.574292 215.976578
v -92.108932 2.574292 215.936890
v -89.639687 0.006097 220.060410
v -89.434937 0.006097 220.381424
v -89.639687 3.035455 220.060410
v -89.434937 3.035455 220.381424
v -89.585701 3.035455 220.018707
v -89.381065 3.035455 220.339584
v -89.585701 0.006097 220.018707
v -89.381065 0.006097 220.339584
v -89.537292 0.006097 220.220886
v -89.483376 0.006097 220.179123
v -89.483376 3.323851 220.179123
v -89.537292 3.323851 220.220886
v -92.316467 -0.005641 216.083298
v -92.009857 -0.005642 215.863800
v -92.316467 3.097561 216.083298
v -92.009857 3.097561 215.863800
v -92.521431 3.097561 215.761703
v -92.214180 3.097561 215.543106
v -92.521431 -0.005642 215.761703
v -92.214180 -0.005642 215.543106
v -92.163162 -0.005641 215.973557
v -92.367805 -0.005642 215.652405
v -92.367805 3.097561 215.652405
v -92.163162 3.097561 215.973557
v -92.418930 3.097561 215.922531
v -92.265472 3.321997 215.813004
v -92.112007 3.097561 215.703476
v -92.112007 -0.005642 215.703476
v -92.265472 -0.005642 215.813004
v -92.418930 -0.005642 215.922531
v -84.467842 -0.005627 226.677460
v -84.185776 -0.005627 226.427216
v -84.467842 3.097576 226.677460
v -84.185776 3.097576 226.427216
v -84.746765 3.097576 226.416489
v -84.463867 3.097576 226.167160
v -84.746765 -0.005628 226.416489
v -84.463867 -0.005628 226.167160
v -84.326813 -0.005627 226.552353
v -84.605316 -0.005628 226.291824
v -84.605316 3.097576 226.291824
v -84.326813 3.097576 226.552353
v -84.607307 3.097576 226.546951
v -84.466064 3.322011 226.422058
v -84.324821 3.097576 226.297165
v -84.324821 -0.005627 226.297165
v -84.466064 -0.005627 226.422058
v -84.607307 -0.005627 226.546951
v -85.098145 0.006105 225.925293
v -84.819702 0.006105 226.185822
v -85.098145 3.035462 225.925293
v -84.819702 3.035463 226.185822
v -85.046745 3.035463 225.880447
v -84.768440 3.035463 226.140823
v -85.046745 0.006104 225.880447
v -84.768440 0.006105 226.140823
v -84.958939 0.006105 226.055542
v -84.907608 0.006105 226.010651
v -84.907608 3.323859 226.010651
v -84.958939 3.323859 226.055542
v -87.005478 0.006102 224.140121
v -86.727089 0.006102 224.400742
v -87.005478 3.035460 224.140121
v -86.727089 3.035460 224.400742
v -86.953072 3.035460 224.096466
v -86.674820 3.035460 224.356949
v -86.953072 0.006102 224.096466
v -86.674820 0.006102 224.356949
v -86.866287 0.006102 224.270416
v -86.813942 0.006102 224.226700
v -86.813942 3.323856 224.226700
v -86.866287 3.323856 224.270416
v -86.051888 0.006104 225.032745
v -85.773468 0.006104 225.293335
v -86.051888 3.035461 225.032745
v -85.773468 3.035462 225.293335
v -85.999985 3.035461 224.988510
v -85.721703 3.035462 225.248947
v -85.999985 0.006104 224.988510
v -85.721703 0.006104 225.248947
v -85.912682 0.006103 225.163025
v -85.860840 0.006104 225.118713
v -85.860840 3.323858 225.118713
v -85.912682 3.323858 225.163025
v -84.607941 2.900406 226.293015
v -84.556778 2.900406 226.247894
v -84.607941 2.575281 226.293015
v -84.556778 2.575281 226.247894
v -88.502274 2.575274 221.719955
v -88.448944 2.575274 221.677475
v -88.502289 2.900400 221.719955
v -88.448944 2.900400 221.677475
v -84.607941 0.867360 226.293015
v -84.556778 0.867360 226.247894
v -84.607941 0.542235 226.293015
v -84.556778 0.542235 226.247894
v -88.502289 0.542229 221.719955
v -88.448944 0.542229 221.677475
v -88.502289 0.867354 221.719955
v -88.448944 0.867354 221.677475
v -87.376602 0.006101 223.607178
v -87.171776 0.006101 223.928085
v -87.376602 3.035459 223.607178
v -87.171776 3.035460 223.928085
v -87.323967 3.035459 223.563828
v -87.119263 3.035460 223.884567
v -87.323967 0.006101 223.563828
v -87.119263 0.006102 223.884567
v -87.274193 0.006101 223.767639
v -87.221626 0.006101 223.724197
v -87.221626 3.323855 223.724197
v -87.274193 3.323855 223.767639
v -87.727386 0.006100 223.057602
v -87.522568 0.006101 223.378510
v -87.727386 3.035459 223.057602
v -87.522568 3.035459 223.378510
v -87.674545 3.035459 223.014481
v -87.469849 3.035459 223.335220
v -87.674545 0.006100 223.014481
v -87.469849 0.006101 223.335220
v -87.624977 0.006101 223.218063
v -87.572205 0.006101 223.174850
v -87.572205 3.323854 223.174850
v -87.624977 3.323855 223.218063
v -88.078156 0.006100 222.507950
v -87.873337 0.006101 222.828888
v -88.078156 3.035458 222.507950
v -87.873337 3.035458 222.828888
v -88.025093 3.035458 222.465118
v -87.820404 3.035458 222.785889
v -88.025093 0.006100 222.465118
v -87.820404 0.006100 222.785889
v -87.975754 0.006100 222.668427
v -87.922752 0.006100 222.625504
v -87.922752 3.323854 222.625504
v -87.975754 3.323854 222.668427
v -88.321693 3.323853 222.126312
v -88.219315 3.035458 222.286774
v -88.268486 3.323853 222.083633
v -88.166168 3.035458 222.244019
v -88.268486 0.006099 222.083633
v -88.166168 0.006099 222.244019
v -88.321693 0.006099 222.126312
v -88.219315 0.006100 222.286774
v -88.370827 0.006099 221.923233
v -88.424103 0.006099 221.965851
v -88.370827 3.035457 221.923233
v -88.424103 3.035457 221.965851
v -86.528694 0.006103 224.586487
v -86.250305 0.006103 224.847046
v -86.528694 3.035460 224.586487
v -86.250305 3.035461 224.847046
v -86.476532 3.035460 224.542542
v -86.198288 3.035461 224.802933
v -86.476532 0.006103 224.542542
v -86.198288 0.006103 224.802933
v -86.389511 0.006103 224.716751
v -86.337418 0.006103 224.672714
v -86.337418 3.323856 224.672714
v -86.389511 3.323856 224.716751
v -84.608772 1.183923 226.292236
v -84.557610 1.183923 226.247147
v -84.608772 0.871269 226.292236
v -84.557610 0.871269 226.247147
v -88.501953 2.261642 221.720459
v -88.448616 2.261642 221.677963
v -88.501953 2.574300 221.720459
v -88.448616 2.574300 221.677963
v -85.575043 0.006104 225.479034
v -85.296585 0.006104 225.739609
v -85.575043 3.035462 225.479034
v -85.296585 3.035462 225.739609
v -85.523384 3.035462 225.434494
v -85.245079 3.035462 225.694901
v -85.523384 0.006104 225.434494
v -85.245079 0.006104 225.694901
v -85.435814 0.006104 225.609314
v -85.384232 0.006104 225.564713
v -85.384232 3.323858 225.564713
v -85.435814 3.323858 225.609314
v -88.648277 -0.005635 221.834793
v -88.353355 -0.005634 221.599854
v -88.648277 3.097569 221.834793
v -88.353355 3.097569 221.599854
v -88.853416 3.097569 221.513321
v -88.557823 3.097569 221.279236
v -88.853416 -0.005635 221.513321
v -88.557823 -0.005635 221.279236
v -88.500832 -0.005635 221.717331
v -88.705612 -0.005635 221.396286
v -88.705612 3.097569 221.396286
v -88.500832 3.097569 221.717331
v -88.750839 3.097569 221.674103
v -88.603203 3.322005 221.556839
v -88.455566 3.097569 221.439575
v -88.455566 -0.005635 221.439575
v -88.603203 -0.005635 221.556839
v -88.750839 -0.005635 221.674103
v -79.475822 -0.005620 231.344788
v -79.209198 -0.005620 231.078140
v -79.475830 3.097583 231.344788
v -79.209198 3.097583 231.078140
v -79.754959 3.097583 231.083969
v -79.487434 3.097583 230.818237
v -79.754959 -0.005620 231.083969
v -79.487434 -0.005620 230.818237
v -79.342506 -0.005620 231.211472
v -79.621193 -0.005620 230.951096
v -79.621193 3.097583 230.951096
v -79.342506 3.097583 231.211472
v -79.615402 3.097583 231.214355
v -79.481873 3.322019 231.081268
v -79.348320 3.097583 230.948166
v -79.348320 -0.005620 230.948166
v -79.481873 -0.005620 231.081268
v -79.615402 -0.005620 231.214355
v -80.111519 0.006112 230.587891
v -79.832870 0.006112 230.848206
v -80.111519 3.035470 230.587891
v -79.832870 3.035470 230.848206
v -80.062889 3.035470 230.540070
v -79.784393 3.035470 230.800232
v -80.062889 0.006112 230.540070
v -79.784393 0.006112 230.800232
v -79.972221 0.006112 230.718033
v -79.923645 0.006112 230.670120
v -79.923645 3.323866 230.670120
v -79.972221 3.323866 230.718033
v -82.020241 0.006109 228.803955
v -81.741638 0.006110 229.064423
v -82.020241 3.035467 228.803955
v -81.741638 3.035468 229.064423
v -81.970520 3.035467 228.757278
v -81.692070 3.035467 229.017563
v -81.970520 0.006109 228.757278
v -81.692070 0.006110 229.017563
v -81.880943 0.006109 228.934204
v -81.831299 0.006109 228.887421
v -81.831299 3.323864 228.887421
v -81.880943 3.323864 228.934204
v -81.065956 0.006110 229.695969
v -80.787331 0.006111 229.956390
v -81.065956 3.035469 229.695969
v -80.787331 3.035469 229.956390
v -81.016777 3.035469 229.648727
v -80.738304 3.035469 229.908981
v -81.016777 0.006110 229.648727
v -80.738304 0.006111 229.908981
v -80.926643 0.006111 229.826172
v -80.877541 0.006111 229.778839
v -80.877541 3.323865 229.778839
v -80.926643 3.323865 229.826172
v -79.623718 2.900414 230.952377
v -79.575348 2.900414 230.904312
v -79.623718 2.575289 230.952377
v -79.575348 2.575289 230.904312
v -84.049416 2.575282 226.815460
v -83.998550 2.575282 226.770035
v -84.049416 2.900407 226.815460
v -83.998550 2.900407 226.770035
v -79.623718 0.867368 230.952377
v -79.575348 0.867368 230.904312
v -79.623718 0.542243 230.952377
v -79.575348 0.542243 230.904312
v -84.049416 0.542236 226.815460
v -83.998550 0.542236 226.770035
v -84.049416 0.867361 226.815460
v -83.998550 0.867361 226.770035
v -82.497330 0.006109 228.357925
v -82.218773 0.006109 228.618362
v -82.497330 3.035467 228.357925
v -82.218773 3.035467 228.618362
v -82.447342 3.035467 228.311508
v -82.168938 3.035467 228.571808
v -82.447342 0.006109 228.311508
v -82.168938 0.006109 228.571808
v -82.358055 0.006109 228.488113
v -82.308151 0.006109 228.441666
v -82.308151 3.323863 228.441666
v -82.358055 3.323863 228.488113
v -82.974373 0.006108 227.911880
v -82.695831 0.006108 228.172318
v -82.974373 3.035466 227.911880
v -82.695831 3.035467 228.172318
v -82.924118 3.035466 227.865753
v -82.645729 3.035467 228.126038
v -82.924118 0.006108 227.865753
v -82.645729 0.006108 228.126038
v -82.835114 0.006108 228.042068
v -82.784943 0.006108 227.995895
v -82.784943 3.323863 227.995895
v -82.835114 3.323862 228.042068
v -83.451408 0.006107 227.465759
v -83.172867 0.006108 227.726257
v -83.451408 3.035465 227.465759
v -83.172867 3.035465 227.726257
v -83.400894 3.035465 227.419937
v -83.122498 3.035465 227.680252
v -83.400894 0.006107 227.419937
v -83.122498 0.006107 227.680252
v -83.312134 0.006108 227.596008
v -83.261703 0.006107 227.550095
v -83.261703 3.323861 227.550095
v -83.312134 3.323861 227.596008
v -83.782608 3.323861 227.155975
v -83.643364 3.035465 227.286224
v -83.731918 3.323861 227.110352
v -83.592751 3.035465 227.240494
v -83.731918 0.006107 227.110352
v -83.592751 0.006106 227.240494
v -83.782608 0.006107 227.155975
v -83.643364 0.006106 227.286224
v -83.871109 0.006107 226.980194
v -83.921875 0.006107 227.025726
v -83.871109 3.035465 226.980194
v -83.921875 3.035465 227.025726
v -81.543098 0.006110 229.249985
v -81.264503 0.006110 229.510406
v -81.543098 3.035468 229.249985
v -81.264503 3.035469 229.510406
v -81.493652 3.035468 229.203033
v -81.215210 3.035469 229.463272
v -81.493652 0.006110 229.203033
v -81.215210 0.006110 229.463272
v -81.403816 0.006110 229.380188
v -81.354446 0.006110 229.333130
v -81.354446 3.323864 229.333130
v -81.403816 3.323864 229.380188
v -79.624557 1.183931 230.951645
v -79.576172 1.183931 230.903580
v -79.624557 0.871277 230.951645
v -79.576172 0.871277 230.903580
v -84.048981 2.261650 226.815857
v -83.998123 2.261650 226.770416
v -84.048981 2.574307 226.815857
v -83.998123 2.574307 226.770416
v -80.588760 0.006112 230.141922
v -80.310097 0.006111 230.402298
v -80.588760 3.035470 230.141922
v -80.310097 3.035470 230.402298
v -80.539848 3.035470 230.094406
v -80.261345 3.035470 230.354614
v -80.539848 0.006112 230.094406
v -80.261345 0.006112 230.354614
v -80.449440 0.006111 230.272110
v -80.400597 0.006111 230.224503
v -80.400597 3.323866 230.224503
v -80.449440 3.323866 230.272110
v -84.188889 -0.005627 226.938446
v -83.907654 -0.005627 226.687271
v -84.188889 3.097576 226.938446
v -83.907661 3.097577 226.687271
v -84.467842 3.097576 226.677460
v -84.185776 3.097576 226.427216
v -84.467842 -0.005627 226.677460
v -84.185776 -0.005627 226.427216
v -84.048271 -0.005627 226.812851
v -84.326813 -0.005627 226.552353
v -84.326813 3.097576 226.552353
v -84.048271 3.097576 226.812851
v -84.328339 3.097576 226.807983
v -84.187515 3.322012 226.682632
v -84.046692 3.097576 226.557266
v -84.046692 -0.005627 226.557266
v -84.187515 -0.005627 226.682632
v -84.328339 -0.005627 226.807983
v -74.480080 -0.005612 236.008301
v -74.229813 -0.005612 235.726257
v -74.480080 3.097591 236.008301
v -74.229813 3.097591 235.726257
v -74.759407 3.097591 235.747726
v -74.508209 3.097591 235.466507
v -74.759407 -0.005613 235.747726
v -74.508209 -0.005613 235.466507
v -74.354950 -0.005612 235.867279
v -74.633812 -0.005613 235.607101
v -74.633812 3.097591 235.607117
v -74.354950 3.097591 235.867279
v -74.619759 3.097590 235.878021
v -74.494392 3.322026 235.737198
v -74.369026 3.097591 235.596390
v -74.369026 -0.005612 235.596390
v -74.494392 -0.005612 235.737198
v -74.619759 -0.005612 235.878021
v -75.121437 0.006120 235.247040
v -74.842590 0.006120 235.507233
v -75.121437 3.035478 235.247040
v -74.842590 3.035478 235.507202
v -75.075729 3.035478 235.196411
v -74.797058 3.035478 235.456436
v -75.075729 0.006120 235.196411
v -74.797058 0.006120 235.456436
v -74.982018 0.006120 235.377121
v -74.936401 0.006120 235.326401
v -74.936401 3.323874 235.326401
v -74.982018 3.323874 235.377121
v -77.031456 0.006117 233.464447
v -76.752655 0.006117 233.724731
v -77.031456 3.035475 233.464447
v -76.752655 3.035475 233.724731
v -76.984604 3.035475 233.414902
v -76.705978 3.035475 233.674988
v -76.984604 0.006117 233.414902
v -76.705978 0.006117 233.674988
v -76.892052 0.006117 233.594604
v -76.845284 0.006117 233.544968
v -76.845284 3.323871 233.544968
v -76.892052 3.323871 233.594604
v -76.076515 0.006118 234.355835
v -75.797691 0.006119 234.616028
v -76.076515 3.035476 234.355835
v -75.797691 3.035477 234.616028
v -76.030235 3.035476 234.305740
v -75.751579 3.035477 234.565765
v -76.030235 0.006118 234.305740
v -75.751579 0.006119 234.565765
v -75.937103 0.006119 234.485931
v -75.890915 0.006119 234.435760
v -75.890915 3.323872 234.435760
v -75.937103 3.323872 234.485931
v -74.636215 2.900421 235.608536
v -74.590790 2.900421 235.557678
v -74.636215 2.575296 235.608536
v -74.590790 2.575296 235.557678
v -79.064819 2.575290 231.474472
v -79.016747 2.575289 231.426102
v -79.064819 2.900414 231.474472
v -79.016747 2.900414 231.426102
v -74.636215 0.867375 235.608536
v -74.590790 0.867375 235.557678
v -74.636215 0.542250 235.608536
v -74.590790 0.542250 235.557678
v -79.064819 0.542244 231.474472
v -79.016747 0.542244 231.426102
v -79.064819 0.867369 231.474472
v -79.016747 0.867369 231.426102
v -77.508858 0.006116 233.018738
v -77.230103 0.006117 233.279037
v -77.508858 3.035474 233.018738
v -77.230103 3.035475 233.279037
v -77.461739 3.035474 232.969437
v -77.183144 3.035475 233.229599
v -77.461739 0.006116 232.969437
v -77.183144 0.006117 233.229599
v -77.369499 0.006116 233.148880
v -77.322456 0.006116 233.099503
v -77.322456 3.323870 233.099503
v -77.369499 3.323870 233.148880
v -77.986244 0.006115 232.573029
v -77.707520 0.006116 232.833313
v -77.986244 3.035473 232.573029
v -77.707520 3.035474 232.833313
v -77.938843 3.035473 232.524002
v -77.660278 3.035474 232.784119
v -77.938843 0.006115 232.524002
v -77.660278 0.006116 232.784119
v -77.846893 0.006116 232.703156
v -77.799561 0.006116 232.654053
v -77.799561 3.323870 232.654037
v -77.846893 3.323870 232.703156
v -78.463615 0.006115 232.127228
v -78.184875 0.006115 232.387558
v -78.463615 3.035473 232.127228
v -78.184875 3.035473 232.387558
v -78.415924 3.035473 232.078476
v -78.137360 3.035473 232.338638
v -78.415924 0.006114 232.078476
v -78.137360 0.006115 232.338638
v -78.324249 0.006115 232.257370
v -78.276634 0.006115 232.208527
v -78.276634 3.323869 232.208527
v -78.324249 3.323869 232.257370
v -78.795052 3.323868 231.817657
v -78.655716 3.035473 231.947845
v -78.747162 3.323868 231.769104
v -78.607910 3.035473 231.899200
v -78.747162 0.006114 231.769104
v -78.607910 0.006114 231.899200
v -78.795052 0.006114 231.817657
v -78.655716 0.006115 231.947845
v -78.886459 0.006114 231.639038
v -78.934410 0.006114 231.687515
v -78.886459 3.035472 231.639038
v -78.934410 3.035472 231.687515
v -76.553993 0.006117 233.910187
v -76.275200 0.006118 234.170395
v -76.553993 3.035476 233.910187
v -76.275200 3.035476 234.170395
v -76.507423 3.035475 233.860367
v -76.228798 3.035476 234.120407
v -76.507423 0.006117 233.860367
v -76.228798 0.006118 234.120407
v -76.414597 0.006118 234.040268
v -76.368126 0.006118 233.990356
v -76.368126 3.323872 233.990356
v -76.414597 3.323872 234.040268
v -74.637054 1.183938 235.607742
v -74.591621 1.183938 235.556885
v -74.637054 0.871284 235.607742
v -74.591621 0.871284 235.556885
v -79.064384 2.261657 231.474884
v -79.016319 2.261657 231.426514
v -79.064384 2.574315 231.474884
v -79.016319 2.574315 231.426514
v -75.598984 0.006119 234.801453
v -75.320145 0.006119 235.061661
v -75.598984 3.035477 234.801453
v -75.320145 3.035477 235.061661
v -75.552994 3.035477 234.751099
v -75.274323 3.035478 235.011139
v -75.552994 0.006119 234.751099
v -75.274323 0.006120 235.011139
v -75.459564 0.006119 234.931549
v -75.413666 0.006119 234.881104
v -75.413666 3.323873 234.881104
v -75.459564 3.323873 234.931549
v -79.196655 -0.005619 231.605530
v -78.930916 -0.005619 231.338013
v -79.196655 3.097584 231.605530
v -78.930916 3.097584 231.338013
v -79.475830 3.097583 231.344788
v -79.209198 3.097583 231.078140
v -79.475822 -0.005620 231.344788
v -79.209198 -0.005620 231.078140
v -79.063782 -0.005619 231.471771
v -79.342506 -0.005620 231.211472
v -79.342506 3.097583 231.211472
v -79.063782 3.097584 231.471771
v -79.336227 3.097583 231.475159
v -79.203133 3.322019 231.341629
v -79.070038 3.097584 231.208099
v -79.070038 -0.005620 231.208099
v -79.203133 -0.005620 231.341629
v -79.336227 -0.005619 231.475159
v -69.480820 -0.005605 240.667892
v -69.247818 -0.005605 240.371414
v -69.480820 3.097598 240.667892
v -69.247818 3.097598 240.371414
v -69.760345 3.097598 240.407547
v -69.526360 3.097598 240.111847
v -69.760345 -0.005606 240.407547
v -69.526360 -0.005605 240.111847
v -69.364319 -0.005605 240.519653
v -69.643356 -0.005605 240.259689
v -69.643356 3.097598 240.259689
v -69.364319 3.097598 240.519653
v -69.620590 3.097598 240.537689
v -69.503845 3.322034 240.389679
v -69.387100 3.097598 240.241623
v -69.387100 -0.005605 240.241623
v -69.503845 -0.005605 240.389679
v -69.620590 -0.005605 240.537689
v -70.128090 0.006127 239.902618
v -69.849068 0.006128 240.162552
v -70.128090 3.035485 239.902618
v -69.849068 3.035486 240.162552
v -70.085480 3.035485 239.849350
v -69.806641 3.035485 240.109177
v -70.085480 0.006127 239.849350
v -69.806641 0.006128 240.109177
v -69.988579 0.006127 240.032593
v -69.946068 0.006127 239.979263
v -69.946068 3.323881 239.979263
v -69.988579 3.323881 240.032593
v -72.039322 0.006124 238.121475
v -71.760353 0.006124 238.381500
v -72.039322 3.035482 238.121475
v -71.760353 3.035483 238.381500
v -71.995522 3.035482 238.069183
v -71.716721 3.035483 238.329086
v -71.995522 0.006124 238.069183
v -71.716721 0.006124 238.329086
v -71.899841 0.006124 238.251480
v -71.856117 0.006124 238.199127
v -71.856117 3.323878 238.199127
v -71.899841 3.323878 238.251480
v -71.083778 0.006126 239.012085
v -70.804764 0.006126 239.272110
v -71.083778 3.035484 239.012085
v -70.804764 3.035484 239.272110
v -71.040573 3.035484 238.959335
v -70.761734 3.035484 239.219223
v -71.040573 0.006125 238.959335
v -70.761734 0.006126 239.219223
v -70.944267 0.006126 239.142075
v -70.901154 0.006126 239.089249
v -70.901154 3.323880 239.089249
v -70.944267 3.323880 239.142075
v -69.645645 2.900429 240.261200
v -69.603325 2.900429 240.207718
v -69.645645 2.575304 240.261200
v -69.603325 2.575304 240.207718
v -74.076950 2.575297 236.130219
v -74.031868 2.575297 236.079071
v -74.076950 2.900422 236.130219
v -74.031868 2.900422 236.079071
v -69.645645 0.867383 240.261200
v -69.603325 0.867383 240.207718
v -69.645645 0.542258 240.261200
v -69.603325 0.542258 240.207718
v -74.076950 0.542251 236.130219
v -74.031868 0.542251 236.079071
v -74.076950 0.867376 236.130219
v -74.031868 0.867376 236.079071
v -72.517044 0.006124 237.676071
v -72.238113 0.006124 237.936142
v -72.517044 3.035482 237.676071
v -72.238113 3.035482 237.936142
v -72.472946 3.035482 237.624069
v -72.194183 3.035482 237.883972
v -72.472946 0.006123 237.624069
v -72.194183 0.006124 237.883972
v -72.377586 0.006124 237.806091
v -72.333580 0.006124 237.753998
v -72.333580 3.323877 237.753998
v -72.377586 3.323878 237.806091
v -72.994743 0.006123 237.230682
v -72.715820 0.006123 237.490768
v -72.994743 3.035481 237.230682
v -72.715820 3.035481 237.490768
v -72.950333 3.035481 237.178909
v -72.671593 3.035481 237.438843
v -72.950333 0.006123 237.178909
v -72.671593 0.006124 237.438843
v -72.855286 0.006123 237.360718
v -72.810982 0.006123 237.308884
v -72.810982 3.323877 237.308884
v -72.855301 3.323877 237.360718
v -73.472427 0.006122 236.785248
v -73.193497 0.006123 237.045334
v -73.472427 3.035480 236.785248
v -73.193497 3.035480 237.045334
v -73.427734 3.035480 236.733749
v -73.148979 3.035480 236.993683
v -73.427734 0.006122 236.733749
v -73.148979 0.006123 236.993683
v -73.332962 0.006122 236.915298
v -73.288353 0.006122 236.863708
v -73.288353 3.323876 236.863708
v -73.332962 3.323876 236.915298
v -73.804077 3.323876 236.475922
v -73.664642 3.035480 236.605972
v -73.759178 3.323875 236.424606
v -73.619827 3.035480 236.554565
v -73.759178 0.006122 236.424606
v -73.619827 0.006122 236.554565
v -73.804077 0.006121 236.475922
v -73.664642 0.006122 236.605972
v -73.898552 0.006121 236.294601
v -73.943527 0.006121 236.345871
v -73.898552 3.035480 236.294601
v -73.943527 3.035479 236.345871
v -71.561554 0.006125 238.566818
v -71.282585 0.006126 238.826797
v -71.561554 3.035483 238.566818
v -71.282585 3.035483 238.826797
v -71.518036 3.035483 238.514282
v -71.239250 3.035483 238.774139
v -71.518036 0.006125 238.514282
v -71.239250 0.006126 238.774139
v -71.422089 0.006125 238.696793
v -71.378654 0.006125 238.644196
v -71.378654 3.323879 238.644196
v -71.422089 3.323879 238.696793
v -69.646477 1.183946 240.260422
v -69.604156 1.183946 240.206955
v -69.646477 0.871292 240.260422
v -69.604156 0.871292 240.206955
v -74.076530 2.261665 236.130630
v -74.031433 2.261665 236.079483
v -74.076530 2.574322 236.130630
v -74.031433 2.574322 236.079483
v -70.605942 0.006126 239.457367
v -70.326920 0.006127 239.717346
v -70.605942 3.035484 239.457367
v -70.326920 3.035485 239.717346
v -70.563034 3.035484 239.404358
v -70.284195 3.035485 239.664200
v -70.563034 0.006126 239.404358
v -70.284195 0.006127 239.664200
v -70.466431 0.006127 239.587372
v -70.423615 0.006127 239.534271
v -70.423615 3.323881 239.534271
v -70.466431 3.323881 239.587372
v -74.200706 -0.005612 236.268845
v -73.951385 -0.005612 235.985977
v -74.200706 3.097591 236.268845
v -73.951385 3.097591 235.985977
v -74.480080 3.097591 236.008301
v -74.229813 3.097591 235.726257
v -74.480080 -0.005612 236.008301
v -74.229813 -0.005612 235.726257
v -74.076042 -0.005612 236.127411
v -74.354950 -0.005612 235.867279
v -74.354950 3.097591 235.867279
v -74.076042 3.097591 236.127411
v -74.340378 3.097591 236.138611
v -74.215477 3.322027 235.997375
v -74.090584 3.097591 235.856140
v -74.090584 -0.005612 235.856140
v -74.215477 -0.005612 235.997375
v -74.340378 -0.005612 236.138611
v -64.471802 -0.005598 245.314072
v -64.256897 -0.005597 245.004227
v -64.471802 3.097606 245.314072
v -64.256897 3.097605 245.004227
v -64.757980 3.097605 245.063202
v -64.542046 3.097605 244.754074
v -64.757980 -0.005598 245.063202
v -64.542046 -0.005598 244.754074
v -64.364349 -0.005598 245.159134
v -64.650017 -0.005598 244.908646
v -64.650017 3.097605 244.908646
v -64.364349 3.097605 245.159134
v -64.618141 3.097606 245.193253
v -64.510429 3.322042 245.038528
v -64.402718 3.097605 244.883774
v -64.402718 -0.005598 244.883774
v -64.510429 -0.005598 245.038528
v -64.618141 -0.005598 245.193253
v -65.131683 0.006135 244.554382
v -64.852509 0.006135 244.814133
v -65.131683 3.035493 244.554382
v -64.852509 3.035493 244.814133
v -65.092339 3.035493 244.498672
v -64.813339 3.035493 244.758270
v -65.092339 0.006134 244.498672
v -64.813339 0.006135 244.758270
v -64.992104 0.006135 244.684219
v -64.952850 0.006135 244.628464
v -64.952850 3.323889 244.628464
v -64.992104 3.323889 244.684219
v -67.044067 0.006132 242.774689
v -66.764923 0.006132 243.034546
v -67.044067 3.035490 242.774689
v -66.764923 3.035490 243.034546
v -67.003448 3.035490 242.719910
v -66.724495 3.035490 242.979614
v -67.003448 0.006132 242.719910
v -66.724495 0.006132 242.979614
v -66.904495 0.006132 242.904602
v -66.863976 0.006132 242.849762
v -66.863976 3.323886 242.849762
v -66.904495 3.323886 242.904602
v -66.087936 0.006133 243.664597
v -65.808762 0.006133 243.924393
v -66.087936 3.035491 243.664597
v -65.808762 3.035491 243.924393
v -66.047958 3.035491 243.609360
v -65.768967 3.035491 243.869003
v -66.047958 0.006133 243.609360
v -65.768967 0.006133 243.869003
v -65.948357 0.006133 243.794495
v -65.908463 0.006133 243.739182
v -65.908463 3.323887 243.739182
v -65.948357 3.323887 243.794495
v -64.652176 2.900436 244.910233
v -64.613121 2.900436 244.854340
v -64.652176 2.575311 244.910233
v -64.613121 2.575311 244.854340
v -69.086044 2.575304 240.782516
v -69.044083 2.575304 240.728760
v -69.086044 2.900429 240.782516
v -69.044083 2.900429 240.728760
v -64.652176 0.867390 244.910233
v -64.613121 0.867390 244.854340
v -64.652176 0.542265 244.910233
v -64.613121 0.542265 244.854340
v -69.086044 0.542259 240.782516
v -69.044083 0.542259 240.728760
v -69.086044 0.867383 240.782516
v -69.044083 0.867384 240.728760
v -67.522079 0.006131 242.329712
v -67.242973 0.006132 242.589554
v -67.522079 3.035489 242.329712
v -67.242973 3.035489 242.589554
v -67.481155 3.035489 242.275146
v -67.202225 3.035490 242.534836
v -67.481155 0.006131 242.275146
v -67.202225 0.006131 242.534836
v -67.382530 0.006131 242.459579
v -67.341698 0.006131 242.404968
v -67.341705 3.323885 242.404968
v -67.382530 3.323885 242.459579
v -68.000061 0.006130 241.884689
v -67.720970 0.006131 242.144516
v -68.000061 3.035488 241.884689
v -67.720970 3.035489 242.144516
v -67.958832 3.035488 241.830353
v -67.679924 3.035489 242.090088
v -67.958832 0.006130 241.830353
v -67.679924 0.006130 242.090088
v -67.860535 0.006131 242.014572
v -67.819382 0.006130 241.960190
v -67.819382 3.323884 241.960190
v -67.860535 3.323884 242.014572
v -68.478043 0.006130 241.439560
v -68.198944 0.006130 241.699463
v -68.478043 3.035488 241.439560
v -68.198944 3.035488 241.699463
v -68.436501 3.035488 241.385498
v -68.157585 3.035488 241.645248
v -68.436501 0.006130 241.385498
v -68.157585 0.006130 241.645248
v -68.338501 0.006130 241.569534
v -68.297043 0.006130 241.515381
v -68.297043 3.323884 241.515381
v -68.338501 3.323884 241.569534
v -68.809906 3.323883 241.130508
v -68.670380 3.035487 241.260437
v -68.768143 3.323883 241.076584
v -68.628716 3.035487 241.206451
v -68.768143 0.006129 241.076584
v -68.628716 0.006129 241.206451
v -68.809906 0.006129 241.130508
v -68.670380 0.006129 241.260437
v -68.907593 0.006129 240.946701
v -68.949440 0.006129 241.000549
v -68.907593 3.035487 240.946701
v -68.949440 3.035487 241.000549
v -66.566010 0.006132 243.219666
v -66.286873 0.006133 243.479462
v -66.566010 3.035490 243.219666
v -66.286873 3.035491 243.479462
v -66.525703 3.035490 243.164658
v -66.246758 3.035491 243.424316
v -66.525703 0.006132 243.164658
v -66.246758 0.006133 243.424316
v -66.426445 0.006133 243.349548
v -66.386246 0.006133 243.294464
v -66.386246 3.323886 243.294464
v -66.426445 3.323886 243.349548
v -64.653015 1.183953 244.909454
v -64.613960 1.183953 244.853561
v -64.653015 0.871299 244.909454
v -64.613960 0.871299 244.853561
v -69.085609 2.261672 240.782913
v -69.043648 2.261672 240.729172
v -69.085609 2.574329 240.782913
v -69.043648 2.574329 240.729172
v -65.609825 0.006133 244.109512
v -65.330643 0.006135 244.369278
v -65.609825 3.035492 244.109512
v -65.330643 3.035492 244.369278
v -65.570168 3.035492 244.054047
v -65.291161 3.035492 244.313660
v -65.570168 0.006134 244.054047
v -65.291161 0.006135 244.313660
v -65.470230 0.006134 244.239410
v -65.430656 0.006134 244.183853
v -65.430656 3.323888 244.183853
v -65.470230 3.323888 244.239410
v -69.201263 -0.005604 240.928238
v -68.969246 -0.005605 240.630981
v -69.201263 3.097599 240.928238
v -68.969246 3.097599 240.630981
v -69.480820 3.097598 240.667892
v -69.247818 3.097598 240.371414
v -69.480820 -0.005605 240.667892
v -69.247818 -0.005605 240.371414
v -69.085258 -0.005605 240.779617
v -69.364319 -0.005605 240.519653
v -69.364319 3.097598 240.519653
v -69.085258 3.097599 240.779617
v -69.341019 3.097599 240.798080
v -69.224770 3.322035 240.649658
v -69.108513 3.097599 240.501236
v -69.108513 -0.005605 240.501236
v -69.224770 -0.005605 240.649658
v -69.341019 -0.005605 240.798080
v -58.354538 -0.005590 248.376495
v -58.160110 -0.005590 248.053421
v -58.354542 3.097613 248.376495
v -58.160114 3.097613 248.053421
v -58.696556 3.097613 248.205475
v -58.500961 3.097613 247.883087
v -58.696552 -0.005591 248.205475
v -58.500957 -0.005590 247.883087
v -58.257320 -0.005590 248.214966
v -58.598755 -0.005590 248.044266
v -58.598759 3.097613 248.044266
v -58.257324 3.097613 248.214966
v -58.525566 3.097613 248.290985
v -58.428066 3.322049 248.129623
v -58.330555 3.097613 247.968246
v -58.330551 -0.005590 247.968246
v -58.428062 -0.005590 248.129623
v -58.525562 -0.005590 248.290985
v -59.175194 0.006142 247.833344
v -58.833786 0.006142 248.004059
v -59.175198 3.035500 247.833344
v -58.833790 3.035500 248.004059
v -59.139488 3.035500 247.775223
v -58.798286 3.035500 247.945816
v -59.139484 0.006142 247.775223
v -58.798283 0.006142 247.945816
v -59.004505 0.006142 247.918686
v -58.968899 0.006142 247.860550
v -58.968903 3.323896 247.860550
v -59.004509 3.323896 247.918686
v -61.513889 0.006139 246.663300
v -61.172512 0.006140 246.834122
v -61.513889 3.035497 246.663300
v -61.172512 3.035498 246.834122
v -61.476757 3.035497 246.606094
v -61.135586 3.035498 246.776810
v -61.476757 0.006139 246.606094
v -61.135586 0.006139 246.776810
v -61.343212 0.006139 246.748718
v -61.306171 0.006139 246.691452
v -61.306171 3.323894 246.691452
v -61.343212 3.323894 246.748718
v -60.344616 0.006141 247.248383
v -60.003208 0.006141 247.419205
v -60.344616 3.035499 247.248383
v -60.003208 3.035499 247.419205
v -60.308186 3.035499 247.190750
v -59.966991 3.035499 247.361435
v -60.308186 0.006141 247.190750
v -59.966991 0.006141 247.361435
v -60.173908 0.006141 247.333801
v -60.137592 0.006141 247.276062
v -60.137592 3.323895 247.276062
v -60.173908 3.323895 247.333801
v -58.600914 2.900444 248.046188
v -58.565536 2.900443 247.987854
v -58.600914 2.575319 248.046188
v -58.565536 2.575318 247.987854
v -64.023521 2.575312 245.332794
v -63.984852 2.575312 245.276627
v -64.023521 2.900437 245.332794
v -63.984852 2.900437 245.276627
v -58.600910 0.867398 248.046188
v -58.565533 0.867398 247.987854
v -58.600910 0.542273 248.046188
v -58.565533 0.542273 247.987854
v -64.023521 0.542266 245.332794
v -63.984852 0.542266 245.276627
v -64.023521 0.867391 245.332794
v -63.984852 0.867391 245.276627
v -62.098476 0.006139 246.370697
v -61.757145 0.006139 246.541534
v -62.098476 3.035496 246.370697
v -61.757145 3.035497 246.541534
v -62.060978 3.035496 246.313705
v -61.719860 3.035497 246.484436
v -62.060978 0.006139 246.313705
v -61.719860 0.006138 246.484436
v -61.927822 0.006139 246.456116
v -61.890438 0.006138 246.399063
v -61.890438 3.323892 246.399063
v -61.927822 3.323893 246.456116
v -62.683025 0.006137 246.078049
v -62.341724 0.006138 246.248917
v -62.683025 3.035496 246.078049
v -62.341724 3.035496 246.248917
v -62.645184 3.035496 246.021286
v -62.304081 3.035496 246.192047
v -62.645184 0.006137 246.021286
v -62.304081 0.006138 246.192047
v -62.512379 0.006138 246.163452
v -62.474651 0.006138 246.106659
v -62.474651 3.323892 246.106659
v -62.512386 3.323892 246.163452
v -63.267574 0.006137 245.785294
v -62.926258 0.006137 245.956253
v -63.267574 3.035495 245.785294
v -62.926258 3.035495 245.956253
v -63.229389 3.035495 245.728806
v -62.888271 3.035496 245.899597
v -63.229389 0.006137 245.728806
v -62.888271 0.006138 245.899597
v -63.096920 0.006137 245.870773
v -63.058826 0.006137 245.814209
v -63.058826 3.323891 245.814209
v -63.096920 3.323891 245.870773
v -63.673435 3.323891 245.582047
v -63.502811 3.035495 245.667496
v -63.635006 3.323891 245.525711
v -63.464474 3.035495 245.611099
v -63.635006 0.006136 245.525711
v -63.464474 0.006136 245.611099
v -63.673435 0.006136 245.582047
v -63.502811 0.006136 245.667496
v -63.805553 0.006136 245.440292
v -63.844090 0.006136 245.496567
v -63.805553 3.035495 245.440292
v -63.844090 3.035495 245.496567
v -60.929256 0.006140 246.955872
v -60.587894 0.006140 247.126694
v -60.929256 3.035498 246.955872
v -60.587894 3.035498 247.126694
v -60.892475 3.035498 246.898422
v -60.551319 3.035498 247.069107
v -60.892475 0.006140 246.898422
v -60.551319 0.006140 247.069107
v -60.758587 0.006140 247.041245
v -60.721905 0.006140 246.983749
v -60.721905 3.323894 246.983749
v -60.758587 3.323894 247.041245
v -58.601936 1.183961 248.045639
v -58.566559 1.183961 247.987350
v -58.601936 0.871307 248.045639
v -58.566559 0.871307 247.987350
v -64.022995 2.261680 245.333069
v -63.984325 2.261680 245.276901
v -64.022995 2.574337 245.333069
v -63.984325 2.574337 245.276901
v -59.759914 0.006141 247.540878
v -59.418488 0.006142 247.711639
v -59.759922 3.035499 247.540878
v -59.418491 3.035500 247.711639
v -59.723850 3.035500 247.483002
v -59.382633 3.035500 247.653625
v -59.723843 0.006141 247.483002
v -59.382629 0.006142 247.653625
v -59.589214 0.006141 247.626282
v -59.553242 0.006142 247.568344
v -59.553249 3.323896 247.568344
v -59.589214 3.323896 247.626282
v -64.129929 -0.005597 245.485397
v -63.916157 -0.005597 245.174774
v -64.129929 3.097606 245.485397
v -63.916157 3.097606 245.174774
v -64.471802 3.097606 245.314072
v -64.256897 3.097605 245.004227
v -64.471802 -0.005598 245.314072
v -64.256897 -0.005597 245.004227
v -64.023041 -0.005597 245.330063
v -64.364349 -0.005598 245.159134
v -64.364349 3.097605 245.159134
v -64.023041 3.097606 245.330063
v -64.300842 3.097606 245.399719
v -64.193680 3.322042 245.244598
v -64.086510 3.097606 245.089478
v -64.086510 -0.005597 245.089478
v -64.193680 -0.005597 245.244598
v -64.300842 -0.005597 245.399719
v -52.234066 -0.005582 251.433609
v -52.060925 -0.005583 251.098648
v -52.234077 3.097620 251.433609
v -52.060928 3.097620 251.098648
v -52.576263 3.097620 251.262878
v -52.401901 3.097620 250.928528
v -52.576260 -0.005583 251.262878
v -52.401897 -0.005583 250.928528
v -52.147499 -0.005582 251.266113
v -52.489079 -0.005583 251.095703
v -52.489082 3.097620 251.095703
v -52.147503 3.097620 251.266113
v -52.405182 3.097620 251.348236
v -52.318302 3.322056 251.180939
v -52.231426 3.097620 251.013596
v -52.231422 -0.005583 251.013596
v -52.318298 -0.005583 251.180939
v -52.405178 -0.005582 251.348236
v -53.061859 0.006150 250.887405
v -52.720291 0.006150 251.057861
v -53.061863 3.035507 250.887405
v -52.720295 3.035508 251.057861
v -53.029987 3.035507 250.827133
v -52.688629 3.035508 250.997482
v -53.029984 0.006150 250.827133
v -52.688625 0.006150 250.997482
v -52.891087 0.006150 250.972656
v -52.859318 0.006150 250.912308
v -52.859322 3.323904 250.912308
v -52.891090 3.323903 250.972656
v -55.401661 0.006146 249.719269
v -55.060123 0.006147 249.889832
v -55.401665 3.035505 249.719269
v -55.060127 3.035505 249.889832
v -55.368301 3.035505 249.659790
v -55.026974 3.035505 249.830215
v -55.368298 0.006146 249.659790
v -55.026970 0.006147 249.830215
v -55.230892 0.006147 249.804550
v -55.197636 0.006147 249.745026
v -55.197643 3.323901 249.745026
v -55.230896 3.323901 249.804550
v -54.231827 0.006148 250.303406
v -53.890255 0.006149 250.473953
v -54.231831 3.035506 250.303452
v -53.890259 3.035506 250.473953
v -54.199200 3.035506 250.243546
v -53.857853 3.035507 250.413925
v -54.199196 0.006148 250.243546
v -53.857849 0.006148 250.413925
v -54.061039 0.006148 250.388702
v -54.028522 0.006148 250.328766
v -54.028526 3.323902 250.328766
v -54.061043 3.323902 250.388702
v -52.491089 2.900451 251.097717
v -52.459557 2.900451 251.037231
v -52.491089 2.575326 251.097717
v -52.459557 2.575326 251.037231
v -57.916176 2.575319 248.388458
v -57.881222 2.575319 248.329910
v -57.916176 2.900444 248.388458
v -57.881222 2.900445 248.329910
v -52.491085 0.867405 251.097717
v -52.459553 0.867405 251.037231
v -52.491085 0.542279 251.097717
v -52.459553 0.542279 251.037231
v -57.916172 0.542273 248.388458
v -57.881218 0.542273 248.329910
v -57.916172 0.867398 248.388458
v -57.881218 0.867398 248.329910
v -55.986523 0.006145 249.427139
v -55.645031 0.006146 249.597717
v -55.986526 3.035504 249.427139
v -55.645035 3.035504 249.597717
v -55.952797 3.035504 249.367844
v -55.611515 3.035504 249.538330
v -55.952793 0.006145 249.367844
v -55.611511 0.006146 249.538330
v -55.815796 0.006146 249.512405
v -55.782169 0.006146 249.453064
v -55.782173 3.323900 249.453064
v -55.815800 3.323900 249.512405
v -56.571369 0.006145 249.134933
v -56.229881 0.006145 249.305527
v -56.571373 3.035503 249.134933
v -56.229885 3.035504 249.305527
v -56.537277 3.035503 249.075867
v -56.196011 3.035504 249.246368
v -56.537273 0.006145 249.075867
v -56.196007 0.006145 249.246368
v -56.400642 0.006145 249.220261
v -56.366653 0.006145 249.161102
v -56.366657 3.323899 249.161102
v -56.400646 3.323899 249.220261
v -57.156208 0.006144 248.842682
v -56.814709 0.006145 249.013336
v -57.156212 3.035502 248.842682
v -56.814713 3.035503 249.013336
v -57.121750 3.035502 248.783844
v -56.780468 3.035503 248.954361
v -57.121746 0.006145 248.783844
v -56.780464 0.006145 248.954361
v -56.985458 0.006144 248.927994
v -56.951107 0.006145 248.869095
v -56.951111 3.323899 248.869095
v -56.985462 3.323899 248.927994
v -57.562271 3.323898 248.639740
v -57.391556 3.035502 248.725067
v -57.527557 3.323898 248.581024
v -57.356953 3.035502 248.666290
v -57.527554 0.006144 248.581024
v -57.356949 0.006144 248.666290
v -57.562267 0.006144 248.639740
v -57.391552 0.006144 248.725067
v -57.698177 0.006144 248.495743
v -57.732998 0.006144 248.554398
v -57.698181 3.035502 248.495743
v -57.733002 3.035502 248.554398
v -54.816742 0.006147 250.011368
v -54.475212 0.006148 250.181885
v -54.816746 3.035505 250.011368
v -54.475216 3.035506 250.181885
v -54.783749 3.035505 249.951691
v -54.442436 3.035506 250.122086
v -54.783745 0.006147 249.951691
v -54.442432 0.006148 250.122086
v -54.645996 0.006147 250.096603
v -54.613102 0.006148 250.036850
v -54.613106 3.323902 250.036850
v -54.645996 3.323901 250.096603
v -52.492115 1.183968 251.097168
v -52.460579 1.183968 251.036713
v -52.492115 0.871314 251.097168
v -52.460579 0.871314 251.036713
v -57.915646 2.261687 248.388718
v -57.880692 2.261687 248.330154
v -57.915646 2.574344 248.388718
v -57.880692 2.574344 248.330154
v -53.646858 0.006148 250.595413
v -53.305267 0.006149 250.765945
v -53.646862 3.035507 250.595413
v -53.305271 3.035507 250.765945
v -53.614609 3.035507 250.535339
v -53.273235 3.035507 250.705734
v -53.614605 0.006149 250.535339
v -53.273232 0.006149 250.705734
v -53.476067 0.006149 250.680695
v -53.443924 0.006149 250.620529
v -53.443928 3.323903 250.620529
v -53.476070 3.323903 250.680695
v -58.012486 -0.005590 248.547516
v -57.819221 -0.005589 248.223740
v -58.012489 3.097614 248.547516
v -57.819225 3.097613 248.223740
v -58.354542 3.097613 248.376495
v -58.160114 3.097613 248.053421
v -58.354538 -0.005590 248.376495
v -58.160110 -0.005590 248.053421
v -57.915855 -0.005589 248.385620
v -58.257320 -0.005590 248.214966
v -58.257324 3.097613 248.214966
v -57.915859 3.097613 248.385620
v -58.183491 3.097613 248.462021
v -58.086567 3.322049 248.300308
v -57.989643 3.097613 248.138596
v -57.989639 -0.005590 248.138596
v -58.086563 -0.005590 248.300308
v -58.183487 -0.005590 248.462021
v -46.110752 -0.005575 254.485260
v -45.959606 -0.005575 254.139801
v -46.110752 3.097628 254.485260
v -45.959602 3.097628 254.139801
v -46.453091 3.097628 254.314804
v -46.300690 3.097628 253.969910
v -46.453094 -0.005575 254.314804
v -46.300694 -0.005575 253.969910
v -46.035179 -0.005575 254.312500
v -46.376896 -0.005575 254.142365
v -46.376892 3.097628 254.142365
v -46.035179 3.097628 254.312500
v -46.281929 3.097628 254.399994
v -46.206051 3.322064 254.227402
v -46.130157 3.097628 254.054810
v -46.130161 -0.005575 254.054810
v -46.206055 -0.005575 254.227402
v -46.281933 -0.005575 254.399994
v -46.945854 0.006157 253.936462
v -46.604141 0.006157 254.106628
v -46.945850 3.035515 253.936462
v -46.604141 3.035515 254.106628
v -46.917934 3.035515 253.874237
v -46.576443 3.035515 254.044312
v -46.917938 0.006157 253.874237
v -46.576447 0.006158 254.044312
v -46.775013 0.006157 254.021515
v -46.747211 0.006157 253.959244
v -46.747208 3.323911 253.959244
v -46.775009 3.323911 254.021515
v -49.286633 0.006154 252.770248
v -48.944950 0.006154 252.940521
v -49.286633 3.035512 252.770248
v -48.944950 3.035512 252.940521
v -49.257183 3.035512 252.708740
v -48.915718 3.035512 252.878922
v -49.257183 0.006154 252.708740
v -48.915722 0.006154 252.878922
v -49.115791 0.006155 252.855377
v -49.086452 0.006155 252.793839
v -49.086452 3.323908 252.793839
v -49.115791 3.323908 252.855377
v -48.116302 0.006156 253.353424
v -47.774590 0.006156 253.523666
v -48.116299 3.035513 253.353424
v -47.774590 3.035514 253.523666
v -48.087608 3.035513 253.291565
v -47.746124 3.035514 253.461670
v -48.087608 0.006156 253.291565
v -47.746128 0.006156 253.461670
v -47.945450 0.006156 253.438538
v -47.916870 0.006156 253.376617
v -47.916870 3.323910 253.376617
v -47.945446 3.323910 253.438538
v -46.378746 2.900458 254.144394
v -46.351181 2.900458 254.082001
v -46.378746 2.575333 254.144394
v -46.351181 2.575334 254.082001
v -51.806053 2.575327 251.439453
v -51.774956 2.575327 251.378738
v -51.806053 2.900452 251.439453
v -51.774956 2.900452 251.378738
v -46.378742 0.867413 254.144394
v -46.351177 0.867413 254.082001
v -46.378742 0.542288 254.144394
v -46.351177 0.542288 254.082001
v -51.806049 0.542281 251.439453
v -51.774952 0.542281 251.378738
v -51.806049 0.867406 251.439453
v -51.774952 0.867406 251.378738
v -49.871758 0.006154 252.478577
v -49.530117 0.006154 252.648865
v -49.871758 3.035511 252.478577
v -49.530113 3.035512 252.648865
v -49.841927 3.035511 252.417267
v -49.500507 3.035512 252.587448
v -49.841927 0.006153 252.417267
v -49.500507 0.006154 252.587448
v -49.700947 0.006153 252.563736
v -49.671223 0.006153 252.502335
v -49.671223 3.323907 252.502335
v -49.700943 3.323908 252.563736
v -50.456852 0.006153 252.186905
v -50.115219 0.006153 252.357208
v -50.456852 3.035511 252.186905
v -50.115219 3.035511 252.357208
v -50.426643 3.035511 252.125732
v -50.085232 3.035511 252.295959
v -50.426647 0.006153 252.125732
v -50.085232 0.006153 252.295959
v -50.286049 0.006153 252.272034
v -50.255959 0.006153 252.210846
v -50.255959 3.323907 252.210846
v -50.286049 3.323907 252.272034
v -51.041950 0.006152 251.895096
v -50.700310 0.006152 252.065475
v -51.041954 3.035510 251.895096
v -50.700314 3.035510 252.065475
v -51.011368 3.035510 251.834167
v -50.669945 3.035510 252.004440
v -51.011364 0.006152 251.834167
v -50.669941 0.006152 252.004440
v -50.871132 0.006152 251.980331
v -50.840660 0.006152 251.919296
v -50.840664 3.323906 251.919296
v -50.871136 3.323906 251.980331
v -51.448193 3.323905 251.692505
v -51.277409 3.035510 251.777679
v -51.417343 3.323905 251.631683
v -51.246674 3.035510 251.716827
v -51.417339 0.006151 251.631683
v -51.246670 0.006152 251.716797
v -51.448189 0.006151 251.692505
v -51.277405 0.006152 251.777679
v -51.588043 0.006151 251.546555
v -51.619007 0.006151 251.607315
v -51.588047 3.035509 251.546555
v -51.619011 3.035509 251.607315
v -48.701466 0.006155 253.061874
v -48.359798 0.006155 253.232147
v -48.701466 3.035513 253.061874
v -48.359795 3.035513 253.232147
v -48.672394 3.035513 253.000198
v -48.330948 3.035513 253.170349
v -48.672398 0.006155 253.000198
v -48.330948 0.006155 253.170349
v -48.530643 0.006155 253.147018
v -48.501686 0.006155 253.085251
v -48.501686 3.323909 253.085251
v -48.530643 3.323909 253.147018
v -46.379761 1.183976 254.143860
v -46.352196 1.183976 254.081497
v -46.379761 0.871321 254.143860
v -46.352196 0.871322 254.081497
v -51.805527 2.261695 251.439682
v -51.774426 2.261694 251.378998
v -51.805527 2.574352 251.439682
v -51.774426 2.574352 251.378998
v -47.531090 0.006156 253.644989
v -47.189365 0.006157 253.815186
v -47.531090 3.035514 253.644989
v -47.189362 3.035515 253.815186
v -47.502781 3.035514 253.582947
v -47.161282 3.035515 253.753036
v -47.502781 0.006156 253.582947
v -47.161285 0.006157 253.753036
v -47.360226 0.006156 253.730042
v -47.332031 0.006156 253.667984
v -47.332031 3.323911 253.667984
v -47.360226 3.323910 253.730042
v -51.891853 -0.005582 251.604340
v -51.719910 -0.005582 251.268753
v -51.891857 3.097621 251.604340
v -51.719913 3.097621 251.268753
v -52.234077 3.097620 251.433609
v -52.060928 3.097620 251.098648
v -52.234066 -0.005582 251.433609
v -52.060925 -0.005583 251.098648
v -51.805885 -0.005582 251.436554
v -52.147499 -0.005582 251.266113
v -52.147503 3.097620 251.266113
v -51.805889 3.097621 251.436554
v -52.062939 3.097621 251.518982
v -51.976665 3.322057 251.351349
v -51.890396 3.097621 251.183701
v -51.890392 -0.005582 251.183701
v -51.976662 -0.005582 251.351349
v -52.062935 -0.005582 251.518982
v -39.984943 -0.005568 257.531158
v -39.856434 -0.005568 257.176636
v -39.984940 3.097636 257.531158
v -39.856434 3.097636 257.176636
v -40.327408 3.097635 257.361053
v -40.197617 3.097635 257.007019
v -40.327412 -0.005568 257.361053
v -40.197620 -0.005568 257.007019
v -39.920689 -0.005567 257.353912
v -40.262516 -0.005568 257.184021
v -40.262512 3.097635 257.184021
v -39.920689 3.097636 257.353912
v -40.156189 3.097635 257.446106
v -40.091614 3.322071 257.268951
v -40.027035 3.097635 257.091827
v -40.027039 -0.005568 257.091827
v -40.091618 -0.005568 257.268951
v -40.156189 -0.005568 257.446106
v -40.827507 0.006164 256.980286
v -40.485676 0.006165 257.150177
v -40.827503 3.035522 256.980286
v -40.485676 3.035523 257.150177
v -40.803661 3.035522 256.916382
v -40.462067 3.035523 257.086212
v -40.803661 0.006164 256.916382
v -40.462070 0.006165 257.086212
v -40.656605 0.006164 257.065216
v -40.632877 0.006164 257.001251
v -40.632877 3.323919 257.001251
v -40.656601 3.323918 257.065216
v -43.169144 0.006161 255.816132
v -42.827328 0.006162 255.986069
v -43.169144 3.035520 255.816132
v -42.827328 3.035520 255.986069
v -43.143726 3.035520 255.752823
v -42.802143 3.035520 255.922699
v -43.143730 0.006162 255.752823
v -42.802143 0.006162 255.922699
v -42.998234 0.006161 255.901108
v -42.972935 0.006161 255.837753
v -42.972935 3.323916 255.837753
v -42.998234 3.323916 255.901108
v -41.998375 0.006163 256.398254
v -41.656540 0.006164 256.568176
v -41.998371 3.035521 256.398254
v -41.656536 3.035522 256.568176
v -41.973743 3.035521 256.334656
v -41.632137 3.035522 256.504517
v -41.973747 0.006163 256.334656
v -41.632141 0.006163 256.504517
v -41.827461 0.006163 256.483215
v -41.802940 0.006163 256.419617
v -41.802940 3.323917 256.419617
v -41.827457 3.323917 256.483215
v -40.264202 2.900466 257.186127
v -40.240730 2.900466 257.122101
v -40.264202 2.575341 257.186127
v -40.240730 2.575341 257.122101
v -45.693447 2.575334 254.485657
v -45.666340 2.575334 254.423080
v -45.693447 2.900459 254.485657
v -45.666340 2.900459 254.423080
v -40.264198 0.867420 257.186127
v -40.240726 0.867420 257.122101
v -40.264198 0.542295 257.186127
v -40.240726 0.542295 257.122101
v -45.693443 0.542289 254.485657
v -45.666336 0.542289 254.423080
v -45.693443 0.867414 254.485657
v -45.666336 0.867414 254.423080
v -43.754486 0.006161 255.524933
v -43.412712 0.006161 255.694962
v -43.754482 3.035519 255.524933
v -43.412708 3.035519 255.694962
v -43.728680 3.035519 255.461792
v -43.387135 3.035519 255.631729
v -43.728683 0.006161 255.461792
v -43.387138 0.006161 255.631729
v -43.583611 0.006161 255.609924
v -43.557922 0.006161 255.546738
v -43.557919 3.323915 255.546738
v -43.583611 3.323915 255.609924
v -44.339809 0.006160 255.233704
v -43.998047 0.006160 255.403778
v -44.339806 3.035518 255.233704
v -43.998043 3.035519 255.403778
v -44.313610 3.035518 255.170731
v -43.972076 3.035518 255.340714
v -44.313610 0.006160 255.170731
v -43.972076 0.006160 255.340714
v -44.168945 0.006160 255.318726
v -44.142857 0.006160 255.255737
v -44.142853 3.323914 255.255737
v -44.168938 3.323914 255.318726
v -44.925133 0.006159 254.942413
v -44.583355 0.006160 255.112549
v -44.925133 3.035517 254.942413
v -44.583355 3.035518 255.112549
v -44.898544 3.035517 254.879623
v -44.556995 3.035518 255.049637
v -44.898548 0.006159 254.879623
v -44.556999 0.006160 255.049637
v -44.754246 0.006160 255.027512
v -44.727776 0.006160 254.964645
v -44.727772 3.323914 254.964645
v -44.754246 3.323913 255.027512
v -45.331535 3.323913 254.740173
v -45.160671 3.035517 254.825211
v -45.304680 3.323913 254.677490
v -45.133930 3.035517 254.762466
v -45.304684 0.006159 254.677490
v -45.133938 0.006159 254.762466
v -45.331539 0.006159 254.740173
v -45.160675 0.006159 254.825211
v -45.475452 0.006159 254.592484
v -45.502419 0.006159 254.655121
v -45.475452 3.035517 254.592484
v -45.502415 3.035517 254.655121
v -42.583759 0.006162 256.107208
v -42.241959 0.006163 256.277161
v -42.583755 3.035520 256.107208
v -42.241955 3.035521 256.277161
v -42.558727 3.035520 256.043762
v -42.217163 3.035520 256.213654
v -42.558735 0.006162 256.043762
v -42.217163 0.006163 256.213654
v -42.412868 0.006162 256.192169
v -42.387959 0.006162 256.128693
v -42.387959 3.323916 256.128693
v -42.412865 3.323916 256.192169
v -40.265228 1.183983 257.185638
v -40.241753 1.183983 257.121613
v -40.265228 0.871329 257.185638
v -40.241753 0.871329 257.121613
v -45.692921 2.261702 254.485886
v -45.665810 2.261702 254.423325
v -45.692921 2.574359 254.485886
v -45.665810 2.574359 254.423325
v -41.412952 0.006164 256.689270
v -41.071106 0.006164 256.859192
v -41.412949 3.035522 256.689270
v -41.071102 3.035522 256.859192
v -41.388714 3.035522 256.625549
v -41.047092 3.035522 256.795380
v -41.388718 0.006163 256.625549
v -41.047096 0.006164 256.795380
v -41.242027 0.006164 256.774261
v -41.217907 0.006164 256.710480
v -41.217903 3.323918 256.710480
v -41.242023 3.323918 256.774261
v -45.768379 -0.005575 254.655640
v -45.618484 -0.005574 254.309631
v -45.768375 3.097628 254.655640
v -45.618481 3.097629 254.309631
v -46.110752 3.097628 254.485260
v -45.959602 3.097628 254.139801
v -46.110752 -0.005575 254.485260
v -45.959606 -0.005575 254.139801
v -45.693436 -0.005574 254.482635
v -46.035179 -0.005575 254.312500
v -46.035179 3.097628 254.312500
v -45.693432 3.097628 254.482635
v -45.939537 3.097628 254.570480
v -45.864281 3.322065 254.397614
v -45.789021 3.097628 254.224747
v -45.789021 -0.005575 254.224747
v -45.864281 -0.005575 254.397614
v -45.939541 -0.005575 254.570480
v -33.606972 -0.005560 259.780945
v -33.501095 -0.005560 259.419037
v -33.606972 3.097643 259.780945
v -33.501095 3.097643 259.419037
v -33.984314 3.097642 259.721069
v -33.877197 3.097642 259.359528
v -33.984314 -0.005560 259.721069
v -33.877201 -0.005561 259.359528
v -33.554031 -0.005560 259.599976
v -33.930756 -0.005560 259.540283
v -33.930756 3.097642 259.540283
v -33.554031 3.097643 259.599976
v -33.795658 3.097643 259.750977
v -33.742409 3.322078 259.570129
v -33.689163 3.097643 259.389282
v -33.689163 -0.005561 259.389282
v -33.742413 -0.005561 259.570129
v -33.795662 -0.005560 259.750977
v -34.546780 0.006171 259.512207
v -34.170078 0.006172 259.571991
v -34.546776 3.035530 259.512207
v -34.170074 3.035530 259.571991
v -34.527054 3.035530 259.446930
v -34.150570 3.035530 259.506622
v -34.527054 0.006172 259.446930
v -34.150570 0.006172 259.506622
v -34.358444 0.006172 259.542114
v -34.338829 0.006172 259.476776
v -34.338829 3.323926 259.476776
v -34.358444 3.323926 259.542114
v -37.049522 0.006169 258.856659
v -36.707603 0.006170 259.026306
v -37.049522 3.035527 258.856659
v -36.707600 3.035527 259.026306
v -37.028252 3.035527 258.791870
v -36.686562 3.035527 258.961426
v -37.028252 0.006169 258.791870
v -36.686562 0.006170 258.961426
v -36.878559 0.006170 258.941528
v -36.857403 0.006169 258.876617
v -36.857403 3.323923 258.876617
v -36.878559 3.323923 258.941528
v -35.837112 0.006170 259.307434
v -35.460400 0.006171 259.367249
v -35.837112 3.035529 259.307434
v -35.460400 3.035528 259.367249
v -35.816631 3.035529 259.242371
v -35.440136 3.035528 259.302155
v -35.816631 0.006170 259.242371
v -35.440136 0.006171 259.302155
v -35.648758 0.006170 259.337311
v -35.628391 0.006170 259.272247
v -35.628387 3.323925 259.272247
v -35.648758 3.323925 259.337311
v -33.932373 2.900473 259.542694
v -33.912998 2.900473 259.477295
v -33.932373 2.575348 259.542694
v -33.912998 2.575348 259.477295
v -39.578682 2.575341 257.526764
v -39.555672 2.575342 257.462585
v -39.578682 2.900467 257.526764
v -39.555672 2.900467 257.462585
v -33.932369 0.867428 259.542694
v -33.912994 0.867427 259.477295
v -33.932369 0.542303 259.542694
v -33.912994 0.542303 259.477295
v -39.578678 0.542296 257.526764
v -39.555668 0.542296 257.462585
v -39.578678 0.867421 257.526764
v -39.555668 0.867421 257.462585
v -37.635052 0.006168 258.565948
v -37.293167 0.006169 258.735687
v -37.635052 3.035526 258.565948
v -37.293163 3.035527 258.735687
v -37.613380 3.035526 258.501312
v -37.271725 3.035527 258.670929
v -37.613384 0.006168 258.501312
v -37.271725 0.006169 258.670929
v -37.464123 0.006168 258.650818
v -37.442566 0.006168 258.586121
v -37.442566 3.323922 258.586121
v -37.464119 3.323923 258.650818
v -38.220566 0.006167 258.275269
v -37.878693 0.006168 258.445007
v -38.220566 3.035526 258.275269
v -37.878689 3.035526 258.445007
v -38.198494 3.035526 258.210754
v -37.856853 3.035526 258.380402
v -38.198494 0.006168 258.210754
v -37.856853 0.006168 258.380402
v -38.049644 0.006168 258.360138
v -38.027687 0.006168 258.295563
v -38.027683 3.323922 258.295563
v -38.049644 3.323922 258.360138
v -38.806087 0.006167 257.984558
v -38.464195 0.006168 258.154266
v -38.806087 3.035525 257.984558
v -38.464195 3.035525 258.154266
v -38.783615 3.035525 257.920105
v -38.441956 3.035525 258.089783
v -38.783619 0.006167 257.920105
v -38.441959 0.006167 258.089783
v -38.635143 0.006167 258.069397
v -38.612785 0.006167 258.004974
v -38.612785 3.323921 258.004974
v -38.635143 3.323921 258.069397
v -39.212627 3.323920 257.782623
v -39.041714 3.035525 257.867493
v -39.189877 3.323920 257.718323
v -39.019081 3.035524 257.803131
v -39.189880 0.006166 257.718323
v -39.019081 0.006167 257.803131
v -39.212627 0.006166 257.782623
v -39.041714 0.006167 257.867493
v -39.360706 0.006166 257.633423
v -39.383568 0.006166 257.697662
v -39.360703 3.035524 257.633423
v -39.383564 3.035524 257.697662
v -36.463943 0.006170 259.147247
v -36.105556 0.006170 259.264862
v -36.463943 3.035528 259.147247
v -36.105556 3.035528 259.264862
v -36.443073 3.035528 259.082306
v -36.084911 3.035528 259.199799
v -36.443073 0.006170 259.082306
v -36.084911 0.006170 259.199799
v -36.293015 0.006170 259.232056
v -36.272266 0.006170 259.167084
v -36.272263 3.323924 259.167084
v -36.293015 3.323924 259.232056
v -33.933498 1.183990 259.542572
v -33.914120 1.183990 259.477142
v -33.933498 0.871336 259.542572
v -33.914120 0.871336 259.477142
v -39.578152 2.261709 257.527039
v -39.555141 2.261710 257.462860
v -39.578152 2.574367 257.527039
v -39.555141 2.574367 257.462860
v -35.191956 0.006171 259.409882
v -34.815231 0.006172 259.469604
v -35.191956 3.035529 259.409882
v -34.815228 3.035529 259.469604
v -35.171848 3.035529 259.344727
v -34.795345 3.035529 259.404388
v -35.171848 0.006171 259.344727
v -34.795349 0.006172 259.404388
v -35.003593 0.006171 259.439758
v -34.983601 0.006171 259.374512
v -34.983597 3.323925 259.374512
v -35.003593 3.323925 259.439758
v -39.642445 -0.005567 257.701263
v -39.515213 -0.005568 257.346283
v -39.642441 3.097636 257.701263
v -39.515209 3.097636 257.346283
v -39.984940 3.097636 257.531158
v -39.856434 3.097636 257.176636
v -39.984943 -0.005568 257.531158
v -39.856434 -0.005568 257.176636
v -39.578831 -0.005567 257.523773
v -39.920689 -0.005567 257.353912
v -39.920689 3.097636 257.353912
v -39.578827 3.097636 257.523773
v -39.813663 3.097636 257.616211
v -39.749725 3.322072 257.438873
v -39.685795 3.097636 257.261505
v -39.685795 -0.005567 257.261505
v -39.749729 -0.005567 257.438873
v -39.813667 -0.005567 257.616211
v -26.855360 -0.005552 260.849426
v -26.771715 -0.005553 260.481750
v -26.855360 3.097650 260.849426
v -26.771713 3.097650 260.481750
v -27.232780 3.097650 260.789825
v -27.147879 3.097650 260.422424
v -27.232782 -0.005553 260.789825
v -27.147881 -0.005553 260.422424
v -26.813536 -0.005552 260.665558
v -27.190331 -0.005553 260.606140
v -27.190329 3.097650 260.606140
v -26.813536 3.097650 260.665558
v -27.044086 3.097650 260.819611
v -27.001949 3.322086 260.635864
v -26.959812 3.097651 260.452057
v -26.959814 -0.005553 260.452057
v -27.001951 -0.005553 260.635864
v -27.044088 -0.005553 260.819611
v -27.802382 0.006180 260.579590
v -27.425610 0.006180 260.639099
v -27.802378 3.035537 260.579590
v -27.425608 3.035538 260.639099
v -27.786669 3.035537 260.513214
v -27.410120 3.035538 260.572632
v -27.786669 0.006180 260.513214
v -27.410122 0.006180 260.572632
v -27.614012 0.006179 260.609314
v -27.598406 0.006179 260.542969
v -27.598406 3.323934 260.542969
v -27.614008 3.323934 260.609314
v -30.383501 0.006177 260.171692
v -30.006716 0.006177 260.231262
v -30.383497 3.035534 260.171692
v -30.006716 3.035535 260.231262
v -30.366243 3.035534 260.105713
v -29.989683 3.035535 260.165222
v -30.366247 0.006177 260.105713
v -29.989687 0.006177 260.165222
v -30.195108 0.006177 260.201477
v -30.177965 0.006176 260.135498
v -30.177965 3.323931 260.135498
v -30.195108 3.323931 260.201477
v -29.092978 0.006178 260.375732
v -28.716185 0.006178 260.435242
v -29.092978 3.035536 260.375732
v -28.716185 3.035536 260.435242
v -29.076487 3.035536 260.309540
v -28.699923 3.035536 260.369019
v -29.076490 0.006178 260.309540
v -28.699923 0.006179 260.369019
v -28.904581 0.006178 260.405487
v -28.888208 0.006178 260.339294
v -28.888205 3.323932 260.339294
v -28.904581 3.323932 260.405487
v -27.191790 2.900481 260.608582
v -27.176434 2.900481 260.542114
v -27.191790 2.575356 260.608582
v -27.176434 2.575356 260.542114
v -33.176857 2.575349 259.662445
v -33.157928 2.575349 259.596924
v -33.176857 2.900474 259.662445
v -33.157928 2.900474 259.596924
v -27.191788 0.867435 260.608582
v -27.176432 0.867435 260.542114
v -27.191786 0.542310 260.608582
v -27.176430 0.542310 260.542114
v -33.176853 0.542304 259.662445
v -33.157925 0.542304 259.596924
v -33.176853 0.867428 259.662445
v -33.157925 0.867428 259.596924
v -31.028723 0.006176 260.069611
v -30.651983 0.006176 260.129211
v -31.028723 3.035534 260.069611
v -30.651979 3.035534 260.129211
v -31.011080 3.035533 260.003723
v -30.634562 3.035534 260.063263
v -31.011084 0.006176 260.003723
v -30.634565 0.006176 260.063263
v -30.840372 0.006176 260.099457
v -30.822840 0.006176 260.033539
v -30.822840 3.323930 260.033539
v -30.840368 3.323930 260.099457
v -31.673941 0.006175 259.967499
v -31.297205 0.006176 260.027100
v -31.673941 3.035533 259.967499
v -31.297205 3.035533 260.027100
v -31.655916 3.035533 259.901703
v -31.279402 3.035533 259.961304
v -31.655916 0.006175 259.901703
v -31.279406 0.006176 259.961304
v -31.485590 0.006176 259.997345
v -31.467676 0.006176 259.931549
v -31.467672 3.323929 259.931549
v -31.485590 3.323929 259.997345
v -32.319176 0.006174 259.865295
v -31.942415 0.006175 259.925018
v -32.319172 3.035532 259.865295
v -31.942415 3.035533 259.925018
v -32.300770 3.035532 259.799683
v -31.924234 3.035533 259.859222
v -32.300770 0.006174 259.799683
v -31.924234 0.006175 259.859222
v -32.130798 0.006174 259.895142
v -32.112507 0.006174 259.829468
v -32.112503 3.323929 259.829468
v -32.130795 3.323929 259.895142
v -32.767174 3.323928 259.794342
v -32.578827 3.035532 259.824188
v -32.748505 3.323928 259.728760
v -32.560268 3.035532 259.758575
v -32.748505 0.006174 259.728760
v -32.560268 0.006174 259.758575
v -32.767174 0.006174 259.794342
v -32.578827 0.006174 259.824188
v -32.936764 0.006174 259.698944
v -32.955547 0.006174 259.764496
v -32.936764 3.035532 259.698944
v -32.955544 3.035532 259.764496
v -29.738230 0.006177 260.273743
v -29.361475 0.006178 260.333344
v -29.738230 3.035535 260.273743
v -29.361471 3.035536 260.333344
v -29.721357 3.035535 260.207642
v -29.344824 3.035536 260.267151
v -29.721357 0.006177 260.207642
v -29.344828 0.006178 260.267151
v -29.549868 0.006178 260.303497
v -29.533110 0.006178 260.237396
v -29.533106 3.323931 260.237396
v -29.549868 3.323931 260.303497
v -27.192915 1.183998 260.608398
v -27.177559 1.183998 260.541962
v -27.192915 0.871344 260.608398
v -27.177559 0.871344 260.541962
v -33.176273 2.261717 259.662537
v -33.157345 2.261717 259.597015
v -33.176273 2.574374 259.662537
v -33.157345 2.574374 259.597015
v -28.447687 0.006179 260.477661
v -28.070887 0.006179 260.537201
v -28.447683 3.035536 260.477661
v -28.070883 3.035537 260.537201
v -28.431581 3.035536 260.411407
v -28.055006 3.035537 260.470886
v -28.431585 0.006179 260.411407
v -28.055010 0.006179 260.470886
v -28.259287 0.006179 260.507446
v -28.243296 0.006179 260.441132
v -28.243296 3.323932 260.441132
v -28.259287 3.323932 260.507446
v -33.229599 -0.005559 259.840759
v -33.124947 -0.005559 259.478516
v -33.229595 3.097643 259.840759
v -33.124943 3.097643 259.478516
v -33.606972 3.097643 259.780945
v -33.501095 3.097643 259.419037
v -33.606972 -0.005560 259.780945
v -33.501095 -0.005560 259.419037
v -33.177273 -0.005559 259.659637
v -33.554031 -0.005560 259.599976
v -33.554031 3.097643 259.599976
v -33.177269 3.097643 259.659637
v -33.418255 3.097643 259.810883
v -33.365620 3.322079 259.629852
v -33.312988 3.097643 259.448822
v -33.312992 -0.005560 259.448822
v -33.365623 -0.005560 259.629852
v -33.418259 -0.005560 259.810883
v -20.102528 -0.005546 261.912506
v -20.041420 -0.005545 261.540436
v -20.102528 3.097658 261.912506
v -20.041422 3.097658 261.540436
v -20.480011 3.097657 261.853180
v -20.417637 3.097657 261.481323
v -20.480009 -0.005545 261.853180
v -20.417635 -0.005545 261.481354
v -20.071976 -0.005545 261.726501
v -20.448822 -0.005545 261.667236
v -20.448824 3.097657 261.667236
v -20.071974 3.097658 261.726501
v -20.291288 3.097658 261.882874
v -20.260416 3.322094 261.696869
v -20.229546 3.097658 261.510925
v -20.229546 -0.005545 261.510925
v -20.260414 -0.005545 261.696869
v -20.291286 -0.005545 261.882874
v -21.056816 0.006186 261.641998
v -20.679983 0.006187 261.701172
v -21.056818 3.035545 261.641998
v -20.679985 3.035545 261.701172
v -21.045174 3.035545 261.574799
v -20.668568 3.035545 261.633972
v -21.045172 0.006186 261.574799
v -20.668566 0.006187 261.633972
v -20.868418 0.006187 261.671570
v -20.856888 0.006187 261.604401
v -20.856888 3.323941 261.604401
v -20.868418 3.323941 261.671570
v -23.638342 0.006184 261.235992
v -23.261503 0.006185 261.295349
v -23.638344 3.035542 261.235992
v -23.261505 3.035542 261.295349
v -23.625137 3.035542 261.169098
v -23.248524 3.035542 261.228394
v -23.625135 0.006184 261.169098
v -23.248524 0.006185 261.228394
v -23.449923 0.006184 261.265656
v -23.436831 0.006184 261.198730
v -23.436832 3.323938 261.198730
v -23.449924 3.323938 261.265656
v -22.347610 0.006186 261.439117
v -21.970760 0.006186 261.498322
v -22.347610 3.035543 261.439117
v -21.970760 3.035544 261.498322
v -22.335186 3.035543 261.372070
v -21.958561 3.035544 261.431244
v -22.335184 0.006186 261.372070
v -21.958561 0.006186 261.431244
v -22.159185 0.006185 261.468750
v -22.146873 0.006185 261.401642
v -22.146875 3.323940 261.401642
v -22.159185 3.323940 261.468750
v -20.450121 2.900488 261.669800
v -20.438837 2.900488 261.602539
v -20.450121 2.575363 261.669800
v -20.438837 2.575363 261.602539
v -26.436132 2.575356 260.727753
v -26.421232 2.575356 260.661194
v -26.436132 2.900481 260.727753
v -26.421232 2.900481 260.661194
v -20.450121 0.867442 261.669800
v -20.438839 0.867442 261.602539
v -20.450119 0.542317 261.669800
v -20.438837 0.542317 261.602539
v -26.436132 0.542311 260.727753
v -26.421232 0.542311 260.661194
v -26.436134 0.867436 260.727753
v -26.421234 0.867436 260.661194
v -24.283684 0.006184 261.134399
v -23.906874 0.006183 261.193756
v -24.283684 3.035541 261.134399
v -23.906876 3.035542 261.193756
v -24.270086 3.035541 261.067596
v -23.893505 3.035542 261.126862
v -24.270084 0.006183 261.067596
v -23.893505 0.006184 261.126862
v -24.095293 0.006184 261.164093
v -24.081810 0.006184 261.097198
v -24.081810 3.323937 261.097198
v -24.095295 3.323938 261.164093
v -24.929010 0.006182 261.032776
v -24.552210 0.006183 261.092102
v -24.929012 3.035540 261.032776
v -24.552210 3.035541 261.092102
v -24.915028 3.035540 260.966034
v -24.538452 3.035541 261.025299
v -24.915026 0.006182 260.966034
v -24.538450 0.006183 261.025299
v -24.740625 0.006183 261.062439
v -24.726753 0.006182 260.995697
v -24.726753 3.323936 260.995697
v -24.740627 3.323937 261.062439
v -25.574360 0.006181 260.931122
v -25.197531 0.006182 260.990417
v -25.574360 3.035540 260.931122
v -25.197531 3.035540 260.990417
v -25.559986 3.035540 260.864410
v -25.183386 3.035540 260.923737
v -25.559986 0.006181 260.864410
v -25.183384 0.006183 260.923737
v -25.385946 0.006182 260.960785
v -25.371687 0.006182 260.894073
v -25.371687 3.323936 260.894073
v -25.385946 3.323936 260.960785
v -26.022438 3.323935 260.860443
v -25.834059 3.035539 260.890106
v -26.007795 3.323935 260.793793
v -25.819529 3.035539 260.823486
v -26.007795 0.006181 260.793793
v -25.819527 0.006181 260.823486
v -26.022438 0.006181 260.860443
v -25.834059 0.006182 260.890106
v -26.196091 0.006181 260.764130
v -26.210852 0.006181 260.830719
v -26.196093 3.035539 260.764130
v -26.210852 3.035539 260.830719
v -22.992966 0.006185 261.337616
v -22.616150 0.006185 261.396881
v -22.992966 3.035542 261.337616
v -22.616150 3.035543 261.396881
v -22.980152 3.035542 261.270599
v -22.603561 3.035543 261.329865
v -22.980150 0.006184 261.270599
v -22.603561 0.006185 261.329865
v -22.804575 0.006185 261.367188
v -22.791872 0.006185 261.300201
v -22.791872 3.323939 261.300201
v -22.804575 3.323939 261.367188
v -20.451248 1.184005 261.669617
v -20.439962 1.184005 261.602356
v -20.451248 0.871351 261.669617
v -20.439966 0.871351 261.602356
v -26.435553 2.261724 260.727844
v -26.420650 2.261724 260.661285
v -26.435555 2.574382 260.727844
v -26.420652 2.574382 260.661285
v -21.702217 0.006186 261.540558
v -21.325359 0.006186 261.599792
v -21.702217 3.035544 261.540558
v -21.325361 3.035544 261.599792
v -21.690184 3.035544 261.473450
v -21.313553 3.035544 261.532623
v -21.690184 0.006186 261.473450
v -21.313553 0.006186 261.532623
v -21.513788 0.006186 261.570221
v -21.501869 0.006186 261.503021
v -21.501869 3.323940 261.503021
v -21.513792 3.323940 261.570221
v -26.477905 -0.005552 260.908966
v -26.395510 -0.005553 260.540985
v -26.477905 3.097651 260.908966
v -26.395512 3.097651 260.540985
v -26.855360 3.097650 260.849426
v -26.771713 3.097650 260.481750
v -26.855360 -0.005552 260.849426
v -26.771715 -0.005553 260.481750
v -26.436708 -0.005553 260.724976
v -26.813536 -0.005552 260.665558
v -26.813536 3.097650 260.665558
v -26.436710 3.097651 260.724976
v -26.666599 3.097651 260.879181
v -26.625090 3.322086 260.695312
v -26.583578 3.097651 260.511353
v -26.583578 -0.005552 260.511353
v -26.625092 -0.005553 260.695312
v -26.666601 -0.005552 260.879181
v -13.348803 -0.005538 262.970154
v -13.310465 -0.005538 262.595062
v -13.348804 3.097665 262.970154
v -13.310465 3.097665 262.595062
v -13.726355 3.097665 262.911194
v -13.686741 3.097665 262.536194
v -13.726355 -0.005538 262.911194
v -13.686739 -0.005538 262.536194
v -13.329634 -0.005538 262.782593
v -13.706547 -0.005538 262.723663
v -13.706549 3.097665 262.723663
v -13.329636 3.097665 262.782593
v -13.537550 3.097665 262.940643
v -13.518061 3.322101 262.753143
v -13.498573 3.097665 262.565582
v -13.498571 -0.005538 262.565582
v -13.518059 -0.005538 262.753143
v -13.537548 -0.005538 262.940643
v -14.310415 0.006194 262.699432
v -13.933514 0.006195 262.758331
v -14.310415 3.035552 262.699432
v -13.933516 3.035553 262.758331
v -14.302885 3.035552 262.631622
v -13.926216 3.035553 262.690521
v -14.302883 0.006194 262.631622
v -13.926216 0.006195 262.690521
v -14.121962 0.006195 262.728882
v -14.114550 0.006195 262.661102
v -14.114548 3.323948 262.661102
v -14.121964 3.323948 262.728882
v -16.892206 0.006191 262.295349
v -16.515320 0.006192 262.354401
v -16.892208 3.035549 262.295349
v -16.515320 3.035549 262.354401
v -16.883101 3.035549 262.227753
v -16.506443 3.035549 262.286774
v -16.883101 0.006191 262.227753
v -16.506441 0.006192 262.286774
v -16.703764 0.006191 262.324860
v -16.694773 0.006191 262.257294
v -16.694773 3.323946 262.257294
v -16.703766 3.323946 262.324860
v -15.601294 0.006192 262.497467
v -15.224459 0.006193 262.556458
v -15.601294 3.035551 262.497467
v -15.224459 3.035551 262.556458
v -15.592972 3.035551 262.429779
v -15.216372 3.035551 262.488739
v -15.592972 0.006192 262.429779
v -15.216370 0.006193 262.488739
v -15.412907 0.006193 262.526978
v -15.404701 0.006193 262.459259
v -15.404701 3.323947 262.459259
v -15.412907 3.323947 262.526978
v -13.707653 2.900496 262.726196
v -13.700487 2.900496 262.658417
v -13.707653 2.575371 262.726196
v -13.700487 2.575371 262.658417
v -19.694363 2.575364 261.788452
v -19.683542 2.575364 261.721130
v -19.694363 2.900489 261.788452
v -19.683542 2.900489 261.721130
v -13.707651 0.867450 262.726196
v -13.700485 0.867450 262.658417
v -13.707651 0.542325 262.726196
v -13.700485 0.542325 262.658417
v -19.694361 0.542318 261.788452
v -19.683540 0.542318 261.721130
v -19.694363 0.867443 261.788452
v -19.683542 0.867443 261.721130
v -17.537657 0.006190 262.194214
v -17.160772 0.006191 262.253296
v -17.537657 3.035549 262.194214
v -17.160772 3.035549 262.253296
v -17.528156 3.035549 262.126740
v -17.151503 3.035549 262.185699
v -17.528154 0.006191 262.126740
v -17.151503 0.006191 262.185699
v -17.349215 0.006191 262.223755
v -17.339827 0.006191 262.156219
v -17.339828 3.323945 262.156219
v -17.349215 3.323945 262.223755
v -18.183067 0.006190 262.093048
v -17.806219 0.006191 262.152130
v -18.183069 3.035548 262.093048
v -17.806219 3.035548 262.152130
v -18.173172 3.035548 262.025574
v -17.796553 3.035548 262.084625
v -18.173172 0.006190 262.025574
v -17.796553 0.006190 262.084625
v -17.994629 0.006190 262.122589
v -17.984850 0.006190 262.055115
v -17.984852 3.323944 262.055115
v -17.994631 3.323944 262.122589
v -18.828474 0.006189 261.991852
v -18.451599 0.006190 262.050934
v -18.828476 3.035547 261.991852
v -18.451599 3.035547 262.050934
v -18.818188 3.035547 261.924438
v -18.441538 3.035547 261.983521
v -18.818186 0.006189 261.924438
v -18.441538 0.006190 261.983521
v -18.640036 0.006190 262.021393
v -18.629862 0.006189 261.953979
v -18.629862 3.323943 261.953979
v -18.640036 3.323943 262.021393
v -19.276613 3.323942 261.921539
v -19.088211 3.035547 261.951080
v -19.266054 3.323942 261.854156
v -19.077763 3.035547 261.883728
v -19.266052 0.006189 261.854156
v -19.077763 0.006189 261.883728
v -19.276613 0.006189 261.921539
v -19.088211 0.006189 261.951080
v -19.454374 0.006189 261.824585
v -19.465054 0.006189 261.891937
v -19.454376 3.035547 261.824585
v -19.465055 3.035546 261.891937
v -16.246752 0.006192 262.396454
v -15.869925 0.006193 262.455444
v -16.246756 3.035550 262.396454
v -15.869926 3.035550 262.455444
v -16.238041 3.035550 262.328796
v -15.861441 3.035550 262.387756
v -16.238041 0.006192 262.328796
v -15.861439 0.006192 262.387756
v -16.058308 0.006192 262.425934
v -16.049707 0.006193 262.358276
v -16.049707 3.323946 262.358246
v -16.058308 3.323946 262.425934
v -13.708782 1.184013 262.726013
v -13.701614 1.184013 262.658234
v -13.708782 0.871359 262.726013
v -13.701614 0.871359 262.658234
v -19.693779 2.261732 261.788544
v -19.682959 2.261732 261.721222
v -19.693781 2.574389 261.788544
v -19.682961 2.574389 261.721222
v -14.955889 0.006193 262.598450
v -14.578987 0.006194 262.657440
v -14.955891 3.035551 262.598450
v -14.578989 3.035552 262.657440
v -14.947964 3.035551 262.530731
v -14.571295 3.035552 262.589661
v -14.947962 0.006193 262.530731
v -14.571295 0.006194 262.589661
v -14.767437 0.006194 262.627960
v -14.759626 0.006194 262.560211
v -14.759626 3.323948 262.560211
v -14.767437 3.323948 262.627960
v -19.725014 -0.005545 261.971771
v -19.665173 -0.005545 261.599487
v -19.725016 3.097658 261.971771
v -19.665174 3.097658 261.599487
v -20.102528 3.097658 261.912506
v -20.041422 3.097658 261.540436
v -20.102528 -0.005546 261.912506
v -20.041420 -0.005545 261.540436
v -19.695095 -0.005545 261.785614
v -20.071976 -0.005545 261.726501
v -20.071974 3.097658 261.726501
v -19.695095 3.097658 261.785614
v -19.913746 3.097658 261.942169
v -19.883509 3.322094 261.756073
v -19.853271 3.097658 261.569977
v -19.853270 -0.005544 261.569977
v -19.883507 -0.005545 261.756073
v -19.913744 -0.005545 261.942169
v -6.594484 -0.005530 264.022308
v -6.579058 -0.005530 263.645538
v -6.594485 3.097672 264.022308
v -6.579059 3.097673 263.645538
v -6.972089 3.097673 263.963623
v -6.955381 3.097672 263.586945
v -6.972088 -0.005531 263.963623
v -6.955380 -0.005531 263.586945
v -6.586771 -0.005530 263.833923
v -6.963734 -0.005531 263.775269
v -6.963735 3.097672 263.775269
v -6.586771 3.097672 263.833923
v -6.783273 3.097673 263.992981
v -6.775239 3.322108 263.804626
v -6.767206 3.097673 263.616272
v -6.767205 -0.005531 263.616272
v -6.775239 -0.005531 263.804626
v -6.783273 -0.005531 263.992981
v -7.563424 0.006202 263.751770
v -7.186499 0.006202 263.810455
v -7.563424 3.035560 263.751770
v -7.186499 3.035560 263.810455
v -7.560034 3.035560 263.683655
v -7.183342 3.035560 263.742310
v -7.560033 0.006202 263.683655
v -7.183342 0.006202 263.742310
v -7.374959 0.006202 263.781097
v -7.371687 0.006202 263.713013
v -7.371686 3.323956 263.713013
v -7.374960 3.323956 263.781097
v -10.145363 0.006199 263.349640
v -9.768476 0.006199 263.408417
v -10.145365 3.035557 263.349640
v -9.768476 3.035557 263.408417
v -10.140388 3.035557 263.281647
v -9.763733 3.035558 263.340393
v -10.140388 0.006199 263.281647
v -9.763731 0.006199 263.340393
v -9.956936 0.006199 263.379059
v -9.952074 0.006199 263.311035
v -9.952076 3.323953 263.311035
v -9.956936 3.323953 263.379059
v -8.854385 0.006200 263.550842
v -8.477463 0.006200 263.609528
v -8.854385 3.035558 263.550842
v -8.477465 3.035559 263.609528
v -8.850201 3.035558 263.482758
v -8.473513 3.035559 263.541443
v -8.850201 0.006200 263.482758
v -8.473511 0.006200 263.541443
v -8.665924 0.006200 263.580200
v -8.661858 0.006200 263.512115
v -8.661858 3.323955 263.512115
v -8.665924 3.323954 263.580200
v -6.964677 2.900503 263.777832
v -6.961655 2.900503 263.709686
v -6.964676 2.575378 263.777832
v -6.961654 2.575378 263.709686
v -12.951822 2.575372 262.844360
v -12.945120 2.575372 262.776489
v -12.951822 2.900496 262.844360
v -12.945120 2.900496 262.776489
v -6.964676 0.867457 263.777832
v -6.961654 0.867457 263.709686
v -6.964676 0.542332 263.777832
v -6.961654 0.542332 263.709686
v -12.951820 0.542326 262.844360
v -12.945118 0.542326 262.776489
v -12.951820 0.867451 262.844360
v -12.945118 0.867451 262.776489
v -10.790863 0.006198 263.249023
v -10.413948 0.006198 263.307800
v -10.790863 3.035556 263.249023
v -10.413950 3.035557 263.307800
v -10.785492 3.035556 263.181061
v -10.408808 3.035557 263.239777
v -10.785492 0.006198 263.181061
v -10.408806 0.006198 263.239777
v -10.602407 0.006198 263.278412
v -10.597151 0.006198 263.210388
v -10.597149 3.323952 263.210388
v -10.602406 3.323952 263.278412
v -11.436361 0.006197 263.148346
v -11.059446 0.006197 263.207092
v -11.436361 3.035555 263.148346
v -11.059448 3.035556 263.207092
v -11.430593 3.035555 263.080383
v -11.053911 3.035556 263.139160
v -11.430592 0.006197 263.080383
v -11.053909 0.006197 263.139160
v -11.247906 0.006198 263.177734
v -11.242252 0.006198 263.109772
v -11.242254 3.323951 263.109772
v -11.247906 3.323951 263.177734
v -12.081795 0.006196 263.047577
v -11.704943 0.006197 263.106445
v -12.081797 3.035555 263.047577
v -11.704945 3.035555 263.106445
v -12.075630 3.035555 262.979645
v -11.699011 3.035555 263.038483
v -12.075628 0.006196 262.979645
v -11.699011 0.006197 263.038483
v -11.893398 0.006197 263.076996
v -11.887350 0.006196 263.009094
v -11.887350 3.323951 263.009094
v -11.893398 3.323951 263.076996
v -12.530005 3.323950 262.977631
v -12.341551 3.035555 263.007050
v -12.523567 3.323950 262.909729
v -12.335226 3.035555 262.939148
v -12.523567 0.006196 262.909729
v -12.335226 0.006196 262.939148
v -12.530006 0.006196 262.977631
v -12.341551 0.006196 263.007050
v -12.711906 0.006196 262.880310
v -12.718462 0.006196 262.948181
v -12.711906 3.035554 262.880310
v -12.718462 3.035554 262.948181
v -9.499891 0.006199 263.450256
v -9.122972 0.006200 263.509003
v -9.499893 3.035558 263.450256
v -9.122972 3.035558 263.509003
v -9.495312 3.035558 263.382233
v -9.118624 3.035558 263.440948
v -9.495310 0.006199 263.382233
v -9.118622 0.006200 263.440948
v -9.311430 0.006199 263.479614
v -9.306967 0.006199 263.411560
v -9.306965 3.323954 263.411560
v -9.311430 3.323954 263.479614
v -6.965806 1.184020 263.777679
v -6.962783 1.184020 263.709534
v -6.965806 0.871366 263.777679
v -6.962782 0.871366 263.709534
v -12.951210 2.261739 262.844421
v -12.944508 2.261739 262.776550
v -12.951212 2.574397 262.844421
v -12.944510 2.574396 262.776550
v -8.208874 0.006201 263.651337
v -7.832013 0.006201 263.709991
v -8.208874 3.035559 263.651337
v -7.832014 3.035560 263.709991
v -8.205088 3.035559 263.583252
v -7.828459 3.035560 263.641876
v -8.205090 0.006201 263.583252
v -7.828458 0.006201 263.641876
v -8.020473 0.006201 263.680664
v -8.016804 0.006201 263.612549
v -8.016802 3.323955 263.612549
v -8.020473 3.323955 263.680664
v -12.971216 -0.005538 263.029114
v -12.934158 -0.005537 262.653870
v -12.971218 3.097666 263.029114
v -12.934158 3.097666 262.653870
v -13.348774 3.097665 262.970154
v -13.310436 3.097665 262.595062
v -13.348772 -0.005538 262.970154
v -13.310434 -0.005538 262.595062
v -12.952688 -0.005537 262.841522
v -13.329603 -0.005538 262.782593
v -13.329603 3.097665 262.782593
v -12.952688 3.097666 262.841522
v -13.160027 3.097666 262.999634
v -13.141176 3.322102 262.812012
v -13.122326 3.097666 262.624451
v -13.122326 -0.005538 262.624451
v -13.141176 -0.005538 262.812012
v -13.160027 -0.005538 262.999634
v 0.118783 -0.005523 265.069244
v 0.121703 -0.005523 264.692169
v 0.118784 3.097680 265.069244
v 0.121703 3.097681 264.692169
v -0.253765 3.097680 265.010773
v -0.250845 3.097680 264.633698
v -0.253766 -0.005524 265.010773
v -0.250845 -0.005524 264.633698
v 0.120243 -0.005523 264.880707
v -0.252306 -0.005523 264.822235
v -0.252306 3.097680 264.822235
v 0.120244 3.097681 264.880707
v -0.067473 3.097680 265.040009
v -0.066013 3.322116 264.851471
v -0.064554 3.097680 264.662933
v -0.064554 -0.005523 264.662933
v -0.066013 -0.005523 264.851471
v -0.067473 -0.005523 265.040009
v -0.842067 0.006209 264.799164
v -0.469820 0.006209 264.857574
v -0.842067 3.035567 264.799164
v -0.469821 3.035568 264.857574
v -0.841539 3.035567 264.730957
v -0.469292 3.035568 264.789368
v -0.841538 0.006209 264.730957
v -0.469293 0.006209 264.789368
v -0.655960 0.006209 264.828400
v -0.655431 0.006209 264.760193
v -0.655431 3.323963 264.760193
v -0.655959 3.323963 264.828400
v -3.398181 0.006206 264.398926
v -3.021282 0.006207 264.457367
v -3.398181 3.035564 264.398926
v -3.021282 3.035565 264.457367
v -3.397356 3.035564 264.330719
v -3.020689 3.035565 264.389191
v -3.397356 0.006206 264.330719
v -3.020689 0.006207 264.389191
v -3.209748 0.006207 264.428192
v -3.209038 0.006206 264.359985
v -3.209038 3.323961 264.359985
v -3.209747 3.323961 264.428192
v -2.117142 0.006207 264.599060
v -1.744869 0.006208 264.657501
v -2.117142 3.035566 264.599060
v -1.744869 3.035566 264.657501
v -2.116614 3.035566 264.530853
v -1.744340 3.035566 264.589294
v -2.116614 0.006207 264.530853
v -1.744341 0.006208 264.589294
v -1.930976 0.006208 264.628296
v -1.930449 0.006208 264.560089
v -1.930448 3.323962 264.560089
v -1.930975 3.323962 264.628296
v -0.253139 2.900511 264.824768
v -0.252611 2.900511 264.756561
v -0.253139 2.575386 264.824768
v -0.252611 2.575386 264.756561
v -6.208807 2.575379 263.895416
v -6.206251 2.575379 263.827271
v -6.208808 2.900504 263.895416
v -6.206252 2.900504 263.827271
v -0.253140 0.867465 264.824768
v -0.252612 0.867465 264.756561
v -0.253139 0.542340 264.824768
v -0.252612 0.542340 264.756561
v -6.208808 0.542333 263.895416
v -6.206251 0.542333 263.827271
v -6.208808 0.867458 263.895416
v -6.206251 0.867458 263.827271
v -4.043704 0.006205 264.298767
v -3.666775 0.006206 264.357208
v -4.043705 3.035563 264.298767
v -3.666775 3.035564 264.357208
v -4.042481 3.035563 264.230591
v -3.665784 3.035564 264.289032
v -4.042481 0.006205 264.230591
v -3.665784 0.006206 264.289032
v -3.855238 0.006206 264.328003
v -3.854131 0.006206 264.259827
v -3.854132 3.323960 264.259827
v -3.855238 3.323960 264.328003
v -4.689224 0.006205 264.198547
v -4.312297 0.006205 264.257080
v -4.689224 3.035563 264.198547
v -4.312297 3.035563 264.257050
v -4.687603 3.035563 264.130371
v -4.310910 3.035563 264.188904
v -4.687603 0.006205 264.130371
v -4.310909 0.006205 264.188904
v -4.500761 0.006205 264.227814
v -4.499256 0.006205 264.159607
v -4.499256 3.323959 264.159607
v -4.500761 3.323959 264.227814
v -5.334684 0.006204 264.098297
v -4.957817 0.006204 264.156830
v -5.334685 3.035562 264.098297
v -4.957817 3.035563 264.156830
v -5.332668 3.035562 264.030121
v -4.956032 3.035563 264.088654
v -5.332667 0.006204 264.030121
v -4.956031 0.006204 264.088654
v -5.146282 0.006204 264.127533
v -5.144379 0.006204 264.059357
v -5.144380 3.323958 264.059357
v -5.146282 3.323959 264.127533
v -5.782919 3.323958 264.028656
v -5.594454 3.035562 264.057922
v -5.780626 3.323957 263.960480
v -5.592278 3.035562 263.989746
v -5.780625 0.006203 263.960480
v -5.592277 0.006204 263.989746
v -5.782919 0.006203 264.028656
v -5.594454 0.006204 264.057922
v -5.968972 0.006203 263.931213
v -5.971381 0.006204 263.999359
v -5.968973 3.035561 263.931213
v -5.971383 3.035561 263.999359
v -2.754696 0.006207 264.499054
v -2.382422 0.006207 264.557434
v -2.754696 3.035565 264.499054
v -2.382422 3.035566 264.557434
v -2.754168 3.035565 264.430847
v -2.381894 3.035566 264.489227
v -2.754168 0.006207 264.430847
v -2.381894 0.006207 264.489227
v -2.568530 0.006207 264.528259
v -2.568002 0.006207 264.460052
v -2.568001 3.323961 264.460052
v -2.568530 3.323961 264.528259
v -0.254255 1.184028 264.824585
v -0.253727 1.184028 264.756378
v -0.254255 0.871373 264.824585
v -0.253728 0.871373 264.756378
v -6.208200 2.261747 263.895508
v -6.205644 2.261747 263.827362
v -6.208200 2.574404 263.895508
v -6.205643 2.574404 263.827362
v -1.479589 0.006208 264.699127
v -1.107374 0.006208 264.757538
v -1.479589 3.035566 264.699127
v -1.107374 3.035567 264.757538
v -1.479061 3.035566 264.630920
v -1.106846 3.035567 264.689331
v -1.479061 0.006208 264.630920
v -1.106846 0.006208 264.689331
v -1.293513 0.006208 264.728333
v -1.292985 0.006208 264.660126
v -1.292985 3.323963 264.660126
v -1.293513 3.323963 264.728333
v -6.216909 -0.005530 264.080963
v -6.202766 -0.005530 263.704163
v -6.216909 3.097673 264.080963
v -6.202766 3.097673 263.704163
v -6.594485 3.097672 264.022308
v -6.579059 3.097673 263.645538
v -6.594484 -0.005530 264.022308
v -6.579058 -0.005530 263.645538
v -6.209837 -0.005530 263.892578
v -6.586771 -0.005530 263.833923
v -6.586771 3.097672 263.833923
v -6.209837 3.097673 263.892578
v -6.405727 3.097673 264.051636
v -6.398334 3.322109 263.863220
v -6.390943 3.097673 263.674866
v -6.390942 -0.005530 263.674866
v -6.398334 -0.005530 263.863220
v -6.405726 -0.005530 264.051636
vn -0.9900 -0.0000 0.1410
vn 0.7571 0.6447 -0.1058
vn 0.9904 -0.0000 -0.1384
vn -0.0000 -1.0000 -0.0000
vn 0.2362 -0.0000 0.9717
vn -0.2360 -0.0000 -0.9718
vn -0.1811 0.6414 -0.7455
vn 0.1812 0.6414 0.7455
vn 0.1813 0.6414 0.7455
vn -0.7567 0.6448 0.1078
vn -0.2360 -0.0000 -0.9717
vn -0.8284 0.5485 0.1139
vn 0.2361 -0.0000 0.9717
vn -0.9906 -0.0000 0.1369
vn 0.9909 -0.0000 -0.1343
vn 0.8286 0.5484 -0.1128
vn -0.2359 -0.0000 -0.9718
vn -0.8308 0.5477 0.0992
vn 0.2359 -0.0000 0.9718
vn -0.9929 -0.0000 0.1192
vn 0.9932 -0.0000 -0.1166
vn 0.8310 0.5476 -0.0981
vn -0.8296 0.5481 0.1065
vn 0.2360 -0.0000 0.9718
vn -0.9918 -0.0000 0.1280
vn 0.9921 -0.0000 -0.1254
vn 0.8298 0.5480 -0.1055
vn 0.9938 -0.0000 -0.1111
vn -0.2363 -0.0000 -0.9717
vn -0.0000 1.0000 -0.0000
vn 0.2364 -0.0000 0.9717
vn -0.9904 -0.0000 0.1384
vn -0.2358 -0.0000 -0.9718
vn -0.8314 0.5475 0.0955
vn -0.9934 -0.0000 0.1147
vn 0.9937 -0.0000 -0.1121
vn 0.8315 0.5474 -0.0944
vn -0.2370 -0.0000 -0.9715
vn -0.8340 0.5438 0.0932
vn 0.2370 -0.0000 0.9715
vn -0.9938 -0.0000 0.1111
vn 0.8340 0.5438 -0.0932
vn -0.8302 0.5479 0.1029
vn -0.9923 -0.0000 0.1236
vn 0.9927 -0.0000 -0.1210
vn 0.8304 0.5478 -0.1018
vn 0.2246 -0.9740 -0.0282
vn -0.2246 0.9740 0.0282
vn -0.8290 0.5483 0.1102
vn 0.2360 -0.0000 0.9717
vn -0.9912 -0.0000 0.1325
vn 0.9915 -0.0000 -0.1299
vn 0.8292 0.5482 -0.1092
vn 0.7635 0.6401 -0.0853
vn -0.1821 0.6401 -0.7464
vn 0.1821 0.6401 0.7464
vn -0.7635 0.6401 0.0853
vn -0.9824 -0.0000 0.1870
vn 0.7502 0.6460 -0.1408
vn 0.9828 -0.0000 -0.1845
vn 0.2366 -0.0000 0.9716
vn -0.2365 -0.0000 -0.9716
vn -0.1812 0.6427 -0.7444
vn 0.1812 0.6427 0.7444
vn 0.1813 0.6427 0.7444
vn -0.7498 0.6461 0.1427
vn -0.7498 0.6461 0.1428
vn -0.1811 0.6427 -0.7444
vn -0.8213 0.5499 0.1523
vn 0.2365 -0.0000 0.9716
vn -0.9831 -0.0000 0.1830
vn 0.9836 -0.0000 -0.1804
vn 0.8215 0.5498 -0.1512
vn -0.2364 -0.0000 -0.9716
vn -0.8241 0.5494 0.1376
vn 0.2363 -0.0000 0.9717
vn -0.9862 -0.0000 0.1654
vn 0.9867 -0.0000 -0.1628
vn 0.8243 0.5494 -0.1366
vn -0.2364 -0.0000 -0.9717
vn -0.8227 0.5496 0.1450
vn -0.9847 -0.0000 0.1742
vn 0.9852 -0.0000 -0.1716
vn 0.8229 0.5496 -0.1439
vn 0.9896 -0.0000 -0.1436
vn -0.9828 -0.0000 0.1845
vn -0.9828 -0.0000 0.1844
vn -0.8248 0.5493 0.1340
vn -0.9870 -0.0000 0.1610
vn 0.9874 -0.0000 -0.1584
vn 0.8250 0.5492 -0.1329
vn -0.2362 -0.0000 -0.9717
vn -0.8255 0.5491 0.1303
vn -0.9877 -0.0000 0.1566
vn 0.9881 -0.0000 -0.1540
vn 0.8257 0.5491 -0.1292
vn -0.2361 -0.0000 -0.9717
vn -0.8268 0.5488 0.1230
vn -0.9890 -0.0000 0.1478
vn 0.9894 -0.0000 -0.1452
vn 0.8270 0.5488 -0.1219
vn -0.8262 0.5490 0.1266
vn -0.9884 -0.0000 0.1521
vn 0.9888 -0.0000 -0.1496
vn 0.8264 0.5490 -0.1256
vn -0.8234 0.5495 0.1413
vn -0.9855 -0.0000 0.1698
vn 0.9859 -0.0000 -0.1672
vn 0.8236 0.5495 -0.1402
vn 0.2219 -0.9744 -0.0369
vn -0.2219 0.9744 0.0369
vn -0.8220 0.5498 0.1486
vn 0.2364 -0.0000 0.9716
vn -0.9839 -0.0000 0.1786
vn 0.9844 -0.0000 -0.1760
vn 0.8222 0.5497 -0.1476
vn -0.9896 -0.0000 0.1436
vn 0.7567 0.6448 -0.1078
vn 0.9900 -0.0000 -0.1410
vn 0.7567 0.6448 -0.1077
vn -0.1811 0.6415 -0.7455
vn 0.1812 0.6415 0.7454
vn -0.7564 0.6449 0.1097
vn -0.9726 -0.0000 0.2327
vn 0.7424 0.6466 -0.1756
vn 0.9732 -0.0000 -0.2301
vn 0.2369 -0.0000 0.9715
vn -0.2369 -0.0000 -0.9715
vn -0.1814 0.6432 -0.7439
vn 0.1814 0.6432 0.7439
vn -0.7419 0.6466 0.1775
vn -0.8129 0.5504 0.1904
vn -0.9735 -0.0000 0.2287
vn 0.9741 -0.0000 -0.2261
vn 0.8131 0.5504 -0.1893
vn -0.2367 -0.0000 -0.9716
vn -0.8162 0.5503 0.1758
vn 0.2367 -0.0000 0.9716
vn -0.9774 -0.0000 0.2112
vn 0.9780 -0.0000 -0.2087
vn 0.8165 0.5503 -0.1748
vn -0.2368 -0.0000 -0.9716
vn -0.8146 0.5504 0.1831
vn 0.2368 -0.0000 0.9716
vn -0.9755 -0.0000 0.2200
vn 0.9761 -0.0000 -0.2174
vn 0.8148 0.5504 -0.1820
vn 0.9819 -0.0000 -0.1896
vn -0.9732 -0.0000 0.2301
vn -0.8170 0.5503 0.1722
vn -0.9784 -0.0000 0.2069
vn 0.9789 -0.0000 -0.2043
vn 0.8173 0.5502 -0.1711
vn -0.2366 -0.0000 -0.9716
vn -0.8178 0.5502 0.1685
vn -0.9793 -0.0000 0.2025
vn 0.9798 -0.0000 -0.1999
vn 0.8181 0.5502 -0.1675
vn -0.8194 0.5501 0.1613
vn -0.9810 -0.0000 0.1938
vn 0.9815 -0.0000 -0.1912
vn 0.8196 0.5500 -0.1602
vn -0.8186 0.5501 0.1649
vn -0.9802 -0.0000 0.1981
vn 0.9807 -0.0000 -0.1956
vn 0.8189 0.5501 -0.1638
vn -0.8154 0.5503 0.1795
vn -0.9765 -0.0000 0.2156
vn 0.9770 -0.0000 -0.2130
vn 0.8156 0.5504 -0.1784
vn 0.2194 -0.9745 -0.0471
vn -0.2194 0.9745 0.0471
vn -0.2368 -0.0000 -0.9715
vn -0.8137 0.5504 0.1867
vn 0.2368 -0.0000 0.9715
vn -0.9745 -0.0000 0.2243
vn 0.9751 -0.0000 -0.2218
vn 0.8140 0.5504 -0.1857
vn -0.9819 -0.0000 0.1896
vn 0.7498 0.6461 -0.1427
vn 0.7498 0.6461 -0.1428
vn 0.9824 -0.0000 -0.1870
vn -0.1812 0.6428 -0.7443
vn 0.1813 0.6428 0.7443
vn 0.1813 0.6427 0.7443
vn -0.7494 0.6461 0.1447
vn -0.7494 0.6462 0.1447
vn -0.9606 -0.0000 0.2778
vn 0.7336 0.6463 -0.2101
vn 0.9614 -0.0000 -0.2753
vn 0.2373 -0.0000 0.9714
vn -0.2374 -0.0000 -0.9714
vn -0.1818 0.6429 -0.7441
vn 0.1817 0.6429 0.7441
vn -0.7331 0.6463 0.2120
vn -0.2373 -0.0000 -0.9714
vn -0.8033 0.5502 0.2281
vn -0.9618 -0.0000 0.2739
vn 0.9625 -0.0000 -0.2714
vn 0.8035 0.5502 -0.2271
vn -0.2371 -0.0000 -0.9715
vn -0.8071 0.5504 0.2138
vn 0.2371 -0.0000 0.9715
vn -0.9665 -0.0000 0.2566
vn 0.9672 -0.0000 -0.2541
vn 0.8074 0.5504 -0.2127
vn -0.2372 -0.0000 -0.9715
vn -0.8052 0.5503 0.2209
vn 0.2372 -0.0000 0.9715
vn -0.9642 -0.0000 0.2653
vn 0.9649 -0.0000 -0.2627
vn 0.8055 0.5503 -0.2199
vn 0.9719 -0.0000 -0.2352
vn -0.9614 -0.0000 0.2753
vn -0.8080 0.5504 0.2101
vn -0.9676 -0.0000 0.2523
vn 0.9683 -0.0000 -0.2498
vn 0.8083 0.5504 -0.2091
vn -0.8089 0.5504 0.2065
vn -0.9688 -0.0000 0.2479
vn 0.9694 -0.0000 -0.2455
vn 0.8092 0.5504 -0.2054
vn -0.8107 0.5505 0.1993
vn -0.9709 -0.0000 0.2394
vn 0.9715 -0.0000 -0.2368
vn 0.8110 0.5504 -0.1983
vn -0.8098 0.5504 0.2029
vn -0.9699 -0.0000 0.2437
vn 0.9705 -0.0000 -0.2411
vn 0.8101 0.5504 -0.2018
vn -0.8062 0.5503 0.2173
vn -0.9654 -0.0000 0.2609
vn 0.9660 -0.0000 -0.2584
vn 0.8064 0.5504 -0.2163
vn 0.2169 -0.9745 -0.0573
vn -0.2169 0.9745 0.0573
vn -0.8043 0.5502 0.2246
vn -0.9630 -0.0000 0.2696
vn 0.9637 -0.0000 -0.2671
vn 0.2372 -0.0000 0.9714
vn 0.8045 0.5503 -0.2235
vn -0.9719 -0.0000 0.2352
vn 0.7419 0.6466 -0.1775
vn 0.9726 -0.0000 -0.2327
vn -0.7414 0.6466 0.1794
vn -0.9466 -0.0000 0.3224
vn 0.7239 0.6452 -0.2444
vn 0.9475 -0.0000 -0.3199
vn 0.2376 -0.0000 0.9714
vn -0.2378 -0.0000 -0.9713
vn -0.1824 0.6418 -0.7449
vn 0.1822 0.6418 0.7449
vn -0.7233 0.6451 0.2463
vn -0.2377 -0.0000 -0.9713
vn -0.7924 0.5491 0.2656
vn 0.2377 -0.0000 0.9713
vn -0.9479 -0.0000 0.3184
vn 0.9488 -0.0000 -0.3159
vn 0.7927 0.5491 -0.2646
vn -0.2376 -0.0000 -0.9714
vn -0.7967 0.5496 0.2513
vn 0.2375 -0.0000 0.9714
vn -0.9535 -0.0000 0.3015
vn 0.9543 -0.0000 -0.2990
vn 0.7970 0.5496 -0.2503
vn -0.7946 0.5494 0.2585
vn -0.9507 -0.0000 0.3100
vn 0.9516 -0.0000 -0.3075
vn 0.7949 0.5494 -0.2574
vn 0.9599 -0.0000 -0.2803
vn -0.2375 -0.0000 -0.9714
vn -0.9475 -0.0000 0.3199
vn -0.7978 0.5497 0.2477
vn -0.9548 -0.0000 0.2972
vn 0.9556 -0.0000 -0.2947
vn 0.7981 0.5498 -0.2467
vn -0.7988 0.5498 0.2442
vn -0.9561 -0.0000 0.2929
vn 0.9569 -0.0000 -0.2904
vn 0.7991 0.5498 -0.2431
vn -0.8008 0.5500 0.2370
vn 0.2374 -0.0000 0.9714
vn -0.9587 -0.0000 0.2844
vn 0.9594 -0.0000 -0.2819
vn 0.8011 0.5500 -0.2360
vn -0.7998 0.5499 0.2406
vn -0.9574 -0.0000 0.2886
vn 0.9582 -0.0000 -0.2862
vn 0.8001 0.5499 -0.2395
vn -0.7957 0.5495 0.2549
vn -0.9521 -0.0000 0.3057
vn 0.9529 -0.0000 -0.3032
vn 0.7960 0.5495 -0.2539
vn 0.2144 -0.9744 -0.0675
vn -0.2144 0.9744 0.0675
vn -0.7935 0.5492 0.2621
vn -0.9494 -0.0000 0.3142
vn 0.9502 -0.0000 -0.3117
vn 0.7938 0.5493 -0.2610
vn -0.9599 -0.0000 0.2803
vn 0.7331 0.6463 -0.2120
vn 0.9606 -0.0000 -0.2778
vn 0.7331 0.6462 -0.2120
vn 0.1818 0.6429 0.7441
vn -0.7326 0.6462 0.2139
vn -0.9305 -0.0000 0.3662
vn 0.7132 0.6433 -0.2785
vn 0.9315 -0.0000 -0.3638
vn 0.9315 -0.0000 -0.3637
vn 0.2380 -0.0000 0.9713
vn -0.2383 -0.0000 -0.9712
vn -0.1831 0.6399 -0.7463
vn 0.1829 0.6399 0.7464
vn -0.7126 0.6431 0.2804
vn -0.2382 -0.0000 -0.9712
vn -0.7803 0.5472 0.3028
vn 0.2381 -0.0000 0.9712
vn -0.9320 -0.0000 0.3623
vn 0.9330 -0.0000 -0.3599
vn 0.7807 0.5473 -0.3017
vn -0.2381 -0.0000 -0.9712
vn -0.2380 -0.0000 -0.9713
vn -0.7851 0.5480 0.2886
vn 0.2379 -0.0000 0.9713
vn -0.9384 -0.0000 0.3456
vn 0.9393 -0.0000 -0.3432
vn 0.7854 0.5481 -0.2876
vn -0.7827 0.5476 0.2957
vn -0.9352 -0.0000 0.3540
vn 0.9362 -0.0000 -0.3516
vn 0.7831 0.5477 -0.2947
vn 0.9458 -0.0000 -0.3248
vn -0.2379 -0.0000 -0.9713
vn -0.9315 -0.0000 0.3637
vn -0.7863 0.5482 0.2850
vn -0.9399 -0.0000 0.3414
vn 0.9408 -0.0000 -0.3390
vn 0.7866 0.5483 -0.2840
vn -0.7874 0.5484 0.2815
vn -0.9414 -0.0000 0.3373
vn 0.9423 -0.0000 -0.3348
vn 0.7877 0.5484 -0.2805
vn -0.7897 0.5487 0.2744
vn 0.2378 -0.0000 0.9713
vn -0.9444 -0.0000 0.3288
vn 0.9452 -0.0000 -0.3264
vn 0.7900 0.5488 -0.2734
vn -0.7886 0.5486 0.2779
vn -0.9429 -0.0000 0.3330
vn 0.9438 -0.0000 -0.3306
vn 0.7889 0.5486 -0.2769
vn -0.7839 0.5478 0.2921
vn -0.9368 -0.0000 0.3498
vn 0.9377 -0.0000 -0.3474
vn 0.7843 0.5479 -0.2911
vn 0.2119 -0.9742 -0.0777
vn -0.2119 0.9742 0.0777
vn -0.9315 -0.0000 0.3638
vn -0.7816 0.5474 0.2992
vn 0.2381 -0.0000 0.9713
vn -0.9337 -0.0000 0.3582
vn 0.9346 -0.0000 -0.3557
vn 0.7819 0.5475 -0.2982
vn -0.9458 -0.0000 0.3248
vn 0.7233 0.6451 -0.2463
vn 0.9466 -0.0000 -0.3224
vn -0.1824 0.6417 -0.7449
vn 0.1823 0.6417 0.7450
vn -0.7227 0.6450 0.2482
vn -0.9092 -0.0000 0.4163
vn 0.6954 0.6456 -0.3157
vn 0.6954 0.6456 -0.3158
vn 0.9105 -0.0000 -0.4135
vn 0.4957 -0.0000 0.8685
vn -0.4955 -0.0000 -0.8686
vn 0.9105 -0.0000 -0.4134
vn -0.3800 0.6417 -0.6662
vn 0.3802 0.6417 0.6661
vn 0.3802 0.6416 0.6661
vn -0.6943 0.6457 0.3179
vn -0.6943 0.6457 0.3178
vn -0.7617 0.5494 0.3435
vn 0.4956 -0.0000 0.8686
vn -0.9113 -0.0000 0.4118
vn 0.9125 -0.0000 -0.4090
vn 0.7623 0.5493 -0.3424
vn -0.4953 -0.0000 -0.8687
vn -0.7693 0.5485 0.3276
vn 0.4954 -0.0000 0.8687
vn -0.9198 -0.0000 0.3925
vn 0.9210 -0.0000 -0.3896
vn 0.7699 0.5484 -0.3264
vn -0.4954 -0.0000 -0.8686
vn -0.7656 0.5489 0.3356
vn 0.4955 -0.0000 0.8686
vn -0.9156 -0.0000 0.4022
vn 0.9168 -0.0000 -0.3993
vn 0.7661 0.5489 -0.3344
vn -0.4954 -0.0000 -0.8687
vn 0.9296 -0.0000 -0.3686
vn -0.4847 -0.0000 -0.8747
vn 0.4847 -0.0000 0.8747
vn -0.9105 -0.0000 0.4134
vn -0.9105 -0.0000 0.4135
vn -0.7712 0.5483 0.3236
vn 0.4953 -0.0000 0.8687
vn -0.9218 -0.0000 0.3876
vn 0.9230 -0.0000 -0.3848
vn 0.7717 0.5482 -0.3224
vn -0.4952 -0.0000 -0.8688
vn -0.7730 0.5480 0.3195
vn -0.9239 -0.0000 0.3827
vn 0.9250 -0.0000 -0.3799
vn 0.7736 0.5479 -0.3184
vn -0.4951 -0.0000 -0.8688
vn -0.4771 -0.0000 -0.8789
vn -0.4770 -0.0000 -0.8789
vn -0.7767 0.5474 0.3116
vn 0.4952 -0.0000 0.8688
vn 0.4771 -0.0000 0.8788
vn -0.9278 -0.0000 0.3730
vn 0.9290 -0.0000 -0.3702
vn 0.4588 -0.0000 0.8886
vn 0.7773 0.5473 -0.3104
vn -0.4587 -0.0000 -0.8886
vn -0.7749 0.5477 0.3155
vn -0.9259 -0.0000 0.3778
vn 0.9271 -0.0000 -0.3749
vn 0.7754 0.5477 -0.3143
vn -0.7674 0.5487 0.3316
vn 0.4954 -0.0000 0.8686
vn -0.9177 -0.0000 0.3974
vn 0.9189 -0.0000 -0.3944
vn 0.7680 0.5486 -0.3304
vn 0.2076 -0.9742 -0.0882
vn -0.2076 0.9742 0.0882
vn 0.4848 -0.0000 0.8746
vn -0.7636 0.5492 0.3396
vn -0.9134 -0.0000 0.4070
vn 0.9147 -0.0000 -0.4041
vn 0.7642 0.5491 -0.3384
vn -0.9296 -0.0000 0.3686
vn 0.7126 0.6431 -0.2804
vn 0.9305 -0.0000 -0.3662
vn -0.1832 0.6397 -0.7464
vn -0.1832 0.6397 -0.7465
vn 0.1829 0.6397 0.7465
vn -0.7119 0.6430 0.2823
vn -0.8849 -0.0000 0.4658
vn 0.6759 0.6469 -0.3531
vn 0.8863 -0.0000 -0.4631
vn 0.4962 -0.0000 0.8682
vn -0.4961 -0.0000 -0.8683
vn -0.3799 0.6430 -0.6650
vn 0.3800 0.6430 0.6649
vn -0.6747 0.6470 0.3552
vn 0.3800 0.6430 0.6650
vn -0.6748 0.6469 0.3552
vn -0.7407 0.5508 0.3846
vn 0.4961 -0.0000 0.8683
vn -0.8871 -0.0000 0.4615
vn 0.8885 -0.0000 -0.4588
vn 0.7413 0.5508 -0.3835
vn -0.4960 -0.0000 -0.8683
vn -0.4959 -0.0000 -0.8684
vn -0.7489 0.5504 0.3690
vn 0.4959 -0.0000 0.8684
vn -0.8967 -0.0000 0.4427
vn 0.8981 -0.0000 -0.4398
vn 0.7496 0.5503 -0.3679
vn -0.4958 -0.0000 -0.8684
vn -0.7449 0.5506 0.3769
vn 0.4960 -0.0000 0.8683
vn -0.8919 -0.0000 0.4521
vn 0.8933 -0.0000 -0.4494
vn 0.7454 0.5506 -0.3757
vn 0.9080 -0.0000 -0.4190
vn -0.8863 -0.0000 0.4631
vn -0.7510 0.5503 0.3650
vn 0.4958 -0.0000 0.8684
vn -0.8990 -0.0000 0.4379
vn 0.9004 -0.0000 -0.4351
vn 0.7516 0.5502 -0.3639
vn -0.4958 -0.0000 -0.8685
vn -0.7530 0.5501 0.3611
vn -0.9013 -0.0000 0.4331
vn 0.9027 -0.0000 -0.4304
vn 0.7536 0.5501 -0.3600
vn -0.4957 -0.0000 -0.8685
vn -0.7569 0.5498 0.3533
vn -0.9058 -0.0000 0.4237
vn 0.9071 -0.0000 -0.4209
vn 0.7575 0.5498 -0.3522
vn -0.7550 0.5499 0.3572
vn 0.4958 -0.0000 0.8685
vn -0.9036 -0.0000 0.4284
vn 0.9049 -0.0000 -0.4256
vn 0.7556 0.5499 -0.3560
vn -0.7469 0.5505 0.3729
vn -0.8943 -0.0000 0.4474
vn 0.8957 -0.0000 -0.4446
vn 0.7475 0.5505 -0.3718
vn 0.9079 -0.0000 -0.4191
vn 0.2014 -0.9745 -0.0990
vn -0.2014 0.9745 0.0990
vn -0.7428 0.5507 0.3807
vn -0.8895 -0.0000 0.4568
vn 0.8910 -0.0000 -0.4540
vn 0.7434 0.5507 -0.3796
vn -0.9080 -0.0000 0.4191
vn 0.6943 0.6457 -0.3179
vn 0.9092 -0.0000 -0.4163
vn -0.9079 -0.0000 0.4191
vn -0.3800 0.6417 -0.6661
vn -0.3800 0.6418 -0.6661
vn 0.3802 0.6417 0.6660
vn -0.6932 0.6458 0.3200
vn -0.6933 0.6458 0.3200
vn -0.8578 -0.0000 0.5140
vn 0.6552 0.6471 -0.3898
vn 0.8594 -0.0000 -0.5113
vn 0.4966 -0.0000 0.8680
vn -0.4967 -0.0000 -0.8679
vn -0.3803 0.6431 -0.6646
vn 0.3803 0.6432 0.6646
vn 0.3803 0.6431 0.6647
vn -0.6540 0.6471 0.3919
vn -0.6540 0.6471 0.3918
vn -0.4966 -0.0000 -0.8680
vn -0.7182 0.5510 0.4249
vn -0.8603 -0.0000 0.5098
vn 0.8619 -0.0000 -0.5071
vn 0.7189 0.5510 -0.4237
vn -0.4964 -0.0000 -0.8681
vn -0.7271 0.5510 0.4096
vn 0.4964 -0.0000 0.8681
vn -0.8709 -0.0000 0.4915
vn 0.8724 -0.0000 -0.4888
vn 0.7277 0.5511 -0.4084
vn -0.4965 -0.0000 -0.8680
vn -0.7226 0.5511 0.4172
vn 0.4965 -0.0000 0.8680
vn -0.8656 -0.0000 0.5007
vn 0.8672 -0.0000 -0.4980
vn 0.7233 0.5511 -0.4161
vn 0.8834 -0.0000 -0.4686
vn -0.8594 -0.0000 0.5114
vn -0.4963 -0.0000 -0.8681
vn -0.7292 0.5511 0.4057
vn -0.8735 -0.0000 0.4869
vn 0.8750 -0.0000 -0.4842
vn 0.4963 -0.0000 0.8681
vn 0.7298 0.5511 -0.4046
vn -0.4963 -0.0000 -0.8682
vn -0.7314 0.5510 0.4019
vn 0.4963 -0.0000 0.8682
vn -0.8760 -0.0000 0.4823
vn 0.8775 -0.0000 -0.4795
vn 0.7320 0.5510 -0.4007
vn -0.4962 -0.0000 -0.8682
vn -0.7356 0.5509 0.3942
vn -0.8811 -0.0000 0.4730
vn 0.8825 -0.0000 -0.4703
vn 0.7362 0.5509 -0.3931
vn -0.7335 0.5510 0.3980
vn -0.8786 -0.0000 0.4776
vn 0.8800 -0.0000 -0.4749
vn 0.7341 0.5510 -0.3969
vn -0.7249 0.5511 0.4134
vn 0.4965 -0.0000 0.8681
vn -0.8683 -0.0000 0.4961
vn 0.8698 -0.0000 -0.4934
vn 0.7255 0.5511 -0.4123
vn 0.1953 -0.9746 -0.1098
vn -0.1953 0.9746 0.1098
vn -0.8594 -0.0000 0.5113
vn -0.7205 0.5510 0.4211
vn -0.8630 -0.0000 0.5052
vn 0.8645 -0.0000 -0.5026
vn 0.7211 0.5511 -0.4200
vn -0.8834 -0.0000 0.4686
vn 0.6747 0.6469 -0.3552
vn 0.8849 -0.0000 -0.4658
vn -0.3800 0.6430 -0.6650
vn -0.4961 -0.0000 -0.8682
vn -0.6736 0.6470 0.3573
vn -0.8281 -0.0000 0.5606
vn 0.6333 0.6462 -0.4258
vn 0.8298 -0.0000 -0.5580
vn 0.4970 -0.0000 0.8677
vn 0.4971 -0.0000 0.8677
vn -0.4972 -0.0000 -0.8676
vn -0.3811 0.6422 -0.6650
vn 0.3810 0.6422 0.6651
vn -0.6320 0.6461 0.4278
vn -0.3811 0.6422 -0.6651
vn -0.6321 0.6461 0.4278
vn -0.4971 -0.0000 -0.8677
vn -0.6941 0.5502 0.4642
vn -0.8308 -0.0000 0.5565
vn 0.8326 -0.0000 -0.5539
vn 0.6949 0.5502 -0.4631
vn -0.4969 -0.0000 -0.8678
vn -0.7036 0.5506 0.4492
vn 0.4969 -0.0000 0.8678
vn -0.8424 -0.0000 0.5388
vn 0.8441 -0.0000 -0.5362
vn 0.7042 0.5507 -0.4481
vn -0.4970 -0.0000 -0.8677
vn -0.6989 0.5504 0.4567
vn 0.4970 -0.0000 0.8678
vn -0.8367 -0.0000 0.5477
vn 0.8384 -0.0000 -0.5451
vn 0.6996 0.5504 -0.4556
vn 0.8562 -0.0000 -0.5166
vn -0.8299 -0.0000 0.5580
vn -0.7058 0.5508 0.4455
vn 0.4968 -0.0000 0.8678
vn -0.8452 -0.0000 0.5344
vn 0.8469 -0.0000 -0.5317
vn 0.7066 0.5507 -0.4444
vn -0.4968 -0.0000 -0.8678
vn -0.7082 0.5508 0.4417
vn 0.4968 -0.0000 0.8679
vn -0.8481 -0.0000 0.5299
vn 0.8497 -0.0000 -0.5273
vn 0.7088 0.5509 -0.4406
vn -0.4968 -0.0000 -0.8679
vn -0.7127 0.5509 0.4342
vn 0.4967 -0.0000 0.8679
vn -0.8536 -0.0000 0.5209
vn 0.8552 -0.0000 -0.5183
vn 0.7134 0.5510 -0.4331
vn -0.7104 0.5509 0.4379
vn -0.8508 -0.0000 0.5254
vn 0.8525 -0.0000 -0.5227
vn 0.7111 0.5509 -0.4368
vn -0.4970 -0.0000 -0.8678
vn -0.7012 0.5505 0.4530
vn -0.8395 -0.0000 0.5433
vn 0.8413 -0.0000 -0.5406
vn 0.7019 0.5506 -0.4519
vn 0.8562 -0.0000 -0.5167
vn 0.1891 -0.9745 -0.1205
vn -0.1891 0.9745 0.1205
vn -0.6965 0.5503 0.4605
vn -0.8338 -0.0000 0.5521
vn 0.8355 -0.0000 -0.5495
vn 0.6972 0.5504 -0.4594
vn -0.8562 -0.0000 0.5166
vn 0.6540 0.6471 -0.3919
vn 0.8578 -0.0000 -0.5140
vn 0.3803 0.6431 0.6646
vn -0.6528 0.6471 0.3939
vn -0.7959 -0.0000 0.6054
vn 0.6102 0.6441 -0.4612
vn 0.6102 0.6442 -0.4612
vn 0.7978 -0.0000 -0.6030
vn 0.4975 -0.0000 0.8675
vn 0.4974 -0.0000 0.8675
vn -0.4978 -0.0000 -0.8673
vn -0.3825 0.6401 -0.6663
vn 0.3822 0.6401 0.6665
vn -0.6089 0.6440 0.4632
vn -0.3824 0.6401 -0.6663
vn -0.4977 -0.0000 -0.8674
vn -0.4976 -0.0000 -0.8674
vn -0.6685 0.5481 0.5026
vn 0.4976 -0.0000 0.8674
vn -0.7988 -0.0000 0.6016
vn 0.8007 -0.0000 -0.5991
vn 0.6693 0.5482 -0.5016
vn -0.4975 -0.0000 -0.8675
vn -0.4974 -0.0000 -0.8675
vn -0.6785 0.5490 0.4880
vn -0.8114 -0.0000 0.5845
vn 0.8132 -0.0000 -0.5820
vn 0.6792 0.5491 -0.4869
vn -0.4975 -0.0000 -0.8674
vn -0.6736 0.5486 0.4953
vn -0.8052 -0.0000 0.5930
vn 0.8070 -0.0000 -0.5905
vn 0.6743 0.5487 -0.4943
vn 0.8264 -0.0000 -0.5631
vn -0.7978 -0.0000 0.6030
vn -0.6810 0.5493 0.4843
vn -0.8145 -0.0000 0.5802
vn 0.8162 -0.0000 -0.5777
vn 0.4973 -0.0000 0.8675
vn 0.6817 0.5493 -0.4833
vn -0.6834 0.5494 0.4807
vn 0.4973 -0.0000 0.8676
vn -0.8175 -0.0000 0.5759
vn 0.8193 -0.0000 -0.5734
vn 0.6842 0.5495 -0.4796
vn -0.4973 -0.0000 -0.8676
vn -0.6883 0.5498 0.4733
vn 0.4972 -0.0000 0.8676
vn -0.8235 -0.0000 0.5673
vn 0.8253 -0.0000 -0.5647
vn 0.6889 0.5499 -0.4722
vn -0.6859 0.5496 0.4770
vn -0.8206 -0.0000 0.5715
vn 0.8223 -0.0000 -0.5690
vn 0.6866 0.5497 -0.4759
vn -0.6761 0.5488 0.4917
vn -0.8083 -0.0000 0.5888
vn 0.8101 -0.0000 -0.5863
vn 0.6768 0.5489 -0.4906
vn 0.1829 -0.9743 -0.1313
vn -0.1829 0.9743 0.1313
vn -0.6710 0.5484 0.4990
vn -0.8020 -0.0000 0.5974
vn 0.8039 -0.0000 -0.5948
vn 0.4975 -0.0000 0.8674
vn 0.6718 0.5484 -0.4979
vn -0.8264 -0.0000 0.5631
vn 0.6320 0.6461 -0.4278
vn 0.8281 -0.0000 -0.5606
vn -0.3812 0.6421 -0.6651
vn 0.3811 0.6421 0.6652
vn -0.6308 0.6460 0.4298
vn -0.6308 0.6461 0.4298
vn -0.7604 -0.0000 0.6495
vn -0.7603 -0.0000 0.6495
vn 0.5823 0.6455 -0.4942
vn 0.5824 0.6454 -0.4942
vn 0.7624 -0.0000 -0.6471
vn 0.7199 -0.0000 0.6941
vn -0.7196 -0.0000 -0.6943
vn -0.7197 -0.0000 -0.6943
vn -0.5522 0.6414 -0.5327
vn -0.5521 0.6414 -0.5327
vn 0.5523 0.6414 0.5325
vn -0.5807 0.6455 0.4960
vn -0.5807 0.6455 0.4961
vn -0.6386 0.5492 0.5391
vn 0.7197 -0.0000 0.6942
vn -0.7636 -0.0000 0.6457
vn 0.7657 -0.0000 -0.6433
vn 0.7198 -0.0000 0.6942
vn 0.6395 0.5491 -0.5381
vn -0.7195 -0.0000 -0.6944
vn -0.7195 -0.0000 -0.6945
vn -0.6507 0.5482 0.5254
vn 0.7196 -0.0000 0.6944
vn -0.7775 -0.0000 0.6289
vn 0.7795 -0.0000 -0.6264
vn 0.6516 0.5482 -0.5244
vn -0.7196 -0.0000 -0.6944
vn -0.6446 0.5487 0.5323
vn 0.7197 -0.0000 0.6943
vn -0.7706 -0.0000 0.6373
vn 0.7726 -0.0000 -0.6349
vn 0.6456 0.5486 -0.5313
vn 0.7941 -0.0000 -0.6079
vn -0.6845 -0.0000 -0.7290
vn 0.6845 -0.0000 0.7290
vn -0.7624 -0.0000 0.6471
vn 0.7940 -0.0000 -0.6079
vn -0.6536 0.5480 0.5220
vn 0.7195 -0.0000 0.6945
vn 0.7195 -0.0000 0.6944
vn -0.7809 -0.0000 0.6247
vn 0.7829 -0.0000 -0.6222
vn 0.6545 0.5479 -0.5210
vn -0.7194 -0.0000 -0.6946
vn -0.6567 0.5477 0.5185
vn -0.7843 -0.0000 0.6203
vn 0.7863 -0.0000 -0.6178
vn 0.6575 0.5476 -0.5175
vn -0.6623 0.5475 0.5116
vn 0.4977 -0.0000 0.8674
vn 0.4977 -0.0000 0.8673
vn -0.7909 -0.0000 0.6119
vn 0.7928 -0.0000 -0.6094
vn 0.6630 0.5475 -0.5105
vn -0.6203 -0.0000 -0.7844
vn -0.6202 -0.0000 -0.7844
vn -0.6596 0.5474 0.5150
vn 0.6202 -0.0000 0.7844
vn 0.6203 -0.0000 0.7844
vn -0.7877 -0.0000 0.6160
vn 0.7896 -0.0000 -0.6136
vn 0.5098 -0.0000 0.8603
vn 0.6605 0.5473 -0.5140
vn -0.5099 -0.0000 -0.8602
vn -0.6477 0.5485 0.5289
vn -0.7741 -0.0000 0.6331
vn 0.7760 -0.0000 -0.6307
vn 0.6485 0.5484 -0.5279
vn 0.1758 -0.9742 -0.1417
vn -0.1757 0.9742 0.1417
vn -0.6416 0.5490 0.5356
vn -0.7671 -0.0000 0.6415
vn 0.7692 -0.0000 -0.6391
vn 0.6425 0.5489 -0.5347
vn -0.7940 -0.0000 0.6079
vn 0.6089 0.6440 -0.4632
vn 0.6089 0.6440 -0.4631
vn 0.7959 -0.0000 -0.6054
vn -0.3825 0.6400 -0.6664
vn 0.3823 0.6400 0.6666
vn -0.6076 0.6438 0.4651
vn -0.6076 0.6439 0.4651
vn -0.7221 -0.0000 0.6918
vn 0.5523 0.6469 -0.5258
vn 0.5523 0.6470 -0.5257
vn 0.7243 -0.0000 -0.6895
vn 0.7203 -0.0000 0.6937
vn -0.7202 -0.0000 -0.6938
vn -0.5517 0.6429 -0.5314
vn -0.5516 0.6429 -0.5314
vn 0.5517 0.6429 0.5314
vn -0.5506 0.6470 0.5275
vn 0.5517 0.6429 0.5313
vn -0.5506 0.6471 0.5274
vn -0.7201 -0.0000 -0.6938
vn -0.6061 0.5508 0.5738
vn 0.7201 -0.0000 0.6938
vn -0.7256 -0.0000 0.6881
vn 0.7278 -0.0000 -0.6858
vn 0.6070 0.5508 -0.5729
vn -0.7200 -0.0000 -0.6940
vn -0.6187 0.5503 0.5607
vn 0.7200 -0.0000 0.6939
vn -0.7403 -0.0000 0.6722
vn 0.7426 -0.0000 -0.6698
vn 0.7200 -0.0000 0.6940
vn 0.6196 0.5503 -0.5597
vn -0.7201 -0.0000 -0.6939
vn -0.6123 0.5506 0.5673
vn 0.7201 -0.0000 0.6939
vn -0.7330 -0.0000 0.6802
vn 0.7352 -0.0000 -0.6778
vn 0.6133 0.5505 -0.5664
vn -0.7200 -0.0000 -0.6939
vn 0.7582 -0.0000 -0.6520
vn -0.7243 -0.0000 0.6895
vn -0.7199 -0.0000 -0.6940
vn -0.6218 0.5502 0.5573
vn -0.7441 -0.0000 0.6681
vn 0.7462 -0.0000 -0.6657
vn 0.7199 -0.0000 0.6940
vn 0.6227 0.5501 -0.5564
vn -0.7199 -0.0000 -0.6941
vn -0.6249 0.5500 0.5541
vn -0.7477 -0.0000 0.6641
vn 0.7498 -0.0000 -0.6616
vn 0.6258 0.5500 -0.5530
vn -0.7198 -0.0000 -0.6942
vn -0.6310 0.5497 0.5474
vn 0.7198 -0.0000 0.6941
vn -0.7548 -0.0000 0.6559
vn 0.7570 -0.0000 -0.6535
vn 0.6320 0.5496 -0.5464
vn -0.7198 -0.0000 -0.6941
vn -0.6280 0.5499 0.5507
vn -0.7513 -0.0000 0.6599
vn 0.7534 -0.0000 -0.6575
vn 0.6289 0.5498 -0.5497
vn -0.6155 0.5504 0.5640
vn -0.7368 -0.0000 0.6762
vn 0.7389 -0.0000 -0.6738
vn 0.6164 0.5505 -0.5630
vn 0.1664 -0.9745 -0.1506
vn -0.1664 0.9745 0.1506
vn -0.7244 -0.0000 0.6894
vn -0.6092 0.5507 0.5706
vn 0.7202 -0.0000 0.6938
vn -0.7293 -0.0000 0.6842
vn 0.7316 -0.0000 -0.6818
vn 0.6102 0.5507 -0.5696
vn -0.7583 -0.0000 0.6519
vn -0.7583 -0.0000 0.6520
vn 0.5807 0.6455 -0.4961
vn 0.7603 -0.0000 -0.6495
vn 0.5807 0.6456 -0.4960
vn -0.5521 0.6415 -0.5326
vn 0.5522 0.6415 0.5324
vn 0.5523 0.6415 0.5324
vn -0.5790 0.6457 0.4978
vn -0.5790 0.6456 0.4978
vn -0.5790 0.6456 0.4979
vn -0.6815 -0.0000 0.7318
vn 0.5212 0.6473 -0.5562
vn 0.6838 -0.0000 -0.7296
vn 0.6838 -0.0000 -0.7297
vn 0.7206 -0.0000 0.6933
vn -0.7207 -0.0000 -0.6933
vn -0.5518 0.6432 -0.5309
vn 0.5518 0.6432 0.5309
vn -0.5195 0.6473 0.5578
vn -0.5519 0.6431 -0.5309
vn -0.7206 -0.0000 -0.6933
vn -0.5722 0.5512 0.6073
vn -0.6851 -0.0000 0.7284
vn 0.6875 -0.0000 -0.7262
vn 0.7206 -0.0000 0.6934
vn 0.5732 0.5512 -0.6063
vn -0.7206 -0.0000 -0.6934
vn -0.7204 -0.0000 -0.6935
vn -0.5853 0.5512 0.5946
vn 0.7204 -0.0000 0.6935
vn -0.7010 -0.0000 0.7132
vn 0.7031 -0.0000 -0.7111
vn 0.5862 0.5512 -0.5937
vn -0.7205 -0.0000 -0.6935
vn -0.7205 -0.0000 -0.6934
vn -0.5787 0.5512 0.6010
vn 0.7205 -0.0000 0.6934
vn -0.6930 -0.0000 0.7209
vn 0.6953 -0.0000 -0.7187
vn 0.7205 -0.0000 0.6935
vn 0.5797 0.5512 -0.6001
vn 0.7199 -0.0000 -0.6941
vn -0.6838 -0.0000 0.7297
vn -0.7204 -0.0000 -0.6936
vn -0.5886 0.5512 0.5914
vn 0.7204 -0.0000 0.6936
vn -0.7048 -0.0000 0.7094
vn 0.7071 -0.0000 -0.7071
vn 0.5895 0.5511 -0.5905
vn -0.5918 0.5511 0.5882
vn -0.7087 -0.0000 0.7055
vn 0.7109 -0.0000 -0.7033
vn 0.5927 0.5511 -0.5873
vn -0.7203 -0.0000 -0.6937
vn -0.5982 0.5510 0.5819
vn 0.7202 -0.0000 0.6937
vn -0.7163 -0.0000 0.6978
vn 0.7184 -0.0000 -0.6956
vn 0.5991 0.5510 -0.5809
vn -0.7203 -0.0000 -0.6936
vn -0.5950 0.5511 0.5851
vn 0.7203 -0.0000 0.6936
vn -0.7125 -0.0000 0.7017
vn 0.7148 -0.0000 -0.6994
vn 0.5959 0.5511 -0.5841
vn -0.5820 0.5512 0.5979
vn -0.6970 -0.0000 0.7171
vn 0.6992 -0.0000 -0.7149
vn 0.5829 0.5512 -0.5969
vn 0.7198 -0.0000 -0.6941
vn 0.1572 -0.9746 -0.1595
vn -0.1572 0.9746 0.1595
vn -0.6839 -0.0000 0.7296
vn -0.5755 0.5512 0.6041
vn -0.6891 -0.0000 0.7246
vn 0.6915 -0.0000 -0.7224
vn 0.5765 0.5512 -0.6032
vn -0.7199 -0.0000 0.6941
vn 0.5506 0.6470 -0.5275
vn 0.7221 -0.0000 -0.6918
vn -0.5489 0.6470 0.5292
vn -0.6387 -0.0000 0.7695
vn 0.4892 0.6464 -0.5855
vn 0.4891 0.6464 -0.5855
vn 0.6411 -0.0000 -0.7674
vn 0.7210 -0.0000 0.6929
vn -0.7212 -0.0000 -0.6928
vn -0.6386 -0.0000 0.7695
vn -0.5528 0.6422 -0.5310
vn 0.5526 0.6422 0.5311
vn 0.5526 0.6423 0.5311
vn 0.7210 -0.0000 0.6930
vn -0.4874 0.6463 0.5872
vn 0.5527 0.6422 0.5311
vn -0.7211 -0.0000 -0.6929
vn -0.5370 0.5503 0.6393
vn 0.7211 -0.0000 0.6929
vn -0.6426 -0.0000 0.7662
vn 0.6450 -0.0000 -0.7642
vn 0.5380 0.5504 -0.6385
vn -0.7210 -0.0000 -0.6929
vn -0.7209 -0.0000 -0.6930
vn -0.5506 0.5508 0.6272
vn 0.7209 -0.0000 0.6931
vn -0.6591 -0.0000 0.7521
vn 0.6615 -0.0000 -0.7499
vn 0.5516 0.5509 -0.6263
vn -0.7209 -0.0000 -0.6931
vn -0.7210 -0.0000 -0.6930
vn -0.5439 0.5506 0.6333
vn 0.7209 -0.0000 0.6930
vn -0.6509 -0.0000 0.7592
vn 0.6533 -0.0000 -0.7571
vn 0.5448 0.5506 -0.6324
vn 0.6791 -0.0000 -0.7340
vn -0.6411 -0.0000 0.7674
vn -0.5540 0.5509 0.6242
vn 0.7208 -0.0000 0.6931
vn -0.6632 -0.0000 0.7484
vn 0.6656 -0.0000 -0.7463
vn 0.5550 0.5509 -0.6233
vn -0.7208 -0.0000 -0.6931
vn -0.5574 0.5510 0.6211
vn -0.6673 -0.0000 0.7448
vn 0.6696 -0.0000 -0.7427
vn 0.7208 -0.0000 0.6932
vn 0.5583 0.5510 -0.6202
vn -0.7208 -0.0000 -0.6932
vn -0.7207 -0.0000 -0.6932
vn -0.5640 0.5511 0.6149
vn 0.7207 -0.0000 0.6933
vn 0.7207 -0.0000 0.6932
vn -0.6753 -0.0000 0.7375
vn 0.6776 -0.0000 -0.7354
vn 0.5650 0.5511 -0.6140
vn -0.5607 0.5510 0.6181
vn -0.6713 -0.0000 0.7412
vn 0.6737 -0.0000 -0.7390
vn 0.5616 0.5510 -0.6172
vn -0.5472 0.5507 0.6303
vn -0.6550 -0.0000 0.7556
vn 0.6574 -0.0000 -0.7535
vn 0.5483 0.5507 -0.6294
vn 0.1480 -0.9746 -0.1683
vn -0.1480 0.9746 0.1683
vn -0.5404 0.5505 0.6363
vn -0.6467 -0.0000 0.7627
vn 0.6492 -0.0000 -0.7606
vn 0.5414 0.5505 -0.6355
vn -0.6792 -0.0000 0.7340
vn 0.5195 0.6472 -0.5579
vn 0.6815 -0.0000 -0.7318
vn 0.5195 0.6473 -0.5578
vn -0.5519 0.6432 -0.5308
vn -0.5177 0.6473 0.5595
vn -0.5938 -0.0000 0.8046
vn 0.4561 0.6443 -0.6139
vn 0.5964 -0.0000 -0.8027
vn 0.7214 -0.0000 0.6926
vn -0.7216 -0.0000 -0.6923
vn 0.5963 -0.0000 -0.8027
vn -0.5544 0.6401 -0.5318
vn -0.5544 0.6402 -0.5318
vn 0.5542 0.6401 0.5321
vn -0.7217 -0.0000 -0.6922
vn -0.4542 0.6441 0.6155
vn 0.5542 0.6402 0.5321
vn -0.4542 0.6442 0.6154
vn -0.7215 -0.0000 -0.6924
vn -0.5006 0.5483 0.6699
vn 0.7214 -0.0000 0.6925
vn 0.7215 -0.0000 0.6925
vn -0.5979 -0.0000 0.8016
vn 0.6004 -0.0000 -0.7997
vn 0.5016 0.5484 -0.6691
vn -0.7213 -0.0000 -0.6926
vn -0.5147 0.5492 0.6584
vn 0.7213 -0.0000 0.6926
vn -0.6152 -0.0000 0.7884
vn 0.6178 -0.0000 -0.7864
vn 0.5157 0.5493 -0.6576
vn -0.7214 -0.0000 -0.6925
vn -0.5076 0.5487 0.6643
vn -0.6065 -0.0000 0.7951
vn 0.6091 -0.0000 -0.7931
vn 0.5086 0.5489 -0.6634
vn 0.6362 -0.0000 -0.7715
vn 0.7213 -0.0000 0.6927
vn -0.5964 -0.0000 0.8027
vn -0.5181 0.5494 0.6555
vn -0.6195 -0.0000 0.7850
vn 0.6220 -0.0000 -0.7830
vn 0.5192 0.5495 -0.6546
vn -0.7212 -0.0000 -0.6927
vn -0.5216 0.5496 0.6526
vn 0.7212 -0.0000 0.6927
vn -0.6238 -0.0000 0.7816
vn 0.6262 -0.0000 -0.7797
vn 0.5226 0.5497 -0.6517
vn -0.5285 0.5500 0.6467
vn 0.7211 -0.0000 0.6928
vn -0.6321 -0.0000 0.7749
vn 0.6346 -0.0000 -0.7728
vn 0.7212 -0.0000 0.6928
vn 0.5295 0.5501 -0.6458
vn -0.5251 0.5498 0.6496
vn -0.6280 -0.0000 0.7782
vn 0.6305 -0.0000 -0.7762
vn 0.5261 0.5499 -0.6487
vn -0.5111 0.5490 0.6613
vn -0.6109 -0.0000 0.7917
vn 0.6134 -0.0000 -0.7898
vn 0.5121 0.5491 -0.6605
vn -0.7214 -0.0000 -0.6926
vn 0.1387 -0.9744 -0.1771
vn -0.1387 0.9744 0.1771
vn -0.5964 0.0001 0.8027
vn -0.7215 -0.0000 -0.6925
vn -0.5040 0.5485 0.6672
vn -0.6021 -0.0000 0.7984
vn 0.6047 -0.0000 -0.7964
vn 0.5051 0.5487 -0.6663
vn -0.6362 -0.0000 0.7715
vn 0.4874 0.6463 -0.5872
vn 0.4874 0.6463 -0.5871
vn 0.6387 -0.0000 -0.7695
vn 0.6386 -0.0000 -0.7695
vn 0.5527 0.6422 0.5312
vn -0.4855 0.6462 0.5888
vn -0.5505 -0.0000 0.8349
vn -0.5504 -0.0000 0.8349
vn 0.4222 0.6457 -0.6362
vn 0.5529 -0.0000 -0.8332
vn 0.8765 -0.0000 0.4814
vn -0.8764 -0.0000 -0.4816
vn -0.5505 -0.0000 0.8348
vn -0.6720 0.6419 -0.3693
vn 0.6721 0.6419 0.3691
vn -0.4203 0.6458 0.6374
vn -0.8764 -0.0000 -0.4815
vn -0.4636 0.5496 0.6950
vn 0.8764 -0.0000 0.4816
vn 0.8764 -0.0000 0.4815
vn -0.5543 -0.0000 0.8323
vn 0.5568 -0.0000 -0.8306
vn 0.4647 0.5494 -0.6944
vn -0.8763 -0.0000 -0.4817
vn -0.8763 -0.0000 -0.4818
vn -0.4779 0.5487 0.6860
vn 0.8764 -0.0000 0.4817
vn 0.8763 -0.0000 0.4817
vn -0.5710 -0.0000 0.8209
vn 0.5733 -0.0000 -0.8193
vn 0.4789 0.5487 -0.6853
vn -0.8764 -0.0000 -0.4817
vn -0.4708 0.5491 0.6906
vn -0.5627 -0.0000 0.8267
vn 0.5650 -0.0000 -0.8251
vn 0.4718 0.5491 -0.6899
vn 0.5913 -0.0000 -0.8064
vn -0.5529 -0.0000 0.8332
vn -0.4814 0.5485 0.6837
vn -0.5752 -0.0000 0.8180
vn 0.5775 -0.0000 -0.8164
vn 0.8763 -0.0000 0.4818
vn 0.4824 0.5484 -0.6830
vn -0.8763 -0.0000 -0.4819
vn -0.4849 0.5484 0.6813
vn -0.5793 -0.0000 0.8151
vn 0.5817 -0.0000 -0.8134
vn 0.4859 0.5482 -0.6807
vn -0.8762 -0.0000 -0.4819
vn -0.8762 -0.0000 -0.4820
vn -0.4920 0.5478 0.6767
vn 0.8762 -0.0000 0.4819
vn -0.5874 -0.0000 0.8093
vn 0.5898 -0.0000 -0.8076
vn 0.4929 0.5478 -0.6760
vn -0.4884 0.5481 0.6790
vn -0.5834 -0.0000 0.8122
vn 0.5858 -0.0000 -0.8105
vn 0.4894 0.5481 -0.6783
vn -0.4744 0.5489 0.6882
vn -0.5669 -0.0000 0.8238
vn 0.5693 -0.0000 -0.8221
vn 0.4754 0.5489 -0.6876
vn 0.5913 -0.0000 -0.8065
vn 0.1289 -0.9743 -0.1847
vn -0.1289 0.9743 0.1847
vn -0.5530 -0.0000 0.8332
vn -0.4673 0.5493 0.6928
vn -0.5585 -0.0000 0.8295
vn 0.5610 -0.0000 -0.8278
vn 0.4683 0.5492 -0.6921
vn -0.5913 -0.0000 0.8065
vn 0.4542 0.6442 -0.6154
vn 0.5938 -0.0000 -0.8046
vn 0.7917 -0.0000 0.6109
vn -0.7917 -0.0000 -0.6109
vn -0.6539 0.6418 -0.4006
vn -0.6058 0.6431 -0.4685
vn -0.6067 0.6431 -0.4672
vn 0.6058 0.6431 0.4685
vn 0.6065 0.6431 0.4675
vn 0.6540 0.6418 0.4005
vn 0.8528 -0.0000 0.5222
vn -0.8527 -0.0000 -0.5225
vn -0.4524 0.6439 0.6171
vn -0.4524 0.6439 0.6170
vn 0.5543 0.6400 0.5322
vn -0.5545 0.6399 -0.5320
vn -0.5057 -0.0000 0.8627
vn 0.3876 0.6469 -0.6567
vn 0.5083 -0.0000 -0.8612
vn 0.8767 -0.0000 0.4810
vn -0.8767 -0.0000 -0.4811
vn -0.5058 -0.0000 0.8627
vn -0.6714 0.6430 -0.3684
vn 0.6714 0.6430 0.3684
vn 0.6714 0.6430 0.3683
vn -0.8767 -0.0000 -0.4810
vn -0.3857 0.6469 0.6579
vn -0.6714 0.6431 -0.3685
vn -0.3856 0.6469 0.6579
vn -0.4261 0.5507 0.7177
vn 0.8767 -0.0000 0.4811
vn -0.5098 -0.0000 0.8603
vn 0.5121 -0.0000 -0.8589
vn 0.4270 0.5507 -0.7172
vn -0.8766 -0.0000 -0.4813
vn -0.4406 0.5503 0.7093
vn 0.8766 -0.0000 0.4812
vn -0.5271 -0.0000 0.8498
vn 0.5294 -0.0000 -0.8484
vn 0.4416 0.5503 -0.7086
vn -0.8766 -0.0000 -0.4812
vn -0.4334 0.5504 0.7136
vn -0.5183 -0.0000 0.8552
vn 0.5209 -0.0000 -0.8536
vn 0.4344 0.5505 -0.7129
vn 0.5480 -0.0000 -0.8365
vn -0.5083 -0.0000 0.8612
vn -0.4441 0.5502 0.7071
vn 0.8766 -0.0000 0.4813
vn -0.5313 -0.0000 0.8472
vn 0.5338 -0.0000 -0.8456
vn 0.4452 0.5502 -0.7065
vn -0.8765 -0.0000 -0.4814
vn -0.4478 0.5501 0.7049
vn 0.8765 -0.0000 0.4813
vn -0.5356 -0.0000 0.8445
vn 0.5381 -0.0000 -0.8429
vn 0.4488 0.5500 -0.7043
vn -0.4550 0.5498 0.7005
vn -0.5441 -0.0000 0.8390
vn 0.5465 -0.0000 -0.8375
vn 0.4559 0.5499 -0.6998
vn -0.8765 -0.0000 -0.4815
vn -0.4513 0.5501 0.7027
vn -0.5398 -0.0000 0.8418
vn 0.5423 -0.0000 -0.8402
vn 0.4523 0.5499 -0.7021
vn -0.4370 0.5503 0.7115
vn -0.5228 -0.0000 0.8525
vn 0.5252 -0.0000 -0.8510
vn 0.4380 0.5504 -0.7108
vn 0.5479 -0.0000 -0.8365
vn 0.1185 -0.9745 -0.1905
vn -0.1185 0.9745 0.1905
vn -0.4297 0.5506 0.7157
vn 0.8766 -0.0000 0.4811
vn -0.5141 -0.0000 0.8577
vn 0.5166 -0.0000 -0.8562
vn 0.4308 0.5506 -0.7150
vn -0.8766 -0.0000 -0.4811
vn -0.5480 -0.0000 0.8365
vn 0.4203 0.6458 -0.6374
vn 0.5505 -0.0000 -0.8349
vn 0.5504 -0.0000 -0.8349
vn 0.5505 -0.0000 -0.8348
vn -0.6719 0.6420 -0.3692
vn 0.6720 0.6420 0.3690
vn -0.4184 0.6459 0.6386
vn -0.4596 -0.0000 0.8881
vn -0.4597 -0.0000 0.8881
vn 0.3525 0.6469 -0.6762
vn 0.3524 0.6469 -0.6762
vn 0.4622 -0.0000 -0.8868
vn 0.8770 -0.0000 0.4806
vn -0.8770 -0.0000 -0.4806
vn -0.8770 -0.0000 -0.4805
vn -0.6716 0.6431 -0.3679
vn -0.6716 0.6431 -0.3680
vn 0.6715 0.6431 0.3680
vn -0.3505 0.6469 0.6773
vn -0.8769 -0.0000 -0.4806
vn -0.3876 0.5508 0.7392
vn 0.8769 -0.0000 0.4806
vn -0.4636 -0.0000 0.8860
vn 0.4664 -0.0000 -0.8846
vn 0.3887 0.5508 -0.7386
vn -0.8769 -0.0000 -0.4807
vn -0.8769 -0.0000 -0.4808
vn -0.4024 0.5509 0.7311
vn 0.8769 -0.0000 0.4807
vn -0.4815 -0.0000 0.8765
vn 0.4840 -0.0000 -0.8751
vn 0.8768 -0.0000 0.4808
vn 0.4035 0.5509 -0.7306
vn -0.8768 -0.0000 -0.4808
vn -0.3950 0.5509 0.7352
vn -0.4727 -0.0000 0.8812
vn 0.4753 -0.0000 -0.8798
vn 0.3961 0.5509 -0.7346
vn 0.5032 -0.0000 -0.8642
vn -0.4623 -0.0000 0.8867
vn -0.8768 -0.0000 -0.4809
vn -0.4061 0.5508 0.7292
vn -0.4861 -0.0000 0.8739
vn 0.4885 -0.0000 -0.8725
vn 0.4071 0.5509 -0.7285
vn -0.4097 0.5509 0.7271
vn 0.8768 -0.0000 0.4809
vn -0.4902 -0.0000 0.8716
vn 0.4929 -0.0000 -0.8701
vn 0.4108 0.5509 -0.7265
vn -0.4170 0.5507 0.7230
vn -0.4990 -0.0000 0.8666
vn 0.5016 -0.0000 -0.8651
vn 0.4181 0.5508 -0.7224
vn -0.4134 0.5509 0.7250
vn -0.4948 -0.0000 0.8690
vn 0.4972 -0.0000 -0.8676
vn 0.4145 0.5509 -0.7244
vn -0.3987 0.5509 0.7332
vn -0.4772 -0.0000 0.8788
vn 0.4796 -0.0000 -0.8775
vn 0.3998 0.5509 -0.7326
vn 0.1082 -0.9746 -0.1962
vn -0.1082 0.9746 0.1962
vn -0.4622 -0.0000 0.8868
vn -0.3914 0.5509 0.7371
vn -0.4684 -0.0000 0.8835
vn 0.4708 -0.0000 -0.8823
vn 0.3924 0.5508 -0.7366
vn -0.5032 -0.0000 0.8642
vn 0.3857 0.6468 -0.6579
vn 0.3857 0.6468 -0.6580
vn 0.5057 -0.0000 -0.8627
vn 0.5058 -0.0000 -0.8627
vn 0.3858 0.6468 -0.6579
vn -0.5032 -0.0000 0.8641
vn -0.6714 0.6431 -0.3684
vn 0.6714 0.6431 0.3683
vn -0.3837 0.6469 0.6590
vn -0.4122 -0.0000 0.9111
vn 0.3167 0.6460 -0.6945
vn 0.3167 0.6460 -0.6946
vn 0.4149 -0.0000 -0.9099
vn 0.8772 -0.0000 0.4802
vn -0.8772 -0.0000 -0.4800
vn -0.8773 -0.0000 -0.4800
vn -0.6725 0.6422 -0.3680
vn 0.6724 0.6421 0.3681
vn 0.6724 0.6422 0.3681
vn -0.3147 0.6459 0.6955
vn -0.8772 -0.0000 -0.4801
vn -0.3485 0.5499 0.7591
vn 0.8772 -0.0000 0.4801
vn -0.4164 -0.0000 0.9092
vn 0.4191 -0.0000 -0.9079
vn 0.3496 0.5500 -0.7585
vn -0.8772 -0.0000 -0.4802
vn -0.8771 -0.0000 -0.4803
vn -0.3636 0.5504 0.7516
vn 0.8771 -0.0000 0.4803
vn -0.4348 -0.0000 0.9005
vn 0.4374 -0.0000 -0.8993
vn 0.8770 -0.0000 0.4804
vn 0.3646 0.5503 -0.7511
vn -0.8771 -0.0000 -0.4804
vn -0.3560 0.5501 0.7554
vn 0.8771 -0.0000 0.4802
vn -0.4257 -0.0000 0.9049
vn 0.4284 -0.0000 -0.9036
vn 0.3571 0.5502 -0.7548
vn -0.8771 -0.0000 -0.4802
vn 0.4571 -0.0000 -0.8894
vn -0.4149 -0.0000 0.9099
vn 0.4570 -0.0000 -0.8895
vn -0.4148 -0.0000 0.9099
vn -0.3673 0.5504 0.7498
vn -0.4392 -0.0000 0.8984
vn 0.4419 -0.0000 -0.8971
vn 0.8771 -0.0000 0.4804
vn 0.3683 0.5506 -0.7491
vn -0.8770 -0.0000 -0.4804
vn -0.3710 0.5507 0.7477
vn -0.4440 -0.0000 0.8960
vn 0.4464 -0.0000 -0.8948
vn 0.3721 0.5505 -0.7473
vn -0.3784 0.5507 0.7440
vn 0.8770 -0.0000 0.4805
vn -0.4527 -0.0000 0.8917
vn 0.4554 -0.0000 -0.8903
vn 0.3795 0.5507 -0.7434
vn -0.3747 0.5507 0.7459
vn -0.4483 -0.0000 0.8939
vn 0.4509 -0.0000 -0.8926
vn 0.3758 0.5507 -0.7453
vn -0.3599 0.5502 0.7535
vn -0.4303 -0.0000 0.9027
vn 0.4328 -0.0000 -0.9015
vn 0.3608 0.5504 -0.7530
vn 0.4570 -0.0000 -0.8894
vn 0.0978 -0.9745 -0.2019
vn -0.0978 0.9745 0.2019
vn -0.3522 0.5501 0.7572
vn -0.4210 -0.0000 0.9071
vn 0.4238 -0.0000 -0.9058
vn 0.3534 0.5500 -0.7567
vn -0.4570 -0.0000 0.8895
vn 0.3505 0.6470 -0.6772
vn 0.3504 0.6470 -0.6772
vn 0.4596 -0.0000 -0.8881
vn -0.6716 0.6430 -0.3680
vn 0.6716 0.6431 0.3680
vn -0.3485 0.6469 0.6783
vn 0.6716 0.6430 0.3681
vn -0.3485 0.6468 0.6783
vn -0.3650 -0.0000 0.9310
vn 0.2809 0.6444 -0.7112
vn 0.3674 -0.0000 -0.9301
vn 0.9645 -0.0000 0.2641
vn -0.9644 -0.0000 -0.2644
vn 0.3673 -0.0000 -0.9301
vn -0.3649 -0.0000 0.9310
vn -0.7402 0.6410 -0.2029
vn 0.7402 0.6411 0.2027
vn -0.2790 0.6445 0.7119
vn -0.2791 0.6444 0.7119
vn -0.2790 0.6444 0.7119
vn 0.7403 0.6410 0.2027
vn -0.7402 0.6410 -0.2030
vn -0.2791 0.6444 0.7120
vn -0.3090 0.5481 0.7772
vn 0.9644 -0.0000 0.2643
vn -0.3689 -0.0000 0.9295
vn 0.3712 -0.0000 -0.9285
vn 0.3100 0.5481 -0.7769
vn -0.8774 -0.0000 -0.4798
vn -0.3238 0.5488 0.7707
vn 0.8773 -0.0000 0.4799
vn -0.3867 -0.0000 0.9222
vn 0.3894 -0.0000 -0.9211
vn 0.3248 0.5490 -0.7702
vn -0.8774 -0.0000 -0.4797
vn -0.3162 0.5485 0.7741
vn 0.8774 -0.0000 0.4798
vn -0.3776 -0.0000 0.9260
vn 0.3802 -0.0000 -0.9249
vn 0.3172 0.5485 -0.7736
vn 0.4096 -0.0000 -0.9123
vn -0.8974 -0.0000 -0.4411
vn 0.8974 -0.0000 0.4412
vn -0.3674 -0.0000 0.9301
vn -0.3278 0.5490 0.7689
vn -0.3915 -0.0000 0.9202
vn 0.3939 -0.0000 -0.9192
vn 0.3288 0.5491 -0.7684
vn -0.8773 -0.0000 -0.4799
vn -0.3315 0.5492 0.7671
vn -0.3959 -0.0000 0.9183
vn 0.3987 -0.0000 -0.9171
vn 0.8773 -0.0000 0.4800
vn 0.3326 0.5492 -0.7667
vn -0.3390 0.5497 0.7635
vn 0.8772 -0.0000 0.4800
vn -0.4050 -0.0000 0.9143
vn 0.4077 -0.0000 -0.9131
vn 0.3401 0.5497 -0.7630
vn -0.3353 0.5495 0.7653
vn -0.4006 -0.0000 0.9163
vn 0.4033 -0.0000 -0.9151
vn 0.3364 0.5495 -0.7648
vn -0.3200 0.5487 0.7724
vn -0.3822 -0.0000 0.9241
vn 0.3846 -0.0000 -0.9231
vn 0.3210 0.5488 -0.7719
vn 0.4096 -0.0000 -0.9122
vn 0.0876 -0.9743 -0.2077
vn -0.8974 -0.0000 -0.4412
vn -0.0876 0.9743 0.2077
vn -0.9438 -0.0000 -0.3306
vn -0.9437 -0.0000 -0.3308
vn -0.3125 0.5479 0.7760
vn 0.9437 -0.0000 0.3308
vn 0.9438 -0.0000 0.3306
vn -0.3727 -0.0000 0.9279
vn 0.3756 -0.0000 -0.9268
vn 0.9184 -0.0000 0.3956
vn 0.3135 0.5480 -0.7755
vn -0.9184 -0.0000 -0.3956
vn -0.4095 -0.0000 0.9123
vn 0.3147 0.6460 -0.6955
vn 0.4122 -0.0000 -0.9111
vn 0.4123 -0.0000 -0.9111
vn -0.4096 -0.0000 0.9123
vn -0.6726 0.6421 -0.3679
vn -0.6725 0.6421 -0.3680
vn -0.6726 0.6421 -0.3680
vn 0.6725 0.6421 0.3681
vn -0.3127 0.6458 0.6965
vn 0.6725 0.6420 0.3681
vn -0.3127 0.6458 0.6966
vn -0.3210 -0.0000 0.9471
vn 0.2470 0.6459 -0.7224
vn 0.3235 -0.0000 -0.9462
vn 0.9646 -0.0000 0.2638
vn -0.9645 -0.0000 -0.2639
vn -0.7391 0.6425 -0.2022
vn -0.7391 0.6426 -0.2022
vn 0.7391 0.6425 0.2021
vn 0.7391 0.6425 0.2022
vn -0.2451 0.6459 0.7230
vn -0.7390 0.6426 -0.2022
vn -0.2450 0.6459 0.7230
vn -0.9646 -0.0000 -0.2639
vn -0.2718 0.5496 0.7899
vn 0.9646 -0.0000 0.2639
vn 0.9645 -0.0000 0.2639
vn -0.3247 -0.0000 0.9458
vn 0.3274 -0.0000 -0.9449
vn 0.2729 0.5496 -0.7896
vn -0.9645 -0.0000 -0.2640
vn -0.9645 -0.0000 -0.2641
vn -0.2861 0.5491 0.7852
vn -0.3416 -0.0000 0.9398
vn 0.3441 -0.0000 -0.9389
vn 0.2871 0.5491 -0.7849
vn -0.2791 0.5494 0.7876
vn 0.9645 -0.0000 0.2640
vn -0.3334 -0.0000 0.9428
vn 0.3359 -0.0000 -0.9419
vn 0.2801 0.5493 -0.7872
vn 0.3624 -0.0000 -0.9320
vn -0.3235 -0.0000 0.9462
vn -0.3236 -0.0000 0.9462
vn -0.9645 -0.0000 -0.2642
vn -0.2897 0.5490 0.7840
vn 0.9645 -0.0000 0.2642
vn -0.3460 -0.0000 0.9382
vn 0.3484 -0.0000 -0.9373
vn 0.2907 0.5489 -0.7837
vn -0.2932 0.5489 0.7828
vn -0.3502 -0.0000 0.9367
vn 0.3526 -0.0000 -0.9358
vn 0.2942 0.5489 -0.7824
vn -0.9645 -0.0000 -0.2643
vn -0.3003 0.5485 0.7804
vn -0.3584 -0.0000 0.9336
vn 0.3610 -0.0000 -0.9326
vn 0.3013 0.5485 -0.7800
vn -0.9644 -0.0000 -0.2643
vn -0.2968 0.5487 0.7816
vn -0.3544 -0.0000 0.9351
vn 0.3567 -0.0000 -0.9342
vn 0.2978 0.5487 -0.7812
vn -0.2825 0.5493 0.7864
vn -0.3375 -0.0000 0.9413
vn 0.3401 -0.0000 -0.9404
vn 0.2836 0.5492 -0.7861
vn 0.3626 -0.0000 -0.9319
vn 0.0772 -0.9743 -0.2114
vn -0.0772 0.9743 0.2114
vn -0.2755 0.5495 0.7888
vn -0.3292 -0.0000 0.9443
vn 0.3317 -0.0000 -0.9434
vn 0.2766 0.5495 -0.7884
vn -0.3625 -0.0000 0.9320
vn -0.3624 -0.0000 0.9320
vn 0.2790 0.6445 -0.7119
vn 0.3649 -0.0000 -0.9310
vn 0.3649 -0.0000 -0.9311
vn 0.3650 -0.0000 -0.9310
vn 0.2790 0.6444 -0.7119
vn -0.7401 0.6411 -0.2029
vn -0.2771 0.6446 0.7125
vn -0.2764 -0.0000 0.9610
vn -0.2764 -0.0000 0.9611
vn 0.2128 0.6466 -0.7326
vn 0.2127 0.6466 -0.7325
vn 0.2789 -0.0000 -0.9603
vn 0.9647 -0.0000 0.2635
vn -0.9646 -0.0000 -0.2636
vn -0.9647 -0.0000 -0.2635
vn 0.2128 0.6465 -0.7326
vn -0.7387 0.6431 -0.2017
vn -0.7387 0.6431 -0.2018
vn 0.7386 0.6432 0.2017
vn 0.9647 -0.0000 0.2634
vn -0.2108 0.6466 0.7331
vn -0.2346 0.5504 0.8013
vn 0.9646 -0.0000 0.2636
vn -0.2803 -0.0000 0.9599
vn 0.2830 -0.0000 -0.9591
vn 0.2356 0.5504 -0.8009
vn -0.9646 -0.0000 -0.2637
vn -0.2490 0.5502 0.7971
vn -0.2977 -0.0000 0.9547
vn 0.2999 -0.0000 -0.9540
vn 0.2501 0.5502 -0.7967
vn -0.2418 0.5502 0.7992
vn -0.2891 -0.0000 0.9573
vn 0.2918 -0.0000 -0.9565
vn 0.9646 -0.0000 0.2635
vn 0.2428 0.5504 -0.7988
vn 0.3184 -0.0000 -0.9480
vn -0.2789 -0.0000 0.9603
vn 0.3184 -0.0000 -0.9479
vn -0.9646 -0.0000 -0.2638
vn -0.2525 0.5501 0.7960
vn 0.9646 -0.0000 0.2637
vn -0.3018 -0.0000 0.9534
vn 0.3043 -0.0000 -0.9526
vn 0.2536 0.5500 -0.7957
vn -0.2560 0.5501 0.7949
vn -0.3060 -0.0000 0.9520
vn 0.3085 -0.0000 -0.9512
vn 0.2571 0.5501 -0.7945
vn -0.2632 0.5499 0.7927
vn -0.3145 -0.0000 0.9493
vn 0.3169 -0.0000 -0.9485
vn 0.2643 0.5498 -0.7924
vn -0.2596 0.5500 0.7938
vn -0.3102 -0.0000 0.9507
vn 0.3128 -0.0000 -0.9498
vn 0.2606 0.5500 -0.7934
vn -0.2454 0.5502 0.7981
vn -0.2933 -0.0000 0.9560
vn 0.2959 -0.0000 -0.9552
vn 0.2465 0.5502 -0.7978
vn 0.3185 -0.0000 -0.9479
vn 0.0671 -0.9745 -0.2142
vn -0.0671 0.9745 0.2142
vn -0.2788 0.0001 0.9603
vn -0.2381 0.5504 0.8002
vn -0.2846 -0.0000 0.9587
vn 0.2873 -0.0000 -0.9579
vn 0.2393 0.5503 -0.7999
vn -0.3185 -0.0000 0.9479
vn 0.2451 0.6459 -0.7230
vn 0.3210 -0.0000 -0.9471
vn -0.7391 0.6425 -0.2023
vn 0.7390 0.6426 0.2021
vn -0.2432 0.6460 0.7236
vn 0.7391 0.6426 0.2021
vn -0.2312 -0.0000 0.9729
vn 0.1783 0.6464 -0.7418
vn 0.2337 -0.0000 -0.9723
vn 0.9648 -0.0000 0.2631
vn -0.9648 -0.0000 -0.2631
vn -0.9648 -0.0000 -0.2630
vn -0.7389 0.6430 -0.2014
vn -0.7388 0.6431 -0.2014
vn 0.7388 0.6431 0.2015
vn -0.1764 0.6464 0.7423
vn -0.7388 0.6431 -0.2015
vn -0.1969 0.5504 0.8113
vn 0.9648 -0.0000 0.2630
vn -0.2353 -0.0000 0.9719
vn 0.2378 -0.0000 -0.9713
vn 0.1980 0.5504 -0.8111
vn -0.9647 -0.0000 -0.2632
vn -0.9647 -0.0000 -0.2633
vn -0.2113 0.5504 0.8077
vn 0.9647 -0.0000 0.2632
vn -0.2525 -0.0000 0.9676
vn 0.2550 -0.0000 -0.9669
vn 0.2124 0.5504 -0.8074
vn -0.2042 0.5504 0.8096
vn 0.9648 -0.0000 0.2632
vn -0.2439 -0.0000 0.9698
vn 0.2463 -0.0000 -0.9692
vn 0.2051 0.5503 -0.8094
vn 0.2739 -0.0000 -0.9618
vn 0.9647 -0.0000 0.2633
vn -0.2338 -0.0000 0.9723
vn -0.2151 0.5505 0.8067
vn -0.2569 -0.0000 0.9664
vn 0.2593 -0.0000 -0.9658
vn 0.2160 0.5505 -0.8064
vn -0.2186 0.5504 0.8057
vn -0.2613 -0.0000 0.9653
vn 0.2637 -0.0000 -0.9646
vn 0.2196 0.5505 -0.8054
vn -0.9647 -0.0000 -0.2634
vn -0.2258 0.5505 0.8037
vn -0.2699 -0.0000 0.9629
vn 0.2723 -0.0000 -0.9622
vn 0.2268 0.5505 -0.8035
vn -0.2222 0.5504 0.8048
vn -0.2656 -0.0000 0.9641
vn 0.2681 -0.0000 -0.9634
vn 0.2232 0.5505 -0.8044
vn -0.2079 0.5504 0.8086
vn -0.2483 -0.0000 0.9687
vn 0.2507 -0.0000 -0.9681
vn 0.2088 0.5504 -0.8084
vn 0.2738 -0.0000 -0.9618
vn 0.0569 -0.9745 -0.2170
vn -0.0570 0.9745 0.2170
vn -0.2339 0.0001 0.9723
vn -0.2005 0.5503 0.8105
vn -0.2396 -0.0000 0.9709
vn 0.2420 -0.0000 -0.9703
vn 0.2016 0.5503 -0.8103
vn -0.2739 -0.0000 0.9618
vn 0.2108 0.6466 -0.7331
vn 0.2109 0.6465 -0.7332
vn 0.2764 -0.0000 -0.9610
vn 0.2764 -0.0000 -0.9611
vn -0.7386 0.6432 -0.2017
vn 0.7387 0.6432 0.2017
vn 0.7387 0.6431 0.2017
vn -0.2090 0.6466 0.7337
vn -0.2089 0.6466 0.7337
vn -0.7386 0.6432 -0.2018
vn -0.1855 -0.0000 0.9827
vn -0.1855 -0.0000 0.9826
vn 0.1436 0.6455 -0.7501
vn 0.1880 -0.0000 -0.9822
vn 0.1881 -0.0000 -0.9822
vn 0.9649 -0.0000 0.2628
vn 0.9648 -0.0000 0.2628
vn -0.9649 -0.0000 -0.2626
vn 0.1435 0.6455 -0.7501
vn -0.1854 -0.0000 0.9827
vn -0.7397 0.6421 -0.2013
vn 0.7397 0.6420 0.2015
vn 0.7397 0.6421 0.2014
vn 0.9649 -0.0000 0.2627
vn -0.1417 0.6453 0.7506
vn -0.1417 0.6454 0.7506
vn -0.7398 0.6421 -0.2013
vn -0.9649 -0.0000 -0.2627
vn -0.1589 0.5494 0.8203
vn -0.1898 -0.0000 0.9818
vn 0.1921 -0.0000 -0.9814
vn 0.1600 0.5494 -0.8201
vn -0.9648 -0.0000 -0.2628
vn -0.1734 0.5497 0.8172
vn -0.2070 -0.0000 0.9783
vn 0.2098 -0.0000 -0.9778
vn 0.1746 0.5499 -0.8168
vn -0.9649 -0.0000 -0.2628
vn -0.1663 0.5496 0.8187
vn -0.1983 -0.0000 0.9801
vn 0.2006 -0.0000 -0.9797
vn 0.1673 0.5497 -0.8185
vn 0.2285 -0.0000 -0.9735
vn -0.9648 -0.0000 -0.2629
vn 0.9648 -0.0000 0.2629
vn -0.1879 -0.0000 0.9822
vn 0.2286 -0.0000 -0.9735
vn -0.1880 -0.0000 0.9822
vn -0.1771 0.5499 0.8162
vn -0.2116 -0.0000 0.9774
vn 0.2138 -0.0000 -0.9769
vn 0.1782 0.5499 -0.8160
vn -0.1807 0.5501 0.8153
vn -0.2159 -0.0000 0.9764
vn 0.2182 -0.0000 -0.9759
vn 0.1818 0.5500 -0.8151
vn -0.1879 0.5502 0.8136
vn -0.2245 -0.0000 0.9745
vn 0.2268 -0.0000 -0.9739
vn 0.1889 0.5502 -0.8134
vn -0.1844 0.5501 0.8145
vn -0.2201 -0.0000 0.9755
vn 0.2228 -0.0000 -0.9749
vn 0.1855 0.5502 -0.8142
vn -0.1698 0.5498 0.8179
vn -0.2027 -0.0000 0.9792
vn 0.2051 -0.0000 -0.9787
vn 0.1709 0.5498 -0.8176
vn 0.0468 -0.9744 -0.2197
vn -0.0468 0.9744 0.2197
vn -0.1883 -0.0000 0.9821
vn -0.1626 0.5494 0.8196
vn -0.1938 -0.0000 0.9810
vn 0.1968 -0.0000 -0.9804
vn 0.1636 0.5495 -0.8193
vn -0.2286 -0.0000 0.9735
vn 0.1764 0.6464 -0.7423
vn 0.1763 0.6464 -0.7423
vn 0.2312 -0.0000 -0.9729
vn -0.2287 -0.0000 0.9735
vn -0.7389 0.6430 -0.2015
vn 0.7389 0.6430 0.2015
vn -0.1744 0.6464 0.7428
vn -0.1745 0.6464 0.7428
vn 0.7389 0.6430 0.2014
vn -0.1412 -0.0000 0.9900
vn 0.1097 0.6449 -0.7564
vn 0.1435 -0.0000 -0.9896
vn 0.1436 -0.0000 -0.9896
vn 0.9984 -0.0000 0.0563
vn -0.9984 -0.0000 -0.0566
vn -0.9984 -0.0000 -0.0565
vn 0.1435 -0.0000 -0.9897
vn 0.1097 0.6449 -0.7563
vn -0.7656 0.6418 -0.0433
vn 0.7657 0.6418 0.0431
vn 0.7657 0.6418 0.0432
vn 0.9984 -0.0000 0.0562
vn -0.9984 -0.0000 -0.0564
vn -0.1078 0.6449 0.7566
vn -0.1079 0.6449 0.7566
vn -0.7656 0.6418 -0.0434
vn -0.1080 0.6448 0.7566
vn -0.1216 0.5486 0.8272
vn 0.9984 -0.0000 0.0565
vn 0.9984 -0.0000 0.0564
vn -0.1451 -0.0000 0.9894
vn 0.1471 -0.0000 -0.9891
vn 0.1226 0.5486 -0.8271
vn -0.9650 -0.0000 -0.2624
vn -0.1353 0.5484 0.8252
vn 0.9649 -0.0000 0.2625
vn 0.9649 -0.0000 0.2624
vn -0.1614 -0.0000 0.9869
vn 0.1637 -0.0000 -0.9865
vn 0.1363 0.5483 -0.8251
vn -0.1286 0.5483 0.8264
vn -0.1531 -0.0000 0.9882
vn 0.1552 -0.0000 -0.9879
vn 0.1294 0.5483 -0.8262
vn 0.1828 -0.0000 -0.9832
vn -0.9853 -0.0000 -0.1707
vn 0.9853 -0.0000 0.1707
vn -0.1436 -0.0000 0.9896
vn 0.1829 -0.0000 -0.9831
vn -0.1437 -0.0000 0.9896
vn -0.9649 -0.0000 -0.2625
vn -0.1390 0.5486 0.8244
vn -0.1655 -0.0000 0.9862
vn 0.1680 -0.0000 -0.9858
vn 0.1400 0.5486 -0.8243
vn -0.1425 0.5488 0.8237
vn -0.1697 -0.0000 0.9855
vn 0.1725 -0.0000 -0.9850
vn 0.9649 -0.0000 0.2626
vn 0.1437 0.5488 -0.8235
vn -0.1500 0.5490 0.8222
vn -0.1786 -0.0000 0.9839
vn 0.1812 -0.0000 -0.9835
vn 0.1509 0.5491 -0.8220
vn -0.1461 0.5488 0.8231
vn -0.1743 -0.0000 0.9847
vn 0.1770 -0.0000 -0.9842
vn 0.1473 0.5490 -0.8227
vn -0.1317 0.5481 0.8259
vn -0.1571 -0.0000 0.9876
vn 0.1593 -0.0000 -0.9872
vn 0.1328 0.5481 -0.8258
vn 0.0369 -0.9742 -0.2226
vn -0.0369 0.9742 0.2226
vn -0.1437 0.0001 0.9896
vn -0.1249 0.5484 0.8268
vn -0.1487 -0.0000 0.9889
vn 0.1513 -0.0000 -0.9885
vn 0.1260 0.5484 -0.8266
vn -0.1829 -0.0000 0.9831
vn 0.1417 0.6454 -0.7506
vn 0.1416 0.6454 -0.7506
vn 0.1855 -0.0000 -0.9826
vn 0.1418 0.6454 -0.7506
vn -0.1830 -0.0000 0.9831
vn -0.7398 0.6420 -0.2013
vn 0.7398 0.6420 0.2015
vn 0.7398 0.6420 0.2014
vn -0.1397 0.6454 0.7510
vn -0.7399 0.6419 -0.2013
vn -0.0988 -0.0000 0.9951
vn -0.0987 -0.0000 0.9951
vn 0.0772 0.6459 -0.7595
vn 0.0770 0.6459 -0.7595
vn 0.1011 -0.0000 -0.9949
vn 0.9984 -0.0000 0.0560
vn 0.9984 -0.0000 0.0561
vn -0.9984 -0.0000 -0.0562
vn -0.9984 -0.0000 -0.0561
vn 0.0773 0.6459 -0.7595
vn -0.7648 0.6429 -0.0429
vn -0.7648 0.6429 -0.0430
vn 0.7648 0.6428 0.0429
vn 0.9984 -0.0000 0.0559
vn -0.9984 -0.0000 -0.0560
vn -0.0754 0.6459 0.7597
vn 0.7649 0.6428 0.0429
vn -0.0754 0.6460 0.7596
vn -0.0862 0.5497 0.8309
vn -0.1026 -0.0000 0.9947
vn 0.1048 -0.0000 -0.9945
vn 0.0871 0.5498 -0.8308
vn -0.9984 -0.0000 -0.0563
vn -0.0997 0.5494 0.8296
vn -0.1187 -0.0000 0.9929
vn 0.1212 -0.0000 -0.9926
vn 0.1007 0.5493 -0.8295
vn -0.0928 0.5495 0.8303
vn -0.1105 -0.0000 0.9939
vn 0.1131 -0.0000 -0.9936
vn 0.0938 0.5495 -0.8302
vn 0.1389 -0.0000 -0.9903
vn -0.1011 -0.0000 0.9949
vn 0.1388 -0.0000 -0.9903
vn -0.1030 0.5492 0.8293
vn -0.1228 -0.0000 0.9924
vn 0.1252 -0.0000 -0.9921
vn 0.1042 0.5492 -0.8292
vn -0.1067 0.5491 0.8289
vn -0.1268 -0.0000 0.9919
vn 0.1294 -0.0000 -0.9916
vn 0.1076 0.5491 -0.8288
vn -0.1132 0.5489 0.8282
vn -0.1348 -0.0000 0.9909
vn 0.1372 -0.0000 -0.9905
vn 0.1142 0.5489 -0.8281
vn -0.1100 0.5491 0.8285
vn -0.1310 -0.0000 0.9914
vn 0.1333 -0.0000 -0.9911
vn 0.1110 0.5489 -0.8285
vn -0.0962 0.5495 0.8299
vn -0.1147 -0.0000 0.9934
vn 0.1172 -0.0000 -0.9931
vn 0.0972 0.5495 -0.8298
vn 0.0270 -0.9744 -0.2233
vn -0.0270 0.9744 0.2233
vn -0.1013 -0.0000 0.9949
vn -0.0896 0.5497 0.8306
vn -0.1065 -0.0000 0.9943
vn 0.1093 -0.0000 -0.9940
vn 0.0905 0.5496 -0.8305
vn -0.1388 -0.0000 0.9903
vn -0.1387 -0.0000 0.9903
vn 0.1079 0.6449 -0.7566
vn 0.1078 0.6449 -0.7566
vn 0.1411 -0.0000 -0.9900
vn -0.1389 -0.0000 0.9903
vn -0.7656 0.6419 -0.0433
vn 0.7656 0.6419 0.0431
vn 0.7655 0.6419 0.0431
vn -0.1061 0.6451 0.7567
vn -0.1061 0.6450 0.7568
vn -0.1060 0.6449 0.7568
vn -0.0562 -0.0000 0.9984
vn 0.0447 0.6462 -0.7618
vn 0.0447 0.6463 -0.7618
vn 0.0586 -0.0000 -0.9983
vn 0.0585 -0.0000 -0.9983
vn 0.9985 -0.0000 0.0556
vn -0.9984 -0.0000 -0.0557
vn 0.0446 0.6462 -0.7618
vn -0.7645 0.6432 -0.0426
vn 0.7645 0.6432 0.0426
vn -0.0429 0.6464 0.7618
vn -0.0428 0.6463 0.7619
vn -0.7644 0.6433 -0.0426
vn -0.0428 0.6462 0.7620
vn -0.0506 0.5502 0.8335
vn 0.9984 -0.0000 0.0557
vn -0.0600 -0.0000 0.9982
vn 0.0624 -0.0000 -0.9980
vn 0.0516 0.5501 -0.8335
vn -0.9984 -0.0000 -0.0558
vn -0.0642 0.5501 0.8327
vn 0.9984 -0.0000 0.0558
vn -0.0761 -0.0000 0.9971
vn 0.0788 -0.0000 -0.9969
vn 0.0652 0.5500 -0.8326
vn -0.0575 0.5501 0.8331
vn -0.0682 -0.0000 0.9977
vn 0.0704 -0.0000 -0.9975
vn 0.0583 0.5501 -0.8330
vn 0.0965 -0.0000 -0.9953
vn -0.9984 -0.0000 -0.0559
vn -0.0588 -0.0000 0.9983
vn 0.0964 -0.0000 -0.9953
vn -0.0587 -0.0000 0.9983
vn -0.0677 0.5499 0.8325
vn -0.0804 -0.0000 0.9968
vn 0.0827 -0.0000 -0.9966
vn 0.0686 0.5500 -0.8324
vn -0.0711 0.5500 0.8321
vn -0.0844 -0.0000 0.9964
vn 0.0868 -0.0000 -0.9962
vn 0.0720 0.5500 -0.8320
vn -0.0776 0.5499 0.8316
vn -0.0926 -0.0000 0.9957
vn 0.0947 -0.0000 -0.9955
vn 0.0787 0.5499 -0.8315
vn -0.0744 0.5499 0.8319
vn -0.0888 -0.0000 0.9961
vn 0.0908 -0.0000 -0.9959
vn 0.0754 0.5500 -0.8318
vn -0.0607 0.5502 0.8328
vn -0.0723 -0.0000 0.9974
vn 0.0745 -0.0000 -0.9972
vn 0.0617 0.5502 -0.8328
vn 0.0963 -0.0000 -0.9954
vn 0.0174 -0.9745 -0.2238
vn -0.0174 0.9745 0.2238
vn -0.0586 -0.0000 0.9983
vn -0.0541 0.5502 0.8333
vn -0.0642 -0.0000 0.9979
vn 0.0662 -0.0000 -0.9978
vn 0.0550 0.5501 -0.8333
vn -0.0964 -0.0000 0.9953
vn 0.0754 0.6460 -0.7596
vn 0.0755 0.6460 -0.7596
vn 0.0988 -0.0000 -0.9951
vn 0.0987 -0.0000 -0.9951
vn 0.0753 0.6460 -0.7596
vn -0.7647 0.6430 -0.0430
vn 0.7647 0.6429 0.0429
vn -0.0736 0.6460 0.7598
vn 0.7648 0.6429 0.0428
vn -0.7648 0.6428 -0.0429
vn -0.0135 -0.0000 0.9999
vn -0.0136 -0.0000 0.9999
vn 0.0121 0.6460 -0.7633
vn 0.0122 0.6460 -0.7632
vn 0.0159 -0.0000 -0.9999
vn 0.9985 -0.0000 0.0554
vn -0.9985 -0.0000 -0.0553
vn 0.0121 0.6459 -0.7633
vn -0.7648 0.6429 -0.0424
vn 0.7648 0.6429 0.0425
vn 0.9985 -0.0000 0.0555
vn -0.9985 -0.0000 -0.0554
vn -0.0103 0.6460 0.7633
vn 0.7648 0.6429 0.0424
vn -0.7648 0.6429 -0.0423
vn -0.0103 0.6459 0.7634
vn -0.0149 0.5498 0.8351
vn -0.0175 -0.0000 0.9998
vn 0.0200 -0.0000 -0.9998
vn 0.0160 0.5498 -0.8351
vn -0.9985 -0.0000 -0.0555
vn -0.0285 0.5501 0.8346
vn -0.0336 -0.0000 0.9994
vn 0.0361 -0.0000 -0.9993
vn 0.0294 0.5500 -0.8346
vn -0.0219 0.5500 0.8349
vn -0.0255 -0.0000 0.9997
vn 0.0279 -0.0000 -0.9996
vn 0.0229 0.5500 -0.8349
vn 0.0539 -0.0000 -0.9985
vn -0.0160 -0.0000 0.9999
vn -0.0159 -0.0000 0.9999
vn -0.9985 -0.0000 -0.0556
vn -0.0319 0.5501 0.8345
vn -0.0376 -0.0000 0.9993
vn 0.0399 -0.0000 -0.9992
vn 0.0329 0.5500 -0.8345
vn -0.0353 0.5502 0.8343
vn -0.0421 -0.0000 0.9991
vn 0.0443 -0.0000 -0.9990
vn 0.0363 0.5500 -0.8344
vn -0.0422 0.5501 0.8340
vn -0.0502 -0.0000 0.9987
vn 0.0522 -0.0000 -0.9986
vn 0.0430 0.5502 -0.8339
vn -0.0387 0.5502 0.8342
vn -0.0456 -0.0000 0.9990
vn 0.0484 -0.0000 -0.9988
vn 0.0398 0.5501 -0.8341
vn -0.0253 0.5500 0.8348
vn -0.0293 -0.0000 0.9996
vn 0.0318 -0.0000 -0.9995
vn 0.0262 0.5499 -0.8348
vn 0.0540 -0.0000 -0.9985
vn 0.0078 -0.9745 -0.2244
vn -0.0078 0.9745 0.2244
vn -0.0161 -0.0000 0.9999
vn -0.0182 0.5500 0.8350
vn -0.0215 -0.0000 0.9998
vn 0.0238 -0.0000 -0.9997
vn 0.0194 0.5500 -0.8350
vn -0.0537 -0.0000 0.9986
vn -0.0538 -0.0000 0.9986
vn 0.0428 0.6463 -0.7619
vn 0.0429 0.6463 -0.7619
vn 0.0562 -0.0000 -0.9984
vn -0.0410 0.6462 0.7620
vn -0.0410 0.6463 0.7620
vn 0.7645 0.6432 0.0427
vn -0.7645 0.6432 -0.0427
vn -0.0409 0.6463 0.7619
vn 0.0291 -0.0000 0.9996
vn -0.0205 0.6450 -0.7639
vn -0.0204 0.6450 -0.7639
vn -0.0268 -0.0000 -0.9996
vn 0.9985 -0.0000 0.0551
vn -0.9985 -0.0000 -0.0550
vn -0.9985 -0.0000 -0.0549
vn -0.7656 0.6419 -0.0421
vn 0.7656 0.6420 0.0422
vn 0.0222 0.6450 0.7639
vn 0.0223 0.6450 0.7639
vn 0.7656 0.6419 0.0422
vn 0.0223 0.6449 0.7639
vn 0.0209 0.5488 0.8357
vn 0.0256 -0.0000 0.9997
vn -0.0229 -0.0000 -0.9997
vn -0.0196 0.5489 -0.8357
vn -0.9985 -0.0000 -0.0551
vn 0.0069 0.5494 0.8355
vn 0.9985 -0.0000 0.0552
vn 0.0091 -0.0000 1.0000
vn -0.0065 -0.0000 -1.0000
vn -0.0057 0.5493 -0.8356
vn -0.9985 -0.0000 -0.0552
vn 0.0140 0.5490 0.8357
vn 0.0173 -0.0000 0.9999
vn -0.0147 -0.0000 -0.9999
vn -0.0128 0.5493 -0.8355
vn 0.0110 -0.0000 -0.9999
vn 0.0269 -0.0000 0.9996
vn 0.0109 -0.0000 -0.9999
vn 0.0268 -0.0000 0.9996
vn 0.0038 0.5494 0.8355
vn 0.0050 -0.0000 1.0000
vn -0.0024 -0.0000 -1.0000
vn 0.9985 -0.0000 0.0553
vn -0.0026 0.5495 -0.8355
vn 0.0004 0.5495 0.8355
vn 0.0011 -0.0000 1.0000
vn 0.0014 -0.0000 -1.0000
vn 0.0007 0.5496 -0.8355
vn -0.0066 0.5497 0.8353
vn -0.0068 -0.0000 1.0000
vn 0.0092 -0.0000 -1.0000
vn 0.0072 0.5497 -0.8354
vn -0.0030 0.5496 0.8354
vn -0.0030 -0.0000 1.0000
vn 0.0057 -0.0000 -1.0000
vn 0.0041 0.5497 -0.8353
vn 0.0104 0.5493 0.8356
vn 0.0131 -0.0000 0.9999
vn -0.0105 -0.0000 -0.9999
vn -0.0094 0.5493 -0.8356
vn 0.0111 -0.0000 -0.9999
vn -0.0017 -0.9744 -0.2249
vn 0.0017 0.9744 0.2249
vn 0.0265 -0.0000 0.9996
vn 0.0171 0.5490 0.8357
vn 0.9985 -0.0000 0.0550
vn 0.0212 -0.0000 0.9998
vn -0.0189 -0.0000 -0.9998
vn -0.0163 0.5491 -0.8356
vn -0.0111 -0.0000 0.9999
vn 0.0103 0.6460 -0.7632
vn 0.0104 0.6460 -0.7632
vn 0.0135 -0.0000 -0.9999
vn 0.0136 -0.0000 -0.9999
vn 0.0103 0.6460 -0.7633
vn -0.0112 -0.0000 0.9999
vn 0.7648 0.6428 0.0424
vn -0.0085 0.6459 0.7633
vn -0.0085 0.6459 0.7634
vn 0.7649 0.6428 0.0424
vn -0.7648 0.6428 -0.0423
vn -0.0085 0.6458 0.7634
vn 0.0713 -0.0000 0.9975
vn -0.0527 0.6452 -0.7622
vn -0.0526 0.6451 -0.7623
vn -0.0690 -0.0000 -0.9976
vn 0.9898 -0.0000 -0.1424
vn -0.9898 -0.0000 0.1421
vn -0.9898 -0.0000 0.1422
vn -0.0528 0.6452 -0.7622
vn -0.7587 0.6422 0.1091
vn -0.7587 0.6422 0.1090
vn 0.7587 0.6422 -0.1092
vn 0.9898 -0.0000 -0.1425
vn -0.9898 -0.0000 0.1423
vn 0.0545 0.6453 0.7620
vn 0.7587 0.6422 -0.1091
vn 0.0545 0.6452 0.7620
vn 0.0560 0.5490 0.8340
vn 0.9898 -0.0000 -0.1423
vn 0.0676 -0.0000 0.9977
vn -0.0651 -0.0000 -0.9979
vn -0.0550 0.5489 -0.8341
vn -0.9899 -0.0000 0.1421
vn 0.0427 0.5485 0.8351
vn 0.9898 -0.0000 -0.1421
vn 0.0520 -0.0000 0.9986
vn -0.0491 -0.0000 -0.9988
vn -0.0415 0.5485 -0.8351
vn 0.0493 0.5488 0.8345
vn 0.9898 -0.0000 -0.1422
vn 0.0598 -0.0000 0.9982
vn -0.0572 -0.0000 -0.9984
vn -0.0482 0.5486 -0.8347
vn -0.0313 -0.0000 -0.9995
vn -0.9969 -0.0000 0.0788
vn 0.9969 -0.0000 -0.0788
vn 0.0690 -0.0000 0.9976
vn -0.0312 -0.0000 -0.9995
vn 0.0692 -0.0000 0.9976
vn 0.0393 0.5483 0.8354
vn 0.9899 -0.0000 -0.1421
vn 0.0473 -0.0000 0.9989
vn -0.0454 -0.0000 -0.9990
vn -0.0384 0.5482 -0.8354
vn -0.9985 -0.0000 -0.0548
vn 0.0360 0.5484 0.8355
vn 0.9985 -0.0000 0.0549
vn 0.0437 -0.0000 0.9990
vn -0.0409 -0.0000 -0.9992
vn 0.9985 -0.0000 0.0548
vn -0.0347 0.5483 -0.8355
vn 0.0292 0.5486 0.8356
vn 0.0354 -0.0000 0.9994
vn -0.0332 -0.0000 -0.9995
vn -0.0283 0.5487 -0.8356
vn 0.0323 0.5484 0.8356
vn 0.0397 -0.0000 0.9992
vn -0.0372 -0.0000 -0.9993
vn -0.0313 0.5484 -0.8356
vn 0.0460 0.5486 0.8348
vn 0.0555 -0.0000 0.9985
vn -0.0533 -0.0000 -0.9986
vn -0.0449 0.5484 -0.8350
vn -0.0315 -0.0000 -0.9995
vn -0.0113 -0.9742 -0.2252
vn 0.0113 0.9742 0.2252
vn 0.0528 0.5488 0.8343
vn 0.0636 -0.0000 0.9980
vn -0.0611 -0.0000 -0.9981
vn -0.0517 0.5488 -0.8344
vn 0.0316 -0.0000 0.9995
vn 0.0315 -0.0000 0.9995
vn -0.0223 0.6450 -0.7639
vn -0.0222 0.6449 -0.7639
vn -0.0291 -0.0000 -0.9996
vn -0.7657 0.6419 -0.0421
vn -0.7657 0.6418 -0.0421
vn 0.7657 0.6418 0.0422
vn 0.0241 0.6449 0.7639
vn 0.7657 0.6418 0.0423
vn 0.0240 0.6449 0.7639
vn 0.1130 -0.0000 0.9936
vn 0.1129 -0.0000 0.9936
vn -0.0846 0.6460 -0.7587
vn -0.0845 0.6460 -0.7586
vn -0.1108 -0.0000 -0.9938
vn 0.9898 -0.0000 -0.1427
vn -0.9898 -0.0000 0.1426
vn -0.0846 0.6459 -0.7587
vn 0.1131 -0.0000 0.9936
vn -0.7579 0.6431 0.1093
vn -0.7579 0.6431 0.1092
vn 0.7580 0.6431 -0.1093
vn -0.9898 -0.0000 0.1427
vn 0.0863 0.6460 0.7584
vn 0.0863 0.6461 0.7584
vn 0.7580 0.6430 -0.1093
vn 0.0862 0.6461 0.7584
vn 0.0908 0.5499 0.8303
vn 0.9898 -0.0000 -0.1426
vn 0.1096 -0.0000 0.9940
vn -0.1071 -0.0000 -0.9942
vn -0.0897 0.5498 -0.8304
vn -0.9898 -0.0000 0.1425
vn 0.0777 0.5496 0.8318
vn 0.0934 -0.0000 0.9956
vn -0.0908 -0.0000 -0.9959
vn -0.0766 0.5495 -0.8320
vn 0.0841 0.5497 0.8311
vn 0.1013 -0.0000 0.9949
vn -0.0991 -0.0000 -0.9951
vn -0.0830 0.5497 -0.8312
vn -0.0737 -0.0000 -0.9973
vn 0.1105 -0.0000 0.9939
vn -0.9898 -0.0000 0.1424
vn 0.0741 0.5496 0.8321
vn 0.0894 -0.0000 0.9960
vn -0.0868 -0.0000 -0.9962
vn -0.0732 0.5495 -0.8323
vn 0.0708 0.5494 0.8325
vn 0.0856 -0.0000 0.9963
vn -0.0831 -0.0000 -0.9965
vn -0.0697 0.5493 -0.8327
vn 0.0642 0.5492 0.8332
vn 0.0774 -0.0000 0.9970
vn -0.0749 -0.0000 -0.9972
vn -0.0633 0.5494 -0.8331
vn 0.0675 0.5494 0.8328
vn 0.0812 -0.0000 0.9967
vn -0.0791 -0.0000 -0.9969
vn -0.0664 0.5493 -0.8330
vn 0.0812 0.5497 0.8314
vn 0.0979 -0.0000 0.9952
vn -0.0950 -0.0000 -0.9955
vn -0.0799 0.5495 -0.8316
vn -0.0208 -0.9744 -0.2238
vn 0.0208 0.9744 0.2238
vn 0.1109 -0.0000 0.9938
vn 0.0875 0.5499 0.8307
vn 0.1052 -0.0000 0.9945
vn -0.1034 -0.0000 -0.9946
vn -0.0865 0.5497 -0.8309
vn 0.0737 -0.0000 0.9973
vn -0.0545 0.6453 -0.7620
vn -0.0713 -0.0000 -0.9975
vn -0.0714 -0.0000 -0.9975
vn -0.0545 0.6452 -0.7620
vn -0.7586 0.6423 0.1090
vn -0.7587 0.6423 0.1090
vn 0.7587 0.6423 -0.1091
vn 0.0562 0.6453 0.7618
vn 0.7586 0.6423 -0.1091
vn 0.0563 0.6453 0.7618
vn 0.1547 -0.0000 0.9880
vn 0.1546 -0.0000 0.9880
vn -0.1163 0.6462 -0.7542
vn -0.1523 -0.0000 -0.9883
vn -0.1522 -0.0000 -0.9883
vn 0.9897 -0.0000 -0.1430
vn -0.9897 -0.0000 0.1431
vn -0.9897 -0.0000 0.1430
vn -0.1524 -0.0000 -0.9883
vn -0.1162 0.6462 -0.7542
vn -0.7579 0.6432 0.1095
vn 0.7579 0.6432 -0.1095
vn 0.7579 0.6431 -0.1095
vn 0.1180 0.6462 0.7540
vn 0.7578 0.6432 -0.1095
vn -0.7578 0.6432 0.1095
vn 0.1180 0.6461 0.7540
vn 0.1255 0.5501 0.8256
vn 0.1510 -0.0000 0.9885
vn -0.1490 -0.0000 -0.9888
vn 0.9897 -0.0000 -0.1429
vn -0.1247 0.5500 -0.8258
vn -0.9898 -0.0000 0.1428
vn 0.1125 0.5500 0.8275
vn 0.9897 -0.0000 -0.1428
vn 0.9898 -0.0000 -0.1428
vn 0.1352 -0.0000 0.9908
vn -0.1329 -0.0000 -0.9911
vn -0.1114 0.5502 -0.8276
vn -0.9897 -0.0000 0.1429
vn 0.1191 0.5501 0.8265
vn 0.1427 -0.0000 0.9898
vn -0.1409 -0.0000 -0.9900
vn -0.1180 0.5501 -0.8268
vn -0.1153 -0.0000 -0.9933
vn -0.9897 -0.0000 0.1428
vn 0.1521 -0.0000 0.9884
vn 0.1089 0.5501 0.8280
vn 0.1309 -0.0000 0.9914
vn -0.1289 -0.0000 -0.9917
vn -0.1081 0.5501 -0.8281
vn 0.1056 0.5501 0.8284
vn 0.1271 -0.0000 0.9919
vn -0.1250 -0.0000 -0.9922
vn -0.1048 0.5501 -0.8285
vn 0.0988 0.5500 0.8293
vn 0.1191 -0.0000 0.9929
vn -0.1170 -0.0000 -0.9931
vn -0.0981 0.5501 -0.8293
vn 0.1023 0.5501 0.8288
vn 0.1230 -0.0000 0.9924
vn -0.1209 -0.0000 -0.9927
vn -0.1012 0.5500 -0.8290
vn 0.1156 0.5503 0.8269
vn 0.1391 -0.0000 0.9903
vn -0.1368 -0.0000 -0.9906
vn -0.1149 0.5499 -0.8273
vn -0.0300 -0.9745 -0.2225
vn 0.0300 0.9745 0.2225
vn 0.1524 -0.0000 0.9883
vn 0.1222 0.5501 0.8261
vn 0.1469 -0.0000 0.9892
vn -0.1448 -0.0000 -0.9895
vn -0.1212 0.5502 -0.8262
vn 0.1154 -0.0000 0.9933
vn -0.0862 0.6461 -0.7583
vn -0.0862 0.6461 -0.7584
vn -0.1130 -0.0000 -0.9936
vn -0.1129 -0.0000 -0.9936
vn -0.1131 -0.0000 -0.9936
vn -0.0863 0.6461 -0.7583
vn -0.7580 0.6430 0.1093
vn -0.7580 0.6430 0.1092
vn 0.7579 0.6431 -0.1093
vn 0.0881 0.6460 0.7582
vn 0.0881 0.6461 0.7582
vn -0.7580 0.6431 0.1092
vn 0.1960 -0.0000 0.9806
vn 0.1959 -0.0000 0.9806
vn -0.1478 0.6457 -0.7491
vn -0.1936 -0.0000 -0.9811
vn 0.9897 -0.0000 -0.1433
vn -0.9897 -0.0000 0.1434
vn -0.1478 0.6458 -0.7491
vn -0.7582 0.6427 0.1098
vn 0.7582 0.6427 -0.1097
vn 0.9897 -0.0000 -0.1432
vn -0.9897 -0.0000 0.1433
vn 0.1495 0.6457 0.7488
vn 0.1496 0.6457 0.7488
vn 0.7582 0.6427 -0.1098
vn -0.7582 0.6427 0.1099
vn 0.1600 0.5496 0.8200
vn 0.1924 -0.0000 0.9813
vn -0.1898 -0.0000 -0.9818
vn -0.1589 0.5496 -0.8202
vn -0.9897 -0.0000 0.1432
vn 0.1469 0.5500 0.8222
vn 0.9897 -0.0000 -0.1431
vn 0.1763 -0.0000 0.9843
vn -0.1743 -0.0000 -0.9847
vn -0.1462 0.5499 -0.8223
vn 0.1535 0.5498 0.8211
vn 0.1843 -0.0000 0.9829
vn -0.1821 -0.0000 -0.9833
vn -0.1524 0.5498 -0.8213
vn -0.1568 -0.0000 -0.9876
vn 0.1934 -0.0000 0.9811
vn -0.1569 -0.0000 -0.9876
vn 0.1436 0.5499 0.8228
vn 0.1723 -0.0000 0.9850
vn -0.1704 -0.0000 -0.9854
vn -0.1426 0.5499 -0.8229
vn 0.1404 0.5500 0.8233
vn 0.1687 -0.0000 0.9857
vn -0.1661 -0.0000 -0.9861
vn -0.1393 0.5499 -0.8236
vn 0.1339 0.5499 0.8244
vn 0.1605 -0.0000 0.9870
vn -0.1584 -0.0000 -0.9874
vn -0.1327 0.5501 -0.8245
vn 0.1370 0.5500 0.8239
vn 0.1648 -0.0000 0.9863
vn -0.1624 -0.0000 -0.9867
vn -0.1362 0.5500 -0.8240
vn 0.1502 0.5498 0.8216
vn 0.1806 -0.0000 0.9836
vn -0.1785 -0.0000 -0.9839
vn -0.1492 0.5498 -0.8219
vn -0.0393 -0.9745 -0.2211
vn 0.0394 0.9745 0.2211
vn 0.1936 -0.0000 0.9811
vn 0.1570 0.5497 0.8205
vn 0.1887 -0.0000 0.9820
vn -0.1859 -0.0000 -0.9826
vn -0.1561 0.5497 -0.8206
vn 0.1570 -0.0000 0.9876
vn -0.1180 0.6462 -0.7540
vn -0.1546 -0.0000 -0.9880
vn -0.7578 0.6433 0.1095
vn 0.1197 0.6463 0.7537
vn 0.1197 0.6462 0.7537
vn -0.7579 0.6431 0.1095
vn 0.1198 0.6462 0.7537
vn -0.1793 0.6446 -0.7432
vn -0.2346 -0.0000 -0.9721
vn -0.2347 -0.0000 -0.9721
vn 0.9896 -0.0000 -0.1435
vn 0.9897 -0.0000 -0.1435
vn -0.9896 -0.0000 0.1437
vn -0.2345 -0.0000 -0.9721
vn -0.7591 0.6416 0.1103
vn 0.7591 0.6416 -0.1101
vn 0.1808 0.6446 0.7428
vn 0.1811 0.6446 0.7428
vn 0.7592 0.6415 -0.1101
vn -0.7590 0.6416 0.1102
vn 0.1813 0.6445 0.7428
vn 0.1945 0.5486 0.8132
vn 0.9896 -0.0000 -0.1437
vn 0.2333 -0.0000 0.9724
vn -0.2308 -0.0000 -0.9730
vn -0.1935 0.5484 -0.8135
vn -0.9896 -0.0000 0.1435
vn 0.1812 0.5490 0.8159
vn 0.2177 -0.0000 0.9760
vn -0.2151 -0.0000 -0.9766
vn -0.1803 0.5491 -0.8161
vn 0.1882 0.5487 0.8145
vn 0.2253 -0.0000 0.9743
vn -0.2232 -0.0000 -0.9748
vn -0.1870 0.5488 -0.8148
vn -0.1983 -0.0000 -0.9801
vn -0.9897 -0.0000 0.1435
vn 0.2348 -0.0000 0.9720
vn -0.1982 -0.0000 -0.9802
vn 0.2347 -0.0000 0.9721
vn 0.1780 0.5491 0.8166
vn 0.9897 -0.0000 -0.1434
vn 0.2137 -0.0000 0.9769
vn -0.2116 -0.0000 -0.9774
vn -0.1773 0.5491 -0.8167
vn 0.1746 0.5493 0.8172
vn 0.2099 -0.0000 0.9777
vn -0.2073 -0.0000 -0.9783
vn -0.1740 0.5492 -0.8174
vn 0.1683 0.5494 0.8184
vn 0.2021 -0.0000 0.9794
vn -0.1997 -0.0000 -0.9799
vn -0.1672 0.5495 -0.8186
vn 0.1716 0.5493 0.8178
vn 0.2059 -0.0000 0.9786
vn -0.2035 -0.0000 -0.9791
vn -0.1705 0.5494 -0.8180
vn 0.1847 0.5489 0.8152
vn 0.2217 -0.0000 0.9751
vn -0.2192 -0.0000 -0.9757
vn -0.1837 0.5489 -0.8154
vn -0.0487 -0.9743 -0.2198
vn 0.0487 0.9743 0.2197
vn 0.1912 0.5487 0.8139
vn 0.2293 -0.0000 0.9733
vn -0.2269 -0.0000 -0.9739
vn -0.1901 0.5487 -0.8141
vn 0.1982 -0.0000 0.9802
vn 0.1983 -0.0000 0.9801
vn -0.1496 0.6458 -0.7487
vn -0.1960 -0.0000 -0.9806
vn -0.1959 -0.0000 -0.9806
vn -0.1495 0.6458 -0.7487
vn -0.7582 0.6426 0.1099
vn 0.1514 0.6455 0.7486
vn 0.1514 0.6456 0.7486
vn 0.7583 0.6426 -0.1098
vn 0.1514 0.6456 0.7485
vn 0.2798 -0.0000 0.9601
vn 0.2796 -0.0000 0.9601
vn -0.2117 0.6458 -0.7336
vn -0.2774 -0.0000 -0.9608
vn 0.9410 -0.0000 -0.3385
vn -0.9410 -0.0000 0.3384
vn -0.9410 -0.0000 0.3383
vn -0.2118 0.6457 -0.7336
vn 0.2799 -0.0000 0.9600
vn -0.7211 0.6425 0.2592
vn -0.7211 0.6425 0.2593
vn 0.7211 0.6424 -0.2594
vn -0.9411 -0.0000 0.3383
vn 0.2137 0.6457 0.7330
vn 0.2136 0.6457 0.7331
vn -0.7211 0.6424 0.2593
vn 0.2135 0.6457 0.7331
vn 0.2298 0.5495 0.8033
vn 0.9410 -0.0000 -0.3383
vn 0.9410 -0.0000 -0.3384
vn 0.2760 -0.0000 0.9611
vn -0.2735 -0.0000 -0.9619
vn -0.2289 0.5495 -0.8035
vn -0.9411 -0.0000 0.3382
vn 0.2163 0.5491 0.8073
vn 0.9411 -0.0000 -0.3382
vn 0.2594 -0.0000 0.9658
vn -0.2573 -0.0000 -0.9663
vn -0.2153 0.5489 -0.8077
vn 0.2235 0.5492 0.8053
vn 0.2680 -0.0000 0.9634
vn -0.2651 -0.0000 -0.9642
vn -0.2223 0.5492 -0.8055
vn -0.2391 -0.0000 -0.9710
vn -0.9466 -0.0000 0.3225
vn 0.9466 -0.0000 -0.3225
vn 0.2774 -0.0000 0.9607
vn -0.2392 -0.0000 -0.9710
vn 0.2777 -0.0000 0.9607
vn 0.2130 0.5489 0.8083
vn 0.2554 -0.0000 0.9668
vn -0.2529 -0.0000 -0.9675
vn -0.2119 0.5488 -0.8087
vn -0.9411 -0.0000 0.3381
vn 0.2096 0.5487 0.8093
vn 0.2514 -0.0000 0.9679
vn -0.2485 -0.0000 -0.9686
vn -0.2086 0.5486 -0.8097
vn -0.9645 -0.0000 0.2639
vn -0.9789 -0.0000 0.2041
vn -0.9789 -0.0000 0.2042
vn 0.2028 0.5482 0.8114
vn 0.9645 -0.0000 -0.2639
vn 0.9789 -0.0000 -0.2042
vn 0.9790 -0.0000 -0.2041
vn 0.2430 -0.0000 0.9700
vn -0.2407 -0.0000 -0.9706
vn -0.2017 0.5482 -0.8116
vn -0.9896 -0.0000 0.1438
vn 0.2060 0.5486 0.8103
vn 0.9411 -0.0000 -0.3381
vn 0.2471 -0.0000 0.9690
vn -0.2444 -0.0000 -0.9697
vn -0.2051 0.5485 -0.8106
vn 0.2199 0.5491 0.8063
vn 0.9411 -0.0000 -0.3383
vn 0.2637 -0.0000 0.9646
vn -0.2613 -0.0000 -0.9653
vn -0.2190 0.5490 -0.8066
vn -0.2390 -0.0000 -0.9710
vn -0.0582 -0.9743 -0.2176
vn 0.0582 0.9743 0.2176
vn 0.2776 -0.0000 0.9607
vn 0.2267 0.5494 0.8042
vn 0.2719 -0.0000 0.9623
vn -0.2697 -0.0000 -0.9629
vn -0.2255 0.5493 -0.8046
vn 0.2391 -0.0000 0.9710
vn 0.2392 -0.0000 0.9710
vn -0.1811 0.6445 -0.7428
vn -0.1810 0.6445 -0.7428
vn -0.1812 0.6445 -0.7429
vn -0.7591 0.6415 0.1103
vn 0.7592 0.6414 -0.1101
vn 0.1829 0.6443 0.7425
vn 0.1829 0.6444 0.7425
vn 0.7592 0.6414 -0.1102
vn 0.3226 -0.0000 0.9465
vn -0.2444 0.6463 -0.7229
vn -0.2444 0.6464 -0.7228
vn -0.3202 -0.0000 -0.9473
vn -0.3203 -0.0000 -0.9473
vn 0.9409 -0.0000 -0.3388
vn -0.9409 -0.0000 0.3388
vn -0.9409 -0.0000 0.3387
vn -0.2443 0.6463 -0.7229
vn 0.3227 -0.0000 0.9465
vn -0.7204 0.6432 0.2594
vn -0.7205 0.6432 0.2594
vn 0.7205 0.6431 -0.2594
vn 0.2463 0.6463 0.7222
vn 0.2461 0.6464 0.7222
vn -0.7205 0.6431 0.2594
vn 0.2460 0.6464 0.7223
vn 0.2658 0.5503 0.7916
vn 0.9409 -0.0000 -0.3387
vn 0.3188 -0.0000 0.9478
vn -0.3162 -0.0000 -0.9487
vn -0.2648 0.5502 -0.7920
vn -0.9410 -0.0000 0.3385
vn -0.9409 -0.0000 0.3386
vn 0.2522 0.5500 0.7962
vn 0.9409 -0.0000 -0.3386
vn 0.3027 -0.0000 0.9531
vn -0.3000 -0.0000 -0.9539
vn -0.2512 0.5500 -0.7965
vn 0.2590 0.5501 0.7939
vn 0.3111 -0.0000 0.9504
vn -0.3084 -0.0000 -0.9513
vn -0.2581 0.5501 -0.7942
vn -0.2822 -0.0000 -0.9594
vn 0.3204 -0.0000 0.9473
vn 0.2486 0.5499 0.7974
vn 0.9409 -0.0000 -0.3385
vn 0.2985 -0.0000 0.9544
vn -0.2958 -0.0000 -0.9553
vn -0.2477 0.5500 -0.7976
vn 0.2452 0.5498 0.7985
vn 0.2944 -0.0000 0.9557
vn -0.2920 -0.0000 -0.9564
vn -0.2445 0.5499 -0.7987
vn 0.2384 0.5496 0.8007
vn 0.2858 -0.0000 0.9583
vn -0.2836 -0.0000 -0.9589
vn -0.2374 0.5497 -0.8009
vn 0.2419 0.5499 0.7994
vn 0.2902 -0.0000 0.9570
vn -0.2877 -0.0000 -0.9577
vn -0.2409 0.5498 -0.7998
vn 0.2556 0.5501 0.7950
vn 0.3066 -0.0000 0.9518
vn -0.3040 -0.0000 -0.9527
vn -0.2545 0.5499 -0.7955
vn -0.2823 -0.0000 -0.9593
vn -0.0677 -0.9744 -0.2142
vn 0.0677 0.9744 0.2142
vn 0.3203 -0.0000 0.9473
vn 0.2627 0.5502 0.7927
vn 0.3147 -0.0000 0.9492
vn -0.3125 -0.0000 -0.9499
vn -0.2614 0.5502 -0.7931
vn 0.2822 -0.0000 0.9593
vn 0.2822 -0.0000 0.9594
vn -0.2136 0.6457 -0.7331
vn -0.2798 -0.0000 -0.9601
vn -0.2796 -0.0000 -0.9601
vn -0.2799 -0.0000 -0.9600
vn -0.2136 0.6458 -0.7331
vn 0.2823 -0.0000 0.9593
vn -0.7212 0.6424 0.2593
vn 0.7210 0.6426 -0.2594
vn 0.7210 0.6425 -0.2593
vn 0.2156 0.6457 0.7325
vn 0.2155 0.6458 0.7325
vn 0.7209 0.6426 -0.2594
vn 0.3647 -0.0000 0.9311
vn 0.3648 -0.0000 0.9311
vn -0.2766 0.6463 -0.7112
vn -0.2766 0.6463 -0.7111
vn -0.3625 -0.0000 -0.9320
vn -0.3623 -0.0000 -0.9320
vn 0.9407 -0.0000 -0.3391
vn 0.9408 -0.0000 -0.3391
vn -0.9407 -0.0000 0.3392
vn -0.3626 -0.0000 -0.9320
vn -0.7204 0.6431 0.2597
vn -0.7204 0.6430 0.2597
vn 0.7204 0.6431 -0.2597
vn -0.9407 -0.0000 0.3391
vn 0.2785 0.6463 0.7105
vn 0.2784 0.6463 0.7105
vn -0.7205 0.6430 0.2597
vn 0.2783 0.6463 0.7105
vn -0.9408 -0.0000 0.3391
vn 0.3012 0.5502 0.7788
vn 0.3611 -0.0000 0.9325
vn -0.3588 -0.0000 -0.9334
vn -0.3001 0.5502 -0.7792
vn -0.9408 -0.0000 0.3389
vn 0.2879 0.5503 0.7838
vn 0.3451 -0.0000 0.9386
vn -0.3426 -0.0000 -0.9395
vn -0.2868 0.5503 -0.7841
vn -0.9408 -0.0000 0.3390
vn 0.2944 0.5501 0.7815
vn 0.3528 -0.0000 0.9357
vn -0.3509 -0.0000 -0.9364
vn -0.2934 0.5502 -0.7817
vn -0.3248 -0.0000 -0.9458
vn 0.3628 -0.0000 0.9319
vn -0.3250 -0.0000 -0.9457
vn 0.3627 -0.0000 0.9319
vn 0.2841 0.5504 0.7851
vn 0.9408 -0.0000 -0.3389
vn 0.3412 -0.0000 0.9400
vn -0.3385 -0.0000 -0.9410
vn -0.2832 0.5503 -0.7855
vn 0.2808 0.5504 0.7863
vn 0.9408 -0.0000 -0.3388
vn 0.3368 -0.0000 0.9416
vn -0.3347 -0.0000 -0.9423
vn -0.2800 0.5502 -0.7867
vn 0.2741 0.5503 0.7887
vn 0.3290 -0.0000 0.9443
vn -0.3265 -0.0000 -0.9452
vn -0.2732 0.5502 -0.7890
vn 0.2775 0.5504 0.7875
vn 0.3330 -0.0000 0.9429
vn -0.3304 -0.0000 -0.9439
vn -0.2765 0.5503 -0.7878
vn 0.2912 0.5502 0.7826
vn 0.3492 -0.0000 0.9371
vn -0.3467 -0.0000 -0.9380
vn -0.2900 0.5503 -0.7830
vn -0.0771 -0.9745 -0.2107
vn 0.0771 0.9745 0.2107
vn 0.3621 -0.0000 0.9321
vn 0.2979 0.5503 0.7800
vn 0.3577 -0.0000 0.9338
vn -0.3549 -0.0000 -0.9349
vn -0.2967 0.5503 -0.7805
vn 0.3250 -0.0000 0.9457
vn -0.2461 0.6465 -0.7222
vn -0.2463 0.6464 -0.7221
vn -0.3226 -0.0000 -0.9465
vn -0.3227 -0.0000 -0.9465
vn -0.2459 0.6465 -0.7222
vn 0.7204 0.6432 -0.2594
vn 0.7204 0.6432 -0.2595
vn 0.2480 0.6463 0.7216
vn 0.2480 0.6464 0.7216
vn 0.7205 0.6432 -0.2594
vn 0.4062 -0.0000 0.9138
vn 0.4061 -0.0000 0.9138
vn -0.3085 0.6456 -0.6986
vn -0.3085 0.6455 -0.6987
vn -0.4040 -0.0000 -0.9148
vn 0.9407 -0.0000 -0.3394
vn -0.9406 -0.0000 0.3395
vn -0.9406 -0.0000 0.3396
vn -0.4041 -0.0000 -0.9147
vn -0.7209 0.6423 0.2603
vn 0.7210 0.6422 -0.2601
vn 0.7210 0.6422 -0.2602
vn 0.3102 0.6455 0.6980
vn -0.7209 0.6423 0.2602
vn 0.3360 0.5495 0.7649
vn 0.9406 -0.0000 -0.3394
vn 0.9406 -0.0000 -0.3395
vn 0.4027 -0.0000 0.9153
vn -0.3999 -0.0000 -0.9165
vn -0.3350 0.5494 -0.7655
vn -0.9406 -0.0000 0.3394
vn -0.9407 -0.0000 0.3394
vn 0.3225 0.5499 0.7705
vn 0.9407 -0.0000 -0.3393
vn 0.3868 -0.0000 0.9222
vn -0.3845 -0.0000 -0.9231
vn -0.3216 0.5499 -0.7708
vn -0.9407 -0.0000 0.3393
vn 0.3292 0.5496 0.7679
vn 0.3947 -0.0000 0.9188
vn -0.3924 -0.0000 -0.9198
vn -0.3282 0.5496 -0.7682
vn -0.3672 -0.0000 -0.9301
vn 0.4038 -0.0000 0.9148
vn -0.3672 -0.0000 -0.9302
vn 0.4039 -0.0000 0.9148
vn 0.3192 0.5498 0.7719
vn 0.3830 -0.0000 0.9238
vn -0.3807 -0.0000 -0.9247
vn 0.9407 -0.0000 -0.3392
vn -0.3183 0.5500 -0.7722
vn 0.3159 0.5500 0.7731
vn 0.3789 -0.0000 0.9254
vn -0.3765 -0.0000 -0.9264
vn -0.3150 0.5499 -0.7735
vn 0.3090 0.5501 0.7758
vn 0.3712 -0.0000 0.9285
vn -0.3688 -0.0000 -0.9295
vn -0.3081 0.5502 -0.7761
vn 0.3127 0.5500 0.7744
vn 0.3751 -0.0000 0.9270
vn -0.3724 -0.0000 -0.9281
vn -0.3117 0.5500 -0.7748
vn 0.3258 0.5497 0.7692
vn 0.3907 -0.0000 0.9205
vn -0.3885 -0.0000 -0.9215
vn -0.3249 0.5499 -0.7695
vn -0.3674 -0.0000 -0.9301
vn -0.0866 -0.9744 -0.2073
vn 0.0866 0.9744 0.2073
vn 0.3326 0.5495 0.7665
vn 0.3986 -0.0000 0.9171
vn -0.3964 -0.0000 -0.9181
vn -0.3317 0.5497 -0.7667
vn 0.3671 -0.0000 0.9302
vn -0.2783 0.6464 -0.7105
vn -0.3647 -0.0000 -0.9311
vn -0.3648 -0.0000 -0.9311
vn 0.3670 -0.0000 0.9302
vn -0.7204 0.6431 0.2598
vn -0.7204 0.6430 0.2598
vn 0.7205 0.6430 -0.2597
vn 0.7205 0.6430 -0.2598
vn 0.2802 0.6463 0.7098
vn 0.2802 0.6462 0.7098
vn 0.4476 -0.0000 0.8942
vn -0.3401 0.6449 -0.6844
vn -0.4451 -0.0000 -0.8955
vn -0.8442 -0.0000 0.5360
vn -0.3402 0.6448 -0.6844
vn -0.6479 0.6411 0.4113
vn -0.6479 0.6412 0.4113
vn 0.6477 0.6412 -0.4115
vn 0.8440 -0.0000 -0.5363
vn 0.3424 0.6448 0.6834
vn 0.3422 0.6448 0.6835
vn -0.6478 0.6412 0.4113
vn 0.3420 0.6449 0.6835
vn 0.3702 0.5487 0.7496
vn 0.8442 -0.0000 -0.5360
vn 0.4435 -0.0000 0.8963
vn -0.4409 -0.0000 -0.8976
vn 0.8441 -0.0000 -0.5361
vn -0.3692 0.5485 -0.7502
vn -0.9405 -0.0000 0.3397
vn 0.3572 0.5486 0.7560
vn 0.9405 -0.0000 -0.3397
vn 0.4281 -0.0000 0.9037
vn -0.4256 -0.0000 -0.9049
vn -0.3561 0.5487 -0.7564
vn -0.9405 -0.0000 0.3398
vn 0.3638 0.5481 0.7531
vn 0.4355 -0.0000 0.9002
vn -0.4328 -0.0000 -0.9015
vn -0.3627 0.5484 -0.7535
vn -0.4084 -0.0000 -0.9128
vn -0.9322 -0.0000 0.3620
vn 0.9322 -0.0000 -0.3620
vn 0.4449 -0.0000 0.8956
vn 0.3538 0.5487 0.7574
vn 0.4240 -0.0000 0.9056
vn -0.4218 -0.0000 -0.9067
vn -0.3529 0.5487 -0.7579
vn -0.9406 -0.0000 0.3397
vn 0.3508 0.5488 0.7588
vn 0.9406 -0.0000 -0.3396
vn 0.4201 -0.0000 0.9075
vn -0.4175 -0.0000 -0.9087
vn -0.3493 0.5489 -0.7594
vn 0.3440 0.5491 0.7617
vn 0.4124 -0.0000 0.9110
vn -0.4097 -0.0000 -0.9122
vn -0.3431 0.5492 -0.7620
vn 0.3474 0.5490 0.7602
vn 0.4161 -0.0000 0.9093
vn -0.4139 -0.0000 -0.9103
vn -0.3465 0.5490 -0.7606
vn 0.3604 0.5484 0.7546
vn 0.4315 -0.0000 0.9021
vn -0.4289 -0.0000 -0.9033
vn 0.9405 -0.0000 -0.3398
vn -0.3596 0.5484 -0.7550
vn -0.0962 -0.9743 -0.2038
vn 0.0962 0.9743 0.2038
vn 0.4451 -0.0000 0.8955
vn -0.9405 -0.0000 0.3399
vn 0.3670 0.5481 0.7516
vn 0.4395 -0.0000 0.8983
vn -0.4374 -0.0000 -0.8993
vn -0.3663 0.5481 -0.7519
vn 0.4085 -0.0000 0.9128
vn 0.4085 -0.0000 0.9127
vn -0.3102 0.6455 -0.6979
vn -0.3102 0.6455 -0.6980
vn -0.4062 -0.0000 -0.9138
vn -0.4061 -0.0000 -0.9138
vn -0.4063 -0.0000 -0.9137
vn -0.7210 0.6422 0.2604
vn -0.7210 0.6422 0.2603
vn 0.3119 0.6454 0.6972
vn 0.3120 0.6454 0.6972
vn 0.7210 0.6423 -0.2602
vn 0.3121 0.6454 0.6972
vn 0.4931 -0.0000 0.8700
vn 0.4930 -0.0000 0.8700
vn -0.3743 0.6464 -0.6649
vn -0.4906 -0.0000 -0.8714
vn -0.4905 -0.0000 -0.8714
vn 0.8438 -0.0000 -0.5366
vn 0.8438 -0.0000 -0.5367
vn -0.8439 -0.0000 0.5364
vn -0.8439 -0.0000 0.5365
vn -0.6465 0.6427 0.4110
vn -0.6466 0.6427 0.4110
vn 0.6465 0.6427 -0.4111
vn 0.6465 0.6427 -0.4110
vn 0.8439 -0.0000 -0.5365
vn 0.3765 0.6463 0.6638
vn 0.3763 0.6463 0.6638
vn 0.6464 0.6428 -0.4111
vn -0.6466 0.6427 0.4109
vn 0.3761 0.6464 0.6639
vn 0.4077 0.5502 0.7287
vn 0.8440 -0.0000 -0.5364
vn 0.4891 -0.0000 0.8722
vn -0.4867 -0.0000 -0.8736
vn 0.8439 -0.0000 -0.5366
vn -0.4067 0.5502 -0.7293
vn -0.8440 -0.0000 0.5364
vn 0.3937 0.5496 0.7368
vn 0.8439 -0.0000 -0.5364
vn 0.4720 -0.0000 0.8816
vn -0.4691 -0.0000 -0.8831
vn -0.3927 0.5496 -0.7373
vn -0.8440 -0.0000 0.5363
vn 0.4008 0.5500 0.7328
vn 0.4807 -0.0000 0.8769
vn -0.4780 -0.0000 -0.8784
vn -0.3995 0.5500 -0.7334
vn -0.4502 -0.0000 -0.8929
vn 0.4905 -0.0000 0.8714
vn -0.4501 -0.0000 -0.8930
vn 0.4907 -0.0000 0.8713
vn -0.8441 -0.0000 0.5363
vn 0.3900 0.5495 0.7389
vn 0.4672 -0.0000 0.8842
vn -0.4647 -0.0000 -0.8855
vn -0.3890 0.5494 -0.7395
vn -0.8441 -0.0000 0.5362
vn 0.3866 0.5494 0.7407
vn 0.4633 -0.0000 0.8862
vn -0.4603 -0.0000 -0.8878
vn -0.3856 0.5493 -0.7413
vn -0.8441 -0.0000 0.5361
vn 0.3791 0.5491 0.7448
vn 0.4547 -0.0000 0.8907
vn -0.4519 -0.0000 -0.8921
vn -0.3782 0.5490 -0.7454
vn 0.3828 0.5493 0.7428
vn 0.4587 -0.0000 0.8886
vn -0.4561 -0.0000 -0.8900
vn -0.3815 0.5492 -0.7435
vn 0.3971 0.5499 0.7348
vn 0.4766 -0.0000 0.8791
vn -0.4735 -0.0000 -0.8808
vn -0.3962 0.5498 -0.7354
vn -0.4505 -0.0000 -0.8928
vn -0.1057 -0.9744 -0.1983
vn 0.1057 0.9744 0.1983
vn 0.4043 0.5501 0.7307
vn 0.4846 -0.0000 0.8747
vn -0.4823 -0.0000 -0.8760
vn -0.4034 0.5501 -0.7312
vn 0.4503 -0.0000 0.8929
vn -0.3422 0.6451 -0.6832
vn -0.3421 0.6451 -0.6833
vn -0.4476 -0.0000 -0.8942
vn 0.8441 -0.0000 -0.5363
vn -0.3423 0.6451 -0.6832
vn 0.4502 -0.0000 0.8929
vn -0.6478 0.6413 0.4113
vn -0.6477 0.6414 0.4113
vn 0.6476 0.6413 -0.4114
vn 0.6475 0.6414 -0.4115
vn 0.3440 0.6451 0.6823
vn 0.6477 0.6413 -0.4114
vn -0.6476 0.6414 0.4113
vn 0.5372 -0.0000 0.8435
vn 0.5372 -0.0000 0.8434
vn -0.4078 0.6469 -0.6444
vn -0.5347 -0.0000 -0.8451
vn -0.5346 -0.0000 -0.8451
vn 0.8436 -0.0000 -0.5370
vn -0.8436 -0.0000 0.5370
vn -0.8436 -0.0000 0.5369
vn -0.5347 -0.0000 -0.8450
vn 0.5371 -0.0000 0.8435
vn -0.6460 0.6432 0.4111
vn -0.6459 0.6432 0.4111
vn 0.6460 0.6432 -0.4111
vn 0.6459 0.6432 -0.4111
vn 0.8436 -0.0000 -0.5369
vn 0.4096 0.6469 0.6433
vn 0.4096 0.6468 0.6433
vn -0.6459 0.6433 0.4112
vn -0.8437 -0.0000 0.5369
vn 0.4444 0.5509 0.7064
vn 0.5332 -0.0000 0.8460
vn -0.5309 -0.0000 -0.8474
vn -0.4438 0.5507 -0.7069
vn -0.8438 -0.0000 0.5367
vn 0.4306 0.5507 0.7151
vn 0.8437 -0.0000 -0.5368
vn 0.5168 -0.0000 0.8561
vn -0.5143 -0.0000 -0.8576
vn -0.4295 0.5508 -0.7157
vn -0.8437 -0.0000 0.5368
vn 0.4379 0.5506 0.7107
vn 0.8437 -0.0000 -0.5369
vn 0.5252 -0.0000 0.8510
vn -0.5226 -0.0000 -0.8526
vn -0.4367 0.5507 -0.7114
vn 0.5347 -0.0000 0.8450
vn 0.4272 0.5506 0.7172
vn 0.5123 -0.0000 0.8588
vn -0.5096 -0.0000 -0.8604
vn 0.8437 -0.0000 -0.5367
vn -0.4259 0.5506 -0.7179
vn -0.8438 -0.0000 0.5366
vn 0.4238 0.5505 0.7193
vn 0.5080 -0.0000 0.8614
vn -0.5056 -0.0000 -0.8628
vn -0.4225 0.5505 -0.7200
vn 0.4168 0.5503 0.7235
vn 0.4996 -0.0000 0.8662
vn -0.4157 0.5504 -0.7241
vn -0.8439 -0.0000 0.5366
vn 0.4200 0.5506 0.7214
vn 0.5037 -0.0000 0.8639
vn -0.5014 -0.0000 -0.8652
vn -0.4191 0.5504 -0.7220
vn 0.4340 0.5508 0.7129
vn 0.5208 -0.0000 0.8537
vn -0.5186 -0.0000 -0.8550
vn -0.4335 0.5506 -0.7133
vn -0.1155 -0.9746 -0.1921
vn 0.1155 0.9745 0.1921
vn 0.4408 0.5509 0.7087
vn 0.5290 -0.0000 0.8486
vn -0.5269 -0.0000 -0.8499
vn -0.4402 0.5507 -0.7092
vn -0.3761 0.6466 -0.6637
vn -0.3760 0.6466 -0.6637
vn -0.4931 -0.0000 -0.8700
vn -0.4930 -0.0000 -0.8700
vn -0.4932 -0.0000 -0.8699
vn -0.3762 0.6466 -0.6636
vn -0.6465 0.6428 0.4110
vn 0.6464 0.6427 -0.4111
vn 0.6464 0.6427 -0.4112
vn 0.3781 0.6464 0.6627
vn 0.3780 0.6465 0.6627
vn 0.3779 0.6465 0.6627
vn 0.5797 -0.0000 0.8148
vn 0.5797 -0.0000 0.8149
vn -0.4404 0.6465 -0.6229
vn -0.4405 0.6465 -0.6229
vn -0.5774 -0.0000 -0.8165
vn -0.5775 -0.0000 -0.8164
vn 0.8434 -0.0000 -0.5373
vn -0.8433 -0.0000 0.5375
vn -0.5773 -0.0000 -0.8165
vn -0.4403 0.6465 -0.6230
vn -0.6461 0.6427 0.4117
vn 0.6461 0.6428 -0.4116
vn 0.6461 0.6427 -0.4116
vn 0.6462 0.6427 -0.4116
vn 0.8433 -0.0000 -0.5374
vn 0.4423 0.6465 0.6217
vn 0.4423 0.6464 0.6217
vn 0.6460 0.6428 -0.4116
vn -0.6460 0.6427 0.4118
vn -0.8434 -0.0000 0.5374
vn 0.4805 0.5504 0.6828
vn 0.8434 -0.0000 -0.5374
vn 0.5761 -0.0000 0.8174
vn -0.5737 -0.0000 -0.8191
vn -0.4794 0.5504 -0.6835
vn -0.8434 -0.0000 0.5373
vn -0.8434 -0.0000 0.5372
vn -0.8435 -0.0000 0.5372
vn 0.4665 0.5508 0.6921
vn 0.8435 -0.0000 -0.5372
vn 0.5599 -0.0000 0.8286
vn -0.5574 -0.0000 -0.8302
vn -0.4659 0.5507 -0.6926
vn -0.8435 -0.0000 0.5371
vn -0.8433 -0.0000 0.5374
vn 0.4738 0.5505 0.6873
vn 0.8434 -0.0000 -0.5372
vn 0.5677 -0.0000 0.8233
vn -0.5654 -0.0000 -0.8248
vn -0.4727 0.5506 -0.6880
vn -0.5399 -0.0000 -0.8418
vn 0.5773 -0.0000 0.8165
vn -0.5397 -0.0000 -0.8419
vn 0.4634 0.5508 0.6942
vn 0.8435 -0.0000 -0.5371
vn 0.5559 -0.0000 0.8313
vn -0.5534 -0.0000 -0.8329
vn -0.4626 0.5507 -0.6948
vn 0.4600 0.5508 0.6964
vn 0.5518 -0.0000 0.8340
vn -0.5493 -0.0000 -0.8356
vn -0.4589 0.5508 -0.6971
vn 0.4530 0.5508 0.7010
vn 0.5435 -0.0000 0.8394
vn -0.5409 -0.0000 -0.8411
vn -0.4520 0.5508 -0.7016
vn 0.4563 0.5508 0.6988
vn 0.5475 -0.0000 0.8368
vn -0.5449 -0.0000 -0.8385
vn -0.4556 0.5507 -0.6993
vn 0.4699 0.5507 0.6899
vn 0.5638 -0.0000 0.8259
vn -0.5617 -0.0000 -0.8273
vn -0.4691 0.5506 -0.6905
vn -0.5395 -0.0000 -0.8420
vn -0.1252 -0.9745 -0.1859
vn 0.1253 0.9745 0.1859
vn 0.5775 -0.0000 0.8164
vn 0.4773 0.5504 0.6850
vn 0.5718 -0.0000 0.8204
vn -0.5698 -0.0000 -0.8218
vn -0.4761 0.5506 -0.6857
vn 0.5395 -0.0000 0.8420
vn -0.4095 0.6470 -0.6432
vn -0.5372 -0.0000 -0.8435
vn -0.5372 -0.0000 -0.8434
vn -0.5371 -0.0000 -0.8435
vn -0.6459 0.6432 0.4112
vn 0.6461 0.6431 -0.4111
vn 0.4115 0.6469 0.6420
vn 0.4114 0.6469 0.6421
vn 0.4113 0.6469 0.6422
vn 0.6209 -0.0000 0.7839
vn 0.6210 -0.0000 0.7838
vn -0.4728 0.6450 -0.6004
vn -0.4727 0.6450 -0.6005
vn -0.6185 -0.0000 -0.7857
vn -0.6185 -0.0000 -0.7858
vn 0.8431 -0.0000 -0.5377
vn 0.8431 -0.0000 -0.5378
vn -0.8430 -0.0000 0.5379
vn -0.6186 -0.0000 -0.7857
vn -0.4729 0.6449 -0.6004
vn 0.6208 -0.0000 0.7840
vn -0.6468 0.6413 0.4128
vn 0.6469 0.6413 -0.4126
vn 0.6470 0.6413 -0.4126
vn 0.8432 -0.0000 -0.5377
vn 0.4745 0.6450 0.5991
vn 0.6468 0.6414 -0.4126
vn -0.6468 0.6413 0.4127
vn -0.8431 -0.0000 0.5377
vn -0.8431 -0.0000 0.5378
vn 0.5154 0.5490 0.6580
vn 0.6176 -0.0000 0.7865
vn -0.6149 -0.0000 -0.7886
vn -0.5144 0.5490 -0.6588
vn -0.8432 -0.0000 0.5376
vn 0.5023 0.5496 0.6675
vn 0.8432 -0.0000 -0.5376
vn 0.6017 -0.0000 0.7987
vn -0.5993 -0.0000 -0.8005
vn -0.5014 0.5496 -0.6682
vn 0.5089 0.5493 0.6628
vn 0.6095 -0.0000 0.7928
vn -0.6072 -0.0000 -0.7946
vn -0.5077 0.5494 -0.6636
vn -0.5822 -0.0000 -0.8131
vn 0.6187 -0.0000 0.7856
vn -0.5821 -0.0000 -0.8131
vn 0.4988 0.5498 0.6700
vn 0.8432 -0.0000 -0.5375
vn 0.5977 -0.0000 0.8017
vn -0.5953 -0.0000 -0.8035
vn -0.4980 0.5498 -0.6707
vn -0.8432 -0.0000 0.5375
vn 0.4954 0.5500 0.6723
vn 0.5940 -0.0000 0.8045
vn -0.5913 -0.0000 -0.8065
vn 0.8433 -0.0000 -0.5375
vn -0.4946 0.5499 -0.6731
vn 0.4887 0.5502 0.6771
vn 0.5859 -0.0000 0.8104
vn -0.5836 -0.0000 -0.8120
vn -0.4879 0.5502 -0.6777
vn 0.4920 0.5501 0.6748
vn 0.5900 -0.0000 0.8074
vn -0.5876 -0.0000 -0.8091
vn -0.4910 0.5502 -0.6755
vn 0.5055 0.5495 0.6653
vn 0.6057 -0.0000 0.7957
vn -0.6034 -0.0000 -0.7975
vn -0.5046 0.5495 -0.6659
vn -0.5819 -0.0000 -0.8132
vn -0.1349 -0.9744 -0.1797
vn 0.1349 0.9744 0.1797
vn 0.6185 -0.0000 0.7858
vn 0.5121 0.5492 0.6604
vn 0.6133 -0.0000 0.7898
vn -0.6114 -0.0000 -0.7913
vn -0.5111 0.5493 -0.6611
vn 0.5822 -0.0000 0.8131
vn 0.5821 -0.0000 0.8131
vn -0.4423 0.6465 -0.6217
vn -0.4423 0.6464 -0.6217
vn -0.5797 -0.0000 -0.8149
vn 0.5822 -0.0000 0.8130
vn -0.6461 0.6427 0.4118
vn 0.6461 0.6427 -0.4117
vn 0.4442 0.6463 0.6205
vn 0.6460 0.6428 -0.4117
vn 0.4442 0.6463 0.6204
vn 0.6636 -0.0000 0.7480
vn 0.6635 -0.0000 0.7481
vn -0.5048 0.6457 -0.5729
vn -0.6612 -0.0000 -0.7502
vn -0.6611 -0.0000 -0.7503
vn 0.6830 -0.0000 -0.7304
vn -0.6831 -0.0000 0.7303
vn -0.6833 -0.0000 0.7302
vn 0.6637 -0.0000 0.7480
vn -0.5242 0.6415 0.5600
vn -0.5242 0.6415 0.5601
vn 0.5239 0.6416 -0.5603
vn 0.5240 0.6415 -0.5602
vn 0.6831 -0.0000 -0.7303
vn -0.6834 -0.0000 0.7300
vn 0.5067 0.6458 0.5711
vn 0.5067 0.6459 0.5711
vn 0.5238 0.6416 -0.5603
vn -0.6832 -0.0000 0.7302
vn 0.5507 0.5495 0.6284
vn 0.6832 -0.0000 -0.7303
vn 0.6832 -0.0000 -0.7302
vn 0.6598 -0.0000 0.7514
vn -0.6574 -0.0000 -0.7535
vn -0.5496 0.5495 -0.6293
vn -0.6835 -0.0000 0.7300
vn -0.6834 -0.0000 0.7301
vn 0.5365 0.5486 0.6413
vn 0.6834 -0.0000 -0.7301
vn 0.6423 -0.0000 0.7664
vn -0.6401 -0.0000 -0.7683
vn 0.6834 -0.0000 -0.7300
vn -0.5357 0.5484 -0.6421
vn -0.6833 -0.0000 0.7301
vn 0.5436 0.5490 0.6348
vn 0.6833 -0.0000 -0.7301
vn 0.6510 -0.0000 0.7590
vn -0.6486 -0.0000 -0.7612
vn -0.5425 0.5490 -0.6358
vn -0.6230 -0.0000 -0.7822
vn -0.7613 -0.0000 0.6483
vn 0.7613 -0.0000 -0.6484
vn 0.6614 -0.0000 0.7500
vn -0.6228 -0.0000 -0.7824
vn -0.8429 -0.0000 0.5381
vn -0.8429 -0.0000 0.5380
vn 0.5337 0.5477 0.6444
vn 0.8429 -0.0000 -0.5380
vn 0.8430 -0.0000 -0.5380
vn 0.6380 -0.0000 0.7700
vn -0.6359 -0.0000 -0.7717
vn 0.8430 -0.0000 -0.5379
vn -0.5326 0.5478 -0.6452
vn -0.8430 -0.0000 0.5380
vn 0.5304 0.5480 0.6468
vn 0.6343 -0.0000 0.7731
vn -0.6321 -0.0000 -0.7749
vn -0.5293 0.5481 -0.6476
vn 0.5236 0.5485 0.6519
vn 0.6267 -0.0000 0.7793
vn -0.6247 -0.0000 -0.7808
vn -0.5228 0.5486 -0.6525
vn 0.5270 0.5482 0.6494
vn 0.6304 -0.0000 0.7763
vn -0.6281 -0.0000 -0.7782
vn -0.5258 0.5484 -0.6503
vn 0.5402 0.5488 0.6380
vn 0.6469 -0.0000 0.7626
vn -0.6440 -0.0000 -0.7650
vn -0.5392 0.5486 -0.6390
vn -0.6231 -0.0000 -0.7821
vn -0.1450 -0.9742 -0.1730
vn 0.1450 0.9742 0.1730
vn 0.7613 -0.0000 -0.6483
vn 0.6611 -0.0000 0.7503
vn 0.5470 0.5493 0.6317
vn 0.6554 -0.0000 0.7553
vn -0.6528 -0.0000 -0.7575
vn -0.5460 0.5493 -0.6326
vn -0.6832 -0.0000 0.7303
vn 0.6231 -0.0000 0.7821
vn 0.6231 -0.0000 0.7822
vn -0.4744 0.6450 -0.5991
vn -0.4743 0.6451 -0.5991
vn -0.6209 -0.0000 -0.7839
vn -0.6210 -0.0000 -0.7838
vn -0.6208 -0.0000 -0.7840
vn -0.4745 0.6450 -0.5991
vn -0.6469 0.6412 0.4128
vn 0.6470 0.6412 -0.4126
vn 0.4763 0.6447 0.5979
vn 0.4763 0.6448 0.5979
vn 0.4762 0.6448 0.5979
vn 0.6469 0.6413 -0.4127
vn 0.7071 -0.0000 0.7071
vn 0.7072 -0.0000 0.7071
vn -0.5372 0.6472 -0.5409
vn -0.5373 0.6471 -0.5408
vn -0.7047 -0.0000 -0.7095
vn 0.6826 -0.0000 -0.7308
vn -0.6828 -0.0000 0.7306
vn -0.5371 0.6472 -0.5409
vn -0.5229 0.6430 0.5596
vn 0.5229 0.6430 -0.5597
vn 0.5389 0.6474 0.5390
vn 0.5389 0.6473 0.5390
vn 0.5229 0.6429 -0.5596
vn 0.5390 0.6473 0.5389
vn -0.6827 -0.0000 0.7307
vn 0.5863 0.5512 0.5937
vn 0.6827 -0.0000 -0.7307
vn 0.7034 -0.0000 0.7108
vn -0.7011 -0.0000 -0.7130
vn -0.5856 0.5510 -0.5946
vn -0.6826 -0.0000 0.7308
vn -0.6829 -0.0000 0.7305
vn 0.5728 0.5507 0.6071
vn 0.6830 -0.0000 -0.7305
vn 0.6829 -0.0000 -0.7305
vn 0.6869 -0.0000 0.7267
vn -0.6847 -0.0000 -0.7288
vn 0.6829 -0.0000 -0.7306
vn -0.5719 0.5507 -0.6080
vn -0.6829 -0.0000 0.7306
vn 0.5797 0.5509 0.6004
vn 0.6828 -0.0000 -0.7306
vn 0.6952 -0.0000 0.7188
vn -0.6929 -0.0000 -0.7211
vn -0.5786 0.5509 -0.6014
vn -0.6660 -0.0000 -0.7460
vn 0.7050 -0.0000 0.7092
vn -0.6662 -0.0000 -0.7458
vn 0.7049 -0.0000 0.7094
vn 0.5693 0.5505 0.6106
vn 0.6825 -0.0000 0.7309
vn -0.6805 -0.0000 -0.7327
vn -0.5685 0.5504 -0.6114
vn -0.6830 -0.0000 0.7304
vn 0.5660 0.5504 0.6138
vn 0.6786 -0.0000 0.7345
vn -0.6760 -0.0000 -0.7369
vn -0.5651 0.5502 -0.6148
vn -0.6830 -0.0000 0.7305
vn 0.5593 0.5500 0.6202
vn 0.6831 -0.0000 -0.7304
vn 0.6704 -0.0000 0.7420
vn -0.6677 -0.0000 -0.7444
vn -0.5581 0.5501 -0.6213
vn 0.5629 0.5501 0.6169
vn 0.6743 -0.0000 0.7385
vn -0.6719 -0.0000 -0.7407
vn -0.5616 0.5502 -0.6179
vn -0.6831 -0.0000 0.7304
vn 0.5763 0.5508 0.6038
vn 0.6911 -0.0000 0.7227
vn -0.6885 -0.0000 -0.7252
vn -0.5754 0.5507 -0.6047
vn -0.6661 -0.0000 -0.7458
vn -0.1538 -0.9745 -0.1632
vn 0.1537 0.9745 0.1632
vn 0.7048 -0.0000 0.7094
vn 0.5831 0.5510 0.5970
vn 0.6996 -0.0000 0.7146
vn -0.6966 -0.0000 -0.7174
vn -0.5821 0.5510 -0.5980
vn 0.6661 -0.0000 0.7459
vn -0.5067 0.6459 -0.5710
vn -0.6636 -0.0000 -0.7481
vn -0.6635 -0.0000 -0.7481
vn -0.6637 -0.0000 -0.7480
vn 0.6662 -0.0000 0.7458
vn -0.5238 0.6417 0.5602
vn -0.5239 0.6417 0.5602
vn -0.5239 0.6417 0.5601
vn 0.5239 0.6416 -0.5602
vn 0.5085 0.6459 0.5694
vn -0.5240 0.6416 0.5601
vn 0.5086 0.6459 0.5694
vn 0.7480 -0.0000 0.6637
vn 0.7479 -0.0000 0.6638
vn -0.5685 0.6473 -0.5077
vn -0.5684 0.6474 -0.5077
vn -0.7458 -0.0000 -0.6662
vn 0.6822 -0.0000 -0.7311
vn -0.6822 -0.0000 0.7312
vn -0.6821 -0.0000 0.7313
vn -0.5223 0.6431 0.5600
vn 0.5224 0.6431 -0.5599
vn 0.5225 0.6431 -0.5599
vn -0.6820 -0.0000 0.7314
vn 0.5701 0.6474 0.5058
vn -0.5224 0.6431 0.5599
vn 0.5701 0.6474 0.5059
vn 0.6208 0.5513 0.5573
vn 0.6823 -0.0000 -0.7311
vn 0.6822 -0.0000 -0.7312
vn 0.7445 -0.0000 0.6676
vn -0.7421 -0.0000 -0.6702
vn 0.6821 -0.0000 -0.7313
vn -0.6198 0.5513 -0.5585
vn -0.6823 -0.0000 0.7310
vn -0.6824 -0.0000 0.7310
vn 0.6076 0.5515 0.5716
vn 0.6823 -0.0000 -0.7310
vn 0.6824 -0.0000 -0.7310
vn 0.7292 -0.0000 0.6842
vn -0.7266 -0.0000 -0.6870
vn -0.6066 0.5515 -0.5725
vn -0.6824 -0.0000 0.7309
vn -0.6823 -0.0000 0.7311
vn 0.6143 0.5514 0.5645
vn 0.7368 -0.0000 0.6761
vn -0.7346 -0.0000 -0.6785
vn -0.6132 0.5515 -0.5656
vn -0.7095 -0.0000 -0.7047
vn 0.7459 -0.0000 0.6661
vn 0.7457 -0.0000 0.6662
vn -0.6825 -0.0000 0.7309
vn 0.6044 0.5515 0.5749
vn 0.6825 -0.0000 -0.7309
vn 0.6825 -0.0000 -0.7308
vn 0.7250 -0.0000 0.6887
vn -0.7229 -0.0000 -0.6910
vn -0.6035 0.5514 -0.5759
vn 0.6013 0.5514 0.5783
vn -0.7187 -0.0000 -0.6954
vn -0.6003 0.5513 -0.5794
vn 0.5946 0.5513 0.5853
vn 0.7130 -0.0000 0.7011
vn -0.7107 -0.0000 -0.7035
vn -0.5935 0.5513 -0.5863
vn -0.6825 -0.0000 0.7308
vn 0.5980 0.5513 0.5818
vn 0.7172 -0.0000 0.6968
vn -0.7148 -0.0000 -0.6993
vn -0.5970 0.5513 -0.5828
vn 0.6108 0.5515 0.5680
vn 0.7327 -0.0000 0.6806
vn -0.7306 -0.0000 -0.6828
vn -0.6100 0.5514 -0.5691
vn -0.1629 -0.9746 -0.1535
vn 0.1629 0.9746 0.1535
vn 0.7457 -0.0000 0.6663
vn -0.6822 -0.0000 0.7311
vn 0.6174 0.5514 0.5610
vn 0.7406 -0.0000 0.6720
vn -0.7384 -0.0000 -0.6744
vn -0.6165 0.5514 -0.5620
vn 0.7095 -0.0000 0.7048
vn 0.7095 -0.0000 0.7047
vn -0.5390 0.6473 -0.5389
vn -0.7072 -0.0000 -0.7071
vn -0.5390 0.6473 -0.5390
vn 0.7094 -0.0000 0.7048
vn -0.5228 0.6430 0.5597
vn 0.5228 0.6430 -0.5597
vn 0.5409 0.6472 0.5372
vn 0.5408 0.6473 0.5372
vn 0.7862 -0.0000 0.6179
vn 0.7862 -0.0000 0.6180
vn -0.5984 0.6463 -0.4735
vn -0.5984 0.6463 -0.4736
vn -0.7842 -0.0000 -0.6206
vn -0.7841 -0.0000 -0.6206
vn 0.6817 -0.0000 -0.7316
vn 0.6817 -0.0000 -0.7317
vn -0.7842 -0.0000 -0.6205
vn -0.5227 0.6419 0.5611
vn 0.5227 0.6420 -0.5609
vn 0.5227 0.6420 -0.5610
vn -0.6816 -0.0000 0.7318
vn 0.6001 0.6461 0.4716
vn 0.5228 0.6420 -0.5609
vn 0.6000 0.6462 0.4716
vn -0.6816 -0.0000 0.7317
vn 0.6533 0.5503 0.5200
vn 0.6818 -0.0000 -0.7315
vn 0.7828 -0.0000 0.6223
vn -0.7809 -0.0000 -0.6247
vn 0.6816 -0.0000 -0.7317
vn -0.6525 0.5503 -0.5210
vn -0.6817 -0.0000 0.7317
vn -0.6819 -0.0000 0.7314
vn -0.6818 -0.0000 0.7315
vn 0.6410 0.5509 0.5345
vn 0.6820 -0.0000 -0.7314
vn 0.6819 -0.0000 -0.7315
vn 0.7685 -0.0000 0.6399
vn -0.7664 -0.0000 -0.6423
vn 0.6818 -0.0000 -0.7316
vn -0.6402 0.5508 -0.5355
vn -0.6817 -0.0000 0.7316
vn -0.6819 -0.0000 0.7315
vn 0.6471 0.5506 0.5273
vn 0.6819 -0.0000 -0.7314
vn 0.7759 -0.0000 0.6309
vn -0.7736 -0.0000 -0.6337
vn -0.6462 0.5506 -0.5284
vn -0.7502 -0.0000 -0.6612
vn 0.7842 -0.0000 0.6205
vn -0.7503 -0.0000 -0.6611
vn -0.6820 -0.0000 0.7313
vn 0.6378 0.5511 0.5381
vn 0.7650 -0.0000 0.6441
vn -0.7626 -0.0000 -0.6468
vn -0.6369 0.5510 -0.5392
vn 0.6348 0.5511 0.5416
vn 0.7616 -0.0000 0.6481
vn -0.7589 -0.0000 -0.6512
vn -0.6337 0.5512 -0.5429
vn 0.6285 0.5512 0.5488
vn 0.6821 -0.0000 -0.7312
vn 0.7536 -0.0000 0.6573
vn -0.7517 -0.0000 -0.6595
vn -0.6278 0.5511 -0.5497
vn 0.6316 0.5511 0.5453
vn 0.7575 -0.0000 0.6529
vn -0.7551 -0.0000 -0.6556
vn -0.6307 0.5511 -0.5463
vn -0.6818 -0.0000 0.7316
vn 0.6440 0.5508 0.5310
vn 0.7721 -0.0000 0.6355
vn -0.7700 -0.0000 -0.6380
vn -0.6433 0.5507 -0.5319
vn -0.7501 -0.0000 -0.6613
vn -0.1720 -0.9746 -0.1437
vn 0.1719 0.9746 0.1437
vn 0.7840 -0.0000 0.6207
vn 0.6503 0.5504 0.5236
vn 0.7794 -0.0000 0.6265
vn -0.7772 -0.0000 -0.6293
vn -0.6494 0.5504 -0.5246
vn 0.7502 -0.0000 0.6612
vn -0.5700 0.6475 -0.5058
vn -0.7480 -0.0000 -0.6637
vn -0.7479 -0.0000 -0.6638
vn -0.5223 0.6431 0.5601
vn 0.5224 0.6431 -0.5600
vn 0.5223 0.6431 -0.5600
vn 0.5717 0.6474 0.5040
vn 0.5718 0.6473 0.5040
vn -0.5224 0.6431 0.5600
vn 0.5719 0.6472 0.5040
vn 0.8217 -0.0000 0.5699
vn 0.8217 -0.0000 0.5700
vn -0.6273 0.6438 -0.4383
vn -0.6273 0.6438 -0.4382
vn -0.6273 0.6437 -0.4383
vn -0.8198 -0.0000 -0.5727
vn -0.8198 -0.0000 -0.5726
vn 0.6594 -0.0000 -0.7518
vn 0.6814 -0.0000 -0.7319
vn -0.6811 -0.0000 0.7322
vn -0.6591 -0.0000 0.7520
vn -0.8197 -0.0000 -0.5728
vn 0.8218 -0.0000 0.5698
vn -0.4882 0.6419 0.5913
vn -0.5067 0.6408 0.5768
vn -0.5052 0.6409 0.5779
vn 0.5070 0.6408 -0.5765
vn 0.5056 0.6409 -0.5776
vn 0.4883 0.6419 -0.5911
vn 0.6368 -0.0000 -0.7711
vn -0.6366 -0.0000 0.7712
vn 0.6287 0.6438 0.4362
vn 0.6288 0.6437 0.4362
vn 0.5238 0.6394 -0.5628
vn -0.5235 0.6395 0.5630
vn 0.6289 0.6436 0.4362
vn -0.6812 -0.0000 0.7321
vn 0.6846 0.5478 0.4810
vn 0.6812 -0.0000 -0.7321
vn 0.8186 -0.0000 0.5743
vn -0.8167 -0.0000 -0.5771
vn 0.6811 -0.0000 -0.7321
vn -0.6836 0.5478 -0.4822
vn -0.6815 -0.0000 0.7319
vn -0.6814 -0.0000 0.7320
vn 0.6728 0.5489 0.4960
vn 0.6815 -0.0000 -0.7319
vn 0.8054 -0.0000 0.5928
vn -0.8033 -0.0000 -0.5955
vn 0.6814 -0.0000 -0.7320
vn -0.6718 0.5489 -0.4973
vn -0.6813 -0.0000 0.7320
vn 0.6786 0.5484 0.4886
vn 0.6813 -0.0000 -0.7321
vn 0.8121 -0.0000 0.5835
vn -0.8099 -0.0000 -0.5865
vn 0.6813 -0.0000 -0.7320
vn -0.6779 0.5483 -0.4897
vn -0.7884 -0.0000 -0.6152
vn -0.6814 -0.0000 0.7319
vn 0.8198 -0.0000 0.5726
vn -0.7883 -0.0000 -0.6153
vn 0.6698 0.5492 0.4998
vn 0.8019 -0.0000 0.5974
vn -0.8000 -0.0000 -0.6000
vn -0.6690 0.5491 -0.5009
vn 0.6668 0.5493 0.5036
vn 0.7984 -0.0000 0.6022
vn -0.7966 -0.0000 -0.6046
vn -0.6660 0.5493 -0.5046
vn 0.6608 0.5498 0.5109
vn 0.6816 -0.0000 -0.7318
vn -0.7896 -0.0000 -0.6136
vn -0.6599 0.5499 -0.5121
vn 0.6638 0.5496 0.5073
vn 0.7951 -0.0000 0.6065
vn -0.7929 -0.0000 -0.6093
vn -0.6630 0.5496 -0.5083
vn 0.6758 0.5486 0.4923
vn 0.8087 -0.0000 0.5882
vn -0.8065 -0.0000 -0.5912
vn -0.6749 0.5486 -0.4935
vn -0.7882 -0.0000 -0.6154
vn -0.1811 -0.9743 -0.1338
vn 0.1811 0.9743 0.1338
vn 0.8198 -0.0000 0.5727
vn 0.6817 0.5480 0.4847
vn 0.8155 -0.0000 0.5788
vn -0.8133 -0.0000 -0.5818
vn -0.6807 0.5482 -0.4860
vn 0.7883 -0.0000 0.6153
vn -0.6000 0.6462 -0.4715
vn -0.6001 0.6462 -0.4715
vn -0.7862 -0.0000 -0.6179
vn -0.7862 -0.0000 -0.6180
vn -0.7863 -0.0000 -0.6179
vn -0.6000 0.6463 -0.4716
vn 0.7882 -0.0000 0.6154
vn -0.5226 0.6418 0.5612
vn 0.5228 0.6418 -0.5610
vn 0.6017 0.6460 0.4697
vn -0.5227 0.6418 0.5612
vn 0.6017 0.6461 0.4697
vn 0.8568 -0.0000 0.5156
vn -0.6522 0.6466 -0.3957
vn -0.6522 0.6465 -0.3957
vn -0.8549 -0.0000 -0.5187
vn -0.8549 -0.0000 -0.5188
vn 0.4470 -0.0000 -0.8945
vn 0.4470 -0.0000 -0.8946
vn -0.4472 -0.0000 0.8944
vn -0.4473 -0.0000 0.8944
vn -0.8550 -0.0000 -0.5187
vn -0.3428 0.6420 0.6858
vn -0.3429 0.6420 0.6858
vn 0.3427 0.6420 -0.6858
vn 0.3426 0.6421 -0.6858
vn 0.4471 -0.0000 -0.8945
vn -0.4474 -0.0000 0.8943
vn 0.6534 0.6468 0.3934
vn 0.6535 0.6467 0.3933
vn 0.3428 0.6420 -0.6858
vn 0.6536 0.6466 0.3932
vn -0.4471 -0.0000 0.8945
vn 0.7124 0.5505 0.4353
vn 0.4472 -0.0000 -0.8944
vn 0.8538 -0.0000 0.5207
vn -0.8521 -0.0000 -0.5233
vn 0.4474 -0.0000 -0.8943
vn -0.7117 0.5504 -0.4366
vn -0.4472 -0.0000 0.8945
vn -0.4476 -0.0000 0.8943
vn -0.4475 -0.0000 0.8943
vn 0.7020 0.5494 0.4531
vn 0.4475 -0.0000 -0.8943
vn 0.8406 -0.0000 0.5417
vn -0.8388 -0.0000 -0.5444
vn 0.4476 -0.0000 -0.8942
vn -0.7012 0.5494 -0.4544
vn 0.7073 0.5500 0.4442
vn 0.8473 -0.0000 0.5311
vn -0.8453 -0.0000 -0.5343
vn 0.4474 -0.0000 -0.8944
vn -0.7066 0.5499 -0.4455
vn -0.8238 -0.0000 -0.5669
vn 0.8550 -0.0000 0.5186
vn -0.8237 -0.0000 -0.5670
vn -0.4477 -0.0000 0.8942
vn -0.4476 -0.0000 0.8942
vn 0.6995 0.5491 0.4573
vn 0.4476 -0.0000 -0.8943
vn 0.8375 -0.0000 0.5464
vn -0.8354 -0.0000 -0.5496
vn 0.4477 -0.0000 -0.8942
vn -0.6987 0.5490 -0.4587
vn 0.6964 0.5490 0.4621
vn 0.8339 -0.0000 0.5519
vn -0.8319 -0.0000 -0.5549
vn -0.6959 0.5487 -0.4632
vn -0.4478 -0.0000 0.8942
vn -0.4479 -0.0000 0.8941
vn 0.6912 0.5483 0.4707
vn 0.4478 -0.0000 -0.8941
vn 0.8271 -0.0000 0.5621
vn -0.8250 -0.0000 -0.5651
vn -0.6904 0.5483 -0.4719
vn -0.4480 -0.0000 0.8940
vn -0.4478 -0.0000 0.8941
vn 0.6940 0.5486 0.4662
vn 0.8305 -0.0000 0.5570
vn -0.8284 -0.0000 -0.5602
vn -0.6931 0.5486 -0.4677
vn 0.7046 0.5498 0.4486
vn 0.8441 -0.0000 0.5362
vn -0.8420 -0.0000 -0.5394
vn 0.4472 -0.0000 -0.8945
vn -0.7039 0.5496 -0.4500
vn -0.8236 -0.0000 -0.5671
vn -0.1889 -0.9744 -0.1222
vn 0.1888 0.9744 0.1222
vn 0.8549 -0.0000 0.5188
vn 0.7099 0.5502 0.4397
vn 0.8507 -0.0000 0.5257
vn -0.8486 -0.0000 -0.5290
vn -0.7092 0.5501 -0.4410
vn 0.8238 -0.0000 0.5669
vn -0.6286 0.6441 -0.4360
vn -0.6285 0.6441 -0.4360
vn -0.8217 -0.0000 -0.5699
vn -0.8217 -0.0000 -0.5700
vn -0.8218 -0.0000 -0.5698
vn -0.6286 0.6440 -0.4360
vn -0.3446 0.6395 0.6873
vn -0.3445 0.6395 0.6873
vn 0.3441 0.6395 -0.6875
vn 0.3442 0.6395 -0.6874
vn -0.4482 -0.0000 0.8939
vn 0.6301 0.6442 0.4336
vn 0.3439 0.6395 -0.6876
vn -0.3444 0.6395 0.6874
vn 0.6300 0.6443 0.4337
vn 0.8883 -0.0000 0.4592
vn -0.6755 0.6478 -0.3523
vn -0.8867 -0.0000 -0.4624
vn -0.8867 -0.0000 -0.4623
vn 0.4465 -0.0000 -0.8948
vn -0.4464 -0.0000 0.8948
vn -0.4465 -0.0000 0.8948
vn -0.8866 -0.0000 -0.4625
vn -0.6754 0.6478 -0.3523
vn 0.8884 -0.0000 0.4592
vn -0.3419 0.6431 0.6852
vn 0.3419 0.6432 -0.6852
vn 0.3419 0.6431 -0.6852
vn 0.4464 -0.0000 -0.8949
vn -0.4466 -0.0000 0.8947
vn 0.6767 0.6478 0.3498
vn -0.3420 0.6430 0.6852
vn 0.6767 0.6478 0.3499
vn -0.4462 -0.0000 0.8949
vn 0.7382 0.5519 0.3880
vn 0.8856 -0.0000 0.4645
vn -0.8840 -0.0000 -0.4675
vn -0.7376 0.5518 -0.3893
vn -0.4468 -0.0000 0.8947
vn -0.4469 -0.0000 0.8946
vn -0.4468 -0.0000 0.8946
vn 0.7286 0.5515 0.4062
vn 0.4467 -0.0000 -0.8947
vn 0.4468 -0.0000 -0.8947
vn 0.8740 -0.0000 0.4860
vn -0.8722 -0.0000 -0.4892
vn 0.4468 -0.0000 -0.8946
vn -0.7280 0.5513 -0.4074
vn -0.4467 -0.0000 0.8947
vn 0.7336 0.5516 0.3970
vn 0.4466 -0.0000 -0.8947
vn 0.8800 -0.0000 0.4750
vn -0.8781 -0.0000 -0.4785
vn -0.7329 0.5515 -0.3983
vn -0.8586 -0.0000 -0.5126
vn 0.8867 -0.0000 0.4623
vn -0.8587 -0.0000 -0.5125
vn 0.8868 -0.0000 0.4622
vn 0.7262 0.5513 0.4107
vn 0.4469 -0.0000 -0.8946
vn 0.8708 -0.0000 0.4916
vn -0.8692 -0.0000 -0.4944
vn -0.7256 0.5511 -0.4119
vn 0.7238 0.5511 0.4152
vn 0.8677 -0.0000 0.4970
vn -0.8660 -0.0000 -0.5000
vn -0.7231 0.5511 -0.4164
vn -0.4470 -0.0000 0.8945
vn 0.7188 0.5508 0.4241
vn 0.8616 -0.0000 0.5076
vn -0.8598 -0.0000 -0.5106
vn -0.7181 0.5508 -0.4254
vn 0.7212 0.5511 0.4198
vn 0.8648 -0.0000 0.5022
vn -0.8629 -0.0000 -0.5054
vn -0.7206 0.5509 -0.4211
vn 0.7313 0.5514 0.4015
vn -0.8751 -0.0000 -0.4840
vn -0.7303 0.5515 -0.4030
vn -0.1954 -0.9746 -0.1092
vn 0.1954 0.9746 0.1092
vn 0.8867 -0.0000 0.4624
vn 0.7361 0.5516 0.3923
vn 0.8828 -0.0000 0.4697
vn -0.8812 -0.0000 -0.4728
vn -0.7352 0.5517 -0.3938
vn 0.8587 -0.0000 0.5125
vn -0.6535 0.6467 -0.3933
vn -0.6535 0.6468 -0.3933
vn -0.8568 -0.0000 -0.5156
vn -0.6536 0.6466 -0.3932
vn -0.3428 0.6421 0.6857
vn 0.3425 0.6422 -0.6858
vn 0.6548 0.6468 0.3909
vn 0.6549 0.6467 0.3909
vn -0.3427 0.6421 0.6857
vn 0.6550 0.6466 0.3909
vn 0.9162 -0.0000 0.4008
vn 0.9161 -0.0000 0.4008
vn -0.6971 0.6474 -0.3080
vn -0.6972 0.6474 -0.3080
vn -0.9147 -0.0000 -0.4041
vn 0.4458 -0.0000 -0.8951
vn 0.4459 -0.0000 -0.8951
vn -0.4455 -0.0000 0.8953
vn -0.4457 -0.0000 0.8952
vn -0.9147 -0.0000 -0.4042
vn -0.6971 0.6474 -0.3081
vn -0.3417 0.6427 0.6857
vn -0.3414 0.6428 0.6858
vn -0.3414 0.6428 0.6857
vn 0.3416 0.6428 -0.6857
vn 0.3417 0.6428 -0.6856
vn -0.4458 -0.0000 0.8951
vn 0.6983 0.6473 0.3054
vn 0.6982 0.6474 0.3055
vn 0.3415 0.6428 -0.6857
vn -0.3412 0.6428 0.6858
vn 0.6981 0.6475 0.3056
vn -0.4460 -0.0000 0.8951
vn 0.7619 0.5515 0.3395
vn 0.9139 -0.0000 0.4060
vn -0.9124 -0.0000 -0.4093
vn 0.4457 -0.0000 -0.8952
vn -0.7615 0.5513 -0.3408
vn -0.4456 -0.0000 0.8952
vn -0.4460 -0.0000 0.8950
vn 0.7531 0.5518 0.3582
vn 0.4460 -0.0000 -0.8950
vn 0.4461 -0.0000 -0.8950
vn 0.9035 -0.0000 0.4287
vn -0.9019 -0.0000 -0.4319
vn -0.7525 0.5518 -0.3596
vn -0.4459 -0.0000 0.8951
vn 0.7577 0.5516 0.3487
vn 0.9088 -0.0000 0.4173
vn -0.9072 -0.0000 -0.4206
vn -0.7569 0.5517 -0.3503
vn -0.8901 -0.0000 -0.4558
vn -0.4461 -0.0000 0.8950
vn 0.9147 -0.0000 0.4042
vn 0.7512 0.5516 0.3626
vn 0.9008 -0.0000 0.4342
vn -0.8992 -0.0000 -0.4375
vn -0.7504 0.5517 -0.3641
vn 0.7487 0.5518 0.3674
vn 0.4462 -0.0000 -0.8949
vn 0.4463 -0.0000 -0.8949
vn 0.8980 -0.0000 0.4399
vn -0.8966 -0.0000 -0.4428
vn -0.7481 0.5517 -0.3686
vn -0.4463 -0.0000 0.8949
vn -0.4464 -0.0000 0.8949
vn 0.7443 0.5516 0.3765
vn 0.8926 -0.0000 0.4508
vn -0.8910 -0.0000 -0.4541
vn -0.7435 0.5518 -0.3779
vn 0.7463 0.5519 0.3720
vn 0.8955 -0.0000 0.4451
vn -0.8937 -0.0000 -0.4487
vn -0.7457 0.5518 -0.3734
vn 0.7553 0.5518 0.3535
vn 0.9061 -0.0000 0.4231
vn -0.9045 -0.0000 -0.4265
vn -0.7549 0.5516 -0.3548
vn -0.8900 -0.0000 -0.4559
vn -0.2019 -0.9747 -0.0962
vn 0.2019 0.9747 0.0962
vn 0.9146 -0.0000 0.4043
vn 0.7598 0.5516 0.3442
vn 0.9113 -0.0000 0.4118
vn -0.9097 -0.0000 -0.4152
vn -0.7592 0.5516 -0.3456
vn 0.8900 -0.0000 0.4560
vn -0.6767 0.6478 -0.3498
vn -0.6768 0.6478 -0.3497
vn -0.8883 -0.0000 -0.4592
vn -0.8884 -0.0000 -0.4591
vn -0.6767 0.6479 -0.3498
vn 0.8900 -0.0000 0.4559
vn -0.3418 0.6432 0.6852
vn 0.3418 0.6432 -0.6852
vn 0.6781 0.6477 0.3473
vn 0.6780 0.6478 0.3474
vn 0.3420 0.6431 -0.6852
vn -0.3417 0.6432 0.6852
vn 0.6779 0.6479 0.3474
vn 0.9401 -0.0000 0.3408
vn -0.7171 0.6455 -0.2629
vn -0.7170 0.6455 -0.2629
vn -0.9389 -0.0000 -0.3442
vn 0.4452 -0.0000 -0.8954
vn 0.4454 -0.0000 -0.8953
vn -0.4448 -0.0000 0.8956
vn -0.7172 0.6454 -0.2628
vn -0.3414 0.6409 0.6875
vn -0.3413 0.6409 0.6875
vn 0.3418 0.6408 -0.6874
vn 0.3416 0.6408 -0.6875
vn 0.4451 -0.0000 -0.8955
vn 0.7181 0.6454 0.2603
vn 0.3420 0.6408 -0.6873
vn -0.3413 0.6410 0.6875
vn -0.4451 -0.0000 0.8955
vn -0.4450 -0.0000 0.8955
vn 0.7835 0.5496 0.2899
vn 0.4453 -0.0000 -0.8954
vn 0.9381 -0.0000 0.3463
vn -0.9369 -0.0000 -0.3497
vn 0.4450 -0.0000 -0.8955
vn -0.7829 0.5497 -0.2914
vn 0.7754 0.5506 0.3091
vn 0.9293 -0.0000 0.3694
vn -0.9280 -0.0000 -0.3726
vn -0.7750 0.5505 -0.3103
vn -0.4452 -0.0000 0.8954
vn 0.7795 0.5501 0.2996
vn 0.9337 -0.0000 0.3581
vn -0.9325 -0.0000 -0.3612
vn -0.7790 0.5501 -0.3009
vn -0.9176 -0.0000 -0.3975
vn -0.4453 -0.0000 0.8954
vn 0.9389 -0.0000 0.3443
vn 0.9389 -0.0000 0.3441
vn -0.4454 -0.0000 0.8953
vn 0.7734 0.5508 0.3138
vn 0.4455 -0.0000 -0.8953
vn 0.9270 -0.0000 0.3750
vn -0.9257 -0.0000 -0.3783
vn -0.7730 0.5506 -0.3151
vn 0.7713 0.5510 0.3186
vn 0.9247 -0.0000 0.3807
vn -0.9233 -0.0000 -0.3842
vn 0.4456 -0.0000 -0.8952
vn -0.7709 0.5508 -0.3200
vn -0.4454 -0.0000 0.8954
vn 0.7673 0.5512 0.3279
vn 0.9200 -0.0000 0.3920
vn -0.9185 -0.0000 -0.3954
vn 0.4456 -0.0000 -0.8953
vn -0.7668 0.5511 -0.3292
vn 0.7694 0.5510 0.3231
vn 0.9223 -0.0000 0.3864
vn -0.9208 -0.0000 -0.3899
vn -0.7687 0.5511 -0.3246
vn 0.7776 0.5503 0.3042
vn 0.9316 -0.0000 0.3634
vn -0.9303 -0.0000 -0.3669
vn -0.7772 0.5501 -0.3055
vn -0.9175 -0.0000 -0.3976
vn -0.2082 -0.9745 -0.0832
vn 0.2083 0.9745 0.0832
vn -0.4449 -0.0000 0.8956
vn 0.7815 0.5498 0.2948
vn 0.4449 -0.0000 -0.8956
vn 0.9360 -0.0000 0.3520
vn -0.9346 -0.0000 -0.3556
vn -0.7809 0.5499 -0.2962
vn 0.9176 -0.0000 0.3975
vn -0.6981 0.6475 -0.3055
vn -0.6981 0.6476 -0.3055
vn -0.9162 -0.0000 -0.4008
vn -0.9161 -0.0000 -0.4008
vn -0.6982 0.6475 -0.3054
vn -0.3411 0.6428 0.6859
vn -0.3412 0.6427 0.6859
vn 0.3414 0.6427 -0.6858
vn 0.3412 0.6428 -0.6859
vn 0.6993 0.6473 0.3031
vn 0.6994 0.6473 0.3030
vn 0.3415 0.6427 -0.6858
vn -0.3414 0.6427 0.6858
vn 0.6995 0.6472 0.3030
vn 0.9598 -0.0000 0.2808
vn -0.7333 0.6443 -0.2173
vn -0.9588 -0.0000 -0.2841
vn 0.1563 -0.0000 -0.9877
vn -0.1567 -0.0000 0.9876
vn -0.9588 -0.0000 -0.2840
vn -0.1204 0.6400 0.7589
vn -0.1204 0.6400 0.7588
vn 0.1201 0.6400 -0.7589
vn -0.1567 -0.0000 0.9877
vn 0.7338 0.6445 0.2147
vn -0.1205 0.6401 0.7588
vn 0.7338 0.6446 0.2147
vn -0.1565 -0.0000 0.9877
vn 0.8012 0.5482 0.2399
vn 0.1565 -0.0000 -0.9877
vn 0.1566 -0.0000 -0.9877
vn 0.9583 -0.0000 0.2858
vn -0.9573 -0.0000 -0.2892
vn 0.1567 -0.0000 -0.9877
vn -0.8009 0.5481 -0.2413
vn -0.1569 -0.0000 0.9876
vn -0.4444 -0.0000 0.8958
vn -0.4445 -0.0000 0.8958
vn 0.7956 0.5477 0.2588
vn 0.4445 -0.0000 -0.8958
vn 0.9513 -0.0000 0.3084
vn -0.9501 -0.0000 -0.3119
vn 0.4446 -0.0000 -0.8957
vn -0.7950 0.5479 -0.2603
vn -0.4446 -0.0000 0.8957
vn -0.1570 -0.0000 0.9876
vn -0.1568 -0.0000 0.9876
vn 0.7988 0.5475 0.2493
vn 0.1569 -0.0000 -0.9876
vn 0.1568 -0.0000 -0.9876
vn 0.9548 -0.0000 0.2971
vn -0.9538 -0.0000 -0.3003
vn -0.7985 0.5473 -0.2507
vn -0.1566 -0.0000 0.9877
vn -0.9414 -0.0000 -0.3374
vn -0.3362 -0.0000 0.9418
vn 0.3363 -0.0000 -0.9418
vn 0.9588 -0.0000 0.2841
vn -0.9413 -0.0000 -0.3375
vn 0.7939 0.5480 0.2636
vn 0.4447 -0.0000 -0.8957
vn 0.9494 -0.0000 0.3142
vn -0.9482 -0.0000 -0.3177
vn -0.7935 0.5479 -0.2650
vn -0.4447 -0.0000 0.8957
vn 0.7920 0.5484 0.2685
vn 0.4448 -0.0000 -0.8956
vn 0.9474 -0.0000 0.3201
vn -0.9461 -0.0000 -0.3237
vn 0.4448 -0.0000 -0.8957
vn -0.7915 0.5483 -0.2699
vn 0.7885 0.5487 0.2780
vn 0.9433 -0.0000 0.3318
vn -0.9421 -0.0000 -0.3352
vn -0.7879 0.5487 -0.2794
vn 0.7902 0.5485 0.2733
vn 0.9453 -0.0000 0.3261
vn -0.9442 -0.0000 -0.3295
vn -0.7896 0.5487 -0.2748
vn -0.1723 -0.0000 0.9850
vn -0.3117 -0.0000 0.9502
vn -0.3116 -0.0000 0.9502
vn 0.7977 0.5470 0.2539
vn 0.1722 -0.0000 -0.9851
vn 0.3115 -0.0000 -0.9502
vn 0.3117 -0.0000 -0.9502
vn 0.9531 -0.0000 0.3027
vn -0.9520 -0.0000 -0.3061
vn -0.7969 0.5475 -0.2555
vn -0.9413 -0.0000 -0.3376
vn -0.2149 -0.9741 -0.0703
vn -0.3363 -0.0000 0.9418
vn 0.2149 0.9741 0.0703
vn 0.9588 -0.0000 0.2842
vn 0.8001 0.5477 0.2446
vn 0.9566 -0.0000 0.2915
vn -0.9556 -0.0000 -0.2948
vn -0.7997 0.5476 -0.2460
vn 0.9414 -0.0000 0.3374
vn -0.7181 0.6455 -0.2603
vn -0.7180 0.6455 -0.2603
vn -0.9401 -0.0000 -0.3408
vn -0.9401 -0.0000 -0.3409
vn -0.7181 0.6454 -0.2603
vn 0.9413 -0.0000 0.3375
vn -0.3415 0.6407 0.6876
vn 0.3417 0.6407 -0.6875
vn 0.3417 0.6407 -0.6876
vn 0.3415 0.6408 -0.6876
vn 0.4452 -0.0000 -0.8955
vn 0.7192 0.6452 0.2578
vn 0.3418 0.6407 -0.6875
vn -0.3416 0.6407 0.6876
vn 0.7193 0.6451 0.2577
vn 0.9751 -0.0000 0.2218
vn 0.9751 -0.0000 0.2219
vn -0.7432 0.6466 -0.1718
vn -0.7433 0.6466 -0.1717
vn -0.9743 -0.0000 -0.2251
vn 0.1557 -0.0000 -0.9878
vn 0.1556 -0.0000 -0.9878
vn -0.1558 -0.0000 0.9878
vn -0.1559 -0.0000 0.9878
vn -0.1195 0.6423 0.7571
vn 0.1195 0.6423 -0.7571
vn 0.1196 0.6423 -0.7571
vn 0.1559 -0.0000 -0.9878
vn -0.1560 -0.0000 0.9878
vn 0.7437 0.6468 0.1692
vn 0.7436 0.6468 0.1692
vn 0.7436 0.6469 0.1692
vn -0.1560 -0.0000 0.9877
vn 0.8130 0.5503 0.1902
vn 0.1558 -0.0000 -0.9878
vn 0.1560 -0.0000 -0.9878
vn 0.9739 -0.0000 0.2271
vn -0.9731 -0.0000 -0.2303
vn 0.1562 -0.0000 -0.9877
vn -0.8125 0.5506 -0.1917
vn -0.1561 -0.0000 0.9877
vn 0.8088 0.5496 0.2093
vn 0.1561 -0.0000 -0.9877
vn 0.9683 -0.0000 0.2498
vn -0.9675 -0.0000 -0.2529
vn -0.8084 0.5497 -0.2107
vn -0.1562 -0.0000 0.9877
vn 0.8109 0.5501 0.1998
vn 0.9712 -0.0000 0.2384
vn -0.9704 -0.0000 -0.2417
vn -0.8103 0.5503 -0.2013
vn -0.9607 -0.0000 -0.2775
vn 0.9743 -0.0000 0.2251
vn -0.1563 -0.0000 0.9877
vn 0.8077 0.5493 0.2140
vn 0.9669 -0.0000 0.2553
vn -0.9660 -0.0000 -0.2586
vn -0.8073 0.5494 -0.2154
vn -0.1564 -0.0000 0.9877
vn 0.8065 0.5492 0.2188
vn 0.9653 -0.0000 0.2611
vn -0.8062 0.5492 -0.2202
vn 0.8043 0.5487 0.2282
vn 0.9622 -0.0000 0.2723
vn -0.9613 -0.0000 -0.2754
vn -0.8039 0.5487 -0.2296
vn 0.8055 0.5488 0.2234
vn 0.9638 -0.0000 0.2666
vn -0.9629 -0.0000 -0.2700
vn 0.1564 -0.0000 -0.9877
vn -0.8051 0.5488 -0.2249
vn 0.8098 0.5499 0.2045
vn 0.9698 -0.0000 0.2440
vn -0.9689 -0.0000 -0.2474
vn -0.8095 0.5499 -0.2060
vn -0.2175 -0.9744 -0.0565
vn 0.2176 0.9744 0.0565
vn 0.8118 0.5503 0.1951
vn 0.1560 -0.0000 -0.9877
vn 0.9725 -0.0000 0.2328
vn -0.9717 -0.0000 -0.2361
vn -0.8116 0.5502 -0.1964
vn 0.9607 -0.0000 0.2775
vn -0.7338 0.6446 -0.2147
vn -0.7337 0.6446 -0.2147
vn -0.9598 -0.0000 -0.2808
vn 0.9607 -0.0000 0.2776
vn -0.1203 0.6402 0.7587
vn 0.1200 0.6402 -0.7588
vn 0.1199 0.6402 -0.7588
vn 0.7345 0.6446 0.2122
vn -0.1204 0.6402 0.7587
vn 0.9868 -0.0000 0.1621
vn -0.7515 0.6475 -0.1261
vn -0.7515 0.6476 -0.1261
vn -0.9862 -0.0000 -0.1654
vn 0.1553 -0.0000 -0.9879
vn -0.1553 -0.0000 0.9879
vn -0.7516 0.6475 -0.1261
vn -0.1188 0.6432 0.7564
vn 0.1188 0.6431 -0.7565
vn 0.1187 0.6431 -0.7565
vn -0.1554 -0.0000 0.9879
vn 0.7518 0.6477 0.1235
vn 0.7519 0.6477 0.1235
vn 0.1189 0.6431 -0.7565
vn 0.7519 0.6476 0.1235
vn -0.1550 -0.0000 0.9879
vn -0.1551 -0.0000 0.9879
vn 0.8223 0.5515 0.1404
vn 0.9859 -0.0000 0.1675
vn -0.9853 -0.0000 -0.1708
vn -0.8220 0.5515 -0.1418
vn -0.1557 -0.0000 0.9878
vn -0.1556 -0.0000 0.9878
vn 0.8189 0.5514 0.1595
vn 0.1555 -0.0000 -0.9878
vn 0.9817 -0.0000 0.1904
vn -0.9811 -0.0000 -0.1937
vn -0.8188 0.5511 -0.1608
vn -0.1552 -0.0000 0.9879
vn 0.8208 0.5513 0.1499
vn 0.9839 -0.0000 0.1789
vn -0.9832 -0.0000 -0.1823
vn 0.1554 -0.0000 -0.9879
vn -0.8204 0.5514 -0.1513
vn -0.1554 -0.0000 0.9878
vn -0.9758 -0.0000 -0.2185
vn -0.1555 -0.0000 0.9878
vn 0.1554 -0.0000 -0.9878
vn 0.9862 -0.0000 0.1654
vn 0.8181 0.5511 0.1642
vn 0.9806 -0.0000 0.1960
vn -0.9799 -0.0000 -0.1995
vn -0.8180 0.5508 -0.1656
vn 0.8171 0.5511 0.1690
vn 0.9795 -0.0000 0.2016
vn -0.9788 -0.0000 -0.2050
vn -0.8169 0.5510 -0.1705
vn 0.8153 0.5508 0.1785
vn 0.9770 -0.0000 0.2132
vn -0.9763 -0.0000 -0.2164
vn -0.8150 0.5508 -0.1799
vn 0.8162 0.5510 0.1739
vn 0.9782 -0.0000 0.2076
vn -0.9775 -0.0000 -0.2108
vn -0.8160 0.5508 -0.1751
vn 0.8197 0.5515 0.1547
vn 0.9828 -0.0000 0.1846
vn -0.9822 -0.0000 -0.1879
vn -0.8196 0.5512 -0.1561
vn -0.9758 -0.0000 -0.2186
vn -0.2197 -0.9746 -0.0430
vn 0.2197 0.9746 0.0430
vn 0.8215 0.5515 0.1451
vn 0.9849 -0.0000 0.1731
vn -0.9843 -0.0000 -0.1765
vn -0.8212 0.5515 -0.1465
vn 0.9758 -0.0000 0.2185
vn -0.7436 0.6468 -0.1692
vn -0.7436 0.6469 -0.1692
vn -0.9751 -0.0000 -0.2218
vn -0.9751 -0.0000 -0.2219
vn -0.1194 0.6424 0.7570
vn -0.1195 0.6424 0.7570
vn 0.1193 0.6424 -0.7570
vn 0.1195 0.6424 -0.7570
vn 0.7443 0.6467 0.1667
vn 0.1191 0.6424 -0.7570
vn -0.1196 0.6424 0.7570
vn 0.7443 0.6468 0.1667
vn 0.9948 -0.0000 0.1017
vn -0.7581 0.6472 -0.0801
vn -0.9945 -0.0000 -0.1050
vn -0.9945 -0.0000 -0.1051
vn 0.1546 -0.0000 -0.9880
vn 0.1544 -0.0000 -0.9880
vn -0.1541 -0.0000 0.9880
vn -0.1544 -0.0000 0.9880
vn -0.7582 0.6471 -0.0801
vn -0.1186 0.6427 0.7569
vn -0.1182 0.6427 0.7570
vn 0.1185 0.6427 -0.7569
vn 0.1186 0.6427 -0.7568
vn 0.1548 -0.0000 -0.9879
vn -0.1547 -0.0000 0.9880
vn 0.7585 0.6470 0.0775
vn 0.7586 0.6470 0.0775
vn 0.1183 0.6428 -0.7569
vn -0.1179 0.6427 0.7570
vn 0.7586 0.6469 0.0775
vn -0.1542 -0.0000 0.9880
vn 0.8296 0.5511 0.0900
vn 0.1543 -0.0000 -0.9880
vn 0.9943 -0.0000 0.1071
vn -0.9939 -0.0000 -0.1105
vn -0.8294 0.5512 -0.0914
vn -0.1546 -0.0000 0.9880
vn 0.8270 0.5515 0.1093
vn 0.1547 -0.0000 -0.9880
vn 0.9915 -0.0000 0.1303
vn -0.9911 -0.0000 -0.1335
vn 0.1549 -0.0000 -0.9879
vn -0.8269 0.5513 -0.1107
vn 0.8284 0.5512 0.0996
vn 0.9930 -0.0000 0.1185
vn -0.9925 -0.0000 -0.1220
vn -0.8283 0.5511 -0.1011
vn -0.9873 -0.0000 -0.1587
vn -0.1548 -0.0000 0.9880
vn 0.1548 -0.0000 -0.9880
vn 0.9945 -0.0000 0.1050
vn 0.9945 -0.0000 0.1051
vn -0.1549 -0.0000 0.9879
vn -0.1548 -0.0000 0.9879
vn 0.8264 0.5515 0.1141
vn 0.9907 -0.0000 0.1359
vn -0.9903 -0.0000 -0.1393
vn 0.1550 -0.0000 -0.9879
vn -0.8262 0.5513 -0.1155
vn 0.8256 0.5516 0.1189
vn 0.9899 -0.0000 0.1417
vn -0.9894 -0.0000 -0.1451
vn -0.8254 0.5516 -0.1204
vn 0.8241 0.5517 0.1286
vn 0.9882 -0.0000 0.1532
vn -0.9877 -0.0000 -0.1566
vn -0.8239 0.5517 -0.1299
vn 0.8249 0.5516 0.1238
vn 0.1551 -0.0000 -0.9879
vn 0.9890 -0.0000 0.1476
vn -0.9886 -0.0000 -0.1508
vn -0.8247 0.5515 -0.1251
vn -0.1545 -0.0000 0.9880
vn 0.8278 0.5513 0.1045
vn 0.9922 -0.0000 0.1244
vn -0.9918 -0.0000 -0.1278
vn -0.8275 0.5514 -0.1059
vn -0.2218 -0.9746 -0.0295
vn 0.2218 0.9746 0.0295
vn 0.8289 0.5512 0.0948
vn 0.9936 -0.0000 0.1128
vn -0.9932 -0.0000 -0.1162
vn -0.8287 0.5513 -0.0963
vn 0.9873 -0.0000 0.1587
vn -0.7519 0.6476 -0.1235
vn -0.7518 0.6477 -0.1235
vn -0.9868 -0.0000 -0.1621
vn -0.9868 -0.0000 -0.1620
vn -0.1187 0.6432 0.7564
vn 0.1186 0.6432 -0.7564
vn 0.1186 0.6432 -0.7565
vn 0.7525 0.6474 0.1209
vn 0.7524 0.6475 0.1209
vn 0.1187 0.6432 -0.7564
vn -0.1186 0.6432 0.7564
vn 0.9992 -0.0000 0.0409
vn -0.7631 0.6454 -0.0339
vn -0.9990 -0.0000 -0.0443
vn 0.1539 -0.0000 -0.9881
vn 0.1540 -0.0000 -0.9881
vn -0.1538 -0.0000 0.9881
vn -0.1536 -0.0000 0.9881
vn -0.7632 0.6453 -0.0338
vn -0.1177 0.6409 0.7585
vn -0.1179 0.6409 0.7585
vn -0.1178 0.6409 0.7585
vn 0.1182 0.6408 -0.7586
vn 0.1183 0.6408 -0.7586
vn 0.1537 -0.0000 -0.9881
vn -0.1534 -0.0000 0.9882
vn 0.7634 0.6452 0.0313
vn 0.1181 0.6408 -0.7586
vn -0.1180 0.6409 0.7585
vn -0.1539 -0.0000 0.9881
vn 0.8347 0.5493 0.0394
vn 0.1538 -0.0000 -0.9881
vn 0.9989 -0.0000 0.0463
vn -0.9988 -0.0000 -0.0497
vn -0.8346 0.5493 -0.0408
vn -0.1541 -0.0000 0.9881
vn 0.8329 0.5502 0.0588
vn 0.1541 -0.0000 -0.9881
vn 0.9976 -0.0000 0.0696
vn -0.9973 -0.0000 -0.0730
vn -0.8328 0.5504 -0.0603
vn 0.8337 0.5500 0.0491
vn 0.9983 -0.0000 0.0579
vn -0.9981 -0.0000 -0.0614
vn -0.8336 0.5501 -0.0505
vn -0.1540 -0.0000 0.9881
vn -0.9952 -0.0000 -0.0983
vn 0.9990 -0.0000 0.0443
vn 0.8325 0.5504 0.0636
vn 0.1542 -0.0000 -0.9880
vn 0.9972 -0.0000 0.0754
vn -0.9969 -0.0000 -0.0787
vn 0.1541 -0.0000 -0.9880
vn -0.8325 0.5503 -0.0650
vn 0.8320 0.5506 0.0685
vn 0.9967 -0.0000 0.0812
vn -0.9964 -0.0000 -0.0846
vn -0.8318 0.5506 -0.0699
vn 0.8310 0.5508 0.0781
vn 0.9957 -0.0000 0.0927
vn -0.9954 -0.0000 -0.0962
vn -0.8308 0.5509 -0.0795
vn -0.1543 -0.0000 0.9880
vn 0.8315 0.5507 0.0733
vn 0.9962 -0.0000 0.0870
vn -0.9959 -0.0000 -0.0904
vn -0.8315 0.5505 -0.0747
vn 0.8335 0.5499 0.0540
vn 0.9980 -0.0000 0.0638
vn -0.9977 -0.0000 -0.0672
vn -0.8332 0.5502 -0.0554
vn -0.9952 -0.0000 -0.0982
vn -0.2240 -0.9745 -0.0160
vn 0.2239 0.9745 0.0160
vn 0.8343 0.5495 0.0443
vn 0.9986 -0.0000 0.0521
vn 0.1534 -0.0000 -0.9882
vn -0.8342 0.5496 -0.0457
vn -0.1537 -0.0000 0.9881
vn 0.9952 -0.0000 0.0983
vn -0.7585 0.6470 -0.0775
vn -0.7586 0.6469 -0.0775
vn -0.9948 -0.0000 -0.1017
vn 0.1545 -0.0000 -0.9880
vn -0.7585 0.6471 -0.0775
vn -0.1181 0.6427 0.7570
vn 0.1183 0.6426 -0.7570
vn 0.7587 0.6471 0.0749
vn 0.7588 0.6471 0.0749
vn 0.1184 0.6426 -0.7570
vn -0.1180 0.6427 0.7570
vn 0.7588 0.6470 0.0749
vn 1.0000 -0.0000 0.0077
vn -0.7690 0.6392 -0.0060
vn -1.0000 -0.0000 -0.0077
vn -0.1192 0.6391 0.7599
vn -0.1193 0.6391 0.7599
vn 0.1191 0.6391 -0.7598
vn 0.1190 0.6391 -0.7598
vn 0.7692 0.6390 0.0060
vn 0.1192 0.6391 -0.7598
vn -0.1193 0.6391 0.7598
vn 0.7691 0.6391 0.0060
vn 0.8400 0.5426 0.0065
vn -0.8400 0.5425 -0.0065
vn -0.1530 -0.0000 0.9882
vn 0.8367 0.5476 0.0080
vn 0.1531 -0.0000 -0.9882
vn 0.1533 -0.0000 -0.9882
vn 1.0000 -0.0000 0.0087
vn -0.9999 -0.0000 -0.0121
vn 0.1535 -0.0000 -0.9882
vn -0.8368 0.5475 -0.0094
vn -0.1532 -0.0000 0.9882
vn 0.8399 0.5426 0.0065
vn -0.8398 0.5429 -0.0065
vn -0.9993 -0.0000 -0.0375
vn 0.8365 0.5478 0.0129
vn 0.1532 -0.0000 -0.9882
vn 0.9999 -0.0000 0.0145
vn -0.9998 -0.0000 -0.0179
vn 0.1536 -0.0000 -0.9881
vn -0.8365 0.5478 -0.0143
vn 0.8363 0.5479 0.0177
vn 0.1535 -0.0000 -0.9881
vn 0.9998 -0.0000 0.0204
vn -0.9997 -0.0000 -0.0238
vn -0.8361 0.5482 -0.0192
vn -0.1535 -0.0000 0.9882
vn 0.8356 0.5486 0.0274
vn 0.9995 -0.0000 0.0319
vn -0.9994 -0.0000 -0.0353
vn -0.8355 0.5487 -0.0288
vn 0.8359 0.5485 0.0226
vn 0.9997 -0.0000 0.0262
vn -0.9996 -0.0000 -0.0296
vn -0.8358 0.5485 -0.0240
vn -0.8399 0.5428 -0.0065
vn -0.2267 -0.9739 -0.0051
vn 0.2267 0.9739 0.0051
vn 0.8398 0.5428 0.0065
vn -0.8399 0.5427 -0.0065
vn 0.9993 -0.0000 0.0375
vn -0.7634 0.6451 -0.0313
vn -0.7635 0.6451 -0.0313
vn -0.9992 -0.0000 -0.0409
vn -0.1535 -0.0000 0.9881
vn -0.7634 0.6452 -0.0313
vn -0.1180 0.6407 0.7586
vn 0.1182 0.6406 -0.7587
vn 0.1181 0.6406 -0.7587
vn 0.7635 0.6451 0.0287
vn 0.7636 0.6451 0.0287
vn 0.1183 0.6406 -0.7587
vn -0.1181 0.6407 0.7586
vn 0.7636 0.6450 0.0287
vt 0.716410 0.912114
vt 0.716410 0.001385
vt 0.771815 0.001385
vt 0.771815 0.912114
vt 0.937344 0.912114
vt 0.937344 0.996215
vt 0.882053 0.912114
vt 0.937344 0.001385
vt 0.882053 0.001385
vt 0.486930 0.033353
vt 0.512679 0.033498
vt 0.512534 0.059246
vt 0.486786 0.059102
vt 0.826362 0.912114
vt 0.826362 0.001385
vt 0.549787 0.001385
vt 0.604832 0.001385
vt 0.604832 0.912114
vt 0.549787 0.912114
vt 0.538283 0.059391
vt 0.538427 0.033642
vt 0.991769 0.912114
vt 0.991769 0.001385
vt 0.660452 0.001385
vt 0.660452 0.912114
vt 0.656516 0.912114
vt 0.604832 0.996469
vt 0.826362 0.997130
vt 0.512823 0.007749
vt 0.487075 0.007605
vt 0.538571 0.007894
vt 0.716410 1.000000
vt 0.585245 0.489935
vt 0.555713 0.535231
vt 0.555227 0.014453
vt 0.584801 0.014426
vt 0.067017 0.984347
vt 0.067017 0.623049
vt 0.079326 0.623049
vt 0.079326 0.984347
vt 0.595506 0.014416
vt 0.625080 0.014388
vt 0.625566 0.535166
vt 0.595950 0.489925
vt 0.029076 0.620340
vt 0.029076 0.981639
vt 0.041385 0.981639
vt 0.041385 0.620340
vt 0.514948 0.014491
vt 0.525653 0.014481
vt 0.526097 0.489990
vt 0.515392 0.490000
vt 0.016768 0.981639
vt 0.016768 0.620340
vt 0.654653 0.014361
vt 0.655097 0.489870
vt 0.054709 0.623049
vt 0.054709 0.984347
vt 0.251584 0.484842
vt 0.221524 0.529789
vt 0.221524 0.018292
vt 0.251584 0.018292
vt 0.262493 0.018292
vt 0.292706 0.018292
vt 0.292706 0.528769
vt 0.262493 0.484842
vt 0.180405 0.018292
vt 0.191314 0.018292
vt 0.191314 0.485868
vt 0.180405 0.485868
vt 0.322765 0.018292
vt 0.322765 0.483884
vt 0.415814 0.484842
vt 0.385754 0.529789
vt 0.385754 0.018292
vt 0.415814 0.018292
vt 0.426723 0.018292
vt 0.456935 0.018292
vt 0.456935 0.528770
vt 0.426723 0.484842
vt 0.344635 0.018292
vt 0.355544 0.018292
vt 0.355544 0.485868
vt 0.344635 0.485868
vt 0.486995 0.018292
vt 0.486995 0.483884
vt 0.091761 0.623496
vt 0.141047 0.623641
vt 0.140359 0.858605
vt 0.091073 0.858460
vt 0.734158 0.990483
vt 0.729232 0.990483
vt 0.729232 0.557904
vt 0.734158 0.557904
vt 0.786047 0.990483
vt 0.762566 0.990483
vt 0.762566 0.557904
vt 0.786047 0.557904
vt 0.757640 0.990483
vt 0.757640 0.557904
vt 0.868637 0.989683
vt 0.863712 0.989683
vt 0.863712 0.557104
vt 0.868637 0.557104
vt 0.920527 0.989683
vt 0.897045 0.989683
vt 0.897045 0.557104
vt 0.920527 0.557104
vt 0.892119 0.989683
vt 0.892119 0.557104
vt 0.804759 0.487437
vt 0.774699 0.532384
vt 0.774699 0.020887
vt 0.804759 0.020887
vt 0.620804 0.984347
vt 0.620804 0.623049
vt 0.633113 0.623049
vt 0.633113 0.984347
vt 0.815668 0.020887
vt 0.845881 0.020887
vt 0.845881 0.531364
vt 0.815668 0.487437
vt 0.582863 0.620340
vt 0.582863 0.981639
vt 0.595172 0.981639
vt 0.595172 0.620340
vt 0.733580 0.020887
vt 0.744489 0.020887
vt 0.744489 0.488463
vt 0.733580 0.488463
vt 0.570555 0.981639
vt 0.570555 0.620340
vt 0.875939 0.020887
vt 0.875940 0.486479
vt 0.608496 0.623049
vt 0.608496 0.984347
vt 0.308171 0.487437
vt 0.278111 0.532384
vt 0.278111 0.020887
vt 0.308171 0.020887
vt 0.124216 0.984347
vt 0.124216 0.623049
vt 0.136524 0.623049
vt 0.136524 0.984347
vt 0.319080 0.020887
vt 0.349292 0.020887
vt 0.349292 0.531365
vt 0.319080 0.487437
vt 0.086275 0.620340
vt 0.086275 0.981639
vt 0.098583 0.981639
vt 0.098583 0.620340
vt 0.236992 0.020887
vt 0.247901 0.020887
vt 0.247901 0.488463
vt 0.236992 0.488463
vt 0.073967 0.981639
vt 0.073967 0.620340
vt 0.379351 0.020887
vt 0.379351 0.486479
vt 0.111908 0.623049
vt 0.111908 0.984347
vt 0.088200 0.489353
vt 0.058529 0.534557
vt 0.059654 0.013780
vt 0.089228 0.013844
vt 0.067018 0.984347
vt 0.067018 0.623049
vt 0.099933 0.013867
vt 0.129506 0.013931
vt 0.128381 0.534708
vt 0.098905 0.489376
vt 0.019376 0.013693
vt 0.030081 0.013716
vt 0.029053 0.489225
vt 0.018348 0.489202
vt 0.159080 0.013995
vt 0.158052 0.489504
vt 0.917029 0.482718
vt 0.886969 0.527665
vt 0.886969 0.016168
vt 0.917029 0.016168
vt 0.927938 0.016168
vt 0.958150 0.016168
vt 0.958150 0.526645
vt 0.927938 0.482718
vt 0.845850 0.016168
vt 0.856759 0.016168
vt 0.856759 0.483744
vt 0.845850 0.483744
vt 0.988209 0.016168
vt 0.988209 0.481759
vt 0.451168 0.487437
vt 0.421108 0.532384
vt 0.421108 0.020887
vt 0.451168 0.020887
vt 0.267213 0.984353
vt 0.267213 0.623043
vt 0.279521 0.623043
vt 0.279521 0.984353
vt 0.462077 0.020887
vt 0.492289 0.020887
vt 0.492289 0.531364
vt 0.462077 0.487437
vt 0.229272 0.620334
vt 0.229272 0.981645
vt 0.241580 0.981645
vt 0.241580 0.620334
vt 0.379988 0.020887
vt 0.390898 0.020887
vt 0.390898 0.488463
vt 0.379988 0.488463
vt 0.216963 0.981645
vt 0.216963 0.620334
vt 0.522348 0.020887
vt 0.522348 0.486478
vt 0.254904 0.623043
vt 0.254904 0.984353
vt 0.091742 0.627975
vt 0.141040 0.628120
vt 0.140378 0.854126
vt 0.091081 0.853982
vt 0.976839 0.544941
vt 0.981765 0.544941
vt 0.981765 0.988902
vt 0.976839 0.988902
vt 0.927922 0.544941
vt 0.949567 0.544941
vt 0.949567 0.988902
vt 0.927922 0.988902
vt 0.954492 0.544941
vt 0.954492 0.988902
vt 0.141040 0.628119
vt 0.729616 0.483772
vt 0.699556 0.528719
vt 0.699556 0.017222
vt 0.729616 0.017222
vt 0.046218 0.984347
vt 0.046218 0.623049
vt 0.058526 0.623049
vt 0.058526 0.984347
vt 0.740525 0.017222
vt 0.770737 0.017222
vt 0.770737 0.527699
vt 0.740525 0.483772
vt 0.008277 0.620340
vt 0.008277 0.981639
vt 0.020585 0.981639
vt 0.020585 0.620340
vt 0.658437 0.017222
vt 0.669346 0.017222
vt 0.669346 0.484798
vt 0.658437 0.484798
vt -0.004032 0.981639
vt -0.004032 0.620340
vt 0.800796 0.017222
vt 0.800796 0.482813
vt 0.033910 0.623049
vt 0.033910 0.984347
s 1
usemtl White_Wash_T.001
f 12/1/1 9/2/1 2/3/1 4/4/1
f 11/5/2 14/6/2 6/7/2
f 10/8/3 11/5/3 6/7/3 8/9/3
f 16/10/4 17/11/4 10/12/4 8/13/4
f 15/14/5 16/15/5 8/9/5 6/7/5
f 7/16/6 18/17/6 13/18/6 5/19/6
f 7/20/4 10/12/4 17/11/4 18/21/4
f 5/22/3 11/5/3 10/8/3 7/23/3
f 5/22/2 14/6/2 11/5/2
f 1/24/1 9/2/1 12/1/1 3/25/1
f 3/26/7 14/27/7 13/18/7
f 15/14/8 14/28/8 4/4/9
f 2/3/5 16/15/5 15/14/5 4/4/5
f 9/29/4 17/11/4 16/10/4 2/30/4
f 18/21/4 17/11/4 9/29/4 1/31/4
f 13/18/6 18/17/6 1/24/6 3/25/6
f 3/25/10 12/1/10 14/32/10
f 6/7/8 14/28/8 15/14/8
f 13/18/7 14/27/7 5/19/7
f 4/4/10 14/32/10 12/1/10
f 22/33/11 30/34/11 27/35/11 20/36/11
f 29/37/12 30/38/12 22/39/12 24/40/12
f 26/41/13 28/42/13 29/43/13 24/44/13
f 27/45/4 28/46/4 26/47/4 20/48/4
f 22/33/14 20/36/14 26/41/14 24/44/14
f 25/49/15 19/50/15 21/51/15 23/52/15
f 25/53/4 28/46/4 27/45/4 19/54/4
f 25/55/13 23/56/13 29/43/13 28/42/13
f 21/57/16 30/38/16 29/37/16 23/58/16
f 19/50/11 27/35/11 30/34/11 21/51/11
f 34/59/17 42/60/17 39/61/17 32/62/17
f 41/37/18 42/38/18 34/39/18 36/40/18
f 38/63/19 40/64/19 41/65/19 36/66/19
f 39/45/4 40/46/4 38/47/4 32/48/4
f 34/59/20 32/62/20 38/63/20 36/66/20
f 37/67/21 31/68/21 33/69/21 35/70/21
f 37/53/4 40/46/4 39/45/4 31/54/4
f 37/71/19 35/72/19 41/65/19 40/64/19
f 33/57/22 42/38/22 41/37/22 35/58/22
f 31/68/17 39/61/17 42/60/17 33/69/17
f 46/73/6 54/74/6 51/75/6 44/76/6
f 53/37/23 54/38/23 46/39/23 48/40/23
f 50/77/24 52/78/24 53/79/24 48/80/24
f 51/45/4 52/46/4 50/47/4 44/48/4
f 46/73/25 44/76/25 50/77/25 48/80/25
f 49/81/26 43/82/26 45/83/26 47/84/26
f 49/53/4 52/46/4 51/45/4 43/54/4
f 49/85/24 47/86/24 53/79/24 52/78/24
f 45/57/27 54/38/27 53/37/27 47/58/27
f 43/82/17 51/75/6 54/74/6 45/83/17
f 60/87/28 59/88/28 61/89/28 62/90/28
f 58/91/4 57/92/4 59/93/4 60/94/4
f 57/95/29 55/96/29 61/97/29 59/98/29
f 55/96/30 56/99/30 62/100/30 61/97/30
f 56/99/31 58/91/31 60/94/31 62/100/31
f 56/87/32 55/88/32 57/89/32 58/90/32
f 68/87/28 67/88/28 69/89/28 70/90/28
f 66/101/4 65/102/4 67/103/4 68/104/4
f 65/105/29 63/106/29 69/107/29 67/108/29
f 63/106/30 64/109/30 70/110/30 69/107/30
f 64/109/31 66/101/31 68/104/31 70/110/31
f 64/87/32 63/88/32 65/89/32 66/90/32
f 74/111/33 82/112/33 79/113/33 72/114/33
f 81/115/34 82/116/34 74/117/34 76/118/34
f 78/119/19 80/120/19 81/121/19 76/122/19
f 79/123/4 80/124/4 78/125/4 72/126/4
f 74/111/35 72/114/35 78/119/35 76/122/35
f 77/127/36 71/128/36 73/129/36 75/130/36
f 77/131/4 80/124/4 79/123/4 71/132/4
f 77/133/19 75/134/19 81/121/19 80/120/19
f 73/135/37 82/116/37 81/115/37 75/136/37
f 71/128/33 79/113/33 82/112/33 73/129/33
f 86/137/38 94/138/38 91/139/38 84/140/38
f 93/141/39 94/142/39 86/143/39 88/144/39
f 90/145/40 92/146/40 93/147/40 88/148/40
f 91/149/4 92/150/4 90/151/4 84/152/4
f 86/137/41 84/140/41 90/145/41 88/148/41
f 89/153/28 83/154/28 85/155/28 87/156/28
f 89/157/4 92/150/4 91/149/4 83/158/4
f 89/159/40 87/160/40 93/147/40 92/146/40
f 85/161/42 94/142/42 93/141/42 87/162/42
f 83/154/38 91/139/38 94/138/38 85/155/38
f 108/163/38 107/164/38 113/165/38 114/166/38
f 109/167/39 107/168/39 108/39/39 110/40/39
f 112/169/40 111/170/40 109/171/40 110/172/40
f 113/45/4 111/46/4 112/47/4 114/48/4
f 108/163/41 114/166/41 112/169/41 110/172/41
f 115/173/28 116/174/28 118/175/28 117/176/28
f 115/53/4 111/46/4 113/45/4 116/54/4
f 115/177/40 117/178/40 109/171/40 111/170/40
f 118/57/42 107/168/42 109/167/42 117/58/42
f 116/174/38 113/165/38 107/164/38 118/175/38
f 98/179/38 106/180/38 103/181/38 96/182/38
f 105/37/39 106/38/39 98/39/39 100/40/39
f 102/183/40 104/184/40 105/185/40 100/186/40
f 103/45/4 104/46/4 102/47/4 96/48/4
f 98/179/41 96/182/41 102/183/41 100/186/41
f 101/187/28 95/188/28 97/189/28 99/190/28
f 101/53/4 104/46/4 103/45/4 95/54/4
f 101/191/40 99/192/40 105/185/40 104/184/40
f 97/57/42 106/38/42 105/37/42 99/58/42
f 95/188/38 103/181/38 106/180/38 97/189/38
f 122/193/17 130/194/17 127/195/17 120/196/17
f 129/197/43 130/198/43 122/199/43 124/200/43
f 126/201/24 128/202/24 129/203/24 124/204/24
f 127/205/4 128/206/4 126/207/4 120/208/4
f 122/193/44 120/196/44 126/201/44 124/204/44
f 125/209/45 119/210/45 121/211/45 123/212/45
f 125/213/4 128/206/4 127/205/4 119/214/4
f 125/215/24 123/216/24 129/203/24 128/202/24
f 121/217/46 130/198/46 129/197/46 123/218/46
f 119/210/17 127/195/17 130/194/17 121/211/17
f 136/219/28 135/220/28 137/221/28 138/222/28
f 134/223/47 133/224/47 135/225/47 136/226/47
f 133/227/29 131/228/29 137/229/29 135/230/29
f 131/228/48 132/231/48 138/232/48 137/229/48
f 132/231/31 134/223/31 136/226/31 138/232/31
f 132/219/32 131/233/32 133/221/32 134/222/32
f 142/234/6 150/235/6 147/236/6 140/237/6
f 149/238/49 150/239/49 142/240/49 144/241/49
f 146/242/50 148/243/50 149/244/50 144/245/50
f 147/246/4 148/247/4 146/248/4 140/249/4
f 142/234/51 140/237/51 146/242/51 144/245/51
f 145/250/52 139/251/52 141/252/52 143/253/52
f 145/254/4 148/247/4 147/246/4 139/255/4
f 145/256/50 143/257/50 149/244/50 148/243/50
f 141/258/53 150/239/53 149/238/53 143/259/53
f 139/251/6 147/236/6 150/235/6 141/252/6
f 162/1/41 159/2/41 152/3/41 154/4/41
f 161/5/54 164/6/54 156/7/54
f 160/8/28 161/5/28 156/7/28 158/9/28
f 166/10/4 167/11/4 160/12/4 158/13/4
f 165/14/40 166/15/40 158/9/40 156/7/40
f 157/16/38 168/17/38 163/18/38 155/19/38
f 157/20/4 160/12/4 167/11/4 168/21/4
f 155/22/28 161/5/28 160/8/28 157/23/28
f 155/22/54 164/6/54 161/5/54
f 151/24/41 159/2/41 162/1/41 153/25/41
f 153/26/55 164/27/55 163/18/55
f 165/14/56 164/28/56 154/4/56
f 152/3/40 166/15/40 165/14/40 154/4/40
f 159/29/4 167/11/4 166/10/4 152/30/4
f 168/21/4 167/11/4 159/29/4 151/31/4
f 163/18/38 168/17/38 151/24/38 153/25/38
f 153/25/57 162/1/57 164/32/57
f 156/7/56 164/28/56 165/14/56
f 163/18/55 164/27/55 155/19/55
f 154/4/57 164/32/57 162/1/57
f 180/1/58 177/2/58 170/3/58 172/4/58
f 179/5/59 182/6/59 174/7/59
f 178/8/60 179/5/60 174/7/60 176/9/60
f 184/10/4 185/11/4 178/12/4 176/13/4
f 183/14/61 184/15/61 176/9/61 174/7/61
f 175/16/62 186/17/62 181/18/62 173/19/62
f 175/20/4 178/12/4 185/11/4 186/21/4
f 173/22/60 179/5/60 178/8/60 175/23/60
f 173/22/59 182/6/59 179/5/59
f 169/24/58 177/2/58 180/1/58 171/25/58
f 171/26/63 182/27/63 181/18/63
f 183/14/64 182/28/64 172/4/65
f 170/3/61 184/15/61 183/14/61 172/4/61
f 177/29/4 185/11/4 184/10/4 170/30/4
f 186/21/4 185/11/4 177/29/4 169/31/4
f 181/18/62 186/17/62 169/24/62 171/25/62
f 171/25/66 180/1/67 182/32/67
f 174/7/64 182/28/64 183/14/64
f 181/18/63 182/27/63 173/19/68
f 172/4/67 182/32/67 180/1/67
f 190/33/62 198/34/62 195/35/62 188/36/62
f 197/37/69 198/38/69 190/39/69 192/40/69
f 194/41/70 196/42/70 197/43/70 192/44/70
f 195/45/4 196/46/4 194/47/4 188/48/4
f 190/33/71 188/36/71 194/41/71 192/44/71
f 193/49/72 187/50/72 189/51/72 191/52/72
f 193/53/4 196/46/4 195/45/4 187/54/4
f 193/55/70 191/56/70 197/43/70 196/42/70
f 189/57/73 198/38/73 197/37/73 191/58/73
f 187/50/74 195/35/62 198/34/62 189/51/74
f 202/59/29 210/60/29 207/61/29 200/62/29
f 209/37/75 210/38/75 202/39/75 204/40/75
f 206/63/76 208/64/76 209/65/76 204/66/76
f 207/45/4 208/46/4 206/47/4 200/48/4
f 202/59/77 200/62/77 206/63/77 204/66/77
f 205/67/78 199/68/78 201/69/78 203/70/78
f 205/53/4 208/46/4 207/45/4 199/54/4
f 205/71/76 203/72/76 209/65/76 208/64/76
f 201/57/79 210/38/79 209/37/79 203/58/79
f 199/68/29 207/61/29 210/60/29 201/69/29
f 214/73/80 222/74/80 219/75/80 212/76/80
f 221/37/81 222/38/81 214/39/81 216/40/81
f 218/77/31 220/78/31 221/79/31 216/80/31
f 219/45/4 220/46/4 218/47/4 212/48/4
f 214/73/82 212/76/82 218/77/82 216/80/82
f 217/81/83 211/82/83 213/83/83 215/84/83
f 217/53/4 220/46/4 219/45/4 211/54/4
f 217/85/31 215/86/31 221/79/31 220/78/31
f 213/57/84 222/38/84 221/37/84 215/58/84
f 211/82/80 219/75/80 222/74/80 213/83/80
f 228/87/85 227/88/85 229/89/85 230/90/85
f 226/91/4 225/92/4 227/93/4 228/94/4
f 225/95/29 223/96/29 229/97/29 227/98/29
f 223/96/30 224/99/30 230/100/30 229/97/30
f 224/99/31 226/91/31 228/94/31 230/100/31
f 224/87/86 223/88/86 225/89/86 226/90/86
f 236/87/85 235/88/85 237/89/85 238/90/85
f 234/101/4 233/102/4 235/103/4 236/104/4
f 233/105/29 231/106/29 237/107/29 235/108/29
f 231/106/30 232/109/30 238/110/30 237/107/30
f 232/109/31 234/101/31 236/104/31 238/110/31
f 232/87/87 231/88/87 233/89/87 234/90/87
f 242/111/29 250/112/29 247/113/29 240/114/29
f 249/115/88 250/116/88 242/117/88 244/118/88
f 246/119/76 248/120/76 249/121/76 244/122/76
f 247/123/4 248/124/4 246/125/4 240/126/4
f 242/111/89 240/114/89 246/119/89 244/122/89
f 245/127/90 239/128/90 241/129/90 243/130/90
f 245/131/4 248/124/4 247/123/4 239/132/4
f 245/133/76 243/134/76 249/121/76 248/120/76
f 241/135/91 250/116/91 249/115/91 243/136/91
f 239/128/92 247/113/29 250/112/29 241/129/92
f 254/137/92 262/138/92 259/139/92 252/140/92
f 261/141/93 262/142/93 254/143/93 256/144/93
f 258/145/76 260/146/76 261/147/76 256/148/76
f 259/149/4 260/150/4 258/151/4 252/152/4
f 254/137/94 252/140/94 258/145/94 256/148/94
f 257/153/95 251/154/95 253/155/95 255/156/95
f 257/157/4 260/150/4 259/149/4 251/158/4
f 257/159/5 255/160/5 261/147/76 260/146/76
f 253/161/96 262/142/96 261/141/96 255/162/96
f 251/154/92 259/139/92 262/138/92 253/155/92
f 276/163/97 275/164/97 281/165/97 282/166/97
f 277/167/98 275/168/98 276/39/98 278/40/98
f 280/169/5 279/170/5 277/171/5 278/172/5
f 281/45/4 279/46/4 280/47/4 282/48/4
f 276/163/99 282/166/99 280/169/99 278/172/99
f 283/173/100 284/174/100 286/175/100 285/176/100
f 283/53/4 279/46/4 281/45/4 284/54/4
f 283/177/5 285/178/5 277/171/5 279/170/5
f 286/57/101 275/168/101 277/167/101 285/58/101
f 284/174/97 281/165/97 275/164/97 286/175/97
f 266/179/92 274/180/92 271/181/92 264/182/92
f 273/37/102 274/38/102 266/39/102 268/40/102
f 270/183/5 272/184/5 273/185/5 268/186/5
f 271/45/4 272/46/4 270/47/4 264/48/4
f 266/179/103 264/182/103 270/183/103 268/186/103
f 269/187/104 263/188/104 265/189/104 267/190/104
f 269/53/4 272/46/4 271/45/4 263/54/4
f 269/191/5 267/192/5 273/185/5 272/184/5
f 265/57/105 274/38/105 273/37/105 267/58/105
f 263/188/92 271/181/92 274/180/92 265/189/92
f 290/193/29 298/194/29 295/195/29 288/196/29
f 297/197/106 298/198/106 290/199/106 292/200/106
f 294/201/31 296/202/31 297/203/31 292/204/31
f 295/205/4 296/206/4 294/207/4 288/208/4
f 290/193/107 288/196/107 294/201/107 292/204/107
f 293/209/108 287/210/108 289/211/108 291/212/108
f 293/213/4 296/206/4 295/205/4 287/214/4
f 293/215/31 291/216/31 297/203/31 296/202/31
f 289/217/109 298/198/109 297/197/109 291/218/109
f 287/210/29 295/195/29 298/194/29 289/211/29
f 304/219/85 303/220/85 305/221/85 306/222/85
f 302/223/110 301/224/110 303/225/110 304/226/110
f 301/227/29 299/228/29 305/229/29 303/230/29
f 299/228/111 300/231/111 306/232/111 305/229/111
f 300/231/31 302/223/31 304/226/31 306/232/31
f 300/219/87 299/233/87 301/221/87 302/222/87
f 310/234/74 318/235/80 315/236/80 308/237/74
f 317/238/112 318/239/112 310/240/112 312/241/112
f 314/242/113 316/243/113 317/244/113 312/245/113
f 315/246/4 316/247/4 314/248/4 308/249/4
f 310/234/114 308/237/114 314/242/114 312/245/114
f 313/250/115 307/251/115 309/252/115 311/253/115
f 313/254/4 316/247/4 315/246/4 307/255/4
f 313/256/113 311/257/113 317/244/113 316/243/113
f 309/258/116 318/239/116 317/238/116 311/259/116
f 307/251/80 315/236/80 318/235/80 309/252/80
f 330/1/117 327/2/117 320/3/117 322/4/117
f 329/5/118 332/6/118 324/7/118
f 328/8/119 329/5/119 324/7/119 326/9/119
f 334/10/4 335/11/4 328/12/4 326/13/4
f 333/14/76 334/15/76 326/9/76 324/7/76
f 325/16/11 336/17/11 331/18/11 323/19/11
f 325/20/4 328/12/4 335/11/4 336/21/4
f 323/22/119 329/5/119 328/8/119 325/23/119
f 323/22/120 332/6/118 329/5/118
f 319/24/117 327/2/117 330/1/117 321/25/117
f 321/26/121 332/27/121 331/18/121
f 333/14/122 332/28/122 322/4/122
f 320/3/76 334/15/76 333/14/76 322/4/76
f 327/29/4 335/11/4 334/10/4 320/30/4
f 336/21/4 335/11/4 327/29/4 319/31/4
f 331/18/11 336/17/11 319/24/11 321/25/11
f 321/25/123 330/1/123 332/32/123
f 324/7/122 332/28/122 333/14/122
f 331/18/121 332/27/121 323/19/121
f 322/4/123 332/32/123 330/1/123
f 348/1/124 345/2/124 338/3/124 340/4/124
f 347/5/125 350/6/125 342/7/125
f 346/8/126 347/5/126 342/7/126 344/9/126
f 352/10/4 353/11/4 346/12/4 344/13/4
f 351/14/127 352/15/127 344/9/127 342/7/127
f 343/16/128 354/17/128 349/18/128 341/19/128
f 343/20/4 346/12/4 353/11/4 354/21/4
f 341/22/126 347/5/126 346/8/126 343/23/126
f 341/22/125 350/6/125 347/5/125
f 337/24/124 345/2/124 348/1/124 339/25/124
f 339/26/129 350/27/129 349/18/129
f 351/14/130 350/28/130 340/4/130
f 338/3/127 352/15/127 351/14/127 340/4/127
f 345/29/4 353/11/4 352/10/4 338/30/4
f 354/21/4 353/11/4 345/29/4 337/31/4
f 349/18/128 354/17/128 337/24/128 339/25/128
f 339/25/131 348/1/131 350/32/131
f 342/7/130 350/28/130 351/14/130
f 349/18/129 350/27/129 341/19/129
f 340/4/131 350/32/131 348/1/131
f 358/33/128 366/34/128 363/35/128 356/36/128
f 365/37/132 366/38/132 358/39/132 360/40/132
f 362/41/127 364/42/127 365/43/127 360/44/127
f 363/45/4 364/46/4 362/47/4 356/48/4
f 358/33/133 356/36/133 362/41/133 360/44/133
f 361/49/134 355/50/134 357/51/134 359/52/134
f 361/53/4 364/46/4 363/45/4 355/54/4
f 361/55/127 359/56/127 365/43/127 364/42/127
f 357/57/135 366/38/135 365/37/135 359/58/135
f 355/50/128 363/35/128 366/34/128 357/51/128
f 370/59/136 378/60/136 375/61/136 368/62/136
f 377/37/137 378/38/137 370/39/137 372/40/137
f 374/63/138 376/64/138 377/65/138 372/66/138
f 375/45/4 376/46/4 374/47/4 368/48/4
f 370/59/139 368/62/139 374/63/139 372/66/139
f 373/67/140 367/68/140 369/69/140 371/70/140
f 373/53/4 376/46/4 375/45/4 367/54/4
f 373/71/138 371/72/138 377/65/138 376/64/138
f 369/57/141 378/38/141 377/37/141 371/58/141
f 367/68/136 375/61/136 378/60/136 369/69/136
f 382/73/142 390/74/142 387/75/142 380/76/142
f 389/37/143 390/38/143 382/39/143 384/40/143
f 386/77/144 388/78/144 389/79/144 384/80/144
f 387/45/4 388/46/4 386/47/4 380/48/4
f 382/73/145 380/76/145 386/77/145 384/80/145
f 385/81/146 379/82/146 381/83/146 383/84/146
f 385/53/4 388/46/4 387/45/4 379/54/4
f 385/85/144 383/86/144 389/79/144 388/78/144
f 381/57/147 390/38/147 389/37/147 383/58/147
f 379/82/142 387/75/142 390/74/142 381/83/142
f 396/87/148 395/88/148 397/89/148 398/90/148
f 394/91/4 393/92/4 395/93/4 396/94/4
f 393/95/136 391/96/136 397/97/136 395/98/136
f 391/96/30 392/99/30 398/100/30 397/97/30
f 392/99/138 394/91/138 396/94/138 398/100/138
f 392/87/149 391/88/149 393/89/149 394/90/149
f 404/87/148 403/88/148 405/89/148 406/90/148
f 402/101/4 401/102/4 403/103/4 404/104/4
f 401/105/136 399/106/136 405/107/136 403/108/136
f 399/106/30 400/109/30 406/110/30 405/107/30
f 400/109/138 402/101/138 404/104/138 406/110/138
f 400/87/149 399/88/149 401/89/149 402/90/149
f 410/111/136 418/112/136 415/113/136 408/114/136
f 417/115/150 418/116/150 410/117/150 412/118/150
f 414/119/138 416/120/138 417/121/138 412/122/138
f 415/123/4 416/124/4 414/125/4 408/126/4
f 410/111/151 408/114/151 414/119/151 412/122/151
f 413/127/152 407/128/152 409/129/152 411/130/152
f 413/131/4 416/124/4 415/123/4 407/132/4
f 413/133/138 411/134/138 417/121/138 416/120/138
f 409/135/153 418/116/153 417/115/153 411/136/153
f 407/128/136 415/113/136 418/112/136 409/129/136
f 422/137/154 430/138/154 427/139/154 420/140/154
f 429/141/155 430/142/155 422/143/155 424/144/155
f 426/145/138 428/146/138 429/147/138 424/148/138
f 427/149/4 428/150/4 426/151/4 420/152/4
f 422/137/156 420/140/156 426/145/156 424/148/156
f 425/153/157 419/154/157 421/155/157 423/156/157
f 425/157/4 428/150/4 427/149/4 419/158/4
f 425/159/61 423/160/61 429/147/138 428/146/138
f 421/161/158 430/142/158 429/141/158 423/162/158
f 419/154/154 427/139/154 430/138/154 421/155/154
f 444/163/154 443/164/154 449/165/154 450/166/154
f 445/167/159 443/168/159 444/39/159 446/40/159
f 448/169/61 447/170/61 445/171/61 446/172/61
f 449/45/4 447/46/4 448/47/4 450/48/4
f 444/163/160 450/166/160 448/169/160 446/172/160
f 451/173/161 452/174/161 454/175/161 453/176/161
f 451/53/4 447/46/4 449/45/4 452/54/4
f 451/177/61 453/178/61 445/171/61 447/170/61
f 454/57/162 443/168/162 445/167/162 453/58/162
f 452/174/154 449/165/154 443/164/154 454/175/154
f 434/179/154 442/180/154 439/181/154 432/182/154
f 441/37/163 442/38/163 434/39/163 436/40/163
f 438/183/61 440/184/61 441/185/61 436/186/61
f 439/45/4 440/46/4 438/47/4 432/48/4
f 434/179/164 432/182/164 438/183/164 436/186/164
f 437/187/165 431/188/165 433/189/165 435/190/165
f 437/53/4 440/46/4 439/45/4 431/54/4
f 437/191/61 435/192/61 441/185/61 440/184/61
f 433/57/166 442/38/166 441/37/166 435/58/166
f 431/188/154 439/181/154 442/180/154 433/189/154
f 458/193/142 466/194/142 463/195/142 456/196/142
f 465/197/167 466/198/167 458/199/167 460/200/167
f 462/201/144 464/202/144 465/203/144 460/204/144
f 463/205/4 464/206/4 462/207/4 456/208/4
f 458/193/168 456/196/168 462/201/168 460/204/168
f 461/209/169 455/210/169 457/211/169 459/212/169
f 461/213/4 464/206/4 463/205/4 455/214/4
f 461/215/144 459/216/144 465/203/144 464/202/144
f 457/217/170 466/198/170 465/197/170 459/218/170
f 455/210/142 463/195/142 466/194/142 457/211/142
f 472/219/148 471/220/148 473/221/148 474/222/148
f 470/223/171 469/224/171 471/225/171 472/226/171
f 469/227/136 467/228/136 473/229/136 471/230/136
f 467/228/172 468/231/172 474/232/172 473/229/172
f 468/231/138 470/223/138 472/226/138 474/232/138
f 468/219/149 467/233/149 469/221/149 470/222/149
f 478/234/173 486/235/173 483/236/173 476/237/173
f 485/238/174 486/239/174 478/240/174 480/241/174
f 482/242/127 484/243/175 485/244/175 480/245/127
f 483/246/4 484/247/4 482/248/4 476/249/4
f 478/234/176 476/237/176 482/242/176 480/245/176
f 481/250/177 475/251/177 477/252/177 479/253/177
f 481/254/4 484/247/4 483/246/4 475/255/4
f 481/256/175 479/257/175 485/244/175 484/243/175
f 477/258/178 486/239/178 485/238/178 479/259/178
f 475/251/173 483/236/173 486/235/173 477/252/173
f 498/1/179 495/2/179 488/3/179 490/4/179
f 497/5/180 500/6/180 492/7/181
f 496/8/182 497/5/182 492/7/182 494/9/182
f 502/10/4 503/11/4 496/12/4 494/13/4
f 501/14/61 502/15/61 494/9/61 492/7/61
f 493/16/62 504/17/62 499/18/62 491/19/62
f 493/20/4 496/12/4 503/11/4 504/21/4
f 491/22/182 497/5/182 496/8/182 493/23/182
f 491/22/180 500/6/180 497/5/180
f 487/24/179 495/2/179 498/1/179 489/25/179
f 489/26/183 500/27/183 499/18/183
f 501/14/184 500/28/184 490/4/185
f 488/3/61 502/15/61 501/14/61 490/4/61
f 495/29/4 503/11/4 502/10/4 488/30/4
f 504/21/4 503/11/4 495/29/4 487/31/4
f 499/18/62 504/17/62 487/24/62 489/25/62
f 489/25/186 498/1/186 500/32/186
f 492/7/184 500/28/184 501/14/184
f 499/18/183 500/27/183 491/19/183
f 490/4/187 500/32/186 498/1/186
f 516/1/188 513/2/188 506/3/188 508/4/188
f 515/5/189 518/6/189 510/7/189
f 514/8/190 515/5/190 510/7/190 512/9/190
f 520/10/4 521/11/4 514/12/4 512/13/4
f 519/14/191 520/15/191 512/9/191 510/7/191
f 511/16/192 522/17/192 517/18/192 509/19/192
f 511/20/4 514/12/4 521/11/4 522/21/4
f 509/22/190 515/5/190 514/8/190 511/23/190
f 509/22/189 518/6/189 515/5/189
f 505/24/188 513/2/188 516/1/188 507/25/188
f 507/26/193 518/27/193 517/18/193
f 519/14/194 518/28/194 508/4/194
f 506/3/191 520/15/191 519/14/191 508/4/191
f 513/29/4 521/11/4 520/10/4 506/30/4
f 522/21/4 521/11/4 513/29/4 505/31/4
f 517/18/192 522/17/192 505/24/192 507/25/192
f 507/25/195 516/1/195 518/32/195
f 510/7/194 518/28/194 519/14/194
f 517/18/193 518/27/193 509/19/193
f 508/4/195 518/32/195 516/1/195
f 526/33/196 534/34/196 531/35/196 524/36/196
f 533/37/197 534/38/197 526/39/197 528/40/197
f 530/41/191 532/42/191 533/43/191 528/44/191
f 531/45/4 532/46/4 530/47/4 524/48/4
f 526/33/198 524/36/198 530/41/198 528/44/198
f 529/49/199 523/50/199 525/51/199 527/52/199
f 529/53/4 532/46/4 531/45/4 523/54/4
f 529/55/191 527/56/191 533/43/191 532/42/191
f 525/57/200 534/38/200 533/37/200 527/58/200
f 523/50/196 531/35/196 534/34/196 525/51/196
f 538/59/201 546/60/201 543/61/201 536/62/201
f 545/37/202 546/38/202 538/39/202 540/40/202
f 542/63/203 544/64/203 545/65/203 540/66/203
f 543/45/4 544/46/4 542/47/4 536/48/4
f 538/59/204 536/62/204 542/63/204 540/66/204
f 541/67/205 535/68/205 537/69/205 539/70/205
f 541/53/4 544/46/4 543/45/4 535/54/4
f 541/71/203 539/72/203 545/65/203 544/64/203
f 537/57/206 546/38/206 545/37/206 539/58/206
f 535/68/201 543/61/201 546/60/201 537/69/201
f 550/73/207 558/74/207 555/75/207 548/76/207
f 557/37/208 558/38/208 550/39/208 552/40/208
f 554/77/209 556/78/209 557/79/209 552/80/209
f 555/45/4 556/46/4 554/47/4 548/48/4
f 550/73/210 548/76/210 554/77/210 552/80/210
f 553/81/211 547/82/211 549/83/211 551/84/211
f 553/53/4 556/46/4 555/45/4 547/54/4
f 553/85/209 551/86/209 557/79/209 556/78/209
f 549/57/212 558/38/212 557/37/212 551/58/212
f 547/82/207 555/75/207 558/74/207 549/83/207
f 564/87/213 563/88/213 565/89/213 566/90/213
f 562/91/4 561/92/4 563/93/4 564/94/4
f 561/95/201 559/96/201 565/97/201 563/98/201
f 559/96/30 560/99/30 566/100/30 565/97/30
f 560/99/203 562/91/203 564/94/203 566/100/203
f 560/87/214 559/88/214 561/89/214 562/90/214
f 572/87/213 571/88/213 573/89/213 574/90/213
f 570/101/4 569/102/4 571/103/4 572/104/4
f 569/105/201 567/106/201 573/107/201 571/108/201
f 567/106/30 568/109/30 574/110/30 573/107/30
f 568/109/203 570/101/203 572/104/203 574/110/203
f 568/87/214 567/88/214 569/89/214 570/90/214
f 578/111/201 586/112/201 583/113/201 576/114/201
f 585/115/215 586/116/215 578/117/215 580/118/215
f 582/119/203 584/120/203 585/121/203 580/122/203
f 583/123/4 584/124/4 582/125/4 576/126/4
f 578/111/216 576/114/216 582/119/216 580/122/216
f 581/127/217 575/128/217 577/129/217 579/130/217
f 581/131/4 584/124/4 583/123/4 575/132/4
f 581/133/203 579/134/203 585/121/203 584/120/203
f 577/135/218 586/116/218 585/115/218 579/136/218
f 575/128/201 583/113/201 586/112/201 577/129/201
f 590/137/201 598/138/201 595/139/201 588/140/201
f 597/141/219 598/142/219 590/143/219 592/144/219
f 594/145/203 596/146/203 597/147/203 592/148/203
f 595/149/4 596/150/4 594/151/4 588/152/4
f 590/137/220 588/140/220 594/145/220 592/148/220
f 593/153/221 587/154/221 589/155/221 591/156/221
f 593/157/4 596/150/4 595/149/4 587/158/4
f 593/159/203 591/160/203 597/147/203 596/146/203
f 589/161/222 598/142/222 597/141/222 591/162/222
f 587/154/201 595/139/201 598/138/201 589/155/201
f 612/163/38 611/164/38 617/165/38 618/166/38
f 613/167/223 611/168/223 612/39/223 614/40/223
f 616/169/40 615/170/40 613/171/40 614/172/40
f 617/45/4 615/46/4 616/47/4 618/48/4
f 612/163/224 618/166/224 616/169/224 614/172/224
f 619/173/225 620/174/225 622/175/225 621/176/225
f 619/53/4 615/46/4 617/45/4 620/54/4
f 619/177/40 621/178/40 613/171/40 615/170/40
f 622/57/226 611/168/226 613/167/226 621/58/226
f 620/174/38 617/165/38 611/164/38 622/175/38
f 602/179/38 610/180/38 607/181/38 600/182/38
f 609/37/227 610/38/227 602/39/227 604/40/227
f 606/183/40 608/184/40 609/185/40 604/186/40
f 607/45/4 608/46/4 606/47/4 600/48/4
f 602/179/228 600/182/228 606/183/228 604/186/228
f 605/187/229 599/188/229 601/189/229 603/190/229
f 605/53/4 608/46/4 607/45/4 599/54/4
f 605/191/40 603/192/40 609/185/40 608/184/40
f 601/57/230 610/38/230 609/37/230 603/58/230
f 599/188/38 607/181/38 610/180/38 601/189/38
f 626/193/207 634/194/207 631/195/207 624/196/207
f 633/197/231 634/198/231 626/199/231 628/200/231
f 630/201/209 632/202/209 633/203/209 628/204/209
f 631/205/4 632/206/4 630/207/4 624/208/4
f 626/193/232 624/196/232 630/201/232 628/204/232
f 629/209/233 623/210/233 625/211/233 627/212/233
f 629/213/4 632/206/4 631/205/4 623/214/4
f 629/215/209 627/216/209 633/203/209 632/202/209
f 625/217/234 634/198/234 633/197/234 627/218/234
f 623/210/207 631/195/207 634/194/207 625/211/207
f 640/219/213 639/220/213 641/221/213 642/222/213
f 638/223/235 637/224/235 639/225/235 640/226/235
f 637/227/201 635/228/201 641/229/201 639/230/201
f 635/228/236 636/231/236 642/232/236 641/229/236
f 636/231/203 638/223/203 640/226/203 642/232/203
f 636/219/214 635/233/214 637/221/214 638/222/214
f 646/234/196 654/235/196 651/236/196 644/237/196
f 653/238/237 654/239/237 646/240/237 648/241/237
f 650/242/191 652/243/191 653/244/191 648/245/191
f 651/246/4 652/247/4 650/248/4 644/249/4
f 646/234/238 644/237/238 650/242/238 648/245/238
f 649/250/239 643/251/239 645/252/239 647/253/239
f 649/254/4 652/247/4 651/246/4 643/255/4
f 649/256/240 647/257/240 653/244/191 652/243/191
f 645/258/241 654/239/241 653/238/241 647/259/241
f 643/251/196 651/236/196 654/235/196 645/252/196
f 666/1/242 663/2/242 656/3/242 658/4/242
f 665/5/243 668/6/243 660/7/243
f 664/8/244 665/5/244 660/7/244 662/9/244
f 670/10/4 671/11/4 664/12/4 662/13/4
f 669/14/127 670/15/127 662/9/127 660/7/127
f 661/16/128 672/17/128 667/18/128 659/19/128
f 661/20/4 664/12/4 671/11/4 672/21/4
f 659/22/244 665/5/244 664/8/244 661/23/244
f 659/22/243 668/6/243 665/5/243
f 655/24/242 663/2/242 666/1/242 657/25/242
f 657/26/129 668/27/129 667/18/129
f 669/14/130 668/28/130 658/4/130
f 656/3/40 670/15/127 669/14/127 658/4/40
f 663/29/4 671/11/4 670/10/4 656/30/4
f 672/21/4 671/11/4 663/29/4 655/31/4
f 667/18/128 672/17/128 655/24/128 657/25/128
f 657/25/245 666/1/245 668/32/245
f 660/7/130 668/28/130 669/14/130
f 667/18/129 668/27/129 659/19/129
f 658/4/245 668/32/245 666/1/245
f 684/1/246 681/2/246 674/3/246 676/4/246
f 683/5/247 686/6/247 678/7/247
f 682/8/248 683/5/248 678/7/248 680/9/248
f 688/10/4 689/11/4 682/12/4 680/13/4
f 687/14/249 688/15/249 680/9/249 678/7/249
f 679/16/250 690/17/250 685/18/250 677/19/250
f 679/20/4 682/12/4 689/11/4 690/21/4
f 677/22/248 683/5/248 682/8/248 679/23/248
f 677/22/247 686/6/247 683/5/247
f 673/24/246 681/2/246 684/1/246 675/25/246
f 675/26/251 686/27/251 685/18/251
f 687/14/252 686/28/252 676/4/252
f 674/3/249 688/15/249 687/14/249 676/4/249
f 681/29/4 689/11/4 688/10/4 674/30/4
f 690/21/4 689/11/4 681/29/4 673/31/4
f 685/18/250 690/17/250 673/24/250 675/25/250
f 675/25/253 684/1/253 686/32/253
f 678/7/252 686/28/252 687/14/252
f 685/18/251 686/27/251 677/19/251
f 676/4/253 686/32/253 684/1/253
f 694/33/254 702/34/254 699/35/254 692/36/254
f 701/37/255 702/38/255 694/39/255 696/40/255
f 698/41/256 700/42/256 701/43/256 696/44/256
f 699/45/4 700/46/4 698/47/4 692/48/4
f 694/33/257 692/36/257 698/41/257 696/44/257
f 697/49/258 691/50/258 693/51/258 695/52/258
f 697/53/4 700/46/4 699/45/4 691/54/4
f 697/55/256 695/56/256 701/43/256 700/42/256
f 693/57/259 702/38/259 701/37/259 695/58/259
f 691/50/254 699/35/254 702/34/254 693/51/254
f 706/59/260 714/60/260 711/61/260 704/62/260
f 713/37/261 714/38/261 706/39/261 708/40/261
f 710/63/262 712/64/262 713/65/262 708/66/262
f 711/45/4 712/46/4 710/47/4 704/48/4
f 706/59/263 704/62/263 710/63/263 708/66/263
f 709/67/264 703/68/264 705/69/264 707/70/264
f 709/53/4 712/46/4 711/45/4 703/54/4
f 709/71/262 707/72/262 713/65/262 712/64/262
f 705/57/265 714/38/265 713/37/265 707/58/265
f 703/68/260 711/61/260 714/60/260 705/69/260
f 718/73/254 726/74/260 723/75/260 716/76/254
f 725/37/266 726/38/266 718/39/266 720/40/266
f 722/77/249 724/78/249 725/79/249 720/80/249
f 723/45/4 724/46/4 722/47/4 716/48/4
f 718/73/267 716/76/267 722/77/267 720/80/267
f 721/81/268 715/82/268 717/83/268 719/84/268
f 721/53/4 724/46/4 723/45/4 715/54/4
f 721/85/249 719/86/249 725/79/249 724/78/249
f 717/57/269 726/38/269 725/37/269 719/58/269
f 715/82/260 723/75/260 726/74/260 717/83/260
f 732/87/270 731/88/270 733/89/270 734/90/270
f 730/91/4 729/92/4 731/93/4 732/94/4
f 729/95/271 727/96/271 733/97/271 731/98/271
f 727/96/30 728/99/30 734/100/30 733/97/30
f 728/99/262 730/91/262 732/94/262 734/100/262
f 728/87/272 727/88/272 729/89/272 730/90/272
f 740/87/270 739/88/270 741/89/270 742/90/270
f 738/101/4 737/102/4 739/103/4 740/104/4
f 737/105/271 735/106/271 741/107/271 739/108/271
f 735/106/30 736/109/30 742/110/30 741/107/30
f 736/109/262 738/101/262 740/104/262 742/110/262
f 736/87/272 735/88/272 737/89/272 738/90/272
f 746/111/271 754/112/271 751/113/271 744/114/271
f 753/115/273 754/116/273 746/117/273 748/118/273
f 750/119/262 752/120/262 753/121/262 748/122/262
f 751/123/4 752/124/4 750/125/4 744/126/4
f 746/111/274 744/114/274 750/119/274 748/122/274
f 749/127/275 743/128/275 745/129/275 747/130/275
f 749/131/4 752/124/4 751/123/4 743/132/4
f 749/133/262 747/134/262 753/121/262 752/120/262
f 745/135/276 754/116/276 753/115/276 747/136/276
f 743/128/271 751/113/271 754/112/271 745/129/271
f 758/137/271 766/138/271 763/139/271 756/140/271
f 765/141/277 766/142/277 758/143/277 760/144/277
f 762/145/262 764/146/262 765/147/262 760/148/262
f 763/149/4 764/150/4 762/151/4 756/152/4
f 758/137/278 756/140/278 762/145/278 760/148/278
f 761/153/279 755/154/279 757/155/279 759/156/279
f 761/157/4 764/150/4 763/149/4 755/158/4
f 761/159/262 759/160/262 765/147/262 764/146/262
f 757/161/280 766/142/280 765/141/280 759/162/280
f 755/154/271 763/139/271 766/138/271 757/155/271
f 780/163/192 779/164/192 785/165/192 786/166/192
f 781/167/281 779/168/281 780/39/281 782/40/281
f 784/169/282 783/170/282 781/171/282 782/172/282
f 785/45/4 783/46/4 784/47/4 786/48/4
f 780/163/283 786/166/283 784/169/283 782/172/283
f 787/173/284 788/174/284 790/175/284 789/176/284
f 787/53/4 783/46/4 785/45/4 788/54/4
f 787/177/282 789/178/282 781/171/282 783/170/282
f 790/57/285 779/168/285 781/167/285 789/58/285
f 788/174/192 785/165/192 779/164/192 790/175/192
f 770/179/271 778/180/271 775/181/271 768/182/271
f 777/37/286 778/38/286 770/39/286 772/40/286
f 774/183/282 776/184/282 777/185/282 772/186/282
f 775/45/4 776/46/4 774/47/4 768/48/4
f 770/179/287 768/182/287 774/183/287 772/186/287
f 773/187/288 767/188/288 769/189/288 771/190/288
f 773/53/4 776/46/4 775/45/4 767/54/4
f 773/191/282 771/192/282 777/185/282 776/184/282
f 769/57/289 778/38/289 777/37/289 771/58/289
f 767/188/192 775/181/271 778/180/271 769/189/192
f 794/193/260 802/194/260 799/195/260 792/196/260
f 801/197/290 802/198/290 794/199/290 796/200/290
f 798/201/249 800/202/249 801/203/249 796/204/249
f 799/205/4 800/206/4 798/207/4 792/208/4
f 794/193/291 792/196/291 798/201/291 796/204/291
f 797/209/292 791/210/292 793/211/292 795/212/292
f 797/213/4 800/206/4 799/205/4 791/214/4
f 797/215/249 795/216/249 801/203/249 800/202/249
f 793/217/293 802/198/293 801/197/293 795/218/293
f 791/210/260 799/195/260 802/194/260 793/211/260
f 808/219/270 807/220/270 809/221/270 810/222/270
f 806/223/294 805/224/294 807/225/294 808/226/294
f 805/227/271 803/228/271 809/229/271 807/230/271
f 803/228/295 804/231/295 810/232/295 809/229/295
f 804/231/262 806/223/262 808/226/262 810/232/262
f 804/219/272 803/233/272 805/221/272 806/222/272
f 814/234/254 822/235/254 819/236/254 812/237/254
f 821/238/296 822/239/296 814/240/296 816/241/296
f 818/242/256 820/243/256 821/244/256 816/245/256
f 819/246/4 820/247/4 818/248/4 812/249/4
f 814/234/297 812/237/297 818/242/297 816/245/297
f 817/250/298 811/251/298 813/252/298 815/253/298
f 817/254/4 820/247/4 819/246/4 811/255/4
f 817/256/256 815/257/256 821/244/256 820/243/256
f 813/258/299 822/239/299 821/238/299 815/259/299
f 811/251/254 819/236/254 822/235/254 813/252/254
f 834/1/300 831/2/300 824/3/300 826/4/300
f 833/5/301 836/6/301 828/7/301
f 832/8/302 833/5/302 828/7/302 830/9/302
f 838/10/4 839/11/4 832/12/4 830/13/4
f 837/14/191 838/15/191 830/9/191 828/7/191
f 829/16/192 840/17/192 835/18/192 827/19/192
f 829/20/4 832/12/4 839/11/4 840/21/4
f 827/22/302 833/5/302 832/8/302 829/23/302
f 827/22/303 836/6/301 833/5/301
f 823/24/300 831/2/300 834/1/300 825/25/300
f 825/26/193 836/27/193 835/18/193
f 837/14/304 836/28/304 826/4/304
f 824/3/191 838/15/191 837/14/191 826/4/191
f 831/29/4 839/11/4 838/10/4 824/30/4
f 840/21/4 839/11/4 831/29/4 823/31/4
f 835/18/192 840/17/192 823/24/192 825/25/192
f 825/25/305 834/1/305 836/32/305
f 828/7/304 836/28/304 837/14/304
f 835/18/193 836/27/193 827/19/193
f 826/4/305 836/32/305 834/1/305
f 852/1/306 849/2/306 842/3/306 844/4/306
f 851/5/307 854/6/307 846/7/307
f 850/8/308 851/5/308 846/7/309 848/9/309
f 856/10/4 857/11/4 850/12/4 848/13/4
f 855/14/310 856/15/310 848/9/310 846/7/310
f 847/16/311 858/17/311 853/18/311 845/19/311
f 847/20/4 850/12/4 857/11/4 858/21/4
f 845/22/308 851/5/308 850/8/308 847/23/308
f 845/22/307 854/6/307 851/5/307
f 841/24/306 849/2/306 852/1/306 843/25/306
f 843/26/312 854/27/312 853/18/312
f 855/14/313 854/28/313 844/4/313
f 842/3/310 856/15/310 855/14/310 844/4/310
f 849/29/4 857/11/4 856/10/4 842/30/4
f 858/21/4 857/11/4 849/29/4 841/31/4
f 853/18/311 858/17/311 841/24/311 843/25/311
f 843/25/314 852/1/314 854/32/314
f 846/7/313 854/28/313 855/14/313
f 853/18/312 854/27/312 845/19/312
f 844/4/314 854/32/314 852/1/314
f 862/33/315 870/34/315 867/35/315 860/36/315
f 869/37/316 870/38/316 862/39/316 864/40/316
f 866/41/317 868/42/317 869/43/317 864/44/317
f 867/45/4 868/46/4 866/47/4 860/48/4
f 862/33/318 860/36/318 866/41/318 864/44/318
f 865/49/319 859/50/319 861/51/319 863/52/319
f 865/53/4 868/46/4 867/45/4 859/54/4
f 865/55/317 863/56/317 869/43/317 868/42/317
f 861/57/320 870/38/320 869/37/320 863/58/320
f 859/50/321 867/35/315 870/34/315 861/51/321
f 874/59/322 882/60/322 879/61/322 872/62/322
f 881/37/323 882/38/323 874/39/323 876/40/323
f 878/63/324 880/64/324 881/65/324 876/66/324
f 879/45/4 880/46/4 878/47/4 872/48/4
f 874/59/325 872/62/325 878/63/325 876/66/325
f 877/67/326 871/68/326 873/69/326 875/70/326
f 877/53/4 880/46/4 879/45/4 871/54/4
f 877/71/324 875/72/324 881/65/324 880/64/324
f 873/57/327 882/38/327 881/37/327 875/58/327
f 871/68/322 879/61/322 882/60/322 873/69/322
f 886/73/321 894/74/321 891/75/321 884/76/321
f 893/37/328 894/38/328 886/39/328 888/40/328
f 890/77/310 892/78/310 893/79/310 888/80/310
f 891/45/4 892/46/4 890/47/4 884/48/4
f 886/73/329 884/76/329 890/77/329 888/80/329
f 889/81/330 883/82/330 885/83/330 887/84/330
f 889/53/4 892/46/4 891/45/4 883/54/4
f 889/85/310 887/86/310 893/79/310 892/78/310
f 885/57/331 894/38/331 893/37/331 887/58/331
f 883/82/321 891/75/321 894/74/321 885/83/321
f 900/87/332 899/88/332 901/89/332 902/90/332
f 898/91/4 897/92/4 899/93/4 900/94/4
f 897/95/333 895/96/333 901/97/333 899/98/333
f 895/96/30 896/99/30 902/100/30 901/97/30
f 896/99/324 898/91/324 900/94/324 902/100/324
f 896/87/334 895/88/334 897/89/334 898/90/334
f 908/87/332 907/88/332 909/89/332 910/90/332
f 906/101/4 905/102/4 907/103/4 908/104/4
f 905/105/333 903/106/333 909/107/333 907/108/333
f 903/106/30 904/109/30 910/110/30 909/107/30
f 904/109/324 906/101/324 908/104/324 910/110/324
f 904/87/334 903/88/334 905/89/334 906/90/334
f 914/111/322 922/112/322 919/113/322 912/114/322
f 921/115/335 922/116/335 914/117/335 916/118/335
f 918/119/324 920/120/324 921/121/324 916/122/324
f 919/123/4 920/124/4 918/125/4 912/126/4
f 914/111/336 912/114/336 918/119/336 916/122/336
f 917/127/337 911/128/337 913/129/337 915/130/337
f 917/131/4 920/124/4 919/123/4 911/132/4
f 917/133/324 915/134/324 921/121/324 920/120/324
f 913/135/338 922/116/338 921/115/338 915/136/338
f 911/128/333 919/113/322 922/112/322 913/129/333
f 926/137/333 934/138/333 931/139/333 924/140/333
f 933/141/339 934/142/339 926/143/339 928/144/339
f 930/145/324 932/146/324 933/147/324 928/148/324
f 931/149/4 932/150/4 930/151/4 924/152/4
f 926/137/340 924/140/340 930/145/340 928/148/340
f 929/153/341 923/154/341 925/155/341 927/156/341
f 929/157/4 932/150/4 931/149/4 923/158/4
f 929/159/324 927/160/324 933/147/324 932/146/324
f 925/161/342 934/142/342 933/141/342 927/162/342
f 923/154/333 931/139/333 934/138/333 925/155/333
f 948/163/250 947/164/250 953/165/250 954/166/250
f 949/167/343 947/168/343 948/39/343 950/40/343
f 952/169/344 951/170/344 949/171/344 950/172/344
f 953/45/4 951/46/4 952/47/4 954/48/4
f 948/163/345 954/166/345 952/169/345 950/172/345
f 955/173/346 956/174/346 958/175/346 957/176/346
f 955/53/4 951/46/4 953/45/4 956/54/4
f 955/177/344 957/178/344 949/171/344 951/170/344
f 958/57/347 947/168/347 949/167/347 957/58/347
f 956/174/250 953/165/250 947/164/250 958/175/250
f 938/179/333 946/180/333 943/181/333 936/182/333
f 945/37/348 946/38/348 938/39/348 940/40/348
f 942/183/344 944/184/344 945/185/344 940/186/344
f 943/45/4 944/46/4 942/47/4 936/48/4
f 938/179/349 936/182/349 942/183/349 940/186/349
f 941/187/350 935/188/350 937/189/350 939/190/350
f 941/53/4 944/46/4 943/45/4 935/54/4
f 941/191/344 939/192/344 945/185/344 944/184/344
f 937/57/351 946/38/351 945/37/351 939/58/351
f 935/188/333 943/181/333 946/180/333 937/189/333
f 962/193/322 970/194/322 967/195/322 960/196/322
f 969/197/352 970/198/352 962/199/352 964/200/352
f 966/201/310 968/202/310 969/203/310 964/204/310
f 967/205/4 968/206/4 966/207/4 960/208/4
f 962/193/353 960/196/353 966/201/353 964/204/353
f 965/209/354 959/210/354 961/211/354 963/212/354
f 965/213/4 968/206/4 967/205/4 959/214/4
f 965/215/310 963/216/310 969/203/310 968/202/310
f 961/217/355 970/198/355 969/197/355 963/218/355
f 959/210/322 967/195/322 970/194/322 961/211/322
f 976/219/332 975/220/332 977/221/332 978/222/332
f 974/223/356 973/224/356 975/225/356 976/226/356
f 973/227/333 971/228/333 977/229/333 975/230/333
f 971/228/357 972/231/357 978/232/357 977/229/357
f 972/231/324 974/223/324 976/226/324 978/232/324
f 972/219/358 971/233/358 973/221/358 974/222/358
f 982/234/321 990/235/321 987/236/321 980/237/321
f 989/238/359 990/239/359 982/240/359 984/241/359
f 986/242/317 988/243/360 989/244/360 984/245/317
f 987/246/4 988/247/4 986/248/4 980/249/4
f 982/234/361 980/237/361 986/242/361 984/245/361
f 985/250/362 979/251/362 981/252/362 983/253/362
f 985/254/4 988/247/4 987/246/4 979/255/4
f 985/256/360 983/257/360 989/244/360 988/243/360
f 981/258/363 990/239/363 989/238/363 983/259/363
f 979/251/321 987/236/321 990/235/321 981/252/321
f 1002/1/364 999/2/364 992/3/364 994/4/364
f 1001/5/365 1004/6/365 996/7/365
f 1000/8/366 1001/5/366 996/7/366 998/9/366
f 1006/10/4 1007/11/4 1000/12/4 998/13/4
f 1005/14/249 1006/15/249 998/9/249 996/7/249
f 997/16/333 1008/17/333 1003/18/333 995/19/333
f 997/20/4 1000/12/4 1007/11/4 1008/21/4
f 995/22/366 1001/5/366 1000/8/366 997/23/366
f 995/22/365 1004/6/365 1001/5/365
f 991/24/364 999/2/364 1002/1/364 993/25/364
f 993/26/367 1004/27/367 1003/18/367
f 1005/14/368 1004/28/368 994/4/368
f 992/3/249 1006/15/249 1005/14/249 994/4/249
f 999/29/4 1007/11/4 1006/10/4 992/30/4
f 1008/21/4 1007/11/4 999/29/4 991/31/4
f 1003/18/333 1008/17/333 991/24/333 993/25/333
f 993/25/369 1002/1/369 1004/32/369
f 996/7/368 1004/28/368 1005/14/368
f 1003/18/367 1004/27/367 995/19/367
f 994/4/369 1004/32/369 1002/1/369
f 1020/1/370 1017/2/370 1010/3/370 1012/4/370
f 1019/5/371 1022/6/371 1014/7/372
f 1018/8/373 1019/5/373 1014/7/373 1016/9/373
f 1024/10/4 1025/11/4 1018/12/4 1016/13/4
f 1023/14/374 1024/15/374 1016/9/374 1014/7/374
f 1015/16/375 1026/17/375 1021/18/375 1013/19/375
f 1015/20/4 1018/12/4 1025/11/4 1026/21/4
f 1013/22/376 1019/5/373 1018/8/373 1015/23/376
f 1013/22/371 1022/6/371 1019/5/371
f 1009/24/370 1017/2/370 1020/1/370 1011/25/370
f 1011/26/377 1022/27/377 1021/18/377
f 1023/14/378 1022/28/378 1012/4/379
f 1010/3/374 1024/15/374 1023/14/374 1012/4/374
f 1017/29/4 1025/11/4 1024/10/4 1010/30/4
f 1026/21/4 1025/11/4 1017/29/4 1009/31/4
f 1021/18/375 1026/17/375 1009/24/375 1011/25/375
f 1011/25/380 1020/1/380 1022/32/380
f 1014/7/378 1022/28/378 1023/14/378
f 1021/18/377 1022/27/377 1013/19/377
f 1012/4/381 1022/32/380 1020/1/380
f 1030/33/375 1038/34/375 1035/35/375 1028/36/375
f 1037/37/382 1038/38/382 1030/39/382 1032/40/382
f 1034/41/383 1036/42/383 1037/43/383 1032/44/383
f 1035/45/4 1036/46/4 1034/47/4 1028/48/4
f 1030/33/384 1028/36/384 1034/41/384 1032/44/384
f 1033/49/385 1027/50/385 1029/51/385 1031/52/385
f 1033/53/4 1036/46/4 1035/45/4 1027/54/4
f 1033/55/383 1031/56/383 1037/43/383 1036/42/383
f 1029/57/386 1038/38/386 1037/37/386 1031/58/386
f 1027/50/375 1035/35/375 1038/34/375 1029/51/375
f 1042/59/387 1050/60/387 1047/61/387 1040/62/387
f 1049/37/388 1050/38/388 1042/39/388 1044/40/388
f 1046/63/389 1048/64/389 1049/65/389 1044/66/389
f 1047/45/4 1048/46/4 1046/47/4 1040/48/4
f 1042/59/390 1040/62/390 1046/63/390 1044/66/390
f 1045/67/391 1039/68/391 1041/69/391 1043/70/391
f 1045/53/4 1048/46/4 1047/45/4 1039/54/4
f 1045/71/389 1043/72/389 1049/65/389 1048/64/389
f 1041/57/392 1050/38/392 1049/37/392 1043/58/392
f 1039/68/387 1047/61/387 1050/60/387 1041/69/387
f 1054/73/393 1062/74/393 1059/75/393 1052/76/393
f 1061/37/394 1062/38/394 1054/39/394 1056/40/394
f 1058/77/395 1060/78/395 1061/79/395 1056/80/395
f 1059/45/4 1060/46/4 1058/47/4 1052/48/4
f 1054/73/396 1052/76/396 1058/77/396 1056/80/396
f 1057/81/397 1051/82/397 1053/83/397 1055/84/397
f 1057/53/4 1060/46/4 1059/45/4 1051/54/4
f 1057/85/395 1055/86/395 1061/79/395 1060/78/395
f 1053/57/398 1062/38/398 1061/37/398 1055/58/398
f 1051/82/399 1059/75/393 1062/74/393 1053/83/399
f 1068/87/400 1067/88/400 1069/89/400 1070/90/400
f 1066/91/4 1065/92/4 1067/93/4 1068/94/4
f 1065/95/401 1063/96/401 1069/97/401 1067/98/401
f 1063/96/30 1064/99/30 1070/100/30 1069/97/30
f 1064/99/402 1066/91/402 1068/94/402 1070/100/402
f 1064/87/403 1063/88/403 1065/89/403 1066/90/403
f 1076/87/400 1075/88/400 1077/89/400 1078/90/400
f 1074/101/4 1073/102/4 1075/103/4 1076/104/4
f 1073/105/401 1071/106/401 1077/107/401 1075/108/401
f 1071/106/30 1072/109/30 1078/110/30 1077/107/30
f 1072/109/402 1074/101/402 1076/104/402 1078/110/402
f 1072/87/404 1071/88/404 1073/89/404 1074/90/404
f 1082/111/387 1090/112/387 1087/113/387 1080/114/387
f 1089/115/405 1090/116/405 1082/117/405 1084/118/405
f 1086/119/406 1088/120/406 1089/121/406 1084/122/406
f 1087/123/4 1088/124/4 1086/125/4 1080/126/4
f 1082/111/407 1080/114/407 1086/119/407 1084/122/407
f 1085/127/408 1079/128/408 1081/129/408 1083/130/408
f 1085/131/4 1088/124/4 1087/123/4 1079/132/4
f 1085/133/406 1083/134/406 1089/121/406 1088/120/406
f 1081/135/409 1090/116/409 1089/115/409 1083/136/409
f 1079/128/387 1087/113/387 1090/112/387 1081/129/387
f 1094/137/410 1102/138/410 1099/139/410 1092/140/410
f 1101/141/411 1102/142/411 1094/143/411 1096/144/411
f 1098/145/406 1100/146/406 1101/147/406 1096/148/406
f 1099/149/4 1100/150/4 1098/151/4 1092/152/4
f 1094/137/412 1092/140/412 1098/145/412 1096/148/412
f 1097/153/413 1091/154/413 1093/155/413 1095/156/413
f 1097/157/4 1100/150/4 1099/149/4 1091/158/4
f 1097/159/406 1095/160/406 1101/147/406 1100/146/406
f 1093/161/414 1102/142/414 1101/141/414 1095/162/414
f 1091/154/410 1099/139/410 1102/138/410 1093/155/410
f 1116/163/415 1115/164/416 1121/165/417 1122/166/415
f 1117/167/418 1115/168/418 1116/39/418 1118/40/418
f 1120/169/419 1119/170/420 1117/171/420 1118/172/419
f 1121/45/4 1119/46/4 1120/47/4 1122/48/4
f 1116/163/421 1122/166/421 1120/169/421 1118/172/421
f 1123/173/422 1124/174/422 1126/175/422 1125/176/422
f 1123/53/4 1119/46/4 1121/45/4 1124/54/4
f 1123/177/423 1125/178/423 1117/171/420 1119/170/420
f 1126/57/424 1115/168/424 1117/167/424 1125/58/424
f 1124/174/425 1121/165/417 1115/164/416 1126/175/425
f 1106/179/410 1114/180/410 1111/181/410 1104/182/410
f 1113/37/426 1114/38/426 1106/39/426 1108/40/426
f 1110/183/419 1112/184/419 1113/185/419 1108/186/419
f 1111/45/4 1112/46/4 1110/47/4 1104/48/4
f 1106/179/427 1104/182/427 1110/183/427 1108/186/427
f 1109/187/428 1103/188/428 1105/189/428 1107/190/428
f 1109/53/4 1112/46/4 1111/45/4 1103/54/4
f 1109/191/419 1107/192/419 1113/185/419 1112/184/419
f 1105/57/429 1114/38/429 1113/37/429 1107/58/429
f 1103/188/410 1111/181/410 1114/180/410 1105/189/410
f 1130/193/399 1138/194/399 1135/195/399 1128/196/399
f 1137/197/430 1138/198/430 1130/199/430 1132/200/430
f 1134/201/431 1136/202/431 1137/203/431 1132/204/431
f 1135/205/4 1136/206/4 1134/207/4 1128/208/4
f 1130/193/432 1128/196/432 1134/201/432 1132/204/432
f 1133/209/433 1127/210/433 1129/211/433 1131/212/433
f 1133/213/4 1136/206/4 1135/205/4 1127/214/4
f 1133/215/431 1131/216/431 1137/203/431 1136/202/431
f 1129/217/434 1138/198/434 1137/197/434 1131/218/434
f 1127/210/399 1135/195/399 1138/194/399 1129/211/399
f 1144/219/400 1143/220/400 1145/221/400 1146/222/400
f 1142/223/435 1141/224/435 1143/225/435 1144/226/435
f 1141/227/401 1139/228/401 1145/229/401 1143/230/401
f 1139/228/436 1140/231/436 1146/232/436 1145/229/436
f 1140/231/437 1142/223/437 1144/226/437 1146/232/437
f 1140/219/404 1139/233/404 1141/221/404 1142/222/404
f 1150/234/375 1158/235/375 1155/236/375 1148/237/375
f 1157/238/438 1158/239/438 1150/240/438 1152/241/438
f 1154/242/395 1156/243/395 1157/244/395 1152/245/395
f 1155/246/4 1156/247/4 1154/248/4 1148/249/4
f 1150/234/439 1148/237/439 1154/242/439 1152/245/439
f 1153/250/440 1147/251/440 1149/252/440 1151/253/440
f 1153/254/4 1156/247/4 1155/246/4 1147/255/4
f 1153/256/395 1151/257/395 1157/244/395 1156/243/395
f 1149/258/441 1158/239/441 1157/238/441 1151/259/441
f 1147/251/375 1155/236/375 1158/235/375 1149/252/375
f 1170/1/442 1167/2/442 1160/3/442 1162/4/442
f 1169/5/443 1172/6/443 1164/7/443
f 1168/8/444 1169/5/444 1164/7/444 1166/9/444
f 1174/10/4 1175/11/4 1168/12/4 1166/13/4
f 1173/14/310 1174/15/310 1166/9/310 1164/7/310
f 1165/16/311 1176/17/311 1171/18/311 1163/19/311
f 1165/20/4 1168/12/4 1175/11/4 1176/21/4
f 1163/22/444 1169/5/444 1168/8/444 1165/23/444
f 1163/22/443 1172/6/443 1169/5/443
f 1159/24/442 1167/2/442 1170/1/442 1161/25/442
f 1161/26/445 1172/27/446 1171/18/446
f 1173/14/447 1172/28/447 1162/4/447
f 1160/3/310 1174/15/310 1173/14/310 1162/4/310
f 1167/29/4 1175/11/4 1174/10/4 1160/30/4
f 1176/21/4 1175/11/4 1167/29/4 1159/31/4
f 1171/18/311 1176/17/311 1159/24/311 1161/25/311
f 1161/25/448 1170/1/448 1172/32/448
f 1164/7/447 1172/28/447 1173/14/447
f 1171/18/446 1172/27/446 1163/19/446
f 1162/4/448 1172/32/448 1170/1/448
f 1188/1/449 1185/2/449 1178/3/449 1180/4/449
f 1187/5/450 1190/6/450 1182/7/450
f 1186/8/451 1187/5/451 1182/7/451 1184/9/451
f 1192/10/4 1193/11/4 1186/12/4 1184/13/4
f 1191/14/452 1192/15/452 1184/9/452 1182/7/452
f 1183/16/453 1194/17/453 1189/18/453 1181/19/453
f 1183/20/4 1186/12/4 1193/11/4 1194/21/4
f 1181/22/451 1187/5/451 1186/8/451 1183/23/451
f 1181/22/450 1190/6/450 1187/5/450
f 1177/24/449 1185/2/449 1188/1/449 1179/25/449
f 1179/26/454 1190/27/454 1189/18/454
f 1191/14/455 1190/28/455 1180/4/455
f 1178/3/452 1192/15/452 1191/14/452 1180/4/452
f 1185/29/4 1193/11/4 1192/10/4 1178/30/4
f 1194/21/4 1193/11/4 1185/29/4 1177/31/4
f 1189/18/453 1194/17/453 1177/24/453 1179/25/453
f 1179/25/456 1188/1/456 1190/32/456
f 1182/7/457 1190/28/455 1191/14/455
f 1189/18/454 1190/27/454 1181/19/454
f 1180/4/458 1190/32/456 1188/1/456
f 1198/33/453 1206/34/453 1203/35/453 1196/36/453
f 1205/37/459 1206/38/459 1198/39/459 1200/40/459
f 1202/41/460 1204/42/460 1205/43/460 1200/44/460
f 1203/45/4 1204/46/4 1202/47/4 1196/48/4
f 1198/33/461 1196/36/461 1202/41/461 1200/44/461
f 1201/49/462 1195/50/462 1197/51/462 1199/52/462
f 1201/53/4 1204/46/4 1203/45/4 1195/54/4
f 1201/55/460 1199/56/460 1205/43/460 1204/42/460
f 1197/57/463 1206/38/463 1205/37/463 1199/58/463
f 1195/50/464 1203/35/453 1206/34/453 1197/51/464
f 1210/59/465 1218/60/465 1215/61/465 1208/62/465
f 1217/37/466 1218/38/466 1210/39/466 1212/40/466
f 1214/63/467 1216/64/467 1217/65/467 1212/66/467
f 1215/45/4 1216/46/4 1214/47/4 1208/48/4
f 1210/59/468 1208/62/468 1214/63/468 1212/66/468
f 1213/67/469 1207/68/469 1209/69/469 1211/70/469
f 1213/53/4 1216/46/4 1215/45/4 1207/54/4
f 1213/71/467 1211/72/467 1217/65/467 1216/64/467
f 1209/57/470 1218/38/470 1217/37/470 1211/58/470
f 1207/68/471 1215/61/465 1218/60/465 1209/69/471
f 1222/73/464 1230/74/464 1227/75/464 1220/76/464
f 1229/37/472 1230/38/472 1222/39/472 1224/40/472
f 1226/77/473 1228/78/473 1229/79/473 1224/80/473
f 1227/45/4 1228/46/4 1226/47/4 1220/48/4
f 1222/73/474 1220/76/474 1226/77/474 1224/80/474
f 1225/81/475 1219/82/475 1221/83/475 1223/84/475
f 1225/53/4 1228/46/4 1227/45/4 1219/54/4
f 1225/85/473 1223/86/473 1229/79/473 1228/78/473
f 1221/57/476 1230/38/476 1229/37/476 1223/58/476
f 1219/82/465 1227/75/464 1230/74/464 1221/83/465
f 1236/87/477 1235/88/477 1237/89/477 1238/90/477
f 1234/91/4 1233/92/4 1235/93/4 1236/94/4
f 1233/95/465 1231/96/465 1237/97/465 1235/98/465
f 1231/96/30 1232/99/30 1238/100/30 1237/97/30
f 1232/99/467 1234/91/467 1236/94/467 1238/100/467
f 1232/87/478 1231/88/478 1233/89/478 1234/90/478
f 1244/87/477 1243/88/477 1245/89/477 1246/90/477
f 1242/101/4 1241/102/4 1243/103/4 1244/104/4
f 1241/105/465 1239/106/465 1245/107/465 1243/108/465
f 1239/106/30 1240/109/30 1246/110/30 1245/107/30
f 1240/109/467 1242/101/467 1244/104/467 1246/110/467
f 1240/87/478 1239/88/478 1241/89/478 1242/90/478
f 1250/111/471 1258/112/471 1255/113/471 1248/114/471
f 1257/115/479 1258/116/479 1250/117/479 1252/118/479
f 1254/119/467 1256/120/480 1257/121/480 1252/122/467
f 1255/123/4 1256/124/4 1254/125/4 1248/126/4
f 1250/111/481 1248/114/481 1254/119/481 1252/122/481
f 1253/127/482 1247/128/482 1249/129/482 1251/130/482
f 1253/131/4 1256/124/4 1255/123/4 1247/132/4
f 1253/133/480 1251/134/480 1257/121/480 1256/120/480
f 1249/135/483 1258/116/483 1257/115/483 1251/136/483
f 1247/128/471 1255/113/471 1258/112/471 1249/129/471
f 1262/137/484 1270/138/484 1267/139/484 1260/140/484
f 1269/141/485 1270/142/485 1262/143/485 1264/144/485
f 1266/145/480 1268/146/480 1269/147/480 1264/148/480
f 1267/149/4 1268/150/4 1266/151/4 1260/152/4
f 1262/137/486 1260/140/486 1266/145/486 1264/148/486
f 1265/153/487 1259/154/487 1261/155/487 1263/156/487
f 1265/157/4 1268/150/4 1267/149/4 1259/158/4
f 1265/159/480 1263/160/480 1269/147/480 1268/146/480
f 1261/161/488 1270/142/488 1269/141/488 1263/162/488
f 1259/154/484 1267/139/484 1270/138/484 1261/155/484
f 1284/163/489 1283/164/489 1289/165/489 1290/166/489
f 1285/167/490 1283/168/490 1284/39/490 1286/40/490
f 1288/169/374 1287/170/374 1285/171/374 1286/172/374
f 1289/45/4 1287/46/4 1288/47/4 1290/48/4
f 1284/163/491 1290/166/491 1288/169/491 1286/172/491
f 1291/173/492 1292/174/492 1294/175/492 1293/176/492
f 1291/53/4 1287/46/4 1289/45/4 1292/54/4
f 1291/177/374 1293/178/374 1285/171/374 1287/170/374
f 1294/57/493 1283/168/493 1285/167/493 1293/58/493
f 1292/174/489 1289/165/489 1283/164/489 1294/175/489
f 1274/179/489 1282/180/489 1279/181/489 1272/182/489
f 1281/37/494 1282/38/494 1274/39/494 1276/40/494
f 1278/183/495 1280/184/495 1281/185/495 1276/186/495
f 1279/45/4 1280/46/4 1278/47/4 1272/48/4
f 1274/179/496 1272/182/496 1278/183/496 1276/186/496
f 1277/187/497 1271/188/497 1273/189/497 1275/190/497
f 1277/53/4 1280/46/4 1279/45/4 1271/54/4
f 1277/191/374 1275/192/374 1281/185/495 1280/184/495
f 1273/57/498 1282/38/498 1281/37/498 1275/58/498
f 1271/188/489 1279/181/489 1282/180/489 1273/189/489
f 1298/193/465 1306/194/465 1303/195/465 1296/196/465
f 1305/197/499 1306/198/499 1298/199/499 1300/200/499
f 1302/201/467 1304/202/467 1305/203/467 1300/204/467
f 1303/205/4 1304/206/4 1302/207/4 1296/208/4
f 1298/193/500 1296/196/500 1302/201/500 1300/204/500
f 1301/209/501 1295/210/501 1297/211/501 1299/212/501
f 1301/213/4 1304/206/4 1303/205/4 1295/214/4
f 1301/215/467 1299/216/467 1305/203/467 1304/202/467
f 1297/217/502 1306/198/502 1305/197/502 1299/218/502
f 1295/210/465 1303/195/465 1306/194/465 1297/211/465
f 1312/219/503 1311/220/503 1313/221/503 1314/222/503
f 1310/223/504 1309/224/504 1311/225/504 1312/226/504
f 1309/227/465 1307/228/465 1313/229/465 1311/230/465
f 1307/228/505 1308/231/505 1314/232/505 1313/229/505
f 1308/231/467 1310/223/467 1312/226/467 1314/232/467
f 1308/219/478 1307/233/478 1309/221/478 1310/222/478
f 1318/234/464 1326/235/464 1323/236/464 1316/237/464
f 1325/238/506 1326/239/506 1318/240/506 1320/241/506
f 1322/242/460 1324/243/473 1325/244/473 1320/245/460
f 1323/246/4 1324/247/4 1322/248/4 1316/249/4
f 1318/234/507 1316/237/507 1322/242/507 1320/245/507
f 1321/250/508 1315/251/508 1317/252/508 1319/253/508
f 1321/254/4 1324/247/4 1323/246/4 1315/255/4
f 1321/256/473 1319/257/473 1325/244/473 1324/243/473
f 1317/258/509 1326/239/509 1325/238/509 1319/259/509
f 1315/251/464 1323/236/464 1326/235/464 1317/252/464
f 1338/1/510 1335/2/510 1328/3/510 1330/4/510
f 1337/5/511 1340/6/511 1332/7/511
f 1336/8/512 1337/5/512 1332/7/512 1334/9/512
f 1342/10/4 1343/11/4 1336/12/4 1334/13/4
f 1341/14/495 1342/15/495 1334/9/495 1332/7/495
f 1333/16/375 1344/17/375 1339/18/375 1331/19/375
f 1333/20/4 1336/12/4 1343/11/4 1344/21/4
f 1331/22/512 1337/5/512 1336/8/512 1333/23/512
f 1331/22/511 1340/6/511 1337/5/511
f 1327/24/513 1335/2/510 1338/1/510 1329/25/513
f 1329/26/514 1340/27/515 1339/18/515
f 1341/14/516 1340/28/516 1330/4/516
f 1328/3/480 1342/15/495 1341/14/495 1330/4/480
f 1335/29/4 1343/11/4 1342/10/4 1328/30/4
f 1344/21/4 1343/11/4 1335/29/4 1327/31/4
f 1339/18/375 1344/17/375 1327/24/375 1329/25/375
f 1329/25/517 1338/1/517 1340/32/517
f 1332/7/516 1340/28/516 1341/14/516
f 1339/18/515 1340/27/515 1331/19/515
f 1330/4/518 1340/32/517 1338/1/517
f 1356/1/519 1353/2/519 1346/3/519 1348/4/519
f 1355/5/520 1358/6/520 1350/7/520
f 1354/8/521 1355/5/521 1350/7/521 1352/9/521
f 1360/10/4 1361/11/4 1354/12/4 1352/13/4
f 1359/14/522 1360/15/522 1352/9/522 1350/7/522
f 1351/16/523 1362/17/523 1357/18/523 1349/19/523
f 1351/20/4 1354/12/4 1361/11/4 1362/21/4
f 1349/22/521 1355/5/521 1354/8/521 1351/23/521
f 1349/22/520 1358/6/520 1355/5/520
f 1345/24/519 1353/2/519 1356/1/519 1347/25/519
f 1347/26/524 1358/27/524 1357/18/524
f 1359/14/525 1358/28/525 1348/4/526
f 1346/3/522 1360/15/522 1359/14/522 1348/4/522
f 1353/29/4 1361/11/4 1360/10/4 1346/30/4
f 1362/21/4 1361/11/4 1353/29/4 1345/31/4
f 1357/18/523 1362/17/523 1345/24/523 1347/25/523
f 1347/25/527 1356/1/528 1358/32/528
f 1350/7/525 1358/28/525 1359/14/525
f 1357/18/524 1358/27/524 1349/19/524
f 1348/4/528 1358/32/528 1356/1/528
f 1366/33/529 1374/34/529 1371/35/529 1364/36/529
f 1373/37/530 1374/38/530 1366/39/530 1368/40/530
f 1370/41/522 1372/42/522 1373/43/522 1368/44/522
f 1371/45/4 1372/46/4 1370/47/4 1364/48/4
f 1366/33/531 1364/36/531 1370/41/531 1368/44/531
f 1369/49/532 1363/50/532 1365/51/532 1367/52/532
f 1369/53/4 1372/46/4 1371/45/4 1363/54/4
f 1369/55/522 1367/56/522 1373/43/522 1372/42/522
f 1365/57/533 1374/38/533 1373/37/533 1367/58/533
f 1363/50/529 1371/35/529 1374/34/529 1365/51/529
f 1378/59/534 1386/60/534 1383/61/534 1376/62/534
f 1385/37/535 1386/38/535 1378/39/535 1380/40/535
f 1382/63/536 1384/64/536 1385/65/536 1380/66/536
f 1383/45/4 1384/46/4 1382/47/4 1376/48/4
f 1378/59/537 1376/62/537 1382/63/537 1380/66/537
f 1381/67/538 1375/68/538 1377/69/538 1379/70/538
f 1381/53/4 1384/46/4 1383/45/4 1375/54/4
f 1381/71/536 1379/72/536 1385/65/536 1384/64/536
f 1377/57/539 1386/38/539 1385/37/539 1379/58/539
f 1375/68/534 1383/61/534 1386/60/534 1377/69/534
f 1390/73/540 1398/74/540 1395/75/540 1388/76/540
f 1397/37/541 1398/38/541 1390/39/541 1392/40/541
f 1394/77/542 1396/78/542 1397/79/542 1392/80/542
f 1395/45/4 1396/46/4 1394/47/4 1388/48/4
f 1390/73/543 1388/76/543 1394/77/543 1392/80/543
f 1393/81/544 1387/82/544 1389/83/544 1391/84/544
f 1393/53/4 1396/46/4 1395/45/4 1387/54/4
f 1393/85/542 1391/86/542 1397/79/542 1396/78/542
f 1389/57/545 1398/38/545 1397/37/545 1391/58/545
f 1387/82/540 1395/75/540 1398/74/540 1389/83/540
f 1404/87/546 1403/88/546 1405/89/546 1406/90/546
f 1402/91/4 1401/92/4 1403/93/4 1404/94/4
f 1401/95/534 1399/96/534 1405/97/534 1403/98/534
f 1399/96/30 1400/99/30 1406/100/30 1405/97/30
f 1400/99/536 1402/91/536 1404/94/536 1406/100/536
f 1400/87/547 1399/88/547 1401/89/547 1402/90/547
f 1412/87/546 1411/88/546 1413/89/546 1414/90/546
f 1410/101/4 1409/102/4 1411/103/4 1412/104/4
f 1409/105/534 1407/106/534 1413/107/534 1411/108/534
f 1407/106/30 1408/109/30 1414/110/30 1413/107/30
f 1408/109/536 1410/101/536 1412/104/536 1414/110/536
f 1408/87/547 1407/88/547 1409/89/547 1410/90/547
f 1418/111/548 1426/112/548 1423/113/548 1416/114/548
f 1425/115/549 1426/116/549 1418/117/549 1420/118/549
f 1422/119/536 1424/120/536 1425/121/536 1420/122/536
f 1423/123/4 1424/124/4 1422/125/4 1416/126/4
f 1418/111/550 1416/114/550 1422/119/550 1420/122/550
f 1421/127/551 1415/128/551 1417/129/551 1419/130/551
f 1421/131/4 1424/124/4 1423/123/4 1415/132/4
f 1421/133/552 1419/134/552 1425/121/536 1424/120/536
f 1417/135/553 1426/116/553 1425/115/553 1419/136/553
f 1415/128/548 1423/113/548 1426/112/548 1417/129/548
f 1430/137/554 1438/138/554 1435/139/554 1428/140/554
f 1437/141/555 1438/142/555 1430/143/555 1432/144/555
f 1434/145/552 1436/146/556 1437/147/556 1432/148/552
f 1435/149/4 1436/150/4 1434/151/4 1428/152/4
f 1430/137/557 1428/140/557 1434/145/557 1432/148/557
f 1433/153/558 1427/154/558 1429/155/558 1431/156/558
f 1433/157/4 1436/150/4 1435/149/4 1427/158/4
f 1433/159/556 1431/160/556 1437/147/556 1436/146/556
f 1429/161/559 1438/142/559 1437/141/559 1431/162/559
f 1427/154/554 1435/139/554 1438/138/554 1429/155/554
f 1452/163/560 1451/164/560 1457/165/560 1458/166/560
f 1453/167/561 1451/168/561 1452/39/561 1454/40/561
f 1456/169/452 1455/170/452 1453/171/452 1454/172/452
f 1457/45/4 1455/46/4 1456/47/4 1458/48/4
f 1452/163/562 1458/166/562 1456/169/562 1454/172/562
f 1459/173/563 1460/174/563 1462/175/563 1461/176/563
f 1459/53/4 1455/46/4 1457/45/4 1460/54/4
f 1459/177/452 1461/178/452 1453/171/452 1455/170/452
f 1462/57/564 1451/168/564 1453/167/564 1461/58/564
f 1460/174/560 1457/165/560 1451/164/560 1462/175/560
f 1442/179/554 1450/180/560 1447/181/560 1440/182/554
f 1449/37/565 1450/38/565 1442/39/565 1444/40/565
f 1446/183/556 1448/184/556 1449/185/556 1444/186/556
f 1447/45/4 1448/46/4 1446/47/4 1440/48/4
f 1442/179/566 1440/182/566 1446/183/566 1444/186/566
f 1445/187/567 1439/188/567 1441/189/567 1443/190/567
f 1445/53/4 1448/46/4 1447/45/4 1439/54/4
f 1445/191/452 1443/192/452 1449/185/556 1448/184/556
f 1441/57/568 1450/38/568 1449/37/568 1443/58/568
f 1439/188/560 1447/181/560 1450/180/560 1441/189/560
f 1466/193/534 1474/194/534 1471/195/534 1464/196/534
f 1473/197/569 1474/198/569 1466/199/569 1468/200/569
f 1470/201/570 1472/202/536 1473/203/536 1468/204/570
f 1471/205/4 1472/206/4 1470/207/4 1464/208/4
f 1466/193/571 1464/196/571 1470/201/571 1468/204/571
f 1469/209/572 1463/210/572 1465/211/572 1467/212/572
f 1469/213/4 1472/206/4 1471/205/4 1463/214/4
f 1469/215/536 1467/216/536 1473/203/536 1472/202/536
f 1465/217/573 1474/198/573 1473/197/573 1467/218/573
f 1463/210/534 1471/195/534 1474/194/534 1465/211/534
f 1480/219/546 1479/220/546 1481/221/546 1482/222/546
f 1478/223/574 1477/224/574 1479/225/574 1480/226/574
f 1477/227/534 1475/228/534 1481/229/534 1479/230/534
f 1475/228/575 1476/231/575 1482/232/575 1481/229/575
f 1476/231/536 1478/223/536 1480/226/536 1482/232/536
f 1476/219/576 1475/233/576 1477/221/576 1478/222/576
f 1486/234/529 1494/235/540 1491/236/540 1484/237/529
f 1493/238/577 1494/239/577 1486/240/577 1488/241/577
f 1490/242/542 1492/243/542 1493/244/542 1488/245/542
f 1491/246/4 1492/247/4 1490/248/4 1484/249/4
f 1486/234/578 1484/237/578 1490/242/578 1488/245/578
f 1489/250/579 1483/251/579 1485/252/579 1487/253/579
f 1489/254/4 1492/247/4 1491/246/4 1483/255/4
f 1489/256/542 1487/257/542 1493/244/542 1492/243/542
f 1485/258/580 1494/239/580 1493/238/580 1487/259/580
f 1483/251/540 1491/236/540 1494/235/540 1485/252/540
f 1506/1/581 1503/2/581 1496/3/581 1498/4/581
f 1505/5/582 1508/6/582 1500/7/582
f 1504/8/583 1505/5/583 1500/7/583 1502/9/583
f 1510/10/4 1511/11/4 1504/12/4 1502/13/4
f 1509/14/452 1510/15/452 1502/9/452 1500/7/452
f 1501/16/453 1512/17/453 1507/18/453 1499/19/453
f 1501/20/4 1504/12/4 1511/11/4 1512/21/4
f 1499/22/583 1505/5/583 1504/8/583 1501/23/583
f 1499/22/582 1508/6/582 1505/5/582
f 1495/24/581 1503/2/581 1506/1/581 1497/25/581
f 1497/26/584 1508/27/584 1507/18/584
f 1509/14/455 1508/28/455 1498/4/455
f 1496/3/452 1510/15/452 1509/14/452 1498/4/452
f 1503/29/4 1511/11/4 1510/10/4 1496/30/4
f 1512/21/4 1511/11/4 1503/29/4 1495/31/4
f 1507/18/453 1512/17/453 1495/24/585 1497/25/585
f 1497/25/586 1506/1/586 1508/32/586
f 1500/7/455 1508/28/455 1509/14/455
f 1507/18/584 1508/27/584 1499/19/584
f 1498/4/586 1508/32/586 1506/1/586
f 1524/1/587 1521/2/587 1514/3/587 1516/4/587
f 1523/5/588 1526/6/588 1518/7/588
f 1522/8/589 1523/5/589 1518/7/589 1520/9/589
f 1528/10/4 1529/11/4 1522/12/4 1520/13/4
f 1527/14/590 1528/15/590 1520/9/591 1518/7/591
f 1519/16/592 1530/17/592 1525/18/592 1517/19/592
f 1519/20/4 1522/12/4 1529/11/4 1530/21/4
f 1517/22/589 1523/5/589 1522/8/589 1519/23/589
f 1517/22/588 1526/6/588 1523/5/588
f 1513/24/587 1521/2/587 1524/1/587 1515/25/587
f 1515/26/593 1526/27/593 1525/18/593
f 1527/14/594 1526/28/594 1516/4/594
f 1514/3/590 1528/15/590 1527/14/590 1516/4/590
f 1521/29/4 1529/11/4 1528/10/4 1514/30/4
f 1530/21/4 1529/11/4 1521/29/4 1513/31/4
f 1525/18/592 1530/17/592 1513/24/592 1515/25/592
f 1515/25/595 1524/1/595 1526/32/595
f 1518/7/594 1526/28/594 1527/14/594
f 1525/18/593 1526/27/593 1517/19/596
f 1516/4/597 1526/32/595 1524/1/595
f 1534/33/598 1542/34/598 1539/35/598 1532/36/598
f 1541/37/599 1542/38/599 1534/39/599 1536/40/599
f 1538/41/591 1540/42/591 1541/43/591 1536/44/591
f 1539/45/4 1540/46/4 1538/47/4 1532/48/4
f 1534/33/600 1532/36/600 1538/41/600 1536/44/600
f 1537/49/601 1531/50/601 1533/51/601 1535/52/601
f 1537/53/4 1540/46/4 1539/45/4 1531/54/4
f 1537/55/591 1535/56/591 1541/43/591 1540/42/591
f 1533/57/602 1542/38/602 1541/37/602 1535/58/602
f 1531/50/598 1539/35/598 1542/34/598 1533/51/598
f 1546/59/603 1554/60/603 1551/61/603 1544/62/603
f 1553/37/604 1554/38/604 1546/39/604 1548/40/604
f 1550/63/605 1552/64/605 1553/65/605 1548/66/605
f 1551/45/4 1552/46/4 1550/47/4 1544/48/4
f 1546/59/606 1544/62/606 1550/63/606 1548/66/606
f 1549/67/607 1543/68/607 1545/69/607 1547/70/607
f 1549/53/4 1552/46/4 1551/45/4 1543/54/4
f 1549/71/605 1547/72/605 1553/65/605 1552/64/605
f 1545/57/608 1554/38/608 1553/37/608 1547/58/608
f 1543/68/603 1551/61/603 1554/60/603 1545/69/603
f 1558/73/609 1566/74/609 1563/75/609 1556/76/609
f 1565/37/610 1566/38/610 1558/39/610 1560/40/610
f 1562/77/611 1564/78/611 1565/79/611 1560/80/611
f 1563/45/4 1564/46/4 1562/47/4 1556/48/4
f 1558/73/612 1556/76/612 1562/77/612 1560/80/612
f 1561/81/613 1555/82/613 1557/83/613 1559/84/613
f 1561/53/4 1564/46/4 1563/45/4 1555/54/4
f 1561/85/590 1559/86/590 1565/79/611 1564/78/611
f 1557/57/614 1566/38/614 1565/37/614 1559/58/614
f 1555/82/609 1563/75/609 1566/74/609 1557/83/609
f 1572/87/615 1571/88/615 1573/89/615 1574/90/615
f 1570/91/4 1569/92/4 1571/93/4 1572/94/4
f 1569/95/603 1567/96/603 1573/97/603 1571/98/603
f 1567/96/30 1568/99/30 1574/100/30 1573/97/30
f 1568/99/605 1570/91/605 1572/94/605 1574/100/605
f 1568/87/616 1567/88/616 1569/89/616 1570/90/616
f 1580/87/615 1579/88/615 1581/89/615 1582/90/615
f 1578/101/4 1577/102/4 1579/103/4 1580/104/4
f 1577/105/603 1575/106/603 1581/107/603 1579/108/603
f 1575/106/30 1576/109/30 1582/110/30 1581/107/30
f 1576/109/605 1578/101/605 1580/104/605 1582/110/605
f 1576/87/616 1575/88/616 1577/89/616 1578/90/616
f 1586/111/603 1594/112/603 1591/113/603 1584/114/603
f 1593/115/617 1594/116/617 1586/117/617 1588/118/617
f 1590/119/605 1592/120/618 1593/121/618 1588/122/605
f 1591/123/4 1592/124/4 1590/125/4 1584/126/4
f 1586/111/619 1584/114/619 1590/119/619 1588/122/619
f 1589/127/620 1583/128/620 1585/129/620 1587/130/620
f 1589/131/4 1592/124/4 1591/123/4 1583/132/4
f 1589/133/618 1587/134/618 1593/121/618 1592/120/618
f 1585/135/621 1594/116/621 1593/115/621 1587/136/621
f 1583/128/603 1591/113/603 1594/112/603 1585/129/603
f 1598/137/603 1606/138/622 1603/139/622 1596/140/603
f 1605/141/623 1606/142/623 1598/143/623 1600/144/623
f 1602/145/618 1604/146/624 1605/147/624 1600/148/618
f 1603/149/4 1604/150/4 1602/151/4 1596/152/4
f 1598/137/625 1596/140/625 1602/145/625 1600/148/625
f 1601/153/626 1595/154/626 1597/155/626 1599/156/626
f 1601/157/4 1604/150/4 1603/149/4 1595/158/4
f 1601/159/624 1599/160/624 1605/147/624 1604/146/624
f 1597/161/627 1606/142/627 1605/141/627 1599/162/627
f 1595/154/628 1603/139/622 1606/138/622 1597/155/628
f 1620/163/523 1619/164/523 1625/165/523 1626/166/523
f 1621/167/629 1619/168/629 1620/39/629 1622/40/629
f 1624/169/630 1623/170/630 1621/171/630 1622/172/630
f 1625/45/4 1623/46/4 1624/47/4 1626/48/4
f 1620/163/631 1626/166/631 1624/169/631 1622/172/631
f 1627/173/632 1628/174/632 1630/175/632 1629/176/632
f 1627/53/4 1623/46/4 1625/45/4 1628/54/4
f 1627/177/630 1629/178/630 1621/171/630 1623/170/630
f 1630/57/633 1619/168/633 1621/167/633 1629/58/633
f 1628/174/523 1625/165/523 1619/164/523 1630/175/523
f 1610/179/628 1618/180/628 1615/181/628 1608/182/628
f 1617/37/634 1618/38/634 1610/39/634 1612/40/634
f 1614/183/630 1616/184/624 1617/185/624 1612/186/630
f 1615/45/4 1616/46/4 1614/47/4 1608/48/4
f 1610/179/635 1608/182/635 1614/183/635 1612/186/635
f 1613/187/636 1607/188/636 1609/189/636 1611/190/636
f 1613/53/4 1616/46/4 1615/45/4 1607/54/4
f 1613/191/624 1611/192/624 1617/185/624 1616/184/624
f 1609/57/637 1618/38/637 1617/37/637 1611/58/637
f 1607/188/628 1615/181/628 1618/180/628 1609/189/628
f 1634/193/638 1642/194/638 1639/195/638 1632/196/638
f 1641/197/639 1642/198/639 1634/199/639 1636/200/639
f 1638/201/611 1640/202/611 1641/203/611 1636/204/611
f 1639/205/4 1640/206/4 1638/207/4 1632/208/4
f 1634/193/640 1632/196/640 1638/201/640 1636/204/640
f 1637/209/641 1631/210/641 1633/211/641 1635/212/641
f 1637/213/4 1640/206/4 1639/205/4 1631/214/4
f 1637/215/605 1635/216/605 1641/203/611 1640/202/611
f 1633/217/642 1642/198/642 1641/197/642 1635/218/642
f 1631/210/638 1639/195/638 1642/194/638 1633/211/638
f 1648/219/643 1647/220/643 1649/221/643 1650/222/643
f 1646/223/644 1645/224/644 1647/225/644 1648/226/644
f 1645/227/603 1643/228/603 1649/229/603 1647/230/603
f 1643/228/645 1644/231/645 1650/232/645 1649/229/645
f 1644/231/605 1646/223/605 1648/226/605 1650/232/605
f 1644/219/616 1643/233/616 1645/221/616 1646/222/616
f 1654/234/598 1662/235/598 1659/236/598 1652/237/598
f 1661/238/646 1662/239/646 1654/240/646 1656/241/646
f 1658/242/591 1660/243/590 1661/244/590 1656/245/591
f 1659/246/4 1660/247/4 1658/248/4 1652/249/4
f 1654/234/647 1652/237/647 1658/242/647 1656/245/647
f 1657/250/648 1651/251/648 1653/252/648 1655/253/648
f 1657/254/4 1660/247/4 1659/246/4 1651/255/4
f 1657/256/590 1655/257/590 1661/244/590 1660/243/590
f 1653/258/649 1662/239/649 1661/238/649 1655/259/649
f 1651/251/598 1659/236/598 1662/235/598 1653/252/598
f 1674/1/650 1671/2/650 1664/3/650 1666/4/650
f 1673/5/651 1676/6/651 1668/7/651
f 1672/8/652 1673/5/652 1668/7/652 1670/9/652
f 1678/10/4 1679/11/4 1672/12/4 1670/13/4
f 1677/14/522 1678/15/522 1670/9/522 1668/7/522
f 1669/16/523 1680/17/523 1675/18/523 1667/19/523
f 1669/20/4 1672/12/4 1679/11/4 1680/21/4
f 1667/22/652 1673/5/652 1672/8/652 1669/23/652
f 1667/22/651 1676/6/651 1673/5/651
f 1663/24/650 1671/2/650 1674/1/650 1665/25/650
f 1665/26/524 1676/27/524 1675/18/524
f 1677/14/653 1676/28/653 1666/4/653
f 1664/3/522 1678/15/522 1677/14/522 1666/4/522
f 1671/29/4 1679/11/4 1678/10/4 1664/30/4
f 1680/21/4 1679/11/4 1671/29/4 1663/31/4
f 1675/18/523 1680/17/523 1663/24/523 1665/25/523
f 1665/25/654 1674/1/654 1676/32/654
f 1668/7/653 1676/28/653 1677/14/653
f 1675/18/524 1676/27/524 1667/19/524
f 1666/4/654 1676/32/654 1674/1/654
f 1692/1/655 1689/2/655 1682/3/655 1684/4/655
f 1691/5/656 1694/6/657 1686/7/656
f 1690/8/658 1691/5/658 1686/7/658 1688/9/658
f 1696/10/4 1697/11/4 1690/12/4 1688/13/4
f 1695/14/659 1696/15/659 1688/9/660 1686/7/660
f 1687/16/661 1698/17/661 1693/18/661 1685/19/661
f 1687/20/4 1690/12/4 1697/11/4 1698/21/4
f 1685/22/658 1691/5/658 1690/8/658 1687/23/658
f 1685/22/657 1694/6/657 1691/5/656
f 1681/24/655 1689/2/655 1692/1/655 1683/25/655
f 1683/26/662 1694/27/662 1693/18/662
f 1695/14/663 1694/28/663 1684/4/663
f 1682/3/659 1696/15/659 1695/14/659 1684/4/659
f 1689/29/4 1697/11/4 1696/10/4 1682/30/4
f 1698/21/4 1697/11/4 1689/29/4 1681/31/4
f 1693/18/661 1698/17/661 1681/24/661 1683/25/661
f 1683/25/664 1692/1/664 1694/32/664
f 1686/7/663 1694/28/663 1695/14/663
f 1693/18/662 1694/27/662 1685/19/665
f 1684/4/664 1694/32/664 1692/1/664
f 1702/33/666 1710/34/667 1707/35/667 1700/36/666
f 1709/37/668 1710/38/668 1702/39/668 1704/40/668
f 1706/41/669 1708/42/669 1709/43/669 1704/44/669
f 1707/45/4 1708/46/4 1706/47/4 1700/48/4
f 1702/33/670 1700/36/670 1706/41/670 1704/44/670
f 1705/49/671 1699/50/671 1701/51/671 1703/52/671
f 1705/53/4 1708/46/4 1707/45/4 1699/54/4
f 1705/55/669 1703/56/669 1709/43/669 1708/42/669
f 1701/57/672 1710/38/672 1709/37/672 1703/58/672
f 1699/50/667 1707/35/667 1710/34/667 1701/51/667
f 1714/59/673 1722/60/674 1719/61/674 1712/62/673
f 1721/37/675 1722/38/675 1714/39/675 1716/40/675
f 1718/63/660 1720/64/660 1721/65/660 1716/66/660
f 1719/45/4 1720/46/4 1718/47/4 1712/48/4
f 1714/59/676 1712/62/676 1718/63/676 1716/66/676
f 1717/67/677 1711/68/677 1713/69/677 1715/70/677
f 1717/53/4 1720/46/4 1719/45/4 1711/54/4
f 1717/71/660 1715/72/660 1721/65/660 1720/64/660
f 1713/57/678 1722/38/678 1721/37/678 1715/58/678
f 1711/68/674 1719/61/674 1722/60/674 1713/69/674
f 1726/73/667 1734/74/679 1731/75/679 1724/76/667
f 1733/37/680 1734/38/680 1726/39/680 1728/40/680
f 1730/77/659 1732/78/659 1733/79/659 1728/80/659
f 1731/45/4 1732/46/4 1730/47/4 1724/48/4
f 1726/73/681 1724/76/681 1730/77/681 1728/80/681
f 1729/81/682 1723/82/682 1725/83/682 1727/84/682
f 1729/53/4 1732/46/4 1731/45/4 1723/54/4
f 1729/85/659 1727/86/659 1733/79/659 1732/78/659
f 1725/57/683 1734/38/683 1733/37/683 1727/58/683
f 1723/82/679 1731/75/679 1734/74/679 1725/83/679
f 1740/87/684 1739/88/684 1741/89/684 1742/90/684
f 1738/91/4 1737/92/4 1739/93/4 1740/94/4
f 1737/95/674 1735/96/674 1741/97/674 1739/98/674
f 1735/96/30 1736/99/30 1742/100/30 1741/97/30
f 1736/99/660 1738/91/660 1740/94/660 1742/100/660
f 1736/87/685 1735/88/685 1737/89/685 1738/90/685
f 1748/87/684 1747/88/684 1749/89/684 1750/90/684
f 1746/101/4 1745/102/4 1747/103/4 1748/104/4
f 1745/105/674 1743/106/674 1749/107/674 1747/108/674
f 1743/106/30 1744/109/30 1750/110/30 1749/107/30
f 1744/109/660 1746/101/660 1748/104/660 1750/110/660
f 1744/87/685 1743/88/685 1745/89/685 1746/90/685
f 1754/111/674 1762/112/674 1759/113/674 1752/114/674
f 1761/115/686 1762/116/686 1754/117/686 1756/118/686
f 1758/119/660 1760/120/660 1761/121/660 1756/122/660
f 1759/123/4 1760/124/4 1758/125/4 1752/126/4
f 1754/111/687 1752/114/687 1758/119/687 1756/122/687
f 1757/127/688 1751/128/688 1753/129/688 1755/130/688
f 1757/131/4 1760/124/4 1759/123/4 1751/132/4
f 1757/133/689 1755/134/689 1761/121/660 1760/120/660
f 1753/135/690 1762/116/690 1761/115/690 1755/136/690
f 1751/128/674 1759/113/674 1762/112/674 1753/129/674
f 1766/137/674 1774/138/674 1771/139/674 1764/140/674
f 1773/141/691 1774/142/691 1766/143/691 1768/144/691
f 1770/145/692 1772/146/692 1773/147/692 1768/148/692
f 1771/149/4 1772/150/4 1770/151/4 1764/152/4
f 1766/137/693 1764/140/693 1770/145/693 1768/148/693
f 1769/153/694 1763/154/694 1765/155/694 1767/156/694
f 1769/157/4 1772/150/4 1771/149/4 1763/158/4
f 1769/159/692 1767/160/692 1773/147/692 1772/146/692
f 1765/161/695 1774/142/695 1773/141/695 1767/162/695
f 1763/154/674 1771/139/674 1774/138/674 1765/155/674
f 1788/163/592 1787/164/696 1793/165/696 1794/166/592
f 1789/167/697 1787/168/697 1788/39/697 1790/40/697
f 1792/169/698 1791/170/698 1789/171/698 1790/172/698
f 1793/45/4 1791/46/4 1792/47/4 1794/48/4
f 1788/163/699 1794/166/699 1792/169/699 1790/172/699
f 1795/173/700 1796/174/700 1798/175/700 1797/176/700
f 1795/53/4 1791/46/4 1793/45/4 1796/54/4
f 1795/177/698 1797/178/698 1789/171/698 1791/170/698
f 1798/57/701 1787/168/701 1789/167/701 1797/58/701
f 1796/174/696 1793/165/696 1787/164/696 1798/175/696
f 1778/179/696 1786/180/696 1783/181/696 1776/182/696
f 1785/37/702 1786/38/702 1778/39/702 1780/40/702
f 1782/183/692 1784/184/692 1785/185/692 1780/186/692
f 1783/45/4 1784/46/4 1782/47/4 1776/48/4
f 1778/179/703 1776/182/703 1782/183/703 1780/186/703
f 1781/187/704 1775/188/704 1777/189/704 1779/190/704
f 1781/53/4 1784/46/4 1783/45/4 1775/54/4
f 1781/191/692 1779/192/692 1785/185/692 1784/184/692
f 1777/57/705 1786/38/705 1785/37/705 1779/58/705
f 1775/188/696 1783/181/696 1786/180/696 1777/189/696
f 1802/193/673 1810/194/673 1807/195/673 1800/196/673
f 1809/197/706 1810/198/706 1802/199/706 1804/200/706
f 1806/201/659 1808/202/659 1809/203/659 1804/204/659
f 1807/205/4 1808/206/4 1806/207/4 1800/208/4
f 1802/193/707 1800/196/707 1806/201/707 1804/204/707
f 1805/209/708 1799/210/708 1801/211/708 1803/212/708
f 1805/213/4 1808/206/4 1807/205/4 1799/214/4
f 1805/215/660 1803/216/660 1809/203/659 1808/202/659
f 1801/217/709 1810/198/709 1809/197/709 1803/218/709
f 1799/210/679 1807/195/673 1810/194/673 1801/211/679
f 1816/219/684 1815/220/684 1817/221/684 1818/222/684
f 1814/223/710 1813/224/710 1815/225/710 1816/226/710
f 1813/227/674 1811/228/674 1817/229/674 1815/230/674
f 1811/228/711 1812/231/711 1818/232/711 1817/229/711
f 1812/231/660 1814/223/660 1816/226/660 1818/232/660
f 1812/219/685 1811/233/685 1813/221/685 1814/222/685
f 1822/234/667 1830/235/667 1827/236/667 1820/237/667
f 1829/238/712 1830/239/712 1822/240/712 1824/241/712
f 1826/242/669 1828/243/669 1829/244/669 1824/245/669
f 1827/246/4 1828/247/4 1826/248/4 1820/249/4
f 1822/234/713 1820/237/713 1826/242/713 1824/245/713
f 1825/250/714 1819/251/714 1821/252/714 1823/253/714
f 1825/254/4 1828/247/4 1827/246/4 1819/255/4
f 1825/256/715 1823/257/715 1829/244/669 1828/243/669
f 1821/258/716 1830/239/716 1829/238/716 1823/259/716
f 1819/251/667 1827/236/667 1830/235/667 1821/252/667
f 1842/1/717 1839/2/717 1832/3/717 1834/4/717
f 1841/5/718 1844/6/718 1836/7/718
f 1840/8/719 1841/5/719 1836/7/719 1838/9/719
f 1846/10/4 1847/11/4 1840/12/4 1838/13/4
f 1845/14/591 1846/15/591 1838/9/591 1836/7/591
f 1837/16/696 1848/17/696 1843/18/696 1835/19/696
f 1837/20/4 1840/12/4 1847/11/4 1848/21/4
f 1835/22/719 1841/5/719 1840/8/719 1837/23/719
f 1835/22/718 1844/6/718 1841/5/718
f 1831/24/717 1839/2/717 1842/1/717 1833/25/717
f 1833/26/720 1844/27/720 1843/18/720
f 1845/14/721 1844/28/721 1834/4/721
f 1832/3/591 1846/15/591 1845/14/591 1834/4/591
f 1839/29/4 1847/11/4 1846/10/4 1832/30/4
f 1848/21/4 1847/11/4 1839/29/4 1831/31/4
f 1843/18/696 1848/17/696 1831/24/696 1833/25/696
f 1833/25/722 1842/1/723 1844/32/723
f 1836/7/721 1844/28/721 1845/14/721
f 1843/18/720 1844/27/720 1835/19/720
f 1834/4/723 1844/32/723 1842/1/723
f 1860/1/724 1857/2/724 1850/3/725 1852/4/725
f 1859/5/726 1862/6/726 1854/7/727
f 1858/8/728 1859/5/728 1854/7/728 1856/9/728
f 1864/10/4 1865/11/4 1858/12/4 1856/13/4
f 1863/14/729 1864/15/729 1856/9/729 1854/7/729
f 1855/16/730 1866/17/731 1861/18/731 1853/19/730
f 1855/20/4 1858/12/4 1865/11/4 1866/21/4
f 1853/22/728 1859/5/728 1858/8/728 1855/23/728
f 1853/22/726 1862/6/726 1859/5/726
f 1849/24/724 1857/2/724 1860/1/724 1851/25/724
f 1851/26/732 1862/27/733 1861/18/733
f 1863/14/734 1862/28/734 1852/4/734
f 1850/3/729 1864/15/729 1863/14/729 1852/4/729
f 1857/29/4 1865/11/4 1864/10/4 1850/30/4
f 1866/21/4 1865/11/4 1857/29/4 1849/31/4
f 1861/18/731 1866/17/731 1849/24/731 1851/25/731
f 1851/25/735 1860/1/736 1862/32/735
f 1854/7/734 1862/28/734 1863/14/734
f 1861/18/733 1862/27/733 1853/19/733
f 1852/4/736 1862/32/735 1860/1/736
f 1870/33/731 1878/34/731 1875/35/731 1868/36/731
f 1877/37/737 1878/38/737 1870/39/737 1872/40/737
f 1874/41/738 1876/42/738 1877/43/738 1872/44/738
f 1875/45/4 1876/46/4 1874/47/4 1868/48/4
f 1870/33/739 1868/36/739 1874/41/739 1872/44/739
f 1873/49/740 1867/50/740 1869/51/740 1871/52/740
f 1873/53/4 1876/46/4 1875/45/4 1867/54/4
f 1873/55/741 1871/56/741 1877/43/738 1876/42/738
f 1869/57/742 1878/38/742 1877/37/742 1871/58/742
f 1867/50/731 1875/35/731 1878/34/731 1869/51/731
f 1882/59/743 1890/60/744 1887/61/744 1880/62/743
f 1889/37/745 1890/38/745 1882/39/745 1884/40/745
f 1886/63/746 1888/64/746 1889/65/746 1884/66/746
f 1887/45/4 1888/46/4 1886/47/4 1880/48/4
f 1882/59/747 1880/62/747 1886/63/747 1884/66/747
f 1885/67/748 1879/68/748 1881/69/748 1883/70/748
f 1885/53/4 1888/46/4 1887/45/4 1879/54/4
f 1885/71/746 1883/72/746 1889/65/746 1888/64/746
f 1881/57/749 1890/38/749 1889/37/749 1883/58/749
f 1879/68/744 1887/61/744 1890/60/744 1881/69/744
f 1894/73/750 1902/74/750 1899/75/750 1892/76/750
f 1901/37/751 1902/38/751 1894/39/751 1896/40/751
f 1898/77/752 1900/78/752 1901/79/752 1896/80/752
f 1899/45/4 1900/46/4 1898/47/4 1892/48/4
f 1894/73/753 1892/76/753 1898/77/753 1896/80/753
f 1897/81/754 1891/82/754 1893/83/754 1895/84/754
f 1897/53/4 1900/46/4 1899/45/4 1891/54/4
f 1897/85/752 1895/86/752 1901/79/752 1900/78/752
f 1893/57/755 1902/38/755 1901/37/755 1895/58/755
f 1891/82/750 1899/75/750 1902/74/750 1893/83/750
f 1908/87/756 1907/88/756 1909/89/756 1910/90/756
f 1906/91/4 1905/92/4 1907/93/4 1908/94/4
f 1905/95/757 1903/96/757 1909/97/757 1907/98/757
f 1903/96/30 1904/99/30 1910/100/30 1909/97/30
f 1904/99/758 1906/91/758 1908/94/758 1910/100/758
f 1904/87/759 1903/88/759 1905/89/759 1906/90/759
f 1916/87/760 1915/88/760 1917/89/760 1918/90/760
f 1914/101/4 1913/102/4 1915/103/4 1916/104/4
f 1913/105/757 1911/106/757 1917/107/757 1915/108/757
f 1911/106/30 1912/109/30 1918/110/30 1917/107/30
f 1912/109/758 1914/101/758 1916/104/758 1918/110/758
f 1912/87/759 1911/88/759 1913/89/759 1914/90/759
f 1922/111/744 1930/112/744 1927/113/744 1920/114/744
f 1929/115/761 1930/116/761 1922/117/761 1924/118/761
f 1926/119/762 1928/120/763 1929/121/763 1924/122/762
f 1927/123/4 1928/124/4 1926/125/4 1920/126/4
f 1922/111/764 1920/114/764 1926/119/764 1924/122/764
f 1925/127/765 1919/128/765 1921/129/765 1923/130/765
f 1925/131/4 1928/124/4 1927/123/4 1919/132/4
f 1925/133/746 1923/134/746 1929/121/763 1928/120/763
f 1921/135/766 1930/116/766 1929/115/766 1923/136/766
f 1919/128/744 1927/113/744 1930/112/744 1921/129/744
f 1934/137/767 1942/138/767 1939/139/767 1932/140/767
f 1941/141/768 1942/142/768 1934/143/768 1936/144/768
f 1938/145/762 1940/146/762 1941/147/762 1936/148/762
f 1939/149/4 1940/150/4 1938/151/4 1932/152/4
f 1934/137/769 1932/140/769 1938/145/769 1936/148/769
f 1937/153/770 1931/154/770 1933/155/770 1935/156/770
f 1937/157/4 1940/150/4 1939/149/4 1931/158/4
f 1937/159/762 1935/160/762 1941/147/762 1940/146/762
f 1933/161/771 1942/142/771 1941/141/771 1935/162/771
f 1931/154/767 1939/139/767 1942/138/767 1933/155/767
f 1956/163/661 1955/164/661 1961/165/661 1962/166/661
f 1957/167/772 1955/168/772 1956/39/772 1958/40/772
f 1960/169/773 1959/170/774 1957/171/774 1958/172/773
f 1961/45/4 1959/46/4 1960/47/4 1962/48/4
f 1956/163/775 1962/166/775 1960/169/775 1958/172/775
f 1963/173/776 1964/174/776 1966/175/776 1965/176/776
f 1963/53/4 1959/46/4 1961/45/4 1964/54/4
f 1963/177/774 1965/178/774 1957/171/774 1959/170/774
f 1966/57/777 1955/168/777 1957/167/777 1965/58/777
f 1964/174/661 1961/165/661 1955/164/661 1966/175/661
f 1946/179/767 1954/180/778 1951/181/779 1944/182/767
f 1953/37/780 1954/38/780 1946/39/780 1948/40/780
f 1950/183/762 1952/184/781 1953/185/782 1948/186/762
f 1951/45/4 1952/46/4 1950/47/4 1944/48/4
f 1946/179/783 1944/182/783 1950/183/783 1948/186/783
f 1949/187/784 1943/188/784 1945/189/784 1947/190/784
f 1949/53/4 1952/46/4 1951/45/4 1943/54/4
f 1949/191/785 1947/192/785 1953/185/782 1952/184/781
f 1945/57/786 1954/38/786 1953/37/786 1947/58/786
f 1943/188/787 1951/181/779 1954/180/778 1945/189/787
f 1970/193/750 1978/194/750 1975/195/750 1968/196/750
f 1977/197/788 1978/198/788 1970/199/788 1972/200/788
f 1974/201/746 1976/202/746 1977/203/746 1972/204/746
f 1975/205/4 1976/206/4 1974/207/4 1968/208/4
f 1970/193/789 1968/196/789 1974/201/789 1972/204/789
f 1973/209/790 1967/210/790 1969/211/790 1971/212/790
f 1973/213/4 1976/206/4 1975/205/4 1967/214/4
f 1973/215/746 1971/216/746 1977/203/746 1976/202/746
f 1969/217/791 1978/198/791 1977/197/791 1971/218/791
f 1967/210/750 1975/195/750 1978/194/750 1969/211/750
f 1984/219/760 1983/220/760 1985/221/760 1986/222/760
f 1982/223/792 1981/224/792 1983/225/792 1984/226/792
f 1981/227/757 1979/228/757 1985/229/757 1983/230/757
f 1979/228/793 1980/231/793 1986/232/793 1985/229/793
f 1980/231/758 1982/223/758 1984/226/758 1986/232/758
f 1980/219/759 1979/233/759 1981/221/759 1982/222/759
f 1990/234/731 1998/235/731 1995/236/731 1988/237/731
f 1997/238/794 1998/239/794 1990/240/794 1992/241/794
f 1994/242/752 1996/243/752 1997/244/752 1992/245/752
f 1995/246/4 1996/247/4 1994/248/4 1988/249/4
f 1990/234/795 1988/237/795 1994/242/795 1992/245/795
f 1993/250/796 1987/251/796 1989/252/796 1991/253/796
f 1993/254/4 1996/247/4 1995/246/4 1987/255/4
f 1993/256/752 1991/257/752 1997/244/752 1996/243/752
f 1989/258/797 1998/239/797 1997/238/797 1991/259/797
f 1987/251/731 1995/236/731 1998/235/731 1989/252/731
f 2010/1/798 2007/2/798 2000/3/798 2002/4/798
f 2009/5/799 2012/6/799 2004/7/800
f 2008/8/801 2009/5/801 2004/7/801 2006/9/801
f 2014/10/4 2015/11/4 2008/12/4 2006/13/4
f 2013/14/659 2014/15/659 2006/9/659 2004/7/659
f 2005/16/661 2016/17/661 2011/18/661 2003/19/661
f 2005/20/4 2008/12/4 2015/11/4 2016/21/4
f 2003/22/801 2009/5/801 2008/8/801 2005/23/801
f 2003/22/799 2012/6/799 2009/5/799
f 1999/24/798 2007/2/798 2010/1/798 2001/25/798
f 2001/26/802 2012/27/802 2011/18/802
f 2013/14/803 2012/28/803 2002/4/803
f 2000/3/659 2014/15/659 2013/14/659 2002/4/659
f 2007/29/4 2015/11/4 2014/10/4 2000/30/4
f 2016/21/4 2015/11/4 2007/29/4 1999/31/4
f 2011/18/661 2016/17/661 1999/24/661 2001/25/661
f 2001/25/804 2010/1/804 2012/32/804
f 2004/7/803 2012/28/803 2013/14/803
f 2011/18/802 2012/27/802 2003/19/802
f 2002/4/805 2012/32/804 2010/1/804
f 2028/1/806 2025/2/806 2018/3/806 2020/4/806
f 2027/5/807 2030/6/807 2022/7/808
f 2026/8/809 2027/5/809 2022/7/809 2024/9/809
f 2032/10/4 2033/11/4 2026/12/4 2024/13/4
f 2031/14/810 2032/15/810 2024/9/810 2022/7/810
f 2023/16/811 2034/17/811 2029/18/811 2021/19/811
f 2023/20/4 2026/12/4 2033/11/4 2034/21/4
f 2021/22/809 2027/5/809 2026/8/809 2023/23/809
f 2021/22/807 2030/6/807 2027/5/807
f 2017/24/806 2025/2/806 2028/1/806 2019/25/806
f 2019/26/812 2030/27/813 2029/18/813
f 2031/14/814 2030/28/814 2020/4/814
f 2018/3/810 2032/15/810 2031/14/810 2020/4/810
f 2025/29/4 2033/11/4 2032/10/4 2018/30/4
f 2034/21/4 2033/11/4 2025/29/4 2017/31/4
f 2029/18/811 2034/17/811 2017/24/811 2019/25/811
f 2019/25/815 2028/1/815 2030/32/815
f 2022/7/816 2030/28/814 2031/14/814
f 2029/18/813 2030/27/813 2021/19/813
f 2020/4/817 2030/32/815 2028/1/815
f 2038/33/818 2046/34/818 2043/35/818 2036/36/818
f 2045/37/819 2046/38/819 2038/39/819 2040/40/819
f 2042/41/820 2044/42/820 2045/43/820 2040/44/820
f 2043/45/4 2044/46/4 2042/47/4 2036/48/4
f 2038/33/821 2036/36/821 2042/41/821 2040/44/821
f 2041/49/822 2035/50/822 2037/51/822 2039/52/822
f 2041/53/4 2044/46/4 2043/45/4 2035/54/4
f 2041/55/820 2039/56/820 2045/43/820 2044/42/820
f 2037/57/823 2046/38/823 2045/37/823 2039/58/823
f 2035/50/818 2043/35/818 2046/34/818 2037/51/818
f 2050/59/824 2058/60/824 2055/61/824 2048/62/824
f 2057/37/825 2058/38/825 2050/39/825 2052/40/825
f 2054/63/826 2056/64/826 2057/65/826 2052/66/826
f 2055/45/4 2056/46/4 2054/47/4 2048/48/4
f 2050/59/827 2048/62/827 2054/63/827 2052/66/827
f 2053/67/828 2047/68/828 2049/69/828 2051/70/828
f 2053/53/4 2056/46/4 2055/45/4 2047/54/4
f 2053/71/829 2051/72/829 2057/65/826 2056/64/826
f 2049/57/830 2058/38/830 2057/37/830 2051/58/830
f 2047/68/824 2055/61/824 2058/60/824 2049/69/824
f 2062/73/831 2070/74/831 2067/75/831 2060/76/831
f 2069/37/832 2070/38/832 2062/39/832 2064/40/832
f 2066/77/833 2068/78/833 2069/79/833 2064/80/833
f 2067/45/4 2068/46/4 2066/47/4 2060/48/4
f 2062/73/834 2060/76/834 2066/77/834 2064/80/834
f 2065/81/835 2059/82/835 2061/83/835 2063/84/835
f 2065/53/4 2068/46/4 2067/45/4 2059/54/4
f 2065/85/833 2063/86/833 2069/79/833 2068/78/833
f 2061/57/836 2070/38/836 2069/37/836 2063/58/836
f 2059/82/837 2067/75/831 2070/74/831 2061/83/837
f 2076/87/838 2075/88/838 2077/89/838 2078/90/838
f 2074/91/4 2073/92/4 2075/93/4 2076/94/4
f 2073/95/824 2071/96/824 2077/97/824 2075/98/824
f 2071/96/30 2072/99/30 2078/100/30 2077/97/30
f 2072/99/826 2074/91/826 2076/94/826 2078/100/826
f 2072/87/839 2071/88/839 2073/89/839 2074/90/839
f 2084/87/838 2083/88/838 2085/89/838 2086/90/838
f 2082/101/4 2081/102/4 2083/103/4 2084/104/4
f 2081/105/824 2079/106/824 2085/107/824 2083/108/824
f 2079/106/30 2080/109/30 2086/110/30 2085/107/30
f 2080/109/826 2082/101/826 2084/104/826 2086/110/826
f 2080/87/839 2079/88/839 2081/89/839 2082/90/839
f 2090/111/824 2098/112/840 2095/113/840 2088/114/824
f 2097/115/841 2098/116/841 2090/117/841 2092/118/841
f 2094/119/829 2096/120/829 2097/121/829 2092/122/829
f 2095/123/4 2096/124/4 2094/125/4 2088/126/4
f 2090/111/842 2088/114/842 2094/119/842 2092/122/842
f 2093/127/843 2087/128/843 2089/129/843 2091/130/843
f 2093/131/4 2096/124/4 2095/123/4 2087/132/4
f 2093/133/844 2091/134/844 2097/121/829 2096/120/829
f 2089/135/845 2098/116/845 2097/115/845 2091/136/845
f 2087/128/846 2095/113/840 2098/112/840 2089/129/846
f 2102/137/846 2110/138/846 2107/139/846 2100/140/846
f 2109/141/847 2110/142/847 2102/143/847 2104/144/847
f 2106/145/729 2108/146/729 2109/147/729 2104/148/729
f 2107/149/4 2108/150/4 2106/151/4 2100/152/4
f 2102/137/848 2100/140/848 2106/145/848 2104/148/848
f 2105/153/849 2099/154/849 2101/155/849 2103/156/849
f 2105/157/4 2108/150/4 2107/149/4 2099/158/4
f 2105/159/729 2103/160/729 2109/147/729 2108/146/729
f 2101/161/850 2110/142/850 2109/141/850 2103/162/850
f 2099/154/846 2107/139/846 2110/138/846 2101/155/846
f 2124/163/851 2123/164/851 2129/165/851 2130/166/851
f 2125/167/852 2123/168/852 2124/39/852 2126/40/852
f 2128/169/729 2127/170/853 2125/171/853 2126/172/729
f 2129/45/4 2127/46/4 2128/47/4 2130/48/4
f 2124/163/854 2130/166/854 2128/169/854 2126/172/854
f 2131/173/855 2132/174/855 2134/175/855 2133/176/855
f 2131/53/4 2127/46/4 2129/45/4 2132/54/4
f 2131/177/853 2133/178/853 2125/171/853 2127/170/853
f 2134/57/856 2123/168/856 2125/167/856 2133/58/856
f 2132/174/851 2129/165/851 2123/164/851 2134/175/851
f 2114/179/857 2122/180/857 2119/181/857 2112/182/857
f 2121/37/858 2122/38/858 2114/39/858 2116/40/858
f 2118/183/729 2120/184/729 2121/185/729 2116/186/729
f 2119/45/4 2120/46/4 2118/47/4 2112/48/4
f 2114/179/859 2112/182/859 2118/183/859 2116/186/859
f 2117/187/860 2111/188/860 2113/189/860 2115/190/860
f 2117/53/4 2120/46/4 2119/45/4 2111/54/4
f 2117/191/729 2115/192/729 2121/185/729 2120/184/729
f 2113/57/861 2122/38/861 2121/37/861 2115/58/861
f 2111/188/846 2119/181/857 2122/180/857 2113/189/846
f 2138/193/837 2146/194/837 2143/195/837 2136/196/837
f 2145/197/862 2146/198/862 2138/199/862 2140/200/862
f 2142/201/833 2144/202/833 2145/203/833 2140/204/833
f 2143/205/4 2144/206/4 2142/207/4 2136/208/4
f 2138/193/863 2136/196/863 2142/201/863 2140/204/863
f 2141/209/864 2135/210/864 2137/211/864 2139/212/864
f 2141/213/4 2144/206/4 2143/205/4 2135/214/4
f 2141/215/833 2139/216/833 2145/203/833 2144/202/833
f 2137/217/865 2146/198/865 2145/197/865 2139/218/865
f 2135/210/824 2143/195/837 2146/194/837 2137/211/824
f 2152/219/838 2151/220/838 2153/221/838 2154/222/838
f 2150/223/866 2149/224/866 2151/225/866 2152/226/866
f 2149/227/824 2147/228/824 2153/229/824 2151/230/824
f 2147/228/867 2148/231/867 2154/232/867 2153/229/867
f 2148/231/826 2150/223/826 2152/226/826 2154/232/826
f 2148/219/868 2147/233/868 2149/221/868 2150/222/868
f 2158/234/818 2166/235/831 2163/236/831 2156/237/818
f 2165/238/869 2166/239/869 2158/240/869 2160/241/869
f 2162/242/870 2164/243/870 2165/244/870 2160/245/870
f 2163/246/4 2164/247/4 2162/248/4 2156/249/4
f 2158/234/871 2156/237/871 2162/242/871 2160/245/871
f 2161/250/872 2155/251/872 2157/252/872 2159/253/872
f 2161/254/4 2164/247/4 2163/246/4 2155/255/4
f 2161/256/820 2159/257/820 2165/244/870 2164/243/870
f 2157/258/873 2166/239/873 2165/238/873 2159/259/873
f 2155/251/831 2163/236/831 2166/235/831 2157/252/831
f 2178/1/874 2175/2/874 2168/3/875 2170/4/875
f 2177/5/876 2180/6/876 2172/7/876
f 2176/8/877 2177/5/877 2172/7/877 2174/9/877
f 2182/10/4 2183/11/4 2176/12/4 2174/13/4
f 2181/14/729 2182/15/729 2174/9/729 2172/7/729
f 2173/16/731 2184/17/731 2179/18/731 2171/19/731
f 2173/20/4 2176/12/4 2183/11/4 2184/21/4
f 2171/22/877 2177/5/877 2176/8/877 2173/23/877
f 2171/22/878 2180/6/876 2177/5/876
f 2167/24/874 2175/2/874 2178/1/874 2169/25/874
f 2169/26/879 2180/27/879 2179/18/879
f 2181/14/880 2180/28/880 2170/4/881
f 2168/3/729 2182/15/729 2181/14/729 2170/4/729
f 2175/29/4 2183/11/4 2182/10/4 2168/30/4
f 2184/21/4 2183/11/4 2175/29/4 2167/31/4
f 2179/18/731 2184/17/731 2167/24/731 2169/25/731
f 2169/25/882 2178/1/883 2180/32/883
f 2172/7/880 2180/28/880 2181/14/880
f 2179/18/879 2180/27/879 2171/19/879
f 2170/4/884 2180/32/883 2178/1/883
f 2196/1/885 2193/2/885 2186/3/885 2188/4/885
f 2195/5/886 2198/6/886 2190/7/886
f 2194/8/887 2195/5/887 2190/7/888 2192/9/888
f 2200/10/4 2201/11/4 2194/12/4 2192/13/4
f 2199/14/889 2200/15/889 2192/9/889 2190/7/889
f 2191/16/890 2202/17/890 2197/18/890 2189/19/890
f 2191/20/4 2194/12/4 2201/11/4 2202/21/4
f 2189/22/887 2195/5/887 2194/8/887 2191/23/887
f 2189/22/886 2198/6/886 2195/5/886
f 2185/24/885 2193/2/885 2196/1/885 2187/25/885
f 2187/26/891 2198/27/891 2197/18/891
f 2199/14/892 2198/28/892 2188/4/892
f 2186/3/889 2200/15/889 2199/14/889 2188/4/889
f 2193/29/4 2201/11/4 2200/10/4 2186/30/4
f 2202/21/4 2201/11/4 2193/29/4 2185/31/4
f 2197/18/890 2202/17/890 2185/24/890 2187/25/890
f 2187/25/893 2196/1/893 2198/32/893
f 2190/7/892 2198/28/892 2199/14/892
f 2197/18/891 2198/27/891 2189/19/894
f 2188/4/893 2198/32/893 2196/1/893
f 2206/33/895 2214/34/895 2211/35/895 2204/36/895
f 2213/37/896 2214/38/896 2206/39/896 2208/40/896
f 2210/41/889 2212/42/889 2213/43/889 2208/44/889
f 2211/45/4 2212/46/4 2210/47/4 2204/48/4
f 2206/33/897 2204/36/897 2210/41/897 2208/44/897
f 2209/49/898 2203/50/898 2205/51/898 2207/52/898
f 2209/53/4 2212/46/4 2211/45/4 2203/54/4
f 2209/55/899 2207/56/899 2213/43/889 2212/42/889
f 2205/57/900 2214/38/900 2213/37/900 2207/58/900
f 2203/50/901 2211/35/895 2214/34/895 2205/51/901
f 2218/59/902 2226/60/902 2223/61/902 2216/62/902
f 2225/37/903 2226/38/903 2218/39/903 2220/40/903
f 2222/63/904 2224/64/904 2225/65/904 2220/66/904
f 2223/45/4 2224/46/4 2222/47/4 2216/48/4
f 2218/59/905 2216/62/905 2222/63/905 2220/66/905
f 2221/67/906 2215/68/906 2217/69/906 2219/70/906
f 2221/53/4 2224/46/4 2223/45/4 2215/54/4
f 2221/71/904 2219/72/904 2225/65/904 2224/64/904
f 2217/57/907 2226/38/907 2225/37/907 2219/58/907
f 2215/68/902 2223/61/902 2226/60/902 2217/69/902
f 2230/73/908 2238/74/909 2235/75/909 2228/76/908
f 2237/37/910 2238/38/910 2230/39/910 2232/40/910
f 2234/77/911 2236/78/911 2237/79/911 2232/80/911
f 2235/45/4 2236/46/4 2234/47/4 2228/48/4
f 2230/73/912 2228/76/912 2234/77/912 2232/80/912
f 2233/81/913 2227/82/913 2229/83/913 2231/84/913
f 2233/53/4 2236/46/4 2235/45/4 2227/54/4
f 2233/85/914 2231/86/914 2237/79/911 2236/78/911
f 2229/57/915 2238/38/915 2237/37/915 2231/58/915
f 2227/82/909 2235/75/909 2238/74/909 2229/83/909
f 2244/87/916 2243/88/916 2245/89/916 2246/90/916
f 2242/91/4 2241/92/4 2243/93/4 2244/94/4
f 2241/95/902 2239/96/902 2245/97/902 2243/98/902
f 2239/96/30 2240/99/30 2246/100/30 2245/97/30
f 2240/99/904 2242/91/904 2244/94/904 2246/100/904
f 2240/87/917 2239/88/917 2241/89/917 2242/90/917
f 2252/87/916 2251/88/916 2253/89/916 2254/90/916
f 2250/101/4 2249/102/4 2251/103/4 2252/104/4
f 2249/105/902 2247/106/902 2253/107/902 2251/108/902
f 2247/106/30 2248/109/30 2254/110/30 2253/107/30
f 2248/109/904 2250/101/904 2252/104/904 2254/110/904
f 2248/87/917 2247/88/917 2249/89/917 2250/90/917
f 2258/111/918 2266/112/918 2263/113/918 2256/114/918
f 2265/115/919 2266/116/919 2258/117/919 2260/118/919
f 2262/119/920 2264/120/920 2265/121/920 2260/122/920
f 2263/123/4 2264/124/4 2262/125/4 2256/126/4
f 2258/111/921 2256/114/921 2262/119/921 2260/122/921
f 2261/127/922 2255/128/922 2257/129/922 2259/130/922
f 2261/131/4 2264/124/4 2263/123/4 2255/132/4
f 2261/133/920 2259/134/920 2265/121/920 2264/120/920
f 2257/135/923 2266/116/923 2265/115/923 2259/136/923
f 2255/128/902 2263/113/918 2266/112/918 2257/129/902
f 2270/137/918 2278/138/918 2275/139/918 2268/140/918
f 2277/141/924 2278/142/924 2270/143/924 2272/144/924
f 2274/145/920 2276/146/920 2277/147/920 2272/148/920
f 2275/149/4 2276/150/4 2274/151/4 2268/152/4
f 2270/137/925 2268/140/925 2274/145/925 2272/148/925
f 2273/153/926 2267/154/926 2269/155/926 2271/156/926
f 2273/157/4 2276/150/4 2275/149/4 2267/158/4
f 2273/159/920 2271/160/920 2277/147/920 2276/146/920
f 2269/161/927 2278/142/927 2277/141/927 2271/162/927
f 2267/154/918 2275/139/918 2278/138/918 2269/155/918
f 2292/163/928 2291/164/928 2297/165/928 2298/166/928
f 2293/167/929 2291/168/929 2292/39/929 2294/40/929
f 2296/169/930 2295/170/810 2293/171/810 2294/172/930
f 2297/45/4 2295/46/4 2296/47/4 2298/48/4
f 2292/163/931 2298/166/931 2296/169/931 2294/172/931
f 2299/173/932 2300/174/932 2302/175/932 2301/176/932
f 2299/53/4 2295/46/4 2297/45/4 2300/54/4
f 2299/177/810 2301/178/810 2293/171/810 2295/170/810
f 2302/57/933 2291/168/933 2293/167/933 2301/58/933
f 2300/174/928 2297/165/928 2291/164/928 2302/175/928
f 2282/179/934 2290/180/928 2287/181/928 2280/182/934
f 2289/37/935 2290/38/935 2282/39/935 2284/40/935
f 2286/183/936 2288/184/936 2289/185/936 2284/186/936
f 2287/45/4 2288/46/4 2286/47/4 2280/48/4
f 2282/179/937 2280/182/937 2286/183/937 2284/186/937
f 2285/187/938 2279/188/938 2281/189/938 2283/190/938
f 2285/53/4 2288/46/4 2287/45/4 2279/54/4
f 2285/191/936 2283/192/936 2289/185/936 2288/184/936
f 2281/57/939 2290/38/939 2289/37/939 2283/58/939
f 2279/188/928 2287/181/928 2290/180/928 2281/189/928
f 2306/193/908 2314/194/908 2311/195/908 2304/196/908
f 2313/197/940 2314/198/940 2306/199/940 2308/200/940
f 2310/201/914 2312/202/914 2313/203/914 2308/204/914
f 2311/205/4 2312/206/4 2310/207/4 2304/208/4
f 2306/193/941 2304/196/941 2310/201/941 2308/204/941
f 2309/209/942 2303/210/942 2305/211/942 2307/212/942
f 2309/213/4 2312/206/4 2311/205/4 2303/214/4
f 2309/215/911 2307/216/911 2313/203/914 2312/202/914
f 2305/217/943 2314/198/943 2313/197/943 2307/218/943
f 2303/210/908 2311/195/908 2314/194/908 2305/211/908
f 2320/219/944 2319/220/944 2321/221/944 2322/222/944
f 2318/223/945 2317/224/945 2319/225/945 2320/226/945
f 2317/227/902 2315/228/902 2321/229/902 2319/230/902
f 2315/228/946 2316/231/946 2322/232/946 2321/229/946
f 2316/231/904 2318/223/904 2320/226/904 2322/232/904
f 2316/219/947 2315/233/947 2317/221/947 2318/222/947
f 2326/234/901 2334/235/901 2331/236/901 2324/237/901
f 2333/238/948 2334/239/948 2326/240/948 2328/241/948
f 2330/242/899 2332/243/899 2333/244/899 2328/245/899
f 2331/246/4 2332/247/4 2330/248/4 2324/249/4
f 2326/234/949 2324/237/949 2330/242/949 2328/245/949
f 2329/250/950 2323/251/950 2325/252/950 2327/253/950
f 2329/254/4 2332/247/4 2331/246/4 2323/255/4
f 2329/256/899 2327/257/899 2333/244/899 2332/243/899
f 2325/258/951 2334/239/951 2333/238/951 2327/259/951
f 2323/251/909 2331/236/901 2334/235/901 2325/252/909
f 2346/1/952 2343/2/952 2336/3/952 2338/4/952
f 2345/5/953 2348/6/953 2340/7/953
f 2344/8/954 2345/5/954 2340/7/954 2342/9/954
f 2350/10/4 2351/11/4 2344/12/4 2342/13/4
f 2349/14/810 2350/15/810 2342/9/810 2340/7/810
f 2341/16/811 2352/17/811 2347/18/811 2339/19/811
f 2341/20/4 2344/12/4 2351/11/4 2352/21/4
f 2339/22/954 2345/5/954 2344/8/954 2341/23/954
f 2339/22/953 2348/6/953 2345/5/953
f 2335/24/952 2343/2/952 2346/1/952 2337/25/952
f 2337/26/813 2348/27/813 2347/18/813
f 2349/14/816 2348/28/816 2338/4/816
f 2336/3/810 2350/15/810 2349/14/810 2338/4/810
f 2343/29/4 2351/11/4 2350/10/4 2336/30/4
f 2352/21/4 2351/11/4 2343/29/4 2335/31/4
f 2347/18/811 2352/17/811 2335/24/811 2337/25/811
f 2337/25/955 2346/1/955 2348/32/955
f 2340/7/816 2348/28/816 2349/14/816
f 2347/18/813 2348/27/813 2339/19/813
f 2338/4/955 2348/32/955 2346/1/955
f 2364/1/956 2361/2/956 2354/3/956 2356/4/956
f 2363/5/957 2366/6/957 2358/7/958
f 2362/8/959 2363/5/959 2358/7/959 2360/9/959
f 2368/10/4 2369/11/4 2362/12/4 2360/13/4
f 2367/14/960 2368/15/960 2360/9/960 2358/7/960
f 2359/16/961 2370/17/961 2365/18/961 2357/19/961
f 2359/20/4 2362/12/4 2369/11/4 2370/21/4
f 2357/22/959 2363/5/959 2362/8/959 2359/23/959
f 2357/22/957 2366/6/957 2363/5/957
f 2353/24/962 2361/2/956 2364/1/956 2355/25/962
f 2355/26/963 2366/27/963 2365/18/963
f 2367/14/964 2366/28/964 2356/4/965
f 2354/3/966 2368/15/960 2367/14/960 2356/4/966
f 2361/29/4 2369/11/4 2368/10/4 2354/30/4
f 2370/21/4 2369/11/4 2361/29/4 2353/31/4
f 2365/18/961 2370/17/961 2353/24/961 2355/25/961
f 2355/25/967 2364/1/967 2366/32/967
f 2358/7/968 2366/28/964 2367/14/964
f 2365/18/963 2366/27/963 2357/19/963
f 2356/4/967 2366/32/967 2364/1/967
f 2374/33/969 2382/34/969 2379/35/969 2372/36/969
f 2381/37/970 2382/38/970 2374/39/970 2376/40/970
f 2378/41/971 2380/42/960 2381/43/960 2376/44/971
f 2379/45/4 2380/46/4 2378/47/4 2372/48/4
f 2374/33/972 2372/36/972 2378/41/972 2376/44/972
f 2377/49/973 2371/50/973 2373/51/973 2375/52/973
f 2377/53/4 2380/46/4 2379/45/4 2371/54/4
f 2377/55/960 2375/56/960 2381/43/960 2380/42/960
f 2373/57/974 2382/38/974 2381/37/974 2375/58/974
f 2371/50/975 2379/35/969 2382/34/969 2373/51/975
f 2386/59/976 2394/60/976 2391/61/976 2384/62/976
f 2393/37/977 2394/38/977 2386/39/977 2388/40/977
f 2390/63/978 2392/64/978 2393/65/978 2388/66/978
f 2391/45/4 2392/46/4 2390/47/4 2384/48/4
f 2386/59/979 2384/62/979 2390/63/979 2388/66/979
f 2389/67/980 2383/68/980 2385/69/980 2387/70/980
f 2389/53/4 2392/46/4 2391/45/4 2383/54/4
f 2389/71/978 2387/72/978 2393/65/978 2392/64/978
f 2385/57/981 2394/38/981 2393/37/981 2387/58/981
f 2383/68/982 2391/61/976 2394/60/976 2385/69/982
f 2398/73/983 2406/74/983 2403/75/983 2396/76/983
f 2405/37/984 2406/38/984 2398/39/984 2400/40/984
f 2402/77/966 2404/78/985 2405/79/985 2400/80/966
f 2403/45/4 2404/46/4 2402/47/4 2396/48/4
f 2398/73/986 2396/76/986 2402/77/986 2400/80/986
f 2401/81/987 2395/82/987 2397/83/987 2399/84/987
f 2401/53/4 2404/46/4 2403/45/4 2395/54/4
f 2401/85/985 2399/86/985 2405/79/985 2404/78/985
f 2397/57/988 2406/38/988 2405/37/988 2399/58/988
f 2395/82/983 2403/75/983 2406/74/983 2397/83/983
f 2412/87/989 2411/88/989 2413/89/989 2414/90/989
f 2410/91/4 2409/92/4 2411/93/4 2412/94/4
f 2409/95/982 2407/96/982 2413/97/982 2411/98/982
f 2407/96/30 2408/99/30 2414/100/30 2413/97/30
f 2408/99/978 2410/91/978 2412/94/978 2414/100/978
f 2408/87/990 2407/88/990 2409/89/990 2410/90/990
f 2420/87/989 2419/88/989 2421/89/989 2422/90/989
f 2418/101/4 2417/102/4 2419/103/4 2420/104/4
f 2417/105/982 2415/106/982 2421/107/982 2419/108/982
f 2415/106/30 2416/109/30 2422/110/30 2421/107/30
f 2416/109/978 2418/101/978 2420/104/978 2422/110/978
f 2416/87/990 2415/88/990 2417/89/990 2418/90/990
f 2426/111/982 2434/112/982 2431/113/982 2424/114/982
f 2433/115/991 2434/116/991 2426/117/991 2428/118/991
f 2430/119/992 2432/120/992 2433/121/992 2428/122/992
f 2431/123/4 2432/124/4 2430/125/4 2424/126/4
f 2426/111/993 2424/114/993 2430/119/993 2428/122/993
f 2429/127/994 2423/128/994 2425/129/994 2427/130/994
f 2429/131/4 2432/124/4 2431/123/4 2423/132/4
f 2429/133/992 2427/134/992 2433/121/992 2432/120/992
f 2425/135/995 2434/116/995 2433/115/995 2427/136/995
f 2423/128/982 2431/113/982 2434/112/982 2425/129/982
f 2438/137/996 2446/138/996 2443/139/996 2436/140/996
f 2445/141/997 2446/142/997 2438/143/997 2440/144/997
f 2442/145/992 2444/146/992 2445/147/992 2440/148/992
f 2443/149/4 2444/150/4 2442/151/4 2436/152/4
f 2438/137/998 2436/140/998 2442/145/998 2440/148/998
f 2441/153/999 2435/154/999 2437/155/999 2439/156/999
f 2441/157/4 2444/150/4 2443/149/4 2435/158/4
f 2441/159/1000 2439/160/1000 2445/147/992 2444/146/992
f 2437/161/1001 2446/142/1001 2445/141/1001 2439/162/1001
f 2435/154/1002 2443/139/996 2446/138/996 2437/155/1002
f 2460/163/1003 2459/164/1003 2465/165/1003 2466/166/1003
f 2461/167/1004 2459/168/1004 2460/39/1004 2462/40/1004
f 2464/169/1005 2463/170/1006 2461/171/1006 2462/172/1005
f 2465/45/4 2463/46/4 2464/47/4 2466/48/4
f 2460/163/1007 2466/166/1007 2464/169/1007 2462/172/1007
f 2467/173/1008 2468/174/1008 2470/175/1008 2469/176/1008
f 2467/53/4 2463/46/4 2465/45/4 2468/54/4
f 2467/177/1006 2469/178/1006 2461/171/1006 2463/170/1006
f 2470/57/1009 2459/168/1009 2461/167/1009 2469/58/1009
f 2468/174/1003 2465/165/1003 2459/164/1003 2470/175/1003
f 2450/179/1003 2458/180/1003 2455/181/1003 2448/182/1003
f 2457/37/1010 2458/38/1010 2450/39/1010 2452/40/1010
f 2454/183/1006 2456/184/1000 2457/185/1000 2452/186/1006
f 2455/45/4 2456/46/4 2454/47/4 2448/48/4
f 2450/179/1011 2448/182/1011 2454/183/1011 2452/186/1011
f 2453/187/1012 2447/188/1012 2449/189/1012 2451/190/1012
f 2453/53/4 2456/46/4 2455/45/4 2447/54/4
f 2453/191/1000 2451/192/1000 2457/185/1000 2456/184/1000
f 2449/57/1013 2458/38/1013 2457/37/1013 2451/58/1013
f 2447/188/1003 2455/181/1003 2458/180/1003 2449/189/1003
f 2474/193/976 2482/194/976 2479/195/976 2472/196/976
f 2481/197/1014 2482/198/1014 2474/199/1014 2476/200/1014
f 2478/201/985 2480/202/985 2481/203/985 2476/204/985
f 2479/205/4 2480/206/4 2478/207/4 2472/208/4
f 2474/193/1015 2472/196/1015 2478/201/1015 2476/204/1015
f 2477/209/1016 2471/210/1016 2473/211/1016 2475/212/1016
f 2477/213/4 2480/206/4 2479/205/4 2471/214/4
f 2477/215/985 2475/216/985 2481/203/985 2480/202/985
f 2473/217/1017 2482/198/1017 2481/197/1017 2475/218/1017
f 2471/210/976 2479/195/976 2482/194/976 2473/211/976
f 2488/219/989 2487/220/989 2489/221/989 2490/222/989
f 2486/223/1018 2485/224/1018 2487/225/1018 2488/226/1018
f 2485/227/982 2483/228/982 2489/229/982 2487/230/982
f 2483/228/1019 2484/231/1019 2490/232/1019 2489/229/1019
f 2484/231/978 2486/223/978 2488/226/978 2490/232/978
f 2484/219/990 2483/233/990 2485/221/990 2486/222/990
f 2494/234/983 2502/235/975 2499/236/975 2492/237/983
f 2501/238/1020 2502/239/1020 2494/240/1020 2496/241/1020
f 2498/242/966 2500/243/960 2501/244/960 2496/245/966
f 2499/246/4 2500/247/4 2498/248/4 2492/249/4
f 2494/234/1021 2492/237/1021 2498/242/1021 2496/245/1021
f 2497/250/1022 2491/251/1022 2493/252/1022 2495/253/1022
f 2497/254/4 2500/247/4 2499/246/4 2491/255/4
f 2497/256/960 2495/257/960 2501/244/960 2500/243/960
f 2493/258/1023 2502/239/1023 2501/238/1023 2495/259/1023
f 2491/251/975 2499/236/975 2502/235/975 2493/252/975
f 2514/1/1024 2511/2/1024 2504/3/1024 2506/4/1024
f 2513/5/1025 2516/6/1025 2508/7/1025
f 2512/8/1026 2513/5/1026 2508/7/1026 2510/9/1026
f 2518/10/4 2519/11/4 2512/12/4 2510/13/4
f 2517/14/889 2518/15/889 2510/9/889 2508/7/889
f 2509/16/890 2520/17/890 2515/18/890 2507/19/890
f 2509/20/4 2512/12/4 2519/11/4 2520/21/4
f 2507/22/1026 2513/5/1026 2512/8/1026 2509/23/1026
f 2507/22/1027 2516/6/1025 2513/5/1025
f 2503/24/1024 2511/2/1024 2514/1/1024 2505/25/1024
f 2505/26/1028 2516/27/894 2515/18/894
f 2517/14/892 2516/28/892 2506/4/892
f 2504/3/1005 2518/15/889 2517/14/889 2506/4/1005
f 2511/29/4 2519/11/4 2518/10/4 2504/30/4
f 2520/21/4 2519/11/4 2511/29/4 2503/31/4
f 2515/18/890 2520/17/890 2503/24/1003 2505/25/1003
f 2505/25/1029 2514/1/1029 2516/32/1029
f 2508/7/892 2516/28/892 2517/14/892
f 2515/18/894 2516/27/894 2507/19/894
f 2506/4/1029 2516/32/1029 2514/1/1029
f 2532/1/1030 2529/2/1030 2522/3/1030 2524/4/1030
f 2531/5/1031 2534/6/1031 2526/7/1031
f 2530/8/1032 2531/5/1032 2526/7/1032 2528/9/1032
f 2536/10/4 2537/11/4 2530/12/4 2528/13/4
f 2535/14/1033 2536/15/1033 2528/9/1033 2526/7/1033
f 2527/16/1034 2538/17/1034 2533/18/1034 2525/19/1034
f 2527/20/4 2530/12/4 2537/11/4 2538/21/4
f 2525/22/1035 2531/5/1032 2530/8/1032 2527/23/1035
f 2525/22/1031 2534/6/1031 2531/5/1031
f 2521/24/1030 2529/2/1030 2532/1/1030 2523/25/1030
f 2523/26/1036 2534/27/1037 2533/18/1037
f 2535/14/1038 2534/28/1038 2524/4/1038
f 2522/3/1033 2536/15/1033 2535/14/1033 2524/4/1033
f 2529/29/4 2537/11/4 2536/10/4 2522/30/4
f 2538/21/4 2537/11/4 2529/29/4 2521/31/4
f 2533/18/1034 2538/17/1034 2521/24/1039 2523/25/1039
f 2523/25/1040 2532/1/1040 2534/32/1040
f 2526/7/1041 2534/28/1038 2535/14/1038
f 2533/18/1037 2534/27/1037 2525/19/1037
f 2524/4/1042 2534/32/1040 2532/1/1040
f 2542/33/1043 2550/34/1043 2547/35/1043 2540/36/1043
f 2549/37/1044 2550/38/1044 2542/39/1044 2544/40/1044
f 2546/41/1045 2548/42/1046 2549/43/1046 2544/44/1045
f 2547/45/4 2548/46/4 2546/47/4 2540/48/4
f 2542/33/1047 2540/36/1047 2546/41/1047 2544/44/1047
f 2545/49/1048 2539/50/1048 2541/51/1048 2543/52/1048
f 2545/53/4 2548/46/4 2547/45/4 2539/54/4
f 2545/55/1046 2543/56/1046 2549/43/1046 2548/42/1046
f 2541/57/1049 2550/38/1049 2549/37/1049 2543/58/1049
f 2539/50/1043 2547/35/1043 2550/34/1043 2541/51/1043
f 2554/59/1050 2562/60/1050 2559/61/1050 2552/62/1050
f 2561/37/1051 2562/38/1051 2554/39/1051 2556/40/1051
f 2558/63/1052 2560/64/1052 2561/65/1052 2556/66/1052
f 2559/45/4 2560/46/4 2558/47/4 2552/48/4
f 2554/59/1053 2552/62/1053 2558/63/1053 2556/66/1053
f 2557/67/1054 2551/68/1054 2553/69/1054 2555/70/1054
f 2557/53/4 2560/46/4 2559/45/4 2551/54/4
f 2557/71/1052 2555/72/1052 2561/65/1052 2560/64/1052
f 2553/57/1055 2562/38/1055 2561/37/1055 2555/58/1055
f 2551/68/1050 2559/61/1050 2562/60/1050 2553/69/1050
f 2566/73/1056 2574/74/1056 2571/75/1056 2564/76/1056
f 2573/37/1057 2574/38/1057 2566/39/1057 2568/40/1057
f 2570/77/1045 2572/78/1045 2573/79/1045 2568/80/1045
f 2571/45/4 2572/46/4 2570/47/4 2564/48/4
f 2566/73/1058 2564/76/1058 2570/77/1058 2568/80/1058
f 2569/81/1059 2563/82/1059 2565/83/1059 2567/84/1059
f 2569/53/4 2572/46/4 2571/45/4 2563/54/4
f 2569/85/1052 2567/86/1052 2573/79/1045 2572/78/1045
f 2565/57/1060 2574/38/1060 2573/37/1060 2567/58/1060
f 2563/82/1056 2571/75/1056 2574/74/1056 2565/83/1056
f 2580/87/1061 2579/88/1061 2581/89/1061 2582/90/1061
f 2578/91/4 2577/92/4 2579/93/4 2580/94/4
f 2577/95/1050 2575/96/1050 2581/97/1050 2579/98/1050
f 2575/96/30 2576/99/30 2582/100/30 2581/97/30
f 2576/99/1062 2578/91/1062 2580/94/1062 2582/100/1062
f 2576/87/1063 2575/88/1063 2577/89/1063 2578/90/1063
f 2588/87/1061 2587/88/1061 2589/89/1061 2590/90/1061
f 2586/101/4 2585/102/4 2587/103/4 2588/104/4
f 2585/105/1050 2583/106/1050 2589/107/1050 2587/108/1050
f 2583/106/30 2584/109/30 2590/110/30 2589/107/30
f 2584/109/1062 2586/101/1062 2588/104/1062 2590/110/1062
f 2584/87/1063 2583/88/1063 2585/89/1063 2586/90/1063
f 2594/111/1050 2602/112/1050 2599/113/1050 2592/114/1050
f 2601/115/1064 2602/116/1064 2594/117/1064 2596/118/1064
f 2598/119/1062 2600/120/1062 2601/121/1062 2596/122/1062
f 2599/123/4 2600/124/4 2598/125/4 2592/126/4
f 2594/111/1065 2592/114/1065 2598/119/1065 2596/122/1065
f 2597/127/1066 2591/128/1066 2593/129/1066 2595/130/1066
f 2597/131/4 2600/124/4 2599/123/4 2591/132/4
f 2597/133/1062 2595/134/1062 2601/121/1062 2600/120/1062
f 2593/135/1067 2602/116/1067 2601/115/1067 2595/136/1067
f 2591/128/1050 2599/113/1050 2602/112/1050 2593/129/1050
f 2606/137/1068 2614/138/1068 2611/139/1068 2604/140/1068
f 2613/141/1069 2614/142/1069 2606/143/1069 2608/144/1069
f 2610/145/1070 2612/146/1070 2613/147/1070 2608/148/1070
f 2611/149/4 2612/150/4 2610/151/4 2604/152/4
f 2606/137/1071 2604/140/1071 2610/145/1071 2608/148/1071
f 2609/153/1072 2603/154/1072 2605/155/1072 2607/156/1072
f 2609/157/4 2612/150/4 2611/149/4 2603/158/4
f 2609/159/1070 2607/160/1070 2613/147/1070 2612/146/1070
f 2605/161/1073 2614/142/1073 2613/141/1073 2607/162/1073
f 2603/154/1068 2611/139/1068 2614/138/1068 2605/155/1068
f 2628/163/961 2627/164/961 2633/165/961 2634/166/961
f 2629/167/1074 2627/168/1074 2628/39/1074 2630/40/1074
f 2632/169/1075 2631/170/1075 2629/171/1075 2630/172/1075
f 2633/45/4 2631/46/4 2632/47/4 2634/48/4
f 2628/163/1076 2634/166/1076 2632/169/1076 2630/172/1076
f 2635/173/1077 2636/174/1077 2638/175/1077 2637/176/1077
f 2635/53/4 2631/46/4 2633/45/4 2636/54/4
f 2635/177/1078 2637/178/1078 2629/171/1075 2631/170/1075
f 2638/57/1079 2627/168/1079 2629/167/1079 2637/58/1079
f 2636/174/961 2633/165/961 2627/164/961 2638/175/961
f 2618/179/1068 2626/180/1068 2623/181/1068 2616/182/1068
f 2625/37/1080 2626/38/1080 2618/39/1080 2620/40/1080
f 2622/183/1078 2624/184/1078 2625/185/1078 2620/186/1078
f 2623/45/4 2624/46/4 2622/47/4 2616/48/4
f 2618/179/1081 2616/182/1081 2622/183/1081 2620/186/1081
f 2621/187/1082 2615/188/1082 2617/189/1082 2619/190/1082
f 2621/53/4 2624/46/4 2623/45/4 2615/54/4
f 2621/191/1075 2619/192/1075 2625/185/1078 2624/184/1078
f 2617/57/1083 2626/38/1083 2625/37/1083 2619/58/1083
f 2615/188/1068 2623/181/1068 2626/180/1068 2617/189/1068
f 2642/193/1056 2650/194/1056 2647/195/1056 2640/196/1056
f 2649/197/1084 2650/198/1084 2642/199/1084 2644/200/1084
f 2646/201/1033 2648/202/1052 2649/203/1052 2644/204/1033
f 2647/205/4 2648/206/4 2646/207/4 2640/208/4
f 2642/193/1085 2640/196/1085 2646/201/1085 2644/204/1085
f 2645/209/1086 2639/210/1086 2641/211/1086 2643/212/1086
f 2645/213/4 2648/206/4 2647/205/4 2639/214/4
f 2645/215/1052 2643/216/1052 2649/203/1052 2648/202/1052
f 2641/217/1087 2650/198/1087 2649/197/1087 2643/218/1087
f 2639/210/1088 2647/195/1056 2650/194/1056 2641/211/1088
f 2656/219/1061 2655/220/1061 2657/221/1061 2658/222/1061
f 2654/223/1089 2653/224/1089 2655/225/1089 2656/226/1089
f 2653/227/1050 2651/228/1050 2657/229/1050 2655/230/1050
f 2651/228/1090 2652/231/1090 2658/232/1090 2657/229/1090
f 2652/231/1062 2654/223/1062 2656/226/1062 2658/232/1062
f 2652/219/1091 2651/233/1091 2653/221/1091 2654/222/1091
f 2662/234/1043 2670/235/1092 2667/236/1092 2660/237/1043
f 2669/238/1093 2670/239/1093 2662/240/1093 2664/241/1093
f 2666/242/1045 2668/243/1045 2669/244/1045 2664/245/1045
f 2667/246/4 2668/247/4 2666/248/4 2660/249/4
f 2662/234/1094 2660/237/1094 2666/242/1094 2664/245/1094
f 2665/250/1095 2659/251/1095 2661/252/1095 2663/253/1095
f 2665/254/4 2668/247/4 2667/246/4 2659/255/4
f 2665/256/1045 2663/257/1045 2669/244/1045 2668/243/1045
f 2661/258/1096 2670/239/1096 2669/238/1096 2663/259/1096
f 2659/251/1092 2667/236/1092 2670/235/1092 2661/252/1092
f 2682/1/1097 2679/2/1097 2672/3/1097 2674/4/1097
f 2681/5/1098 2684/6/1098 2676/7/1099
f 2680/8/1100 2681/5/1100 2676/7/1100 2678/9/1100
f 2686/10/4 2687/11/4 2680/12/4 2678/13/4
f 2685/14/960 2686/15/960 2678/9/960 2676/7/960
f 2677/16/961 2688/17/961 2683/18/961 2675/19/961
f 2677/20/4 2680/12/4 2687/11/4 2688/21/4
f 2675/22/1101 2681/5/1100 2680/8/1100 2677/23/1101
f 2675/22/1098 2684/6/1098 2681/5/1098
f 2671/24/1097 2679/2/1097 2682/1/1097 2673/25/1097
f 2673/26/963 2684/27/963 2683/18/963
f 2685/14/1102 2684/28/1102 2674/4/968
f 2672/3/960 2686/15/960 2685/14/960 2674/4/960
f 2679/29/4 2687/11/4 2686/10/4 2672/30/4
f 2688/21/4 2687/11/4 2679/29/4 2671/31/4
f 2683/18/961 2688/17/961 2671/24/1068 2673/25/1068
f 2673/25/1103 2682/1/1103 2684/32/1103
f 2676/7/1102 2684/28/1102 2685/14/1102
f 2683/18/963 2684/27/963 2675/19/963
f 2674/4/1103 2684/32/1103 2682/1/1103
f 2700/1/1104 2697/2/1104 2690/3/1105 2692/4/1105
f 2699/5/1106 2702/6/1106 2694/7/1106
f 2698/8/1107 2699/5/1107 2694/7/1107 2696/9/1107
f 2704/10/4 2705/11/4 2698/12/4 2696/13/4
f 2703/14/1108 2704/15/1108 2696/9/1108 2694/7/1108
f 2695/16/1109 2706/17/1109 2701/18/1109 2693/19/1109
f 2695/20/4 2698/12/4 2705/11/4 2706/21/4
f 2693/22/1107 2699/5/1107 2698/8/1107 2695/23/1107
f 2693/22/1106 2702/6/1106 2699/5/1106
f 2689/24/1110 2697/2/1104 2700/1/1104 2691/25/1110
f 2691/26/1111 2702/27/1111 2701/18/1111
f 2703/14/1112 2702/28/1112 2692/4/1112
f 2690/3/1108 2704/15/1108 2703/14/1108 2692/4/1108
f 2697/29/4 2705/11/4 2704/10/4 2690/30/4
f 2706/21/4 2705/11/4 2697/29/4 2689/31/4
f 2701/18/1109 2706/17/1109 2689/24/1109 2691/25/1109
f 2691/25/1113 2700/1/1113 2702/32/1113
f 2694/7/1112 2702/28/1112 2703/14/1112
f 2701/18/1111 2702/27/1111 2693/19/1111
f 2692/4/1113 2702/32/1113 2700/1/1113
f 2710/33/1114 2718/34/1114 2715/35/1114 2708/36/1114
f 2717/37/1115 2718/38/1115 2710/39/1115 2712/40/1115
f 2714/41/1116 2716/42/1117 2717/43/1117 2712/44/1116
f 2715/45/4 2716/46/4 2714/47/4 2708/48/4
f 2710/33/1118 2708/36/1118 2714/41/1118 2712/44/1118
f 2713/49/1119 2707/50/1119 2709/51/1119 2711/52/1119
f 2713/53/4 2716/46/4 2715/45/4 2707/54/4
f 2713/55/1117 2711/56/1117 2717/43/1117 2716/42/1117
f 2709/57/1120 2718/38/1120 2717/37/1120 2711/58/1120
f 2707/50/1109 2715/35/1114 2718/34/1114 2709/51/1109
f 2722/59/1121 2730/60/1122 2727/61/1122 2720/62/1121
f 2729/37/1123 2730/38/1123 2722/39/1123 2724/40/1123
f 2726/63/1124 2728/64/1125 2729/65/1125 2724/66/1124
f 2727/45/4 2728/46/4 2726/47/4 2720/48/4
f 2722/59/1126 2720/62/1126 2726/63/1126 2724/66/1126
f 2725/67/1127 2719/68/1127 2721/69/1127 2723/70/1127
f 2725/53/4 2728/46/4 2727/45/4 2719/54/4
f 2725/71/1125 2723/72/1125 2729/65/1125 2728/64/1125
f 2721/57/1128 2730/38/1128 2729/37/1128 2723/58/1128
f 2719/68/1122 2727/61/1122 2730/60/1122 2721/69/1122
f 2734/73/1129 2742/74/1121 2739/75/1121 2732/76/1129
f 2741/37/1130 2742/38/1130 2734/39/1130 2736/40/1130
f 2738/77/1116 2740/78/1116 2741/79/1116 2736/80/1116
f 2739/45/4 2740/46/4 2738/47/4 2732/48/4
f 2734/73/1131 2732/76/1131 2738/77/1131 2736/80/1131
f 2737/81/1132 2731/82/1132 2733/83/1132 2735/84/1132
f 2737/53/4 2740/46/4 2739/45/4 2731/54/4
f 2737/85/1124 2735/86/1124 2741/79/1116 2740/78/1116
f 2733/57/1133 2742/38/1133 2741/37/1133 2735/58/1133
f 2731/82/1121 2739/75/1121 2742/74/1121 2733/83/1121
f 2748/87/1134 2747/88/1134 2749/89/1134 2750/90/1134
f 2746/91/4 2745/92/4 2747/93/4 2748/94/4
f 2745/95/1121 2743/96/1121 2749/97/1121 2747/98/1121
f 2743/96/30 2744/99/30 2750/100/30 2749/97/30
f 2744/99/1124 2746/91/1124 2748/94/1124 2750/100/1124
f 2744/87/1135 2743/88/1135 2745/89/1135 2746/90/1135
f 2756/87/1134 2755/88/1134 2757/89/1134 2758/90/1134
f 2754/101/4 2753/102/4 2755/103/4 2756/104/4
f 2753/105/1121 2751/106/1121 2757/107/1121 2755/108/1121
f 2751/106/30 2752/109/30 2758/110/30 2757/107/30
f 2752/109/1124 2754/101/1124 2756/104/1124 2758/110/1124
f 2752/87/1135 2751/88/1135 2753/89/1135 2754/90/1135
f 2762/111/1121 2770/112/1122 2767/113/1122 2760/114/1121
f 2769/115/1136 2770/116/1136 2762/117/1136 2764/118/1136
f 2766/119/1125 2768/120/1125 2769/121/1125 2764/122/1125
f 2767/123/4 2768/124/4 2766/125/4 2760/126/4
f 2762/111/1137 2760/114/1137 2766/119/1137 2764/122/1137
f 2765/127/1138 2759/128/1138 2761/129/1138 2763/130/1138
f 2765/131/4 2768/124/4 2767/123/4 2759/132/4
f 2765/133/1139 2763/134/1139 2769/121/1125 2768/120/1125
f 2761/135/1140 2770/116/1140 2769/115/1140 2763/136/1140
f 2759/128/1141 2767/113/1122 2770/112/1122 2761/129/1141
f 2774/137/1122 2782/138/1122 2779/139/1122 2772/140/1122
f 2781/141/1142 2782/142/1142 2774/143/1142 2776/144/1142
f 2778/145/1139 2780/146/1139 2781/147/1139 2776/148/1139
f 2779/149/4 2780/150/4 2778/151/4 2772/152/4
f 2774/137/1143 2772/140/1143 2778/145/1143 2776/148/1143
f 2777/153/1144 2771/154/1144 2773/155/1144 2775/156/1144
f 2777/157/4 2780/150/4 2779/149/4 2771/158/4
f 2777/159/1139 2775/160/1139 2781/147/1139 2780/146/1139
f 2773/161/1145 2782/142/1145 2781/141/1145 2775/162/1145
f 2771/154/1146 2779/139/1122 2782/138/1122 2773/155/1146
f 2796/163/1147 2795/164/1146 2801/165/1146 2802/166/1147
f 2797/167/1148 2795/168/1148 2796/39/1148 2798/40/1148
f 2800/169/1149 2799/170/1149 2797/171/1149 2798/172/1149
f 2801/45/4 2799/46/4 2800/47/4 2802/48/4
f 2796/163/1150 2802/166/1150 2800/169/1150 2798/172/1150
f 2803/173/1151 2804/174/1151 2806/175/1151 2805/176/1151
f 2803/53/4 2799/46/4 2801/45/4 2804/54/4
f 2803/177/1149 2805/178/1149 2797/171/1149 2799/170/1149
f 2806/57/1152 2795/168/1152 2797/167/1152 2805/58/1152
f 2804/174/1146 2801/165/1146 2795/164/1146 2806/175/1146
f 2786/179/1146 2794/180/1146 2791/181/1146 2784/182/1146
f 2793/37/1153 2794/38/1153 2786/39/1153 2788/40/1153
f 2790/183/1139 2792/184/1149 2793/185/1149 2788/186/1139
f 2791/45/4 2792/46/4 2790/47/4 2784/48/4
f 2786/179/1154 2784/182/1154 2790/183/1154 2788/186/1154
f 2789/187/1155 2783/188/1155 2785/189/1155 2787/190/1155
f 2789/53/4 2792/46/4 2791/45/4 2783/54/4
f 2789/191/1149 2787/192/1149 2793/185/1149 2792/184/1149
f 2785/57/1156 2794/38/1156 2793/37/1156 2787/58/1156
f 2783/188/1146 2791/181/1146 2794/180/1146 2785/189/1146
f 2810/193/1121 2818/194/1121 2815/195/1121 2808/196/1121
f 2817/197/1157 2818/198/1157 2810/199/1157 2812/200/1157
f 2814/201/1124 2816/202/1116 2817/203/1116 2812/204/1124
f 2815/205/4 2816/206/4 2814/207/4 2808/208/4
f 2810/193/1158 2808/196/1158 2814/201/1158 2812/204/1158
f 2813/209/1159 2807/210/1159 2809/211/1159 2811/212/1159
f 2813/213/4 2816/206/4 2815/205/4 2807/214/4
f 2813/215/1116 2811/216/1116 2817/203/1116 2816/202/1116
f 2809/217/1160 2818/198/1160 2817/197/1160 2811/218/1160
f 2807/210/1121 2815/195/1121 2818/194/1121 2809/211/1121
f 2824/219/1161 2823/220/1161 2825/221/1161 2826/222/1161
f 2822/223/1162 2821/224/1162 2823/225/1162 2824/226/1162
f 2821/227/1121 2819/228/1121 2825/229/1121 2823/230/1121
f 2819/228/1163 2820/231/1163 2826/232/1163 2825/229/1163
f 2820/231/1124 2822/223/1124 2824/226/1124 2826/232/1124
f 2820/219/1164 2819/233/1164 2821/221/1164 2822/222/1164
f 2830/234/1109 2838/235/1109 2835/236/1109 2828/237/1109
f 2837/238/1165 2838/239/1165 2830/240/1165 2832/241/1165
f 2834/242/1117 2836/243/1117 2837/244/1117 2832/245/1117
f 2835/246/4 2836/247/4 2834/248/4 2828/249/4
f 2830/234/1166 2828/237/1166 2834/242/1166 2832/245/1166
f 2833/250/1167 2827/251/1167 2829/252/1167 2831/253/1167
f 2833/254/4 2836/247/4 2835/246/4 2827/255/4
f 2833/256/1116 2831/257/1116 2837/244/1117 2836/243/1117
f 2829/258/1168 2838/239/1168 2837/238/1168 2831/259/1168
f 2827/251/1109 2835/236/1109 2838/235/1109 2829/252/1109
f 2850/1/1169 2847/2/1169 2840/3/1169 2842/4/1169
f 2849/5/1170 2852/6/1170 2844/7/1170
f 2848/8/1171 2849/5/1171 2844/7/1171 2846/9/1171
f 2854/10/4 2855/11/4 2848/12/4 2846/13/4
f 2853/14/1172 2854/15/1172 2846/9/1033 2844/7/1033
f 2845/16/1034 2856/17/1173 2851/18/1173 2843/19/1034
f 2845/20/4 2848/12/4 2855/11/4 2856/21/4
f 2843/22/1171 2849/5/1171 2848/8/1171 2845/23/1171
f 2843/22/1170 2852/6/1170 2849/5/1170
f 2839/24/1169 2847/2/1169 2850/1/1169 2841/25/1169
f 2841/26/1174 2852/27/1175 2851/18/1176
f 2853/14/1177 2852/28/1178 2842/4/1179
f 2840/3/1180 2854/15/1172 2853/14/1172 2842/4/1180
f 2847/29/4 2855/11/4 2854/10/4 2840/30/4
f 2856/21/4 2855/11/4 2847/29/4 2839/31/4
f 2851/18/1173 2856/17/1173 2839/24/1181 2841/25/1181
f 2841/25/1182 2850/1/1183 2852/32/1183
f 2844/7/1184 2852/28/1178 2853/14/1177
f 2851/18/1176 2852/27/1175 2843/19/1185
f 2842/4/1183 2852/32/1183 2850/1/1183
f 2868/1/1186 2865/2/1186 2858/3/1186 2860/4/1186
f 2867/5/1187 2870/6/1187 2862/7/1187
f 2866/8/1188 2867/5/1188 2862/7/1188 2864/9/1188
f 2872/10/4 2873/11/4 2866/12/4 2864/13/4
f 2871/14/1189 2872/15/1189 2864/9/1189 2862/7/1189
f 2863/16/1190 2874/17/1190 2869/18/1190 2861/19/1190
f 2863/20/4 2866/12/4 2873/11/4 2874/21/4
f 2861/22/1188 2867/5/1188 2866/8/1188 2863/23/1188
f 2861/22/1187 2870/6/1187 2867/5/1187
f 2857/24/1191 2865/2/1186 2868/1/1186 2859/25/1191
f 2859/26/1192 2870/27/1192 2869/18/1192
f 2871/14/1193 2870/28/1193 2860/4/1194
f 2858/3/1189 2872/15/1189 2871/14/1189 2860/4/1189
f 2865/29/4 2873/11/4 2872/10/4 2858/30/4
f 2874/21/4 2873/11/4 2865/29/4 2857/31/4
f 2869/18/1190 2874/17/1190 2857/24/1195 2859/25/1195
f 2859/25/1196 2868/1/1196 2870/32/1196
f 2862/7/1193 2870/28/1193 2871/14/1193
f 2869/18/1192 2870/27/1192 2861/19/1197
f 2860/4/1198 2870/32/1196 2868/1/1196
f 2878/33/1190 2886/34/1190 2883/35/1190 2876/36/1190
f 2885/37/1199 2886/38/1199 2878/39/1199 2880/40/1199
f 2882/41/1189 2884/42/1200 2885/43/1200 2880/44/1189
f 2883/45/4 2884/46/4 2882/47/4 2876/48/4
f 2878/33/1201 2876/36/1201 2882/41/1201 2880/44/1201
f 2881/49/1202 2875/50/1202 2877/51/1202 2879/52/1202
f 2881/53/4 2884/46/4 2883/45/4 2875/54/4
f 2881/55/1200 2879/56/1200 2885/43/1200 2884/42/1200
f 2877/57/1203 2886/38/1203 2885/37/1203 2879/58/1203
f 2875/50/1190 2883/35/1190 2886/34/1190 2877/51/1190
f 2890/59/1204 2898/60/1204 2895/61/1204 2888/62/1204
f 2897/37/1205 2898/38/1205 2890/39/1205 2892/40/1205
f 2894/63/1206 2896/64/1206 2897/65/1206 2892/66/1206
f 2895/45/4 2896/46/4 2894/47/4 2888/48/4
f 2890/59/1207 2888/62/1207 2894/63/1207 2892/66/1207
f 2893/67/1208 2887/68/1208 2889/69/1208 2891/70/1208
f 2893/53/4 2896/46/4 2895/45/4 2887/54/4
f 2893/71/1206 2891/72/1206 2897/65/1206 2896/64/1206
f 2889/57/1209 2898/38/1209 2897/37/1209 2891/58/1209
f 2887/68/1210 2895/61/1204 2898/60/1204 2889/69/1210
f 2902/73/1210 2910/74/1210 2907/75/1210 2900/76/1210
f 2909/37/1211 2910/38/1211 2902/39/1211 2904/40/1211
f 2906/77/1206 2908/78/1206 2909/79/1206 2904/80/1206
f 2907/45/4 2908/46/4 2906/47/4 2900/48/4
f 2902/73/1212 2900/76/1212 2906/77/1212 2904/80/1212
f 2905/81/1213 2899/82/1213 2901/83/1213 2903/84/1213
f 2905/53/4 2908/46/4 2907/45/4 2899/54/4
f 2905/85/1200 2903/86/1200 2909/79/1206 2908/78/1206
f 2901/57/1214 2910/38/1214 2909/37/1214 2903/58/1214
f 2899/82/1210 2907/75/1210 2910/74/1210 2901/83/1210
f 2916/87/1215 2915/88/1215 2917/89/1215 2918/90/1215
f 2914/91/4 2913/92/4 2915/93/4 2916/94/4
f 2913/95/1210 2911/96/1210 2917/97/1210 2915/98/1210
f 2911/96/30 2912/99/30 2918/100/30 2917/97/30
f 2912/99/1206 2914/91/1206 2916/94/1206 2918/100/1206
f 2912/87/1216 2911/88/1216 2913/89/1216 2914/90/1216
f 2924/87/1215 2923/88/1215 2925/89/1215 2926/90/1215
f 2922/101/4 2921/102/4 2923/103/4 2924/104/4
f 2921/105/1210 2919/106/1210 2925/107/1210 2923/108/1210
f 2919/106/30 2920/109/30 2926/110/30 2925/107/30
f 2920/109/1206 2922/101/1206 2924/104/1206 2926/110/1206
f 2920/87/1216 2919/88/1216 2921/89/1216 2922/90/1216
f 2930/111/1210 2938/112/1204 2935/113/1204 2928/114/1210
f 2937/115/1217 2938/116/1217 2930/117/1217 2932/118/1217
f 2934/119/1206 2936/120/1218 2937/121/1218 2932/122/1206
f 2935/123/4 2936/124/4 2934/125/4 2928/126/4
f 2930/111/1219 2928/114/1219 2934/119/1219 2932/122/1219
f 2933/127/1220 2927/128/1220 2929/129/1220 2931/130/1220
f 2933/131/4 2936/124/4 2935/123/4 2927/132/4
f 2933/133/1218 2931/134/1218 2937/121/1218 2936/120/1218
f 2929/135/1221 2938/116/1221 2937/115/1221 2931/136/1221
f 2927/128/1222 2935/113/1204 2938/112/1204 2929/129/1222
f 2942/137/1222 2950/138/1222 2947/139/1222 2940/140/1222
f 2949/141/1223 2950/142/1223 2942/143/1223 2944/144/1223
f 2946/145/1108 2948/146/1224 2949/147/1224 2944/148/1108
f 2947/149/4 2948/150/4 2946/151/4 2940/152/4
f 2942/137/1225 2940/140/1225 2946/145/1225 2944/148/1225
f 2945/153/1226 2939/154/1226 2941/155/1226 2943/156/1226
f 2945/157/4 2948/150/4 2947/149/4 2939/158/4
f 2945/159/1224 2943/160/1224 2949/147/1224 2948/146/1224
f 2941/161/1227 2950/142/1227 2949/141/1227 2943/162/1227
f 2939/154/1222 2947/139/1222 2950/138/1222 2941/155/1222
f 2964/163/1222 2963/164/1222 2969/165/1222 2970/166/1222
f 2965/167/1228 2963/168/1228 2964/39/1228 2966/40/1228
f 2968/169/1108 2967/170/1108 2965/171/1108 2966/172/1108
f 2969/45/4 2967/46/4 2968/47/4 2970/48/4
f 2964/163/1229 2970/166/1229 2968/169/1229 2966/172/1229
f 2971/173/1230 2972/174/1230 2974/175/1230 2973/176/1230
f 2971/53/4 2967/46/4 2969/45/4 2972/54/4
f 2971/177/1108 2973/178/1108 2965/171/1108 2967/170/1108
f 2974/57/1231 2963/168/1231 2965/167/1231 2973/58/1231
f 2972/174/1232 2969/165/1222 2963/164/1222 2974/175/1232
f 2954/179/1222 2962/180/1222 2959/181/1222 2952/182/1222
f 2961/37/1233 2962/38/1233 2954/39/1233 2956/40/1233
f 2958/183/1108 2960/184/1108 2961/185/1108 2956/186/1108
f 2959/45/4 2960/46/4 2958/47/4 2952/48/4
f 2954/179/1234 2952/182/1234 2958/183/1234 2956/186/1234
f 2957/187/1235 2951/188/1235 2953/189/1235 2955/190/1235
f 2957/53/4 2960/46/4 2959/45/4 2951/54/4
f 2957/191/1108 2955/192/1108 2961/185/1108 2960/184/1108
f 2953/57/1236 2962/38/1236 2961/37/1236 2955/58/1236
f 2951/188/1222 2959/181/1222 2962/180/1222 2953/189/1222
f 2978/193/1210 2986/194/1210 2983/195/1210 2976/196/1210
f 2985/197/1237 2986/198/1237 2978/199/1237 2980/200/1237
f 2982/201/1206 2984/202/1206 2985/203/1206 2980/204/1206
f 2983/205/4 2984/206/4 2982/207/4 2976/208/4
f 2978/193/1238 2976/196/1238 2982/201/1238 2980/204/1238
f 2981/209/1239 2975/210/1239 2977/211/1239 2979/212/1239
f 2981/213/4 2984/206/4 2983/205/4 2975/214/4
f 2981/215/1206 2979/216/1206 2985/203/1206 2984/202/1206
f 2977/217/1240 2986/198/1240 2985/197/1240 2979/218/1240
f 2975/210/1210 2983/195/1210 2986/194/1210 2977/211/1210
f 2992/219/1241 2991/220/1241 2993/221/1241 2994/222/1241
f 2990/223/1242 2989/224/1242 2991/225/1242 2992/226/1242
f 2989/227/1210 2987/228/1210 2993/229/1210 2991/230/1210
f 2987/228/1243 2988/231/1243 2994/232/1243 2993/229/1243
f 2988/231/1206 2990/223/1206 2992/226/1206 2994/232/1206
f 2988/219/1216 2987/233/1216 2989/221/1216 2990/222/1216
f 2998/234/1190 3006/235/1190 3003/236/1190 2996/237/1190
f 3005/238/1244 3006/239/1244 2998/240/1244 3000/241/1244
f 3002/242/1245 3004/243/1245 3005/244/1245 3000/245/1245
f 3003/246/4 3004/247/4 3002/248/4 2996/249/4
f 2998/234/1246 2996/237/1246 3002/242/1246 3000/245/1246
f 3001/250/1247 2995/251/1247 2997/252/1247 2999/253/1247
f 3001/254/4 3004/247/4 3003/246/4 2995/255/4
f 3001/256/1245 2999/257/1245 3005/244/1245 3004/243/1245
f 2997/258/1248 3006/239/1248 3005/238/1248 2999/259/1248
f 2995/251/1249 3003/236/1190 3006/235/1190 2997/252/1249
f 3018/1/1250 3015/2/1250 3008/3/1250 3010/4/1250
f 3017/5/1251 3020/6/1251 3012/7/1251
f 3016/8/1252 3017/5/1252 3012/7/1253 3014/9/1253
f 3022/10/4 3023/11/4 3016/12/4 3014/13/4
f 3021/14/1224 3022/15/1224 3014/9/1224 3012/7/1224
f 3013/16/1109 3024/17/1109 3019/18/1109 3011/19/1109
f 3013/20/4 3016/12/4 3023/11/4 3024/21/4
f 3011/22/1254 3017/5/1252 3016/8/1252 3013/23/1254
f 3011/22/1251 3020/6/1251 3017/5/1251
f 3007/24/1250 3015/2/1250 3018/1/1250 3009/25/1250
f 3009/26/1255 3020/27/1255 3019/18/1255
f 3021/14/1256 3020/28/1256 3010/4/1256
f 3008/3/1224 3022/15/1224 3021/14/1224 3010/4/1224
f 3015/29/4 3023/11/4 3022/10/4 3008/30/4
f 3024/21/4 3023/11/4 3015/29/4 3007/31/4
f 3019/18/1109 3024/17/1109 3007/24/1114 3009/25/1114
f 3009/25/1257 3018/1/1257 3020/32/1257
f 3012/7/1256 3020/28/1256 3021/14/1256
f 3019/18/1255 3020/27/1255 3011/19/1255
f 3010/4/1257 3020/32/1257 3018/1/1257
f 3036/1/1258 3033/2/1258 3026/3/1259 3028/4/1259
f 3035/5/1260 3038/6/1260 3030/7/1261
f 3034/8/1262 3035/5/1262 3030/7/1262 3032/9/1262
f 3040/10/4 3041/11/4 3034/12/4 3032/13/4
f 3039/14/1263 3040/15/1263 3032/9/1263 3030/7/1263
f 3031/16/1264 3042/17/1265 3037/18/1265 3029/19/1264
f 3031/20/4 3034/12/4 3041/11/4 3042/21/4
f 3029/22/1262 3035/5/1262 3034/8/1262 3031/23/1262
f 3029/22/1260 3038/6/1260 3035/5/1260
f 3025/24/1258 3033/2/1258 3036/1/1258 3027/25/1258
f 3027/26/1266 3038/27/1267 3037/18/1267
f 3039/14/1268 3038/28/1268 3028/4/1268
f 3026/3/1263 3040/15/1263 3039/14/1263 3028/4/1263
f 3033/29/4 3041/11/4 3040/10/4 3026/30/4
f 3042/21/4 3041/11/4 3033/29/4 3025/31/4
f 3037/18/1265 3042/17/1265 3025/24/1265 3027/25/1265
f 3027/25/1269 3036/1/1269 3038/32/1269
f 3030/7/1268 3038/28/1268 3039/14/1268
f 3037/18/1267 3038/27/1267 3029/19/1267
f 3028/4/1269 3038/32/1269 3036/1/1269
f 3046/33/1270 3054/34/1264 3051/35/1264 3044/36/1270
f 3053/37/1271 3054/38/1271 3046/39/1271 3048/40/1271
f 3050/41/1263 3052/42/1272 3053/43/1272 3048/44/1263
f 3051/45/4 3052/46/4 3050/47/4 3044/48/4
f 3046/33/1273 3044/36/1273 3050/41/1273 3048/44/1273
f 3049/49/1274 3043/50/1274 3045/51/1274 3047/52/1274
f 3049/53/4 3052/46/4 3051/45/4 3043/54/4
f 3049/55/1272 3047/56/1272 3053/43/1272 3052/42/1272
f 3045/57/1275 3054/38/1275 3053/37/1275 3047/58/1275
f 3043/50/1264 3051/35/1264 3054/34/1264 3045/51/1264
f 3058/59/1276 3066/60/1277 3063/61/1277 3056/62/1276
f 3065/37/1278 3066/38/1278 3058/39/1278 3060/40/1278
f 3062/63/1279 3064/64/1279 3065/65/1279 3060/66/1279
f 3063/45/4 3064/46/4 3062/47/4 3056/48/4
f 3058/59/1280 3056/62/1280 3062/63/1280 3060/66/1280
f 3061/67/1281 3055/68/1281 3057/69/1281 3059/70/1281
f 3061/53/4 3064/46/4 3063/45/4 3055/54/4
f 3061/71/1282 3059/72/1282 3065/65/1279 3064/64/1279
f 3057/57/1283 3066/38/1283 3065/37/1283 3059/58/1283
f 3055/68/1284 3063/61/1277 3066/60/1277 3057/69/1284
f 3070/73/1276 3078/74/1276 3075/75/1276 3068/76/1276
f 3077/37/1285 3078/38/1285 3070/39/1285 3072/40/1285
f 3074/77/1279 3076/78/1279 3077/79/1279 3072/80/1279
f 3075/45/4 3076/46/4 3074/47/4 3068/48/4
f 3070/73/1286 3068/76/1286 3074/77/1286 3072/80/1286
f 3073/81/1287 3067/82/1287 3069/83/1287 3071/84/1287
f 3073/53/4 3076/46/4 3075/45/4 3067/54/4
f 3073/85/1279 3071/86/1279 3077/79/1279 3076/78/1279
f 3069/57/1288 3078/38/1288 3077/37/1288 3071/58/1288
f 3067/82/1276 3075/75/1276 3078/74/1276 3069/83/1276
f 3084/87/1289 3083/88/1289 3085/89/1289 3086/90/1289
f 3082/91/4 3081/92/4 3083/93/4 3084/94/4
f 3081/95/1284 3079/96/1284 3085/97/1284 3083/98/1284
f 3079/96/30 3080/99/30 3086/100/30 3085/97/30
f 3080/99/1282 3082/91/1282 3084/94/1282 3086/100/1282
f 3080/87/1290 3079/88/1290 3081/89/1290 3082/90/1290
f 3092/87/1289 3091/88/1289 3093/89/1289 3094/90/1289
f 3090/101/4 3089/102/4 3091/103/4 3092/104/4
f 3089/105/1284 3087/106/1284 3093/107/1284 3091/108/1284
f 3087/106/30 3088/109/30 3094/110/30 3093/107/30
f 3088/109/1282 3090/101/1282 3092/104/1282 3094/110/1282
f 3088/87/1290 3087/88/1290 3089/89/1290 3090/90/1290
f 3098/111/1291 3106/112/1284 3103/113/1284 3096/114/1291
f 3105/115/1292 3106/116/1292 3098/117/1292 3100/118/1292
f 3102/119/1282 3104/120/1282 3105/121/1282 3100/122/1282
f 3103/123/4 3104/124/4 3102/125/4 3096/126/4
f 3098/111/1293 3096/114/1293 3102/119/1293 3100/122/1293
f 3101/127/1294 3095/128/1294 3097/129/1294 3099/130/1294
f 3101/131/4 3104/124/4 3103/123/4 3095/132/4
f 3101/133/1282 3099/134/1282 3105/121/1282 3104/120/1282
f 3097/135/1295 3106/116/1295 3105/115/1295 3099/136/1295
f 3095/128/1284 3103/113/1284 3106/112/1284 3097/129/1284
f 3110/137/1291 3118/138/1291 3115/139/1291 3108/140/1291
f 3117/141/1296 3118/142/1296 3110/143/1296 3112/144/1296
f 3114/145/1297 3116/146/1297 3117/147/1297 3112/148/1297
f 3115/149/4 3116/150/4 3114/151/4 3108/152/4
f 3110/137/1298 3108/140/1298 3114/145/1298 3112/148/1298
f 3113/153/1299 3107/154/1299 3109/155/1299 3111/156/1299
f 3113/157/4 3116/150/4 3115/149/4 3107/158/4
f 3113/159/1297 3111/160/1297 3117/147/1297 3116/146/1297
f 3109/161/1300 3118/142/1300 3117/141/1300 3111/162/1300
f 3107/154/1291 3115/139/1291 3118/138/1291 3109/155/1291
f 3132/163/1195 3131/164/1195 3137/165/1195 3138/166/1195
f 3133/167/1301 3131/168/1301 3132/39/1301 3134/40/1301
f 3136/169/1297 3135/170/1297 3133/171/1297 3134/172/1297
f 3137/45/4 3135/46/4 3136/47/4 3138/48/4
f 3132/163/1302 3138/166/1302 3136/169/1302 3134/172/1302
f 3139/173/1303 3140/174/1303 3142/175/1303 3141/176/1303
f 3139/53/4 3135/46/4 3137/45/4 3140/54/4
f 3139/177/1189 3141/178/1189 3133/171/1297 3135/170/1297
f 3142/57/1304 3131/168/1304 3133/167/1304 3141/58/1304
f 3140/174/1195 3137/165/1195 3131/164/1195 3142/175/1195
f 3122/179/1291 3130/180/1291 3127/181/1291 3120/182/1291
f 3129/37/1305 3130/38/1305 3122/39/1305 3124/40/1305
f 3126/183/1297 3128/184/1297 3129/185/1297 3124/186/1297
f 3127/45/4 3128/46/4 3126/47/4 3120/48/4
f 3122/179/1306 3120/182/1306 3126/183/1306 3124/186/1306
f 3125/187/1307 3119/188/1307 3121/189/1307 3123/190/1307
f 3125/53/4 3128/46/4 3127/45/4 3119/54/4
f 3125/191/1297 3123/192/1297 3129/185/1297 3128/184/1297
f 3121/57/1308 3130/38/1308 3129/37/1308 3123/58/1308
f 3119/188/1291 3127/181/1291 3130/180/1291 3121/189/1291
f 3146/193/1276 3154/194/1276 3151/195/1276 3144/196/1276
f 3153/197/1309 3154/198/1309 3146/199/1309 3148/200/1309
f 3150/201/1282 3152/202/1279 3153/203/1279 3148/204/1282
f 3151/205/4 3152/206/4 3150/207/4 3144/208/4
f 3146/193/1310 3144/196/1310 3150/201/1310 3148/204/1310
f 3149/209/1311 3143/210/1311 3145/211/1311 3147/212/1311
f 3149/213/4 3152/206/4 3151/205/4 3143/214/4
f 3149/215/1279 3147/216/1279 3153/203/1279 3152/202/1279
f 3145/217/1312 3154/198/1312 3153/197/1312 3147/218/1312
f 3143/210/1276 3151/195/1276 3154/194/1276 3145/211/1276
f 3160/219/1289 3159/220/1289 3161/221/1289 3162/222/1289
f 3158/223/1313 3157/224/1313 3159/225/1313 3160/226/1313
f 3157/227/1284 3155/228/1284 3161/229/1284 3159/230/1284
f 3155/228/1314 3156/231/1314 3162/232/1314 3161/229/1314
f 3156/231/1282 3158/223/1282 3160/226/1282 3162/232/1282
f 3156/219/1315 3155/233/1315 3157/221/1315 3158/222/1315
f 3166/234/1276 3174/235/1276 3171/236/1276 3164/237/1276
f 3173/238/1316 3174/239/1316 3166/240/1316 3168/241/1316
f 3170/242/1272 3172/243/1272 3173/244/1272 3168/245/1272
f 3171/246/4 3172/247/4 3170/248/4 3164/249/4
f 3166/234/1317 3164/237/1317 3170/242/1317 3168/245/1317
f 3169/250/1318 3163/251/1318 3165/252/1318 3167/253/1318
f 3169/254/4 3172/247/4 3171/246/4 3163/255/4
f 3169/256/1279 3167/257/1279 3173/244/1272 3172/243/1272
f 3165/258/1319 3174/239/1319 3173/238/1319 3167/259/1319
f 3163/251/1276 3171/236/1276 3174/235/1276 3165/252/1276
f 3186/1/1320 3183/2/1320 3176/3/1320 3178/4/1320
f 3185/5/1321 3188/6/1321 3180/7/1322
f 3184/8/1323 3185/5/1323 3180/7/1323 3182/9/1323
f 3190/10/4 3191/11/4 3184/12/4 3182/13/4
f 3189/14/1189 3190/15/1189 3182/9/1189 3180/7/1189
f 3181/16/1190 3192/17/1195 3187/18/1195 3179/19/1190
f 3181/20/4 3184/12/4 3191/11/4 3192/21/4
f 3179/22/1324 3185/5/1323 3184/8/1323 3181/23/1324
f 3179/22/1325 3188/6/1321 3185/5/1321
f 3175/24/1326 3183/2/1320 3186/1/1320 3177/25/1326
f 3177/26/1327 3188/27/1327 3187/18/1327
f 3189/14/1328 3188/28/1328 3178/4/1328
f 3176/3/1297 3190/15/1189 3189/14/1189 3178/4/1297
f 3183/29/4 3191/11/4 3190/10/4 3176/30/4
f 3192/21/4 3191/11/4 3183/29/4 3175/31/4
f 3187/18/1195 3192/17/1195 3175/24/1195 3177/25/1195
f 3177/25/1329 3186/1/1329 3188/32/1329
f 3180/7/1328 3188/28/1328 3189/14/1328
f 3187/18/1327 3188/27/1327 3179/19/1327
f 3178/4/1329 3188/32/1329 3186/1/1329
f 3204/1/1330 3201/2/1330 3194/3/1330 3196/4/1330
f 3203/5/1331 3206/6/1331 3198/7/1332
f 3202/8/1333 3203/5/1333 3198/7/1333 3200/9/1333
f 3208/10/4 3209/11/4 3202/12/4 3200/13/4
f 3207/14/1334 3208/15/1334 3200/9/1334 3198/7/1334
f 3199/16/1335 3210/17/1336 3205/18/1336 3197/19/1335
f 3199/20/4 3202/12/4 3209/11/4 3210/21/4
f 3197/22/1333 3203/5/1333 3202/8/1333 3199/23/1333
f 3197/22/1331 3206/6/1331 3203/5/1331
f 3193/24/1330 3201/2/1330 3204/1/1330 3195/25/1330
f 3195/26/1337 3206/27/1337 3205/18/1337
f 3207/14/1338 3206/28/1338 3196/4/1339
f 3194/3/1334 3208/15/1334 3207/14/1334 3196/4/1334
f 3201/29/4 3209/11/4 3208/10/4 3194/30/4
f 3210/21/4 3209/11/4 3201/29/4 3193/31/4
f 3205/18/1336 3210/17/1336 3193/24/1336 3195/25/1336
f 3195/25/1340 3204/1/1340 3206/32/1340
f 3198/7/1338 3206/28/1338 3207/14/1338
f 3205/18/1337 3206/27/1337 3197/19/1337
f 3196/4/1340 3206/32/1340 3204/1/1340
f 3214/33/1341 3222/34/1341 3219/35/1341 3212/36/1341
f 3221/37/1342 3222/38/1342 3214/39/1342 3216/40/1342
f 3218/41/1343 3220/42/1343 3221/43/1343 3216/44/1343
f 3219/45/4 3220/46/4 3218/47/4 3212/48/4
f 3214/33/1344 3212/36/1344 3218/41/1344 3216/44/1344
f 3217/49/1345 3211/50/1345 3213/51/1345 3215/52/1345
f 3217/53/4 3220/46/4 3219/45/4 3211/54/4
f 3217/55/1343 3215/56/1343 3221/43/1343 3220/42/1343
f 3213/57/1346 3222/38/1346 3221/37/1346 3215/58/1346
f 3211/50/1341 3219/35/1341 3222/34/1341 3213/51/1341
f 3226/59/1347 3234/60/1348 3231/61/1348 3224/62/1347
f 3233/37/1349 3234/38/1349 3226/39/1349 3228/40/1349
f 3230/63/1334 3232/64/1350 3233/65/1350 3228/66/1334
f 3231/45/4 3232/46/4 3230/47/4 3224/48/4
f 3226/59/1351 3224/62/1351 3230/63/1351 3228/66/1351
f 3229/67/1352 3223/68/1352 3225/69/1352 3227/70/1352
f 3229/53/4 3232/46/4 3231/45/4 3223/54/4
f 3229/71/1353 3227/72/1353 3233/65/1350 3232/64/1350
f 3225/57/1354 3234/38/1354 3233/37/1354 3227/58/1354
f 3223/68/1355 3231/61/1348 3234/60/1348 3225/69/1355
f 3238/73/1347 3246/74/1347 3243/75/1347 3236/76/1347
f 3245/37/1356 3246/38/1356 3238/39/1356 3240/40/1356
f 3242/77/1357 3244/78/1357 3245/79/1357 3240/80/1357
f 3243/45/4 3244/46/4 3242/47/4 3236/48/4
f 3238/73/1358 3236/76/1358 3242/77/1358 3240/80/1358
f 3241/81/1359 3235/82/1359 3237/83/1359 3239/84/1359
f 3241/53/4 3244/46/4 3243/45/4 3235/54/4
f 3241/85/1334 3239/86/1334 3245/79/1357 3244/78/1357
f 3237/57/1360 3246/38/1360 3245/37/1360 3239/58/1360
f 3235/82/1361 3243/75/1347 3246/74/1347 3237/83/1361
f 3252/87/1362 3251/88/1362 3253/89/1362 3254/90/1362
f 3250/91/4 3249/92/4 3251/93/4 3252/94/4
f 3249/95/1348 3247/96/1348 3253/97/1348 3251/98/1348
f 3247/96/30 3248/99/30 3254/100/30 3253/97/30
f 3248/99/1350 3250/91/1350 3252/94/1350 3254/100/1350
f 3248/87/1363 3247/88/1363 3249/89/1363 3250/90/1363
f 3260/87/1364 3259/88/1364 3261/89/1364 3262/90/1364
f 3258/101/4 3257/102/4 3259/103/4 3260/104/4
f 3257/105/1348 3255/106/1348 3261/107/1348 3259/108/1348
f 3255/106/30 3256/109/30 3262/110/30 3261/107/30
f 3256/109/1350 3258/101/1350 3260/104/1350 3262/110/1350
f 3256/87/1365 3255/88/1365 3257/89/1365 3258/90/1365
f 3266/111/1348 3274/112/1348 3271/113/1348 3264/114/1348
f 3273/115/1366 3274/116/1366 3266/117/1366 3268/118/1366
f 3270/119/1350 3272/120/1350 3273/121/1350 3268/122/1350
f 3271/123/4 3272/124/4 3270/125/4 3264/126/4
f 3266/111/1367 3264/114/1367 3270/119/1367 3268/122/1367
f 3269/127/1368 3263/128/1368 3265/129/1368 3267/130/1368
f 3269/131/4 3272/124/4 3271/123/4 3263/132/4
f 3269/133/1369 3267/134/1369 3273/121/1350 3272/120/1350
f 3265/135/1370 3274/116/1370 3273/115/1370 3267/136/1370
f 3263/128/1348 3271/113/1348 3274/112/1348 3265/129/1348
f 3278/137/1371 3286/138/1355 3283/139/1355 3276/140/1371
f 3285/141/1372 3286/142/1372 3278/143/1372 3280/144/1372
f 3282/145/1353 3284/146/1369 3285/147/1369 3280/148/1353
f 3283/149/4 3284/150/4 3282/151/4 3276/152/4
f 3278/137/1373 3276/140/1373 3282/145/1373 3280/148/1373
f 3281/153/1374 3275/154/1374 3277/155/1374 3279/156/1374
f 3281/157/4 3284/150/4 3283/149/4 3275/158/4
f 3281/159/1350 3279/160/1350 3285/147/1369 3284/146/1369
f 3277/161/1375 3286/142/1375 3285/141/1375 3279/162/1375
f 3275/154/1348 3283/139/1355 3286/138/1355 3277/155/1348
f 3300/163/1371 3299/164/1265 3305/165/1265 3306/166/1371
f 3301/167/1376 3299/168/1376 3300/39/1376 3302/40/1376
f 3304/169/1377 3303/170/1377 3301/171/1377 3302/172/1377
f 3305/45/4 3303/46/4 3304/47/4 3306/48/4
f 3300/163/1378 3306/166/1378 3304/169/1378 3302/172/1378
f 3307/173/1379 3308/174/1379 3310/175/1379 3309/176/1379
f 3307/53/4 3303/46/4 3305/45/4 3308/54/4
f 3307/177/1377 3309/178/1377 3301/171/1377 3303/170/1377
f 3310/57/1380 3299/168/1380 3301/167/1380 3309/58/1380
f 3308/174/1265 3305/165/1265 3299/164/1265 3310/175/1265
f 3290/179/1355 3298/180/1371 3295/181/1371 3288/182/1355
f 3297/37/1381 3298/38/1381 3290/39/1381 3292/40/1381
f 3294/183/1369 3296/184/1353 3297/185/1353 3292/186/1369
f 3295/45/4 3296/46/4 3294/47/4 3288/48/4
f 3290/179/1382 3288/182/1382 3294/183/1382 3292/186/1382
f 3293/187/1383 3287/188/1383 3289/189/1383 3291/190/1383
f 3293/53/4 3296/46/4 3295/45/4 3287/54/4
f 3293/191/1377 3291/192/1377 3297/185/1353 3296/184/1353
f 3289/57/1384 3298/38/1384 3297/37/1384 3291/58/1384
f 3287/188/1371 3295/181/1371 3298/180/1371 3289/189/1371
f 3314/193/1361 3322/194/1361 3319/195/1361 3312/196/1361
f 3321/197/1385 3322/198/1385 3314/199/1385 3316/200/1385
f 3318/201/1350 3320/202/1350 3321/203/1350 3316/204/1350
f 3319/205/4 3320/206/4 3318/207/4 3312/208/4
f 3314/193/1386 3312/196/1386 3318/201/1386 3316/204/1386
f 3317/209/1387 3311/210/1387 3313/211/1387 3315/212/1387
f 3317/213/4 3320/206/4 3319/205/4 3311/214/4
f 3317/215/1357 3315/216/1357 3321/203/1350 3320/202/1350
f 3313/217/1388 3322/198/1388 3321/197/1388 3315/218/1388
f 3311/210/1347 3319/195/1361 3322/194/1361 3313/211/1347
f 3328/219/1389 3327/220/1389 3329/221/1389 3330/222/1389
f 3326/223/1390 3325/224/1390 3327/225/1390 3328/226/1390
f 3325/227/1348 3323/228/1348 3329/229/1348 3327/230/1348
f 3323/228/1391 3324/231/1391 3330/232/1391 3329/229/1391
f 3324/231/1350 3326/223/1350 3328/226/1350 3330/232/1350
f 3324/219/1363 3323/233/1363 3325/221/1363 3326/222/1363
f 3334/234/1341 3342/235/1341 3339/236/1341 3332/237/1341
f 3341/238/1392 3342/239/1392 3334/240/1392 3336/241/1392
f 3338/242/1334 3340/243/1334 3341/244/1334 3336/245/1334
f 3339/246/4 3340/247/4 3338/248/4 3332/249/4
f 3334/234/1393 3332/237/1393 3338/242/1393 3336/245/1393
f 3337/250/1394 3331/251/1394 3333/252/1394 3335/253/1394
f 3337/254/4 3340/247/4 3339/246/4 3331/255/4
f 3337/256/1343 3335/257/1343 3341/244/1334 3340/243/1334
f 3333/258/1395 3342/239/1395 3341/238/1395 3335/259/1395
f 3331/251/1341 3339/236/1341 3342/235/1341 3333/252/1341
f 3354/1/1396 3351/2/1396 3344/3/1396 3346/4/1396
f 3353/5/1397 3356/6/1397 3348/7/1398
f 3352/8/1399 3353/5/1399 3348/7/1399 3350/9/1399
f 3358/10/4 3359/11/4 3352/12/4 3350/13/4
f 3357/14/1263 3358/15/1263 3350/9/1272 3348/7/1272
f 3349/16/1265 3360/17/1265 3355/18/1265 3347/19/1265
f 3349/20/4 3352/12/4 3359/11/4 3360/21/4
f 3347/22/1399 3353/5/1399 3352/8/1399 3349/23/1399
f 3347/22/1397 3356/6/1397 3353/5/1397
f 3343/24/1396 3351/2/1396 3354/1/1396 3345/25/1396
f 3345/26/1266 3356/27/1400 3355/18/1400
f 3357/14/1401 3356/28/1401 3346/4/1401
f 3344/3/1377 3358/15/1263 3357/14/1263 3346/4/1377
f 3351/29/4 3359/11/4 3358/10/4 3344/30/4
f 3360/21/4 3359/11/4 3351/29/4 3343/31/4
f 3355/18/1265 3360/17/1265 3343/24/1265 3345/25/1265
f 3345/25/1402 3354/1/1402 3356/32/1402
f 3348/7/1403 3356/28/1401 3357/14/1401
f 3355/18/1400 3356/27/1400 3347/19/1400
f 3346/4/1404 3356/32/1402 3354/1/1402
f 3372/1/1405 3369/2/1405 3362/3/1405 3364/4/1405
f 3371/5/1406 3374/6/1406 3366/7/1406
f 3370/8/1407 3371/5/1407 3366/7/1407 3368/9/1407
f 3376/10/4 3377/11/4 3370/12/4 3368/13/4
f 3375/14/1408 3376/15/1408 3368/9/1408 3366/7/1408
f 3367/16/1409 3378/17/1409 3373/18/1409 3365/19/1409
f 3367/20/4 3370/12/4 3377/11/4 3378/21/4
f 3365/22/1410 3371/5/1407 3370/8/1407 3367/23/1410
f 3365/22/1406 3374/6/1406 3371/5/1406
f 3361/24/1411 3369/2/1405 3372/1/1405 3363/25/1411
f 3363/26/1412 3374/27/1412 3373/18/1412
f 3375/14/1413 3374/28/1413 3364/4/1413
f 3362/3/1408 3376/15/1408 3375/14/1408 3364/4/1408
f 3369/29/4 3377/11/4 3376/10/4 3362/30/4
f 3378/21/4 3377/11/4 3369/29/4 3361/31/4
f 3373/18/1409 3378/17/1409 3361/24/1409 3363/25/1409
f 3363/25/1414 3372/1/1415 3374/32/1416
f 3366/7/1417 3374/28/1413 3375/14/1413
f 3373/18/1412 3374/27/1412 3365/19/1418
f 3364/4/1419 3374/32/1416 3372/1/1415
f 3382/33/1409 3390/34/1409 3387/35/1409 3380/36/1409
f 3389/37/1420 3390/38/1420 3382/39/1420 3384/40/1420
f 3386/41/1421 3388/42/1421 3389/43/1421 3384/44/1421
f 3387/45/4 3388/46/4 3386/47/4 3380/48/4
f 3382/33/1422 3380/36/1422 3386/41/1422 3384/44/1422
f 3385/49/1423 3379/50/1423 3381/51/1423 3383/52/1423
f 3385/53/4 3388/46/4 3387/45/4 3379/54/4
f 3385/55/1421 3383/56/1421 3389/43/1421 3388/42/1421
f 3381/57/1424 3390/38/1424 3389/37/1424 3383/58/1424
f 3379/50/1409 3387/35/1409 3390/34/1409 3381/51/1409
f 3394/59/1425 3402/60/1425 3399/61/1425 3392/62/1425
f 3401/37/1426 3402/38/1426 3394/39/1426 3396/40/1426
f 3398/63/1427 3400/64/1427 3401/65/1427 3396/66/1427
f 3399/45/4 3400/46/4 3398/47/4 3392/48/4
f 3394/59/1428 3392/62/1428 3398/63/1428 3396/66/1428
f 3397/67/1429 3391/68/1429 3393/69/1429 3395/70/1429
f 3397/53/4 3400/46/4 3399/45/4 3391/54/4
f 3397/71/1427 3395/72/1427 3401/65/1427 3400/64/1427
f 3393/57/1430 3402/38/1430 3401/37/1430 3395/58/1430
f 3391/68/1425 3399/61/1425 3402/60/1425 3393/69/1425
f 3406/73/1431 3414/74/1431 3411/75/1431 3404/76/1431
f 3413/37/1432 3414/38/1432 3406/39/1432 3408/40/1432
f 3410/77/1433 3412/78/1433 3413/79/1433 3408/80/1433
f 3411/45/4 3412/46/4 3410/47/4 3404/48/4
f 3406/73/1434 3404/76/1434 3410/77/1434 3408/80/1434
f 3409/81/1435 3403/82/1435 3405/83/1435 3407/84/1435
f 3409/53/4 3412/46/4 3411/45/4 3403/54/4
f 3409/85/1433 3407/86/1433 3413/79/1433 3412/78/1433
f 3405/57/1436 3414/38/1436 3413/37/1436 3407/58/1436
f 3403/82/1425 3411/75/1431 3414/74/1431 3405/83/1425
f 3420/87/1437 3419/88/1437 3421/89/1437 3422/90/1437
f 3418/91/4 3417/92/4 3419/93/4 3420/94/4
f 3417/95/1438 3415/96/1438 3421/97/1438 3419/98/1438
f 3415/96/30 3416/99/30 3422/100/30 3421/97/30
f 3416/99/1439 3418/91/1439 3420/94/1439 3422/100/1439
f 3416/87/1440 3415/88/1440 3417/89/1440 3418/90/1440
f 3428/87/1437 3427/88/1437 3429/89/1437 3430/90/1437
f 3426/101/4 3425/102/4 3427/103/4 3428/104/4
f 3425/105/1438 3423/106/1438 3429/107/1438 3427/108/1438
f 3423/106/30 3424/109/30 3430/110/30 3429/107/30
f 3424/109/1439 3426/101/1439 3428/104/1439 3430/110/1439
f 3424/87/1440 3423/88/1440 3425/89/1440 3426/90/1440
f 3434/111/1425 3442/112/1425 3439/113/1425 3432/114/1425
f 3441/115/1441 3442/116/1441 3434/117/1441 3436/118/1441
f 3438/119/1427 3440/120/1427 3441/121/1427 3436/122/1427
f 3439/123/4 3440/124/4 3438/125/4 3432/126/4
f 3434/111/1442 3432/114/1442 3438/119/1442 3436/122/1442
f 3437/127/1443 3431/128/1443 3433/129/1443 3435/130/1443
f 3437/131/4 3440/124/4 3439/123/4 3431/132/4
f 3437/133/1427 3435/134/1427 3441/121/1427 3440/120/1427
f 3433/135/1444 3442/116/1444 3441/115/1444 3435/136/1444
f 3431/128/1445 3439/113/1425 3442/112/1425 3433/129/1445
f 3446/137/1445 3454/138/1445 3451/139/1445 3444/140/1445
f 3453/141/1446 3454/142/1446 3446/143/1446 3448/144/1446
f 3450/145/1427 3452/146/1427 3453/147/1427 3448/148/1427
f 3451/149/4 3452/150/4 3450/151/4 3444/152/4
f 3446/137/1447 3444/140/1447 3450/145/1447 3448/148/1447
f 3449/153/1448 3443/154/1448 3445/155/1448 3447/156/1448
f 3449/157/4 3452/150/4 3451/149/4 3443/158/4
f 3449/159/1449 3447/160/1449 3453/147/1427 3452/146/1427
f 3445/161/1450 3454/142/1450 3453/141/1450 3447/162/1450
f 3443/154/1445 3451/139/1445 3454/138/1445 3445/155/1445
f 3468/163/1336 3467/164/1336 3473/165/1336 3474/166/1336
f 3469/167/1451 3467/168/1451 3468/39/1451 3470/40/1451
f 3472/169/1449 3471/170/1452 3469/171/1452 3470/172/1449
f 3473/45/4 3471/46/4 3472/47/4 3474/48/4
f 3468/163/1453 3474/166/1453 3472/169/1453 3470/172/1453
f 3475/173/1454 3476/174/1454 3478/175/1454 3477/176/1454
f 3475/53/4 3471/46/4 3473/45/4 3476/54/4
f 3475/177/1343 3477/178/1343 3469/171/1452 3471/170/1452
f 3478/57/1455 3467/168/1455 3469/167/1455 3477/58/1455
f 3476/174/1336 3473/165/1336 3467/164/1336 3478/175/1336
f 3458/179/1445 3466/180/1445 3463/181/1445 3456/182/1445
f 3465/37/1456 3466/38/1456 3458/39/1456 3460/40/1456
f 3462/183/1449 3464/184/1449 3465/185/1449 3460/186/1449
f 3463/45/4 3464/46/4 3462/47/4 3456/48/4
f 3458/179/1457 3456/182/1457 3462/183/1457 3460/186/1457
f 3461/187/1458 3455/188/1458 3457/189/1458 3459/190/1458
f 3461/53/4 3464/46/4 3463/45/4 3455/54/4
f 3461/191/1427 3459/192/1427 3465/185/1449 3464/184/1449
f 3457/57/1459 3466/38/1459 3465/37/1459 3459/58/1459
f 3455/188/1445 3463/181/1445 3466/180/1445 3457/189/1445
f 3482/193/1425 3490/194/1425 3487/195/1425 3480/196/1425
f 3489/197/1460 3490/198/1460 3482/199/1460 3484/200/1460
f 3486/201/1433 3488/202/1433 3489/203/1433 3484/204/1433
f 3487/205/4 3488/206/4 3486/207/4 3480/208/4
f 3482/193/1461 3480/196/1461 3486/201/1461 3484/204/1461
f 3485/209/1462 3479/210/1462 3481/211/1462 3483/212/1462
f 3485/213/4 3488/206/4 3487/205/4 3479/214/4
f 3485/215/1433 3483/216/1433 3489/203/1433 3488/202/1433
f 3481/217/1463 3490/198/1463 3489/197/1463 3483/218/1463
f 3479/210/1425 3487/195/1425 3490/194/1425 3481/211/1425
f 3496/219/1464 3495/220/1464 3497/221/1464 3498/222/1464
f 3494/223/1465 3493/224/1465 3495/225/1465 3496/226/1465
f 3493/227/1466 3491/228/1466 3497/229/1466 3495/230/1466
f 3491/228/1467 3492/231/1467 3498/232/1467 3497/229/1467
f 3492/231/1439 3494/223/1439 3496/226/1439 3498/232/1439
f 3492/219/1440 3491/233/1440 3493/221/1440 3494/222/1440
f 3502/234/1409 3510/235/1468 3507/236/1469 3500/237/1409
f 3509/238/1470 3510/239/1470 3502/240/1470 3504/241/1470
f 3506/242/1421 3508/243/1471 3509/244/1472 3504/245/1421
f 3507/246/4 3508/247/4 3506/248/4 3500/249/4
f 3502/234/1473 3500/237/1473 3506/242/1473 3504/245/1473
f 3505/250/1474 3499/251/1474 3501/252/1474 3503/253/1474
f 3505/254/4 3508/247/4 3507/246/4 3499/255/4
f 3505/256/1475 3503/257/1475 3509/244/1472 3508/243/1471
f 3501/258/1476 3510/239/1476 3509/238/1476 3503/259/1476
f 3499/251/1477 3507/236/1469 3510/235/1468 3501/252/1477
f 3522/1/1478 3519/2/1478 3512/3/1478 3514/4/1478
f 3521/5/1479 3524/6/1479 3516/7/1479
f 3520/8/1480 3521/5/1480 3516/7/1480 3518/9/1480
f 3526/10/4 3527/11/4 3520/12/4 3518/13/4
f 3525/14/1334 3526/15/1334 3518/9/1334 3516/7/1334
f 3517/16/1336 3528/17/1336 3523/18/1336 3515/19/1336
f 3517/20/4 3520/12/4 3527/11/4 3528/21/4
f 3515/22/1481 3521/5/1480 3520/8/1480 3517/23/1481
f 3515/22/1479 3524/6/1479 3521/5/1479
f 3511/24/1482 3519/2/1478 3522/1/1478 3513/25/1482
f 3513/26/1483 3524/27/1484 3523/18/1485
f 3525/14/1486 3524/28/1486 3514/4/1486
f 3512/3/1334 3526/15/1334 3525/14/1334 3514/4/1334
f 3519/29/4 3527/11/4 3526/10/4 3512/30/4
f 3528/21/4 3527/11/4 3519/29/4 3511/31/4
f 3523/18/1336 3528/17/1336 3511/24/1445 3513/25/1445
f 3513/25/1487 3522/1/1487 3524/32/1487
f 3516/7/1488 3524/28/1486 3525/14/1486
f 3523/18/1485 3524/27/1484 3515/19/1484
f 3514/4/1489 3524/32/1487 3522/1/1487
f 3540/1/1490 3537/2/1490 3530/3/1490 3532/4/1490
f 3539/5/1491 3542/6/1491 3534/7/1491
f 3538/8/1492 3539/5/1492 3534/7/1492 3536/9/1492
f 3544/10/4 3545/11/4 3538/12/4 3536/13/4
f 3543/14/1493 3544/15/1493 3536/9/1493 3534/7/1493
f 3535/16/1494 3546/17/1494 3541/18/1494 3533/19/1494
f 3535/20/4 3538/12/4 3545/11/4 3546/21/4
f 3533/22/1492 3539/5/1492 3538/8/1492 3535/23/1492
f 3533/22/1491 3542/6/1491 3539/5/1491
f 3529/24/1490 3537/2/1490 3540/1/1490 3531/25/1490
f 3531/26/1495 3542/27/1496 3541/18/1496
f 3543/14/1497 3542/28/1497 3532/4/1498
f 3530/3/1493 3544/15/1493 3543/14/1493 3532/4/1493
f 3537/29/4 3545/11/4 3544/10/4 3530/30/4
f 3546/21/4 3545/11/4 3537/29/4 3529/31/4
f 3541/18/1494 3546/17/1494 3529/24/1494 3531/25/1494
f 3531/25/1499 3540/1/1499 3542/32/1499
f 3534/7/1497 3542/28/1497 3543/14/1497
f 3541/18/1496 3542/27/1496 3533/19/1500
f 3532/4/1501 3542/32/1499 3540/1/1499
f 3550/33/1502 3558/34/1494 3555/35/1494 3548/36/1502
f 3557/37/1503 3558/38/1503 3550/39/1503 3552/40/1503
f 3554/41/1504 3556/42/1505 3557/43/1505 3552/44/1504
f 3555/45/4 3556/46/4 3554/47/4 3548/48/4
f 3550/33/1506 3548/36/1506 3554/41/1506 3552/44/1506
f 3553/49/1507 3547/50/1507 3549/51/1507 3551/52/1507
f 3553/53/4 3556/46/4 3555/45/4 3547/54/4
f 3553/55/1505 3551/56/1505 3557/43/1505 3556/42/1505
f 3549/57/1508 3558/38/1508 3557/37/1508 3551/58/1508
f 3547/50/1509 3555/35/1494 3558/34/1494 3549/51/1509
f 3562/59/1510 3570/60/1510 3567/61/1510 3560/62/1510
f 3569/37/1511 3570/38/1511 3562/39/1511 3564/40/1511
f 3566/63/1408 3568/64/1408 3569/65/1408 3564/66/1408
f 3567/45/4 3568/46/4 3566/47/4 3560/48/4
f 3562/59/1512 3560/62/1512 3566/63/1512 3564/66/1512
f 3565/67/1513 3559/68/1513 3561/69/1513 3563/70/1513
f 3565/53/4 3568/46/4 3567/45/4 3559/54/4
f 3565/71/1408 3563/72/1408 3569/65/1408 3568/64/1408
f 3561/57/1514 3570/38/1514 3569/37/1514 3563/58/1514
f 3559/68/1510 3567/61/1510 3570/60/1510 3561/69/1510
f 3574/73/1509 3582/74/1509 3579/75/1509 3572/76/1509
f 3581/37/1515 3582/38/1515 3574/39/1515 3576/40/1515
f 3578/77/1504 3580/78/1516 3581/79/1516 3576/80/1504
f 3579/45/4 3580/46/4 3578/47/4 3572/48/4
f 3574/73/1517 3572/76/1517 3578/77/1517 3576/80/1517
f 3577/81/1518 3571/82/1518 3573/83/1518 3575/84/1518
f 3577/53/4 3580/46/4 3579/45/4 3571/54/4
f 3577/85/1516 3575/86/1516 3581/79/1516 3580/78/1516
f 3573/57/1519 3582/38/1519 3581/37/1519 3575/58/1519
f 3571/82/1510 3579/75/1509 3582/74/1509 3573/83/1510
f 3588/87/1520 3587/88/1520 3589/89/1520 3590/90/1520
f 3586/91/4 3585/92/4 3587/93/4 3588/94/4
f 3585/95/1510 3583/96/1510 3589/97/1510 3587/98/1510
f 3583/96/30 3584/99/30 3590/100/30 3589/97/30
f 3584/99/1516 3586/91/1516 3588/94/1516 3590/100/1516
f 3584/87/1521 3583/88/1521 3585/89/1521 3586/90/1521
f 3596/87/1520 3595/88/1520 3597/89/1520 3598/90/1520
f 3594/101/4 3593/102/4 3595/103/4 3596/104/4
f 3593/105/1510 3591/106/1510 3597/107/1510 3595/108/1510
f 3591/106/30 3592/109/30 3598/110/30 3597/107/30
f 3592/109/1516 3594/101/1516 3596/104/1516 3598/110/1516
f 3592/87/1522 3591/88/1522 3593/89/1522 3594/90/1522
f 3602/111/1523 3610/112/1510 3607/113/1510 3600/114/1523
f 3609/115/1524 3610/116/1524 3602/117/1524 3604/118/1524
f 3606/119/1525 3608/120/1408 3609/121/1408 3604/122/1525
f 3607/123/4 3608/124/4 3606/125/4 3600/126/4
f 3602/111/1526 3600/114/1526 3606/119/1526 3604/122/1526
f 3605/127/1527 3599/128/1527 3601/129/1527 3603/130/1527
f 3605/131/4 3608/124/4 3607/123/4 3599/132/4
f 3605/133/1516 3603/134/1516 3609/121/1408 3608/120/1408
f 3601/135/1528 3610/116/1528 3609/115/1528 3603/136/1528
f 3599/128/1510 3607/113/1510 3610/112/1510 3601/129/1510
f 3614/137/1523 3622/138/1523 3619/139/1523 3612/140/1523
f 3621/141/1529 3622/142/1529 3614/143/1529 3616/144/1529
f 3618/145/1525 3620/146/1525 3621/147/1525 3616/148/1525
f 3619/149/4 3620/150/4 3618/151/4 3612/152/4
f 3614/137/1530 3612/140/1530 3618/145/1530 3616/148/1530
f 3617/153/1531 3611/154/1531 3613/155/1531 3615/156/1531
f 3617/157/4 3620/150/4 3619/149/4 3611/158/4
f 3617/159/1525 3615/160/1525 3621/147/1525 3620/146/1525
f 3613/161/1532 3622/142/1532 3621/141/1532 3615/162/1532
f 3611/154/1523 3619/139/1523 3622/138/1523 3613/155/1523
f 3636/163/1523 3635/164/1533 3641/165/1533 3642/166/1523
f 3637/167/1534 3635/168/1534 3636/39/1534 3638/40/1534
f 3640/169/1525 3639/170/1525 3637/171/1525 3638/172/1525
f 3641/45/4 3639/46/4 3640/47/4 3642/48/4
f 3636/163/1535 3642/166/1535 3640/169/1535 3638/172/1535
f 3643/173/1536 3644/174/1536 3646/175/1536 3645/176/1536
f 3643/53/4 3639/46/4 3641/45/4 3644/54/4
f 3643/177/1525 3645/178/1525 3637/171/1525 3639/170/1525
f 3646/57/1537 3635/168/1537 3637/167/1537 3645/58/1537
f 3644/174/1538 3641/165/1533 3635/164/1533 3646/175/1538
f 3626/179/1523 3634/180/1523 3631/181/1523 3624/182/1523
f 3633/37/1539 3634/38/1539 3626/39/1539 3628/40/1539
f 3630/183/1408 3632/184/1525 3633/185/1525 3628/186/1408
f 3631/45/4 3632/46/4 3630/47/4 3624/48/4
f 3626/179/1540 3624/182/1540 3630/183/1540 3628/186/1540
f 3629/187/1541 3623/188/1541 3625/189/1541 3627/190/1541
f 3629/53/4 3632/46/4 3631/45/4 3623/54/4
f 3629/191/1525 3627/192/1525 3633/185/1525 3632/184/1525
f 3625/57/1542 3634/38/1542 3633/37/1542 3627/58/1542
f 3623/188/1533 3631/181/1523 3634/180/1523 3625/189/1533
f 3650/193/1510 3658/194/1510 3655/195/1510 3648/196/1510
f 3657/197/1543 3658/198/1543 3650/199/1543 3652/200/1543
f 3654/201/1408 3656/202/1516 3657/203/1516 3652/204/1408
f 3655/205/4 3656/206/4 3654/207/4 3648/208/4
f 3650/193/1544 3648/196/1544 3654/201/1544 3652/204/1544
f 3653/209/1545 3647/210/1545 3649/211/1545 3651/212/1545
f 3653/213/4 3656/206/4 3655/205/4 3647/214/4
f 3653/215/1516 3651/216/1516 3657/203/1516 3656/202/1516
f 3649/217/1546 3658/198/1546 3657/197/1546 3651/218/1546
f 3647/210/1510 3655/195/1510 3658/194/1510 3649/211/1510
f 3664/219/1547 3663/220/1547 3665/221/1547 3666/222/1547
f 3662/223/1548 3661/224/1548 3663/225/1548 3664/226/1548
f 3661/227/1510 3659/228/1510 3665/229/1510 3663/230/1510
f 3659/228/1549 3660/231/1549 3666/232/1549 3665/229/1549
f 3660/231/1516 3662/223/1516 3664/226/1516 3666/232/1516
f 3660/219/1522 3659/233/1522 3661/221/1522 3662/222/1522
f 3670/234/1502 3678/235/1509 3675/236/1509 3668/237/1502
f 3677/238/1550 3678/239/1550 3670/240/1550 3672/241/1550
f 3674/242/1505 3676/243/1516 3677/244/1516 3672/245/1505
f 3675/246/4 3676/247/4 3674/248/4 3668/249/4
f 3670/234/1551 3668/237/1551 3674/242/1551 3672/245/1551
f 3673/250/1552 3667/251/1552 3669/252/1552 3671/253/1552
f 3673/254/4 3676/247/4 3675/246/4 3667/255/4
f 3673/256/1516 3671/257/1516 3677/244/1516 3676/243/1516
f 3669/258/1553 3678/239/1553 3677/238/1553 3671/259/1553
f 3667/251/1510 3675/236/1509 3678/235/1509 3669/252/1510
f 3690/1/1554 3687/2/1554 3680/3/1555 3682/4/1555
f 3689/5/1556 3692/6/1556 3684/7/1556
f 3688/8/1557 3689/5/1557 3684/7/1558 3686/9/1558
f 3694/10/4 3695/11/4 3688/12/4 3686/13/4
f 3693/14/1408 3694/15/1408 3686/9/1408 3684/7/1408
f 3685/16/1409 3696/17/1409 3691/18/1409 3683/19/1409
f 3685/20/4 3688/12/4 3695/11/4 3696/21/4
f 3683/22/1559 3689/5/1557 3688/8/1557 3685/23/1559
f 3683/22/1560 3692/6/1556 3689/5/1556
f 3679/24/1554 3687/2/1554 3690/1/1554 3681/25/1554
f 3681/26/1561 3692/27/1561 3691/18/1561
f 3693/14/1413 3692/28/1413 3682/4/1413
f 3680/3/1408 3694/15/1408 3693/14/1408 3682/4/1408
f 3687/29/4 3695/11/4 3694/10/4 3680/30/4
f 3696/21/4 3695/11/4 3687/29/4 3679/31/4
f 3691/18/1409 3696/17/1409 3679/24/1409 3681/25/1409
f 3681/25/1562 3690/1/1562 3692/32/1562
f 3684/7/1413 3692/28/1413 3693/14/1413
f 3691/18/1561 3692/27/1561 3683/19/1561
f 3682/4/1562 3692/32/1562 3690/1/1562
f 3708/1/1563 3705/2/1563 3698/3/1564 3700/4/1564
f 3707/5/1565 3710/6/1565 3702/7/1566
f 3706/8/1567 3707/5/1567 3702/7/1567 3704/9/1567
f 3712/10/4 3713/11/4 3706/12/4 3704/13/4
f 3711/14/1568 3712/15/1568 3704/9/1568 3702/7/1568
f 3703/16/1569 3714/17/1570 3709/18/1570 3701/19/1569
f 3703/20/4 3706/12/4 3713/11/4 3714/21/4
f 3701/22/1567 3707/5/1567 3706/8/1567 3703/23/1567
f 3701/22/1571 3710/6/1565 3707/5/1565
f 3697/24/1563 3705/2/1563 3708/1/1563 3699/25/1563
f 3699/26/1572 3710/27/1573 3709/18/1573
f 3711/14/1574 3710/28/1574 3700/4/1574
f 3698/3/1575 3712/15/1568 3711/14/1568 3700/4/1575
f 3705/29/4 3713/11/4 3712/10/4 3698/30/4
f 3714/21/4 3713/11/4 3705/29/4 3697/31/4
f 3709/18/1570 3714/17/1570 3697/24/1570 3699/25/1570
f 3699/25/1576 3708/1/1576 3710/32/1576
f 3702/7/1574 3710/28/1574 3711/14/1574
f 3709/18/1573 3710/27/1573 3701/19/1573
f 3700/4/1576 3710/32/1576 3708/1/1576
f 3718/33/1569 3726/34/1570 3723/35/1570 3716/36/1569
f 3725/37/1577 3726/38/1577 3718/39/1577 3720/40/1577
f 3722/41/1578 3724/42/1568 3725/43/1568 3720/44/1578
f 3723/45/4 3724/46/4 3722/47/4 3716/48/4
f 3718/33/1579 3716/36/1579 3722/41/1579 3720/44/1579
f 3721/49/1580 3715/50/1580 3717/51/1580 3719/52/1580
f 3721/53/4 3724/46/4 3723/45/4 3715/54/4
f 3721/55/1568 3719/56/1568 3725/43/1568 3724/42/1568
f 3717/57/1581 3726/38/1581 3725/37/1581 3719/58/1581
f 3715/50/1570 3723/35/1570 3726/34/1570 3717/51/1570
f 3730/59/1582 3738/60/1582 3735/61/1582 3728/62/1582
f 3737/37/1583 3738/38/1583 3730/39/1583 3732/40/1583
f 3734/63/1578 3736/64/1578 3737/65/1578 3732/66/1578
f 3735/45/4 3736/46/4 3734/47/4 3728/48/4
f 3730/59/1584 3728/62/1584 3734/63/1584 3732/66/1584
f 3733/67/1585 3727/68/1585 3729/69/1585 3731/70/1585
f 3733/53/4 3736/46/4 3735/45/4 3727/54/4
f 3733/71/1578 3731/72/1578 3737/65/1578 3736/64/1578
f 3729/57/1586 3738/38/1586 3737/37/1586 3731/58/1586
f 3727/68/1569 3735/61/1582 3738/60/1582 3729/69/1569
f 3742/73/1569 3750/74/1569 3747/75/1569 3740/76/1569
f 3749/37/1587 3750/38/1587 3742/39/1587 3744/40/1587
f 3746/77/1568 3748/78/1568 3749/79/1568 3744/80/1568
f 3747/45/4 3748/46/4 3746/47/4 3740/48/4
f 3742/73/1588 3740/76/1588 3746/77/1588 3744/80/1588
f 3745/81/1589 3739/82/1589 3741/83/1589 3743/84/1589
f 3745/53/4 3748/46/4 3747/45/4 3739/54/4
f 3745/85/1590 3743/86/1590 3749/79/1568 3748/78/1568
f 3741/57/1591 3750/38/1591 3749/37/1591 3743/58/1591
f 3739/82/1569 3747/75/1569 3750/74/1569 3741/83/1569
f 3756/87/1592 3755/88/1592 3757/89/1592 3758/90/1592
f 3754/91/4 3753/92/4 3755/93/4 3756/94/4
f 3753/95/1582 3751/96/1582 3757/97/1582 3755/98/1582
f 3751/96/30 3752/99/30 3758/100/30 3757/97/30
f 3752/99/1578 3754/91/1578 3756/94/1578 3758/100/1578
f 3752/87/1593 3751/88/1593 3753/89/1593 3754/90/1593
f 3764/87/1594 3763/88/1594 3765/89/1594 3766/90/1594
f 3762/101/4 3761/102/4 3763/103/4 3764/104/4
f 3761/105/1582 3759/106/1582 3765/107/1582 3763/108/1582
f 3759/106/30 3760/109/30 3766/110/30 3765/107/30
f 3760/109/1578 3762/101/1578 3764/104/1578 3766/110/1578
f 3760/87/1593 3759/88/1593 3761/89/1593 3762/90/1593
f 3770/111/1595 3778/112/1582 3775/113/1582 3768/114/1595
f 3777/115/1596 3778/116/1596 3770/117/1596 3772/118/1596
f 3774/119/1597 3776/120/1597 3777/121/1597 3772/122/1597
f 3775/123/4 3776/124/4 3774/125/4 3768/126/4
f 3770/111/1598 3768/114/1598 3774/119/1598 3772/122/1598
f 3773/127/1599 3767/128/1599 3769/129/1599 3771/130/1599
f 3773/131/4 3776/124/4 3775/123/4 3767/132/4
f 3773/133/1597 3771/134/1597 3777/121/1597 3776/120/1597
f 3769/135/1600 3778/116/1600 3777/115/1600 3771/136/1600
f 3767/128/1582 3775/113/1582 3778/112/1582 3769/129/1582
f 3782/137/1582 3790/138/1582 3787/139/1582 3780/140/1582
f 3789/141/1601 3790/142/1601 3782/143/1601 3784/144/1601
f 3786/145/1597 3788/146/1597 3789/147/1597 3784/148/1597
f 3787/149/4 3788/150/4 3786/151/4 3780/152/4
f 3782/137/1602 3780/140/1602 3786/145/1602 3784/148/1602
f 3785/153/1603 3779/154/1603 3781/155/1603 3783/156/1603
f 3785/157/4 3788/150/4 3787/149/4 3779/158/4
f 3785/159/1597 3783/160/1597 3789/147/1597 3788/146/1597
f 3781/161/1604 3790/142/1604 3789/141/1604 3783/162/1604
f 3779/154/1595 3787/139/1582 3790/138/1582 3781/155/1595
f 3804/163/1595 3803/164/1595 3809/165/1595 3810/166/1595
f 3805/167/1605 3803/168/1605 3804/39/1605 3806/40/1605
f 3808/169/1493 3807/170/1493 3805/171/1493 3806/172/1493
f 3809/45/4 3807/46/4 3808/47/4 3810/48/4
f 3804/163/1606 3810/166/1606 3808/169/1606 3806/172/1606
f 3811/173/1607 3812/174/1607 3814/175/1607 3813/176/1607
f 3811/53/4 3807/46/4 3809/45/4 3812/54/4
f 3811/177/1493 3813/178/1493 3805/171/1493 3807/170/1493
f 3814/57/1608 3803/168/1608 3805/167/1608 3813/58/1608
f 3812/174/1595 3809/165/1595 3803/164/1595 3814/175/1595
f 3794/179/1595 3802/180/1595 3799/181/1595 3792/182/1595
f 3801/37/1609 3802/38/1609 3794/39/1609 3796/40/1609
f 3798/183/1493 3800/184/1493 3801/185/1493 3796/186/1493
f 3799/45/4 3800/46/4 3798/47/4 3792/48/4
f 3794/179/1610 3792/182/1610 3798/183/1610 3796/186/1610
f 3797/187/1611 3791/188/1611 3793/189/1611 3795/190/1611
f 3797/53/4 3800/46/4 3799/45/4 3791/54/4
f 3797/191/1493 3795/192/1493 3801/185/1493 3800/184/1493
f 3793/57/1612 3802/38/1612 3801/37/1612 3795/58/1612
f 3791/188/1595 3799/181/1595 3802/180/1595 3793/189/1595
f 3818/193/1569 3826/194/1569 3823/195/1569 3816/196/1569
f 3825/197/1613 3826/198/1613 3818/199/1613 3820/200/1613
f 3822/201/1578 3824/202/1578 3825/203/1578 3820/204/1578
f 3823/205/4 3824/206/4 3822/207/4 3816/208/4
f 3818/193/1614 3816/196/1614 3822/201/1614 3820/204/1614
f 3821/209/1615 3815/210/1615 3817/211/1615 3819/212/1615
f 3821/213/4 3824/206/4 3823/205/4 3815/214/4
f 3821/215/1597 3819/216/1597 3825/203/1578 3824/202/1578
f 3817/217/1616 3826/198/1616 3825/197/1616 3819/218/1616
f 3815/210/1569 3823/195/1569 3826/194/1569 3817/211/1569
f 3832/219/1617 3831/220/1617 3833/221/1617 3834/222/1617
f 3830/223/1618 3829/224/1618 3831/225/1618 3832/226/1618
f 3829/227/1582 3827/228/1582 3833/229/1582 3831/230/1582
f 3827/228/1619 3828/231/1619 3834/232/1619 3833/229/1619
f 3828/231/1578 3830/223/1578 3832/226/1578 3834/232/1578
f 3828/219/1620 3827/233/1620 3829/221/1620 3830/222/1620
f 3838/234/1570 3846/235/1569 3843/236/1569 3836/237/1570
f 3845/238/1621 3846/239/1621 3838/240/1621 3840/241/1621
f 3842/242/1568 3844/243/1578 3845/244/1578 3840/245/1568
f 3843/246/4 3844/247/4 3842/248/4 3836/249/4
f 3838/234/1622 3836/237/1622 3842/242/1622 3840/245/1622
f 3841/250/1623 3835/251/1623 3837/252/1623 3839/253/1623
f 3841/254/4 3844/247/4 3843/246/4 3835/255/4
f 3841/256/1597 3839/257/1597 3845/244/1578 3844/243/1578
f 3837/258/1624 3846/239/1624 3845/238/1624 3839/259/1624
f 3835/251/1582 3843/236/1569 3846/235/1569 3837/252/1582
f 3858/1/1625 3855/2/1625 3848/3/1625 3850/4/1625
f 3857/5/1626 3860/6/1626 3852/7/1626
f 3856/8/1627 3857/5/1627 3852/7/1627 3854/9/1627
f 3862/10/4 3863/11/4 3856/12/4 3854/13/4
f 3861/14/1493 3862/15/1493 3854/9/1493 3852/7/1493
f 3853/16/1494 3864/17/1494 3859/18/1494 3851/19/1494
f 3853/20/4 3856/12/4 3863/11/4 3864/21/4
f 3851/22/1627 3857/5/1627 3856/8/1627 3853/23/1627
f 3851/22/1626 3860/6/1626 3857/5/1626
f 3847/24/1625 3855/2/1625 3858/1/1625 3849/25/1625
f 3849/26/1628 3860/27/1495 3859/18/1495
f 3861/14/1629 3860/28/1629 3850/4/1629
f 3848/3/1493 3862/15/1493 3861/14/1493 3850/4/1493
f 3855/29/4 3863/11/4 3862/10/4 3848/30/4
f 3864/21/4 3863/11/4 3855/29/4 3847/31/4
f 3859/18/1494 3864/17/1494 3847/24/1494 3849/25/1494
f 3849/25/1630 3858/1/1630 3860/32/1630
f 3852/7/1631 3860/28/1629 3861/14/1629
f 3859/18/1495 3860/27/1495 3851/19/1496
f 3850/4/1630 3860/32/1630 3858/1/1630
f 3876/1/1632 3873/2/1632 3866/3/1632 3868/4/1632
f 3875/5/1633 3878/6/1633 3870/7/1633
f 3874/8/1634 3875/5/1634 3870/7/1634 3872/9/1634
f 3880/10/4 3881/11/4 3874/12/4 3872/13/4
f 3879/14/1635 3880/15/1635 3872/9/1635 3870/7/1635
f 3871/16/1636 3882/17/1637 3877/18/1637 3869/19/1636
f 3871/20/4 3874/12/4 3881/11/4 3882/21/4
f 3869/22/1634 3875/5/1634 3874/8/1634 3871/23/1634
f 3869/22/1633 3878/6/1633 3875/5/1633
f 3865/24/1632 3873/2/1632 3876/1/1632 3867/25/1632
f 3867/26/1638 3878/27/1639 3877/18/1639
f 3879/14/1640 3878/28/1640 3868/4/1640
f 3866/3/1635 3880/15/1635 3879/14/1635 3868/4/1635
f 3873/29/4 3881/11/4 3880/10/4 3866/30/4
f 3882/21/4 3881/11/4 3873/29/4 3865/31/4
f 3877/18/1637 3882/17/1637 3865/24/1637 3867/25/1637
f 3867/25/1641 3876/1/1641 3878/32/1641
f 3870/7/1640 3878/28/1640 3879/14/1640
f 3877/18/1639 3878/27/1639 3869/19/1642
f 3868/4/1641 3878/32/1641 3876/1/1641
f 3886/33/1637 3894/34/1636 3891/35/1636 3884/36/1637
f 3893/37/1643 3894/38/1643 3886/39/1643 3888/40/1643
f 3890/41/1644 3892/42/1635 3893/43/1635 3888/44/1644
f 3891/45/4 3892/46/4 3890/47/4 3884/48/4
f 3886/33/1645 3884/36/1645 3890/41/1645 3888/44/1645
f 3889/49/1646 3883/50/1646 3885/51/1646 3887/52/1646
f 3889/53/4 3892/46/4 3891/45/4 3883/54/4
f 3889/55/1635 3887/56/1635 3893/43/1635 3892/42/1635
f 3885/57/1647 3894/38/1647 3893/37/1647 3887/58/1647
f 3883/50/1648 3891/35/1636 3894/34/1636 3885/51/1648
f 3898/59/1648 3906/60/1649 3903/61/1649 3896/62/1648
f 3905/37/1650 3906/38/1650 3898/39/1650 3900/40/1650
f 3902/63/1651 3904/64/1651 3905/65/1651 3900/66/1651
f 3903/45/4 3904/46/4 3902/47/4 3896/48/4
f 3898/59/1652 3896/62/1652 3902/63/1652 3900/66/1652
f 3901/67/1653 3895/68/1653 3897/69/1653 3899/70/1653
f 3901/53/4 3904/46/4 3903/45/4 3895/54/4
f 3901/71/1651 3899/72/1651 3905/65/1651 3904/64/1651
f 3897/57/1654 3906/38/1654 3905/37/1654 3899/58/1654
f 3895/68/1649 3903/61/1649 3906/60/1649 3897/69/1649
f 3910/73/1648 3918/74/1648 3915/75/1648 3908/76/1648
f 3917/37/1655 3918/38/1655 3910/39/1655 3912/40/1655
f 3914/77/1656 3916/78/1651 3917/79/1651 3912/80/1656
f 3915/45/4 3916/46/4 3914/47/4 3908/48/4
f 3910/73/1657 3908/76/1657 3914/77/1657 3912/80/1657
f 3913/81/1658 3907/82/1658 3909/83/1658 3911/84/1658
f 3913/53/4 3916/46/4 3915/45/4 3907/54/4
f 3913/85/1651 3911/86/1651 3917/79/1651 3916/78/1651
f 3909/57/1659 3918/38/1659 3917/37/1659 3911/58/1659
f 3907/82/1648 3915/75/1648 3918/74/1648 3909/83/1648
f 3924/87/1660 3923/88/1660 3925/89/1660 3926/90/1660
f 3922/91/4 3921/92/4 3923/93/4 3924/94/4
f 3921/95/1649 3919/96/1649 3925/97/1649 3923/98/1649
f 3919/96/30 3920/99/30 3926/100/30 3925/97/30
f 3920/99/1661 3922/91/1661 3924/94/1661 3926/100/1661
f 3920/87/1662 3919/88/1662 3921/89/1662 3922/90/1662
f 3932/87/1660 3931/88/1660 3933/89/1660 3934/90/1660
f 3930/101/4 3929/102/4 3931/103/4 3932/104/4
f 3929/105/1649 3927/106/1649 3933/107/1649 3931/108/1649
f 3927/106/30 3928/109/30 3934/110/30 3933/107/30
f 3928/109/1661 3930/101/1661 3932/104/1661 3934/110/1661
f 3928/87/1662 3927/88/1662 3929/89/1662 3930/90/1662
f 3938/111/1649 3946/112/1649 3943/113/1649 3936/114/1649
f 3945/115/1663 3946/116/1663 3938/117/1663 3940/118/1663
f 3942/119/1661 3944/120/1661 3945/121/1661 3940/122/1661
f 3943/123/4 3944/124/4 3942/125/4 3936/126/4
f 3938/111/1664 3936/114/1664 3942/119/1664 3940/122/1664
f 3941/127/1665 3935/128/1665 3937/129/1665 3939/130/1665
f 3941/131/4 3944/124/4 3943/123/4 3935/132/4
f 3941/133/1661 3939/134/1661 3945/121/1661 3944/120/1661
f 3937/135/1666 3946/116/1666 3945/115/1666 3939/136/1666
f 3935/128/1648 3943/113/1649 3946/112/1649 3937/129/1648
f 3950/137/1649 3958/138/1649 3955/139/1649 3948/140/1649
f 3957/141/1667 3958/142/1667 3950/143/1667 3952/144/1667
f 3954/145/1661 3956/146/1661 3957/147/1661 3952/148/1661
f 3955/149/4 3956/150/4 3954/151/4 3948/152/4
f 3950/137/1668 3948/140/1668 3954/145/1668 3952/148/1668
f 3953/153/1669 3947/154/1669 3949/155/1669 3951/156/1669
f 3953/157/4 3956/150/4 3955/149/4 3947/158/4
f 3953/159/1661 3951/160/1661 3957/147/1661 3956/146/1661
f 3949/161/1670 3958/142/1670 3957/141/1670 3951/162/1670
f 3947/154/1649 3955/139/1649 3958/138/1649 3949/155/1649
f 3972/163/1671 3971/164/1671 3977/165/1671 3978/166/1671
f 3973/167/1672 3971/168/1672 3972/39/1672 3974/40/1672
f 3976/169/1575 3975/170/1575 3973/171/1575 3974/172/1575
f 3977/45/4 3975/46/4 3976/47/4 3978/48/4
f 3972/163/1673 3978/166/1673 3976/169/1673 3974/172/1673
f 3979/173/1674 3980/174/1674 3982/175/1674 3981/176/1674
f 3979/53/4 3975/46/4 3977/45/4 3980/54/4
f 3979/177/1568 3981/178/1568 3973/171/1575 3975/170/1575
f 3982/57/1675 3971/168/1675 3973/167/1675 3981/58/1675
f 3980/174/1570 3977/165/1671 3971/164/1671 3982/175/1570
f 3962/179/1671 3970/180/1671 3967/181/1671 3960/182/1671
f 3969/37/1676 3970/38/1676 3962/39/1676 3964/40/1676
f 3966/183/1575 3968/184/1575 3969/185/1575 3964/186/1575
f 3967/45/4 3968/46/4 3966/47/4 3960/48/4
f 3962/179/1677 3960/182/1677 3966/183/1677 3964/186/1677
f 3965/187/1678 3959/188/1678 3961/189/1678 3963/190/1678
f 3965/53/4 3968/46/4 3967/45/4 3959/54/4
f 3965/191/1575 3963/192/1575 3969/185/1575 3968/184/1575
f 3961/57/1679 3970/38/1679 3969/37/1679 3963/58/1679
f 3959/188/1671 3967/181/1671 3970/180/1671 3961/189/1671
f 3986/193/1649 3994/194/1648 3991/195/1648 3984/196/1649
f 3993/197/1680 3994/198/1680 3986/199/1680 3988/200/1680
f 3990/201/1651 3992/202/1651 3993/203/1651 3988/204/1651
f 3991/205/4 3992/206/4 3990/207/4 3984/208/4
f 3986/193/1681 3984/196/1681 3990/201/1681 3988/204/1681
f 3989/209/1682 3983/210/1682 3985/211/1682 3987/212/1682
f 3989/213/4 3992/206/4 3991/205/4 3983/214/4
f 3989/215/1651 3987/216/1651 3993/203/1651 3992/202/1651
f 3985/217/1683 3994/198/1683 3993/197/1683 3987/218/1683
f 3983/210/1648 3991/195/1648 3994/194/1648 3985/211/1648
f 4000/219/1684 3999/220/1684 4001/221/1684 4002/222/1684
f 3998/223/1685 3997/224/1685 3999/225/1685 4000/226/1685
f 3997/227/1649 3995/228/1649 4001/229/1649 3999/230/1649
f 3995/228/1686 3996/231/1686 4002/232/1686 4001/229/1686
f 3996/231/1661 3998/223/1661 4000/226/1661 4002/232/1661
f 3996/219/1687 3995/233/1687 3997/221/1687 3998/222/1687
f 4006/234/1636 4014/235/1636 4011/236/1636 4004/237/1636
f 4013/238/1688 4014/239/1688 4006/240/1688 4008/241/1688
f 4010/242/1656 4012/243/1635 4013/244/1635 4008/245/1656
f 4011/246/4 4012/247/4 4010/248/4 4004/249/4
f 4006/234/1689 4004/237/1689 4010/242/1689 4008/245/1689
f 4009/250/1690 4003/251/1690 4005/252/1690 4007/253/1690
f 4009/254/4 4012/247/4 4011/246/4 4003/255/4
f 4009/256/1635 4007/257/1635 4013/244/1635 4012/243/1635
f 4005/258/1691 4014/239/1691 4013/238/1691 4007/259/1691
f 4003/251/1636 4011/236/1636 4014/235/1636 4005/252/1636
f 4026/1/1692 4023/2/1692 4016/3/1692 4018/4/1692
f 4025/5/1693 4028/6/1693 4020/7/1694
f 4024/8/1695 4025/5/1695 4020/7/1695 4022/9/1695
f 4030/10/4 4031/11/4 4024/12/4 4022/13/4
f 4029/14/1575 4030/15/1575 4022/9/1568 4020/7/1568
f 4021/16/1570 4032/17/1570 4027/18/1570 4019/19/1570
f 4021/20/4 4024/12/4 4031/11/4 4032/21/4
f 4019/22/1696 4025/5/1695 4024/8/1695 4021/23/1696
f 4019/22/1693 4028/6/1693 4025/5/1693
f 4015/24/1692 4023/2/1692 4026/1/1692 4017/25/1692
f 4017/26/1697 4028/27/1697 4027/18/1697
f 4029/14/1698 4028/28/1698 4018/4/1699
f 4016/3/1575 4030/15/1575 4029/14/1575 4018/4/1575
f 4023/29/4 4031/11/4 4030/10/4 4016/30/4
f 4032/21/4 4031/11/4 4023/29/4 4015/31/4
f 4027/18/1570 4032/17/1570 4015/24/1671 4017/25/1671
f 4017/25/1700 4026/1/1701 4028/32/1701
f 4020/7/1698 4028/28/1698 4029/14/1698
f 4027/18/1697 4028/27/1697 4019/19/1702
f 4018/4/1701 4028/32/1701 4026/1/1701
f 4044/1/1703 4041/2/1703 4034/3/1704 4036/4/1704
f 4043/5/1705 4046/6/1705 4038/7/1705
f 4042/8/1706 4043/5/1706 4038/7/1707 4040/9/1707
f 4048/10/4 4049/11/4 4042/12/4 4040/13/4
f 4047/14/1708 4048/15/1708 4040/9/1709 4038/7/1709
f 4039/16/1710 4050/17/1710 4045/18/1710 4037/19/1710
f 4039/20/4 4042/12/4 4049/11/4 4050/21/4
f 4037/22/1706 4043/5/1706 4042/8/1706 4039/23/1706
f 4037/22/1711 4046/6/1705 4043/5/1705
f 4033/24/1712 4041/2/1703 4044/1/1703 4035/25/1712
f 4035/26/1713 4046/27/1713 4045/18/1713
f 4047/14/1714 4046/28/1714 4036/4/1715
f 4034/3/1716 4048/15/1708 4047/14/1708 4036/4/1716
f 4041/29/4 4049/11/4 4048/10/4 4034/30/4
f 4050/21/4 4049/11/4 4041/29/4 4033/31/4
f 4045/18/1710 4050/17/1710 4033/24/1710 4035/25/1710
f 4035/25/1717 4044/1/1718 4046/32/1718
f 4038/7/1714 4046/28/1714 4047/14/1714
f 4045/18/1713 4046/27/1713 4037/19/1719
f 4036/4/1718 4046/32/1718 4044/1/1718
f 4054/33/1720 4062/34/1720 4059/35/1720 4052/36/1720
f 4061/37/1721 4062/38/1721 4054/39/1721 4056/40/1721
f 4058/41/1716 4060/42/1716 4061/43/1716 4056/44/1716
f 4059/45/4 4060/46/4 4058/47/4 4052/48/4
f 4054/33/1722 4052/36/1722 4058/41/1722 4056/44/1722
f 4057/49/1723 4051/50/1723 4053/51/1723 4055/52/1723
f 4057/53/4 4060/46/4 4059/45/4 4051/54/4
f 4057/55/1716 4055/56/1716 4061/43/1716 4060/42/1716
f 4053/57/1724 4062/38/1724 4061/37/1724 4055/58/1724
f 4051/50/1720 4059/35/1720 4062/34/1720 4053/51/1720
f 4066/59/1725 4074/60/1725 4071/61/1725 4064/62/1725
f 4073/37/1726 4074/38/1726 4066/39/1726 4068/40/1726
f 4070/63/1709 4072/64/1709 4073/65/1709 4068/66/1709
f 4071/45/4 4072/46/4 4070/47/4 4064/48/4
f 4066/59/1727 4064/62/1727 4070/63/1727 4068/66/1727
f 4069/67/1728 4063/68/1728 4065/69/1728 4067/70/1728
f 4069/53/4 4072/46/4 4071/45/4 4063/54/4
f 4069/71/1709 4067/72/1709 4073/65/1709 4072/64/1709
f 4065/57/1729 4074/38/1729 4073/37/1729 4067/58/1729
f 4063/68/1725 4071/61/1725 4074/60/1725 4065/69/1725
f 4078/73/1720 4086/74/1730 4083/75/1730 4076/76/1720
f 4085/37/1731 4086/38/1731 4078/39/1731 4080/40/1731
f 4082/77/1709 4084/78/1709 4085/79/1709 4080/80/1709
f 4083/45/4 4084/46/4 4082/47/4 4076/48/4
f 4078/73/1732 4076/76/1732 4082/77/1732 4080/80/1732
f 4081/81/1733 4075/82/1733 4077/83/1733 4079/84/1733
f 4081/53/4 4084/46/4 4083/45/4 4075/54/4
f 4081/85/1709 4079/86/1709 4085/79/1709 4084/78/1709
f 4077/57/1734 4086/38/1734 4085/37/1734 4079/58/1734
f 4075/82/1725 4083/75/1730 4086/74/1730 4077/83/1725
f 4092/87/1735 4091/88/1735 4093/89/1735 4094/90/1735
f 4090/91/4 4089/92/4 4091/93/4 4092/94/4
f 4089/95/1736 4087/96/1736 4093/97/1736 4091/98/1736
f 4087/96/30 4088/99/30 4094/100/30 4093/97/30
f 4088/99/1737 4090/91/1737 4092/94/1737 4094/100/1737
f 4088/87/1738 4087/88/1738 4089/89/1738 4090/90/1738
f 4100/87/1739 4099/88/1739 4101/89/1739 4102/90/1739
f 4098/101/4 4097/102/4 4099/103/4 4100/104/4
f 4097/105/1736 4095/106/1736 4101/107/1736 4099/108/1736
f 4095/106/30 4096/109/30 4102/110/30 4101/107/30
f 4096/109/1737 4098/101/1737 4100/104/1737 4102/110/1737
f 4096/87/1740 4095/88/1740 4097/89/1740 4098/90/1740
f 4106/111/1736 4114/112/1736 4111/113/1736 4104/114/1736
f 4113/115/1741 4114/116/1741 4106/117/1741 4108/118/1741
f 4110/119/1737 4112/120/1737 4113/121/1737 4108/122/1737
f 4111/123/4 4112/124/4 4110/125/4 4104/126/4
f 4106/111/1742 4104/114/1742 4110/119/1742 4108/122/1742
f 4109/127/1743 4103/128/1743 4105/129/1743 4107/130/1743
f 4109/131/4 4112/124/4 4111/123/4 4103/132/4
f 4109/133/1737 4107/134/1737 4113/121/1737 4112/120/1737
f 4105/135/1744 4114/116/1744 4113/115/1744 4107/136/1744
f 4103/128/1736 4111/113/1736 4114/112/1736 4105/129/1736
f 4118/137/1736 4126/138/1736 4123/139/1736 4116/140/1736
f 4125/141/1745 4126/142/1745 4118/143/1745 4120/144/1745
f 4122/145/1644 4124/146/1737 4125/147/1737 4120/148/1644
f 4123/149/4 4124/150/4 4122/151/4 4116/152/4
f 4118/137/1746 4116/140/1746 4122/145/1746 4120/148/1746
f 4121/153/1747 4115/154/1747 4117/155/1747 4119/156/1747
f 4121/157/4 4124/150/4 4123/149/4 4115/158/4
f 4121/159/1737 4119/160/1737 4125/147/1737 4124/146/1737
f 4117/161/1748 4126/142/1748 4125/141/1748 4119/162/1748
f 4115/154/1736 4123/139/1736 4126/138/1736 4117/155/1736
f 4140/163/1637 4139/164/1637 4145/165/1637 4146/166/1637
f 4141/167/1749 4139/168/1749 4140/39/1749 4142/40/1749
f 4144/169/1644 4143/170/1644 4141/171/1644 4142/172/1644
f 4145/45/4 4143/46/4 4144/47/4 4146/48/4
f 4140/163/1750 4146/166/1750 4144/169/1750 4142/172/1750
f 4147/173/1751 4148/174/1751 4150/175/1751 4149/176/1751
f 4147/53/4 4143/46/4 4145/45/4 4148/54/4
f 4147/177/1644 4149/178/1644 4141/171/1644 4143/170/1644
f 4150/57/1752 4139/168/1752 4141/167/1752 4149/58/1752
f 4148/174/1637 4145/165/1637 4139/164/1637 4150/175/1637
f 4130/179/1736 4138/180/1637 4135/181/1637 4128/182/1736
f 4137/37/1753 4138/38/1753 4130/39/1753 4132/40/1753
f 4134/183/1737 4136/184/1644 4137/185/1644 4132/186/1737
f 4135/45/4 4136/46/4 4134/47/4 4128/48/4
f 4130/179/1754 4128/182/1754 4134/183/1754 4132/186/1754
f 4133/187/1755 4127/188/1755 4129/189/1755 4131/190/1755
f 4133/53/4 4136/46/4 4135/45/4 4127/54/4
f 4133/191/1644 4131/192/1644 4137/185/1644 4136/184/1644
f 4129/57/1756 4138/38/1756 4137/37/1756 4131/58/1756
f 4127/188/1637 4135/181/1637 4138/180/1637 4129/189/1637
f 4154/193/1730 4162/194/1730 4159/195/1730 4152/196/1730
f 4161/197/1757 4162/198/1757 4154/199/1757 4156/200/1757
f 4158/201/1709 4160/202/1709 4161/203/1709 4156/204/1709
f 4159/205/4 4160/206/4 4158/207/4 4152/208/4
f 4154/193/1758 4152/196/1758 4158/201/1758 4156/204/1758
f 4157/209/1759 4151/210/1759 4153/211/1759 4155/212/1759
f 4157/213/4 4160/206/4 4159/205/4 4151/214/4
f 4157/215/1708 4155/216/1708 4161/203/1709 4160/202/1709
f 4153/217/1760 4162/198/1760 4161/197/1760 4155/218/1760
f 4151/210/1730 4159/195/1730 4162/194/1730 4153/211/1730
f 4168/219/1735 4167/220/1735 4169/221/1735 4170/222/1735
f 4166/223/1761 4165/224/1761 4167/225/1761 4168/226/1761
f 4165/227/1736 4163/228/1736 4169/229/1736 4167/230/1736
f 4163/228/1762 4164/231/1762 4170/232/1762 4169/229/1762
f 4164/231/1737 4166/223/1737 4168/226/1737 4170/232/1737
f 4164/219/1763 4163/233/1763 4165/221/1763 4166/222/1763
f 4174/234/1710 4182/235/1720 4179/236/1720 4172/237/1710
f 4181/238/1764 4182/239/1764 4174/240/1764 4176/241/1764
f 4178/242/1716 4180/243/1716 4181/244/1716 4176/245/1716
f 4179/246/4 4180/247/4 4178/248/4 4172/249/4
f 4174/234/1765 4172/237/1765 4178/242/1765 4176/245/1765
f 4177/250/1766 4171/251/1766 4173/252/1766 4175/253/1766
f 4177/254/4 4180/247/4 4179/246/4 4171/255/4
f 4177/256/1708 4175/257/1708 4181/244/1716 4180/243/1716
f 4173/258/1767 4182/239/1767 4181/238/1767 4175/259/1767
f 4171/251/1720 4179/236/1720 4182/235/1720 4173/252/1720
f 4194/1/1768 4191/2/1768 4184/3/1768 4186/4/1768
f 4193/5/1769 4196/6/1769 4188/7/1770
f 4192/8/1771 4193/5/1771 4188/7/1771 4190/9/1771
f 4198/10/4 4199/11/4 4192/12/4 4190/13/4
f 4197/14/1635 4198/15/1635 4190/9/1644 4188/7/1644
f 4189/16/1637 4200/17/1637 4195/18/1637 4187/19/1637
f 4189/20/4 4192/12/4 4199/11/4 4200/21/4
f 4187/22/1771 4193/5/1771 4192/8/1771 4189/23/1771
f 4187/22/1769 4196/6/1769 4193/5/1769
f 4183/24/1772 4191/2/1768 4194/1/1768 4185/25/1772
f 4185/26/1773 4196/27/1638 4195/18/1638
f 4197/14/1774 4196/28/1774 4186/4/1774
f 4184/3/1635 4198/15/1635 4197/14/1635 4186/4/1635
f 4191/29/4 4199/11/4 4198/10/4 4184/30/4
f 4200/21/4 4199/11/4 4191/29/4 4183/31/4
f 4195/18/1637 4200/17/1637 4183/24/1637 4185/25/1637
f 4185/25/1775 4194/1/1776 4196/32/1776
f 4188/7/1777 4196/28/1774 4197/14/1774
f 4195/18/1638 4196/27/1638 4187/19/1638
f 4186/4/1776 4196/32/1776 4194/1/1776
f 4212/1/1778 4209/2/1778 4202/3/1778 4204/4/1778
f 4211/5/1779 4214/6/1779 4206/7/1779
f 4210/8/1780 4211/5/1780 4206/7/1781 4208/9/1781
f 4216/10/4 4217/11/4 4210/12/4 4208/13/4
f 4215/14/1782 4216/15/1782 4208/9/1782 4206/7/1782
f 4207/16/1783 4218/17/1784 4213/18/1784 4205/19/1783
f 4207/20/4 4210/12/4 4217/11/4 4218/21/4
f 4205/22/1785 4211/5/1780 4210/8/1780 4207/23/1785
f 4205/22/1786 4214/6/1779 4211/5/1779
f 4201/24/1778 4209/2/1778 4212/1/1778 4203/25/1778
f 4203/26/1787 4214/27/1787 4213/18/1787
f 4215/14/1788 4214/28/1789 4204/4/1788
f 4202/3/1790 4216/15/1782 4215/14/1782 4204/4/1790
f 4209/29/4 4217/11/4 4216/10/4 4202/30/4
f 4218/21/4 4217/11/4 4209/29/4 4201/31/4
f 4213/18/1784 4218/17/1784 4201/24/1791 4203/25/1791
f 4203/25/1792 4212/1/1793 4214/32/1793
f 4206/7/1789 4214/28/1789 4215/14/1788
f 4213/18/1787 4214/27/1787 4205/19/1794
f 4204/4/1795 4214/32/1793 4212/1/1793
f 4222/33/1791 4230/34/1791 4227/35/1791 4220/36/1791
f 4229/37/1796 4230/38/1796 4222/39/1796 4224/40/1796
f 4226/41/1797 4228/42/1798 4229/43/1798 4224/44/1797
f 4227/45/4 4228/46/4 4226/47/4 4220/48/4
f 4222/33/1799 4220/36/1799 4226/41/1799 4224/44/1799
f 4225/49/1800 4219/50/1800 4221/51/1800 4223/52/1800
f 4225/53/4 4228/46/4 4227/45/4 4219/54/4
f 4225/55/1798 4223/56/1798 4229/43/1798 4228/42/1798
f 4221/57/1801 4230/38/1801 4229/37/1801 4223/58/1801
f 4219/50/1791 4227/35/1791 4230/34/1791 4221/51/1791
f 4234/59/1802 4242/60/1802 4239/61/1802 4232/62/1802
f 4241/37/1803 4242/38/1803 4234/39/1803 4236/40/1803
f 4238/63/1804 4240/64/1805 4241/65/1805 4236/66/1804
f 4239/45/4 4240/46/4 4238/47/4 4232/48/4
f 4234/59/1806 4232/62/1806 4238/63/1806 4236/66/1806
f 4237/67/1807 4231/68/1807 4233/69/1807 4235/70/1807
f 4237/53/4 4240/46/4 4239/45/4 4231/54/4
f 4237/71/1805 4235/72/1805 4241/65/1805 4240/64/1805
f 4233/57/1808 4242/38/1808 4241/37/1808 4235/58/1808
f 4231/68/1802 4239/61/1802 4242/60/1802 4233/69/1802
f 4246/73/1783 4254/74/1783 4251/75/1783 4244/76/1783
f 4253/37/1809 4254/38/1809 4246/39/1809 4248/40/1809
f 4250/77/1797 4252/78/1797 4253/79/1797 4248/80/1797
f 4251/45/4 4252/46/4 4250/47/4 4244/48/4
f 4246/73/1810 4244/76/1810 4250/77/1810 4248/80/1810
f 4249/81/1811 4243/82/1811 4245/83/1811 4247/84/1811
f 4249/53/4 4252/46/4 4251/45/4 4243/54/4
f 4249/85/1797 4247/86/1797 4253/79/1797 4252/78/1797
f 4245/57/1812 4254/38/1812 4253/37/1812 4247/58/1812
f 4243/82/1784 4251/75/1783 4254/74/1783 4245/83/1784
f 4260/87/1813 4259/88/1813 4261/89/1813 4262/90/1813
f 4258/91/4 4257/92/4 4259/93/4 4260/94/4
f 4257/95/1814 4255/96/1814 4261/97/1814 4259/98/1814
f 4255/96/30 4256/99/30 4262/100/30 4261/97/30
f 4256/99/1815 4258/91/1815 4260/94/1815 4262/100/1815
f 4256/87/1816 4255/88/1816 4257/89/1816 4258/90/1816
f 4268/87/1817 4267/88/1817 4269/89/1817 4270/90/1817
f 4266/101/4 4265/102/4 4267/103/4 4268/104/4
f 4265/105/1814 4263/106/1814 4269/107/1814 4267/108/1814
f 4263/106/30 4264/109/30 4270/110/30 4269/107/30
f 4264/109/1815 4266/101/1815 4268/104/1815 4270/110/1815
f 4264/87/1818 4263/88/1818 4265/89/1818 4266/90/1818
f 4274/111/1819 4282/112/1819 4279/113/1819 4272/114/1819
f 4281/115/1820 4282/116/1820 4274/117/1820 4276/118/1820
f 4278/119/1804 4280/120/1804 4281/121/1804 4276/122/1804
f 4279/123/4 4280/124/4 4278/125/4 4272/126/4
f 4274/111/1821 4272/114/1821 4278/119/1821 4276/122/1821
f 4277/127/1822 4271/128/1822 4273/129/1822 4275/130/1822
f 4277/131/4 4280/124/4 4279/123/4 4271/132/4
f 4277/133/1804 4275/134/1804 4281/121/1804 4280/120/1804
f 4273/135/1823 4282/116/1823 4281/115/1823 4275/136/1823
f 4271/128/1819 4279/113/1819 4282/112/1819 4273/129/1819
f 4286/137/1802 4294/138/1819 4291/139/1819 4284/140/1802
f 4293/141/1824 4294/142/1824 4286/143/1824 4288/144/1824
f 4290/145/1804 4292/146/1804 4293/147/1804 4288/148/1804
f 4291/149/4 4292/150/4 4290/151/4 4284/152/4
f 4286/137/1825 4284/140/1825 4290/145/1825 4288/148/1825
f 4289/153/1826 4283/154/1826 4285/155/1826 4287/156/1826
f 4289/157/4 4292/150/4 4291/149/4 4283/158/4
f 4289/159/1827 4287/160/1827 4293/147/1804 4292/146/1804
f 4285/161/1828 4294/142/1828 4293/141/1828 4287/162/1828
f 4283/154/1819 4291/139/1819 4294/138/1819 4285/155/1819
f 4308/163/1710 4307/164/1710 4313/165/1710 4314/166/1710
f 4309/167/1829 4307/168/1829 4308/39/1829 4310/40/1829
f 4312/169/1804 4311/170/1827 4309/171/1827 4310/172/1804
f 4313/45/4 4311/46/4 4312/47/4 4314/48/4
f 4308/163/1830 4314/166/1830 4312/169/1830 4310/172/1830
f 4315/173/1831 4316/174/1831 4318/175/1831 4317/176/1831
f 4315/53/4 4311/46/4 4313/45/4 4316/54/4
f 4315/177/1827 4317/178/1827 4309/171/1827 4311/170/1827
f 4318/57/1832 4307/168/1832 4309/167/1832 4317/58/1832
f 4316/174/1819 4313/165/1710 4307/164/1710 4318/175/1819
f 4298/179/1819 4306/180/1819 4303/181/1819 4296/182/1819
f 4305/37/1833 4306/38/1833 4298/39/1833 4300/40/1833
f 4302/183/1827 4304/184/1827 4305/185/1827 4300/186/1827
f 4303/45/4 4304/46/4 4302/47/4 4296/48/4
f 4298/179/1834 4296/182/1834 4302/183/1834 4300/186/1834
f 4301/187/1835 4295/188/1835 4297/189/1835 4299/190/1835
f 4301/53/4 4304/46/4 4303/45/4 4295/54/4
f 4301/191/1827 4299/192/1827 4305/185/1827 4304/184/1827
f 4297/57/1836 4306/38/1836 4305/37/1836 4299/58/1836
f 4295/188/1819 4303/181/1819 4306/180/1819 4297/189/1819
f 4322/193/1784 4330/194/1784 4327/195/1784 4320/196/1784
f 4329/197/1837 4330/198/1837 4322/199/1837 4324/200/1837
f 4326/201/1797 4328/202/1797 4329/203/1797 4324/204/1797
f 4327/205/4 4328/206/4 4326/207/4 4320/208/4
f 4322/193/1838 4320/196/1838 4326/201/1838 4324/204/1838
f 4325/209/1839 4319/210/1839 4321/211/1839 4323/212/1839
f 4325/213/4 4328/206/4 4327/205/4 4319/214/4
f 4325/215/1797 4323/216/1797 4329/203/1797 4328/202/1797
f 4321/217/1840 4330/198/1840 4329/197/1840 4323/218/1840
f 4319/210/1784 4327/195/1784 4330/194/1784 4321/211/1784
f 4336/219/1817 4335/220/1817 4337/221/1817 4338/222/1817
f 4334/223/1841 4333/224/1841 4335/225/1841 4336/226/1841
f 4333/227/1814 4331/228/1814 4337/229/1814 4335/230/1814
f 4331/228/1842 4332/231/1842 4338/232/1842 4337/229/1842
f 4332/231/1815 4334/223/1815 4336/226/1815 4338/232/1815
f 4332/219/1843 4331/233/1843 4333/221/1843 4334/222/1843
f 4342/234/1784 4350/235/1784 4347/236/1784 4340/237/1784
f 4349/238/1844 4350/239/1844 4342/240/1844 4344/241/1844
f 4346/242/1798 4348/243/1798 4349/244/1798 4344/245/1798
f 4347/246/4 4348/247/4 4346/248/4 4340/249/4
f 4342/234/1845 4340/237/1845 4346/242/1845 4344/245/1845
f 4345/250/1846 4339/251/1846 4341/252/1846 4343/253/1846
f 4345/254/4 4348/247/4 4347/246/4 4339/255/4
f 4345/256/1797 4343/257/1797 4349/244/1798 4348/243/1798
f 4341/258/1847 4350/239/1847 4349/238/1847 4343/259/1847
f 4339/251/1784 4347/236/1784 4350/235/1784 4341/252/1784
f 4362/1/1848 4359/2/1848 4352/3/1848 4354/4/1848
f 4361/5/1849 4364/6/1849 4356/7/1850
f 4360/8/1851 4361/5/1851 4356/7/1851 4358/9/1851
f 4366/10/4 4367/11/4 4360/12/4 4358/13/4
f 4365/14/1716 4366/15/1716 4358/9/1708 4356/7/1708
f 4357/16/1819 4368/17/1819 4363/18/1819 4355/19/1819
f 4357/20/4 4360/12/4 4367/11/4 4368/21/4
f 4355/22/1851 4361/5/1851 4360/8/1851 4357/23/1851
f 4355/22/1852 4364/6/1849 4361/5/1849
f 4351/24/1853 4359/2/1848 4362/1/1848 4353/25/1853
f 4353/26/1854 4364/27/1854 4363/18/1854
f 4365/14/1855 4364/28/1856 4354/4/1856
f 4352/3/1716 4366/15/1716 4365/14/1716 4354/4/1716
f 4359/29/4 4367/11/4 4366/10/4 4352/30/4
f 4368/21/4 4367/11/4 4359/29/4 4351/31/4
f 4363/18/1819 4368/17/1819 4351/24/1710 4353/25/1710
f 4353/25/1857 4362/1/1857 4364/32/1857
f 4356/7/1855 4364/28/1856 4365/14/1855
f 4363/18/1854 4364/27/1854 4355/19/1858
f 4354/4/1857 4364/32/1857 4362/1/1857
f 4380/1/1859 4377/2/1859 4370/3/1860 4372/4/1860
f 4379/5/1861 4382/6/1861 4374/7/1862
f 4378/8/1863 4379/5/1863 4374/7/1863 4376/9/1863
f 4384/10/4 4385/11/4 4378/12/4 4376/13/4
f 4383/14/1864 4384/15/1864 4376/9/1865 4374/7/1865
f 4375/16/1866 4386/17/1867 4381/18/1867 4373/19/1866
f 4375/20/4 4378/12/4 4385/11/4 4386/21/4
f 4373/22/1863 4379/5/1863 4378/8/1863 4375/23/1863
f 4373/22/1868 4382/6/1861 4379/5/1861
f 4369/24/1859 4377/2/1859 4380/1/1859 4371/25/1859
f 4371/26/1869 4382/27/1870 4381/18/1870
f 4383/14/1871 4382/28/1871 4372/4/1871
f 4370/3/1872 4384/15/1864 4383/14/1864 4372/4/1872
f 4377/29/4 4385/11/4 4384/10/4 4370/30/4
f 4386/21/4 4385/11/4 4377/29/4 4369/31/4
f 4381/18/1867 4386/17/1867 4369/24/1873 4371/25/1873
f 4371/25/1874 4380/1/1874 4382/32/1874
f 4374/7/1875 4382/28/1871 4383/14/1871
f 4381/18/1870 4382/27/1870 4373/19/1870
f 4372/4/1876 4382/32/1874 4380/1/1874
f 4390/33/1867 4398/34/1867 4395/35/1867 4388/36/1867
f 4397/37/1877 4398/38/1877 4390/39/1877 4392/40/1877
f 4394/41/1865 4396/42/1865 4397/43/1865 4392/44/1865
f 4395/45/4 4396/46/4 4394/47/4 4388/48/4
f 4390/33/1878 4388/36/1878 4394/41/1878 4392/44/1878
f 4393/49/1879 4387/50/1879 4389/51/1879 4391/52/1879
f 4393/53/4 4396/46/4 4395/45/4 4387/54/4
f 4393/55/1865 4391/56/1865 4397/43/1865 4396/42/1865
f 4389/57/1880 4398/38/1880 4397/37/1880 4391/58/1880
f 4387/50/1867 4395/35/1867 4398/34/1867 4389/51/1867
f 4402/59/1881 4410/60/1866 4407/61/1866 4400/62/1881
f 4409/37/1882 4410/38/1882 4402/39/1882 4404/40/1882
f 4406/63/1790 4408/64/1790 4409/65/1790 4404/66/1790
f 4407/45/4 4408/46/4 4406/47/4 4400/48/4
f 4402/59/1883 4400/62/1883 4406/63/1883 4404/66/1883
f 4405/67/1884 4399/68/1884 4401/69/1884 4403/70/1884
f 4405/53/4 4408/46/4 4407/45/4 4399/54/4
f 4405/71/1790 4403/72/1790 4409/65/1790 4408/64/1790
f 4401/57/1885 4410/38/1885 4409/37/1885 4403/58/1885
f 4399/68/1866 4407/61/1866 4410/60/1866 4401/69/1866
f 4414/73/1867 4422/74/1866 4419/75/1866 4412/76/1867
f 4421/37/1886 4422/38/1886 4414/39/1886 4416/40/1886
f 4418/77/1790 4420/78/1790 4421/79/1790 4416/80/1790
f 4419/45/4 4420/46/4 4418/47/4 4412/48/4
f 4414/73/1887 4412/76/1887 4418/77/1887 4416/80/1887
f 4417/81/1888 4411/82/1888 4413/83/1888 4415/84/1888
f 4417/53/4 4420/46/4 4419/45/4 4411/54/4
f 4417/85/1790 4415/86/1790 4421/79/1790 4420/78/1790
f 4413/57/1889 4422/38/1889 4421/37/1889 4415/58/1889
f 4411/82/1866 4419/75/1866 4422/74/1866 4413/83/1866
f 4428/87/1890 4427/88/1890 4429/89/1890 4430/90/1890
f 4426/91/4 4425/92/4 4427/93/4 4428/94/4
f 4425/95/1866 4423/96/1866 4429/97/1866 4427/98/1866
f 4423/96/30 4424/99/30 4430/100/30 4429/97/30
f 4424/99/1790 4426/91/1790 4428/94/1790 4430/100/1790
f 4424/87/1891 4423/88/1891 4425/89/1891 4426/90/1891
f 4436/87/1892 4435/88/1892 4437/89/1892 4438/90/1892
f 4434/101/4 4433/102/4 4435/103/4 4436/104/4
f 4433/105/1866 4431/106/1866 4437/107/1866 4435/108/1866
f 4431/106/30 4432/109/30 4438/110/30 4437/107/30
f 4432/109/1790 4434/101/1790 4436/104/1790 4438/110/1790
f 4432/87/1891 4431/88/1891 4433/89/1891 4434/90/1891
f 4442/111/1866 4450/112/1881 4447/113/1881 4440/114/1866
f 4449/115/1893 4450/116/1893 4442/117/1893 4444/118/1893
f 4446/119/1790 4448/120/1790 4449/121/1790 4444/122/1790
f 4447/123/4 4448/124/4 4446/125/4 4440/126/4
f 4442/111/1894 4440/114/1894 4446/119/1894 4444/122/1894
f 4445/127/1895 4439/128/1895 4441/129/1895 4443/130/1895
f 4445/131/4 4448/124/4 4447/123/4 4439/132/4
f 4445/133/1782 4443/134/1782 4449/121/1790 4448/120/1790
f 4441/135/1896 4450/116/1896 4449/115/1896 4443/136/1896
f 4439/128/1881 4447/113/1881 4450/112/1881 4441/129/1881
f 4454/137/1881 4462/138/1881 4459/139/1881 4452/140/1881
f 4461/141/1897 4462/142/1897 4454/143/1897 4456/144/1897
f 4458/145/1782 4460/146/1790 4461/147/1790 4456/148/1782
f 4459/149/4 4460/150/4 4458/151/4 4452/152/4
f 4454/137/1898 4452/140/1898 4458/145/1898 4456/148/1898
f 4457/153/1899 4451/154/1899 4453/155/1899 4455/156/1899
f 4457/157/4 4460/150/4 4459/149/4 4451/158/4
f 4457/159/1790 4455/160/1790 4461/147/1790 4460/146/1790
f 4453/161/1900 4462/142/1900 4461/141/1900 4455/162/1900
f 4451/154/1866 4459/139/1881 4462/138/1881 4453/155/1866
f 4476/163/1881 4475/164/1791 4481/165/1791 4482/166/1881
f 4477/167/1901 4475/168/1901 4476/39/1901 4478/40/1901
f 4480/169/1782 4479/170/1798 4477/171/1798 4478/172/1782
f 4481/45/4 4479/46/4 4480/47/4 4482/48/4
f 4476/163/1902 4482/166/1902 4480/169/1902 4478/172/1902
f 4483/173/1903 4484/174/1903 4486/175/1903 4485/176/1903
f 4483/53/4 4479/46/4 4481/45/4 4484/54/4
f 4483/177/1798 4485/178/1798 4477/171/1798 4479/170/1798
f 4486/57/1904 4475/168/1904 4477/167/1904 4485/58/1904
f 4484/174/1791 4481/165/1791 4475/164/1791 4486/175/1791
f 4466/179/1881 4474/180/1881 4471/181/1881 4464/182/1881
f 4473/37/1905 4474/38/1905 4466/39/1905 4468/40/1905
f 4470/183/1782 4472/184/1782 4473/185/1782 4468/186/1782
f 4471/45/4 4472/46/4 4470/47/4 4464/48/4
f 4466/179/1906 4464/182/1906 4470/183/1906 4468/186/1906
f 4469/187/1907 4463/188/1907 4465/189/1907 4467/190/1907
f 4469/53/4 4472/46/4 4471/45/4 4463/54/4
f 4469/191/1782 4467/192/1782 4473/185/1782 4472/184/1782
f 4465/57/1908 4474/38/1908 4473/37/1908 4467/58/1908
f 4463/188/1791 4471/181/1881 4474/180/1881 4465/189/1791
f 4490/193/1866 4498/194/1866 4495/195/1866 4488/196/1866
f 4497/197/1909 4498/198/1909 4490/199/1909 4492/200/1909
f 4494/201/1865 4496/202/1790 4497/203/1790 4492/204/1865
f 4495/205/4 4496/206/4 4494/207/4 4488/208/4
f 4490/193/1910 4488/196/1910 4494/201/1910 4492/204/1910
f 4493/209/1911 4487/210/1911 4489/211/1911 4491/212/1911
f 4493/213/4 4496/206/4 4495/205/4 4487/214/4
f 4493/215/1790 4491/216/1790 4497/203/1790 4496/202/1790
f 4489/217/1912 4498/198/1912 4497/197/1912 4491/218/1912
f 4487/210/1866 4495/195/1866 4498/194/1866 4489/211/1866
f 4504/219/1892 4503/220/1892 4505/221/1892 4506/222/1892
f 4502/223/1913 4501/224/1913 4503/225/1913 4504/226/1913
f 4501/227/1866 4499/228/1866 4505/229/1866 4503/230/1866
f 4499/228/1914 4500/231/1914 4506/232/1914 4505/229/1914
f 4500/231/1790 4502/223/1790 4504/226/1790 4506/232/1790
f 4500/219/1915 4499/233/1915 4501/221/1915 4502/222/1915
f 4510/234/1867 4518/235/1866 4515/236/1866 4508/237/1867
f 4517/238/1916 4518/239/1916 4510/240/1916 4512/241/1916
f 4514/242/1865 4516/243/1865 4517/244/1865 4512/245/1865
f 4515/246/4 4516/247/4 4514/248/4 4508/249/4
f 4510/234/1917 4508/237/1917 4514/242/1917 4512/245/1917
f 4513/250/1918 4507/251/1918 4509/252/1918 4511/253/1918
f 4513/254/4 4516/247/4 4515/246/4 4507/255/4
f 4513/256/1790 4511/257/1790 4517/244/1865 4516/243/1865
f 4509/258/1919 4518/239/1919 4517/238/1919 4511/259/1919
f 4507/251/1866 4515/236/1866 4518/235/1866 4509/252/1866
f 4530/1/1920 4527/2/1920 4520/3/1921 4522/4/1921
f 4529/5/1922 4532/6/1922 4524/7/1923
f 4528/8/1924 4529/5/1924 4524/7/1924 4526/9/1924
f 4534/10/4 4535/11/4 4528/12/4 4526/13/4
f 4533/14/1790 4534/15/1790 4526/9/1790 4524/7/1790
f 4525/16/1784 4536/17/1784 4531/18/1784 4523/19/1784
f 4525/20/4 4528/12/4 4535/11/4 4536/21/4
f 4523/22/1924 4529/5/1924 4528/8/1924 4525/23/1924
f 4523/22/1922 4532/6/1922 4529/5/1922
f 4519/24/1925 4527/2/1920 4530/1/1920 4521/25/1925
f 4521/26/1926 4532/27/1926 4531/18/1926
f 4533/14/1927 4532/28/1927 4522/4/1928
f 4520/3/1790 4534/15/1790 4533/14/1790 4522/4/1790
f 4527/29/4 4535/11/4 4534/10/4 4520/30/4
f 4536/21/4 4535/11/4 4527/29/4 4519/31/4
f 4531/18/1784 4536/17/1784 4519/24/1784 4521/25/1784
f 4521/25/1929 4530/1/1930 4532/32/1930
f 4524/7/1927 4532/28/1927 4533/14/1927
f 4531/18/1926 4532/27/1926 4523/19/1926
f 4522/4/1931 4532/32/1930 4530/1/1930
f 4548/1/1932 4545/2/1932 4538/3/1932 4540/4/1932
f 4547/5/1933 4550/6/1933 4542/7/1934
f 4546/8/1935 4547/5/1935 4542/7/1936 4544/9/1936
f 4552/10/4 4553/11/4 4546/12/4 4544/13/4
f 4551/14/1937 4552/15/1937 4544/9/1937 4542/7/1937
f 4543/16/1938 4554/17/1938 4549/18/1938 4541/19/1938
f 4543/20/4 4546/12/4 4553/11/4 4554/21/4
f 4541/22/1935 4547/5/1935 4546/8/1935 4543/23/1935
f 4541/22/1939 4550/6/1933 4547/5/1933
f 4537/24/1932 4545/2/1932 4548/1/1932 4539/25/1932
f 4539/26/1940 4550/27/1940 4549/18/1940
f 4551/14/1941 4550/28/1941 4540/4/1941
f 4538/3/1937 4552/15/1937 4551/14/1937 4540/4/1937
f 4545/29/4 4553/11/4 4552/10/4 4538/30/4
f 4554/21/4 4553/11/4 4545/29/4 4537/31/4
f 4549/18/1938 4554/17/1938 4537/24/1938 4539/25/1938
f 4539/25/1942 4548/1/1943 4550/32/1943
f 4542/7/1941 4550/28/1941 4551/14/1941
f 4549/18/1940 4550/27/1940 4541/19/1944
f 4540/4/1945 4550/32/1943 4548/1/1943
f 4558/33/1938 4566/34/1938 4563/35/1938 4556/36/1938
f 4565/37/1946 4566/38/1946 4558/39/1946 4560/40/1946
f 4562/41/1947 4564/42/1947 4565/43/1947 4560/44/1947
f 4563/45/4 4564/46/4 4562/47/4 4556/48/4
f 4558/33/1948 4556/36/1948 4562/41/1948 4560/44/1948
f 4561/49/1949 4555/50/1949 4557/51/1949 4559/52/1949
f 4561/53/4 4564/46/4 4563/45/4 4555/54/4
f 4561/55/1947 4559/56/1947 4565/43/1947 4564/42/1947
f 4557/57/1950 4566/38/1950 4565/37/1950 4559/58/1950
f 4555/50/1951 4563/35/1938 4566/34/1938 4557/51/1951
f 4570/59/1951 4578/60/1951 4575/61/1951 4568/62/1951
f 4577/37/1952 4578/38/1952 4570/39/1952 4572/40/1952
f 4574/63/1953 4576/64/1872 4577/65/1872 4572/66/1953
f 4575/45/4 4576/46/4 4574/47/4 4568/48/4
f 4570/59/1954 4568/62/1954 4574/63/1954 4572/66/1954
f 4573/67/1955 4567/68/1955 4569/69/1955 4571/70/1955
f 4573/53/4 4576/46/4 4575/45/4 4567/54/4
f 4573/71/1872 4571/72/1872 4577/65/1872 4576/64/1872
f 4569/57/1956 4578/38/1956 4577/37/1956 4571/58/1956
f 4567/68/1951 4575/61/1951 4578/60/1951 4569/69/1951
f 4582/73/1951 4590/74/1951 4587/75/1951 4580/76/1951
f 4589/37/1957 4590/38/1957 4582/39/1957 4584/40/1957
f 4586/77/1953 4588/78/1953 4589/79/1953 4584/80/1953
f 4587/45/4 4588/46/4 4586/47/4 4580/48/4
f 4582/73/1958 4580/76/1958 4586/77/1958 4584/80/1958
f 4585/81/1959 4579/82/1959 4581/83/1959 4583/84/1959
f 4585/53/4 4588/46/4 4587/45/4 4579/54/4
f 4585/85/1872 4583/86/1872 4589/79/1953 4588/78/1953
f 4581/57/1960 4590/38/1960 4589/37/1960 4583/58/1960
f 4579/82/1951 4587/75/1951 4590/74/1951 4581/83/1951
f 4596/87/1961 4595/88/1961 4597/89/1961 4598/90/1961
f 4594/91/4 4593/92/4 4595/93/4 4596/94/4
f 4593/95/1962 4591/96/1962 4597/97/1962 4595/98/1962
f 4591/96/30 4592/99/30 4598/100/30 4597/97/30
f 4592/99/1872 4594/91/1872 4596/94/1872 4598/100/1872
f 4592/87/1963 4591/88/1963 4593/89/1963 4594/90/1963
f 4604/87/1964 4603/88/1964 4605/89/1964 4606/90/1964
f 4602/101/4 4601/102/4 4603/103/4 4604/104/4
f 4601/105/1962 4599/106/1962 4605/107/1962 4603/108/1962
f 4599/106/30 4600/109/30 4606/110/30 4605/107/30
f 4600/109/1872 4602/101/1872 4604/104/1872 4606/110/1872
f 4600/87/1965 4599/88/1965 4601/89/1965 4602/90/1965
f 4610/111/1962 4618/112/1962 4615/113/1962 4608/114/1962
f 4617/115/1966 4618/116/1966 4610/117/1966 4612/118/1966
f 4614/119/1872 4616/120/1872 4617/121/1872 4612/122/1872
f 4615/123/4 4616/124/4 4614/125/4 4608/126/4
f 4610/111/1967 4608/114/1967 4614/119/1967 4612/122/1967
f 4613/127/1968 4607/128/1968 4609/129/1968 4611/130/1968
f 4613/131/4 4616/124/4 4615/123/4 4607/132/4
f 4613/133/1872 4611/134/1872 4617/121/1872 4616/120/1872
f 4609/135/1969 4618/116/1969 4617/115/1969 4611/136/1969
f 4607/128/1962 4615/113/1962 4618/112/1962 4609/129/1962
f 4622/137/1962 4630/138/1962 4627/139/1962 4620/140/1962
f 4629/141/1970 4630/142/1970 4622/143/1970 4624/144/1970
f 4626/145/1872 4628/146/1872 4629/147/1872 4624/148/1872
f 4627/149/4 4628/150/4 4626/151/4 4620/152/4
f 4622/137/1971 4620/140/1971 4626/145/1971 4624/148/1971
f 4625/153/1972 4619/154/1972 4621/155/1972 4623/156/1972
f 4625/157/4 4628/150/4 4627/149/4 4619/158/4
f 4625/159/1864 4623/160/1864 4629/147/1872 4628/146/1872
f 4621/161/1973 4630/142/1973 4629/141/1973 4623/162/1973
f 4619/154/1962 4627/139/1962 4630/138/1962 4621/155/1962
f 4644/163/1873 4643/164/1873 4649/165/1873 4650/166/1873
f 4645/167/1974 4643/168/1974 4644/39/1974 4646/40/1974
f 4648/169/1872 4647/170/1864 4645/171/1864 4646/172/1872
f 4649/45/4 4647/46/4 4648/47/4 4650/48/4
f 4644/163/1975 4650/166/1975 4648/169/1975 4646/172/1975
f 4651/173/1976 4652/174/1976 4654/175/1976 4653/176/1976
f 4651/53/4 4647/46/4 4649/45/4 4652/54/4
f 4651/177/1864 4653/178/1864 4645/171/1864 4647/170/1864
f 4654/57/1977 4643/168/1977 4645/167/1977 4653/58/1977
f 4652/174/1873 4649/165/1873 4643/164/1873 4654/175/1873
f 4634/179/1873 4642/180/1873 4639/181/1873 4632/182/1873
f 4641/37/1978 4642/38/1978 4634/39/1978 4636/40/1978
f 4638/183/1872 4640/184/1872 4641/185/1872 4636/186/1872
f 4639/45/4 4640/46/4 4638/47/4 4632/48/4
f 4634/179/1979 4632/182/1979 4638/183/1979 4636/186/1979
f 4637/187/1980 4631/188/1980 4633/189/1980 4635/190/1980
f 4637/53/4 4640/46/4 4639/45/4 4631/54/4
f 4637/191/1864 4635/192/1864 4641/185/1872 4640/184/1872
f 4633/57/1981 4642/38/1981 4641/37/1981 4635/58/1981
f 4631/188/1873 4639/181/1873 4642/180/1873 4633/189/1873
f 4658/193/1938 4666/194/1951 4663/195/1951 4656/196/1938
f 4665/197/1982 4666/198/1982 4658/199/1982 4660/200/1982
f 4662/201/1947 4664/202/1953 4665/203/1953 4660/204/1947
f 4663/205/4 4664/206/4 4662/207/4 4656/208/4
f 4658/193/1983 4656/196/1983 4662/201/1983 4660/204/1983
f 4661/209/1984 4655/210/1984 4657/211/1984 4659/212/1984
f 4661/213/4 4664/206/4 4663/205/4 4655/214/4
f 4661/215/1872 4659/216/1872 4665/203/1953 4664/202/1953
f 4657/217/1985 4666/198/1985 4665/197/1985 4659/218/1985
f 4655/210/1962 4663/195/1951 4666/194/1951 4657/211/1962
f 4672/219/1986 4671/220/1986 4673/221/1986 4674/222/1986
f 4670/223/1987 4669/224/1987 4671/225/1987 4672/226/1987
f 4669/227/1962 4667/228/1962 4673/229/1962 4671/230/1962
f 4667/228/1988 4668/231/1988 4674/232/1988 4673/229/1988
f 4668/231/1872 4670/223/1872 4672/226/1872 4674/232/1872
f 4668/219/1989 4667/233/1989 4669/221/1989 4670/222/1989
f 4678/234/1938 4686/235/1938 4683/236/1938 4676/237/1938
f 4685/238/1990 4686/239/1990 4678/240/1990 4680/241/1990
f 4682/242/1947 4684/243/1947 4685/244/1947 4680/245/1947
f 4683/246/4 4684/247/4 4682/248/4 4676/249/4
f 4678/234/1991 4676/237/1991 4682/242/1991 4680/245/1991
f 4681/250/1992 4675/251/1992 4677/252/1992 4679/253/1992
f 4681/254/4 4684/247/4 4683/246/4 4675/255/4
f 4681/256/1947 4679/257/1947 4685/244/1947 4684/243/1947
f 4677/258/1993 4686/239/1993 4685/238/1993 4679/259/1993
f 4675/251/1951 4683/236/1938 4686/235/1938 4677/252/1951
f 4698/1/1994 4695/2/1994 4688/3/1994 4690/4/1994
f 4697/5/1995 4700/6/1995 4692/7/1996
f 4696/8/1997 4697/5/1997 4692/7/1998 4694/9/1998
f 4702/10/4 4703/11/4 4696/12/4 4694/13/4
f 4701/14/1864 4702/15/1864 4694/9/1872 4692/7/1872
f 4693/16/1873 4704/17/1867 4699/18/1867 4691/19/1873
f 4693/20/4 4696/12/4 4703/11/4 4704/21/4
f 4691/22/1997 4697/5/1997 4696/8/1997 4693/23/1997
f 4691/22/1999 4700/6/1995 4697/5/1995
f 4687/24/1994 4695/2/1994 4698/1/1994 4689/25/1994
f 4689/26/2000 4700/27/1870 4699/18/1870
f 4701/14/2001 4700/28/2001 4690/4/2001
f 4688/3/1865 4702/15/1864 4701/14/1864 4690/4/1865
f 4695/29/4 4703/11/4 4702/10/4 4688/30/4
f 4704/21/4 4703/11/4 4695/29/4 4687/31/4
f 4699/18/1867 4704/17/1867 4687/24/1867 4689/25/1867
f 4689/25/2002 4698/1/2002 4700/32/2002
f 4692/7/2003 4700/28/2001 4701/14/2001
f 4699/18/1870 4700/27/1870 4691/19/2004
f 4690/4/2002 4700/32/2002 4698/1/2002
f 4716/1/2005 4713/2/2005 4706/3/2006 4708/4/2006
f 4715/5/2007 4718/6/2007 4710/7/2008
f 4714/8/2009 4715/5/2009 4710/7/2009 4712/9/2009
f 4720/10/4 4721/11/4 4714/12/4 4712/13/4
f 4719/14/2010 4720/15/2010 4712/9/2010 4710/7/2010
f 4711/16/2011 4722/17/2011 4717/18/2011 4709/19/2011
f 4711/20/4 4714/12/4 4721/11/4 4722/21/4
f 4709/22/2009 4715/5/2009 4714/8/2009 4711/23/2009
f 4709/22/2012 4718/6/2007 4715/5/2007
f 4705/24/2005 4713/2/2005 4716/1/2005 4707/25/2005
f 4707/26/2013 4718/27/2013 4717/18/2013
f 4719/14/2014 4718/28/2014 4708/4/2014
f 4706/3/2015 4720/15/2010 4719/14/2010 4708/4/2015
f 4713/29/4 4721/11/4 4720/10/4 4706/30/4
f 4722/21/4 4721/11/4 4713/29/4 4705/31/4
f 4717/18/2011 4722/17/2011 4705/24/2016 4707/25/2016
f 4707/25/2017 4716/1/2017 4718/32/2017
f 4710/7/2018 4718/28/2014 4719/14/2014
f 4717/18/2013 4718/27/2013 4709/19/2019
f 4708/4/2020 4718/32/2017 4716/1/2017
f 4726/33/2016 4734/34/2016 4731/35/2016 4724/36/2016
f 4733/37/2021 4734/38/2021 4726/39/2021 4728/40/2021
f 4730/41/2010 4732/42/2010 4733/43/2010 4728/44/2010
f 4731/45/4 4732/46/4 4730/47/4 4724/48/4
f 4726/33/2022 4724/36/2022 4730/41/2022 4728/44/2022
f 4729/49/2023 4723/50/2023 4725/51/2023 4727/52/2023
f 4729/53/4 4732/46/4 4731/45/4 4723/54/4
f 4729/55/2010 4727/56/2010 4733/43/2010 4732/42/2010
f 4725/57/2024 4734/38/2024 4733/37/2024 4727/58/2024
f 4723/50/2016 4731/35/2016 4734/34/2016 4725/51/2016
f 4738/59/2025 4746/60/2025 4743/61/2025 4736/62/2025
f 4745/37/2026 4746/38/2026 4738/39/2026 4740/40/2026
f 4742/63/2015 4744/64/2015 4745/65/2015 4740/66/2015
f 4743/45/4 4744/46/4 4742/47/4 4736/48/4
f 4738/59/2027 4736/62/2027 4742/63/2027 4740/66/2027
f 4741/67/2028 4735/68/2028 4737/69/2028 4739/70/2028
f 4741/53/4 4744/46/4 4743/45/4 4735/54/4
f 4741/71/2015 4739/72/2015 4745/65/2015 4744/64/2015
f 4737/57/2029 4746/38/2029 4745/37/2029 4739/58/2029
f 4735/68/2025 4743/61/2025 4746/60/2025 4737/69/2025
f 4750/73/2025 4758/74/2016 4755/75/2016 4748/76/2025
f 4757/37/2030 4758/38/2030 4750/39/2030 4752/40/2030
f 4754/77/2010 4756/78/2010 4757/79/2010 4752/80/2010
f 4755/45/4 4756/46/4 4754/47/4 4748/48/4
f 4750/73/2031 4748/76/2031 4754/77/2031 4752/80/2031
f 4753/81/2032 4747/82/2032 4749/83/2032 4751/84/2032
f 4753/53/4 4756/46/4 4755/45/4 4747/54/4
f 4753/85/2010 4751/86/2010 4757/79/2010 4756/78/2010
f 4749/57/2033 4758/38/2033 4757/37/2033 4751/58/2033
f 4747/82/2016 4755/75/2016 4758/74/2016 4749/83/2016
f 4764/87/2034 4763/88/2034 4765/89/2034 4766/90/2034
f 4762/91/4 4761/92/4 4763/93/4 4764/94/4
f 4761/95/2025 4759/96/2025 4765/97/2025 4763/98/2025
f 4759/96/30 4760/99/30 4766/100/30 4765/97/30
f 4760/99/2015 4762/91/2015 4764/94/2015 4766/100/2015
f 4760/87/2035 4759/88/2035 4761/89/2035 4762/90/2035
f 4772/87/2034 4771/88/2034 4773/89/2034 4774/90/2034
f 4770/101/4 4769/102/4 4771/103/4 4772/104/4
f 4769/105/2025 4767/106/2025 4773/107/2025 4771/108/2025
f 4767/106/30 4768/109/30 4774/110/30 4773/107/30
f 4768/109/2015 4770/101/2015 4772/104/2015 4774/110/2015
f 4768/87/2036 4767/88/2036 4769/89/2036 4770/90/2036
f 4778/111/2025 4786/112/2037 4783/113/2037 4776/114/2025
f 4785/115/2038 4786/116/2038 4778/117/2038 4780/118/2038
f 4782/119/1937 4784/120/1937 4785/121/1937 4780/122/1937
f 4783/123/4 4784/124/4 4782/125/4 4776/126/4
f 4778/111/2039 4776/114/2039 4782/119/2039 4780/122/2039
f 4781/127/2040 4775/128/2040 4777/129/2040 4779/130/2040
f 4781/131/4 4784/124/4 4783/123/4 4775/132/4
f 4781/133/2015 4779/134/2015 4785/121/1937 4784/120/1937
f 4777/135/2041 4786/116/2041 4785/115/2041 4779/136/2041
f 4775/128/2037 4783/113/2037 4786/112/2037 4777/129/2037
f 4790/137/2037 4798/138/2037 4795/139/2037 4788/140/2037
f 4797/141/2042 4798/142/2042 4790/143/2042 4792/144/2042
f 4794/145/1947 4796/146/1937 4797/147/1937 4792/148/1947
f 4795/149/4 4796/150/4 4794/151/4 4788/152/4
f 4790/137/2043 4788/140/2043 4794/145/2043 4792/148/2043
f 4793/153/2044 4787/154/2044 4789/155/2044 4791/156/2044
f 4793/157/4 4796/150/4 4795/149/4 4787/158/4
f 4793/159/2015 4791/160/2015 4797/147/1937 4796/146/1937
f 4789/161/2045 4798/142/2045 4797/141/2045 4791/162/2045
f 4787/154/2037 4795/139/2037 4798/138/2037 4789/155/2037
f 4812/163/2037 4811/164/2037 4817/165/2037 4818/166/2037
f 4813/167/2046 4811/168/2046 4812/39/2046 4814/40/2046
f 4816/169/1937 4815/170/1937 4813/171/1937 4814/172/1937
f 4817/45/4 4815/46/4 4816/47/4 4818/48/4
f 4812/163/2047 4818/166/2047 4816/169/2047 4814/172/2047
f 4819/173/2048 4820/174/2048 4822/175/2048 4821/176/2048
f 4819/53/4 4815/46/4 4817/45/4 4820/54/4
f 4819/177/1947 4821/178/1947 4813/171/1937 4815/170/1937
f 4822/57/2049 4811/168/2049 4813/167/2049 4821/58/2049
f 4820/174/1938 4817/165/2037 4811/164/2037 4822/175/1938
f 4802/179/2037 4810/180/2037 4807/181/2037 4800/182/2037
f 4809/37/2050 4810/38/2050 4802/39/2050 4804/40/2050
f 4806/183/1937 4808/184/1937 4809/185/1937 4804/186/1937
f 4807/45/4 4808/46/4 4806/47/4 4800/48/4
f 4802/179/2051 4800/182/2051 4806/183/2051 4804/186/2051
f 4805/187/2052 4799/188/2052 4801/189/2052 4803/190/2052
f 4805/53/4 4808/46/4 4807/45/4 4799/54/4
f 4805/191/1947 4803/192/1947 4809/185/1937 4808/184/1937
f 4801/57/2053 4810/38/2053 4809/37/2053 4803/58/2053
f 4799/188/2037 4807/181/2037 4810/180/2037 4801/189/2037
f 4826/193/2025 4834/194/2025 4831/195/2025 4824/196/2025
f 4833/197/2054 4834/198/2054 4826/199/2054 4828/200/2054
f 4830/201/2015 4832/202/2015 4833/203/2015 4828/204/2015
f 4831/205/4 4832/206/4 4830/207/4 4824/208/4
f 4826/193/2055 4824/196/2055 4830/201/2055 4828/204/2055
f 4829/209/2056 4823/210/2056 4825/211/2056 4827/212/2056
f 4829/213/4 4832/206/4 4831/205/4 4823/214/4
f 4829/215/2015 4827/216/2015 4833/203/2015 4832/202/2015
f 4825/217/2057 4834/198/2057 4833/197/2057 4827/218/2057
f 4823/210/2016 4831/195/2025 4834/194/2025 4825/211/2016
f 4840/219/2058 4839/220/2058 4841/221/2058 4842/222/2058
f 4838/223/2059 4837/224/2059 4839/225/2059 4840/226/2059
f 4837/227/2025 4835/228/2025 4841/229/2025 4839/230/2025
f 4835/228/2060 4836/231/2060 4842/232/2060 4841/229/2060
f 4836/231/2015 4838/223/2015 4840/226/2015 4842/232/2015
f 4836/219/2061 4835/233/2061 4837/221/2061 4838/222/2061
f 4846/234/2011 4854/235/2016 4851/236/2016 4844/237/2011
f 4853/238/2062 4854/239/2062 4846/240/2062 4848/241/2062
f 4850/242/2010 4852/243/2010 4853/244/2010 4848/245/2010
f 4851/246/4 4852/247/4 4850/248/4 4844/249/4
f 4846/234/2063 4844/237/2063 4850/242/2063 4848/245/2063
f 4849/250/2064 4843/251/2064 4845/252/2064 4847/253/2064
f 4849/254/4 4852/247/4 4851/246/4 4843/255/4
f 4849/256/2015 4847/257/2015 4853/244/2010 4852/243/2010
f 4845/258/2065 4854/239/2065 4853/238/2065 4847/259/2065
f 4843/251/2025 4851/236/2016 4854/235/2016 4845/252/2025
f 4866/1/2066 4863/2/2066 4856/3/2067 4858/4/2067
f 4865/5/2068 4868/6/2068 4860/7/2069
f 4864/8/2070 4865/5/2070 4860/7/2070 4862/9/2070
f 4870/10/4 4871/11/4 4864/12/4 4862/13/4
f 4869/14/1947 4870/15/1947 4862/9/1953 4860/7/1953
f 4861/16/1938 4872/17/1938 4867/18/1938 4859/19/1938
f 4861/20/4 4864/12/4 4871/11/4 4872/21/4
f 4859/22/2070 4865/5/2070 4864/8/2070 4861/23/2070
f 4859/22/2068 4868/6/2068 4865/5/2068
f 4855/24/2066 4863/2/2066 4866/1/2066 4857/25/2066
f 4857/26/1940 4868/27/1940 4867/18/1940
f 4869/14/1941 4868/28/1941 4858/4/1941
f 4856/3/1937 4870/15/1947 4869/14/1947 4858/4/1937
f 4863/29/4 4871/11/4 4870/10/4 4856/30/4
f 4872/21/4 4871/11/4 4863/29/4 4855/31/4
f 4867/18/1938 4872/17/1938 4855/24/2037 4857/25/2037
f 4857/25/2071 4866/1/2072 4868/32/2072
f 4860/7/2073 4868/28/1941 4869/14/1941
f 4867/18/1940 4868/27/1940 4859/19/2074
f 4858/4/2075 4868/32/2072 4866/1/2072
f 4884/1/2076 4881/2/2076 4874/3/2076 4876/4/2076
f 4883/5/2077 4886/6/2077 4878/7/2078
f 4882/8/2079 4883/5/2079 4878/7/2079 4880/9/2079
f 4888/10/4 4889/11/4 4882/12/4 4880/13/4
f 4887/14/2080 4888/15/2080 4880/9/2080 4878/7/2080
f 4879/16/2081 4890/17/2082 4885/18/2082 4877/19/2081
f 4879/20/4 4882/12/4 4889/11/4 4890/21/4
f 4877/22/2079 4883/5/2079 4882/8/2079 4879/23/2079
f 4877/22/2077 4886/6/2077 4883/5/2077
f 4873/24/2076 4881/2/2076 4884/1/2076 4875/25/2076
f 4875/26/2083 4886/27/2083 4885/18/2083
f 4887/14/2084 4886/28/2084 4876/4/2084
f 4874/3/2080 4888/15/2080 4887/14/2080 4876/4/2080
f 4881/29/4 4889/11/4 4888/10/4 4874/30/4
f 4890/21/4 4889/11/4 4881/29/4 4873/31/4
f 4885/18/2082 4890/17/2082 4873/24/2082 4875/25/2082
f 4875/25/2085 4884/1/2086 4886/32/2086
f 4878/7/2087 4886/28/2084 4887/14/2084
f 4885/18/2083 4886/27/2083 4877/19/2083
f 4876/4/2088 4886/32/2086 4884/1/2086
f 4894/33/2081 4902/34/2081 4899/35/2081 4892/36/2081
f 4901/37/2089 4902/38/2089 4894/39/2089 4896/40/2089
f 4898/41/2080 4900/42/2080 4901/43/2080 4896/44/2080
f 4899/45/4 4900/46/4 4898/47/4 4892/48/4
f 4894/33/2090 4892/36/2090 4898/41/2090 4896/44/2090
f 4897/49/2091 4891/50/2091 4893/51/2091 4895/52/2091
f 4897/53/4 4900/46/4 4899/45/4 4891/54/4
f 4897/55/2080 4895/56/2080 4901/43/2080 4900/42/2080
f 4893/57/2092 4902/38/2092 4901/37/2092 4895/58/2092
f 4891/50/2081 4899/35/2081 4902/34/2081 4893/51/2081
f 4906/59/2093 4914/60/2093 4911/61/2093 4904/62/2093
f 4913/37/2094 4914/38/2094 4906/39/2094 4908/40/2094
f 4910/63/2095 4912/64/2095 4913/65/2095 4908/66/2095
f 4911/45/4 4912/46/4 4910/47/4 4904/48/4
f 4906/59/2096 4904/62/2096 4910/63/2096 4908/66/2096
f 4909/67/2097 4903/68/2097 4905/69/2097 4907/70/2097
f 4909/53/4 4912/46/4 4911/45/4 4903/54/4
f 4909/71/2095 4907/72/2095 4913/65/2095 4912/64/2095
f 4905/57/2098 4914/38/2098 4913/37/2098 4907/58/2098
f 4903/68/2099 4911/61/2093 4914/60/2093 4905/69/2099
f 4918/73/2093 4926/74/2093 4923/75/2093 4916/76/2093
f 4925/37/2100 4926/38/2100 4918/39/2100 4920/40/2100
f 4922/77/2080 4924/78/2080 4925/79/2080 4920/80/2080
f 4923/45/4 4924/46/4 4922/47/4 4916/48/4
f 4918/73/2101 4916/76/2101 4922/77/2101 4920/80/2101
f 4921/81/2102 4915/82/2102 4917/83/2102 4919/84/2102
f 4921/53/4 4924/46/4 4923/45/4 4915/54/4
f 4921/85/2080 4919/86/2080 4925/79/2080 4924/78/2080
f 4917/57/2103 4926/38/2103 4925/37/2103 4919/58/2103
f 4915/82/2081 4923/75/2093 4926/74/2093 4917/83/2081
f 4932/87/2104 4931/88/2104 4933/89/2104 4934/90/2104
f 4930/91/4 4929/92/4 4931/93/4 4932/94/4
f 4929/95/2099 4927/96/2099 4933/97/2099 4931/98/2099
f 4927/96/30 4928/99/30 4934/100/30 4933/97/30
f 4928/99/2095 4930/91/2095 4932/94/2095 4934/100/2095
f 4928/87/2105 4927/88/2105 4929/89/2105 4930/90/2105
f 4940/87/2106 4939/88/2106 4941/89/2106 4942/90/2106
f 4938/101/4 4937/102/4 4939/103/4 4940/104/4
f 4937/105/2099 4935/106/2099 4941/107/2099 4939/108/2099
f 4935/106/30 4936/109/30 4942/110/30 4941/107/30
f 4936/109/2095 4938/101/2095 4940/104/2095 4942/110/2095
f 4936/87/2107 4935/88/2107 4937/89/2107 4938/90/2107
f 4946/111/2099 4954/112/2099 4951/113/2099 4944/114/2099
f 4953/115/2108 4954/116/2108 4946/117/2108 4948/118/2108
f 4950/119/2095 4952/120/2095 4953/121/2095 4948/122/2095
f 4951/123/4 4952/124/4 4950/125/4 4944/126/4
f 4946/111/2109 4944/114/2109 4950/119/2109 4948/122/2109
f 4949/127/2110 4943/128/2110 4945/129/2110 4947/130/2110
f 4949/131/4 4952/124/4 4951/123/4 4943/132/4
f 4949/133/2111 4947/134/2111 4953/121/2095 4952/120/2095
f 4945/135/2112 4954/116/2112 4953/115/2112 4947/136/2112
f 4943/128/2099 4951/113/2099 4954/112/2099 4945/129/2099
f 4958/137/2099 4966/138/2099 4963/139/2099 4956/140/2099
f 4965/141/2113 4966/142/2113 4958/143/2113 4960/144/2113
f 4962/145/2095 4964/146/2095 4965/147/2095 4960/148/2095
f 4963/149/4 4964/150/4 4962/151/4 4956/152/4
f 4958/137/2114 4956/140/2114 4962/145/2114 4960/148/2114
f 4961/153/2115 4955/154/2115 4957/155/2115 4959/156/2115
f 4961/157/4 4964/150/4 4963/149/4 4955/158/4
f 4961/159/2095 4959/160/2095 4965/147/2095 4964/146/2095
f 4957/161/2116 4966/142/2116 4965/141/2116 4959/162/2116
f 4955/154/2099 4963/139/2099 4966/138/2099 4957/155/2099
f 4980/163/2011 4979/164/2011 4985/165/2011 4986/166/2011
f 4981/167/2117 4979/168/2117 4980/39/2117 4982/40/2117
f 4984/169/2095 4983/170/2111 4981/171/2111 4982/172/2095
f 4985/45/4 4983/46/4 4984/47/4 4986/48/4
f 4980/163/2118 4986/166/2118 4984/169/2118 4982/172/2118
f 4987/173/2119 4988/174/2119 4990/175/2119 4989/176/2119
f 4987/53/4 4983/46/4 4985/45/4 4988/54/4
f 4987/177/2111 4989/178/2111 4981/171/2111 4983/170/2111
f 4990/57/2120 4979/168/2120 4981/167/2120 4989/58/2120
f 4988/174/2011 4985/165/2011 4979/164/2011 4990/175/2011
f 4970/179/2099 4978/180/2099 4975/181/2099 4968/182/2099
f 4977/37/2121 4978/38/2121 4970/39/2121 4972/40/2121
f 4974/183/2095 4976/184/2095 4977/185/2095 4972/186/2095
f 4975/45/4 4976/46/4 4974/47/4 4968/48/4
f 4970/179/2122 4968/182/2122 4974/183/2122 4972/186/2122
f 4973/187/2123 4967/188/2123 4969/189/2123 4971/190/2123
f 4973/53/4 4976/46/4 4975/45/4 4967/54/4
f 4973/191/2111 4971/192/2111 4977/185/2095 4976/184/2095
f 4969/57/2124 4978/38/2124 4977/37/2124 4971/58/2124
f 4967/188/2099 4975/181/2099 4978/180/2099 4969/189/2099
f 4994/193/2093 5002/194/2093 4999/195/2093 4992/196/2093
f 5001/197/2125 5002/198/2125 4994/199/2125 4996/200/2125
f 4998/201/2080 5000/202/2080 5001/203/2080 4996/204/2080
f 4999/205/4 5000/206/4 4998/207/4 4992/208/4
f 4994/193/2126 4992/196/2126 4998/201/2126 4996/204/2126
f 4997/209/2127 4991/210/2127 4993/211/2127 4995/212/2127
f 4997/213/4 5000/206/4 4999/205/4 4991/214/4
f 4997/215/2080 4995/216/2080 5001/203/2080 5000/202/2080
f 4993/217/2128 5002/198/2128 5001/197/2128 4995/218/2128
f 4991/210/2081 4999/195/2093 5002/194/2093 4993/211/2081
f 5008/219/2129 5007/220/2129 5009/221/2129 5010/222/2129
f 5006/223/2130 5005/224/2130 5007/225/2130 5008/226/2130
f 5005/227/2099 5003/228/2099 5009/229/2099 5007/230/2099
f 5003/228/2131 5004/231/2131 5010/232/2131 5009/229/2131
f 5004/231/2095 5006/223/2095 5008/226/2095 5010/232/2095
f 5004/219/2132 5003/233/2132 5005/221/2132 5006/222/2132
f 5014/234/2081 5022/235/2081 5019/236/2081 5012/237/2081
f 5021/238/2133 5022/239/2133 5014/240/2133 5016/241/2133
f 5018/242/2134 5020/243/2134 5021/244/2134 5016/245/2134
f 5019/246/4 5020/247/4 5018/248/4 5012/249/4
f 5014/234/2135 5012/237/2135 5018/242/2135 5016/245/2135
f 5017/250/2136 5011/251/2136 5013/252/2136 5015/253/2136
f 5017/254/4 5020/247/4 5019/246/4 5011/255/4
f 5017/256/2080 5015/257/2080 5021/244/2134 5020/243/2134
f 5013/258/2137 5022/239/2137 5021/238/2137 5015/259/2137
f 5011/251/2081 5019/236/2081 5022/235/2081 5013/252/2081
f 5034/1/2138 5031/2/2138 5024/3/2138 5026/4/2138
f 5033/5/2139 5036/6/2139 5028/7/2140
f 5032/8/2141 5033/5/2141 5028/7/2142 5030/9/2142
f 5038/10/4 5039/11/4 5032/12/4 5030/13/4
f 5037/14/2010 5038/15/2010 5030/9/2111 5028/7/2111
f 5029/16/2099 5040/17/2011 5035/18/2011 5027/19/2099
f 5029/20/4 5032/12/4 5039/11/4 5040/21/4
f 5027/22/2141 5033/5/2141 5032/8/2141 5029/23/2141
f 5027/22/2143 5036/6/2139 5033/5/2139
f 5023/24/2144 5031/2/2138 5034/1/2138 5025/25/2144
f 5025/26/2019 5036/27/2019 5035/18/2019
f 5037/14/2145 5036/28/2145 5026/4/2018
f 5024/3/2010 5038/15/2010 5037/14/2010 5026/4/2010
f 5031/29/4 5039/11/4 5038/10/4 5024/30/4
f 5040/21/4 5039/11/4 5031/29/4 5023/31/4
f 5035/18/2011 5040/17/2011 5023/24/2011 5025/25/2011
f 5025/25/2146 5034/1/2147 5036/32/2147
f 5028/7/2148 5036/28/2145 5037/14/2145
f 5035/18/2019 5036/27/2019 5027/19/2149
f 5026/4/2150 5036/32/2147 5034/1/2147
f 5052/1/2151 5049/2/2151 5042/3/2151 5044/4/2151
f 5051/5/2152 5054/6/2152 5046/7/2153
f 5050/8/2154 5051/5/2154 5046/7/2154 5048/9/2154
f 5056/10/4 5057/11/4 5050/12/4 5048/13/4
f 5055/14/2155 5056/15/2155 5048/9/2155 5046/7/2155
f 5047/16/2156 5058/17/2157 5053/18/2157 5045/19/2156
f 5047/20/4 5050/12/4 5057/11/4 5058/21/4
f 5045/22/2154 5051/5/2154 5050/8/2154 5047/23/2154
f 5045/22/2158 5054/6/2152 5051/5/2152
f 5041/24/2151 5049/2/2151 5052/1/2151 5043/25/2151
f 5043/26/2159 5054/27/2160 5053/18/2160
f 5055/14/2161 5054/28/2161 5044/4/2161
f 5042/3/2162 5056/15/2155 5055/14/2155 5044/4/2162
f 5049/29/4 5057/11/4 5056/10/4 5042/30/4
f 5058/21/4 5057/11/4 5049/29/4 5041/31/4
f 5053/18/2157 5058/17/2157 5041/24/2163 5043/25/2163
f 5043/25/2164 5052/1/2164 5054/32/2164
f 5046/7/2165 5054/28/2161 5055/14/2161
f 5053/18/2160 5054/27/2160 5045/19/2160
f 5044/4/2166 5054/32/2164 5052/1/2164
f 5062/33/2157 5070/34/2157 5067/35/2157 5060/36/2157
f 5069/37/2167 5070/38/2167 5062/39/2167 5064/40/2167
f 5066/41/2168 5068/42/2168 5069/43/2168 5064/44/2168
f 5067/45/4 5068/46/4 5066/47/4 5060/48/4
f 5062/33/2169 5060/36/2169 5066/41/2169 5064/44/2169
f 5065/49/2170 5059/50/2170 5061/51/2170 5063/52/2170
f 5065/53/4 5068/46/4 5067/45/4 5059/54/4
f 5065/55/2168 5063/56/2168 5069/43/2168 5068/42/2168
f 5061/57/2171 5070/38/2171 5069/37/2171 5063/58/2171
f 5059/50/2163 5067/35/2157 5070/34/2157 5061/51/2163
f 5074/59/2172 5082/60/2172 5079/61/2172 5072/62/2172
f 5081/37/2173 5082/38/2173 5074/39/2173 5076/40/2173
f 5078/63/2174 5080/64/2174 5081/65/2174 5076/66/2174
f 5079/45/4 5080/46/4 5078/47/4 5072/48/4
f 5074/59/2175 5072/62/2175 5078/63/2175 5076/66/2175
f 5077/67/2176 5071/68/2176 5073/69/2176 5075/70/2176
f 5077/53/4 5080/46/4 5079/45/4 5071/54/4
f 5077/71/2174 5075/72/2174 5081/65/2174 5080/64/2174
f 5073/57/2177 5082/38/2177 5081/37/2177 5075/58/2177
f 5071/68/2156 5079/61/2172 5082/60/2172 5073/69/2156
f 5086/73/2157 5094/74/2157 5091/75/2157 5084/76/2157
f 5093/37/2178 5094/38/2178 5086/39/2178 5088/40/2178
f 5090/77/2179 5092/78/2179 5093/79/2179 5088/80/2179
f 5091/45/4 5092/46/4 5090/47/4 5084/48/4
f 5086/73/2180 5084/76/2180 5090/77/2180 5088/80/2180
f 5089/81/2181 5083/82/2181 5085/83/2181 5087/84/2181
f 5089/53/4 5092/46/4 5091/45/4 5083/54/4
f 5089/85/2179 5087/86/2179 5093/79/2179 5092/78/2179
f 5085/57/2182 5094/38/2182 5093/37/2182 5087/58/2182
f 5083/82/2157 5091/75/2157 5094/74/2157 5085/83/2157
f 5100/87/2183 5099/88/2183 5101/89/2183 5102/90/2183
f 5098/91/4 5097/92/4 5099/93/4 5100/94/4
f 5097/95/2184 5095/96/2184 5101/97/2184 5099/98/2184
f 5095/96/30 5096/99/30 5102/100/30 5101/97/30
f 5096/99/2185 5098/91/2185 5100/94/2185 5102/100/2185
f 5096/87/2186 5095/88/2186 5097/89/2186 5098/90/2186
f 5108/87/2187 5107/88/2187 5109/89/2187 5110/90/2187
f 5106/101/4 5105/102/4 5107/103/4 5108/104/4
f 5105/105/2184 5103/106/2184 5109/107/2184 5107/108/2184
f 5103/106/30 5104/109/30 5110/110/30 5109/107/30
f 5104/109/2185 5106/101/2185 5108/104/2185 5110/110/2185
f 5104/87/2188 5103/88/2188 5105/89/2188 5106/90/2188
f 5114/111/2172 5122/112/2172 5119/113/2172 5112/114/2172
f 5121/115/2189 5122/116/2189 5114/117/2189 5116/118/2189
f 5118/119/2190 5120/120/2174 5121/121/2174 5116/122/2190
f 5119/123/4 5120/124/4 5118/125/4 5112/126/4
f 5114/111/2191 5112/114/2191 5118/119/2191 5116/122/2191
f 5117/127/2192 5111/128/2192 5113/129/2192 5115/130/2192
f 5117/131/4 5120/124/4 5119/123/4 5111/132/4
f 5117/133/2179 5115/134/2179 5121/121/2174 5120/120/2174
f 5113/135/2193 5122/116/2193 5121/115/2193 5115/136/2193
f 5111/128/2172 5119/113/2172 5122/112/2172 5113/129/2172
f 5126/137/2194 5134/138/2194 5131/139/2194 5124/140/2194
f 5133/141/2195 5134/142/2195 5126/143/2195 5128/144/2195
f 5130/145/2196 5132/146/2196 5133/147/2196 5128/148/2196
f 5131/149/4 5132/150/4 5130/151/4 5124/152/4
f 5126/137/2197 5124/140/2197 5130/145/2197 5128/148/2197
f 5129/153/2198 5123/154/2198 5125/155/2198 5127/156/2198
f 5129/157/4 5132/150/4 5131/149/4 5123/158/4
f 5129/159/2199 5127/160/2199 5133/147/2196 5132/146/2196
f 5125/161/2200 5134/142/2200 5133/141/2200 5127/162/2200
f 5123/154/2194 5131/139/2194 5134/138/2194 5125/155/2194
f 5148/163/2082 5147/164/2082 5153/165/2082 5154/166/2082
f 5149/167/2201 5147/168/2201 5148/39/2201 5150/40/2201
f 5152/169/2196 5151/170/2196 5149/171/2196 5150/172/2196
f 5153/45/4 5151/46/4 5152/47/4 5154/48/4
f 5148/163/2202 5154/166/2202 5152/169/2202 5150/172/2202
f 5155/173/2203 5156/174/2203 5158/175/2203 5157/176/2203
f 5155/53/4 5151/46/4 5153/45/4 5156/54/4
f 5155/177/2196 5157/178/2196 5149/171/2196 5151/170/2196
f 5158/57/2204 5147/168/2204 5149/167/2204 5157/58/2204
f 5156/174/2081 5153/165/2082 5147/164/2082 5158/175/2081
f 5138/179/2194 5146/180/2082 5143/181/2082 5136/182/2194
f 5145/37/2205 5146/38/2205 5138/39/2205 5140/40/2205
f 5142/183/2196 5144/184/2196 5145/185/2196 5140/186/2196
f 5143/45/4 5144/46/4 5142/47/4 5136/48/4
f 5138/179/2206 5136/182/2206 5142/183/2206 5140/186/2206
f 5141/187/2207 5135/188/2207 5137/189/2207 5139/190/2207
f 5141/53/4 5144/46/4 5143/45/4 5135/54/4
f 5141/191/2196 5139/192/2196 5145/185/2196 5144/184/2196
f 5137/57/2208 5146/38/2208 5145/37/2208 5139/58/2208
f 5135/188/2082 5143/181/2082 5146/180/2082 5137/189/2082
f 5162/193/2157 5170/194/2157 5167/195/2157 5160/196/2157
f 5169/197/2209 5170/198/2209 5162/199/2209 5164/200/2209
f 5166/201/2179 5168/202/2179 5169/203/2179 5164/204/2179
f 5167/205/4 5168/206/4 5166/207/4 5160/208/4
f 5162/193/2210 5160/196/2210 5166/201/2210 5164/204/2210
f 5165/209/2211 5159/210/2211 5161/211/2211 5163/212/2211
f 5165/213/4 5168/206/4 5167/205/4 5159/214/4
f 5165/215/2179 5163/216/2179 5169/203/2179 5168/202/2179
f 5161/217/2212 5170/198/2212 5169/197/2212 5163/218/2212
f 5159/210/2156 5167/195/2157 5170/194/2157 5161/211/2156
f 5176/219/2213 5175/220/2213 5177/221/2213 5178/222/2213
f 5174/223/2214 5173/224/2214 5175/225/2214 5176/226/2214
f 5173/227/2184 5171/228/2184 5177/229/2184 5175/230/2184
f 5171/228/2215 5172/231/2215 5178/232/2215 5177/229/2215
f 5172/231/2185 5174/223/2185 5176/226/2185 5178/232/2185
f 5172/219/2186 5171/233/2186 5173/221/2186 5174/222/2186
f 5182/234/2163 5190/235/2157 5187/236/2157 5180/237/2163
f 5189/238/2216 5190/239/2216 5182/240/2216 5184/241/2216
f 5186/242/2179 5188/243/2168 5189/244/2168 5184/245/2179
f 5187/246/4 5188/247/4 5186/248/4 5180/249/4
f 5182/234/2217 5180/237/2217 5186/242/2217 5184/245/2217
f 5185/250/2218 5179/251/2218 5181/252/2218 5183/253/2218
f 5185/254/4 5188/247/4 5187/246/4 5179/255/4
f 5185/256/2168 5183/257/2168 5189/244/2168 5188/243/2168
f 5181/258/2219 5190/239/2219 5189/238/2219 5183/259/2219
f 5179/251/2157 5187/236/2157 5190/235/2157 5181/252/2157
f 5202/1/2220 5199/2/2220 5192/3/2221 5194/4/2221
f 5201/5/2222 5204/6/2222 5196/7/2223
f 5200/8/2224 5201/5/2224 5196/7/2224 5198/9/2224
f 5206/10/4 5207/11/4 5200/12/4 5198/13/4
f 5205/14/2080 5206/15/2080 5198/9/2080 5196/7/2080
f 5197/16/2082 5208/17/2082 5203/18/2082 5195/19/2082
f 5197/20/4 5200/12/4 5207/11/4 5208/21/4
f 5195/22/2224 5201/5/2224 5200/8/2224 5197/23/2224
f 5195/22/2222 5204/6/2222 5201/5/2222
f 5191/24/2220 5199/2/2220 5202/1/2220 5193/25/2220
f 5193/26/2225 5204/27/2226 5203/18/2226
f 5205/14/2227 5204/28/2227 5194/4/2227
f 5192/3/2134 5206/15/2080 5205/14/2080 5194/4/2134
f 5199/29/4 5207/11/4 5206/10/4 5192/30/4
f 5208/21/4 5207/11/4 5199/29/4 5191/31/4
f 5203/18/2082 5208/17/2082 5191/24/2194 5193/25/2194
f 5193/25/2228 5202/1/2228 5204/32/2228
f 5196/7/2229 5204/28/2227 5205/14/2227
f 5203/18/2226 5204/27/2226 5195/19/2226
f 5194/4/2230 5204/32/2228 5202/1/2228
f 5220/1/2231 5217/2/2231 5210/3/2232 5212/4/2232
f 5219/5/2233 5222/6/2233 5214/7/2234
f 5218/8/2235 5219/5/2235 5214/7/2235 5216/9/2235
f 5224/10/4 5225/11/4 5218/12/4 5216/13/4
f 5223/14/2236 5224/15/2236 5216/9/2236 5214/7/2236
f 5215/16/2237 5226/17/2237 5221/18/2237 5213/19/2237
f 5215/20/4 5218/12/4 5225/11/4 5226/21/4
f 5213/22/2235 5219/5/2235 5218/8/2235 5215/23/2235
f 5213/22/2238 5222/6/2233 5219/5/2233
f 5209/24/2239 5217/2/2231 5220/1/2231 5211/25/2239
f 5211/26/2240 5222/27/2241 5221/18/2241
f 5223/14/2242 5222/28/2242 5212/4/2242
f 5210/3/2236 5224/15/2236 5223/14/2236 5212/4/2236
f 5217/29/4 5225/11/4 5224/10/4 5210/30/4
f 5226/21/4 5225/11/4 5217/29/4 5209/31/4
f 5221/18/2237 5226/17/2237 5209/24/2243 5211/25/2243
f 5211/25/2244 5220/1/2245 5222/32/2245
f 5214/7/2246 5222/28/2242 5223/14/2242
f 5221/18/2241 5222/27/2241 5213/19/2241
f 5212/4/2247 5222/32/2245 5220/1/2245
f 5230/33/2237 5238/34/2237 5235/35/2237 5228/36/2237
f 5237/37/2248 5238/38/2248 5230/39/2248 5232/40/2248
f 5234/41/2236 5236/42/2249 5237/43/2249 5232/44/2236
f 5235/45/4 5236/46/4 5234/47/4 5228/48/4
f 5230/33/2250 5228/36/2250 5234/41/2250 5232/44/2250
f 5233/49/2251 5227/50/2251 5229/51/2251 5231/52/2251
f 5233/53/4 5236/46/4 5235/45/4 5227/54/4
f 5233/55/2249 5231/56/2249 5237/43/2249 5236/42/2249
f 5229/57/2252 5238/38/2252 5237/37/2252 5231/58/2252
f 5227/50/2237 5235/35/2237 5238/34/2237 5229/51/2237
f 5242/59/2253 5250/60/2253 5247/61/2253 5240/62/2253
f 5249/37/2254 5250/38/2254 5242/39/2254 5244/40/2254
f 5246/63/2162 5248/64/2162 5249/65/2162 5244/66/2162
f 5247/45/4 5248/46/4 5246/47/4 5240/48/4
f 5242/59/2255 5240/62/2255 5246/63/2255 5244/66/2255
f 5245/67/2256 5239/68/2256 5241/69/2256 5243/70/2256
f 5245/53/4 5248/46/4 5247/45/4 5239/54/4
f 5245/71/2162 5243/72/2162 5249/65/2162 5248/64/2162
f 5241/57/2257 5250/38/2257 5249/37/2257 5243/58/2257
f 5239/68/2253 5247/61/2253 5250/60/2253 5241/69/2253
f 5254/73/2237 5262/74/2253 5259/75/2253 5252/76/2237
f 5261/37/2258 5262/38/2258 5254/39/2258 5256/40/2258
f 5258/77/2249 5260/78/2249 5261/79/2249 5256/80/2249
f 5259/45/4 5260/46/4 5258/47/4 5252/48/4
f 5254/73/2259 5252/76/2259 5258/77/2259 5256/80/2259
f 5257/81/2260 5251/82/2260 5253/83/2260 5255/84/2260
f 5257/53/4 5260/46/4 5259/45/4 5251/54/4
f 5257/85/2249 5255/86/2249 5261/79/2249 5260/78/2249
f 5253/57/2261 5262/38/2261 5261/37/2261 5255/58/2261
f 5251/82/2253 5259/75/2253 5262/74/2253 5253/83/2253
f 5268/87/2262 5267/88/2262 5269/89/2262 5270/90/2262
f 5266/91/4 5265/92/4 5267/93/4 5268/94/4
f 5265/95/2253 5263/96/2253 5269/97/2253 5267/98/2253
f 5263/96/30 5264/99/30 5270/100/30 5269/97/30
f 5264/99/2162 5266/91/2162 5268/94/2162 5270/100/2162
f 5264/87/2263 5263/88/2263 5265/89/2263 5266/90/2263
f 5276/87/2262 5275/88/2262 5277/89/2262 5278/90/2262
f 5274/101/4 5273/102/4 5275/103/4 5276/104/4
f 5273/105/2253 5271/106/2253 5277/107/2253 5275/108/2253
f 5271/106/30 5272/109/30 5278/110/30 5277/107/30
f 5272/109/2162 5274/101/2162 5276/104/2162 5278/110/2162
f 5272/87/2263 5271/88/2263 5273/89/2263 5274/90/2263
f 5282/111/2264 5290/112/2264 5287/113/2264 5280/114/2264
f 5289/115/2265 5290/116/2265 5282/117/2265 5284/118/2265
f 5286/119/2162 5288/120/2162 5289/121/2162 5284/122/2162
f 5287/123/4 5288/124/4 5286/125/4 5280/126/4
f 5282/111/2266 5280/114/2266 5286/119/2266 5284/122/2266
f 5285/127/2267 5279/128/2267 5281/129/2267 5283/130/2267
f 5285/131/4 5288/124/4 5287/123/4 5279/132/4
f 5285/133/2155 5283/134/2155 5289/121/2162 5288/120/2162
f 5281/135/2268 5290/116/2268 5289/115/2268 5283/136/2268
f 5279/128/2264 5287/113/2264 5290/112/2264 5281/129/2264
f 5294/137/2264 5302/138/2264 5299/139/2264 5292/140/2264
f 5301/141/2269 5302/142/2269 5294/143/2269 5296/144/2269
f 5298/145/2155 5300/146/2155 5301/147/2155 5296/148/2155
f 5299/149/4 5300/150/4 5298/151/4 5292/152/4
f 5294/137/2270 5292/140/2270 5298/145/2270 5296/148/2270
f 5297/153/2271 5291/154/2271 5293/155/2271 5295/156/2271
f 5297/157/4 5300/150/4 5299/149/4 5291/158/4
f 5297/159/2155 5295/160/2155 5301/147/2155 5300/146/2155
f 5293/161/2272 5302/142/2272 5301/141/2272 5295/162/2272
f 5291/154/2264 5299/139/2264 5302/138/2264 5293/155/2264
f 5316/163/2264 5315/164/2264 5321/165/2264 5322/166/2264
f 5317/167/2273 5315/168/2273 5316/39/2273 5318/40/2273
f 5320/169/2155 5319/170/2155 5317/171/2155 5318/172/2155
f 5321/45/4 5319/46/4 5320/47/4 5322/48/4
f 5316/163/2274 5322/166/2274 5320/169/2274 5318/172/2274
f 5323/173/2275 5324/174/2275 5326/175/2275 5325/176/2275
f 5323/53/4 5319/46/4 5321/45/4 5324/54/4
f 5323/177/2155 5325/178/2155 5317/171/2155 5319/170/2155
f 5326/57/2276 5315/168/2276 5317/167/2276 5325/58/2276
f 5324/174/2264 5321/165/2264 5315/164/2264 5326/175/2264
f 5306/179/2264 5314/180/2163 5311/181/2163 5304/182/2264
f 5313/37/2277 5314/38/2277 5306/39/2277 5308/40/2277
f 5310/183/2155 5312/184/2155 5313/185/2155 5308/186/2155
f 5311/45/4 5312/46/4 5310/47/4 5304/48/4
f 5306/179/2278 5304/182/2278 5310/183/2278 5308/186/2278
f 5309/187/2279 5303/188/2279 5305/189/2279 5307/190/2279
f 5309/53/4 5312/46/4 5311/45/4 5303/54/4
f 5309/191/2155 5307/192/2155 5313/185/2155 5312/184/2155
f 5305/57/2280 5314/38/2280 5313/37/2280 5307/58/2280
f 5303/188/2163 5311/181/2163 5314/180/2163 5305/189/2163
f 5330/193/2253 5338/194/2253 5335/195/2253 5328/196/2253
f 5337/197/2281 5338/198/2281 5330/199/2281 5332/200/2281
f 5334/201/2162 5336/202/2162 5337/203/2162 5332/204/2162
f 5335/205/4 5336/206/4 5334/207/4 5328/208/4
f 5330/193/2282 5328/196/2282 5334/201/2282 5332/204/2282
f 5333/209/2283 5327/210/2283 5329/211/2283 5331/212/2283
f 5333/213/4 5336/206/4 5335/205/4 5327/214/4
f 5333/215/2162 5331/216/2162 5337/203/2162 5336/202/2162
f 5329/217/2284 5338/198/2284 5337/197/2284 5331/218/2284
f 5327/210/2253 5335/195/2253 5338/194/2253 5329/211/2253
f 5344/219/2262 5343/220/2262 5345/221/2262 5346/222/2262
f 5342/223/2285 5341/224/2285 5343/225/2285 5344/226/2285
f 5341/227/2253 5339/228/2253 5345/229/2253 5343/230/2253
f 5339/228/2286 5340/231/2286 5346/232/2286 5345/229/2286
f 5340/231/2162 5342/223/2162 5344/226/2162 5346/232/2162
f 5340/219/2287 5339/233/2287 5341/221/2287 5342/222/2287
f 5350/234/2237 5358/235/2237 5355/236/2237 5348/237/2237
f 5357/238/2288 5358/239/2288 5350/240/2288 5352/241/2288
f 5354/242/2249 5356/243/2249 5357/244/2249 5352/245/2249
f 5355/246/4 5356/247/4 5354/248/4 5348/249/4
f 5350/234/2289 5348/237/2289 5354/242/2289 5352/245/2289
f 5353/250/2290 5347/251/2290 5349/252/2290 5351/253/2290
f 5353/254/4 5356/247/4 5355/246/4 5347/255/4
f 5353/256/2249 5351/257/2249 5357/244/2249 5356/243/2249
f 5349/258/2291 5358/239/2291 5357/238/2291 5351/259/2291
f 5347/251/2243 5355/236/2237 5358/235/2237 5349/252/2243
f 5370/1/2292 5367/2/2292 5360/3/2292 5362/4/2292
f 5369/5/2293 5372/6/2293 5364/7/2293
f 5368/8/2294 5369/5/2294 5364/7/2294 5366/9/2294
f 5374/10/4 5375/11/4 5368/12/4 5366/13/4
f 5373/14/2155 5374/15/2155 5366/9/2155 5364/7/2155
f 5365/16/2163 5376/17/2163 5371/18/2163 5363/19/2163
f 5365/20/4 5368/12/4 5375/11/4 5376/21/4
f 5363/22/2295 5369/5/2294 5368/8/2294 5365/23/2295
f 5363/22/2296 5372/6/2293 5369/5/2293
f 5359/24/2292 5367/2/2292 5370/1/2292 5361/25/2292
f 5361/26/2297 5372/27/2298 5371/18/2298
f 5373/14/2299 5372/28/2299 5362/4/2161
f 5360/3/2155 5374/15/2155 5373/14/2155 5362/4/2155
f 5367/29/4 5375/11/4 5374/10/4 5360/30/4
f 5376/21/4 5375/11/4 5367/29/4 5359/31/4
f 5371/18/2163 5376/17/2163 5359/24/2163 5361/25/2163
f 5361/25/2300 5370/1/2300 5372/32/2300
f 5364/7/2301 5372/28/2299 5373/14/2299
f 5371/18/2298 5372/27/2298 5363/19/2298
f 5362/4/2302 5372/32/2300 5370/1/2300
f 5388/1/2303 5385/2/2303 5378/3/2304 5380/4/2304
f 5387/5/2305 5390/6/2305 5382/7/2305
f 5386/8/2306 5387/5/2306 5382/7/2307 5384/9/2307
f 5392/10/4 5393/11/4 5386/12/4 5384/13/4
f 5391/14/2308 5392/15/2308 5384/9/2308 5382/7/2308
f 5383/16/2309 5394/17/2310 5389/18/2310 5381/19/2309
f 5383/20/4 5386/12/4 5393/11/4 5394/21/4
f 5381/22/2311 5387/5/2306 5386/8/2306 5383/23/2311
f 5381/22/2312 5390/6/2305 5387/5/2305
f 5377/24/2303 5385/2/2303 5388/1/2303 5379/25/2303
f 5379/26/2313 5390/27/2313 5389/18/2313
f 5391/14/2314 5390/28/2314 5380/4/2315
f 5378/3/2308 5392/15/2308 5391/14/2308 5380/4/2308
f 5385/29/4 5393/11/4 5392/10/4 5378/30/4
f 5394/21/4 5393/11/4 5385/29/4 5377/31/4
f 5389/18/2310 5394/17/2310 5377/24/2310 5379/25/2310
f 5379/25/2316 5388/1/2316 5390/32/2316
f 5382/7/2317 5390/28/2314 5391/14/2314
f 5389/18/2313 5390/27/2313 5381/19/2318
f 5380/4/2319 5390/32/2316 5388/1/2316
f 5398/33/2310 5406/34/2310 5403/35/2310 5396/36/2310
f 5405/37/2320 5406/38/2320 5398/39/2320 5400/40/2320
f 5402/41/2308 5404/42/2308 5405/43/2308 5400/44/2308
f 5403/45/4 5404/46/4 5402/47/4 5396/48/4
f 5398/33/2321 5396/36/2321 5402/41/2321 5400/44/2321
f 5401/49/2322 5395/50/2322 5397/51/2322 5399/52/2322
f 5401/53/4 5404/46/4 5403/45/4 5395/54/4
f 5401/55/2323 5399/56/2323 5405/43/2308 5404/42/2308
f 5397/57/2324 5406/38/2324 5405/37/2324 5399/58/2324
f 5395/50/2310 5403/35/2310 5406/34/2310 5397/51/2310
f 5410/59/2325 5418/60/2325 5415/61/2325 5408/62/2325
f 5417/37/2326 5418/38/2326 5410/39/2326 5412/40/2326
f 5414/63/2327 5416/64/2328 5417/65/2328 5412/66/2327
f 5415/45/4 5416/46/4 5414/47/4 5408/48/4
f 5410/59/2329 5408/62/2329 5414/63/2329 5412/66/2329
f 5413/67/2330 5407/68/2330 5409/69/2330 5411/70/2330
f 5413/53/4 5416/46/4 5415/45/4 5407/54/4
f 5413/71/2328 5411/72/2328 5417/65/2328 5416/64/2328
f 5409/57/2331 5418/38/2331 5417/37/2331 5411/58/2331
f 5407/68/2325 5415/61/2325 5418/60/2325 5409/69/2325
f 5422/73/2332 5430/74/2332 5427/75/2332 5420/76/2332
f 5429/37/2333 5430/38/2333 5422/39/2333 5424/40/2333
f 5426/77/2323 5428/78/2323 5429/79/2323 5424/80/2323
f 5427/45/4 5428/46/4 5426/47/4 5420/48/4
f 5422/73/2334 5420/76/2334 5426/77/2334 5424/80/2334
f 5425/81/2335 5419/82/2335 5421/83/2335 5423/84/2335
f 5425/53/4 5428/46/4 5427/45/4 5419/54/4
f 5425/85/2323 5423/86/2323 5429/79/2323 5428/78/2323
f 5421/57/2336 5430/38/2336 5429/37/2336 5423/58/2336
f 5419/82/2332 5427/75/2332 5430/74/2332 5421/83/2332
f 5436/87/2337 5435/88/2337 5437/89/2337 5438/90/2337
f 5434/91/4 5433/92/4 5435/93/4 5436/94/4
f 5433/95/2338 5431/96/2338 5437/97/2338 5435/98/2338
f 5431/96/30 5432/99/30 5438/100/30 5437/97/30
f 5432/99/2327 5434/91/2327 5436/94/2327 5438/100/2327
f 5432/87/2339 5431/88/2339 5433/89/2339 5434/90/2339
f 5444/87/2337 5443/88/2337 5445/89/2337 5446/90/2337
f 5442/101/4 5441/102/4 5443/103/4 5444/104/4
f 5441/105/2338 5439/106/2338 5445/107/2338 5443/108/2338
f 5439/106/30 5440/109/30 5446/110/30 5445/107/30
f 5440/109/2327 5442/101/2327 5444/104/2327 5446/110/2327
f 5440/87/2339 5439/88/2339 5441/89/2339 5442/90/2339
f 5450/111/2325 5458/112/2325 5455/113/2325 5448/114/2325
f 5457/115/2340 5458/116/2340 5450/117/2340 5452/118/2340
f 5454/119/2328 5456/120/2328 5457/121/2328 5452/122/2328
f 5455/123/4 5456/124/4 5454/125/4 5448/126/4
f 5450/111/2341 5448/114/2341 5454/119/2341 5452/122/2341
f 5453/127/2342 5447/128/2342 5449/129/2342 5451/130/2342
f 5453/131/4 5456/124/4 5455/123/4 5447/132/4
f 5453/133/2323 5451/134/2323 5457/121/2328 5456/120/2328
f 5449/135/2343 5458/116/2343 5457/115/2343 5451/136/2343
f 5447/128/2325 5455/113/2325 5458/112/2325 5449/129/2325
f 5462/137/2325 5470/138/2325 5467/139/2325 5460/140/2325
f 5469/141/2344 5470/142/2344 5462/143/2344 5464/144/2344
f 5466/145/2323 5468/146/2328 5469/147/2328 5464/148/2323
f 5467/149/4 5468/150/4 5466/151/4 5460/152/4
f 5462/137/2345 5460/140/2345 5466/145/2345 5464/148/2345
f 5465/153/2346 5459/154/2346 5461/155/2346 5463/156/2346
f 5465/157/4 5468/150/4 5467/149/4 5459/158/4
f 5465/159/2236 5463/160/2236 5469/147/2328 5468/146/2328
f 5461/161/2347 5470/142/2347 5469/141/2347 5463/162/2347
f 5459/154/2325 5467/139/2325 5470/138/2325 5461/155/2325
f 5484/163/2243 5483/164/2243 5489/165/2243 5490/166/2243
f 5485/167/2348 5483/168/2348 5484/39/2348 5486/40/2348
f 5488/169/2236 5487/170/2236 5485/171/2236 5486/172/2236
f 5489/45/4 5487/46/4 5488/47/4 5490/48/4
f 5484/163/2349 5490/166/2349 5488/169/2349 5486/172/2349
f 5491/173/2350 5492/174/2350 5494/175/2350 5493/176/2350
f 5491/53/4 5487/46/4 5489/45/4 5492/54/4
f 5491/177/2236 5493/178/2236 5485/171/2236 5487/170/2236
f 5494/57/2351 5483/168/2351 5485/167/2351 5493/58/2351
f 5492/174/2243 5489/165/2243 5483/164/2243 5494/175/2243
f 5474/179/2237 5482/180/2243 5479/181/2243 5472/182/2237
f 5481/37/2352 5482/38/2352 5474/39/2352 5476/40/2352
f 5478/183/2249 5480/184/2236 5481/185/2236 5476/186/2249
f 5479/45/4 5480/46/4 5478/47/4 5472/48/4
f 5474/179/2353 5472/182/2353 5478/183/2353 5476/186/2353
f 5477/187/2354 5471/188/2354 5473/189/2354 5475/190/2354
f 5477/53/4 5480/46/4 5479/45/4 5471/54/4
f 5477/191/2236 5475/192/2236 5481/185/2236 5480/184/2236
f 5473/57/2355 5482/38/2355 5481/37/2355 5475/58/2355
f 5471/188/2325 5479/181/2243 5482/180/2243 5473/189/2325
f 5498/193/2338 5506/194/2332 5503/195/2332 5496/196/2338
f 5505/197/2356 5506/198/2356 5498/199/2356 5500/200/2356
f 5502/201/2327 5504/202/2323 5505/203/2323 5500/204/2327
f 5503/205/4 5504/206/4 5502/207/4 5496/208/4
f 5498/193/2357 5496/196/2357 5502/201/2357 5500/204/2357
f 5501/209/2358 5495/210/2358 5497/211/2358 5499/212/2358
f 5501/213/4 5504/206/4 5503/205/4 5495/214/4
f 5501/215/2323 5499/216/2323 5505/203/2323 5504/202/2323
f 5497/217/2359 5506/198/2359 5505/197/2359 5499/218/2359
f 5495/210/2332 5503/195/2332 5506/194/2332 5497/211/2332
f 5512/219/2337 5511/220/2337 5513/221/2337 5514/222/2337
f 5510/223/2360 5509/224/2360 5511/225/2360 5512/226/2360
f 5509/227/2338 5507/228/2338 5513/229/2338 5511/230/2338
f 5507/228/2361 5508/231/2361 5514/232/2361 5513/229/2361
f 5508/231/2327 5510/223/2327 5512/226/2327 5514/232/2327
f 5508/219/2362 5507/233/2362 5509/221/2362 5510/222/2362
f 5518/234/2332 5526/235/2332 5523/236/2332 5516/237/2332
f 5525/238/2363 5526/239/2363 5518/240/2363 5520/241/2363
f 5522/242/2323 5524/243/2323 5525/244/2323 5520/245/2323
f 5523/246/4 5524/247/4 5522/248/4 5516/249/4
f 5518/234/2364 5516/237/2364 5522/242/2364 5520/245/2364
f 5521/250/2365 5515/251/2365 5517/252/2365 5519/253/2365
f 5521/254/4 5524/247/4 5523/246/4 5515/255/4
f 5521/256/2323 5519/257/2323 5525/244/2323 5524/243/2323
f 5517/258/2366 5526/239/2366 5525/238/2366 5519/259/2366
f 5515/251/2310 5523/236/2332 5526/235/2332 5517/252/2310
f 5538/1/2367 5535/2/2367 5528/3/2367 5530/4/2367
f 5537/5/2368 5540/6/2368 5532/7/2369
f 5536/8/2370 5537/5/2370 5532/7/2371 5534/9/2371
f 5542/10/4 5543/11/4 5536/12/4 5534/13/4
f 5541/14/2236 5542/15/2236 5534/9/2236 5532/7/2236
f 5533/16/2237 5544/17/2237 5539/18/2237 5531/19/2237
f 5533/20/4 5536/12/4 5543/11/4 5544/21/4
f 5531/22/2372 5537/5/2370 5536/8/2370 5533/23/2372
f 5531/22/2373 5540/6/2368 5537/5/2368
f 5527/24/2367 5535/2/2367 5538/1/2367 5529/25/2367
f 5529/26/2374 5540/27/2375 5539/18/2375
f 5541/14/2376 5540/28/2376 5530/4/2376
f 5528/3/2236 5542/15/2236 5541/14/2236 5530/4/2236
f 5535/29/4 5543/11/4 5542/10/4 5528/30/4
f 5544/21/4 5543/11/4 5535/29/4 5527/31/4
f 5539/18/2237 5544/17/2237 5527/24/2243 5529/25/2243
f 5529/25/2377 5538/1/2378 5540/32/2378
f 5532/7/2242 5540/28/2376 5541/14/2376
f 5539/18/2375 5540/27/2375 5531/19/2379
f 5530/4/2378 5540/32/2378 5538/1/2378
f 5556/1/2380 5553/2/2380 5546/3/2381 5548/4/2381
f 5555/5/2382 5558/6/2382 5550/7/2382
f 5554/8/2383 5555/5/2383 5550/7/2383 5552/9/2383
f 5560/10/4 5561/11/4 5554/12/4 5552/13/4
f 5559/14/2384 5560/15/2384 5552/9/2384 5550/7/2384
f 5551/16/2385 5562/17/2385 5557/18/2385 5549/19/2385
f 5551/20/4 5554/12/4 5561/11/4 5562/21/4
f 5549/22/2383 5555/5/2383 5554/8/2383 5551/23/2383
f 5549/22/2386 5558/6/2382 5555/5/2382
f 5545/24/2380 5553/2/2380 5556/1/2380 5547/25/2380
f 5547/26/2387 5558/27/2387 5557/18/2387
f 5559/14/2388 5558/28/2388 5548/4/2388
f 5546/3/2389 5560/15/2384 5559/14/2384 5548/4/2389
f 5553/29/4 5561/11/4 5560/10/4 5546/30/4
f 5562/21/4 5561/11/4 5553/29/4 5545/31/4
f 5557/18/2385 5562/17/2385 5545/24/2390 5547/25/2390
f 5547/25/2391 5556/1/2392 5558/32/2392
f 5550/7/2393 5558/28/2388 5559/14/2388
f 5557/18/2387 5558/27/2387 5549/19/2394
f 5548/4/2392 5558/32/2392 5556/1/2392
f 5566/33/2390 5574/34/2390 5571/35/2390 5564/36/2390
f 5573/37/2395 5574/38/2395 5566/39/2395 5568/40/2395
f 5570/41/2384 5572/42/2384 5573/43/2384 5568/44/2384
f 5571/45/4 5572/46/4 5570/47/4 5564/48/4
f 5566/33/2396 5564/36/2396 5570/41/2396 5568/44/2396
f 5569/49/2397 5563/50/2397 5565/51/2397 5567/52/2397
f 5569/53/4 5572/46/4 5571/45/4 5563/54/4
f 5569/55/2389 5567/56/2389 5573/43/2384 5572/42/2384
f 5565/57/2398 5574/38/2398 5573/37/2398 5567/58/2398
f 5563/50/2390 5571/35/2390 5574/34/2390 5565/51/2390
f 5578/59/2399 5586/60/2309 5583/61/2309 5576/62/2399
f 5585/37/2400 5586/38/2400 5578/39/2400 5580/40/2400
f 5582/63/2389 5584/64/2401 5585/65/2401 5580/66/2389
f 5583/45/4 5584/46/4 5582/47/4 5576/48/4
f 5578/59/2402 5576/62/2402 5582/63/2402 5580/66/2402
f 5581/67/2403 5575/68/2403 5577/69/2403 5579/70/2403
f 5581/53/4 5584/46/4 5583/45/4 5575/54/4
f 5581/71/2401 5579/72/2401 5585/65/2401 5584/64/2401
f 5577/57/2404 5586/38/2404 5585/37/2404 5579/58/2404
f 5575/68/2309 5583/61/2309 5586/60/2309 5577/69/2309
f 5590/73/2399 5598/74/2399 5595/75/2399 5588/76/2399
f 5597/37/2405 5598/38/2405 5590/39/2405 5592/40/2405
f 5594/77/2389 5596/78/2389 5597/79/2389 5592/80/2389
f 5595/45/4 5596/46/4 5594/47/4 5588/48/4
f 5590/73/2406 5588/76/2406 5594/77/2406 5592/80/2406
f 5593/81/2407 5587/82/2407 5589/83/2407 5591/84/2407
f 5593/53/4 5596/46/4 5595/45/4 5587/54/4
f 5593/85/2389 5591/86/2389 5597/79/2389 5596/78/2389
f 5589/57/2408 5598/38/2408 5597/37/2408 5591/58/2408
f 5587/82/2399 5595/75/2399 5598/74/2399 5589/83/2399
f 5604/87/2409 5603/88/2409 5605/89/2409 5606/90/2409
f 5602/91/4 5601/92/4 5603/93/4 5604/94/4
f 5601/95/2399 5599/96/2399 5605/97/2399 5603/98/2399
f 5599/96/30 5600/99/30 5606/100/30 5605/97/30
f 5600/99/2401 5602/91/2401 5604/94/2401 5606/100/2401
f 5600/87/2410 5599/88/2410 5601/89/2410 5602/90/2410
f 5612/87/2411 5611/88/2411 5613/89/2411 5614/90/2411
f 5610/101/4 5609/102/4 5611/103/4 5612/104/4
f 5609/105/2399 5607/106/2399 5613/107/2399 5611/108/2399
f 5607/106/30 5608/109/30 5614/110/30 5613/107/30
f 5608/109/2401 5610/101/2401 5612/104/2401 5614/110/2401
f 5608/87/2410 5607/88/2410 5609/89/2410 5610/90/2410
f 5618/111/2399 5626/112/2399 5623/113/2399 5616/114/2399
f 5625/115/2412 5626/116/2412 5618/117/2412 5620/118/2412
f 5622/119/2401 5624/120/2401 5625/121/2401 5620/122/2401
f 5623/123/4 5624/124/4 5622/125/4 5616/126/4
f 5618/111/2413 5616/114/2413 5622/119/2413 5620/122/2413
f 5621/127/2414 5615/128/2414 5617/129/2414 5619/130/2414
f 5621/131/4 5624/124/4 5623/123/4 5615/132/4
f 5621/133/2389 5619/134/2389 5625/121/2401 5624/120/2401
f 5617/135/2415 5626/116/2415 5625/115/2415 5619/136/2415
f 5615/128/2399 5623/113/2399 5626/112/2399 5617/129/2399
f 5630/137/2309 5638/138/2309 5635/139/2309 5628/140/2309
f 5637/141/2416 5638/142/2416 5630/143/2416 5632/144/2416
f 5634/145/2401 5636/146/2401 5637/147/2401 5632/148/2401
f 5635/149/4 5636/150/4 5634/151/4 5628/152/4
f 5630/137/2417 5628/140/2417 5634/145/2417 5632/148/2417
f 5633/153/2418 5627/154/2418 5629/155/2418 5631/156/2418
f 5633/157/4 5636/150/4 5635/149/4 5627/158/4
f 5633/159/2401 5631/160/2401 5637/147/2401 5636/146/2401
f 5629/161/2419 5638/142/2419 5637/141/2419 5631/162/2419
f 5627/154/2309 5635/139/2309 5638/138/2309 5629/155/2309
f 5652/163/2309 5651/164/2309 5657/165/2309 5658/166/2309
f 5653/167/2420 5651/168/2420 5652/39/2420 5654/40/2420
f 5656/169/2308 5655/170/2308 5653/171/2308 5654/172/2308
f 5657/45/4 5655/46/4 5656/47/4 5658/48/4
f 5652/163/2421 5658/166/2421 5656/169/2421 5654/172/2421
f 5659/173/2422 5660/174/2422 5662/175/2422 5661/176/2422
f 5659/53/4 5655/46/4 5657/45/4 5660/54/4
f 5659/177/2308 5661/178/2308 5653/171/2308 5655/170/2308
f 5662/57/2423 5651/168/2423 5653/167/2423 5661/58/2423
f 5660/174/2310 5657/165/2309 5651/164/2309 5662/175/2310
f 5642/179/2310 5650/180/2309 5647/181/2309 5640/182/2310
f 5649/37/2424 5650/38/2424 5642/39/2424 5644/40/2424
f 5646/183/2308 5648/184/2401 5649/185/2401 5644/186/2308
f 5647/45/4 5648/46/4 5646/47/4 5640/48/4
f 5642/179/2425 5640/182/2425 5646/183/2425 5644/186/2425
f 5645/187/2426 5639/188/2426 5641/189/2426 5643/190/2426
f 5645/53/4 5648/46/4 5647/45/4 5639/54/4
f 5645/191/2401 5643/192/2401 5649/185/2401 5648/184/2401
f 5641/57/2427 5650/38/2427 5649/37/2427 5643/58/2427
f 5639/188/2399 5647/181/2309 5650/180/2309 5641/189/2399
f 5666/193/2399 5674/194/2399 5671/195/2399 5664/196/2399
f 5673/197/2428 5674/198/2428 5666/199/2428 5668/200/2428
f 5670/201/2389 5672/202/2389 5673/203/2389 5668/204/2389
f 5671/205/4 5672/206/4 5670/207/4 5664/208/4
f 5666/193/2429 5664/196/2429 5670/201/2429 5668/204/2429
f 5669/209/2430 5663/210/2430 5665/211/2430 5667/212/2430
f 5669/213/4 5672/206/4 5671/205/4 5663/214/4
f 5669/215/2389 5667/216/2389 5673/203/2389 5672/202/2389
f 5665/217/2431 5674/198/2431 5673/197/2431 5667/218/2431
f 5663/210/2399 5671/195/2399 5674/194/2399 5665/211/2399
f 5680/219/2409 5679/220/2409 5681/221/2409 5682/222/2409
f 5678/223/2432 5677/224/2432 5679/225/2432 5680/226/2432
f 5677/227/2399 5675/228/2399 5681/229/2399 5679/230/2399
f 5675/228/2433 5676/231/2433 5682/232/2433 5681/229/2433
f 5676/231/2401 5678/223/2401 5680/226/2401 5682/232/2401
f 5676/219/2434 5675/233/2434 5677/221/2434 5678/222/2434
f 5686/234/2399 5694/235/2399 5691/236/2399 5684/237/2399
f 5693/238/2435 5694/239/2435 5686/240/2435 5688/241/2435
f 5690/242/2389 5692/243/2389 5693/244/2389 5688/245/2389
f 5691/246/4 5692/247/4 5690/248/4 5684/249/4
f 5686/234/2436 5684/237/2436 5690/242/2436 5688/245/2436
f 5689/250/2437 5683/251/2437 5685/252/2437 5687/253/2437
f 5689/254/4 5692/247/4 5691/246/4 5683/255/4
f 5689/256/2384 5687/257/2384 5693/244/2389 5692/243/2389
f 5685/258/2438 5694/239/2438 5693/238/2438 5687/259/2438
f 5683/251/2399 5691/236/2399 5694/235/2399 5685/252/2399
f 5706/1/2439 5703/2/2439 5696/3/2439 5698/4/2439
f 5705/5/2440 5708/6/2440 5700/7/2440
f 5704/8/2441 5705/5/2441 5700/7/2441 5702/9/2441
f 5710/10/4 5711/11/4 5704/12/4 5702/13/4
f 5709/14/2308 5710/15/2308 5702/9/2308 5700/7/2308
f 5701/16/2310 5712/17/2310 5707/18/2310 5699/19/2310
f 5701/20/4 5704/12/4 5711/11/4 5712/21/4
f 5699/22/2441 5705/5/2441 5704/8/2441 5701/23/2441
f 5699/22/2440 5708/6/2440 5705/5/2440
f 5695/24/2439 5703/2/2439 5706/1/2439 5697/25/2439
f 5697/26/2442 5708/27/2318 5707/18/2318
f 5709/14/2317 5708/28/2317 5698/4/2314
f 5696/3/2308 5710/15/2308 5709/14/2308 5698/4/2308
f 5703/29/4 5711/11/4 5710/10/4 5696/30/4
f 5712/21/4 5711/11/4 5703/29/4 5695/31/4
f 5707/18/2310 5712/17/2310 5695/24/2310 5697/25/2310
f 5697/25/2443 5706/1/2444 5708/32/2444
f 5700/7/2317 5708/28/2317 5709/14/2317
f 5707/18/2318 5708/27/2318 5699/19/2445
f 5698/4/2446 5708/32/2444 5706/1/2444
f 5724/1/144 5721/2/144 5714/3/127 5716/4/127
f 5723/5/2447 5726/6/2447 5718/7/2447
f 5722/8/2448 5723/5/2448 5718/7/2449 5720/9/2449
f 5728/10/4 5729/11/4 5722/12/4 5720/13/4
f 5727/14/2450 5728/15/2450 5720/9/2451 5718/7/2451
f 5719/16/2452 5730/17/2452 5725/18/2452 5717/19/2452
f 5719/20/4 5722/12/4 5729/11/4 5730/21/4
f 5717/22/2453 5723/5/2448 5722/8/2448 5719/23/2453
f 5717/22/2447 5726/6/2447 5723/5/2447
f 5713/24/144 5721/2/144 5724/1/144 5715/25/144
f 5715/26/2454 5726/27/2454 5725/18/2454
f 5727/14/2455 5726/28/2455 5716/4/2455
f 5714/3/2450 5728/15/2450 5727/14/2450 5716/4/2450
f 5721/29/4 5729/11/4 5728/10/4 5714/30/4
f 5730/21/4 5729/11/4 5721/29/4 5713/31/4
f 5725/18/2452 5730/17/2452 5713/24/2452 5715/25/2452
f 5715/25/2456 5724/1/2457 5726/32/2457
f 5718/7/2458 5726/28/2455 5727/14/2455
f 5725/18/2454 5726/27/2454 5717/19/2459
f 5716/4/2460 5726/32/2457 5724/1/2457
f 5734/33/117 5742/34/117 5739/35/117 5732/36/117
f 5741/37/2461 5742/38/2461 5734/39/2461 5736/40/2461
f 5738/41/2462 5740/42/85 5741/43/85 5736/44/2462
f 5739/45/4 5740/46/4 5738/47/4 5732/48/4
f 5734/33/2463 5732/36/2463 5738/41/2463 5736/44/2463
f 5737/49/2464 5731/50/2464 5733/51/2464 5735/52/2464
f 5737/53/4 5740/46/4 5739/45/4 5731/54/4
f 5737/55/85 5735/56/85 5741/43/85 5740/42/85
f 5733/57/2465 5742/38/2465 5741/37/2465 5735/58/2465
f 5731/50/117 5739/35/117 5742/34/117 5733/51/117
f 5746/59/2466 5754/60/2466 5751/61/2466 5744/62/2466
f 5753/37/2467 5754/38/2467 5746/39/2467 5748/40/2467
f 5750/63/2451 5752/64/2451 5753/65/2451 5748/66/2451
f 5751/45/4 5752/46/4 5750/47/4 5744/48/4
f 5746/59/2468 5744/62/2468 5750/63/2468 5748/66/2468
f 5749/67/2469 5743/68/2469 5745/69/2469 5747/70/2469
f 5749/53/4 5752/46/4 5751/45/4 5743/54/4
f 5749/71/2451 5747/72/2451 5753/65/2451 5752/64/2451
f 5745/57/2470 5754/38/2470 5753/37/2470 5747/58/2470
f 5743/68/2466 5751/61/2466 5754/60/2466 5745/69/2466
f 5758/73/117 5766/74/117 5763/75/117 5756/76/117
f 5765/37/2471 5766/38/2471 5758/39/2471 5760/40/2471
f 5762/77/2450 5764/78/2450 5765/79/2450 5760/80/2450
f 5763/45/4 5764/46/4 5762/47/4 5756/48/4
f 5758/73/2472 5756/76/2472 5762/77/2472 5760/80/2472
f 5761/81/2473 5755/82/2473 5757/83/2473 5759/84/2473
f 5761/53/4 5764/46/4 5763/45/4 5755/54/4
f 5761/85/2450 5759/86/2450 5765/79/2450 5764/78/2450
f 5757/57/2474 5766/38/2474 5765/37/2474 5759/58/2474
f 5755/82/117 5763/75/117 5766/74/117 5757/83/117
f 5772/87/2475 5771/88/2475 5773/89/2475 5774/90/2475
f 5770/91/4 5769/92/4 5771/93/4 5772/94/4
f 5769/95/2476 5767/96/2476 5773/97/2476 5771/98/2476
f 5767/96/30 5768/99/30 5774/100/30 5773/97/30
f 5768/99/2451 5770/91/2451 5772/94/2451 5774/100/2451
f 5768/87/2477 5767/88/2477 5769/89/2477 5770/90/2477
f 5780/87/2478 5779/88/2478 5781/89/2478 5782/90/2478
f 5778/101/4 5777/102/4 5779/103/4 5780/104/4
f 5777/105/2476 5775/106/2476 5781/107/2476 5779/108/2476
f 5775/106/30 5776/109/30 5782/110/30 5781/107/30
f 5776/109/2451 5778/101/2451 5780/104/2451 5782/110/2451
f 5776/87/2479 5775/88/2479 5777/89/2479 5778/90/2479
f 5786/111/117 5794/112/2476 5791/113/2476 5784/114/117
f 5793/115/2480 5794/116/2480 5786/117/2480 5788/118/2480
f 5790/119/2451 5792/120/2481 5793/121/2481 5788/122/2451
f 5791/123/4 5792/124/4 5790/125/4 5784/126/4
f 5786/111/2482 5784/114/2482 5790/119/2482 5788/122/2482
f 5789/127/2483 5783/128/2483 5785/129/2483 5787/130/2483
f 5789/131/4 5792/124/4 5791/123/4 5783/132/4
f 5789/133/2481 5787/134/2481 5793/121/2481 5792/120/2481
f 5785/135/2484 5794/116/2484 5793/115/2484 5787/136/2484
f 5783/128/2385 5791/113/2476 5794/112/2476 5785/129/2385
f 5798/137/2385 5806/138/2385 5803/139/2385 5796/140/2385
f 5805/141/2485 5806/142/2485 5798/143/2485 5800/144/2485
f 5802/145/2451 5804/146/2481 5805/147/2481 5800/148/2451
f 5803/149/4 5804/150/4 5802/151/4 5796/152/4
f 5798/137/2486 5796/140/2486 5802/145/2486 5800/148/2486
f 5801/153/2487 5795/154/2487 5797/155/2487 5799/156/2487
f 5801/157/4 5804/150/4 5803/149/4 5795/158/4
f 5801/159/2481 5799/160/2481 5805/147/2481 5804/146/2481
f 5797/161/2488 5806/142/2488 5805/141/2488 5799/162/2488
f 5795/154/2385 5803/139/2385 5806/138/2385 5797/155/2385
f 5820/163/2385 5819/164/2385 5825/165/2385 5826/166/2385
f 5821/167/2489 5819/168/2489 5820/39/2489 5822/40/2489
f 5824/169/2481 5823/170/2481 5821/171/2481 5822/172/2481
f 5825/45/4 5823/46/4 5824/47/4 5826/48/4
f 5820/163/2490 5826/166/2490 5824/169/2490 5822/172/2490
f 5827/173/2491 5828/174/2491 5830/175/2491 5829/176/2491
f 5827/53/4 5823/46/4 5825/45/4 5828/54/4
f 5827/177/2384 5829/178/2384 5821/171/2481 5823/170/2481
f 5830/57/2492 5819/168/2492 5821/167/2492 5829/58/2492
f 5828/174/2390 5825/165/2385 5819/164/2385 5830/175/2390
f 5810/179/2466 5818/180/2385 5815/181/2385 5808/182/2466
f 5817/37/2493 5818/38/2493 5810/39/2493 5812/40/2493
f 5814/183/2451 5816/184/2481 5817/185/2481 5812/186/2451
f 5815/45/4 5816/46/4 5814/47/4 5808/48/4
f 5810/179/2494 5808/182/2494 5814/183/2494 5812/186/2494
f 5813/187/2495 5807/188/2495 5809/189/2495 5811/190/2495
f 5813/53/4 5816/46/4 5815/45/4 5807/54/4
f 5813/191/2481 5811/192/2481 5817/185/2481 5816/184/2481
f 5809/57/2496 5818/38/2496 5817/37/2496 5811/58/2496
f 5807/188/2385 5815/181/2385 5818/180/2385 5809/189/2385
f 5834/193/2466 5842/194/2466 5839/195/2466 5832/196/2466
f 5841/197/2497 5842/198/2497 5834/199/2497 5836/200/2497
f 5838/201/2451 5840/202/2450 5841/203/2450 5836/204/2451
f 5839/205/4 5840/206/4 5838/207/4 5832/208/4
f 5834/193/2498 5832/196/2498 5838/201/2498 5836/204/2498
f 5837/209/2499 5831/210/2499 5833/211/2499 5835/212/2499
f 5837/213/4 5840/206/4 5839/205/4 5831/214/4
f 5837/215/85 5835/216/85 5841/203/2450 5840/202/2450
f 5833/217/2500 5842/198/2500 5841/197/2500 5835/218/2500
f 5831/210/2466 5839/195/2466 5842/194/2466 5833/211/2466
f 5848/219/2478 5847/220/2478 5849/221/2478 5850/222/2478
f 5846/223/2501 5845/224/2501 5847/225/2501 5848/226/2501
f 5845/227/2476 5843/228/2476 5849/229/2476 5847/230/2476
f 5843/228/2502 5844/231/2502 5850/232/2502 5849/229/2502
f 5844/231/2451 5846/223/2451 5848/226/2451 5850/232/2451
f 5844/219/2479 5843/233/2479 5845/221/2479 5846/222/2479
f 5854/234/2452 5862/235/117 5859/236/117 5852/237/2452
f 5861/238/2503 5862/239/2503 5854/240/2503 5856/241/2503
f 5858/242/85 5860/243/85 5861/244/85 5856/245/85
f 5859/246/4 5860/247/4 5858/248/4 5852/249/4
f 5854/234/2504 5852/237/2504 5858/242/2504 5856/245/2504
f 5857/250/2505 5851/251/2505 5853/252/2505 5855/253/2505
f 5857/254/4 5860/247/4 5859/246/4 5851/255/4
f 5857/256/85 5855/257/85 5861/244/85 5860/243/85
f 5853/258/2506 5862/239/2506 5861/238/2506 5855/259/2506
f 5851/251/117 5859/236/117 5862/235/117 5853/252/117
f 5874/1/2507 5871/2/2507 5864/3/2508 5866/4/2508
f 5873/5/2509 5876/6/2509 5868/7/2509
f 5872/8/2510 5873/5/2510 5868/7/2511 5870/9/2511
f 5878/10/4 5879/11/4 5872/12/4 5870/13/4
f 5877/14/2384 5878/15/2384 5870/9/2384 5868/7/2384
f 5869/16/2385 5880/17/2385 5875/18/2385 5867/19/2385
f 5869/20/4 5872/12/4 5879/11/4 5880/21/4
f 5867/22/2510 5873/5/2510 5872/8/2510 5869/23/2510
f 5867/22/2512 5876/6/2509 5873/5/2509
f 5863/24/2507 5871/2/2507 5874/1/2507 5865/25/2507
f 5865/26/2513 5876/27/2394 5875/18/2394
f 5877/14/2393 5876/28/2393 5866/4/2393
f 5864/3/2384 5878/15/2384 5877/14/2384 5866/4/2384
f 5871/29/4 5879/11/4 5878/10/4 5864/30/4
f 5880/21/4 5879/11/4 5871/29/4 5863/31/4
f 5875/18/2385 5880/17/2385 5863/24/2385 5865/25/2385
f 5865/25/2514 5874/1/2515 5876/32/2515
f 5868/7/2516 5876/28/2393 5877/14/2393
f 5875/18/2394 5876/27/2394 5867/19/2394
f 5866/4/2517 5876/32/2515 5874/1/2515
f 5892/1/2518 5889/2/2518 5882/3/2519 5884/4/2519
f 5891/5/2520 5894/6/2520 5886/7/2520
f 5890/8/2521 5891/5/2521 5886/7/2521 5888/9/2521
f 5896/10/4 5897/11/4 5890/12/4 5888/13/4
f 5895/14/2522 5896/15/2522 5888/9/2522 5886/7/2522
f 5887/16/2523 5898/17/2524 5893/18/2524 5885/19/2523
f 5887/20/4 5890/12/4 5897/11/4 5898/21/4
f 5885/22/2521 5891/5/2521 5890/8/2521 5887/23/2521
f 5885/22/2525 5894/6/2520 5891/5/2520
f 5881/24/2526 5889/2/2518 5892/1/2518 5883/25/2526
f 5883/26/2527 5894/27/2528 5893/18/2528
f 5895/14/2529 5894/28/2529 5884/4/2529
f 5882/3/2522 5896/15/2522 5895/14/2522 5884/4/2522
f 5889/29/4 5897/11/4 5896/10/4 5882/30/4
f 5898/21/4 5897/11/4 5889/29/4 5881/31/4
f 5893/18/2524 5898/17/2524 5881/24/2530 5883/25/2530
f 5883/25/2531 5892/1/2532 5894/32/2532
f 5886/7/2529 5894/28/2529 5895/14/2529
f 5893/18/2528 5894/27/2528 5885/19/2533
f 5884/4/2534 5894/32/2532 5892/1/2532
f 5902/33/2523 5910/34/2524 5907/35/2524 5900/36/2523
f 5909/37/2535 5910/38/2535 5902/39/2535 5904/40/2535
f 5906/41/2536 5908/42/2537 5909/43/2537 5904/44/2536
f 5907/45/4 5908/46/4 5906/47/4 5900/48/4
f 5902/33/2538 5900/36/2538 5906/41/2538 5904/44/2538
f 5905/49/2539 5899/50/2539 5901/51/2539 5903/52/2539
f 5905/53/4 5908/46/4 5907/45/4 5899/54/4
f 5905/55/2537 5903/56/2537 5909/43/2537 5908/42/2537
f 5901/57/2540 5910/38/2540 5909/37/2540 5903/58/2540
f 5899/50/2524 5907/35/2524 5910/34/2524 5901/51/2524
f 5914/59/2541 5922/60/2541 5919/61/2541 5912/62/2541
f 5921/37/2542 5922/38/2542 5914/39/2542 5916/40/2542
f 5918/63/2543 5920/64/2543 5921/65/2543 5916/66/2543
f 5919/45/4 5920/46/4 5918/47/4 5912/48/4
f 5914/59/2544 5912/62/2544 5918/63/2544 5916/66/2544
f 5917/67/2545 5911/68/2545 5913/69/2545 5915/70/2545
f 5917/53/4 5920/46/4 5919/45/4 5911/54/4
f 5917/71/2543 5915/72/2543 5921/65/2543 5920/64/2543
f 5913/57/2546 5922/38/2546 5921/37/2546 5915/58/2546
f 5911/68/2541 5919/61/2541 5922/60/2541 5913/69/2541
f 5926/73/2530 5934/74/2541 5931/75/2541 5924/76/2530
f 5933/37/2547 5934/38/2547 5926/39/2547 5928/40/2547
f 5930/77/2536 5932/78/2536 5933/79/2536 5928/80/2536
f 5931/45/4 5932/46/4 5930/47/4 5924/48/4
f 5926/73/2548 5924/76/2548 5930/77/2548 5928/80/2548
f 5929/81/2549 5923/82/2549 5925/83/2549 5927/84/2549
f 5929/53/4 5932/46/4 5931/45/4 5923/54/4
f 5929/85/2543 5927/86/2543 5933/79/2536 5932/78/2536
f 5925/57/2550 5934/38/2550 5933/37/2550 5927/58/2550
f 5923/82/2541 5931/75/2541 5934/74/2541 5925/83/2541
f 5940/87/2551 5939/88/2551 5941/89/2551 5942/90/2551
f 5938/91/4 5937/92/4 5939/93/4 5940/94/4
f 5937/95/2552 5935/96/2552 5941/97/2552 5939/98/2552
f 5935/96/30 5936/99/30 5942/100/30 5941/97/30
f 5936/99/2553 5938/91/2553 5940/94/2553 5942/100/2553
f 5936/87/2554 5935/88/2554 5937/89/2554 5938/90/2554
f 5948/87/2555 5947/88/2555 5949/89/2555 5950/90/2555
f 5946/101/4 5945/102/4 5947/103/4 5948/104/4
f 5945/105/2552 5943/106/2552 5949/107/2552 5947/108/2552
f 5943/106/30 5944/109/30 5950/110/30 5949/107/30
f 5944/109/2553 5946/101/2553 5948/104/2553 5950/110/2553
f 5944/87/2556 5943/88/2556 5945/89/2556 5946/90/2556
f 5954/111/2541 5962/112/2541 5959/113/2541 5952/114/2541
f 5961/115/2557 5962/116/2557 5954/117/2557 5956/118/2557
f 5958/119/2543 5960/120/2543 5961/121/2543 5956/122/2543
f 5959/123/4 5960/124/4 5958/125/4 5952/126/4
f 5954/111/2558 5952/114/2558 5958/119/2558 5956/122/2558
f 5957/127/2559 5951/128/2559 5953/129/2559 5955/130/2559
f 5957/131/4 5960/124/4 5959/123/4 5951/132/4
f 5957/133/2543 5955/134/2543 5961/121/2543 5960/120/2543
f 5953/135/2560 5962/116/2560 5961/115/2560 5955/136/2560
f 5951/128/2541 5959/113/2541 5962/112/2541 5953/129/2541
f 5966/137/2561 5974/138/2561 5971/139/2561 5964/140/2561
f 5973/141/2562 5974/142/2562 5966/143/2562 5968/144/2562
f 5970/145/2543 5972/146/2543 5973/147/2543 5968/148/2543
f 5971/149/4 5972/150/4 5970/151/4 5964/152/4
f 5966/137/2563 5964/140/2563 5970/145/2563 5968/148/2563
f 5969/153/2564 5963/154/2564 5965/155/2564 5967/156/2564
f 5969/157/4 5972/150/4 5971/149/4 5963/158/4
f 5969/159/2543 5967/160/2543 5973/147/2543 5972/146/2543
f 5965/161/2565 5974/142/2565 5973/141/2565 5967/162/2565
f 5963/154/2541 5971/139/2561 5974/138/2561 5965/155/2541
f 5988/163/2566 5987/164/2567 5993/165/2568 5994/166/2566
f 5989/167/2569 5987/168/2569 5988/39/2569 5990/40/2569
f 5992/169/2570 5991/170/2571 5989/171/2572 5990/172/2570
f 5993/45/4 5991/46/4 5992/47/4 5994/48/4
f 5988/163/2573 5994/166/2573 5992/169/2573 5990/172/2573
f 5995/173/2574 5996/174/2574 5998/175/2574 5997/176/2574
f 5995/53/4 5991/46/4 5993/45/4 5996/54/4
f 5995/177/85 5997/178/85 5989/171/2572 5991/170/2571
f 5998/57/2575 5987/168/2575 5989/167/2575 5997/58/2575
f 5996/174/2576 5993/165/2568 5987/164/2567 5998/175/2576
f 5978/179/2561 5986/180/2561 5983/181/2561 5976/182/2561
f 5985/37/2577 5986/38/2577 5978/39/2577 5980/40/2577
f 5982/183/2578 5984/184/2578 5985/185/2578 5980/186/2578
f 5983/45/4 5984/46/4 5982/47/4 5976/48/4
f 5978/179/2579 5976/182/2579 5982/183/2579 5980/186/2579
f 5981/187/2580 5975/188/2580 5977/189/2580 5979/190/2580
f 5981/53/4 5984/46/4 5983/45/4 5975/54/4
f 5981/191/2543 5979/192/2543 5985/185/2578 5984/184/2578
f 5977/57/2581 5986/38/2581 5985/37/2581 5979/58/2581
f 5975/188/2561 5983/181/2561 5986/180/2561 5977/189/2561
f 6002/193/2524 6010/194/2530 6007/195/2530 6000/196/2524
f 6009/197/2582 6010/198/2582 6002/199/2582 6004/200/2582
f 6006/201/2536 6008/202/2583 6009/203/2583 6004/204/2536
f 6007/205/4 6008/206/4 6006/207/4 6000/208/4
f 6002/193/2584 6000/196/2584 6006/201/2584 6004/204/2584
f 6005/209/2585 5999/210/2585 6001/211/2585 6003/212/2585
f 6005/213/4 6008/206/4 6007/205/4 5999/214/4
f 6005/215/2543 6003/216/2543 6009/203/2583 6008/202/2583
f 6001/217/2586 6010/198/2586 6009/197/2586 6003/218/2586
f 5999/210/2541 6007/195/2530 6010/194/2530 6001/211/2541
f 6016/219/2587 6015/220/2587 6017/221/2587 6018/222/2587
f 6014/223/2588 6013/224/2588 6015/225/2588 6016/226/2588
f 6013/227/2552 6011/228/2552 6017/229/2552 6015/230/2552
f 6011/228/2589 6012/231/2589 6018/232/2589 6017/229/2589
f 6012/231/2553 6014/223/2553 6016/226/2553 6018/232/2553
f 6012/219/2590 6011/233/2590 6013/221/2590 6014/222/2590
f 6022/234/2524 6030/235/2524 6027/236/2524 6020/237/2524
f 6029/238/2591 6030/239/2591 6022/240/2591 6024/241/2591
f 6026/242/2537 6028/243/2537 6029/244/2537 6024/245/2537
f 6027/246/4 6028/247/4 6026/248/4 6020/249/4
f 6022/234/2592 6020/237/2592 6026/242/2592 6024/245/2592
f 6025/250/2593 6019/251/2593 6021/252/2593 6023/253/2593
f 6025/254/4 6028/247/4 6027/246/4 6019/255/4
f 6025/256/2536 6023/257/2536 6029/244/2537 6028/243/2537
f 6021/258/2594 6030/239/2594 6029/238/2594 6023/259/2594
f 6019/251/2524 6027/236/2524 6030/235/2524 6021/252/2524
f 6042/1/2595 6039/2/2595 6032/3/2596 6034/4/2596
f 6041/5/2597 6044/6/2597 6036/7/2598
f 6040/8/142 6041/5/142 6036/7/128 6038/9/128
f 6046/10/4 6047/11/4 6040/12/4 6038/13/4
f 6045/14/85 6046/15/85 6038/9/85 6036/7/85
f 6037/16/2576 6048/17/2576 6043/18/2576 6035/19/2576
f 6037/20/4 6040/12/4 6047/11/4 6048/21/4
f 6035/22/142 6041/5/142 6040/8/142 6037/23/142
f 6035/22/2599 6044/6/2597 6041/5/2597
f 6031/24/2595 6039/2/2595 6042/1/2595 6033/25/2595
f 6033/26/2454 6044/27/2600 6043/18/2600
f 6045/14/2601 6044/28/2601 6034/4/2601
f 6032/3/2450 6046/15/85 6045/14/85 6034/4/2450
f 6039/29/4 6047/11/4 6046/10/4 6032/30/4
f 6048/21/4 6047/11/4 6039/29/4 6031/31/4
f 6043/18/2576 6048/17/2576 6031/24/2576 6033/25/2576
f 6033/25/2602 6042/1/2603 6044/32/2603
f 6036/7/2604 6044/28/2601 6045/14/2601
f 6043/18/2600 6044/27/2600 6035/19/2600
f 6034/4/2603 6044/32/2603 6042/1/2603
f 6060/1/2605 6057/2/2605 6050/3/2605 6052/4/2605
f 6059/5/2606 6062/6/2606 6054/7/2607
f 6058/8/2608 6059/5/2608 6054/7/2609 6056/9/2609
f 6064/10/4 6065/11/4 6058/12/4 6056/13/4
f 6063/14/2610 6064/15/2610 6056/9/2610 6054/7/2610
f 6055/16/2611 6066/17/2612 6061/18/2612 6053/19/2611
f 6055/20/4 6058/12/4 6065/11/4 6066/21/4
f 6053/22/2608 6059/5/2608 6058/8/2608 6055/23/2608
f 6053/22/2613 6062/6/2606 6059/5/2606
f 6049/24/2614 6057/2/2605 6060/1/2605 6051/25/2614
f 6051/26/2615 6062/27/2616 6061/18/2616
f 6063/14/2617 6062/28/2617 6052/4/2617
f 6050/3/2610 6064/15/2610 6063/14/2610 6052/4/2610
f 6057/29/4 6065/11/4 6064/10/4 6050/30/4
f 6066/21/4 6065/11/4 6057/29/4 6049/31/4
f 6061/18/2612 6066/17/2612 6049/24/2612 6051/25/2612
f 6051/25/2618 6060/1/2619 6062/32/2619
f 6054/7/2617 6062/28/2617 6063/14/2617
f 6061/18/2616 6062/27/2616 6053/19/2620
f 6052/4/2621 6062/32/2619 6060/1/2619
f 6070/33/2612 6078/34/2612 6075/35/2612 6068/36/2612
f 6077/37/2622 6078/38/2622 6070/39/2622 6072/40/2622
f 6074/41/2623 6076/42/2623 6077/43/2623 6072/44/2623
f 6075/45/4 6076/46/4 6074/47/4 6068/48/4
f 6070/33/2624 6068/36/2624 6074/41/2624 6072/44/2624
f 6073/49/2625 6067/50/2625 6069/51/2625 6071/52/2625
f 6073/53/4 6076/46/4 6075/45/4 6067/54/4
f 6073/55/2610 6071/56/2610 6077/43/2623 6076/42/2623
f 6069/57/2626 6078/38/2626 6077/37/2626 6071/58/2626
f 6067/50/2612 6075/35/2612 6078/34/2612 6069/51/2612
f 6082/59/2627 6090/60/2628 6087/61/2628 6080/62/2627
f 6089/37/2629 6090/38/2629 6082/39/2629 6084/40/2629
f 6086/63/2623 6088/64/2630 6089/65/2630 6084/66/2623
f 6087/45/4 6088/46/4 6086/47/4 6080/48/4
f 6082/59/2631 6080/62/2631 6086/63/2631 6084/66/2631
f 6085/67/2632 6079/68/2632 6081/69/2632 6083/70/2632
f 6085/53/4 6088/46/4 6087/45/4 6079/54/4
f 6085/71/2630 6083/72/2630 6089/65/2630 6088/64/2630
f 6081/57/2633 6090/38/2633 6089/37/2633 6083/58/2633
f 6079/68/2628 6087/61/2628 6090/60/2628 6081/69/2628
f 6094/73/2628 6102/74/2612 6099/75/2612 6092/76/2628
f 6101/37/2634 6102/38/2634 6094/39/2634 6096/40/2634
f 6098/77/2623 6100/78/2623 6101/79/2623 6096/80/2623
f 6099/45/4 6100/46/4 6098/47/4 6092/48/4
f 6094/73/2635 6092/76/2635 6098/77/2635 6096/80/2635
f 6097/81/2636 6091/82/2636 6093/83/2636 6095/84/2636
f 6097/53/4 6100/46/4 6099/45/4 6091/54/4
f 6097/85/2623 6095/86/2623 6101/79/2623 6100/78/2623
f 6093/57/2637 6102/38/2637 6101/37/2637 6095/58/2637
f 6091/82/2612 6099/75/2612 6102/74/2612 6093/83/2612
f 6108/87/2638 6107/88/2638 6109/89/2638 6110/90/2638
f 6106/91/4 6105/92/4 6107/93/4 6108/94/4
f 6105/95/2628 6103/96/2628 6109/97/2628 6107/98/2628
f 6103/96/30 6104/99/30 6110/100/30 6109/97/30
f 6104/99/2630 6106/91/2630 6108/94/2630 6110/100/2630
f 6104/87/2639 6103/88/2639 6105/89/2639 6106/90/2639
f 6116/87/2638 6115/88/2638 6117/89/2638 6118/90/2638
f 6114/101/4 6113/102/4 6115/103/4 6116/104/4
f 6113/105/2628 6111/106/2628 6117/107/2628 6115/108/2628
f 6111/106/30 6112/109/30 6118/110/30 6117/107/30
f 6112/109/2630 6114/101/2630 6116/104/2630 6118/110/2630
f 6112/87/2639 6111/88/2639 6113/89/2639 6114/90/2639
f 6122/111/2627 6130/112/2627 6127/113/2627 6120/114/2627
f 6129/115/2640 6130/116/2640 6122/117/2640 6124/118/2640
f 6126/119/2641 6128/120/2630 6129/121/2630 6124/122/2641
f 6127/123/4 6128/124/4 6126/125/4 6120/126/4
f 6122/111/2642 6120/114/2642 6126/119/2642 6124/122/2642
f 6125/127/2643 6119/128/2643 6121/129/2643 6123/130/2643
f 6125/131/4 6128/124/4 6127/123/4 6119/132/4
f 6125/133/2630 6123/134/2630 6129/121/2630 6128/120/2630
f 6121/135/2644 6130/116/2644 6129/115/2644 6123/136/2644
f 6119/128/2628 6127/113/2627 6130/112/2627 6121/129/2628
f 6134/137/2627 6142/138/2627 6139/139/2627 6132/140/2627
f 6141/141/2645 6142/142/2645 6134/143/2645 6136/144/2645
f 6138/145/2522 6140/146/2522 6141/147/2522 6136/148/2522
f 6139/149/4 6140/150/4 6138/151/4 6132/152/4
f 6134/137/2646 6132/140/2646 6138/145/2646 6136/148/2646
f 6137/153/2647 6131/154/2647 6133/155/2647 6135/156/2647
f 6137/157/4 6140/150/4 6139/149/4 6131/158/4
f 6137/159/2522 6135/160/2522 6141/147/2522 6140/146/2522
f 6133/161/2648 6142/142/2648 6141/141/2648 6135/162/2648
f 6131/154/2627 6139/139/2627 6142/138/2627 6133/155/2627
f 6156/163/2523 6155/164/2523 6161/165/2523 6162/166/2523
f 6157/167/2649 6155/168/2649 6156/39/2649 6158/40/2649
f 6160/169/2537 6159/170/2522 6157/171/2522 6158/172/2537
f 6161/45/4 6159/46/4 6160/47/4 6162/48/4
f 6156/163/2650 6162/166/2650 6160/169/2650 6158/172/2650
f 6163/173/2651 6164/174/2651 6166/175/2651 6165/176/2651
f 6163/53/4 6159/46/4 6161/45/4 6164/54/4
f 6163/177/2522 6165/178/2522 6157/171/2522 6159/170/2522
f 6166/57/2652 6155/168/2652 6157/167/2652 6165/58/2652
f 6164/174/2523 6161/165/2523 6155/164/2523 6166/175/2523
f 6146/179/2627 6154/180/2627 6151/181/2627 6144/182/2627
f 6153/37/2653 6154/38/2653 6146/39/2653 6148/40/2653
f 6150/183/2522 6152/184/2522 6153/185/2522 6148/186/2522
f 6151/45/4 6152/46/4 6150/47/4 6144/48/4
f 6146/179/2654 6144/182/2654 6150/183/2654 6148/186/2654
f 6149/187/2655 6143/188/2655 6145/189/2655 6147/190/2655
f 6149/53/4 6152/46/4 6151/45/4 6143/54/4
f 6149/191/2522 6147/192/2522 6153/185/2522 6152/184/2522
f 6145/57/2656 6154/38/2656 6153/37/2656 6147/58/2656
f 6143/188/2523 6151/181/2627 6154/180/2627 6145/189/2523
f 6170/193/2628 6178/194/2628 6175/195/2628 6168/196/2628
f 6177/197/2657 6178/198/2657 6170/199/2657 6172/200/2657
f 6174/201/2630 6176/202/2630 6177/203/2630 6172/204/2630
f 6175/205/4 6176/206/4 6174/207/4 6168/208/4
f 6170/193/2658 6168/196/2658 6174/201/2658 6172/204/2658
f 6173/209/2659 6167/210/2659 6169/211/2659 6171/212/2659
f 6173/213/4 6176/206/4 6175/205/4 6167/214/4
f 6173/215/2630 6171/216/2630 6177/203/2630 6176/202/2630
f 6169/217/2660 6178/198/2660 6177/197/2660 6171/218/2660
f 6167/210/2628 6175/195/2628 6178/194/2628 6169/211/2628
f 6184/219/2661 6183/220/2661 6185/221/2661 6186/222/2661
f 6182/223/2662 6181/224/2662 6183/225/2662 6184/226/2662
f 6181/227/2628 6179/228/2628 6185/229/2628 6183/230/2628
f 6179/228/2663 6180/231/2663 6186/232/2663 6185/229/2663
f 6180/231/2630 6182/223/2630 6184/226/2630 6186/232/2630
f 6180/219/2664 6179/233/2664 6181/221/2664 6182/222/2664
f 6190/234/2612 6198/235/2612 6195/236/2612 6188/237/2612
f 6197/238/2665 6198/239/2665 6190/240/2665 6192/241/2665
f 6194/242/2623 6196/243/2623 6197/244/2623 6192/245/2623
f 6195/246/4 6196/247/4 6194/248/4 6188/249/4
f 6190/234/2666 6188/237/2666 6194/242/2666 6192/245/2666
f 6193/250/2667 6187/251/2667 6189/252/2667 6191/253/2667
f 6193/254/4 6196/247/4 6195/246/4 6187/255/4
f 6193/256/2623 6191/257/2623 6197/244/2623 6196/243/2623
f 6189/258/2668 6198/239/2668 6197/238/2668 6191/259/2668
f 6187/251/2612 6195/236/2612 6198/235/2612 6189/252/2612
f 6210/1/2669 6207/2/2669 6200/3/2670 6202/4/2670
f 6209/5/2671 6212/6/2671 6204/7/2671
f 6208/8/2672 6209/5/2672 6204/7/2673 6206/9/2673
f 6214/10/4 6215/11/4 6208/12/4 6206/13/4
f 6213/14/2522 6214/15/2522 6206/9/2630 6204/7/2630
f 6205/16/2523 6216/17/2523 6211/18/2523 6203/19/2523
f 6205/20/4 6208/12/4 6215/11/4 6216/21/4
f 6203/22/2674 6209/5/2672 6208/8/2672 6205/23/2674
f 6203/22/2675 6212/6/2671 6209/5/2671
f 6199/24/2676 6207/2/2669 6210/1/2669 6201/25/2676
f 6201/26/2677 6212/27/2528 6211/18/2528
f 6213/14/2678 6212/28/2678 6202/4/2679
f 6200/3/2537 6214/15/2522 6213/14/2522 6202/4/2537
f 6207/29/4 6215/11/4 6214/10/4 6200/30/4
f 6216/21/4 6215/11/4 6207/29/4 6199/31/4
f 6211/18/2523 6216/17/2523 6199/24/2524 6201/25/2524
f 6201/25/2680 6210/1/2681 6212/32/2681
f 6204/7/2682 6212/28/2678 6213/14/2678
f 6211/18/2528 6212/27/2528 6203/19/2528
f 6202/4/2681 6212/32/2681 6210/1/2681
f 6228/1/2683 6225/2/2683 6218/3/2684 6220/4/2684
f 6227/5/2685 6230/6/2685 6222/7/2686
f 6226/8/2687 6227/5/2687 6222/7/2688 6224/9/2688
f 6232/10/4 6233/11/4 6226/12/4 6224/13/4
f 6231/14/2689 6232/15/2689 6224/9/2690 6222/7/2690
f 6223/16/2691 6234/17/2691 6229/18/2691 6221/19/2691
f 6223/20/4 6226/12/4 6233/11/4 6234/21/4
f 6221/22/2692 6227/5/2687 6226/8/2687 6223/23/2692
f 6221/22/2685 6230/6/2685 6227/5/2685
f 6217/24/2683 6225/2/2683 6228/1/2683 6219/25/2683
f 6219/26/2693 6230/27/2694 6229/18/2694
f 6231/14/2695 6230/28/2695 6220/4/2695
f 6218/3/2689 6232/15/2689 6231/14/2689 6220/4/2689
f 6225/29/4 6233/11/4 6232/10/4 6218/30/4
f 6234/21/4 6233/11/4 6225/29/4 6217/31/4
f 6229/18/2691 6234/17/2691 6217/24/2696 6219/25/2696
f 6219/25/2697 6228/1/2698 6230/32/2698
f 6222/7/2695 6230/28/2695 6231/14/2695
f 6229/18/2694 6230/27/2694 6221/19/2699
f 6220/4/2700 6230/32/2698 6228/1/2698
f 6238/33/2701 6246/34/2696 6243/35/2696 6236/36/2701
f 6245/37/2702 6246/38/2702 6238/39/2702 6240/40/2702
f 6242/41/337 6244/42/2690 6245/43/2690 6240/44/337
f 6243/45/4 6244/46/4 6242/47/4 6236/48/4
f 6238/33/2703 6236/36/2703 6242/41/2703 6240/44/2703
f 6241/49/2704 6235/50/2704 6237/51/2704 6239/52/2704
f 6241/53/4 6244/46/4 6243/45/4 6235/54/4
f 6241/55/2690 6239/56/2690 6245/43/2690 6244/42/2690
f 6237/57/2705 6246/38/2705 6245/37/2705 6239/58/2705
f 6235/50/2696 6243/35/2696 6246/34/2696 6237/51/2696
f 6250/59/2706 6258/60/2706 6255/61/2706 6248/62/2706
f 6257/37/2707 6258/38/2707 6250/39/2707 6252/40/2707
f 6254/63/337 6256/64/337 6257/65/337 6252/66/337
f 6255/45/4 6256/46/4 6254/47/4 6248/48/4
f 6250/59/2708 6248/62/2708 6254/63/2708 6252/66/2708
f 6253/67/2709 6247/68/2709 6249/69/2709 6251/70/2709
f 6253/53/4 6256/46/4 6255/45/4 6247/54/4
f 6253/71/337 6251/72/337 6257/65/337 6256/64/337
f 6249/57/2710 6258/38/2710 6257/37/2710 6251/58/2710
f 6247/68/2711 6255/61/2706 6258/60/2706 6249/69/2711
f 6262/73/2711 6270/74/2711 6267/75/2711 6260/76/2711
f 6269/37/2712 6270/38/2712 6262/39/2712 6264/40/2712
f 6266/77/337 6268/78/337 6269/79/337 6264/80/337
f 6267/45/4 6268/46/4 6266/47/4 6260/48/4
f 6262/73/2713 6260/76/2713 6266/77/2713 6264/80/2713
f 6265/81/2714 6259/82/2714 6261/83/2714 6263/84/2714
f 6265/53/4 6268/46/4 6267/45/4 6259/54/4
f 6265/85/2690 6263/86/2690 6269/79/337 6268/78/337
f 6261/57/2715 6270/38/2715 6269/37/2715 6263/58/2715
f 6259/82/2701 6267/75/2711 6270/74/2711 6261/83/2701
f 6276/87/2716 6275/88/2716 6277/89/2716 6278/90/2716
f 6274/91/4 6273/92/4 6275/93/4 6276/94/4
f 6273/95/2711 6271/96/2711 6277/97/2711 6275/98/2711
f 6271/96/30 6272/99/30 6278/100/30 6277/97/30
f 6272/99/337 6274/91/337 6276/94/337 6278/100/337
f 6272/87/2717 6271/88/2717 6273/89/2717 6274/90/2717
f 6284/87/2718 6283/88/2718 6285/89/2718 6286/90/2718
f 6282/101/4 6281/102/4 6283/103/4 6284/104/4
f 6281/105/2711 6279/106/2711 6285/107/2711 6283/108/2711
f 6279/106/30 6280/109/30 6286/110/30 6285/107/30
f 6280/109/337 6282/101/337 6284/104/337 6286/110/337
f 6280/87/2719 6279/88/2719 6281/89/2719 6282/90/2719
f 6290/111/2706 6298/112/2706 6295/113/2706 6288/114/2706
f 6297/115/2720 6298/116/2720 6290/117/2720 6292/118/2720
f 6294/119/337 6296/120/2721 6297/121/2721 6292/122/337
f 6295/123/4 6296/124/4 6294/125/4 6288/126/4
f 6290/111/2722 6288/114/2722 6294/119/2722 6292/122/2722
f 6293/127/2723 6287/128/2723 6289/129/2723 6291/130/2723
f 6293/131/4 6296/124/4 6295/123/4 6287/132/4
f 6293/133/2721 6291/134/2721 6297/121/2721 6296/120/2721
f 6289/135/2724 6298/116/2724 6297/115/2724 6291/136/2724
f 6287/128/2706 6295/113/2706 6298/112/2706 6289/129/2706
f 6302/137/2706 6310/138/2706 6307/139/2706 6300/140/2706
f 6309/141/2725 6310/142/2725 6302/143/2725 6304/144/2725
f 6306/145/2721 6308/146/2726 6309/147/2726 6304/148/2721
f 6307/149/4 6308/150/4 6306/151/4 6300/152/4
f 6302/137/2727 6300/140/2727 6306/145/2727 6304/148/2727
f 6305/153/2728 6299/154/2728 6301/155/2728 6303/156/2728
f 6305/157/4 6308/150/4 6307/149/4 6299/158/4
f 6305/159/2610 6303/160/2610 6309/147/2726 6308/146/2726
f 6301/161/2729 6310/142/2729 6309/141/2729 6303/162/2729
f 6299/154/2706 6307/139/2706 6310/138/2706 6301/155/2706
f 6324/163/2612 6323/164/2612 6329/165/2612 6330/166/2612
f 6325/167/2730 6323/168/2730 6324/39/2730 6326/40/2730
f 6328/169/2610 6327/170/2610 6325/171/2610 6326/172/2610
f 6329/45/4 6327/46/4 6328/47/4 6330/48/4
f 6324/163/2731 6330/166/2731 6328/169/2731 6326/172/2731
f 6331/173/2732 6332/174/2732 6334/175/2732 6333/176/2732
f 6331/53/4 6327/46/4 6329/45/4 6332/54/4
f 6331/177/2610 6333/178/2610 6325/171/2610 6327/170/2610
f 6334/57/2733 6323/168/2733 6325/167/2733 6333/58/2733
f 6332/174/2612 6329/165/2612 6323/164/2612 6334/175/2612
f 6314/179/2611 6322/180/2706 6319/181/2706 6312/182/2611
f 6321/37/2734 6322/38/2734 6314/39/2734 6316/40/2734
f 6318/183/2721 6320/184/2721 6321/185/2721 6316/186/2721
f 6319/45/4 6320/46/4 6318/47/4 6312/48/4
f 6314/179/2735 6312/182/2735 6318/183/2735 6316/186/2735
f 6317/187/2736 6311/188/2736 6313/189/2736 6315/190/2736
f 6317/53/4 6320/46/4 6319/45/4 6311/54/4
f 6317/191/2721 6315/192/2721 6321/185/2721 6320/184/2721
f 6313/57/2737 6322/38/2737 6321/37/2737 6315/58/2737
f 6311/188/2706 6319/181/2706 6322/180/2706 6313/189/2706
f 6338/193/2711 6346/194/2711 6343/195/2711 6336/196/2711
f 6345/197/2738 6346/198/2738 6338/199/2738 6340/200/2738
f 6342/201/337 6344/202/337 6345/203/337 6340/204/337
f 6343/205/4 6344/206/4 6342/207/4 6336/208/4
f 6338/193/2739 6336/196/2739 6342/201/2739 6340/204/2739
f 6341/209/2740 6335/210/2740 6337/211/2740 6339/212/2740
f 6341/213/4 6344/206/4 6343/205/4 6335/214/4
f 6341/215/337 6339/216/337 6345/203/337 6344/202/337
f 6337/217/2741 6346/198/2741 6345/197/2741 6339/218/2741
f 6335/210/2711 6343/195/2711 6346/194/2711 6337/211/2711
f 6352/219/2718 6351/220/2718 6353/221/2718 6354/222/2718
f 6350/223/2742 6349/224/2742 6351/225/2742 6352/226/2742
f 6349/227/2711 6347/228/2711 6353/229/2711 6351/230/2711
f 6347/228/2743 6348/231/2743 6354/232/2743 6353/229/2743
f 6348/231/337 6350/223/337 6352/226/337 6354/232/337
f 6348/219/2744 6347/233/2744 6349/221/2744 6350/222/2744
f 6358/234/2701 6366/235/2701 6363/236/2701 6356/237/2701
f 6365/238/2745 6366/239/2745 6358/240/2745 6360/241/2745
f 6362/242/2690 6364/243/2690 6365/244/2690 6360/245/2690
f 6363/246/4 6364/247/4 6362/248/4 6356/249/4
f 6358/234/2746 6356/237/2746 6362/242/2746 6360/245/2746
f 6361/250/2747 6355/251/2747 6357/252/2747 6359/253/2747
f 6361/254/4 6364/247/4 6363/246/4 6355/255/4
f 6361/256/2690 6359/257/2690 6365/244/2690 6364/243/2690
f 6357/258/2748 6366/239/2748 6365/238/2748 6359/259/2748
f 6355/251/2711 6363/236/2701 6366/235/2701 6357/252/2711
f 6378/1/2749 6375/2/2749 6368/3/2749 6370/4/2749
f 6377/5/2750 6380/6/2750 6372/7/2751
f 6376/8/2752 6377/5/2752 6372/7/2752 6374/9/2752
f 6382/10/4 6383/11/4 6376/12/4 6374/13/4
f 6381/14/2610 6382/15/2610 6374/9/2610 6372/7/2610
f 6373/16/2611 6384/17/2611 6379/18/2611 6371/19/2611
f 6373/20/4 6376/12/4 6383/11/4 6384/21/4
f 6371/22/2753 6377/5/2752 6376/8/2752 6373/23/2753
f 6371/22/2754 6380/6/2750 6377/5/2750
f 6367/24/2749 6375/2/2749 6378/1/2749 6369/25/2749
f 6369/26/2615 6380/27/2620 6379/18/2620
f 6381/14/2755 6380/28/2755 6370/4/2756
f 6368/3/2721 6382/15/2610 6381/14/2610 6370/4/2721
f 6375/29/4 6383/11/4 6382/10/4 6368/30/4
f 6384/21/4 6383/11/4 6375/29/4 6367/31/4
f 6379/18/2611 6384/17/2611 6367/24/2611 6369/25/2611
f 6369/25/2757 6378/1/2758 6380/32/2758
f 6372/7/2759 6380/28/2755 6381/14/2755
f 6379/18/2620 6380/27/2620 6371/19/2620
f 6370/4/2758 6380/32/2758 6378/1/2758
f 6396/1/2760 6393/2/2760 6386/3/2761 6388/4/2761
f 6395/5/2762 6398/6/2762 6390/7/2763
f 6394/8/2764 6395/5/2764 6390/7/2764 6392/9/2764
f 6400/10/4 6401/11/4 6394/12/4 6392/13/4
f 6399/14/2765 6400/15/2765 6392/9/2765 6390/7/2765
f 6391/16/2766 6402/17/2767 6397/18/2767 6389/19/2766
f 6391/20/4 6394/12/4 6401/11/4 6402/21/4
f 6389/22/2768 6395/5/2764 6394/8/2764 6391/23/2768
f 6389/22/2762 6398/6/2762 6395/5/2762
f 6385/24/2760 6393/2/2760 6396/1/2760 6387/25/2760
f 6387/26/2769 6398/27/2769 6397/18/2769
f 6399/14/2770 6398/28/2770 6388/4/2771
f 6386/3/2765 6400/15/2765 6399/14/2765 6388/4/2765
f 6393/29/4 6401/11/4 6400/10/4 6386/30/4
f 6402/21/4 6401/11/4 6393/29/4 6385/31/4
f 6397/18/2767 6402/17/2767 6385/24/2767 6387/25/2767
f 6387/25/2772 6396/1/2772 6398/32/2772
f 6390/7/2770 6398/28/2770 6399/14/2770
f 6397/18/2769 6398/27/2769 6389/19/2773
f 6388/4/2772 6398/32/2772 6396/1/2772
f 6406/33/2766 6414/34/2766 6411/35/2766 6404/36/2766
f 6413/37/2774 6414/38/2774 6406/39/2774 6408/40/2774
f 6410/41/2775 6412/42/2776 6413/43/2776 6408/44/2775
f 6411/45/4 6412/46/4 6410/47/4 6404/48/4
f 6406/33/2777 6404/36/2777 6410/41/2777 6408/44/2777
f 6409/49/2778 6403/50/2778 6405/51/2778 6407/52/2778
f 6409/53/4 6412/46/4 6411/45/4 6403/54/4
f 6409/55/2776 6407/56/2776 6413/43/2776 6412/42/2776
f 6405/57/2779 6414/38/2779 6413/37/2779 6407/58/2779
f 6403/50/2766 6411/35/2766 6414/34/2766 6405/51/2766
f 6418/59/2780 6426/60/2781 6423/61/2781 6416/62/2780
f 6425/37/2782 6426/38/2782 6418/39/2782 6420/40/2782
f 6422/63/2783 6424/64/2783 6425/65/2783 6420/66/2783
f 6423/45/4 6424/46/4 6422/47/4 6416/48/4
f 6418/59/2784 6416/62/2784 6422/63/2784 6420/66/2784
f 6421/67/2785 6415/68/2785 6417/69/2785 6419/70/2785
f 6421/53/4 6424/46/4 6423/45/4 6415/54/4
f 6421/71/2783 6419/72/2783 6425/65/2783 6424/64/2783
f 6417/57/2786 6426/38/2786 6425/37/2786 6419/58/2786
f 6415/68/2787 6423/61/2781 6426/60/2781 6417/69/2787
f 6430/73/2780 6438/74/2780 6435/75/2780 6428/76/2780
f 6437/37/2788 6438/38/2788 6430/39/2788 6432/40/2788
f 6434/77/2775 6436/78/2765 6437/79/2765 6432/80/2775
f 6435/45/4 6436/46/4 6434/47/4 6428/48/4
f 6430/73/2789 6428/76/2789 6434/77/2789 6432/80/2789
f 6433/81/2790 6427/82/2790 6429/83/2790 6431/84/2790
f 6433/53/4 6436/46/4 6435/45/4 6427/54/4
f 6433/85/2765 6431/86/2765 6437/79/2765 6436/78/2765
f 6429/57/2791 6438/38/2791 6437/37/2791 6431/58/2791
f 6427/82/2780 6435/75/2780 6438/74/2780 6429/83/2780
f 6444/87/2792 6443/88/2792 6445/89/2792 6446/90/2792
f 6442/91/4 6441/92/4 6443/93/4 6444/94/4
f 6441/95/2787 6439/96/2787 6445/97/2787 6443/98/2787
f 6439/96/30 6440/99/30 6446/100/30 6445/97/30
f 6440/99/2783 6442/91/2783 6444/94/2783 6446/100/2783
f 6440/87/2793 6439/88/2793 6441/89/2793 6442/90/2793
f 6452/87/2794 6451/88/2794 6453/89/2794 6454/90/2794
f 6450/101/4 6449/102/4 6451/103/4 6452/104/4
f 6449/105/2787 6447/106/2787 6453/107/2787 6451/108/2787
f 6447/106/30 6448/109/30 6454/110/30 6453/107/30
f 6448/109/2783 6450/101/2783 6452/104/2783 6454/110/2783
f 6448/87/2795 6447/88/2795 6449/89/2795 6450/90/2795
f 6458/111/2787 6466/112/2787 6463/113/2787 6456/114/2787
f 6465/115/2796 6466/116/2796 6458/117/2796 6460/118/2796
f 6462/119/2765 6464/120/2783 6465/121/2783 6460/122/2765
f 6463/123/4 6464/124/4 6462/125/4 6456/126/4
f 6458/111/2797 6456/114/2797 6462/119/2797 6460/122/2797
f 6461/127/2798 6455/128/2798 6457/129/2798 6459/130/2798
f 6461/131/4 6464/124/4 6463/123/4 6455/132/4
f 6461/133/2799 6459/134/2799 6465/121/2783 6464/120/2783
f 6457/135/2800 6466/116/2800 6465/115/2800 6459/136/2800
f 6455/128/2787 6463/113/2787 6466/112/2787 6457/129/2787
f 6470/137/2691 6478/138/2787 6475/139/2787 6468/140/2691
f 6477/141/2801 6478/142/2801 6470/143/2801 6472/144/2801
f 6474/145/2783 6476/146/2799 6477/147/2799 6472/148/2783
f 6475/149/4 6476/150/4 6474/151/4 6468/152/4
f 6470/137/2802 6468/140/2802 6474/145/2802 6472/148/2802
f 6473/153/2803 6467/154/2803 6469/155/2803 6471/156/2803
f 6473/157/4 6476/150/4 6475/149/4 6467/158/4
f 6473/159/2799 6471/160/2799 6477/147/2799 6476/146/2799
f 6469/161/2804 6478/142/2804 6477/141/2804 6471/162/2804
f 6467/154/2787 6475/139/2787 6478/138/2787 6469/155/2787
f 6492/163/2691 6491/164/2691 6497/165/2691 6498/166/2691
f 6493/167/2805 6491/168/2805 6492/39/2805 6494/40/2805
f 6496/169/2783 6495/170/2799 6493/171/2799 6494/172/2783
f 6497/45/4 6495/46/4 6496/47/4 6498/48/4
f 6492/163/2806 6498/166/2806 6496/169/2806 6494/172/2806
f 6499/173/2807 6500/174/2807 6502/175/2807 6501/176/2807
f 6499/53/4 6495/46/4 6497/45/4 6500/54/4
f 6499/177/2689 6501/178/2689 6493/171/2799 6495/170/2799
f 6502/57/2808 6491/168/2808 6493/167/2808 6501/58/2808
f 6500/174/2691 6497/165/2691 6491/164/2691 6502/175/2691
f 6482/179/2691 6490/180/2691 6487/181/2691 6480/182/2691
f 6489/37/2809 6490/38/2809 6482/39/2809 6484/40/2809
f 6486/183/2799 6488/184/2799 6489/185/2799 6484/186/2799
f 6487/45/4 6488/46/4 6486/47/4 6480/48/4
f 6482/179/2810 6480/182/2810 6486/183/2810 6484/186/2810
f 6485/187/2811 6479/188/2811 6481/189/2811 6483/190/2811
f 6485/53/4 6488/46/4 6487/45/4 6479/54/4
f 6485/191/2799 6483/192/2799 6489/185/2799 6488/184/2799
f 6481/57/2812 6490/38/2812 6489/37/2812 6483/58/2812
f 6479/188/2691 6487/181/2691 6490/180/2691 6481/189/2691
f 6506/193/2780 6514/194/2781 6511/195/2781 6504/196/2780
f 6513/197/2813 6514/198/2813 6506/199/2813 6508/200/2813
f 6510/201/2783 6512/202/2783 6513/203/2783 6508/204/2783
f 6511/205/4 6512/206/4 6510/207/4 6504/208/4
f 6506/193/2814 6504/196/2814 6510/201/2814 6508/204/2814
f 6509/209/2815 6503/210/2815 6505/211/2815 6507/212/2815
f 6509/213/4 6512/206/4 6511/205/4 6503/214/4
f 6509/215/2765 6507/216/2765 6513/203/2783 6512/202/2783
f 6505/217/2816 6514/198/2816 6513/197/2816 6507/218/2816
f 6503/210/2787 6511/195/2781 6514/194/2781 6505/211/2787
f 6520/219/2817 6519/220/2817 6521/221/2817 6522/222/2817
f 6518/223/2818 6517/224/2818 6519/225/2818 6520/226/2818
f 6517/227/2787 6515/228/2787 6521/229/2787 6519/230/2787
f 6515/228/2819 6516/231/2819 6522/232/2819 6521/229/2819
f 6516/231/2783 6518/223/2783 6520/226/2783 6522/232/2783
f 6516/219/2793 6515/233/2793 6517/221/2793 6518/222/2793
f 6526/234/2780 6534/235/2780 6531/236/2780 6524/237/2780
f 6533/238/2820 6534/239/2820 6526/240/2820 6528/241/2820
f 6530/242/2776 6532/243/2776 6533/244/2776 6528/245/2776
f 6531/246/4 6532/247/4 6530/248/4 6524/249/4
f 6526/234/2821 6524/237/2821 6530/242/2821 6528/245/2821
f 6529/250/2822 6523/251/2822 6525/252/2822 6527/253/2822
f 6529/254/4 6532/247/4 6531/246/4 6523/255/4
f 6529/256/2775 6527/257/2775 6533/244/2776 6532/243/2776
f 6525/258/2823 6534/239/2823 6533/238/2823 6527/259/2823
f 6523/251/2780 6531/236/2780 6534/235/2780 6525/252/2780
f 6546/1/2824 6543/2/2824 6536/3/2824 6538/4/2824
f 6545/5/2825 6548/6/2825 6540/7/2825
f 6544/8/2826 6545/5/2826 6540/7/2827 6542/9/2827
f 6550/10/4 6551/11/4 6544/12/4 6542/13/4
f 6549/14/2689 6550/15/2689 6542/9/2690 6540/7/2690
f 6541/16/2691 6552/17/2691 6547/18/2691 6539/19/2691
f 6541/20/4 6544/12/4 6551/11/4 6552/21/4
f 6539/22/2826 6545/5/2826 6544/8/2826 6541/23/2826
f 6539/22/2825 6548/6/2825 6545/5/2825
f 6535/24/2828 6543/2/2824 6546/1/2824 6537/25/2828
f 6537/26/2829 6548/27/2830 6547/18/2830
f 6549/14/2831 6548/28/2831 6538/4/2832
f 6536/3/2799 6550/15/2689 6549/14/2689 6538/4/2799
f 6543/29/4 6551/11/4 6550/10/4 6536/30/4
f 6552/21/4 6551/11/4 6543/29/4 6535/31/4
f 6547/18/2691 6552/17/2691 6535/24/2691 6537/25/2691
f 6537/25/2833 6546/1/2833 6548/32/2833
f 6540/7/2831 6548/28/2831 6549/14/2831
f 6547/18/2830 6548/27/2830 6539/19/2699
f 6538/4/2834 6548/32/2833 6546/1/2833
f 6564/1/2835 6561/2/2835 6554/3/2835 6556/4/2835
f 6563/5/2836 6566/6/2836 6558/7/2836
f 6562/8/2837 6563/5/2837 6558/7/2837 6560/9/2837
f 6568/10/4 6569/11/4 6562/12/4 6560/13/4
f 6567/14/607 6568/15/607 6560/9/607 6558/7/607
f 6559/16/2838 6570/17/2838 6565/18/2838 6557/19/2838
f 6559/20/4 6562/12/4 6569/11/4 6570/21/4
f 6557/22/2837 6563/5/2837 6562/8/2837 6559/23/2837
f 6557/22/2839 6566/6/2836 6563/5/2836
f 6553/24/2835 6561/2/2835 6564/1/2835 6555/25/2835
f 6555/26/2840 6566/27/2841 6565/18/2841
f 6567/14/2842 6566/28/2842 6556/4/2842
f 6554/3/2843 6568/15/607 6567/14/607 6556/4/2843
f 6561/29/4 6569/11/4 6568/10/4 6554/30/4
f 6570/21/4 6569/11/4 6561/29/4 6553/31/4
f 6565/18/2838 6570/17/2838 6553/24/2838 6555/25/2838
f 6555/25/2844 6564/1/2845 6566/32/2845
f 6558/7/2842 6566/28/2842 6567/14/2842
f 6565/18/2841 6566/27/2841 6557/19/2846
f 6556/4/2847 6566/32/2845 6564/1/2845
f 6574/33/2838 6582/34/2838 6579/35/2838 6572/36/2838
f 6581/37/2848 6582/38/2848 6574/39/2848 6576/40/2848
f 6578/41/2849 6580/42/2849 6581/43/2849 6576/44/2849
f 6579/45/4 6580/46/4 6578/47/4 6572/48/4
f 6574/33/2850 6572/36/2850 6578/41/2850 6576/44/2850
f 6577/49/2851 6571/50/2851 6573/51/2851 6575/52/2851
f 6577/53/4 6580/46/4 6579/45/4 6571/54/4
f 6577/55/2852 6575/56/2852 6581/43/2849 6580/42/2849
f 6573/57/2853 6582/38/2853 6581/37/2853 6575/58/2853
f 6571/50/2838 6579/35/2838 6582/34/2838 6573/51/2838
f 6586/59/2854 6594/60/2854 6591/61/2854 6584/62/2854
f 6593/37/2855 6594/38/2855 6586/39/2855 6588/40/2855
f 6590/63/2856 6592/64/2856 6593/65/2856 6588/66/2856
f 6591/45/4 6592/46/4 6590/47/4 6584/48/4
f 6586/59/2857 6584/62/2857 6590/63/2857 6588/66/2857
f 6589/67/2858 6583/68/2858 6585/69/2858 6587/70/2858
f 6589/53/4 6592/46/4 6591/45/4 6583/54/4
f 6589/71/2856 6587/72/2856 6593/65/2856 6592/64/2856
f 6585/57/2859 6594/38/2859 6593/37/2859 6587/58/2859
f 6583/68/2854 6591/61/2854 6594/60/2854 6585/69/2854
f 6598/73/2860 6606/74/2860 6603/75/2860 6596/76/2860
f 6605/37/2861 6606/38/2861 6598/39/2861 6600/40/2861
f 6602/77/2856 6604/78/2856 6605/79/2856 6600/80/2856
f 6603/45/4 6604/46/4 6602/47/4 6596/48/4
f 6598/73/2862 6596/76/2862 6602/77/2862 6600/80/2862
f 6601/81/2863 6595/82/2863 6597/83/2863 6599/84/2863
f 6601/53/4 6604/46/4 6603/45/4 6595/54/4
f 6601/85/2856 6599/86/2856 6605/79/2856 6604/78/2856
f 6597/57/2864 6606/38/2864 6605/37/2864 6599/58/2864
f 6595/82/2854 6603/75/2860 6606/74/2860 6597/83/2854
f 6612/87/2865 6611/88/2865 6613/89/2865 6614/90/2865
f 6610/91/4 6609/92/4 6611/93/4 6612/94/4
f 6609/95/2866 6607/96/2866 6613/97/2866 6611/98/2866
f 6607/96/30 6608/99/30 6614/100/30 6613/97/30
f 6608/99/2867 6610/91/2867 6612/94/2867 6614/100/2867
f 6608/87/2868 6607/88/2868 6609/89/2868 6610/90/2868
f 6620/87/2865 6619/88/2865 6621/89/2865 6622/90/2865
f 6618/101/4 6617/102/4 6619/103/4 6620/104/4
f 6617/105/2866 6615/106/2866 6621/107/2866 6619/108/2866
f 6615/106/30 6616/109/30 6622/110/30 6621/107/30
f 6616/109/2867 6618/101/2867 6620/104/2867 6622/110/2867
f 6616/87/2868 6615/88/2868 6617/89/2868 6618/90/2868
f 6626/111/2767 6634/112/2854 6631/113/2854 6624/114/2767
f 6633/115/2869 6634/116/2869 6626/117/2869 6628/118/2869
f 6630/119/2856 6632/120/2856 6633/121/2856 6628/122/2856
f 6631/123/4 6632/124/4 6630/125/4 6624/126/4
f 6626/111/2870 6624/114/2870 6630/119/2870 6628/122/2870
f 6629/127/2871 6623/128/2871 6625/129/2871 6627/130/2871
f 6629/131/4 6632/124/4 6631/123/4 6623/132/4
f 6629/133/2856 6627/134/2856 6633/121/2856 6632/120/2856
f 6625/135/2872 6634/116/2872 6633/115/2872 6627/136/2872
f 6623/128/2860 6631/113/2854 6634/112/2854 6625/129/2860
f 6638/137/2873 6646/138/2767 6643/139/2767 6636/140/2873
f 6645/141/2874 6646/142/2874 6638/143/2874 6640/144/2874
f 6642/145/2875 6644/146/2875 6645/147/2875 6640/148/2875
f 6643/149/4 6644/150/4 6642/151/4 6636/152/4
f 6638/137/2876 6636/140/2876 6642/145/2876 6640/148/2876
f 6641/153/2877 6635/154/2877 6637/155/2877 6639/156/2877
f 6641/157/4 6644/150/4 6643/149/4 6635/158/4
f 6641/159/2856 6639/160/2856 6645/147/2875 6644/146/2875
f 6637/161/2878 6646/142/2878 6645/141/2878 6639/162/2878
f 6635/154/2767 6643/139/2767 6646/138/2767 6637/155/2767
f 6660/163/2766 6659/164/2767 6665/165/2767 6666/166/2766
f 6661/167/2879 6659/168/2879 6660/39/2879 6662/40/2879
f 6664/169/2875 6663/170/2776 6661/171/2776 6662/172/2875
f 6665/45/4 6663/46/4 6664/47/4 6666/48/4
f 6660/163/2880 6666/166/2880 6664/169/2880 6662/172/2880
f 6667/173/2881 6668/174/2881 6670/175/2881 6669/176/2881
f 6667/53/4 6663/46/4 6665/45/4 6668/54/4
f 6667/177/2776 6669/178/2776 6661/171/2776 6663/170/2776
f 6670/57/2882 6659/168/2882 6661/167/2882 6669/58/2882
f 6668/174/2767 6665/165/2767 6659/164/2767 6670/175/2767
f 6650/179/2766 6658/180/2767 6655/181/2767 6648/182/2766
f 6657/37/2883 6658/38/2883 6650/39/2883 6652/40/2883
f 6654/183/2875 6656/184/2875 6657/185/2875 6652/186/2875
f 6655/45/4 6656/46/4 6654/47/4 6648/48/4
f 6650/179/2884 6648/182/2884 6654/183/2884 6652/186/2884
f 6653/187/2885 6647/188/2885 6649/189/2885 6651/190/2885
f 6653/53/4 6656/46/4 6655/45/4 6647/54/4
f 6653/191/2875 6651/192/2875 6657/185/2875 6656/184/2875
f 6649/57/2886 6658/38/2886 6657/37/2886 6651/58/2886
f 6647/188/2767 6655/181/2767 6658/180/2767 6649/189/2767
f 6674/193/2860 6682/194/2860 6679/195/2860 6672/196/2860
f 6681/197/2887 6682/198/2887 6674/199/2887 6676/200/2887
f 6678/201/2856 6680/202/2856 6681/203/2856 6676/204/2856
f 6679/205/4 6680/206/4 6678/207/4 6672/208/4
f 6674/193/2888 6672/196/2888 6678/201/2888 6676/204/2888
f 6677/209/2889 6671/210/2889 6673/211/2889 6675/212/2889
f 6677/213/4 6680/206/4 6679/205/4 6671/214/4
f 6677/215/2890 6675/216/2890 6681/203/2856 6680/202/2856
f 6673/217/2891 6682/198/2891 6681/197/2891 6675/218/2891
f 6671/210/2854 6679/195/2860 6682/194/2860 6673/211/2854
f 6688/219/2865 6687/220/2865 6689/221/2865 6690/222/2865
f 6686/223/2892 6685/224/2892 6687/225/2892 6688/226/2892
f 6685/227/2866 6683/228/2866 6689/229/2866 6687/230/2866
f 6683/228/2893 6684/231/2893 6690/232/2893 6689/229/2893
f 6684/231/2867 6686/223/2867 6688/226/2867 6690/232/2867
f 6684/219/2894 6683/233/2894 6685/221/2894 6686/222/2894
f 6694/234/2895 6702/235/2860 6699/236/2860 6692/237/2895
f 6701/238/2896 6702/239/2896 6694/240/2896 6696/241/2896
f 6698/242/2856 6700/243/2890 6701/244/2890 6696/245/2856
f 6699/246/4 6700/247/4 6698/248/4 6692/249/4
f 6694/234/2897 6692/237/2897 6698/242/2897 6696/245/2897
f 6697/250/2898 6691/251/2898 6693/252/2898 6695/253/2898
f 6697/254/4 6700/247/4 6699/246/4 6691/255/4
f 6697/256/2890 6695/257/2890 6701/244/2890 6700/243/2890
f 6693/258/2899 6702/239/2899 6701/238/2899 6695/259/2899
f 6691/251/2860 6699/236/2860 6702/235/2860 6693/252/2860
f 6714/1/2900 6711/2/2900 6704/3/2901 6706/4/2901
f 6713/5/2902 6716/6/2902 6708/7/2903
f 6712/8/2904 6713/5/2904 6708/7/2905 6710/9/2905
f 6718/10/4 6719/11/4 6712/12/4 6710/13/4
f 6717/14/2776 6718/15/2776 6710/9/2775 6708/7/2775
f 6709/16/2766 6720/17/2767 6715/18/2767 6707/19/2766
f 6709/20/4 6712/12/4 6719/11/4 6720/21/4
f 6707/22/2906 6713/5/2904 6712/8/2904 6709/23/2906
f 6707/22/2902 6716/6/2902 6713/5/2902
f 6703/24/2900 6711/2/2900 6714/1/2900 6705/25/2900
f 6705/26/2907 6716/27/2908 6715/18/2908
f 6717/14/2771 6716/28/2771 6706/4/2771
f 6704/3/2776 6718/15/2776 6717/14/2776 6706/4/2776
f 6711/29/4 6719/11/4 6718/10/4 6704/30/4
f 6720/21/4 6719/11/4 6711/29/4 6703/31/4
f 6715/18/2767 6720/17/2767 6703/24/2854 6705/25/2854
f 6705/25/2909 6714/1/2910 6716/32/2910
f 6708/7/2911 6716/28/2771 6717/14/2771
f 6715/18/2908 6716/27/2908 6707/19/2908
f 6706/4/2912 6716/32/2910 6714/1/2910
f 6732/1/2913 6729/2/2913 6722/3/2914 6724/4/2914
f 6731/5/2915 6734/6/2915 6726/7/2915
f 6730/8/2916 6731/5/2916 6726/7/2917 6728/9/2917
f 6736/10/4 6737/11/4 6730/12/4 6728/13/4
f 6735/14/2918 6736/15/2918 6728/9/2919 6726/7/2919
f 6727/16/2920 6738/17/2921 6733/18/2921 6725/19/2920
f 6727/20/4 6730/12/4 6737/11/4 6738/21/4
f 6725/22/2916 6731/5/2916 6730/8/2916 6727/23/2916
f 6725/22/2915 6734/6/2915 6731/5/2915
f 6721/24/2913 6729/2/2913 6732/1/2913 6723/25/2913
f 6723/26/2922 6734/27/2923 6733/18/2923
f 6735/14/2924 6734/28/2924 6724/4/2925
f 6722/3/2926 6736/15/2918 6735/14/2918 6724/4/2926
f 6729/29/4 6737/11/4 6736/10/4 6722/30/4
f 6738/21/4 6737/11/4 6729/29/4 6721/31/4
f 6733/18/2921 6738/17/2921 6721/24/2921 6723/25/2921
f 6723/25/2927 6732/1/2928 6734/32/2928
f 6726/7/2929 6734/28/2924 6735/14/2924
f 6733/18/2923 6734/27/2923 6725/19/2930
f 6724/4/2931 6734/32/2928 6732/1/2928
f 6742/33/2921 6750/34/2921 6747/35/2921 6740/36/2921
f 6749/37/2932 6750/38/2932 6742/39/2932 6744/40/2932
f 6746/41/2933 6748/42/2926 6749/43/2926 6744/44/2933
f 6747/45/4 6748/46/4 6746/47/4 6740/48/4
f 6742/33/2934 6740/36/2934 6746/41/2934 6744/44/2934
f 6745/49/2935 6739/50/2935 6741/51/2935 6743/52/2935
f 6745/53/4 6748/46/4 6747/45/4 6739/54/4
f 6745/55/2936 6743/56/2936 6749/43/2926 6748/42/2926
f 6741/57/2937 6750/38/2937 6749/37/2937 6743/58/2937
f 6739/50/2921 6747/35/2921 6750/34/2921 6741/51/2921
f 6754/59/2920 6762/60/2938 6759/61/2938 6752/62/2920
f 6761/37/2939 6762/38/2939 6754/39/2939 6756/40/2939
f 6758/63/2940 6760/64/2933 6761/65/2933 6756/66/2940
f 6759/45/4 6760/46/4 6758/47/4 6752/48/4
f 6754/59/2941 6752/62/2941 6758/63/2941 6756/66/2941
f 6757/67/2942 6751/68/2942 6753/69/2942 6755/70/2942
f 6757/53/4 6760/46/4 6759/45/4 6751/54/4
f 6757/71/2933 6755/72/2933 6761/65/2933 6760/64/2933
f 6753/57/2943 6762/38/2943 6761/37/2943 6755/58/2943
f 6751/68/2944 6759/61/2938 6762/60/2938 6753/69/2944
f 6766/73/2920 6774/74/2938 6771/75/2938 6764/76/2920
f 6773/37/2945 6774/38/2945 6766/39/2945 6768/40/2945
f 6770/77/2926 6772/78/2926 6773/79/2926 6768/80/2926
f 6771/45/4 6772/46/4 6770/47/4 6764/48/4
f 6766/73/2946 6764/76/2946 6770/77/2946 6768/80/2946
f 6769/81/2947 6763/82/2947 6765/83/2947 6767/84/2947
f 6769/53/4 6772/46/4 6771/45/4 6763/54/4
f 6769/85/2933 6767/86/2933 6773/79/2926 6772/78/2926
f 6765/57/2948 6774/38/2948 6773/37/2948 6767/58/2948
f 6763/82/2938 6771/75/2938 6774/74/2938 6765/83/2938
f 6780/87/2949 6779/88/2949 6781/89/2949 6782/90/2949
f 6778/91/4 6777/92/4 6779/93/4 6780/94/4
f 6777/95/2944 6775/96/2944 6781/97/2944 6779/98/2944
f 6775/96/30 6776/99/30 6782/100/30 6781/97/30
f 6776/99/2933 6778/91/2933 6780/94/2933 6782/100/2933
f 6776/87/2950 6775/88/2950 6777/89/2950 6778/90/2950
f 6788/87/2951 6787/88/2951 6789/89/2951 6790/90/2951
f 6786/101/4 6785/102/4 6787/103/4 6788/104/4
f 6785/105/2944 6783/106/2944 6789/107/2944 6787/108/2944
f 6783/106/30 6784/109/30 6790/110/30 6789/107/30
f 6784/109/2933 6786/101/2933 6788/104/2933 6790/110/2933
f 6784/87/2952 6783/88/2952 6785/89/2952 6786/90/2952
f 6794/111/2944 6802/112/2953 6799/113/2953 6792/114/2944
f 6801/115/2954 6802/116/2954 6794/117/2954 6796/118/2954
f 6798/119/607 6800/120/2843 6801/121/2843 6796/122/607
f 6799/123/4 6800/124/4 6798/125/4 6792/126/4
f 6794/111/2955 6792/114/2955 6798/119/2955 6796/122/2955
f 6797/127/2956 6791/128/2956 6793/129/2956 6795/130/2956
f 6797/131/4 6800/124/4 6799/123/4 6791/132/4
f 6797/133/2843 6795/134/2843 6801/121/2843 6800/120/2843
f 6793/135/2957 6802/116/2957 6801/115/2957 6795/136/2957
f 6791/128/2958 6799/113/2953 6802/112/2953 6793/129/2958
f 6806/137/2958 6814/138/2958 6811/139/2958 6804/140/2958
f 6813/141/2959 6814/142/2959 6806/143/2959 6808/144/2959
f 6810/145/607 6812/146/2843 6813/147/2843 6808/148/607
f 6811/149/4 6812/150/4 6810/151/4 6804/152/4
f 6806/137/2960 6804/140/2960 6810/145/2960 6808/148/2960
f 6809/153/2961 6803/154/2961 6805/155/2961 6807/156/2961
f 6809/157/4 6812/150/4 6811/149/4 6803/158/4
f 6809/159/2843 6807/160/2843 6813/147/2843 6812/146/2843
f 6805/161/2962 6814/142/2962 6813/141/2962 6807/162/2962
f 6803/154/2963 6811/139/2958 6814/138/2958 6805/155/2963
f 6828/163/2958 6827/164/2958 6833/165/2958 6834/166/2958
f 6829/167/2964 6827/168/2964 6828/39/2964 6830/40/2964
f 6832/169/607 6831/170/607 6829/171/607 6830/172/607
f 6833/45/4 6831/46/4 6832/47/4 6834/48/4
f 6828/163/2965 6834/166/2965 6832/169/2965 6830/172/2965
f 6835/173/2966 6836/174/2966 6838/175/2966 6837/176/2966
f 6835/53/4 6831/46/4 6833/45/4 6836/54/4
f 6835/177/2852 6837/178/2852 6829/171/607 6831/170/607
f 6838/57/2967 6827/168/2967 6829/167/2967 6837/58/2967
f 6836/174/2963 6833/165/2958 6827/164/2958 6838/175/2963
f 6818/179/2838 6826/180/2963 6823/181/2963 6816/182/2838
f 6825/37/2968 6826/38/2968 6818/39/2968 6820/40/2968
f 6822/183/607 6824/184/607 6825/185/607 6820/186/607
f 6823/45/4 6824/46/4 6822/47/4 6816/48/4
f 6818/179/2969 6816/182/2969 6822/183/2969 6820/186/2969
f 6821/187/2970 6815/188/2970 6817/189/2970 6819/190/2970
f 6821/53/4 6824/46/4 6823/45/4 6815/54/4
f 6821/191/607 6819/192/607 6825/185/607 6824/184/607
f 6817/57/2971 6826/38/2971 6825/37/2971 6819/58/2971
f 6815/188/2958 6823/181/2963 6826/180/2963 6817/189/2958
f 6842/193/2944 6850/194/2944 6847/195/2944 6840/196/2944
f 6849/197/2972 6850/198/2972 6842/199/2972 6844/200/2972
f 6846/201/2933 6848/202/2933 6849/203/2933 6844/204/2933
f 6847/205/4 6848/206/4 6846/207/4 6840/208/4
f 6842/193/2973 6840/196/2973 6846/201/2973 6844/204/2973
f 6845/209/2974 6839/210/2974 6841/211/2974 6843/212/2974
f 6845/213/4 6848/206/4 6847/205/4 6839/214/4
f 6845/215/2933 6843/216/2933 6849/203/2933 6848/202/2933
f 6841/217/2975 6850/198/2975 6849/197/2975 6843/218/2975
f 6839/210/2938 6847/195/2944 6850/194/2944 6841/211/2938
f 6856/219/2976 6855/220/2976 6857/221/2976 6858/222/2976
f 6854/223/2977 6853/224/2977 6855/225/2977 6856/226/2977
f 6853/227/2944 6851/228/2944 6857/229/2944 6855/230/2944
f 6851/228/2978 6852/231/2978 6858/232/2978 6857/229/2978
f 6852/231/2933 6854/223/2933 6856/226/2933 6858/232/2933
f 6852/219/2952 6851/233/2952 6853/221/2952 6854/222/2952
f 6862/234/2921 6870/235/2938 6867/236/2938 6860/237/2921
f 6869/238/2979 6870/239/2979 6862/240/2979 6864/241/2979
f 6866/242/2940 6868/243/2940 6869/244/2940 6864/245/2940
f 6867/246/4 6868/247/4 6866/248/4 6860/249/4
f 6862/234/2980 6860/237/2980 6866/242/2980 6864/245/2980
f 6865/250/2981 6859/251/2981 6861/252/2981 6863/253/2981
f 6865/254/4 6868/247/4 6867/246/4 6859/255/4
f 6865/256/2926 6863/257/2926 6869/244/2940 6868/243/2940
f 6861/258/2982 6870/239/2982 6869/238/2982 6863/259/2982
f 6859/251/2944 6867/236/2938 6870/235/2938 6861/252/2944
f 6882/1/2983 6879/2/2983 6872/3/2983 6874/4/2983
f 6881/5/2984 6884/6/2984 6876/7/2985
f 6880/8/2986 6881/5/2986 6876/7/2986 6878/9/2986
f 6886/10/4 6887/11/4 6880/12/4 6878/13/4
f 6885/14/2987 6886/15/2987 6878/9/2987 6876/7/2987
f 6877/16/2838 6888/17/2838 6883/18/2838 6875/19/2838
f 6877/20/4 6880/12/4 6887/11/4 6888/21/4
f 6875/22/2986 6881/5/2986 6880/8/2986 6877/23/2986
f 6875/22/2988 6884/6/2984 6881/5/2984
f 6871/24/2989 6879/2/2983 6882/1/2983 6873/25/2989
f 6873/26/2990 6884/27/2991 6883/18/2991
f 6885/14/2992 6884/28/2992 6874/4/2993
f 6872/3/2843 6886/15/2987 6885/14/2987 6874/4/2843
f 6879/29/4 6887/11/4 6886/10/4 6872/30/4
f 6888/21/4 6887/11/4 6879/29/4 6871/31/4
f 6883/18/2838 6888/17/2838 6871/24/2838 6873/25/2838
f 6873/25/2994 6882/1/2994 6884/32/2994
f 6876/7/2995 6884/28/2992 6885/14/2992
f 6883/18/2991 6884/27/2991 6875/19/2996
f 6874/4/2994 6884/32/2994 6882/1/2994
f 6900/1/2997 6897/2/2997 6890/3/2998 6892/4/2998
f 6899/5/2999 6902/6/2999 6894/7/2999
f 6898/8/3000 6899/5/3000 6894/7/3001 6896/9/3001
f 6904/10/4 6905/11/4 6898/12/4 6896/13/4
f 6903/14/3002 6904/15/3002 6896/9/3002 6894/7/3002
f 6895/16/3003 6906/17/3004 6901/18/3004 6893/19/3003
f 6895/20/4 6898/12/4 6905/11/4 6906/21/4
f 6893/22/3005 6899/5/3000 6898/8/3000 6895/23/3005
f 6893/22/2999 6902/6/2999 6899/5/2999
f 6889/24/3006 6897/2/2997 6900/1/2997 6891/25/3006
f 6891/26/3007 6902/27/3008 6901/18/3008
f 6903/14/3009 6902/28/3009 6892/4/3010
f 6890/3/3011 6904/15/3002 6903/14/3002 6892/4/3011
f 6897/29/4 6905/11/4 6904/10/4 6890/30/4
f 6906/21/4 6905/11/4 6897/29/4 6889/31/4
f 6901/18/3004 6906/17/3004 6889/24/3004 6891/25/3004
f 6891/25/3012 6900/1/3013 6902/32/3013
f 6894/7/3009 6902/28/3009 6903/14/3009
f 6901/18/3008 6902/27/3008 6893/19/3014
f 6892/4/3013 6902/32/3013 6900/1/3013
f 6910/33/3015 6918/34/3015 6915/35/3015 6908/36/3015
f 6917/37/3016 6918/38/3016 6910/39/3016 6912/40/3016
f 6914/41/3011 6916/42/3011 6917/43/3011 6912/44/3011
f 6915/45/4 6916/46/4 6914/47/4 6908/48/4
f 6910/33/3017 6908/36/3017 6914/41/3017 6912/44/3017
f 6913/49/3018 6907/50/3018 6909/51/3018 6911/52/3018
f 6913/53/4 6916/46/4 6915/45/4 6907/54/4
f 6913/55/3011 6911/56/3011 6917/43/3011 6916/42/3011
f 6909/57/3019 6918/38/3019 6917/37/3019 6911/58/3019
f 6907/50/3004 6915/35/3015 6918/34/3015 6909/51/3004
f 6922/59/3020 6930/60/3020 6927/61/3020 6920/62/3020
f 6929/37/3021 6930/38/3021 6922/39/3021 6924/40/3021
f 6926/63/3011 6928/64/3022 6929/65/3022 6924/66/3011
f 6927/45/4 6928/46/4 6926/47/4 6920/48/4
f 6922/59/3023 6920/62/3023 6926/63/3023 6924/66/3023
f 6925/67/3024 6919/68/3024 6921/69/3024 6923/70/3024
f 6925/53/4 6928/46/4 6927/45/4 6919/54/4
f 6925/71/2919 6923/72/2919 6929/65/3022 6928/64/3022
f 6921/57/3025 6930/38/3025 6929/37/3025 6923/58/3025
f 6919/68/3020 6927/61/3020 6930/60/3020 6921/69/3020
f 6934/73/3004 6942/74/3026 6939/75/3026 6932/76/3004
f 6941/37/3027 6942/38/3027 6934/39/3027 6936/40/3027
f 6938/77/3002 6940/78/3028 6941/79/3028 6936/80/3002
f 6939/45/4 6940/46/4 6938/47/4 6932/48/4
f 6934/73/3029 6932/76/3029 6938/77/3029 6936/80/3029
f 6937/81/3030 6931/82/3030 6933/83/3030 6935/84/3030
f 6937/53/4 6940/46/4 6939/45/4 6931/54/4
f 6937/85/2919 6935/86/2919 6941/79/3028 6940/78/3028
f 6933/57/3031 6942/38/3031 6941/37/3031 6935/58/3031
f 6931/82/3020 6939/75/3026 6942/74/3026 6933/83/3020
f 6948/87/387 6947/88/387 6949/89/387 6950/90/387
f 6946/91/4 6945/92/4 6947/93/4 6948/94/4
f 6945/95/3026 6943/96/3026 6949/97/3026 6947/98/3026
f 6943/96/30 6944/99/30 6950/100/30 6949/97/30
f 6944/99/3022 6946/91/3022 6948/94/3022 6950/100/3022
f 6944/87/3032 6943/88/3032 6945/89/3032 6946/90/3032
f 6956/87/410 6955/88/410 6957/89/410 6958/90/410
f 6954/101/4 6953/102/4 6955/103/4 6956/104/4
f 6953/105/3026 6951/106/3026 6957/107/3026 6955/108/3026
f 6951/106/30 6952/109/30 6958/110/30 6957/107/30
f 6952/109/3022 6954/101/3022 6956/104/3022 6958/110/3022
f 6952/87/3032 6951/88/3032 6953/89/3032 6954/90/3032
f 6962/111/3020 6970/112/3020 6967/113/3020 6960/114/3020
f 6969/115/3033 6970/116/3033 6962/117/3033 6964/118/3033
f 6966/119/2918 6968/120/2919 6969/121/2919 6964/122/2918
f 6967/123/4 6968/124/4 6966/125/4 6960/126/4
f 6962/111/3034 6960/114/3034 6966/119/3034 6964/122/3034
f 6965/127/3035 6959/128/3035 6961/129/3035 6963/130/3035
f 6965/131/4 6968/124/4 6967/123/4 6959/132/4
f 6965/133/3036 6963/134/3036 6969/121/2919 6968/120/2919
f 6961/135/3037 6970/116/3037 6969/115/3037 6963/136/3037
f 6959/128/3038 6967/113/3020 6970/112/3020 6961/129/3038
f 6974/137/3020 6982/138/3020 6979/139/3020 6972/140/3020
f 6981/141/3039 6982/142/3039 6974/143/3039 6976/144/3039
f 6978/145/2919 6980/146/2919 6981/147/2919 6976/148/2919
f 6979/149/4 6980/150/4 6978/151/4 6972/152/4
f 6974/137/3040 6972/140/3040 6978/145/3040 6976/148/3040
f 6977/153/3041 6971/154/3041 6973/155/3041 6975/156/3041
f 6977/157/4 6980/150/4 6979/149/4 6971/158/4
f 6977/159/2919 6975/160/2919 6981/147/2919 6980/146/2919
f 6973/161/3042 6982/142/3042 6981/141/3042 6975/162/3042
f 6971/154/3038 6979/139/3020 6982/138/3020 6973/155/3038
f 6996/163/2921 6995/164/3038 7001/165/3038 7002/166/2921
f 6997/167/3043 6995/168/3043 6996/39/3043 6998/40/3043
f 7000/169/2918 6999/170/2918 6997/171/2918 6998/172/2918
f 7001/45/4 6999/46/4 7000/47/4 7002/48/4
f 6996/163/3044 7002/166/3044 7000/169/3044 6998/172/3044
f 7003/173/598 7004/174/598 7006/175/598 7005/176/598
f 7003/53/4 6999/46/4 7001/45/4 7004/54/4
f 7003/177/2918 7005/178/2918 6997/171/2918 6999/170/2918
f 7006/57/3045 6995/168/3045 6997/167/3045 7005/58/3045
f 7004/174/3038 7001/165/3038 6995/164/3038 7006/175/3038
f 6986/179/2921 6994/180/3046 6991/181/3046 6984/182/2921
f 6993/37/3047 6994/38/3047 6986/39/3047 6988/40/3047
f 6990/183/2936 6992/184/2936 6993/185/2936 6988/186/2936
f 6991/45/4 6992/46/4 6990/47/4 6984/48/4
f 6986/179/3048 6984/182/3048 6990/183/3048 6988/186/3048
f 6989/187/3049 6983/188/3049 6985/189/3049 6987/190/3049
f 6989/53/4 6992/46/4 6991/45/4 6983/54/4
f 6989/191/2918 6987/192/2918 6993/185/2936 6992/184/2936
f 6985/57/3050 6994/38/3050 6993/37/3050 6987/58/3050
f 6983/188/3038 6991/181/3046 6994/180/3046 6985/189/3038
f 7010/193/3026 7018/194/3026 7015/195/3026 7008/196/3026
f 7017/197/3051 7018/198/3051 7010/199/3051 7012/200/3051
f 7014/201/3022 7016/202/3022 7017/203/3022 7012/204/3022
f 7015/205/4 7016/206/4 7014/207/4 7008/208/4
f 7010/193/3052 7008/196/3052 7014/201/3052 7012/204/3052
f 7013/209/3053 7007/210/3053 7009/211/3053 7011/212/3053
f 7013/213/4 7016/206/4 7015/205/4 7007/214/4
f 7013/215/3022 7011/216/3022 7017/203/3022 7016/202/3022
f 7009/217/3054 7018/198/3054 7017/197/3054 7011/218/3054
f 7007/210/3026 7015/195/3026 7018/194/3026 7009/211/3026
f 7024/219/375 7023/220/375 7025/221/375 7026/222/375
f 7022/223/3055 7021/224/3055 7023/225/3055 7024/226/3055
f 7021/227/3026 7019/228/3026 7025/229/3026 7023/230/3026
f 7019/228/3056 7020/231/3056 7026/232/3056 7025/229/3056
f 7020/231/3022 7022/223/3022 7024/226/3022 7026/232/3022
f 7020/219/3032 7019/233/3032 7021/221/3032 7022/222/3032
f 7030/234/3026 7038/235/3004 7035/236/3004 7028/237/3026
f 7037/238/3057 7038/239/3057 7030/240/3057 7032/241/3057
f 7034/242/3022 7036/243/3022 7037/244/3022 7032/245/3022
f 7035/246/4 7036/247/4 7034/248/4 7028/249/4
f 7030/234/3058 7028/237/3058 7034/242/3058 7032/245/3058
f 7033/250/3059 7027/251/3059 7029/252/3059 7031/253/3059
f 7033/254/4 7036/247/4 7035/246/4 7027/255/4
f 7033/256/3028 7031/257/3028 7037/244/3022 7036/243/3022
f 7029/258/3060 7038/239/3060 7037/238/3060 7031/259/3060
f 7027/251/3003 7035/236/3004 7038/235/3004 7029/252/3003
f 7050/1/395 7047/2/395 7040/3/395 7042/4/395
f 7049/5/3061 7052/6/3061 7044/7/3062
f 7048/8/3063 7049/5/3063 7044/7/3064 7046/9/3064
f 7054/10/4 7055/11/4 7048/12/4 7046/13/4
f 7053/14/2918 7054/15/2918 7046/9/2926 7044/7/2926
f 7045/16/2920 7056/17/2921 7051/18/2921 7043/19/2920
f 7045/20/4 7048/12/4 7055/11/4 7056/21/4
f 7043/22/3065 7049/5/3063 7048/8/3063 7045/23/3065
f 7043/22/3066 7052/6/3061 7049/5/3061
f 7039/24/395 7047/2/395 7050/1/395 7041/25/395
f 7041/26/3067 7052/27/3067 7051/18/3067
f 7053/14/3068 7052/28/2924 7042/4/3069
f 7040/3/2919 7054/15/2918 7053/14/2918 7042/4/2919
f 7047/29/4 7055/11/4 7054/10/4 7040/30/4
f 7056/21/4 7055/11/4 7047/29/4 7039/31/4
f 7051/18/2921 7056/17/2921 7039/24/2921 7041/25/2921
f 7041/25/3070 7050/1/3071 7052/32/3071
f 7044/7/2925 7052/28/2924 7053/14/3068
f 7051/18/3067 7052/27/3067 7043/19/3067
f 7042/4/3072 7052/32/3071 7050/1/3071
f 7068/1/3073 7065/2/3073 7058/3/3074 7060/4/3074
f 7067/5/3075 7070/6/3075 7062/7/3076
f 7066/8/3077 7067/5/3077 7062/7/3078 7064/9/3078
f 7072/10/4 7073/11/4 7066/12/4 7064/13/4
f 7071/14/3079 7072/15/3079 7064/9/3079 7062/7/3079
f 7063/16/3080 7074/17/3080 7069/18/3080 7061/19/3080
f 7063/20/4 7066/12/4 7073/11/4 7074/21/4
f 7061/22/3081 7067/5/3077 7066/8/3077 7063/23/3081
f 7061/22/3082 7070/6/3075 7067/5/3075
f 7057/24/3073 7065/2/3073 7068/1/3073 7059/25/3073
f 7059/26/3083 7070/27/3083 7069/18/3083
f 7071/14/3084 7070/28/3085 7060/4/3086
f 7058/3/3087 7072/15/3079 7071/14/3079 7060/4/3087
f 7065/29/4 7073/11/4 7072/10/4 7058/30/4
f 7074/21/4 7073/11/4 7065/29/4 7057/31/4
f 7069/18/3080 7074/17/3080 7057/24/3080 7059/25/3080
f 7059/25/3088 7068/1/3089 7070/32/3089
f 7062/7/3090 7070/28/3085 7071/14/3084
f 7069/18/3083 7070/27/3083 7061/19/3091
f 7060/4/3089 7070/32/3089 7068/1/3089
f 7078/33/3092 7086/34/3092 7083/35/3092 7076/36/3092
f 7085/37/3093 7086/38/3093 7078/39/3093 7080/40/3093
f 7082/41/3079 7084/42/3094 7085/43/3094 7080/44/3079
f 7083/45/4 7084/46/4 7082/47/4 7076/48/4
f 7078/33/3095 7076/36/3095 7082/41/3095 7080/44/3095
f 7081/49/3096 7075/50/3096 7077/51/3096 7079/52/3096
f 7081/53/4 7084/46/4 7083/45/4 7075/54/4
f 7081/55/3087 7079/56/3087 7085/43/3094 7084/42/3094
f 7077/57/3097 7086/38/3097 7085/37/3097 7079/58/3097
f 7075/50/3098 7083/35/3092 7086/34/3092 7077/51/3098
f 7090/59/3099 7098/60/3100 7095/61/3100 7088/62/3099
f 7097/37/3101 7098/38/3101 7090/39/3101 7092/40/3101
f 7094/63/3102 7096/64/3102 7097/65/3102 7092/66/3102
f 7095/45/4 7096/46/4 7094/47/4 7088/48/4
f 7090/59/3103 7088/62/3103 7094/63/3103 7092/66/3103
f 7093/67/3104 7087/68/3104 7089/69/3104 7091/70/3104
f 7093/53/4 7096/46/4 7095/45/4 7087/54/4
f 7093/71/3102 7091/72/3102 7097/65/3102 7096/64/3102
f 7089/57/3105 7098/38/3105 7097/37/3105 7091/58/3105
f 7087/68/3106 7095/61/3100 7098/60/3100 7089/69/3106
f 7102/73/3107 7110/74/3098 7107/75/3098 7100/76/3107
f 7109/37/3108 7110/38/3108 7102/39/3108 7104/40/3108
f 7106/77/3109 7108/78/3079 7109/79/3079 7104/80/3109
f 7107/45/4 7108/46/4 7106/47/4 7100/48/4
f 7102/73/3110 7100/76/3110 7106/77/3110 7104/80/3110
f 7105/81/3111 7099/82/3111 7101/83/3111 7103/84/3111
f 7105/53/4 7108/46/4 7107/45/4 7099/54/4
f 7105/85/3079 7103/86/3079 7109/79/3079 7108/78/3079
f 7101/57/3112 7110/38/3112 7109/37/3112 7103/58/3112
f 7099/82/3098 7107/75/3098 7110/74/3098 7101/83/3098
f 7116/87/3113 7115/88/3113 7117/89/3113 7118/90/3113
f 7114/91/4 7113/92/4 7115/93/4 7116/94/4
f 7113/95/3100 7111/96/3100 7117/97/3100 7115/98/3100
f 7111/96/30 7112/99/30 7118/100/30 7117/97/30
f 7112/99/3102 7114/91/3102 7116/94/3102 7118/100/3102
f 7112/87/3114 7111/88/3114 7113/89/3114 7114/90/3114
f 7124/87/3115 7123/88/3115 7125/89/3115 7126/90/3115
f 7122/101/4 7121/102/4 7123/103/4 7124/104/4
f 7121/105/3100 7119/106/3100 7125/107/3100 7123/108/3100
f 7119/106/30 7120/109/30 7126/110/30 7125/107/30
f 7120/109/3102 7122/101/3102 7124/104/3102 7126/110/3102
f 7120/87/3114 7119/88/3114 7121/89/3114 7122/90/3114
f 7130/111/3106 7138/112/3100 7135/113/3100 7128/114/3106
f 7137/115/3116 7138/116/3116 7130/117/3116 7132/118/3116
f 7134/119/3117 7136/120/3117 7137/121/3117 7132/122/3117
f 7135/123/4 7136/124/4 7134/125/4 7128/126/4
f 7130/111/3118 7128/114/3118 7134/119/3118 7132/122/3118
f 7133/127/3119 7127/128/3119 7129/129/3119 7131/130/3119
f 7133/131/4 7136/124/4 7135/123/4 7127/132/4
f 7133/133/3117 7131/134/3117 7137/121/3117 7136/120/3117
f 7129/135/3120 7138/116/3120 7137/115/3120 7131/136/3120
f 7127/128/3100 7135/113/3100 7138/112/3100 7129/129/3100
f 7142/137/3100 7150/138/3106 7147/139/3106 7140/140/3100
f 7149/141/3121 7150/142/3121 7142/143/3121 7144/144/3121
f 7146/145/3117 7148/146/3117 7149/147/3117 7144/148/3117
f 7147/149/4 7148/150/4 7146/151/4 7140/152/4
f 7142/137/3122 7140/140/3122 7146/145/3122 7144/148/3122
f 7145/153/3123 7139/154/3123 7141/155/3123 7143/156/3123
f 7145/157/4 7148/150/4 7147/149/4 7139/158/4
f 7145/159/3117 7143/160/3117 7149/147/3117 7148/146/3117
f 7141/161/3124 7150/142/3124 7149/141/3124 7143/162/3124
f 7139/154/3106 7147/139/3106 7150/138/3106 7141/155/3106
f 7164/163/3106 7163/164/3106 7169/165/3106 7170/166/3106
f 7165/167/3125 7163/168/3125 7164/39/3125 7166/40/3125
f 7168/169/3117 7167/170/3117 7165/171/3117 7166/172/3117
f 7169/45/4 7167/46/4 7168/47/4 7170/48/4
f 7164/163/3126 7170/166/3126 7168/169/3126 7166/172/3126
f 7171/173/3127 7172/174/3127 7174/175/3127 7173/176/3127
f 7171/53/4 7167/46/4 7169/45/4 7172/54/4
f 7171/177/3002 7173/178/3002 7165/171/3117 7167/170/3117
f 7174/57/3128 7163/168/3128 7165/167/3128 7173/58/3128
f 7172/174/3003 7169/165/3106 7163/164/3106 7174/175/3003
f 7154/179/3003 7162/180/3106 7159/181/3106 7152/182/3003
f 7161/37/3129 7162/38/3129 7154/39/3129 7156/40/3129
f 7158/183/3117 7160/184/3117 7161/185/3117 7156/186/3117
f 7159/45/4 7160/46/4 7158/47/4 7152/48/4
f 7154/179/3130 7152/182/3130 7158/183/3130 7156/186/3130
f 7157/187/3131 7151/188/3131 7153/189/3131 7155/190/3131
f 7157/53/4 7160/46/4 7159/45/4 7151/54/4
f 7157/191/3117 7155/192/3117 7161/185/3117 7160/184/3117
f 7153/57/3132 7162/38/3132 7161/37/3132 7155/58/3132
f 7151/188/3106 7159/181/3106 7162/180/3106 7153/189/3106
f 7178/193/3098 7186/194/3098 7183/195/3098 7176/196/3098
f 7185/197/3133 7186/198/3133 7178/199/3133 7180/200/3133
f 7182/201/3109 7184/202/3109 7185/203/3109 7180/204/3109
f 7183/205/4 7184/206/4 7182/207/4 7176/208/4
f 7178/193/3134 7176/196/3134 7182/201/3134 7180/204/3134
f 7181/209/3135 7175/210/3135 7177/211/3135 7179/212/3135
f 7181/213/4 7184/206/4 7183/205/4 7175/214/4
f 7181/215/3109 7179/216/3109 7185/203/3109 7184/202/3109
f 7177/217/3136 7186/198/3136 7185/197/3136 7179/218/3136
f 7175/210/3099 7183/195/3098 7186/194/3098 7177/211/3099
f 7192/219/3137 7191/220/3137 7193/221/3137 7194/222/3137
f 7190/223/3138 7189/224/3138 7191/225/3138 7192/226/3138
f 7189/227/3100 7187/228/3100 7193/229/3100 7191/230/3100
f 7187/228/3139 7188/231/3139 7194/232/3139 7193/229/3139
f 7188/231/3102 7190/223/3102 7192/226/3102 7194/232/3102
f 7188/219/3140 7187/233/3140 7189/221/3140 7190/222/3140
f 7198/234/3098 7206/235/3098 7203/236/3098 7196/237/3098
f 7205/238/3141 7206/239/3141 7198/240/3141 7200/241/3141
f 7202/242/3109 7204/243/3079 7205/244/3079 7200/245/3109
f 7203/246/4 7204/247/4 7202/248/4 7196/249/4
f 7198/234/3142 7196/237/3142 7202/242/3142 7200/245/3142
f 7201/250/3143 7195/251/3143 7197/252/3143 7199/253/3143
f 7201/254/4 7204/247/4 7203/246/4 7195/255/4
f 7201/256/3079 7199/257/3079 7205/244/3079 7204/243/3079
f 7197/258/3144 7206/239/3144 7205/238/3144 7199/259/3144
f 7195/251/3107 7203/236/3098 7206/235/3098 7197/252/3107
f 7218/1/3145 7215/2/3145 7208/3/3145 7210/4/3145
f 7217/5/3146 7220/6/3146 7212/7/3146
f 7216/8/3147 7217/5/3147 7212/7/3148 7214/9/3148
f 7222/10/4 7223/11/4 7216/12/4 7214/13/4
f 7221/14/3002 7222/15/3002 7214/9/3011 7212/7/3011
f 7213/16/3003 7224/17/3003 7219/18/3003 7211/19/3003
f 7213/20/4 7216/12/4 7223/11/4 7224/21/4
f 7211/22/3149 7217/5/3147 7216/8/3147 7213/23/3149
f 7211/22/3146 7220/6/3146 7217/5/3146
f 7207/24/3145 7215/2/3145 7218/1/3145 7209/25/3145
f 7209/26/3014 7220/27/3150 7219/18/3150
f 7221/14/3009 7220/28/3009 7210/4/3151
f 7208/3/3002 7222/15/3002 7221/14/3002 7210/4/3002
f 7215/29/4 7223/11/4 7222/10/4 7208/30/4
f 7224/21/4 7223/11/4 7215/29/4 7207/31/4
f 7219/18/3003 7224/17/3003 7207/24/3003 7209/25/3003
f 7209/25/3152 7218/1/3153 7220/32/3153
f 7212/7/3010 7220/28/3009 7221/14/3009
f 7219/18/3150 7220/27/3150 7211/19/3007
f 7210/4/3154 7220/32/3153 7218/1/3153
f 7236/1/3155 7233/2/3155 7226/3/3156 7228/4/3156
f 7235/5/3157 7238/6/3157 7230/7/3158
f 7234/8/3159 7235/5/3159 7230/7/3160 7232/9/3160
f 7240/10/4 7241/11/4 7234/12/4 7232/13/4
f 7239/14/3161 7240/15/3161 7232/9/3162 7230/7/3162
f 7231/16/3163 7242/17/3163 7237/18/3163 7229/19/3163
f 7231/20/4 7234/12/4 7241/11/4 7242/21/4
f 7229/22/3164 7235/5/3159 7234/8/3159 7231/23/3164
f 7229/22/3165 7238/6/3157 7235/5/3157
f 7225/24/3166 7233/2/3155 7236/1/3155 7227/25/3166
f 7227/26/3167 7238/27/3167 7237/18/3167
f 7239/14/3168 7238/28/3168 7228/4/3169
f 7226/3/3170 7240/15/3161 7239/14/3161 7228/4/3170
f 7233/29/4 7241/11/4 7240/10/4 7226/30/4
f 7242/21/4 7241/11/4 7233/29/4 7225/31/4
f 7237/18/3163 7242/17/3163 7225/24/3163 7227/25/3163
f 7227/25/3171 7236/1/3171 7238/32/3171
f 7230/7/3172 7238/28/3168 7239/14/3168
f 7237/18/3167 7238/27/3167 7229/19/3173
f 7228/4/3171 7238/32/3171 7236/1/3171
f 7246/33/3174 7254/34/3175 7251/35/3175 7244/36/3174
f 7253/37/3176 7254/38/3176 7246/39/3176 7248/40/3176
f 7250/41/3162 7252/42/3162 7253/43/3162 7248/44/3162
f 7251/45/4 7252/46/4 7250/47/4 7244/48/4
f 7246/33/3177 7244/36/3177 7250/41/3177 7248/44/3177
f 7249/49/3178 7243/50/3178 7245/51/3178 7247/52/3178
f 7249/53/4 7252/46/4 7251/45/4 7243/54/4
f 7249/55/3162 7247/56/3162 7253/43/3162 7252/42/3162
f 7245/57/3179 7254/38/3179 7253/37/3179 7247/58/3179
f 7243/50/3163 7251/35/3175 7254/34/3175 7245/51/3163
f 7258/59/3180 7266/60/3174 7263/61/3174 7256/62/3180
f 7265/37/3181 7266/38/3181 7258/39/3181 7260/40/3181
f 7262/63/3182 7264/64/3182 7265/65/3182 7260/66/3182
f 7263/45/4 7264/46/4 7262/47/4 7256/48/4
f 7258/59/3183 7256/62/3183 7262/63/3183 7260/66/3183
f 7261/67/3184 7255/68/3184 7257/69/3184 7259/70/3184
f 7261/53/4 7264/46/4 7263/45/4 7255/54/4
f 7261/71/3182 7259/72/3182 7265/65/3182 7264/64/3182
f 7257/57/3185 7266/38/3185 7265/37/3185 7259/58/3185
f 7255/68/3174 7263/61/3174 7266/60/3174 7257/69/3174
f 7270/73/3174 7278/74/3174 7275/75/3174 7268/76/3174
f 7277/37/3186 7278/38/3186 7270/39/3186 7272/40/3186
f 7274/77/3170 7276/78/3161 7277/79/3161 7272/80/3170
f 7275/45/4 7276/46/4 7274/47/4 7268/48/4
f 7270/73/3187 7268/76/3187 7274/77/3187 7272/80/3187
f 7273/81/3188 7267/82/3188 7269/83/3188 7271/84/3188
f 7273/53/4 7276/46/4 7275/45/4 7267/54/4
f 7273/85/3161 7271/86/3161 7277/79/3161 7276/78/3161
f 7269/57/3189 7278/38/3189 7277/37/3189 7271/58/3189
f 7267/82/3174 7275/75/3174 7278/74/3174 7269/83/3174
f 7284/87/3190 7283/88/3190 7285/89/3190 7286/90/3190
f 7282/91/4 7281/92/4 7283/93/4 7284/94/4
f 7281/95/3180 7279/96/3180 7285/97/3180 7283/98/3180
f 7279/96/30 7280/99/30 7286/100/30 7285/97/30
f 7280/99/3182 7282/91/3182 7284/94/3182 7286/100/3182
f 7280/87/3191 7279/88/3191 7281/89/3191 7282/90/3191
f 7292/87/3192 7291/88/3192 7293/89/3192 7294/90/3192
f 7290/101/4 7289/102/4 7291/103/4 7292/104/4
f 7289/105/3180 7287/106/3180 7293/107/3180 7291/108/3180
f 7287/106/30 7288/109/30 7294/110/30 7293/107/30
f 7288/109/3182 7290/101/3182 7292/104/3182 7294/110/3182
f 7288/87/3191 7287/88/3191 7289/89/3191 7290/90/3191
f 7298/111/3080 7306/112/3180 7303/113/3180 7296/114/3080
f 7305/115/3193 7306/116/3193 7298/117/3193 7300/118/3193
f 7302/119/3194 7304/120/3182 7305/121/3182 7300/122/3194
f 7303/123/4 7304/124/4 7302/125/4 7296/126/4
f 7298/111/3195 7296/114/3195 7302/119/3195 7300/122/3195
f 7301/127/3196 7295/128/3196 7297/129/3196 7299/130/3196
f 7301/131/4 7304/124/4 7303/123/4 7295/132/4
f 7301/133/3182 7299/134/3182 7305/121/3182 7304/120/3182
f 7297/135/3197 7306/116/3197 7305/115/3197 7299/136/3197
f 7295/128/3180 7303/113/3180 7306/112/3180 7297/129/3180
f 7310/137/3180 7318/138/3198 7315/139/3198 7308/140/3180
f 7317/141/3199 7318/142/3199 7310/143/3199 7312/144/3199
f 7314/145/3182 7316/146/3194 7317/147/3194 7312/148/3182
f 7315/149/4 7316/150/4 7314/151/4 7308/152/4
f 7310/137/3200 7308/140/3200 7314/145/3200 7312/148/3200
f 7313/153/3201 7307/154/3201 7309/155/3201 7311/156/3201
f 7313/157/4 7316/150/4 7315/149/4 7307/158/4
f 7313/159/3202 7311/160/3202 7317/147/3194 7316/146/3194
f 7309/161/3203 7318/142/3203 7317/141/3203 7311/162/3203
f 7307/154/3080 7315/139/3198 7318/138/3198 7309/155/3080
f 7332/163/3107 7331/164/3107 7337/165/3107 7338/166/3107
f 7333/167/3204 7331/168/3204 7332/39/3204 7334/40/3204
f 7336/169/3087 7335/170/3087 7333/171/3087 7334/172/3087
f 7337/45/4 7335/46/4 7336/47/4 7338/48/4
f 7332/163/3205 7338/166/3205 7336/169/3205 7334/172/3205
f 7339/173/3206 7340/174/3206 7342/175/3206 7341/176/3206
f 7339/53/4 7335/46/4 7337/45/4 7340/54/4
f 7339/177/3087 7341/178/3087 7333/171/3087 7335/170/3087
f 7342/57/3207 7331/168/3207 7333/167/3207 7341/58/3207
f 7340/174/3080 7337/165/3107 7331/164/3107 7342/175/3080
f 7322/179/3080 7330/180/3198 7327/181/3198 7320/182/3080
f 7329/37/3208 7330/38/3208 7322/39/3208 7324/40/3208
f 7326/183/3202 7328/184/3202 7329/185/3202 7324/186/3202
f 7327/45/4 7328/46/4 7326/47/4 7320/48/4
f 7322/179/3209 7320/182/3209 7326/183/3209 7324/186/3209
f 7325/187/3210 7319/188/3210 7321/189/3210 7323/190/3210
f 7325/53/4 7328/46/4 7327/45/4 7319/54/4
f 7325/191/3202 7323/192/3202 7329/185/3202 7328/184/3202
f 7321/57/3211 7330/38/3211 7329/37/3211 7323/58/3211
f 7319/188/3198 7327/181/3198 7330/180/3198 7321/189/3198
f 7346/193/3174 7354/194/3174 7351/195/3174 7344/196/3174
f 7353/197/3212 7354/198/3212 7346/199/3212 7348/200/3212
f 7350/201/3161 7352/202/3161 7353/203/3161 7348/204/3161
f 7351/205/4 7352/206/4 7350/207/4 7344/208/4
f 7346/193/3213 7344/196/3213 7350/201/3213 7348/204/3213
f 7349/209/3214 7343/210/3214 7345/211/3214 7347/212/3214
f 7349/213/4 7352/206/4 7351/205/4 7343/214/4
f 7349/215/3161 7347/216/3161 7353/203/3161 7352/202/3161
f 7345/217/3215 7354/198/3215 7353/197/3215 7347/218/3215
f 7343/210/3175 7351/195/3174 7354/194/3174 7345/211/3175
f 7360/219/3216 7359/220/3216 7361/221/3216 7362/222/3216
f 7358/223/3217 7357/224/3217 7359/225/3217 7360/226/3217
f 7357/227/3180 7355/228/3180 7361/229/3180 7359/230/3180
f 7355/228/3218 7356/231/3218 7362/232/3218 7361/229/3218
f 7356/231/3182 7358/223/3182 7360/226/3182 7362/232/3182
f 7356/219/3219 7355/233/3219 7357/221/3219 7358/222/3219
f 7366/234/3180 7374/235/3175 7371/236/3175 7364/237/3180
f 7373/238/3220 7374/239/3220 7366/240/3220 7368/241/3220
f 7370/242/3182 7372/243/3161 7373/244/3161 7368/245/3182
f 7371/246/4 7372/247/4 7370/248/4 7364/249/4
f 7366/234/3221 7364/237/3221 7370/242/3221 7368/245/3221
f 7369/250/3222 7363/251/3222 7365/252/3222 7367/253/3222
f 7369/254/4 7372/247/4 7371/246/4 7363/255/4
f 7369/256/3162 7367/257/3162 7373/244/3161 7372/243/3161
f 7365/258/3223 7374/239/3223 7373/238/3223 7367/259/3223
f 7363/251/3163 7371/236/3175 7374/235/3175 7365/252/3163
f 7386/1/3224 7383/2/3224 7376/3/3225 7378/4/3225
f 7385/5/3226 7388/6/3226 7380/7/3227
f 7384/8/3228 7385/5/3228 7380/7/3228 7382/9/3228
f 7390/10/4 7391/11/4 7384/12/4 7382/13/4
f 7389/14/3094 7390/15/3094 7382/9/3079 7380/7/3079
f 7381/16/3080 7392/17/3107 7387/18/3107 7379/19/3080
f 7381/20/4 7384/12/4 7391/11/4 7392/21/4
f 7379/22/3228 7385/5/3228 7384/8/3228 7381/23/3228
f 7379/22/3226 7388/6/3226 7385/5/3226
f 7375/24/3229 7383/2/3224 7386/1/3224 7377/25/3229
f 7377/26/3091 7388/27/3083 7387/18/3230
f 7389/14/3231 7388/28/3231 7378/4/3086
f 7376/3/3087 7390/15/3094 7389/14/3094 7378/4/3087
f 7383/29/4 7391/11/4 7390/10/4 7376/30/4
f 7392/21/4 7391/11/4 7383/29/4 7375/31/4
f 7387/18/3107 7392/17/3107 7375/24/3107 7377/25/3107
f 7377/25/3232 7386/1/3232 7388/32/3232
f 7380/7/3233 7388/28/3231 7389/14/3231
f 7387/18/3230 7388/27/3083 7379/19/3083
f 7378/4/3234 7388/32/3232 7386/1/3232
f 7404/1/3235 7401/2/3235 7394/3/3236 7396/4/3236
f 7403/5/3237 7406/6/3237 7398/7/3237
f 7402/8/3238 7403/5/3238 7398/7/3239 7400/9/3239
f 7408/10/4 7409/11/4 7402/12/4 7400/13/4
f 7407/14/3240 7408/15/3240 7400/9/3240 7398/7/3240
f 7399/16/3241 7410/17/3242 7405/18/3242 7397/19/3241
f 7399/20/4 7402/12/4 7409/11/4 7410/21/4
f 7397/22/3238 7403/5/3238 7402/8/3238 7399/23/3238
f 7397/22/3237 7406/6/3237 7403/5/3237
f 7393/24/3243 7401/2/3235 7404/1/3235 7395/25/3243
f 7395/26/3244 7406/27/3245 7405/18/3245
f 7407/14/3246 7406/28/3246 7396/4/3247
f 7394/3/3248 7408/15/3240 7407/14/3240 7396/4/3248
f 7401/29/4 7409/11/4 7408/10/4 7394/30/4
f 7410/21/4 7409/11/4 7401/29/4 7393/31/4
f 7405/18/3242 7410/17/3242 7393/24/3249 7395/25/3249
f 7395/25/3250 7404/1/3251 7406/32/3251
f 7398/7/3252 7406/28/3246 7407/14/3246
f 7405/18/3245 7406/27/3245 7397/19/3245
f 7396/4/3251 7406/32/3251 7404/1/3251
f 7414/33/3253 7422/34/3253 7419/35/3253 7412/36/3253
f 7421/37/3254 7422/38/3254 7414/39/3254 7416/40/3254
f 7418/41/3255 7420/42/3256 7421/43/3256 7416/44/3255
f 7419/45/4 7420/46/4 7418/47/4 7412/48/4
f 7414/33/3257 7412/36/3257 7418/41/3257 7416/44/3257
f 7417/49/3258 7411/50/3258 7413/51/3258 7415/52/3258
f 7417/53/4 7420/46/4 7419/45/4 7411/54/4
f 7417/55/3256 7415/56/3256 7421/43/3256 7420/42/3256
f 7413/57/3259 7422/38/3259 7421/37/3259 7415/58/3259
f 7411/50/3253 7419/35/3253 7422/34/3253 7413/51/3253
f 7426/59/3260 7434/60/3261 7431/61/3261 7424/62/3260
f 7433/37/3262 7434/38/3262 7426/39/3262 7428/40/3262
f 7430/63/3263 7432/64/3263 7433/65/3263 7428/66/3263
f 7431/45/4 7432/46/4 7430/47/4 7424/48/4
f 7426/59/3264 7424/62/3264 7430/63/3264 7428/66/3264
f 7429/67/3265 7423/68/3265 7425/69/3265 7427/70/3265
f 7429/53/4 7432/46/4 7431/45/4 7423/54/4
f 7429/71/3266 7427/72/3266 7433/65/3263 7432/64/3263
f 7425/57/3267 7434/38/3267 7433/37/3267 7427/58/3267
f 7423/68/3268 7431/61/3261 7434/60/3261 7425/69/3268
f 7438/73/3253 7446/74/3268 7443/75/3268 7436/76/3253
f 7445/37/3269 7446/38/3269 7438/39/3269 7440/40/3269
f 7442/77/3270 7444/78/3270 7445/79/3270 7440/80/3270
f 7443/45/4 7444/46/4 7442/47/4 7436/48/4
f 7438/73/3271 7436/76/3271 7442/77/3271 7440/80/3271
f 7441/81/3272 7435/82/3272 7437/83/3272 7439/84/3272
f 7441/53/4 7444/46/4 7443/45/4 7435/54/4
f 7441/85/3270 7439/86/3270 7445/79/3270 7444/78/3270
f 7437/57/3273 7446/38/3273 7445/37/3273 7439/58/3273
f 7435/82/3249 7443/75/3268 7446/74/3268 7437/83/3249
f 7452/87/3274 7451/88/3274 7453/89/3274 7454/90/3274
f 7450/91/4 7449/92/4 7451/93/4 7452/94/4
f 7449/95/3275 7447/96/3275 7453/97/3275 7451/98/3275
f 7447/96/30 7448/99/30 7454/100/30 7453/97/30
f 7448/99/3276 7450/91/3276 7452/94/3276 7454/100/3276
f 7448/87/3277 7447/88/3277 7449/89/3277 7450/90/3277
f 7460/87/3278 7459/88/3278 7461/89/3278 7462/90/3278
f 7458/101/4 7457/102/4 7459/103/4 7460/104/4
f 7457/105/3275 7455/106/3275 7461/107/3275 7459/108/3275
f 7455/106/30 7456/109/30 7462/110/30 7461/107/30
f 7456/109/3276 7458/101/3276 7460/104/3276 7462/110/3276
f 7456/87/3277 7455/88/3277 7457/89/3277 7458/90/3277
f 7466/111/3279 7474/112/3280 7471/113/3280 7464/114/3279
f 7473/115/3281 7474/116/3281 7466/117/3281 7468/118/3281
f 7470/119/3282 7472/120/3283 7473/121/3283 7468/122/3282
f 7471/123/4 7472/124/4 7470/125/4 7464/126/4
f 7466/111/3284 7464/114/3284 7470/119/3284 7468/122/3284
f 7469/127/3285 7463/128/3285 7465/129/3285 7467/130/3285
f 7469/131/4 7472/124/4 7471/123/4 7463/132/4
f 7469/133/3286 7467/134/3286 7473/121/3283 7472/120/3283
f 7465/135/3287 7474/116/3287 7473/115/3287 7467/136/3287
f 7463/128/3288 7471/113/3280 7474/112/3280 7465/129/3288
f 7478/137/3279 7486/138/3280 7483/139/3280 7476/140/3279
f 7485/141/3289 7486/142/3289 7478/143/3289 7480/144/3289
f 7482/145/3283 7484/146/3283 7485/147/3283 7480/148/3283
f 7483/149/4 7484/150/4 7482/151/4 7476/152/4
f 7478/137/3290 7476/140/3290 7482/145/3290 7480/148/3290
f 7481/153/3291 7475/154/3291 7477/155/3291 7479/156/3291
f 7481/157/4 7484/150/4 7483/149/4 7475/158/4
f 7481/159/3283 7479/160/3283 7485/147/3283 7484/146/3283
f 7477/161/3292 7486/142/3292 7485/141/3292 7479/162/3292
f 7475/154/3163 7483/139/3280 7486/138/3280 7477/155/3163
f 7500/163/3175 7499/164/3163 7505/165/3163 7506/166/3175
f 7501/167/3293 7499/168/3293 7500/39/3293 7502/40/3293
f 7504/169/3161 7503/170/3162 7501/171/3162 7502/172/3161
f 7505/45/4 7503/46/4 7504/47/4 7506/48/4
f 7500/163/3294 7506/166/3294 7504/169/3294 7502/172/3294
f 7507/173/3295 7508/174/3295 7510/175/3295 7509/176/3295
f 7507/53/4 7503/46/4 7505/45/4 7508/54/4
f 7507/177/3286 7509/178/3286 7501/171/3162 7503/170/3162
f 7510/57/3296 7499/168/3296 7501/167/3296 7509/58/3296
f 7508/174/3279 7505/165/3163 7499/164/3163 7510/175/3279
f 7490/179/3288 7498/180/3288 7495/181/3288 7488/182/3288
f 7497/37/3297 7498/38/3297 7490/39/3297 7492/40/3297
f 7494/183/3286 7496/184/3286 7497/185/3286 7492/186/3286
f 7495/45/4 7496/46/4 7494/47/4 7488/48/4
f 7490/179/3298 7488/182/3298 7494/183/3298 7492/186/3298
f 7493/187/3299 7487/188/3299 7489/189/3299 7491/190/3299
f 7493/53/4 7496/46/4 7495/45/4 7487/54/4
f 7493/191/3283 7491/192/3283 7497/185/3286 7496/184/3286
f 7489/57/3300 7498/38/3300 7497/37/3300 7491/58/3300
f 7487/188/3288 7495/181/3288 7498/180/3288 7489/189/3288
f 7514/193/3249 7522/194/3268 7519/195/3268 7512/196/3249
f 7521/197/3301 7522/198/3301 7514/199/3301 7516/200/3301
f 7518/201/3263 7520/202/3270 7521/203/3270 7516/204/3263
f 7519/205/4 7520/206/4 7518/207/4 7512/208/4
f 7514/193/3302 7512/196/3302 7518/201/3302 7516/204/3302
f 7517/209/3303 7511/210/3303 7513/211/3303 7515/212/3303
f 7517/213/4 7520/206/4 7519/205/4 7511/214/4
f 7517/215/3256 7515/216/3256 7521/203/3270 7520/202/3270
f 7513/217/3304 7522/198/3304 7521/197/3304 7515/218/3304
f 7511/210/3242 7519/195/3268 7522/194/3268 7513/211/3242
f 7528/219/3305 7527/220/3305 7529/221/3305 7530/222/3305
f 7526/223/3306 7525/224/3306 7527/225/3306 7528/226/3306
f 7525/227/3275 7523/228/3275 7529/229/3275 7527/230/3275
f 7523/228/3307 7524/231/3307 7530/232/3307 7529/229/3307
f 7524/231/3308 7526/223/3308 7528/226/3308 7530/232/3308
f 7524/219/3309 7523/233/3309 7525/221/3309 7526/222/3309
f 7534/234/3268 7542/235/3242 7539/236/3242 7532/237/3268
f 7541/238/3310 7542/239/3310 7534/240/3310 7536/241/3310
f 7538/242/3256 7540/243/3256 7541/244/3256 7536/245/3256
f 7539/246/4 7540/247/4 7538/248/4 7532/249/4
f 7534/234/3311 7532/237/3311 7538/242/3311 7536/245/3311
f 7537/250/3312 7531/251/3312 7533/252/3312 7535/253/3312
f 7537/254/4 7540/247/4 7539/246/4 7531/255/4
f 7537/256/3256 7535/257/3256 7541/244/3256 7540/243/3256
f 7533/258/3313 7542/239/3313 7541/238/3313 7535/259/3313
f 7531/251/3314 7539/236/3242 7542/235/3242 7533/252/3314
f 7554/1/3315 7551/2/3315 7544/3/3316 7546/4/3316
f 7553/5/3317 7556/6/3317 7548/7/3318
f 7552/8/3319 7553/5/3319 7548/7/3320 7550/9/3320
f 7558/10/4 7559/11/4 7552/12/4 7550/13/4
f 7557/14/3170 7558/15/3170 7550/9/3170 7548/7/3170
f 7549/16/3163 7560/17/3163 7555/18/3163 7547/19/3163
f 7549/20/4 7552/12/4 7559/11/4 7560/21/4
f 7547/22/3321 7553/5/3319 7552/8/3319 7549/23/3321
f 7547/22/3322 7556/6/3317 7553/5/3317
f 7543/24/3315 7551/2/3315 7554/1/3315 7545/25/3315
f 7545/26/3323 7556/27/3323 7555/18/3323
f 7557/14/3324 7556/28/3324 7546/4/3324
f 7544/3/3170 7558/15/3170 7557/14/3170 7546/4/3170
f 7551/29/4 7559/11/4 7558/10/4 7544/30/4
f 7560/21/4 7559/11/4 7551/29/4 7543/31/4
f 7555/18/3163 7560/17/3163 7543/24/3163 7545/25/3163
f 7545/25/3325 7554/1/3326 7556/32/3327
f 7548/7/3328 7556/28/3324 7557/14/3324
f 7555/18/3323 7556/27/3323 7547/19/3323
f 7546/4/3327 7556/32/3327 7554/1/3326
f 7572/1/3329 7569/2/3329 7562/3/3330 7564/4/3330
f 7571/5/3331 7574/6/3331 7566/7/3332
f 7570/8/3333 7571/5/3333 7566/7/3333 7568/9/3333
f 7576/10/4 7577/11/4 7570/12/4 7568/13/4
f 7575/14/3334 7576/15/3334 7568/9/3334 7566/7/3334
f 7567/16/3335 7578/17/3335 7573/18/3335 7565/19/3335
f 7567/20/4 7570/12/4 7577/11/4 7578/21/4
f 7565/22/3333 7571/5/3333 7570/8/3333 7567/23/3333
f 7565/22/3336 7574/6/3331 7571/5/3331
f 7561/24/3329 7569/2/3329 7572/1/3329 7563/25/3329
f 7563/26/3337 7574/27/3337 7573/18/3337
f 7575/14/3338 7574/28/3338 7564/4/3338
f 7562/3/3334 7576/15/3334 7575/14/3334 7564/4/3334
f 7569/29/4 7577/11/4 7576/10/4 7562/30/4
f 7578/21/4 7577/11/4 7569/29/4 7561/31/4
f 7573/18/3335 7578/17/3335 7561/24/3335 7563/25/3335
f 7563/25/3339 7572/1/3340 7574/32/3339
f 7566/7/3341 7574/28/3338 7575/14/3338
f 7573/18/3337 7574/27/3337 7565/19/3337
f 7564/4/3342 7574/32/3339 7572/1/3340
f 7582/33/3343 7590/34/3343 7587/35/3343 7580/36/3343
f 7589/37/3344 7590/38/3344 7582/39/3344 7584/40/3344
f 7586/41/3345 7588/42/3334 7589/43/3334 7584/44/3345
f 7587/45/4 7588/46/4 7586/47/4 7580/48/4
f 7582/33/3346 7580/36/3346 7586/41/3346 7584/44/3346
f 7585/49/3347 7579/50/3347 7581/51/3347 7583/52/3347
f 7585/53/4 7588/46/4 7587/45/4 7579/54/4
f 7585/55/3334 7583/56/3334 7589/43/3334 7588/42/3334
f 7581/57/3348 7590/38/3348 7589/37/3348 7583/58/3348
f 7579/50/3349 7587/35/3343 7590/34/3343 7581/51/3349
f 7594/59/3350 7602/60/3350 7599/61/3350 7592/62/3350
f 7601/37/3351 7602/38/3351 7594/39/3351 7596/40/3351
f 7598/63/3352 7600/64/3353 7601/65/3353 7596/66/3352
f 7599/45/4 7600/46/4 7598/47/4 7592/48/4
f 7594/59/3354 7592/62/3354 7598/63/3354 7596/66/3354
f 7597/67/3355 7591/68/3355 7593/69/3355 7595/70/3355
f 7597/53/4 7600/46/4 7599/45/4 7591/54/4
f 7597/71/3356 7595/72/3356 7601/65/3353 7600/64/3353
f 7593/57/3357 7602/38/3357 7601/37/3357 7595/58/3357
f 7591/68/3350 7599/61/3350 7602/60/3350 7593/69/3350
f 7606/73/3358 7614/74/3335 7611/75/3335 7604/76/3358
f 7613/37/3359 7614/38/3359 7606/39/3359 7608/40/3359
f 7610/77/3353 7612/78/3360 7613/79/3360 7608/80/3353
f 7611/45/4 7612/46/4 7610/47/4 7604/48/4
f 7606/73/3361 7604/76/3361 7610/77/3361 7608/80/3361
f 7609/81/3362 7603/82/3362 7605/83/3362 7607/84/3362
f 7609/53/4 7612/46/4 7611/45/4 7603/54/4
f 7609/85/3345 7607/86/3345 7613/79/3360 7612/78/3360
f 7605/57/3363 7614/38/3363 7613/37/3363 7607/58/3363
f 7603/82/3343 7611/75/3335 7614/74/3335 7605/83/3343
f 7620/87/3364 7619/88/3364 7621/89/3364 7622/90/3364
f 7618/91/4 7617/92/4 7619/93/4 7620/94/4
f 7617/95/3350 7615/96/3350 7621/97/3350 7619/98/3350
f 7615/96/30 7616/99/30 7622/100/30 7621/97/30
f 7616/99/3360 7618/91/3360 7620/94/3360 7622/100/3360
f 7616/87/3365 7615/88/3365 7617/89/3365 7618/90/3365
f 7628/87/3366 7627/88/3366 7629/89/3366 7630/90/3366
f 7626/101/4 7625/102/4 7627/103/4 7628/104/4
f 7625/105/3350 7623/106/3350 7629/107/3350 7627/108/3350
f 7623/106/30 7624/109/30 7630/110/30 7629/107/30
f 7624/109/3360 7626/101/3360 7628/104/3360 7630/110/3360
f 7624/87/3367 7623/88/3367 7625/89/3367 7626/90/3367
f 7634/111/3350 7642/112/3350 7639/113/3350 7632/114/3350
f 7641/115/3368 7642/116/3368 7634/117/3368 7636/118/3368
f 7638/119/3353 7640/120/3352 7641/121/3352 7636/122/3353
f 7639/123/4 7640/124/4 7638/125/4 7632/126/4
f 7634/111/3369 7632/114/3369 7638/119/3369 7636/122/3369
f 7637/127/3370 7631/128/3370 7633/129/3370 7635/130/3370
f 7637/131/4 7640/124/4 7639/123/4 7631/132/4
f 7637/133/3240 7635/134/3240 7641/121/3352 7640/120/3352
f 7633/135/3371 7642/116/3371 7641/115/3371 7635/136/3371
f 7631/128/3350 7639/113/3350 7642/112/3350 7633/129/3350
f 7646/137/3372 7654/138/3372 7651/139/3372 7644/140/3372
f 7653/141/3373 7654/142/3373 7646/143/3373 7648/144/3373
f 7650/145/3240 7652/146/3352 7653/147/3352 7648/148/3240
f 7651/149/4 7652/150/4 7650/151/4 7644/152/4
f 7646/137/3374 7644/140/3374 7650/145/3374 7648/148/3374
f 7649/153/3375 7643/154/3375 7645/155/3375 7647/156/3375
f 7649/157/4 7652/150/4 7651/149/4 7643/158/4
f 7649/159/3353 7647/160/3353 7653/147/3352 7652/146/3352
f 7645/161/3376 7654/142/3376 7653/141/3376 7647/162/3376
f 7643/154/3377 7651/139/3372 7654/138/3372 7645/155/3377
f 7668/163/3241 7667/164/3241 7673/165/3241 7674/166/3241
f 7669/167/3378 7667/168/3378 7668/39/3378 7670/40/3378
f 7672/169/3379 7671/170/3240 7669/171/3240 7670/172/3379
f 7673/45/4 7671/46/4 7672/47/4 7674/48/4
f 7668/163/3380 7674/166/3380 7672/169/3380 7670/172/3380
f 7675/173/3381 7676/174/3381 7678/175/3381 7677/176/3381
f 7675/53/4 7671/46/4 7673/45/4 7676/54/4
f 7675/177/3240 7677/178/3240 7669/171/3240 7671/170/3240
f 7678/57/3382 7667/168/3382 7669/167/3382 7677/58/3382
f 7676/174/3241 7673/165/3241 7667/164/3241 7678/175/3241
f 7658/179/3372 7666/180/3372 7663/181/3372 7656/182/3372
f 7665/37/3383 7666/38/3383 7658/39/3383 7660/40/3383
f 7662/183/3240 7664/184/3240 7665/185/3240 7660/186/3240
f 7663/45/4 7664/46/4 7662/47/4 7656/48/4
f 7658/179/3384 7656/182/3384 7662/183/3384 7660/186/3384
f 7661/187/3385 7655/188/3385 7657/189/3385 7659/190/3385
f 7661/53/4 7664/46/4 7663/45/4 7655/54/4
f 7661/191/3353 7659/192/3353 7665/185/3240 7664/184/3240
f 7657/57/3386 7666/38/3386 7665/37/3386 7659/58/3386
f 7655/188/3387 7663/181/3372 7666/180/3372 7657/189/3387
f 7682/193/3350 7690/194/3350 7687/195/3350 7680/196/3350
f 7689/197/3388 7690/198/3388 7682/199/3388 7684/200/3388
f 7686/201/3356 7688/202/3360 7689/203/3360 7684/204/3356
f 7687/205/4 7688/206/4 7686/207/4 7680/208/4
f 7682/193/3389 7680/196/3389 7686/201/3389 7684/204/3389
f 7685/209/3390 7679/210/3390 7681/211/3390 7683/212/3390
f 7685/213/4 7688/206/4 7687/205/4 7679/214/4
f 7685/215/3360 7683/216/3360 7689/203/3360 7688/202/3360
f 7681/217/3391 7690/198/3391 7689/197/3391 7683/218/3391
f 7679/210/3350 7687/195/3350 7690/194/3350 7681/211/3350
f 7696/219/3392 7695/220/3392 7697/221/3392 7698/222/3392
f 7694/223/3393 7693/224/3393 7695/225/3393 7696/226/3393
f 7693/227/3350 7691/228/3350 7697/229/3350 7695/230/3350
f 7691/228/3394 7692/231/3394 7698/232/3394 7697/229/3394
f 7692/231/3360 7694/223/3360 7696/226/3360 7698/232/3360
f 7692/219/3395 7691/233/3395 7693/221/3395 7694/222/3395
f 7702/234/3343 7710/235/3335 7707/236/3335 7700/237/3343
f 7709/238/3396 7710/239/3396 7702/240/3396 7704/241/3396
f 7706/242/3345 7708/243/3345 7709/244/3345 7704/245/3345
f 7707/246/4 7708/247/4 7706/248/4 7700/249/4
f 7702/234/3397 7700/237/3397 7706/242/3397 7704/245/3397
f 7705/250/3398 7699/251/3398 7701/252/3398 7703/253/3398
f 7705/254/4 7708/247/4 7707/246/4 7699/255/4
f 7705/256/3345 7703/257/3345 7709/244/3345 7708/243/3345
f 7701/258/3399 7710/239/3399 7709/238/3399 7703/259/3399
f 7699/251/3358 7707/236/3335 7710/235/3335 7701/252/3358
f 7722/1/3400 7719/2/3400 7712/3/3400 7714/4/3400
f 7721/5/3401 7724/6/3401 7716/7/3401
f 7720/8/3402 7721/5/3402 7716/7/3403 7718/9/3403
f 7726/10/4 7727/11/4 7720/12/4 7718/13/4
f 7725/14/3240 7726/15/3240 7718/9/3353 7716/7/3353
f 7717/16/3314 7728/17/3241 7723/18/3241 7715/19/3314
f 7717/20/4 7720/12/4 7727/11/4 7728/21/4
f 7715/22/3404 7721/5/3402 7720/8/3402 7717/23/3404
f 7715/22/3401 7724/6/3401 7721/5/3401
f 7711/24/3405 7719/2/3400 7722/1/3400 7713/25/3405
f 7713/26/3406 7724/27/3407 7723/18/3408
f 7725/14/3409 7724/28/3409 7714/4/3409
f 7712/3/3379 7726/15/3240 7725/14/3240 7714/4/3379
f 7719/29/4 7727/11/4 7726/10/4 7712/30/4
f 7728/21/4 7727/11/4 7719/29/4 7711/31/4
f 7723/18/3241 7728/17/3241 7711/24/3241 7713/25/3241
f 7713/25/3410 7722/1/3410 7724/32/3410
f 7716/7/3246 7724/28/3409 7725/14/3409
f 7723/18/3408 7724/27/3407 7715/19/3411
f 7714/4/3412 7724/32/3410 7722/1/3410
f 7740/1/3413 7737/2/3413 7730/3/3414 7732/4/3414
f 7739/5/3415 7742/6/3415 7734/7/3416
f 7738/8/3417 7739/5/3417 7734/7/3417 7736/9/3417
f 7744/10/4 7745/11/4 7738/12/4 7736/13/4
f 7743/14/3418 7744/15/3418 7736/9/3418 7734/7/3418
f 7735/16/3419 7746/17/3420 7741/18/3420 7733/19/3419
f 7735/20/4 7738/12/4 7745/11/4 7746/21/4
f 7733/22/3417 7739/5/3417 7738/8/3417 7735/23/3417
f 7733/22/3415 7742/6/3415 7739/5/3415
f 7729/24/3413 7737/2/3413 7740/1/3413 7731/25/3413
f 7731/26/3421 7742/27/3421 7741/18/3421
f 7743/14/3422 7742/28/3422 7732/4/3423
f 7730/3/3418 7744/15/3418 7743/14/3418 7732/4/3418
f 7737/29/4 7745/11/4 7744/10/4 7730/30/4
f 7746/21/4 7745/11/4 7737/29/4 7729/31/4
f 7741/18/3420 7746/17/3420 7729/24/3424 7731/25/3424
f 7731/25/3425 7740/1/3425 7742/32/3425
f 7734/7/3422 7742/28/3422 7743/14/3422
f 7741/18/3421 7742/27/3421 7733/19/3426
f 7732/4/3427 7742/32/3425 7740/1/3425
f 7750/33/3419 7758/34/3419 7755/35/3419 7748/36/3419
f 7757/37/3428 7758/38/3428 7750/39/3428 7752/40/3428
f 7754/41/3429 7756/42/3430 7757/43/3430 7752/44/3429
f 7755/45/4 7756/46/4 7754/47/4 7748/48/4
f 7750/33/3431 7748/36/3431 7754/41/3431 7752/44/3431
f 7753/49/3432 7747/50/3432 7749/51/3432 7751/52/3432
f 7753/53/4 7756/46/4 7755/45/4 7747/54/4
f 7753/55/3433 7751/56/3433 7757/43/3430 7756/42/3430
f 7749/57/3434 7758/38/3434 7757/37/3434 7751/58/3434
f 7747/50/3419 7755/35/3419 7758/34/3419 7749/51/3419
f 7762/59/3435 7770/60/3436 7767/61/3436 7760/62/3435
f 7769/37/3437 7770/38/3437 7762/39/3437 7764/40/3437
f 7766/63/3438 7768/64/3439 7769/65/3439 7764/66/3438
f 7767/45/4 7768/46/4 7766/47/4 7760/48/4
f 7762/59/3440 7760/62/3440 7766/63/3440 7764/66/3440
f 7765/67/3441 7759/68/3441 7761/69/3441 7763/70/3441
f 7765/53/4 7768/46/4 7767/45/4 7759/54/4
f 7765/71/3439 7763/72/3439 7769/65/3439 7768/64/3439
f 7761/57/3442 7770/38/3442 7769/37/3442 7763/58/3442
f 7759/68/3443 7767/61/3436 7770/60/3436 7761/69/3443
f 7774/73/3444 7782/74/3444 7779/75/3444 7772/76/3444
f 7781/37/3445 7782/38/3445 7774/39/3445 7776/40/3445
f 7778/77/3429 7780/78/3429 7781/79/3429 7776/80/3429
f 7779/45/4 7780/46/4 7778/47/4 7772/48/4
f 7774/73/3446 7772/76/3446 7778/77/3446 7776/80/3446
f 7777/81/3447 7771/82/3447 7773/83/3447 7775/84/3447
f 7777/53/4 7780/46/4 7779/45/4 7771/54/4
f 7777/85/3429 7775/86/3429 7781/79/3429 7780/78/3429
f 7773/57/3448 7782/38/3448 7781/37/3448 7775/58/3448
f 7771/82/3444 7779/75/3444 7782/74/3444 7773/83/3444
f 7788/87/3449 7787/88/3449 7789/89/3449 7790/90/3449
f 7786/91/4 7785/92/4 7787/93/4 7788/94/4
f 7785/95/3436 7783/96/3436 7789/97/3436 7787/98/3436
f 7783/96/30 7784/99/30 7790/100/30 7789/97/30
f 7784/99/3439 7786/91/3439 7788/94/3439 7790/100/3439
f 7784/87/3450 7783/88/3450 7785/89/3450 7786/90/3450
f 7796/87/3449 7795/88/3449 7797/89/3449 7798/90/3449
f 7794/101/4 7793/102/4 7795/103/4 7796/104/4
f 7793/105/3436 7791/106/3436 7797/107/3436 7795/108/3436
f 7791/106/30 7792/109/30 7798/110/30 7797/107/30
f 7792/109/3439 7794/101/3439 7796/104/3439 7798/110/3439
f 7792/87/3451 7791/88/3451 7793/89/3451 7794/90/3451
f 7802/111/3436 7810/112/3452 7807/113/3452 7800/114/3436
f 7809/115/3453 7810/116/3453 7802/117/3453 7804/118/3453
f 7806/119/3454 7808/120/3455 7809/121/3455 7804/122/3454
f 7807/123/4 7808/124/4 7806/125/4 7800/126/4
f 7802/111/3456 7800/114/3456 7806/119/3456 7804/122/3456
f 7805/127/3457 7799/128/3457 7801/129/3457 7803/130/3457
f 7805/131/4 7808/124/4 7807/123/4 7799/132/4
f 7805/133/3334 7803/134/3334 7809/121/3455 7808/120/3455
f 7801/135/3458 7810/116/3458 7809/115/3458 7803/136/3458
f 7799/128/3349 7807/113/3452 7810/112/3452 7801/129/3349
f 7814/137/3452 7822/138/3452 7819/139/3452 7812/140/3452
f 7821/141/3459 7822/142/3459 7814/143/3459 7816/144/3459
f 7818/145/3454 7820/146/3454 7821/147/3454 7816/148/3454
f 7819/149/4 7820/150/4 7818/151/4 7812/152/4
f 7814/137/1078 7812/140/1078 7818/145/1078 7816/148/1078
f 7817/153/3460 7811/154/3460 7813/155/3460 7815/156/3460
f 7817/157/4 7820/150/4 7819/149/4 7811/158/4
f 7817/159/3439 7815/160/3439 7821/147/3454 7820/146/3454
f 7813/161/3461 7822/142/3461 7821/141/3461 7815/162/3461
f 7811/154/3452 7819/139/3452 7822/138/3452 7813/155/3452
f 7836/163/3349 7835/164/3349 7841/165/3349 7842/166/3349
f 7837/167/3462 7835/168/3462 7836/39/3462 7838/40/3462
f 7840/169/3345 7839/170/3334 7837/171/3334 7838/172/3345
f 7841/45/4 7839/46/4 7840/47/4 7842/48/4
f 7836/163/3463 7842/166/3463 7840/169/3463 7838/172/3463
f 7843/173/3464 7844/174/3464 7846/175/3464 7845/176/3464
f 7843/53/4 7839/46/4 7841/45/4 7844/54/4
f 7843/177/3439 7845/178/3439 7837/171/3334 7839/170/3334
f 7846/57/3465 7835/168/3465 7837/167/3465 7845/58/3465
f 7844/174/3349 7841/165/3349 7835/164/3349 7846/175/3349
f 7826/179/3466 7834/180/3466 7831/181/3466 7824/182/3466
f 7833/37/3467 7834/38/3467 7826/39/3467 7828/40/3467
f 7830/183/3334 7832/184/3334 7833/185/3334 7828/186/3334
f 7831/45/4 7832/46/4 7830/47/4 7824/48/4
f 7826/179/3468 7824/182/3468 7830/183/3468 7828/186/3468
f 7829/187/3469 7823/188/3469 7825/189/3469 7827/190/3469
f 7829/53/4 7832/46/4 7831/45/4 7823/54/4
f 7829/191/3454 7827/192/3454 7833/185/3334 7832/184/3334
f 7825/57/3470 7834/38/3470 7833/37/3470 7827/58/3470
f 7823/188/3349 7831/181/3466 7834/180/3466 7825/189/3349
f 7850/193/3444 7858/194/3444 7855/195/3444 7848/196/3444
f 7857/197/3471 7858/198/3471 7850/199/3471 7852/200/3471
f 7854/201/3439 7856/202/3429 7857/203/3429 7852/204/3439
f 7855/205/4 7856/206/4 7854/207/4 7848/208/4
f 7850/193/3472 7848/196/3472 7854/201/3472 7852/204/3472
f 7853/209/3473 7847/210/3473 7849/211/3473 7851/212/3473
f 7853/213/4 7856/206/4 7855/205/4 7847/214/4
f 7853/215/3418 7851/216/3418 7857/203/3429 7856/202/3429
f 7849/217/3474 7858/198/3474 7857/197/3474 7851/218/3474
f 7847/210/3444 7855/195/3444 7858/194/3444 7849/211/3444
f 7864/219/3449 7863/220/3449 7865/221/3449 7866/222/3449
f 7862/223/3475 7861/224/3475 7863/225/3475 7864/226/3475
f 7861/227/3436 7859/228/3436 7865/229/3436 7863/230/3436
f 7859/228/3476 7860/231/3476 7866/232/3476 7865/229/3476
f 7860/231/3439 7862/223/3439 7864/226/3439 7866/232/3439
f 7860/219/3477 7859/233/3477 7861/221/3477 7862/222/3477
f 7870/234/3478 7878/235/3444 7875/236/3444 7868/237/3478
f 7877/238/3479 7878/239/3479 7870/240/3479 7872/241/3479
f 7874/242/3418 7876/243/3429 7877/244/3429 7872/245/3418
f 7875/246/4 7876/247/4 7874/248/4 7868/249/4
f 7870/234/3480 7868/237/3480 7874/242/3480 7872/245/3480
f 7873/250/3481 7867/251/3481 7869/252/3481 7871/253/3481
f 7873/254/4 7876/247/4 7875/246/4 7867/255/4
f 7873/256/3429 7871/257/3429 7877/244/3429 7876/243/3429
f 7869/258/3482 7878/239/3482 7877/238/3482 7871/259/3482
f 7867/251/3444 7875/236/3444 7878/235/3444 7869/252/3444
f 7890/1/3483 7887/2/3483 7880/3/3484 7882/4/3484
f 7889/5/3485 7892/6/3485 7884/7/3485
f 7888/8/3486 7889/5/3486 7884/7/3486 7886/9/3486
f 7894/10/4 7895/11/4 7888/12/4 7886/13/4
f 7893/14/3455 7894/15/3455 7886/9/3334 7884/7/3334
f 7885/16/3452 7896/17/3349 7891/18/3349 7883/19/3452
f 7885/20/4 7888/12/4 7895/11/4 7896/21/4
f 7883/22/3486 7889/5/3486 7888/8/3486 7885/23/3486
f 7883/22/3487 7892/6/3485 7889/5/3485
f 7879/24/3488 7887/2/3483 7890/1/3483 7881/25/3488
f 7881/26/3489 7892/27/3489 7891/18/3489
f 7893/14/3490 7892/28/3490 7882/4/3490
f 7880/3/3454 7894/15/3455 7893/14/3455 7882/4/3454
f 7887/29/4 7895/11/4 7894/10/4 7880/30/4
f 7896/21/4 7895/11/4 7887/29/4 7879/31/4
f 7891/18/3349 7896/17/3349 7879/24/3343 7881/25/3343
f 7881/25/3491 7890/1/3492 7892/32/3492
f 7884/7/3490 7892/28/3490 7893/14/3490
f 7891/18/3489 7892/27/3489 7883/19/3489
f 7882/4/3492 7892/32/3492 7890/1/3492
f 7908/1/3493 7905/2/3493 7898/3/3494 7900/4/3494
f 7907/5/3495 7910/6/3495 7902/7/3496
f 7906/8/3497 7907/5/3497 7902/7/3498 7904/9/3498
f 7912/10/4 7913/11/4 7906/12/4 7904/13/4
f 7911/14/3499 7912/15/3499 7904/9/3500 7902/7/3500
f 7903/16/885 7914/17/885 7909/18/885 7901/19/885
f 7903/20/4 7906/12/4 7913/11/4 7914/21/4
f 7901/22/3501 7907/5/3497 7906/8/3497 7903/23/3501
f 7901/22/3495 7910/6/3495 7907/5/3495
f 7897/24/3493 7905/2/3493 7908/1/3493 7899/25/3493
f 7899/26/3502 7910/27/3502 7909/18/3502
f 7911/14/3503 7910/28/3503 7900/4/3504
f 7898/3/3499 7912/15/3499 7911/14/3499 7900/4/3499
f 7905/29/4 7913/11/4 7912/10/4 7898/30/4
f 7914/21/4 7913/11/4 7905/29/4 7897/31/4
f 7909/18/885 7914/17/885 7897/24/3505 7899/25/3505
f 7899/25/3506 7908/1/3506 7910/32/3506
f 7902/7/3507 7910/28/3503 7911/14/3503
f 7909/18/3502 7910/27/3502 7901/19/3502
f 7900/4/3508 7910/32/3506 7908/1/3506
f 7918/33/3505 7926/34/3509 7923/35/3509 7916/36/3505
f 7925/37/3510 7926/38/3510 7918/39/3510 7920/40/3510
f 7922/41/3511 7924/42/3499 7925/43/3499 7920/44/3511
f 7923/45/4 7924/46/4 7922/47/4 7916/48/4
f 7918/33/3512 7916/36/3512 7922/41/3512 7920/44/3512
f 7921/49/3513 7915/50/3513 7917/51/3513 7919/52/3513
f 7921/53/4 7924/46/4 7923/45/4 7915/54/4
f 7921/55/3514 7919/56/3514 7925/43/3499 7924/42/3499
f 7917/57/3515 7926/38/3515 7925/37/3515 7919/58/3515
f 7915/50/3516 7923/35/3509 7926/34/3509 7917/51/3516
f 7930/59/3517 7938/60/3518 7935/61/3518 7928/62/3517
f 7937/37/3519 7938/38/3519 7930/39/3519 7932/40/3519
f 7934/63/3520 7936/64/3521 7937/65/3521 7932/66/3520
f 7935/45/4 7936/46/4 7934/47/4 7928/48/4
f 7930/59/3522 7928/62/3522 7934/63/3522 7932/66/3522
f 7933/67/3523 7927/68/3523 7929/69/3523 7931/70/3523
f 7933/53/4 7936/46/4 7935/45/4 7927/54/4
f 7933/71/3524 7931/72/3524 7937/65/3521 7936/64/3521
f 7929/57/3525 7938/38/3525 7937/37/3525 7931/58/3525
f 7927/68/3526 7935/61/3518 7938/60/3518 7929/69/3526
f 7942/73/3527 7950/74/3518 7947/75/3518 7940/76/3527
f 7949/37/3528 7950/38/3528 7942/39/3528 7944/40/3528
f 7946/77/3529 7948/78/3511 7949/79/3511 7944/80/3529
f 7947/45/4 7948/46/4 7946/47/4 7940/48/4
f 7942/73/3530 7940/76/3530 7946/77/3530 7944/80/3530
f 7945/81/3531 7939/82/3531 7941/83/3531 7943/84/3531
f 7945/53/4 7948/46/4 7947/45/4 7939/54/4
f 7945/85/3499 7943/86/3499 7949/79/3511 7948/78/3511
f 7941/57/3532 7950/38/3532 7949/37/3532 7943/58/3532
f 7939/82/3526 7947/75/3518 7950/74/3518 7941/83/3526
f 7956/87/3533 7955/88/3533 7957/89/3533 7958/90/3533
f 7954/91/4 7953/92/4 7955/93/4 7956/94/4
f 7953/95/3527 7951/96/3527 7957/97/3527 7955/98/3527
f 7951/96/30 7952/99/30 7958/100/30 7957/97/30
f 7952/99/3529 7954/91/3529 7956/94/3529 7958/100/3529
f 7952/87/3534 7951/88/3534 7953/89/3534 7954/90/3534
f 7964/87/3535 7963/88/3535 7965/89/3535 7966/90/3535
f 7962/101/4 7961/102/4 7963/103/4 7964/104/4
f 7961/105/3527 7959/106/3527 7965/107/3527 7963/108/3527
f 7959/106/30 7960/109/30 7966/110/30 7965/107/30
f 7960/109/3529 7962/101/3529 7964/104/3529 7966/110/3529
f 7960/87/3534 7959/88/3534 7961/89/3534 7962/90/3534
f 7970/111/3536 7978/112/3517 7975/113/3517 7968/114/3536
f 7977/115/3537 7978/116/3537 7970/117/3537 7972/118/3537
f 7974/119/3520 7976/120/3529 7977/121/3529 7972/122/3520
f 7975/123/4 7976/124/4 7974/125/4 7968/126/4
f 7970/111/3538 7968/114/3538 7974/119/3538 7972/122/3538
f 7973/127/3539 7967/128/3539 7969/129/3539 7971/130/3539
f 7973/131/4 7976/124/4 7975/123/4 7967/132/4
f 7973/133/3521 7971/134/3521 7977/121/3529 7976/120/3529
f 7969/135/3540 7978/116/3540 7977/115/3540 7971/136/3540
f 7967/128/3527 7975/113/3517 7978/112/3517 7969/129/3527
f 7982/137/3536 7990/138/3424 7987/139/3424 7980/140/3536
f 7989/141/3541 7990/142/3541 7982/143/3541 7984/144/3541
f 7986/145/3521 7988/146/3529 7989/147/3529 7984/148/3521
f 7987/149/4 7988/150/4 7986/151/4 7980/152/4
f 7982/137/3542 7980/140/3542 7986/145/3542 7984/148/3542
f 7985/153/3543 7979/154/3543 7981/155/3543 7983/156/3543
f 7985/157/4 7988/150/4 7987/149/4 7979/158/4
f 7985/159/3520 7983/160/3520 7989/147/3529 7988/146/3529
f 7981/161/3544 7990/142/3544 7989/141/3544 7983/162/3544
f 7979/154/3424 7987/139/3424 7990/138/3424 7981/155/3424
f 8004/163/3420 8003/164/3536 8009/165/3536 8010/166/3420
f 8005/167/3545 8003/168/3545 8004/39/3545 8006/40/3545
f 8008/169/3546 8007/170/3433 8005/171/3433 8006/172/3546
f 8009/45/4 8007/46/4 8008/47/4 8010/48/4
f 8004/163/3547 8010/166/3547 8008/169/3547 8006/172/3547
f 8011/173/3548 8012/174/3548 8014/175/3548 8013/176/3548
f 8011/53/4 8007/46/4 8009/45/4 8012/54/4
f 8011/177/3433 8013/178/3433 8005/171/3433 8007/170/3433
f 8014/57/3549 8003/168/3549 8005/167/3549 8013/58/3549
f 8012/174/3424 8009/165/3536 8003/164/3536 8014/175/3424
f 7994/179/3527 8002/180/3424 7999/181/3424 7992/182/3527
f 8001/37/3550 8002/38/3550 7994/39/3550 7996/40/3550
f 7998/183/3529 8000/184/3529 8001/185/3529 7996/186/3529
f 7999/45/4 8000/46/4 7998/47/4 7992/48/4
f 7994/179/3551 7992/182/3551 7998/183/3551 7996/186/3551
f 7997/187/3552 7991/188/3552 7993/189/3552 7995/190/3552
f 7997/53/4 8000/46/4 7999/45/4 7991/54/4
f 7997/191/3520 7995/192/3520 8001/185/3529 8000/184/3529
f 7993/57/3553 8002/38/3553 8001/37/3553 7995/58/3553
f 7991/188/3536 7999/181/3424 8002/180/3424 7993/189/3536
f 8018/193/3554 8026/194/3518 8023/195/3518 8016/196/3554
f 8025/197/3555 8026/198/3555 8018/199/3555 8020/200/3555
f 8022/201/3529 8024/202/3511 8025/203/3511 8020/204/3529
f 8023/205/4 8024/206/4 8022/207/4 8016/208/4
f 8018/193/3556 8016/196/3556 8022/201/3556 8020/204/3556
f 8021/209/3557 8015/210/3557 8017/211/3557 8019/212/3557
f 8021/213/4 8024/206/4 8023/205/4 8015/214/4
f 8021/215/3524 8019/216/3524 8025/203/3511 8024/202/3511
f 8017/217/3558 8026/198/3558 8025/197/3558 8019/218/3558
f 8015/210/3518 8023/195/3518 8026/194/3518 8017/211/3518
f 8032/219/3559 8031/220/3559 8033/221/3559 8034/222/3559
f 8030/223/3560 8029/224/3560 8031/225/3560 8032/226/3560
f 8029/227/3527 8027/228/3527 8033/229/3527 8031/230/3527
f 8027/228/3561 8028/231/3561 8034/232/3561 8033/229/3561
f 8028/231/3529 8030/223/3529 8032/226/3529 8034/232/3529
f 8028/219/3562 8027/233/3562 8029/221/3562 8030/222/3562
f 8038/234/3509 8046/235/3526 8043/236/3526 8036/237/3509
f 8045/238/3563 8046/239/3563 8038/240/3563 8040/241/3563
f 8042/242/3499 8044/243/3499 8045/244/3499 8040/245/3499
f 8043/246/4 8044/247/4 8042/248/4 8036/249/4
f 8038/234/3564 8036/237/3564 8042/242/3564 8040/245/3564
f 8041/250/3565 8035/251/3565 8037/252/3565 8039/253/3565
f 8041/254/4 8044/247/4 8043/246/4 8035/255/4
f 8041/256/3499 8039/257/3499 8045/244/3499 8044/243/3499
f 8037/258/3566 8046/239/3566 8045/238/3566 8039/259/3566
f 8035/251/3518 8043/236/3526 8046/235/3526 8037/252/3518
f 8058/1/3567 8055/2/3567 8048/3/3567 8050/4/3567
f 8057/5/3568 8060/6/3568 8052/7/3568
f 8056/8/3569 8057/5/3569 8052/7/3570 8054/9/3570
f 8062/10/4 8063/11/4 8056/12/4 8054/13/4
f 8061/14/3433 8062/15/3433 8054/9/3433 8052/7/3433
f 8053/16/3419 8064/17/3420 8059/18/3420 8051/19/3419
f 8053/20/4 8056/12/4 8063/11/4 8064/21/4
f 8051/22/3569 8057/5/3569 8056/8/3569 8053/23/3569
f 8051/22/3568 8060/6/3568 8057/5/3568
f 8047/24/3567 8055/2/3567 8058/1/3567 8049/25/3567
f 8049/26/3571 8060/27/3421 8059/18/3421
f 8061/14/3572 8060/28/3572 8050/4/3573
f 8048/3/3433 8062/15/3433 8061/14/3433 8050/4/3433
f 8055/29/4 8063/11/4 8062/10/4 8048/30/4
f 8064/21/4 8063/11/4 8055/29/4 8047/31/4
f 8059/18/3420 8064/17/3420 8047/24/3424 8049/25/3424
f 8049/25/3574 8058/1/3575 8060/32/3575
f 8052/7/3572 8060/28/3572 8061/14/3572
f 8059/18/3421 8060/27/3421 8051/19/3576
f 8050/4/3577 8060/32/3575 8058/1/3575
f 8076/1/3578 8073/2/3578 8066/3/3579 8068/4/3579
f 8075/5/3580 8078/6/3581 8070/7/3582
f 8074/8/3583 8075/5/3583 8070/7/3584 8072/9/3584
f 8080/10/4 8081/11/4 8074/12/4 8072/13/4
f 8079/14/3585 8080/15/3585 8072/9/3586 8070/7/3586
f 8071/16/3587 8082/17/3588 8077/18/3588 8069/19/3587
f 8071/20/4 8074/12/4 8081/11/4 8082/21/4
f 8069/22/3589 8075/5/3583 8074/8/3583 8071/23/3589
f 8069/22/3581 8078/6/3581 8075/5/3580
f 8065/24/3590 8073/2/3578 8076/1/3578 8067/25/3590
f 8067/26/3591 8078/27/3592 8077/18/3593
f 8079/14/3594 8078/28/3595 8068/4/3596
f 8066/3/3597 8080/15/3585 8079/14/3585 8068/4/3597
f 8073/29/4 8081/11/4 8080/10/4 8066/30/4
f 8082/21/4 8081/11/4 8073/29/4 8065/31/4
f 8077/18/3588 8082/17/3588 8065/24/3598 8067/25/3598
f 8067/25/3599 8076/1/3600 8078/32/3600
f 8070/7/3601 8078/28/3595 8079/14/3594
f 8077/18/3593 8078/27/3592 8069/19/3602
f 8068/4/3603 8078/32/3600 8076/1/3600
f 8086/33/3604 8094/34/3604 8091/35/3604 8084/36/3604
f 8093/37/3605 8094/38/3605 8086/39/3605 8088/40/3605
f 8090/41/3606 8092/42/3606 8093/43/3606 8088/44/3606
f 8091/45/4 8092/46/4 8090/47/4 8084/48/4
f 8086/33/3607 8084/36/3607 8090/41/3607 8088/44/3607
f 8089/49/3608 8083/50/3608 8085/51/3608 8087/52/3608
f 8089/53/4 8092/46/4 8091/45/4 8083/54/4
f 8089/55/3609 8087/56/3609 8093/43/3606 8092/42/3606
f 8085/57/3610 8094/38/3610 8093/37/3610 8087/58/3610
f 8083/50/3587 8091/35/3604 8094/34/3604 8085/51/3587
f 8098/59/3611 8106/60/3612 8103/61/3612 8096/62/3611
f 8105/37/3613 8106/38/3613 8098/39/3613 8100/40/3613
f 8102/63/3614 8104/64/3586 8105/65/3586 8100/66/3614
f 8103/45/4 8104/46/4 8102/47/4 8096/48/4
f 8098/59/3615 8096/62/3615 8102/63/3615 8100/66/3615
f 8101/67/3616 8095/68/3616 8097/69/3616 8099/70/3616
f 8101/53/4 8104/46/4 8103/45/4 8095/54/4
f 8101/71/3617 8099/72/3617 8105/65/3586 8104/64/3586
f 8097/57/3618 8106/38/3618 8105/37/3618 8099/58/3618
f 8095/68/3619 8103/61/3612 8106/60/3612 8097/69/3619
f 8110/73/3619 8118/74/3619 8115/75/3619 8108/76/3619
f 8117/37/3620 8118/38/3620 8110/39/3620 8112/40/3620
f 8114/77/3606 8116/78/3621 8117/79/3621 8112/80/3606
f 8115/45/4 8116/46/4 8114/47/4 8108/48/4
f 8110/73/3622 8108/76/3622 8114/77/3622 8112/80/3622
f 8113/81/3623 8107/82/3623 8109/83/3623 8111/84/3623
f 8113/53/4 8116/46/4 8115/45/4 8107/54/4
f 8113/85/3624 8111/86/3624 8117/79/3621 8116/78/3621
f 8109/57/3625 8118/38/3625 8117/37/3625 8111/58/3625
f 8107/82/3619 8115/75/3619 8118/74/3619 8109/83/3619
f 8124/87/3626 8123/88/3626 8125/89/3626 8126/90/3626
f 8122/91/4 8121/92/4 8123/93/4 8124/94/4
f 8121/95/3627 8119/96/3627 8125/97/3627 8123/98/3627
f 8119/96/30 8120/99/30 8126/100/30 8125/97/30
f 8120/99/3586 8122/91/3586 8124/94/3586 8126/100/3586
f 8120/87/3628 8119/88/3628 8121/89/3628 8122/90/3628
f 8132/87/3629 8131/88/3629 8133/89/3629 8134/90/3629
f 8130/101/4 8129/102/4 8131/103/4 8132/104/4
f 8129/105/3627 8127/106/3627 8133/107/3627 8131/108/3627
f 8127/106/30 8128/109/30 8134/110/30 8133/107/30
f 8128/109/3586 8130/101/3586 8132/104/3586 8134/110/3586
f 8128/87/3628 8127/88/3628 8129/89/3628 8130/90/3628
f 8138/111/3627 8146/112/3627 8143/113/3627 8136/114/3627
f 8145/115/3630 8146/116/3630 8138/117/3630 8140/118/3630
f 8142/119/1026 8144/120/3586 8145/121/3586 8140/122/1026
f 8143/123/4 8144/124/4 8142/125/4 8136/126/4
f 8138/111/3631 8136/114/3631 8142/119/3631 8140/122/3631
f 8141/127/3632 8135/128/3632 8137/129/3632 8139/130/3632
f 8141/131/4 8144/124/4 8143/123/4 8135/132/4
f 8141/133/3586 8139/134/3586 8145/121/3586 8144/120/3586
f 8137/135/3633 8146/116/3633 8145/115/3633 8139/136/3633
f 8135/128/3619 8143/113/3627 8146/112/3627 8137/129/3619
f 8150/137/3627 8158/138/3627 8155/139/3627 8148/140/3627
f 8157/141/3634 8158/142/3634 8150/143/3634 8152/144/3634
f 8154/145/3514 8156/146/3614 8157/147/3614 8152/148/3514
f 8155/149/4 8156/150/4 8154/151/4 8148/152/4
f 8150/137/3635 8148/140/3635 8154/145/3635 8152/148/3635
f 8153/153/3636 8147/154/3636 8149/155/3636 8151/156/3636
f 8153/157/4 8156/150/4 8155/149/4 8147/158/4
f 8153/159/3624 8151/160/3624 8157/147/3614 8156/146/3614
f 8149/161/3637 8158/142/3637 8157/141/3637 8151/162/3637
f 8147/154/3619 8155/139/3627 8158/138/3627 8149/155/3619
f 8172/163/3611 8171/164/885 8177/165/885 8178/166/3611
f 8173/167/3638 8171/168/3638 8172/39/3638 8174/40/3638
f 8176/169/1026 8175/170/3639 8173/171/3639 8174/172/1026
f 8177/45/4 8175/46/4 8176/47/4 8178/48/4
f 8172/163/1172 8178/166/1172 8176/169/1172 8174/172/1172
f 8179/173/3640 8180/174/3640 8182/175/3640 8181/176/3640
f 8179/53/4 8175/46/4 8177/45/4 8180/54/4
f 8179/177/3514 8181/178/3514 8173/171/3639 8175/170/3639
f 8182/57/3641 8171/168/3641 8173/167/3641 8181/58/3641
f 8180/174/3505 8177/165/885 8171/164/885 8182/175/3505
f 8162/179/885 8170/180/885 8167/181/885 8160/182/885
f 8169/37/3642 8170/38/3642 8162/39/3642 8164/40/3642
f 8166/183/1026 8168/184/1026 8169/185/1026 8164/186/1026
f 8167/45/4 8168/46/4 8166/47/4 8160/48/4
f 8162/179/3643 8160/182/3643 8166/183/3643 8164/186/3643
f 8165/187/3644 8159/188/3644 8161/189/3644 8163/190/3644
f 8165/53/4 8168/46/4 8167/45/4 8159/54/4
f 8165/191/1026 8163/192/1026 8169/185/1026 8168/184/1026
f 8161/57/3645 8170/38/3645 8169/37/3645 8163/58/3645
f 8159/188/885 8167/181/885 8170/180/885 8161/189/885
f 8186/193/3627 8194/194/3619 8191/195/3619 8184/196/3627
f 8193/197/3646 8194/198/3646 8186/199/3646 8188/200/3646
f 8190/201/3586 8192/202/3624 8193/203/3624 8188/204/3586
f 8191/205/4 8192/206/4 8190/207/4 8184/208/4
f 8186/193/3647 8184/196/3647 8190/201/3647 8188/204/3647
f 8189/209/3648 8183/210/3648 8185/211/3648 8187/212/3648
f 8189/213/4 8192/206/4 8191/205/4 8183/214/4
f 8189/215/3624 8187/216/3624 8193/203/3624 8192/202/3624
f 8185/217/3649 8194/198/3649 8193/197/3649 8187/218/3649
f 8183/210/3604 8191/195/3619 8194/194/3619 8185/211/3604
f 8200/219/3650 8199/220/3650 8201/221/3650 8202/222/3650
f 8198/223/3651 8197/224/3651 8199/225/3651 8200/226/3651
f 8197/227/3627 8195/228/3627 8201/229/3627 8199/230/3627
f 8195/228/3652 8196/231/3652 8202/232/3652 8201/229/3652
f 8196/231/3586 8198/223/3586 8200/226/3586 8202/232/3586
f 8196/219/3653 8195/233/3653 8197/221/3653 8198/222/3653
f 8206/234/3587 8214/235/3604 8211/236/3604 8204/237/3587
f 8213/238/3654 8214/239/3654 8206/240/3654 8208/241/3654
f 8210/242/3606 8212/243/3606 8213/244/3606 8208/245/3606
f 8211/246/4 8212/247/4 8210/248/4 8204/249/4
f 8206/234/3655 8204/237/3655 8210/242/3655 8208/245/3655
f 8209/250/3656 8203/251/3656 8205/252/3656 8207/253/3656
f 8209/254/4 8212/247/4 8211/246/4 8203/255/4
f 8209/256/3606 8207/257/3606 8213/244/3606 8212/243/3606
f 8205/258/3657 8214/239/3657 8213/238/3657 8207/259/3657
f 8203/251/3619 8211/236/3604 8214/235/3604 8205/252/3619
f 8226/1/3658 8223/2/3658 8216/3/3658 8218/4/3658
f 8225/5/3659 8228/6/3659 8220/7/3660
f 8224/8/3661 8225/5/3661 8220/7/3662 8222/9/3662
f 8230/10/4 8231/11/4 8224/12/4 8222/13/4
f 8229/14/3524 8230/15/3524 8222/9/3521 8220/7/3521
f 8221/16/3505 8232/17/885 8227/18/885 8219/19/3505
f 8221/20/4 8224/12/4 8231/11/4 8232/21/4
f 8219/22/3663 8225/5/3661 8224/8/3661 8221/23/3663
f 8219/22/3664 8228/6/3659 8225/5/3659
f 8215/24/3665 8223/2/3658 8226/1/3658 8217/25/3665
f 8217/26/3666 8228/27/3666 8227/18/3666
f 8229/14/3667 8228/28/3667 8218/4/3667
f 8216/3/3514 8230/15/3524 8229/14/3524 8218/4/3514
f 8223/29/4 8231/11/4 8230/10/4 8216/30/4
f 8232/21/4 8231/11/4 8223/29/4 8215/31/4
f 8227/18/885 8232/17/885 8215/24/885 8217/25/885
f 8217/25/3668 8226/1/3668 8228/32/3668
f 8220/7/3667 8228/28/3667 8229/14/3667
f 8227/18/3666 8228/27/3666 8219/19/3669
f 8218/4/3670 8228/32/3668 8226/1/3668
f 8244/1/3671 8241/2/3671 8234/3/3671 8236/4/3671
f 8243/5/3672 8246/6/3672 8238/7/3673
f 8242/8/3674 8243/5/3674 8238/7/3675 8240/9/3675
f 8248/10/4 8249/11/4 8242/12/4 8240/13/4
f 8247/14/3676 8248/15/3676 8240/9/3677 8238/7/3677
f 8239/16/3678 8250/17/3679 8245/18/3679 8237/19/3678
f 8239/20/4 8242/12/4 8249/11/4 8250/21/4
f 8237/22/3680 8243/5/3674 8242/8/3674 8239/23/3680
f 8237/22/3672 8246/6/3672 8243/5/3672
f 8233/24/3671 8241/2/3671 8244/1/3671 8235/25/3671
f 8235/26/3681 8246/27/3682 8245/18/3682
f 8247/14/3683 8246/28/3683 8236/4/3684
f 8234/3/3685 8248/15/3676 8247/14/3676 8236/4/3685
f 8241/29/4 8249/11/4 8248/10/4 8234/30/4
f 8250/21/4 8249/11/4 8241/29/4 8233/31/4
f 8245/18/3679 8250/17/3679 8233/24/3686 8235/25/3686
f 8235/25/3687 8244/1/3688 8246/32/3688
f 8238/7/3689 8246/28/3683 8247/14/3683
f 8245/18/3682 8246/27/3682 8237/19/3682
f 8236/4/3690 8246/32/3688 8244/1/3688
f 8254/33/3691 8262/34/3691 8259/35/3691 8252/36/3691
f 8261/37/3692 8262/38/3692 8254/39/3692 8256/40/3692
f 8258/41/3676 8260/42/3693 8261/43/3693 8256/44/3676
f 8259/45/4 8260/46/4 8258/47/4 8252/48/4
f 8254/33/3694 8252/36/3694 8258/41/3694 8256/44/3694
f 8257/49/3695 8251/50/3695 8253/51/3695 8255/52/3695
f 8257/53/4 8260/46/4 8259/45/4 8251/54/4
f 8257/55/3696 8255/56/3696 8261/43/3693 8260/42/3693
f 8253/57/3697 8262/38/3697 8261/37/3697 8255/58/3697
f 8251/50/3698 8259/35/3691 8262/34/3691 8253/51/3698
f 8266/59/3699 8274/60/3700 8271/61/3700 8264/62/3699
f 8273/37/3701 8274/38/3701 8266/39/3701 8268/40/3701
f 8270/63/3702 8272/64/3702 8273/65/3702 8268/66/3702
f 8271/45/4 8272/46/4 8270/47/4 8264/48/4
f 8266/59/3703 8264/62/3703 8270/63/3703 8268/66/3703
f 8269/67/3704 8263/68/3704 8265/69/3704 8267/70/3704
f 8269/53/4 8272/46/4 8271/45/4 8263/54/4
f 8269/71/3705 8267/72/3705 8273/65/3702 8272/64/3702
f 8265/57/3706 8274/38/3706 8273/37/3706 8267/58/3706
f 8263/68/3700 8271/61/3700 8274/60/3700 8265/69/3700
f 8278/73/3700 8286/74/3700 8283/75/3700 8276/76/3700
f 8285/37/3707 8286/38/3707 8278/39/3707 8280/40/3707
f 8282/77/3696 8284/78/3696 8285/79/3696 8280/80/3696
f 8283/45/4 8284/46/4 8282/47/4 8276/48/4
f 8278/73/3708 8276/76/3708 8282/77/3708 8280/80/3708
f 8281/81/3709 8275/82/3709 8277/83/3709 8279/84/3709
f 8281/53/4 8284/46/4 8283/45/4 8275/54/4
f 8281/85/3710 8279/86/3710 8285/79/3696 8284/78/3696
f 8277/57/3711 8286/38/3711 8285/37/3711 8279/58/3711
f 8275/82/3700 8283/75/3700 8286/74/3700 8277/83/3700
f 8292/87/3712 8291/88/3712 8293/89/3712 8294/90/3712
f 8290/91/4 8289/92/4 8291/93/4 8292/94/4
f 8289/95/3700 8287/96/3700 8293/97/3700 8291/98/3700
f 8287/96/30 8288/99/30 8294/100/30 8293/97/30
f 8288/99/3696 8290/91/3696 8292/94/3696 8294/100/3696
f 8288/87/3713 8287/88/3713 8289/89/3713 8290/90/3713
f 8300/87/3714 8299/88/3714 8301/89/3714 8302/90/3714
f 8298/101/4 8297/102/4 8299/103/4 8300/104/4
f 8297/105/3700 8295/106/3700 8301/107/3700 8299/108/3700
f 8295/106/30 8296/109/30 8302/110/30 8301/107/30
f 8296/109/3696 8298/101/3696 8300/104/3696 8302/110/3696
f 8296/87/3713 8295/88/3713 8297/89/3713 8298/90/3713
f 8306/111/3715 8314/112/3716 8311/113/3716 8304/114/3715
f 8313/115/3717 8314/116/3717 8306/117/3717 8308/118/3717
f 8310/119/3696 8312/120/3718 8313/121/3718 8308/122/3696
f 8311/123/4 8312/124/4 8310/125/4 8304/126/4
f 8306/111/3719 8304/114/3719 8310/119/3719 8308/122/3719
f 8309/127/3720 8303/128/3720 8305/129/3720 8307/130/3720
f 8309/131/4 8312/124/4 8311/123/4 8303/132/4
f 8309/133/3721 8307/134/3721 8313/121/3718 8312/120/3718
f 8305/135/3722 8314/116/3722 8313/115/3722 8307/136/3722
f 8303/128/3716 8311/113/3716 8314/112/3716 8305/129/3716
f 8318/137/3715 8326/138/3715 8323/139/3715 8316/140/3715
f 8325/141/3723 8326/142/3723 8318/143/3723 8320/144/3723
f 8322/145/3702 8324/146/3705 8325/147/3705 8320/148/3702
f 8323/149/4 8324/150/4 8322/151/4 8316/152/4
f 8318/137/3724 8316/140/3724 8322/145/3724 8320/148/3724
f 8321/153/3725 8315/154/3725 8317/155/3725 8319/156/3725
f 8321/157/4 8324/150/4 8323/149/4 8315/158/4
f 8321/159/3721 8319/160/3721 8325/147/3705 8324/146/3705
f 8317/161/3726 8326/142/3726 8325/141/3726 8319/162/3726
f 8315/154/3715 8323/139/3715 8326/138/3715 8317/155/3715
f 8340/163/3727 8339/164/3728 8345/165/3728 8346/166/3727
f 8341/167/3729 8339/168/3729 8340/39/3729 8342/40/3729
f 8344/169/3721 8343/170/3730 8341/171/3730 8342/172/3721
f 8345/45/4 8343/46/4 8344/47/4 8346/48/4
f 8340/163/3731 8346/166/3731 8344/169/3731 8342/172/3731
f 8347/173/3732 8348/174/3732 8350/175/3732 8349/176/3732
f 8347/53/4 8343/46/4 8345/45/4 8348/54/4
f 8347/177/3730 8349/178/3730 8341/171/3730 8343/170/3730
f 8350/57/3733 8339/168/3733 8341/167/3733 8349/58/3733
f 8348/174/3734 8345/165/3728 8339/164/3728 8350/175/3734
f 8330/179/3727 8338/180/3735 8335/181/3735 8328/182/3727
f 8337/37/3736 8338/38/3736 8330/39/3736 8332/40/3736
f 8334/183/3705 8336/184/3721 8337/185/3721 8332/186/3705
f 8335/45/4 8336/46/4 8334/47/4 8328/48/4
f 8330/179/3737 8328/182/3737 8334/183/3737 8332/186/3737
f 8333/187/3738 8327/188/3738 8329/189/3738 8331/190/3738
f 8333/53/4 8336/46/4 8335/45/4 8327/54/4
f 8333/191/3730 8331/192/3730 8337/185/3721 8336/184/3721
f 8329/57/3739 8338/38/3739 8337/37/3739 8331/58/3739
f 8327/188/3728 8335/181/3735 8338/180/3735 8329/189/3728
f 8354/193/3716 8362/194/3700 8359/195/3700 8352/196/3716
f 8361/197/3740 8362/198/3740 8354/199/3740 8356/200/3740
f 8358/201/3705 8360/202/3696 8361/203/3696 8356/204/3705
f 8359/205/4 8360/206/4 8358/207/4 8352/208/4
f 8354/193/3741 8352/196/3741 8358/201/3741 8356/204/3741
f 8357/209/3742 8351/210/3742 8353/211/3742 8355/212/3742
f 8357/213/4 8360/206/4 8359/205/4 8351/214/4
f 8357/215/3743 8355/216/3743 8361/203/3696 8360/202/3696
f 8353/217/3744 8362/198/3744 8361/197/3744 8355/218/3744
f 8351/210/3700 8359/195/3700 8362/194/3700 8353/211/3700
f 8368/219/3745 8367/220/3745 8369/221/3745 8370/222/3745
f 8366/223/3746 8365/224/3746 8367/225/3746 8368/226/3746
f 8365/227/3700 8363/228/3700 8369/229/3700 8367/230/3700
f 8363/228/3747 8364/231/3747 8370/232/3747 8369/229/3747
f 8364/231/3696 8366/223/3696 8368/226/3696 8370/232/3696
f 8364/219/3748 8363/233/3748 8365/221/3748 8366/222/3748
f 8374/234/3678 8382/235/3679 8379/236/3679 8372/237/3678
f 8381/238/3749 8382/239/3749 8374/240/3749 8376/241/3749
f 8378/242/3685 8380/243/3693 8381/244/3693 8376/245/3685
f 8379/246/4 8380/247/4 8378/248/4 8372/249/4
f 8374/234/3750 8372/237/3750 8378/242/3750 8376/245/3750
f 8377/250/3751 8371/251/3751 8373/252/3751 8375/253/3751
f 8377/254/4 8380/247/4 8379/246/4 8371/255/4
f 8377/256/3710 8375/257/3710 8381/244/3693 8380/243/3693
f 8373/258/3752 8382/239/3752 8381/238/3752 8375/259/3752
f 8371/251/3700 8379/236/3679 8382/235/3679 8373/252/3700
f 8394/1/3753 8391/2/3753 8384/3/3753 8386/4/3753
f 8393/5/3754 8396/6/3755 8388/7/3755
f 8392/8/3756 8393/5/3756 8388/7/3757 8390/9/3757
f 8398/10/4 8399/11/4 8392/12/4 8390/13/4
f 8397/14/3705 8398/15/3705 8390/9/3696 8388/7/3696
f 8389/16/3735 8400/17/3734 8395/18/3734 8387/19/3735
f 8389/20/4 8392/12/4 8399/11/4 8400/21/4
f 8387/22/3758 8393/5/3756 8392/8/3756 8389/23/3758
f 8387/22/3759 8396/6/3755 8393/5/3754
f 8383/24/3753 8391/2/3753 8394/1/3753 8385/25/3753
f 8385/26/3760 8396/27/3761 8395/18/3761
f 8397/14/3762 8396/28/3762 8386/4/3763
f 8384/3/3721 8398/15/3705 8397/14/3705 8386/4/3721
f 8391/29/4 8399/11/4 8398/10/4 8384/30/4
f 8400/21/4 8399/11/4 8391/29/4 8383/31/4
f 8395/18/3734 8400/17/3734 8383/24/3764 8385/25/3764
f 8385/25/3765 8394/1/3765 8396/32/3765
f 8388/7/3766 8396/28/3762 8397/14/3762
f 8395/18/3761 8396/27/3761 8387/19/3767
f 8386/4/3768 8396/32/3765 8394/1/3765
f 8412/1/3769 8409/2/3769 8402/3/3769 8404/4/3769
f 8411/5/3770 8414/6/3770 8406/7/3770
f 8410/8/3771 8411/5/3771 8406/7/3772 8408/9/3772
f 8416/10/4 8417/11/4 8410/12/4 8408/13/4
f 8415/14/1374 8416/15/1374 8408/9/3773 8406/7/3773
f 8407/16/3774 8418/17/3775 8413/18/3775 8405/19/3774
f 8407/20/4 8410/12/4 8417/11/4 8418/21/4
f 8405/22/3776 8411/5/3771 8410/8/3771 8407/23/3776
f 8405/22/3777 8414/6/3770 8411/5/3770
f 8401/24/3778 8409/2/3769 8412/1/3769 8403/25/3778
f 8403/26/3779 8414/27/3779 8413/18/3779
f 8415/14/3780 8414/28/3780 8404/4/3781
f 8402/3/3782 8416/15/1374 8415/14/1374 8404/4/3782
f 8409/29/4 8417/11/4 8416/10/4 8402/30/4
f 8418/21/4 8417/11/4 8409/29/4 8401/31/4
f 8413/18/3775 8418/17/3775 8401/24/3783 8403/25/3783
f 8403/25/3784 8412/1/3784 8414/32/3784
f 8406/7/3780 8414/28/3780 8415/14/3780
f 8413/18/3779 8414/27/3779 8405/19/3785
f 8404/4/3786 8414/32/3784 8412/1/3784
f 8422/33/3787 8430/34/3775 8427/35/3775 8420/36/3787
f 8429/37/3788 8430/38/3788 8422/39/3788 8424/40/3788
f 8426/41/1374 8428/42/3773 8429/43/3773 8424/44/1374
f 8427/45/4 8428/46/4 8426/47/4 8420/48/4
f 8422/33/3789 8420/36/3789 8426/41/3789 8424/44/3789
f 8425/49/3790 8419/50/3790 8421/51/3790 8423/52/3790
f 8425/53/4 8428/46/4 8427/45/4 8419/54/4
f 8425/55/3773 8423/56/3773 8429/43/3773 8428/42/3773
f 8421/57/3791 8430/38/3791 8429/37/3791 8423/58/3791
f 8419/50/3792 8427/35/3775 8430/34/3775 8421/51/3792
f 8434/59/3793 8442/60/3794 8439/61/3794 8432/62/3793
f 8441/37/3795 8442/38/3795 8434/39/3795 8436/40/3795
f 8438/63/3796 8440/64/3797 8441/65/3797 8436/66/3796
f 8439/45/4 8440/46/4 8438/47/4 8432/48/4
f 8434/59/3798 8432/62/3798 8438/63/3798 8436/66/3798
f 8437/67/3799 8431/68/3799 8433/69/3799 8435/70/3799
f 8437/53/4 8440/46/4 8439/45/4 8431/54/4
f 8437/71/3800 8435/72/3800 8441/65/3797 8440/64/3797
f 8433/57/3801 8442/38/3801 8441/37/3801 8435/58/3801
f 8431/68/3802 8439/61/3794 8442/60/3794 8433/69/3802
f 8446/73/3802 8454/74/3802 8451/75/3802 8444/76/3802
f 8453/37/3803 8454/38/3803 8446/39/3803 8448/40/3803
f 8450/77/1374 8452/78/3804 8453/79/3804 8448/80/1374
f 8451/45/4 8452/46/4 8450/47/4 8444/48/4
f 8446/73/3805 8444/76/3805 8450/77/3805 8448/80/3805
f 8449/81/3806 8443/82/3806 8445/83/3806 8447/84/3806
f 8449/53/4 8452/46/4 8451/45/4 8443/54/4
f 8449/85/3797 8447/86/3797 8453/79/3804 8452/78/3804
f 8445/57/3807 8454/38/3807 8453/37/3807 8447/58/3807
f 8443/82/3792 8451/75/3802 8454/74/3802 8445/83/3792
f 8460/87/3808 8459/88/3808 8461/89/3808 8462/90/3808
f 8458/91/4 8457/92/4 8459/93/4 8460/94/4
f 8457/95/3794 8455/96/3794 8461/97/3794 8459/98/3794
f 8455/96/30 8456/99/30 8462/100/30 8461/97/30
f 8456/99/3796 8458/91/3796 8460/94/3796 8462/100/3796
f 8456/87/3809 8455/88/3809 8457/89/3809 8458/90/3809
f 8468/87/3810 8467/88/3810 8469/89/3810 8470/90/3810
f 8466/101/4 8465/102/4 8467/103/4 8468/104/4
f 8465/105/3794 8463/106/3794 8469/107/3794 8467/108/3794
f 8463/106/30 8464/109/30 8470/110/30 8469/107/30
f 8464/109/3796 8466/101/3796 8468/104/3796 8470/110/3796
f 8464/87/3811 8463/88/3811 8465/89/3811 8466/90/3811
f 8474/111/3793 8482/112/3793 8479/113/3793 8472/114/3793
f 8481/115/3812 8482/116/3812 8474/117/3812 8476/118/3812
f 8478/119/3813 8480/120/3813 8481/121/3813 8476/122/3813
f 8479/123/4 8480/124/4 8478/125/4 8472/126/4
f 8474/111/3814 8472/114/3814 8478/119/3814 8476/122/3814
f 8477/127/3815 8471/128/3815 8473/129/3815 8475/130/3815
f 8477/131/4 8480/124/4 8479/123/4 8471/132/4
f 8477/133/3813 8475/134/3813 8481/121/3813 8480/120/3813
f 8473/135/3816 8482/116/3816 8481/115/3816 8475/136/3816
f 8471/128/3793 8479/113/3793 8482/112/3793 8473/129/3793
f 8486/137/3794 8494/138/3793 8491/139/3793 8484/140/3794
f 8493/141/3817 8494/142/3817 8486/143/3817 8488/144/3817
f 8490/145/3676 8492/146/3813 8493/147/3813 8488/148/3676
f 8491/149/4 8492/150/4 8490/151/4 8484/152/4
f 8486/137/3818 8484/140/3818 8490/145/3818 8488/148/3818
f 8489/153/3819 8483/154/3819 8485/155/3819 8487/156/3819
f 8489/157/4 8492/150/4 8491/149/4 8483/158/4
f 8489/159/3813 8487/160/3813 8493/147/3813 8492/146/3813
f 8485/161/3820 8494/142/3820 8493/141/3820 8487/162/3820
f 8483/154/3821 8491/139/3793 8494/138/3793 8485/155/3821
f 8508/163/3821 8507/164/3691 8513/165/3691 8514/166/3821
f 8509/167/3822 8507/168/3822 8508/39/3822 8510/40/3822
f 8512/169/3693 8511/170/3685 8509/171/3685 8510/172/3693
f 8513/45/4 8511/46/4 8512/47/4 8514/48/4
f 8508/163/3823 8514/166/3823 8512/169/3823 8510/172/3823
f 8515/173/3824 8516/174/3824 8518/175/3824 8517/176/3824
f 8515/53/4 8511/46/4 8513/45/4 8516/54/4
f 8515/177/3677 8517/178/3677 8509/171/3685 8511/170/3685
f 8518/57/3825 8507/168/3825 8509/167/3825 8517/58/3825
f 8516/174/3691 8513/165/3691 8507/164/3691 8518/175/3691
f 8498/179/3821 8506/180/3821 8503/181/3821 8496/182/3821
f 8505/37/3826 8506/38/3826 8498/39/3826 8500/40/3826
f 8502/183/3676 8504/184/3676 8505/185/3676 8500/186/3676
f 8503/45/4 8504/46/4 8502/47/4 8496/48/4
f 8498/179/3827 8496/182/3827 8502/183/3827 8500/186/3827
f 8501/187/3828 8495/188/3828 8497/189/3828 8499/190/3828
f 8501/53/4 8504/46/4 8503/45/4 8495/54/4
f 8501/191/3676 8499/192/3676 8505/185/3676 8504/184/3676
f 8497/57/3829 8506/38/3829 8505/37/3829 8499/58/3829
f 8495/188/3691 8503/181/3821 8506/180/3821 8497/189/3691
f 8522/193/3793 8530/194/3792 8527/195/3792 8520/196/3793
f 8529/197/3830 8530/198/3830 8522/199/3830 8524/200/3830
f 8526/201/3813 8528/202/3804 8529/203/3804 8524/204/3813
f 8527/205/4 8528/206/4 8526/207/4 8520/208/4
f 8522/193/1377 8520/196/1377 8526/201/1377 8524/204/1377
f 8525/209/3831 8519/210/3831 8521/211/3831 8523/212/3831
f 8525/213/4 8528/206/4 8527/205/4 8519/214/4
f 8525/215/1374 8523/216/1374 8529/203/3804 8528/202/3804
f 8521/217/3832 8530/198/3832 8529/197/3832 8523/218/3832
f 8519/210/3783 8527/195/3792 8530/194/3792 8521/211/3783
f 8536/219/3810 8535/220/3810 8537/221/3810 8538/222/3810
f 8534/223/3833 8533/224/3833 8535/225/3833 8536/226/3833
f 8533/227/3794 8531/228/3794 8537/229/3794 8535/230/3794
f 8531/228/3834 8532/231/3834 8538/232/3834 8537/229/3834
f 8532/231/3797 8534/223/3797 8536/226/3797 8538/232/3797
f 8532/219/3835 8531/233/3835 8533/221/3835 8534/222/3835
f 8542/234/3775 8550/235/3783 8547/236/3783 8540/237/3775
f 8549/238/3836 8550/239/3836 8542/240/3836 8544/241/3836
f 8546/242/3804 8548/243/3804 8549/244/3804 8544/245/3804
f 8547/246/4 8548/247/4 8546/248/4 8540/249/4
f 8542/234/3837 8540/237/3837 8546/242/3837 8544/245/3837
f 8545/250/3838 8539/251/3838 8541/252/3838 8543/253/3838
f 8545/254/4 8548/247/4 8547/246/4 8539/255/4
f 8545/256/3796 8543/257/3796 8549/244/3804 8548/243/3804
f 8541/258/3839 8550/239/3839 8549/238/3839 8543/259/3839
f 8539/251/3802 8547/236/3783 8550/235/3783 8541/252/3802
f 8562/1/3840 8559/2/3840 8552/3/3840 8554/4/3840
f 8561/5/3841 8564/6/3841 8556/7/3842
f 8560/8/3843 8561/5/3843 8556/7/3843 8558/9/3843
f 8566/10/4 8567/11/4 8560/12/4 8558/13/4
f 8565/14/3813 8566/15/3813 8558/9/3813 8556/7/3813
f 8557/16/3679 8568/17/3678 8563/18/3678 8555/19/3679
f 8557/20/4 8560/12/4 8567/11/4 8568/21/4
f 8555/22/3843 8561/5/3843 8560/8/3843 8557/23/3843
f 8555/22/3844 8564/6/3841 8561/5/3841
f 8551/24/3840 8559/2/3840 8562/1/3840 8553/25/3840
f 8553/26/3845 8564/27/3845 8563/18/3845
f 8565/14/3846 8564/28/3846 8554/4/3846
f 8552/3/3813 8566/15/3813 8565/14/3813 8554/4/3813
f 8559/29/4 8567/11/4 8566/10/4 8552/30/4
f 8568/21/4 8567/11/4 8559/29/4 8551/31/4
f 8563/18/3678 8568/17/3678 8551/24/3678 8553/25/3678
f 8553/25/3847 8562/1/3848 8564/32/3848
f 8556/7/3684 8564/28/3846 8565/14/3846
f 8563/18/3845 8564/27/3845 8555/19/3849
f 8554/4/3850 8564/32/3848 8562/1/3848
f 8580/1/3851 8577/2/3851 8570/3/3852 8572/4/3852
f 8579/5/3853 8582/6/3853 8574/7/3854
f 8578/8/3855 8579/5/3855 8574/7/3855 8576/9/3855
f 8584/10/4 8585/11/4 8578/12/4 8576/13/4
f 8583/14/3856 8584/15/3856 8576/9/3857 8574/7/3857
f 8575/16/3858 8586/17/3859 8581/18/3859 8573/19/3858
f 8575/20/4 8578/12/4 8585/11/4 8586/21/4
f 8573/22/3860 8579/5/3855 8578/8/3855 8575/23/3860
f 8573/22/3861 8582/6/3853 8579/5/3853
f 8569/24/3851 8577/2/3851 8580/1/3851 8571/25/3851
f 8571/26/3862 8582/27/3863 8581/18/3864
f 8583/14/3865 8582/28/3865 8572/4/3866
f 8570/3/3856 8584/15/3856 8583/14/3856 8572/4/3856
f 8577/29/4 8585/11/4 8584/10/4 8570/30/4
f 8586/21/4 8585/11/4 8577/29/4 8569/31/4
f 8581/18/3859 8586/17/3859 8569/24/3867 8571/25/3867
f 8571/25/3868 8580/1/3869 8582/32/3869
f 8574/7/3870 8582/28/3865 8583/14/3865
f 8581/18/3864 8582/27/3863 8573/19/3871
f 8572/4/3872 8582/32/3869 8580/1/3869
f 8590/33/3873 8598/34/3867 8595/35/3867 8588/36/3873
f 8597/37/3874 8598/38/3874 8590/39/3874 8592/40/3874
f 8594/41/3857 8596/42/3856 8597/43/3856 8592/44/3857
f 8595/45/4 8596/46/4 8594/47/4 8588/48/4
f 8590/33/3875 8588/36/3875 8594/41/3875 8592/44/3875
f 8593/49/3876 8587/50/3876 8589/51/3876 8591/52/3876
f 8593/53/4 8596/46/4 8595/45/4 8587/54/4
f 8593/55/3877 8591/56/3877 8597/43/3856 8596/42/3856
f 8589/57/3878 8598/38/3878 8597/37/3878 8591/58/3878
f 8587/50/3879 8595/35/3867 8598/34/3867 8589/51/3879
f 8602/59/3880 8610/60/3880 8607/61/3880 8600/62/3880
f 8609/37/3881 8610/38/3881 8602/39/3881 8604/40/3881
f 8606/63/3882 8608/64/3883 8609/65/3883 8604/66/3882
f 8607/45/4 8608/46/4 8606/47/4 8600/48/4
f 8602/59/3884 8600/62/3884 8606/63/3884 8604/66/3884
f 8605/67/3885 8599/68/3885 8601/69/3885 8603/70/3885
f 8605/53/4 8608/46/4 8607/45/4 8599/54/4
f 8605/71/3883 8603/72/3883 8609/65/3883 8608/64/3883
f 8601/57/3886 8610/38/3886 8609/37/3886 8603/58/3886
f 8599/68/3880 8607/61/3880 8610/60/3880 8601/69/3880
f 8614/73/3887 8622/74/3887 8619/75/3887 8612/76/3887
f 8621/37/3888 8622/38/3888 8614/39/3888 8616/40/3888
f 8618/77/3857 8620/78/3857 8621/79/3857 8616/80/3857
f 8619/45/4 8620/46/4 8618/47/4 8612/48/4
f 8614/73/3889 8612/76/3889 8618/77/3889 8616/80/3889
f 8617/81/3890 8611/82/3890 8613/83/3890 8615/84/3890
f 8617/53/4 8620/46/4 8619/45/4 8611/54/4
f 8617/85/3857 8615/86/3857 8621/79/3857 8620/78/3857
f 8613/57/3891 8622/38/3891 8621/37/3891 8615/58/3891
f 8611/82/3887 8619/75/3887 8622/74/3887 8613/83/3887
f 8628/87/3892 8627/88/3892 8629/89/3892 8630/90/3892
f 8626/91/4 8625/92/4 8627/93/4 8628/94/4
f 8625/95/3893 8623/96/3893 8629/97/3893 8627/98/3893
f 8623/96/30 8624/99/30 8630/100/30 8629/97/30
f 8624/99/3883 8626/91/3883 8628/94/3883 8630/100/3883
f 8624/87/3894 8623/88/3894 8625/89/3894 8626/90/3894
f 8636/87/3892 8635/88/3892 8637/89/3892 8638/90/3892
f 8634/101/4 8633/102/4 8635/103/4 8636/104/4
f 8633/105/3893 8631/106/3893 8637/107/3893 8635/108/3893
f 8631/106/30 8632/109/30 8638/110/30 8637/107/30
f 8632/109/3883 8634/101/3883 8636/104/3883 8638/110/3883
f 8632/87/3894 8631/88/3894 8633/89/3894 8634/90/3894
f 8642/111/3893 8650/112/3893 8647/113/3893 8640/114/3893
f 8649/115/3895 8650/116/3895 8642/117/3895 8644/118/3895
f 8646/119/3782 8648/120/3883 8649/121/3883 8644/122/3782
f 8647/123/4 8648/124/4 8646/125/4 8640/126/4
f 8642/111/3896 8640/114/3896 8646/119/3896 8644/122/3896
f 8645/127/3897 8639/128/3897 8641/129/3897 8643/130/3897
f 8645/131/4 8648/124/4 8647/123/4 8639/132/4
f 8645/133/3857 8643/134/3857 8649/121/3883 8648/120/3883
f 8641/135/3898 8650/116/3898 8649/115/3898 8643/136/3898
f 8639/128/3787 8647/113/3893 8650/112/3893 8641/129/3787
f 8654/137/3893 8662/138/3893 8659/139/3893 8652/140/3893
f 8661/141/3899 8662/142/3899 8654/143/3899 8656/144/3899
f 8658/145/3900 8660/146/3901 8661/147/3901 8656/148/3900
f 8659/149/4 8660/150/4 8658/151/4 8652/152/4
f 8654/137/3902 8652/140/3902 8658/145/3902 8656/148/3902
f 8657/153/3903 8651/154/3903 8653/155/3903 8655/156/3903
f 8657/157/4 8660/150/4 8659/149/4 8651/158/4
f 8657/159/3901 8655/160/3901 8661/147/3901 8660/146/3901
f 8653/161/3904 8662/142/3904 8661/141/3904 8655/162/3904
f 8651/154/3893 8659/139/3893 8662/138/3893 8653/155/3893
f 8676/163/3905 8675/164/3906 8681/165/3906 8682/166/3905
f 8677/167/3907 8675/168/3907 8676/39/3907 8678/40/3907
f 8680/169/3773 8679/170/1374 8677/171/1374 8678/172/3773
f 8681/45/4 8679/46/4 8680/47/4 8682/48/4
f 8676/163/3908 8682/166/3908 8680/169/3908 8678/172/3908
f 8683/173/3909 8684/174/3909 8686/175/3909 8685/176/3909
f 8683/53/4 8679/46/4 8681/45/4 8684/54/4
f 8683/177/3900 8685/178/3900 8677/171/1374 8679/170/1374
f 8686/57/3910 8675/168/3910 8677/167/3910 8685/58/3910
f 8684/174/3774 8681/165/3906 8675/164/3906 8686/175/3774
f 8666/179/3787 8674/180/3905 8671/181/3905 8664/182/3787
f 8673/37/3911 8674/38/3911 8666/39/3911 8668/40/3911
f 8670/183/3900 8672/184/3900 8673/185/3900 8668/186/3900
f 8671/45/4 8672/46/4 8670/47/4 8664/48/4
f 8666/179/3912 8664/182/3912 8670/183/3912 8668/186/3912
f 8669/187/3913 8663/188/3913 8665/189/3913 8667/190/3913
f 8669/53/4 8672/46/4 8671/45/4 8663/54/4
f 8669/191/3900 8667/192/3900 8673/185/3900 8672/184/3900
f 8665/57/3914 8674/38/3914 8673/37/3914 8667/58/3914
f 8663/188/3775 8671/181/3905 8674/180/3905 8665/189/3775
f 8690/193/3893 8698/194/3893 8695/195/3893 8688/196/3893
f 8697/197/3915 8698/198/3915 8690/199/3915 8692/200/3915
f 8694/201/3900 8696/202/3882 8697/203/3882 8692/204/3900
f 8695/205/4 8696/206/4 8694/207/4 8688/208/4
f 8690/193/3916 8688/196/3916 8694/201/3916 8692/204/3916
f 8693/209/3917 8687/210/3917 8689/211/3917 8691/212/3917
f 8693/213/4 8696/206/4 8695/205/4 8687/214/4
f 8693/215/3856 8691/216/3856 8697/203/3882 8696/202/3882
f 8689/217/3918 8698/198/3918 8697/197/3918 8691/218/3918
f 8687/210/3893 8695/195/3893 8698/194/3893 8689/211/3893
f 8704/219/3919 8703/220/3919 8705/221/3919 8706/222/3919
f 8702/223/3920 8701/224/3920 8703/225/3920 8704/226/3920
f 8701/227/3893 8699/228/3893 8705/229/3893 8703/230/3893
f 8699/228/3921 8700/231/3921 8706/232/3921 8705/229/3921
f 8700/231/3883 8702/223/3883 8704/226/3883 8706/232/3883
f 8700/219/3922 8699/233/3922 8701/221/3922 8702/222/3922
f 8710/234/3887 8718/235/3887 8715/236/3887 8708/237/3887
f 8717/238/3923 8718/239/3923 8710/240/3923 8712/241/3923
f 8714/242/3857 8716/243/3856 8717/244/3856 8712/245/3857
f 8715/246/4 8716/247/4 8714/248/4 8708/249/4
f 8710/234/3924 8708/237/3924 8714/242/3924 8712/245/3924
f 8713/250/3925 8707/251/3925 8709/252/3925 8711/253/3925
f 8713/254/4 8716/247/4 8715/246/4 8707/255/4
f 8713/256/3877 8711/257/3877 8717/244/3856 8716/243/3856
f 8709/258/3926 8718/239/3926 8717/238/3926 8711/259/3926
f 8707/251/3867 8715/236/3887 8718/235/3887 8709/252/3867
f 8730/1/3927 8727/2/3927 8720/3/3927 8722/4/3927
f 8729/5/3928 8732/6/3928 8724/7/3929
f 8728/8/3930 8729/5/3930 8724/7/3930 8726/9/3930
f 8734/10/4 8735/11/4 8728/12/4 8726/13/4
f 8733/14/1374 8734/15/1374 8726/9/3901 8724/7/3901
f 8725/16/3905 8736/17/3775 8731/18/3775 8723/19/3905
f 8725/20/4 8728/12/4 8735/11/4 8736/21/4
f 8723/22/3931 8729/5/3930 8728/8/3930 8725/23/3931
f 8723/22/3932 8732/6/3928 8729/5/3928
f 8719/24/3933 8727/2/3927 8730/1/3927 8721/25/3933
f 8721/26/3934 8732/27/3934 8731/18/3934
f 8733/14/3780 8732/28/3780 8722/4/3935
f 8720/3/3773 8734/15/1374 8733/14/1374 8722/4/3773
f 8727/29/4 8735/11/4 8734/10/4 8720/30/4
f 8736/21/4 8735/11/4 8727/29/4 8719/31/4
f 8731/18/3775 8736/17/3775 8719/24/3802 8721/25/3802
f 8721/25/3936 8730/1/3937 8732/32/3937
f 8724/7/3938 8732/28/3780 8733/14/3780
f 8731/18/3934 8732/27/3934 8723/19/3939
f 8722/4/3940 8732/32/3937 8730/1/3937
f 8748/1/3941 8745/2/3941 8738/3/3941 8740/4/3941
f 8747/5/3942 8750/6/3942 8742/7/3943
f 8746/8/3944 8747/5/3944 8742/7/3944 8744/9/3944
f 8752/10/4 8753/11/4 8746/12/4 8744/13/4
f 8751/14/3945 8752/15/3945 8744/9/3946 8742/7/3946
f 8743/16/3947 8754/17/3947 8749/18/3947 8741/19/3947
f 8743/20/4 8746/12/4 8753/11/4 8754/21/4
f 8741/22/3944 8747/5/3944 8746/8/3944 8743/23/3944
f 8741/22/3948 8750/6/3942 8747/5/3942
f 8737/24/3941 8745/2/3941 8748/1/3941 8739/25/3941
f 8739/26/3949 8750/27/3950 8749/18/3949
f 8751/14/3951 8750/28/3951 8740/4/3952
f 8738/3/3953 8752/15/3945 8751/14/3945 8740/4/3953
f 8745/29/4 8753/11/4 8752/10/4 8738/30/4
f 8754/21/4 8753/11/4 8745/29/4 8737/31/4
f 8749/18/3947 8754/17/3947 8737/24/3947 8739/25/3947
f 8739/25/3954 8748/1/3954 8750/32/3954
f 8742/7/3955 8750/28/3951 8751/14/3951
f 8749/18/3949 8750/27/3950 8741/19/3956
f 8740/4/3954 8750/32/3954 8748/1/3954
f 8758/33/3957 8766/34/3958 8763/35/3958 8756/36/3957
f 8765/37/3959 8766/38/3959 8758/39/3959 8760/40/3959
f 8762/41/3960 8764/42/3953 8765/43/3953 8760/44/3960
f 8763/45/4 8764/46/4 8762/47/4 8756/48/4
f 8758/33/3961 8756/36/3961 8762/41/3961 8760/44/3961
f 8761/49/3962 8755/50/3962 8757/51/3962 8759/52/3962
f 8761/53/4 8764/46/4 8763/45/4 8755/54/4
f 8761/55/3963 8759/56/3963 8765/43/3953 8764/42/3953
f 8757/57/3964 8766/38/3964 8765/37/3964 8759/58/3964
f 8755/50/3958 8763/35/3958 8766/34/3958 8757/51/3958
f 8770/59/3958 8778/60/3957 8775/61/3957 8768/62/3958
f 8777/37/3965 8778/38/3965 8770/39/3965 8772/40/3965
f 8774/63/3945 8776/64/3960 8777/65/3960 8772/66/3945
f 8775/45/4 8776/46/4 8774/47/4 8768/48/4
f 8770/59/3966 8768/62/3966 8774/63/3966 8772/66/3966
f 8773/67/3967 8767/68/3967 8769/69/3967 8771/70/3967
f 8773/53/4 8776/46/4 8775/45/4 8767/54/4
f 8773/71/3960 8771/72/3960 8777/65/3960 8776/64/3960
f 8769/57/3968 8778/38/3968 8777/37/3968 8771/58/3968
f 8767/68/3969 8775/61/3957 8778/60/3957 8769/69/3969
f 8782/73/3958 8790/74/3957 8787/75/3957 8780/76/3958
f 8789/37/3970 8790/38/3970 8782/39/3970 8784/40/3970
f 8786/77/3960 8788/78/3960 8789/79/3960 8784/80/3960
f 8787/45/4 8788/46/4 8786/47/4 8780/48/4
f 8782/73/3971 8780/76/3971 8786/77/3971 8784/80/3971
f 8785/81/3972 8779/82/3972 8781/83/3972 8783/84/3972
f 8785/53/4 8788/46/4 8787/45/4 8779/54/4
f 8785/85/3945 8783/86/3945 8789/79/3960 8788/78/3960
f 8781/57/3973 8790/38/3973 8789/37/3973 8783/58/3973
f 8779/82/3969 8787/75/3957 8790/74/3957 8781/83/3969
f 8796/87/3974 8795/88/3974 8797/89/3974 8798/90/3974
f 8794/91/4 8793/92/4 8795/93/4 8796/94/4
f 8793/95/3975 8791/96/3975 8797/97/3975 8795/98/3975
f 8791/96/30 8792/99/30 8798/100/30 8797/97/30
f 8792/99/3946 8794/91/3946 8796/94/3946 8798/100/3946
f 8792/87/3976 8791/88/3976 8793/89/3976 8794/90/3976
f 8804/87/3974 8803/88/3974 8805/89/3974 8806/90/3974
f 8802/101/4 8801/102/4 8803/103/4 8804/104/4
f 8801/105/3975 8799/106/3975 8805/107/3975 8803/108/3975
f 8799/106/30 8800/109/30 8806/110/30 8805/107/30
f 8800/109/3946 8802/101/3946 8804/104/3946 8806/110/3946
f 8800/87/3977 8799/88/3977 8801/89/3977 8802/90/3977
f 8810/111/3978 8818/112/3978 8815/113/3978 8808/114/3978
f 8817/115/3979 8818/116/3979 8810/117/3979 8812/118/3979
f 8814/119/3980 8816/120/3946 8817/121/3946 8812/122/3980
f 8815/123/4 8816/124/4 8814/125/4 8808/126/4
f 8810/111/3981 8808/114/3981 8814/119/3981 8812/122/3981
f 8813/127/3982 8807/128/3982 8809/129/3982 8811/130/3982
f 8813/131/4 8816/124/4 8815/123/4 8807/132/4
f 8813/133/3960 8811/134/3960 8817/121/3946 8816/120/3946
f 8809/135/3983 8818/116/3983 8817/115/3983 8811/136/3983
f 8807/128/3975 8815/113/3978 8818/112/3978 8809/129/3975
f 8822/137/3859 8830/138/3858 8827/139/3858 8820/140/3859
f 8829/141/3984 8830/142/3984 8822/143/3984 8824/144/3984
f 8826/145/3946 8828/146/3980 8829/147/3980 8824/148/3946
f 8827/149/4 8828/150/4 8826/151/4 8820/152/4
f 8822/137/3985 8820/140/3985 8826/145/3985 8824/148/3985
f 8825/153/3986 8819/154/3986 8821/155/3986 8823/156/3986
f 8825/157/4 8828/150/4 8827/149/4 8819/158/4
f 8825/159/3987 8823/160/3987 8829/147/3980 8828/146/3980
f 8821/161/3988 8830/142/3988 8829/141/3988 8823/162/3988
f 8819/154/3989 8827/139/3858 8830/138/3858 8821/155/3989
f 8844/163/3879 8843/164/3879 8849/165/3879 8850/166/3879
f 8845/167/3990 8843/168/3990 8844/39/3990 8846/40/3990
f 8848/169/3980 8847/170/3980 8845/171/3980 8846/172/3980
f 8849/45/4 8847/46/4 8848/47/4 8850/48/4
f 8844/163/3991 8850/166/3991 8848/169/3991 8846/172/3991
f 8851/173/3992 8852/174/3992 8854/175/3992 8853/176/3992
f 8851/53/4 8847/46/4 8849/45/4 8852/54/4
f 8851/177/3993 8853/178/3993 8845/171/3980 8847/170/3980
f 8854/57/3994 8843/168/3994 8845/167/3994 8853/58/3994
f 8852/174/3879 8849/165/3879 8843/164/3879 8854/175/3879
f 8834/179/3879 8842/180/3879 8839/181/3879 8832/182/3879
f 8841/37/3995 8842/38/3995 8834/39/3995 8836/40/3995
f 8838/183/3980 8840/184/3987 8841/185/3987 8836/186/3980
f 8839/45/4 8840/46/4 8838/47/4 8832/48/4
f 8834/179/3996 8832/182/3996 8838/183/3996 8836/186/3996
f 8837/187/3997 8831/188/3997 8833/189/3997 8835/190/3997
f 8837/53/4 8840/46/4 8839/45/4 8831/54/4
f 8837/191/3987 8835/192/3987 8841/185/3987 8840/184/3987
f 8833/57/3998 8842/38/3998 8841/37/3998 8835/58/3998
f 8831/188/3859 8839/181/3879 8842/180/3879 8833/189/3859
f 8858/193/3975 8866/194/3975 8863/195/3975 8856/196/3975
f 8865/197/3999 8866/198/3999 8858/199/3999 8860/200/3999
f 8862/201/3945 8864/202/3960 8865/203/3960 8860/204/3945
f 8863/205/4 8864/206/4 8862/207/4 8856/208/4
f 8858/193/4000 8856/196/4000 8862/201/4000 8860/204/4000
f 8861/209/4001 8855/210/4001 8857/211/4001 8859/212/4001
f 8861/213/4 8864/206/4 8863/205/4 8855/214/4
f 8861/215/3980 8859/216/3980 8865/203/3960 8864/202/3960
f 8857/217/4002 8866/198/4002 8865/197/4002 8859/218/4002
f 8855/210/3975 8863/195/3975 8866/194/3975 8857/211/3975
f 8872/219/4003 8871/220/4003 8873/221/4003 8874/222/4003
f 8870/223/4004 8869/224/4004 8871/225/4004 8872/226/4004
f 8869/227/3989 8867/228/3989 8873/229/3989 8871/230/3989
f 8867/228/4005 8868/231/4005 8874/232/4005 8873/229/4005
f 8868/231/3946 8870/223/3946 8872/226/3946 8874/232/3946
f 8868/219/3976 8867/233/3976 8869/221/3976 8870/222/3976
f 8878/234/4006 8886/235/3957 8883/236/3957 8876/237/4006
f 8885/238/4007 8886/239/4007 8878/240/4007 8880/241/4007
f 8882/242/4008 8884/243/3963 8885/244/3963 8880/245/4008
f 8883/246/4 8884/247/4 8882/248/4 8876/249/4
f 8878/234/4009 8876/237/4009 8882/242/4009 8880/245/4009
f 8881/250/4010 8875/251/4010 8877/252/4010 8879/253/4010
f 8881/254/4 8884/247/4 8883/246/4 8875/255/4
f 8881/256/3953 8879/257/3953 8885/244/3963 8884/243/3963
f 8877/258/4011 8886/239/4011 8885/238/4011 8879/259/4011
f 8875/251/3975 8883/236/3957 8886/235/3957 8877/252/3975
f 8898/1/4012 8895/2/4012 8888/3/4012 8890/4/4012
f 8897/5/4013 8900/6/4013 8892/7/4014
f 8896/8/4015 8897/5/4015 8892/7/4016 8894/9/4016
f 8902/10/4 8903/11/4 8896/12/4 8894/13/4
f 8901/14/3877 8902/15/3877 8894/9/3856 8892/7/3856
f 8893/16/3858 8904/17/3858 8899/18/3858 8891/19/3858
f 8893/20/4 8896/12/4 8903/11/4 8904/21/4
f 8891/22/4015 8897/5/4015 8896/8/4015 8893/23/4015
f 8891/22/4017 8900/6/4013 8897/5/4013
f 8887/24/4012 8895/2/4012 8898/1/4012 8889/25/4012
f 8889/26/4018 8900/27/4019 8899/18/4019
f 8901/14/4020 8900/28/4020 8890/4/4021
f 8888/3/3980 8902/15/3877 8901/14/3877 8890/4/3980
f 8895/29/4 8903/11/4 8902/10/4 8888/30/4
f 8904/21/4 8903/11/4 8895/29/4 8887/31/4
f 8899/18/3858 8904/17/3858 8887/24/3858 8889/25/3858
f 8889/25/4022 8898/1/4023 8900/32/4023
f 8892/7/4024 8900/28/4020 8901/14/4020
f 8899/18/4019 8900/27/4019 8891/19/4025
f 8890/4/4026 8900/32/4023 8898/1/4023
f 8916/1/4027 8913/2/4027 8906/3/4027 8908/4/4027
f 8915/5/4028 8918/6/4028 8910/7/4028
f 8914/8/4029 8915/5/4029 8910/7/4029 8912/9/4029
f 8920/10/4 8921/11/4 8914/12/4 8912/13/4
f 8919/14/4030 8920/15/4030 8912/9/4030 8910/7/4030
f 8911/16/4031 8922/17/4031 8917/18/4031 8909/19/4031
f 8911/20/4 8914/12/4 8921/11/4 8922/21/4
f 8909/22/4032 8915/5/4029 8914/8/4029 8911/23/4032
f 8909/22/4028 8918/6/4028 8915/5/4028
f 8905/24/4027 8913/2/4027 8916/1/4027 8907/25/4027
f 8907/26/4033 8918/27/4034 8917/18/4034
f 8919/14/4035 8918/28/4035 8908/4/4035
f 8906/3/4030 8920/15/4030 8919/14/4030 8908/4/4030
f 8913/29/4 8921/11/4 8920/10/4 8906/30/4
f 8922/21/4 8921/11/4 8913/29/4 8905/31/4
f 8917/18/4031 8922/17/4031 8905/24/4036 8907/25/4036
f 8907/25/4037 8916/1/4037 8918/32/4037
f 8910/7/4035 8918/28/4035 8919/14/4035
f 8917/18/4034 8918/27/4034 8909/19/4038
f 8908/4/4039 8918/32/4037 8916/1/4037
f 8926/33/4040 8934/34/4031 8931/35/4031 8924/36/4040
f 8933/37/4041 8934/38/4041 8926/39/4041 8928/40/4041
f 8930/41/4042 8932/42/4043 8933/43/4043 8928/44/4042
f 8931/45/4 8932/46/4 8930/47/4 8924/48/4
f 8926/33/4044 8924/36/4044 8930/41/4044 8928/44/4044
f 8929/49/4045 8923/50/4045 8925/51/4045 8927/52/4045
f 8929/53/4 8932/46/4 8931/45/4 8923/54/4
f 8929/55/4046 8927/56/4046 8933/43/4043 8932/42/4043
f 8925/57/4047 8934/38/4047 8933/37/4047 8927/58/4047
f 8923/50/4048 8931/35/4031 8934/34/4031 8925/51/4048
f 8938/59/4049 8946/60/4050 8943/61/4050 8936/62/4049
f 8945/37/4051 8946/38/4051 8938/39/4051 8940/40/4051
f 8942/63/4052 8944/64/4052 8945/65/4052 8940/66/4052
f 8943/45/4 8944/46/4 8942/47/4 8936/48/4
f 8938/59/4053 8936/62/4053 8942/63/4053 8940/66/4053
f 8941/67/4054 8935/68/4054 8937/69/4054 8939/70/4054
f 8941/53/4 8944/46/4 8943/45/4 8935/54/4
f 8941/71/4055 8939/72/4055 8945/65/4052 8944/64/4052
f 8937/57/4056 8946/38/4056 8945/37/4056 8939/58/4056
f 8935/68/4057 8943/61/4050 8946/60/4050 8937/69/4057
f 8950/73/4058 8958/74/4059 8955/75/4059 8948/76/4058
f 8957/37/4060 8958/38/4060 8950/39/4060 8952/40/4060
f 8954/77/4061 8956/78/4062 8957/79/4062 8952/80/4061
f 8955/45/4 8956/46/4 8954/47/4 8948/48/4
f 8950/73/4063 8948/76/4063 8954/77/4063 8952/80/4063
f 8953/81/4064 8947/82/4064 8949/83/4064 8951/84/4064
f 8953/53/4 8956/46/4 8955/45/4 8947/54/4
f 8953/85/4046 8951/86/4046 8957/79/4062 8956/78/4062
f 8949/57/4065 8958/38/4065 8957/37/4065 8951/58/4065
f 8947/82/4066 8955/75/4059 8958/74/4059 8949/83/4066
f 8964/87/4067 8963/88/4067 8965/89/4067 8966/90/4067
f 8962/91/4 8961/92/4 8963/93/4 8964/94/4
f 8961/95/4068 8959/96/4068 8965/97/4068 8963/98/4068
f 8959/96/30 8960/99/30 8966/100/30 8965/97/30
f 8960/99/4069 8962/91/4069 8964/94/4069 8966/100/4069
f 8960/87/4070 8959/88/4070 8961/89/4070 8962/90/4070
f 8972/87/4071 8971/88/4071 8973/89/4071 8974/90/4071
f 8970/101/4 8969/102/4 8971/103/4 8972/104/4
f 8969/105/4068 8967/106/4068 8973/107/4068 8971/108/4068
f 8967/106/30 8968/109/30 8974/110/30 8973/107/30
f 8968/109/4069 8970/101/4069 8972/104/4069 8974/110/4069
f 8968/87/4070 8967/88/4070 8969/89/4070 8970/90/4070
f 8978/111/4057 8986/112/4057 8983/113/4057 8976/114/4057
f 8985/115/4072 8986/116/4072 8978/117/4072 8980/118/4072
f 8982/119/4055 8984/120/4073 8985/121/4073 8980/122/4055
f 8983/123/4 8984/124/4 8982/125/4 8976/126/4
f 8978/111/4074 8976/114/4074 8982/119/4074 8980/122/4074
f 8981/127/4075 8975/128/4075 8977/129/4075 8979/130/4075
f 8981/131/4 8984/124/4 8983/123/4 8975/132/4
f 8981/133/4073 8979/134/4073 8985/121/4073 8984/120/4073
f 8977/135/4076 8986/116/4076 8985/115/4076 8979/136/4076
f 8975/128/4077 8983/113/4057 8986/112/4057 8977/129/4077
f 8990/137/4057 8998/138/4077 8995/139/4077 8988/140/4057
f 8997/141/4078 8998/142/4078 8990/143/4078 8992/144/4078
f 8994/145/4079 8996/146/4079 8997/147/4079 8992/148/4079
f 8995/149/4 8996/150/4 8994/151/4 8988/152/4
f 8990/137/4080 8988/140/4080 8994/145/4080 8992/148/4080
f 8993/153/4081 8987/154/4081 8989/155/4081 8991/156/4081
f 8993/157/4 8996/150/4 8995/149/4 8987/158/4
f 8993/159/4082 8991/160/4082 8997/147/4079 8996/146/4079
f 8989/161/4083 8998/142/4083 8997/141/4083 8991/162/4083
f 8987/154/3947 8995/139/4077 8998/138/4077 8989/155/3947
f 9012/163/3947 9011/164/4006 9017/165/4006 9018/166/3947
f 9013/167/4084 9011/168/4084 9012/39/4084 9014/40/4084
f 9016/169/4079 9015/170/4008 9013/171/4008 9014/172/4079
f 9017/45/4 9015/46/4 9016/47/4 9018/48/4
f 9012/163/4085 9018/166/4085 9016/169/4085 9014/172/4085
f 9019/173/4086 9020/174/4086 9022/175/4086 9021/176/4086
f 9019/53/4 9015/46/4 9017/45/4 9020/54/4
f 9019/177/4008 9021/178/4008 9013/171/4008 9015/170/4008
f 9022/57/4087 9011/168/4087 9013/167/4087 9021/58/4087
f 9020/174/4006 9017/165/4006 9011/164/4006 9022/175/4006
f 9002/179/4077 9010/180/4077 9007/181/4077 9000/182/4077
f 9009/37/4088 9010/38/4088 9002/39/4088 9004/40/4088
f 9006/183/4073 9008/184/4082 9009/185/4082 9004/186/4073
f 9007/45/4 9008/46/4 9006/47/4 9000/48/4
f 9002/179/4089 9000/182/4089 9006/183/4089 9004/186/4089
f 9005/187/4090 8999/188/4090 9001/189/4090 9003/190/4090
f 9005/53/4 9008/46/4 9007/45/4 8999/54/4
f 9005/191/4079 9003/192/4079 9009/185/4082 9008/184/4082
f 9001/57/4091 9010/38/4091 9009/37/4091 9003/58/4091
f 8999/188/4077 9007/181/4077 9010/180/4077 9001/189/4077
f 9026/193/4092 9034/194/4093 9031/195/4094 9024/196/4092
f 9033/197/4095 9034/198/4095 9026/199/4095 9028/200/4095
f 9030/201/4096 9032/202/4097 9033/203/4098 9028/204/4096
f 9031/205/4 9032/206/4 9030/207/4 9024/208/4
f 9026/193/4099 9024/196/4099 9030/201/4099 9028/204/4099
f 9029/209/4100 9023/210/4100 9025/211/4100 9027/212/4100
f 9029/213/4 9032/206/4 9031/205/4 9023/214/4
f 9029/215/4052 9027/216/4052 9033/203/4098 9032/202/4097
f 9025/217/4101 9034/198/4101 9033/197/4101 9027/218/4101
f 9023/210/4050 9031/195/4094 9034/194/4093 9025/211/4050
f 9040/219/4102 9039/220/4102 9041/221/4102 9042/222/4102
f 9038/223/4103 9037/224/4103 9039/225/4103 9040/226/4103
f 9037/227/4104 9035/228/4104 9041/229/4104 9039/230/4104
f 9035/228/4105 9036/231/4105 9042/232/4105 9041/229/4105
f 9036/231/4069 9038/223/4069 9040/226/4069 9042/232/4069
f 9036/219/4106 9035/233/4106 9037/221/4106 9038/222/4106
f 9046/234/4031 9054/235/4036 9051/236/4036 9044/237/4031
f 9053/238/4107 9054/239/4107 9046/240/4107 9048/241/4107
f 9050/242/4062 9052/243/4042 9053/244/4042 9048/245/4062
f 9051/246/4 9052/247/4 9050/248/4 9044/249/4
f 9046/234/4108 9044/237/4108 9050/242/4108 9048/245/4108
f 9049/250/4109 9043/251/4109 9045/252/4109 9047/253/4109
f 9049/254/4 9052/247/4 9051/246/4 9043/255/4
f 9049/256/4030 9047/257/4030 9053/244/4042 9052/243/4042
f 9045/258/4110 9054/239/4110 9053/238/4110 9047/259/4110
f 9043/251/4066 9051/236/4036 9054/235/4036 9045/252/4066
f 9066/1/4111 9063/2/4111 9056/3/4111 9058/4/4111
f 9065/5/4112 9068/6/4112 9060/7/4113
f 9064/8/4114 9065/5/4114 9060/7/4114 9062/9/4114
f 9070/10/4 9071/11/4 9064/12/4 9062/13/4
f 9069/14/3945 9070/15/3945 9062/9/3960 9060/7/3960
f 9061/16/3947 9072/17/3947 9067/18/3947 9059/19/3947
f 9061/20/4 9064/12/4 9071/11/4 9072/21/4
f 9059/22/4115 9065/5/4114 9064/8/4114 9061/23/4115
f 9059/22/4116 9068/6/4112 9065/5/4112
f 9055/24/4117 9063/2/4111 9066/1/4111 9057/25/4117
f 9057/26/4118 9068/27/4118 9067/18/4118
f 9069/14/4119 9068/28/4120 9058/4/4121
f 9056/3/4122 9070/15/3945 9069/14/3945 9058/4/4122
f 9063/29/4 9071/11/4 9070/10/4 9056/30/4
f 9072/21/4 9071/11/4 9063/29/4 9055/31/4
f 9067/18/3947 9072/17/3947 9055/24/3947 9057/25/3947
f 9057/25/4123 9066/1/4123 9068/32/4123
f 9060/7/4124 9068/28/4120 9069/14/4119
f 9067/18/4118 9068/27/4118 9059/19/4125
f 9058/4/4126 9068/32/4123 9066/1/4123
f 9084/1/4127 9081/2/4127 9074/3/4128 9076/4/4128
f 9083/5/4129 9086/6/4129 9078/7/4130
f 9082/8/4131 9083/5/4131 9078/7/4131 9080/9/4131
f 9088/10/4 9089/11/4 9082/12/4 9080/13/4
f 9087/14/4132 9088/15/4132 9080/9/4133 9078/7/4133
f 9079/16/4134 9090/17/4135 9085/18/4135 9077/19/4134
f 9079/20/4 9082/12/4 9089/11/4 9090/21/4
f 9077/22/4131 9083/5/4131 9082/8/4131 9079/23/4131
f 9077/22/4129 9086/6/4129 9083/5/4129
f 9073/24/4127 9081/2/4127 9084/1/4127 9075/25/4127
f 9075/26/4136 9086/27/4136 9085/18/4136
f 9087/14/4137 9086/28/4137 9076/4/4138
f 9074/3/4139 9088/15/4132 9087/14/4132 9076/4/4139
f 9081/29/4 9089/11/4 9088/10/4 9074/30/4
f 9090/21/4 9089/11/4 9081/29/4 9073/31/4
f 9085/18/4135 9090/17/4135 9073/24/4140 9075/25/4140
f 9075/25/4141 9084/1/4142 9086/32/4142
f 9078/7/4137 9086/28/4137 9087/14/4137
f 9085/18/4136 9086/27/4136 9077/19/4136
f 9076/4/4143 9086/32/4142 9084/1/4142
f 9094/33/4144 9102/34/4140 9099/35/4140 9092/36/4144
f 9101/37/4145 9102/38/4145 9094/39/4145 9096/40/4145
f 9098/41/4146 9100/42/4147 9101/43/4147 9096/44/4146
f 9099/45/4 9100/46/4 9098/47/4 9092/48/4
f 9094/33/4148 9092/36/4148 9098/41/4148 9096/44/4148
f 9097/49/4149 9091/50/4149 9093/51/4149 9095/52/4149
f 9097/53/4 9100/46/4 9099/45/4 9091/54/4
f 9097/55/4150 9095/56/4150 9101/43/4147 9100/42/4147
f 9093/57/4151 9102/38/4151 9101/37/4151 9095/58/4151
f 9091/50/4135 9099/35/4140 9102/34/4140 9093/51/4135
f 9106/59/4135 9114/60/4152 9111/61/4152 9104/62/4135
f 9113/37/4153 9114/38/4153 9106/39/4153 9108/40/4153
f 9110/63/4147 9112/64/4154 9113/65/4154 9108/66/4147
f 9111/45/4 9112/46/4 9110/47/4 9104/48/4
f 9106/59/4155 9104/62/4155 9110/63/4155 9108/66/4155
f 9109/67/4156 9103/68/4156 9105/69/4156 9107/70/4156
f 9109/53/4 9112/46/4 9111/45/4 9103/54/4
f 9109/71/4030 9107/72/4030 9113/65/4154 9112/64/4154
f 9105/57/4157 9114/38/4157 9113/37/4157 9107/58/4157
f 9103/68/4158 9111/61/4152 9114/60/4152 9105/69/4158
f 9118/73/4152 9126/74/4140 9123/75/4140 9116/76/4152
f 9125/37/4159 9126/38/4159 9118/39/4159 9120/40/4159
f 9122/77/4139 9124/78/4147 9125/79/4147 9120/80/4139
f 9123/45/4 9124/46/4 9122/47/4 9116/48/4
f 9118/73/4160 9116/76/4160 9122/77/4160 9120/80/4160
f 9121/81/4161 9115/82/4161 9117/83/4161 9119/84/4161
f 9121/53/4 9124/46/4 9123/45/4 9115/54/4
f 9121/85/4154 9119/86/4154 9125/79/4147 9124/78/4147
f 9117/57/4162 9126/38/4162 9125/37/4162 9119/58/4162
f 9115/82/4134 9123/75/4140 9126/74/4140 9117/83/4134
f 9132/87/4163 9131/88/4163 9133/89/4163 9134/90/4163
f 9130/91/4 9129/92/4 9131/93/4 9132/94/4
f 9129/95/4152 9127/96/4152 9133/97/4152 9131/98/4152
f 9127/96/30 9128/99/30 9134/100/30 9133/97/30
f 9128/99/4154 9130/91/4154 9132/94/4154 9134/100/4154
f 9128/87/4164 9127/88/4164 9129/89/4164 9130/90/4164
f 9140/87/4163 9139/88/4163 9141/89/4163 9142/90/4163
f 9138/101/4 9137/102/4 9139/103/4 9140/104/4
f 9137/105/4152 9135/106/4152 9141/107/4152 9139/108/4152
f 9135/106/30 9136/109/30 9142/110/30 9141/107/30
f 9136/109/4154 9138/101/4154 9140/104/4154 9142/110/4154
f 9136/87/4164 9135/88/4164 9137/89/4164 9138/90/4164
f 9146/111/4165 9154/112/4165 9151/113/4165 9144/114/4165
f 9153/115/4166 9154/116/4166 9146/117/4166 9148/118/4166
f 9150/119/4154 9152/120/4150 9153/121/4150 9148/122/4154
f 9151/123/4 9152/124/4 9150/125/4 9144/126/4
f 9146/111/4167 9144/114/4167 9150/119/4167 9148/122/4167
f 9149/127/4168 9143/128/4168 9145/129/4168 9147/130/4168
f 9149/131/4 9152/124/4 9151/123/4 9143/132/4
f 9149/133/4030 9147/134/4030 9153/121/4150 9152/120/4150
f 9145/135/4169 9154/116/4169 9153/115/4169 9147/136/4169
f 9143/128/4170 9151/113/4165 9154/112/4165 9145/129/4170
f 9158/137/4158 9166/138/4165 9163/139/4165 9156/140/4158
f 9165/141/4171 9166/142/4171 9158/143/4171 9160/144/4171
f 9162/145/4030 9164/146/4030 9165/147/4030 9160/148/4030
f 9163/149/4 9164/150/4 9162/151/4 9156/152/4
f 9158/137/4172 9156/140/4172 9162/145/4172 9160/148/4172
f 9161/153/1523 9155/154/1523 9157/155/1523 9159/156/1523
f 9161/157/4 9164/150/4 9163/149/4 9155/158/4
f 9161/159/4030 9159/160/4030 9165/147/4030 9164/146/4030
f 9157/161/4173 9166/142/4173 9165/141/4173 9159/162/4173
f 9155/154/4040 9163/139/4165 9166/138/4165 9157/155/4040
f 9180/163/4040 9179/164/4040 9185/165/4040 9186/166/4040
f 9181/167/4174 9179/168/4174 9180/39/4174 9182/40/4174
f 9184/169/4042 9183/170/4043 9181/171/4043 9182/172/4042
f 9185/45/4 9183/46/4 9184/47/4 9186/48/4
f 9180/163/4175 9186/166/4175 9184/169/4175 9182/172/4175
f 9187/173/4176 9188/174/4176 9190/175/4176 9189/176/4176
f 9187/53/4 9183/46/4 9185/45/4 9188/54/4
f 9187/177/4043 9189/178/4043 9181/171/4043 9183/170/4043
f 9190/57/4177 9179/168/4177 9181/167/4177 9189/58/4177
f 9188/174/4040 9185/165/4040 9179/164/4040 9190/175/4040
f 9170/179/4165 9178/180/4170 9175/181/4170 9168/182/4165
f 9177/37/4178 9178/38/4178 9170/39/4178 9172/40/4178
f 9174/183/4154 9176/184/4030 9177/185/4030 9172/186/4154
f 9175/45/4 9176/46/4 9174/47/4 9168/48/4
f 9170/179/4179 9168/182/4179 9174/183/4179 9172/186/4179
f 9173/187/4180 9167/188/4180 9169/189/4180 9171/190/4180
f 9173/53/4 9176/46/4 9175/45/4 9167/54/4
f 9173/191/4181 9171/192/4181 9177/185/4030 9176/184/4030
f 9169/57/4182 9178/38/4182 9177/37/4182 9171/58/4182
f 9167/188/4040 9175/181/4170 9178/180/4170 9169/189/4040
f 9194/193/4165 9202/194/4158 9199/195/4158 9192/196/4165
f 9201/197/4183 9202/198/4183 9194/199/4183 9196/200/4183
f 9198/201/4150 9200/202/4150 9201/203/4150 9196/204/4150
f 9199/205/4 9200/206/4 9198/207/4 9192/208/4
f 9194/193/4184 9192/196/4184 9198/201/4184 9196/204/4184
f 9197/209/4185 9191/210/4185 9193/211/4185 9195/212/4185
f 9197/213/4 9200/206/4 9199/205/4 9191/214/4
f 9197/215/4154 9195/216/4154 9201/203/4150 9200/202/4150
f 9193/217/4186 9202/198/4186 9201/197/4186 9195/218/4186
f 9191/210/4140 9199/195/4158 9202/194/4158 9193/211/4140
f 9208/219/4163 9207/220/4163 9209/221/4163 9210/222/4163
f 9206/223/4187 9205/224/4187 9207/225/4187 9208/226/4187
f 9205/227/4158 9203/228/4158 9209/229/4158 9207/230/4158
f 9203/228/4188 9204/231/4188 9210/232/4188 9209/229/4188
f 9204/231/4154 9206/223/4154 9208/226/4154 9210/232/4154
f 9204/219/4164 9203/233/4164 9205/221/4164 9206/222/4164
f 9214/234/4152 9222/235/4152 9219/236/4152 9212/237/4152
f 9221/238/4189 9222/239/4189 9214/240/4189 9216/241/4189
f 9218/242/4190 9220/243/4147 9221/244/4147 9216/245/4190
f 9219/246/4 9220/247/4 9218/248/4 9212/249/4
f 9214/234/4191 9212/237/4191 9218/242/4191 9216/245/4191
f 9217/250/4192 9211/251/4192 9213/252/4192 9215/253/4192
f 9217/254/4 9220/247/4 9219/246/4 9211/255/4
f 9217/256/4139 9215/257/4139 9221/244/4147 9220/243/4147
f 9213/258/4193 9222/239/4193 9221/238/4193 9215/259/4193
f 9211/251/4152 9219/236/4152 9222/235/4152 9213/252/4152
f 9234/1/4194 9231/2/4194 9224/3/4194 9226/4/4194
f 9233/5/4195 9236/6/4195 9228/7/4196
f 9232/8/4197 9233/5/4197 9228/7/4197 9230/9/4197
f 9238/10/4 9239/11/4 9232/12/4 9230/13/4
f 9237/14/4154 9238/15/4154 9230/9/4154 9228/7/4154
f 9229/16/4059 9240/17/4066 9235/18/4066 9227/19/4059
f 9229/20/4 9232/12/4 9239/11/4 9240/21/4
f 9227/22/4197 9233/5/4197 9232/8/4197 9229/23/4197
f 9227/22/4195 9236/6/4195 9233/5/4195
f 9223/24/4198 9231/2/4194 9234/1/4194 9225/25/4198
f 9225/26/4199 9236/27/4199 9235/18/4199
f 9237/14/4200 9236/28/4200 9226/4/4201
f 9224/3/4147 9238/15/4154 9237/14/4154 9226/4/4147
f 9231/29/4 9239/11/4 9238/10/4 9224/30/4
f 9240/21/4 9239/11/4 9231/29/4 9223/31/4
f 9235/18/4066 9240/17/4066 9223/24/4040 9225/25/4040
f 9225/25/4202 9234/1/4202 9236/32/4202
f 9228/7/4200 9236/28/4200 9237/14/4200
f 9235/18/4199 9236/27/4199 9227/19/4203
f 9226/4/4202 9236/32/4202 9234/1/4202
f 9252/1/4204 9249/2/4204 9242/3/4204 9244/4/4204
f 9251/5/4205 9254/6/4205 9246/7/4206
f 9250/8/4207 9251/5/4207 9246/7/4207 9248/9/4207
f 9256/10/4 9257/11/4 9250/12/4 9248/13/4
f 9255/14/4208 9256/15/4208 9248/9/1811 9246/7/1811
f 9247/16/4209 9258/17/4209 9253/18/4209 9245/19/4209
f 9247/20/4 9250/12/4 9257/11/4 9258/21/4
f 9245/22/4207 9251/5/4207 9250/8/4207 9247/23/4207
f 9245/22/4210 9254/6/4205 9251/5/4205
f 9241/24/4204 9249/2/4204 9252/1/4204 9243/25/4204
f 9243/26/4211 9254/27/4211 9253/18/4211
f 9255/14/4212 9254/28/4212 9244/4/4213
f 9242/3/4208 9256/15/4208 9255/14/4208 9244/4/4208
f 9249/29/4 9257/11/4 9256/10/4 9242/30/4
f 9258/21/4 9257/11/4 9249/29/4 9241/31/4
f 9253/18/4209 9258/17/4209 9241/24/4214 9243/25/4214
f 9243/25/4215 9252/1/4216 9254/32/4216
f 9246/7/4217 9254/28/4212 9255/14/4212
f 9253/18/4211 9254/27/4211 9245/19/4211
f 9244/4/4218 9254/32/4216 9252/1/4216
f 9262/33/4219 9270/34/4220 9267/35/4220 9260/36/4219
f 9269/37/4221 9270/38/4221 9262/39/4221 9264/40/4221
f 9266/41/1811 9268/42/1811 9269/43/1811 9264/44/1811
f 9267/45/4 9268/46/4 9266/47/4 9260/48/4
f 9262/33/4222 9260/36/4222 9266/41/4222 9264/44/4222
f 9265/49/4223 9259/50/4223 9261/51/4223 9263/52/4223
f 9265/53/4 9268/46/4 9267/45/4 9259/54/4
f 9265/55/1811 9263/56/1811 9269/43/1811 9268/42/1811
f 9261/57/4224 9270/38/4224 9269/37/4224 9263/58/4224
f 9259/50/4220 9267/35/4220 9270/34/4220 9261/51/4220
f 9274/59/4225 9282/60/4226 9279/61/4226 9272/62/4225
f 9281/37/4227 9282/38/4227 9274/39/4227 9276/40/4227
f 9278/63/4133 9280/64/4228 9281/65/4228 9276/66/4133
f 9279/45/4 9280/46/4 9278/47/4 9272/48/4
f 9274/59/4229 9272/62/4229 9278/63/4229 9276/66/4229
f 9277/67/4230 9271/68/4230 9273/69/4230 9275/70/4230
f 9277/53/4 9280/46/4 9279/45/4 9271/54/4
f 9277/71/4228 9275/72/4228 9281/65/4228 9280/64/4228
f 9273/57/4231 9282/38/4231 9281/37/4231 9275/58/4231
f 9271/68/4226 9279/61/4226 9282/60/4226 9273/69/4226
f 9286/73/4220 9294/74/4232 9291/75/4232 9284/76/4220
f 9293/37/4233 9294/38/4233 9286/39/4233 9288/40/4233
f 9290/77/1811 9292/78/4208 9293/79/4208 9288/80/1811
f 9291/45/4 9292/46/4 9290/47/4 9284/48/4
f 9286/73/4234 9284/76/4234 9290/77/4234 9288/80/4234
f 9289/81/4235 9283/82/4235 9285/83/4235 9287/84/4235
f 9289/53/4 9292/46/4 9291/45/4 9283/54/4
f 9289/85/4236 9287/86/4236 9293/79/4208 9292/78/4208
f 9285/57/4237 9294/38/4237 9293/37/4237 9287/58/4237
f 9283/82/4238 9291/75/4232 9294/74/4232 9285/83/4238
f 9300/87/4239 9299/88/4239 9301/89/4239 9302/90/4239
f 9298/91/4 9297/92/4 9299/93/4 9300/94/4
f 9297/95/4240 9295/96/4240 9301/97/4240 9299/98/4240
f 9295/96/30 9296/99/30 9302/100/30 9301/97/30
f 9296/99/4241 9298/91/4241 9300/94/4241 9302/100/4241
f 9296/87/4242 9295/88/4242 9297/89/4242 9298/90/4242
f 9308/87/4239 9307/88/4239 9309/89/4239 9310/90/4239
f 9306/101/4 9305/102/4 9307/103/4 9308/104/4
f 9305/105/4240 9303/106/4240 9309/107/4240 9307/108/4240
f 9303/106/30 9304/109/30 9310/110/30 9309/107/30
f 9304/109/4241 9306/101/4241 9308/104/4241 9310/110/4241
f 9304/87/4242 9303/88/4242 9305/89/4242 9306/90/4242
f 9314/111/4226 9322/112/4240 9319/113/4240 9312/114/4226
f 9321/115/4243 9322/116/4243 9314/117/4243 9316/118/4243
f 9318/119/4132 9320/120/4241 9321/121/4241 9316/122/4132
f 9319/123/4 9320/124/4 9318/125/4 9312/126/4
f 9314/111/4244 9312/114/4244 9318/119/4244 9316/122/4244
f 9317/127/4245 9311/128/4245 9313/129/4245 9315/130/4245
f 9317/131/4 9320/124/4 9319/123/4 9311/132/4
f 9317/133/1811 9315/134/1811 9321/121/4241 9320/120/4241
f 9313/135/4246 9322/116/4246 9321/115/4246 9315/136/4246
f 9311/128/4240 9319/113/4240 9322/112/4240 9313/129/4240
f 9326/137/4225 9334/138/4226 9331/139/4226 9324/140/4225
f 9333/141/4247 9334/142/4247 9326/143/4247 9328/144/4247
f 9330/145/4208 9332/146/4228 9333/147/4228 9328/148/4208
f 9331/149/4 9332/150/4 9330/151/4 9324/152/4
f 9326/137/4248 9324/140/4248 9330/145/4248 9328/148/4248
f 9329/153/4249 9323/154/4249 9325/155/4249 9327/156/4249
f 9329/157/4 9332/150/4 9331/149/4 9323/158/4
f 9329/159/4133 9327/160/4133 9333/147/4228 9332/146/4228
f 9325/161/4250 9334/142/4250 9333/141/4250 9327/162/4250
f 9323/154/4214 9331/139/4226 9334/138/4226 9325/155/4214
f 9348/163/4240 9347/164/4225 9353/165/4225 9354/166/4240
f 9349/167/4251 9347/168/4251 9348/39/4251 9350/40/4251
f 9352/169/4146 9351/170/4132 9349/171/4132 9350/172/4146
f 9353/45/4 9351/46/4 9352/47/4 9354/48/4
f 9348/163/4252 9354/166/4252 9352/169/4252 9350/172/4252
f 9355/173/4253 9356/174/4253 9358/175/4253 9357/176/4253
f 9355/53/4 9351/46/4 9353/45/4 9356/54/4
f 9355/177/4132 9357/178/4132 9349/171/4132 9351/170/4132
f 9358/57/4254 9347/168/4254 9349/167/4254 9357/58/4254
f 9356/174/4134 9353/165/4225 9347/164/4225 9358/175/4134
f 9338/179/4232 9346/180/4238 9343/181/4238 9336/182/4232
f 9345/37/4255 9346/38/4255 9338/39/4255 9340/40/4255
f 9342/183/4241 9344/184/4228 9345/185/4228 9340/186/4241
f 9343/45/4 9344/46/4 9342/47/4 9336/48/4
f 9338/179/4256 9336/182/4256 9342/183/4256 9340/186/4256
f 9341/187/4257 9335/188/4257 9337/189/4257 9339/190/4257
f 9341/53/4 9344/46/4 9343/45/4 9335/54/4
f 9341/191/4133 9339/192/4133 9345/185/4228 9344/184/4228
f 9337/57/4258 9346/38/4258 9345/37/4258 9339/58/4258
f 9335/188/4225 9343/181/4238 9346/180/4238 9337/189/4225
f 9362/193/4214 9370/194/4238 9367/195/4238 9360/196/4214
f 9369/197/4259 9370/198/4259 9362/199/4259 9364/200/4259
f 9366/201/4133 9368/202/4241 9369/203/4241 9364/204/4133
f 9367/205/4 9368/206/4 9366/207/4 9360/208/4
f 9362/193/4260 9360/196/4260 9366/201/4260 9364/204/4260
f 9365/209/4261 9359/210/4261 9361/211/4261 9363/212/4261
f 9365/213/4 9368/206/4 9367/205/4 9359/214/4
f 9365/215/4208 9363/216/4208 9369/203/4241 9368/202/4241
f 9361/217/4262 9370/198/4262 9369/197/4262 9363/218/4262
f 9359/210/4238 9367/195/4238 9370/194/4238 9361/211/4238
f 9376/219/4263 9375/220/4263 9377/221/4263 9378/222/4263
f 9374/223/4264 9373/224/4264 9375/225/4264 9376/226/4264
f 9373/227/4240 9371/228/4240 9377/229/4240 9375/230/4240
f 9371/228/4265 9372/231/4265 9378/232/4265 9377/229/4265
f 9372/231/4241 9374/223/4241 9376/226/4241 9378/232/4241
f 9372/219/4242 9371/233/4242 9373/221/4242 9374/222/4242
f 9382/234/4214 9390/235/4209 9387/236/4209 9380/237/4214
f 9389/238/4266 9390/239/4266 9382/240/4266 9384/241/4266
f 9386/242/4208 9388/243/4208 9389/244/4208 9384/245/4208
f 9387/246/4 9388/247/4 9386/248/4 9380/249/4
f 9382/234/4267 9380/237/4267 9386/242/4267 9384/245/4267
f 9385/250/4268 9379/251/4268 9381/252/4268 9383/253/4268
f 9385/254/4 9388/247/4 9387/246/4 9379/255/4
f 9385/256/4208 9383/257/4208 9389/244/4208 9388/243/4208
f 9381/258/4269 9390/239/4269 9389/238/4269 9383/259/4269
f 9379/251/4232 9387/236/4209 9390/235/4209 9381/252/4232
f 9402/1/4270 9399/2/4270 9392/3/4270 9394/4/4270
f 9401/5/4271 9404/6/4271 9396/7/4272
f 9400/8/4273 9401/5/4273 9396/7/4274 9398/9/4274
f 9406/10/4 9407/11/4 9400/12/4 9398/13/4
f 9405/14/4133 9406/15/4133 9398/9/4208 9396/7/4208
f 9397/16/4134 9408/17/4135 9403/18/4135 9395/19/4134
f 9397/20/4 9400/12/4 9407/11/4 9408/21/4
f 9395/22/4273 9401/5/4273 9400/8/4273 9397/23/4273
f 9395/22/4271 9404/6/4271 9401/5/4271
f 9391/24/4270 9399/2/4270 9402/1/4270 9393/25/4270
f 9393/26/4275 9404/27/4276 9403/18/4276
f 9405/14/4277 9404/28/4277 9394/4/4278
f 9392/3/4139 9406/15/4133 9405/14/4133 9394/4/4139
f 9399/29/4 9407/11/4 9406/10/4 9392/30/4
f 9408/21/4 9407/11/4 9399/29/4 9391/31/4
f 9403/18/4135 9408/17/4135 9391/24/4135 9393/25/4135
f 9393/25/4279 9402/1/4279 9404/32/4279
f 9396/7/4280 9404/28/4277 9405/14/4277
f 9403/18/4276 9404/27/4276 9395/19/4281
f 9394/4/4282 9404/32/4279 9402/1/4279
f 9420/1/4283 9417/2/4283 9410/3/4283 9412/4/4283
f 9419/5/4284 9422/6/4284 9414/7/4284
f 9418/8/4285 9419/5/4285 9414/7/4286 9416/9/4286
f 9424/10/4 9425/11/4 9418/12/4 9416/13/4
f 9423/14/4287 9424/15/4287 9416/9/4288 9414/7/4288
f 9415/16/4289 9426/17/4290 9421/18/4290 9413/19/4289
f 9415/20/4 9418/12/4 9425/11/4 9426/21/4
f 9413/22/4285 9419/5/4285 9418/8/4285 9415/23/4285
f 9413/22/4291 9422/6/4284 9419/5/4284
f 9409/24/4283 9417/2/4283 9420/1/4283 9411/25/4283
f 9411/26/4292 9422/27/4293 9421/18/4293
f 9423/14/4294 9422/28/4294 9412/4/4295
f 9410/3/4296 9424/15/4287 9423/14/4287 9412/4/4296
f 9417/29/4 9425/11/4 9424/10/4 9410/30/4
f 9426/21/4 9425/11/4 9417/29/4 9409/31/4
f 9421/18/4290 9426/17/4290 9409/24/4297 9411/25/4297
f 9411/25/4298 9420/1/4299 9422/32/4299
f 9414/7/4300 9422/28/4294 9423/14/4294
f 9421/18/4293 9422/27/4293 9413/19/4301
f 9412/4/4302 9422/32/4299 9420/1/4299
f 9430/33/4303 9438/34/4290 9435/35/4290 9428/36/4303
f 9437/37/4304 9438/38/4304 9430/39/4304 9432/40/4304
f 9434/41/4305 9436/42/4288 9437/43/4288 9432/44/4305
f 9435/45/4 9436/46/4 9434/47/4 9428/48/4
f 9430/33/4306 9428/36/4306 9434/41/4306 9432/44/4306
f 9433/49/4307 9427/50/4307 9429/51/4307 9431/52/4307
f 9433/53/4 9436/46/4 9435/45/4 9427/54/4
f 9433/55/4288 9431/56/4288 9437/43/4288 9436/42/4288
f 9429/57/4308 9438/38/4308 9437/37/4308 9431/58/4308
f 9427/50/4309 9435/35/4290 9438/34/4290 9429/51/4309
f 9442/59/4297 9450/60/4297 9447/61/4297 9440/62/4297
f 9449/37/4310 9450/38/4310 9442/39/4310 9444/40/4310
f 9446/63/4311 9448/64/4296 9449/65/4296 9444/66/4311
f 9447/45/4 9448/46/4 9446/47/4 9440/48/4
f 9442/59/4312 9440/62/4312 9446/63/4312 9444/66/4312
f 9445/67/4313 9439/68/4313 9441/69/4313 9443/70/4313
f 9445/53/4 9448/46/4 9447/45/4 9439/54/4
f 9445/71/4314 9443/72/4314 9449/65/4296 9448/64/4296
f 9441/57/4315 9450/38/4315 9449/37/4315 9443/58/4315
f 9439/68/4309 9447/61/4297 9450/60/4297 9441/69/4309
f 9454/73/4297 9462/74/4297 9459/75/4297 9452/76/4297
f 9461/37/4316 9462/38/4316 9454/39/4316 9456/40/4316
f 9458/77/4288 9460/78/4287 9461/79/4287 9456/80/4288
f 9459/45/4 9460/46/4 9458/47/4 9452/48/4
f 9454/73/4317 9452/76/4317 9458/77/4317 9456/80/4317
f 9457/81/4318 9451/82/4318 9453/83/4318 9455/84/4318
f 9457/53/4 9460/46/4 9459/45/4 9451/54/4
f 9457/85/4311 9455/86/4311 9461/79/4287 9460/78/4287
f 9453/57/4319 9462/38/4319 9461/37/4319 9455/58/4319
f 9451/82/4297 9459/75/4297 9462/74/4297 9453/83/4297
f 9468/87/4320 9467/88/4320 9469/89/4320 9470/90/4320
f 9466/91/4 9465/92/4 9467/93/4 9468/94/4
f 9465/95/4321 9463/96/4321 9469/97/4321 9467/98/4321
f 9463/96/30 9464/99/30 9470/100/30 9469/97/30
f 9464/99/4322 9466/91/4322 9468/94/4322 9470/100/4322
f 9464/87/4323 9463/88/4323 9465/89/4323 9466/90/4323
f 9476/87/4320 9475/88/4320 9477/89/4320 9478/90/4320
f 9474/101/4 9473/102/4 9475/103/4 9476/104/4
f 9473/105/4321 9471/106/4321 9477/107/4321 9475/108/4321
f 9471/106/30 9472/109/30 9478/110/30 9477/107/30
f 9472/109/4322 9474/101/4322 9476/104/4322 9478/110/4322
f 9472/87/4324 9471/88/4324 9473/89/4324 9474/90/4324
f 9482/111/4325 9490/112/4326 9487/113/4326 9480/114/4325
f 9489/115/4327 9490/116/4327 9482/117/4327 9484/118/4327
f 9486/119/4287 9488/120/4296 9489/121/4296 9484/122/4287
f 9487/123/4 9488/124/4 9486/125/4 9480/126/4
f 9482/111/4328 9480/114/4328 9486/119/4328 9484/122/4328
f 9485/127/4329 9479/128/4329 9481/129/4329 9483/130/4329
f 9485/131/4 9488/124/4 9487/123/4 9479/132/4
f 9485/133/4330 9483/134/4330 9489/121/4296 9488/120/4296
f 9481/135/4331 9490/116/4331 9489/115/4331 9483/136/4331
f 9479/128/4297 9487/113/4326 9490/112/4326 9481/129/4297
f 9494/137/4219 9502/138/4325 9499/139/4325 9492/140/4219
f 9501/141/4332 9502/142/4332 9494/143/4332 9496/144/4332
f 9498/145/4296 9500/146/4314 9501/147/4314 9496/148/4296
f 9499/149/4 9500/150/4 9498/151/4 9492/152/4
f 9494/137/4333 9492/140/4333 9498/145/4333 9496/148/4333
f 9497/153/4334 9491/154/4334 9493/155/4334 9495/156/4334
f 9497/157/4 9500/150/4 9499/149/4 9491/158/4
f 9497/159/4330 9495/160/4330 9501/147/4314 9500/146/4314
f 9493/161/4335 9502/142/4335 9501/141/4335 9495/162/4335
f 9491/154/4325 9499/139/4325 9502/138/4325 9493/155/4325
f 9516/163/4219 9515/164/4220 9521/165/4220 9522/166/4219
f 9517/167/4336 9515/168/4336 9516/39/4336 9518/40/4336
f 9520/169/4296 9519/170/4330 9517/171/4330 9518/172/4296
f 9521/45/4 9519/46/4 9520/47/4 9522/48/4
f 9516/163/4337 9522/166/4337 9520/169/4337 9518/172/4337
f 9523/173/4338 9524/174/4338 9526/175/4338 9525/176/4338
f 9523/53/4 9519/46/4 9521/45/4 9524/54/4
f 9523/177/4208 9525/178/4208 9517/171/4330 9519/170/4330
f 9526/57/4339 9515/168/4339 9517/167/4339 9525/58/4339
f 9524/174/4232 9521/165/4220 9515/164/4220 9526/175/4232
f 9506/179/4297 9514/180/4326 9511/181/4326 9504/182/4297
f 9513/37/4340 9514/38/4340 9506/39/4340 9508/40/4340
f 9510/183/4341 9512/184/4330 9513/185/4330 9508/186/4341
f 9511/45/4 9512/46/4 9510/47/4 9504/48/4
f 9506/179/4342 9504/182/4342 9510/183/4342 9508/186/4342
f 9509/187/4343 9503/188/4343 9505/189/4343 9507/190/4343
f 9509/53/4 9512/46/4 9511/45/4 9503/54/4
f 9509/191/4330 9507/192/4330 9513/185/4330 9512/184/4330
f 9505/57/4344 9514/38/4344 9513/37/4344 9507/58/4344
f 9503/188/4325 9511/181/4326 9514/180/4326 9505/189/4325
f 9530/193/4345 9538/194/4309 9535/195/4309 9528/196/4345
f 9537/197/4346 9538/198/4346 9530/199/4346 9532/200/4346
f 9534/201/4322 9536/202/4287 9537/203/4287 9532/204/4322
f 9535/205/4 9536/206/4 9534/207/4 9528/208/4
f 9530/193/4347 9528/196/4347 9534/201/4347 9532/204/4347
f 9533/209/4348 9527/210/4348 9529/211/4348 9531/212/4348
f 9533/213/4 9536/206/4 9535/205/4 9527/214/4
f 9533/215/4288 9531/216/4288 9537/203/4287 9536/202/4287
f 9529/217/4349 9538/198/4349 9537/197/4349 9531/218/4349
f 9527/210/4309 9535/195/4309 9538/194/4309 9529/211/4309
f 9544/219/4320 9543/220/4320 9545/221/4320 9546/222/4320
f 9542/223/4350 9541/224/4350 9543/225/4350 9544/226/4350
f 9541/227/4297 9539/228/4297 9545/229/4297 9543/230/4297
f 9539/228/4351 9540/231/4351 9546/232/4351 9545/229/4351
f 9540/231/4322 9542/223/4322 9544/226/4322 9546/232/4322
f 9540/219/4324 9539/233/4324 9541/221/4324 9542/222/4324
f 9550/234/4297 9558/235/4297 9555/236/4297 9548/237/4297
f 9557/238/4352 9558/239/4352 9550/240/4352 9552/241/4352
f 9554/242/4287 9556/243/4287 9557/244/4287 9552/245/4287
f 9555/246/4 9556/247/4 9554/248/4 9548/249/4
f 9550/234/4353 9548/237/4353 9554/242/4353 9552/245/4353
f 9553/250/4354 9547/251/4354 9549/252/4354 9551/253/4354
f 9553/254/4 9556/247/4 9555/246/4 9547/255/4
f 9553/256/4311 9551/257/4311 9557/244/4287 9556/243/4287
f 9549/258/4355 9558/239/4355 9557/238/4355 9551/259/4355
f 9547/251/4309 9555/236/4297 9558/235/4297 9549/252/4309
f 9570/1/4356 9567/2/4356 9560/3/4356 9562/4/4356
f 9569/5/4357 9572/6/4357 9564/7/4358
f 9568/8/4359 9569/5/4359 9564/7/4359 9566/9/4359
f 9574/10/4 9575/11/4 9568/12/4 9566/13/4
f 9573/14/4330 9574/15/4330 9566/9/4341 9564/7/4341
f 9565/16/4219 9576/17/4219 9571/18/4219 9563/19/4219
f 9565/20/4 9568/12/4 9575/11/4 9576/21/4
f 9563/22/4360 9569/5/4359 9568/8/4359 9565/23/4360
f 9563/22/4357 9572/6/4357 9569/5/4357
f 9559/24/4356 9567/2/4356 9570/1/4356 9561/25/4356
f 9561/26/4211 9572/27/4361 9571/18/4361
f 9573/14/4362 9572/28/4362 9562/4/4363
f 9560/3/4330 9574/15/4330 9573/14/4330 9562/4/4330
f 9567/29/4 9575/11/4 9574/10/4 9560/30/4
f 9576/21/4 9575/11/4 9567/29/4 9559/31/4
f 9571/18/4219 9576/17/4219 9559/24/4220 9561/25/4220
f 9561/25/4364 9570/1/4365 9572/32/4365
f 9564/7/4366 9572/28/4362 9573/14/4362
f 9571/18/4361 9572/27/4361 9563/19/4367
f 9562/4/4365 9572/32/4365 9570/1/4365
f 9588/1/4368 9585/2/4368 9578/3/4368 9580/4/4368
f 9587/5/4369 9590/6/4369 9582/7/4369
f 9586/8/4370 9587/5/4370 9582/7/4370 9584/9/4370
f 9592/10/4 9593/11/4 9586/12/4 9584/13/4
f 9591/14/4371 9592/15/4371 9584/9/4372 9582/7/4372
f 9583/16/4373 9594/17/4374 9589/18/4374 9581/19/4373
f 9583/20/4 9586/12/4 9593/11/4 9594/21/4
f 9581/22/4370 9587/5/4370 9586/8/4370 9583/23/4370
f 9581/22/4375 9590/6/4369 9587/5/4369
f 9577/24/4368 9585/2/4368 9588/1/4368 9579/25/4368
f 9579/26/4376 9590/27/4377 9589/18/4378
f 9591/14/4379 9590/28/4379 9580/4/4380
f 9578/3/4381 9592/15/4371 9591/14/4371 9580/4/4381
f 9585/29/4 9593/11/4 9592/10/4 9578/30/4
f 9594/21/4 9593/11/4 9585/29/4 9577/31/4
f 9589/18/4374 9594/17/4374 9577/24/4382 9579/25/4382
f 9579/25/4383 9588/1/4383 9590/32/4383
f 9582/7/4384 9590/28/4379 9591/14/4379
f 9589/18/4378 9590/27/4377 9581/19/4385
f 9580/4/4383 9590/32/4383 9588/1/4383
f 9598/33/4373 9606/34/4386 9603/35/4386 9596/36/4373
f 9605/37/4387 9606/38/4387 9598/39/4387 9600/40/4387
f 9602/41/4388 9604/42/4388 9605/43/4388 9600/44/4388
f 9603/45/4 9604/46/4 9602/47/4 9596/48/4
f 9598/33/4389 9596/36/4389 9602/41/4389 9600/44/4389
f 9601/49/4390 9595/50/4390 9597/51/4390 9599/52/4390
f 9601/53/4 9604/46/4 9603/45/4 9595/54/4
f 9601/55/4371 9599/56/4371 9605/43/4388 9604/42/4388
f 9597/57/4391 9606/38/4391 9605/37/4391 9599/58/4391
f 9595/50/4386 9603/35/4386 9606/34/4386 9597/51/4386
f 9610/59/4386 9618/60/4392 9615/61/4392 9608/62/4386
f 9617/37/4393 9618/38/4393 9610/39/4393 9612/40/4393
f 9614/63/4394 9616/64/4372 9617/65/4372 9612/66/4394
f 9615/45/4 9616/46/4 9614/47/4 9608/48/4
f 9610/59/4395 9608/62/4395 9614/63/4395 9612/66/4395
f 9613/67/4396 9607/68/4396 9609/69/4396 9611/70/4396
f 9613/53/4 9616/46/4 9615/45/4 9607/54/4
f 9613/71/4372 9611/72/4372 9617/65/4372 9616/64/4372
f 9609/57/4397 9618/38/4397 9617/37/4397 9611/58/4397
f 9607/68/4303 9615/61/4392 9618/60/4392 9609/69/4303
f 9622/73/4373 9630/74/4386 9627/75/4386 9620/76/4373
f 9629/37/4398 9630/38/4398 9622/39/4398 9624/40/4398
f 9626/77/4388 9628/78/4372 9629/79/4372 9624/80/4388
f 9627/45/4 9628/46/4 9626/47/4 9620/48/4
f 9622/73/4399 9620/76/4399 9626/77/4399 9624/80/4399
f 9625/81/4400 9619/82/4400 9621/83/4400 9623/84/4400
f 9625/53/4 9628/46/4 9627/45/4 9619/54/4
f 9625/85/4394 9623/86/4394 9629/79/4372 9628/78/4372
f 9621/57/4401 9630/38/4401 9629/37/4401 9623/58/4401
f 9619/82/4402 9627/75/4386 9630/74/4386 9621/83/4402
f 9636/87/4403 9635/88/4403 9637/89/4403 9638/90/4403
f 9634/91/4 9633/92/4 9635/93/4 9636/94/4
f 9633/95/4392 9631/96/4392 9637/97/4392 9635/98/4392
f 9631/96/30 9632/99/30 9638/100/30 9637/97/30
f 9632/99/4394 9634/91/4394 9636/94/4394 9638/100/4394
f 9632/87/4404 9631/88/4404 9633/89/4404 9634/90/4404
f 9644/87/4403 9643/88/4403 9645/89/4403 9646/90/4403
f 9642/101/4 9641/102/4 9643/103/4 9644/104/4
f 9641/105/4392 9639/106/4392 9645/107/4392 9643/108/4392
f 9639/106/30 9640/109/30 9646/110/30 9645/107/30
f 9640/109/4394 9642/101/4394 9644/104/4394 9646/110/4394
f 9640/87/4404 9639/88/4404 9641/89/4404 9642/90/4404
f 9650/111/4402 9658/112/4392 9655/113/4392 9648/114/4402
f 9657/115/4405 9658/116/4405 9650/117/4405 9652/118/4405
f 9654/119/4305 9656/120/4406 9657/121/4406 9652/122/4305
f 9655/123/4 9656/124/4 9654/125/4 9648/126/4
f 9650/111/4407 9648/114/4407 9654/119/4407 9652/122/4407
f 9653/127/4408 9647/128/4408 9649/129/4408 9651/130/4408
f 9653/131/4 9656/124/4 9655/123/4 9647/132/4
f 9653/133/4409 9651/134/4409 9657/121/4406 9656/120/4406
f 9649/135/4410 9658/116/4410 9657/115/4410 9651/136/4410
f 9647/128/4392 9655/113/4392 9658/112/4392 9649/129/4392
f 9662/137/4392 9670/138/4392 9667/139/4392 9660/140/4392
f 9669/141/4411 9670/142/4411 9662/143/4411 9664/144/4411
f 9666/145/4406 9668/146/4406 9669/147/4406 9664/148/4406
f 9667/149/4 9668/150/4 9666/151/4 9660/152/4
f 9662/137/4412 9660/140/4412 9666/145/4412 9664/148/4412
f 9665/153/4413 9659/154/4413 9661/155/4413 9663/156/4413
f 9665/157/4 9668/150/4 9667/149/4 9659/158/4
f 9665/159/4409 9663/160/4409 9669/147/4406 9668/146/4406
f 9661/161/4414 9670/142/4414 9669/141/4414 9663/162/4414
f 9659/154/4402 9667/139/4392 9670/138/4392 9661/155/4402
f 9684/163/4303 9683/164/4290 9689/165/4290 9690/166/4303
f 9685/167/4415 9683/168/4415 9684/39/4415 9686/40/4415
f 9688/169/4406 9687/170/4406 9685/171/4406 9686/172/4406
f 9689/45/4 9687/46/4 9688/47/4 9690/48/4
f 9684/163/4416 9690/166/4416 9688/169/4416 9686/172/4416
f 9691/173/4417 9692/174/4417 9694/175/4417 9693/176/4417
f 9691/53/4 9687/46/4 9689/45/4 9692/54/4
f 9691/177/4406 9693/178/4406 9685/171/4406 9687/170/4406
f 9694/57/4418 9683/168/4418 9685/167/4418 9693/58/4418
f 9692/174/4309 9689/165/4290 9683/164/4290 9694/175/4309
f 9674/179/4419 9682/180/4419 9679/181/4419 9672/182/4419
f 9681/37/4420 9682/38/4420 9674/39/4420 9676/40/4420
f 9678/183/4305 9680/184/4305 9681/185/4305 9676/186/4305
f 9679/45/4 9680/46/4 9678/47/4 9672/48/4
f 9674/179/4421 9672/182/4421 9678/183/4421 9676/186/4421
f 9677/187/4422 9671/188/4422 9673/189/4422 9675/190/4422
f 9677/53/4 9680/46/4 9679/45/4 9671/54/4
f 9677/191/4305 9675/192/4305 9681/185/4305 9680/184/4305
f 9673/57/4423 9682/38/4423 9681/37/4423 9675/58/4423
f 9671/188/4303 9679/181/4419 9682/180/4419 9673/189/4303
f 9698/193/4386 9706/194/4402 9703/195/4402 9696/196/4386
f 9705/197/4424 9706/198/4424 9698/199/4424 9700/200/4424
f 9702/201/4371 9704/202/4372 9705/203/4372 9700/204/4371
f 9703/205/4 9704/206/4 9702/207/4 9696/208/4
f 9698/193/4425 9696/196/4425 9702/201/4425 9700/204/4425
f 9701/209/4426 9695/210/4426 9697/211/4426 9699/212/4426
f 9701/213/4 9704/206/4 9703/205/4 9695/214/4
f 9701/215/4372 9699/216/4372 9705/203/4372 9704/202/4372
f 9697/217/4427 9706/198/4427 9705/197/4427 9699/218/4427
f 9695/210/4402 9703/195/4402 9706/194/4402 9697/211/4402
f 9712/219/4428 9711/220/4428 9713/221/4428 9714/222/4428
f 9710/223/4429 9709/224/4429 9711/225/4429 9712/226/4429
f 9709/227/4392 9707/228/4392 9713/229/4392 9711/230/4392
f 9707/228/4430 9708/231/4430 9714/232/4430 9713/229/4430
f 9708/231/4394 9710/223/4394 9712/226/4394 9714/232/4394
f 9708/219/4404 9707/233/4404 9709/221/4404 9710/222/4404
f 9718/234/4386 9726/235/4373 9723/236/4373 9716/237/4386
f 9725/238/4431 9726/239/4431 9718/240/4431 9720/241/4431
f 9722/242/4372 9724/243/4381 9725/244/4381 9720/245/4372
f 9723/246/4 9724/247/4 9722/248/4 9716/249/4
f 9718/234/4432 9716/237/4432 9722/242/4432 9720/245/4432
f 9721/250/2025 9715/251/2025 9717/252/2025 9719/253/2025
f 9721/254/4 9724/247/4 9723/246/4 9715/255/4
f 9721/256/4433 9719/257/4433 9725/244/4381 9724/243/4381
f 9717/258/4434 9726/239/4434 9725/238/4434 9719/259/4434
f 9715/251/4435 9723/236/4373 9726/235/4373 9717/252/4435
f 9738/1/4436 9735/2/4436 9728/3/4436 9730/4/4436
f 9737/5/4437 9740/6/4437 9732/7/4438
f 9736/8/4439 9737/5/4439 9732/7/4439 9734/9/4439
f 9742/10/4 9743/11/4 9736/12/4 9734/13/4
f 9741/14/4440 9742/15/4440 9734/9/4288 9732/7/4288
f 9733/16/4289 9744/17/4303 9739/18/4303 9731/19/4289
f 9733/20/4 9736/12/4 9743/11/4 9744/21/4
f 9731/22/4439 9737/5/4439 9736/8/4439 9733/23/4439
f 9731/22/4441 9740/6/4437 9737/5/4437
f 9727/24/4436 9735/2/4436 9738/1/4436 9729/25/4436
f 9729/26/4293 9740/27/4442 9739/18/4442
f 9741/14/4443 9740/28/4443 9730/4/4443
f 9728/3/4440 9742/15/4440 9741/14/4440 9730/4/4440
f 9735/29/4 9743/11/4 9742/10/4 9728/30/4
f 9744/21/4 9743/11/4 9735/29/4 9727/31/4
f 9739/18/4303 9744/17/4303 9727/24/4303 9729/25/4303
f 9729/25/4444 9738/1/4444 9740/32/4445
f 9732/7/4446 9740/28/4443 9741/14/4443
f 9739/18/4442 9740/27/4442 9731/19/4447
f 9730/4/4448 9740/32/4445 9738/1/4444
f 9756/1/4449 9753/2/4449 9746/3/4449 9748/4/4449
f 9755/5/4450 9758/6/4450 9750/7/4450
f 9754/8/4451 9755/5/4451 9750/7/4451 9752/9/4451
f 9760/10/4 9761/11/4 9754/12/4 9752/13/4
f 9759/14/4330 9760/15/4330 9752/9/4330 9750/7/4330
f 9751/16/4219 9762/17/4219 9757/18/4219 9749/19/4219
f 9751/20/4 9754/12/4 9761/11/4 9762/21/4
f 9749/22/4451 9755/5/4451 9754/8/4451 9751/23/4451
f 9749/22/4450 9758/6/4450 9755/5/4450
f 9745/24/4449 9753/2/4449 9756/1/4449 9747/25/4449
f 9747/26/4452 9758/27/4453 9757/18/4453
f 9759/14/4454 9758/28/4454 9748/4/4455
f 9746/3/4330 9760/15/4330 9759/14/4330 9748/4/4330
f 9753/29/4 9761/11/4 9760/10/4 9746/30/4
f 9762/21/4 9761/11/4 9753/29/4 9745/31/4
f 9757/18/4219 9762/17/4219 9745/24/4219 9747/25/4219
f 9747/25/4456 9756/1/4456 9758/32/4456
f 9750/7/4457 9758/28/4454 9759/14/4454
f 9757/18/4453 9758/27/4453 9749/19/4458
f 9748/4/4459 9758/32/4456 9756/1/4456
f 9766/33/4325 9774/34/4325 9771/35/4325 9764/36/4325
f 9773/37/4460 9774/38/4460 9766/39/4460 9768/40/4460
f 9770/41/4330 9772/42/4330 9773/43/4330 9768/44/4330
f 9771/45/4 9772/46/4 9770/47/4 9764/48/4
f 9766/33/4449 9764/36/4449 9770/41/4449 9768/44/4449
f 9769/49/4451 9763/50/4451 9765/51/4451 9767/52/4451
f 9769/53/4 9772/46/4 9771/45/4 9763/54/4
f 9769/55/4330 9767/56/4330 9773/43/4330 9772/42/4330
f 9765/57/4461 9774/38/4461 9773/37/4461 9767/58/4461
f 9763/50/4219 9771/35/4325 9774/34/4325 9765/51/4219
f 9778/59/4462 9786/60/1810 9783/61/1810 9776/62/4462
f 9785/37/4463 9786/38/4463 9778/39/4463 9780/40/4463
f 9782/63/4464 9784/64/4465 9785/65/4465 9780/66/4464
f 9783/45/4 9784/46/4 9782/47/4 9776/48/4
f 9778/59/4466 9776/62/4466 9782/63/4466 9780/66/4466
f 9781/67/4467 9775/68/4467 9777/69/4467 9779/70/4467
f 9781/53/4 9784/46/4 9783/45/4 9775/54/4
f 9781/71/4468 9779/72/4468 9785/65/4465 9784/64/4465
f 9777/57/4469 9786/38/4469 9785/37/4469 9779/58/4469
f 9775/68/4470 9783/61/1810 9786/60/1810 9777/69/4470
f 9790/73/4325 9798/74/4220 9795/75/4220 9788/76/4325
f 9797/37/4471 9798/38/4471 9790/39/4471 9792/40/4471
f 9794/77/4314 9796/78/4330 9797/79/4330 9792/80/4314
f 9795/45/4 9796/46/4 9794/47/4 9788/48/4
f 9790/73/4449 9788/76/4449 9794/77/4449 9792/80/4449
f 9793/81/4451 9787/82/4451 9789/83/4451 9791/84/4451
f 9793/53/4 9796/46/4 9795/45/4 9787/54/4
f 9793/85/4341 9791/86/4341 9797/79/4330 9796/78/4330
f 9789/57/4472 9798/38/4472 9797/37/4472 9791/58/4472
f 9787/82/4232 9795/75/4220 9798/74/4220 9789/83/4232
f 9804/87/4473 9803/88/4473 9805/89/4473 9806/90/4473
f 9802/91/4 9801/92/4 9803/93/4 9804/94/4
f 9801/95/4303 9799/96/4303 9805/97/4303 9803/98/4303
f 9799/96/30 9800/99/30 9806/100/30 9805/97/30
f 9800/99/4406 9802/91/4406 9804/94/4406 9806/100/4406
f 9800/87/4449 9799/88/4449 9801/89/4449 9802/90/4449
f 9812/87/4473 9811/88/4473 9813/89/4473 9814/90/4473
f 9810/101/4 9809/102/4 9811/103/4 9812/104/4
f 9809/105/4303 9807/106/4303 9813/107/4303 9811/108/4303
f 9807/106/30 9808/109/30 9814/110/30 9813/107/30
f 9808/109/4406 9810/101/4406 9812/104/4406 9814/110/4406
f 9808/87/4449 9807/88/4449 9809/89/4449 9810/90/4449
f 9818/111/4470 9826/112/4470 9823/113/4470 9816/114/4470
f 9825/115/4474 9826/116/4474 9818/117/4474 9820/118/4474
f 9822/119/4475 9824/120/4433 9825/121/4433 9820/122/4475
f 9823/123/4 9824/124/4 9822/125/4 9816/126/4
f 9818/111/4476 9816/114/4476 9822/119/4476 9820/122/4476
f 9821/127/4477 9815/128/4477 9817/129/4477 9819/130/4477
f 9821/131/4 9824/124/4 9823/123/4 9815/132/4
f 9821/133/4478 9819/134/4478 9825/121/4433 9824/120/4433
f 9817/135/4479 9826/116/4479 9825/115/4479 9819/136/4479
f 9815/128/4470 9823/113/4470 9826/112/4470 9817/129/4470
f 9830/137/4382 9838/138/4382 9835/139/4382 9828/140/4382
f 9837/141/4480 9838/142/4480 9830/143/4480 9832/144/4480
f 9834/145/4478 9836/146/4481 9837/147/4481 9832/148/4478
f 9835/149/4 9836/150/4 9834/151/4 9828/152/4
f 9830/137/4482 9828/140/4482 9834/145/4482 9832/148/4482
f 9833/153/4483 9827/154/4483 9829/155/4483 9831/156/4483
f 9833/157/4 9836/150/4 9835/149/4 9827/158/4
f 9833/159/4468 9831/160/4468 9837/147/4481 9836/146/4481
f 9829/161/4484 9838/142/4484 9837/141/4484 9831/162/4484
f 9827/154/4485 9835/139/4382 9838/138/4382 9829/155/4485
f 9852/163/4485 9851/164/4435 9857/165/4435 9858/166/4485
f 9853/167/4486 9851/168/4486 9852/39/4486 9854/40/4486
f 9856/169/4433 9855/170/4481 9853/171/4481 9854/172/4433
f 9857/45/4 9855/46/4 9856/47/4 9858/48/4
f 9852/163/4487 9858/166/4487 9856/169/4487 9854/172/4487
f 9859/173/4488 9860/174/4488 9862/175/4488 9861/176/4488
f 9859/53/4 9855/46/4 9857/45/4 9860/54/4
f 9859/177/4478 9861/178/4478 9853/171/4481 9855/170/4481
f 9862/57/4489 9851/168/4489 9853/167/4489 9861/58/4489
f 9860/174/4386 9857/165/4435 9851/164/4435 9862/175/4386
f 9842/179/4374 9850/180/4485 9847/181/4485 9840/182/4374
f 9849/37/4490 9850/38/4490 9842/39/4490 9844/40/4490
f 9846/183/4468 9848/184/4481 9849/185/4481 9844/186/4468
f 9847/45/4 9848/46/4 9846/47/4 9840/48/4
f 9842/179/4491 9840/182/4491 9846/183/4491 9844/186/4491
f 9845/187/4492 9839/188/4492 9841/189/4492 9843/190/4492
f 9845/53/4 9848/46/4 9847/45/4 9839/54/4
f 9845/191/4481 9843/192/4481 9849/185/4481 9848/184/4481
f 9841/57/4493 9850/38/4493 9849/37/4493 9843/58/4493
f 9839/188/4382 9847/181/4485 9850/180/4485 9841/189/4382
f 9866/193/4219 9874/194/4325 9871/195/4325 9864/196/4219
f 9873/197/4471 9874/198/4471 9866/199/4471 9868/200/4471
f 9870/201/4314 9872/202/4314 9873/203/4314 9868/204/4314
f 9871/205/4 9872/206/4 9870/207/4 9864/208/4
f 9866/193/4449 9864/196/4449 9870/201/4449 9868/204/4449
f 9869/209/4451 9863/210/4451 9865/211/4451 9867/212/4451
f 9869/213/4 9872/206/4 9871/205/4 9863/214/4
f 9869/215/4330 9867/216/4330 9873/203/4314 9872/202/4314
f 9865/217/4494 9874/198/4494 9873/197/4494 9867/218/4494
f 9863/210/4325 9871/195/4325 9874/194/4325 9865/211/4325
f 9880/219/4473 9879/220/4473 9881/221/4473 9882/222/4473
f 9878/223/4495 9877/224/4495 9879/225/4495 9880/226/4495
f 9877/227/4303 9875/228/4303 9881/229/4303 9879/230/4303
f 9875/228/4496 9876/231/4496 9882/232/4496 9881/229/4496
f 9876/231/4406 9878/223/4406 9880/226/4406 9882/232/4406
f 9876/219/4449 9875/233/4449 9877/221/4449 9878/222/4449
f 9886/234/4219 9894/235/4219 9891/236/4219 9884/237/4219
f 9893/238/4497 9894/239/4497 9886/240/4497 9888/241/4497
f 9890/242/4330 9892/243/4341 9893/244/4341 9888/245/4330
f 9891/246/4 9892/247/4 9890/248/4 9884/249/4
f 9886/234/4449 9884/237/4449 9890/242/4449 9888/245/4449
f 9889/250/4451 9883/251/4451 9885/252/4451 9887/253/4451
f 9889/254/4 9892/247/4 9891/246/4 9883/255/4
f 9889/256/1811 9887/257/1811 9893/244/4341 9892/243/4341
f 9885/258/4498 9894/239/4498 9893/238/4498 9887/259/4498
f 9883/251/4220 9891/236/4219 9894/235/4219 9885/252/4220
f 9906/1/4499 9903/2/4499 9896/3/4499 9898/4/4499
f 9905/5/4500 9908/6/4500 9900/7/4501
f 9904/8/4502 9905/5/4502 9900/7/4502 9902/9/4502
f 9910/10/4 9911/11/4 9904/12/4 9902/13/4
f 9909/14/4371 9910/15/4371 9902/9/4394 9900/7/4394
f 9901/16/4503 9912/17/4374 9907/18/4374 9899/19/4503
f 9901/20/4 9904/12/4 9911/11/4 9912/21/4
f 9899/22/4502 9905/5/4502 9904/8/4502 9901/23/4502
f 9899/22/4504 9908/6/4500 9905/5/4500
f 9895/24/4499 9903/2/4499 9906/1/4499 9897/25/4499
f 9897/26/4505 9908/27/4505 9907/18/4505
f 9909/14/4506 9908/28/4506 9898/4/4507
f 9896/3/4388 9910/15/4371 9909/14/4371 9898/4/4388
f 9903/29/4 9911/11/4 9910/10/4 9896/30/4
f 9912/21/4 9911/11/4 9903/29/4 9895/31/4
f 9907/18/4374 9912/17/4374 9895/24/4374 9897/25/4374
f 9897/25/4508 9906/1/4509 9908/32/4509
f 9900/7/4510 9908/28/4506 9909/14/4506
f 9907/18/4505 9908/27/4505 9899/19/4511
f 9898/4/4512 9908/32/4509 9906/1/4509
