# Blender 4.3.0
# www.blender.org
mtllib Fence4.mtl
o PoleStyle1Low.010
v -11.280181 -0.005955 150.053177
v -11.228179 -0.005955 150.426651
v -11.280177 3.097248 150.053177
v -11.228175 3.097248 150.426651
v -10.885299 3.097248 150.023178
v -10.838068 3.097248 150.397278
v -10.885303 -0.005956 150.023178
v -10.838071 -0.005956 150.397278
v -11.254180 -0.005955 150.239914
v -10.861686 -0.005956 150.210220
v -10.861684 3.097248 150.210220
v -11.254176 3.097248 150.239914
v -11.082743 3.097248 150.038147
v -11.057933 3.321684 150.225037
v -11.033126 3.097248 150.411942
v -11.033128 -0.005955 150.411942
v -11.057938 -0.005955 150.225037
v -11.082745 -0.005955 150.038147
v -10.248077 0.005777 150.094711
v -10.641224 0.005777 150.124146
v -10.248075 3.035135 150.094711
v -10.641221 3.035135 150.124146
v -10.240900 3.035135 150.162521
v -10.633181 3.035136 150.191864
v -10.240903 0.005777 150.162521
v -10.633185 0.005777 150.191864
v -10.444654 0.005777 150.109390
v -10.437046 0.005777 150.177170
v -10.437042 3.323531 150.177170
v -10.444650 3.323531 150.109390
v -7.554392 0.005774 149.899048
v -7.947634 0.005775 149.926956
v -7.554388 3.035132 149.899048
v -7.947630 3.035132 149.926956
v -7.553159 3.035132 149.967224
v -7.945532 3.035132 149.995117
v -7.553163 0.005774 149.967224
v -7.945535 0.005775 149.995117
v -7.751013 0.005774 149.912964
v -7.749349 0.005774 149.981140
v -7.749345 3.323528 149.981140
v -7.751009 3.323528 149.912964
v -8.901318 0.005776 149.995575
v -9.294523 0.005776 150.024246
v -8.901314 3.035133 149.995575
v -9.294520 3.035134 150.024246
v -8.897108 3.035133 150.063644
v -9.289447 3.035134 150.092255
v -8.897112 0.005776 150.063644
v -9.289450 0.005776 150.092255
v -9.097921 0.005775 150.009872
v -9.093283 0.005776 150.077927
v -9.093278 3.323530 150.077927
v -9.097918 3.323530 150.009872
v -10.861154 2.900078 150.207520
v -10.852614 2.900078 150.275177
v -10.861154 2.574953 150.207520
v -10.852613 2.574953 150.275177
v -4.624583 2.574947 149.764252
v -4.629842 2.574947 149.832245
v -4.624583 2.900072 149.764252
v -4.629841 2.900072 149.832245
v -10.861155 0.867033 150.207520
v -10.852615 0.867033 150.275177
v -10.861156 0.541908 150.207520
v -10.852615 0.541908 150.275177
v -4.624586 0.541901 149.764252
v -4.629845 0.541901 149.832245
v -4.624585 0.867026 149.764252
v -4.629844 0.867026 149.832245
v -6.880901 0.005774 149.851746
v -7.274153 0.005774 149.879288
v -6.880898 3.035131 149.851746
v -7.274149 3.035132 149.879288
v -6.881159 3.035131 149.919952
v -7.273540 3.035132 149.947479
v -6.881163 0.005774 149.919952
v -7.273544 0.005774 149.947479
v -7.077526 0.005774 149.865494
v -7.077352 0.005774 149.933685
v -7.077348 3.323527 149.933685
v -7.077521 3.323527 149.865494
v -6.207417 0.005773 149.805115
v -6.600662 0.005773 149.832275
v -6.207415 3.035131 149.805115
v -6.600659 3.035131 149.832275
v -6.209166 3.035131 149.873291
v -6.601541 3.035131 149.900467
v -6.209168 0.005773 149.873291
v -6.601543 0.005773 149.900467
v -6.404039 0.005773 149.818665
v -6.405355 0.005773 149.886856
v -6.405351 3.323527 149.886856
v -6.404036 3.323527 149.818665
v -5.533948 0.005772 149.759140
v -5.927184 0.005772 149.785904
v -5.533944 3.035130 149.759140
v -5.927180 3.035130 149.785904
v -5.537184 3.035130 149.827255
v -5.929551 3.035130 149.854065
v -5.537188 0.005772 149.827255
v -5.929554 0.005772 149.854065
v -5.730564 0.005772 149.772491
v -5.733369 0.005772 149.840637
v -5.733364 3.323526 149.840637
v -5.730559 3.323526 149.772491
v -5.066341 3.323525 149.727600
v -5.262951 3.035129 149.740814
v -5.070614 3.323525 149.795654
v -5.266789 3.035130 149.808914
v -5.070619 0.005771 149.795654
v -5.266793 0.005772 149.808914
v -5.066346 0.005771 149.727600
v -5.262955 0.005771 149.740814
v -4.874445 0.005771 149.782455
v -4.869738 0.005771 149.714417
v -4.874441 3.035129 149.782455
v -4.869735 3.035129 149.714417
v -8.227864 0.005775 149.946976
v -8.621099 0.005775 149.975281
v -8.227861 3.035133 149.946976
v -8.621095 3.035133 149.975281
v -8.225143 3.035133 150.015121
v -8.617508 3.035133 150.043381
v -8.225146 0.005775 150.015121
v -8.617511 0.005775 150.043381
v -8.424484 0.005775 149.961090
v -8.421331 0.005775 150.029236
v -8.421328 3.323529 150.029236
v -8.424480 3.323529 149.961090
v -10.859971 1.183595 150.207428
v -10.851435 1.183596 150.275085
v -10.859975 0.870942 150.207428
v -10.851439 0.870942 150.275085
v -4.625196 2.261315 149.764282
v -4.630453 2.261315 149.832275
v -4.625196 2.573972 149.764282
v -4.630452 2.573972 149.832275
v -9.574725 0.005776 150.044815
v -9.967902 0.005777 150.073868
v -9.574721 3.035134 150.044815
v -9.967897 3.035135 150.073868
v -9.569030 3.035134 150.112778
v -9.961340 3.035135 150.141754
v -9.569034 0.005776 150.112778
v -9.961344 0.005777 150.141754
v -9.771316 0.005776 150.059311
v -9.765191 0.005776 150.127243
v -9.765188 3.323530 150.127228
v -9.771313 3.323530 150.059311
v -4.609042 -0.005962 149.578857
v -4.638132 -0.005962 149.954803
v -4.609039 3.097241 149.578857
v -4.638128 3.097241 149.954803
v -4.220229 3.097241 149.552383
v -4.252550 3.097241 149.928070
v -4.220233 -0.005962 149.552383
v -4.252554 -0.005962 149.928070
v -4.623587 -0.005962 149.766830
v -4.236393 -0.005962 149.740234
v -4.236389 3.097241 149.740234
v -4.623583 3.097241 149.766830
v -4.411547 3.097241 149.565857
v -4.427291 3.321677 149.753738
v -4.443035 3.097241 149.941620
v -4.443039 -0.005962 149.941620
v -4.427295 -0.005962 149.753738
v -4.411551 -0.005962 149.565857
v -18.059374 -0.005947 151.828476
v -17.918425 -0.005947 152.178223
v -18.059370 3.097255 151.828476
v -17.918421 3.097255 152.178223
v -17.694925 3.097255 151.667007
v -17.559061 3.097255 152.018753
v -17.694927 -0.005948 151.667007
v -17.559063 -0.005948 152.018753
v -17.988899 -0.005948 152.003357
v -17.626997 -0.005948 151.842880
v -17.626993 3.097255 151.842880
v -17.988895 3.097255 152.003342
v -17.877165 3.097255 151.747711
v -17.807959 3.321691 151.923080
v -17.738752 3.097255 152.098465
v -17.738756 -0.005948 152.098465
v -17.807962 -0.005948 151.923080
v -17.877167 -0.005948 151.747711
v -17.077839 0.005785 151.524307
v -17.440592 0.005785 151.684601
v -17.077835 3.035142 151.524307
v -17.440588 3.035143 151.684601
v -17.054728 3.035142 151.588470
v -17.416553 3.035143 151.748428
v -17.054731 0.005785 151.588470
v -17.416559 0.005785 151.748428
v -17.259228 0.005785 151.604416
v -17.235659 0.005785 151.668411
v -17.235653 3.323538 151.668411
v -17.259224 3.323538 151.604416
v -14.590424 0.005782 150.433517
v -14.953758 0.005782 150.591934
v -14.590422 3.035140 150.433517
v -14.953756 3.035140 150.591934
v -14.573790 3.035140 150.499649
v -14.936166 3.035140 150.657822
v -14.573792 0.005781 150.499664
v -14.936169 0.005782 150.657822
v -14.772099 0.005781 150.512695
v -14.754987 0.005781 150.578705
v -14.754984 3.323535 150.578705
v -14.772095 3.323536 150.512695
v -15.834626 0.005783 150.977295
v -16.197687 0.005784 151.136658
v -15.834622 3.035141 150.977295
v -16.197685 3.035141 151.136658
v -15.814729 3.035141 151.042526
v -16.176847 3.035141 151.201599
v -15.814733 0.005783 151.042526
v -16.176851 0.005784 151.201599
v -16.016165 0.005783 151.056946
v -15.995801 0.005783 151.122040
v -15.995797 3.323537 151.122040
v -16.016163 3.323537 151.056946
v -17.627159 2.900086 151.840042
v -17.602589 2.900086 151.903656
v -17.627161 2.574961 151.840042
v -17.602591 2.574961 151.903656
v -11.648249 2.574954 150.267258
v -11.637980 2.574954 150.334686
v -11.648250 2.900079 150.267258
v -11.637980 2.900079 150.334686
v -17.627163 0.867040 151.840042
v -17.602591 0.867040 151.903656
v -17.627161 0.541915 151.840042
v -17.602592 0.541915 151.903656
v -11.648251 0.541909 150.267258
v -11.637982 0.541908 150.334686
v -11.648250 0.867033 150.267258
v -11.637982 0.867033 150.334686
v -13.918072 0.005780 150.378113
v -14.310862 0.005781 150.409592
v -13.918070 3.035139 150.378113
v -14.310859 3.035139 150.409592
v -13.902886 3.035139 150.444611
v -14.294828 3.035139 150.475876
v -13.902889 0.005781 150.444611
v -14.294832 0.005781 150.475876
v -14.114471 0.005781 150.393829
v -14.098865 0.005781 150.460220
v -14.098861 3.323535 150.460220
v -14.114467 3.323535 150.393829
v -13.245264 0.005780 150.324707
v -13.638133 0.005780 150.355820
v -13.245262 3.035138 150.324707
v -13.638130 3.035138 150.355820
v -13.231535 3.035138 150.391510
v -13.623552 3.035138 150.422440
v -13.231537 0.005780 150.391510
v -13.623555 0.005780 150.422440
v -13.441706 0.005780 150.340240
v -13.427553 0.005780 150.406952
v -13.427548 3.323534 150.406952
v -13.441701 3.323534 150.340240
v -12.572323 0.005779 150.271942
v -12.965267 0.005780 150.302673
v -12.572319 3.035138 150.271942
v -12.965265 3.035138 150.302673
v -12.560055 3.035138 150.339035
v -12.952145 3.035138 150.369598
v -12.560059 0.005779 150.339035
v -12.952147 0.005780 150.369598
v -12.768800 0.005779 150.287277
v -12.756108 0.005780 150.354294
v -12.756102 3.323533 150.354294
v -12.768795 3.323534 150.287277
v -12.104997 3.323533 150.235687
v -12.301496 3.035137 150.250885
v -12.093750 3.323533 150.302948
v -12.289823 3.035137 150.318085
v -12.093754 0.005779 150.302948
v -12.289824 0.005779 150.318085
v -12.105000 0.005779 150.235687
v -12.301499 0.005779 150.250885
v -11.897672 0.005779 150.287857
v -11.908486 0.005779 150.220520
v -11.897668 3.035137 150.287857
v -11.908484 3.035136 150.220520
v -15.212637 0.005782 150.705002
v -15.575845 0.005783 150.863892
v -15.212633 3.035141 150.705002
v -15.575843 3.035140 150.863892
v -15.194363 3.035141 150.770706
v -15.556622 3.035141 150.929337
v -15.194366 0.005782 150.770706
v -15.556626 0.005783 150.929337
v -15.394251 0.005782 150.784409
v -15.375507 0.005782 150.849991
v -15.375503 3.323536 150.849991
v -15.394249 3.323536 150.784409
v -17.626068 1.183603 151.839554
v -17.601501 1.183603 151.903168
v -17.626074 0.870949 151.839554
v -17.601507 0.870949 151.903168
v -11.648861 2.261322 150.267303
v -11.638591 2.261322 150.334732
v -11.648861 2.573979 150.267303
v -11.638591 2.573979 150.334732
v -16.456364 0.005784 151.250397
v -16.819275 0.005784 151.410233
v -16.456362 3.035142 151.250397
v -16.819273 3.035142 151.410233
v -16.434855 3.035142 151.315125
v -16.796829 3.035142 151.474640
v -16.434856 0.005784 151.315125
v -16.796833 0.005784 151.474640
v -16.637833 0.005784 151.330292
v -16.615858 0.005784 151.394852
v -16.615856 3.323538 151.394852
v -16.637831 3.323537 151.330276
v -11.675025 -0.005955 150.083420
v -11.618262 -0.005955 150.456192
v -11.675023 3.097249 150.083420
v -11.618260 3.097249 150.456192
v -11.280177 3.097248 150.053177
v -11.228175 3.097248 150.426651
v -11.280181 -0.005955 150.053177
v -11.228179 -0.005955 150.426651
v -11.646644 -0.005955 150.269806
v -11.254180 -0.005955 150.239914
v -11.254176 3.097248 150.239914
v -11.646642 3.097249 150.269806
v -11.477604 3.097248 150.068268
v -11.450412 3.321684 150.254837
v -11.423221 3.097248 150.441406
v -11.423223 -0.005955 150.441406
v -11.450417 -0.005955 150.254837
v -11.477608 -0.005955 150.068268
v -24.277861 -0.005940 155.171310
v -24.053223 -0.005940 155.474167
v -24.277859 3.097263 155.171295
v -24.053221 3.097263 155.474152
v -23.986046 3.097262 154.902328
v -23.765491 3.097263 155.208176
v -23.986046 -0.005940 154.902328
v -23.765491 -0.005940 155.208176
v -24.165545 -0.005940 155.322739
v -23.875771 -0.005940 155.055252
v -23.875771 3.097263 155.055252
v -24.165539 3.097263 155.322723
v -24.131971 3.097263 155.036789
v -24.020672 3.321699 155.188965
v -23.909372 3.097263 155.341141
v -23.909372 -0.005940 155.341141
v -24.020674 -0.005940 155.188965
v -24.131973 -0.005940 155.036789
v -23.456499 0.005792 154.575409
v -23.747051 0.005792 154.842941
v -23.456497 3.035150 154.575409
v -23.747051 3.035150 154.842941
v -23.417788 3.035150 154.631561
v -23.707592 3.035150 154.898575
v -23.417789 0.005792 154.631561
v -23.707592 0.005792 154.898575
v -23.601795 0.005792 154.709152
v -23.562710 0.005792 154.765045
v -23.562708 3.323546 154.765045
v -23.601791 3.323546 154.709152
v -21.080301 0.005789 153.310410
v -21.441719 0.005789 153.473587
v -21.080297 3.035147 153.310410
v -21.441715 3.035148 153.473587
v -21.047255 3.035147 153.370071
v -21.407810 3.035147 153.532761
v -21.047258 0.005789 153.370071
v -21.407814 0.005789 153.532761
v -21.261026 0.005789 153.391968
v -21.227552 0.005789 153.451385
v -21.227549 3.323543 153.451385
v -21.261024 3.323543 153.391968
v -22.317650 0.005790 153.870361
v -22.678558 0.005791 154.034378
v -22.317648 3.035148 153.870361
v -22.678556 3.035149 154.034378
v -22.281683 3.035148 153.928314
v -22.641758 3.035149 154.091797
v -22.281685 0.005790 153.928314
v -22.641762 0.005791 154.091797
v -22.498123 0.005790 153.952347
v -22.461742 0.005791 154.010025
v -22.461739 3.323545 154.010025
v -22.498121 3.323545 153.952347
v -23.876688 2.900093 155.052490
v -23.836800 2.900094 155.107803
v -23.876692 2.574968 155.052490
v -23.836805 2.574968 155.107803
v -18.352844 2.574962 152.162094
v -18.326437 2.574962 152.224976
v -18.352844 2.900087 152.162094
v -18.326433 2.900087 152.224976
v -23.876692 0.867047 155.052490
v -23.836805 0.867047 155.107803
v -23.876692 0.541922 155.052505
v -23.836805 0.541922 155.107819
v -18.352844 0.541916 152.162094
v -18.326435 0.541916 152.224976
v -18.352846 0.867041 152.162094
v -18.326437 0.867041 152.224976
v -20.461004 0.005789 153.031540
v -20.822660 0.005789 153.194275
v -20.461002 3.035146 153.031540
v -20.822655 3.035147 153.194275
v -20.429449 3.035146 153.091995
v -20.790228 3.035147 153.254272
v -20.429453 0.005788 153.091995
v -20.790234 0.005789 153.254272
v -20.641848 0.005789 153.112869
v -20.609858 0.005789 153.173111
v -20.609854 3.323542 153.173111
v -20.641846 3.323542 153.112869
v -19.841320 0.005787 152.753403
v -20.203199 0.005788 152.915710
v -19.841316 3.035146 152.753403
v -20.203199 3.035146 152.915710
v -19.811274 3.035145 152.814636
v -20.172270 3.035146 152.976501
v -19.811277 0.005788 152.814636
v -20.172272 0.005788 152.976501
v -20.022276 0.005788 152.834534
v -19.991789 0.005788 152.895538
v -19.991787 3.323542 152.895538
v -20.022272 3.323542 152.834534
v -19.221260 0.005787 152.476044
v -19.583359 0.005787 152.637909
v -19.221258 3.035145 152.476028
v -19.583357 3.035145 152.637894
v -19.192745 3.035145 152.537994
v -19.553949 3.035146 152.699432
v -19.192747 0.005787 152.537994
v -19.553949 0.005787 152.699432
v -19.402325 0.005787 152.556931
v -19.373362 0.005787 152.618683
v -19.373360 3.323541 152.618683
v -19.402323 3.323541 152.556931
v -18.790516 3.323540 152.283890
v -18.971649 3.035145 152.364639
v -18.763073 3.323540 152.346329
v -18.943756 3.035145 152.426865
v -18.763077 0.005786 152.346329
v -18.943760 0.005787 152.426880
v -18.790520 0.005786 152.283890
v -18.971653 0.005786 152.364639
v -18.582371 0.005786 152.265854
v -18.609360 0.005786 152.203217
v -18.582365 3.035144 152.265839
v -18.609352 3.035144 152.203217
v -21.699186 0.005790 153.590027
v -22.060360 0.005790 153.753632
v -21.699184 3.035147 153.590027
v -22.060358 3.035148 153.753616
v -21.664667 3.035148 153.648849
v -22.024992 3.035148 153.811935
v -21.664669 0.005790 153.648849
v -22.024994 0.005790 153.811935
v -21.879791 0.005790 153.671799
v -21.844849 0.005790 153.730362
v -21.844849 3.323544 153.730362
v -21.879791 3.323544 153.671799
v -23.875818 1.183611 155.051697
v -23.835932 1.183611 155.107010
v -23.875822 0.870956 155.051697
v -23.835934 0.870956 155.107010
v -18.353407 2.261330 152.162354
v -18.326996 2.261330 152.225220
v -18.353407 2.573987 152.162354
v -18.326998 2.573987 152.225220
v -22.935661 0.005791 154.151413
v -23.249363 0.005791 154.384888
v -22.935661 3.035149 154.151413
v -23.249361 3.035150 154.384888
v -22.898272 3.035149 154.208450
v -23.211187 3.035150 154.441406
v -22.898272 0.005791 154.208450
v -23.211191 0.005791 154.441406
v -23.103985 0.005792 154.251282
v -23.066195 0.005792 154.308044
v -23.066195 3.323545 154.308044
v -23.103983 3.323545 154.251282
v -18.423702 -0.005947 151.990234
v -18.277697 -0.005947 152.337891
v -18.423698 3.097256 151.990234
v -18.277695 3.097256 152.337891
v -18.059370 3.097255 151.828476
v -17.918421 3.097255 152.178223
v -18.059374 -0.005947 151.828476
v -17.918425 -0.005947 152.178223
v -18.350700 -0.005947 152.164062
v -17.988899 -0.005948 152.003357
v -17.988895 3.097255 152.003342
v -18.350697 3.097256 152.164062
v -18.241552 3.097256 151.909317
v -18.169813 3.321692 152.083679
v -18.098070 3.097256 152.258026
v -18.098072 -0.005947 152.258026
v -18.169813 -0.005948 152.083679
v -18.241554 -0.005948 151.909332
v -29.468647 -0.005933 160.016998
v -29.178513 -0.005933 160.257843
v -29.468645 3.097270 160.016983
v -29.178509 3.097270 160.257843
v -29.180082 3.097270 159.744537
v -28.893206 3.097270 159.989258
v -29.180090 -0.005933 159.744537
v -28.893209 -0.005933 159.989258
v -29.323582 -0.005933 160.137421
v -29.036650 -0.005934 159.866898
v -29.036646 3.097270 159.866898
v -29.323578 3.097270 160.137405
v -29.324389 3.097270 159.880737
v -29.180136 3.321706 160.002136
v -29.035879 3.097270 160.123535
v -29.035883 -0.005933 160.123535
v -29.180140 -0.005933 160.002136
v -29.324396 -0.005933 159.880753
v -28.634230 0.005800 159.393158
v -28.921858 0.005800 159.663956
v -28.634222 3.035157 159.393158
v -28.921854 3.035158 159.663940
v -28.583288 3.035157 159.438507
v -28.870316 3.035158 159.708618
v -28.583292 0.005799 159.438507
v -28.870319 0.005800 159.708618
v -28.778067 0.005800 159.528534
v -28.726826 0.005800 159.573547
v -28.726824 3.323553 159.573532
v -28.778063 3.323553 159.528534
v -26.659031 0.005796 157.542618
v -26.947866 0.005797 157.812241
v -26.659027 3.035154 157.542618
v -26.947865 3.035155 157.812241
v -26.612461 3.035154 157.592453
v -26.900633 3.035155 157.861435
v -26.612465 0.005796 157.592453
v -26.900635 0.005797 157.861450
v -26.803469 0.005797 157.677414
v -26.756569 0.005797 157.726929
v -26.756565 3.323551 157.726929
v -26.803467 3.323550 157.677414
v -27.647657 0.005798 158.466888
v -27.935904 0.005798 158.737106
v -27.647655 3.035156 158.466888
v -27.935902 3.035156 158.737106
v -27.598852 3.035156 158.514526
v -27.886465 3.035156 158.784088
v -27.598858 0.005797 158.514526
v -27.886467 0.005798 158.784088
v -27.791803 0.005798 158.601974
v -27.742683 0.005798 158.649292
v -27.742678 3.323552 158.649277
v -27.791798 3.323552 158.601974
v -29.038046 2.900101 159.864563
v -28.986162 2.900101 159.908829
v -29.038048 2.574976 159.864563
v -28.986164 2.574976 159.908829
v -24.457687 2.574969 155.589096
v -24.416327 2.574969 155.643326
v -24.457687 2.900094 155.589096
v -24.416327 2.900094 155.643326
v -29.038046 0.867055 159.864563
v -28.986162 0.867055 159.908829
v -29.038048 0.541930 159.864563
v -28.986164 0.541930 159.908829
v -24.457689 0.541923 155.589096
v -24.416328 0.541924 155.643326
v -24.457689 0.867048 155.589096
v -24.416328 0.867048 155.643326
v -26.163971 0.005795 157.081268
v -26.453096 0.005796 157.350586
v -26.163969 3.035154 157.081268
v -26.453094 3.035154 157.350586
v -26.118555 3.035154 157.132156
v -26.407005 3.035154 157.400864
v -26.118557 0.005796 157.132156
v -26.407007 0.005796 157.400864
v -26.308552 0.005796 157.215912
v -26.262798 0.005796 157.266479
v -26.262800 3.323550 157.266479
v -26.308554 3.323550 157.215912
v -25.668436 0.005795 156.620468
v -25.957832 0.005795 156.889465
v -25.668434 3.035153 156.620453
v -25.957834 3.035153 156.889465
v -25.624203 3.035153 156.672363
v -25.912912 3.035153 156.940765
v -25.624205 0.005795 156.672379
v -25.912910 0.005795 156.940781
v -25.813156 0.005795 156.754944
v -25.768576 0.005795 156.806549
v -25.768574 3.323549 156.806549
v -25.813154 3.323549 156.754944
v -25.172432 0.005794 156.160202
v -25.462107 0.005795 156.428879
v -25.172432 3.035152 156.160187
v -25.462101 3.035153 156.428879
v -25.129400 3.035152 156.213104
v -25.418367 3.035153 156.481201
v -25.129402 0.005794 156.213104
v -25.418369 0.005795 156.481201
v -25.317287 0.005794 156.294510
v -25.273901 0.005794 156.347137
v -25.273899 3.323548 156.347137
v -25.317282 3.323548 156.294510
v -24.827763 3.323548 155.840942
v -24.972712 3.035152 155.975143
v -24.785582 3.323548 155.894531
v -24.930168 3.035152 156.028442
v -24.785583 0.005793 155.894531
v -24.930174 0.005794 156.028442
v -24.827763 0.005793 155.840942
v -24.972713 0.005794 155.975143
v -24.640959 0.005793 155.760651
v -24.682783 0.005793 155.706787
v -24.640957 3.035152 155.760651
v -24.682777 3.035152 155.706787
v -27.153593 0.005797 158.004501
v -27.442142 0.005798 158.274429
v -27.153595 3.035155 158.004501
v -27.442141 3.035156 158.274429
v -27.105894 3.035155 158.053238
v -27.393791 3.035156 158.322525
v -27.105896 0.005797 158.053238
v -27.393793 0.005798 158.322525
v -27.297892 0.005797 158.139435
v -27.249866 0.005797 158.187866
v -27.249865 3.323551 158.187866
v -27.297890 3.323552 158.139435
v -29.037180 1.183618 159.863754
v -28.985302 1.183618 159.908005
v -29.037184 0.870964 159.863754
v -28.985304 0.870964 159.908020
v -24.458134 2.261337 155.589523
v -24.416773 2.261337 155.643738
v -24.458136 2.573994 155.589523
v -24.416775 2.573994 155.643738
v -28.141209 0.005799 158.929779
v -28.429146 0.005799 159.200287
v -28.141203 3.035156 158.929779
v -28.429144 3.035157 159.200287
v -28.091320 3.035156 158.976288
v -28.378641 3.035157 159.246124
v -28.091326 0.005799 158.976288
v -28.378643 0.005799 159.246124
v -28.285200 0.005799 159.065018
v -28.235008 0.005799 159.111176
v -28.235006 3.323552 159.111176
v -28.285198 3.323552 159.065002
v -24.569515 -0.005939 155.440491
v -24.340839 -0.005940 155.740311
v -24.569515 3.097264 155.440491
v -24.340839 3.097264 155.740311
v -24.277859 3.097263 155.171295
v -24.053221 3.097263 155.474152
v -24.277861 -0.005940 155.171310
v -24.053223 -0.005940 155.474167
v -24.455177 -0.005940 155.590408
v -24.165545 -0.005940 155.322739
v -24.165539 3.097263 155.322723
v -24.455177 3.097264 155.590393
v -24.423706 3.097263 155.305862
v -24.310375 3.321699 155.456543
v -24.197044 3.097263 155.607208
v -24.197044 -0.005940 155.607224
v -24.310377 -0.005940 155.456543
v -24.423708 -0.005940 155.305878
v -33.178017 -0.005925 165.984192
v -32.846092 -0.005926 166.163116
v -33.178013 3.097278 165.984192
v -32.846096 3.097278 166.163116
v -32.976536 3.097277 165.646347
v -32.646595 3.097278 165.828903
v -32.976540 -0.005926 165.646362
v -32.646599 -0.005926 165.828903
v -33.012054 -0.005925 166.073654
v -32.811569 -0.005926 165.737625
v -32.811565 3.097278 165.737625
v -33.012054 3.097278 166.073654
v -33.077293 3.097278 165.815262
v -32.911827 3.321714 165.905624
v -32.746361 3.097278 165.996002
v -32.746361 -0.005926 165.996002
v -32.911827 -0.005925 165.905640
v -33.077293 -0.005925 165.815262
v -32.554276 0.005807 165.171616
v -32.755215 0.005807 165.507950
v -32.554272 3.035165 165.171616
v -32.755207 3.035165 165.507950
v -32.495178 3.035165 165.205658
v -32.695747 3.035165 165.541351
v -32.495182 0.005807 165.205658
v -32.695751 0.005807 165.541351
v -32.654758 0.005807 165.339767
v -32.595482 0.005807 165.373505
v -32.595478 3.323561 165.373489
v -32.654755 3.323561 165.339767
v -31.173977 0.005804 162.869858
v -31.375868 0.005804 163.205597
v -31.173975 3.035162 162.869858
v -31.375866 3.035162 163.205597
v -31.117599 3.035162 162.908234
v -31.319073 3.035162 163.243347
v -31.117601 0.005804 162.908234
v -31.319075 0.005804 163.243362
v -31.274937 0.005804 163.037720
v -31.218351 0.005804 163.075790
v -31.218349 3.323558 163.075775
v -31.274933 3.323558 163.037704
v -31.864943 0.005805 164.020233
v -32.066360 0.005806 164.356277
v -31.864941 3.035163 164.020233
v -32.066357 3.035164 164.356262
v -31.807165 3.035163 164.056458
v -32.008190 3.035164 164.391876
v -31.807167 0.005805 164.056473
v -32.008194 0.005806 164.391876
v -31.965670 0.005805 164.188232
v -31.907696 0.005805 164.224167
v -31.907694 3.323560 164.224152
v -31.965666 3.323560 164.188232
v -32.813465 2.900108 165.735596
v -32.753796 2.900108 165.768616
v -32.813465 2.574983 165.735596
v -32.753796 2.574983 165.768616
v -29.611031 2.574976 160.408951
v -29.557980 2.574976 160.451813
v -29.611029 2.900102 160.408951
v -29.557978 2.900101 160.451813
v -32.813461 0.867062 165.735596
v -32.753792 0.867062 165.768616
v -32.813461 0.541937 165.735596
v -32.753792 0.541937 165.768616
v -29.611031 0.541931 160.408966
v -29.557980 0.541931 160.451813
v -29.611029 0.867055 160.408951
v -29.557978 0.867056 160.451813
v -30.827892 0.005803 162.295074
v -31.030020 0.005804 162.630661
v -30.827887 3.035161 162.295074
v -31.030018 3.035161 162.630661
v -30.772243 3.035161 162.334503
v -30.973944 3.035161 162.669479
v -30.772249 0.005803 162.334503
v -30.973946 0.005804 162.669479
v -30.928972 0.005803 162.462845
v -30.873110 0.005803 162.501984
v -30.873108 3.323557 162.501968
v -30.928967 3.323558 162.462845
v -30.481422 0.005802 161.720566
v -30.683771 0.005803 162.055984
v -30.481421 3.035160 161.720566
v -30.683773 3.035161 162.055984
v -30.426523 3.035160 161.761032
v -30.628437 3.035161 162.095840
v -30.426525 0.005802 161.761032
v -30.628439 0.005803 162.095856
v -30.582615 0.005803 161.888275
v -30.527502 0.005803 161.928436
v -30.527493 3.323556 161.928421
v -30.582609 3.323556 161.888260
v -30.134560 0.005802 161.146347
v -30.337139 0.005802 161.481598
v -30.134560 3.035160 161.146347
v -30.337137 3.035160 161.481598
v -30.080433 3.035160 161.187836
v -30.282562 3.035160 161.522491
v -30.080435 0.005802 161.187836
v -30.282564 0.005802 161.522491
v -30.235867 0.005802 161.313965
v -30.181513 0.005802 161.355148
v -30.181511 3.323556 161.355148
v -30.235863 3.323555 161.313965
v -29.893492 3.323555 160.747803
v -29.994875 3.035159 160.915359
v -29.839909 3.323555 160.789993
v -29.941061 3.035159 160.957260
v -29.839911 0.005801 160.790009
v -29.941069 0.005801 160.957260
v -29.893494 0.005801 160.747818
v -29.994879 0.005801 160.915375
v -29.738731 0.005801 160.622772
v -29.792080 0.005801 160.580292
v -29.738726 3.035159 160.622772
v -29.792078 3.035159 160.580276
v -31.519657 0.005805 163.444916
v -31.721313 0.005805 163.780807
v -31.519653 3.035162 163.444901
v -31.721312 3.035163 163.780807
v -31.462570 3.035163 163.482224
v -31.663820 3.035163 163.817490
v -31.462572 0.005805 163.482224
v -31.663822 0.005805 163.817490
v -31.620508 0.005805 163.612854
v -31.563217 0.005804 163.649857
v -31.563211 3.323558 163.649857
v -31.620502 3.323559 163.612839
v -32.812855 1.183625 165.734589
v -32.753185 1.183625 165.767609
v -32.812855 0.870971 165.734589
v -32.753185 0.870971 165.767609
v -29.611343 2.261344 160.409485
v -29.558292 2.261344 160.452332
v -29.611345 2.574002 160.409485
v -29.558294 2.574002 160.452332
v -32.209816 0.005806 164.595795
v -32.410992 0.005806 164.931992
v -32.209812 3.035164 164.595795
v -32.410988 3.035165 164.931992
v -32.151367 3.035164 164.630951
v -32.352169 3.035164 164.966492
v -32.151371 0.005806 164.630951
v -32.352169 0.005806 164.966492
v -32.310421 0.005806 164.763885
v -32.251785 0.005806 164.798706
v -32.251778 3.323560 164.798706
v -32.310417 3.323560 164.763885
v -29.754992 -0.005932 160.291138
v -29.461670 -0.005932 160.528091
v -29.754986 3.097271 160.291138
v -29.461664 3.097271 160.528091
v -29.468645 3.097270 160.016983
v -29.178509 3.097270 160.257843
v -29.468647 -0.005933 160.016998
v -29.178513 -0.005933 160.257843
v -29.608330 -0.005932 160.409607
v -29.323582 -0.005933 160.137421
v -29.323578 3.097270 160.137405
v -29.608324 3.097271 160.409607
v -29.612844 3.097270 160.153275
v -29.466976 3.321706 160.272720
v -29.321106 3.097270 160.392181
v -29.321112 -0.005933 160.392181
v -29.466984 -0.005933 160.272736
v -29.612850 -0.005933 160.153290
v -35.836777 -0.005918 172.417969
v -35.478924 -0.005918 172.536804
v -35.836773 3.097285 172.417969
v -35.478920 3.097285 172.536804
v -35.718456 3.097285 172.045868
v -35.361687 3.097285 172.167923
v -35.718460 -0.005918 172.045868
v -35.361691 -0.005918 172.167923
v -35.657852 -0.005918 172.477386
v -35.540073 -0.005918 172.106903
v -35.540070 3.097285 172.106888
v -35.657845 3.097285 172.477386
v -35.777630 3.097285 172.231918
v -35.598972 3.321721 172.292145
v -35.420315 3.097285 172.352356
v -35.420319 -0.005918 172.352371
v -35.598976 -0.005918 172.292145
v -35.777634 -0.005918 172.231918
v -35.418884 0.005814 171.497528
v -35.536945 0.005815 171.868301
v -35.418880 3.035172 171.497528
v -35.536945 3.035172 171.868301
v -35.354679 3.035172 171.520523
v -35.472534 3.035172 171.890717
v -35.354679 0.005814 171.520523
v -35.472534 0.005815 171.890717
v -35.477932 0.005815 171.682907
v -35.413620 0.005815 171.705612
v -35.413616 3.323568 171.705612
v -35.477928 3.323568 171.682907
v -34.607342 0.005811 168.958649
v -34.726105 0.005812 169.329132
v -34.607338 3.035170 168.958633
v -34.726105 3.035169 169.329132
v -34.544670 3.035169 168.985535
v -34.663197 3.035169 169.355469
v -34.544670 0.005811 168.985550
v -34.663200 0.005812 169.355469
v -34.666737 0.005812 169.143875
v -34.603947 0.005812 169.170502
v -34.603947 3.323565 169.170502
v -34.666733 3.323565 169.143875
v -35.013721 0.005813 170.227844
v -35.132133 0.005813 170.598480
v -35.013718 3.035171 170.227844
v -35.132126 3.035171 170.598480
v -34.950249 3.035171 170.252808
v -35.068436 3.035171 170.622864
v -34.950253 0.005813 170.252808
v -35.068443 0.005813 170.622864
v -35.072937 0.005813 170.413162
v -35.009361 0.005813 170.437836
v -35.009354 3.323567 170.437836
v -35.072933 3.323567 170.413147
v -35.542339 2.900115 172.105209
v -35.477818 2.900115 172.127289
v -35.542339 2.574991 172.105209
v -35.477818 2.574991 172.127289
v -33.215382 2.574984 166.409546
v -33.155003 2.574984 166.441238
v -33.215382 2.900109 166.409546
v -33.155003 2.900109 166.441238
v -35.542339 0.867070 172.105209
v -35.477814 0.867070 172.127289
v -35.542339 0.541945 172.105209
v -35.477814 0.541945 172.127289
v -33.215382 0.541938 166.409546
v -33.155003 0.541938 166.441238
v -33.215382 0.867063 166.409546
v -33.155003 0.867063 166.441238
v -34.403698 0.005810 168.324219
v -34.522640 0.005811 168.694641
v -34.403698 3.035169 168.324219
v -34.522640 3.035169 168.694641
v -34.341450 3.035169 168.352081
v -34.460144 3.035169 168.721954
v -34.341454 0.005810 168.352097
v -34.460148 0.005811 168.721954
v -34.463181 0.005810 168.509430
v -34.400810 0.005810 168.537018
v -34.400806 3.323565 168.537018
v -34.463181 3.323565 168.509430
v -34.082916 0.005810 167.738342
v -34.282738 0.005810 168.075256
v -34.082909 3.035168 167.738342
v -34.282734 3.035168 168.075241
v -34.021183 3.035168 167.767334
v -34.220692 3.035168 168.103561
v -34.021187 0.005810 167.767349
v -34.220695 0.005810 168.103577
v -34.182850 0.005809 167.906799
v -34.120960 0.005810 167.935455
v -34.120956 3.323564 167.935455
v -34.182842 3.323564 167.906784
v -33.740345 0.005809 167.161514
v -33.940422 0.005809 167.498306
v -33.740341 3.035167 167.161514
v -33.940418 3.035168 167.498306
v -33.679165 3.035167 167.191666
v -33.878918 3.035167 167.527771
v -33.679169 0.005809 167.191666
v -33.878925 0.005809 167.527786
v -33.840401 0.005810 167.329895
v -33.779064 0.005810 167.359711
v -33.779057 3.323563 167.359711
v -33.840393 3.323563 167.329895
v -33.502220 3.323563 166.761124
v -33.602367 3.035167 166.929459
v -33.441444 3.323563 166.792068
v -33.541424 3.035167 166.960068
v -33.441452 0.005808 166.792068
v -33.541428 0.005809 166.960083
v -33.502224 0.005808 166.761124
v -33.602371 0.005809 166.929474
v -33.341442 0.005808 166.624084
v -33.402046 0.005808 166.592804
v -33.341434 3.035167 166.624084
v -33.402042 3.035167 166.592804
v -34.810680 0.005812 169.593185
v -34.929268 0.005812 169.963745
v -34.810677 3.035170 169.593170
v -34.929268 3.035170 169.963745
v -34.747601 3.035170 169.619110
v -34.865955 3.035171 169.989120
v -34.747601 0.005812 169.619110
v -34.865959 0.005812 169.989120
v -34.869987 0.005812 169.778458
v -34.806789 0.005812 169.804108
v -34.806789 3.323566 169.804108
v -34.869987 3.323566 169.778458
v -35.541985 1.183633 172.104095
v -35.477459 1.183633 172.126175
v -35.541985 0.870979 172.104095
v -35.477459 0.870979 172.126175
v -33.215694 2.261352 166.410065
v -33.155312 2.261352 166.441757
v -33.215694 2.574009 166.410065
v -33.155315 2.574009 166.441757
v -35.216454 0.005814 170.862625
v -35.334686 0.005814 171.233337
v -35.216454 3.035172 170.862625
v -35.334686 3.035172 171.233337
v -35.152611 3.035172 170.886612
v -35.270630 3.035172 171.256729
v -35.152611 0.005814 170.886612
v -35.270634 0.005814 171.256744
v -35.275585 0.005813 171.047974
v -35.211636 0.005814 171.071671
v -35.211632 3.323567 171.071671
v -35.275581 3.323567 171.047974
v -33.379333 -0.005925 166.322113
v -33.045471 -0.005925 166.497391
v -33.379330 3.097278 166.322113
v -33.045467 3.097278 166.497391
v -33.178013 3.097278 165.984192
v -32.846092 3.097278 166.163116
v -33.178017 -0.005925 165.984192
v -32.846092 -0.005925 166.163116
v -33.212402 -0.005925 166.409760
v -33.012054 -0.005925 166.073654
v -33.012051 3.097278 166.073654
v -33.212399 3.097278 166.409744
v -33.278694 3.097278 166.153137
v -33.112244 3.321714 166.241699
v -32.945797 3.097278 166.330246
v -32.945797 -0.005925 166.330246
v -33.112247 -0.005925 166.241699
v -33.278694 -0.005925 166.153152
v -37.548634 -0.005911 179.153412
v -37.176624 -0.005910 179.215012
v -37.548630 3.097293 179.153412
v -37.176620 3.097293 179.215012
v -37.507317 3.097293 178.766495
v -37.135818 3.097293 178.831116
v -37.507320 -0.005911 178.766495
v -37.135822 -0.005911 178.831116
v -37.362633 -0.005910 179.184219
v -37.321571 -0.005910 178.798798
v -37.321568 3.097293 178.798798
v -37.362633 3.097293 179.184204
v -37.527988 3.097293 178.959961
v -37.342110 3.321728 178.991516
v -37.156235 3.097293 179.023071
v -37.156239 -0.005911 179.023071
v -37.342113 -0.005911 178.991516
v -37.527992 -0.005911 178.959961
v -37.324646 0.005822 178.176407
v -37.365913 0.005822 178.562088
v -37.324646 3.035180 178.176407
v -37.365910 3.035180 178.562088
v -37.257607 3.035180 178.188950
v -37.298779 3.035180 178.574097
v -37.257610 0.005821 178.188965
v -37.298779 0.005822 178.574097
v -37.345291 0.005822 178.369247
v -37.278206 0.005822 178.381531
v -37.278202 3.323576 178.381531
v -37.345287 3.323576 178.369247
v -36.717701 0.005819 175.596725
v -36.834591 0.005820 175.967850
v -36.717701 3.035177 175.596725
v -36.834583 3.035177 175.967850
v -36.651527 3.035177 175.613235
v -36.768269 3.035177 175.983749
v -36.651531 0.005819 175.613235
v -36.768272 0.005820 175.983765
v -36.776157 0.005819 175.782288
v -36.709908 0.005819 175.798492
v -36.709908 3.323573 175.798492
v -36.776154 3.323573 175.782288
v -37.117622 0.005820 176.868011
v -37.224201 0.005821 177.241119
v -37.117615 3.035178 176.868011
v -37.224194 3.035179 177.241119
v -37.050968 3.035178 176.882462
v -37.157421 3.035179 177.254974
v -37.050976 0.005820 176.882477
v -37.157425 0.005821 177.254974
v -37.175892 0.005821 177.053604
v -37.109180 0.005821 177.067764
v -37.109173 3.323574 177.067764
v -37.175888 3.323574 177.053604
v -37.324112 2.900123 178.797485
v -37.256924 2.900123 178.809189
v -37.324112 2.574998 178.797485
v -37.256924 2.574998 178.809174
v -35.778431 2.574991 172.848221
v -35.713520 2.574991 172.869141
v -35.778431 2.900116 172.848221
v -35.713520 2.900116 172.869141
v -37.324112 0.867077 178.797501
v -37.256924 0.867077 178.809189
v -37.324112 0.541952 178.797501
v -37.256924 0.541952 178.809189
v -35.778427 0.541946 172.848236
v -35.713520 0.541945 172.869141
v -35.778427 0.867070 172.848236
v -35.713520 0.867070 172.869141
v -36.517265 0.005818 174.961212
v -36.634338 0.005818 175.332275
v -36.517262 3.035176 174.961212
v -36.634335 3.035177 175.332275
v -36.451355 3.035176 174.978729
v -36.568275 3.035177 175.349213
v -36.451355 0.005818 174.978729
v -36.568275 0.005818 175.349213
v -36.575813 0.005818 175.146744
v -36.509827 0.005819 175.163971
v -36.509823 3.323572 175.163971
v -36.575813 3.323572 175.146729
v -36.316517 0.005817 174.325775
v -36.433773 0.005818 174.696793
v -36.316517 3.035175 174.325775
v -36.433769 3.035176 174.696793
v -36.250881 3.035175 174.344299
v -36.367973 3.035176 174.714737
v -36.250889 0.005817 174.344315
v -36.367977 0.005817 174.714737
v -36.375160 0.005817 174.511276
v -36.309444 0.005817 174.529526
v -36.309441 3.323572 174.529510
v -36.375156 3.323571 174.511276
v -36.115456 0.005817 173.690414
v -36.232895 0.005817 174.061386
v -36.115456 3.035175 173.690414
v -36.232891 3.035175 174.061386
v -36.050117 3.035175 173.709961
v -36.167377 3.035175 174.080338
v -36.050117 0.005817 173.709961
v -36.167385 0.005817 174.080353
v -36.174191 0.005817 173.875900
v -36.108765 0.005817 173.895157
v -36.108761 3.323571 173.895142
v -36.174187 3.323571 173.875900
v -35.975666 3.323570 173.249329
v -36.034458 3.035175 173.434784
v -35.910545 3.323570 173.269562
v -35.969242 3.035174 173.454727
v -35.910545 0.005816 173.269562
v -35.969250 0.005816 173.454742
v -35.975670 0.005816 173.249329
v -36.034466 0.005816 173.434784
v -35.851814 0.005816 173.084412
v -35.916851 0.005816 173.063873
v -35.851814 3.035174 173.084396
v -35.916843 3.035174 173.063858
v -36.917820 0.005820 176.232330
v -37.034519 0.005820 176.603485
v -36.917812 3.035177 176.232330
v -37.034515 3.035178 176.603485
v -36.851395 3.035177 176.247818
v -36.967960 3.035178 176.618378
v -36.851398 0.005819 176.247818
v -36.967964 0.005820 176.618378
v -36.976181 0.005820 176.417908
v -36.909691 0.005820 176.433090
v -36.909687 3.323574 176.433090
v -36.976177 3.323574 176.417908
v -37.323986 1.183640 178.796326
v -37.256798 1.183640 178.808029
v -37.323986 0.870986 178.796341
v -37.256798 0.870986 178.808029
v -35.778610 2.261359 172.848801
v -35.713699 2.261359 172.869720
v -35.778610 2.574017 172.848801
v -35.713699 2.574017 172.869720
v -37.253769 0.005821 177.515930
v -37.295185 0.005821 177.901581
v -37.253761 3.035179 177.515930
v -37.295181 3.035179 177.901581
v -37.186909 3.035179 177.529404
v -37.228222 3.035179 177.914520
v -37.186916 0.005821 177.529404
v -37.228222 0.005821 177.914520
v -37.274487 0.005821 177.708740
v -37.207577 0.005821 177.721954
v -37.207573 3.323575 177.721954
v -37.274487 3.323575 177.708740
v -35.954979 -0.005918 172.790100
v -35.596073 -0.005917 172.905716
v -35.954975 3.097286 172.790100
v -35.596073 3.097286 172.905716
v -35.836773 3.097285 172.417969
v -35.478920 3.097285 172.536804
v -35.836777 -0.005918 172.417969
v -35.478924 -0.005918 172.536804
v -35.775528 -0.005917 172.847916
v -35.657852 -0.005918 172.477386
v -35.657845 3.097285 172.477386
v -35.775528 3.097286 172.847916
v -35.895885 3.097285 172.604019
v -35.716698 3.321721 172.662643
v -35.537506 3.097286 172.721252
v -35.537506 -0.005918 172.721252
v -35.716702 -0.005918 172.662643
v -35.895893 -0.005918 172.604034
v -38.271294 -0.005903 186.077072
v -37.894287 -0.005903 186.084167
v -38.271290 3.097300 186.077057
v -37.894287 3.097301 186.084152
v -38.231720 3.097300 185.689972
v -37.854782 3.097300 185.700134
v -38.231724 -0.005903 185.689972
v -37.854786 -0.005903 185.700134
v -38.082790 -0.005903 186.080612
v -38.043255 -0.005903 185.695053
v -38.043251 3.097300 185.695053
v -38.082790 3.097300 186.080612
v -38.251518 3.097300 185.883530
v -38.063030 3.321736 185.887848
v -37.874542 3.097300 185.892151
v -37.874542 -0.005903 185.892151
v -38.063034 -0.005903 185.887848
v -38.251522 -0.005903 185.883530
v -38.049870 0.005829 185.082413
v -38.089531 0.005829 185.468277
v -38.049862 3.035187 185.082413
v -38.089527 3.035187 185.468262
v -37.981716 3.035187 185.085114
v -38.021362 3.035187 185.470428
v -37.981724 0.005829 185.085129
v -38.021366 0.005830 185.470428
v -38.069706 0.005829 185.275345
v -38.001553 0.005829 185.277771
v -38.001549 3.323583 185.277771
v -38.069706 3.323583 185.275330
v -37.775723 0.005826 182.439270
v -37.816002 0.005827 182.825089
v -37.775719 3.035184 182.439270
v -37.816002 3.035185 182.825089
v -37.707832 3.035184 182.445770
v -37.748062 3.035184 182.831024
v -37.707840 0.005826 182.445770
v -37.748066 0.005826 182.831039
v -37.795876 0.005826 182.632187
v -37.727962 0.005826 182.638397
v -37.727959 3.323581 182.638397
v -37.795872 3.323580 182.632172
v -37.913322 0.005828 183.760818
v -37.953293 0.005828 184.146652
v -37.913319 3.035186 183.760803
v -37.953293 3.035186 184.146637
v -37.845276 3.035186 183.765411
v -37.885212 3.035186 184.150696
v -37.845280 0.005828 183.765411
v -37.885216 0.005828 184.150696
v -37.933319 0.005828 183.953720
v -37.865261 0.005828 183.958054
v -37.865253 3.323582 183.958054
v -37.933315 3.323582 183.953720
v -38.045837 2.900131 185.694138
v -37.977665 2.900131 185.695969
v -38.045837 2.575006 185.694138
v -37.977665 2.575006 185.695969
v -37.406368 2.574999 179.570404
v -37.339001 2.574999 179.580994
v -37.406368 2.900124 179.570404
v -37.339001 2.900124 179.580994
v -38.045834 0.867085 185.694138
v -37.977661 0.867085 185.695984
v -38.045834 0.541960 185.694138
v -37.977661 0.541960 185.695984
v -37.406368 0.541953 179.570419
v -37.339001 0.541953 179.581009
v -37.406368 0.867078 179.570419
v -37.339001 0.867078 179.581009
v -37.706528 0.005826 181.778549
v -37.746967 0.005826 182.164352
v -37.706528 3.035183 181.778534
v -37.746964 3.035184 182.164337
v -37.638737 3.035183 181.785980
v -37.679115 3.035184 182.171234
v -37.638741 0.005826 181.785980
v -37.679119 0.005826 182.171234
v -37.726761 0.005826 181.971436
v -37.658939 0.005826 181.978607
v -37.658939 3.323580 181.978592
v -37.726757 3.323579 181.971436
v -37.637081 0.005824 181.117844
v -37.677666 0.005825 181.503616
v -37.637081 3.035183 181.117844
v -37.677662 3.035183 181.503616
v -37.569397 3.035183 181.126221
v -37.609917 3.035183 181.511444
v -37.569397 0.005825 181.126221
v -37.609921 0.005825 181.511444
v -37.657383 0.005825 181.310730
v -37.589668 0.005825 181.318832
v -37.589668 3.323579 181.318832
v -37.657387 3.323579 181.310730
v -37.567360 0.005824 180.457169
v -37.608105 0.005825 180.842941
v -37.567360 3.035182 180.457169
v -37.608101 3.035183 180.842926
v -37.499802 3.035182 180.466492
v -37.540470 3.035182 180.851700
v -37.499802 0.005824 180.466492
v -37.540470 0.005825 180.851700
v -37.587746 0.005824 180.650055
v -37.520145 0.005825 180.659088
v -37.520142 3.323578 180.659088
v -37.587738 3.323578 180.650040
v -37.518799 3.323577 179.998459
v -37.539230 3.035182 180.191330
v -37.451336 3.323578 180.008423
v -37.471725 3.035182 180.201019
v -37.451332 0.005824 180.008438
v -37.471729 0.005823 180.201019
v -37.518799 0.005824 179.998459
v -37.539234 0.005823 180.191330
v -37.430920 0.005823 179.815842
v -37.498344 0.005823 179.805588
v -37.430916 3.035181 179.815826
v -37.498344 3.035181 179.805588
v -37.844654 0.005827 183.100037
v -37.884781 0.005827 183.485855
v -37.844650 3.035185 183.100021
v -37.884777 3.035186 183.485855
v -37.776676 3.035185 183.105576
v -37.816757 3.035185 183.490860
v -37.776680 0.005827 183.105576
v -37.816761 0.005827 183.490860
v -37.864731 0.005827 183.292938
v -37.796734 0.005827 183.298218
v -37.796730 3.323581 183.298218
v -37.864727 3.323581 183.292938
v -38.045715 1.183648 185.692963
v -37.977547 1.183648 185.694809
v -38.045715 0.870994 185.692978
v -37.977547 0.870994 185.694809
v -37.406433 2.261367 179.571014
v -37.339066 2.261367 179.581604
v -37.406433 2.574024 179.571014
v -37.339066 2.574024 179.581604
v -37.981728 0.005828 184.421600
v -38.021545 0.005829 184.807449
v -37.981720 3.035187 184.421600
v -38.021542 3.035187 184.807449
v -37.913620 3.035187 184.425262
v -37.953415 3.035187 184.810547
v -37.913628 0.005828 184.425262
v -37.953415 0.005829 184.810547
v -38.001644 0.005828 184.614532
v -37.933533 0.005828 184.617920
v -37.933529 3.323583 184.617905
v -38.001640 3.323583 184.614517
v -37.589851 -0.005910 179.540344
v -37.217358 -0.005910 179.598923
v -37.589855 3.097293 179.540344
v -37.217358 3.097293 179.598923
v -37.548630 3.097293 179.153412
v -37.176620 3.097293 179.215012
v -37.548634 -0.005911 179.153412
v -37.176624 -0.005910 179.215012
v -37.403606 -0.005910 179.569641
v -37.362633 -0.005910 179.184219
v -37.362633 3.097293 179.184204
v -37.403610 3.097293 179.569641
v -37.569252 3.097293 179.346878
v -37.383133 3.321728 179.376923
v -37.197002 3.097293 179.406967
v -37.197002 -0.005910 179.406967
v -37.383129 -0.005910 179.376923
v -37.569256 -0.005910 179.346893
v -37.754917 -0.005896 193.014984
v -37.381050 -0.005895 192.965942
v -37.754913 3.097308 193.014984
v -37.381046 3.097308 192.965942
v -37.790920 3.097307 192.627167
v -37.416653 3.097307 192.581238
v -37.790924 -0.005896 192.627167
v -37.416656 -0.005896 192.581238
v -37.567978 -0.005895 192.990463
v -37.603790 -0.005895 192.604202
v -37.603786 3.097307 192.604202
v -37.567978 3.097308 192.990463
v -37.772930 3.097307 192.821075
v -37.585896 3.321743 192.797333
v -37.398861 3.097308 192.773590
v -37.398865 -0.005896 192.773590
v -37.585896 -0.005896 192.797333
v -37.772930 -0.005896 192.821075
v -37.729218 0.005837 192.000702
v -37.693508 0.005837 192.387299
v -37.729218 3.035194 192.000702
v -37.693508 3.035195 192.387299
v -37.661423 3.035194 191.993286
v -37.625778 3.035195 192.379333
v -37.661427 0.005837 191.993286
v -37.625782 0.005837 192.379333
v -37.711376 0.005837 192.194000
v -37.643612 0.005837 192.186310
v -37.643608 3.323591 192.186310
v -37.711372 3.323591 192.194000
v -37.971272 0.005834 189.352112
v -37.936214 0.005834 189.738754
v -37.971268 3.035191 189.352097
v -37.936214 3.035192 189.738739
v -37.903156 3.035191 189.348572
v -37.868137 3.035192 189.734665
v -37.903160 0.005834 189.348587
v -37.868141 0.005834 189.734665
v -37.953754 0.005834 189.545425
v -37.885666 0.005834 189.541626
v -37.885662 3.323588 189.541626
v -37.953754 3.323588 189.545425
v -37.850803 0.005835 190.676453
v -37.815422 0.005835 191.063080
v -37.850803 3.035193 190.676437
v -37.815426 3.035194 191.063080
v -37.782822 3.035193 190.670975
v -37.747490 3.035194 191.057037
v -37.782825 0.005835 190.670990
v -37.747494 0.005836 191.057053
v -37.833126 0.005835 190.869766
v -37.765171 0.005835 190.864014
v -37.765167 3.323589 190.864014
v -37.833126 3.323589 190.869766
v -37.606518 2.900138 192.603668
v -37.538830 2.900138 192.595367
v -37.606518 2.575013 192.603668
v -37.538830 2.575013 192.595367
v -38.125038 2.575006 186.467346
v -38.056843 2.575006 186.468063
v -38.125038 2.900131 186.467346
v -38.056843 2.900131 186.468063
v -37.606514 0.867092 192.603668
v -37.538826 0.867092 192.595367
v -37.606514 0.541967 192.603668
v -37.538826 0.541967 192.595367
v -38.125034 0.541960 186.467346
v -38.056839 0.541960 186.468063
v -38.125034 0.867085 186.467346
v -38.056839 0.867085 186.468063
v -38.031086 0.005833 188.689911
v -37.996197 0.005834 189.076569
v -38.031086 3.035191 188.689911
v -37.996193 3.035191 189.076553
v -37.962933 3.035191 188.687363
v -37.928062 3.035191 189.073441
v -37.962933 0.005833 188.687363
v -37.928066 0.005834 189.073456
v -38.013649 0.005834 188.883240
v -37.945507 0.005834 188.880417
v -37.945507 3.323587 188.880402
v -38.013649 3.323587 188.883224
v -38.090626 0.005832 188.027710
v -38.055889 0.005832 188.414368
v -38.090618 3.035191 188.027695
v -38.055889 3.035191 188.414368
v -38.022434 3.035190 188.026138
v -37.987720 3.035191 188.412231
v -38.022438 0.005832 188.026138
v -37.987724 0.005833 188.412231
v -38.073269 0.005832 188.221039
v -38.005093 0.005833 188.219177
v -38.005093 3.323586 188.219177
v -38.073265 3.323586 188.221024
v -38.149876 0.005831 187.365479
v -38.115311 0.005832 187.752151
v -38.149872 3.035190 187.365479
v -38.115307 3.035190 187.752136
v -38.081676 3.035190 187.364899
v -38.047115 3.035190 187.750977
v -38.081680 0.005831 187.364899
v -38.047115 0.005832 187.750992
v -38.132603 0.005832 187.558807
v -38.064411 0.005832 187.557938
v -38.064407 3.323585 187.557938
v -38.132603 3.323585 187.558807
v -38.190853 3.323585 186.905670
v -38.173637 3.035189 187.098999
v -38.122654 3.323585 186.905762
v -38.105438 3.035189 187.098816
v -38.122658 0.005831 186.905762
v -38.105442 0.005831 187.098816
v -38.190857 0.005831 186.905670
v -38.173645 0.005831 187.099014
v -38.139847 0.005831 186.712723
v -38.208042 0.005831 186.712341
v -38.139843 3.035189 186.712708
v -38.208042 3.035189 186.712341
v -37.911171 0.005834 190.014282
v -37.875954 0.005835 190.400925
v -37.911171 3.035192 190.014282
v -37.875954 3.035193 190.400925
v -37.843117 3.035192 190.009796
v -37.807941 3.035193 190.395859
v -37.843121 0.005834 190.009796
v -37.807945 0.005835 190.395859
v -37.893574 0.005834 190.207611
v -37.825542 0.005835 190.202835
v -37.825542 3.323589 190.202820
v -37.893578 3.323589 190.207596
v -37.606625 1.183655 192.602509
v -37.538937 1.183655 192.594208
v -37.606625 0.871001 192.602509
v -37.538937 0.871001 192.594208
v -38.125099 2.261374 186.467926
v -38.056904 2.261374 186.468658
v -38.125099 2.574031 186.467926
v -38.056904 2.574031 186.468658
v -37.790150 0.005836 191.338593
v -37.754604 0.005836 191.725204
v -37.790150 3.035194 191.338593
v -37.754604 3.035194 191.725204
v -37.722256 3.035193 191.332153
v -37.686764 3.035194 191.718201
v -37.722256 0.005836 191.332153
v -37.686764 0.005836 191.718201
v -37.772392 0.005836 191.531906
v -37.704521 0.005836 191.525177
v -37.704521 3.323590 191.525177
v -37.772388 3.323590 191.531891
v -38.310768 -0.005903 186.464172
v -37.933716 -0.005903 186.468201
v -38.310764 3.097301 186.464172
v -37.933712 3.097301 186.468201
v -38.271290 3.097300 186.077072
v -37.894287 3.097300 186.084167
v -38.271294 -0.005903 186.077072
v -37.894287 -0.005903 186.084167
v -38.122242 -0.005903 186.466187
v -38.082790 -0.005903 186.080627
v -38.082790 3.097300 186.080612
v -38.122238 3.097301 186.466187
v -38.291039 3.097300 186.270615
v -38.102528 3.321736 186.273392
v -37.914005 3.097300 186.276184
v -37.914005 -0.005903 186.276184
v -38.102531 -0.005903 186.273407
v -38.291039 -0.005903 186.270615
v -36.314144 -0.005888 199.815445
v -35.953278 -0.005888 199.706100
v -36.314144 3.097315 199.815445
v -35.953278 3.097315 199.706100
v -36.430801 3.097315 199.441589
v -36.068874 3.097314 199.335785
v -36.430801 -0.005888 199.441589
v -36.068874 -0.005888 199.335785
v -36.133713 -0.005888 199.760773
v -36.249840 -0.005888 199.388702
v -36.249840 3.097314 199.388702
v -36.133709 3.097315 199.760773
v -36.372490 3.097315 199.628525
v -36.191788 3.321751 199.574738
v -36.011089 3.097315 199.520966
v -36.011089 -0.005888 199.520966
v -36.191788 -0.005888 199.574738
v -36.372490 -0.005888 199.628525
v -36.500172 0.005844 198.818481
v -36.384129 0.005844 199.191025
v -36.500168 3.035202 198.818481
v -36.384129 3.035202 199.191025
v -36.434422 3.035202 198.800369
v -36.318558 3.035203 199.172272
v -36.434422 0.005844 198.800369
v -36.318562 0.005844 199.172272
v -36.442162 0.005845 199.004761
v -36.376507 0.005844 198.986328
v -36.376503 3.323598 198.986328
v -36.442162 3.323598 199.004761
v -37.291695 0.005841 196.265625
v -37.176525 0.005842 196.638367
v -37.291695 3.035199 196.265625
v -37.176525 3.035199 196.638367
v -37.224880 3.035199 196.251953
v -37.109848 3.035199 196.624023
v -37.224880 0.005841 196.251953
v -37.109848 0.005842 196.624023
v -37.234127 0.005841 196.451996
v -37.167381 0.005842 196.438004
v -37.167377 3.323595 196.438004
v -37.234127 3.323595 196.451996
v -36.896683 0.005842 197.542236
v -36.781071 0.005843 197.914886
v -36.896679 3.035201 197.542236
v -36.781071 3.035201 197.914886
v -36.830360 3.035201 197.526337
v -36.714909 3.035201 197.898331
v -36.830360 0.005842 197.526337
v -36.714912 0.005843 197.898331
v -36.838898 0.005843 197.728561
v -36.772655 0.005843 197.712326
v -36.772652 3.323596 197.712326
v -36.838894 3.323596 197.728561
v -36.252659 2.900145 199.388641
v -36.187202 2.900145 199.369507
v -36.252659 2.575020 199.388641
v -36.187202 2.575020 199.369507
v -37.534618 2.575014 193.378281
v -37.467079 2.575014 193.368835
v -37.534618 2.900139 193.378281
v -37.467079 2.900139 193.368835
v -36.252655 0.867100 199.388641
v -36.187199 0.867100 199.369507
v -36.252655 0.541975 199.388641
v -36.187199 0.541975 199.369507
v -37.534615 0.541968 193.378281
v -37.467075 0.541968 193.368835
v -37.534615 0.867093 193.378281
v -37.467075 0.867093 193.368835
v -37.392086 0.005841 195.610352
v -37.355503 0.005841 195.996811
v -37.392086 3.035199 195.610352
v -37.355499 3.035199 195.996811
v -37.325073 3.035198 195.597687
v -37.288593 3.035199 195.983582
v -37.325077 0.005840 195.597687
v -37.288597 0.005841 195.983582
v -37.373810 0.005841 195.803574
v -37.306850 0.005841 195.790619
v -37.306847 3.323594 195.790619
v -37.373806 3.323595 195.803574
v -37.454529 0.005839 194.948441
v -37.418110 0.005840 195.334930
v -37.454529 3.035198 194.948441
v -37.418106 3.035198 195.334930
v -37.387344 3.035198 194.936737
v -37.351017 3.035198 195.322662
v -37.387348 0.005840 194.936737
v -37.351021 0.005841 195.322662
v -37.436325 0.005840 195.141693
v -37.369194 0.005840 195.129700
v -37.369190 3.323594 195.129700
v -37.436325 3.323594 195.141693
v -37.516701 0.005839 194.286499
v -37.480431 0.005839 194.673019
v -37.516697 3.035197 194.286499
v -37.480431 3.035197 194.673019
v -37.449348 3.035197 194.275757
v -37.413177 3.035197 194.661713
v -37.449352 0.005839 194.275757
v -37.413181 0.005839 194.661713
v -37.498577 0.005839 194.479752
v -37.431282 0.005839 194.468719
v -37.431278 3.323593 194.468719
v -37.498577 3.323593 194.479752
v -37.559704 3.323593 193.826859
v -37.541641 3.035196 194.020111
v -37.492252 3.323593 193.816772
v -37.474232 3.035196 194.009750
v -37.492256 0.005838 193.816772
v -37.474236 0.005839 194.009750
v -37.559708 0.005838 193.826859
v -37.541641 0.005839 194.020111
v -37.510254 0.005838 193.623779
v -37.577751 0.005838 193.633575
v -37.510254 3.035197 193.623779
v -37.577747 3.035197 193.633575
v -37.094379 0.005842 196.903961
v -36.978989 0.005842 197.276672
v -37.094376 3.035200 196.903961
v -36.978985 3.035200 197.276672
v -37.027798 3.035200 196.889175
v -36.912556 3.035200 197.261230
v -37.027802 0.005842 196.889175
v -36.912556 0.005843 197.261230
v -37.036697 0.005842 197.090332
v -36.970192 0.005842 197.075211
v -36.970192 3.323596 197.075211
v -37.036694 3.323596 197.090332
v -36.253010 1.183663 199.387497
v -36.187553 1.183662 199.368362
v -36.253006 0.871008 199.387497
v -36.187550 0.871008 199.368362
v -37.534565 2.261382 193.378891
v -37.467022 2.261382 193.369446
v -37.534565 2.574039 193.378891
v -37.467022 2.574039 193.369446
v -36.698612 0.005844 198.180420
v -36.582790 0.005844 198.553009
v -36.698608 3.035201 198.180420
v -36.582787 3.035201 198.553009
v -36.632568 3.035201 198.163406
v -36.516914 3.035201 198.535339
v -36.632572 0.005844 198.163406
v -36.516914 0.005844 198.535339
v -36.640713 0.005843 198.366714
v -36.574757 0.005843 198.349365
v -36.574757 3.323597 198.349365
v -36.640709 3.323597 198.366714
v -37.718800 -0.005895 193.402817
v -37.345360 -0.005895 193.350632
v -37.718800 3.097308 193.402817
v -37.345356 3.097308 193.350632
v -37.754913 3.097308 193.014999
v -37.381046 3.097308 192.965942
v -37.754917 -0.005896 193.014999
v -37.381050 -0.005895 192.965942
v -37.532082 -0.005895 193.376724
v -37.567978 -0.005895 192.990479
v -37.567978 3.097308 192.990479
v -37.532078 3.097308 193.376724
v -37.736870 3.097308 193.208908
v -37.550041 3.321744 193.183594
v -37.363213 3.097308 193.158295
v -37.363213 -0.005895 193.158295
v -37.550045 -0.005895 193.183594
v -37.736874 -0.005895 193.208908
v -33.837814 -0.005881 206.344925
v -33.503353 -0.005881 206.170807
v -33.837811 3.097323 206.344925
v -33.503349 3.097322 206.170807
v -34.044392 3.097322 206.007843
v -33.707809 3.097322 205.837860
v -34.044392 -0.005881 206.007843
v -33.707809 -0.005881 205.837860
v -33.670586 -0.005881 206.257874
v -33.876102 -0.005881 205.922852
v -33.876102 3.097322 205.922852
v -33.670582 3.097323 206.257874
v -33.941128 3.097322 206.176392
v -33.773365 3.321758 206.090363
v -33.605598 3.097322 206.004333
v -33.605598 -0.005881 206.004333
v -33.773369 -0.005881 206.090363
v -33.941132 -0.005881 206.176392
v -34.263371 0.005851 205.422791
v -34.057899 0.005852 205.758484
v -34.263371 3.035210 205.422791
v -34.057896 3.035210 205.758484
v -34.201908 3.035209 205.393234
v -33.996799 3.035210 205.728180
v -34.201908 0.005851 205.393234
v -33.996803 0.005852 205.728180
v -34.160660 0.005852 205.590637
v -34.099377 0.005852 205.560715
v -34.099373 3.323606 205.560715
v -34.160656 3.323606 205.590637
v -35.210892 0.005848 202.933090
v -35.093479 0.005849 203.305161
v -35.210892 3.035207 202.933090
v -35.093479 3.035207 203.305161
v -35.147476 3.035207 202.907990
v -35.030319 3.035207 203.279419
v -35.147480 0.005848 202.907990
v -35.030323 0.005849 203.279419
v -35.152199 0.005849 203.119125
v -35.088913 0.005849 203.093704
v -35.088913 3.323602 203.093704
v -35.152199 3.323603 203.119125
v -34.808235 0.005850 204.207291
v -34.690411 0.005850 204.579193
v -34.808235 3.035208 204.207291
v -34.690411 3.035208 204.579193
v -34.745701 3.035208 204.180069
v -34.628151 3.035209 204.551361
v -34.745705 0.005850 204.180069
v -34.628151 0.005850 204.551361
v -34.749336 0.005850 204.393250
v -34.686939 0.005850 204.365723
v -34.686939 3.323604 204.365723
v -34.749336 3.323604 204.393250
v -33.878944 2.900153 205.923309
v -33.818069 2.900153 205.892578
v -33.878944 2.575028 205.923309
v -33.818069 2.575028 205.892578
v -36.019657 2.575021 200.134766
v -35.954590 2.575021 200.114349
v -36.019657 2.900146 200.134766
v -35.954590 2.900146 200.114349
v -33.878941 0.867107 205.923309
v -33.818066 0.867107 205.892578
v -33.878941 0.541982 205.923309
v -33.818066 0.541982 205.892578
v -36.019653 0.541975 200.134766
v -35.954586 0.541975 200.114349
v -36.019653 0.867100 200.134766
v -35.954586 0.867100 200.114349
v -35.411686 0.005847 202.295776
v -35.294487 0.005848 202.667923
v -35.411686 3.035206 202.295776
v -35.294483 3.035207 202.667923
v -35.347862 3.035206 202.271729
v -35.230900 3.035206 202.643250
v -35.347862 0.005847 202.271729
v -35.230904 0.005848 202.643250
v -35.353100 0.005848 202.481857
v -35.289398 0.005848 202.457489
v -35.289394 3.323602 202.457504
v -35.353100 3.323602 202.481857
v -35.612118 0.005847 201.658325
v -35.495129 0.005847 202.030548
v -35.612118 3.035205 201.658325
v -35.495129 3.035206 202.030548
v -35.547905 3.035205 201.635361
v -35.431145 3.035206 202.006958
v -35.547905 0.005847 201.635361
v -35.431145 0.005847 202.006958
v -35.553642 0.005847 201.844437
v -35.489540 0.005848 201.821167
v -35.489536 3.323601 201.821167
v -35.553638 3.323601 201.844437
v -35.812195 0.005847 201.020752
v -35.695419 0.005847 201.393051
v -35.812195 3.035204 201.020752
v -35.695415 3.035205 201.393051
v -35.747604 3.035204 200.998856
v -35.631042 3.035205 201.370529
v -35.747604 0.005847 200.998856
v -35.631046 0.005847 201.370529
v -35.753822 0.005847 201.206909
v -35.689339 0.005847 201.184692
v -35.689339 3.323601 201.184692
v -35.753819 3.323601 201.206909
v -35.950897 3.323600 200.577972
v -35.892601 3.035204 200.764160
v -35.886059 3.323600 200.556824
v -35.827862 3.035204 200.742706
v -35.886063 0.005846 200.556824
v -35.827866 0.005846 200.742706
v -35.950897 0.005846 200.577972
v -35.892601 0.005846 200.764160
v -35.944229 0.005846 200.370972
v -36.009167 0.005846 200.391785
v -35.944225 3.035204 200.370972
v -36.009167 3.035204 200.391785
v -35.009739 0.005849 203.570267
v -34.892124 0.005850 203.942230
v -35.009739 3.035207 203.570267
v -34.892124 3.035208 203.942230
v -34.946758 3.035208 203.544098
v -34.829395 3.035208 203.915451
v -34.946758 0.005849 203.544098
v -34.829399 0.005850 203.915451
v -34.950947 0.005849 203.756256
v -34.888096 0.005849 203.729782
v -34.888096 3.323604 203.729782
v -34.950947 3.323603 203.756256
v -33.879555 1.183670 205.922302
v -33.818680 1.183670 205.891571
v -33.879555 0.871016 205.922302
v -33.818680 0.871016 205.891571
v -36.019482 2.261389 200.135345
v -35.954414 2.261389 200.114929
v -36.019482 2.574047 200.135345
v -35.954414 2.574047 200.114929
v -34.606380 0.005851 204.844177
v -34.409687 0.005851 205.183502
v -34.606377 3.035209 204.844177
v -34.409687 3.035209 205.183502
v -34.544312 3.035209 204.815903
v -34.347965 3.035209 205.154495
v -34.544312 0.005851 204.815903
v -34.347965 0.005851 205.154495
v -34.512295 0.005851 205.015594
v -34.450390 0.005851 204.986969
v -34.450390 3.323605 204.986969
v -34.512291 3.323605 205.015594
v -36.197361 -0.005888 200.189255
v -35.837574 -0.005888 200.076385
v -36.197357 3.097316 200.189255
v -35.837570 3.097316 200.076385
v -36.314144 3.097315 199.815445
v -35.953278 3.097315 199.706100
v -36.314144 -0.005888 199.815445
v -35.953278 -0.005888 199.706100
v -36.017471 -0.005888 200.132812
v -36.133713 -0.005888 199.760773
v -36.133709 3.097315 199.760773
v -36.017467 3.097316 200.132812
v -36.255772 3.097315 200.002350
v -36.075607 3.321751 199.946808
v -35.895439 3.097315 199.891235
v -35.895443 -0.005888 199.891235
v -36.075607 -0.005888 199.946808
v -36.255772 -0.005888 200.002350
v -30.109644 -0.005873 212.355209
v -29.821409 -0.005873 212.112106
v -30.109642 3.097330 212.355209
v -29.821407 3.097330 212.112106
v -30.319595 3.097330 212.020355
v -30.028383 3.097330 211.780823
v -30.319597 -0.005874 212.020355
v -30.028385 -0.005874 211.780823
v -29.965525 -0.005873 212.233658
v -30.173992 -0.005874 211.900589
v -30.173990 3.097330 211.900589
v -29.965523 3.097330 212.233658
v -30.214642 3.097330 212.187805
v -30.069775 3.321766 212.067139
v -29.924910 3.097330 211.946472
v -29.924911 -0.005873 211.946472
v -30.069777 -0.005873 212.067139
v -30.214643 -0.005873 212.187805
v -30.557867 0.005859 211.416473
v -30.349251 0.005859 211.750183
v -30.557865 3.035217 211.416473
v -30.349249 3.035217 211.750183
v -30.504360 3.035217 211.374191
v -30.296267 3.035217 211.707245
v -30.504362 0.005859 211.374191
v -30.296268 0.005860 211.707245
v -30.453579 0.005859 211.583359
v -30.400335 0.005859 211.540741
v -30.400333 3.323613 211.540741
v -30.453577 3.323613 211.583359
v -31.982512 0.005856 209.127045
v -31.775038 0.005857 209.461609
v -31.982508 3.035214 209.127045
v -31.775036 3.035214 209.461609
v -31.925625 3.035214 209.089417
v -31.718622 3.035215 209.423279
v -31.925627 0.005856 209.089417
v -31.718624 0.005857 209.423279
v -31.878796 0.005856 209.294342
v -31.822147 0.005856 209.256363
v -31.822145 3.323610 209.256348
v -31.878794 3.323610 209.294342
v -31.271173 0.005858 210.272491
v -31.063124 0.005858 210.606628
v -31.271172 3.035215 210.272491
v -31.063124 3.035216 210.606628
v -31.215929 3.035215 210.232483
v -31.008377 3.035216 210.565948
v -31.215931 0.005858 210.232483
v -31.008379 0.005858 210.565948
v -31.167170 0.005858 210.439560
v -31.112175 0.005858 210.399231
v -31.112173 3.323611 210.399231
v -31.167168 3.323611 210.439560
v -30.176516 2.900160 211.901550
v -30.123844 2.900160 211.858231
v -30.176516 2.575035 211.901550
v -30.123844 2.575035 211.858231
v -33.466602 2.575029 206.595093
v -33.406506 2.575028 206.562866
v -33.466602 2.900154 206.595093
v -33.406506 2.900154 206.562866
v -30.176514 0.867115 211.901550
v -30.123842 0.867114 211.858231
v -30.176512 0.541990 211.901550
v -30.123840 0.541990 211.858231
v -33.466599 0.541983 206.595093
v -33.406502 0.541983 206.562866
v -33.466599 0.867108 206.595093
v -33.406502 0.867108 206.562866
v -32.337418 0.005855 208.553818
v -32.130249 0.005856 208.888565
v -32.337414 3.035213 208.553818
v -32.130245 3.035214 208.888565
v -32.279758 3.035213 208.517410
v -32.073036 3.035214 208.851440
v -32.279758 0.005855 208.517410
v -32.073036 0.005856 208.851440
v -32.233852 0.005856 208.721207
v -32.176414 0.005856 208.684448
v -32.176414 3.323609 208.684448
v -32.233852 3.323609 208.721207
v -32.691811 0.005854 207.980270
v -32.484947 0.005855 208.315201
v -32.691807 3.035213 207.980270
v -32.484947 3.035213 208.315201
v -32.633392 3.035213 207.945084
v -32.426960 3.035213 208.279297
v -32.633392 0.005855 207.945084
v -32.426964 0.005855 208.279297
v -32.588394 0.005855 208.147751
v -32.530197 0.005855 208.112198
v -32.530197 3.323609 208.112198
v -32.588394 3.323608 208.147751
v -33.045681 0.005854 207.406403
v -32.839119 0.005854 207.741516
v -33.045677 3.035212 207.406403
v -32.839115 3.035213 207.741516
v -32.986530 3.035212 207.372452
v -32.780388 3.035213 207.706848
v -32.986530 0.005854 207.372452
v -32.780388 0.005854 207.706848
v -32.942425 0.005854 207.573959
v -32.883488 0.005854 207.539658
v -32.883488 3.323608 207.539658
v -32.942425 3.323608 207.573959
v -33.291073 3.323607 207.007767
v -33.187931 3.035212 207.175400
v -33.231441 3.323608 206.974686
v -33.128490 3.035212 207.141953
v -33.231441 0.005853 206.974686
v -33.128494 0.005854 207.141953
v -33.291077 0.005853 207.007767
v -33.187931 0.005853 207.175400
v -33.334343 0.005853 206.807388
v -33.394184 0.005853 206.840103
v -33.334343 3.035211 206.807388
v -33.394184 3.035211 206.840103
v -31.627090 0.005857 209.699951
v -31.419329 0.005857 210.034286
v -31.627089 3.035214 209.699951
v -31.419327 3.035215 210.034286
v -31.571012 3.035215 209.661133
v -31.363733 3.035215 209.994781
v -31.571014 0.005857 209.661133
v -31.363735 0.005858 209.994781
v -31.523232 0.005857 209.867126
v -31.467396 0.005857 209.827972
v -31.467394 3.323611 209.827972
v -31.523230 3.323611 209.867126
v -30.177141 1.183678 211.900543
v -30.124472 1.183678 211.857224
v -30.177141 0.871024 211.900543
v -30.124472 0.871024 211.857224
v -33.466286 2.261397 206.595612
v -33.406189 2.261397 206.563370
v -33.466286 2.574054 206.595612
v -33.406189 2.574054 206.563370
v -30.914762 0.005858 210.844666
v -30.706430 0.005858 211.178589
v -30.914761 3.035216 210.844666
v -30.706429 3.035217 211.178589
v -30.860374 3.035216 210.803513
v -30.652552 3.035216 211.136780
v -30.860376 0.005858 210.803513
v -30.652554 0.005858 211.136780
v -30.810617 0.005858 211.011642
v -30.756485 0.005858 210.970169
v -30.756483 3.323612 210.970169
v -30.810616 3.323612 211.011642
v -33.631027 -0.005880 206.681915
v -33.298737 -0.005880 206.503677
v -33.631027 3.097323 206.681915
v -33.298737 3.097323 206.503677
v -33.837803 3.097323 206.344940
v -33.503342 3.097323 206.170807
v -33.837807 -0.005881 206.344940
v -33.503345 -0.005881 206.170807
v -33.464882 -0.005880 206.592804
v -33.670578 -0.005881 206.257874
v -33.670578 3.097323 206.257874
v -33.464882 3.097323 206.592804
v -33.734440 3.097323 206.513443
v -33.567745 3.321759 206.425354
v -33.401054 3.097323 206.337250
v -33.401058 -0.005880 206.337250
v -33.567749 -0.005880 206.425354
v -33.734440 -0.005880 206.513443
v -24.746981 -0.005866 217.056366
v -24.533031 -0.005866 216.745880
v -24.746981 3.097337 217.056366
v -24.533033 3.097337 216.745880
v -25.051294 3.097337 216.797913
v -24.832710 3.097337 216.490646
v -25.051294 -0.005866 216.797913
v -24.832710 -0.005866 216.490646
v -24.640007 -0.005865 216.901123
v -24.942001 -0.005866 216.644272
v -24.942003 3.097337 216.644272
v -24.640007 3.097337 216.901123
v -24.899160 3.097337 216.927170
v -24.791027 3.321773 216.772736
v -24.682890 3.097337 216.618286
v -24.682890 -0.005866 216.618286
v -24.791025 -0.005866 216.772736
v -24.899158 -0.005866 216.927170
v -25.460905 0.005866 216.293091
v -25.158548 0.005867 216.550735
v -25.460907 3.035224 216.293091
v -25.158550 3.035225 216.550735
v -25.420067 3.035224 216.238464
v -25.118532 3.035225 216.495514
v -25.420067 0.005866 216.238464
v -25.118532 0.005867 216.495514
v -25.309752 0.005867 216.421936
v -25.269321 0.005867 216.367020
v -25.269323 3.323620 216.367020
v -25.309752 3.323620 216.421936
v -27.527058 0.005863 214.521576
v -27.226038 0.005864 214.780853
v -27.527060 3.035221 214.521576
v -27.226040 3.035222 214.780853
v -27.480837 3.035221 214.471436
v -27.180574 3.035222 214.730026
v -27.480835 0.005863 214.471436
v -27.180574 0.005864 214.730026
v -27.376574 0.005864 214.651245
v -27.330727 0.005863 214.600769
v -27.330729 3.323617 214.600769
v -27.376575 3.323617 214.651245
v -26.495131 0.005864 215.408722
v -26.193420 0.005866 215.667206
v -26.495132 3.035223 215.408722
v -26.193422 3.035223 215.667206
v -26.451546 3.035223 215.356262
v -26.150623 3.035223 215.614105
v -26.451544 0.005865 215.356262
v -26.150621 0.005866 215.614105
v -26.344297 0.005865 215.537994
v -26.301105 0.005865 215.485214
v -26.301107 3.323619 215.485214
v -26.344299 3.323619 215.537994
v -24.944216 2.900168 216.645889
v -24.904682 2.900168 216.590317
v -24.944216 2.575043 216.645889
v -24.904682 2.575043 216.590317
v -29.716587 2.575036 212.535828
v -29.665060 2.575036 212.491150
v -29.716587 2.900161 212.535828
v -29.665060 2.900161 212.491150
v -24.944218 0.867122 216.645889
v -24.904684 0.867122 216.590317
v -24.944216 0.541997 216.645889
v -24.904682 0.541997 216.590317
v -29.716583 0.541991 212.535828
v -29.665056 0.541990 212.491150
v -29.716585 0.867115 212.535828
v -29.665058 0.867115 212.491150
v -28.042116 0.005863 214.077026
v -27.741444 0.005863 214.336670
v -28.042116 3.035221 214.077026
v -27.741446 3.035221 214.336670
v -27.994623 3.035221 214.028076
v -27.694693 3.035221 214.287018
v -27.994623 0.005863 214.028076
v -27.694691 0.005863 214.287018
v -27.891811 0.005863 214.206879
v -27.844687 0.005863 214.157562
v -27.844688 3.323617 214.157562
v -27.891815 3.323617 214.206879
v -28.556541 0.005862 213.631805
v -28.256250 0.005862 213.891830
v -28.556540 3.035220 213.631805
v -28.256250 3.035220 213.891830
v -28.507812 3.035220 213.584091
v -28.208239 3.035220 213.843399
v -28.507811 0.005862 213.584091
v -28.208239 0.005862 213.843399
v -28.406420 0.005862 213.761856
v -28.358046 0.005862 213.713776
v -28.358046 3.323616 213.713776
v -28.406422 3.323616 213.761856
v -29.070332 0.005861 213.185959
v -28.770414 0.005862 213.446350
v -29.070330 3.035219 213.185959
v -28.770412 3.035220 213.446350
v -29.020386 3.035219 213.139526
v -28.721170 3.035220 213.399170
v -29.020388 0.005861 213.139526
v -28.721172 0.005862 213.399170
v -28.920403 0.005862 213.316177
v -28.870808 0.005862 213.269363
v -28.870806 3.323615 213.269363
v -28.920401 3.323615 213.316177
v -29.426685 3.323615 212.876022
v -29.276894 3.035219 213.006378
v -29.375927 3.323615 212.830490
v -29.226475 3.035219 212.960449
v -29.375929 0.005861 212.830490
v -29.226477 0.005861 212.960449
v -29.426687 0.005861 212.876022
v -29.276896 0.005861 213.006378
v -29.525331 0.005861 212.700455
v -29.576429 0.005861 212.745636
v -29.525330 3.035218 212.700455
v -29.576427 3.035218 212.745636
v -27.011393 0.005864 214.965485
v -26.710016 0.005864 215.224396
v -27.011393 3.035222 214.965485
v -26.710018 3.035223 215.224396
v -26.966471 3.035222 214.914169
v -26.665871 3.035223 215.172394
v -26.966469 0.005864 214.914169
v -26.665869 0.005864 215.172394
v -26.860727 0.005865 215.094971
v -26.816191 0.005864 215.043304
v -26.816193 3.323618 215.043304
v -26.860729 3.323618 215.094971
v -24.945127 1.183685 216.645111
v -24.905590 1.183685 216.589539
v -24.945127 0.871031 216.645111
v -24.905594 0.871031 216.589539
v -29.716114 2.261404 212.536240
v -29.664589 2.261404 212.491577
v -29.716116 2.574061 212.536240
v -29.664591 2.574061 212.491577
v -25.978298 0.005866 215.851257
v -25.676266 0.005866 216.109329
v -25.978298 3.035223 215.851257
v -25.676266 3.035224 216.109329
v -25.936069 3.035223 215.797699
v -25.634844 3.035224 216.055145
v -25.936068 0.005866 215.797699
v -25.634844 0.005866 216.055145
v -25.827301 0.005866 215.980316
v -25.785475 0.005866 215.926453
v -25.785477 3.323620 215.926453
v -25.827303 3.323620 215.980316
v -29.857943 -0.005872 212.656784
v -29.573029 -0.005873 212.409790
v -29.857941 3.097330 212.656784
v -29.573027 3.097330 212.409790
v -30.109636 3.097331 212.355225
v -29.821402 3.097330 212.112106
v -30.109638 -0.005873 212.355225
v -29.821404 -0.005873 212.112106
v -29.715487 -0.005873 212.533279
v -29.965523 -0.005873 212.233673
v -29.965521 3.097331 212.233673
v -29.715485 3.097330 212.533279
v -30.004599 3.097330 212.522583
v -29.861237 3.321766 212.400146
v -29.717867 3.097331 212.277710
v -29.717869 -0.005873 212.277710
v -29.861235 -0.005873 212.400146
v -30.004601 -0.005873 212.522583
v -18.382725 -0.005858 220.124786
v -18.260029 -0.005858 219.768250
v -18.382725 3.097345 220.124786
v -18.260029 3.097345 219.768250
v -18.757841 3.097344 219.986526
v -18.629713 3.097344 219.631897
v -18.757839 -0.005859 219.986526
v -18.629711 -0.005858 219.631897
v -18.321377 -0.005858 219.946518
v -18.693777 -0.005859 219.809204
v -18.693779 3.097344 219.809204
v -18.321379 3.097345 219.946518
v -18.570303 3.097345 220.055695
v -18.507593 3.321780 219.877899
v -18.444885 3.097345 219.700089
v -18.444885 -0.005858 219.700089
v -18.507591 -0.005858 219.877899
v -18.570301 -0.005858 220.055695
v -19.307766 0.005874 219.656097
v -18.934807 0.005874 219.794128
v -19.307768 3.035232 219.656097
v -18.934809 3.035232 219.794128
v -19.283049 3.035232 219.592529
v -18.911064 3.035232 219.730209
v -19.283047 0.005874 219.592529
v -18.911062 0.005874 219.730209
v -19.121292 0.005874 219.725143
v -19.097059 0.005874 219.661392
v -19.097061 3.323627 219.661392
v -19.121294 3.323628 219.725143
v -21.859377 0.005871 218.702576
v -21.487295 0.005871 218.842621
v -21.859379 3.035229 218.702576
v -21.487297 3.035229 218.842621
v -21.828161 3.035229 218.641937
v -21.457008 3.035229 218.781509
v -21.828161 0.005871 218.641937
v -21.457006 0.005872 218.781509
v -21.673347 0.005871 218.772644
v -21.642591 0.005871 218.711761
v -21.642593 3.323625 218.711761
v -21.673347 3.323625 218.772644
v -20.584335 0.005872 219.181046
v -20.211798 0.005873 219.320084
v -20.584337 3.035231 219.181046
v -20.211800 3.035230 219.320084
v -20.556334 3.035230 219.118851
v -20.184746 3.035230 219.257477
v -20.556334 0.005872 219.118851
v -20.184746 0.005873 219.257477
v -20.398081 0.005872 219.250595
v -20.370550 0.005872 219.188202
v -20.370550 3.323627 219.188202
v -20.398081 3.323626 219.250595
v -18.695498 2.900175 219.811432
v -18.672321 2.900175 219.747284
v -18.695498 2.575050 219.811432
v -18.672321 2.575050 219.747284
v -24.338396 2.575044 217.160721
v -24.300549 2.575044 217.104004
v -24.338396 2.900169 217.160721
v -24.300549 2.900169 217.104004
v -18.695499 0.867129 219.811432
v -18.672323 0.867129 219.747284
v -18.695498 0.542004 219.811432
v -18.672321 0.542004 219.747284
v -24.338396 0.541998 217.160721
v -24.300549 0.541998 217.104004
v -24.338398 0.867123 217.160721
v -24.300550 0.867122 217.104004
v -22.496252 0.005870 218.462097
v -22.124437 0.005871 218.602615
v -22.496254 3.035228 218.462097
v -22.124437 3.035228 218.602615
v -22.463465 3.035228 218.402298
v -22.092562 3.035229 218.542328
v -22.463463 0.005870 218.402298
v -22.092560 0.005871 218.542328
v -22.310368 0.005871 218.532394
v -22.278034 0.005871 218.472351
v -22.278034 3.323624 218.472351
v -22.310368 3.323624 218.532394
v -23.132700 0.005870 218.220795
v -22.761139 0.005870 218.361786
v -23.132700 3.035227 218.220795
v -22.761141 3.035228 218.361786
v -23.098360 3.035228 218.161865
v -22.727699 3.035228 218.302353
v -23.098358 0.005870 218.161865
v -22.727699 0.005870 218.302353
v -22.946939 0.005870 218.291336
v -22.913048 0.005870 218.232147
v -22.913050 3.323624 218.232147
v -22.946939 3.323624 218.291336
v -23.670507 0.005869 217.812927
v -23.367142 0.005869 218.069077
v -23.670509 3.035227 217.812927
v -23.367142 3.035227 218.069077
v -23.634659 3.035227 217.754913
v -23.332169 3.035227 218.010529
v -23.634659 0.005869 217.754913
v -23.332169 0.005869 218.010529
v -23.518845 0.005869 217.941040
v -23.483433 0.005869 217.882751
v -23.483435 3.323623 217.882751
v -23.518847 3.323623 217.941040
v -24.031042 3.323622 217.508011
v -23.879480 3.035226 217.636261
v -23.994164 3.323622 217.450638
v -23.843035 3.035226 217.578613
v -23.994164 0.005868 217.450638
v -23.843035 0.005868 217.578613
v -24.031040 0.005868 217.508011
v -23.879480 0.005869 217.636261
v -24.145266 0.005868 217.322601
v -24.182570 0.005868 217.379684
v -24.145266 3.035226 217.322601
v -24.182570 3.035226 217.379684
v -21.222059 0.005872 218.942230
v -20.849741 0.005872 219.081772
v -21.222059 3.035230 218.942230
v -20.849741 3.035230 219.081772
v -21.192438 3.035230 218.880783
v -20.821060 3.035230 219.019897
v -21.192436 0.005872 218.880783
v -20.821058 0.005872 219.019897
v -21.035908 0.005872 219.012039
v -21.006758 0.005872 218.950378
v -21.006758 3.323626 218.950378
v -21.035910 3.323626 219.012039
v -18.696629 1.183692 219.811005
v -18.673450 1.183692 219.746857
v -18.696623 0.871038 219.811005
v -18.673445 0.871038 219.746857
v -24.337923 2.261412 217.161133
v -24.300079 2.261412 217.104385
v -24.337925 2.574069 217.161133
v -24.300081 2.574069 217.104385
v -19.946224 0.005873 219.418991
v -19.573473 0.005873 219.557541
v -19.946224 3.035231 219.418991
v -19.573473 3.035231 219.557541
v -19.919853 3.035231 219.356094
v -19.548067 3.035231 219.494247
v -19.919853 0.005873 219.356094
v -19.548067 0.005873 219.494247
v -19.759867 0.005873 219.488312
v -19.733976 0.005873 219.425217
v -19.733978 3.323627 219.425217
v -19.759867 3.323627 219.488312
v -24.442478 -0.005865 217.314545
v -24.233206 -0.005865 217.000885
v -24.442478 3.097338 217.314545
v -24.233208 3.097338 217.000885
v -24.746981 3.097337 217.056366
v -24.533033 3.097337 216.745880
v -24.746981 -0.005866 217.056366
v -24.533031 -0.005866 216.745880
v -24.337843 -0.005865 217.157715
v -24.640007 -0.005865 216.901123
v -24.640007 3.097337 216.901123
v -24.337843 3.097338 217.157715
v -24.594751 3.097338 217.185486
v -24.488945 3.321774 217.029449
v -24.383139 3.097338 216.873398
v -24.383139 -0.005866 216.873398
v -24.488945 -0.005865 217.029449
v -24.594751 -0.005865 217.185486
v -11.508553 -0.005851 221.518661
v -11.477926 -0.005851 221.142822
v -11.508554 3.097352 221.518661
v -11.477927 3.097352 221.142822
v -11.903891 3.097352 221.516022
v -11.868632 3.097352 221.140594
v -11.903890 -0.005851 221.516022
v -11.868631 -0.005851 221.140594
v -11.493239 -0.005851 221.330750
v -11.886261 -0.005851 221.328308
v -11.886262 3.097352 221.328308
v -11.493240 3.097352 221.330750
v -11.706216 3.097352 221.517365
v -11.689743 3.321788 221.329544
v -11.673273 3.097352 221.141724
v -11.673272 -0.005851 221.141724
v -11.689744 -0.005851 221.329544
v -11.706215 -0.005851 221.517365
v -12.515746 0.005881 221.393005
v -12.122167 0.005882 221.395828
v -12.515747 3.035239 221.393005
v -12.122168 3.035239 221.395828
v -12.508047 3.035239 221.325241
v -12.115303 3.035239 221.327972
v -12.508046 0.005881 221.325241
v -12.115302 0.005882 221.327972
v -12.318963 0.005881 221.394440
v -12.311679 0.005881 221.326630
v -12.311680 3.323635 221.326630
v -12.318962 3.323635 221.394440
v -15.180824 0.005878 221.164703
v -14.806903 0.005879 221.299362
v -15.180825 3.035236 221.164703
v -14.806904 3.035237 221.299362
v -15.167131 3.035236 221.097900
v -14.794231 3.035237 221.232346
v -15.167130 0.005878 221.097900
v -14.794230 0.005879 221.232346
v -14.993876 0.005878 221.232071
v -14.980690 0.005879 221.165161
v -14.980691 3.323633 221.165161
v -14.993876 3.323633 221.232071
v -13.863614 0.005880 221.381744
v -13.470140 0.005880 221.385284
v -13.863615 3.035238 221.381744
v -13.470141 3.035238 221.385284
v -13.853060 3.035238 221.314362
v -13.460420 3.035238 221.317780
v -13.853060 0.005880 221.314362
v -13.460419 0.005880 221.317780
v -13.666886 0.005880 221.383545
v -13.656749 0.005880 221.316101
v -13.656749 3.323634 221.316101
v -13.666887 3.323634 221.383545
v -11.887378 2.900183 221.330963
v -11.881000 2.900183 221.263062
v -11.887378 2.575058 221.330963
v -11.881000 2.575058 221.263062
v -17.948580 2.575051 220.086487
v -17.927382 2.575051 220.021667
v -17.948580 2.900176 220.086487
v -17.927382 2.900176 220.021667
v -11.887378 0.867137 221.330963
v -11.881000 0.867137 221.263062
v -11.887378 0.542012 221.330963
v -11.881000 0.542012 221.263062
v -17.948580 0.542005 220.086487
v -17.927382 0.542005 220.021667
v -17.948582 0.867130 220.086487
v -17.927383 0.867130 220.021667
v -15.821074 0.005878 220.933365
v -15.447251 0.005878 221.068558
v -15.821074 3.035236 220.933365
v -15.447254 3.035236 221.068558
v -15.805639 3.035236 220.866928
v -15.432832 3.035236 221.001907
v -15.805638 0.005878 220.866928
v -15.432831 0.005878 221.001907
v -15.634175 0.005878 221.001007
v -15.619246 0.005878 220.934448
v -15.619246 3.323632 220.934448
v -15.634176 3.323632 221.001007
v -16.461100 0.005877 220.701111
v -16.087416 0.005877 220.836838
v -16.461102 3.035235 220.701111
v -16.087418 3.035235 220.836838
v -16.443932 3.035235 220.635117
v -16.071262 3.035236 220.770569
v -16.443932 0.005877 220.635117
v -16.071260 0.005877 220.770569
v -16.274263 0.005877 220.769012
v -16.257601 0.005877 220.702881
v -16.257599 3.323631 220.702881
v -16.274263 3.323631 220.769012
v -17.100897 0.005876 220.467957
v -16.727356 0.005877 220.604218
v -17.100897 3.035234 220.467957
v -16.727358 3.035235 220.604218
v -17.082012 3.035234 220.402435
v -16.709471 3.035235 220.538391
v -17.082010 0.005876 220.402435
v -16.709471 0.005877 220.538391
v -16.914141 0.005877 220.536118
v -16.895754 0.005877 220.470444
v -16.895756 3.323630 220.470444
v -16.914141 3.323630 220.536118
v -17.544994 3.323630 220.305542
v -17.358284 3.035234 220.373886
v -17.524921 3.323630 220.240372
v -17.338711 3.035234 220.308548
v -17.524921 0.005876 220.240372
v -17.338709 0.005876 220.308548
v -17.544994 0.005876 220.305542
v -17.358284 0.005876 220.373886
v -17.711103 0.005876 220.172104
v -17.731674 0.005876 220.237122
v -17.711103 3.035234 220.172104
v -17.731674 3.035233 220.237122
v -14.537425 0.005879 221.375214
v -14.144009 0.005879 221.379089
v -14.537426 3.035237 221.375214
v -14.144010 3.035238 221.379089
v -14.525452 3.035237 221.308075
v -14.132864 3.035238 221.311813
v -14.525451 0.005879 221.308075
v -14.132863 0.005879 221.311813
v -14.340718 0.005879 221.377182
v -14.329158 0.005879 221.309967
v -14.329159 3.323633 221.309967
v -14.340719 3.323633 221.377182
v -11.888564 1.183700 221.330963
v -11.882183 1.183700 221.263062
v -11.888563 0.871046 221.330963
v -11.882182 0.871046 221.263062
v -17.947992 2.261419 220.086716
v -17.926792 2.261419 220.021896
v -17.947994 2.574076 220.086716
v -17.926794 2.574076 220.021896
v -13.189726 0.005881 221.387680
v -12.796205 0.005881 221.390869
v -13.189727 3.035239 221.387680
v -12.796206 3.035239 221.390869
v -13.180596 3.035239 221.320099
v -12.787910 3.035239 221.323166
v -13.180595 0.005881 221.320099
v -12.787910 0.005881 221.323166
v -12.992970 0.005881 221.389282
v -12.984258 0.005881 221.321655
v -12.984259 3.323635 221.321655
v -12.992971 3.323635 221.389282
v -18.007513 -0.005858 220.262726
v -17.890276 -0.005858 219.904343
v -18.007513 3.097345 220.262726
v -17.890278 3.097346 219.904343
v -18.382725 3.097345 220.124786
v -18.260029 3.097345 219.768250
v -18.382725 -0.005858 220.124786
v -18.260029 -0.005858 219.768250
v -17.948896 -0.005858 220.083542
v -18.321377 -0.005858 219.946518
v -18.321379 3.097345 219.946518
v -17.948896 3.097346 220.083542
v -18.195137 3.097345 220.193802
v -18.135153 3.321781 220.015060
v -18.075167 3.097345 219.836319
v -18.075167 -0.005858 219.836319
v -18.135153 -0.005858 220.015060
v -18.195137 -0.005858 220.193802
v -4.435875 -0.005844 221.527618
v -4.488247 -0.005843 221.154190
v -4.435875 3.097360 221.527618
v -4.488247 3.097360 221.154190
v -4.831128 3.097359 221.529022
v -4.878891 3.097360 221.154984
v -4.831129 -0.005844 221.529022
v -4.878891 -0.005844 221.154984
v -4.462061 -0.005843 221.340912
v -4.855010 -0.005844 221.342010
v -4.855010 3.097359 221.342010
v -4.462061 3.097360 221.340912
v -4.633494 3.097360 221.528351
v -4.658528 3.321796 221.341476
v -4.683562 3.097360 221.154617
v -4.683562 -0.005844 221.154617
v -4.658528 -0.005844 221.341492
v -4.633494 -0.005844 221.528351
v -5.469179 0.005889 221.412308
v -5.075612 0.005889 221.411423
v -5.469179 3.035246 221.412308
v -5.075612 3.035247 221.411423
v -5.476496 3.035247 221.344498
v -5.083764 3.035247 221.343719
v -5.476496 0.005889 221.344498
v -5.083765 0.005889 221.343719
v -5.272389 0.005889 221.411896
v -5.280124 0.005889 221.344131
v -5.280124 3.323643 221.344147
v -5.272388 3.323642 221.411896
v -8.165691 0.005886 221.412766
v -7.772039 0.005886 221.413300
v -8.165692 3.035244 221.412766
v -7.772040 3.035244 221.413300
v -8.167265 3.035244 221.344604
v -7.774452 3.035244 221.345154
v -8.167264 0.005886 221.344604
v -7.774451 0.005886 221.345154
v -7.968862 0.005886 221.413071
v -7.970854 0.005886 221.344910
v -7.970854 3.323640 221.344910
v -7.968862 3.323640 221.413071
v -6.817351 0.005887 221.413757
v -6.423736 0.005888 221.413589
v -6.817352 3.035245 221.413757
v -6.423735 3.035246 221.413589
v -6.821801 3.035245 221.345703
v -6.429023 3.035246 221.345596
v -6.821801 0.005887 221.345703
v -6.429022 0.005888 221.345596
v -6.620546 0.005888 221.413696
v -6.625414 0.005888 221.345673
v -6.625414 3.323641 221.345673
v -6.620546 3.323641 221.413696
v -4.855530 2.900190 221.344666
v -4.864166 2.900190 221.277008
v -4.855530 2.575065 221.344666
v -4.864166 2.575065 221.277008
v -11.099177 2.575058 221.335648
v -11.094481 2.575058 221.267609
v -11.099177 2.900183 221.335632
v -11.094480 2.900183 221.267609
v -4.855530 0.867144 221.344666
v -4.864166 0.867144 221.277008
v -4.855530 0.542019 221.344666
v -4.864166 0.542019 221.277008
v -11.099177 0.542013 221.335648
v -11.094480 0.542013 221.267609
v -11.099177 0.867138 221.335632
v -11.094480 0.867138 221.267609
v -8.839889 0.005885 221.411377
v -8.446230 0.005886 221.412262
v -8.839890 3.035243 221.411377
v -8.446231 3.035244 221.412262
v -8.840022 3.035243 221.343170
v -8.447204 3.035244 221.344070
v -8.840022 0.005885 221.343170
v -8.447203 0.005886 221.344070
v -8.643064 0.005885 221.411850
v -8.643617 0.005885 221.343658
v -8.643617 3.323640 221.343658
v -8.643064 3.323639 221.411850
v -9.514095 0.005884 221.409363
v -9.120421 0.005885 221.410614
v -9.514096 3.035243 221.409363
v -9.120422 3.035243 221.410614
v -9.512790 3.035242 221.341171
v -9.119956 3.035243 221.342407
v -9.512789 0.005885 221.341171
v -9.119955 0.005885 221.342407
v -9.317264 0.005885 221.410004
v -9.316377 0.005885 221.341827
v -9.316377 3.323639 221.341827
v -9.317263 3.323638 221.410004
v -10.188282 0.005884 221.406738
v -9.794625 0.005884 221.408340
v -10.188283 3.035242 221.406738
v -9.794625 3.035242 221.408340
v -10.185537 3.035242 221.338593
v -9.792720 3.035242 221.340164
v -10.185537 0.005884 221.338593
v -9.792719 0.005884 221.340164
v -9.991446 0.005884 221.407562
v -9.989120 0.005884 221.339417
v -9.989120 3.323638 221.339417
v -9.991447 3.323638 221.407562
v -10.656380 3.323637 221.404556
v -10.459567 3.035242 221.405518
v -10.652637 3.323637 221.336456
v -10.456243 3.035242 221.337402
v -10.652636 0.005883 221.336456
v -10.456242 0.005883 221.337402
v -10.656381 0.005883 221.404556
v -10.459566 0.005883 221.405518
v -10.849044 0.005883 221.335480
v -10.853208 0.005883 221.403549
v -10.849045 3.035241 221.335480
v -10.853209 3.035241 221.403549
v -7.491516 0.005886 221.413574
v -7.097862 0.005887 221.413757
v -7.491517 3.035244 221.413574
v -7.097863 3.035245 221.413757
v -7.494528 3.035244 221.345428
v -7.101713 3.035245 221.345657
v -7.494528 0.005886 221.345428
v -7.101713 0.005887 221.345657
v -7.294683 0.005887 221.413696
v -7.298116 0.005887 221.345581
v -7.298115 3.323641 221.345581
v -7.294683 3.323641 221.413696
v -4.856722 1.183707 221.344666
v -4.865356 1.183707 221.277008
v -4.856708 0.871053 221.344666
v -4.865341 0.871053 221.277008
v -11.098565 2.261426 221.335648
v -11.093869 2.261426 221.267609
v -11.098565 2.574084 221.335648
v -11.093869 2.574084 221.267609
v -6.143235 0.005888 221.413330
v -5.749648 0.005888 221.412811
v -6.143235 3.035246 221.413330
v -5.749648 3.035247 221.412811
v -6.149119 3.035246 221.345398
v -5.756369 3.035246 221.344940
v -6.149119 0.005888 221.345398
v -5.756369 0.005888 221.344940
v -5.946435 0.005888 221.413101
v -5.952738 0.005888 221.345184
v -5.952738 3.323642 221.345184
v -5.946435 3.323642 221.413101
v -11.113187 -0.005850 221.521057
v -11.087200 -0.005850 221.144882
v -11.113188 3.097353 221.521057
v -11.087201 3.097353 221.144882
v -11.508554 3.097352 221.518661
v -11.477927 3.097352 221.142822
v -11.508553 -0.005851 221.518661
v -11.477926 -0.005851 221.142822
v -11.100193 -0.005850 221.332977
v -11.493239 -0.005851 221.330750
v -11.493240 3.097352 221.330750
v -11.100194 3.097353 221.332977
v -11.310876 3.097353 221.519882
v -11.296723 3.321788 221.331879
v -11.282569 3.097353 221.143875
v -11.282568 -0.005851 221.143875
v -11.296722 -0.005851 221.331879
v -11.310875 -0.005851 221.519882
vn -0.9904 -0.0000 0.1379
vn 0.7464 0.6588 -0.0942
vn 0.9921 -0.0000 -0.1253
vn -0.0000 -1.0000 -0.0000
vn 0.0751 -0.0000 0.9972
vn 0.0750 -0.0000 0.9972
vn -0.0756 -0.0000 -0.9971
vn -0.0758 -0.0000 -0.9971
vn -0.0582 0.6426 -0.7640
vn -0.0580 0.6426 -0.7640
vn -0.0581 0.6426 -0.7640
vn 0.0575 0.6426 0.7640
vn 0.0576 0.6426 0.7640
vn 0.0752 -0.0000 0.9972
vn -0.0759 -0.0000 -0.9971
vn -0.7453 0.6586 0.1038
vn 0.0574 0.6426 0.7640
vn -0.0579 0.6426 -0.7640
vn -0.0748 -0.0000 -0.9972
vn -0.0747 -0.0000 -0.9972
vn -0.8206 0.5636 0.0948
vn 0.0747 -0.0000 0.9972
vn 0.0746 -0.0000 0.9972
vn -0.9930 -0.0000 0.1179
vn 0.9945 -0.0000 -0.1052
vn 0.0744 -0.0000 0.9972
vn 0.8212 0.5636 -0.0895
vn -0.0745 -0.0000 -0.9972
vn -0.0709 -0.0000 -0.9975
vn -0.0708 -0.0000 -0.9975
vn -0.8258 0.5635 0.0228
vn 0.0710 -0.0000 0.9975
vn 0.0709 -0.0000 0.9975
vn -0.9995 -0.0000 0.0308
vn 0.9998 -0.0000 -0.0180
vn 0.0708 -0.0000 0.9975
vn 0.8260 0.5634 -0.0175
vn -0.0707 -0.0000 -0.9975
vn -0.0729 -0.0000 -0.9973
vn -0.0727 -0.0000 -0.9974
vn -0.8238 0.5639 0.0588
vn 0.0729 -0.0000 0.9973
vn 0.0727 -0.0000 0.9974
vn -0.9972 -0.0000 0.0744
vn 0.9981 -0.0000 -0.0617
vn 0.0726 -0.0000 0.9974
vn 0.8241 0.5639 -0.0536
vn -0.0726 -0.0000 -0.9974
vn 0.9970 -0.0000 0.0771
vn -0.0000 1.0000 -0.0000
vn -0.9921 -0.0000 0.1252
vn -0.0700 -0.0000 -0.9975
vn -0.0698 -0.0000 -0.9976
vn -0.8264 0.5630 0.0047
vn 0.0701 -0.0000 0.9975
vn 0.0700 -0.0000 0.9975
vn -1.0000 -0.0000 0.0089
vn 1.0000 -0.0000 0.0038
vn 0.0699 -0.0000 0.9976
vn 0.8265 0.5629 0.0005
vn -0.0697 -0.0000 -0.9976
vn -0.0690 -0.0000 -0.9976
vn -0.0689 -0.0000 -0.9976
vn -0.8268 0.5624 -0.0133
vn 0.0692 -0.0000 0.9976
vn 0.0691 -0.0000 0.9976
vn -0.9999 -0.0000 -0.0129
vn 0.9997 -0.0000 0.0257
vn 0.0689 -0.0000 0.9976
vn 0.8268 0.5622 0.0186
vn -0.0687 -0.0000 -0.9976
vn -0.0671 -0.0000 -0.9977
vn -0.0670 -0.0000 -0.9978
vn -0.8266 0.5606 -0.0492
vn 0.0674 -0.0000 0.9977
vn 0.0673 -0.0000 0.9977
vn -0.9984 -0.0000 -0.0563
vn 0.9976 -0.0000 0.0690
vn 0.0671 -0.0000 0.9977
vn 0.8265 0.5603 0.0545
vn -0.0668 -0.0000 -0.9978
vn -0.0681 -0.0000 -0.9977
vn -0.0679 -0.0000 -0.9977
vn -0.8268 0.5616 -0.0314
vn 0.0683 -0.0000 0.9977
vn 0.0682 -0.0000 0.9977
vn -0.9994 -0.0000 -0.0348
vn 0.9989 -0.0000 0.0475
vn 0.0680 -0.0000 0.9977
vn 0.8268 0.5613 0.0367
vn -0.0678 -0.0000 -0.9977
vn -0.0719 -0.0000 -0.9974
vn -0.0718 -0.0000 -0.9974
vn -0.8249 0.5638 0.0408
vn 0.0719 -0.0000 0.9974
vn 0.0718 -0.0000 0.9974
vn -0.9986 -0.0000 0.0526
vn 0.9992 -0.0000 -0.0398
vn 0.0717 -0.0000 0.9974
vn 0.8252 0.5637 -0.0355
vn -0.0716 -0.0000 -0.9974
vn 0.2175 -0.9760 -0.0053
vn -0.2175 0.9760 0.0053
vn -0.0738 -0.0000 -0.9973
vn -0.0737 -0.0000 -0.9973
vn -0.8223 0.5638 0.0768
vn 0.0738 -0.0000 0.9973
vn 0.0737 -0.0000 0.9973
vn -0.9954 -0.0000 0.0962
vn 0.9965 -0.0000 -0.0835
vn 0.0735 -0.0000 0.9973
vn 0.8228 0.5638 -0.0715
vn -0.0736 -0.0000 -0.9973
vn -0.9970 -0.0000 -0.0771
vn 0.7620 0.6442 0.0656
vn 0.9963 -0.0000 0.0857
vn -0.0703 -0.0000 -0.9975
vn -0.0505 0.6390 -0.7676
vn -0.0522 0.6389 -0.7676
vn -0.0524 0.6388 -0.7675
vn 0.0531 0.6388 0.7675
vn 0.0533 0.6388 0.7675
vn 0.0519 0.6389 0.7675
vn -0.0656 -0.0000 -0.9978
vn -0.7531 0.6553 -0.0583
vn 0.0546 0.6387 0.7675
vn -0.0541 0.6387 -0.7675
vn -0.9275 -0.0000 0.3738
vn 0.7000 0.6610 -0.2704
vn 0.9328 -0.0000 -0.3603
vn 0.4056 -0.0000 0.9141
vn 0.4055 -0.0000 0.9141
vn -0.4049 -0.0000 -0.9144
vn -0.4051 -0.0000 -0.9143
vn -0.3104 0.6429 -0.7002
vn -0.3103 0.6429 -0.7003
vn 0.3107 0.6429 0.7001
vn 0.3108 0.6429 0.7001
vn 0.4057 -0.0000 0.9140
vn -0.4053 -0.0000 -0.9142
vn -0.6958 0.6612 0.2804
vn 0.3106 0.6429 0.7002
vn -0.3101 0.6429 -0.7004
vn -0.4044 -0.0000 -0.9146
vn -0.4042 -0.0000 -0.9147
vn -0.7729 0.5654 0.2879
vn 0.4045 -0.0000 0.9145
vn 0.4043 -0.0000 0.9146
vn -0.9358 -0.0000 0.3524
vn 0.9409 -0.0000 -0.3388
vn 0.4042 -0.0000 0.9147
vn 0.7751 0.5652 -0.2823
vn -0.4040 -0.0000 -0.9147
vn -0.3998 -0.0000 -0.9166
vn -0.3997 -0.0000 -0.9167
vn -0.8004 0.5613 0.2106
vn 0.4002 -0.0000 0.9164
vn 0.4000 -0.0000 0.9165
vn -0.9662 -0.0000 0.2579
vn 0.9698 -0.0000 -0.2439
vn 0.3999 -0.0000 0.9166
vn 0.8022 0.5609 -0.2048
vn -0.3995 -0.0000 -0.9167
vn -0.4021 -0.0000 -0.9156
vn -0.4019 -0.0000 -0.9157
vn -0.7873 0.5638 0.2495
vn 0.4023 -0.0000 0.9155
vn 0.4022 -0.0000 0.9156
vn -0.9522 -0.0000 0.3055
vn 0.9565 -0.0000 -0.2917
vn 0.4020 -0.0000 0.9156
vn 0.7893 0.5635 -0.2438
vn -0.4018 -0.0000 -0.9157
vn 0.9886 -0.0000 -0.1506
vn -0.2544 -0.0000 -0.9671
vn 0.2544 -0.0000 0.9671
vn -0.9328 -0.0000 0.3603
vn -0.0800 -0.0000 -0.9968
vn -0.0799 -0.0000 -0.9968
vn -0.8065 0.5591 0.1923
vn 0.0797 -0.0000 0.9968
vn 0.0796 -0.0000 0.9968
vn -0.9720 -0.0000 0.2350
vn 0.9749 -0.0000 -0.2226
vn 0.0794 -0.0000 0.9968
vn 0.8075 0.5595 -0.1871
vn -0.0797 -0.0000 -0.9968
vn -0.0791 -0.0000 -0.9969
vn -0.0789 -0.0000 -0.9969
vn -0.8097 0.5603 0.1745
vn 0.0788 -0.0000 0.9969
vn 0.0786 -0.0000 0.9969
vn -0.9769 -0.0000 0.2138
vn 0.9795 -0.0000 -0.2013
vn 0.0785 -0.0000 0.9969
vn 0.8106 0.5606 -0.1693
vn -0.0788 -0.0000 -0.9969
vn -0.0772 -0.0000 -0.9970
vn -0.0770 -0.0000 -0.9970
vn -0.8153 0.5622 0.1390
vn 0.0770 -0.0000 0.9970
vn 0.0768 -0.0000 0.9970
vn -0.9852 -0.0000 0.1712
vn 0.9873 -0.0000 -0.1586
vn 0.0767 -0.0000 0.9971
vn 0.8160 0.5624 -0.1337
vn -0.0769 -0.0000 -0.9970
vn -0.0781 -0.0000 -0.9969
vn -0.0780 -0.0000 -0.9970
vn -0.8126 0.5613 0.1566
vn 0.0779 -0.0000 0.9970
vn 0.0777 -0.0000 0.9970
vn -0.9813 -0.0000 0.1924
vn 0.9837 -0.0000 -0.1798
vn 0.0776 -0.0000 0.9970
vn 0.8134 0.5616 -0.1514
vn -0.0778 -0.0000 -0.9970
vn -0.4010 -0.0000 -0.9161
vn -0.4008 -0.0000 -0.9162
vn -0.7940 0.5627 0.2301
vn 0.4013 -0.0000 0.9160
vn 0.4011 -0.0000 0.9160
vn -0.9595 -0.0000 0.2818
vn 0.9635 -0.0000 -0.2679
vn 0.4009 -0.0000 0.9161
vn 0.7959 0.5623 -0.2244
vn -0.4006 -0.0000 -0.9162
vn 0.2123 -0.9756 -0.0565
vn -0.2123 0.9756 0.0565
vn -0.9329 -0.0000 0.3602
vn -0.4032 -0.0000 -0.9151
vn -0.4031 -0.0000 -0.9152
vn -0.7803 0.5647 0.2688
vn 0.4034 -0.0000 0.9150
vn 0.4033 -0.0000 0.9151
vn -0.9443 -0.0000 0.3291
vn 0.9490 -0.0000 -0.3154
vn 0.4031 -0.0000 0.9152
vn 0.7824 0.5645 -0.2631
vn -0.4029 -0.0000 -0.9152
vn -0.9886 -0.0000 0.1505
vn 0.7453 0.6586 -0.1038
vn 0.9904 -0.0000 -0.1379
vn 0.0755 -0.0000 0.9971
vn 0.0754 -0.0000 0.9972
vn -0.0762 -0.0000 -0.9971
vn -0.0764 -0.0000 -0.9971
vn -0.0587 0.6423 -0.7642
vn -0.0585 0.6423 -0.7642
vn 0.0579 0.6423 0.7643
vn 0.0580 0.6423 0.7642
vn 0.0757 -0.0000 0.9971
vn -0.0765 -0.0000 -0.9971
vn -0.7442 0.6583 0.1133
vn 0.0578 0.6423 0.7643
vn -0.0584 0.6423 -0.7642
vn -0.8032 -0.0000 0.5957
vn 0.6113 0.6573 -0.4408
vn 0.8111 -0.0000 -0.5849
vn 0.6788 -0.0000 0.7343
vn 0.6787 -0.0000 0.7344
vn -0.6776 -0.0000 -0.7354
vn -0.6777 -0.0000 -0.7353
vn -0.5204 0.6408 -0.5644
vn -0.5203 0.6408 -0.5645
vn 0.5212 0.6407 0.5638
vn 0.5212 0.6407 0.5637
vn 0.6789 -0.0000 0.7342
vn -0.6779 -0.0000 -0.7352
vn -0.6049 0.6579 0.4487
vn 0.5211 0.6407 0.5638
vn -0.5202 0.6408 -0.5646
vn -0.6775 -0.0000 -0.7355
vn -0.6774 -0.0000 -0.7357
vn -0.6767 0.5612 0.4766
vn 0.6777 -0.0000 0.7353
vn 0.6776 -0.0000 0.7354
vn -0.8156 -0.0000 0.5786
vn 0.8233 -0.0000 -0.5676
vn 0.6775 -0.0000 0.7355
vn 0.6800 0.5609 -0.4722
vn -0.6772 -0.0000 -0.7358
vn -0.4117 -0.0000 -0.9113
vn -0.4115 -0.0000 -0.9114
vn -0.7177 0.5644 0.4078
vn 0.4114 -0.0000 0.9114
vn 0.4113 -0.0000 0.9115
vn -0.8677 -0.0000 0.4971
vn 0.8748 -0.0000 -0.4845
vn 0.4111 -0.0000 0.9116
vn 0.7205 0.5646 -0.4025
vn -0.4113 -0.0000 -0.9115
vn -0.4139 -0.0000 -0.9103
vn -0.4137 -0.0000 -0.9104
vn -0.6979 0.5622 0.4437
vn 0.4136 -0.0000 0.9105
vn 0.4134 -0.0000 0.9105
vn -0.8419 -0.0000 0.5396
vn 0.8497 -0.0000 -0.5273
vn 0.4133 -0.0000 0.9106
vn 0.7009 0.5626 -0.4385
vn -0.4136 -0.0000 -0.9105
vn 0.9220 -0.0000 -0.3873
vn -0.4636 -0.0000 -0.8860
vn 0.4636 -0.0000 0.8861
vn -0.8111 -0.0000 0.5849
vn 0.9220 -0.0000 -0.3872
vn -0.4105 -0.0000 -0.9118
vn -0.4104 -0.0000 -0.9119
vn -0.7272 0.5652 0.3896
vn 0.4104 -0.0000 0.9119
vn 0.4102 -0.0000 0.9120
vn -0.8797 -0.0000 0.4755
vn 0.8865 -0.0000 -0.4627
vn 0.4101 -0.0000 0.9121
vn 0.7299 0.5654 -0.3843
vn -0.4102 -0.0000 -0.9120
vn -0.4094 -0.0000 -0.9124
vn -0.4092 -0.0000 -0.9124
vn -0.7363 0.5657 0.3713
vn 0.4093 -0.0000 0.9124
vn 0.4091 -0.0000 0.9125
vn -0.8913 -0.0000 0.4535
vn 0.8977 -0.0000 -0.4405
vn 0.4090 -0.0000 0.9125
vn 0.7389 0.5658 -0.3659
vn -0.4091 -0.0000 -0.9125
vn -0.4071 -0.0000 -0.9134
vn -0.4070 -0.0000 -0.9134
vn -0.7534 0.5661 0.3344
vn 0.4072 -0.0000 0.9134
vn 0.4070 -0.0000 0.9134
vn -0.9125 -0.0000 0.4090
vn 0.9184 -0.0000 -0.3957
vn 0.4068 -0.0000 0.9135
vn 0.7558 0.5661 -0.3290
vn -0.4068 -0.0000 -0.9135
vn -0.4083 -0.0000 -0.9129
vn -0.4081 -0.0000 -0.9129
vn -0.7451 0.5660 0.3528
vn 0.4082 -0.0000 0.9129
vn 0.4081 -0.0000 0.9130
vn -0.9022 -0.0000 0.4312
vn 0.9084 -0.0000 -0.4181
vn 0.4079 -0.0000 0.9130
vn 0.7476 0.5661 -0.3474
vn -0.4079 -0.0000 -0.9130
vn -0.4128 -0.0000 -0.9108
vn -0.4126 -0.0000 -0.9109
vn -0.7080 0.5634 0.4258
vn 0.4125 -0.0000 0.9110
vn 0.4124 -0.0000 0.9110
vn -0.8551 -0.0000 0.5185
vn 0.8625 -0.0000 -0.5061
vn 0.4122 -0.0000 0.9111
vn 0.7109 0.5637 -0.4206
vn -0.4125 -0.0000 -0.9110
vn 0.1902 -0.9759 -0.1067
vn -0.4636 -0.0000 -0.8861
vn -0.1902 0.9759 0.1067
vn 0.4635 -0.0000 0.8861
vn -0.6767 -0.0000 -0.7363
vn -0.5970 -0.0000 -0.8023
vn -0.5967 -0.0000 -0.8025
vn -0.6881 0.5600 0.4614
vn 0.6770 -0.0000 0.7360
vn 0.5968 -0.0000 0.8024
vn 0.5971 -0.0000 0.8022
vn -0.8287 -0.0000 0.5597
vn 0.8363 -0.0000 -0.5483
vn 0.5101 -0.0000 0.8601
vn 0.6909 0.5606 -0.4564
vn -0.5102 -0.0000 -0.8600
vn -0.9220 -0.0000 0.3872
vn 0.6958 0.6612 -0.2804
vn 0.9275 -0.0000 -0.3738
vn 0.4061 -0.0000 0.9138
vn 0.4060 -0.0000 0.9139
vn -0.4056 -0.0000 -0.9140
vn -0.4058 -0.0000 -0.9140
vn -0.3109 0.6431 -0.6999
vn -0.3108 0.6431 -0.6999
vn 0.3110 0.6431 0.6998
vn 0.3111 0.6431 0.6998
vn 0.4063 -0.0000 0.9138
vn -0.4060 -0.0000 -0.9139
vn -0.6915 0.6614 0.2904
vn 0.3109 0.6431 0.6998
vn -0.3106 0.6431 -0.7000
vn -0.6387 -0.0000 0.7694
vn 0.4888 0.6578 -0.5730
vn 0.6490 -0.0000 -0.7608
vn 0.6855 -0.0000 0.7281
vn 0.6854 -0.0000 0.7282
vn -0.6864 -0.0000 -0.7272
vn -0.6865 -0.0000 -0.7271
vn -0.5272 0.6407 -0.5582
vn -0.5271 0.6407 -0.5583
vn -0.5271 0.6407 -0.5582
vn 0.5263 0.6407 0.5591
vn 0.5264 0.6407 0.5590
vn 0.6855 -0.0000 0.7280
vn -0.6866 -0.0000 -0.7270
vn -0.4814 0.6572 0.5799
vn 0.5262 0.6407 0.5591
vn -0.5270 0.6407 -0.5583
vn -0.6856 -0.0000 -0.7280
vn -0.6855 -0.0000 -0.7281
vn -0.5434 0.5628 0.6229
vn 0.6854 -0.0000 0.7281
vn 0.6853 -0.0000 0.7282
vn -0.6549 -0.0000 0.7557
vn 0.6650 -0.0000 -0.7469
vn 0.6852 -0.0000 0.7283
vn 0.5475 0.5630 -0.6191
vn -0.6854 -0.0000 -0.7282
vn -0.6825 -0.0000 -0.7309
vn -0.6824 -0.0000 -0.7310
vn -0.5973 0.5647 0.5696
vn 0.6825 -0.0000 0.7309
vn 0.6824 -0.0000 0.7310
vn -0.7214 -0.0000 0.6925
vn 0.7306 -0.0000 -0.6828
vn 0.6823 -0.0000 0.7311
vn 0.6011 0.5647 -0.5655
vn -0.6823 -0.0000 -0.7311
vn -0.6840 -0.0000 -0.7294
vn -0.6839 -0.0000 -0.7295
vn -0.5708 0.5641 0.5966
vn 0.6840 -0.0000 0.7295
vn 0.6838 -0.0000 0.7296
vn -0.6889 -0.0000 0.7249
vn 0.6985 -0.0000 -0.7156
vn 0.6837 -0.0000 0.7297
vn 0.5747 0.5642 -0.5927
vn -0.6838 -0.0000 -0.7297
vn 0.7951 -0.0000 -0.6065
vn 0.6823 -0.0000 0.7310
vn -0.6490 -0.0000 0.7608
vn -0.6817 -0.0000 -0.7316
vn -0.6816 -0.0000 -0.7317
vn -0.6102 0.5647 0.5557
vn 0.6817 -0.0000 0.7316
vn 0.6816 -0.0000 0.7317
vn -0.7371 -0.0000 0.6758
vn 0.7461 -0.0000 -0.6659
vn 0.6815 -0.0000 0.7318
vn 0.6139 0.5647 -0.5516
vn -0.6815 -0.0000 -0.7318
vn -0.6809 -0.0000 -0.7323
vn -0.6808 -0.0000 -0.7324
vn -0.6229 0.5645 0.5416
vn 0.6810 -0.0000 0.7323
vn 0.6809 -0.0000 0.7324
vn -0.7524 -0.0000 0.6587
vn 0.7611 -0.0000 -0.6486
vn 0.6808 -0.0000 0.7325
vn 0.6265 0.5644 -0.5375
vn -0.6807 -0.0000 -0.7326
vn -0.6794 -0.0000 -0.7338
vn -0.6793 -0.0000 -0.7339
vn -0.6474 0.5635 0.5131
vn 0.6795 -0.0000 0.7337
vn 0.6794 -0.0000 0.7338
vn -0.7816 -0.0000 0.6238
vn 0.7899 -0.0000 -0.6132
vn 0.6793 -0.0000 0.7339
vn 0.6510 0.5633 -0.5089
vn -0.6792 -0.0000 -0.7340
vn -0.6802 -0.0000 -0.7331
vn -0.6800 -0.0000 -0.7332
vn -0.6353 0.5641 0.5274
vn 0.6802 -0.0000 0.7330
vn 0.6801 -0.0000 0.7331
vn -0.7673 -0.0000 0.6413
vn 0.7758 -0.0000 -0.6310
vn 0.6800 -0.0000 0.7332
vn 0.6389 0.5639 -0.5232
vn -0.6799 -0.0000 -0.7333
vn -0.6833 -0.0000 -0.7302
vn -0.6832 -0.0000 -0.7303
vn -0.5842 0.5645 0.5832
vn 0.6832 -0.0000 0.7302
vn 0.6831 -0.0000 0.7303
vn -0.7053 -0.0000 0.7089
vn 0.7147 -0.0000 -0.6994
vn 0.6830 -0.0000 0.7304
vn 0.5880 0.5646 -0.5792
vn -0.6830 -0.0000 -0.7304
vn 0.1575 -0.9762 -0.1491
vn -0.1575 0.9762 0.1491
vn -0.6490 -0.0000 0.7607
vn -0.6848 -0.0000 -0.7287
vn -0.6847 -0.0000 -0.7288
vn -0.5572 0.5635 0.6099
vn 0.6847 -0.0000 0.7288
vn 0.6846 -0.0000 0.7289
vn -0.6721 -0.0000 0.7405
vn 0.6819 -0.0000 -0.7314
vn 0.6845 -0.0000 0.7290
vn 0.5612 0.5637 -0.6060
vn -0.6846 -0.0000 -0.7289
vn -0.7951 -0.0000 0.6065
vn -0.7951 -0.0000 0.6064
vn 0.6049 0.6579 -0.4487
vn 0.8032 -0.0000 -0.5957
vn 0.6792 -0.0000 0.7340
vn 0.6791 -0.0000 0.7340
vn -0.6781 -0.0000 -0.7350
vn -0.6782 -0.0000 -0.7348
vn -0.5205 0.6413 -0.5638
vn -0.5204 0.6413 -0.5638
vn 0.5212 0.6413 0.5632
vn 0.5212 0.6413 0.5631
vn -0.6784 -0.0000 -0.7347
vn -0.5985 0.6584 0.4565
vn 0.5211 0.6413 0.5633
vn -0.5203 0.6413 -0.5639
vn -0.4745 -0.0000 0.8803
vn 0.3650 0.6569 -0.6597
vn 0.4841 -0.0000 -0.8750
vn 0.8587 -0.0000 0.5125
vn 0.8586 -0.0000 0.5126
vn -0.8588 -0.0000 -0.5123
vn -0.8589 -0.0000 -0.5122
vn -0.6579 0.6429 -0.3922
vn -0.6578 0.6429 -0.3923
vn 0.6577 0.6429 0.3926
vn 0.6577 0.6429 0.3925
vn -0.8589 -0.0000 -0.5121
vn -0.3578 0.6567 0.6638
vn -0.3578 0.6568 0.6638
vn 0.6576 0.6429 0.3926
vn -0.6578 0.6429 -0.3924
vn -0.8585 -0.0000 -0.5128
vn -0.8585 -0.0000 -0.5129
vn -0.4072 0.5614 0.7204
vn 0.8585 -0.0000 0.5128
vn 0.8584 -0.0000 0.5129
vn -0.4897 -0.0000 0.8719
vn 0.4992 -0.0000 -0.8665
vn 0.8584 -0.0000 0.5130
vn 0.4111 0.5615 -0.7181
vn -0.8584 -0.0000 -0.5130
vn -0.8570 -0.0000 -0.5152
vn -0.8570 -0.0000 -0.5153
vn -0.4602 0.5611 0.6880
vn 0.8571 -0.0000 0.5152
vn 0.8570 -0.0000 0.5152
vn -0.5537 -0.0000 0.8327
vn 0.5628 -0.0000 -0.8266
vn 0.8570 -0.0000 0.5153
vn 0.4640 0.5609 -0.6856
vn -0.8569 -0.0000 -0.5154
vn -0.8578 -0.0000 -0.5140
vn -0.8577 -0.0000 -0.5141
vn -0.4339 0.5615 0.7046
vn 0.8578 -0.0000 0.5140
vn 0.8577 -0.0000 0.5141
vn -0.5220 -0.0000 0.8529
vn 0.5313 -0.0000 -0.8472
vn 0.8577 -0.0000 0.5142
vn 0.4378 0.5614 -0.7022
vn -0.8577 -0.0000 -0.5142
vn 0.6284 -0.0000 -0.7779
vn -0.4841 -0.0000 0.8750
vn -0.4842 -0.0000 0.8750
vn -0.8567 -0.0000 -0.5159
vn -0.8566 -0.0000 -0.5160
vn -0.4732 0.5607 0.6795
vn 0.8567 -0.0000 0.5158
vn -0.5692 -0.0000 0.8222
vn 0.5782 -0.0000 -0.8159
vn 0.8566 -0.0000 0.5159
vn 0.4770 0.5605 -0.6770
vn -0.8563 -0.0000 -0.5165
vn -0.8563 -0.0000 -0.5166
vn -0.4860 0.5601 0.6708
vn 0.8564 -0.0000 0.5163
vn 0.8563 -0.0000 0.5164
vn -0.5845 -0.0000 0.8114
vn 0.5934 -0.0000 -0.8049
vn 0.8563 -0.0000 0.5165
vn 0.4898 0.5599 -0.6683
vn -0.8562 -0.0000 -0.5166
vn -0.8556 -0.0000 -0.5177
vn -0.8555 -0.0000 -0.5178
vn -0.5113 0.5586 0.6531
vn 0.8557 -0.0000 0.5175
vn 0.8556 -0.0000 0.5176
vn -0.6143 -0.0000 0.7890
vn 0.6229 -0.0000 -0.7823
vn 0.8556 -0.0000 0.5177
vn 0.5150 0.5584 -0.6504
vn -0.8555 -0.0000 -0.5179
vn -0.8559 -0.0000 -0.5171
vn -0.8559 -0.0000 -0.5172
vn -0.4989 0.5594 0.6620
vn 0.8560 -0.0000 0.5169
vn 0.8560 -0.0000 0.5170
vn -0.5997 -0.0000 0.8003
vn 0.6084 -0.0000 -0.7937
vn 0.8559 -0.0000 0.5171
vn 0.5025 0.5592 -0.6593
vn -0.8558 -0.0000 -0.5173
vn -0.8574 -0.0000 -0.5146
vn -0.8574 -0.0000 -0.5147
vn -0.4471 0.5613 0.6964
vn 0.8574 -0.0000 0.5146
vn 0.8574 -0.0000 0.5147
vn -0.5380 -0.0000 0.8430
vn 0.5472 -0.0000 -0.8370
vn 0.8573 -0.0000 0.5148
vn 0.4510 0.5613 -0.6940
vn -0.8573 -0.0000 -0.5148
vn 0.1222 -0.9758 -0.1815
vn -0.1222 0.9758 0.1815
vn -0.8581 -0.0000 -0.5134
vn -0.8581 -0.0000 -0.5135
vn -0.4206 0.5615 0.7126
vn 0.8581 -0.0000 0.5134
vn 0.8581 -0.0000 0.5135
vn -0.5060 -0.0000 0.8626
vn 0.5154 -0.0000 -0.8570
vn 0.8580 -0.0000 0.5136
vn 0.4245 0.5615 -0.7103
vn -0.8580 -0.0000 -0.5136
vn -0.6284 -0.0000 0.7779
vn 0.4814 0.6572 -0.5799
vn 0.6387 -0.0000 -0.7694
vn 0.6904 -0.0000 0.7234
vn 0.6857 -0.0000 0.7279
vn -0.6869 -0.0000 -0.7268
vn -0.6916 -0.0000 -0.7223
vn -0.5345 0.6407 -0.5511
vn -0.5310 0.6404 -0.5549
vn -0.5313 0.6405 -0.5546
vn 0.5301 0.6404 0.5558
vn 0.5304 0.6404 0.5555
vn 0.5337 0.6407 0.5520
vn 0.6951 -0.0000 0.7189
vn -0.6962 -0.0000 -0.7179
vn -0.4741 0.6564 0.5868
vn -0.4740 0.6564 0.5868
vn 0.5269 0.6401 0.5592
vn -0.5277 0.6401 -0.5583
vn -0.4740 0.6565 0.5868
vn -0.3152 -0.0000 0.9490
vn 0.2447 0.6546 -0.7153
vn 0.3237 -0.0000 -0.9462
vn 0.9530 -0.0000 0.3029
vn -0.9530 -0.0000 -0.3031
vn -0.9530 -0.0000 -0.3030
vn -0.7298 0.6432 -0.2320
vn -0.7297 0.6432 -0.2320
vn 0.7298 0.6432 0.2319
vn 0.9530 -0.0000 0.3028
vn -0.9530 -0.0000 -0.3029
vn -0.2383 0.6547 0.7174
vn -0.2383 0.6546 0.7174
vn 0.7298 0.6432 0.2320
vn -0.7297 0.6432 -0.2321
vn -0.9529 -0.0000 -0.3033
vn -0.9529 -0.0000 -0.3034
vn -0.2743 0.5588 0.7826
vn 0.9529 -0.0000 0.3033
vn 0.9529 -0.0000 0.3034
vn -0.3287 -0.0000 0.9445
vn 0.3371 -0.0000 -0.9415
vn 0.2778 0.5587 -0.7814
vn -0.9528 -0.0000 -0.3035
vn -0.9523 -0.0000 -0.3052
vn -0.9523 -0.0000 -0.3053
vn -0.3224 0.5574 0.7651
vn 0.9523 -0.0000 0.3051
vn -0.3862 -0.0000 0.9224
vn 0.3945 -0.0000 -0.9189
vn 0.9523 -0.0000 0.3052
vn 0.3259 0.5572 -0.7637
vn -0.9522 -0.0000 -0.3053
vn -0.9526 -0.0000 -0.3043
vn -0.2984 0.5583 0.7741
vn 0.9526 -0.0000 0.3042
vn -0.3576 -0.0000 0.9339
vn 0.3660 -0.0000 -0.9306
vn 0.9526 -0.0000 0.3043
vn 0.3020 0.5582 -0.7728
vn -0.9525 -0.0000 -0.3044
vn 0.4648 -0.0000 -0.8854
vn -0.9257 -0.0000 -0.3782
vn 0.9257 -0.0000 0.3782
vn -0.3237 -0.0000 0.9461
vn -0.9521 -0.0000 -0.3057
vn -0.3343 0.5568 0.7604
vn 0.9522 -0.0000 0.3055
vn 0.9522 -0.0000 0.3056
vn -0.4004 -0.0000 0.9163
vn 0.4086 -0.0000 -0.9127
vn 0.3378 0.5566 -0.7590
vn -0.9521 -0.0000 -0.3058
vn -0.8601 -0.0000 -0.5100
vn -0.8601 -0.0000 -0.5101
vn -0.3463 0.5593 0.7531
vn 0.8600 -0.0000 0.5102
vn 0.8600 -0.0000 0.5103
vn -0.4153 -0.0000 0.9097
vn 0.4252 -0.0000 -0.9051
vn 0.8599 -0.0000 0.5104
vn 0.3504 0.5595 -0.7511
vn -0.8600 -0.0000 -0.5102
vn -0.8594 -0.0000 -0.5113
vn -0.8594 -0.0000 -0.5114
vn -0.3737 0.5606 0.7390
vn 0.8594 -0.0000 0.5114
vn 0.8593 -0.0000 0.5115
vn -0.4488 -0.0000 0.8936
vn 0.4586 -0.0000 -0.8886
vn 0.3777 0.5607 -0.7368
vn -0.8593 -0.0000 -0.5114
vn -0.8598 -0.0000 -0.5107
vn -0.8597 -0.0000 -0.5108
vn -0.3601 0.5600 0.7461
vn 0.8597 -0.0000 0.5108
vn 0.8596 -0.0000 0.5109
vn -0.4323 -0.0000 0.9018
vn 0.4421 -0.0000 -0.8970
vn 0.8596 -0.0000 0.5110
vn 0.3642 0.5602 -0.7440
vn -0.9524 -0.0000 -0.3047
vn -0.9524 -0.0000 -0.3048
vn -0.3104 0.5579 0.7697
vn 0.9525 -0.0000 0.3046
vn 0.9525 -0.0000 0.3047
vn -0.3720 -0.0000 0.9282
vn 0.3803 -0.0000 -0.9249
vn 0.9524 -0.0000 0.3047
vn 0.3139 0.5577 -0.7684
vn -0.9524 -0.0000 -0.3049
vn 0.0873 -0.9753 -0.2027
vn -0.0873 0.9753 0.2027
vn -0.3238 -0.0000 0.9461
vn -0.9527 -0.0000 -0.3038
vn -0.9527 -0.0000 -0.3039
vn -0.2864 0.5586 0.7784
vn 0.9528 -0.0000 0.3037
vn 0.9527 -0.0000 0.3038
vn -0.3432 -0.0000 0.9393
vn 0.3516 -0.0000 -0.9361
vn 0.9527 -0.0000 0.3039
vn 0.2899 0.5585 -0.7772
vn -0.4648 -0.0000 0.8854
vn 0.3578 0.6568 -0.6638
vn 0.4745 -0.0000 -0.8803
vn 0.8588 -0.0000 0.5123
vn -0.8590 -0.0000 -0.5119
vn -0.8591 -0.0000 -0.5118
vn -0.6582 0.6428 -0.3920
vn -0.6581 0.6428 -0.3921
vn 0.6579 0.6428 0.3924
vn 0.8589 -0.0000 0.5122
vn -0.8592 -0.0000 -0.5117
vn -0.3506 0.6565 0.6678
vn -0.3506 0.6565 0.6679
vn 0.6579 0.6427 0.3925
vn -0.1634 -0.0000 0.9866
vn 0.1298 0.6527 -0.7464
vn 0.1714 -0.0000 -0.9852
vn 0.9944 -0.0000 0.1057
vn 0.9944 -0.0000 0.1058
vn -0.9943 -0.0000 -0.1062
vn -0.7620 0.6425 -0.0813
vn -0.7620 0.6425 -0.0814
vn 0.7620 0.6425 0.0810
vn 0.7620 0.6425 0.0809
vn 0.9944 -0.0000 0.1056
vn -0.9944 -0.0000 -0.1061
vn -0.1237 0.6529 0.7473
vn -0.9943 -0.0000 -0.1063
vn -0.9943 -0.0000 -0.1064
vn -0.1479 0.5568 0.8174
vn 0.9943 -0.0000 0.1062
vn 0.9943 -0.0000 0.1063
vn -0.1760 -0.0000 0.9844
vn 0.1840 -0.0000 -0.9829
vn 0.1512 0.5566 -0.8169
vn -0.9538 -0.0000 -0.3003
vn -0.9538 -0.0000 -0.3004
vn -0.1954 0.5581 0.8065
vn 0.9538 -0.0000 0.3005
vn -0.2333 -0.0000 0.9724
vn 0.2420 -0.0000 -0.9703
vn 0.9538 -0.0000 0.3006
vn 0.1990 0.5582 -0.8055
vn -0.9538 -0.0000 -0.3005
vn -0.9684 -0.0000 -0.2495
vn -0.9615 -0.0000 -0.2746
vn -0.9616 -0.0000 -0.2746
vn -0.1707 0.5567 0.8130
vn 0.9684 -0.0000 0.2495
vn 0.9615 -0.0000 0.2747
vn -0.2033 -0.0000 0.9791
vn 0.2120 -0.0000 -0.9773
vn 0.9540 -0.0000 0.2997
vn 0.1742 0.5572 -0.8119
vn -0.9541 -0.0000 -0.2996
vn 0.3066 -0.0000 -0.9518
vn -0.9679 -0.0000 -0.2515
vn 0.9679 -0.0000 0.2515
vn -0.1714 -0.0000 0.9852
vn -0.9537 -0.0000 -0.3008
vn -0.9537 -0.0000 -0.3009
vn -0.2077 0.5584 0.8031
vn 0.9537 -0.0000 0.3009
vn 0.9536 -0.0000 0.3010
vn -0.2482 -0.0000 0.9687
vn 0.2569 -0.0000 -0.9664
vn 0.2113 0.5585 -0.8021
vn -0.9536 -0.0000 -0.3010
vn -0.9535 -0.0000 -0.3013
vn -0.2200 0.5587 0.7997
vn 0.9535 -0.0000 0.3013
vn 0.9535 -0.0000 0.3014
vn -0.2631 -0.0000 0.9648
vn 0.2718 -0.0000 -0.9624
vn 0.9535 -0.0000 0.3015
vn 0.2236 0.5587 -0.7986
vn -0.9535 -0.0000 -0.3014
vn -0.9532 -0.0000 -0.3022
vn -0.9532 -0.0000 -0.3023
vn -0.2443 0.5589 0.7924
vn 0.9532 -0.0000 0.3022
vn 0.9532 -0.0000 0.3023
vn -0.2926 -0.0000 0.9562
vn 0.3011 -0.0000 -0.9536
vn 0.2479 0.5590 -0.7913
vn -0.9534 -0.0000 -0.3017
vn -0.9534 -0.0000 -0.3018
vn -0.2323 0.5589 0.7961
vn 0.9534 -0.0000 0.3018
vn -0.2780 -0.0000 0.9606
vn 0.2866 -0.0000 -0.9581
vn 0.9533 -0.0000 0.3019
vn 0.2359 0.5589 -0.7950
vn -0.9533 -0.0000 -0.3019
vn -0.9540 -0.0000 -0.2999
vn -0.1830 0.5576 0.8097
vn 0.9539 -0.0000 0.3000
vn 0.9539 -0.0000 0.3001
vn -0.2183 -0.0000 0.9759
vn 0.2271 -0.0000 -0.9739
vn 0.1866 0.5578 -0.8087
vn -0.9539 -0.0000 -0.3000
vn 0.0529 -0.9753 -0.2144
vn -0.0529 0.9753 0.2144
vn -0.9943 -0.0000 -0.1067
vn -0.9943 -0.0000 -0.1068
vn -0.1593 0.5563 0.8155
vn 0.9943 -0.0000 0.1066
vn 0.9943 -0.0000 0.1067
vn -0.1897 -0.0000 0.9818
vn 0.1977 -0.0000 -0.9803
vn 0.1626 0.5562 -0.8150
vn -0.3066 -0.0000 0.9518
vn 0.2383 0.6546 -0.7174
vn 0.2382 0.6546 -0.7174
vn 0.3152 -0.0000 -0.9490
vn 0.9531 -0.0000 0.3027
vn -0.9531 -0.0000 -0.3028
vn -0.9531 -0.0000 -0.3027
vn -0.7298 0.6432 -0.2318
vn 0.7298 0.6432 0.2317
vn 0.9531 -0.0000 0.3026
vn -0.2318 0.6547 0.7195
vn 0.7298 0.6432 0.2318
vn -0.7298 0.6432 -0.2319
vn -0.0188 -0.0000 0.9998
vn 0.0204 0.6525 -0.7575
vn 0.0270 -0.0000 -0.9996
vn 0.9948 -0.0000 0.1023
vn 0.9947 -0.0000 0.1024
vn -0.9948 -0.0000 -0.1018
vn -0.9948 -0.0000 -0.1017
vn 0.0269 -0.0000 -0.9996
vn -0.7627 0.6420 -0.0779
vn -0.7627 0.6420 -0.0780
vn 0.7627 0.6420 0.0784
vn -0.9948 -0.0000 -0.1016
vn -0.0143 0.6522 0.7579
vn 0.7627 0.6420 0.0785
vn -0.9948 -0.0000 -0.1022
vn -0.9948 -0.0000 -0.1023
vn -0.0280 0.5569 0.8301
vn -0.0316 -0.0000 0.9995
vn 0.0398 -0.0000 -0.9992
vn 0.0314 0.5570 -0.8299
vn -0.9946 -0.0000 -0.1038
vn -0.0740 0.5578 0.8267
vn 0.9946 -0.0000 0.1038
vn 0.9946 -0.0000 0.1039
vn -0.0871 -0.0000 0.9962
vn 0.0952 -0.0000 -0.9955
vn 0.0773 0.5578 -0.8264
vn -0.9946 -0.0000 -0.1039
vn -0.9947 -0.0000 -0.1030
vn -0.0511 0.5574 0.8286
vn 0.9947 -0.0000 0.1030
vn 0.9947 -0.0000 0.1031
vn -0.0594 -0.0000 0.9982
vn 0.0675 -0.0000 -0.9977
vn 0.9947 -0.0000 0.1032
vn 0.0544 0.5575 -0.8284
vn -0.9947 -0.0000 -0.1031
vn 0.1553 -0.0000 -0.9879
vn -0.0270 -0.0000 0.9996
vn -0.9946 -0.0000 -0.1042
vn -0.0855 0.5578 0.8256
vn 0.9946 -0.0000 0.1042
vn -0.1010 -0.0000 0.9949
vn 0.1091 -0.0000 -0.9940
vn 0.9945 -0.0000 0.1043
vn 0.0889 0.5578 -0.8252
vn -0.9945 -0.0000 -0.1043
vn -0.9945 -0.0000 -0.1046
vn -0.0970 0.5577 0.8243
vn 0.9945 -0.0000 0.1046
vn -0.1148 -0.0000 0.9934
vn 0.1229 -0.0000 -0.9924
vn 0.9945 -0.0000 0.1047
vn 0.1003 0.5577 -0.8239
vn -0.9945 -0.0000 -0.1047
vn -0.9944 -0.0000 -0.1054
vn -0.1197 0.5575 0.8215
vn 0.9944 -0.0000 0.1053
vn 0.9944 -0.0000 0.1054
vn -0.1421 -0.0000 0.9898
vn 0.1502 -0.0000 -0.9886
vn 0.1230 0.5574 -0.8211
vn -0.9944 -0.0000 -0.1055
vn -0.9945 -0.0000 -0.1050
vn -0.1084 0.5577 0.8229
vn 0.9945 -0.0000 0.1049
vn 0.9945 -0.0000 0.1050
vn -0.1286 -0.0000 0.9917
vn 0.1366 -0.0000 -0.9906
vn 0.1117 0.5576 -0.8225
vn -0.9945 -0.0000 -0.1051
vn -0.9946 -0.0000 -0.1034
vn -0.0625 0.5577 0.8277
vn 0.9946 -0.0000 0.1034
vn 0.9946 -0.0000 0.1035
vn -0.0733 -0.0000 0.9973
vn 0.0814 -0.0000 -0.9967
vn 0.0659 0.5577 -0.8275
vn -0.9946 -0.0000 -0.1035
vn 0.0201 -0.9754 -0.2196
vn -0.0201 0.9754 0.2196
vn -0.0269 -0.0000 0.9996
vn -0.9947 -0.0000 -0.1026
vn -0.9947 -0.0000 -0.1027
vn -0.0395 0.5572 0.8295
vn 0.9947 -0.0000 0.1027
vn -0.0455 -0.0000 0.9990
vn 0.0536 -0.0000 -0.9986
vn 0.9947 -0.0000 0.1028
vn 0.0429 0.5573 -0.8292
vn -0.1553 -0.0000 0.9879
vn 0.1237 0.6529 -0.7472
vn 0.1634 -0.0000 -0.9866
vn 0.9944 -0.0000 0.1055
vn -0.9944 -0.0000 -0.1060
vn -0.9944 -0.0000 -0.1059
vn -0.7619 0.6427 -0.0811
vn -0.7618 0.6427 -0.0812
vn 0.7619 0.6427 0.0808
vn -0.1176 0.6531 0.7481
vn 0.7619 0.6427 0.0809
vn 0.1301 -0.0000 0.9915
vn -0.0922 0.6537 -0.7511
vn -0.1218 -0.0000 -0.9926
vn 0.9957 -0.0000 -0.0922
vn 0.9957 -0.0000 -0.0921
vn -0.9957 -0.0000 0.0924
vn -0.7626 0.6430 0.0708
vn 0.7626 0.6430 -0.0706
vn -0.9957 -0.0000 0.0925
vn 0.0985 0.6536 0.7504
vn 0.7626 0.6430 -0.0705
vn -0.9958 -0.0000 0.0920
vn 0.0953 0.5580 0.8243
vn 0.9958 -0.0000 -0.0920
vn 0.9958 -0.0000 -0.0919
vn 0.1170 -0.0000 0.9931
vn -0.1086 -0.0000 -0.9941
vn -0.0919 0.5581 -0.8247
vn -0.9958 -0.0000 0.0919
vn -0.9959 -0.0000 0.0904
vn -0.9959 -0.0000 0.0903
vn 0.0480 0.5579 0.8285
vn 0.9959 -0.0000 -0.0904
vn 0.9959 -0.0000 -0.0903
vn 0.0599 -0.0000 0.9982
vn -0.0517 -0.0000 -0.9987
vn -0.0446 0.5579 -0.8287
vn -0.9959 -0.0000 0.0902
vn -0.9958 -0.0000 0.0912
vn -0.9958 -0.0000 0.0911
vn 0.0717 0.5581 0.8267
vn 0.9958 -0.0000 -0.0912
vn 0.9958 -0.0000 -0.0911
vn 0.0884 -0.0000 0.9961
vn -0.0802 -0.0000 -0.9968
vn -0.0682 0.5581 -0.8270
vn 0.0106 -0.0000 -0.9999
vn -0.9964 -0.0000 0.0842
vn 0.9964 -0.0000 -0.0842
vn 0.1217 -0.0000 0.9926
vn -0.9959 -0.0000 0.0899
vn -0.9960 -0.0000 0.0899
vn 0.0361 0.5577 0.8293
vn 0.9959 -0.0000 -0.0900
vn 0.9959 -0.0000 -0.0899
vn 0.0456 -0.0000 0.9990
vn -0.0374 -0.0000 -0.9993
vn 0.9960 -0.0000 -0.0899
vn -0.0327 0.5576 -0.8295
vn -0.9960 -0.0000 0.0898
vn -0.9960 -0.0000 0.0895
vn 0.0243 0.5574 0.8299
vn 0.9960 -0.0000 -0.0896
vn 0.0313 -0.0000 0.9995
vn -0.0229 -0.0000 -0.9997
vn 0.9960 -0.0000 -0.0895
vn -0.0208 0.5573 -0.8301
vn -0.9960 -0.0000 0.0894
vn -0.9961 -0.0000 0.0887
vn -0.9961 -0.0000 0.0886
vn 0.0007 0.5566 0.8308
vn 0.9960 -0.0000 -0.0888
vn 0.9961 -0.0000 -0.0888
vn 0.0029 -0.0000 1.0000
vn 0.0055 -0.0000 -1.0000
vn 0.9961 -0.0000 -0.0887
vn 0.0028 0.5564 -0.8309
vn -0.9960 -0.0000 0.0891
vn -0.9960 -0.0000 0.0890
vn 0.0124 0.5570 0.8304
vn 0.9960 -0.0000 -0.0892
vn 0.0170 -0.0000 0.9999
vn -0.0087 -0.0000 -1.0000
vn 0.9960 -0.0000 -0.0891
vn -0.0090 0.5569 -0.8305
vn -0.9959 -0.0000 0.0908
vn -0.9959 -0.0000 0.0907
vn 0.0598 0.5581 0.8276
vn 0.9959 -0.0000 -0.0908
vn 0.9959 -0.0000 -0.0907
vn 0.0742 -0.0000 0.9972
vn -0.0659 -0.0000 -0.9978
vn -0.0564 0.5580 -0.8279
vn -0.9959 -0.0000 0.0906
vn -0.0123 -0.9754 -0.2202
vn 0.0123 0.9754 0.2202
vn 0.9964 -0.0000 -0.0843
vn -0.9958 -0.0000 0.0916
vn 0.0835 0.5581 0.8256
vn 0.9958 -0.0000 -0.0916
vn 0.1026 -0.0000 0.9947
vn -0.0944 -0.0000 -0.9955
vn 0.9958 -0.0000 -0.0915
vn -0.0800 0.5581 -0.8259
vn -0.9958 -0.0000 0.0915
vn -0.0107 -0.0000 0.9999
vn 0.0143 0.6522 -0.7579
vn 0.0188 -0.0000 -0.9998
vn 0.9948 -0.0000 0.1021
vn 0.9948 -0.0000 0.1022
vn -0.9948 -0.0000 -0.1015
vn -0.7629 0.6418 -0.0778
vn 0.7629 0.6418 0.0783
vn -0.9948 -0.0000 -0.1014
vn -0.0081 0.6520 0.7582
vn 0.7629 0.6418 0.0784
vn 0.2900 -0.0000 0.9570
vn -0.2119 0.6556 -0.7248
vn -0.2806 -0.0000 -0.9598
vn 0.9546 -0.0000 -0.2980
vn 0.9546 -0.0000 -0.2979
vn -0.9546 -0.0000 0.2978
vn -0.9546 -0.0000 0.2979
vn -0.2805 -0.0000 -0.9598
vn -0.7309 0.6432 0.2282
vn -0.7310 0.6432 0.2281
vn 0.7309 0.6432 -0.2282
vn 0.9545 -0.0000 -0.2981
vn -0.9546 -0.0000 0.2980
vn 0.2189 0.6556 0.7226
vn 0.7310 0.6432 -0.2281
vn -0.7310 0.6432 0.2280
vn -0.9547 -0.0000 0.2975
vn -0.9548 -0.0000 0.2974
vn 0.2260 0.5599 0.7972
vn 0.9547 -0.0000 -0.2975
vn 0.9547 -0.0000 -0.2974
vn 0.2752 -0.0000 0.9614
vn -0.2657 -0.0000 -0.9640
vn 0.9548 -0.0000 -0.2974
vn -0.2222 0.5598 -0.7983
vn -0.9548 -0.0000 0.2973
vn -0.9554 -0.0000 0.2953
vn -0.9554 -0.0000 0.2952
vn 0.1723 0.5584 0.8115
vn 0.9554 -0.0000 -0.2954
vn 0.2100 -0.0000 0.9777
vn -0.2005 -0.0000 -0.9797
vn 0.9554 -0.0000 -0.2953
vn -0.1684 0.5582 -0.8124
vn -0.9555 -0.0000 0.2951
vn -0.9551 -0.0000 0.2964
vn -0.9551 -0.0000 0.2963
vn 0.1993 0.5593 0.8046
vn 0.9550 -0.0000 -0.2965
vn 0.9551 -0.0000 -0.2964
vn 0.2429 -0.0000 0.9701
vn -0.2332 -0.0000 -0.9724
vn 0.9551 -0.0000 -0.2963
vn -0.1954 0.5592 -0.8057
vn -0.9551 -0.0000 0.2962
vn -0.1384 -0.0000 -0.9904
vn -0.9780 -0.0000 0.2086
vn 0.9780 -0.0000 -0.2086
vn 0.2806 -0.0000 0.9598
vn -0.9955 -0.0000 0.0943
vn -0.9955 -0.0000 0.0942
vn 0.1596 0.5562 0.8156
vn 0.9956 -0.0000 -0.0942
vn 0.9956 -0.0000 -0.0941
vn 0.1940 -0.0000 0.9810
vn -0.1859 -0.0000 -0.9826
vn 0.9956 -0.0000 -0.0940
vn -0.1561 0.5563 -0.8162
vn -0.9956 -0.0000 0.0942
vn -0.9956 -0.0000 0.0939
vn -0.9956 -0.0000 0.0938
vn 0.1478 0.5567 0.8175
vn 0.9956 -0.0000 -0.0938
vn 0.9956 -0.0000 -0.0937
vn 0.1800 -0.0000 0.9837
vn -0.1718 -0.0000 -0.9851
vn -0.1444 0.5568 -0.8180
vn -0.9957 -0.0000 0.0931
vn -0.9957 -0.0000 0.0930
vn 0.1245 0.5574 0.8208
vn 0.9957 -0.0000 -0.0930
vn 0.9957 -0.0000 -0.0929
vn 0.1520 -0.0000 0.9884
vn -0.1436 -0.0000 -0.9896
vn -0.1210 0.5575 -0.8213
vn -0.9956 -0.0000 0.0935
vn -0.9956 -0.0000 0.0934
vn 0.1361 0.5571 0.8192
vn 0.9956 -0.0000 -0.0934
vn 0.9956 -0.0000 -0.0933
vn 0.1659 -0.0000 0.9861
vn -0.1576 -0.0000 -0.9875
vn 0.9956 -0.0000 -0.0932
vn -0.1326 0.5572 -0.8197
vn -0.9552 -0.0000 0.2958
vn -0.9553 -0.0000 0.2957
vn 0.1859 0.5589 0.8081
vn 0.9552 -0.0000 -0.2960
vn 0.9552 -0.0000 -0.2959
vn 0.2265 -0.0000 0.9740
vn -0.2169 -0.0000 -0.9762
vn 0.9552 -0.0000 -0.2958
vn -0.1819 0.5588 -0.8091
vn -0.1385 -0.0000 -0.9904
vn -0.0464 -0.9753 -0.2160
vn 0.0464 0.9753 0.2160
vn 0.2805 -0.0000 0.9598
vn -0.9549 -0.0000 0.2969
vn 0.2127 0.5596 0.8010
vn 0.9549 -0.0000 -0.2970
vn 0.9549 -0.0000 -0.2969
vn 0.2590 -0.0000 0.9659
vn -0.2495 -0.0000 -0.9684
vn -0.2088 0.5596 -0.8021
vn -0.9549 -0.0000 0.2968
vn 0.1384 -0.0000 0.9904
vn -0.0984 0.6536 -0.7504
vn -0.1301 -0.0000 -0.9915
vn 0.9957 -0.0000 -0.0924
vn 0.9957 -0.0000 -0.0923
vn -0.9957 -0.0000 0.0926
vn -0.9957 -0.0000 0.0927
vn 0.1383 -0.0000 0.9904
vn -0.7627 0.6429 0.0711
vn -0.7627 0.6429 0.0710
vn 0.7627 0.6429 -0.0708
vn -0.9957 -0.0000 0.0928
vn 0.1048 0.6535 0.7497
vn 0.7627 0.6429 -0.0707
vn 0.4618 -0.0000 0.8870
vn -0.3397 0.6575 -0.6725
vn -0.4508 -0.0000 -0.8926
vn 0.8522 -0.0000 -0.5233
vn 0.8522 -0.0000 -0.5232
vn -0.8527 -0.0000 0.5224
vn -0.8526 -0.0000 0.5225
vn -0.3397 0.6575 -0.6726
vn -0.6536 0.6421 0.4007
vn -0.6536 0.6421 0.4006
vn 0.6533 0.6421 -0.4012
vn 0.6532 0.6421 -0.4012
vn 0.8521 -0.0000 -0.5234
vn -0.8526 -0.0000 0.5226
vn 0.3478 0.6578 0.6680
vn 0.6533 0.6421 -0.4011
vn -0.6537 0.6421 0.4005
vn -0.8529 -0.0000 0.5221
vn -0.8529 -0.0000 0.5220
vn 0.3654 0.5616 0.7424
vn 0.8528 -0.0000 -0.5223
vn 0.8528 -0.0000 -0.5222
vn 0.4444 -0.0000 0.8959
vn -0.4334 -0.0000 -0.9012
vn 0.8529 -0.0000 -0.5221
vn -0.3609 0.5614 -0.7447
vn -0.8530 -0.0000 0.5220
vn -0.9536 -0.0000 0.3010
vn -0.9536 -0.0000 0.3009
vn 0.3110 0.5588 0.7688
vn 0.9537 -0.0000 -0.3009
vn 0.9537 -0.0000 -0.3008
vn 0.3773 -0.0000 0.9261
vn -0.3681 -0.0000 -0.9298
vn 0.9537 -0.0000 -0.3007
vn -0.3072 0.5589 -0.7703
vn -0.9537 -0.0000 0.3009
vn -0.9533 -0.0000 0.3021
vn -0.9533 -0.0000 0.3020
vn 0.3369 0.5575 0.7587
vn 0.9533 -0.0000 -0.3019
vn 0.9534 -0.0000 -0.3018
vn 0.4081 -0.0000 0.9129
vn -0.3992 -0.0000 -0.9169
vn -0.3331 0.5578 -0.7602
vn -0.9533 -0.0000 0.3019
vn -0.2994 -0.0000 -0.9541
vn -0.9379 -0.0000 0.3469
vn 0.9379 -0.0000 -0.3468
vn 0.4508 -0.0000 0.8926
vn -0.9538 -0.0000 0.3005
vn -0.9538 -0.0000 0.3004
vn 0.2979 0.5592 0.7736
vn 0.9538 -0.0000 -0.3004
vn 0.9538 -0.0000 -0.3003
vn 0.3617 -0.0000 0.9323
vn -0.3525 -0.0000 -0.9358
vn 0.9539 -0.0000 -0.3002
vn -0.2941 0.5593 -0.7750
vn -0.9538 -0.0000 0.3003
vn -0.9540 -0.0000 0.2999
vn -0.9540 -0.0000 0.2998
vn 0.2848 0.5595 0.7783
vn 0.9540 -0.0000 -0.2998
vn 0.3460 -0.0000 0.9382
vn -0.3369 -0.0000 -0.9415
vn 0.9540 -0.0000 -0.2997
vn -0.2810 0.5596 -0.7797
vn -0.9543 -0.0000 0.2988
vn 0.2587 0.5600 0.7871
vn 0.9543 -0.0000 -0.2988
vn 0.9543 -0.0000 -0.2987
vn 0.3146 -0.0000 0.9492
vn -0.3053 -0.0000 -0.9523
vn 0.9544 -0.0000 -0.2987
vn -0.2549 0.5600 -0.7883
vn -0.9544 -0.0000 0.2987
vn -0.9541 -0.0000 0.2994
vn -0.9542 -0.0000 0.2993
vn 0.2717 0.5598 0.7828
vn 0.9542 -0.0000 -0.2993
vn 0.9542 -0.0000 -0.2992
vn 0.3303 -0.0000 0.9439
vn -0.3210 -0.0000 -0.9471
vn -0.2679 0.5599 -0.7841
vn -0.9542 -0.0000 0.2992
vn -0.9534 -0.0000 0.3016
vn -0.9535 -0.0000 0.3015
vn 0.3240 0.5582 0.7639
vn 0.9535 -0.0000 -0.3014
vn 0.9535 -0.0000 -0.3013
vn 0.3926 -0.0000 0.9197
vn -0.3837 -0.0000 -0.9235
vn -0.3201 0.5584 -0.7653
vn -0.9535 -0.0000 0.3014
vn -0.0828 -0.9755 -0.2039
vn -0.9379 -0.0000 0.3468
vn 0.0828 0.9755 0.2039
vn 0.4507 -0.0000 0.8927
vn -0.8533 -0.0000 0.5214
vn -0.8652 -0.0000 0.5015
vn -0.8652 -0.0000 0.5014
vn 0.3498 0.5608 0.7504
vn 0.8532 -0.0000 -0.5216
vn 0.8651 -0.0000 -0.5016
vn 0.4254 -0.0000 0.9050
vn -0.4144 -0.0000 -0.9101
vn 0.8766 -0.0000 -0.4813
vn -0.3456 0.5598 -0.7531
vn -0.8766 -0.0000 0.4811
vn 0.2993 -0.0000 0.9541
vn 0.2993 -0.0000 0.9542
vn -0.2189 0.6557 -0.7226
vn -0.2900 -0.0000 -0.9570
vn 0.9545 -0.0000 -0.2982
vn -0.9545 -0.0000 0.2981
vn -0.9545 -0.0000 0.2982
vn -0.2190 0.6557 -0.7226
vn -0.7308 0.6432 0.2284
vn -0.7309 0.6432 0.2283
vn 0.7308 0.6432 -0.2284
vn 0.9545 -0.0000 -0.2983
vn -0.9545 -0.0000 0.2983
vn 0.2260 0.6557 0.7204
vn 0.2260 0.6556 0.7204
vn 0.7309 0.6432 -0.2283
vn 0.2260 0.6556 0.7205
vn 0.6447 -0.0000 0.7644
vn -0.4797 0.6555 -0.5832
vn -0.4798 0.6555 -0.5832
vn -0.6352 -0.0000 -0.7723
vn 0.8481 -0.0000 -0.5299
vn 0.8481 -0.0000 -0.5298
vn -0.8473 -0.0000 0.5311
vn -0.8472 -0.0000 0.5312
vn -0.6353 -0.0000 -0.7723
vn -0.4797 0.6556 -0.5832
vn -0.6511 0.6398 0.4084
vn -0.6512 0.6398 0.4083
vn -0.6511 0.6398 0.4083
vn 0.6519 0.6397 -0.4072
vn 0.6519 0.6397 -0.4073
vn 0.6518 0.6397 -0.4073
vn 0.8480 -0.0000 -0.5299
vn -0.8472 -0.0000 0.5314
vn 0.4872 0.6549 0.5777
vn -0.6512 0.6398 0.4082
vn 0.4873 0.6549 0.5776
vn -0.8479 -0.0000 0.5302
vn -0.8479 -0.0000 0.5301
vn 0.5195 0.5605 0.6450
vn 0.8480 -0.0000 -0.5300
vn 0.6297 -0.0000 0.7769
vn -0.6201 -0.0000 -0.7845
vn -0.5155 0.5607 -0.6480
vn -0.8480 -0.0000 0.5300
vn -0.8498 -0.0000 0.5271
vn -0.8499 -0.0000 0.5270
vn 0.4624 0.5630 0.6850
vn 0.8498 -0.0000 -0.5271
vn 0.8499 -0.0000 -0.5270
vn 0.5620 -0.0000 0.8271
vn -0.5516 -0.0000 -0.8341
vn 0.8499 -0.0000 -0.5269
vn -0.4580 0.5631 -0.6878
vn -0.8499 -0.0000 0.5269
vn -0.8488 -0.0000 0.5287
vn -0.8489 -0.0000 0.5286
vn 0.4912 0.5621 0.6654
vn 0.8489 -0.0000 -0.5285
vn 0.8490 -0.0000 -0.5284
vn 0.5964 -0.0000 0.8027
vn -0.5864 -0.0000 -0.8100
vn 0.8491 -0.0000 -0.5283
vn -0.4870 0.5622 -0.6684
vn -0.8490 -0.0000 0.5284
vn -0.4727 -0.0000 -0.8812
vn 0.6352 -0.0000 0.7723
vn -0.4726 -0.0000 -0.8813
vn 0.6352 -0.0000 0.7724
vn -0.8503 -0.0000 0.5263
vn -0.8503 -0.0000 0.5262
vn 0.4476 0.5633 0.6945
vn 0.8503 -0.0000 -0.5263
vn 0.8503 -0.0000 -0.5262
vn 0.5443 -0.0000 0.8389
vn -0.5340 -0.0000 -0.8455
vn 0.8504 -0.0000 -0.5261
vn -0.4433 0.5633 -0.6973
vn -0.8504 -0.0000 0.5262
vn -0.8507 -0.0000 0.5256
vn -0.8508 -0.0000 0.5255
vn 0.4328 0.5633 0.7038
vn 0.8507 -0.0000 -0.5256
vn 0.8508 -0.0000 -0.5255
vn 0.5265 -0.0000 0.8502
vn -0.5159 -0.0000 -0.8566
vn 0.8509 -0.0000 -0.5254
vn -0.4285 0.5633 -0.7065
vn -0.8509 -0.0000 0.5254
vn -0.8517 -0.0000 0.5241
vn -0.8517 -0.0000 0.5239
vn 0.4031 0.5630 0.7215
vn 0.8516 -0.0000 -0.5242
vn 0.8517 -0.0000 -0.5240
vn 0.4905 -0.0000 0.8715
vn -0.4797 -0.0000 -0.8774
vn 0.8518 -0.0000 -0.5239
vn -0.3987 0.5629 -0.7240
vn -0.8518 -0.0000 0.5238
vn -0.8512 -0.0000 0.5248
vn -0.8513 -0.0000 0.5247
vn 0.4179 0.5632 0.7128
vn 0.8512 -0.0000 -0.5249
vn 0.8513 -0.0000 -0.5247
vn 0.5084 -0.0000 0.8611
vn -0.4978 -0.0000 -0.8673
vn 0.8513 -0.0000 -0.5246
vn -0.4135 0.5632 -0.7155
vn -0.8514 -0.0000 0.5246
vn -0.8493 -0.0000 0.5279
vn -0.8494 -0.0000 0.5278
vn 0.4768 0.5626 0.6753
vn 0.8494 -0.0000 -0.5278
vn 0.8494 -0.0000 -0.5277
vn 0.5793 -0.0000 0.8151
vn -0.5691 -0.0000 -0.8222
vn 0.8495 -0.0000 -0.5276
vn -0.4725 0.5628 -0.6782
vn -0.8494 -0.0000 0.5277
vn -0.4728 -0.0000 -0.8812
vn -0.1212 -0.9760 -0.1809
vn 0.1212 0.9760 0.1809
vn -0.8484 -0.0000 0.5294
vn -0.8484 -0.0000 0.5293
vn 0.5054 0.5614 0.6553
vn 0.8485 -0.0000 -0.5293
vn 0.8485 -0.0000 -0.5291
vn 0.6131 -0.0000 0.7900
vn -0.6034 -0.0000 -0.7975
vn 0.8486 -0.0000 -0.5290
vn -0.5012 0.5616 -0.6583
vn -0.8485 -0.0000 0.5292
vn 0.4727 -0.0000 0.8812
vn -0.3478 0.6578 -0.6680
vn -0.4618 -0.0000 -0.8870
vn 0.8519 -0.0000 -0.5237
vn 0.8520 -0.0000 -0.5236
vn -0.8524 -0.0000 0.5229
vn -0.8523 -0.0000 0.5230
vn -0.3478 0.6579 -0.6680
vn -0.6531 0.6424 0.4009
vn -0.6532 0.6424 0.4008
vn 0.6529 0.6424 -0.4013
vn 0.6528 0.6424 -0.4014
vn 0.8519 -0.0000 -0.5238
vn -0.8523 -0.0000 0.5231
vn 0.3559 0.6581 0.6635
vn 0.6529 0.6424 -0.4012
vn -0.6532 0.6424 0.4007
vn 0.8234 -0.0000 0.5674
vn -0.6117 0.6606 -0.4352
vn -0.6118 0.6606 -0.4352
vn -0.8148 -0.0000 -0.5797
vn 0.6484 -0.0000 -0.7613
vn 0.6485 -0.0000 -0.7612
vn -0.6475 -0.0000 0.7621
vn -0.6474 -0.0000 0.7622
vn 0.8235 -0.0000 0.5674
vn -0.4964 0.6416 0.5848
vn -0.4966 0.6416 0.5847
vn 0.4974 0.6415 -0.5840
vn 0.4973 0.6415 -0.5841
vn 0.6483 -0.0000 -0.7614
vn -0.6472 -0.0000 0.7623
vn 0.6186 0.6601 0.4262
vn 0.4974 0.6415 -0.5839
vn -0.4967 0.6416 0.5846
vn 0.6186 0.6601 0.4263
vn -0.6485 -0.0000 0.7612
vn -0.6486 -0.0000 0.7611
vn 0.6659 0.5657 0.4864
vn 0.6486 -0.0000 -0.7611
vn 0.6487 -0.0000 -0.7610
vn 0.8097 -0.0000 0.5868
vn -0.8009 -0.0000 -0.5988
vn 0.6488 -0.0000 -0.7609
vn -0.6622 0.5658 -0.4913
vn -0.6487 -0.0000 0.7610
vn -0.6525 -0.0000 0.7578
vn -0.6526 -0.0000 0.7577
vn 0.6121 0.5667 0.5516
vn 0.6524 -0.0000 -0.7578
vn 0.6526 -0.0000 -0.7577
vn 0.7454 -0.0000 0.6667
vn -0.7353 -0.0000 -0.6778
vn 0.6527 -0.0000 -0.7576
vn -0.6080 0.5666 -0.5562
vn -0.6528 -0.0000 0.7575
vn -0.6504 -0.0000 0.7596
vn -0.6506 -0.0000 0.7594
vn 0.6396 0.5666 0.5195
vn 0.6505 -0.0000 -0.7595
vn 0.6507 -0.0000 -0.7594
vn 0.7785 -0.0000 0.6276
vn -0.7691 -0.0000 -0.6391
vn 0.6508 -0.0000 -0.7593
vn -0.6356 0.5667 -0.5242
vn -0.6508 -0.0000 0.7593
vn -0.6551 -0.0000 -0.7556
vn 0.6525 -0.0000 -0.7578
vn 0.8148 -0.0000 0.5797
vn -0.6551 -0.0000 -0.7555
vn -0.6535 -0.0000 0.7570
vn -0.6536 -0.0000 0.7568
vn 0.5979 0.5663 0.5673
vn 0.6534 -0.0000 -0.7571
vn 0.6535 -0.0000 -0.7569
vn 0.7280 -0.0000 0.6856
vn -0.7177 -0.0000 -0.6964
vn 0.6536 -0.0000 -0.7568
vn -0.5937 0.5662 -0.5718
vn -0.6537 -0.0000 0.7567
vn -0.6545 -0.0000 0.7561
vn -0.6546 -0.0000 0.7560
vn 0.5835 0.5657 0.5827
vn 0.6543 -0.0000 -0.7562
vn 0.6545 -0.0000 -0.7561
vn 0.7103 -0.0000 0.7039
vn -0.6996 -0.0000 -0.7145
vn 0.6546 -0.0000 -0.7560
vn -0.5792 0.5655 -0.5871
vn -0.6548 -0.0000 0.7558
vn -0.6564 -0.0000 0.7544
vn -0.6566 -0.0000 0.7543
vn 0.5538 0.5638 0.6127
vn 0.6562 -0.0000 -0.7546
vn 0.6564 -0.0000 -0.7545
vn 0.6734 -0.0000 0.7393
vn -0.6623 -0.0000 -0.7492
vn 0.6565 -0.0000 -0.7543
vn -0.5494 0.5635 -0.6169
vn -0.6567 -0.0000 0.7541
vn -0.6555 -0.0000 0.7552
vn -0.6556 -0.0000 0.7551
vn 0.5687 0.5649 0.5979
vn 0.6553 -0.0000 -0.7554
vn 0.6554 -0.0000 -0.7553
vn 0.6919 -0.0000 0.7220
vn -0.6810 -0.0000 -0.7323
vn 0.6556 -0.0000 -0.7551
vn -0.5643 0.5646 -0.6023
vn -0.6558 -0.0000 0.7550
vn -0.6515 -0.0000 0.7586
vn -0.6516 -0.0000 0.7585
vn 0.6260 0.5668 0.5356
vn 0.6515 -0.0000 -0.7586
vn 0.6516 -0.0000 -0.7585
vn 0.7623 -0.0000 0.6473
vn -0.7524 -0.0000 -0.6587
vn 0.6517 -0.0000 -0.7585
vn -0.6220 0.5668 -0.5403
vn -0.6518 -0.0000 0.7584
vn -0.6550 -0.0000 -0.7556
vn -0.1598 -0.9764 -0.1452
vn 0.1598 0.9764 0.1452
vn -0.6495 -0.0000 0.7604
vn -0.6496 -0.0000 0.7603
vn 0.6529 0.5662 0.5031
vn 0.6496 -0.0000 -0.7603
vn 0.6497 -0.0000 -0.7602
vn 0.7944 -0.0000 0.6074
vn -0.7852 -0.0000 -0.6192
vn 0.6499 -0.0000 -0.7601
vn -0.6490 0.5664 -0.5079
vn -0.6498 -0.0000 0.7601
vn 0.6550 -0.0000 0.7556
vn -0.4872 0.6549 -0.5777
vn -0.6448 -0.0000 -0.7644
vn -0.6447 -0.0000 -0.7644
vn 0.7680 -0.0000 -0.6405
vn 0.8479 -0.0000 -0.5301
vn -0.8470 -0.0000 0.5316
vn -0.7680 -0.0000 0.6405
vn 0.6551 -0.0000 0.7556
vn -0.5185 0.6404 0.5667
vn -0.5882 0.6432 0.4903
vn -0.5877 0.6432 0.4908
vn 0.5884 0.6432 -0.4900
vn 0.5877 0.6432 -0.4908
vn 0.5175 0.6403 -0.5676
vn 0.6738 -0.0000 -0.7389
vn -0.6751 -0.0000 0.7378
vn 0.4933 0.6579 0.5690
vn 0.6522 0.6391 -0.4077
vn -0.6514 0.6391 0.4088
vn 0.9456 -0.0000 0.3254
vn -0.7046 0.6624 -0.2546
vn -0.9405 -0.0000 -0.3398
vn 0.3461 -0.0000 -0.9382
vn 0.3462 -0.0000 -0.9382
vn -0.3461 -0.0000 0.9382
vn -0.3458 -0.0000 0.9383
vn -0.2646 0.6432 0.7185
vn -0.2648 0.6432 0.7185
vn 0.2650 0.6432 -0.7184
vn 0.2649 0.6432 -0.7184
vn 0.3459 -0.0000 -0.9383
vn -0.3456 -0.0000 0.9384
vn 0.7084 0.6623 0.2438
vn 0.2651 0.6432 -0.7184
vn -0.2650 0.6432 0.7184
vn -0.3470 -0.0000 0.9379
vn -0.3471 -0.0000 0.9378
vn 0.7710 0.5671 0.2897
vn 0.3470 -0.0000 -0.9379
vn 0.3471 -0.0000 -0.9378
vn 0.9374 -0.0000 0.3482
vn -0.9320 -0.0000 -0.3624
vn 0.3472 -0.0000 -0.9378
vn -0.7688 0.5671 -0.2956
vn -0.3472 -0.0000 0.9378
vn -0.3520 -0.0000 0.9360
vn -0.3522 -0.0000 0.9359
vn 0.7379 0.5649 0.3693
vn 0.3518 -0.0000 -0.9361
vn 0.3520 -0.0000 -0.9360
vn 0.8960 -0.0000 0.4441
vn -0.8891 -0.0000 -0.4577
vn 0.3522 -0.0000 -0.9359
vn -0.7352 0.5646 -0.3750
vn -0.3524 -0.0000 0.9358
vn -0.3495 -0.0000 0.9369
vn -0.3497 -0.0000 0.9369
vn 0.7552 0.5665 0.3298
vn 0.3494 -0.0000 -0.9370
vn 0.3495 -0.0000 -0.9369
vn 0.9180 -0.0000 0.3967
vn -0.9118 -0.0000 -0.4106
vn 0.3497 -0.0000 -0.9369
vn -0.7527 0.5664 -0.3356
vn -0.3498 -0.0000 0.9368
vn -0.8319 -0.0000 -0.5550
vn -0.4252 -0.0000 0.9051
vn 0.4251 -0.0000 -0.9051
vn 0.9405 -0.0000 0.3398
vn -0.8319 -0.0000 -0.5549
vn -0.3533 -0.0000 0.9355
vn -0.3535 -0.0000 0.9354
vn 0.7287 0.5637 0.3888
vn 0.3530 -0.0000 -0.9356
vn 0.3532 -0.0000 -0.9356
vn 0.8841 -0.0000 0.4674
vn -0.8769 -0.0000 -0.4807
vn 0.3534 -0.0000 -0.9355
vn -0.7260 0.5633 -0.3945
vn -0.3537 -0.0000 0.9354
vn -0.3546 -0.0000 0.9350
vn -0.3548 -0.0000 0.9350
vn 0.7192 0.5623 0.4082
vn 0.3542 -0.0000 -0.9352
vn 0.3544 -0.0000 -0.9351
vn 0.8715 -0.0000 0.4903
vn -0.8640 -0.0000 -0.5035
vn 0.3546 -0.0000 -0.9350
vn -0.7163 0.5619 -0.4138
vn -0.3550 -0.0000 0.9349
vn -0.6460 -0.0000 0.7634
vn -0.6461 -0.0000 0.7632
vn 0.6968 0.5631 0.4443
vn 0.6462 -0.0000 -0.7631
vn 0.6464 -0.0000 -0.7630
vn 0.8452 -0.0000 0.5344
vn -0.8371 -0.0000 -0.5470
vn 0.6465 -0.0000 -0.7629
vn -0.6933 0.5634 -0.4493
vn -0.6463 -0.0000 0.7631
vn -0.6450 -0.0000 0.7642
vn -0.6451 -0.0000 0.7641
vn 0.7087 0.5616 0.4270
vn 0.6453 -0.0000 -0.7639
vn 0.6454 -0.0000 -0.7638
vn 0.8585 -0.0000 0.5129
vn -0.8507 -0.0000 -0.5256
vn 0.6456 -0.0000 -0.7637
vn -0.7052 0.5621 -0.4321
vn -0.6453 -0.0000 0.7639
vn -0.3507 -0.0000 0.9365
vn -0.3509 -0.0000 0.9364
vn 0.7468 0.5658 0.3496
vn 0.3505 -0.0000 -0.9365
vn 0.3508 -0.0000 -0.9365
vn 0.9073 -0.0000 0.4206
vn -0.9008 -0.0000 -0.4343
vn 0.3510 -0.0000 -0.9364
vn -0.7442 0.5656 -0.3553
vn -0.3512 -0.0000 0.9363
vn -0.1947 -0.9759 -0.0983
vn 0.1947 0.9759 0.0983
vn 0.4251 -0.0000 -0.9052
vn 0.9405 -0.0000 0.3399
vn -0.3482 -0.0000 0.9374
vn -0.3484 -0.0000 0.9373
vn 0.7633 0.5669 0.3098
vn 0.3481 -0.0000 -0.9375
vn 0.3483 -0.0000 -0.9374
vn 0.9280 -0.0000 0.3725
vn -0.9222 -0.0000 -0.3867
vn 0.3485 -0.0000 -0.9373
vn -0.7609 0.5668 -0.3157
vn -0.3486 -0.0000 0.9373
vn 0.8319 -0.0000 0.5550
vn -0.6186 0.6601 -0.4262
vn -0.8234 -0.0000 -0.5674
vn 0.6479 -0.0000 -0.7618
vn 0.6480 -0.0000 -0.7617
vn -0.6469 -0.0000 0.7626
vn -0.6467 -0.0000 0.7627
vn -0.6186 0.6600 -0.4262
vn -0.4962 0.6410 0.5855
vn -0.4964 0.6410 0.5854
vn -0.4963 0.6410 0.5854
vn 0.4973 0.6410 -0.5847
vn 0.4972 0.6410 -0.5848
vn 0.6477 -0.0000 -0.7619
vn -0.6466 -0.0000 0.7629
vn 0.6253 0.6595 0.4172
vn 0.4974 0.6410 -0.5846
vn -0.4965 0.6410 0.5853
vn 0.9967 -0.0000 0.0812
vn -0.7503 0.6573 -0.0705
vn -0.9956 -0.0000 -0.0935
vn 0.0057 -0.0000 -1.0000
vn 0.0058 -0.0000 -1.0000
vn -0.0068 -0.0000 1.0000
vn -0.0067 -0.0000 1.0000
vn -0.7503 0.6574 -0.0705
vn -0.0050 0.6420 0.7667
vn -0.0051 0.6420 0.7667
vn 0.0044 0.6419 -0.7667
vn 0.0056 -0.0000 -1.0000
vn -0.0066 -0.0000 1.0000
vn 0.7508 0.6577 0.0612
vn 0.0044 0.6420 -0.7667
vn -0.0052 0.6420 0.7667
vn -0.0070 -0.0000 1.0000
vn -0.0072 -0.0000 1.0000
vn 0.8230 0.5615 0.0858
vn 0.0068 -0.0000 -1.0000
vn 0.0070 -0.0000 -1.0000
vn 0.9949 -0.0000 0.1007
vn -0.9936 -0.0000 -0.1129
vn 0.0071 -0.0000 -1.0000
vn -0.8227 0.5612 -0.0909
vn -0.0073 -0.0000 1.0000
vn -0.3386 -0.0000 0.9409
vn -0.3388 -0.0000 0.9409
vn 0.8120 0.5622 0.1568
vn 0.3390 -0.0000 -0.9408
vn 0.3392 -0.0000 -0.9407
vn 0.9826 -0.0000 0.1858
vn -0.9796 -0.0000 -0.2008
vn 0.3394 -0.0000 -0.9406
vn -0.8105 0.5627 -0.1629
vn -0.3390 -0.0000 0.9408
vn -0.0088 -0.0000 1.0000
vn -0.0090 -0.0000 1.0000
vn 0.8200 0.5595 0.1207
vn 0.0086 -0.0000 -1.0000
vn 0.0087 -0.0000 -1.0000
vn 0.9898 -0.0000 0.1426
vn -0.9880 -0.0000 -0.1547
vn 0.0088 -0.0000 -1.0000
vn -0.8195 0.5591 -0.1258
vn -0.0092 -0.0000 1.0000
vn -0.9505 -0.0000 -0.3108
vn -0.2011 -0.0000 0.9796
vn 0.2011 -0.0000 -0.9796
vn 0.9956 -0.0000 0.0935
vn -0.3399 -0.0000 0.9404
vn -0.3401 -0.0000 0.9404
vn 0.8066 0.5637 0.1777
vn 0.3402 -0.0000 -0.9403
vn 0.3404 -0.0000 -0.9403
vn 0.9774 -0.0000 0.2115
vn -0.9740 -0.0000 -0.2263
vn 0.3406 -0.0000 -0.9402
vn -0.8050 0.5641 -0.1838
vn -0.3403 -0.0000 0.9403
vn -0.3412 -0.0000 0.9400
vn -0.3414 -0.0000 0.9399
vn 0.8009 0.5649 0.1986
vn 0.3414 -0.0000 -0.9399
vn 0.3416 -0.0000 -0.9398
vn 0.9715 -0.0000 0.2369
vn -0.9678 -0.0000 -0.2517
vn 0.3418 -0.0000 -0.9398
vn -0.7992 0.5652 -0.2046
vn -0.3416 -0.0000 0.9399
vn -0.3437 -0.0000 0.9391
vn -0.3439 -0.0000 0.9390
vn 0.7885 0.5665 0.2395
vn 0.3439 -0.0000 -0.9390
vn 0.3441 -0.0000 -0.9389
vn 0.9579 -0.0000 0.2870
vn 0.3442 -0.0000 -0.9389
vn -0.7866 0.5666 -0.2455
vn -0.3441 -0.0000 0.9389
vn -0.3425 -0.0000 0.9395
vn -0.3427 -0.0000 0.9395
vn 0.7948 0.5658 0.2193
vn 0.3427 -0.0000 -0.9394
vn 0.3429 -0.0000 -0.9394
vn 0.9650 -0.0000 0.2622
vn -0.9609 -0.0000 -0.2769
vn 0.3430 -0.0000 -0.9393
vn -0.7930 0.5660 -0.2253
vn -0.3428 -0.0000 0.9394
vn -0.0098 -0.0000 1.0000
vn -0.0099 -0.0000 1.0000
vn 0.8181 0.5583 0.1381
vn 0.0094 -0.0000 -1.0000
vn 0.0095 -0.0000 -1.0000
vn 0.9866 -0.0000 0.1634
vn -0.9845 -0.0000 -0.1756
vn 0.0096 -0.0000 -1.0000
vn -0.8175 0.5579 -0.1432
vn -0.2149 -0.9756 -0.0447
vn 0.2149 0.9756 0.0447
vn 0.9956 -0.0000 0.0936
vn -0.0080 -0.0000 1.0000
vn -0.0081 -0.0000 1.0000
vn 0.8217 0.5606 0.1033
vn 0.0077 -0.0000 -1.0000
vn 0.0078 -0.0000 -1.0000
vn 0.9926 -0.0000 0.1216
vn -0.9910 -0.0000 -0.1339
vn 0.0079 -0.0000 -1.0000
vn -0.8212 0.5602 -0.1084
vn -0.0082 -0.0000 1.0000
vn 0.9504 -0.0000 0.3109
vn -0.7085 0.6623 -0.2438
vn -0.9456 -0.0000 -0.3254
vn 0.3454 -0.0000 -0.9384
vn 0.3456 -0.0000 -0.9384
vn -0.3453 -0.0000 0.9385
vn -0.3450 -0.0000 0.9386
vn -0.7084 0.6623 -0.2438
vn -0.2641 0.6431 0.7188
vn -0.2643 0.6431 0.7188
vn 0.2645 0.6431 -0.7187
vn 0.2644 0.6431 -0.7187
vn 0.3453 -0.0000 -0.9385
vn -0.3448 -0.0000 0.9387
vn 0.7122 0.6622 0.2330
vn 0.2647 0.6430 -0.7186
vn -0.2644 0.6431 0.7187
vn 0.9903 -0.0000 -0.1389
vn -0.7489 0.6558 0.0956
vn -0.7488 0.6558 0.0956
vn -0.9919 -0.0000 0.1267
vn -0.0020 -0.0000 -1.0000
vn -0.0019 -0.0000 -1.0000
vn 0.0034 -0.0000 1.0000
vn 0.0035 -0.0000 1.0000
vn 0.0028 0.6400 0.7683
vn 0.0027 0.6400 0.7684
vn -0.0015 0.6400 -0.7684
vn -0.0017 0.6400 -0.7684
vn -0.0021 -0.0000 -1.0000
vn 0.0036 -0.0000 1.0000
vn 0.7482 0.6552 -0.1049
vn -0.0014 0.6400 -0.7684
vn 0.7481 0.6552 -0.1049
vn 0.0023 -0.0000 1.0000
vn 0.0022 -0.0000 1.0000
vn 0.8224 0.5607 -0.0964
vn -0.0022 -0.0000 -1.0000
vn 0.9928 -0.0000 -0.1195
vn -0.9942 -0.0000 0.1073
vn -0.0018 -0.0000 -1.0000
vn -0.8228 0.5610 0.0914
vn 0.0021 -0.0000 1.0000
vn -0.0012 -0.0000 1.0000
vn -0.0014 -0.0000 1.0000
vn 0.8260 0.5631 -0.0267
vn 0.0012 -0.0000 -1.0000
vn 0.0014 -0.0000 -1.0000
vn 0.9994 -0.0000 -0.0354
vn -0.9997 -0.0000 0.0231
vn 0.0015 -0.0000 -1.0000
vn -0.8261 0.5631 0.0216
vn -0.0016 -0.0000 1.0000
vn 0.0006 -0.0000 1.0000
vn 0.0004 -0.0000 1.0000
vn 0.8247 0.5622 -0.0616
vn -0.0005 -0.0000 -1.0000
vn -0.0003 -0.0000 -1.0000
vn 0.9970 -0.0000 -0.0775
vn -0.9979 -0.0000 0.0652
vn -0.0002 -0.0000 -1.0000
vn -0.8250 0.5623 0.0565
vn 0.0003 -0.0000 1.0000
vn -0.9976 -0.0000 -0.0689
vn 0.9920 -0.0000 -0.1266
vn 0.9919 -0.0000 -0.1266
vn -0.0021 -0.0000 1.0000
vn -0.0023 -0.0000 1.0000
vn 0.8262 0.5633 -0.0092
vn 0.0021 -0.0000 -1.0000
vn 0.0023 -0.0000 -1.0000
vn 0.9999 -0.0000 -0.0143
vn -1.0000 -0.0000 0.0019
vn 0.0024 -0.0000 -1.0000
vn -0.8262 0.5633 0.0042
vn -0.0024 -0.0000 1.0000
vn -0.0030 -0.0000 1.0000
vn -0.0031 -0.0000 1.0000
vn 0.8262 0.5633 0.0082
vn 0.0030 -0.0000 -1.0000
vn 0.0032 -0.0000 -1.0000
vn 1.0000 -0.0000 0.0068
vn -0.9998 -0.0000 -0.0192
vn 0.0033 -0.0000 -1.0000
vn -0.8262 0.5633 -0.0133
vn -0.0033 -0.0000 1.0000
vn -0.0049 -0.0000 1.0000
vn -0.0050 -0.0000 1.0000
vn 0.8254 0.5629 0.0428
vn 0.0047 -0.0000 -1.0000
vn 0.0049 -0.0000 -1.0000
vn 0.9988 -0.0000 0.0487
vn -0.9981 -0.0000 -0.0611
vn 0.0050 -0.0000 -1.0000
vn -0.8252 0.5628 -0.0479
vn -0.0051 -0.0000 1.0000
vn -0.0040 -0.0000 1.0000
vn -0.0041 -0.0000 1.0000
vn 0.8259 0.5632 0.0256
vn 0.0039 -0.0000 -1.0000
vn 0.0040 -0.0000 -1.0000
vn 0.9996 -0.0000 0.0280
vn -0.9992 -0.0000 -0.0403
vn 0.0042 -0.0000 -1.0000
vn -0.8258 0.5631 -0.0307
vn -0.0042 -0.0000 1.0000
vn -0.0003 -0.0000 1.0000
vn -0.0005 -0.0000 1.0000
vn 0.8255 0.5627 -0.0441
vn 0.0004 -0.0000 -1.0000
vn 0.0006 -0.0000 -1.0000
vn 0.9984 -0.0000 -0.0565
vn -0.9990 -0.0000 0.0442
vn 0.0007 -0.0000 -1.0000
vn -0.8256 0.5629 0.0390
vn -0.0006 -0.0000 1.0000
vn -0.2176 -0.9760 0.0063
vn 0.2177 0.9760 -0.0063
vn 0.0015 -0.0000 1.0000
vn 0.0014 -0.0000 1.0000
vn 0.8237 0.5615 -0.0790
vn -0.0012 -0.0000 -1.0000
vn -0.0011 -0.0000 -1.0000
vn 0.9951 -0.0000 -0.0986
vn -0.9963 -0.0000 0.0863
vn -0.0010 -0.0000 -1.0000
vn -0.8240 0.5617 0.0739
vn 0.0012 -0.0000 1.0000
vn 0.9976 -0.0000 0.0689
vn -0.7508 0.6577 -0.0612
vn -0.9967 -0.0000 -0.0812
vn 0.0053 -0.0000 -1.0000
vn 0.0054 -0.0000 -1.0000
vn -0.0062 -0.0000 1.0000
vn -0.0061 -0.0000 1.0000
vn -0.0046 0.6423 0.7664
vn 0.0040 0.6423 -0.7664
vn 0.0041 0.6423 -0.7664
vn 0.0040 0.6423 -0.7665
vn 0.0051 -0.0000 -1.0000
vn -0.0060 -0.0000 1.0000
vn 0.7512 0.6580 0.0519
vn 0.7512 0.6581 0.0519
vn -0.0047 0.6423 0.7664
vt 0.716410 0.912114
vt 0.716410 0.001385
vt 0.771815 0.001385
vt 0.771815 0.912114
vt 0.937344 0.912114
vt 0.937344 0.996215
vt 0.882053 0.912114
vt 0.937344 0.001385
vt 0.882053 0.001385
vt 0.486930 0.033353
vt 0.512679 0.033498
vt 0.512534 0.059246
vt 0.486786 0.059102
vt 0.826362 0.912114
vt 0.826362 0.001385
vt 0.549787 0.001385
vt 0.604832 0.001385
vt 0.604832 0.912114
vt 0.549787 0.912114
vt 0.538283 0.059391
vt 0.538427 0.033642
vt 0.991769 0.912114
vt 0.991769 0.001385
vt 0.660452 0.001385
vt 0.660452 0.912114
vt 0.656516 0.912114
vt 0.604832 0.996469
vt 0.826362 0.997130
vt 0.512823 0.007749
vt 0.487075 0.007605
vt 0.538571 0.007894
vt 0.716410 1.000000
vt 0.585245 0.489935
vt 0.555713 0.535231
vt 0.555227 0.014453
vt 0.584801 0.014426
vt 0.067017 0.984347
vt 0.067017 0.623049
vt 0.079326 0.623049
vt 0.079326 0.984347
vt 0.595506 0.014416
vt 0.625080 0.014388
vt 0.625566 0.535166
vt 0.595950 0.489925
vt 0.029076 0.620340
vt 0.029076 0.981639
vt 0.041385 0.981639
vt 0.041385 0.620340
vt 0.514948 0.014491
vt 0.525653 0.014481
vt 0.526097 0.489990
vt 0.515392 0.490000
vt 0.016768 0.981639
vt 0.016768 0.620340
vt 0.654653 0.014361
vt 0.655097 0.489870
vt 0.054709 0.623049
vt 0.054709 0.984347
vt 0.251584 0.484842
vt 0.221524 0.529789
vt 0.221524 0.018292
vt 0.251584 0.018292
vt 0.262493 0.018292
vt 0.292706 0.018292
vt 0.292706 0.528769
vt 0.262493 0.484842
vt 0.180405 0.018292
vt 0.191314 0.018292
vt 0.191314 0.485868
vt 0.180405 0.485868
vt 0.322765 0.018292
vt 0.322765 0.483884
vt 0.415814 0.484842
vt 0.385754 0.529789
vt 0.385754 0.018292
vt 0.415814 0.018292
vt 0.426723 0.018292
vt 0.456935 0.018292
vt 0.456935 0.528770
vt 0.426723 0.484842
vt 0.344635 0.018292
vt 0.355544 0.018292
vt 0.355544 0.485868
vt 0.344635 0.485868
vt 0.486995 0.018292
vt 0.486995 0.483884
vt 0.091761 0.623496
vt 0.141047 0.623641
vt 0.140359 0.858605
vt 0.091073 0.858460
vt 0.734158 0.990483
vt 0.729232 0.990483
vt 0.729232 0.557904
vt 0.734158 0.557904
vt 0.786047 0.990483
vt 0.762566 0.990483
vt 0.762566 0.557904
vt 0.786047 0.557904
vt 0.757640 0.990483
vt 0.757640 0.557904
vt 0.868637 0.989683
vt 0.863712 0.989683
vt 0.863712 0.557104
vt 0.868637 0.557104
vt 0.920527 0.989683
vt 0.897045 0.989683
vt 0.897045 0.557104
vt 0.920527 0.557104
vt 0.892119 0.989683
vt 0.892119 0.557104
vt 0.804759 0.487437
vt 0.774699 0.532384
vt 0.774699 0.020887
vt 0.804759 0.020887
vt 0.620804 0.984347
vt 0.620804 0.623049
vt 0.633113 0.623049
vt 0.633113 0.984347
vt 0.815668 0.020887
vt 0.845881 0.020887
vt 0.845881 0.531364
vt 0.815668 0.487437
vt 0.582863 0.620340
vt 0.582863 0.981639
vt 0.595172 0.981639
vt 0.595172 0.620340
vt 0.733580 0.020887
vt 0.744489 0.020887
vt 0.744489 0.488463
vt 0.733580 0.488463
vt 0.570555 0.981639
vt 0.570555 0.620340
vt 0.875939 0.020887
vt 0.875940 0.486479
vt 0.608496 0.623049
vt 0.608496 0.984347
vt 0.308171 0.487437
vt 0.278111 0.532384
vt 0.278111 0.020887
vt 0.308171 0.020887
vt 0.124216 0.984347
vt 0.124216 0.623049
vt 0.136524 0.623049
vt 0.136524 0.984347
vt 0.319080 0.020887
vt 0.349292 0.020887
vt 0.349292 0.531365
vt 0.319080 0.487437
vt 0.086275 0.620340
vt 0.086275 0.981639
vt 0.098583 0.981639
vt 0.098583 0.620340
vt 0.236992 0.020887
vt 0.247901 0.020887
vt 0.247901 0.488463
vt 0.236992 0.488463
vt 0.073967 0.981639
vt 0.073967 0.620340
vt 0.379351 0.020887
vt 0.379351 0.486479
vt 0.111908 0.623049
vt 0.111908 0.984347
vt 0.088200 0.489353
vt 0.058529 0.534557
vt 0.059654 0.013780
vt 0.089228 0.013844
vt 0.067018 0.984347
vt 0.067018 0.623049
vt 0.099933 0.013867
vt 0.129506 0.013931
vt 0.128381 0.534708
vt 0.098905 0.489376
vt 0.019376 0.013693
vt 0.030081 0.013716
vt 0.029053 0.489225
vt 0.018348 0.489202
vt 0.159080 0.013995
vt 0.158052 0.489504
vt 0.917029 0.482718
vt 0.886969 0.527665
vt 0.886969 0.016168
vt 0.917029 0.016168
vt 0.927938 0.016168
vt 0.958150 0.016168
vt 0.958150 0.526645
vt 0.927938 0.482718
vt 0.845850 0.016168
vt 0.856759 0.016168
vt 0.856759 0.483744
vt 0.845850 0.483744
vt 0.988209 0.016168
vt 0.988209 0.481759
vt 0.451168 0.487437
vt 0.421108 0.532384
vt 0.421108 0.020887
vt 0.451168 0.020887
vt 0.267213 0.984353
vt 0.267213 0.623043
vt 0.279521 0.623043
vt 0.279521 0.984353
vt 0.462077 0.020887
vt 0.492289 0.020887
vt 0.492289 0.531364
vt 0.462077 0.487437
vt 0.229272 0.620334
vt 0.229272 0.981645
vt 0.241580 0.981645
vt 0.241580 0.620334
vt 0.379988 0.020887
vt 0.390898 0.020887
vt 0.390898 0.488463
vt 0.379988 0.488463
vt 0.216963 0.981645
vt 0.216963 0.620334
vt 0.522348 0.020887
vt 0.522348 0.486478
vt 0.254904 0.623043
vt 0.254904 0.984353
vt 0.091742 0.627975
vt 0.141040 0.628120
vt 0.140378 0.854126
vt 0.091081 0.853982
vt 0.976839 0.544941
vt 0.981765 0.544941
vt 0.981765 0.988902
vt 0.976839 0.988902
vt 0.927922 0.544941
vt 0.949567 0.544941
vt 0.949567 0.988902
vt 0.927922 0.988902
vt 0.954492 0.544941
vt 0.954492 0.988902
vt 0.141040 0.628119
vt 0.729616 0.483772
vt 0.699556 0.528719
vt 0.699556 0.017222
vt 0.729616 0.017222
vt 0.046218 0.984347
vt 0.046218 0.623049
vt 0.058526 0.623049
vt 0.058526 0.984347
vt 0.740525 0.017222
vt 0.770737 0.017222
vt 0.770737 0.527699
vt 0.740525 0.483772
vt 0.008277 0.620340
vt 0.008277 0.981639
vt 0.020585 0.981639
vt 0.020585 0.620340
vt 0.658437 0.017222
vt 0.669346 0.017222
vt 0.669346 0.484798
vt 0.658437 0.484798
vt -0.004032 0.981639
vt -0.004032 0.620340
vt 0.800796 0.017222
vt 0.800796 0.482813
vt 0.033910 0.623049
vt 0.033910 0.984347
s 1
usemtl White_Wash_T.001
f 12/1/1 9/2/1 2/3/1 4/4/1
f 11/5/2 14/6/2 6/7/2
f 10/8/3 11/5/3 6/7/3 8/9/3
f 16/10/4 17/11/4 10/12/4 8/13/4
f 15/14/5 16/15/5 8/9/6 6/7/6
f 7/16/7 18/17/8 13/18/8 5/19/7
f 7/20/4 10/12/4 17/11/4 18/21/4
f 5/22/3 11/5/3 10/8/3 7/23/3
f 5/22/2 14/6/2 11/5/2
f 1/24/1 9/2/1 12/1/1 3/25/1
f 3/26/9 14/27/10 13/18/11
f 15/14/12 14/28/12 4/4/13
f 2/3/14 16/15/5 15/14/5 4/4/14
f 9/29/4 17/11/4 16/10/4 2/30/4
f 18/21/4 17/11/4 9/29/4 1/31/4
f 13/18/8 18/17/8 1/24/15 3/25/15
f 3/25/16 12/1/16 14/32/16
f 6/7/17 14/28/12 15/14/12
f 13/18/11 14/27/10 5/19/18
f 4/4/16 14/32/16 12/1/16
f 22/33/19 30/34/20 27/35/20 20/36/19
f 29/37/21 30/38/21 22/39/21 24/40/21
f 26/41/22 28/42/23 29/43/23 24/44/22
f 27/45/4 28/46/4 26/47/4 20/48/4
f 22/33/24 20/36/24 26/41/24 24/44/24
f 25/49/25 19/50/25 21/51/25 23/52/25
f 25/53/4 28/46/4 27/45/4 19/54/4
f 25/55/26 23/56/26 29/43/23 28/42/23
f 21/57/27 30/38/27 29/37/27 23/58/27
f 19/50/28 27/35/20 30/34/20 21/51/28
f 34/59/29 42/60/30 39/61/30 32/62/29
f 41/37/31 42/38/31 34/39/31 36/40/31
f 38/63/32 40/64/33 41/65/33 36/66/32
f 39/45/4 40/46/4 38/47/4 32/48/4
f 34/59/34 32/62/34 38/63/34 36/66/34
f 37/67/35 31/68/35 33/69/35 35/70/35
f 37/53/4 40/46/4 39/45/4 31/54/4
f 37/71/36 35/72/36 41/65/33 40/64/33
f 33/57/37 42/38/37 41/37/37 35/58/37
f 31/68/38 39/61/30 42/60/30 33/69/38
f 46/73/39 54/74/40 51/75/40 44/76/39
f 53/37/41 54/38/41 46/39/41 48/40/41
f 50/77/42 52/78/43 53/79/43 48/80/42
f 51/45/4 52/46/4 50/47/4 44/48/4
f 46/73/44 44/76/44 50/77/44 48/80/44
f 49/81/45 43/82/45 45/83/45 47/84/45
f 49/53/4 52/46/4 51/45/4 43/54/4
f 49/85/46 47/86/46 53/79/43 52/78/43
f 45/57/47 54/38/47 53/37/47 47/58/47
f 43/82/48 51/75/40 54/74/40 45/83/48
f 60/87/49 59/88/49 61/89/49 62/90/49
f 58/91/4 57/92/4 59/93/4 60/94/4
f 57/95/29 55/96/29 61/97/29 59/98/29
f 55/96/50 56/99/50 62/100/50 61/97/50
f 56/99/32 58/91/32 60/94/32 62/100/32
f 56/87/51 55/88/51 57/89/51 58/90/51
f 68/87/49 67/88/49 69/89/49 70/90/49
f 66/101/4 65/102/4 67/103/4 68/104/4
f 65/105/29 63/106/29 69/107/29 67/108/29
f 63/106/50 64/109/50 70/110/50 69/107/50
f 64/109/32 66/101/32 68/104/32 70/110/32
f 64/87/51 63/88/51 65/89/51 66/90/51
f 74/111/52 82/112/53 79/113/53 72/114/52
f 81/115/54 82/116/54 74/117/54 76/118/54
f 78/119/55 80/120/56 81/121/56 76/122/55
f 79/123/4 80/124/4 78/125/4 72/126/4
f 74/111/57 72/114/57 78/119/57 76/122/57
f 77/127/58 71/128/58 73/129/58 75/130/58
f 77/131/4 80/124/4 79/123/4 71/132/4
f 77/133/59 75/134/59 81/121/56 80/120/56
f 73/135/60 82/116/60 81/115/60 75/136/60
f 71/128/61 79/113/53 82/112/53 73/129/61
f 86/137/62 94/138/63 91/139/63 84/140/62
f 93/141/64 94/142/64 86/143/64 88/144/64
f 90/145/65 92/146/66 93/147/66 88/148/65
f 91/149/4 92/150/4 90/151/4 84/152/4
f 86/137/67 84/140/67 90/145/67 88/148/67
f 89/153/68 83/154/68 85/155/68 87/156/68
f 89/157/4 92/150/4 91/149/4 83/158/4
f 89/159/69 87/160/69 93/147/66 92/146/66
f 85/161/70 94/142/70 93/141/70 87/162/70
f 83/154/71 91/139/63 94/138/63 85/155/71
f 108/163/72 107/164/73 113/165/73 114/166/72
f 109/167/74 107/168/74 108/39/74 110/40/74
f 112/169/75 111/170/76 109/171/76 110/172/75
f 113/45/4 111/46/4 112/47/4 114/48/4
f 108/163/77 114/166/77 112/169/77 110/172/77
f 115/173/78 116/174/78 118/175/78 117/176/78
f 115/53/4 111/46/4 113/45/4 116/54/4
f 115/177/79 117/178/79 109/171/76 111/170/76
f 118/57/80 107/168/80 109/167/80 117/58/80
f 116/174/81 113/165/73 107/164/73 118/175/81
f 98/179/82 106/180/83 103/181/83 96/182/82
f 105/37/84 106/38/84 98/39/84 100/40/84
f 102/183/85 104/184/86 105/185/86 100/186/85
f 103/45/4 104/46/4 102/47/4 96/48/4
f 98/179/87 96/182/87 102/183/87 100/186/87
f 101/187/88 95/188/88 97/189/88 99/190/88
f 101/53/4 104/46/4 103/45/4 95/54/4
f 101/191/89 99/192/89 105/185/86 104/184/86
f 97/57/90 106/38/90 105/37/90 99/58/90
f 95/188/91 103/181/83 106/180/83 97/189/91
f 122/193/92 130/194/93 127/195/93 120/196/92
f 129/197/94 130/198/94 122/199/94 124/200/94
f 126/201/95 128/202/96 129/203/96 124/204/95
f 127/205/4 128/206/4 126/207/4 120/208/4
f 122/193/97 120/196/97 126/201/97 124/204/97
f 125/209/98 119/210/98 121/211/98 123/212/98
f 125/213/4 128/206/4 127/205/4 119/214/4
f 125/215/99 123/216/99 129/203/96 128/202/96
f 121/217/100 130/198/100 129/197/100 123/218/100
f 119/210/101 127/195/93 130/194/93 121/211/101
f 136/219/49 135/220/49 137/221/49 138/222/49
f 134/223/102 133/224/102 135/225/102 136/226/102
f 133/227/29 131/228/29 137/229/29 135/230/29
f 131/228/103 132/231/103 138/232/103 137/229/103
f 132/231/32 134/223/32 136/226/32 138/232/32
f 132/219/51 131/233/51 133/221/51 134/222/51
f 142/234/104 150/235/105 147/236/105 140/237/104
f 149/238/106 150/239/106 142/240/106 144/241/106
f 146/242/107 148/243/108 149/244/108 144/245/107
f 147/246/4 148/247/4 146/248/4 140/249/4
f 142/234/109 140/237/109 146/242/109 144/245/109
f 145/250/110 139/251/110 141/252/110 143/253/110
f 145/254/4 148/247/4 147/246/4 139/255/4
f 145/256/111 143/257/111 149/244/108 148/243/108
f 141/258/112 150/239/112 149/238/112 143/259/112
f 139/251/113 147/236/105 150/235/105 141/252/113
f 162/1/114 159/2/114 152/3/114 154/4/114
f 161/5/115 164/6/115 156/7/115
f 160/8/116 161/5/116 156/7/116 158/9/116
f 166/10/4 167/11/4 160/12/4 158/13/4
f 165/14/65 166/15/65 158/9/33 156/7/33
f 157/16/117 168/17/83 163/18/83 155/19/117
f 157/20/4 160/12/4 167/11/4 168/21/4
f 155/22/116 161/5/116 160/8/116 157/23/116
f 155/22/115 164/6/115 161/5/115
f 151/24/114 159/2/114 162/1/114 153/25/114
f 153/26/118 164/27/119 163/18/120
f 165/14/121 164/28/122 154/4/123
f 152/3/75 166/15/65 165/14/65 154/4/75
f 159/29/4 167/11/4 166/10/4 152/30/4
f 168/21/4 167/11/4 159/29/4 151/31/4
f 163/18/83 168/17/83 151/24/124 153/25/124
f 153/25/125 162/1/125 164/32/125
f 156/7/126 164/28/122 165/14/121
f 163/18/120 164/27/119 155/19/127
f 154/4/125 164/32/125 162/1/125
f 180/1/128 177/2/128 170/3/128 172/4/128
f 179/5/129 182/6/129 174/7/129
f 178/8/130 179/5/130 174/7/130 176/9/130
f 184/10/4 185/11/4 178/12/4 176/13/4
f 183/14/131 184/15/131 176/9/132 174/7/132
f 175/16/133 186/17/134 181/18/134 173/19/133
f 175/20/4 178/12/4 185/11/4 186/21/4
f 173/22/130 179/5/130 178/8/130 175/23/130
f 173/22/129 182/6/129 179/5/129
f 169/24/128 177/2/128 180/1/128 171/25/128
f 171/26/135 182/27/136 181/18/136
f 183/14/137 182/28/137 172/4/138
f 170/3/139 184/15/131 183/14/131 172/4/139
f 177/29/4 185/11/4 184/10/4 170/30/4
f 186/21/4 185/11/4 177/29/4 169/31/4
f 181/18/134 186/17/134 169/24/140 171/25/140
f 171/25/141 180/1/141 182/32/141
f 174/7/142 182/28/137 183/14/137
f 181/18/136 182/27/136 173/19/143
f 172/4/141 182/32/141 180/1/141
f 190/33/144 198/34/145 195/35/145 188/36/144
f 197/37/146 198/38/146 190/39/146 192/40/146
f 194/41/147 196/42/148 197/43/148 192/44/147
f 195/45/4 196/46/4 194/47/4 188/48/4
f 190/33/149 188/36/149 194/41/149 192/44/149
f 193/49/150 187/50/150 189/51/150 191/52/150
f 193/53/4 196/46/4 195/45/4 187/54/4
f 193/55/151 191/56/151 197/43/148 196/42/148
f 189/57/152 198/38/152 197/37/152 191/58/152
f 187/50/153 195/35/145 198/34/145 189/51/153
f 202/59/154 210/60/155 207/61/155 200/62/154
f 209/37/156 210/38/156 202/39/156 204/40/156
f 206/63/157 208/64/158 209/65/158 204/66/157
f 207/45/4 208/46/4 206/47/4 200/48/4
f 202/59/159 200/62/159 206/63/159 204/66/159
f 205/67/160 199/68/160 201/69/160 203/70/160
f 205/53/4 208/46/4 207/45/4 199/54/4
f 205/71/161 203/72/161 209/65/158 208/64/158
f 201/57/162 210/38/162 209/37/162 203/58/162
f 199/68/163 207/61/155 210/60/155 201/69/163
f 214/73/164 222/74/165 219/75/165 212/76/164
f 221/37/166 222/38/166 214/39/166 216/40/166
f 218/77/167 220/78/168 221/79/168 216/80/167
f 219/45/4 220/46/4 218/47/4 212/48/4
f 214/73/169 212/76/169 218/77/169 216/80/169
f 217/81/170 211/82/170 213/83/170 215/84/170
f 217/53/4 220/46/4 219/45/4 211/54/4
f 217/85/171 215/86/171 221/79/168 220/78/168
f 213/57/172 222/38/172 221/37/172 215/58/172
f 211/82/173 219/75/165 222/74/165 213/83/173
f 228/87/174 227/88/174 229/89/174 230/90/174
f 226/91/4 225/92/4 227/93/4 228/94/4
f 225/95/175 223/96/175 229/97/175 227/98/175
f 223/96/50 224/99/50 230/100/50 229/97/50
f 224/99/176 226/91/176 228/94/176 230/100/176
f 224/87/177 223/88/177 225/89/177 226/90/177
f 236/87/174 235/88/174 237/89/174 238/90/174
f 234/101/4 233/102/4 235/103/4 236/104/4
f 233/105/175 231/106/175 237/107/175 235/108/175
f 231/106/50 232/109/50 238/110/50 237/107/50
f 232/109/176 234/101/176 236/104/176 238/110/176
f 232/87/177 231/88/177 233/89/177 234/90/177
f 242/111/178 250/112/179 247/113/179 240/114/178
f 249/115/180 250/116/180 242/117/180 244/118/180
f 246/119/181 248/120/182 249/121/182 244/122/181
f 247/123/4 248/124/4 246/125/4 240/126/4
f 242/111/183 240/114/183 246/119/183 244/122/183
f 245/127/184 239/128/184 241/129/184 243/130/184
f 245/131/4 248/124/4 247/123/4 239/132/4
f 245/133/185 243/134/185 249/121/182 248/120/182
f 241/135/186 250/116/186 249/115/186 243/136/186
f 239/128/187 247/113/179 250/112/179 241/129/187
f 254/137/188 262/138/189 259/139/189 252/140/188
f 261/141/190 262/142/190 254/143/190 256/144/190
f 258/145/191 260/146/192 261/147/192 256/148/191
f 259/149/4 260/150/4 258/151/4 252/152/4
f 254/137/193 252/140/193 258/145/193 256/148/193
f 257/153/194 251/154/194 253/155/194 255/156/194
f 257/157/4 260/150/4 259/149/4 251/158/4
f 257/159/195 255/160/195 261/147/192 260/146/192
f 253/161/196 262/142/196 261/141/196 255/162/196
f 251/154/197 259/139/189 262/138/189 253/155/197
f 276/163/198 275/164/199 281/165/199 282/166/198
f 277/167/200 275/168/200 276/39/200 278/40/200
f 280/169/201 279/170/202 277/171/202 278/172/201
f 281/45/4 279/46/4 280/47/4 282/48/4
f 276/163/203 282/166/203 280/169/203 278/172/203
f 283/173/204 284/174/204 286/175/204 285/176/204
f 283/53/4 279/46/4 281/45/4 284/54/4
f 283/177/205 285/178/205 277/171/202 279/170/202
f 286/57/206 275/168/206 277/167/206 285/58/206
f 284/174/207 281/165/199 275/164/199 286/175/207
f 266/179/208 274/180/209 271/181/209 264/182/208
f 273/37/210 274/38/210 266/39/210 268/40/210
f 270/183/211 272/184/212 273/185/212 268/186/211
f 271/45/4 272/46/4 270/47/4 264/48/4
f 266/179/213 264/182/213 270/183/213 268/186/213
f 269/187/214 263/188/214 265/189/214 267/190/214
f 269/53/4 272/46/4 271/45/4 263/54/4
f 269/191/215 267/192/215 273/185/212 272/184/212
f 265/57/216 274/38/216 273/37/216 267/58/216
f 263/188/217 271/181/209 274/180/209 265/189/217
f 290/193/218 298/194/219 295/195/219 288/196/218
f 297/197/220 298/198/220 290/199/220 292/200/220
f 294/201/221 296/202/222 297/203/222 292/204/221
f 295/205/4 296/206/4 294/207/4 288/208/4
f 290/193/223 288/196/223 294/201/223 292/204/223
f 293/209/224 287/210/224 289/211/224 291/212/224
f 293/213/4 296/206/4 295/205/4 287/214/4
f 293/215/225 291/216/225 297/203/222 296/202/222
f 289/217/226 298/198/226 297/197/226 291/218/226
f 287/210/227 295/195/219 298/194/219 289/211/227
f 304/219/174 303/220/174 305/221/174 306/222/174
f 302/223/228 301/224/228 303/225/228 304/226/228
f 301/227/175 299/228/175 305/229/175 303/230/175
f 299/228/229 300/231/229 306/232/229 305/229/229
f 300/231/176 302/223/176 304/226/176 306/232/176
f 300/219/230 299/233/230 301/221/230 302/222/230
f 310/234/231 318/235/232 315/236/232 308/237/231
f 317/238/233 318/239/233 310/240/233 312/241/233
f 314/242/234 316/243/235 317/244/235 312/245/234
f 315/246/4 316/247/4 314/248/4 308/249/4
f 310/234/236 308/237/236 314/242/236 312/245/236
f 313/250/237 307/251/237 309/252/237 311/253/237
f 313/254/4 316/247/4 315/246/4 307/255/4
f 313/256/238 311/257/238 317/244/235 316/243/235
f 309/258/239 318/239/239 317/238/239 311/259/239
f 307/251/240 315/236/232 318/235/232 309/252/240
f 330/1/241 327/2/241 320/3/241 322/4/241
f 329/5/242 332/6/242 324/7/242
f 328/8/243 329/5/243 324/7/243 326/9/243
f 334/10/4 335/11/4 328/12/4 326/13/4
f 333/14/244 334/15/244 326/9/245 324/7/245
f 325/16/246 336/17/247 331/18/247 323/19/246
f 325/20/4 328/12/4 335/11/4 336/21/4
f 323/22/243 329/5/243 328/8/243 325/23/243
f 323/22/242 332/6/242 329/5/242
f 319/24/241 327/2/241 330/1/241 321/25/241
f 321/26/248 332/27/249 331/18/249
f 333/14/250 332/28/250 322/4/251
f 320/3/252 334/15/244 333/14/244 322/4/252
f 327/29/4 335/11/4 334/10/4 320/30/4
f 336/21/4 335/11/4 327/29/4 319/31/4
f 331/18/247 336/17/247 319/24/253 321/25/253
f 321/25/254 330/1/254 332/32/254
f 324/7/255 332/28/250 333/14/250
f 331/18/249 332/27/249 323/19/256
f 322/4/254 332/32/254 330/1/254
f 348/1/257 345/2/257 338/3/257 340/4/257
f 347/5/258 350/6/258 342/7/258
f 346/8/259 347/5/259 342/7/259 344/9/259
f 352/10/4 353/11/4 346/12/4 344/13/4
f 351/14/260 352/15/260 344/9/261 342/7/261
f 343/16/262 354/17/263 349/18/263 341/19/262
f 343/20/4 346/12/4 353/11/4 354/21/4
f 341/22/259 347/5/259 346/8/259 343/23/259
f 341/22/258 350/6/258 347/5/258
f 337/24/257 345/2/257 348/1/257 339/25/257
f 339/26/264 350/27/265 349/18/265
f 351/14/266 350/28/266 340/4/267
f 338/3/268 352/15/260 351/14/260 340/4/268
f 345/29/4 353/11/4 352/10/4 338/30/4
f 354/21/4 353/11/4 345/29/4 337/31/4
f 349/18/263 354/17/263 337/24/269 339/25/269
f 339/25/270 348/1/270 350/32/270
f 342/7/271 350/28/266 351/14/266
f 349/18/265 350/27/265 341/19/272
f 340/4/270 350/32/270 348/1/270
f 358/33/273 366/34/274 363/35/274 356/36/273
f 365/37/275 366/38/275 358/39/275 360/40/275
f 362/41/276 364/42/277 365/43/277 360/44/276
f 363/45/4 364/46/4 362/47/4 356/48/4
f 358/33/278 356/36/278 362/41/278 360/44/278
f 361/49/279 355/50/279 357/51/279 359/52/279
f 361/53/4 364/46/4 363/45/4 355/54/4
f 361/55/280 359/56/280 365/43/277 364/42/277
f 357/57/281 366/38/281 365/37/281 359/58/281
f 355/50/282 363/35/274 366/34/274 357/51/282
f 370/59/283 378/60/284 375/61/284 368/62/283
f 377/37/285 378/38/285 370/39/285 372/40/285
f 374/63/286 376/64/287 377/65/287 372/66/286
f 375/45/4 376/46/4 374/47/4 368/48/4
f 370/59/288 368/62/288 374/63/288 372/66/288
f 373/67/289 367/68/289 369/69/289 371/70/289
f 373/53/4 376/46/4 375/45/4 367/54/4
f 373/71/290 371/72/290 377/65/287 376/64/287
f 369/57/291 378/38/291 377/37/291 371/58/291
f 367/68/292 375/61/284 378/60/284 369/69/292
f 382/73/293 390/74/294 387/75/294 380/76/293
f 389/37/295 390/38/295 382/39/295 384/40/295
f 386/77/296 388/78/297 389/79/297 384/80/296
f 387/45/4 388/46/4 386/47/4 380/48/4
f 382/73/298 380/76/298 386/77/298 384/80/298
f 385/81/299 379/82/299 381/83/299 383/84/299
f 385/53/4 388/46/4 387/45/4 379/54/4
f 385/85/300 383/86/300 389/79/297 388/78/297
f 381/57/301 390/38/301 389/37/301 383/58/301
f 379/82/302 387/75/294 390/74/294 381/83/302
f 396/87/303 395/88/303 397/89/303 398/90/303
f 394/91/4 393/92/4 395/93/4 396/94/4
f 393/95/304 391/96/304 397/97/304 395/98/304
f 391/96/50 392/99/50 398/100/50 397/97/50
f 392/99/305 394/91/305 396/94/305 398/100/305
f 392/87/306 391/88/306 393/89/306 394/90/306
f 404/87/307 403/88/307 405/89/307 406/90/307
f 402/101/4 401/102/4 403/103/4 404/104/4
f 401/105/304 399/106/304 405/107/304 403/108/304
f 399/106/50 400/109/50 406/110/50 405/107/50
f 400/109/305 402/101/305 404/104/305 406/110/305
f 400/87/306 399/88/306 401/89/306 402/90/306
f 410/111/308 418/112/309 415/113/309 408/114/308
f 417/115/310 418/116/310 410/117/310 412/118/310
f 414/119/311 416/120/312 417/121/312 412/122/311
f 415/123/4 416/124/4 414/125/4 408/126/4
f 410/111/313 408/114/313 414/119/313 412/122/313
f 413/127/314 407/128/314 409/129/314 411/130/314
f 413/131/4 416/124/4 415/123/4 407/132/4
f 413/133/315 411/134/315 417/121/312 416/120/312
f 409/135/316 418/116/316 417/115/316 411/136/316
f 407/128/317 415/113/309 418/112/309 409/129/317
f 422/137/318 430/138/319 427/139/319 420/140/318
f 429/141/320 430/142/320 422/143/320 424/144/320
f 426/145/321 428/146/322 429/147/322 424/148/321
f 427/149/4 428/150/4 426/151/4 420/152/4
f 422/137/323 420/140/323 426/145/323 424/148/323
f 425/153/324 419/154/324 421/155/324 423/156/324
f 425/157/4 428/150/4 427/149/4 419/158/4
f 425/159/325 423/160/325 429/147/322 428/146/322
f 421/161/326 430/142/326 429/141/326 423/162/326
f 419/154/327 427/139/319 430/138/319 421/155/327
f 444/163/328 443/164/329 449/165/329 450/166/328
f 445/167/330 443/168/330 444/39/330 446/40/330
f 448/169/331 447/170/332 445/171/332 446/172/331
f 449/45/4 447/46/4 448/47/4 450/48/4
f 444/163/333 450/166/333 448/169/333 446/172/333
f 451/173/334 452/174/334 454/175/334 453/176/334
f 451/53/4 447/46/4 449/45/4 452/54/4
f 451/177/335 453/178/335 445/171/332 447/170/332
f 454/57/336 443/168/336 445/167/336 453/58/336
f 452/174/337 449/165/329 443/164/329 454/175/337
f 434/179/338 442/180/339 439/181/339 432/182/338
f 441/37/340 442/38/340 434/39/340 436/40/340
f 438/183/341 440/184/342 441/185/342 436/186/341
f 439/45/4 440/46/4 438/47/4 432/48/4
f 434/179/343 432/182/343 438/183/343 436/186/343
f 437/187/344 431/188/344 433/189/344 435/190/344
f 437/53/4 440/46/4 439/45/4 431/54/4
f 437/191/345 435/192/345 441/185/342 440/184/342
f 433/57/346 442/38/346 441/37/346 435/58/346
f 431/188/347 439/181/339 442/180/339 433/189/347
f 458/193/348 466/194/349 463/195/349 456/196/348
f 465/197/350 466/198/350 458/199/350 460/200/350
f 462/201/351 464/202/352 465/203/352 460/204/351
f 463/205/4 464/206/4 462/207/4 456/208/4
f 458/193/353 456/196/353 462/201/353 460/204/353
f 461/209/354 455/210/354 457/211/354 459/212/354
f 461/213/4 464/206/4 463/205/4 455/214/4
f 461/215/355 459/216/355 465/203/352 464/202/352
f 457/217/356 466/198/356 465/197/356 459/218/356
f 455/210/357 463/195/349 466/194/349 457/211/357
f 472/219/303 471/220/303 473/221/303 474/222/303
f 470/223/358 469/224/358 471/225/358 472/226/358
f 469/227/359 467/228/359 473/229/359 471/230/359
f 467/228/360 468/231/360 474/232/360 473/229/360
f 468/231/361 470/223/361 472/226/361 474/232/361
f 468/219/306 467/233/306 469/221/306 470/222/306
f 478/234/362 486/235/363 483/236/364 476/237/362
f 485/238/365 486/239/365 478/240/365 480/241/365
f 482/242/366 484/243/367 485/244/368 480/245/366
f 483/246/4 484/247/4 482/248/4 476/249/4
f 478/234/369 476/237/369 482/242/369 480/245/369
f 481/250/370 475/251/370 477/252/370 479/253/370
f 481/254/4 484/247/4 483/246/4 475/255/4
f 481/256/371 479/257/371 485/244/368 484/243/367
f 477/258/372 486/239/372 485/238/372 479/259/372
f 475/251/373 483/236/364 486/235/363 477/252/373
f 498/1/374 495/2/374 488/3/374 490/4/374
f 497/5/375 500/6/375 492/7/375
f 496/8/376 497/5/376 492/7/376 494/9/376
f 502/10/4 503/11/4 496/12/4 494/13/4
f 501/14/377 502/15/377 494/9/378 492/7/378
f 493/16/379 504/17/380 499/18/380 491/19/379
f 493/20/4 496/12/4 503/11/4 504/21/4
f 491/22/376 497/5/376 496/8/376 493/23/376
f 491/22/375 500/6/375 497/5/375
f 487/24/374 495/2/374 498/1/374 489/25/374
f 489/26/381 500/27/382 499/18/382
f 501/14/383 500/28/383 490/4/384
f 488/3/385 502/15/377 501/14/377 490/4/385
f 495/29/4 503/11/4 502/10/4 488/30/4
f 504/21/4 503/11/4 495/29/4 487/31/4
f 499/18/380 504/17/380 487/24/386 489/25/386
f 489/25/387 498/1/387 500/32/387
f 492/7/388 500/28/383 501/14/383
f 499/18/382 500/27/382 491/19/389
f 490/4/387 500/32/387 498/1/387
f 516/1/390 513/2/390 506/3/390 508/4/390
f 515/5/391 518/6/391 510/7/391
f 514/8/392 515/5/392 510/7/392 512/9/392
f 520/10/4 521/11/4 514/12/4 512/13/4
f 519/14/393 520/15/393 512/9/394 510/7/394
f 511/16/395 522/17/396 517/18/396 509/19/395
f 511/20/4 514/12/4 521/11/4 522/21/4
f 509/22/392 515/5/392 514/8/392 511/23/392
f 509/22/391 518/6/391 515/5/391
f 505/24/390 513/2/390 516/1/390 507/25/390
f 507/26/397 518/27/398 517/18/399
f 519/14/400 518/28/400 508/4/401
f 506/3/402 520/15/393 519/14/393 508/4/402
f 513/29/4 521/11/4 520/10/4 506/30/4
f 522/21/4 521/11/4 513/29/4 505/31/4
f 517/18/396 522/17/396 505/24/403 507/25/403
f 507/25/404 516/1/404 518/32/404
f 510/7/405 518/28/400 519/14/400
f 517/18/399 518/27/398 509/19/406
f 508/4/404 518/32/404 516/1/404
f 526/33/407 534/34/408 531/35/408 524/36/407
f 533/37/409 534/38/409 526/39/409 528/40/409
f 530/41/410 532/42/411 533/43/411 528/44/410
f 531/45/4 532/46/4 530/47/4 524/48/4
f 526/33/412 524/36/412 530/41/412 528/44/412
f 529/49/413 523/50/413 525/51/413 527/52/413
f 529/53/4 532/46/4 531/45/4 523/54/4
f 529/55/414 527/56/414 533/43/411 532/42/411
f 525/57/415 534/38/415 533/37/415 527/58/415
f 523/50/416 531/35/408 534/34/408 525/51/416
f 538/59/417 546/60/418 543/61/418 536/62/417
f 545/37/419 546/38/419 538/39/419 540/40/419
f 542/63/420 544/64/421 545/65/421 540/66/420
f 543/45/4 544/46/4 542/47/4 536/48/4
f 538/59/422 536/62/422 542/63/422 540/66/422
f 541/67/423 535/68/423 537/69/423 539/70/423
f 541/53/4 544/46/4 543/45/4 535/54/4
f 541/71/424 539/72/424 545/65/421 544/64/421
f 537/57/425 546/38/425 545/37/425 539/58/425
f 535/68/426 543/61/418 546/60/418 537/69/426
f 550/73/427 558/74/428 555/75/428 548/76/427
f 557/37/429 558/38/429 550/39/429 552/40/429
f 554/77/430 556/78/431 557/79/431 552/80/430
f 555/45/4 556/46/4 554/47/4 548/48/4
f 550/73/432 548/76/432 554/77/432 552/80/432
f 553/81/433 547/82/433 549/83/433 551/84/433
f 553/53/4 556/46/4 555/45/4 547/54/4
f 553/85/434 551/86/434 557/79/431 556/78/431
f 549/57/435 558/38/435 557/37/435 551/58/435
f 547/82/436 555/75/428 558/74/428 549/83/436
f 564/87/437 563/88/437 565/89/437 566/90/437
f 562/91/4 561/92/4 563/93/4 564/94/4
f 561/95/418 559/96/418 565/97/418 563/98/418
f 559/96/50 560/99/50 566/100/50 565/97/50
f 560/99/438 562/91/438 564/94/438 566/100/438
f 560/87/439 559/88/439 561/89/439 562/90/439
f 572/87/437 571/88/437 573/89/437 574/90/437
f 570/101/4 569/102/4 571/103/4 572/104/4
f 569/105/418 567/106/418 573/107/418 571/108/418
f 567/106/50 568/109/50 574/110/50 573/107/50
f 568/109/438 570/101/438 572/104/438 574/110/438
f 568/87/439 567/88/439 569/89/439 570/90/439
f 578/111/440 586/112/441 583/113/441 576/114/440
f 585/115/442 586/116/442 578/117/442 580/118/442
f 582/119/443 584/120/444 585/121/444 580/122/443
f 583/123/4 584/124/4 582/125/4 576/126/4
f 578/111/445 576/114/445 582/119/445 580/122/445
f 581/127/446 575/128/446 577/129/446 579/130/446
f 581/131/4 584/124/4 583/123/4 575/132/4
f 581/133/447 579/134/447 585/121/444 584/120/444
f 577/135/448 586/116/448 585/115/448 579/136/448
f 575/128/449 583/113/441 586/112/441 577/129/449
f 590/137/450 598/138/451 595/139/451 588/140/450
f 597/141/452 598/142/452 590/143/452 592/144/452
f 594/145/453 596/146/454 597/147/454 592/148/453
f 595/149/4 596/150/4 594/151/4 588/152/4
f 590/137/455 588/140/455 594/145/455 592/148/455
f 593/153/456 587/154/456 589/155/456 591/156/456
f 593/157/4 596/150/4 595/149/4 587/158/4
f 593/159/457 591/160/457 597/147/454 596/146/454
f 589/161/458 598/142/458 597/141/458 591/162/458
f 587/154/459 595/139/451 598/138/451 589/155/459
f 612/163/460 611/164/461 617/165/461 618/166/460
f 613/167/462 611/168/462 612/39/462 614/40/462
f 616/169/463 615/170/464 613/171/464 614/172/463
f 617/45/4 615/46/4 616/47/4 618/48/4
f 612/163/465 618/166/465 616/169/465 614/172/465
f 619/173/466 620/174/466 622/175/466 621/176/466
f 619/53/4 615/46/4 617/45/4 620/54/4
f 619/177/467 621/178/467 613/171/464 615/170/464
f 622/57/468 611/168/468 613/167/468 621/58/468
f 620/174/469 617/165/461 611/164/461 622/175/469
f 602/179/470 610/180/471 607/181/471 600/182/470
f 609/37/472 610/38/472 602/39/472 604/40/472
f 606/183/473 608/184/474 609/185/474 604/186/473
f 607/45/4 608/46/4 606/47/4 600/48/4
f 602/179/475 600/182/475 606/183/475 604/186/475
f 605/187/476 599/188/476 601/189/476 603/190/476
f 605/53/4 608/46/4 607/45/4 599/54/4
f 605/191/477 603/192/477 609/185/474 608/184/474
f 601/57/478 610/38/478 609/37/478 603/58/478
f 599/188/479 607/181/471 610/180/471 601/189/479
f 626/193/480 634/194/481 631/195/481 624/196/480
f 633/197/482 634/198/482 626/199/482 628/200/482
f 630/201/483 632/202/484 633/203/484 628/204/483
f 631/205/4 632/206/4 630/207/4 624/208/4
f 626/193/485 624/196/485 630/201/485 628/204/485
f 629/209/486 623/210/486 625/211/486 627/212/486
f 629/213/4 632/206/4 631/205/4 623/214/4
f 629/215/487 627/216/487 633/203/484 632/202/484
f 625/217/488 634/198/488 633/197/488 627/218/488
f 623/210/489 631/195/481 634/194/481 625/211/489
f 640/219/437 639/220/437 641/221/437 642/222/437
f 638/223/490 637/224/490 639/225/490 640/226/490
f 637/227/418 635/228/418 641/229/418 639/230/418
f 635/228/491 636/231/491 642/232/491 641/229/491
f 636/231/438 638/223/438 640/226/438 642/232/438
f 636/219/492 635/233/492 637/221/492 638/222/492
f 646/234/493 654/235/494 651/236/494 644/237/493
f 653/238/495 654/239/495 646/240/495 648/241/495
f 650/242/496 652/243/497 653/244/497 648/245/496
f 651/246/4 652/247/4 650/248/4 644/249/4
f 646/234/498 644/237/498 650/242/498 648/245/498
f 649/250/499 643/251/499 645/252/499 647/253/499
f 649/254/4 652/247/4 651/246/4 643/255/4
f 649/256/500 647/257/500 653/244/497 652/243/497
f 645/258/501 654/239/501 653/238/501 647/259/501
f 643/251/502 651/236/494 654/235/494 645/252/502
f 666/1/503 663/2/503 656/3/504 658/4/504
f 665/5/505 668/6/505 660/7/505
f 664/8/506 665/5/506 660/7/506 662/9/506
f 670/10/4 671/11/4 664/12/4 662/13/4
f 669/14/507 670/15/507 662/9/508 660/7/508
f 661/16/509 672/17/510 667/18/510 659/19/509
f 661/20/4 664/12/4 671/11/4 672/21/4
f 659/22/506 665/5/506 664/8/506 661/23/506
f 659/22/505 668/6/505 665/5/505
f 655/24/503 663/2/503 666/1/503 657/25/503
f 657/26/511 668/27/512 667/18/512
f 669/14/513 668/28/513 658/4/514
f 656/3/467 670/15/507 669/14/507 658/4/467
f 663/29/4 671/11/4 670/10/4 656/30/4
f 672/21/4 671/11/4 663/29/4 655/31/4
f 667/18/510 672/17/510 655/24/515 657/25/515
f 657/25/516 666/1/516 668/32/516
f 660/7/517 668/28/513 669/14/513
f 667/18/512 668/27/512 659/19/518
f 658/4/516 668/32/516 666/1/516
f 684/1/519 681/2/519 674/3/519 676/4/519
f 683/5/520 686/6/520 678/7/520
f 682/8/521 683/5/521 678/7/521 680/9/521
f 688/10/4 689/11/4 682/12/4 680/13/4
f 687/14/522 688/15/522 680/9/523 678/7/523
f 679/16/524 690/17/525 685/18/525 677/19/524
f 679/20/4 682/12/4 689/11/4 690/21/4
f 677/22/521 683/5/521 682/8/521 679/23/521
f 677/22/520 686/6/520 683/5/520
f 673/24/519 681/2/519 684/1/519 675/25/519
f 675/26/526 686/27/527 685/18/527
f 687/14/528 686/28/528 676/4/529
f 674/3/522 688/15/522 687/14/522 676/4/522
f 681/29/4 689/11/4 688/10/4 674/30/4
f 690/21/4 689/11/4 681/29/4 673/31/4
f 685/18/525 690/17/525 673/24/530 675/25/530
f 675/25/531 684/1/532 686/32/532
f 678/7/533 686/28/528 687/14/528
f 685/18/527 686/27/527 677/19/534
f 676/4/532 686/32/532 684/1/532
f 694/33/535 702/34/536 699/35/536 692/36/535
f 701/37/537 702/38/537 694/39/537 696/40/537
f 698/41/538 700/42/539 701/43/539 696/44/538
f 699/45/4 700/46/4 698/47/4 692/48/4
f 694/33/540 692/36/540 698/41/540 696/44/540
f 697/49/541 691/50/541 693/51/541 695/52/541
f 697/53/4 700/46/4 699/45/4 691/54/4
f 697/55/542 695/56/542 701/43/539 700/42/539
f 693/57/543 702/38/543 701/37/543 695/58/543
f 691/50/544 699/35/536 702/34/536 693/51/544
f 706/59/545 714/60/546 711/61/546 704/62/545
f 713/37/547 714/38/547 706/39/547 708/40/547
f 710/63/548 712/64/549 713/65/549 708/66/548
f 711/45/4 712/46/4 710/47/4 704/48/4
f 706/59/550 704/62/550 710/63/550 708/66/550
f 709/67/551 703/68/551 705/69/551 707/70/551
f 709/53/4 712/46/4 711/45/4 703/54/4
f 709/71/552 707/72/552 713/65/549 712/64/549
f 705/57/553 714/38/553 713/37/553 707/58/553
f 703/68/554 711/61/546 714/60/546 705/69/554
f 718/73/555 726/74/556 723/75/556 716/76/555
f 725/37/557 726/38/557 718/39/557 720/40/557
f 722/77/558 724/78/559 725/79/559 720/80/558
f 723/45/4 724/46/4 722/47/4 716/48/4
f 718/73/560 716/76/560 722/77/560 720/80/560
f 721/81/561 715/82/561 717/83/561 719/84/561
f 721/53/4 724/46/4 723/45/4 715/54/4
f 721/85/562 719/86/562 725/79/559 724/78/559
f 717/57/563 726/38/563 725/37/563 719/58/563
f 715/82/564 723/75/556 726/74/556 717/83/564
f 732/87/565 731/88/565 733/89/565 734/90/565
f 730/91/4 729/92/4 731/93/4 732/94/4
f 729/95/546 727/96/546 733/97/546 731/98/546
f 727/96/50 728/99/50 734/100/50 733/97/50
f 728/99/548 730/91/548 732/94/548 734/100/548
f 728/87/566 727/88/566 729/89/566 730/90/566
f 740/87/565 739/88/565 741/89/565 742/90/565
f 738/101/4 737/102/4 739/103/4 740/104/4
f 737/105/546 735/106/546 741/107/546 739/108/546
f 735/106/50 736/109/50 742/110/50 741/107/50
f 736/109/548 738/101/548 740/104/548 742/110/548
f 736/87/567 735/88/567 737/89/567 738/90/567
f 746/111/568 754/112/569 751/113/569 744/114/568
f 753/115/570 754/116/570 746/117/570 748/118/570
f 750/119/571 752/120/571 753/121/571 748/122/571
f 751/123/4 752/124/4 750/125/4 744/126/4
f 746/111/572 744/114/572 750/119/572 748/122/572
f 749/127/573 743/128/573 745/129/573 747/130/573
f 749/131/4 752/124/4 751/123/4 743/132/4
f 749/133/574 747/134/574 753/121/571 752/120/571
f 745/135/575 754/116/575 753/115/575 747/136/575
f 743/128/569 751/113/569 754/112/569 745/129/569
f 758/137/576 766/138/577 763/139/577 756/140/576
f 765/141/578 766/142/578 758/143/578 760/144/578
f 762/145/579 764/146/580 765/147/580 760/148/579
f 763/149/4 764/150/4 762/151/4 756/152/4
f 758/137/581 756/140/581 762/145/581 760/148/581
f 761/153/582 755/154/582 757/155/582 759/156/582
f 761/157/4 764/150/4 763/149/4 755/158/4
f 761/159/583 759/160/583 765/147/580 764/146/580
f 757/161/584 766/142/584 765/141/584 759/162/584
f 755/154/585 763/139/577 766/138/577 757/155/585
f 780/163/586 779/164/587 785/165/587 786/166/586
f 781/167/588 779/168/588 780/39/588 782/40/588
f 784/169/589 783/170/590 781/171/590 782/172/589
f 785/45/4 783/46/4 784/47/4 786/48/4
f 780/163/591 786/166/591 784/169/591 782/172/591
f 787/173/592 788/174/592 790/175/592 789/176/592
f 787/53/4 783/46/4 785/45/4 788/54/4
f 787/177/593 789/178/593 781/171/590 783/170/590
f 790/57/594 779/168/594 781/167/594 789/58/594
f 788/174/595 785/165/587 779/164/587 790/175/595
f 770/179/596 778/180/597 775/181/597 768/182/596
f 777/37/598 778/38/598 770/39/598 772/40/598
f 774/183/599 776/184/600 777/185/600 772/186/599
f 775/45/4 776/46/4 774/47/4 768/48/4
f 770/179/601 768/182/601 774/183/601 772/186/601
f 773/187/602 767/188/602 769/189/602 771/190/602
f 773/53/4 776/46/4 775/45/4 767/54/4
f 773/191/603 771/192/603 777/185/600 776/184/600
f 769/57/604 778/38/604 777/37/604 771/58/604
f 767/188/605 775/181/597 778/180/597 769/189/605
f 794/193/606 802/194/607 799/195/607 792/196/606
f 801/197/608 802/198/608 794/199/608 796/200/608
f 798/201/609 800/202/610 801/203/610 796/204/609
f 799/205/4 800/206/4 798/207/4 792/208/4
f 794/193/611 792/196/611 798/201/611 796/204/611
f 797/209/612 791/210/612 793/211/612 795/212/612
f 797/213/4 800/206/4 799/205/4 791/214/4
f 797/215/613 795/216/613 801/203/610 800/202/610
f 793/217/614 802/198/614 801/197/614 795/218/614
f 791/210/615 799/195/607 802/194/607 793/211/615
f 808/219/565 807/220/565 809/221/565 810/222/565
f 806/223/616 805/224/616 807/225/616 808/226/616
f 805/227/546 803/228/546 809/229/546 807/230/546
f 803/228/617 804/231/617 810/232/617 809/229/617
f 804/231/548 806/223/548 808/226/548 810/232/548
f 804/219/567 803/233/567 805/221/567 806/222/567
f 814/234/618 822/235/619 819/236/619 812/237/618
f 821/238/620 822/239/620 814/240/620 816/241/620
f 818/242/621 820/243/622 821/244/622 816/245/621
f 819/246/4 820/247/4 818/248/4 812/249/4
f 814/234/623 812/237/623 818/242/623 816/245/623
f 817/250/624 811/251/624 813/252/624 815/253/624
f 817/254/4 820/247/4 819/246/4 811/255/4
f 817/256/625 815/257/625 821/244/622 820/243/622
f 813/258/626 822/239/626 821/238/626 815/259/626
f 811/251/627 819/236/619 822/235/619 813/252/627
f 834/1/628 831/2/628 824/3/628 826/4/628
f 833/5/629 836/6/629 828/7/629
f 832/8/630 833/5/630 828/7/630 830/9/630
f 838/10/4 839/11/4 832/12/4 830/13/4
f 837/14/631 838/15/631 830/9/632 828/7/632
f 829/16/633 840/17/634 835/18/634 827/19/633
f 829/20/4 832/12/4 839/11/4 840/21/4
f 827/22/630 833/5/630 832/8/630 829/23/630
f 827/22/629 836/6/629 833/5/629
f 823/24/628 831/2/628 834/1/628 825/25/628
f 825/26/635 836/27/636 835/18/637
f 837/14/638 836/28/639 826/4/640
f 824/3/641 838/15/631 837/14/631 826/4/641
f 831/29/4 839/11/4 838/10/4 824/30/4
f 840/21/4 839/11/4 831/29/4 823/31/4
f 835/18/634 840/17/634 823/24/642 825/25/642
f 825/25/643 834/1/644 836/32/644
f 828/7/645 836/28/639 837/14/638
f 835/18/637 836/27/636 827/19/646
f 826/4/647 836/32/644 834/1/644
f 852/1/648 849/2/648 842/3/648 844/4/648
f 851/5/649 854/6/649 846/7/649
f 850/8/650 851/5/650 846/7/650 848/9/650
f 856/10/4 857/11/4 850/12/4 848/13/4
f 855/14/651 856/15/651 848/9/651 846/7/651
f 847/16/652 858/17/653 853/18/653 845/19/652
f 847/20/4 850/12/4 857/11/4 858/21/4
f 845/22/650 851/5/650 850/8/650 847/23/650
f 845/22/649 854/6/649 851/5/649
f 841/24/648 849/2/648 852/1/648 843/25/648
f 843/26/654 854/27/655 853/18/655
f 855/14/656 854/28/656 844/4/656
f 842/3/657 856/15/651 855/14/651 844/4/657
f 849/29/4 857/11/4 856/10/4 842/30/4
f 858/21/4 857/11/4 849/29/4 841/31/4
f 853/18/653 858/17/653 841/24/658 843/25/658
f 843/25/659 852/1/660 854/32/660
f 846/7/661 854/28/656 855/14/656
f 853/18/655 854/27/655 845/19/662
f 844/4/660 854/32/660 852/1/660
f 862/33/663 870/34/664 867/35/664 860/36/663
f 869/37/665 870/38/665 862/39/665 864/40/665
f 866/41/666 868/42/667 869/43/667 864/44/666
f 867/45/4 868/46/4 866/47/4 860/48/4
f 862/33/668 860/36/668 866/41/668 864/44/668
f 865/49/669 859/50/669 861/51/669 863/52/669
f 865/53/4 868/46/4 867/45/4 859/54/4
f 865/55/667 863/56/667 869/43/667 868/42/667
f 861/57/670 870/38/670 869/37/670 863/58/670
f 859/50/671 867/35/664 870/34/664 861/51/671
f 874/59/672 882/60/673 879/61/673 872/62/672
f 881/37/674 882/38/674 874/39/674 876/40/674
f 878/63/675 880/64/675 881/65/675 876/66/675
f 879/45/4 880/46/4 878/47/4 872/48/4
f 874/59/676 872/62/676 878/63/676 876/66/676
f 877/67/677 871/68/677 873/69/677 875/70/677
f 877/53/4 880/46/4 879/45/4 871/54/4
f 877/71/678 875/72/678 881/65/675 880/64/675
f 873/57/679 882/38/679 881/37/679 875/58/679
f 871/68/680 879/61/673 882/60/673 873/69/680
f 886/73/681 894/74/681 891/75/681 884/76/681
f 893/37/682 894/38/682 886/39/682 888/40/682
f 890/77/683 892/78/683 893/79/683 888/80/683
f 891/45/4 892/46/4 890/47/4 884/48/4
f 886/73/684 884/76/684 890/77/684 888/80/684
f 889/81/685 883/82/685 885/83/685 887/84/685
f 889/53/4 892/46/4 891/45/4 883/54/4
f 889/85/686 887/86/686 893/79/683 892/78/683
f 885/57/687 894/38/687 893/37/687 887/58/687
f 883/82/688 891/75/681 894/74/681 885/83/688
f 900/87/689 899/88/689 901/89/689 902/90/689
f 898/91/4 897/92/4 899/93/4 900/94/4
f 897/95/690 895/96/690 901/97/690 899/98/690
f 895/96/50 896/99/50 902/100/50 901/97/50
f 896/99/691 898/91/691 900/94/691 902/100/691
f 896/87/692 895/88/692 897/89/692 898/90/692
f 908/87/689 907/88/689 909/89/689 910/90/689
f 906/101/4 905/102/4 907/103/4 908/104/4
f 905/105/690 903/106/690 909/107/690 907/108/690
f 903/106/50 904/109/50 910/110/50 909/107/50
f 904/109/691 906/101/691 908/104/691 910/110/691
f 904/87/692 903/88/692 905/89/692 906/90/692
f 914/111/693 922/112/693 919/113/693 912/114/693
f 921/115/694 922/116/694 914/117/694 916/118/694
f 918/119/695 920/120/696 921/121/696 916/122/695
f 919/123/4 920/124/4 918/125/4 912/126/4
f 914/111/697 912/114/697 918/119/697 916/122/697
f 917/127/698 911/128/698 913/129/698 915/130/698
f 917/131/4 920/124/4 919/123/4 911/132/4
f 917/133/696 915/134/696 921/121/696 920/120/696
f 913/135/699 922/116/699 921/115/699 915/136/699
f 911/128/700 919/113/693 922/112/693 913/129/700
f 926/137/701 934/138/702 931/139/702 924/140/701
f 933/141/703 934/142/703 926/143/703 928/144/703
f 930/145/704 932/146/705 933/147/705 928/148/704
f 931/149/4 932/150/4 930/151/4 924/152/4
f 926/137/706 924/140/706 930/145/706 928/148/706
f 929/153/707 923/154/707 925/155/707 927/156/707
f 929/157/4 932/150/4 931/149/4 923/158/4
f 929/159/708 927/160/708 933/147/705 932/146/705
f 925/161/709 934/142/709 933/141/709 927/162/709
f 923/154/710 931/139/702 934/138/702 925/155/710
f 948/163/711 947/164/712 953/165/712 954/166/711
f 949/167/713 947/168/713 948/39/713 950/40/713
f 952/169/714 951/170/715 949/171/715 950/172/714
f 953/45/4 951/46/4 952/47/4 954/48/4
f 948/163/716 954/166/716 952/169/716 950/172/716
f 955/173/717 956/174/717 958/175/717 957/176/717
f 955/53/4 951/46/4 953/45/4 956/54/4
f 955/177/715 957/178/715 949/171/715 951/170/715
f 958/57/718 947/168/718 949/167/718 957/58/718
f 956/174/719 953/165/712 947/164/712 958/175/719
f 938/179/720 946/180/721 943/181/721 936/182/720
f 945/37/722 946/38/722 938/39/722 940/40/722
f 942/183/723 944/184/724 945/185/724 940/186/723
f 943/45/4 944/46/4 942/47/4 936/48/4
f 938/179/725 936/182/725 942/183/725 940/186/725
f 941/187/726 935/188/726 937/189/726 939/190/726
f 941/53/4 944/46/4 943/45/4 935/54/4
f 941/191/727 939/192/727 945/185/724 944/184/724
f 937/57/728 946/38/728 945/37/728 939/58/728
f 935/188/721 943/181/721 946/180/721 937/189/721
f 962/193/729 970/194/730 967/195/730 960/196/729
f 969/197/731 970/198/731 962/199/731 964/200/731
f 966/201/732 968/202/733 969/203/733 964/204/732
f 967/205/4 968/206/4 966/207/4 960/208/4
f 962/193/734 960/196/734 966/201/734 964/204/734
f 965/209/735 959/210/735 961/211/735 963/212/735
f 965/213/4 968/206/4 967/205/4 959/214/4
f 965/215/736 963/216/736 969/203/733 968/202/733
f 961/217/737 970/198/737 969/197/737 963/218/737
f 959/210/738 967/195/730 970/194/730 961/211/738
f 976/219/689 975/220/689 977/221/689 978/222/689
f 974/223/739 973/224/739 975/225/739 976/226/739
f 973/227/690 971/228/690 977/229/690 975/230/690
f 971/228/740 972/231/740 978/232/740 977/229/740
f 972/231/691 974/223/691 976/226/691 978/232/691
f 972/219/741 971/233/741 973/221/741 974/222/741
f 982/234/742 990/235/743 987/236/743 980/237/742
f 989/238/744 990/239/744 982/240/744 984/241/744
f 986/242/745 988/243/746 989/244/746 984/245/745
f 987/246/4 988/247/4 986/248/4 980/249/4
f 982/234/747 980/237/747 986/242/747 984/245/747
f 985/250/748 979/251/748 981/252/748 983/253/748
f 985/254/4 988/247/4 987/246/4 979/255/4
f 985/256/749 983/257/749 989/244/746 988/243/746
f 981/258/750 990/239/750 989/238/750 983/259/750
f 979/251/743 987/236/743 990/235/743 981/252/743
f 1002/1/751 999/2/751 992/3/751 994/4/751
f 1001/5/752 1004/6/752 996/7/752
f 1000/8/753 1001/5/753 996/7/753 998/9/753
f 1006/10/4 1007/11/4 1000/12/4 998/13/4
f 1005/14/754 1006/15/754 998/9/754 996/7/754
f 997/16/755 1008/17/756 1003/18/756 995/19/755
f 997/20/4 1000/12/4 1007/11/4 1008/21/4
f 995/22/753 1001/5/753 1000/8/753 997/23/753
f 995/22/752 1004/6/752 1001/5/752
f 991/24/751 999/2/751 1002/1/751 993/25/751
f 993/26/757 1004/27/758 1003/18/758
f 1005/14/759 1004/28/759 994/4/759
f 992/3/760 1006/15/754 1005/14/754 994/4/760
f 999/29/4 1007/11/4 1006/10/4 992/30/4
f 1008/21/4 1007/11/4 999/29/4 991/31/4
f 1003/18/756 1008/17/756 991/24/761 993/25/761
f 993/25/762 1002/1/763 1004/32/763
f 996/7/764 1004/28/759 1005/14/759
f 1003/18/758 1004/27/758 995/19/758
f 994/4/763 1004/32/763 1002/1/763
f 1020/1/765 1017/2/765 1010/3/765 1012/4/765
f 1019/5/766 1022/6/766 1014/7/766
f 1018/8/767 1019/5/767 1014/7/767 1016/9/767
f 1024/10/4 1025/11/4 1018/12/4 1016/13/4
f 1023/14/768 1024/15/768 1016/9/769 1014/7/769
f 1015/16/770 1026/17/770 1021/18/770 1013/19/770
f 1015/20/4 1018/12/4 1025/11/4 1026/21/4
f 1013/22/767 1019/5/767 1018/8/767 1015/23/767
f 1013/22/766 1022/6/766 1019/5/766
f 1009/24/765 1017/2/765 1020/1/765 1011/25/765
f 1011/26/771 1022/27/772 1021/18/772
f 1023/14/773 1022/28/773 1012/4/774
f 1010/3/775 1024/15/768 1023/14/768 1012/4/775
f 1017/29/4 1025/11/4 1024/10/4 1010/30/4
f 1026/21/4 1025/11/4 1017/29/4 1009/31/4
f 1021/18/770 1026/17/770 1009/24/776 1011/25/776
f 1011/25/777 1020/1/777 1022/32/777
f 1014/7/773 1022/28/773 1023/14/773
f 1021/18/772 1022/27/772 1013/19/772
f 1012/4/777 1022/32/777 1020/1/777
f 1030/33/778 1038/34/779 1035/35/779 1028/36/778
f 1037/37/780 1038/38/780 1030/39/780 1032/40/780
f 1034/41/781 1036/42/782 1037/43/782 1032/44/781
f 1035/45/4 1036/46/4 1034/47/4 1028/48/4
f 1030/33/783 1028/36/783 1034/41/783 1032/44/783
f 1033/49/784 1027/50/784 1029/51/784 1031/52/784
f 1033/53/4 1036/46/4 1035/45/4 1027/54/4
f 1033/55/782 1031/56/782 1037/43/782 1036/42/782
f 1029/57/785 1038/38/785 1037/37/785 1031/58/785
f 1027/50/779 1035/35/779 1038/34/779 1029/51/779
f 1042/59/786 1050/60/787 1047/61/787 1040/62/786
f 1049/37/788 1050/38/788 1042/39/788 1044/40/788
f 1046/63/789 1048/64/789 1049/65/789 1044/66/789
f 1047/45/4 1048/46/4 1046/47/4 1040/48/4
f 1042/59/790 1040/62/790 1046/63/790 1044/66/790
f 1045/67/791 1039/68/791 1041/69/791 1043/70/791
f 1045/53/4 1048/46/4 1047/45/4 1039/54/4
f 1045/71/792 1043/72/792 1049/65/789 1048/64/789
f 1041/57/793 1050/38/793 1049/37/793 1043/58/793
f 1039/68/794 1047/61/787 1050/60/787 1041/69/794
f 1054/73/795 1062/74/796 1059/75/797 1052/76/795
f 1061/37/798 1062/38/798 1054/39/798 1056/40/798
f 1058/77/799 1060/78/800 1061/79/800 1056/80/799
f 1059/45/4 1060/46/4 1058/47/4 1052/48/4
f 1054/73/801 1052/76/801 1058/77/801 1056/80/801
f 1057/81/802 1051/82/802 1053/83/802 1055/84/802
f 1057/53/4 1060/46/4 1059/45/4 1051/54/4
f 1057/85/803 1055/86/803 1061/79/800 1060/78/800
f 1053/57/804 1062/38/804 1061/37/804 1055/58/804
f 1051/82/805 1059/75/797 1062/74/796 1053/83/805
f 1068/87/806 1067/88/806 1069/89/806 1070/90/806
f 1066/91/4 1065/92/4 1067/93/4 1068/94/4
f 1065/95/807 1063/96/807 1069/97/807 1067/98/807
f 1063/96/50 1064/99/50 1070/100/50 1069/97/50
f 1064/99/808 1066/91/808 1068/94/808 1070/100/808
f 1064/87/809 1063/88/809 1065/89/809 1066/90/809
f 1076/87/806 1075/88/806 1077/89/806 1078/90/806
f 1074/101/4 1073/102/4 1075/103/4 1076/104/4
f 1073/105/807 1071/106/807 1077/107/807 1075/108/807
f 1071/106/50 1072/109/50 1078/110/50 1077/107/50
f 1072/109/808 1074/101/808 1076/104/808 1078/110/808
f 1072/87/809 1071/88/809 1073/89/809 1074/90/809
f 1082/111/810 1090/112/811 1087/113/811 1080/114/810
f 1089/115/812 1090/116/812 1082/117/812 1084/118/812
f 1086/119/813 1088/120/814 1089/121/814 1084/122/813
f 1087/123/4 1088/124/4 1086/125/4 1080/126/4
f 1082/111/815 1080/114/815 1086/119/815 1084/122/815
f 1085/127/816 1079/128/816 1081/129/816 1083/130/816
f 1085/131/4 1088/124/4 1087/123/4 1079/132/4
f 1085/133/814 1083/134/814 1089/121/814 1088/120/814
f 1081/135/817 1090/116/817 1089/115/817 1083/136/817
f 1079/128/818 1087/113/811 1090/112/811 1081/129/818
f 1094/137/819 1102/138/819 1099/139/819 1092/140/819
f 1101/141/820 1102/142/820 1094/143/820 1096/144/820
f 1098/145/821 1100/146/822 1101/147/822 1096/148/821
f 1099/149/4 1100/150/4 1098/151/4 1092/152/4
f 1094/137/823 1092/140/823 1098/145/823 1096/148/823
f 1097/153/824 1091/154/824 1093/155/824 1095/156/824
f 1097/157/4 1100/150/4 1099/149/4 1091/158/4
f 1097/159/825 1095/160/825 1101/147/822 1100/146/822
f 1093/161/826 1102/142/826 1101/141/826 1095/162/826
f 1091/154/827 1099/139/819 1102/138/819 1093/155/827
f 1116/163/828 1115/164/829 1121/165/829 1122/166/828
f 1117/167/830 1115/168/830 1116/39/830 1118/40/830
f 1120/169/831 1119/170/832 1117/171/832 1118/172/831
f 1121/45/4 1119/46/4 1120/47/4 1122/48/4
f 1116/163/833 1122/166/833 1120/169/833 1118/172/833
f 1123/173/834 1124/174/834 1126/175/834 1125/176/834
f 1123/53/4 1119/46/4 1121/45/4 1124/54/4
f 1123/177/832 1125/178/832 1117/171/832 1119/170/832
f 1126/57/835 1115/168/835 1117/167/835 1125/58/835
f 1124/174/829 1121/165/829 1115/164/829 1126/175/829
f 1106/179/836 1114/180/837 1111/181/837 1104/182/836
f 1113/37/838 1114/38/838 1106/39/838 1108/40/838
f 1110/183/839 1112/184/839 1113/185/839 1108/186/839
f 1111/45/4 1112/46/4 1110/47/4 1104/48/4
f 1106/179/840 1104/182/840 1110/183/840 1108/186/840
f 1109/187/841 1103/188/841 1105/189/841 1107/190/841
f 1109/53/4 1112/46/4 1111/45/4 1103/54/4
f 1109/191/842 1107/192/842 1113/185/839 1112/184/839
f 1105/57/843 1114/38/843 1113/37/843 1107/58/843
f 1103/188/844 1111/181/837 1114/180/837 1105/189/844
f 1130/193/845 1138/194/845 1135/195/845 1128/196/845
f 1137/197/846 1138/198/846 1130/199/846 1132/200/846
f 1134/201/847 1136/202/848 1137/203/848 1132/204/847
f 1135/205/4 1136/206/4 1134/207/4 1128/208/4
f 1130/193/849 1128/196/849 1134/201/849 1132/204/849
f 1133/209/850 1127/210/850 1129/211/850 1131/212/850
f 1133/213/4 1136/206/4 1135/205/4 1127/214/4
f 1133/215/848 1131/216/848 1137/203/848 1136/202/848
f 1129/217/851 1138/198/851 1137/197/851 1131/218/851
f 1127/210/852 1135/195/845 1138/194/845 1129/211/852
f 1144/219/806 1143/220/806 1145/221/806 1146/222/806
f 1142/223/853 1141/224/853 1143/225/853 1144/226/853
f 1141/227/807 1139/228/807 1145/229/807 1143/230/807
f 1139/228/854 1140/231/854 1146/232/854 1145/229/854
f 1140/231/808 1142/223/808 1144/226/808 1146/232/808
f 1140/219/809 1139/233/809 1141/221/809 1142/222/809
f 1150/234/855 1158/235/856 1155/236/856 1148/237/855
f 1157/238/857 1158/239/857 1150/240/857 1152/241/857
f 1154/242/858 1156/243/859 1157/244/859 1152/245/858
f 1155/246/4 1156/247/4 1154/248/4 1148/249/4
f 1150/234/860 1148/237/860 1154/242/860 1152/245/860
f 1153/250/861 1147/251/861 1149/252/861 1151/253/861
f 1153/254/4 1156/247/4 1155/246/4 1147/255/4
f 1153/256/859 1151/257/859 1157/244/859 1156/243/859
f 1149/258/862 1158/239/862 1157/238/862 1151/259/862
f 1147/251/856 1155/236/856 1158/235/856 1149/252/856
f 1170/1/863 1167/2/863 1160/3/863 1162/4/863
f 1169/5/864 1172/6/864 1164/7/865
f 1168/8/866 1169/5/866 1164/7/866 1166/9/866
f 1174/10/4 1175/11/4 1168/12/4 1166/13/4
f 1173/14/867 1174/15/867 1166/9/867 1164/7/867
f 1165/16/868 1176/17/869 1171/18/869 1163/19/868
f 1165/20/4 1168/12/4 1175/11/4 1176/21/4
f 1163/22/866 1169/5/866 1168/8/866 1165/23/866
f 1163/22/864 1172/6/864 1169/5/864
f 1159/24/863 1167/2/863 1170/1/863 1161/25/863
f 1161/26/870 1172/27/870 1171/18/870
f 1173/14/871 1172/28/871 1162/4/871
f 1160/3/872 1174/15/867 1173/14/867 1162/4/872
f 1167/29/4 1175/11/4 1174/10/4 1160/30/4
f 1176/21/4 1175/11/4 1167/29/4 1159/31/4
f 1171/18/869 1176/17/869 1159/24/869 1161/25/869
f 1161/25/873 1170/1/873 1172/32/873
f 1164/7/874 1172/28/871 1173/14/871
f 1171/18/870 1172/27/870 1163/19/875
f 1162/4/873 1172/32/873 1170/1/873
f 1188/1/876 1185/2/876 1178/3/876 1180/4/876
f 1187/5/877 1190/6/877 1182/7/877
f 1186/8/878 1187/5/878 1182/7/878 1184/9/878
f 1192/10/4 1193/11/4 1186/12/4 1184/13/4
f 1191/14/879 1192/15/879 1184/9/880 1182/7/880
f 1183/16/881 1194/17/882 1189/18/882 1181/19/881
f 1183/20/4 1186/12/4 1193/11/4 1194/21/4
f 1181/22/883 1187/5/878 1186/8/878 1183/23/883
f 1181/22/877 1190/6/877 1187/5/877
f 1177/24/876 1185/2/876 1188/1/876 1179/25/876
f 1179/26/884 1190/27/885 1189/18/885
f 1191/14/886 1190/28/886 1180/4/886
f 1178/3/879 1192/15/879 1191/14/879 1180/4/879
f 1185/29/4 1193/11/4 1192/10/4 1178/30/4
f 1194/21/4 1193/11/4 1185/29/4 1177/31/4
f 1189/18/882 1194/17/882 1177/24/887 1179/25/887
f 1179/25/888 1188/1/888 1190/32/888
f 1182/7/889 1190/28/886 1191/14/886
f 1189/18/885 1190/27/885 1181/19/885
f 1180/4/888 1190/32/888 1188/1/888
f 1198/33/890 1206/34/891 1203/35/891 1196/36/890
f 1205/37/892 1206/38/892 1198/39/892 1200/40/892
f 1202/41/879 1204/42/880 1205/43/880 1200/44/879
f 1203/45/4 1204/46/4 1202/47/4 1196/48/4
f 1198/33/893 1196/36/893 1202/41/893 1200/44/893
f 1201/49/894 1195/50/894 1197/51/894 1199/52/894
f 1201/53/4 1204/46/4 1203/45/4 1195/54/4
f 1201/55/880 1199/56/880 1205/43/880 1204/42/880
f 1197/57/895 1206/38/895 1205/37/895 1199/58/895
f 1195/50/891 1203/35/891 1206/34/891 1197/51/891
f 1210/59/896 1218/60/896 1215/61/896 1208/62/896
f 1217/37/897 1218/38/897 1210/39/897 1212/40/897
f 1214/63/898 1216/64/899 1217/65/899 1212/66/898
f 1215/45/4 1216/46/4 1214/47/4 1208/48/4
f 1210/59/900 1208/62/900 1214/63/900 1212/66/900
f 1213/67/901 1207/68/901 1209/69/901 1211/70/901
f 1213/53/4 1216/46/4 1215/45/4 1207/54/4
f 1213/71/899 1211/72/899 1217/65/899 1216/64/899
f 1209/57/902 1218/38/902 1217/37/902 1211/58/902
f 1207/68/903 1215/61/896 1218/60/896 1209/69/903
f 1222/73/904 1230/74/904 1227/75/904 1220/76/904
f 1229/37/905 1230/38/905 1222/39/905 1224/40/905
f 1226/77/906 1228/78/907 1229/79/907 1224/80/906
f 1227/45/4 1228/46/4 1226/47/4 1220/48/4
f 1222/73/908 1220/76/908 1226/77/908 1224/80/908
f 1225/81/909 1219/82/909 1221/83/909 1223/84/909
f 1225/53/4 1228/46/4 1227/45/4 1219/54/4
f 1225/85/910 1223/86/910 1229/79/907 1228/78/907
f 1221/57/911 1230/38/911 1229/37/911 1223/58/911
f 1219/82/912 1227/75/904 1230/74/904 1221/83/912
f 1236/87/913 1235/88/913 1237/89/913 1238/90/913
f 1234/91/4 1233/92/4 1235/93/4 1236/94/4
f 1233/95/903 1231/96/903 1237/97/903 1235/98/903
f 1231/96/50 1232/99/50 1238/100/50 1237/97/50
f 1232/99/899 1234/91/899 1236/94/899 1238/100/899
f 1232/87/914 1231/88/914 1233/89/914 1234/90/914
f 1244/87/913 1243/88/913 1245/89/913 1246/90/913
f 1242/101/4 1241/102/4 1243/103/4 1244/104/4
f 1241/105/903 1239/106/903 1245/107/903 1243/108/903
f 1239/106/50 1240/109/50 1246/110/50 1245/107/50
f 1240/109/899 1242/101/899 1244/104/899 1246/110/899
f 1240/87/914 1239/88/914 1241/89/914 1242/90/914
f 1250/111/915 1258/112/915 1255/113/915 1248/114/915
f 1257/115/916 1258/116/916 1250/117/916 1252/118/916
f 1254/119/917 1256/120/917 1257/121/917 1252/122/917
f 1255/123/4 1256/124/4 1254/125/4 1248/126/4
f 1250/111/918 1248/114/918 1254/119/918 1252/122/918
f 1253/127/919 1247/128/919 1249/129/919 1251/130/919
f 1253/131/4 1256/124/4 1255/123/4 1247/132/4
f 1253/133/920 1251/134/920 1257/121/917 1256/120/917
f 1249/135/921 1258/116/921 1257/115/921 1251/136/921
f 1247/128/922 1255/113/915 1258/112/915 1249/129/922
f 1262/137/923 1270/138/923 1267/139/923 1260/140/923
f 1269/141/924 1270/142/924 1262/143/924 1264/144/924
f 1266/145/925 1268/146/925 1269/147/925 1264/148/925
f 1267/149/4 1268/150/4 1266/151/4 1260/152/4
f 1262/137/926 1260/140/926 1266/145/926 1264/148/926
f 1265/153/927 1259/154/927 1261/155/927 1263/156/927
f 1265/157/4 1268/150/4 1267/149/4 1259/158/4
f 1265/159/928 1263/160/928 1269/147/925 1268/146/925
f 1261/161/929 1270/142/929 1269/141/929 1263/162/929
f 1259/154/930 1267/139/923 1270/138/923 1261/155/930
f 1284/163/931 1283/164/931 1289/165/931 1290/166/931
f 1285/167/932 1283/168/932 1284/39/932 1286/40/932
f 1288/169/933 1287/170/934 1285/171/934 1286/172/933
f 1289/45/4 1287/46/4 1288/47/4 1290/48/4
f 1284/163/935 1290/166/935 1288/169/935 1286/172/935
f 1291/173/936 1292/174/936 1294/175/936 1293/176/936
f 1291/53/4 1287/46/4 1289/45/4 1292/54/4
f 1291/177/934 1293/178/934 1285/171/934 1287/170/934
f 1294/57/937 1283/168/937 1285/167/937 1293/58/937
f 1292/174/938 1289/165/931 1283/164/931 1294/175/938
f 1274/179/939 1282/180/939 1279/181/939 1272/182/939
f 1281/37/940 1282/38/940 1274/39/940 1276/40/940
f 1278/183/941 1280/184/942 1281/185/942 1276/186/941
f 1279/45/4 1280/46/4 1278/47/4 1272/48/4
f 1274/179/943 1272/182/943 1278/183/943 1276/186/943
f 1277/187/944 1271/188/944 1273/189/944 1275/190/944
f 1277/53/4 1280/46/4 1279/45/4 1271/54/4
f 1277/191/942 1275/192/942 1281/185/942 1280/184/942
f 1273/57/945 1282/38/945 1281/37/945 1275/58/945
f 1271/188/946 1279/181/939 1282/180/939 1273/189/946
f 1298/193/947 1306/194/947 1303/195/947 1296/196/947
f 1305/197/948 1306/198/948 1298/199/948 1300/200/948
f 1302/201/949 1304/202/950 1305/203/950 1300/204/949
f 1303/205/4 1304/206/4 1302/207/4 1296/208/4
f 1298/193/951 1296/196/951 1302/201/951 1300/204/951
f 1301/209/952 1295/210/952 1297/211/952 1299/212/952
f 1301/213/4 1304/206/4 1303/205/4 1295/214/4
f 1301/215/950 1299/216/950 1305/203/950 1304/202/950
f 1297/217/953 1306/198/953 1305/197/953 1299/218/953
f 1295/210/954 1303/195/947 1306/194/947 1297/211/954
f 1312/219/913 1311/220/913 1313/221/913 1314/222/913
f 1310/223/955 1309/224/955 1311/225/955 1312/226/955
f 1309/227/903 1307/228/903 1313/229/903 1311/230/903
f 1307/228/956 1308/231/956 1314/232/956 1313/229/956
f 1308/231/899 1310/223/899 1312/226/899 1314/232/899
f 1308/219/957 1307/233/957 1309/221/957 1310/222/957
f 1318/234/958 1326/235/959 1323/236/959 1316/237/958
f 1325/238/960 1326/239/960 1318/240/960 1320/241/960
f 1322/242/961 1324/243/961 1325/244/961 1320/245/961
f 1323/246/4 1324/247/4 1322/248/4 1316/249/4
f 1318/234/962 1316/237/962 1322/242/962 1320/245/962
f 1321/250/963 1315/251/963 1317/252/963 1319/253/963
f 1321/254/4 1324/247/4 1323/246/4 1315/255/4
f 1321/256/964 1319/257/964 1325/244/961 1324/243/961
f 1317/258/965 1326/239/965 1325/238/965 1319/259/965
f 1315/251/959 1323/236/959 1326/235/959 1317/252/959
f 1338/1/966 1335/2/966 1328/3/966 1330/4/966
f 1337/5/967 1340/6/967 1332/7/967
f 1336/8/968 1337/5/968 1332/7/968 1334/9/968
f 1342/10/4 1343/11/4 1336/12/4 1334/13/4
f 1341/14/969 1342/15/969 1334/9/775 1332/7/775
f 1333/16/970 1344/17/971 1339/18/971 1331/19/970
f 1333/20/4 1336/12/4 1343/11/4 1344/21/4
f 1331/22/968 1337/5/968 1336/8/968 1333/23/968
f 1331/22/967 1340/6/967 1337/5/967
f 1327/24/966 1335/2/966 1338/1/966 1329/25/966
f 1329/26/972 1340/27/973 1339/18/973
f 1341/14/974 1340/28/974 1330/4/974
f 1328/3/934 1342/15/969 1341/14/969 1330/4/934
f 1335/29/4 1343/11/4 1342/10/4 1328/30/4
f 1344/21/4 1343/11/4 1335/29/4 1327/31/4
f 1339/18/971 1344/17/971 1327/24/971 1329/25/971
f 1329/25/975 1338/1/975 1340/32/975
f 1332/7/976 1340/28/974 1341/14/974
f 1339/18/973 1340/27/973 1331/19/973
f 1330/4/975 1340/32/975 1338/1/975
f 1356/1/977 1353/2/977 1346/3/977 1348/4/977
f 1355/5/978 1358/6/978 1350/7/978
f 1354/8/979 1355/5/979 1350/7/979 1352/9/979
f 1360/10/4 1361/11/4 1354/12/4 1352/13/4
f 1359/14/980 1360/15/980 1352/9/981 1350/7/981
f 1351/16/982 1362/17/982 1357/18/982 1349/19/982
f 1351/20/4 1354/12/4 1361/11/4 1362/21/4
f 1349/22/979 1355/5/979 1354/8/979 1351/23/979
f 1349/22/978 1358/6/978 1355/5/978
f 1345/24/977 1353/2/977 1356/1/977 1347/25/977
f 1347/26/983 1358/27/983 1357/18/983
f 1359/14/984 1358/28/984 1348/4/984
f 1346/3/980 1360/15/980 1359/14/980 1348/4/980
f 1353/29/4 1361/11/4 1360/10/4 1346/30/4
f 1362/21/4 1361/11/4 1353/29/4 1345/31/4
f 1357/18/982 1362/17/982 1345/24/985 1347/25/985
f 1347/25/986 1356/1/986 1358/32/986
f 1350/7/987 1358/28/984 1359/14/984
f 1357/18/983 1358/27/983 1349/19/983
f 1348/4/986 1358/32/986 1356/1/986
f 1366/33/988 1374/34/988 1371/35/988 1364/36/988
f 1373/37/989 1374/38/989 1366/39/989 1368/40/989
f 1370/41/990 1372/42/991 1373/43/991 1368/44/990
f 1371/45/4 1372/46/4 1370/47/4 1364/48/4
f 1366/33/992 1364/36/992 1370/41/992 1368/44/992
f 1369/49/993 1363/50/993 1365/51/993 1367/52/993
f 1369/53/4 1372/46/4 1371/45/4 1363/54/4
f 1369/55/991 1367/56/991 1373/43/991 1372/42/991
f 1365/57/994 1374/38/994 1373/37/994 1367/58/994
f 1363/50/995 1371/35/988 1374/34/988 1365/51/995
f 1378/59/996 1386/60/997 1383/61/997 1376/62/996
f 1385/37/998 1386/38/998 1378/39/998 1380/40/998
f 1382/63/999 1384/64/1000 1385/65/1000 1380/66/999
f 1383/45/4 1384/46/4 1382/47/4 1376/48/4
f 1378/59/1001 1376/62/1001 1382/63/1001 1380/66/1001
f 1381/67/1002 1375/68/1002 1377/69/1002 1379/70/1002
f 1381/53/4 1384/46/4 1383/45/4 1375/54/4
f 1381/71/1000 1379/72/1000 1385/65/1000 1384/64/1000
f 1377/57/1003 1386/38/1003 1385/37/1003 1379/58/1003
f 1375/68/1004 1383/61/997 1386/60/997 1377/69/1004
f 1390/73/1005 1398/74/1006 1395/75/1006 1388/76/1005
f 1397/37/1007 1398/38/1007 1390/39/1007 1392/40/1007
f 1394/77/1008 1396/78/1009 1397/79/1009 1392/80/1008
f 1395/45/4 1396/46/4 1394/47/4 1388/48/4
f 1390/73/1010 1388/76/1010 1394/77/1010 1392/80/1010
f 1393/81/1011 1387/82/1011 1389/83/1011 1391/84/1011
f 1393/53/4 1396/46/4 1395/45/4 1387/54/4
f 1393/85/1009 1391/86/1009 1397/79/1009 1396/78/1009
f 1389/57/1012 1398/38/1012 1397/37/1012 1391/58/1012
f 1387/82/1006 1395/75/1006 1398/74/1006 1389/83/1006
f 1404/87/1013 1403/88/1013 1405/89/1013 1406/90/1013
f 1402/91/4 1401/92/4 1403/93/4 1404/94/4
f 1401/95/1014 1399/96/1014 1405/97/1014 1403/98/1014
f 1399/96/50 1400/99/50 1406/100/50 1405/97/50
f 1400/99/1015 1402/91/1015 1404/94/1015 1406/100/1015
f 1400/87/1016 1399/88/1016 1401/89/1016 1402/90/1016
f 1412/87/1013 1411/88/1013 1413/89/1013 1414/90/1013
f 1410/101/4 1409/102/4 1411/103/4 1412/104/4
f 1409/105/1014 1407/106/1014 1413/107/1014 1411/108/1014
f 1407/106/50 1408/109/50 1414/110/50 1413/107/50
f 1408/109/1015 1410/101/1015 1412/104/1015 1414/110/1015
f 1408/87/1016 1407/88/1016 1409/89/1016 1410/90/1016
f 1418/111/1017 1426/112/1018 1423/113/1018 1416/114/1017
f 1425/115/1019 1426/116/1019 1418/117/1019 1420/118/1019
f 1422/119/1020 1424/120/1021 1425/121/1021 1420/122/1020
f 1423/123/4 1424/124/4 1422/125/4 1416/126/4
f 1418/111/1022 1416/114/1022 1422/119/1022 1420/122/1022
f 1421/127/1023 1415/128/1023 1417/129/1023 1419/130/1023
f 1421/131/4 1424/124/4 1423/123/4 1415/132/4
f 1421/133/1024 1419/134/1024 1425/121/1021 1424/120/1021
f 1417/135/1025 1426/116/1025 1425/115/1025 1419/136/1025
f 1415/128/1026 1423/113/1018 1426/112/1018 1417/129/1026
f 1430/137/1027 1438/138/1027 1435/139/1027 1428/140/1027
f 1437/141/1028 1438/142/1028 1430/143/1028 1432/144/1028
f 1434/145/1029 1436/146/1029 1437/147/1029 1432/148/1029
f 1435/149/4 1436/150/4 1434/151/4 1428/152/4
f 1430/137/1030 1428/140/1030 1434/145/1030 1432/148/1030
f 1433/153/1031 1427/154/1031 1429/155/1031 1431/156/1031
f 1433/157/4 1436/150/4 1435/149/4 1427/158/4
f 1433/159/1032 1431/160/1032 1437/147/1029 1436/146/1029
f 1429/161/1033 1438/142/1033 1437/141/1033 1431/162/1033
f 1427/154/1034 1435/139/1027 1438/138/1027 1429/155/1034
f 1452/163/1035 1451/164/1036 1457/165/1036 1458/166/1035
f 1453/167/1037 1451/168/1037 1452/39/1037 1454/40/1037
f 1456/169/1038 1455/170/1039 1453/171/1039 1454/172/1038
f 1457/45/4 1455/46/4 1456/47/4 1458/48/4
f 1452/163/1040 1458/166/1040 1456/169/1040 1454/172/1040
f 1459/173/1041 1460/174/1041 1462/175/1041 1461/176/1041
f 1459/53/4 1455/46/4 1457/45/4 1460/54/4
f 1459/177/1042 1461/178/1042 1453/171/1039 1455/170/1039
f 1462/57/1043 1451/168/1043 1453/167/1043 1461/58/1043
f 1460/174/1036 1457/165/1036 1451/164/1036 1462/175/1036
f 1442/179/1044 1450/180/1045 1447/181/1045 1440/182/1044
f 1449/37/1046 1450/38/1046 1442/39/1046 1444/40/1046
f 1446/183/1047 1448/184/1047 1449/185/1047 1444/186/1047
f 1447/45/4 1448/46/4 1446/47/4 1440/48/4
f 1442/179/1048 1440/182/1048 1446/183/1048 1444/186/1048
f 1445/187/1049 1439/188/1049 1441/189/1049 1443/190/1049
f 1445/53/4 1448/46/4 1447/45/4 1439/54/4
f 1445/191/1050 1443/192/1050 1449/185/1047 1448/184/1047
f 1441/57/1051 1450/38/1051 1449/37/1051 1443/58/1051
f 1439/188/1045 1447/181/1045 1450/180/1045 1441/189/1045
f 1466/193/1052 1474/194/1053 1471/195/1053 1464/196/1052
f 1473/197/1054 1474/198/1054 1466/199/1054 1468/200/1054
f 1470/201/1055 1472/202/1056 1473/203/1056 1468/204/1055
f 1471/205/4 1472/206/4 1470/207/4 1464/208/4
f 1466/193/1057 1464/196/1057 1470/201/1057 1468/204/1057
f 1469/209/1058 1463/210/1058 1465/211/1058 1467/212/1058
f 1469/213/4 1472/206/4 1471/205/4 1463/214/4
f 1469/215/1056 1467/216/1056 1473/203/1056 1472/202/1056
f 1465/217/1059 1474/198/1059 1473/197/1059 1467/218/1059
f 1463/210/1060 1471/195/1053 1474/194/1053 1465/211/1060
f 1480/219/1013 1479/220/1013 1481/221/1013 1482/222/1013
f 1478/223/1061 1477/224/1061 1479/225/1061 1480/226/1061
f 1477/227/1014 1475/228/1014 1481/229/1014 1479/230/1014
f 1475/228/1062 1476/231/1062 1482/232/1062 1481/229/1062
f 1476/231/1063 1478/223/1063 1480/226/1063 1482/232/1063
f 1476/219/1016 1475/233/1016 1477/221/1016 1478/222/1016
f 1486/234/1064 1494/235/1064 1491/236/1064 1484/237/1064
f 1493/238/1065 1494/239/1065 1486/240/1065 1488/241/1065
f 1490/242/1066 1492/243/1066 1493/244/1066 1488/245/1066
f 1491/246/4 1492/247/4 1490/248/4 1484/249/4
f 1486/234/1067 1484/237/1067 1490/242/1067 1488/245/1067
f 1489/250/1068 1483/251/1068 1485/252/1068 1487/253/1068
f 1489/254/4 1492/247/4 1491/246/4 1483/255/4
f 1489/256/1069 1487/257/1069 1493/244/1066 1492/243/1066
f 1485/258/1070 1494/239/1070 1493/238/1070 1487/259/1070
f 1483/251/1071 1491/236/1064 1494/235/1064 1485/252/1071
f 1506/1/1072 1503/2/1072 1496/3/1072 1498/4/1072
f 1505/5/1073 1508/6/1073 1500/7/1073
f 1504/8/1074 1505/5/1074 1500/7/1074 1502/9/1074
f 1510/10/4 1511/11/4 1504/12/4 1502/13/4
f 1509/14/1075 1510/15/1075 1502/9/1076 1500/7/1076
f 1501/16/1077 1512/17/1077 1507/18/1077 1499/19/1077
f 1501/20/4 1504/12/4 1511/11/4 1512/21/4
f 1499/22/1074 1505/5/1074 1504/8/1074 1501/23/1074
f 1499/22/1073 1508/6/1073 1505/5/1073
f 1495/24/1072 1503/2/1072 1506/1/1072 1497/25/1072
f 1497/26/1078 1508/27/1078 1507/18/1078
f 1509/14/1079 1508/28/1079 1498/4/1079
f 1496/3/1075 1510/15/1075 1509/14/1075 1498/4/1075
f 1503/29/4 1511/11/4 1510/10/4 1496/30/4
f 1512/21/4 1511/11/4 1503/29/4 1495/31/4
f 1507/18/1077 1512/17/1077 1495/24/1080 1497/25/1080
f 1497/25/1081 1506/1/1081 1508/32/1081
f 1500/7/1082 1508/28/1079 1509/14/1079
f 1507/18/1078 1508/27/1078 1499/19/1078
f 1498/4/1081 1508/32/1081 1506/1/1081
f 1524/1/1083 1521/2/1083 1514/3/1083 1516/4/1083
f 1523/5/1084 1526/6/1084 1518/7/1084
f 1522/8/1085 1523/5/1085 1518/7/1085 1520/9/1085
f 1528/10/4 1529/11/4 1522/12/4 1520/13/4
f 1527/14/1086 1528/15/1086 1520/9/1087 1518/7/1087
f 1519/16/1088 1530/17/1089 1525/18/1089 1517/19/1088
f 1519/20/4 1522/12/4 1529/11/4 1530/21/4
f 1517/22/1090 1523/5/1085 1522/8/1085 1519/23/1090
f 1517/22/1084 1526/6/1084 1523/5/1084
f 1513/24/1083 1521/2/1083 1524/1/1083 1515/25/1083
f 1515/26/1091 1526/27/1092 1525/18/1092
f 1527/14/1093 1526/28/1093 1516/4/1093
f 1514/3/1094 1528/15/1086 1527/14/1086 1516/4/1094
f 1521/29/4 1529/11/4 1528/10/4 1514/30/4
f 1530/21/4 1529/11/4 1521/29/4 1513/31/4
f 1525/18/1089 1530/17/1089 1513/24/1095 1515/25/1095
f 1515/25/1096 1524/1/1096 1526/32/1096
f 1518/7/1097 1526/28/1093 1527/14/1093
f 1525/18/1092 1526/27/1092 1517/19/1098
f 1516/4/1096 1526/32/1096 1524/1/1096
f 1534/33/1099 1542/34/1100 1539/35/1100 1532/36/1099
f 1541/37/1101 1542/38/1101 1534/39/1101 1536/40/1101
f 1538/41/1102 1540/42/1103 1541/43/1103 1536/44/1102
f 1539/45/4 1540/46/4 1538/47/4 1532/48/4
f 1534/33/1104 1532/36/1104 1538/41/1104 1536/44/1104
f 1537/49/1105 1531/50/1105 1533/51/1105 1535/52/1105
f 1537/53/4 1540/46/4 1539/45/4 1531/54/4
f 1537/55/1106 1535/56/1106 1541/43/1103 1540/42/1103
f 1533/57/1107 1542/38/1107 1541/37/1107 1535/58/1107
f 1531/50/1108 1539/35/1100 1542/34/1100 1533/51/1108
f 1546/59/1109 1554/60/1110 1551/61/1110 1544/62/1109
f 1553/37/1111 1554/38/1111 1546/39/1111 1548/40/1111
f 1550/63/1112 1552/64/1112 1553/65/1112 1548/66/1112
f 1551/45/4 1552/46/4 1550/47/4 1544/48/4
f 1546/59/1113 1544/62/1113 1550/63/1113 1548/66/1113
f 1549/67/1114 1543/68/1114 1545/69/1114 1547/70/1114
f 1549/53/4 1552/46/4 1551/45/4 1543/54/4
f 1549/71/1115 1547/72/1115 1553/65/1112 1552/64/1112
f 1545/57/1116 1554/38/1116 1553/37/1116 1547/58/1116
f 1543/68/1117 1551/61/1110 1554/60/1110 1545/69/1117
f 1558/73/1118 1566/74/1119 1563/75/1119 1556/76/1118
f 1565/37/1120 1566/38/1120 1558/39/1120 1560/40/1120
f 1562/77/1121 1564/78/1122 1565/79/1122 1560/80/1121
f 1563/45/4 1564/46/4 1562/47/4 1556/48/4
f 1558/73/1123 1556/76/1123 1562/77/1123 1560/80/1123
f 1561/81/1124 1555/82/1124 1557/83/1124 1559/84/1124
f 1561/53/4 1564/46/4 1563/45/4 1555/54/4
f 1561/85/1125 1559/86/1125 1565/79/1122 1564/78/1122
f 1557/57/1126 1566/38/1126 1565/37/1126 1559/58/1126
f 1555/82/1127 1563/75/1119 1566/74/1119 1557/83/1127
f 1572/87/1128 1571/88/1128 1573/89/1128 1574/90/1128
f 1570/91/4 1569/92/4 1571/93/4 1572/94/4
f 1569/95/1129 1567/96/1129 1573/97/1129 1571/98/1129
f 1567/96/50 1568/99/50 1574/100/50 1573/97/50
f 1568/99/1130 1570/91/1130 1572/94/1130 1574/100/1130
f 1568/87/1131 1567/88/1131 1569/89/1131 1570/90/1131
f 1580/87/1128 1579/88/1128 1581/89/1128 1582/90/1128
f 1578/101/4 1577/102/4 1579/103/4 1580/104/4
f 1577/105/1129 1575/106/1129 1581/107/1129 1579/108/1129
f 1575/106/50 1576/109/50 1582/110/50 1581/107/50
f 1576/109/1130 1578/101/1130 1580/104/1130 1582/110/1130
f 1576/87/1131 1575/88/1131 1577/89/1131 1578/90/1131
f 1586/111/1132 1594/112/1133 1591/113/1133 1584/114/1132
f 1593/115/1134 1594/116/1134 1586/117/1134 1588/118/1134
f 1590/119/1135 1592/120/1136 1593/121/1136 1588/122/1135
f 1591/123/4 1592/124/4 1590/125/4 1584/126/4
f 1586/111/1137 1584/114/1137 1590/119/1137 1588/122/1137
f 1589/127/1138 1583/128/1138 1585/129/1138 1587/130/1138
f 1589/131/4 1592/124/4 1591/123/4 1583/132/4
f 1589/133/1139 1587/134/1139 1593/121/1136 1592/120/1136
f 1585/135/1140 1594/116/1140 1593/115/1140 1587/136/1140
f 1583/128/1141 1591/113/1133 1594/112/1133 1585/129/1141
f 1598/137/1142 1606/138/1143 1603/139/1143 1596/140/1142
f 1605/141/1144 1606/142/1144 1598/143/1144 1600/144/1144
f 1602/145/1145 1604/146/1146 1605/147/1146 1600/148/1145
f 1603/149/4 1604/150/4 1602/151/4 1596/152/4
f 1598/137/1147 1596/140/1147 1602/145/1147 1600/148/1147
f 1601/153/1148 1595/154/1148 1597/155/1148 1599/156/1148
f 1601/157/4 1604/150/4 1603/149/4 1595/158/4
f 1601/159/1146 1599/160/1146 1605/147/1146 1604/146/1146
f 1597/161/1149 1606/142/1149 1605/141/1149 1599/162/1149
f 1595/154/1143 1603/139/1143 1606/138/1143 1597/155/1143
f 1620/163/1150 1619/164/1151 1625/165/1151 1626/166/1150
f 1621/167/1152 1619/168/1152 1620/39/1152 1622/40/1152
f 1624/169/1153 1623/170/1154 1621/171/1154 1622/172/1153
f 1625/45/4 1623/46/4 1624/47/4 1626/48/4
f 1620/163/1155 1626/166/1155 1624/169/1155 1622/172/1155
f 1627/173/1156 1628/174/1156 1630/175/1156 1629/176/1156
f 1627/53/4 1623/46/4 1625/45/4 1628/54/4
f 1627/177/1154 1629/178/1154 1621/171/1154 1623/170/1154
f 1630/57/1157 1619/168/1157 1621/167/1157 1629/58/1157
f 1628/174/1151 1625/165/1151 1619/164/1151 1630/175/1151
f 1610/179/1158 1618/180/1159 1615/181/1159 1608/182/1158
f 1617/37/1160 1618/38/1160 1610/39/1160 1612/40/1160
f 1614/183/1161 1616/184/1162 1617/185/1162 1612/186/1161
f 1615/45/4 1616/46/4 1614/47/4 1608/48/4
f 1610/179/1163 1608/182/1163 1614/183/1163 1612/186/1163
f 1613/187/1164 1607/188/1164 1609/189/1164 1611/190/1164
f 1613/53/4 1616/46/4 1615/45/4 1607/54/4
f 1613/191/1165 1611/192/1165 1617/185/1162 1616/184/1162
f 1609/57/1166 1618/38/1166 1617/37/1166 1611/58/1166
f 1607/188/1159 1615/181/1159 1618/180/1159 1609/189/1159
f 1634/193/1167 1642/194/1168 1639/195/1168 1632/196/1167
f 1641/197/1169 1642/198/1169 1634/199/1169 1636/200/1169
f 1638/201/1170 1640/202/1171 1641/203/1171 1636/204/1170
f 1639/205/4 1640/206/4 1638/207/4 1632/208/4
f 1634/193/1172 1632/196/1172 1638/201/1172 1636/204/1172
f 1637/209/1173 1631/210/1173 1633/211/1173 1635/212/1173
f 1637/213/4 1640/206/4 1639/205/4 1631/214/4
f 1637/215/1174 1635/216/1174 1641/203/1171 1640/202/1171
f 1633/217/1175 1642/198/1175 1641/197/1175 1635/218/1175
f 1631/210/1168 1639/195/1168 1642/194/1168 1633/211/1168
f 1648/219/1176 1647/220/1176 1649/221/1176 1650/222/1176
f 1646/223/1177 1645/224/1177 1647/225/1177 1648/226/1177
f 1645/227/1129 1643/228/1129 1649/229/1129 1647/230/1129
f 1643/228/1178 1644/231/1178 1650/232/1178 1649/229/1178
f 1644/231/1130 1646/223/1130 1648/226/1130 1650/232/1130
f 1644/219/1179 1643/233/1179 1645/221/1179 1646/222/1179
f 1654/234/1180 1662/235/1180 1659/236/1180 1652/237/1180
f 1661/238/1181 1662/239/1181 1654/240/1181 1656/241/1181
f 1658/242/1182 1660/243/1183 1661/244/1183 1656/245/1182
f 1659/246/4 1660/247/4 1658/248/4 1652/249/4
f 1654/234/1184 1652/237/1184 1658/242/1184 1656/245/1184
f 1657/250/1185 1651/251/1185 1653/252/1185 1655/253/1185
f 1657/254/4 1660/247/4 1659/246/4 1651/255/4
f 1657/256/1183 1655/257/1183 1661/244/1183 1660/243/1183
f 1653/258/1186 1662/239/1186 1661/238/1186 1655/259/1186
f 1651/251/1187 1659/236/1180 1662/235/1180 1653/252/1187
f 1674/1/1188 1671/2/1188 1664/3/1188 1666/4/1188
f 1673/5/1189 1676/6/1189 1668/7/1189
f 1672/8/1190 1673/5/1190 1668/7/1190 1670/9/1190
f 1678/10/4 1679/11/4 1672/12/4 1670/13/4
f 1677/14/1191 1678/15/1191 1670/9/1192 1668/7/1192
f 1669/16/1193 1680/17/1194 1675/18/1194 1667/19/1193
f 1669/20/4 1672/12/4 1679/11/4 1680/21/4
f 1667/22/1190 1673/5/1190 1672/8/1190 1669/23/1190
f 1667/22/1189 1676/6/1189 1673/5/1189
f 1663/24/1195 1671/2/1188 1674/1/1188 1665/25/1195
f 1665/26/1196 1676/27/1197 1675/18/1197
f 1677/14/1198 1676/28/1198 1666/4/1198
f 1664/3/1191 1678/15/1191 1677/14/1191 1666/4/1191
f 1671/29/4 1679/11/4 1678/10/4 1664/30/4
f 1680/21/4 1679/11/4 1671/29/4 1663/31/4
f 1675/18/1194 1680/17/1194 1663/24/1199 1665/25/1199
f 1665/25/1200 1674/1/1200 1676/32/1200
f 1668/7/1201 1676/28/1198 1677/14/1198
f 1675/18/1197 1676/27/1197 1667/19/1197
f 1666/4/1200 1676/32/1200 1674/1/1200
f 1692/1/1202 1689/2/1202 1682/3/1202 1684/4/1202
f 1691/5/1203 1694/6/1203 1686/7/1203
f 1690/8/1204 1691/5/1204 1686/7/1204 1688/9/1204
f 1696/10/4 1697/11/4 1690/12/4 1688/13/4
f 1695/14/1205 1696/15/1205 1688/9/1206 1686/7/1206
f 1687/16/1207 1698/17/1208 1693/18/1208 1685/19/1207
f 1687/20/4 1690/12/4 1697/11/4 1698/21/4
f 1685/22/1204 1691/5/1204 1690/8/1204 1687/23/1204
f 1685/22/1209 1694/6/1203 1691/5/1203
f 1681/24/1202 1689/2/1202 1692/1/1202 1683/25/1202
f 1683/26/1210 1694/27/1211 1693/18/1211
f 1695/14/1212 1694/28/1212 1684/4/1213
f 1682/3/1214 1696/15/1205 1695/14/1205 1684/4/1214
f 1689/29/4 1697/11/4 1696/10/4 1682/30/4
f 1698/21/4 1697/11/4 1689/29/4 1681/31/4
f 1693/18/1208 1698/17/1208 1681/24/1215 1683/25/1215
f 1683/25/1216 1692/1/1216 1694/32/1216
f 1686/7/1217 1694/28/1212 1695/14/1212
f 1693/18/1211 1694/27/1211 1685/19/1218
f 1684/4/1216 1694/32/1216 1692/1/1216
f 1702/33/1219 1710/34/1220 1707/35/1220 1700/36/1219
f 1709/37/1221 1710/38/1221 1702/39/1221 1704/40/1221
f 1706/41/1222 1708/42/1223 1709/43/1223 1704/44/1222
f 1707/45/4 1708/46/4 1706/47/4 1700/48/4
f 1702/33/1224 1700/36/1224 1706/41/1224 1704/44/1224
f 1705/49/1225 1699/50/1225 1701/51/1225 1703/52/1225
f 1705/53/4 1708/46/4 1707/45/4 1699/54/4
f 1705/55/1226 1703/56/1226 1709/43/1223 1708/42/1223
f 1701/57/1227 1710/38/1227 1709/37/1227 1703/58/1227
f 1699/50/1228 1707/35/1220 1710/34/1220 1701/51/1228
f 1714/59/1229 1722/60/1230 1719/61/1230 1712/62/1229
f 1721/37/1231 1722/38/1231 1714/39/1231 1716/40/1231
f 1718/63/1232 1720/64/1233 1721/65/1233 1716/66/1232
f 1719/45/4 1720/46/4 1718/47/4 1712/48/4
f 1714/59/1234 1712/62/1234 1718/63/1234 1716/66/1234
f 1717/67/1235 1711/68/1235 1713/69/1235 1715/70/1235
f 1717/53/4 1720/46/4 1719/45/4 1711/54/4
f 1717/71/1236 1715/72/1236 1721/65/1233 1720/64/1233
f 1713/57/1237 1722/38/1237 1721/37/1237 1715/58/1237
f 1711/68/1238 1719/61/1230 1722/60/1230 1713/69/1238
f 1726/73/1239 1734/74/1240 1731/75/1240 1724/76/1239
f 1733/37/1241 1734/38/1241 1726/39/1241 1728/40/1241
f 1730/77/1242 1732/78/1243 1733/79/1243 1728/80/1242
f 1731/45/4 1732/46/4 1730/47/4 1724/48/4
f 1726/73/1244 1724/76/1244 1730/77/1244 1728/80/1244
f 1729/81/1245 1723/82/1245 1725/83/1245 1727/84/1245
f 1729/53/4 1732/46/4 1731/45/4 1723/54/4
f 1729/85/1243 1727/86/1243 1733/79/1243 1732/78/1243
f 1725/57/1246 1734/38/1246 1733/37/1246 1727/58/1246
f 1723/82/1247 1731/75/1240 1734/74/1240 1725/83/1247
f 1740/87/1248 1739/88/1248 1741/89/1248 1742/90/1248
f 1738/91/4 1737/92/4 1739/93/4 1740/94/4
f 1737/95/1249 1735/96/1249 1741/97/1249 1739/98/1249
f 1735/96/50 1736/99/50 1742/100/50 1741/97/50
f 1736/99/1250 1738/91/1250 1740/94/1250 1742/100/1250
f 1736/87/1251 1735/88/1251 1737/89/1251 1738/90/1251
f 1748/87/1248 1747/88/1248 1749/89/1248 1750/90/1248
f 1746/101/4 1745/102/4 1747/103/4 1748/104/4
f 1745/105/1249 1743/106/1249 1749/107/1249 1747/108/1249
f 1743/106/50 1744/109/50 1750/110/50 1749/107/50
f 1744/109/1250 1746/101/1250 1748/104/1250 1750/110/1250
f 1744/87/1251 1743/88/1251 1745/89/1251 1746/90/1251
f 1754/111/1252 1762/112/1253 1759/113/1253 1752/114/1252
f 1761/115/1254 1762/116/1254 1754/117/1254 1756/118/1254
f 1758/119/1255 1760/120/1256 1761/121/1256 1756/122/1255
f 1759/123/4 1760/124/4 1758/125/4 1752/126/4
f 1754/111/1257 1752/114/1257 1758/119/1257 1756/122/1257
f 1757/127/1258 1751/128/1258 1753/129/1258 1755/130/1258
f 1757/131/4 1760/124/4 1759/123/4 1751/132/4
f 1757/133/1259 1755/134/1259 1761/121/1256 1760/120/1256
f 1753/135/1260 1762/116/1260 1761/115/1260 1755/136/1260
f 1751/128/1261 1759/113/1253 1762/112/1253 1753/129/1261
f 1766/137/1262 1774/138/1263 1771/139/1263 1764/140/1262
f 1773/141/1264 1774/142/1264 1766/143/1264 1768/144/1264
f 1770/145/1265 1772/146/1265 1773/147/1265 1768/148/1265
f 1771/149/4 1772/150/4 1770/151/4 1764/152/4
f 1766/137/1266 1764/140/1266 1770/145/1266 1768/148/1266
f 1769/153/1267 1763/154/1267 1765/155/1267 1767/156/1267
f 1769/157/4 1772/150/4 1771/149/4 1763/158/4
f 1769/159/1268 1767/160/1268 1773/147/1265 1772/146/1265
f 1765/161/1269 1774/142/1269 1773/141/1269 1767/162/1269
f 1763/154/1263 1771/139/1263 1774/138/1263 1765/155/1263
f 1788/163/1270 1787/164/1270 1793/165/1270 1794/166/1270
f 1789/167/1271 1787/168/1271 1788/39/1271 1790/40/1271
f 1792/169/1272 1791/170/1273 1789/171/1273 1790/172/1272
f 1793/45/4 1791/46/4 1792/47/4 1794/48/4
f 1788/163/1274 1794/166/1274 1792/169/1274 1790/172/1274
f 1795/173/1275 1796/174/1275 1798/175/1275 1797/176/1275
f 1795/53/4 1791/46/4 1793/45/4 1796/54/4
f 1795/177/1276 1797/178/1276 1789/171/1273 1791/170/1273
f 1798/57/1277 1787/168/1277 1789/167/1277 1797/58/1277
f 1796/174/1278 1793/165/1270 1787/164/1270 1798/175/1278
f 1778/179/1279 1786/180/1280 1783/181/1280 1776/182/1279
f 1785/37/1281 1786/38/1281 1778/39/1281 1780/40/1281
f 1782/183/1282 1784/184/1283 1785/185/1283 1780/186/1282
f 1783/45/4 1784/46/4 1782/47/4 1776/48/4
f 1778/179/1284 1776/182/1284 1782/183/1284 1780/186/1284
f 1781/187/1285 1775/188/1285 1777/189/1285 1779/190/1285
f 1781/53/4 1784/46/4 1783/45/4 1775/54/4
f 1781/191/1283 1779/192/1283 1785/185/1283 1784/184/1283
f 1777/57/1286 1786/38/1286 1785/37/1286 1779/58/1286
f 1775/188/1287 1783/181/1280 1786/180/1280 1777/189/1287
f 1802/193/1288 1810/194/1289 1807/195/1289 1800/196/1288
f 1809/197/1290 1810/198/1290 1802/199/1290 1804/200/1290
f 1806/201/1291 1808/202/1292 1809/203/1292 1804/204/1291
f 1807/205/4 1808/206/4 1806/207/4 1800/208/4
f 1802/193/1293 1800/196/1293 1806/201/1293 1804/204/1293
f 1805/209/1294 1799/210/1294 1801/211/1294 1803/212/1294
f 1805/213/4 1808/206/4 1807/205/4 1799/214/4
f 1805/215/1292 1803/216/1292 1809/203/1292 1808/202/1292
f 1801/217/1295 1810/198/1295 1809/197/1295 1803/218/1295
f 1799/210/1296 1807/195/1289 1810/194/1289 1801/211/1296
f 1816/219/1248 1815/220/1248 1817/221/1248 1818/222/1248
f 1814/223/1297 1813/224/1297 1815/225/1297 1816/226/1297
f 1813/227/1298 1811/228/1298 1817/229/1298 1815/230/1298
f 1811/228/1299 1812/231/1299 1818/232/1299 1817/229/1299
f 1812/231/1250 1814/223/1250 1816/226/1250 1818/232/1250
f 1812/219/1300 1811/233/1300 1813/221/1300 1814/222/1300
f 1822/234/1301 1830/235/1302 1827/236/1303 1820/237/1301
f 1829/238/1304 1830/239/1304 1822/240/1304 1824/241/1304
f 1826/242/1305 1828/243/1306 1829/244/1306 1824/245/1305
f 1827/246/4 1828/247/4 1826/248/4 1820/249/4
f 1822/234/1307 1820/237/1307 1826/242/1307 1824/245/1307
f 1825/250/1308 1819/251/1308 1821/252/1308 1823/253/1308
f 1825/254/4 1828/247/4 1827/246/4 1819/255/4
f 1825/256/1309 1823/257/1309 1829/244/1306 1828/243/1306
f 1821/258/1310 1830/239/1310 1829/238/1310 1823/259/1310
f 1819/251/1311 1827/236/1303 1830/235/1302 1821/252/1311
f 1842/1/1312 1839/2/1312 1832/3/1313 1834/4/1313
f 1841/5/1314 1844/6/1314 1836/7/1314
f 1840/8/1315 1841/5/1315 1836/7/1315 1838/9/1315
f 1846/10/4 1847/11/4 1840/12/4 1838/13/4
f 1845/14/1316 1846/15/1316 1838/9/1316 1836/7/1316
f 1837/16/1317 1848/17/1318 1843/18/1318 1835/19/1317
f 1837/20/4 1840/12/4 1847/11/4 1848/21/4
f 1835/22/1315 1841/5/1315 1840/8/1315 1837/23/1315
f 1835/22/1319 1844/6/1314 1841/5/1314
f 1831/24/1312 1839/2/1312 1842/1/1312 1833/25/1312
f 1833/26/1320 1844/27/1321 1843/18/1321
f 1845/14/1322 1844/28/1322 1834/4/1322
f 1832/3/1323 1846/15/1316 1845/14/1316 1834/4/1323
f 1839/29/4 1847/11/4 1846/10/4 1832/30/4
f 1848/21/4 1847/11/4 1839/29/4 1831/31/4
f 1843/18/1318 1848/17/1318 1831/24/1324 1833/25/1324
f 1833/25/1325 1842/1/1326 1844/32/1326
f 1836/7/1327 1844/28/1322 1845/14/1322
f 1843/18/1321 1844/27/1321 1835/19/1321
f 1834/4/1328 1844/32/1326 1842/1/1326
f 1860/1/1329 1857/2/1329 1850/3/1329 1852/4/1329
f 1859/5/1330 1862/6/1330 1854/7/1331
f 1858/8/1332 1859/5/1332 1854/7/1332 1856/9/1332
f 1864/10/4 1865/11/4 1858/12/4 1856/13/4
f 1863/14/1333 1864/15/1333 1856/9/1334 1854/7/1334
f 1855/16/1335 1866/17/1336 1861/18/1336 1853/19/1335
f 1855/20/4 1858/12/4 1865/11/4 1866/21/4
f 1853/22/1337 1859/5/1332 1858/8/1332 1855/23/1337
f 1853/22/1338 1862/6/1330 1859/5/1330
f 1849/24/1329 1857/2/1329 1860/1/1329 1851/25/1329
f 1851/26/1339 1862/27/1340 1861/18/1341
f 1863/14/1342 1862/28/1343 1852/4/1344
f 1850/3/1345 1864/15/1333 1863/14/1333 1852/4/1345
f 1857/29/4 1865/11/4 1864/10/4 1850/30/4
f 1866/21/4 1865/11/4 1857/29/4 1849/31/4
f 1861/18/1336 1866/17/1336 1849/24/1346 1851/25/1346
f 1851/25/1347 1860/1/1347 1862/32/1347
f 1854/7/1342 1862/28/1343 1863/14/1342
f 1861/18/1341 1862/27/1340 1853/19/1348
f 1852/4/1349 1862/32/1347 1860/1/1347
f 1870/33/1350 1878/34/1351 1875/35/1351 1868/36/1350
f 1877/37/1352 1878/38/1352 1870/39/1352 1872/40/1352
f 1874/41/1353 1876/42/1333 1877/43/1333 1872/44/1353
f 1875/45/4 1876/46/4 1874/47/4 1868/48/4
f 1870/33/1354 1868/36/1354 1874/41/1354 1872/44/1354
f 1873/49/1355 1867/50/1355 1869/51/1355 1871/52/1355
f 1873/53/4 1876/46/4 1875/45/4 1867/54/4
f 1873/55/1334 1871/56/1334 1877/43/1333 1876/42/1333
f 1869/57/1356 1878/38/1356 1877/37/1356 1871/58/1356
f 1867/50/1357 1875/35/1351 1878/34/1351 1869/51/1357
f 1882/59/1358 1890/60/1359 1887/61/1359 1880/62/1358
f 1889/37/1360 1890/38/1360 1882/39/1360 1884/40/1360
f 1886/63/1361 1888/64/1362 1889/65/1362 1884/66/1361
f 1887/45/4 1888/46/4 1886/47/4 1880/48/4
f 1882/59/1363 1880/62/1363 1886/63/1363 1884/66/1363
f 1885/67/1364 1879/68/1364 1881/69/1364 1883/70/1364
f 1885/53/4 1888/46/4 1887/45/4 1879/54/4
f 1885/71/1365 1883/72/1365 1889/65/1362 1888/64/1362
f 1881/57/1366 1890/38/1366 1889/37/1366 1883/58/1366
f 1879/68/1367 1887/61/1359 1890/60/1359 1881/69/1367
f 1894/73/1368 1902/74/1369 1899/75/1369 1892/76/1368
f 1901/37/1370 1902/38/1370 1894/39/1370 1896/40/1370
f 1898/77/1371 1900/78/1372 1901/79/1372 1896/80/1371
f 1899/45/4 1900/46/4 1898/47/4 1892/48/4
f 1894/73/1373 1892/76/1373 1898/77/1373 1896/80/1373
f 1897/81/1374 1891/82/1374 1893/83/1374 1895/84/1374
f 1897/53/4 1900/46/4 1899/45/4 1891/54/4
f 1897/85/1375 1895/86/1375 1901/79/1372 1900/78/1372
f 1893/57/1376 1902/38/1376 1901/37/1376 1895/58/1376
f 1891/82/1377 1899/75/1369 1902/74/1369 1893/83/1377
f 1908/87/1378 1907/88/1378 1909/89/1378 1910/90/1378
f 1906/91/4 1905/92/4 1907/93/4 1908/94/4
f 1905/95/1367 1903/96/1367 1909/97/1367 1907/98/1367
f 1903/96/50 1904/99/50 1910/100/50 1909/97/50
f 1904/99/1365 1906/91/1365 1908/94/1365 1910/100/1365
f 1904/87/1379 1903/88/1379 1905/89/1379 1906/90/1379
f 1916/87/1380 1915/88/1380 1917/89/1380 1918/90/1380
f 1914/101/4 1913/102/4 1915/103/4 1916/104/4
f 1913/105/1367 1911/106/1367 1917/107/1367 1915/108/1367
f 1911/106/50 1912/109/50 1918/110/50 1917/107/50
f 1912/109/1365 1914/101/1365 1916/104/1365 1918/110/1365
f 1912/87/1381 1911/88/1381 1913/89/1381 1914/90/1381
f 1922/111/1382 1930/112/1383 1927/113/1383 1920/114/1382
f 1929/115/1384 1930/116/1384 1922/117/1384 1924/118/1384
f 1926/119/1385 1928/120/1386 1929/121/1386 1924/122/1385
f 1927/123/4 1928/124/4 1926/125/4 1920/126/4
f 1922/111/1387 1920/114/1387 1926/119/1387 1924/122/1387
f 1925/127/1388 1919/128/1388 1921/129/1388 1923/130/1388
f 1925/131/4 1928/124/4 1927/123/4 1919/132/4
f 1925/133/1389 1923/134/1389 1929/121/1386 1928/120/1386
f 1921/135/1390 1930/116/1390 1929/115/1390 1923/136/1390
f 1919/128/1391 1927/113/1383 1930/112/1383 1921/129/1391
f 1934/137/1392 1942/138/1393 1939/139/1393 1932/140/1392
f 1941/141/1394 1942/142/1394 1934/143/1394 1936/144/1394
f 1938/145/1395 1940/146/1396 1941/147/1396 1936/148/1395
f 1939/149/4 1940/150/4 1938/151/4 1932/152/4
f 1934/137/1397 1932/140/1397 1938/145/1397 1936/148/1397
f 1937/153/1398 1931/154/1398 1933/155/1398 1935/156/1398
f 1937/157/4 1940/150/4 1939/149/4 1931/158/4
f 1937/159/1399 1935/160/1399 1941/147/1396 1940/146/1396
f 1933/161/1400 1942/142/1400 1941/141/1400 1935/162/1400
f 1931/154/1401 1939/139/1393 1942/138/1393 1933/155/1401
f 1956/163/1402 1955/164/1403 1961/165/1403 1962/166/1402
f 1957/167/1404 1955/168/1404 1956/39/1404 1958/40/1404
f 1960/169/1405 1959/170/1406 1957/171/1406 1958/172/1405
f 1961/45/4 1959/46/4 1960/47/4 1962/48/4
f 1956/163/1407 1962/166/1407 1960/169/1407 1958/172/1407
f 1963/173/1408 1964/174/1408 1966/175/1408 1965/176/1408
f 1963/53/4 1959/46/4 1961/45/4 1964/54/4
f 1963/177/1409 1965/178/1409 1957/171/1406 1959/170/1406
f 1966/57/1410 1955/168/1410 1957/167/1410 1965/58/1410
f 1964/174/1411 1961/165/1403 1955/164/1403 1966/175/1411
f 1946/179/1412 1954/180/1413 1951/181/1413 1944/182/1412
f 1953/37/1414 1954/38/1414 1946/39/1414 1948/40/1414
f 1950/183/1415 1952/184/1416 1953/185/1416 1948/186/1415
f 1951/45/4 1952/46/4 1950/47/4 1944/48/4
f 1946/179/1417 1944/182/1417 1950/183/1417 1948/186/1417
f 1949/187/1418 1943/188/1418 1945/189/1418 1947/190/1418
f 1949/53/4 1952/46/4 1951/45/4 1943/54/4
f 1949/191/1419 1947/192/1419 1953/185/1416 1952/184/1416
f 1945/57/1420 1954/38/1420 1953/37/1420 1947/58/1420
f 1943/188/1421 1951/181/1413 1954/180/1413 1945/189/1421
f 1970/193/1422 1978/194/1423 1975/195/1423 1968/196/1422
f 1977/197/1424 1978/198/1424 1970/199/1424 1972/200/1424
f 1974/201/1425 1976/202/1426 1977/203/1426 1972/204/1425
f 1975/205/4 1976/206/4 1974/207/4 1968/208/4
f 1970/193/1427 1968/196/1427 1974/201/1427 1972/204/1427
f 1973/209/1428 1967/210/1428 1969/211/1428 1971/212/1428
f 1973/213/4 1976/206/4 1975/205/4 1967/214/4
f 1973/215/1429 1971/216/1429 1977/203/1426 1976/202/1426
f 1969/217/1430 1978/198/1430 1977/197/1430 1971/218/1430
f 1967/210/1431 1975/195/1423 1978/194/1423 1969/211/1431
f 1984/219/1432 1983/220/1432 1985/221/1432 1986/222/1432
f 1982/223/1433 1981/224/1433 1983/225/1433 1984/226/1433
f 1981/227/1367 1979/228/1367 1985/229/1367 1983/230/1367
f 1979/228/1434 1980/231/1434 1986/232/1434 1985/229/1434
f 1980/231/1365 1982/223/1365 1984/226/1365 1986/232/1365
f 1980/219/1379 1979/233/1379 1981/221/1379 1982/222/1379
f 1990/234/1435 1998/235/1436 1995/236/1436 1988/237/1435
f 1997/238/1437 1998/239/1437 1990/240/1437 1992/241/1437
f 1994/242/1438 1996/243/1439 1997/244/1439 1992/245/1438
f 1995/246/4 1996/247/4 1994/248/4 1988/249/4
f 1990/234/1440 1988/237/1440 1994/242/1440 1992/245/1440
f 1993/250/1441 1987/251/1441 1989/252/1441 1991/253/1441
f 1993/254/4 1996/247/4 1995/246/4 1987/255/4
f 1993/256/1442 1991/257/1442 1997/244/1439 1996/243/1439
f 1989/258/1443 1998/239/1443 1997/238/1443 1991/259/1443
f 1987/251/1444 1995/236/1436 1998/235/1436 1989/252/1444
f 2010/1/1445 2007/2/1445 2000/3/1445 2002/4/1445
f 2009/5/1446 2012/6/1446 2004/7/1446
f 2008/8/1447 2009/5/1447 2004/7/1447 2006/9/1447
f 2014/10/4 2015/11/4 2008/12/4 2006/13/4
f 2013/14/1448 2014/15/1448 2006/9/1449 2004/7/1449
f 2005/16/1450 2016/17/1451 2011/18/1451 2003/19/1450
f 2005/20/4 2008/12/4 2015/11/4 2016/21/4
f 2003/22/1447 2009/5/1447 2008/8/1447 2005/23/1447
f 2003/22/1452 2012/6/1446 2009/5/1446
f 1999/24/1445 2007/2/1445 2010/1/1445 2001/25/1445
f 2001/26/1453 2012/27/1454 2011/18/1454
f 2013/14/1455 2012/28/1455 2002/4/1456
f 2000/3/1457 2014/15/1448 2013/14/1448 2002/4/1457
f 2007/29/4 2015/11/4 2014/10/4 2000/30/4
f 2016/21/4 2015/11/4 2007/29/4 1999/31/4
f 2011/18/1451 2016/17/1451 1999/24/1458 2001/25/1458
f 2001/25/1459 2010/1/1459 2012/32/1459
f 2004/7/1460 2012/28/1455 2013/14/1455
f 2011/18/1454 2012/27/1454 2003/19/1461
f 2002/4/1459 2012/32/1459 2010/1/1459
f 2028/1/1462 2025/2/1462 2018/3/1462 2020/4/1462
f 2027/5/1463 2030/6/1463 2022/7/1464
f 2026/8/1465 2027/5/1465 2022/7/1465 2024/9/1465
f 2032/10/4 2033/11/4 2026/12/4 2024/13/4
f 2031/14/1466 2032/15/1466 2024/9/1467 2022/7/1467
f 2023/16/1468 2034/17/1469 2029/18/1469 2021/19/1468
f 2023/20/4 2026/12/4 2033/11/4 2034/21/4
f 2021/22/1465 2027/5/1465 2026/8/1465 2023/23/1465
f 2021/22/1463 2030/6/1463 2027/5/1463
f 2017/24/1470 2025/2/1462 2028/1/1462 2019/25/1470
f 2019/26/1471 2030/27/1472 2029/18/1472
f 2031/14/1473 2030/28/1473 2020/4/1474
f 2018/3/1475 2032/15/1466 2031/14/1466 2020/4/1475
f 2025/29/4 2033/11/4 2032/10/4 2018/30/4
f 2034/21/4 2033/11/4 2025/29/4 2017/31/4
f 2029/18/1469 2034/17/1469 2017/24/1476 2019/25/1476
f 2019/25/1477 2028/1/1477 2030/32/1477
f 2022/7/1478 2030/28/1473 2031/14/1473
f 2029/18/1472 2030/27/1472 2021/19/1479
f 2020/4/1480 2030/32/1477 2028/1/1477
f 2038/33/1481 2046/34/1482 2043/35/1482 2036/36/1481
f 2045/37/1483 2046/38/1483 2038/39/1483 2040/40/1483
f 2042/41/1484 2044/42/1485 2045/43/1485 2040/44/1484
f 2043/45/4 2044/46/4 2042/47/4 2036/48/4
f 2038/33/1486 2036/36/1486 2042/41/1486 2040/44/1486
f 2041/49/1487 2035/50/1487 2037/51/1487 2039/52/1487
f 2041/53/4 2044/46/4 2043/45/4 2035/54/4
f 2041/55/1488 2039/56/1488 2045/43/1485 2044/42/1485
f 2037/57/1489 2046/38/1489 2045/37/1489 2039/58/1489
f 2035/50/1490 2043/35/1482 2046/34/1482 2037/51/1490
f 2050/59/1491 2058/60/1492 2055/61/1492 2048/62/1491
f 2057/37/1493 2058/38/1493 2050/39/1493 2052/40/1493
f 2054/63/1494 2056/64/1495 2057/65/1495 2052/66/1494
f 2055/45/4 2056/46/4 2054/47/4 2048/48/4
f 2050/59/1496 2048/62/1496 2054/63/1496 2052/66/1496
f 2053/67/1497 2047/68/1497 2049/69/1497 2051/70/1497
f 2053/53/4 2056/46/4 2055/45/4 2047/54/4
f 2053/71/1498 2051/72/1498 2057/65/1495 2056/64/1495
f 2049/57/1499 2058/38/1499 2057/37/1499 2051/58/1499
f 2047/68/1500 2055/61/1492 2058/60/1492 2049/69/1500
f 2062/73/1501 2070/74/1502 2067/75/1502 2060/76/1501
f 2069/37/1503 2070/38/1503 2062/39/1503 2064/40/1503
f 2066/77/1504 2068/78/1505 2069/79/1505 2064/80/1504
f 2067/45/4 2068/46/4 2066/47/4 2060/48/4
f 2062/73/1506 2060/76/1506 2066/77/1506 2064/80/1506
f 2065/81/1507 2059/82/1507 2061/83/1507 2063/84/1507
f 2065/53/4 2068/46/4 2067/45/4 2059/54/4
f 2065/85/1508 2063/86/1508 2069/79/1505 2068/78/1505
f 2061/57/1509 2070/38/1509 2069/37/1509 2063/58/1509
f 2059/82/1510 2067/75/1502 2070/74/1502 2061/83/1510
f 2076/87/1511 2075/88/1511 2077/89/1511 2078/90/1511
f 2074/91/4 2073/92/4 2075/93/4 2076/94/4
f 2073/95/1492 2071/96/1492 2077/97/1492 2075/98/1492
f 2071/96/50 2072/99/50 2078/100/50 2077/97/50
f 2072/99/1512 2074/91/1512 2076/94/1512 2078/100/1512
f 2072/87/1513 2071/88/1513 2073/89/1513 2074/90/1513
f 2084/87/1514 2083/88/1514 2085/89/1514 2086/90/1514
f 2082/101/4 2081/102/4 2083/103/4 2084/104/4
f 2081/105/1492 2079/106/1492 2085/107/1492 2083/108/1492
f 2079/106/50 2080/109/50 2086/110/50 2085/107/50
f 2080/109/1512 2082/101/1512 2084/104/1512 2086/110/1512
f 2080/87/1513 2079/88/1513 2081/89/1513 2082/90/1513
f 2090/111/1515 2098/112/1516 2095/113/1516 2088/114/1515
f 2097/115/1517 2098/116/1517 2090/117/1517 2092/118/1517
f 2094/119/1518 2096/120/1519 2097/121/1519 2092/122/1518
f 2095/123/4 2096/124/4 2094/125/4 2088/126/4
f 2090/111/1520 2088/114/1520 2094/119/1520 2092/122/1520
f 2093/127/1521 2087/128/1521 2089/129/1521 2091/130/1521
f 2093/131/4 2096/124/4 2095/123/4 2087/132/4
f 2093/133/1522 2091/134/1522 2097/121/1519 2096/120/1519
f 2089/135/1523 2098/116/1523 2097/115/1523 2091/136/1523
f 2087/128/1524 2095/113/1516 2098/112/1516 2089/129/1524
f 2102/137/1525 2110/138/1526 2107/139/1526 2100/140/1525
f 2109/141/1527 2110/142/1527 2102/143/1527 2104/144/1527
f 2106/145/1528 2108/146/1529 2109/147/1529 2104/148/1528
f 2107/149/4 2108/150/4 2106/151/4 2100/152/4
f 2102/137/1530 2100/140/1530 2106/145/1530 2104/148/1530
f 2105/153/1531 2099/154/1531 2101/155/1531 2103/156/1531
f 2105/157/4 2108/150/4 2107/149/4 2099/158/4
f 2105/159/1532 2103/160/1532 2109/147/1529 2108/146/1529
f 2101/161/1533 2110/142/1533 2109/141/1533 2103/162/1533
f 2099/154/1534 2107/139/1526 2110/138/1526 2101/155/1534
f 2124/163/1535 2123/164/1536 2129/165/1536 2130/166/1535
f 2125/167/1537 2123/168/1537 2124/39/1537 2126/40/1537
f 2128/169/1538 2127/170/1539 2125/171/1539 2126/172/1538
f 2129/45/4 2127/46/4 2128/47/4 2130/48/4
f 2124/163/1540 2130/166/1540 2128/169/1540 2126/172/1540
f 2131/173/1541 2132/174/1541 2134/175/1541 2133/176/1541
f 2131/53/4 2127/46/4 2129/45/4 2132/54/4
f 2131/177/1542 2133/178/1542 2125/171/1539 2127/170/1539
f 2134/57/1543 2123/168/1543 2125/167/1543 2133/58/1543
f 2132/174/1544 2129/165/1536 2123/164/1536 2134/175/1544
f 2114/179/1545 2122/180/1546 2119/181/1546 2112/182/1545
f 2121/37/1547 2122/38/1547 2114/39/1547 2116/40/1547
f 2118/183/1548 2120/184/1549 2121/185/1549 2116/186/1548
f 2119/45/4 2120/46/4 2118/47/4 2112/48/4
f 2114/179/1550 2112/182/1550 2118/183/1550 2116/186/1550
f 2117/187/1551 2111/188/1551 2113/189/1551 2115/190/1551
f 2117/53/4 2120/46/4 2119/45/4 2111/54/4
f 2117/191/1552 2115/192/1552 2121/185/1549 2120/184/1549
f 2113/57/1553 2122/38/1553 2121/37/1553 2115/58/1553
f 2111/188/1554 2119/181/1546 2122/180/1546 2113/189/1554
f 2138/193/1555 2146/194/1556 2143/195/1556 2136/196/1555
f 2145/197/1557 2146/198/1557 2138/199/1557 2140/200/1557
f 2142/201/1558 2144/202/1559 2145/203/1559 2140/204/1558
f 2143/205/4 2144/206/4 2142/207/4 2136/208/4
f 2138/193/1560 2136/196/1560 2142/201/1560 2140/204/1560
f 2141/209/1561 2135/210/1561 2137/211/1561 2139/212/1561
f 2141/213/4 2144/206/4 2143/205/4 2135/214/4
f 2141/215/1562 2139/216/1562 2145/203/1559 2144/202/1559
f 2137/217/1563 2146/198/1563 2145/197/1563 2139/218/1563
f 2135/210/1564 2143/195/1556 2146/194/1556 2137/211/1564
f 2152/219/1565 2151/220/1565 2153/221/1565 2154/222/1565
f 2150/223/1566 2149/224/1566 2151/225/1566 2152/226/1566
f 2149/227/1492 2147/228/1492 2153/229/1492 2151/230/1492
f 2147/228/1567 2148/231/1567 2154/232/1567 2153/229/1567
f 2148/231/1512 2150/223/1512 2152/226/1512 2154/232/1512
f 2148/219/1513 2147/233/1513 2149/221/1513 2150/222/1513
f 2158/234/1568 2166/235/1569 2163/236/1569 2156/237/1568
f 2165/238/1570 2166/239/1570 2158/240/1570 2160/241/1570
f 2162/242/1571 2164/243/1572 2165/244/1572 2160/245/1571
f 2163/246/4 2164/247/4 2162/248/4 2156/249/4
f 2158/234/1573 2156/237/1573 2162/242/1573 2160/245/1573
f 2161/250/1574 2155/251/1574 2157/252/1574 2159/253/1574
f 2161/254/4 2164/247/4 2163/246/4 2155/255/4
f 2161/256/1575 2159/257/1575 2165/244/1572 2164/243/1572
f 2157/258/1576 2166/239/1576 2165/238/1576 2159/259/1576
f 2155/251/1577 2163/236/1569 2166/235/1569 2157/252/1577
f 2178/1/1578 2175/2/1578 2168/3/1578 2170/4/1578
f 2177/5/1579 2180/6/1579 2172/7/1579
f 2176/8/1580 2177/5/1580 2172/7/1581 2174/9/1581
f 2182/10/4 2183/11/4 2176/12/4 2174/13/4
f 2181/14/1582 2182/15/1582 2174/9/1583 2172/7/1583
f 2173/16/1584 2184/17/1585 2179/18/1585 2171/19/1584
f 2173/20/4 2176/12/4 2183/11/4 2184/21/4
f 2171/22/1580 2177/5/1580 2176/8/1580 2173/23/1580
f 2171/22/1579 2180/6/1579 2177/5/1579
f 2167/24/1586 2175/2/1578 2178/1/1578 2169/25/1586
f 2169/26/1587 2180/27/1588 2179/18/1589
f 2181/14/1590 2180/28/1591 2170/4/1592
f 2168/3/1593 2182/15/1582 2181/14/1582 2170/4/1593
f 2175/29/4 2183/11/4 2182/10/4 2168/30/4
f 2184/21/4 2183/11/4 2175/29/4 2167/31/4
f 2179/18/1585 2184/17/1585 2167/24/1594 2169/25/1594
f 2169/25/1595 2178/1/1595 2180/32/1595
f 2172/7/1596 2180/28/1591 2181/14/1590
f 2179/18/1589 2180/27/1588 2171/19/1597
f 2170/4/1595 2180/32/1595 2178/1/1595
f 2196/1/1598 2193/2/1598 2186/3/1598 2188/4/1598
f 2195/5/1599 2198/6/1599 2190/7/1599
f 2194/8/1600 2195/5/1600 2190/7/1600 2192/9/1600
f 2200/10/4 2201/11/4 2194/12/4 2192/13/4
f 2199/14/1601 2200/15/1601 2192/9/1602 2190/7/1602
f 2191/16/1603 2202/17/1604 2197/18/1604 2189/19/1603
f 2191/20/4 2194/12/4 2201/11/4 2202/21/4
f 2189/22/1600 2195/5/1600 2194/8/1600 2191/23/1600
f 2189/22/1599 2198/6/1599 2195/5/1599
f 2185/24/1598 2193/2/1598 2196/1/1598 2187/25/1598
f 2187/26/1605 2198/27/1606 2197/18/1606
f 2199/14/1607 2198/28/1607 2188/4/1608
f 2186/3/1609 2200/15/1601 2199/14/1601 2188/4/1609
f 2193/29/4 2201/11/4 2200/10/4 2186/30/4
f 2202/21/4 2201/11/4 2193/29/4 2185/31/4
f 2197/18/1604 2202/17/1604 2185/24/1610 2187/25/1610
f 2187/25/1611 2196/1/1611 2198/32/1611
f 2190/7/1612 2198/28/1607 2199/14/1607
f 2197/18/1606 2198/27/1606 2189/19/1613
f 2188/4/1611 2198/32/1611 2196/1/1611
f 2206/33/1614 2214/34/1615 2211/35/1615 2204/36/1614
f 2213/37/1616 2214/38/1616 2206/39/1616 2208/40/1616
f 2210/41/1617 2212/42/1618 2213/43/1618 2208/44/1617
f 2211/45/4 2212/46/4 2210/47/4 2204/48/4
f 2206/33/1619 2204/36/1619 2210/41/1619 2208/44/1619
f 2209/49/1620 2203/50/1620 2205/51/1620 2207/52/1620
f 2209/53/4 2212/46/4 2211/45/4 2203/54/4
f 2209/55/1621 2207/56/1621 2213/43/1618 2212/42/1618
f 2205/57/1622 2214/38/1622 2213/37/1622 2207/58/1622
f 2203/50/1623 2211/35/1615 2214/34/1615 2205/51/1623
f 2218/59/1624 2226/60/1625 2223/61/1625 2216/62/1624
f 2225/37/1626 2226/38/1626 2218/39/1626 2220/40/1626
f 2222/63/1627 2224/64/1628 2225/65/1628 2220/66/1627
f 2223/45/4 2224/46/4 2222/47/4 2216/48/4
f 2218/59/1629 2216/62/1629 2222/63/1629 2220/66/1629
f 2221/67/1630 2215/68/1630 2217/69/1630 2219/70/1630
f 2221/53/4 2224/46/4 2223/45/4 2215/54/4
f 2221/71/1631 2219/72/1631 2225/65/1628 2224/64/1628
f 2217/57/1632 2226/38/1632 2225/37/1632 2219/58/1632
f 2215/68/1633 2223/61/1625 2226/60/1625 2217/69/1633
f 2230/73/1634 2238/74/1635 2235/75/1635 2228/76/1634
f 2237/37/1636 2238/38/1636 2230/39/1636 2232/40/1636
f 2234/77/1637 2236/78/1638 2237/79/1638 2232/80/1637
f 2235/45/4 2236/46/4 2234/47/4 2228/48/4
f 2230/73/1639 2228/76/1639 2234/77/1639 2232/80/1639
f 2233/81/1640 2227/82/1640 2229/83/1640 2231/84/1640
f 2233/53/4 2236/46/4 2235/45/4 2227/54/4
f 2233/85/1641 2231/86/1641 2237/79/1638 2236/78/1638
f 2229/57/1642 2238/38/1642 2237/37/1642 2231/58/1642
f 2227/82/1643 2235/75/1635 2238/74/1635 2229/83/1643
f 2244/87/1644 2243/88/1644 2245/89/1644 2246/90/1644
f 2242/91/4 2241/92/4 2243/93/4 2244/94/4
f 2241/95/1645 2239/96/1645 2245/97/1645 2243/98/1645
f 2239/96/50 2240/99/50 2246/100/50 2245/97/50
f 2240/99/1646 2242/91/1646 2244/94/1646 2246/100/1646
f 2240/87/1647 2239/88/1647 2241/89/1647 2242/90/1647
f 2252/87/1648 2251/88/1648 2253/89/1648 2254/90/1648
f 2250/101/4 2249/102/4 2251/103/4 2252/104/4
f 2249/105/1645 2247/106/1645 2253/107/1645 2251/108/1645
f 2247/106/50 2248/109/50 2254/110/50 2253/107/50
f 2248/109/1646 2250/101/1646 2252/104/1646 2254/110/1646
f 2248/87/1647 2247/88/1647 2249/89/1647 2250/90/1647
f 2258/111/1649 2266/112/1650 2263/113/1650 2256/114/1649
f 2265/115/1651 2266/116/1651 2258/117/1651 2260/118/1651
f 2262/119/1652 2264/120/1653 2265/121/1653 2260/122/1652
f 2263/123/4 2264/124/4 2262/125/4 2256/126/4
f 2258/111/1654 2256/114/1654 2262/119/1654 2260/122/1654
f 2261/127/1655 2255/128/1655 2257/129/1655 2259/130/1655
f 2261/131/4 2264/124/4 2263/123/4 2255/132/4
f 2261/133/1656 2259/134/1656 2265/121/1653 2264/120/1653
f 2257/135/1657 2266/116/1657 2265/115/1657 2259/136/1657
f 2255/128/1658 2263/113/1650 2266/112/1650 2257/129/1658
f 2270/137/1659 2278/138/1660 2275/139/1660 2268/140/1659
f 2277/141/1661 2278/142/1661 2270/143/1661 2272/144/1661
f 2274/145/1662 2276/146/1663 2277/147/1663 2272/148/1662
f 2275/149/4 2276/150/4 2274/151/4 2268/152/4
f 2270/137/1664 2268/140/1664 2274/145/1664 2272/148/1664
f 2273/153/1665 2267/154/1665 2269/155/1665 2271/156/1665
f 2273/157/4 2276/150/4 2275/149/4 2267/158/4
f 2273/159/1666 2271/160/1666 2277/147/1663 2276/146/1663
f 2269/161/1667 2278/142/1667 2277/141/1667 2271/162/1667
f 2267/154/1668 2275/139/1660 2278/138/1660 2269/155/1668
f 2292/163/1669 2291/164/1670 2297/165/1670 2298/166/1669
f 2293/167/1671 2291/168/1671 2292/39/1671 2294/40/1671
f 2296/169/1672 2295/170/1673 2293/171/1673 2294/172/1672
f 2297/45/4 2295/46/4 2296/47/4 2298/48/4
f 2292/163/1674 2298/166/1674 2296/169/1674 2294/172/1674
f 2299/173/1675 2300/174/1675 2302/175/1675 2301/176/1675
f 2299/53/4 2295/46/4 2297/45/4 2300/54/4
f 2299/177/1676 2301/178/1676 2293/171/1673 2295/170/1673
f 2302/57/1677 2291/168/1677 2293/167/1677 2301/58/1677
f 2300/174/1678 2297/165/1670 2291/164/1670 2302/175/1678
f 2282/179/1679 2290/180/1680 2287/181/1680 2280/182/1679
f 2289/37/1681 2290/38/1681 2282/39/1681 2284/40/1681
f 2286/183/1682 2288/184/1683 2289/185/1683 2284/186/1682
f 2287/45/4 2288/46/4 2286/47/4 2280/48/4
f 2282/179/1684 2280/182/1684 2286/183/1684 2284/186/1684
f 2285/187/1685 2279/188/1685 2281/189/1685 2283/190/1685
f 2285/53/4 2288/46/4 2287/45/4 2279/54/4
f 2285/191/1686 2283/192/1686 2289/185/1683 2288/184/1683
f 2281/57/1687 2290/38/1687 2289/37/1687 2283/58/1687
f 2279/188/1688 2287/181/1680 2290/180/1680 2281/189/1688
f 2306/193/1689 2314/194/1690 2311/195/1690 2304/196/1689
f 2313/197/1691 2314/198/1691 2306/199/1691 2308/200/1691
f 2310/201/1692 2312/202/1693 2313/203/1693 2308/204/1692
f 2311/205/4 2312/206/4 2310/207/4 2304/208/4
f 2306/193/1694 2304/196/1694 2310/201/1694 2308/204/1694
f 2309/209/1695 2303/210/1695 2305/211/1695 2307/212/1695
f 2309/213/4 2312/206/4 2311/205/4 2303/214/4
f 2309/215/1696 2307/216/1696 2313/203/1693 2312/202/1693
f 2305/217/1697 2314/198/1697 2313/197/1697 2307/218/1697
f 2303/210/1698 2311/195/1690 2314/194/1690 2305/211/1698
f 2320/219/1648 2319/220/1648 2321/221/1648 2322/222/1648
f 2318/223/1699 2317/224/1699 2319/225/1699 2320/226/1699
f 2317/227/1645 2315/228/1645 2321/229/1645 2319/230/1645
f 2315/228/1700 2316/231/1700 2322/232/1700 2321/229/1700
f 2316/231/1701 2318/223/1701 2320/226/1701 2322/232/1701
f 2316/219/1702 2315/233/1702 2317/221/1702 2318/222/1702
f 2326/234/1703 2334/235/1704 2331/236/1704 2324/237/1703
f 2333/238/1705 2334/239/1705 2326/240/1705 2328/241/1705
f 2330/242/1706 2332/243/1707 2333/244/1707 2328/245/1706
f 2331/246/4 2332/247/4 2330/248/4 2324/249/4
f 2326/234/1708 2324/237/1708 2330/242/1708 2328/245/1708
f 2329/250/1709 2323/251/1709 2325/252/1709 2327/253/1709
f 2329/254/4 2332/247/4 2331/246/4 2323/255/4
f 2329/256/1710 2327/257/1710 2333/244/1707 2332/243/1707
f 2325/258/1711 2334/239/1711 2333/238/1711 2327/259/1711
f 2323/251/1712 2331/236/1704 2334/235/1704 2325/252/1712
f 2346/1/1713 2343/2/1713 2336/3/1713 2338/4/1713
f 2345/5/1714 2348/6/1714 2340/7/1714
f 2344/8/1715 2345/5/1715 2340/7/1715 2342/9/1715
f 2350/10/4 2351/11/4 2344/12/4 2342/13/4
f 2349/14/1716 2350/15/1716 2342/9/1717 2340/7/1717
f 2341/16/1718 2352/17/1719 2347/18/1719 2339/19/1718
f 2341/20/4 2344/12/4 2351/11/4 2352/21/4
f 2339/22/1715 2345/5/1715 2344/8/1715 2341/23/1715
f 2339/22/1720 2348/6/1714 2345/5/1714
f 2335/24/1713 2343/2/1713 2346/1/1713 2337/25/1713
f 2337/26/1721 2348/27/1722 2347/18/1723
f 2349/14/1724 2348/28/1724 2338/4/1725
f 2336/3/1726 2350/15/1716 2349/14/1716 2338/4/1726
f 2343/29/4 2351/11/4 2350/10/4 2336/30/4
f 2352/21/4 2351/11/4 2343/29/4 2335/31/4
f 2347/18/1719 2352/17/1719 2335/24/1727 2337/25/1727
f 2337/25/1728 2346/1/1728 2348/32/1728
f 2340/7/1729 2348/28/1724 2349/14/1724
f 2347/18/1723 2348/27/1722 2339/19/1730
f 2338/4/1728 2348/32/1728 2346/1/1728
f 2364/1/1731 2361/2/1731 2354/3/1731 2356/4/1731
f 2363/5/1732 2366/6/1732 2358/7/1732
f 2362/8/1733 2363/5/1733 2358/7/1733 2360/9/1733
f 2368/10/4 2369/11/4 2362/12/4 2360/13/4
f 2367/14/1734 2368/15/1734 2360/9/1735 2358/7/1735
f 2359/16/1736 2370/17/1737 2365/18/1737 2357/19/1736
f 2359/20/4 2362/12/4 2369/11/4 2370/21/4
f 2357/22/1733 2363/5/1733 2362/8/1733 2359/23/1733
f 2357/22/1738 2366/6/1732 2363/5/1732
f 2353/24/1731 2361/2/1731 2364/1/1731 2355/25/1731
f 2355/26/1739 2366/27/1740 2365/18/1740
f 2367/14/1741 2366/28/1741 2356/4/1741
f 2354/3/1742 2368/15/1734 2367/14/1734 2356/4/1742
f 2361/29/4 2369/11/4 2368/10/4 2354/30/4
f 2370/21/4 2369/11/4 2361/29/4 2353/31/4
f 2365/18/1737 2370/17/1737 2353/24/1743 2355/25/1743
f 2355/25/1744 2364/1/1744 2366/32/1744
f 2358/7/1745 2366/28/1741 2367/14/1741
f 2365/18/1740 2366/27/1740 2357/19/1746
f 2356/4/1744 2366/32/1744 2364/1/1744
f 2374/33/1747 2382/34/1748 2379/35/1748 2372/36/1747
f 2381/37/1749 2382/38/1749 2374/39/1749 2376/40/1749
f 2378/41/1750 2380/42/1751 2381/43/1751 2376/44/1750
f 2379/45/4 2380/46/4 2378/47/4 2372/48/4
f 2374/33/1752 2372/36/1752 2378/41/1752 2376/44/1752
f 2377/49/1753 2371/50/1753 2373/51/1753 2375/52/1753
f 2377/53/4 2380/46/4 2379/45/4 2371/54/4
f 2377/55/1754 2375/56/1754 2381/43/1751 2380/42/1751
f 2373/57/1755 2382/38/1755 2381/37/1755 2375/58/1755
f 2371/50/1756 2379/35/1748 2382/34/1748 2373/51/1756
f 2386/59/1757 2394/60/1758 2391/61/1758 2384/62/1757
f 2393/37/1759 2394/38/1759 2386/39/1759 2388/40/1759
f 2390/63/1760 2392/64/1761 2393/65/1761 2388/66/1760
f 2391/45/4 2392/46/4 2390/47/4 2384/48/4
f 2386/59/1762 2384/62/1762 2390/63/1762 2388/66/1762
f 2389/67/1763 2383/68/1763 2385/69/1763 2387/70/1763
f 2389/53/4 2392/46/4 2391/45/4 2383/54/4
f 2389/71/1764 2387/72/1764 2393/65/1761 2392/64/1761
f 2385/57/1765 2394/38/1765 2393/37/1765 2387/58/1765
f 2383/68/1766 2391/61/1758 2394/60/1758 2385/69/1766
f 2398/73/1767 2406/74/1768 2403/75/1768 2396/76/1767
f 2405/37/1769 2406/38/1769 2398/39/1769 2400/40/1769
f 2402/77/1770 2404/78/1771 2405/79/1771 2400/80/1770
f 2403/45/4 2404/46/4 2402/47/4 2396/48/4
f 2398/73/1772 2396/76/1772 2402/77/1772 2400/80/1772
f 2401/81/1773 2395/82/1773 2397/83/1773 2399/84/1773
f 2401/53/4 2404/46/4 2403/45/4 2395/54/4
f 2401/85/1774 2399/86/1774 2405/79/1771 2404/78/1771
f 2397/57/1775 2406/38/1775 2405/37/1775 2399/58/1775
f 2395/82/1776 2403/75/1768 2406/74/1768 2397/83/1776
f 2412/87/1777 2411/88/1777 2413/89/1777 2414/90/1777
f 2410/91/4 2409/92/4 2411/93/4 2412/94/4
f 2409/95/1778 2407/96/1778 2413/97/1778 2411/98/1778
f 2407/96/50 2408/99/50 2414/100/50 2413/97/50
f 2408/99/1779 2410/91/1779 2412/94/1779 2414/100/1779
f 2408/87/1780 2407/88/1780 2409/89/1780 2410/90/1780
f 2420/87/1777 2419/88/1777 2421/89/1777 2422/90/1777
f 2418/101/4 2417/102/4 2419/103/4 2420/104/4
f 2417/105/1778 2415/106/1778 2421/107/1778 2419/108/1778
f 2415/106/50 2416/109/50 2422/110/50 2421/107/50
f 2416/109/1779 2418/101/1779 2420/104/1779 2422/110/1779
f 2416/87/1780 2415/88/1780 2417/89/1780 2418/90/1780
f 2426/111/1781 2434/112/1782 2431/113/1782 2424/114/1781
f 2433/115/1783 2434/116/1783 2426/117/1783 2428/118/1783
f 2430/119/1784 2432/120/1785 2433/121/1785 2428/122/1784
f 2431/123/4 2432/124/4 2430/125/4 2424/126/4
f 2426/111/1786 2424/114/1786 2430/119/1786 2428/122/1786
f 2429/127/1787 2423/128/1787 2425/129/1787 2427/130/1787
f 2429/131/4 2432/124/4 2431/123/4 2423/132/4
f 2429/133/1788 2427/134/1788 2433/121/1785 2432/120/1785
f 2425/135/1789 2434/116/1789 2433/115/1789 2427/136/1789
f 2423/128/1790 2431/113/1782 2434/112/1782 2425/129/1790
f 2438/137/1791 2446/138/1792 2443/139/1792 2436/140/1791
f 2445/141/1793 2446/142/1793 2438/143/1793 2440/144/1793
f 2442/145/1794 2444/146/1795 2445/147/1795 2440/148/1794
f 2443/149/4 2444/150/4 2442/151/4 2436/152/4
f 2438/137/1796 2436/140/1796 2442/145/1796 2440/148/1796
f 2441/153/1797 2435/154/1797 2437/155/1797 2439/156/1797
f 2441/157/4 2444/150/4 2443/149/4 2435/158/4
f 2441/159/1798 2439/160/1798 2445/147/1795 2444/146/1795
f 2437/161/1799 2446/142/1799 2445/141/1799 2439/162/1799
f 2435/154/1800 2443/139/1792 2446/138/1792 2437/155/1800
f 2460/163/1801 2459/164/1802 2465/165/1802 2466/166/1801
f 2461/167/1803 2459/168/1803 2460/39/1803 2462/40/1803
f 2464/169/1804 2463/170/1805 2461/171/1805 2462/172/1804
f 2465/45/4 2463/46/4 2464/47/4 2466/48/4
f 2460/163/1806 2466/166/1806 2464/169/1806 2462/172/1806
f 2467/173/836 2468/174/836 2470/175/836 2469/176/836
f 2467/53/4 2463/46/4 2465/45/4 2468/54/4
f 2467/177/1807 2469/178/1807 2461/171/1805 2463/170/1805
f 2470/57/1808 2459/168/1808 2461/167/1808 2469/58/1808
f 2468/174/1809 2465/165/1802 2459/164/1802 2470/175/1809
f 2450/179/1810 2458/180/1811 2455/181/1811 2448/182/1810
f 2457/37/1812 2458/38/1812 2450/39/1812 2452/40/1812
f 2454/183/1813 2456/184/1814 2457/185/1814 2452/186/1813
f 2455/45/4 2456/46/4 2454/47/4 2448/48/4
f 2450/179/1815 2448/182/1815 2454/183/1815 2452/186/1815
f 2453/187/1816 2447/188/1816 2449/189/1816 2451/190/1816
f 2453/53/4 2456/46/4 2455/45/4 2447/54/4
f 2453/191/1817 2451/192/1817 2457/185/1814 2456/184/1814
f 2449/57/1818 2458/38/1818 2457/37/1818 2451/58/1818
f 2447/188/1819 2455/181/1811 2458/180/1811 2449/189/1819
f 2474/193/1820 2482/194/1821 2479/195/1821 2472/196/1820
f 2481/197/1822 2482/198/1822 2474/199/1822 2476/200/1822
f 2478/201/1823 2480/202/1824 2481/203/1824 2476/204/1823
f 2479/205/4 2480/206/4 2478/207/4 2472/208/4
f 2474/193/1825 2472/196/1825 2478/201/1825 2476/204/1825
f 2477/209/1826 2471/210/1826 2473/211/1826 2475/212/1826
f 2477/213/4 2480/206/4 2479/205/4 2471/214/4
f 2477/215/1827 2475/216/1827 2481/203/1824 2480/202/1824
f 2473/217/1828 2482/198/1828 2481/197/1828 2475/218/1828
f 2471/210/1821 2479/195/1821 2482/194/1821 2473/211/1821
f 2488/219/1777 2487/220/1777 2489/221/1777 2490/222/1777
f 2486/223/1829 2485/224/1829 2487/225/1829 2488/226/1829
f 2485/227/1778 2483/228/1778 2489/229/1778 2487/230/1778
f 2483/228/1830 2484/231/1830 2490/232/1830 2489/229/1830
f 2484/231/1779 2486/223/1779 2488/226/1779 2490/232/1779
f 2484/219/1831 2483/233/1831 2485/221/1831 2486/222/1831
f 2494/234/1832 2502/235/1833 2499/236/1833 2492/237/1832
f 2501/238/1834 2502/239/1834 2494/240/1834 2496/241/1834
f 2498/242/1835 2500/243/1836 2501/244/1836 2496/245/1835
f 2499/246/4 2500/247/4 2498/248/4 2492/249/4
f 2494/234/1837 2492/237/1837 2498/242/1837 2496/245/1837
f 2497/250/1838 2491/251/1838 2493/252/1838 2495/253/1838
f 2497/254/4 2500/247/4 2499/246/4 2491/255/4
f 2497/256/1839 2495/257/1839 2501/244/1836 2500/243/1836
f 2493/258/1840 2502/239/1840 2501/238/1840 2495/259/1840
f 2491/251/1841 2499/236/1833 2502/235/1833 2493/252/1841
f 2514/1/1842 2511/2/1842 2504/3/1842 2506/4/1842
f 2513/5/1843 2516/6/1843 2508/7/1843
f 2512/8/1844 2513/5/1844 2508/7/1844 2510/9/1844
f 2518/10/4 2519/11/4 2512/12/4 2510/13/4
f 2517/14/1845 2518/15/1845 2510/9/1846 2508/7/1846
f 2509/16/1847 2520/17/1848 2515/18/1848 2507/19/1847
f 2509/20/4 2512/12/4 2519/11/4 2520/21/4
f 2507/22/1844 2513/5/1844 2512/8/1844 2509/23/1844
f 2507/22/1849 2516/6/1843 2513/5/1843
f 2503/24/1842 2511/2/1842 2514/1/1842 2505/25/1842
f 2505/26/1850 2516/27/1851 2515/18/1851
f 2517/14/1852 2516/28/1852 2506/4/1853
f 2504/3/1854 2518/15/1845 2517/14/1845 2506/4/1854
f 2511/29/4 2519/11/4 2518/10/4 2504/30/4
f 2520/21/4 2519/11/4 2511/29/4 2503/31/4
f 2515/18/1848 2520/17/1848 2503/24/1855 2505/25/1855
f 2505/25/1856 2514/1/1856 2516/32/1856
f 2508/7/1857 2516/28/1852 2517/14/1852
f 2515/18/1851 2516/27/1851 2507/19/1858
f 2506/4/1856 2516/32/1856 2514/1/1856
f 2532/1/1859 2529/2/1859 2522/3/1859 2524/4/1859
f 2531/5/1860 2534/6/1860 2526/7/1861
f 2530/8/1862 2531/5/1862 2526/7/1862 2528/9/1862
f 2536/10/4 2537/11/4 2530/12/4 2528/13/4
f 2535/14/1863 2536/15/1863 2528/9/1864 2526/7/1864
f 2527/16/1865 2538/17/1866 2533/18/1866 2525/19/1865
f 2527/20/4 2530/12/4 2537/11/4 2538/21/4
f 2525/22/1862 2531/5/1862 2530/8/1862 2527/23/1862
f 2525/22/1860 2534/6/1860 2531/5/1860
f 2521/24/1859 2529/2/1859 2532/1/1859 2523/25/1859
f 2523/26/1867 2534/27/1868 2533/18/1868
f 2535/14/1869 2534/28/1869 2524/4/1870
f 2522/3/1871 2536/15/1863 2535/14/1863 2524/4/1871
f 2529/29/4 2537/11/4 2536/10/4 2522/30/4
f 2538/21/4 2537/11/4 2529/29/4 2521/31/4
f 2533/18/1866 2538/17/1866 2521/24/1872 2523/25/1872
f 2523/25/1873 2532/1/1873 2534/32/1873
f 2526/7/1874 2534/28/1869 2535/14/1869
f 2533/18/1868 2534/27/1868 2525/19/1868
f 2524/4/1875 2534/32/1873 2532/1/1873
f 2542/33/1876 2550/34/1877 2547/35/1877 2540/36/1876
f 2549/37/1878 2550/38/1878 2542/39/1878 2544/40/1878
f 2546/41/1879 2548/42/1863 2549/43/1863 2544/44/1879
f 2547/45/4 2548/46/4 2546/47/4 2540/48/4
f 2542/33/1880 2540/36/1880 2546/41/1880 2544/44/1880
f 2545/49/1881 2539/50/1881 2541/51/1881 2543/52/1881
f 2545/53/4 2548/46/4 2547/45/4 2539/54/4
f 2545/55/1882 2543/56/1882 2549/43/1863 2548/42/1863
f 2541/57/1883 2550/38/1883 2549/37/1883 2543/58/1883
f 2539/50/1884 2547/35/1877 2550/34/1877 2541/51/1884
f 2554/59/1885 2562/60/1886 2559/61/1886 2552/62/1885
f 2561/37/1887 2562/38/1887 2554/39/1887 2556/40/1887
f 2558/63/1888 2560/64/1889 2561/65/1889 2556/66/1888
f 2559/45/4 2560/46/4 2558/47/4 2552/48/4
f 2554/59/1890 2552/62/1890 2558/63/1890 2556/66/1890
f 2557/67/1891 2551/68/1891 2553/69/1891 2555/70/1891
f 2557/53/4 2560/46/4 2559/45/4 2551/54/4
f 2557/71/1892 2555/72/1892 2561/65/1889 2560/64/1889
f 2553/57/1893 2562/38/1893 2561/37/1893 2555/58/1893
f 2551/68/1894 2559/61/1886 2562/60/1886 2553/69/1894
f 2566/73/1895 2574/74/1896 2571/75/1896 2564/76/1895
f 2573/37/1897 2574/38/1897 2566/39/1897 2568/40/1897
f 2570/77/1898 2572/78/1899 2573/79/1899 2568/80/1898
f 2571/45/4 2572/46/4 2570/47/4 2564/48/4
f 2566/73/1900 2564/76/1900 2570/77/1900 2568/80/1900
f 2569/81/1901 2563/82/1901 2565/83/1901 2567/84/1901
f 2569/53/4 2572/46/4 2571/45/4 2563/54/4
f 2569/85/1902 2567/86/1902 2573/79/1899 2572/78/1899
f 2565/57/1903 2574/38/1903 2573/37/1903 2567/58/1903
f 2563/82/1904 2571/75/1896 2574/74/1896 2565/83/1904
f 2580/87/1905 2579/88/1905 2581/89/1905 2582/90/1905
f 2578/91/4 2577/92/4 2579/93/4 2580/94/4
f 2577/95/1886 2575/96/1886 2581/97/1886 2579/98/1886
f 2575/96/50 2576/99/50 2582/100/50 2581/97/50
f 2576/99/1892 2578/91/1892 2580/94/1892 2582/100/1892
f 2576/87/1906 2575/88/1906 2577/89/1906 2578/90/1906
f 2588/87/1905 2587/88/1905 2589/89/1905 2590/90/1905
f 2586/101/4 2585/102/4 2587/103/4 2588/104/4
f 2585/105/1886 2583/106/1886 2589/107/1886 2587/108/1886
f 2583/106/50 2584/109/50 2590/110/50 2589/107/50
f 2584/109/1892 2586/101/1892 2588/104/1892 2590/110/1892
f 2584/87/1907 2583/88/1907 2585/89/1907 2586/90/1907
f 2594/111/1908 2602/112/1909 2599/113/1909 2592/114/1908
f 2601/115/1910 2602/116/1910 2594/117/1910 2596/118/1910
f 2598/119/1911 2600/120/1912 2601/121/1912 2596/122/1911
f 2599/123/4 2600/124/4 2598/125/4 2592/126/4
f 2594/111/1913 2592/114/1913 2598/119/1913 2596/122/1913
f 2597/127/1914 2591/128/1914 2593/129/1914 2595/130/1914
f 2597/131/4 2600/124/4 2599/123/4 2591/132/4
f 2597/133/1915 2595/134/1915 2601/121/1912 2600/120/1912
f 2593/135/1916 2602/116/1916 2601/115/1916 2595/136/1916
f 2591/128/1917 2599/113/1909 2602/112/1909 2593/129/1917
f 2606/137/1918 2614/138/1919 2611/139/1919 2604/140/1918
f 2613/141/1920 2614/142/1920 2606/143/1920 2608/144/1920
f 2610/145/1921 2612/146/1922 2613/147/1922 2608/148/1921
f 2611/149/4 2612/150/4 2610/151/4 2604/152/4
f 2606/137/1923 2604/140/1923 2610/145/1923 2608/148/1923
f 2609/153/1924 2603/154/1924 2605/155/1924 2607/156/1924
f 2609/157/4 2612/150/4 2611/149/4 2603/158/4
f 2609/159/1925 2607/160/1925 2613/147/1922 2612/146/1922
f 2605/161/1926 2614/142/1926 2613/141/1926 2607/162/1926
f 2603/154/1927 2611/139/1919 2614/138/1919 2605/155/1927
f 2628/163/1928 2627/164/1929 2633/165/1929 2634/166/1928
f 2629/167/1930 2627/168/1930 2628/39/1930 2630/40/1930
f 2632/169/1931 2631/170/1932 2629/171/1932 2630/172/1931
f 2633/45/4 2631/46/4 2632/47/4 2634/48/4
f 2628/163/1933 2634/166/1933 2632/169/1933 2630/172/1933
f 2635/173/1934 2636/174/1934 2638/175/1934 2637/176/1934
f 2635/53/4 2631/46/4 2633/45/4 2636/54/4
f 2635/177/1935 2637/178/1935 2629/171/1932 2631/170/1932
f 2638/57/1936 2627/168/1936 2629/167/1936 2637/58/1936
f 2636/174/1937 2633/165/1929 2627/164/1929 2638/175/1937
f 2618/179/1938 2626/180/1939 2623/181/1939 2616/182/1938
f 2625/37/1940 2626/38/1940 2618/39/1940 2620/40/1940
f 2622/183/1941 2624/184/1942 2625/185/1942 2620/186/1941
f 2623/45/4 2624/46/4 2622/47/4 2616/48/4
f 2618/179/1943 2616/182/1943 2622/183/1943 2620/186/1943
f 2621/187/1944 2615/188/1944 2617/189/1944 2619/190/1944
f 2621/53/4 2624/46/4 2623/45/4 2615/54/4
f 2621/191/1945 2619/192/1945 2625/185/1942 2624/184/1942
f 2617/57/1946 2626/38/1946 2625/37/1946 2619/58/1946
f 2615/188/1947 2623/181/1939 2626/180/1939 2617/189/1947
f 2642/193/1948 2650/194/1949 2647/195/1949 2640/196/1948
f 2649/197/1950 2650/198/1950 2642/199/1950 2644/200/1950
f 2646/201/1951 2648/202/1952 2649/203/1952 2644/204/1951
f 2647/205/4 2648/206/4 2646/207/4 2640/208/4
f 2642/193/1953 2640/196/1953 2646/201/1953 2644/204/1953
f 2645/209/1954 2639/210/1954 2641/211/1954 2643/212/1954
f 2645/213/4 2648/206/4 2647/205/4 2639/214/4
f 2645/215/1955 2643/216/1955 2649/203/1952 2648/202/1952
f 2641/217/1956 2650/198/1956 2649/197/1956 2643/218/1956
f 2639/210/1957 2647/195/1949 2650/194/1949 2641/211/1957
f 2656/219/1905 2655/220/1905 2657/221/1905 2658/222/1905
f 2654/223/1958 2653/224/1958 2655/225/1958 2656/226/1958
f 2653/227/1886 2651/228/1886 2657/229/1886 2655/230/1886
f 2651/228/1959 2652/231/1959 2658/232/1959 2657/229/1959
f 2652/231/1892 2654/223/1892 2656/226/1892 2658/232/1892
f 2652/219/1906 2651/233/1906 2653/221/1906 2654/222/1906
f 2662/234/1960 2670/235/1961 2667/236/1961 2660/237/1960
f 2669/238/1962 2670/239/1962 2662/240/1962 2664/241/1962
f 2666/242/1963 2668/243/1964 2669/244/1964 2664/245/1963
f 2667/246/4 2668/247/4 2666/248/4 2660/249/4
f 2662/234/1965 2660/237/1965 2666/242/1965 2664/245/1965
f 2665/250/1966 2659/251/1966 2661/252/1966 2663/253/1966
f 2665/254/4 2668/247/4 2667/246/4 2659/255/4
f 2665/256/1967 2663/257/1967 2669/244/1964 2668/243/1964
f 2661/258/1968 2670/239/1968 2669/238/1968 2663/259/1968
f 2659/251/1969 2667/236/1961 2670/235/1961 2661/252/1969
f 2682/1/1970 2679/2/1970 2672/3/1970 2674/4/1970
f 2681/5/1971 2684/6/1971 2676/7/1971
f 2680/8/1972 2681/5/1972 2676/7/1972 2678/9/1972
f 2686/10/4 2687/11/4 2680/12/4 2678/13/4
f 2685/14/1973 2686/15/1973 2678/9/1974 2676/7/1974
f 2677/16/1975 2688/17/1976 2683/18/1976 2675/19/1975
f 2677/20/4 2680/12/4 2687/11/4 2688/21/4
f 2675/22/1972 2681/5/1972 2680/8/1972 2677/23/1972
f 2675/22/1971 2684/6/1971 2681/5/1971
f 2671/24/1970 2679/2/1970 2682/1/1970 2673/25/1970
f 2673/26/1977 2684/27/1977 2683/18/1977
f 2685/14/1978 2684/28/1979 2674/4/1980
f 2672/3/1981 2686/15/1973 2685/14/1973 2674/4/1981
f 2679/29/4 2687/11/4 2686/10/4 2672/30/4
f 2688/21/4 2687/11/4 2679/29/4 2671/31/4
f 2683/18/1976 2688/17/1976 2671/24/1982 2673/25/1982
f 2673/25/1983 2682/1/1984 2684/32/1984
f 2676/7/1979 2684/28/1979 2685/14/1978
f 2683/18/1977 2684/27/1977 2675/19/1985
f 2674/4/1984 2684/32/1984 2682/1/1984
