# Blender 4.3.0
# www.blender.org
mtllib Tent2Barrels1.mtl
o BarrelSmartMat.010
v 0.262185 1.772966 101.939896
v 0.412589 2.499622 101.876144
v 0.218618 2.186522 101.847549
v 0.519615 1.772966 102.127533
v 0.565031 2.499622 101.994118
v 0.681744 2.499621 102.147530
v 0.648735 1.772966 102.418755
v 0.706920 2.186522 102.334854
v 0.779146 2.499624 102.517128
v 0.630891 1.773008 102.671562
v 0.753197 2.499622 102.708138
v 0.538070 1.772966 102.876579
v 0.638541 2.186522 102.858398
v 0.560722 2.499624 103.038361
v 0.290195 1.772966 103.076675
v 0.386296 2.186522 103.111160
v 0.228922 2.499622 103.228104
v -0.024518 1.772966 103.126022
v 0.037709 2.499622 103.252472
v -0.153297 2.499622 103.226524
v -0.321742 1.772966 103.011398
v -0.303558 2.186522 103.111870
v -0.483520 2.499621 103.034050
v -0.521834 1.772966 102.763527
v -0.556322 2.186522 102.859627
v -0.673264 2.499622 102.702248
v -0.571181 1.772966 102.448814
v -0.697635 2.499622 102.511040
v -0.671687 2.499622 102.320030
v -0.488514 1.773008 102.209236
v -0.597187 2.499622 102.142250
v -0.345794 1.772966 102.035225
v -0.447547 2.186522 102.026787
v -0.325802 2.499622 101.873093
v -0.054576 1.772966 101.906105
v -0.147411 2.499624 101.800064
v 0.043802 2.499621 101.775696
v 0.232403 2.600037 101.795898
v 0.758549 2.600036 102.320961
v 0.684871 2.600036 102.885086
v 0.413076 2.600037 103.157433
v -0.330243 2.600037 103.158195
v -0.602597 2.600037 102.886406
v -0.485391 2.600037 101.989014
v 0.405995 3.113965 101.872345
v 0.227455 3.113967 101.799683
v 0.559644 3.113965 101.988739
v 0.677932 3.113966 102.140938
v 0.758549 3.013551 102.320961
v 0.779138 3.113965 102.509521
v 0.755160 3.113965 102.700783
v 0.684870 3.013551 102.885086
v 0.566098 3.113964 103.032974
v 0.413076 3.013551 103.157433
v 0.233878 3.013551 103.231880
v 0.045319 3.113966 103.252464
v -0.145944 3.113965 103.228485
v -0.324484 3.113966 103.155823
v -0.478133 3.113964 103.039429
v -0.596422 3.113966 102.887230
v -0.677039 3.013551 102.707207
v -0.697627 3.113966 102.518646
v -0.673649 3.113966 102.327385
v -0.600985 3.113966 102.148842
v -0.485391 3.013551 101.989014
v -0.332388 3.113966 101.876907
v -0.154760 3.113963 101.802040
v 0.036192 3.113966 101.775703
v 0.706920 3.427065 102.334854
v 0.638541 3.427065 102.858398
v 0.386296 3.427065 103.111160
v 0.219987 3.427065 103.180252
v -0.625410 3.427065 102.693314
v -0.447547 3.427065 102.026787
v 0.289038 3.840622 101.950981
v 0.472202 3.840580 102.081749
v 0.614490 3.840622 102.291473
v 0.651540 3.840580 102.513458
v 0.603856 3.840622 102.762367
v 0.404274 3.840622 103.010651
v 0.199444 3.840580 103.103897
v -0.053326 3.840622 103.122261
v -0.344810 3.840622 102.993736
v -0.532980 3.840622 102.736694
v -0.570030 3.840580 102.514709
v -0.522345 3.840622 102.265800
v -0.322762 3.840622 102.017517
v -0.025775 3.840622 101.902283
v 0.378880 1.894142 102.050201
v 0.101640 1.894142 101.943291
v 0.610471 1.894175 102.513496
v 0.565519 1.894142 102.281418
v 0.576341 1.894142 102.720627
v 0.401315 1.894142 102.960747
v 0.129677 1.894142 103.081184
v -0.106133 1.894175 103.064537
v -0.297370 1.894142 102.977966
v -0.484009 1.894142 102.746750
v -0.530038 1.894142 102.453201
v -0.423124 1.894142 102.175957
v -0.191913 1.894142 101.989319
v 0.128512 3.719446 101.946800
v 0.400397 3.719446 102.066681
v 0.575918 3.719418 102.306442
v 0.608039 3.719446 102.601845
v 0.488159 3.719446 102.873726
v 0.248398 3.719446 103.049248
v 0.041340 3.719413 103.083801
v -0.190835 3.719446 103.039322
v -0.422428 3.719446 102.853157
v -0.509396 3.719413 102.662102
v -0.526529 3.719446 102.426331
v -0.452925 3.719413 102.229736
v -0.298322 3.719446 102.050903
v -0.107263 3.719413 101.963936
v 0.267230 1.772986 102.000443
v 0.434302 1.773008 102.119728
v 0.564095 1.772986 102.311028
v 0.595509 1.772986 102.599899
v 0.478277 1.772986 102.865784
v 0.319816 1.773008 102.996284
v 0.101442 1.772986 103.072144
v -0.102888 1.773008 103.052376
v -0.310942 1.772986 102.951607
v -0.441448 1.773008 102.793144
v -0.517307 1.772986 102.574768
v -0.472884 1.772986 102.287605
v -0.290831 1.772986 102.061127
v -0.019932 1.772986 101.956024
v 0.371412 3.840601 102.060448
v 0.100295 3.840601 101.955894
v 0.553929 3.840601 102.286552
v 0.597886 3.840580 102.513512
v 0.564512 3.840601 102.716064
v 0.393351 3.840601 102.950882
v 0.185504 3.840580 103.052086
v -0.018785 3.840601 103.072273
v -0.289900 3.840601 102.967720
v -0.472418 3.840601 102.741615
v -0.517431 3.840601 102.454544
v -0.442020 3.840580 102.236015
v -0.311840 3.840601 102.077286
v -0.103993 3.840580 101.976082
v 0.240997 2.727852 101.763687
v 0.428391 2.727852 101.841087
v 0.428391 2.905317 101.841087
v 0.240997 2.905317 101.763687
v 0.589368 2.727852 101.964340
v 0.589368 2.905317 101.964340
v 0.712957 2.727852 102.125069
v 0.712957 2.905317 102.125069
v 0.790738 2.727852 102.312302
v 0.790738 2.905317 102.312302
v 0.817408 2.727852 102.513283
v 0.817408 2.905317 102.513283
v 0.791150 2.727852 102.714325
v 0.791150 2.905317 102.714325
v 0.713755 2.727852 102.901718
v 0.713755 2.905317 102.901718
v 0.590496 2.727852 103.062698
v 0.590496 2.905317 103.062698
v 0.429772 2.727852 103.186287
v 0.429773 2.905317 103.186287
v 0.242538 2.727852 103.264069
v 0.242538 2.905317 103.264069
v 0.041553 2.727852 103.290733
v 0.041553 2.905317 103.290733
v -0.159487 2.727852 103.264481
v -0.159487 2.905317 103.264481
v -0.346880 2.727852 103.187080
v -0.346880 2.905317 103.187080
v -0.507857 2.727852 103.063828
v -0.507857 2.905317 103.063828
v -0.631447 2.727852 102.903099
v -0.631447 2.905317 102.903099
v -0.709227 2.727852 102.715866
v -0.709227 2.905317 102.715866
v -0.735897 2.727852 102.514885
v -0.735897 2.905317 102.514885
v -0.709640 2.727852 102.313843
v -0.709640 2.905317 102.313843
v -0.632245 2.727852 102.126450
v -0.632245 2.905317 102.126450
v -0.508985 2.727852 101.965469
v -0.508985 2.905317 101.965469
v -0.348262 2.727852 101.841881
v -0.348262 2.905317 101.841881
v -0.161028 2.727852 101.764099
v -0.161028 2.905317 101.764099
v 0.039958 2.727852 101.737434
v 0.039958 2.905317 101.737434
v 0.289599 3.634136 101.870911
v 0.304891 3.806704 101.913193
v 0.577845 3.634136 102.081505
v 0.569949 3.806704 102.125763
v 0.701639 3.634352 102.336273
v 0.669776 3.806913 102.344849
v 0.726417 3.634136 102.587982
v 0.689537 3.806704 102.613693
v 0.597606 3.634136 102.920914
v 0.605209 3.806913 102.839203
v 0.429076 3.806704 103.043282
v 0.383557 3.634352 103.106430
v 0.146836 3.634136 103.195511
v 0.112455 3.806704 103.166542
v -0.208087 3.634136 103.157257
v -0.127190 3.806913 103.143448
v -0.369902 3.806704 103.026138
v -0.496334 3.634136 102.946663
v -0.523030 3.806913 102.840355
v -0.640669 3.634136 102.620163
v -0.611701 3.806704 102.585785
v -0.620492 3.634352 102.337631
v -0.588611 3.806913 102.346138
v -0.516095 3.634136 102.107254
v -0.471300 3.806704 102.103424
v -0.238077 3.634136 101.883331
v -0.197369 3.806704 101.902412
v 0.040053 3.634352 101.829697
v 0.040086 3.806913 101.862694
v 0.274723 1.810452 101.909500
v 0.319149 1.990704 101.880760
v 0.545668 1.810452 102.107483
v 0.525713 1.990500 102.028130
v 0.685438 1.990704 102.263107
v 0.661995 1.810256 102.346939
v 0.685292 1.810452 102.583603
v 0.727294 1.990500 102.513382
v 0.674080 1.990704 102.792480
v 0.564181 1.810452 102.896553
v 0.450035 1.990704 103.071838
v 0.302819 1.810452 103.107025
v 0.116322 1.990704 103.201759
v 0.041416 1.810256 103.157417
v -0.193213 1.810452 103.118668
v -0.136253 1.990500 103.177414
v -0.392069 1.990704 103.053780
v -0.464158 1.810452 102.920685
v -0.553452 1.990500 102.857964
v -0.599812 1.810452 102.613754
v -0.646917 1.990704 102.589653
v -0.580827 1.810256 102.348213
v -0.622573 1.990500 102.337074
v -0.482671 1.810452 102.131615
v -0.498937 1.990704 102.081261
v -0.221309 1.810452 101.921143
v -0.210220 1.990704 101.869400
v 0.040095 1.810256 101.870750
v 0.040050 1.990500 101.827545
v 0.227809 2.727852 101.813110
v 0.402861 2.727852 101.885406
v 0.402861 2.905317 101.885406
v 0.227809 2.905317 101.813110
v 0.553236 2.727852 102.000549
v 0.553236 2.905317 102.000549
v 0.668686 2.727852 102.150688
v 0.668686 2.905317 102.150688
v 0.741343 2.727852 102.325592
v 0.741343 2.905317 102.325592
v 0.766257 2.727852 102.513336
v 0.766257 2.905317 102.513336
v 0.741729 2.727852 102.701141
v 0.741729 2.905317 102.701141
v 0.669431 2.727852 102.876190
v 0.669431 2.905317 102.876190
v 0.554289 2.727852 103.026566
v 0.554289 2.905317 103.026566
v 0.404151 2.727852 103.142014
v 0.404151 2.905317 103.142014
v 0.229249 2.727852 103.214676
v 0.229249 2.905317 103.214676
v 0.041500 2.727852 103.239586
v 0.041500 2.905317 103.239586
v -0.146298 2.727852 103.215057
v -0.146298 2.905317 103.215057
v -0.321350 2.727852 103.142761
v -0.321350 2.905317 103.142761
v -0.471725 2.727852 103.027618
v -0.471725 2.905317 103.027618
v -0.587175 2.727852 102.877480
v -0.587175 2.905317 102.877480
v -0.659833 2.727852 102.702576
v -0.659833 2.905317 102.702576
v -0.684746 2.727852 102.514832
v -0.684746 2.905317 102.514832
v -0.660219 2.727852 102.327026
v -0.660219 2.905317 102.327026
v -0.587920 2.727852 102.151978
v -0.587920 2.905317 102.151978
v -0.472779 2.727852 102.001602
v -0.472779 2.905317 102.001602
v -0.322641 2.727852 101.886154
v -0.322641 2.905317 101.886154
v -0.147738 2.727852 101.813492
v -0.147738 2.905317 101.813492
v 0.040010 2.727852 101.788582
v 0.040010 2.905317 101.788582
v 0.204788 3.625881 101.899384
v 0.358296 3.625881 101.962784
v 0.342222 3.798442 101.990685
v 0.196485 3.798442 101.930496
v 0.490164 3.625881 102.063751
v 0.467415 3.798442 102.086548
v 0.591406 3.625881 102.195412
v 0.563532 3.798442 102.211540
v 0.655121 3.625881 102.348785
v 0.624022 3.798442 102.357155
v 0.676969 3.625881 102.513428
v 0.644764 3.798442 102.513466
v 0.655459 3.625881 102.678116
v 0.624343 3.798442 102.669815
v 0.592059 3.625881 102.831627
v 0.564152 3.798442 102.815552
v 0.491088 3.625881 102.963493
v 0.468292 3.798442 102.940742
v 0.359428 3.625881 103.064735
v 0.343297 3.798442 103.036858
v 0.206051 3.625881 103.128448
v 0.197684 3.798442 103.097351
v 0.041409 3.625881 103.150299
v 0.041376 3.798442 103.118095
v -0.123278 3.625881 103.128784
v -0.114974 3.798442 103.097672
v -0.276785 3.625881 103.065384
v -0.260712 3.798442 103.037483
v -0.408653 3.625881 102.964417
v -0.385904 3.798442 102.941620
v -0.509895 3.625881 102.832756
v -0.482021 3.798442 102.816628
v -0.573610 3.625881 102.679382
v -0.542511 3.798442 102.671013
v -0.595458 3.625881 102.514740
v -0.563253 3.798442 102.514702
v -0.573949 3.625881 102.350052
v -0.542833 3.798442 102.358353
v -0.510548 3.625881 102.196541
v -0.482641 3.798442 102.212616
v -0.409577 3.625881 102.064674
v -0.386782 3.798442 102.087425
v -0.277917 3.625881 101.963432
v -0.261786 3.798442 101.991310
v -0.124540 3.625881 101.899719
v -0.116173 3.798442 101.930817
v 0.040102 3.625881 101.877869
v 0.040135 3.798442 101.910072
v 0.194457 1.818726 101.938095
v 0.338297 1.818726 101.997505
v 0.359345 1.998971 101.960960
v 0.205330 1.998971 101.897346
v 0.461860 1.818726 102.092110
v 0.491649 1.998971 102.062263
v 0.556725 1.818726 102.215485
v 0.593225 1.998971 102.194359
v 0.616428 1.818726 102.359200
v 0.657151 1.998971 102.348244
v 0.636900 1.818726 102.513474
v 0.679071 1.998971 102.513428
v 0.616745 1.818726 102.667786
v 0.657491 1.998971 102.678658
v 0.557337 1.818726 102.811623
v 0.593880 1.998971 102.832672
v 0.462726 1.818726 102.935188
v 0.492576 1.998971 102.964981
v 0.339358 1.818726 103.030052
v 0.360481 1.998971 103.066551
v 0.195640 1.818726 103.089760
v 0.206597 1.998971 103.130478
v 0.041367 1.818726 103.110229
v 0.041411 1.998971 103.152397
v -0.112947 1.818726 103.090073
v -0.123820 1.998971 103.130821
v -0.256787 1.818726 103.030663
v -0.277835 1.998971 103.067207
v -0.380349 1.818726 102.936058
v -0.410138 1.998971 102.965904
v -0.475215 1.818726 102.812683
v -0.511715 1.998971 102.833809
v -0.534917 1.818726 102.668968
v -0.575641 1.998971 102.679924
v -0.555389 1.818726 102.514694
v -0.597560 1.998971 102.514740
v -0.535235 1.818726 102.360382
v -0.575980 1.998971 102.349510
v -0.475827 1.818726 102.216545
v -0.512370 1.998971 102.195496
v -0.381215 1.818726 102.092979
v -0.411066 1.998971 102.063187
v -0.257847 1.818726 101.998116
v -0.278970 1.998971 101.961617
v -0.114130 1.818726 101.938408
v -0.125086 1.998971 101.897690
v 0.040143 1.818726 101.917938
v 0.040100 1.998971 101.875771
vn 0.4575 -0.8887 -0.0304
vn 0.5668 -0.0881 -0.8191
vn 0.3329 -0.1908 -0.9235
vn 0.7769 -0.2494 -0.5782
vn 0.7048 -0.0835 -0.7045
vn 0.8664 -0.0863 -0.4919
vn 0.9574 -0.2599 -0.1258
vn 0.9366 -0.1805 -0.3004
vn 0.9963 -0.0865 0.0010
vn 0.8960 -0.2826 0.3426
vn 0.9609 -0.0878 0.2626
vn 0.7482 -0.2501 0.6145
vn 0.8747 -0.1805 0.4499
vn 0.7029 -0.0910 0.7055
vn 0.3570 -0.2511 0.8997
vn 0.5325 -0.1805 0.8269
vn 0.2568 -0.0921 0.9621
vn -0.1401 -0.2545 0.9569
vn -0.0021 -0.0853 0.9964
vn -0.2648 -0.0863 0.9604
vn -0.6017 -0.2463 0.7598
vn -0.4499 -0.1805 0.8747
vn -0.7049 -0.0896 0.7036
vn -0.8997 -0.2511 0.3570
vn -0.8270 -0.1804 0.5325
vn -0.9619 -0.0907 0.2578
vn -0.9578 -0.2582 -0.1262
vn -0.9964 -0.0853 -0.0021
vn -0.9610 -0.0819 -0.2641
vn -0.7768 -0.2826 -0.5628
vn -0.8602 -0.0877 -0.5023
vn -0.5637 -0.2501 -0.7872
vn -0.7284 -0.1805 -0.6609
vn -0.4957 -0.0889 -0.8639
vn -0.1120 -0.2445 -0.9631
vn -0.2577 -0.0834 -0.9626
vn 0.0072 -0.0863 -0.9962
vn 0.2630 -0.0416 -0.9639
vn 0.9650 -0.0455 -0.2581
vn 0.8649 -0.0455 0.4998
vn 0.4991 -0.0455 0.8653
vn -0.5031 -0.0416 0.8633
vn -0.8673 -0.0416 0.4961
vn -0.7061 -0.0455 -0.7067
vn 0.2498 0.0874 -0.9643
vn 0.4963 0.0834 -0.8641
vn 0.6989 0.0856 -0.7100
vn 0.8607 0.0860 -0.5018
vn 0.9640 0.0455 -0.2619
vn 0.9961 0.0878 -0.0064
vn 0.9634 0.0860 0.2537
vn 0.8668 0.0455 0.4965
vn 0.7074 0.0905 0.7010
vn 0.5006 0.0525 0.8641
vn 0.2614 0.0506 0.9639
vn 0.0082 0.0849 0.9964
vn -0.2539 0.0853 0.9635
vn -0.4909 0.0874 0.8668
vn -0.7016 0.0853 0.7074
vn -0.8609 0.0901 0.5008
vn -0.9632 0.0416 0.2654
vn -0.9961 0.0878 0.0064
vn -0.9648 0.0818 -0.2498
vn -0.8638 0.0837 -0.4968
vn -0.7088 0.0455 -0.7039
vn -0.5014 0.0878 -0.8608
vn -0.2677 0.0842 -0.9598
vn -0.0041 0.0854 -0.9963
vn 0.9614 0.1804 -0.2075
vn 0.8266 0.1804 0.5332
vn 0.4892 0.1612 0.8571
vn 0.2418 0.1681 0.9557
vn -0.9615 0.1804 0.2075
vn -0.7092 0.1674 -0.6849
vn 0.6522 0.3353 -0.6798
vn 0.6740 0.2746 -0.6858
vn 0.8871 0.2530 -0.3860
vn 0.9641 0.2654 -0.0086
vn 0.8964 0.2493 0.3665
vn 0.6227 0.2544 0.7399
vn 0.2548 0.2702 0.9285
vn -0.1225 0.2475 0.9611
vn -0.5684 0.2451 0.7854
vn -0.8782 0.2504 0.4074
vn -0.9612 0.2758 0.0083
vn -0.8962 0.2574 -0.3614
vn -0.6065 0.2506 -0.7545
vn -0.1523 0.2551 -0.9549
vn -0.2890 -0.9069 0.3065
vn -0.6086 -0.4062 0.6817
vn -0.8780 -0.4787 0.0071
vn -0.3929 -0.9088 0.1407
vn -0.2209 -0.9071 -0.3582
vn -0.3752 -0.9068 -0.1924
vn -0.0371 -0.9035 -0.4271
vn 0.1246 -0.9089 -0.3979
vn 0.2875 -0.8917 -0.3497
vn 0.4449 -0.8820 -0.1552
vn 0.4699 -0.8769 0.1013
vn 0.3513 -0.8800 0.3196
vn 0.1388 -0.8863 0.4419
vn -0.3754 0.8385 0.3950
vn -0.8340 0.5242 0.1719
vn -0.7937 0.5714 0.2085
vn -0.5773 0.5336 -0.6181
vn -0.8163 0.5768 0.0297
vn -0.6401 0.6727 -0.3710
vn -0.4537 0.7352 -0.5036
vn -0.0858 0.7953 -0.6001
vn 0.2935 0.8651 -0.4068
vn 0.4477 0.8941 -0.0106
vn 0.4352 0.8498 0.2974
vn 0.2552 0.8075 0.5318
vn -0.0273 0.7246 0.6887
vn -0.3185 0.6772 0.6633
vn -0.7902 -0.5015 0.3523
vn -0.5036 -0.4729 0.7230
vn -0.5660 -0.6070 0.5578
vn -0.7638 -0.6042 0.2268
vn -0.8005 -0.4675 -0.3751
vn -0.1358 -0.5016 -0.8544
vn -0.3990 -0.6044 -0.6896
vn -0.1004 -0.5266 -0.8442
vn 0.4039 -0.4585 -0.7916
vn 0.8356 -0.5142 -0.1935
vn 0.6688 -0.6247 -0.4031
vn 0.7818 -0.6230 -0.0247
vn 0.6691 -0.4724 0.5738
vn 0.2912 -0.4741 0.8309
vn -0.4947 0.4275 0.7566
vn -0.2409 0.8320 0.4998
vn -0.8079 0.4131 0.4204
vn -0.9154 0.3998 0.0463
vn -0.8410 0.4343 -0.3226
vn -0.5873 0.4350 -0.6825
vn -0.2224 0.3940 -0.8918
vn 0.0796 0.4194 -0.9043
vn 0.5098 0.4384 -0.7402
vn 0.8230 0.4088 -0.3944
vn 0.9120 0.4071 0.0504
vn 0.8073 0.3871 0.4455
vn 0.5959 0.4030 0.6946
vn 0.2565 0.3843 0.8869
vn 0.2498 0.2476 -0.9361
vn 0.2499 -0.2476 -0.9361
vn 0.4835 -0.2476 -0.8396
vn 0.4835 0.2476 -0.8396
vn 0.6844 -0.2476 -0.6858
vn 0.6844 0.2476 -0.6858
vn 0.8386 -0.2476 -0.4853
vn 0.8385 0.2476 -0.4853
vn 0.9356 -0.2476 -0.2518
vn 0.9356 0.2476 -0.2518
vn 0.9689 -0.2476 -0.0010
vn 0.9689 0.2476 -0.0010
vn 0.9361 -0.2476 0.2498
vn 0.9361 0.2476 0.2498
vn 0.8396 -0.2476 0.4835
vn 0.8396 0.2476 0.4835
vn 0.6858 -0.2476 0.6844
vn 0.6858 0.2476 0.6844
vn 0.4853 -0.2476 0.8386
vn 0.4853 0.2476 0.8385
vn 0.2518 -0.2476 0.9356
vn 0.2518 0.2476 0.9356
vn 0.0010 -0.2476 0.9689
vn 0.0010 0.2476 0.9689
vn -0.2498 -0.2476 0.9361
vn -0.2498 0.2476 0.9361
vn -0.4835 -0.2476 0.8396
vn -0.4835 0.2476 0.8396
vn -0.6844 -0.2476 0.6858
vn -0.6844 0.2476 0.6858
vn -0.8386 -0.2476 0.4853
vn -0.8385 0.2476 0.4853
vn -0.9356 -0.2476 0.2518
vn -0.9356 0.2476 0.2518
vn -0.9689 -0.2476 0.0010
vn -0.9689 0.2476 0.0010
vn -0.9361 -0.2476 -0.2498
vn -0.9361 0.2476 -0.2498
vn -0.8396 -0.2476 -0.4835
vn -0.8396 0.2476 -0.4835
vn -0.6858 -0.2476 -0.6844
vn -0.6858 0.2476 -0.6844
vn -0.4853 -0.2476 -0.8386
vn -0.4853 0.2476 -0.8385
vn -0.2518 -0.2476 -0.9356
vn -0.2518 0.2476 -0.9356
vn -0.0010 -0.2476 -0.9689
vn -0.0010 0.2476 -0.9689
vn 0.6250 0.4372 -0.6467
vn -0.1463 -0.3747 -0.9155
vn 0.6734 -0.0705 -0.7359
vn 0.7149 0.3833 -0.5848
vn 0.9391 -0.0628 -0.3379
vn 0.8845 0.3944 -0.2492
vn 0.9973 -0.0653 0.0339
vn 0.9159 0.3814 0.1252
vn 0.8811 -0.0656 0.4683
vn 0.8166 0.3909 0.4246
vn 0.5659 0.3746 0.7345
vn 0.2719 -0.0968 0.9574
vn 0.2822 -0.0690 0.9569
vn 0.1387 0.3788 0.9150
vn -0.2296 -0.0650 0.9711
vn -0.1988 0.3909 0.8987
vn -0.5484 0.3698 0.7500
vn -0.8111 -0.0617 0.5816
vn -0.8039 0.3885 0.4503
vn -0.9670 -0.0669 0.2458
vn -0.9138 0.3860 0.1264
vn -0.9822 -0.0628 -0.1769
vn -0.8906 0.3944 -0.2265
vn -0.8467 -0.0653 -0.5280
vn -0.7283 0.3805 -0.5699
vn -0.5365 -0.0705 -0.8409
vn -0.3798 0.3833 -0.8419
vn -0.0834 -0.0628 -0.9945
vn -0.0118 0.3944 -0.9189
vn 0.6778 0.0907 -0.7297
vn -0.1833 -0.6278 -0.7565
vn 0.6038 -0.4130 -0.6818
vn 0.6869 0.0065 -0.7267
vn 0.9249 0.0029 -0.3801
vn 0.8952 -0.4454 0.0146
vn 0.9090 -0.4143 -0.0455
vn 0.9996 0.0065 -0.0282
vn 0.9241 0.0014 0.3822
vn 0.7013 -0.3972 0.5920
vn 0.6209 0.0007 0.7839
vn 0.3165 -0.3980 0.8611
vn 0.1426 0.0022 0.9898
vn -0.2458 -0.4454 0.8609
vn -0.1914 -0.4143 0.8898
vn -0.2315 0.0065 0.9728
vn -0.5995 0.0042 0.8004
vn -0.7467 -0.4102 0.5236
vn -0.8734 0.0037 0.4869
vn -0.8785 -0.4148 0.2372
vn -0.9914 0.0120 0.1303
vn -0.8923 -0.4247 -0.1529
vn -0.9671 0.0053 -0.2543
vn -0.7801 -0.4138 -0.4693
vn -0.7836 0.0069 -0.6212
vn -0.5095 -0.4171 -0.7527
vn -0.4007 0.0087 -0.9162
vn -0.0832 -0.4247 -0.9015
vn -0.0047 0.0053 -1.0000
vn -0.0000 -1.0000 -0.0000
vn -0.0000 1.0000 -0.0000
vn 0.0350 -0.9835 -0.1774
vn 0.1396 -0.9715 -0.1917
vn -0.1192 0.9794 0.1627
vn -0.0366 0.9715 0.2343
vn 0.1247 -0.9798 -0.1564
vn -0.1489 0.9715 0.1846
vn 0.2167 -0.9715 -0.0962
vn -0.1641 0.9831 0.0812
vn 0.1686 -0.9844 -0.0504
vn -0.1739 0.9839 0.0417
vn 0.1804 -0.9835 -0.0122
vn -0.2358 0.9715 0.0253
vn 0.2213 -0.9715 0.0852
vn -0.1735 0.9831 -0.0586
vn 0.1833 -0.9798 0.0800
vn -0.1525 0.9839 -0.0935
vn 0.1490 -0.9715 0.1844
vn -0.1846 0.9715 -0.1489
vn 0.0923 -0.9844 0.1499
vn -0.0813 0.9794 -0.1846
vn 0.0584 -0.9835 0.1711
vn -0.0854 0.9715 -0.2212
vn -0.0250 -0.9715 0.2358
vn 0.0117 0.9831 -0.1827
vn -0.0298 -0.9798 0.1978
vn 0.0509 0.9839 -0.1715
vn -0.1396 -0.9715 0.1917
vn 0.0960 0.9715 -0.2168
vn -0.1247 -0.9798 0.1564
vn 0.1375 0.9831 -0.1209
vn -0.2167 -0.9715 0.0962
vn 0.1572 0.9839 -0.0853
vn -0.1862 -0.9798 0.0731
vn 0.2212 0.9715 -0.0854
vn -0.2358 -0.9715 -0.0250
vn 0.1827 0.9831 0.0117
vn -0.1713 -0.9844 -0.0407
vn 0.1715 0.9839 0.0509
vn -0.1623 -0.9835 -0.0797
vn 0.2168 0.9715 0.0960
vn -0.1490 -0.9715 -0.1844
vn 0.1263 0.9794 0.1573
vn -0.1188 -0.9798 -0.1609
vn 0.1398 0.9715 0.1916
vn -0.0368 -0.9715 -0.2342
vn 0.0360 0.9831 0.1795
vn -0.0050 -0.9844 -0.1759
vn -0.0047 0.9839 0.1788
vn -0.0358 -0.9830 0.1803
vn -0.1394 -0.9714 0.1921
vn 0.1004 0.9835 -0.1504
vn 0.0364 0.9714 -0.2345
vn -0.1265 -0.9793 0.1580
vn 0.1276 0.9844 -0.1210
vn -0.2168 -0.9714 0.0966
vn 0.1915 0.9714 -0.1401
vn -0.1721 -0.9837 0.0514
vn 0.1774 0.9835 -0.0353
vn -0.1834 -0.9830 0.0121
vn 0.1758 0.9844 0.0047
vn -0.2216 -0.9714 -0.0850
vn 0.2345 0.9714 0.0364
vn -0.1854 -0.9793 -0.0813
vn 0.1613 0.9798 0.1185
vn -0.1494 -0.9714 -0.1844
vn 0.1849 0.9714 0.1487
vn -0.1199 -0.9793 -0.1631
vn 0.0804 0.9798 0.1833
vn -0.0372 -0.9714 -0.2344
vn 0.0858 0.9714 0.2213
vn -0.0051 -0.9837 -0.1795
vn -0.0118 0.9835 0.1805
vn 0.0358 -0.9830 -0.1803
vn -0.0500 0.9844 0.1686
vn 0.1394 -0.9714 -0.1921
vn -0.0958 0.9714 0.2171
vn 0.1265 -0.9793 -0.1580
vn -0.1359 0.9835 0.1193
vn 0.2168 -0.9714 -0.0966
vn -0.1546 0.9844 0.0838
vn 0.1886 -0.9793 -0.0736
vn -0.2213 0.9714 0.0857
vn 0.2361 -0.9714 0.0247
vn -0.1805 0.9835 -0.0118
vn 0.1747 -0.9837 0.0415
vn -0.1686 0.9844 -0.0500
vn 0.1649 -0.9830 0.0813
vn -0.2171 0.9714 -0.0958
vn 0.1494 -0.9714 0.1844
vn -0.1251 0.9798 -0.1562
vn 0.1199 -0.9793 0.1631
vn -0.1401 0.9714 -0.1915
vn 0.0372 -0.9714 0.2344
vn -0.0353 0.9835 -0.1774
vn 0.0051 -0.9837 0.1795
vn 0.0047 0.9844 -0.1758
vt 0.745591 0.000000
vt 0.768298 0.140562
vt 0.729884 0.079842
vt 0.822421 0.000000
vt 0.806713 0.140563
vt 0.845128 0.140562
vt 0.899251 0.000000
vt 0.883543 0.079842
vt 0.921958 0.140563
vt 0.000000 0.140563
vt 0.000000 0.000000
vt 0.038415 0.000000
vt 0.038415 0.140563
vt 0.092538 0.000000
vt 0.076830 0.079842
vt 0.115245 0.140563
vt 0.169368 0.000000
vt 0.153660 0.079842
vt 0.192075 0.140563
vt 0.246197 0.000000
vt 0.230489 0.140563
vt 0.268904 0.140563
vt 0.323027 0.000000
vt 0.307319 0.079842
vt 0.345734 0.140562
vt 0.399857 0.000000
vt 0.384149 0.079842
vt 0.422564 0.140562
vt 0.476686 0.000000
vt 0.460979 0.140563
vt 0.499394 0.140562
vt 0.537809 0.000000
vt 0.537809 0.140562
vt 0.591932 0.000000
vt 0.576224 0.079842
vt 0.614639 0.140563
vt 0.668762 0.000000
vt 0.653054 0.140563
vt 0.691469 0.140562
vt 0.729884 0.159683
vt 0.883543 0.159683
vt 0.076830 0.159683
vt 0.153660 0.159683
vt 0.307319 0.159683
vt 0.384149 0.159683
vt 0.576224 0.159683
vt 0.729884 0.258646
vt 0.768298 0.258645
vt 0.806713 0.258645
vt 0.845128 0.258646
vt 0.883543 0.239525
vt 0.921958 0.258645
vt 0.000000 0.258645
vt 0.038415 0.258645
vt 0.076830 0.239525
vt 0.115245 0.258645
vt 0.153660 0.239525
vt 0.192075 0.239525
vt 0.230489 0.258646
vt 0.268904 0.258645
vt 0.307319 0.258646
vt 0.345734 0.258645
vt 0.384149 0.258646
vt 0.422564 0.239525
vt 0.460979 0.258646
vt 0.499394 0.258646
vt 0.537809 0.258646
vt 0.576224 0.239525
vt 0.614639 0.258646
vt 0.653054 0.258645
vt 0.691469 0.258646
vt 0.883543 0.319366
vt 0.076830 0.319366
vt 0.153660 0.319366
vt 0.192075 0.319366
vt 0.422564 0.319366
vt 0.576224 0.319366
vt 0.752591 0.399208
vt 0.806713 0.399208
vt 0.867835 0.399208
vt 0.921958 0.399208
vt 0.000000 0.399208
vt 0.061122 0.399208
vt 0.137952 0.399208
vt 0.192075 0.399208
vt 0.253196 0.399208
vt 0.330026 0.399204
vt 0.406856 0.399201
vt 0.460979 0.399208
vt 0.522102 0.399208
vt 0.598931 0.399208
vt 0.675761 0.399208
vt 0.571328 0.488533
vt 0.589073 0.550913
vt 0.475348 0.427030
vt 0.524769 0.443383
vt 0.373853 0.465613
vt 0.429515 0.432327
vt 0.342291 0.522271
vt 0.339287 0.574240
vt 0.356266 0.617140
vt 0.402825 0.662291
vt 0.465720 0.678114
vt 0.528100 0.660368
vt 0.573251 0.613809
vt 0.276453 0.579776
vt 0.246769 0.637440
vt 0.192229 0.672535
vt 0.127450 0.675660
vt 0.069786 0.645975
vt 0.034691 0.591436
vt 0.027891 0.545802
vt 0.042612 0.495871
vt 0.086209 0.447855
vt 0.128529 0.429477
vt 0.180569 0.430773
vt 0.223490 0.447702
vt 0.259371 0.485416
vt 0.277749 0.527736
vt 0.573096 0.461899
vt 0.570305 0.442998
vt 0.610956 0.510968
vt 0.597412 0.507780
vt 0.526417 0.426497
vt 0.501117 0.404459
vt 0.454857 0.412113
vt 0.437654 0.400793
vt 0.385693 0.435437
vt 0.385267 0.421529
vt 0.347669 0.470798
vt 0.330134 0.478386
vt 0.325555 0.525050
vt 0.310816 0.555192
vt 0.323672 0.576942
vt 0.346397 0.630941
vt 0.332489 0.631367
vt 0.381758 0.668965
vt 0.389346 0.686500
vt 0.436010 0.691079
vt 0.466152 0.705818
vt 0.508854 0.686451
vt 0.528401 0.692934
vt 0.569625 0.646022
vt 0.573636 0.659346
vt 0.602039 0.580624
vt 0.612175 0.590157
vt 0.290044 0.623239
vt 0.262840 0.642877
vt 0.293089 0.576449
vt 0.256513 0.668515
vt 0.200688 0.698921
vt 0.203429 0.685280
vt 0.144961 0.707226
vt 0.145682 0.695155
vt 0.083987 0.689252
vt 0.095572 0.681544
vt 0.025350 0.636016
vt 0.039237 0.635133
vt 0.002906 0.584337
vt 0.014752 0.581909
vt 0.004486 0.520789
vt 0.014930 0.529984
vt 0.040752 0.450408
vt 0.045305 0.463627
vt 0.107371 0.407621
vt 0.104786 0.421556
vt 0.163057 0.399207
vt 0.177242 0.414137
vt 0.224032 0.417181
vt 0.232191 0.434457
vt 0.282668 0.470418
vt 0.268782 0.471300
vt 0.306831 0.545840
vt 0.293267 0.524523
vt 0.000000 0.756475
vt 0.000000 0.717896
vt 0.041667 0.717896
vt 0.041667 0.756475
vt 0.083333 0.717896
vt 0.083333 0.756475
vt 0.125000 0.717896
vt 0.125000 0.756475
vt 0.166666 0.717896
vt 0.166666 0.756475
vt 0.208333 0.717896
vt 0.208333 0.756475
vt 0.250000 0.717896
vt 0.250000 0.756475
vt 0.291666 0.717896
vt 0.291666 0.756475
vt 0.333333 0.717896
vt 0.333333 0.756475
vt 0.374999 0.717896
vt 0.374999 0.756475
vt 0.416666 0.717896
vt 0.416666 0.756475
vt 0.458333 0.717896
vt 0.458333 0.756475
vt 0.499999 0.717896
vt 0.499999 0.756475
vt 0.541666 0.717896
vt 0.541666 0.756475
vt 0.583333 0.717896
vt 0.583333 0.756475
vt 0.624999 0.717896
vt 0.624999 0.756475
vt 0.666666 0.717896
vt 0.666666 0.756475
vt 0.708333 0.717896
vt 0.708333 0.756475
vt 0.750000 0.717896
vt 0.750000 0.756475
vt 0.791666 0.717896
vt 0.791666 0.756475
vt 0.833333 0.717896
vt 0.833333 0.756475
vt 0.875000 0.717896
vt 0.875000 0.756475
vt 0.916667 0.717896
vt 0.916667 0.756475
vt 0.958333 0.717896
vt 0.958333 0.756475
vt 1.000000 0.717896
vt 1.000000 0.756475
vt 0.022701 0.878038
vt 0.015983 0.843205
vt 0.093361 0.843205
vt 0.100079 0.878038
vt 0.154756 0.843205
vt 0.154756 0.878038
vt 0.209428 0.843205
vt 0.216146 0.878038
vt 0.286806 0.843205
vt 0.270823 0.878038
vt 0.332213 0.878038
vt 0.348201 0.843205
vt 0.402873 0.843205
vt 0.409591 0.878038
vt 0.480252 0.843205
vt 0.464268 0.878038
vt 0.525659 0.878038
vt 0.557630 0.843205
vt 0.580336 0.878038
vt 0.635008 0.843205
vt 0.641726 0.878038
vt 0.696403 0.843205
vt 0.696403 0.878038
vt 0.751076 0.843205
vt 0.757794 0.878038
vt 0.828454 0.843205
vt 0.835172 0.878038
vt 0.889849 0.843205
vt 0.889849 0.878038
vt 0.928538 0.843205
vt 0.928538 0.878038
vt 0.020446 0.820771
vt 0.014406 0.779689
vt 0.084099 0.779689
vt 0.069693 0.820771
vt 0.124985 0.820771
vt 0.139385 0.779689
vt 0.188638 0.779689
vt 0.174231 0.820771
vt 0.229524 0.820771
vt 0.258330 0.779689
vt 0.299217 0.820771
vt 0.328023 0.779689
vt 0.368909 0.820771
vt 0.383309 0.779689
vt 0.432562 0.779689
vt 0.418156 0.820771
vt 0.473448 0.820771
vt 0.502255 0.779689
vt 0.522695 0.820771
vt 0.571947 0.779689
vt 0.577987 0.820771
vt 0.627234 0.779689
vt 0.627234 0.820771
vt 0.676486 0.779689
vt 0.682527 0.820771
vt 0.746180 0.779689
vt 0.752220 0.820771
vt 0.801466 0.779689
vt 0.801466 0.820771
vt 0.836312 0.779689
vt 0.836312 0.820771
vt 0.000000 0.707224
vt 0.041667 0.707224
vt 0.041667 0.768669
vt 0.000000 0.768669
vt 0.083333 0.707224
vt 0.083333 0.768669
vt 0.125000 0.707224
vt 0.125000 0.768669
vt 0.166666 0.707224
vt 0.166666 0.768669
vt 0.208333 0.707224
vt 0.208333 0.768669
vt 0.250000 0.707224
vt 0.250000 0.768669
vt 0.291666 0.707224
vt 0.291666 0.768669
vt 0.333333 0.707224
vt 0.333333 0.768669
vt 0.374999 0.707224
vt 0.374999 0.768669
vt 0.416666 0.707224
vt 0.416666 0.768669
vt 0.458333 0.707224
vt 0.458333 0.768669
vt 0.499999 0.707224
vt 0.499999 0.768669
vt 0.541666 0.707224
vt 0.541666 0.768669
vt 0.583333 0.707224
vt 0.583333 0.768669
vt 0.624999 0.707224
vt 0.624999 0.768669
vt 0.666666 0.707224
vt 0.666666 0.768669
vt 0.708333 0.707224
vt 0.708333 0.768669
vt 0.750000 0.707224
vt 0.750000 0.768669
vt 0.791666 0.707224
vt 0.791666 0.768669
vt 0.833333 0.707224
vt 0.833333 0.768669
vt 0.875000 0.707224
vt 0.875000 0.768669
vt 0.916667 0.707224
vt 0.916667 0.768669
vt 0.958333 0.707224
vt 0.958333 0.768669
vt 1.000000 0.707224
vt 1.000000 0.768669
vt 0.000000 0.832182
vt 0.038689 0.832182
vt 0.038689 0.887660
vt 0.000000 0.887660
vt 0.077378 0.832182
vt 0.077378 0.887660
vt 0.116067 0.832182
vt 0.116067 0.887660
vt 0.154756 0.832182
vt 0.154756 0.887660
vt 0.193445 0.832182
vt 0.193445 0.887660
vt 0.232134 0.832182
vt 0.232134 0.887660
vt 0.270823 0.832182
vt 0.270823 0.887660
vt 0.309512 0.832182
vt 0.309512 0.887660
vt 0.348201 0.832182
vt 0.348201 0.887660
vt 0.386890 0.832182
vt 0.386890 0.887660
vt 0.425579 0.832182
vt 0.425579 0.887660
vt 0.464268 0.832182
vt 0.464268 0.887660
vt 0.502958 0.832182
vt 0.502958 0.887660
vt 0.541647 0.832182
vt 0.541647 0.887660
vt 0.580336 0.832182
vt 0.580336 0.887660
vt 0.619025 0.832182
vt 0.619025 0.887660
vt 0.657714 0.832182
vt 0.657714 0.887660
vt 0.696403 0.832182
vt 0.696403 0.887660
vt 0.735093 0.832182
vt 0.735093 0.887660
vt 0.773782 0.832182
vt 0.773782 0.887660
vt 0.812471 0.832182
vt 0.812471 0.887660
vt 0.851160 0.832182
vt 0.851160 0.887660
vt 0.889849 0.832182
vt 0.889849 0.887660
vt 0.928538 0.832182
vt 0.928538 0.887660
vt 0.034846 0.768669
vt 0.034846 0.832182
vt 0.069693 0.768669
vt 0.069693 0.832182
vt 0.104539 0.768669
vt 0.104539 0.832182
vt 0.139385 0.768669
vt 0.139385 0.832182
vt 0.174231 0.768669
vt 0.174231 0.832182
vt 0.209078 0.768669
vt 0.209078 0.832182
vt 0.243924 0.768669
vt 0.243924 0.832182
vt 0.278770 0.768669
vt 0.278770 0.832182
vt 0.313617 0.768669
vt 0.313617 0.832182
vt 0.348463 0.768669
vt 0.348463 0.832182
vt 0.383309 0.768669
vt 0.383309 0.832182
vt 0.418156 0.768669
vt 0.418156 0.832182
vt 0.453002 0.768669
vt 0.453002 0.832182
vt 0.487848 0.768669
vt 0.487848 0.832182
vt 0.522695 0.768669
vt 0.522695 0.832182
vt 0.557541 0.768669
vt 0.557541 0.832182
vt 0.592387 0.768669
vt 0.592387 0.832182
vt 0.627234 0.768669
vt 0.627234 0.832182
vt 0.662080 0.768669
vt 0.662080 0.832182
vt 0.696927 0.768669
vt 0.696927 0.832182
vt 0.731773 0.768669
vt 0.731773 0.832182
vt 0.766620 0.768669
vt 0.766620 0.832182
vt 0.801466 0.768669
vt 0.801466 0.832182
vt 0.836312 0.768669
vt 0.836312 0.832182
s 1
usemtl barrel_low_initialShadingGroup
f 1/1/1 3/3/3 2/2/2
f 2/2/2 4/4/4 1/1/1
f 4/4/4 2/2/2 5/5/5
f 4/4/4 5/5/5 6/6/6
f 6/6/6 7/7/7 4/4/4
f 7/7/7 6/6/6 8/8/8
f 7/7/7 8/8/8 9/9/9
f 9/10/9 10/12/10 7/11/7
f 10/12/10 9/10/9 11/13/11
f 11/13/11 12/14/12 10/12/10
f 12/14/12 11/13/11 13/15/13
f 12/14/12 13/15/13 14/16/14
f 14/16/14 15/17/15 12/14/12
f 15/17/15 14/16/14 16/18/16
f 15/17/15 16/18/16 17/19/17
f 17/19/17 18/20/18 15/17/15
f 18/20/18 17/19/17 19/21/19
f 18/20/18 19/21/19 20/22/20
f 20/22/20 21/23/21 18/20/18
f 21/23/21 20/22/20 22/24/22
f 21/23/21 22/24/22 23/25/23
f 23/25/23 24/26/24 21/23/21
f 24/26/24 23/25/23 25/27/25
f 24/26/24 25/27/25 26/28/26
f 26/28/26 27/29/27 24/26/24
f 27/29/27 26/28/26 28/30/28
f 27/29/27 28/30/28 29/31/29
f 29/31/29 30/32/30 27/29/27
f 30/32/30 29/31/29 31/33/31
f 31/33/31 32/34/32 30/32/30
f 32/34/32 31/33/31 33/35/33
f 32/34/32 33/35/33 34/36/34
f 34/36/34 35/37/35 32/34/32
f 35/37/35 34/36/34 36/38/36
f 35/37/35 36/38/36 37/39/37
f 37/39/37 1/1/1 35/37/35
f 1/1/1 37/39/37 3/3/3
f 38/40/38 2/2/2 3/3/3
f 8/8/8 6/6/6 39/41/39
f 39/41/39 9/9/9 8/8/8
f 13/15/13 11/13/11 40/42/40
f 40/42/40 14/16/14 13/15/13
f 16/18/16 14/16/14 41/43/41
f 41/43/41 17/19/17 16/18/16
f 22/24/22 20/22/20 42/44/42
f 42/44/42 23/25/23 22/24/22
f 25/27/25 23/25/23 43/45/43
f 43/45/43 26/28/26 25/27/25
f 33/35/33 31/33/31 44/46/44
f 44/46/44 34/36/34 33/35/33
f 3/3/3 37/39/37 38/40/38
f 46/47/45 2/2/2 38/40/38
f 2/2/2 46/47/45 45/48/46
f 45/48/46 5/5/5 2/2/2
f 5/5/5 45/48/46 47/49/47
f 47/49/47 6/6/6 5/5/5
f 6/6/6 47/49/47 48/50/48
f 48/50/48 39/41/39 6/6/6
f 39/41/39 48/50/48 49/51/49
f 49/51/49 9/9/9 39/41/39
f 9/9/9 49/51/49 50/52/50
f 50/53/50 11/13/11 9/10/9
f 11/13/11 50/53/50 51/54/51
f 51/54/51 40/42/40 11/13/11
f 40/42/40 51/54/51 52/55/52
f 52/55/52 14/16/14 40/42/40
f 14/16/14 52/55/52 53/56/53
f 53/56/53 41/43/41 14/16/14
f 41/43/41 53/56/53 54/57/54
f 54/57/54 17/19/17 41/43/41
f 17/19/17 54/57/54 55/58/55
f 55/58/55 19/21/19 17/19/17
f 19/21/19 55/58/55 56/59/56
f 56/59/56 20/22/20 19/21/19
f 20/22/20 56/59/56 57/60/57
f 57/60/57 42/44/42 20/22/20
f 42/44/42 57/60/57 58/61/58
f 58/61/58 23/25/23 42/44/42
f 23/25/23 58/61/58 59/62/59
f 59/62/59 43/45/43 23/25/23
f 43/45/43 59/62/59 60/63/60
f 60/63/60 26/28/26 43/45/43
f 26/28/26 60/63/60 61/64/61
f 61/64/61 28/30/28 26/28/26
f 28/30/28 61/64/61 62/65/62
f 62/65/62 29/31/29 28/30/28
f 29/31/29 62/65/62 63/66/63
f 63/66/63 31/33/31 29/31/29
f 31/33/31 63/66/63 64/67/64
f 64/67/64 44/46/44 31/33/31
f 44/46/44 64/67/64 65/68/65
f 65/68/65 34/36/34 44/46/44
f 34/36/34 65/68/65 66/69/66
f 66/69/66 36/38/36 34/36/34
f 36/38/36 66/69/66 67/70/67
f 67/70/67 37/39/37 36/38/36
f 37/39/37 67/70/67 68/71/68
f 68/71/68 38/40/38 37/39/37
f 38/40/38 68/71/68 46/47/45
f 49/51/49 48/50/48 69/72/69
f 69/72/69 50/52/50 49/51/49
f 52/55/52 51/54/51 70/73/70
f 70/73/70 53/56/53 52/55/52
f 54/57/54 53/56/53 71/74/71
f 71/74/71 55/58/55 54/57/54
f 55/58/55 71/74/71 72/75/72
f 72/75/72 56/59/56 55/58/55
f 61/64/61 60/63/60 73/76/73
f 73/76/73 62/65/62 61/64/61
f 65/68/65 64/67/64 74/77/74
f 74/77/74 66/69/66 65/68/65
f 75/78/75 45/48/46 46/47/45
f 75/78/75 47/49/47 45/48/46
f 47/49/47 75/78/75 76/79/76
f 76/79/76 48/50/48 47/49/47
f 48/50/48 76/79/76 77/80/77
f 77/80/77 69/72/69 48/50/48
f 77/80/77 50/52/50 69/72/69
f 50/52/50 77/80/77 78/81/78
f 78/82/78 51/54/51 50/53/50
f 51/54/51 78/82/78 79/83/79
f 79/83/79 70/73/70 51/54/51
f 79/83/79 53/56/53 70/73/70
f 53/56/53 79/83/79 80/84/80
f 80/84/80 71/74/71 53/56/53
f 80/84/80 72/75/72 71/74/71
f 72/75/72 80/84/80 81/85/81
f 81/85/81 56/59/56 72/75/72
f 56/59/56 81/85/81 82/86/82
f 82/86/82 57/60/57 56/59/56
f 82/86/82 58/61/58 57/60/57
f 58/61/58 82/86/82 83/87/83
f 83/87/83 59/62/59 58/61/58
f 83/87/83 60/63/60 59/62/59
f 60/63/60 83/87/83 84/88/84
f 84/88/84 73/76/73 60/63/60
f 84/88/84 62/65/62 73/76/73
f 62/65/62 84/88/84 85/89/85
f 85/89/85 63/66/63 62/65/62
f 63/66/63 85/89/85 86/90/86
f 86/90/86 64/67/64 63/66/63
f 86/90/86 74/77/74 64/67/64
f 74/77/74 86/90/86 87/91/87
f 87/91/87 66/69/66 74/77/74
f 87/91/87 67/70/67 66/69/66
f 67/70/67 87/91/87 88/92/88
f 88/92/88 68/71/68 67/70/67
f 88/92/88 46/47/45 68/71/68
f 46/47/45 88/92/88 75/78/75
f 89/93/89 91/95/91 90/94/90
f 92/96/92 91/95/91 89/93/89
f 94/97/93 91/95/91 93/98/94
f 95/99/95 91/95/91 94/97/93
f 96/100/96 91/95/91 95/99/95
f 97/101/97 91/95/91 96/100/96
f 98/102/98 91/95/91 97/101/97
f 99/103/99 91/95/91 98/102/98
f 100/104/100 91/95/91 99/103/99
f 101/105/101 91/95/91 100/104/100
f 90/94/90 91/95/91 101/105/101
f 102/106/102 104/108/104 103/107/103
f 105/109/105 104/108/104 106/110/106
f 106/110/106 104/108/104 107/111/107
f 107/111/107 104/108/104 108/112/108
f 108/112/108 104/108/104 109/113/109
f 109/113/109 104/108/104 110/114/110
f 110/114/110 104/108/104 111/115/111
f 111/115/111 104/108/104 112/116/112
f 112/116/112 104/108/104 113/117/113
f 113/117/113 104/108/104 114/118/114
f 114/118/114 104/108/104 115/119/115
f 115/119/115 104/108/104 102/106/102
f 117/120/116 1/122/1 4/121/4
f 1/122/1 117/120/116 116/123/117
f 4/121/4 118/124/118 117/120/116
f 118/124/118 4/121/4 7/125/7
f 7/125/7 119/126/119 118/124/118
f 119/126/119 7/125/7 10/127/10
f 120/128/120 10/127/10 12/129/12
f 10/127/10 120/128/120 119/126/119
f 121/130/121 12/129/12 15/131/15
f 12/129/12 121/130/121 120/128/120
f 15/131/15 122/132/122 121/130/121
f 122/132/122 15/131/15 18/133/18
f 18/133/18 123/134/123 122/132/122
f 124/135/124 18/133/18 21/136/21
f 18/133/18 124/135/124 123/134/123
f 125/137/125 21/136/21 24/138/24
f 21/136/21 125/137/125 124/135/124
f 24/138/24 126/139/126 125/137/125
f 126/139/126 24/138/24 27/140/27
f 27/140/27 127/141/127 126/139/126
f 127/141/127 27/140/27 30/142/30
f 128/143/128 30/142/30 32/144/32
f 30/142/30 128/143/128 127/141/127
f 129/145/129 32/144/32 35/146/35
f 32/144/32 129/145/129 128/143/128
f 116/123/117 35/146/35 1/122/1
f 35/146/35 116/123/117 129/145/129
f 75/147/75 131/149/131 130/148/130
f 130/148/130 76/150/76 75/147/75
f 130/148/130 77/151/77 76/150/76
f 77/151/77 130/148/130 132/152/132
f 132/152/132 78/153/78 77/151/77
f 78/153/78 132/152/132 133/154/133
f 133/154/133 79/155/79 78/153/78
f 79/155/79 133/154/133 134/156/134
f 134/156/134 80/157/80 79/155/79
f 80/157/80 134/156/134 135/158/135
f 135/158/135 81/159/81 80/157/80
f 81/159/81 135/158/135 136/160/136
f 136/160/136 82/161/82 81/159/81
f 82/161/82 136/160/136 137/162/137
f 137/162/137 83/163/83 82/161/82
f 83/163/83 137/162/137 138/164/138
f 138/164/138 84/165/84 83/163/83
f 84/165/84 138/164/138 139/166/139
f 139/166/139 85/167/85 84/165/84
f 85/167/85 139/166/139 140/168/140
f 140/168/140 86/169/86 85/167/85
f 86/169/86 140/168/140 141/170/141
f 141/170/141 87/171/87 86/169/86
f 87/171/87 141/170/141 142/172/142
f 142/172/142 88/173/88 87/171/87
f 88/173/88 142/172/142 143/174/143
f 88/173/88 143/174/143 131/149/131
f 131/149/131 75/147/75 88/173/88
f 116/123/117 89/93/89 90/94/90
f 89/93/89 116/123/117 117/120/116
f 92/96/92 117/120/116 118/124/118
f 117/120/116 92/96/92 89/93/89
f 91/95/91 118/124/118 119/126/119
f 118/124/118 91/95/91 92/96/92
f 119/126/119 93/98/94 91/95/91
f 93/98/94 119/126/119 120/128/120
f 120/128/120 94/97/93 93/98/94
f 94/97/93 120/128/120 121/130/121
f 95/99/95 121/130/121 122/132/122
f 121/130/121 95/99/95 94/97/93
f 96/100/96 122/132/122 123/134/123
f 122/132/122 96/100/96 95/99/95
f 97/101/97 123/134/123 124/135/124
f 123/134/123 97/101/97 96/100/96
f 98/102/98 124/135/124 125/137/125
f 124/135/124 98/102/98 97/101/97
f 98/102/98 125/137/125 126/139/126
f 126/139/126 99/103/99 98/102/98
f 99/103/99 126/139/126 127/141/127
f 127/141/127 100/104/100 99/103/99
f 100/104/100 127/141/127 128/143/128
f 128/143/128 101/105/101 100/104/100
f 101/105/101 128/143/128 129/145/129
f 129/145/129 90/94/90 101/105/101
f 90/94/90 129/145/129 116/123/117
f 102/106/102 130/148/130 131/149/131
f 130/148/130 102/106/102 103/107/103
f 103/107/103 132/152/132 130/148/130
f 132/152/132 103/107/103 104/108/104
f 104/108/104 133/154/133 132/152/132
f 133/154/133 104/108/104 105/109/105
f 105/109/105 134/156/134 133/154/133
f 134/156/134 105/109/105 106/110/106
f 106/110/106 135/158/135 134/156/134
f 135/158/135 106/110/106 107/111/107
f 107/111/107 136/160/136 135/158/135
f 107/111/107 137/162/137 136/160/136
f 137/162/137 107/111/107 108/112/108
f 137/162/137 108/112/108 109/113/109
f 109/113/109 138/164/138 137/162/137
f 138/164/138 109/113/109 110/114/110
f 110/114/110 139/166/139 138/164/138
f 139/166/139 110/114/110 111/115/111
f 111/115/111 140/168/140 139/166/139
f 140/168/140 111/115/111 112/116/112
f 112/116/112 141/170/141 140/168/140
f 141/170/141 112/116/112 113/117/113
f 113/117/113 142/172/142 141/170/141
f 142/172/142 113/117/113 114/118/114
f 114/118/114 143/174/143 142/172/142
f 143/174/143 114/118/114 115/119/115
f 115/119/115 131/149/131 143/174/143
f 131/149/131 115/119/115 102/106/102
f 147/175/144 145/177/146 144/176/145
f 145/177/146 147/175/144 146/178/147
f 146/178/147 148/179/148 145/177/146
f 148/179/148 146/178/147 149/180/149
f 149/180/149 150/181/150 148/179/148
f 150/181/150 149/180/149 151/182/151
f 151/182/151 152/183/152 150/181/150
f 152/183/152 151/182/151 153/184/153
f 153/184/153 154/185/154 152/183/152
f 154/185/154 153/184/153 155/186/155
f 155/186/155 156/187/156 154/185/154
f 156/187/156 155/186/155 157/188/157
f 157/188/157 158/189/158 156/187/156
f 158/189/158 157/188/157 159/190/159
f 159/190/159 160/191/160 158/189/158
f 160/191/160 159/190/159 161/192/161
f 161/192/161 162/193/162 160/191/160
f 162/193/162 161/192/161 163/194/163
f 163/194/163 164/195/164 162/193/162
f 164/195/164 163/194/163 165/196/165
f 165/196/165 166/197/166 164/195/164
f 166/197/166 165/196/165 167/198/167
f 167/198/167 168/199/168 166/197/166
f 168/199/168 167/198/167 169/200/169
f 169/200/169 170/201/170 168/199/168
f 170/201/170 169/200/169 171/202/171
f 171/202/171 172/203/172 170/201/170
f 172/203/172 171/202/171 173/204/173
f 173/204/173 174/205/174 172/203/172
f 174/205/174 173/204/173 175/206/175
f 175/206/175 176/207/176 174/205/174
f 176/207/176 175/206/175 177/208/177
f 177/208/177 178/209/178 176/207/176
f 178/209/178 177/208/177 179/210/179
f 179/210/179 180/211/180 178/209/178
f 180/211/180 179/210/179 181/212/181
f 181/212/181 182/213/182 180/211/180
f 182/213/182 181/212/181 183/214/183
f 183/214/183 184/215/184 182/213/182
f 184/215/184 183/214/183 185/216/185
f 185/216/185 186/217/186 184/215/184
f 186/217/186 185/216/185 187/218/187
f 187/218/187 188/219/188 186/217/186
f 188/219/188 187/218/187 189/220/189
f 189/220/189 190/221/190 188/219/188
f 190/221/190 189/220/189 191/222/191
f 191/222/191 144/223/145 190/221/190
f 144/223/145 191/222/191 147/224/144
f 193/225/192 194/227/194 192/226/193
f 194/227/194 193/225/192 195/228/195
f 195/228/195 196/229/196 194/227/194
f 196/229/196 195/228/195 197/230/197
f 197/230/197 198/231/198 196/229/196
f 198/231/198 197/230/197 199/232/199
f 199/232/199 200/233/200 198/231/198
f 200/233/200 199/232/199 201/234/201
f 200/233/200 201/234/201 202/235/202
f 202/235/202 203/236/203 200/233/200
f 202/235/202 204/237/204 203/236/203
f 204/237/204 202/235/202 205/238/205
f 205/238/205 206/239/206 204/237/204
f 206/239/206 205/238/205 207/240/207
f 206/239/206 207/240/207 208/241/208
f 208/241/208 209/242/209 206/239/206
f 209/242/209 208/241/208 210/243/210
f 210/243/210 211/244/211 209/242/209
f 211/244/211 210/243/210 212/245/212
f 212/245/212 213/246/213 211/244/211
f 213/246/213 212/245/212 214/247/214
f 214/247/214 215/248/215 213/246/213
f 215/248/215 214/247/214 216/249/216
f 216/249/216 217/250/217 215/248/215
f 217/250/217 216/249/216 218/251/218
f 218/251/218 219/252/219 217/250/217
f 219/252/219 218/251/218 220/253/220
f 220/253/220 192/254/193 219/252/219
f 192/254/193 220/253/220 193/255/192
f 222/256/221 223/258/223 221/257/222
f 223/258/223 222/256/221 224/259/224
f 223/258/223 224/259/224 225/260/225
f 225/260/225 226/261/226 223/258/223
f 225/260/225 227/262/227 226/261/226
f 227/262/227 225/260/225 228/263/228
f 227/262/227 228/263/228 229/264/229
f 229/264/229 230/265/230 227/262/227
f 230/265/230 229/264/229 231/266/231
f 231/266/231 232/267/232 230/265/230
f 232/267/232 231/266/231 233/268/233
f 233/268/233 234/269/234 232/267/232
f 233/268/233 235/270/235 234/269/234
f 235/270/235 233/268/233 236/271/236
f 235/270/235 236/271/236 237/272/237
f 237/272/237 238/273/238 235/270/235
f 238/273/238 237/272/237 239/274/239
f 239/274/239 240/275/240 238/273/238
f 240/275/240 239/274/239 241/276/241
f 241/276/241 242/277/242 240/275/240
f 242/277/242 241/276/241 243/278/243
f 243/278/243 244/279/244 242/277/242
f 244/279/244 243/278/243 245/280/245
f 245/280/245 246/281/246 244/279/244
f 246/281/246 245/280/245 247/282/247
f 247/282/247 248/283/248 246/281/246
f 248/283/248 247/282/247 249/284/249
f 249/284/249 221/285/222 248/283/248
f 221/285/222 249/284/249 222/286/221
f 144/176/145 251/288/250 250/287/250
f 251/288/250 144/176/145 145/177/146
f 146/178/147 253/290/251 252/289/251
f 253/290/251 146/178/147 147/175/144
f 145/177/146 254/291/250 251/288/250
f 254/291/250 145/177/146 148/179/148
f 149/180/149 252/289/251 255/292/251
f 252/289/251 149/180/149 146/178/147
f 148/179/148 256/293/250 254/291/250
f 256/293/250 148/179/148 150/181/150
f 151/182/151 255/292/251 257/294/251
f 255/292/251 151/182/151 149/180/149
f 150/181/150 258/295/250 256/293/250
f 258/295/250 150/181/150 152/183/152
f 153/184/153 257/294/251 259/296/251
f 257/294/251 153/184/153 151/182/151
f 152/183/152 260/297/250 258/295/250
f 260/297/250 152/183/152 154/185/154
f 155/186/155 259/296/251 261/298/251
f 259/296/251 155/186/155 153/184/153
f 154/185/154 262/299/250 260/297/250
f 262/299/250 154/185/154 156/187/156
f 157/188/157 261/298/251 263/300/251
f 261/298/251 157/188/157 155/186/155
f 156/187/156 264/301/250 262/299/250
f 264/301/250 156/187/156 158/189/158
f 159/190/159 263/300/251 265/302/251
f 263/300/251 159/190/159 157/188/157
f 158/189/158 266/303/250 264/301/250
f 266/303/250 158/189/158 160/191/160
f 161/192/161 265/302/251 267/304/251
f 265/302/251 161/192/161 159/190/159
f 160/191/160 268/305/250 266/303/250
f 268/305/250 160/191/160 162/193/162
f 163/194/163 267/304/251 269/306/251
f 267/304/251 163/194/163 161/192/161
f 162/193/162 270/307/250 268/305/250
f 270/307/250 162/193/162 164/195/164
f 165/196/165 269/306/251 271/308/251
f 269/306/251 165/196/165 163/194/163
f 164/195/164 272/309/250 270/307/250
f 272/309/250 164/195/164 166/197/166
f 167/198/167 271/308/251 273/310/251
f 271/308/251 167/198/167 165/196/165
f 166/197/166 274/311/250 272/309/250
f 274/311/250 166/197/166 168/199/168
f 169/200/169 273/310/251 275/312/251
f 273/310/251 169/200/169 167/198/167
f 168/199/168 276/313/250 274/311/250
f 276/313/250 168/199/168 170/201/170
f 171/202/171 275/312/251 277/314/251
f 275/312/251 171/202/171 169/200/169
f 170/201/170 278/315/250 276/313/250
f 278/315/250 170/201/170 172/203/172
f 173/204/173 277/314/251 279/316/251
f 277/314/251 173/204/173 171/202/171
f 172/203/172 280/317/250 278/315/250
f 280/317/250 172/203/172 174/205/174
f 175/206/175 279/316/251 281/318/251
f 279/316/251 175/206/175 173/204/173
f 174/205/174 282/319/250 280/317/250
f 282/319/250 174/205/174 176/207/176
f 177/208/177 281/318/251 283/320/251
f 281/318/251 177/208/177 175/206/175
f 176/207/176 284/321/250 282/319/250
f 284/321/250 176/207/176 178/209/178
f 179/210/179 283/320/251 285/322/251
f 283/320/251 179/210/179 177/208/177
f 178/209/178 286/323/250 284/321/250
f 286/323/250 178/209/178 180/211/180
f 181/212/181 285/322/251 287/324/251
f 285/322/251 181/212/181 179/210/179
f 180/211/180 288/325/250 286/323/250
f 288/325/250 180/211/180 182/213/182
f 183/214/183 287/324/251 289/326/251
f 287/324/251 183/214/183 181/212/181
f 182/213/182 290/327/250 288/325/250
f 290/327/250 182/213/182 184/215/184
f 185/216/185 289/326/251 291/328/251
f 289/326/251 185/216/185 183/214/183
f 184/215/184 292/329/250 290/327/250
f 292/329/250 184/215/184 186/217/186
f 187/218/187 291/328/251 293/330/251
f 291/328/251 187/218/187 185/216/185
f 186/217/186 294/331/250 292/329/250
f 294/331/250 186/217/186 188/219/188
f 189/220/189 293/330/251 295/332/251
f 293/330/251 189/220/189 187/218/187
f 188/219/188 296/333/250 294/331/250
f 296/333/250 188/219/188 190/221/190
f 191/222/191 295/332/251 297/334/251
f 295/332/251 191/222/191 189/220/189
f 190/221/190 250/335/250 296/333/250
f 250/335/250 190/221/190 144/223/145
f 147/224/144 297/334/251 253/336/251
f 297/334/251 147/224/144 191/222/191
f 192/226/193 299/338/253 298/337/252
f 193/225/192 301/340/255 300/339/254
f 192/226/193 302/341/256 299/338/253
f 302/341/256 192/226/193 194/227/194
f 195/228/195 300/339/254 303/342/257
f 300/339/254 195/228/195 193/225/192
f 194/227/194 304/343/258 302/341/256
f 195/228/195 303/342/257 305/344/259
f 194/227/194 306/345/260 304/343/258
f 306/345/260 194/227/194 196/229/196
f 197/230/197 305/344/259 307/346/261
f 305/344/259 197/230/197 195/228/195
f 196/229/196 308/347/262 306/345/260
f 308/347/262 196/229/196 198/231/198
f 199/232/199 307/346/261 309/348/263
f 307/346/261 199/232/199 197/230/197
f 198/231/198 310/349/264 308/347/262
f 199/232/199 309/348/263 311/350/265
f 198/231/198 312/351/266 310/349/264
f 312/351/266 198/231/198 200/233/200
f 201/234/201 311/350/265 313/352/267
f 311/350/265 201/234/201 199/232/199
f 200/233/200 314/353/268 312/351/266
f 202/235/202 313/352/267 315/354/269
f 313/352/267 202/235/202 201/234/201
f 200/233/200 316/355/270 314/353/268
f 316/355/270 200/233/200 203/236/203
f 202/235/202 315/354/269 317/356/271
f 203/236/203 318/357/272 316/355/270
f 318/357/272 203/236/203 204/237/204
f 205/238/205 317/356/271 319/358/273
f 317/356/271 205/238/205 202/235/202
f 204/237/204 320/359/274 318/357/272
f 205/238/205 319/358/273 321/360/275
f 204/237/204 322/361/276 320/359/274
f 322/361/276 204/237/204 206/239/206
f 207/240/207 321/360/275 323/362/277
f 321/360/275 207/240/207 205/238/205
f 206/239/206 324/363/278 322/361/276
f 208/241/208 323/362/277 325/364/279
f 323/362/277 208/241/208 207/240/207
f 206/239/206 326/365/280 324/363/278
f 326/365/280 206/239/206 209/242/209
f 208/241/208 325/364/279 327/366/281
f 209/242/209 328/367/282 326/365/280
f 210/243/210 327/366/281 329/368/283
f 327/366/281 210/243/210 208/241/208
f 209/242/209 330/369/284 328/367/282
f 330/369/284 209/242/209 211/244/211
f 212/245/212 329/368/283 331/370/285
f 329/368/283 212/245/212 210/243/210
f 211/244/211 332/371/286 330/369/284
f 212/245/212 331/370/285 333/372/287
f 211/244/211 334/373/288 332/371/286
f 334/373/288 211/244/211 213/246/213
f 214/247/214 333/372/287 335/374/289
f 333/372/287 214/247/214 212/245/212
f 213/246/213 336/375/290 334/373/288
f 336/375/290 213/246/213 215/248/215
f 216/249/216 335/374/289 337/376/291
f 335/374/289 216/249/216 214/247/214
f 215/248/215 338/377/292 336/375/290
f 216/249/216 337/376/291 339/378/293
f 215/248/215 340/379/294 338/377/292
f 340/379/294 215/248/215 217/250/217
f 218/251/218 339/378/293 341/380/295
f 339/378/293 218/251/218 216/249/216
f 217/250/217 342/381/296 340/379/294
f 218/251/218 341/380/295 343/382/297
f 217/250/217 344/383/298 342/381/296
f 344/383/298 217/250/217 219/252/219
f 220/253/220 343/382/297 345/384/299
f 343/382/297 220/253/220 218/251/218
f 219/252/219 298/385/252 344/383/298
f 298/385/252 219/252/219 192/254/193
f 193/255/192 345/384/299 301/386/255
f 345/384/299 193/255/192 220/253/220
f 221/257/222 347/387/301 346/290/300
f 222/256/221 349/337/303 348/388/302
f 221/257/222 350/389/304 347/387/301
f 350/389/304 221/257/222 223/258/223
f 224/259/224 348/388/302 351/390/305
f 348/388/302 224/259/224 222/256/221
f 223/258/223 352/391/306 350/389/304
f 225/260/225 351/390/305 353/392/307
f 351/390/305 225/260/225 224/259/224
f 223/258/223 354/393/308 352/391/306
f 354/393/308 223/258/223 226/261/226
f 225/260/225 353/392/307 355/394/309
f 226/261/226 356/395/310 354/393/308
f 356/395/310 226/261/226 227/262/227
f 228/263/228 355/394/309 357/396/311
f 355/394/309 228/263/228 225/260/225
f 227/262/227 358/397/312 356/395/310
f 229/264/229 357/396/311 359/398/313
f 357/396/311 229/264/229 228/263/228
f 227/262/227 360/399/314 358/397/312
f 360/399/314 227/262/227 230/265/230
f 229/264/229 359/398/313 361/400/315
f 230/265/230 362/401/316 360/399/314
f 231/266/231 361/400/315 363/402/317
f 361/400/315 231/266/231 229/264/229
f 230/265/230 364/403/318 362/401/316
f 364/403/318 230/265/230 232/267/232
f 231/266/231 363/402/317 365/404/319
f 232/267/232 366/405/320 364/403/318
f 233/268/233 365/404/319 367/406/321
f 365/404/319 233/268/233 231/266/231
f 232/267/232 368/407/322 366/405/320
f 368/407/322 232/267/232 234/269/234
f 233/268/233 367/406/321 369/408/323
f 234/269/234 370/409/324 368/407/322
f 370/409/324 234/269/234 235/270/235
f 236/271/236 369/408/323 371/410/325
f 369/408/323 236/271/236 233/268/233
f 235/270/235 372/411/326 370/409/324
f 237/272/237 371/410/325 373/412/327
f 371/410/325 237/272/237 236/271/236
f 235/270/235 374/413/328 372/411/326
f 374/413/328 235/270/235 238/273/238
f 237/272/237 373/412/327 375/414/329
f 238/273/238 376/415/330 374/413/328
f 239/274/239 375/414/329 377/416/331
f 375/414/329 239/274/239 237/272/237
f 238/273/238 378/417/332 376/415/330
f 378/417/332 238/273/238 240/275/240
f 241/276/241 377/416/331 379/418/333
f 377/416/331 241/276/241 239/274/239
f 240/275/240 380/419/334 378/417/332
f 241/276/241 379/418/333 381/420/335
f 240/275/240 382/421/336 380/419/334
f 382/421/336 240/275/240 242/277/242
f 243/278/243 381/420/335 383/422/337
f 381/420/335 243/278/243 241/276/241
f 242/277/242 384/423/338 382/421/336
f 384/423/338 242/277/242 244/279/244
f 245/280/245 383/422/337 385/424/339
f 383/422/337 245/280/245 243/278/243
f 244/279/244 386/425/340 384/423/338
f 245/280/245 385/424/339 387/426/341
f 244/279/244 388/427/342 386/425/340
f 388/427/342 244/279/244 246/281/246
f 247/282/247 387/426/341 389/428/343
f 387/426/341 247/282/247 245/280/245
f 246/281/246 390/429/344 388/427/342
f 247/282/247 389/428/343 391/430/345
f 246/281/246 392/431/346 390/429/344
f 392/431/346 246/281/246 248/283/248
f 249/284/249 391/430/345 393/432/347
f 391/430/345 249/284/249 247/282/247
f 248/283/248 346/433/300 392/431/346
f 346/433/300 248/283/248 221/285/222
f 222/286/221 393/432/347 349/434/303
f 393/432/347 222/286/221 249/284/249
o BarrelSmartMat.011
v 0.262185 1.772966 109.391701
v 0.412589 2.499622 109.327950
v 0.218618 2.186522 109.299355
v 0.519615 1.772966 109.579338
v 0.565031 2.499622 109.445923
v 0.681744 2.499621 109.599335
v 0.648735 1.772966 109.870560
v 0.706920 2.186522 109.786659
v 0.779146 2.499624 109.968933
v 0.630891 1.773008 110.123367
v 0.753197 2.499622 110.159943
v 0.538070 1.772966 110.328384
v 0.638541 2.186522 110.310204
v 0.560722 2.499624 110.490166
v 0.290195 1.772966 110.528481
v 0.386296 2.186522 110.562965
v 0.228922 2.499622 110.679909
v -0.024518 1.772966 110.577827
v 0.037709 2.499622 110.704277
v -0.153297 2.499622 110.678329
v -0.321742 1.772966 110.463203
v -0.303558 2.186522 110.563675
v -0.483520 2.499621 110.485855
v -0.521834 1.772966 110.215332
v -0.556322 2.186522 110.311432
v -0.673264 2.499622 110.154053
v -0.571181 1.772966 109.900620
v -0.697635 2.499622 109.962845
v -0.671687 2.499622 109.771835
v -0.488514 1.773008 109.661041
v -0.597187 2.499622 109.594055
v -0.345794 1.772966 109.487030
v -0.447547 2.186522 109.478592
v -0.325802 2.499622 109.324898
v -0.054576 1.772966 109.357910
v -0.147411 2.499624 109.251869
v 0.043802 2.499621 109.227501
v 0.232403 2.600037 109.247704
v 0.758549 2.600036 109.772766
v 0.684871 2.600036 110.336891
v 0.413076 2.600037 110.609238
v -0.330243 2.600037 110.610001
v -0.602597 2.600037 110.338211
v -0.485391 2.600037 109.440819
v 0.405995 3.113965 109.324150
v 0.227455 3.113967 109.251488
v 0.559644 3.113965 109.440544
v 0.677932 3.113966 109.592743
v 0.758549 3.013551 109.772766
v 0.779138 3.113965 109.961327
v 0.755160 3.113965 110.152588
v 0.684870 3.013551 110.336891
v 0.566098 3.113964 110.484779
v 0.413076 3.013551 110.609238
v 0.233878 3.013551 110.683685
v 0.045319 3.113966 110.704269
v -0.145944 3.113965 110.680290
v -0.324484 3.113966 110.607628
v -0.478133 3.113964 110.491234
v -0.596422 3.113966 110.339035
v -0.677039 3.013551 110.159012
v -0.697627 3.113966 109.970451
v -0.673649 3.113966 109.779190
v -0.600985 3.113966 109.600647
v -0.485391 3.013551 109.440819
v -0.332388 3.113966 109.328712
v -0.154760 3.113963 109.253845
v 0.036192 3.113966 109.227509
v 0.706920 3.427065 109.786659
v 0.638541 3.427065 110.310204
v 0.386296 3.427065 110.562965
v 0.219987 3.427065 110.632057
v -0.625410 3.427065 110.145119
v -0.447547 3.427065 109.478592
v 0.289038 3.840622 109.402786
v 0.472202 3.840580 109.533554
v 0.614490 3.840622 109.743279
v 0.651540 3.840580 109.965263
v 0.603856 3.840622 110.214172
v 0.404274 3.840622 110.462456
v 0.199444 3.840580 110.555702
v -0.053326 3.840622 110.574066
v -0.344810 3.840622 110.445541
v -0.532980 3.840622 110.188499
v -0.570030 3.840580 109.966515
v -0.522345 3.840622 109.717606
v -0.322762 3.840622 109.469322
v -0.025775 3.840622 109.354088
v 0.378880 1.894142 109.502007
v 0.101640 1.894142 109.395096
v 0.610471 1.894175 109.965302
v 0.565519 1.894142 109.733223
v 0.576341 1.894142 110.172432
v 0.401315 1.894142 110.412552
v 0.129677 1.894142 110.532990
v -0.106133 1.894175 110.516342
v -0.297370 1.894142 110.429771
v -0.484009 1.894142 110.198555
v -0.530038 1.894142 109.905006
v -0.423124 1.894142 109.627762
v -0.191913 1.894142 109.441124
v 0.128512 3.719446 109.398605
v 0.400397 3.719446 109.518486
v 0.575918 3.719418 109.758247
v 0.608039 3.719446 110.053650
v 0.488159 3.719446 110.325531
v 0.248398 3.719446 110.501053
v 0.041340 3.719413 110.535606
v -0.190835 3.719446 110.491127
v -0.422428 3.719446 110.304962
v -0.509396 3.719413 110.113907
v -0.526529 3.719446 109.878136
v -0.452925 3.719413 109.681541
v -0.298322 3.719446 109.502708
v -0.107263 3.719413 109.415741
v 0.267230 1.772986 109.452248
v 0.434302 1.773008 109.571533
v 0.564095 1.772986 109.762833
v 0.595509 1.772986 110.051704
v 0.478277 1.772986 110.317589
v 0.319816 1.773008 110.448090
v 0.101442 1.772986 110.523949
v -0.102888 1.773008 110.504181
v -0.310942 1.772986 110.403412
v -0.441448 1.773008 110.244949
v -0.517307 1.772986 110.026573
v -0.472884 1.772986 109.739410
v -0.290831 1.772986 109.512932
v -0.019932 1.772986 109.407829
v 0.371412 3.840601 109.512253
v 0.100295 3.840601 109.407700
v 0.553929 3.840601 109.738358
v 0.597886 3.840580 109.965317
v 0.564512 3.840601 110.167870
v 0.393351 3.840601 110.402687
v 0.185504 3.840580 110.503891
v -0.018785 3.840601 110.524078
v -0.289900 3.840601 110.419525
v -0.472418 3.840601 110.193420
v -0.517431 3.840601 109.906349
v -0.442020 3.840580 109.687820
v -0.311840 3.840601 109.529091
v -0.103993 3.840580 109.427887
v 0.240997 2.727852 109.215492
v 0.428391 2.727852 109.292892
v 0.428391 2.905317 109.292892
v 0.240997 2.905317 109.215492
v 0.589368 2.727852 109.416145
v 0.589368 2.905317 109.416145
v 0.712957 2.727852 109.576874
v 0.712957 2.905317 109.576874
v 0.790738 2.727852 109.764107
v 0.790738 2.905317 109.764107
v 0.817408 2.727852 109.965088
v 0.817408 2.905317 109.965088
v 0.791150 2.727852 110.166130
v 0.791150 2.905317 110.166130
v 0.713755 2.727852 110.353523
v 0.713755 2.905317 110.353523
v 0.590496 2.727852 110.514503
v 0.590496 2.905317 110.514503
v 0.429772 2.727852 110.638092
v 0.429773 2.905317 110.638092
v 0.242538 2.727852 110.715874
v 0.242538 2.905317 110.715874
v 0.041553 2.727852 110.742538
v 0.041553 2.905317 110.742538
v -0.159487 2.727852 110.716286
v -0.159487 2.905317 110.716286
v -0.346880 2.727852 110.638885
v -0.346880 2.905317 110.638885
v -0.507857 2.727852 110.515633
v -0.507857 2.905317 110.515633
v -0.631447 2.727852 110.354904
v -0.631447 2.905317 110.354904
v -0.709227 2.727852 110.167671
v -0.709227 2.905317 110.167671
v -0.735897 2.727852 109.966690
v -0.735897 2.905317 109.966690
v -0.709640 2.727852 109.765648
v -0.709640 2.905317 109.765648
v -0.632245 2.727852 109.578255
v -0.632245 2.905317 109.578255
v -0.508985 2.727852 109.417274
v -0.508985 2.905317 109.417274
v -0.348262 2.727852 109.293686
v -0.348262 2.905317 109.293686
v -0.161028 2.727852 109.215904
v -0.161028 2.905317 109.215904
v 0.039958 2.727852 109.189240
v 0.039958 2.905317 109.189240
v 0.289599 3.634136 109.322716
v 0.304891 3.806704 109.364998
v 0.577845 3.634136 109.533310
v 0.569949 3.806704 109.577568
v 0.701639 3.634352 109.788078
v 0.669776 3.806913 109.796654
v 0.726417 3.634136 110.039787
v 0.689537 3.806704 110.065498
v 0.597606 3.634136 110.372719
v 0.605209 3.806913 110.291008
v 0.429076 3.806704 110.495087
v 0.383557 3.634352 110.558235
v 0.146836 3.634136 110.647316
v 0.112455 3.806704 110.618347
v -0.208087 3.634136 110.609062
v -0.127190 3.806913 110.595253
v -0.369902 3.806704 110.477943
v -0.496334 3.634136 110.398468
v -0.523030 3.806913 110.292160
v -0.640669 3.634136 110.071968
v -0.611701 3.806704 110.037590
v -0.620492 3.634352 109.789436
v -0.588611 3.806913 109.797943
v -0.516095 3.634136 109.559059
v -0.471300 3.806704 109.555229
v -0.238077 3.634136 109.335136
v -0.197369 3.806704 109.354218
v 0.040053 3.634352 109.281502
v 0.040086 3.806913 109.314499
v 0.274723 1.810452 109.361305
v 0.319149 1.990704 109.332565
v 0.545668 1.810452 109.559288
v 0.525713 1.990500 109.479935
v 0.685438 1.990704 109.714912
v 0.661995 1.810256 109.798744
v 0.685292 1.810452 110.035408
v 0.727294 1.990500 109.965187
v 0.674080 1.990704 110.244286
v 0.564181 1.810452 110.348358
v 0.450035 1.990704 110.523643
v 0.302819 1.810452 110.558830
v 0.116322 1.990704 110.653564
v 0.041416 1.810256 110.609222
v -0.193213 1.810452 110.570473
v -0.136253 1.990500 110.629219
v -0.392069 1.990704 110.505585
v -0.464158 1.810452 110.372490
v -0.553452 1.990500 110.309769
v -0.599812 1.810452 110.065559
v -0.646917 1.990704 110.041458
v -0.580827 1.810256 109.800018
v -0.622573 1.990500 109.788879
v -0.482671 1.810452 109.583420
v -0.498937 1.990704 109.533066
v -0.221309 1.810452 109.372948
v -0.210220 1.990704 109.321205
v 0.040095 1.810256 109.322556
v 0.040050 1.990500 109.279350
v 0.227809 2.727852 109.264915
v 0.402861 2.727852 109.337212
v 0.402861 2.905317 109.337212
v 0.227809 2.905317 109.264915
v 0.553236 2.727852 109.452354
v 0.553236 2.905317 109.452354
v 0.668686 2.727852 109.602493
v 0.668686 2.905317 109.602493
v 0.741343 2.727852 109.777397
v 0.741343 2.905317 109.777397
v 0.766257 2.727852 109.965141
v 0.766257 2.905317 109.965141
v 0.741729 2.727852 110.152946
v 0.741729 2.905317 110.152946
v 0.669431 2.727852 110.327995
v 0.669431 2.905317 110.327995
v 0.554289 2.727852 110.478371
v 0.554289 2.905317 110.478371
v 0.404151 2.727852 110.593819
v 0.404151 2.905317 110.593819
v 0.229249 2.727852 110.666473
v 0.229249 2.905317 110.666473
v 0.041500 2.727852 110.691391
v 0.041500 2.905317 110.691391
v -0.146298 2.727852 110.666862
v -0.146298 2.905317 110.666862
v -0.321350 2.727852 110.594566
v -0.321350 2.905317 110.594566
v -0.471725 2.727852 110.479424
v -0.471725 2.905317 110.479424
v -0.587175 2.727852 110.329285
v -0.587175 2.905317 110.329285
v -0.659833 2.727852 110.154381
v -0.659833 2.905317 110.154381
v -0.684746 2.727852 109.966637
v -0.684746 2.905317 109.966637
v -0.660219 2.727852 109.778831
v -0.660219 2.905317 109.778831
v -0.587920 2.727852 109.603783
v -0.587920 2.905317 109.603783
v -0.472779 2.727852 109.453407
v -0.472779 2.905317 109.453407
v -0.322641 2.727852 109.337959
v -0.322641 2.905317 109.337959
v -0.147738 2.727852 109.265305
v -0.147738 2.905317 109.265305
v 0.040010 2.727852 109.240387
v 0.040010 2.905317 109.240387
v 0.204788 3.625881 109.351189
v 0.358296 3.625881 109.414589
v 0.342222 3.798442 109.442490
v 0.196485 3.798442 109.382301
v 0.490164 3.625881 109.515556
v 0.467415 3.798442 109.538353
v 0.591406 3.625881 109.647217
v 0.563532 3.798442 109.663345
v 0.655121 3.625881 109.800591
v 0.624022 3.798442 109.808960
v 0.676969 3.625881 109.965233
v 0.644764 3.798442 109.965271
v 0.655459 3.625881 110.129921
v 0.624343 3.798442 110.121620
v 0.592059 3.625881 110.283432
v 0.564152 3.798442 110.267357
v 0.491088 3.625881 110.415298
v 0.468292 3.798442 110.392548
v 0.359428 3.625881 110.516541
v 0.343297 3.798442 110.488663
v 0.206051 3.625881 110.580254
v 0.197684 3.798442 110.549156
v 0.041409 3.625881 110.602104
v 0.041376 3.798442 110.569901
v -0.123278 3.625881 110.580589
v -0.114974 3.798442 110.549477
v -0.276785 3.625881 110.517189
v -0.260712 3.798442 110.489288
v -0.408653 3.625881 110.416222
v -0.385904 3.798442 110.393425
v -0.509895 3.625881 110.284561
v -0.482021 3.798442 110.268433
v -0.573610 3.625881 110.131187
v -0.542511 3.798442 110.122818
v -0.595458 3.625881 109.966545
v -0.563253 3.798442 109.966507
v -0.573949 3.625881 109.801857
v -0.542833 3.798442 109.810158
v -0.510548 3.625881 109.648346
v -0.482641 3.798442 109.664421
v -0.409577 3.625881 109.516479
v -0.386782 3.798442 109.539230
v -0.277917 3.625881 109.415237
v -0.261786 3.798442 109.443115
v -0.124540 3.625881 109.351524
v -0.116173 3.798442 109.382622
v 0.040102 3.625881 109.329674
v 0.040135 3.798442 109.361877
v 0.194457 1.818726 109.389900
v 0.338297 1.818726 109.449310
v 0.359345 1.998971 109.412766
v 0.205330 1.998971 109.349152
v 0.461860 1.818726 109.543915
v 0.491649 1.998971 109.514069
v 0.556725 1.818726 109.667290
v 0.593225 1.998971 109.646164
v 0.616428 1.818726 109.811005
v 0.657151 1.998971 109.800049
v 0.636900 1.818726 109.965279
v 0.679071 1.998971 109.965233
v 0.616745 1.818726 110.119591
v 0.657491 1.998971 110.130463
v 0.557337 1.818726 110.263428
v 0.593880 1.998971 110.284477
v 0.462726 1.818726 110.386993
v 0.492576 1.998971 110.416786
v 0.339358 1.818726 110.481857
v 0.360481 1.998971 110.518356
v 0.195640 1.818726 110.541565
v 0.206597 1.998971 110.582283
v 0.041367 1.818726 110.562035
v 0.041411 1.998971 110.604202
v -0.112947 1.818726 110.541878
v -0.123820 1.998971 110.582626
v -0.256787 1.818726 110.482468
v -0.277835 1.998971 110.519012
v -0.380349 1.818726 110.387863
v -0.410138 1.998971 110.417709
v -0.475215 1.818726 110.264488
v -0.511715 1.998971 110.285614
v -0.534917 1.818726 110.120773
v -0.575641 1.998971 110.131729
v -0.555389 1.818726 109.966499
v -0.597560 1.998971 109.966545
v -0.535235 1.818726 109.812187
v -0.575980 1.998971 109.801315
v -0.475827 1.818726 109.668350
v -0.512370 1.998971 109.647301
v -0.381215 1.818726 109.544785
v -0.411066 1.998971 109.514992
v -0.257847 1.818726 109.449921
v -0.278970 1.998971 109.413422
v -0.114130 1.818726 109.390213
v -0.125086 1.998971 109.349495
v 0.040143 1.818726 109.369743
v 0.040100 1.998971 109.327576
vn 0.4575 -0.8887 -0.0304
vn 0.5668 -0.0881 -0.8191
vn 0.3329 -0.1908 -0.9235
vn 0.7769 -0.2494 -0.5782
vn 0.7048 -0.0835 -0.7045
vn 0.8664 -0.0863 -0.4919
vn 0.9574 -0.2599 -0.1258
vn 0.9366 -0.1805 -0.3004
vn 0.9963 -0.0865 0.0010
vn 0.8960 -0.2826 0.3426
vn 0.9609 -0.0878 0.2626
vn 0.7482 -0.2501 0.6145
vn 0.8747 -0.1805 0.4499
vn 0.7029 -0.0910 0.7055
vn 0.3570 -0.2511 0.8997
vn 0.5325 -0.1805 0.8269
vn 0.2568 -0.0921 0.9621
vn -0.1401 -0.2545 0.9569
vn -0.0021 -0.0853 0.9964
vn -0.2648 -0.0863 0.9604
vn -0.6017 -0.2463 0.7598
vn -0.4499 -0.1805 0.8747
vn -0.7049 -0.0896 0.7036
vn -0.8997 -0.2511 0.3570
vn -0.8270 -0.1804 0.5325
vn -0.9619 -0.0907 0.2578
vn -0.9578 -0.2582 -0.1262
vn -0.9964 -0.0853 -0.0021
vn -0.9610 -0.0819 -0.2641
vn -0.7768 -0.2826 -0.5628
vn -0.8602 -0.0877 -0.5023
vn -0.5637 -0.2501 -0.7872
vn -0.7284 -0.1805 -0.6609
vn -0.4957 -0.0889 -0.8639
vn -0.1120 -0.2445 -0.9631
vn -0.2577 -0.0834 -0.9626
vn 0.0072 -0.0863 -0.9962
vn 0.2630 -0.0416 -0.9639
vn 0.9650 -0.0455 -0.2581
vn 0.8649 -0.0455 0.4998
vn 0.4991 -0.0455 0.8653
vn -0.5031 -0.0416 0.8633
vn -0.8673 -0.0416 0.4961
vn -0.7061 -0.0455 -0.7067
vn 0.2498 0.0874 -0.9643
vn 0.4963 0.0834 -0.8641
vn 0.6989 0.0856 -0.7100
vn 0.8607 0.0860 -0.5018
vn 0.9640 0.0455 -0.2619
vn 0.9961 0.0878 -0.0064
vn 0.9634 0.0860 0.2537
vn 0.8668 0.0455 0.4965
vn 0.7074 0.0905 0.7010
vn 0.5006 0.0525 0.8641
vn 0.2614 0.0506 0.9639
vn 0.0082 0.0849 0.9964
vn -0.2539 0.0853 0.9635
vn -0.4909 0.0874 0.8668
vn -0.7016 0.0853 0.7074
vn -0.8609 0.0901 0.5008
vn -0.9632 0.0416 0.2654
vn -0.9961 0.0878 0.0064
vn -0.9648 0.0818 -0.2498
vn -0.8638 0.0837 -0.4968
vn -0.7088 0.0455 -0.7039
vn -0.5014 0.0878 -0.8608
vn -0.2677 0.0842 -0.9598
vn -0.0041 0.0854 -0.9963
vn 0.9614 0.1804 -0.2075
vn 0.8266 0.1804 0.5332
vn 0.4892 0.1612 0.8571
vn 0.2418 0.1681 0.9557
vn -0.9615 0.1804 0.2075
vn -0.7092 0.1674 -0.6849
vn 0.6522 0.3353 -0.6798
vn 0.6740 0.2746 -0.6858
vn 0.8871 0.2530 -0.3860
vn 0.9641 0.2654 -0.0086
vn 0.8964 0.2493 0.3665
vn 0.6227 0.2544 0.7399
vn 0.2548 0.2702 0.9285
vn -0.1225 0.2475 0.9611
vn -0.5684 0.2451 0.7854
vn -0.8782 0.2504 0.4074
vn -0.9612 0.2758 0.0083
vn -0.8962 0.2574 -0.3614
vn -0.6065 0.2506 -0.7545
vn -0.1523 0.2551 -0.9549
vn -0.2890 -0.9069 0.3065
vn -0.6086 -0.4062 0.6817
vn -0.8780 -0.4787 0.0071
vn -0.3929 -0.9088 0.1407
vn -0.2209 -0.9071 -0.3582
vn -0.3752 -0.9068 -0.1924
vn -0.0371 -0.9035 -0.4271
vn 0.1246 -0.9089 -0.3979
vn 0.2875 -0.8917 -0.3497
vn 0.4449 -0.8820 -0.1552
vn 0.4699 -0.8769 0.1013
vn 0.3513 -0.8800 0.3196
vn 0.1388 -0.8863 0.4419
vn -0.3754 0.8385 0.3950
vn -0.8340 0.5242 0.1719
vn -0.7937 0.5714 0.2085
vn -0.5773 0.5336 -0.6181
vn -0.8163 0.5768 0.0297
vn -0.6401 0.6727 -0.3710
vn -0.4537 0.7352 -0.5036
vn -0.0858 0.7953 -0.6001
vn 0.2935 0.8651 -0.4068
vn 0.4477 0.8941 -0.0106
vn 0.4352 0.8498 0.2974
vn 0.2552 0.8075 0.5318
vn -0.0273 0.7246 0.6887
vn -0.3185 0.6772 0.6633
vn -0.7902 -0.5015 0.3523
vn -0.5036 -0.4729 0.7230
vn -0.5660 -0.6070 0.5578
vn -0.7638 -0.6042 0.2268
vn -0.8005 -0.4675 -0.3751
vn -0.1358 -0.5016 -0.8544
vn -0.3990 -0.6044 -0.6896
vn -0.1004 -0.5266 -0.8442
vn 0.4039 -0.4585 -0.7916
vn 0.8356 -0.5142 -0.1935
vn 0.6688 -0.6247 -0.4031
vn 0.7818 -0.6230 -0.0247
vn 0.6691 -0.4724 0.5738
vn 0.2912 -0.4741 0.8309
vn -0.4947 0.4275 0.7566
vn -0.2409 0.8320 0.4998
vn -0.8079 0.4131 0.4204
vn -0.9154 0.3998 0.0463
vn -0.8410 0.4343 -0.3226
vn -0.5873 0.4350 -0.6825
vn -0.2224 0.3940 -0.8918
vn 0.0796 0.4194 -0.9043
vn 0.5098 0.4384 -0.7402
vn 0.8230 0.4088 -0.3944
vn 0.9120 0.4071 0.0504
vn 0.8073 0.3871 0.4455
vn 0.5959 0.4030 0.6946
vn 0.2565 0.3843 0.8869
vn 0.2498 0.2476 -0.9361
vn 0.2499 -0.2476 -0.9361
vn 0.4835 -0.2476 -0.8396
vn 0.4835 0.2476 -0.8396
vn 0.6844 -0.2476 -0.6858
vn 0.6844 0.2476 -0.6858
vn 0.8386 -0.2476 -0.4853
vn 0.8385 0.2476 -0.4853
vn 0.9356 -0.2476 -0.2518
vn 0.9356 0.2476 -0.2518
vn 0.9689 -0.2476 -0.0010
vn 0.9689 0.2476 -0.0010
vn 0.9361 -0.2476 0.2498
vn 0.9361 0.2476 0.2498
vn 0.8396 -0.2476 0.4835
vn 0.8396 0.2476 0.4835
vn 0.6858 -0.2476 0.6844
vn 0.6858 0.2476 0.6844
vn 0.4853 -0.2476 0.8386
vn 0.4853 0.2476 0.8385
vn 0.2518 -0.2476 0.9356
vn 0.2518 0.2476 0.9356
vn 0.0010 -0.2476 0.9689
vn 0.0010 0.2476 0.9689
vn -0.2498 -0.2476 0.9361
vn -0.2498 0.2476 0.9361
vn -0.4835 -0.2476 0.8396
vn -0.4835 0.2476 0.8396
vn -0.6844 -0.2476 0.6858
vn -0.6844 0.2476 0.6858
vn -0.8386 -0.2476 0.4853
vn -0.8385 0.2476 0.4853
vn -0.9356 -0.2476 0.2518
vn -0.9356 0.2476 0.2518
vn -0.9689 -0.2476 0.0010
vn -0.9689 0.2476 0.0010
vn -0.9361 -0.2476 -0.2498
vn -0.9361 0.2476 -0.2498
vn -0.8396 -0.2476 -0.4835
vn -0.8396 0.2476 -0.4835
vn -0.6858 -0.2476 -0.6844
vn -0.6858 0.2476 -0.6844
vn -0.4853 -0.2476 -0.8386
vn -0.4853 0.2476 -0.8385
vn -0.2518 -0.2476 -0.9356
vn -0.2518 0.2476 -0.9356
vn -0.0010 -0.2476 -0.9689
vn -0.0010 0.2476 -0.9689
vn 0.6250 0.4372 -0.6467
vn -0.1463 -0.3747 -0.9155
vn 0.6734 -0.0705 -0.7359
vn 0.7149 0.3833 -0.5848
vn 0.9391 -0.0628 -0.3379
vn 0.8845 0.3944 -0.2492
vn 0.9973 -0.0653 0.0339
vn 0.9159 0.3814 0.1252
vn 0.8811 -0.0656 0.4683
vn 0.8166 0.3909 0.4246
vn 0.5659 0.3746 0.7345
vn 0.2719 -0.0968 0.9574
vn 0.2822 -0.0690 0.9569
vn 0.1387 0.3788 0.9150
vn -0.2296 -0.0650 0.9711
vn -0.1988 0.3909 0.8987
vn -0.5484 0.3698 0.7500
vn -0.8111 -0.0617 0.5816
vn -0.8039 0.3885 0.4503
vn -0.9670 -0.0669 0.2458
vn -0.9138 0.3860 0.1264
vn -0.9822 -0.0628 -0.1769
vn -0.8906 0.3944 -0.2265
vn -0.8467 -0.0653 -0.5280
vn -0.7283 0.3805 -0.5699
vn -0.5365 -0.0705 -0.8409
vn -0.3798 0.3833 -0.8419
vn -0.0834 -0.0628 -0.9945
vn -0.0118 0.3944 -0.9189
vn 0.6778 0.0907 -0.7297
vn -0.1833 -0.6278 -0.7565
vn 0.6038 -0.4130 -0.6818
vn 0.6869 0.0065 -0.7267
vn 0.9249 0.0029 -0.3801
vn 0.8952 -0.4454 0.0146
vn 0.9090 -0.4143 -0.0455
vn 0.9996 0.0065 -0.0282
vn 0.9241 0.0014 0.3822
vn 0.7013 -0.3972 0.5920
vn 0.6209 0.0007 0.7839
vn 0.3165 -0.3980 0.8611
vn 0.1426 0.0022 0.9898
vn -0.2458 -0.4454 0.8609
vn -0.1914 -0.4143 0.8898
vn -0.2315 0.0065 0.9728
vn -0.5995 0.0042 0.8004
vn -0.7467 -0.4102 0.5236
vn -0.8734 0.0037 0.4869
vn -0.8785 -0.4148 0.2372
vn -0.9914 0.0120 0.1303
vn -0.8923 -0.4247 -0.1529
vn -0.9671 0.0053 -0.2543
vn -0.7801 -0.4138 -0.4693
vn -0.7836 0.0069 -0.6212
vn -0.5095 -0.4171 -0.7527
vn -0.4007 0.0087 -0.9162
vn -0.0832 -0.4247 -0.9015
vn -0.0047 0.0053 -1.0000
vn -0.0000 -1.0000 -0.0000
vn -0.0000 1.0000 -0.0000
vn 0.0350 -0.9835 -0.1774
vn 0.1396 -0.9715 -0.1917
vn -0.1192 0.9794 0.1627
vn -0.0366 0.9715 0.2343
vn 0.1247 -0.9798 -0.1564
vn -0.1489 0.9715 0.1846
vn 0.2167 -0.9715 -0.0962
vn -0.1641 0.9831 0.0812
vn 0.1686 -0.9844 -0.0504
vn -0.1739 0.9839 0.0417
vn 0.1804 -0.9835 -0.0122
vn -0.2358 0.9715 0.0253
vn 0.2213 -0.9715 0.0852
vn -0.1735 0.9831 -0.0586
vn 0.1833 -0.9798 0.0800
vn -0.1525 0.9839 -0.0935
vn 0.1490 -0.9715 0.1844
vn -0.1846 0.9715 -0.1489
vn 0.0923 -0.9844 0.1499
vn -0.0813 0.9794 -0.1846
vn 0.0584 -0.9835 0.1711
vn -0.0854 0.9715 -0.2212
vn -0.0250 -0.9715 0.2358
vn 0.0117 0.9831 -0.1827
vn -0.0298 -0.9798 0.1978
vn 0.0509 0.9839 -0.1715
vn -0.1396 -0.9715 0.1917
vn 0.0960 0.9715 -0.2168
vn -0.1247 -0.9798 0.1564
vn 0.1375 0.9831 -0.1209
vn -0.2167 -0.9715 0.0962
vn 0.1572 0.9839 -0.0853
vn -0.1862 -0.9798 0.0731
vn 0.2212 0.9715 -0.0854
vn -0.2358 -0.9715 -0.0250
vn 0.1827 0.9831 0.0117
vn -0.1713 -0.9844 -0.0407
vn 0.1715 0.9839 0.0509
vn -0.1623 -0.9835 -0.0797
vn 0.2168 0.9715 0.0960
vn -0.1490 -0.9715 -0.1844
vn 0.1263 0.9794 0.1573
vn -0.1188 -0.9798 -0.1609
vn 0.1398 0.9715 0.1916
vn -0.0368 -0.9715 -0.2342
vn 0.0360 0.9831 0.1795
vn -0.0050 -0.9844 -0.1759
vn -0.0047 0.9839 0.1788
vn -0.0358 -0.9830 0.1803
vn -0.1394 -0.9714 0.1921
vn 0.1004 0.9835 -0.1504
vn 0.0364 0.9714 -0.2345
vn -0.1265 -0.9793 0.1580
vn 0.1276 0.9844 -0.1210
vn -0.2168 -0.9714 0.0966
vn 0.1915 0.9714 -0.1401
vn -0.1721 -0.9837 0.0514
vn 0.1774 0.9835 -0.0353
vn -0.1834 -0.9830 0.0121
vn 0.1758 0.9844 0.0047
vn -0.2216 -0.9714 -0.0850
vn 0.2345 0.9714 0.0364
vn -0.1854 -0.9793 -0.0813
vn 0.1613 0.9798 0.1185
vn -0.1494 -0.9714 -0.1844
vn 0.1849 0.9714 0.1487
vn -0.1199 -0.9793 -0.1631
vn 0.0804 0.9798 0.1833
vn -0.0372 -0.9714 -0.2344
vn 0.0858 0.9714 0.2213
vn -0.0051 -0.9837 -0.1795
vn -0.0118 0.9835 0.1805
vn 0.0358 -0.9830 -0.1803
vn -0.0500 0.9844 0.1686
vn 0.1394 -0.9714 -0.1921
vn -0.0958 0.9714 0.2171
vn 0.1265 -0.9793 -0.1580
vn -0.1359 0.9835 0.1193
vn 0.2168 -0.9714 -0.0966
vn -0.1546 0.9844 0.0838
vn 0.1886 -0.9793 -0.0736
vn -0.2213 0.9714 0.0857
vn 0.2361 -0.9714 0.0247
vn -0.1805 0.9835 -0.0118
vn 0.1747 -0.9837 0.0415
vn -0.1686 0.9844 -0.0500
vn 0.1649 -0.9830 0.0813
vn -0.2171 0.9714 -0.0958
vn 0.1494 -0.9714 0.1844
vn -0.1251 0.9798 -0.1562
vn 0.1199 -0.9793 0.1631
vn -0.1401 0.9714 -0.1915
vn 0.0372 -0.9714 0.2344
vn -0.0353 0.9835 -0.1774
vn 0.0051 -0.9837 0.1795
vn 0.0047 0.9844 -0.1758
vt 0.745591 0.000000
vt 0.768298 0.140562
vt 0.729884 0.079842
vt 0.822421 0.000000
vt 0.806713 0.140563
vt 0.845128 0.140562
vt 0.899251 0.000000
vt 0.883543 0.079842
vt 0.921958 0.140563
vt 0.000000 0.140563
vt 0.000000 0.000000
vt 0.038415 0.000000
vt 0.038415 0.140563
vt 0.092538 0.000000
vt 0.076830 0.079842
vt 0.115245 0.140563
vt 0.169368 0.000000
vt 0.153660 0.079842
vt 0.192075 0.140563
vt 0.246197 0.000000
vt 0.230489 0.140563
vt 0.268904 0.140563
vt 0.323027 0.000000
vt 0.307319 0.079842
vt 0.345734 0.140562
vt 0.399857 0.000000
vt 0.384149 0.079842
vt 0.422564 0.140562
vt 0.476686 0.000000
vt 0.460979 0.140563
vt 0.499394 0.140562
vt 0.537809 0.000000
vt 0.537809 0.140562
vt 0.591932 0.000000
vt 0.576224 0.079842
vt 0.614639 0.140563
vt 0.668762 0.000000
vt 0.653054 0.140563
vt 0.691469 0.140562
vt 0.729884 0.159683
vt 0.883543 0.159683
vt 0.076830 0.159683
vt 0.153660 0.159683
vt 0.307319 0.159683
vt 0.384149 0.159683
vt 0.576224 0.159683
vt 0.729884 0.258646
vt 0.768298 0.258645
vt 0.806713 0.258645
vt 0.845128 0.258646
vt 0.883543 0.239525
vt 0.921958 0.258645
vt 0.000000 0.258645
vt 0.038415 0.258645
vt 0.076830 0.239525
vt 0.115245 0.258645
vt 0.153660 0.239525
vt 0.192075 0.239525
vt 0.230489 0.258646
vt 0.268904 0.258645
vt 0.307319 0.258646
vt 0.345734 0.258645
vt 0.384149 0.258646
vt 0.422564 0.239525
vt 0.460979 0.258646
vt 0.499394 0.258646
vt 0.537809 0.258646
vt 0.576224 0.239525
vt 0.614639 0.258646
vt 0.653054 0.258645
vt 0.691469 0.258646
vt 0.883543 0.319366
vt 0.076830 0.319366
vt 0.153660 0.319366
vt 0.192075 0.319366
vt 0.422564 0.319366
vt 0.576224 0.319366
vt 0.752591 0.399208
vt 0.806713 0.399208
vt 0.867835 0.399208
vt 0.921958 0.399208
vt 0.000000 0.399208
vt 0.061122 0.399208
vt 0.137952 0.399208
vt 0.192075 0.399208
vt 0.253196 0.399208
vt 0.330026 0.399204
vt 0.406856 0.399201
vt 0.460979 0.399208
vt 0.522102 0.399208
vt 0.598931 0.399208
vt 0.675761 0.399208
vt 0.571328 0.488533
vt 0.589073 0.550913
vt 0.475348 0.427030
vt 0.524769 0.443383
vt 0.373853 0.465613
vt 0.429515 0.432327
vt 0.342291 0.522271
vt 0.339287 0.574240
vt 0.356266 0.617140
vt 0.402825 0.662291
vt 0.465720 0.678114
vt 0.528100 0.660368
vt 0.573251 0.613809
vt 0.276453 0.579776
vt 0.246769 0.637440
vt 0.192229 0.672535
vt 0.127450 0.675660
vt 0.069786 0.645975
vt 0.034691 0.591436
vt 0.027891 0.545802
vt 0.042612 0.495871
vt 0.086209 0.447855
vt 0.128529 0.429477
vt 0.180569 0.430773
vt 0.223490 0.447702
vt 0.259371 0.485416
vt 0.277749 0.527736
vt 0.573096 0.461899
vt 0.570305 0.442998
vt 0.610956 0.510968
vt 0.597412 0.507780
vt 0.526417 0.426497
vt 0.501117 0.404459
vt 0.454857 0.412113
vt 0.437654 0.400793
vt 0.385693 0.435437
vt 0.385267 0.421529
vt 0.347669 0.470798
vt 0.330134 0.478386
vt 0.325555 0.525050
vt 0.310816 0.555192
vt 0.323672 0.576942
vt 0.346397 0.630941
vt 0.332489 0.631367
vt 0.381758 0.668965
vt 0.389346 0.686500
vt 0.436010 0.691079
vt 0.466152 0.705818
vt 0.508854 0.686451
vt 0.528401 0.692934
vt 0.569625 0.646022
vt 0.573636 0.659346
vt 0.602039 0.580624
vt 0.612175 0.590157
vt 0.290044 0.623239
vt 0.262840 0.642877
vt 0.293089 0.576449
vt 0.256513 0.668515
vt 0.200688 0.698921
vt 0.203429 0.685280
vt 0.144961 0.707226
vt 0.145682 0.695155
vt 0.083987 0.689252
vt 0.095572 0.681544
vt 0.025350 0.636016
vt 0.039237 0.635133
vt 0.002906 0.584337
vt 0.014752 0.581909
vt 0.004486 0.520789
vt 0.014930 0.529984
vt 0.040752 0.450408
vt 0.045305 0.463627
vt 0.107371 0.407621
vt 0.104786 0.421556
vt 0.163057 0.399207
vt 0.177242 0.414137
vt 0.224032 0.417181
vt 0.232191 0.434457
vt 0.282668 0.470418
vt 0.268782 0.471300
vt 0.306831 0.545840
vt 0.293267 0.524523
vt 0.000000 0.756475
vt 0.000000 0.717896
vt 0.041667 0.717896
vt 0.041667 0.756475
vt 0.083333 0.717896
vt 0.083333 0.756475
vt 0.125000 0.717896
vt 0.125000 0.756475
vt 0.166666 0.717896
vt 0.166666 0.756475
vt 0.208333 0.717896
vt 0.208333 0.756475
vt 0.250000 0.717896
vt 0.250000 0.756475
vt 0.291666 0.717896
vt 0.291666 0.756475
vt 0.333333 0.717896
vt 0.333333 0.756475
vt 0.374999 0.717896
vt 0.374999 0.756475
vt 0.416666 0.717896
vt 0.416666 0.756475
vt 0.458333 0.717896
vt 0.458333 0.756475
vt 0.499999 0.717896
vt 0.499999 0.756475
vt 0.541666 0.717896
vt 0.541666 0.756475
vt 0.583333 0.717896
vt 0.583333 0.756475
vt 0.624999 0.717896
vt 0.624999 0.756475
vt 0.666666 0.717896
vt 0.666666 0.756475
vt 0.708333 0.717896
vt 0.708333 0.756475
vt 0.750000 0.717896
vt 0.750000 0.756475
vt 0.791666 0.717896
vt 0.791666 0.756475
vt 0.833333 0.717896
vt 0.833333 0.756475
vt 0.875000 0.717896
vt 0.875000 0.756475
vt 0.916667 0.717896
vt 0.916667 0.756475
vt 0.958333 0.717896
vt 0.958333 0.756475
vt 1.000000 0.717896
vt 1.000000 0.756475
vt 0.022701 0.878038
vt 0.015983 0.843205
vt 0.093361 0.843205
vt 0.100079 0.878038
vt 0.154756 0.843205
vt 0.154756 0.878038
vt 0.209428 0.843205
vt 0.216146 0.878038
vt 0.286806 0.843205
vt 0.270823 0.878038
vt 0.332213 0.878038
vt 0.348201 0.843205
vt 0.402873 0.843205
vt 0.409591 0.878038
vt 0.480252 0.843205
vt 0.464268 0.878038
vt 0.525659 0.878038
vt 0.557630 0.843205
vt 0.580336 0.878038
vt 0.635008 0.843205
vt 0.641726 0.878038
vt 0.696403 0.843205
vt 0.696403 0.878038
vt 0.751076 0.843205
vt 0.757794 0.878038
vt 0.828454 0.843205
vt 0.835172 0.878038
vt 0.889849 0.843205
vt 0.889849 0.878038
vt 0.928538 0.843205
vt 0.928538 0.878038
vt 0.020446 0.820771
vt 0.014406 0.779689
vt 0.084099 0.779689
vt 0.069693 0.820771
vt 0.124985 0.820771
vt 0.139385 0.779689
vt 0.188638 0.779689
vt 0.174231 0.820771
vt 0.229524 0.820771
vt 0.258330 0.779689
vt 0.299217 0.820771
vt 0.328023 0.779689
vt 0.368909 0.820771
vt 0.383309 0.779689
vt 0.432562 0.779689
vt 0.418156 0.820771
vt 0.473448 0.820771
vt 0.502255 0.779689
vt 0.522695 0.820771
vt 0.571947 0.779689
vt 0.577987 0.820771
vt 0.627234 0.779689
vt 0.627234 0.820771
vt 0.676486 0.779689
vt 0.682527 0.820771
vt 0.746180 0.779689
vt 0.752220 0.820771
vt 0.801466 0.779689
vt 0.801466 0.820771
vt 0.836312 0.779689
vt 0.836312 0.820771
vt 0.000000 0.707224
vt 0.041667 0.707224
vt 0.041667 0.768669
vt 0.000000 0.768669
vt 0.083333 0.707224
vt 0.083333 0.768669
vt 0.125000 0.707224
vt 0.125000 0.768669
vt 0.166666 0.707224
vt 0.166666 0.768669
vt 0.208333 0.707224
vt 0.208333 0.768669
vt 0.250000 0.707224
vt 0.250000 0.768669
vt 0.291666 0.707224
vt 0.291666 0.768669
vt 0.333333 0.707224
vt 0.333333 0.768669
vt 0.374999 0.707224
vt 0.374999 0.768669
vt 0.416666 0.707224
vt 0.416666 0.768669
vt 0.458333 0.707224
vt 0.458333 0.768669
vt 0.499999 0.707224
vt 0.499999 0.768669
vt 0.541666 0.707224
vt 0.541666 0.768669
vt 0.583333 0.707224
vt 0.583333 0.768669
vt 0.624999 0.707224
vt 0.624999 0.768669
vt 0.666666 0.707224
vt 0.666666 0.768669
vt 0.708333 0.707224
vt 0.708333 0.768669
vt 0.750000 0.707224
vt 0.750000 0.768669
vt 0.791666 0.707224
vt 0.791666 0.768669
vt 0.833333 0.707224
vt 0.833333 0.768669
vt 0.875000 0.707224
vt 0.875000 0.768669
vt 0.916667 0.707224
vt 0.916667 0.768669
vt 0.958333 0.707224
vt 0.958333 0.768669
vt 1.000000 0.707224
vt 1.000000 0.768669
vt 0.000000 0.832182
vt 0.038689 0.832182
vt 0.038689 0.887660
vt 0.000000 0.887660
vt 0.077378 0.832182
vt 0.077378 0.887660
vt 0.116067 0.832182
vt 0.116067 0.887660
vt 0.154756 0.832182
vt 0.154756 0.887660
vt 0.193445 0.832182
vt 0.193445 0.887660
vt 0.232134 0.832182
vt 0.232134 0.887660
vt 0.270823 0.832182
vt 0.270823 0.887660
vt 0.309512 0.832182
vt 0.309512 0.887660
vt 0.348201 0.832182
vt 0.348201 0.887660
vt 0.386890 0.832182
vt 0.386890 0.887660
vt 0.425579 0.832182
vt 0.425579 0.887660
vt 0.464268 0.832182
vt 0.464268 0.887660
vt 0.502958 0.832182
vt 0.502958 0.887660
vt 0.541647 0.832182
vt 0.541647 0.887660
vt 0.580336 0.832182
vt 0.580336 0.887660
vt 0.619025 0.832182
vt 0.619025 0.887660
vt 0.657714 0.832182
vt 0.657714 0.887660
vt 0.696403 0.832182
vt 0.696403 0.887660
vt 0.735093 0.832182
vt 0.735093 0.887660
vt 0.773782 0.832182
vt 0.773782 0.887660
vt 0.812471 0.832182
vt 0.812471 0.887660
vt 0.851160 0.832182
vt 0.851160 0.887660
vt 0.889849 0.832182
vt 0.889849 0.887660
vt 0.928538 0.832182
vt 0.928538 0.887660
vt 0.034846 0.768669
vt 0.034846 0.832182
vt 0.069693 0.768669
vt 0.069693 0.832182
vt 0.104539 0.768669
vt 0.104539 0.832182
vt 0.139385 0.768669
vt 0.139385 0.832182
vt 0.174231 0.768669
vt 0.174231 0.832182
vt 0.209078 0.768669
vt 0.209078 0.832182
vt 0.243924 0.768669
vt 0.243924 0.832182
vt 0.278770 0.768669
vt 0.278770 0.832182
vt 0.313617 0.768669
vt 0.313617 0.832182
vt 0.348463 0.768669
vt 0.348463 0.832182
vt 0.383309 0.768669
vt 0.383309 0.832182
vt 0.418156 0.768669
vt 0.418156 0.832182
vt 0.453002 0.768669
vt 0.453002 0.832182
vt 0.487848 0.768669
vt 0.487848 0.832182
vt 0.522695 0.768669
vt 0.522695 0.832182
vt 0.557541 0.768669
vt 0.557541 0.832182
vt 0.592387 0.768669
vt 0.592387 0.832182
vt 0.627234 0.768669
vt 0.627234 0.832182
vt 0.662080 0.768669
vt 0.662080 0.832182
vt 0.696927 0.768669
vt 0.696927 0.832182
vt 0.731773 0.768669
vt 0.731773 0.832182
vt 0.766620 0.768669
vt 0.766620 0.832182
vt 0.801466 0.768669
vt 0.801466 0.832182
vt 0.836312 0.768669
vt 0.836312 0.832182
s 1
usemtl barrel_low_initialShadingGroup
f 394/435/348 396/437/350 395/436/349
f 395/436/349 397/438/351 394/435/348
f 397/438/351 395/436/349 398/439/352
f 397/438/351 398/439/352 399/440/353
f 399/440/353 400/441/354 397/438/351
f 400/441/354 399/440/353 401/442/355
f 400/441/354 401/442/355 402/443/356
f 402/444/356 403/446/357 400/445/354
f 403/446/357 402/444/356 404/447/358
f 404/447/358 405/448/359 403/446/357
f 405/448/359 404/447/358 406/449/360
f 405/448/359 406/449/360 407/450/361
f 407/450/361 408/451/362 405/448/359
f 408/451/362 407/450/361 409/452/363
f 408/451/362 409/452/363 410/453/364
f 410/453/364 411/454/365 408/451/362
f 411/454/365 410/453/364 412/455/366
f 411/454/365 412/455/366 413/456/367
f 413/456/367 414/457/368 411/454/365
f 414/457/368 413/456/367 415/458/369
f 414/457/368 415/458/369 416/459/370
f 416/459/370 417/460/371 414/457/368
f 417/460/371 416/459/370 418/461/372
f 417/460/371 418/461/372 419/462/373
f 419/462/373 420/463/374 417/460/371
f 420/463/374 419/462/373 421/464/375
f 420/463/374 421/464/375 422/465/376
f 422/465/376 423/466/377 420/463/374
f 423/466/377 422/465/376 424/467/378
f 424/467/378 425/468/379 423/466/377
f 425/468/379 424/467/378 426/469/380
f 425/468/379 426/469/380 427/470/381
f 427/470/381 428/471/382 425/468/379
f 428/471/382 427/470/381 429/472/383
f 428/471/382 429/472/383 430/473/384
f 430/473/384 394/435/348 428/471/382
f 394/435/348 430/473/384 396/437/350
f 431/474/385 395/436/349 396/437/350
f 401/442/355 399/440/353 432/475/386
f 432/475/386 402/443/356 401/442/355
f 406/449/360 404/447/358 433/476/387
f 433/476/387 407/450/361 406/449/360
f 409/452/363 407/450/361 434/477/388
f 434/477/388 410/453/364 409/452/363
f 415/458/369 413/456/367 435/478/389
f 435/478/389 416/459/370 415/458/369
f 418/461/372 416/459/370 436/479/390
f 436/479/390 419/462/373 418/461/372
f 426/469/380 424/467/378 437/480/391
f 437/480/391 427/470/381 426/469/380
f 396/437/350 430/473/384 431/474/385
f 439/481/392 395/436/349 431/474/385
f 395/436/349 439/481/392 438/482/393
f 438/482/393 398/439/352 395/436/349
f 398/439/352 438/482/393 440/483/394
f 440/483/394 399/440/353 398/439/352
f 399/440/353 440/483/394 441/484/395
f 441/484/395 432/475/386 399/440/353
f 432/475/386 441/484/395 442/485/396
f 442/485/396 402/443/356 432/475/386
f 402/443/356 442/485/396 443/486/397
f 443/487/397 404/447/358 402/444/356
f 404/447/358 443/487/397 444/488/398
f 444/488/398 433/476/387 404/447/358
f 433/476/387 444/488/398 445/489/399
f 445/489/399 407/450/361 433/476/387
f 407/450/361 445/489/399 446/490/400
f 446/490/400 434/477/388 407/450/361
f 434/477/388 446/490/400 447/491/401
f 447/491/401 410/453/364 434/477/388
f 410/453/364 447/491/401 448/492/402
f 448/492/402 412/455/366 410/453/364
f 412/455/366 448/492/402 449/493/403
f 449/493/403 413/456/367 412/455/366
f 413/456/367 449/493/403 450/494/404
f 450/494/404 435/478/389 413/456/367
f 435/478/389 450/494/404 451/495/405
f 451/495/405 416/459/370 435/478/389
f 416/459/370 451/495/405 452/496/406
f 452/496/406 436/479/390 416/459/370
f 436/479/390 452/496/406 453/497/407
f 453/497/407 419/462/373 436/479/390
f 419/462/373 453/497/407 454/498/408
f 454/498/408 421/464/375 419/462/373
f 421/464/375 454/498/408 455/499/409
f 455/499/409 422/465/376 421/464/375
f 422/465/376 455/499/409 456/500/410
f 456/500/410 424/467/378 422/465/376
f 424/467/378 456/500/410 457/501/411
f 457/501/411 437/480/391 424/467/378
f 437/480/391 457/501/411 458/502/412
f 458/502/412 427/470/381 437/480/391
f 427/470/381 458/502/412 459/503/413
f 459/503/413 429/472/383 427/470/381
f 429/472/383 459/503/413 460/504/414
f 460/504/414 430/473/384 429/472/383
f 430/473/384 460/504/414 461/505/415
f 461/505/415 431/474/385 430/473/384
f 431/474/385 461/505/415 439/481/392
f 442/485/396 441/484/395 462/506/416
f 462/506/416 443/486/397 442/485/396
f 445/489/399 444/488/398 463/507/417
f 463/507/417 446/490/400 445/489/399
f 447/491/401 446/490/400 464/508/418
f 464/508/418 448/492/402 447/491/401
f 448/492/402 464/508/418 465/509/419
f 465/509/419 449/493/403 448/492/402
f 454/498/408 453/497/407 466/510/420
f 466/510/420 455/499/409 454/498/408
f 458/502/412 457/501/411 467/511/421
f 467/511/421 459/503/413 458/502/412
f 468/512/422 438/482/393 439/481/392
f 468/512/422 440/483/394 438/482/393
f 440/483/394 468/512/422 469/513/423
f 469/513/423 441/484/395 440/483/394
f 441/484/395 469/513/423 470/514/424
f 470/514/424 462/506/416 441/484/395
f 470/514/424 443/486/397 462/506/416
f 443/486/397 470/514/424 471/515/425
f 471/516/425 444/488/398 443/487/397
f 444/488/398 471/516/425 472/517/426
f 472/517/426 463/507/417 444/488/398
f 472/517/426 446/490/400 463/507/417
f 446/490/400 472/517/426 473/518/427
f 473/518/427 464/508/418 446/490/400
f 473/518/427 465/509/419 464/508/418
f 465/509/419 473/518/427 474/519/428
f 474/519/428 449/493/403 465/509/419
f 449/493/403 474/519/428 475/520/429
f 475/520/429 450/494/404 449/493/403
f 475/520/429 451/495/405 450/494/404
f 451/495/405 475/520/429 476/521/430
f 476/521/430 452/496/406 451/495/405
f 476/521/430 453/497/407 452/496/406
f 453/497/407 476/521/430 477/522/431
f 477/522/431 466/510/420 453/497/407
f 477/522/431 455/499/409 466/510/420
f 455/499/409 477/522/431 478/523/432
f 478/523/432 456/500/410 455/499/409
f 456/500/410 478/523/432 479/524/433
f 479/524/433 457/501/411 456/500/410
f 479/524/433 467/511/421 457/501/411
f 467/511/421 479/524/433 480/525/434
f 480/525/434 459/503/413 467/511/421
f 480/525/434 460/504/414 459/503/413
f 460/504/414 480/525/434 481/526/435
f 481/526/435 461/505/415 460/504/414
f 481/526/435 439/481/392 461/505/415
f 439/481/392 481/526/435 468/512/422
f 482/527/436 484/529/438 483/528/437
f 485/530/439 484/529/438 482/527/436
f 487/531/440 484/529/438 486/532/441
f 488/533/442 484/529/438 487/531/440
f 489/534/443 484/529/438 488/533/442
f 490/535/444 484/529/438 489/534/443
f 491/536/445 484/529/438 490/535/444
f 492/537/446 484/529/438 491/536/445
f 493/538/447 484/529/438 492/537/446
f 494/539/448 484/529/438 493/538/447
f 483/528/437 484/529/438 494/539/448
f 495/540/449 497/542/451 496/541/450
f 498/543/452 497/542/451 499/544/453
f 499/544/453 497/542/451 500/545/454
f 500/545/454 497/542/451 501/546/455
f 501/546/455 497/542/451 502/547/456
f 502/547/456 497/542/451 503/548/457
f 503/548/457 497/542/451 504/549/458
f 504/549/458 497/542/451 505/550/459
f 505/550/459 497/542/451 506/551/460
f 506/551/460 497/542/451 507/552/461
f 507/552/461 497/542/451 508/553/462
f 508/553/462 497/542/451 495/540/449
f 510/554/463 394/556/348 397/555/351
f 394/556/348 510/554/463 509/557/464
f 397/555/351 511/558/465 510/554/463
f 511/558/465 397/555/351 400/559/354
f 400/559/354 512/560/466 511/558/465
f 512/560/466 400/559/354 403/561/357
f 513/562/467 403/561/357 405/563/359
f 403/561/357 513/562/467 512/560/466
f 514/564/468 405/563/359 408/565/362
f 405/563/359 514/564/468 513/562/467
f 408/565/362 515/566/469 514/564/468
f 515/566/469 408/565/362 411/567/365
f 411/567/365 516/568/470 515/566/469
f 517/569/471 411/567/365 414/570/368
f 411/567/365 517/569/471 516/568/470
f 518/571/472 414/570/368 417/572/371
f 414/570/368 518/571/472 517/569/471
f 417/572/371 519/573/473 518/571/472
f 519/573/473 417/572/371 420/574/374
f 420/574/374 520/575/474 519/573/473
f 520/575/474 420/574/374 423/576/377
f 521/577/475 423/576/377 425/578/379
f 423/576/377 521/577/475 520/575/474
f 522/579/476 425/578/379 428/580/382
f 425/578/379 522/579/476 521/577/475
f 509/557/464 428/580/382 394/556/348
f 428/580/382 509/557/464 522/579/476
f 468/581/422 524/583/478 523/582/477
f 523/582/477 469/584/423 468/581/422
f 523/582/477 470/585/424 469/584/423
f 470/585/424 523/582/477 525/586/479
f 525/586/479 471/587/425 470/585/424
f 471/587/425 525/586/479 526/588/480
f 526/588/480 472/589/426 471/587/425
f 472/589/426 526/588/480 527/590/481
f 527/590/481 473/591/427 472/589/426
f 473/591/427 527/590/481 528/592/482
f 528/592/482 474/593/428 473/591/427
f 474/593/428 528/592/482 529/594/483
f 529/594/483 475/595/429 474/593/428
f 475/595/429 529/594/483 530/596/484
f 530/596/484 476/597/430 475/595/429
f 476/597/430 530/596/484 531/598/485
f 531/598/485 477/599/431 476/597/430
f 477/599/431 531/598/485 532/600/486
f 532/600/486 478/601/432 477/599/431
f 478/601/432 532/600/486 533/602/487
f 533/602/487 479/603/433 478/601/432
f 479/603/433 533/602/487 534/604/488
f 534/604/488 480/605/434 479/603/433
f 480/605/434 534/604/488 535/606/489
f 535/606/489 481/607/435 480/605/434
f 481/607/435 535/606/489 536/608/490
f 481/607/435 536/608/490 524/583/478
f 524/583/478 468/581/422 481/607/435
f 509/557/464 482/527/436 483/528/437
f 482/527/436 509/557/464 510/554/463
f 485/530/439 510/554/463 511/558/465
f 510/554/463 485/530/439 482/527/436
f 484/529/438 511/558/465 512/560/466
f 511/558/465 484/529/438 485/530/439
f 512/560/466 486/532/441 484/529/438
f 486/532/441 512/560/466 513/562/467
f 513/562/467 487/531/440 486/532/441
f 487/531/440 513/562/467 514/564/468
f 488/533/442 514/564/468 515/566/469
f 514/564/468 488/533/442 487/531/440
f 489/534/443 515/566/469 516/568/470
f 515/566/469 489/534/443 488/533/442
f 490/535/444 516/568/470 517/569/471
f 516/568/470 490/535/444 489/534/443
f 491/536/445 517/569/471 518/571/472
f 517/569/471 491/536/445 490/535/444
f 491/536/445 518/571/472 519/573/473
f 519/573/473 492/537/446 491/536/445
f 492/537/446 519/573/473 520/575/474
f 520/575/474 493/538/447 492/537/446
f 493/538/447 520/575/474 521/577/475
f 521/577/475 494/539/448 493/538/447
f 494/539/448 521/577/475 522/579/476
f 522/579/476 483/528/437 494/539/448
f 483/528/437 522/579/476 509/557/464
f 495/540/449 523/582/477 524/583/478
f 523/582/477 495/540/449 496/541/450
f 496/541/450 525/586/479 523/582/477
f 525/586/479 496/541/450 497/542/451
f 497/542/451 526/588/480 525/586/479
f 526/588/480 497/542/451 498/543/452
f 498/543/452 527/590/481 526/588/480
f 527/590/481 498/543/452 499/544/453
f 499/544/453 528/592/482 527/590/481
f 528/592/482 499/544/453 500/545/454
f 500/545/454 529/594/483 528/592/482
f 500/545/454 530/596/484 529/594/483
f 530/596/484 500/545/454 501/546/455
f 530/596/484 501/546/455 502/547/456
f 502/547/456 531/598/485 530/596/484
f 531/598/485 502/547/456 503/548/457
f 503/548/457 532/600/486 531/598/485
f 532/600/486 503/548/457 504/549/458
f 504/549/458 533/602/487 532/600/486
f 533/602/487 504/549/458 505/550/459
f 505/550/459 534/604/488 533/602/487
f 534/604/488 505/550/459 506/551/460
f 506/551/460 535/606/489 534/604/488
f 535/606/489 506/551/460 507/552/461
f 507/552/461 536/608/490 535/606/489
f 536/608/490 507/552/461 508/553/462
f 508/553/462 524/583/478 536/608/490
f 524/583/478 508/553/462 495/540/449
f 540/609/491 538/611/493 537/610/492
f 538/611/493 540/609/491 539/612/494
f 539/612/494 541/613/495 538/611/493
f 541/613/495 539/612/494 542/614/496
f 542/614/496 543/615/497 541/613/495
f 543/615/497 542/614/496 544/616/498
f 544/616/498 545/617/499 543/615/497
f 545/617/499 544/616/498 546/618/500
f 546/618/500 547/619/501 545/617/499
f 547/619/501 546/618/500 548/620/502
f 548/620/502 549/621/503 547/619/501
f 549/621/503 548/620/502 550/622/504
f 550/622/504 551/623/505 549/621/503
f 551/623/505 550/622/504 552/624/506
f 552/624/506 553/625/507 551/623/505
f 553/625/507 552/624/506 554/626/508
f 554/626/508 555/627/509 553/625/507
f 555/627/509 554/626/508 556/628/510
f 556/628/510 557/629/511 555/627/509
f 557/629/511 556/628/510 558/630/512
f 558/630/512 559/631/513 557/629/511
f 559/631/513 558/630/512 560/632/514
f 560/632/514 561/633/515 559/631/513
f 561/633/515 560/632/514 562/634/516
f 562/634/516 563/635/517 561/633/515
f 563/635/517 562/634/516 564/636/518
f 564/636/518 565/637/519 563/635/517
f 565/637/519 564/636/518 566/638/520
f 566/638/520 567/639/521 565/637/519
f 567/639/521 566/638/520 568/640/522
f 568/640/522 569/641/523 567/639/521
f 569/641/523 568/640/522 570/642/524
f 570/642/524 571/643/525 569/641/523
f 571/643/525 570/642/524 572/644/526
f 572/644/526 573/645/527 571/643/525
f 573/645/527 572/644/526 574/646/528
f 574/646/528 575/647/529 573/645/527
f 575/647/529 574/646/528 576/648/530
f 576/648/530 577/649/531 575/647/529
f 577/649/531 576/648/530 578/650/532
f 578/650/532 579/651/533 577/649/531
f 579/651/533 578/650/532 580/652/534
f 580/652/534 581/653/535 579/651/533
f 581/653/535 580/652/534 582/654/536
f 582/654/536 583/655/537 581/653/535
f 583/655/537 582/654/536 584/656/538
f 584/656/538 537/657/492 583/655/537
f 537/657/492 584/656/538 540/658/491
f 586/659/539 587/661/541 585/660/540
f 587/661/541 586/659/539 588/662/542
f 588/662/542 589/663/543 587/661/541
f 589/663/543 588/662/542 590/664/544
f 590/664/544 591/665/545 589/663/543
f 591/665/545 590/664/544 592/666/546
f 592/666/546 593/667/547 591/665/545
f 593/667/547 592/666/546 594/668/548
f 593/667/547 594/668/548 595/669/549
f 595/669/549 596/670/550 593/667/547
f 595/669/549 597/671/551 596/670/550
f 597/671/551 595/669/549 598/672/552
f 598/672/552 599/673/553 597/671/551
f 599/673/553 598/672/552 600/674/554
f 599/673/553 600/674/554 601/675/555
f 601/675/555 602/676/556 599/673/553
f 602/676/556 601/675/555 603/677/557
f 603/677/557 604/678/558 602/676/556
f 604/678/558 603/677/557 605/679/559
f 605/679/559 606/680/560 604/678/558
f 606/680/560 605/679/559 607/681/561
f 607/681/561 608/682/562 606/680/560
f 608/682/562 607/681/561 609/683/563
f 609/683/563 610/684/564 608/682/562
f 610/684/564 609/683/563 611/685/565
f 611/685/565 612/686/566 610/684/564
f 612/686/566 611/685/565 613/687/567
f 613/687/567 585/688/540 612/686/566
f 585/688/540 613/687/567 586/689/539
f 615/690/568 616/692/570 614/691/569
f 616/692/570 615/690/568 617/693/571
f 616/692/570 617/693/571 618/694/572
f 618/694/572 619/695/573 616/692/570
f 618/694/572 620/696/574 619/695/573
f 620/696/574 618/694/572 621/697/575
f 620/696/574 621/697/575 622/698/576
f 622/698/576 623/699/577 620/696/574
f 623/699/577 622/698/576 624/700/578
f 624/700/578 625/701/579 623/699/577
f 625/701/579 624/700/578 626/702/580
f 626/702/580 627/703/581 625/701/579
f 626/702/580 628/704/582 627/703/581
f 628/704/582 626/702/580 629/705/583
f 628/704/582 629/705/583 630/706/584
f 630/706/584 631/707/585 628/704/582
f 631/707/585 630/706/584 632/708/586
f 632/708/586 633/709/587 631/707/585
f 633/709/587 632/708/586 634/710/588
f 634/710/588 635/711/589 633/709/587
f 635/711/589 634/710/588 636/712/590
f 636/712/590 637/713/591 635/711/589
f 637/713/591 636/712/590 638/714/592
f 638/714/592 639/715/593 637/713/591
f 639/715/593 638/714/592 640/716/594
f 640/716/594 641/717/595 639/715/593
f 641/717/595 640/716/594 642/718/596
f 642/718/596 614/719/569 641/717/595
f 614/719/569 642/718/596 615/720/568
f 537/610/492 644/722/597 643/721/597
f 644/722/597 537/610/492 538/611/493
f 539/612/494 646/724/598 645/723/598
f 646/724/598 539/612/494 540/609/491
f 538/611/493 647/725/597 644/722/597
f 647/725/597 538/611/493 541/613/495
f 542/614/496 645/723/598 648/726/598
f 645/723/598 542/614/496 539/612/494
f 541/613/495 649/727/597 647/725/597
f 649/727/597 541/613/495 543/615/497
f 544/616/498 648/726/598 650/728/598
f 648/726/598 544/616/498 542/614/496
f 543/615/497 651/729/597 649/727/597
f 651/729/597 543/615/497 545/617/499
f 546/618/500 650/728/598 652/730/598
f 650/728/598 546/618/500 544/616/498
f 545/617/499 653/731/597 651/729/597
f 653/731/597 545/617/499 547/619/501
f 548/620/502 652/730/598 654/732/598
f 652/730/598 548/620/502 546/618/500
f 547/619/501 655/733/597 653/731/597
f 655/733/597 547/619/501 549/621/503
f 550/622/504 654/732/598 656/734/598
f 654/732/598 550/622/504 548/620/502
f 549/621/503 657/735/597 655/733/597
f 657/735/597 549/621/503 551/623/505
f 552/624/506 656/734/598 658/736/598
f 656/734/598 552/624/506 550/622/504
f 551/623/505 659/737/597 657/735/597
f 659/737/597 551/623/505 553/625/507
f 554/626/508 658/736/598 660/738/598
f 658/736/598 554/626/508 552/624/506
f 553/625/507 661/739/597 659/737/597
f 661/739/597 553/625/507 555/627/509
f 556/628/510 660/738/598 662/740/598
f 660/738/598 556/628/510 554/626/508
f 555/627/509 663/741/597 661/739/597
f 663/741/597 555/627/509 557/629/511
f 558/630/512 662/740/598 664/742/598
f 662/740/598 558/630/512 556/628/510
f 557/629/511 665/743/597 663/741/597
f 665/743/597 557/629/511 559/631/513
f 560/632/514 664/742/598 666/744/598
f 664/742/598 560/632/514 558/630/512
f 559/631/513 667/745/597 665/743/597
f 667/745/597 559/631/513 561/633/515
f 562/634/516 666/744/598 668/746/598
f 666/744/598 562/634/516 560/632/514
f 561/633/515 669/747/597 667/745/597
f 669/747/597 561/633/515 563/635/517
f 564/636/518 668/746/598 670/748/598
f 668/746/598 564/636/518 562/634/516
f 563/635/517 671/749/597 669/747/597
f 671/749/597 563/635/517 565/637/519
f 566/638/520 670/748/598 672/750/598
f 670/748/598 566/638/520 564/636/518
f 565/637/519 673/751/597 671/749/597
f 673/751/597 565/637/519 567/639/521
f 568/640/522 672/750/598 674/752/598
f 672/750/598 568/640/522 566/638/520
f 567/639/521 675/753/597 673/751/597
f 675/753/597 567/639/521 569/641/523
f 570/642/524 674/752/598 676/754/598
f 674/752/598 570/642/524 568/640/522
f 569/641/523 677/755/597 675/753/597
f 677/755/597 569/641/523 571/643/525
f 572/644/526 676/754/598 678/756/598
f 676/754/598 572/644/526 570/642/524
f 571/643/525 679/757/597 677/755/597
f 679/757/597 571/643/525 573/645/527
f 574/646/528 678/756/598 680/758/598
f 678/756/598 574/646/528 572/644/526
f 573/645/527 681/759/597 679/757/597
f 681/759/597 573/645/527 575/647/529
f 576/648/530 680/758/598 682/760/598
f 680/758/598 576/648/530 574/646/528
f 575/647/529 683/761/597 681/759/597
f 683/761/597 575/647/529 577/649/531
f 578/650/532 682/760/598 684/762/598
f 682/760/598 578/650/532 576/648/530
f 577/649/531 685/763/597 683/761/597
f 685/763/597 577/649/531 579/651/533
f 580/652/534 684/762/598 686/764/598
f 684/762/598 580/652/534 578/650/532
f 579/651/533 687/765/597 685/763/597
f 687/765/597 579/651/533 581/653/535
f 582/654/536 686/764/598 688/766/598
f 686/764/598 582/654/536 580/652/534
f 581/653/535 689/767/597 687/765/597
f 689/767/597 581/653/535 583/655/537
f 584/656/538 688/766/598 690/768/598
f 688/766/598 584/656/538 582/654/536
f 583/655/537 643/769/597 689/767/597
f 643/769/597 583/655/537 537/657/492
f 540/658/491 690/768/598 646/770/598
f 690/768/598 540/658/491 584/656/538
f 585/660/540 692/772/600 691/771/599
f 586/659/539 694/774/602 693/773/601
f 585/660/540 695/775/603 692/772/600
f 695/775/603 585/660/540 587/661/541
f 588/662/542 693/773/601 696/776/604
f 693/773/601 588/662/542 586/659/539
f 587/661/541 697/777/605 695/775/603
f 588/662/542 696/776/604 698/778/606
f 587/661/541 699/779/607 697/777/605
f 699/779/607 587/661/541 589/663/543
f 590/664/544 698/778/606 700/780/608
f 698/778/606 590/664/544 588/662/542
f 589/663/543 701/781/609 699/779/607
f 701/781/609 589/663/543 591/665/545
f 592/666/546 700/780/608 702/782/610
f 700/780/608 592/666/546 590/664/544
f 591/665/545 703/783/611 701/781/609
f 592/666/546 702/782/610 704/784/612
f 591/665/545 705/785/613 703/783/611
f 705/785/613 591/665/545 593/667/547
f 594/668/548 704/784/612 706/786/614
f 704/784/612 594/668/548 592/666/546
f 593/667/547 707/787/615 705/785/613
f 595/669/549 706/786/614 708/788/616
f 706/786/614 595/669/549 594/668/548
f 593/667/547 709/789/617 707/787/615
f 709/789/617 593/667/547 596/670/550
f 595/669/549 708/788/616 710/790/618
f 596/670/550 711/791/619 709/789/617
f 711/791/619 596/670/550 597/671/551
f 598/672/552 710/790/618 712/792/620
f 710/790/618 598/672/552 595/669/549
f 597/671/551 713/793/621 711/791/619
f 598/672/552 712/792/620 714/794/622
f 597/671/551 715/795/623 713/793/621
f 715/795/623 597/671/551 599/673/553
f 600/674/554 714/794/622 716/796/624
f 714/794/622 600/674/554 598/672/552
f 599/673/553 717/797/625 715/795/623
f 601/675/555 716/796/624 718/798/626
f 716/796/624 601/675/555 600/674/554
f 599/673/553 719/799/627 717/797/625
f 719/799/627 599/673/553 602/676/556
f 601/675/555 718/798/626 720/800/628
f 602/676/556 721/801/629 719/799/627
f 603/677/557 720/800/628 722/802/630
f 720/800/628 603/677/557 601/675/555
f 602/676/556 723/803/631 721/801/629
f 723/803/631 602/676/556 604/678/558
f 605/679/559 722/802/630 724/804/632
f 722/802/630 605/679/559 603/677/557
f 604/678/558 725/805/633 723/803/631
f 605/679/559 724/804/632 726/806/634
f 604/678/558 727/807/635 725/805/633
f 727/807/635 604/678/558 606/680/560
f 607/681/561 726/806/634 728/808/636
f 726/806/634 607/681/561 605/679/559
f 606/680/560 729/809/637 727/807/635
f 729/809/637 606/680/560 608/682/562
f 609/683/563 728/808/636 730/810/638
f 728/808/636 609/683/563 607/681/561
f 608/682/562 731/811/639 729/809/637
f 609/683/563 730/810/638 732/812/640
f 608/682/562 733/813/641 731/811/639
f 733/813/641 608/682/562 610/684/564
f 611/685/565 732/812/640 734/814/642
f 732/812/640 611/685/565 609/683/563
f 610/684/564 735/815/643 733/813/641
f 611/685/565 734/814/642 736/816/644
f 610/684/564 737/817/645 735/815/643
f 737/817/645 610/684/564 612/686/566
f 613/687/567 736/816/644 738/818/646
f 736/816/644 613/687/567 611/685/565
f 612/686/566 691/819/599 737/817/645
f 691/819/599 612/686/566 585/688/540
f 586/689/539 738/818/646 694/820/602
f 738/818/646 586/689/539 613/687/567
f 614/691/569 740/821/648 739/724/647
f 615/690/568 742/771/650 741/822/649
f 614/691/569 743/823/651 740/821/648
f 743/823/651 614/691/569 616/692/570
f 617/693/571 741/822/649 744/824/652
f 741/822/649 617/693/571 615/690/568
f 616/692/570 745/825/653 743/823/651
f 618/694/572 744/824/652 746/826/654
f 744/824/652 618/694/572 617/693/571
f 616/692/570 747/827/655 745/825/653
f 747/827/655 616/692/570 619/695/573
f 618/694/572 746/826/654 748/828/656
f 619/695/573 749/829/657 747/827/655
f 749/829/657 619/695/573 620/696/574
f 621/697/575 748/828/656 750/830/658
f 748/828/656 621/697/575 618/694/572
f 620/696/574 751/831/659 749/829/657
f 622/698/576 750/830/658 752/832/660
f 750/830/658 622/698/576 621/697/575
f 620/696/574 753/833/661 751/831/659
f 753/833/661 620/696/574 623/699/577
f 622/698/576 752/832/660 754/834/662
f 623/699/577 755/835/663 753/833/661
f 624/700/578 754/834/662 756/836/664
f 754/834/662 624/700/578 622/698/576
f 623/699/577 757/837/665 755/835/663
f 757/837/665 623/699/577 625/701/579
f 624/700/578 756/836/664 758/838/666
f 625/701/579 759/839/667 757/837/665
f 626/702/580 758/838/666 760/840/668
f 758/838/666 626/702/580 624/700/578
f 625/701/579 761/841/669 759/839/667
f 761/841/669 625/701/579 627/703/581
f 626/702/580 760/840/668 762/842/670
f 627/703/581 763/843/671 761/841/669
f 763/843/671 627/703/581 628/704/582
f 629/705/583 762/842/670 764/844/672
f 762/842/670 629/705/583 626/702/580
f 628/704/582 765/845/673 763/843/671
f 630/706/584 764/844/672 766/846/674
f 764/844/672 630/706/584 629/705/583
f 628/704/582 767/847/675 765/845/673
f 767/847/675 628/704/582 631/707/585
f 630/706/584 766/846/674 768/848/676
f 631/707/585 769/849/677 767/847/675
f 632/708/586 768/848/676 770/850/678
f 768/848/676 632/708/586 630/706/584
f 631/707/585 771/851/679 769/849/677
f 771/851/679 631/707/585 633/709/587
f 634/710/588 770/850/678 772/852/680
f 770/850/678 634/710/588 632/708/586
f 633/709/587 773/853/681 771/851/679
f 634/710/588 772/852/680 774/854/682
f 633/709/587 775/855/683 773/853/681
f 775/855/683 633/709/587 635/711/589
f 636/712/590 774/854/682 776/856/684
f 774/854/682 636/712/590 634/710/588
f 635/711/589 777/857/685 775/855/683
f 777/857/685 635/711/589 637/713/591
f 638/714/592 776/856/684 778/858/686
f 776/856/684 638/714/592 636/712/590
f 637/713/591 779/859/687 777/857/685
f 638/714/592 778/858/686 780/860/688
f 637/713/591 781/861/689 779/859/687
f 781/861/689 637/713/591 639/715/593
f 640/716/594 780/860/688 782/862/690
f 780/860/688 640/716/594 638/714/592
f 639/715/593 783/863/691 781/861/689
f 640/716/594 782/862/690 784/864/692
f 639/715/593 785/865/693 783/863/691
f 785/865/693 639/715/593 641/717/595
f 642/718/596 784/864/692 786/866/694
f 784/864/692 642/718/596 640/716/594
f 641/717/595 739/867/647 785/865/693
f 739/867/647 641/717/595 614/719/569
f 615/720/568 786/866/694 742/868/650
f 786/866/694 615/720/568 642/718/596
o BarrelSmartMat.012
v 6.891183 1.772966 99.215332
v 7.041587 2.499622 99.151581
v 6.847617 2.186522 99.122986
v 7.148613 1.772966 99.402969
v 7.194029 2.499622 99.269554
v 7.310742 2.499621 99.422966
v 7.277733 1.772966 99.694191
v 7.335918 2.186522 99.610291
v 7.408144 2.499624 99.792564
v 7.259889 1.773008 99.946999
v 7.382196 2.499622 99.983574
v 7.167069 1.772966 100.152016
v 7.267540 2.186522 100.133835
v 7.189720 2.499624 100.313797
v 6.919193 1.772966 100.352112
v 7.015295 2.186522 100.386597
v 6.857921 2.499622 100.503540
v 6.604480 1.772966 100.401459
v 6.666707 2.499622 100.527908
v 6.475701 2.499622 100.501961
v 6.307256 1.772966 100.286835
v 6.325440 2.186522 100.387306
v 6.145478 2.499621 100.309486
v 6.107164 1.772966 100.038963
v 6.072676 2.186522 100.135063
v 5.955734 2.499622 99.977684
v 6.057817 1.772966 99.724251
v 5.931363 2.499622 99.786476
v 5.957312 2.499622 99.595467
v 6.140484 1.773008 99.484673
v 6.031812 2.499622 99.417686
v 6.283205 1.772966 99.310661
v 6.181452 2.186522 99.302223
v 6.303197 2.499622 99.148529
v 6.574422 1.772966 99.181541
v 6.481587 2.499624 99.075500
v 6.672800 2.499621 99.051132
v 6.861402 2.600037 99.071335
v 7.387547 2.600036 99.596397
v 7.313869 2.600036 100.160522
v 7.042074 2.600037 100.432869
v 6.298755 2.600037 100.433632
v 6.026402 2.600037 100.161842
v 6.143608 2.600037 99.264450
v 7.034993 3.113965 99.147781
v 6.856453 3.113967 99.075119
v 7.188643 3.113965 99.264175
v 7.306931 3.113966 99.416374
v 7.387547 3.013551 99.596397
v 7.408136 3.113965 99.784958
v 7.384158 3.113965 99.976219
v 7.313869 3.013551 100.160522
v 7.195096 3.113964 100.308411
v 7.042074 3.013551 100.432869
v 6.862876 3.013551 100.507317
v 6.674317 3.113966 100.527901
v 6.483054 3.113965 100.503922
v 6.304514 3.113966 100.431259
v 6.150865 3.113964 100.314865
v 6.032577 3.113966 100.162666
v 5.951960 3.013551 99.982643
v 5.931371 3.113966 99.794083
v 5.955349 3.113966 99.602821
v 6.028014 3.113966 99.424278
v 6.143608 3.013551 99.264450
v 6.296610 3.113966 99.152344
v 6.474238 3.113963 99.077477
v 6.665191 3.113966 99.051140
v 7.335918 3.427065 99.610291
v 7.267540 3.427065 100.133835
v 7.015295 3.427065 100.386597
v 6.848986 3.427065 100.455688
v 6.003589 3.427065 99.968750
v 6.181452 3.427065 99.302223
v 6.918036 3.840622 99.226418
v 7.101201 3.840580 99.357185
v 7.243489 3.840622 99.566910
v 7.280539 3.840580 99.788895
v 7.232854 3.840622 100.037804
v 7.033272 3.840622 100.286087
v 6.828443 3.840580 100.379333
v 6.575673 3.840622 100.397697
v 6.284189 3.840622 100.269173
v 6.096018 3.840622 100.012131
v 6.058969 3.840580 99.790146
v 6.106653 3.840622 99.541237
v 6.306236 3.840622 99.292953
v 6.603223 3.840622 99.177719
v 7.007878 1.894142 99.325638
v 6.730639 1.894142 99.218727
v 7.239469 1.894175 99.788933
v 7.194518 1.894142 99.556854
v 7.205340 1.894142 99.996063
v 7.030313 1.894142 100.236183
v 6.758675 1.894142 100.356621
v 6.522865 1.894175 100.339973
v 6.331629 1.894142 100.253403
v 6.144989 1.894142 100.022186
v 6.098960 1.894142 99.728638
v 6.205874 1.894142 99.451393
v 6.437085 1.894142 99.264755
v 6.757511 3.719446 99.222237
v 7.029395 3.719446 99.342117
v 7.204917 3.719418 99.581879
v 7.237038 3.719446 99.877281
v 7.117157 3.719446 100.149162
v 6.877396 3.719446 100.324684
v 6.670339 3.719413 100.359238
v 6.438163 3.719446 100.314758
v 6.206570 3.719446 100.128593
v 6.119602 3.719413 99.937538
v 6.102469 3.719446 99.701767
v 6.176073 3.719413 99.505173
v 6.330677 3.719446 99.326340
v 6.521735 3.719413 99.239372
v 6.896228 1.772986 99.275879
v 7.063300 1.773008 99.395164
v 7.193093 1.772986 99.586464
v 7.224507 1.772986 99.875336
v 7.107275 1.772986 100.141220
v 6.948814 1.773008 100.271721
v 6.730441 1.772986 100.347580
v 6.526110 1.773008 100.327812
v 6.318056 1.772986 100.227043
v 6.187550 1.773008 100.068581
v 6.111691 1.772986 99.850204
v 6.156114 1.772986 99.563042
v 6.338167 1.772986 99.336563
v 6.609066 1.772986 99.231461
v 7.000411 3.840601 99.335884
v 6.729294 3.840601 99.231331
v 7.182927 3.840601 99.561989
v 7.226884 3.840580 99.788948
v 7.193510 3.840601 99.991501
v 7.022350 3.840601 100.226318
v 6.814503 3.840580 100.327522
v 6.610213 3.840601 100.347710
v 6.339098 3.840601 100.243156
v 6.156580 3.840601 100.017052
v 6.111567 3.840601 99.729980
v 6.186978 3.840580 99.511452
v 6.317159 3.840601 99.352722
v 6.525005 3.840580 99.251518
v 6.869996 2.727852 99.039124
v 7.057389 2.727852 99.116524
v 7.057389 2.905317 99.116524
v 6.869996 2.905317 99.039124
v 7.218366 2.727852 99.239777
v 7.218366 2.905317 99.239777
v 7.341956 2.727852 99.400505
v 7.341956 2.905317 99.400505
v 7.419736 2.727852 99.587738
v 7.419736 2.905317 99.587738
v 7.446406 2.727852 99.788719
v 7.446406 2.905317 99.788719
v 7.420149 2.727852 99.989761
v 7.420149 2.905317 99.989761
v 7.342753 2.727852 100.177155
v 7.342753 2.905317 100.177155
v 7.219494 2.727852 100.338135
v 7.219494 2.905317 100.338135
v 7.058771 2.727852 100.461723
v 7.058771 2.905317 100.461723
v 6.871537 2.727852 100.539505
v 6.871537 2.905317 100.539505
v 6.670551 2.727852 100.566170
v 6.670551 2.905317 100.566170
v 6.469512 2.727852 100.539917
v 6.469512 2.905317 100.539917
v 6.282118 2.727852 100.462517
v 6.282118 2.905317 100.462517
v 6.121141 2.727852 100.339264
v 6.121141 2.905317 100.339264
v 5.997551 2.727852 100.178535
v 5.997551 2.905317 100.178535
v 5.919771 2.727852 99.991302
v 5.919771 2.905317 99.991302
v 5.893101 2.727852 99.790321
v 5.893101 2.905317 99.790321
v 5.919358 2.727852 99.589279
v 5.919358 2.905317 99.589279
v 5.996754 2.727852 99.401886
v 5.996754 2.905317 99.401886
v 6.120013 2.727852 99.240906
v 6.120013 2.905317 99.240906
v 6.280736 2.727852 99.117317
v 6.280736 2.905317 99.117317
v 6.467971 2.727852 99.039536
v 6.467971 2.905317 99.039536
v 6.668956 2.727852 99.012871
v 6.668956 2.905317 99.012871
v 6.918597 3.634136 99.146347
v 6.933889 3.806704 99.188629
v 7.206843 3.634136 99.356941
v 7.198947 3.806704 99.401199
v 7.330637 3.634352 99.611710
v 7.298774 3.806913 99.620285
v 7.355415 3.634136 99.863419
v 7.318535 3.806704 99.889130
v 7.226604 3.634136 100.196350
v 7.234208 3.806913 100.114639
v 7.058075 3.806704 100.318718
v 7.012555 3.634352 100.381866
v 6.775835 3.634136 100.470947
v 6.741453 3.806704 100.441978
v 6.420911 3.634136 100.432693
v 6.501808 3.806913 100.418884
v 6.259097 3.806704 100.301575
v 6.132664 3.634136 100.222099
v 6.105968 3.806913 100.115791
v 5.988329 3.634136 99.895599
v 6.017297 3.806704 99.861221
v 6.008507 3.634352 99.613068
v 6.040387 3.806913 99.621574
v 6.112904 3.634136 99.382690
v 6.157698 3.806704 99.378860
v 6.390922 3.634136 99.158768
v 6.431630 3.806704 99.177849
v 6.669051 3.634352 99.105133
v 6.669085 3.806913 99.138130
v 6.903721 1.810452 99.184937
v 6.948147 1.990704 99.156197
v 7.174666 1.810452 99.382919
v 7.154711 1.990500 99.303566
v 7.314436 1.990704 99.538544
v 7.290993 1.810256 99.622375
v 7.314290 1.810452 99.859039
v 7.356293 1.990500 99.788818
v 7.303079 1.990704 100.067917
v 7.193179 1.810452 100.171989
v 7.079033 1.990704 100.347275
v 6.931818 1.810452 100.382462
v 6.745321 1.990704 100.477196
v 6.670414 1.810256 100.432854
v 6.435785 1.810452 100.394104
v 6.492745 1.990500 100.452850
v 6.236930 1.990704 100.329216
v 6.164840 1.810452 100.196121
v 6.075546 1.990500 100.133400
v 6.029186 1.810452 99.889191
v 5.982081 1.990704 99.865089
v 6.048172 1.810256 99.623650
v 6.006425 1.990500 99.612511
v 6.146327 1.810452 99.407051
v 6.130061 1.990704 99.356697
v 6.407690 1.810452 99.196579
v 6.418778 1.990704 99.144836
v 6.669093 1.810256 99.146187
v 6.669048 1.990500 99.102982
v 6.856808 2.727852 99.088547
v 7.031859 2.727852 99.160843
v 7.031859 2.905317 99.160843
v 6.856808 2.905317 99.088547
v 7.182234 2.727852 99.275986
v 7.182234 2.905317 99.275986
v 7.297684 2.727852 99.426125
v 7.297684 2.905317 99.426125
v 7.370342 2.727852 99.601028
v 7.370342 2.905317 99.601028
v 7.395255 2.727852 99.788773
v 7.395255 2.905317 99.788773
v 7.370727 2.727852 99.976578
v 7.370728 2.905317 99.976578
v 7.298429 2.727852 100.151627
v 7.298429 2.905317 100.151627
v 7.183288 2.727852 100.302002
v 7.183288 2.905317 100.302002
v 7.033150 2.727852 100.417450
v 7.033150 2.905317 100.417450
v 6.858247 2.727852 100.490112
v 6.858247 2.905317 100.490112
v 6.670499 2.727852 100.515022
v 6.670499 2.905317 100.515022
v 6.482700 2.727852 100.490494
v 6.482700 2.905317 100.490494
v 6.307648 2.727852 100.418198
v 6.307648 2.905317 100.418198
v 6.157273 2.727852 100.303055
v 6.157273 2.905317 100.303055
v 6.041823 2.727852 100.152916
v 6.041823 2.905317 100.152916
v 5.969165 2.727852 99.978012
v 5.969165 2.905317 99.978012
v 5.944252 2.727852 99.790268
v 5.944252 2.905317 99.790268
v 5.968780 2.727852 99.602463
v 5.968780 2.905317 99.602463
v 6.041078 2.727852 99.427414
v 6.041078 2.905317 99.427414
v 6.156219 2.727852 99.277039
v 6.156219 2.905317 99.277039
v 6.306357 2.727852 99.161591
v 6.306357 2.905317 99.161591
v 6.481260 2.727852 99.088928
v 6.481260 2.905317 99.088928
v 6.669009 2.727852 99.064018
v 6.669009 2.905317 99.064018
v 6.833786 3.625881 99.174820
v 6.987295 3.625881 99.238220
v 6.971220 3.798442 99.266121
v 6.825483 3.798442 99.205933
v 7.119163 3.625881 99.339188
v 7.096413 3.798442 99.361984
v 7.220404 3.625881 99.470848
v 7.192530 3.798442 99.486977
v 7.284119 3.625881 99.624222
v 7.253020 3.798442 99.632591
v 7.305967 3.625881 99.788864
v 7.273762 3.798442 99.788902
v 7.284458 3.625881 99.953552
v 7.253341 3.798442 99.945251
v 7.221057 3.625881 100.107063
v 7.193150 3.798442 100.090988
v 7.120087 3.625881 100.238930
v 7.097291 3.798442 100.216179
v 6.988426 3.625881 100.340172
v 6.972295 3.798442 100.312294
v 6.835049 3.625881 100.403885
v 6.826682 3.798442 100.372787
v 6.670407 3.625881 100.425735
v 6.670374 3.798442 100.393532
v 6.505721 3.625881 100.404221
v 6.514024 3.798442 100.373108
v 6.352213 3.625881 100.340820
v 6.368287 3.798442 100.312920
v 6.220345 3.625881 100.239853
v 6.243094 3.798442 100.217056
v 6.119103 3.625881 100.108192
v 6.146977 3.798442 100.092064
v 6.055388 3.625881 99.954819
v 6.086487 3.798442 99.946449
v 6.033540 3.625881 99.790176
v 6.065745 3.798442 99.790138
v 6.055049 3.625881 99.625488
v 6.086166 3.798442 99.633789
v 6.118450 3.625881 99.471977
v 6.146357 3.798442 99.488052
v 6.219421 3.625881 99.340111
v 6.242217 3.798442 99.362862
v 6.351081 3.625881 99.238869
v 6.367212 3.798442 99.266747
v 6.504458 3.625881 99.175156
v 6.512825 3.798442 99.206253
v 6.669100 3.625881 99.153305
v 6.669133 3.798442 99.185509
v 6.823456 1.818726 99.213531
v 6.967296 1.818726 99.272942
v 6.988344 1.998971 99.236397
v 6.834329 1.998971 99.172783
v 7.090858 1.818726 99.367546
v 7.120647 1.998971 99.337700
v 7.185723 1.818726 99.490921
v 7.222223 1.998971 99.469795
v 7.245426 1.818726 99.634636
v 7.286150 1.998971 99.623680
v 7.265898 1.818726 99.788910
v 7.308069 1.998971 99.788864
v 7.245743 1.818726 99.943222
v 7.286489 1.998971 99.954094
v 7.186336 1.818726 100.087059
v 7.222879 1.998971 100.108109
v 7.091724 1.818726 100.210625
v 7.121574 1.998971 100.240417
v 6.968356 1.818726 100.305489
v 6.989479 1.998971 100.341988
v 6.824638 1.818726 100.365196
v 6.835595 1.998971 100.405914
v 6.670366 1.818726 100.385666
v 6.670409 1.998971 100.427834
v 6.516051 1.818726 100.365509
v 6.505178 1.998971 100.406258
v 6.372211 1.818726 100.306099
v 6.351163 1.998971 100.342644
v 6.248649 1.818726 100.211494
v 6.218860 1.998971 100.241341
v 6.153784 1.818726 100.088120
v 6.117284 1.998971 100.109245
v 6.094081 1.818726 99.944405
v 6.053358 1.998971 99.955360
v 6.073609 1.818726 99.790131
v 6.031438 1.998971 99.790176
v 6.093764 1.818726 99.635818
v 6.053018 1.998971 99.624947
v 6.153172 1.818726 99.491982
v 6.116628 1.998971 99.470932
v 6.247783 1.818726 99.368416
v 6.217933 1.998971 99.338623
v 6.371151 1.818726 99.273552
v 6.350028 1.998971 99.237053
v 6.514869 1.818726 99.213844
v 6.503912 1.998971 99.173126
v 6.669141 1.818726 99.193375
v 6.669098 1.998971 99.151207
vn 0.4575 -0.8887 -0.0304
vn 0.5668 -0.0881 -0.8191
vn 0.3329 -0.1908 -0.9235
vn 0.7769 -0.2494 -0.5782
vn 0.7048 -0.0835 -0.7045
vn 0.8664 -0.0863 -0.4919
vn 0.9574 -0.2599 -0.1258
vn 0.9366 -0.1805 -0.3004
vn 0.9963 -0.0865 0.0010
vn 0.8960 -0.2826 0.3426
vn 0.9609 -0.0878 0.2626
vn 0.7482 -0.2501 0.6145
vn 0.8747 -0.1805 0.4499
vn 0.7029 -0.0910 0.7055
vn 0.3570 -0.2511 0.8997
vn 0.5325 -0.1805 0.8269
vn 0.2568 -0.0921 0.9621
vn -0.1401 -0.2545 0.9569
vn -0.0021 -0.0853 0.9964
vn -0.2648 -0.0863 0.9604
vn -0.6017 -0.2463 0.7598
vn -0.4499 -0.1805 0.8747
vn -0.7049 -0.0896 0.7036
vn -0.8997 -0.2511 0.3570
vn -0.8270 -0.1804 0.5325
vn -0.9619 -0.0907 0.2578
vn -0.9578 -0.2582 -0.1262
vn -0.9964 -0.0853 -0.0021
vn -0.9610 -0.0819 -0.2641
vn -0.7768 -0.2826 -0.5628
vn -0.8602 -0.0877 -0.5023
vn -0.5637 -0.2501 -0.7872
vn -0.7284 -0.1805 -0.6609
vn -0.4957 -0.0889 -0.8639
vn -0.1120 -0.2445 -0.9631
vn -0.2577 -0.0834 -0.9626
vn 0.0072 -0.0863 -0.9962
vn 0.2630 -0.0416 -0.9639
vn 0.9650 -0.0455 -0.2581
vn 0.8649 -0.0455 0.4998
vn 0.4991 -0.0455 0.8653
vn -0.5031 -0.0416 0.8633
vn -0.8673 -0.0416 0.4961
vn -0.7061 -0.0455 -0.7067
vn 0.2498 0.0874 -0.9643
vn 0.4963 0.0834 -0.8641
vn 0.6989 0.0856 -0.7100
vn 0.8607 0.0860 -0.5018
vn 0.9640 0.0455 -0.2619
vn 0.9961 0.0878 -0.0064
vn 0.9634 0.0860 0.2537
vn 0.8668 0.0455 0.4965
vn 0.7074 0.0905 0.7010
vn 0.5006 0.0525 0.8641
vn 0.2614 0.0506 0.9639
vn 0.0082 0.0849 0.9964
vn -0.2539 0.0853 0.9635
vn -0.4909 0.0874 0.8668
vn -0.7016 0.0853 0.7074
vn -0.8609 0.0901 0.5008
vn -0.9632 0.0416 0.2654
vn -0.9961 0.0878 0.0064
vn -0.9648 0.0818 -0.2498
vn -0.8638 0.0837 -0.4968
vn -0.7088 0.0455 -0.7039
vn -0.5014 0.0878 -0.8608
vn -0.2677 0.0842 -0.9598
vn -0.0041 0.0854 -0.9963
vn 0.9614 0.1804 -0.2075
vn 0.8266 0.1804 0.5332
vn 0.4892 0.1612 0.8571
vn 0.2418 0.1681 0.9557
vn -0.9615 0.1804 0.2075
vn -0.7092 0.1674 -0.6849
vn 0.6522 0.3353 -0.6798
vn 0.6740 0.2746 -0.6858
vn 0.8871 0.2530 -0.3860
vn 0.9641 0.2654 -0.0086
vn 0.8964 0.2493 0.3665
vn 0.6227 0.2544 0.7399
vn 0.2548 0.2702 0.9285
vn -0.1225 0.2475 0.9611
vn -0.5684 0.2451 0.7854
vn -0.8782 0.2504 0.4074
vn -0.9612 0.2758 0.0083
vn -0.8962 0.2574 -0.3614
vn -0.6065 0.2506 -0.7545
vn -0.1523 0.2551 -0.9549
vn -0.2890 -0.9069 0.3065
vn -0.6086 -0.4062 0.6817
vn -0.8780 -0.4787 0.0071
vn -0.3929 -0.9088 0.1407
vn -0.2209 -0.9071 -0.3582
vn -0.3752 -0.9068 -0.1924
vn -0.0371 -0.9035 -0.4271
vn 0.1246 -0.9089 -0.3979
vn 0.2875 -0.8917 -0.3497
vn 0.4449 -0.8820 -0.1552
vn 0.4699 -0.8769 0.1013
vn 0.3513 -0.8800 0.3196
vn 0.1388 -0.8863 0.4419
vn -0.3754 0.8385 0.3950
vn -0.8340 0.5242 0.1719
vn -0.7937 0.5714 0.2085
vn -0.5773 0.5336 -0.6181
vn -0.8163 0.5768 0.0297
vn -0.6401 0.6727 -0.3710
vn -0.4537 0.7352 -0.5036
vn -0.0858 0.7953 -0.6001
vn 0.2935 0.8651 -0.4068
vn 0.4477 0.8941 -0.0106
vn 0.4352 0.8498 0.2974
vn 0.2552 0.8075 0.5318
vn -0.0273 0.7246 0.6887
vn -0.3185 0.6772 0.6633
vn -0.7902 -0.5015 0.3523
vn -0.5036 -0.4729 0.7230
vn -0.5660 -0.6070 0.5578
vn -0.7638 -0.6042 0.2268
vn -0.8005 -0.4675 -0.3751
vn -0.1358 -0.5016 -0.8544
vn -0.3990 -0.6044 -0.6896
vn -0.1004 -0.5266 -0.8442
vn 0.4039 -0.4585 -0.7916
vn 0.8356 -0.5142 -0.1935
vn 0.6688 -0.6247 -0.4031
vn 0.7818 -0.6230 -0.0247
vn 0.6691 -0.4724 0.5738
vn 0.2912 -0.4741 0.8309
vn -0.4947 0.4275 0.7566
vn -0.2409 0.8320 0.4998
vn -0.8079 0.4131 0.4204
vn -0.9154 0.3998 0.0463
vn -0.8410 0.4343 -0.3226
vn -0.5873 0.4350 -0.6825
vn -0.2224 0.3940 -0.8918
vn 0.0796 0.4194 -0.9043
vn 0.5098 0.4384 -0.7402
vn 0.8230 0.4088 -0.3944
vn 0.9120 0.4071 0.0504
vn 0.8073 0.3871 0.4455
vn 0.5959 0.4030 0.6946
vn 0.2565 0.3843 0.8869
vn 0.2498 0.2476 -0.9361
vn 0.2499 -0.2476 -0.9361
vn 0.4835 -0.2476 -0.8396
vn 0.4835 0.2476 -0.8396
vn 0.6844 -0.2476 -0.6858
vn 0.6844 0.2476 -0.6858
vn 0.8386 -0.2476 -0.4853
vn 0.8385 0.2476 -0.4853
vn 0.9356 -0.2476 -0.2518
vn 0.9356 0.2476 -0.2518
vn 0.9689 -0.2476 -0.0010
vn 0.9689 0.2476 -0.0010
vn 0.9361 -0.2476 0.2498
vn 0.9361 0.2476 0.2498
vn 0.8396 -0.2476 0.4835
vn 0.8396 0.2476 0.4835
vn 0.6858 -0.2476 0.6844
vn 0.6858 0.2476 0.6844
vn 0.4853 -0.2476 0.8386
vn 0.4853 0.2476 0.8385
vn 0.2518 -0.2476 0.9356
vn 0.2518 0.2476 0.9356
vn 0.0010 -0.2476 0.9689
vn 0.0010 0.2476 0.9689
vn -0.2498 -0.2476 0.9361
vn -0.2498 0.2476 0.9361
vn -0.4835 -0.2476 0.8396
vn -0.4835 0.2476 0.8396
vn -0.6844 -0.2476 0.6858
vn -0.6844 0.2476 0.6858
vn -0.8386 -0.2476 0.4853
vn -0.8385 0.2476 0.4853
vn -0.9356 -0.2476 0.2518
vn -0.9356 0.2476 0.2518
vn -0.9689 -0.2476 0.0010
vn -0.9689 0.2476 0.0010
vn -0.9361 -0.2476 -0.2498
vn -0.9361 0.2476 -0.2498
vn -0.8396 -0.2476 -0.4835
vn -0.8396 0.2476 -0.4835
vn -0.6858 -0.2476 -0.6844
vn -0.6858 0.2476 -0.6844
vn -0.4853 -0.2476 -0.8386
vn -0.4853 0.2476 -0.8385
vn -0.2518 -0.2476 -0.9356
vn -0.2518 0.2476 -0.9356
vn -0.0010 -0.2476 -0.9689
vn -0.0010 0.2476 -0.9689
vn 0.6250 0.4372 -0.6467
vn -0.1463 -0.3747 -0.9155
vn 0.6734 -0.0705 -0.7359
vn 0.7149 0.3833 -0.5848
vn 0.9391 -0.0628 -0.3379
vn 0.8845 0.3944 -0.2492
vn 0.9973 -0.0653 0.0339
vn 0.9159 0.3814 0.1252
vn 0.8811 -0.0656 0.4683
vn 0.8166 0.3909 0.4246
vn 0.5659 0.3746 0.7345
vn 0.2719 -0.0968 0.9574
vn 0.2822 -0.0690 0.9569
vn 0.1387 0.3788 0.9150
vn -0.2296 -0.0650 0.9711
vn -0.1988 0.3909 0.8987
vn -0.5484 0.3698 0.7500
vn -0.8111 -0.0617 0.5816
vn -0.8039 0.3885 0.4503
vn -0.9670 -0.0669 0.2458
vn -0.9138 0.3860 0.1264
vn -0.9822 -0.0628 -0.1769
vn -0.8906 0.3944 -0.2265
vn -0.8467 -0.0653 -0.5280
vn -0.7283 0.3805 -0.5699
vn -0.5365 -0.0705 -0.8409
vn -0.3798 0.3833 -0.8419
vn -0.0834 -0.0628 -0.9945
vn -0.0118 0.3944 -0.9189
vn 0.6778 0.0907 -0.7297
vn -0.1833 -0.6278 -0.7565
vn 0.6038 -0.4130 -0.6818
vn 0.6869 0.0065 -0.7267
vn 0.9249 0.0029 -0.3801
vn 0.8952 -0.4454 0.0146
vn 0.9090 -0.4143 -0.0455
vn 0.9996 0.0065 -0.0282
vn 0.9241 0.0014 0.3822
vn 0.7013 -0.3972 0.5920
vn 0.6209 0.0007 0.7839
vn 0.3165 -0.3980 0.8611
vn 0.1426 0.0022 0.9898
vn -0.2458 -0.4454 0.8609
vn -0.1914 -0.4143 0.8898
vn -0.2315 0.0065 0.9728
vn -0.5995 0.0042 0.8004
vn -0.7467 -0.4102 0.5236
vn -0.8734 0.0037 0.4869
vn -0.8785 -0.4148 0.2372
vn -0.9914 0.0120 0.1303
vn -0.8923 -0.4247 -0.1529
vn -0.9671 0.0053 -0.2543
vn -0.7801 -0.4138 -0.4693
vn -0.7836 0.0069 -0.6212
vn -0.5095 -0.4171 -0.7527
vn -0.4007 0.0087 -0.9162
vn -0.0832 -0.4247 -0.9015
vn -0.0047 0.0053 -1.0000
vn -0.0000 -1.0000 -0.0000
vn -0.0000 1.0000 -0.0000
vn 0.0350 -0.9835 -0.1774
vn 0.1396 -0.9715 -0.1917
vn -0.1192 0.9794 0.1627
vn -0.0366 0.9715 0.2343
vn 0.1247 -0.9798 -0.1564
vn -0.1489 0.9715 0.1846
vn 0.2167 -0.9715 -0.0962
vn -0.1641 0.9831 0.0812
vn 0.1686 -0.9844 -0.0504
vn -0.1739 0.9839 0.0417
vn 0.1804 -0.9835 -0.0122
vn -0.2358 0.9715 0.0253
vn 0.2213 -0.9715 0.0852
vn -0.1735 0.9831 -0.0586
vn 0.1833 -0.9798 0.0800
vn -0.1525 0.9839 -0.0935
vn 0.1490 -0.9715 0.1844
vn -0.1846 0.9715 -0.1489
vn 0.0923 -0.9844 0.1499
vn -0.0813 0.9794 -0.1846
vn 0.0584 -0.9835 0.1711
vn -0.0854 0.9715 -0.2212
vn -0.0250 -0.9715 0.2358
vn 0.0117 0.9831 -0.1827
vn -0.0298 -0.9798 0.1978
vn 0.0509 0.9839 -0.1715
vn -0.1396 -0.9715 0.1917
vn 0.0960 0.9715 -0.2168
vn -0.1247 -0.9798 0.1564
vn 0.1375 0.9831 -0.1209
vn -0.2167 -0.9715 0.0962
vn 0.1572 0.9839 -0.0853
vn -0.1862 -0.9798 0.0731
vn 0.2212 0.9715 -0.0854
vn -0.2358 -0.9715 -0.0250
vn 0.1827 0.9831 0.0117
vn -0.1713 -0.9844 -0.0407
vn 0.1715 0.9839 0.0509
vn -0.1623 -0.9835 -0.0797
vn 0.2168 0.9715 0.0960
vn -0.1490 -0.9715 -0.1844
vn 0.1263 0.9794 0.1573
vn -0.1188 -0.9798 -0.1609
vn 0.1398 0.9715 0.1916
vn -0.0368 -0.9715 -0.2342
vn 0.0360 0.9831 0.1795
vn -0.0050 -0.9844 -0.1759
vn -0.0047 0.9839 0.1788
vn -0.0358 -0.9830 0.1803
vn -0.1394 -0.9714 0.1921
vn 0.1004 0.9835 -0.1504
vn 0.0364 0.9714 -0.2345
vn -0.1265 -0.9793 0.1580
vn 0.1276 0.9844 -0.1210
vn -0.2168 -0.9714 0.0966
vn 0.1915 0.9714 -0.1401
vn -0.1721 -0.9837 0.0514
vn 0.1774 0.9835 -0.0353
vn -0.1834 -0.9830 0.0121
vn 0.1758 0.9844 0.0047
vn -0.2216 -0.9714 -0.0850
vn 0.2345 0.9714 0.0364
vn -0.1854 -0.9793 -0.0813
vn 0.1613 0.9798 0.1185
vn -0.1494 -0.9714 -0.1844
vn 0.1849 0.9714 0.1487
vn -0.1199 -0.9793 -0.1631
vn 0.0804 0.9798 0.1833
vn -0.0372 -0.9714 -0.2344
vn 0.0858 0.9714 0.2213
vn -0.0051 -0.9837 -0.1795
vn -0.0118 0.9835 0.1805
vn 0.0358 -0.9830 -0.1803
vn -0.0500 0.9844 0.1686
vn 0.1394 -0.9714 -0.1921
vn -0.0958 0.9714 0.2171
vn 0.1265 -0.9793 -0.1580
vn -0.1359 0.9835 0.1193
vn 0.2168 -0.9714 -0.0966
vn -0.1546 0.9844 0.0838
vn 0.1886 -0.9793 -0.0736
vn -0.2213 0.9714 0.0857
vn 0.2361 -0.9714 0.0247
vn -0.1805 0.9835 -0.0118
vn 0.1747 -0.9837 0.0415
vn -0.1686 0.9844 -0.0500
vn 0.1649 -0.9830 0.0813
vn -0.2171 0.9714 -0.0958
vn 0.1494 -0.9714 0.1844
vn -0.1251 0.9798 -0.1562
vn 0.1199 -0.9793 0.1631
vn -0.1401 0.9714 -0.1915
vn 0.0372 -0.9714 0.2344
vn -0.0353 0.9835 -0.1774
vn 0.0051 -0.9837 0.1795
vn 0.0047 0.9844 -0.1758
vt 0.745591 0.000000
vt 0.768298 0.140562
vt 0.729884 0.079842
vt 0.822421 0.000000
vt 0.806713 0.140563
vt 0.845128 0.140562
vt 0.899251 0.000000
vt 0.883543 0.079842
vt 0.921958 0.140563
vt 0.000000 0.140563
vt 0.000000 0.000000
vt 0.038415 0.000000
vt 0.038415 0.140563
vt 0.092538 0.000000
vt 0.076830 0.079842
vt 0.115245 0.140563
vt 0.169368 0.000000
vt 0.153660 0.079842
vt 0.192075 0.140563
vt 0.246197 0.000000
vt 0.230489 0.140563
vt 0.268904 0.140563
vt 0.323027 0.000000
vt 0.307319 0.079842
vt 0.345734 0.140562
vt 0.399857 0.000000
vt 0.384149 0.079842
vt 0.422564 0.140562
vt 0.476686 0.000000
vt 0.460979 0.140563
vt 0.499394 0.140562
vt 0.537809 0.000000
vt 0.537809 0.140562
vt 0.591932 0.000000
vt 0.576224 0.079842
vt 0.614639 0.140563
vt 0.668762 0.000000
vt 0.653054 0.140563
vt 0.691469 0.140562
vt 0.729884 0.159683
vt 0.883543 0.159683
vt 0.076830 0.159683
vt 0.153660 0.159683
vt 0.307319 0.159683
vt 0.384149 0.159683
vt 0.576224 0.159683
vt 0.729884 0.258646
vt 0.768298 0.258645
vt 0.806713 0.258645
vt 0.845128 0.258646
vt 0.883543 0.239525
vt 0.921958 0.258645
vt 0.000000 0.258645
vt 0.038415 0.258645
vt 0.076830 0.239525
vt 0.115245 0.258645
vt 0.153660 0.239525
vt 0.192075 0.239525
vt 0.230489 0.258646
vt 0.268904 0.258645
vt 0.307319 0.258646
vt 0.345734 0.258645
vt 0.384149 0.258646
vt 0.422564 0.239525
vt 0.460979 0.258646
vt 0.499394 0.258646
vt 0.537809 0.258646
vt 0.576224 0.239525
vt 0.614639 0.258646
vt 0.653054 0.258645
vt 0.691469 0.258646
vt 0.883543 0.319366
vt 0.076830 0.319366
vt 0.153660 0.319366
vt 0.192075 0.319366
vt 0.422564 0.319366
vt 0.576224 0.319366
vt 0.752591 0.399208
vt 0.806713 0.399208
vt 0.867835 0.399208
vt 0.921958 0.399208
vt 0.000000 0.399208
vt 0.061122 0.399208
vt 0.137952 0.399208
vt 0.192075 0.399208
vt 0.253196 0.399208
vt 0.330026 0.399204
vt 0.406856 0.399201
vt 0.460979 0.399208
vt 0.522102 0.399208
vt 0.598931 0.399208
vt 0.675761 0.399208
vt 0.571328 0.488533
vt 0.589073 0.550913
vt 0.475348 0.427030
vt 0.524769 0.443383
vt 0.373853 0.465613
vt 0.429515 0.432327
vt 0.342291 0.522271
vt 0.339287 0.574240
vt 0.356266 0.617140
vt 0.402825 0.662291
vt 0.465720 0.678114
vt 0.528100 0.660368
vt 0.573251 0.613809
vt 0.276453 0.579776
vt 0.246769 0.637440
vt 0.192229 0.672535
vt 0.127450 0.675660
vt 0.069786 0.645975
vt 0.034691 0.591436
vt 0.027891 0.545802
vt 0.042612 0.495871
vt 0.086209 0.447855
vt 0.128529 0.429477
vt 0.180569 0.430773
vt 0.223490 0.447702
vt 0.259371 0.485416
vt 0.277749 0.527736
vt 0.573096 0.461899
vt 0.570305 0.442998
vt 0.610956 0.510968
vt 0.597412 0.507780
vt 0.526417 0.426497
vt 0.501117 0.404459
vt 0.454857 0.412113
vt 0.437654 0.400793
vt 0.385693 0.435437
vt 0.385267 0.421529
vt 0.347669 0.470798
vt 0.330134 0.478386
vt 0.325555 0.525050
vt 0.310816 0.555192
vt 0.323672 0.576942
vt 0.346397 0.630941
vt 0.332489 0.631367
vt 0.381758 0.668965
vt 0.389346 0.686500
vt 0.436010 0.691079
vt 0.466152 0.705818
vt 0.508854 0.686451
vt 0.528401 0.692934
vt 0.569625 0.646022
vt 0.573636 0.659346
vt 0.602039 0.580624
vt 0.612175 0.590157
vt 0.290044 0.623239
vt 0.262840 0.642877
vt 0.293089 0.576449
vt 0.256513 0.668515
vt 0.200688 0.698921
vt 0.203429 0.685280
vt 0.144961 0.707226
vt 0.145682 0.695155
vt 0.083987 0.689252
vt 0.095572 0.681544
vt 0.025350 0.636016
vt 0.039237 0.635133
vt 0.002906 0.584337
vt 0.014752 0.581909
vt 0.004486 0.520789
vt 0.014930 0.529984
vt 0.040752 0.450408
vt 0.045305 0.463627
vt 0.107371 0.407621
vt 0.104786 0.421556
vt 0.163057 0.399207
vt 0.177242 0.414137
vt 0.224032 0.417181
vt 0.232191 0.434457
vt 0.282668 0.470418
vt 0.268782 0.471300
vt 0.306831 0.545840
vt 0.293267 0.524523
vt 0.000000 0.756475
vt 0.000000 0.717896
vt 0.041667 0.717896
vt 0.041667 0.756475
vt 0.083333 0.717896
vt 0.083333 0.756475
vt 0.125000 0.717896
vt 0.125000 0.756475
vt 0.166666 0.717896
vt 0.166666 0.756475
vt 0.208333 0.717896
vt 0.208333 0.756475
vt 0.250000 0.717896
vt 0.250000 0.756475
vt 0.291666 0.717896
vt 0.291666 0.756475
vt 0.333333 0.717896
vt 0.333333 0.756475
vt 0.374999 0.717896
vt 0.374999 0.756475
vt 0.416666 0.717896
vt 0.416666 0.756475
vt 0.458333 0.717896
vt 0.458333 0.756475
vt 0.499999 0.717896
vt 0.499999 0.756475
vt 0.541666 0.717896
vt 0.541666 0.756475
vt 0.583333 0.717896
vt 0.583333 0.756475
vt 0.624999 0.717896
vt 0.624999 0.756475
vt 0.666666 0.717896
vt 0.666666 0.756475
vt 0.708333 0.717896
vt 0.708333 0.756475
vt 0.750000 0.717896
vt 0.750000 0.756475
vt 0.791666 0.717896
vt 0.791666 0.756475
vt 0.833333 0.717896
vt 0.833333 0.756475
vt 0.875000 0.717896
vt 0.875000 0.756475
vt 0.916667 0.717896
vt 0.916667 0.756475
vt 0.958333 0.717896
vt 0.958333 0.756475
vt 1.000000 0.717896
vt 1.000000 0.756475
vt 0.022701 0.878038
vt 0.015983 0.843205
vt 0.093361 0.843205
vt 0.100079 0.878038
vt 0.154756 0.843205
vt 0.154756 0.878038
vt 0.209428 0.843205
vt 0.216146 0.878038
vt 0.286806 0.843205
vt 0.270823 0.878038
vt 0.332213 0.878038
vt 0.348201 0.843205
vt 0.402873 0.843205
vt 0.409591 0.878038
vt 0.480252 0.843205
vt 0.464268 0.878038
vt 0.525659 0.878038
vt 0.557630 0.843205
vt 0.580336 0.878038
vt 0.635008 0.843205
vt 0.641726 0.878038
vt 0.696403 0.843205
vt 0.696403 0.878038
vt 0.751076 0.843205
vt 0.757794 0.878038
vt 0.828454 0.843205
vt 0.835172 0.878038
vt 0.889849 0.843205
vt 0.889849 0.878038
vt 0.928538 0.843205
vt 0.928538 0.878038
vt 0.020446 0.820771
vt 0.014406 0.779689
vt 0.084099 0.779689
vt 0.069693 0.820771
vt 0.124985 0.820771
vt 0.139385 0.779689
vt 0.188638 0.779689
vt 0.174231 0.820771
vt 0.229524 0.820771
vt 0.258330 0.779689
vt 0.299217 0.820771
vt 0.328023 0.779689
vt 0.368909 0.820771
vt 0.383309 0.779689
vt 0.432562 0.779689
vt 0.418156 0.820771
vt 0.473448 0.820771
vt 0.502255 0.779689
vt 0.522695 0.820771
vt 0.571947 0.779689
vt 0.577987 0.820771
vt 0.627234 0.779689
vt 0.627234 0.820771
vt 0.676486 0.779689
vt 0.682527 0.820771
vt 0.746180 0.779689
vt 0.752220 0.820771
vt 0.801466 0.779689
vt 0.801466 0.820771
vt 0.836312 0.779689
vt 0.836312 0.820771
vt 0.000000 0.707224
vt 0.041667 0.707224
vt 0.041667 0.768669
vt 0.000000 0.768669
vt 0.083333 0.707224
vt 0.083333 0.768669
vt 0.125000 0.707224
vt 0.125000 0.768669
vt 0.166666 0.707224
vt 0.166666 0.768669
vt 0.208333 0.707224
vt 0.208333 0.768669
vt 0.250000 0.707224
vt 0.250000 0.768669
vt 0.291666 0.707224
vt 0.291666 0.768669
vt 0.333333 0.707224
vt 0.333333 0.768669
vt 0.374999 0.707224
vt 0.374999 0.768669
vt 0.416666 0.707224
vt 0.416666 0.768669
vt 0.458333 0.707224
vt 0.458333 0.768669
vt 0.499999 0.707224
vt 0.499999 0.768669
vt 0.541666 0.707224
vt 0.541666 0.768669
vt 0.583333 0.707224
vt 0.583333 0.768669
vt 0.624999 0.707224
vt 0.624999 0.768669
vt 0.666666 0.707224
vt 0.666666 0.768669
vt 0.708333 0.707224
vt 0.708333 0.768669
vt 0.750000 0.707224
vt 0.750000 0.768669
vt 0.791666 0.707224
vt 0.791666 0.768669
vt 0.833333 0.707224
vt 0.833333 0.768669
vt 0.875000 0.707224
vt 0.875000 0.768669
vt 0.916667 0.707224
vt 0.916667 0.768669
vt 0.958333 0.707224
vt 0.958333 0.768669
vt 1.000000 0.707224
vt 1.000000 0.768669
vt 0.000000 0.832182
vt 0.038689 0.832182
vt 0.038689 0.887660
vt 0.000000 0.887660
vt 0.077378 0.832182
vt 0.077378 0.887660
vt 0.116067 0.832182
vt 0.116067 0.887660
vt 0.154756 0.832182
vt 0.154756 0.887660
vt 0.193445 0.832182
vt 0.193445 0.887660
vt 0.232134 0.832182
vt 0.232134 0.887660
vt 0.270823 0.832182
vt 0.270823 0.887660
vt 0.309512 0.832182
vt 0.309512 0.887660
vt 0.348201 0.832182
vt 0.348201 0.887660
vt 0.386890 0.832182
vt 0.386890 0.887660
vt 0.425579 0.832182
vt 0.425579 0.887660
vt 0.464268 0.832182
vt 0.464268 0.887660
vt 0.502958 0.832182
vt 0.502958 0.887660
vt 0.541647 0.832182
vt 0.541647 0.887660
vt 0.580336 0.832182
vt 0.580336 0.887660
vt 0.619025 0.832182
vt 0.619025 0.887660
vt 0.657714 0.832182
vt 0.657714 0.887660
vt 0.696403 0.832182
vt 0.696403 0.887660
vt 0.735093 0.832182
vt 0.735093 0.887660
vt 0.773782 0.832182
vt 0.773782 0.887660
vt 0.812471 0.832182
vt 0.812471 0.887660
vt 0.851160 0.832182
vt 0.851160 0.887660
vt 0.889849 0.832182
vt 0.889849 0.887660
vt 0.928538 0.832182
vt 0.928538 0.887660
vt 0.034846 0.768669
vt 0.034846 0.832182
vt 0.069693 0.768669
vt 0.069693 0.832182
vt 0.104539 0.768669
vt 0.104539 0.832182
vt 0.139385 0.768669
vt 0.139385 0.832182
vt 0.174231 0.768669
vt 0.174231 0.832182
vt 0.209078 0.768669
vt 0.209078 0.832182
vt 0.243924 0.768669
vt 0.243924 0.832182
vt 0.278770 0.768669
vt 0.278770 0.832182
vt 0.313617 0.768669
vt 0.313617 0.832182
vt 0.348463 0.768669
vt 0.348463 0.832182
vt 0.383309 0.768669
vt 0.383309 0.832182
vt 0.418156 0.768669
vt 0.418156 0.832182
vt 0.453002 0.768669
vt 0.453002 0.832182
vt 0.487848 0.768669
vt 0.487848 0.832182
vt 0.522695 0.768669
vt 0.522695 0.832182
vt 0.557541 0.768669
vt 0.557541 0.832182
vt 0.592387 0.768669
vt 0.592387 0.832182
vt 0.627234 0.768669
vt 0.627234 0.832182
vt 0.662080 0.768669
vt 0.662080 0.832182
vt 0.696927 0.768669
vt 0.696927 0.832182
vt 0.731773 0.768669
vt 0.731773 0.832182
vt 0.766620 0.768669
vt 0.766620 0.832182
vt 0.801466 0.768669
vt 0.801466 0.832182
vt 0.836312 0.768669
vt 0.836312 0.832182
s 1
usemtl barrel_low_initialShadingGroup
f 787/869/695 789/871/697 788/870/696
f 788/870/696 790/872/698 787/869/695
f 790/872/698 788/870/696 791/873/699
f 790/872/698 791/873/699 792/874/700
f 792/874/700 793/875/701 790/872/698
f 793/875/701 792/874/700 794/876/702
f 793/875/701 794/876/702 795/877/703
f 795/878/703 796/880/704 793/879/701
f 796/880/704 795/878/703 797/881/705
f 797/881/705 798/882/706 796/880/704
f 798/882/706 797/881/705 799/883/707
f 798/882/706 799/883/707 800/884/708
f 800/884/708 801/885/709 798/882/706
f 801/885/709 800/884/708 802/886/710
f 801/885/709 802/886/710 803/887/711
f 803/887/711 804/888/712 801/885/709
f 804/888/712 803/887/711 805/889/713
f 804/888/712 805/889/713 806/890/714
f 806/890/714 807/891/715 804/888/712
f 807/891/715 806/890/714 808/892/716
f 807/891/715 808/892/716 809/893/717
f 809/893/717 810/894/718 807/891/715
f 810/894/718 809/893/717 811/895/719
f 810/894/718 811/895/719 812/896/720
f 812/896/720 813/897/721 810/894/718
f 813/897/721 812/896/720 814/898/722
f 813/897/721 814/898/722 815/899/723
f 815/899/723 816/900/724 813/897/721
f 816/900/724 815/899/723 817/901/725
f 817/901/725 818/902/726 816/900/724
f 818/902/726 817/901/725 819/903/727
f 818/902/726 819/903/727 820/904/728
f 820/904/728 821/905/729 818/902/726
f 821/905/729 820/904/728 822/906/730
f 821/905/729 822/906/730 823/907/731
f 823/907/731 787/869/695 821/905/729
f 787/869/695 823/907/731 789/871/697
f 824/908/732 788/870/696 789/871/697
f 794/876/702 792/874/700 825/909/733
f 825/909/733 795/877/703 794/876/702
f 799/883/707 797/881/705 826/910/734
f 826/910/734 800/884/708 799/883/707
f 802/886/710 800/884/708 827/911/735
f 827/911/735 803/887/711 802/886/710
f 808/892/716 806/890/714 828/912/736
f 828/912/736 809/893/717 808/892/716
f 811/895/719 809/893/717 829/913/737
f 829/913/737 812/896/720 811/895/719
f 819/903/727 817/901/725 830/914/738
f 830/914/738 820/904/728 819/903/727
f 789/871/697 823/907/731 824/908/732
f 832/915/739 788/870/696 824/908/732
f 788/870/696 832/915/739 831/916/740
f 831/916/740 791/873/699 788/870/696
f 791/873/699 831/916/740 833/917/741
f 833/917/741 792/874/700 791/873/699
f 792/874/700 833/917/741 834/918/742
f 834/918/742 825/909/733 792/874/700
f 825/909/733 834/918/742 835/919/743
f 835/919/743 795/877/703 825/909/733
f 795/877/703 835/919/743 836/920/744
f 836/921/744 797/881/705 795/878/703
f 797/881/705 836/921/744 837/922/745
f 837/922/745 826/910/734 797/881/705
f 826/910/734 837/922/745 838/923/746
f 838/923/746 800/884/708 826/910/734
f 800/884/708 838/923/746 839/924/747
f 839/924/747 827/911/735 800/884/708
f 827/911/735 839/924/747 840/925/748
f 840/925/748 803/887/711 827/911/735
f 803/887/711 840/925/748 841/926/749
f 841/926/749 805/889/713 803/887/711
f 805/889/713 841/926/749 842/927/750
f 842/927/750 806/890/714 805/889/713
f 806/890/714 842/927/750 843/928/751
f 843/928/751 828/912/736 806/890/714
f 828/912/736 843/928/751 844/929/752
f 844/929/752 809/893/717 828/912/736
f 809/893/717 844/929/752 845/930/753
f 845/930/753 829/913/737 809/893/717
f 829/913/737 845/930/753 846/931/754
f 846/931/754 812/896/720 829/913/737
f 812/896/720 846/931/754 847/932/755
f 847/932/755 814/898/722 812/896/720
f 814/898/722 847/932/755 848/933/756
f 848/933/756 815/899/723 814/898/722
f 815/899/723 848/933/756 849/934/757
f 849/934/757 817/901/725 815/899/723
f 817/901/725 849/934/757 850/935/758
f 850/935/758 830/914/738 817/901/725
f 830/914/738 850/935/758 851/936/759
f 851/936/759 820/904/728 830/914/738
f 820/904/728 851/936/759 852/937/760
f 852/937/760 822/906/730 820/904/728
f 822/906/730 852/937/760 853/938/761
f 853/938/761 823/907/731 822/906/730
f 823/907/731 853/938/761 854/939/762
f 854/939/762 824/908/732 823/907/731
f 824/908/732 854/939/762 832/915/739
f 835/919/743 834/918/742 855/940/763
f 855/940/763 836/920/744 835/919/743
f 838/923/746 837/922/745 856/941/764
f 856/941/764 839/924/747 838/923/746
f 840/925/748 839/924/747 857/942/765
f 857/942/765 841/926/749 840/925/748
f 841/926/749 857/942/765 858/943/766
f 858/943/766 842/927/750 841/926/749
f 847/932/755 846/931/754 859/944/767
f 859/944/767 848/933/756 847/932/755
f 851/936/759 850/935/758 860/945/768
f 860/945/768 852/937/760 851/936/759
f 861/946/769 831/916/740 832/915/739
f 861/946/769 833/917/741 831/916/740
f 833/917/741 861/946/769 862/947/770
f 862/947/770 834/918/742 833/917/741
f 834/918/742 862/947/770 863/948/771
f 863/948/771 855/940/763 834/918/742
f 863/948/771 836/920/744 855/940/763
f 836/920/744 863/948/771 864/949/772
f 864/950/772 837/922/745 836/921/744
f 837/922/745 864/950/772 865/951/773
f 865/951/773 856/941/764 837/922/745
f 865/951/773 839/924/747 856/941/764
f 839/924/747 865/951/773 866/952/774
f 866/952/774 857/942/765 839/924/747
f 866/952/774 858/943/766 857/942/765
f 858/943/766 866/952/774 867/953/775
f 867/953/775 842/927/750 858/943/766
f 842/927/750 867/953/775 868/954/776
f 868/954/776 843/928/751 842/927/750
f 868/954/776 844/929/752 843/928/751
f 844/929/752 868/954/776 869/955/777
f 869/955/777 845/930/753 844/929/752
f 869/955/777 846/931/754 845/930/753
f 846/931/754 869/955/777 870/956/778
f 870/956/778 859/944/767 846/931/754
f 870/956/778 848/933/756 859/944/767
f 848/933/756 870/956/778 871/957/779
f 871/957/779 849/934/757 848/933/756
f 849/934/757 871/957/779 872/958/780
f 872/958/780 850/935/758 849/934/757
f 872/958/780 860/945/768 850/935/758
f 860/945/768 872/958/780 873/959/781
f 873/959/781 852/937/760 860/945/768
f 873/959/781 853/938/761 852/937/760
f 853/938/761 873/959/781 874/960/782
f 874/960/782 854/939/762 853/938/761
f 874/960/782 832/915/739 854/939/762
f 832/915/739 874/960/782 861/946/769
f 875/961/783 877/963/785 876/962/784
f 878/964/786 877/963/785 875/961/783
f 880/965/787 877/963/785 879/966/788
f 881/967/789 877/963/785 880/965/787
f 882/968/790 877/963/785 881/967/789
f 883/969/791 877/963/785 882/968/790
f 884/970/792 877/963/785 883/969/791
f 885/971/793 877/963/785 884/970/792
f 886/972/794 877/963/785 885/971/793
f 887/973/795 877/963/785 886/972/794
f 876/962/784 877/963/785 887/973/795
f 888/974/796 890/976/798 889/975/797
f 891/977/799 890/976/798 892/978/800
f 892/978/800 890/976/798 893/979/801
f 893/979/801 890/976/798 894/980/802
f 894/980/802 890/976/798 895/981/803
f 895/981/803 890/976/798 896/982/804
f 896/982/804 890/976/798 897/983/805
f 897/983/805 890/976/798 898/984/806
f 898/984/806 890/976/798 899/985/807
f 899/985/807 890/976/798 900/986/808
f 900/986/808 890/976/798 901/987/809
f 901/987/809 890/976/798 888/974/796
f 903/988/810 787/990/695 790/989/698
f 787/990/695 903/988/810 902/991/811
f 790/989/698 904/992/812 903/988/810
f 904/992/812 790/989/698 793/993/701
f 793/993/701 905/994/813 904/992/812
f 905/994/813 793/993/701 796/995/704
f 906/996/814 796/995/704 798/997/706
f 796/995/704 906/996/814 905/994/813
f 907/998/815 798/997/706 801/999/709
f 798/997/706 907/998/815 906/996/814
f 801/999/709 908/1000/816 907/998/815
f 908/1000/816 801/999/709 804/1001/712
f 804/1001/712 909/1002/817 908/1000/816
f 910/1003/818 804/1001/712 807/1004/715
f 804/1001/712 910/1003/818 909/1002/817
f 911/1005/819 807/1004/715 810/1006/718
f 807/1004/715 911/1005/819 910/1003/818
f 810/1006/718 912/1007/820 911/1005/819
f 912/1007/820 810/1006/718 813/1008/721
f 813/1008/721 913/1009/821 912/1007/820
f 913/1009/821 813/1008/721 816/1010/724
f 914/1011/822 816/1010/724 818/1012/726
f 816/1010/724 914/1011/822 913/1009/821
f 915/1013/823 818/1012/726 821/1014/729
f 818/1012/726 915/1013/823 914/1011/822
f 902/991/811 821/1014/729 787/990/695
f 821/1014/729 902/991/811 915/1013/823
f 861/1015/769 917/1017/825 916/1016/824
f 916/1016/824 862/1018/770 861/1015/769
f 916/1016/824 863/1019/771 862/1018/770
f 863/1019/771 916/1016/824 918/1020/826
f 918/1020/826 864/1021/772 863/1019/771
f 864/1021/772 918/1020/826 919/1022/827
f 919/1022/827 865/1023/773 864/1021/772
f 865/1023/773 919/1022/827 920/1024/828
f 920/1024/828 866/1025/774 865/1023/773
f 866/1025/774 920/1024/828 921/1026/829
f 921/1026/829 867/1027/775 866/1025/774
f 867/1027/775 921/1026/829 922/1028/830
f 922/1028/830 868/1029/776 867/1027/775
f 868/1029/776 922/1028/830 923/1030/831
f 923/1030/831 869/1031/777 868/1029/776
f 869/1031/777 923/1030/831 924/1032/832
f 924/1032/832 870/1033/778 869/1031/777
f 870/1033/778 924/1032/832 925/1034/833
f 925/1034/833 871/1035/779 870/1033/778
f 871/1035/779 925/1034/833 926/1036/834
f 926/1036/834 872/1037/780 871/1035/779
f 872/1037/780 926/1036/834 927/1038/835
f 927/1038/835 873/1039/781 872/1037/780
f 873/1039/781 927/1038/835 928/1040/836
f 928/1040/836 874/1041/782 873/1039/781
f 874/1041/782 928/1040/836 929/1042/837
f 874/1041/782 929/1042/837 917/1017/825
f 917/1017/825 861/1015/769 874/1041/782
f 902/991/811 875/961/783 876/962/784
f 875/961/783 902/991/811 903/988/810
f 878/964/786 903/988/810 904/992/812
f 903/988/810 878/964/786 875/961/783
f 877/963/785 904/992/812 905/994/813
f 904/992/812 877/963/785 878/964/786
f 905/994/813 879/966/788 877/963/785
f 879/966/788 905/994/813 906/996/814
f 906/996/814 880/965/787 879/966/788
f 880/965/787 906/996/814 907/998/815
f 881/967/789 907/998/815 908/1000/816
f 907/998/815 881/967/789 880/965/787
f 882/968/790 908/1000/816 909/1002/817
f 908/1000/816 882/968/790 881/967/789
f 883/969/791 909/1002/817 910/1003/818
f 909/1002/817 883/969/791 882/968/790
f 884/970/792 910/1003/818 911/1005/819
f 910/1003/818 884/970/792 883/969/791
f 884/970/792 911/1005/819 912/1007/820
f 912/1007/820 885/971/793 884/970/792
f 885/971/793 912/1007/820 913/1009/821
f 913/1009/821 886/972/794 885/971/793
f 886/972/794 913/1009/821 914/1011/822
f 914/1011/822 887/973/795 886/972/794
f 887/973/795 914/1011/822 915/1013/823
f 915/1013/823 876/962/784 887/973/795
f 876/962/784 915/1013/823 902/991/811
f 888/974/796 916/1016/824 917/1017/825
f 916/1016/824 888/974/796 889/975/797
f 889/975/797 918/1020/826 916/1016/824
f 918/1020/826 889/975/797 890/976/798
f 890/976/798 919/1022/827 918/1020/826
f 919/1022/827 890/976/798 891/977/799
f 891/977/799 920/1024/828 919/1022/827
f 920/1024/828 891/977/799 892/978/800
f 892/978/800 921/1026/829 920/1024/828
f 921/1026/829 892/978/800 893/979/801
f 893/979/801 922/1028/830 921/1026/829
f 893/979/801 923/1030/831 922/1028/830
f 923/1030/831 893/979/801 894/980/802
f 923/1030/831 894/980/802 895/981/803
f 895/981/803 924/1032/832 923/1030/831
f 924/1032/832 895/981/803 896/982/804
f 896/982/804 925/1034/833 924/1032/832
f 925/1034/833 896/982/804 897/983/805
f 897/983/805 926/1036/834 925/1034/833
f 926/1036/834 897/983/805 898/984/806
f 898/984/806 927/1038/835 926/1036/834
f 927/1038/835 898/984/806 899/985/807
f 899/985/807 928/1040/836 927/1038/835
f 928/1040/836 899/985/807 900/986/808
f 900/986/808 929/1042/837 928/1040/836
f 929/1042/837 900/986/808 901/987/809
f 901/987/809 917/1017/825 929/1042/837
f 917/1017/825 901/987/809 888/974/796
f 933/1043/838 931/1045/840 930/1044/839
f 931/1045/840 933/1043/838 932/1046/841
f 932/1046/841 934/1047/842 931/1045/840
f 934/1047/842 932/1046/841 935/1048/843
f 935/1048/843 936/1049/844 934/1047/842
f 936/1049/844 935/1048/843 937/1050/845
f 937/1050/845 938/1051/846 936/1049/844
f 938/1051/846 937/1050/845 939/1052/847
f 939/1052/847 940/1053/848 938/1051/846
f 940/1053/848 939/1052/847 941/1054/849
f 941/1054/849 942/1055/850 940/1053/848
f 942/1055/850 941/1054/849 943/1056/851
f 943/1056/851 944/1057/852 942/1055/850
f 944/1057/852 943/1056/851 945/1058/853
f 945/1058/853 946/1059/854 944/1057/852
f 946/1059/854 945/1058/853 947/1060/855
f 947/1060/855 948/1061/856 946/1059/854
f 948/1061/856 947/1060/855 949/1062/857
f 949/1062/857 950/1063/858 948/1061/856
f 950/1063/858 949/1062/857 951/1064/859
f 951/1064/859 952/1065/860 950/1063/858
f 952/1065/860 951/1064/859 953/1066/861
f 953/1066/861 954/1067/862 952/1065/860
f 954/1067/862 953/1066/861 955/1068/863
f 955/1068/863 956/1069/864 954/1067/862
f 956/1069/864 955/1068/863 957/1070/865
f 957/1070/865 958/1071/866 956/1069/864
f 958/1071/866 957/1070/865 959/1072/867
f 959/1072/867 960/1073/868 958/1071/866
f 960/1073/868 959/1072/867 961/1074/869
f 961/1074/869 962/1075/870 960/1073/868
f 962/1075/870 961/1074/869 963/1076/871
f 963/1076/871 964/1077/872 962/1075/870
f 964/1077/872 963/1076/871 965/1078/873
f 965/1078/873 966/1079/874 964/1077/872
f 966/1079/874 965/1078/873 967/1080/875
f 967/1080/875 968/1081/876 966/1079/874
f 968/1081/876 967/1080/875 969/1082/877
f 969/1082/877 970/1083/878 968/1081/876
f 970/1083/878 969/1082/877 971/1084/879
f 971/1084/879 972/1085/880 970/1083/878
f 972/1085/880 971/1084/879 973/1086/881
f 973/1086/881 974/1087/882 972/1085/880
f 974/1087/882 973/1086/881 975/1088/883
f 975/1088/883 976/1089/884 974/1087/882
f 976/1089/884 975/1088/883 977/1090/885
f 977/1090/885 930/1091/839 976/1089/884
f 930/1091/839 977/1090/885 933/1092/838
f 979/1093/886 980/1095/888 978/1094/887
f 980/1095/888 979/1093/886 981/1096/889
f 981/1096/889 982/1097/890 980/1095/888
f 982/1097/890 981/1096/889 983/1098/891
f 983/1098/891 984/1099/892 982/1097/890
f 984/1099/892 983/1098/891 985/1100/893
f 985/1100/893 986/1101/894 984/1099/892
f 986/1101/894 985/1100/893 987/1102/895
f 986/1101/894 987/1102/895 988/1103/896
f 988/1103/896 989/1104/897 986/1101/894
f 988/1103/896 990/1105/898 989/1104/897
f 990/1105/898 988/1103/896 991/1106/899
f 991/1106/899 992/1107/900 990/1105/898
f 992/1107/900 991/1106/899 993/1108/901
f 992/1107/900 993/1108/901 994/1109/902
f 994/1109/902 995/1110/903 992/1107/900
f 995/1110/903 994/1109/902 996/1111/904
f 996/1111/904 997/1112/905 995/1110/903
f 997/1112/905 996/1111/904 998/1113/906
f 998/1113/906 999/1114/907 997/1112/905
f 999/1114/907 998/1113/906 1000/1115/908
f 1000/1115/908 1001/1116/909 999/1114/907
f 1001/1116/909 1000/1115/908 1002/1117/910
f 1002/1117/910 1003/1118/911 1001/1116/909
f 1003/1118/911 1002/1117/910 1004/1119/912
f 1004/1119/912 1005/1120/913 1003/1118/911
f 1005/1120/913 1004/1119/912 1006/1121/914
f 1006/1121/914 978/1122/887 1005/1120/913
f 978/1122/887 1006/1121/914 979/1123/886
f 1008/1124/915 1009/1126/917 1007/1125/916
f 1009/1126/917 1008/1124/915 1010/1127/918
f 1009/1126/917 1010/1127/918 1011/1128/919
f 1011/1128/919 1012/1129/920 1009/1126/917
f 1011/1128/919 1013/1130/921 1012/1129/920
f 1013/1130/921 1011/1128/919 1014/1131/922
f 1013/1130/921 1014/1131/922 1015/1132/923
f 1015/1132/923 1016/1133/924 1013/1130/921
f 1016/1133/924 1015/1132/923 1017/1134/925
f 1017/1134/925 1018/1135/926 1016/1133/924
f 1018/1135/926 1017/1134/925 1019/1136/927
f 1019/1136/927 1020/1137/928 1018/1135/926
f 1019/1136/927 1021/1138/929 1020/1137/928
f 1021/1138/929 1019/1136/927 1022/1139/930
f 1021/1138/929 1022/1139/930 1023/1140/931
f 1023/1140/931 1024/1141/932 1021/1138/929
f 1024/1141/932 1023/1140/931 1025/1142/933
f 1025/1142/933 1026/1143/934 1024/1141/932
f 1026/1143/934 1025/1142/933 1027/1144/935
f 1027/1144/935 1028/1145/936 1026/1143/934
f 1028/1145/936 1027/1144/935 1029/1146/937
f 1029/1146/937 1030/1147/938 1028/1145/936
f 1030/1147/938 1029/1146/937 1031/1148/939
f 1031/1148/939 1032/1149/940 1030/1147/938
f 1032/1149/940 1031/1148/939 1033/1150/941
f 1033/1150/941 1034/1151/942 1032/1149/940
f 1034/1151/942 1033/1150/941 1035/1152/943
f 1035/1152/943 1007/1153/916 1034/1151/942
f 1007/1153/916 1035/1152/943 1008/1154/915
f 930/1044/839 1037/1156/944 1036/1155/944
f 1037/1156/944 930/1044/839 931/1045/840
f 932/1046/841 1039/1158/945 1038/1157/945
f 1039/1158/945 932/1046/841 933/1043/838
f 931/1045/840 1040/1159/944 1037/1156/944
f 1040/1159/944 931/1045/840 934/1047/842
f 935/1048/843 1038/1157/945 1041/1160/945
f 1038/1157/945 935/1048/843 932/1046/841
f 934/1047/842 1042/1161/944 1040/1159/944
f 1042/1161/944 934/1047/842 936/1049/844
f 937/1050/845 1041/1160/945 1043/1162/945
f 1041/1160/945 937/1050/845 935/1048/843
f 936/1049/844 1044/1163/944 1042/1161/944
f 1044/1163/944 936/1049/844 938/1051/846
f 939/1052/847 1043/1162/945 1045/1164/945
f 1043/1162/945 939/1052/847 937/1050/845
f 938/1051/846 1046/1165/944 1044/1163/944
f 1046/1165/944 938/1051/846 940/1053/848
f 941/1054/849 1045/1164/945 1047/1166/945
f 1045/1164/945 941/1054/849 939/1052/847
f 940/1053/848 1048/1167/944 1046/1165/944
f 1048/1167/944 940/1053/848 942/1055/850
f 943/1056/851 1047/1166/945 1049/1168/945
f 1047/1166/945 943/1056/851 941/1054/849
f 942/1055/850 1050/1169/944 1048/1167/944
f 1050/1169/944 942/1055/850 944/1057/852
f 945/1058/853 1049/1168/945 1051/1170/945
f 1049/1168/945 945/1058/853 943/1056/851
f 944/1057/852 1052/1171/944 1050/1169/944
f 1052/1171/944 944/1057/852 946/1059/854
f 947/1060/855 1051/1170/945 1053/1172/945
f 1051/1170/945 947/1060/855 945/1058/853
f 946/1059/854 1054/1173/944 1052/1171/944
f 1054/1173/944 946/1059/854 948/1061/856
f 949/1062/857 1053/1172/945 1055/1174/945
f 1053/1172/945 949/1062/857 947/1060/855
f 948/1061/856 1056/1175/944 1054/1173/944
f 1056/1175/944 948/1061/856 950/1063/858
f 951/1064/859 1055/1174/945 1057/1176/945
f 1055/1174/945 951/1064/859 949/1062/857
f 950/1063/858 1058/1177/944 1056/1175/944
f 1058/1177/944 950/1063/858 952/1065/860
f 953/1066/861 1057/1176/945 1059/1178/945
f 1057/1176/945 953/1066/861 951/1064/859
f 952/1065/860 1060/1179/944 1058/1177/944
f 1060/1179/944 952/1065/860 954/1067/862
f 955/1068/863 1059/1178/945 1061/1180/945
f 1059/1178/945 955/1068/863 953/1066/861
f 954/1067/862 1062/1181/944 1060/1179/944
f 1062/1181/944 954/1067/862 956/1069/864
f 957/1070/865 1061/1180/945 1063/1182/945
f 1061/1180/945 957/1070/865 955/1068/863
f 956/1069/864 1064/1183/944 1062/1181/944
f 1064/1183/944 956/1069/864 958/1071/866
f 959/1072/867 1063/1182/945 1065/1184/945
f 1063/1182/945 959/1072/867 957/1070/865
f 958/1071/866 1066/1185/944 1064/1183/944
f 1066/1185/944 958/1071/866 960/1073/868
f 961/1074/869 1065/1184/945 1067/1186/945
f 1065/1184/945 961/1074/869 959/1072/867
f 960/1073/868 1068/1187/944 1066/1185/944
f 1068/1187/944 960/1073/868 962/1075/870
f 963/1076/871 1067/1186/945 1069/1188/945
f 1067/1186/945 963/1076/871 961/1074/869
f 962/1075/870 1070/1189/944 1068/1187/944
f 1070/1189/944 962/1075/870 964/1077/872
f 965/1078/873 1069/1188/945 1071/1190/945
f 1069/1188/945 965/1078/873 963/1076/871
f 964/1077/872 1072/1191/944 1070/1189/944
f 1072/1191/944 964/1077/872 966/1079/874
f 967/1080/875 1071/1190/945 1073/1192/945
f 1071/1190/945 967/1080/875 965/1078/873
f 966/1079/874 1074/1193/944 1072/1191/944
f 1074/1193/944 966/1079/874 968/1081/876
f 969/1082/877 1073/1192/945 1075/1194/945
f 1073/1192/945 969/1082/877 967/1080/875
f 968/1081/876 1076/1195/944 1074/1193/944
f 1076/1195/944 968/1081/876 970/1083/878
f 971/1084/879 1075/1194/945 1077/1196/945
f 1075/1194/945 971/1084/879 969/1082/877
f 970/1083/878 1078/1197/944 1076/1195/944
f 1078/1197/944 970/1083/878 972/1085/880
f 973/1086/881 1077/1196/945 1079/1198/945
f 1077/1196/945 973/1086/881 971/1084/879
f 972/1085/880 1080/1199/944 1078/1197/944
f 1080/1199/944 972/1085/880 974/1087/882
f 975/1088/883 1079/1198/945 1081/1200/945
f 1079/1198/945 975/1088/883 973/1086/881
f 974/1087/882 1082/1201/944 1080/1199/944
f 1082/1201/944 974/1087/882 976/1089/884
f 977/1090/885 1081/1200/945 1083/1202/945
f 1081/1200/945 977/1090/885 975/1088/883
f 976/1089/884 1036/1203/944 1082/1201/944
f 1036/1203/944 976/1089/884 930/1091/839
f 933/1092/838 1083/1202/945 1039/1204/945
f 1083/1202/945 933/1092/838 977/1090/885
f 978/1094/887 1085/1206/947 1084/1205/946
f 979/1093/886 1087/1208/949 1086/1207/948
f 978/1094/887 1088/1209/950 1085/1206/947
f 1088/1209/950 978/1094/887 980/1095/888
f 981/1096/889 1086/1207/948 1089/1210/951
f 1086/1207/948 981/1096/889 979/1093/886
f 980/1095/888 1090/1211/952 1088/1209/950
f 981/1096/889 1089/1210/951 1091/1212/953
f 980/1095/888 1092/1213/954 1090/1211/952
f 1092/1213/954 980/1095/888 982/1097/890
f 983/1098/891 1091/1212/953 1093/1214/955
f 1091/1212/953 983/1098/891 981/1096/889
f 982/1097/890 1094/1215/956 1092/1213/954
f 1094/1215/956 982/1097/890 984/1099/892
f 985/1100/893 1093/1214/955 1095/1216/957
f 1093/1214/955 985/1100/893 983/1098/891
f 984/1099/892 1096/1217/958 1094/1215/956
f 985/1100/893 1095/1216/957 1097/1218/959
f 984/1099/892 1098/1219/960 1096/1217/958
f 1098/1219/960 984/1099/892 986/1101/894
f 987/1102/895 1097/1218/959 1099/1220/961
f 1097/1218/959 987/1102/895 985/1100/893
f 986/1101/894 1100/1221/962 1098/1219/960
f 988/1103/896 1099/1220/961 1101/1222/963
f 1099/1220/961 988/1103/896 987/1102/895
f 986/1101/894 1102/1223/964 1100/1221/962
f 1102/1223/964 986/1101/894 989/1104/897
f 988/1103/896 1101/1222/963 1103/1224/965
f 989/1104/897 1104/1225/966 1102/1223/964
f 1104/1225/966 989/1104/897 990/1105/898
f 991/1106/899 1103/1224/965 1105/1226/967
f 1103/1224/965 991/1106/899 988/1103/896
f 990/1105/898 1106/1227/968 1104/1225/966
f 991/1106/899 1105/1226/967 1107/1228/969
f 990/1105/898 1108/1229/970 1106/1227/968
f 1108/1229/970 990/1105/898 992/1107/900
f 993/1108/901 1107/1228/969 1109/1230/971
f 1107/1228/969 993/1108/901 991/1106/899
f 992/1107/900 1110/1231/972 1108/1229/970
f 994/1109/902 1109/1230/971 1111/1232/973
f 1109/1230/971 994/1109/902 993/1108/901
f 992/1107/900 1112/1233/974 1110/1231/972
f 1112/1233/974 992/1107/900 995/1110/903
f 994/1109/902 1111/1232/973 1113/1234/975
f 995/1110/903 1114/1235/976 1112/1233/974
f 996/1111/904 1113/1234/975 1115/1236/977
f 1113/1234/975 996/1111/904 994/1109/902
f 995/1110/903 1116/1237/978 1114/1235/976
f 1116/1237/978 995/1110/903 997/1112/905
f 998/1113/906 1115/1236/977 1117/1238/979
f 1115/1236/977 998/1113/906 996/1111/904
f 997/1112/905 1118/1239/980 1116/1237/978
f 998/1113/906 1117/1238/979 1119/1240/981
f 997/1112/905 1120/1241/982 1118/1239/980
f 1120/1241/982 997/1112/905 999/1114/907
f 1000/1115/908 1119/1240/981 1121/1242/983
f 1119/1240/981 1000/1115/908 998/1113/906
f 999/1114/907 1122/1243/984 1120/1241/982
f 1122/1243/984 999/1114/907 1001/1116/909
f 1002/1117/910 1121/1242/983 1123/1244/985
f 1121/1242/983 1002/1117/910 1000/1115/908
f 1001/1116/909 1124/1245/986 1122/1243/984
f 1002/1117/910 1123/1244/985 1125/1246/987
f 1001/1116/909 1126/1247/988 1124/1245/986
f 1126/1247/988 1001/1116/909 1003/1118/911
f 1004/1119/912 1125/1246/987 1127/1248/989
f 1125/1246/987 1004/1119/912 1002/1117/910
f 1003/1118/911 1128/1249/990 1126/1247/988
f 1004/1119/912 1127/1248/989 1129/1250/991
f 1003/1118/911 1130/1251/992 1128/1249/990
f 1130/1251/992 1003/1118/911 1005/1120/913
f 1006/1121/914 1129/1250/991 1131/1252/993
f 1129/1250/991 1006/1121/914 1004/1119/912
f 1005/1120/913 1084/1253/946 1130/1251/992
f 1084/1253/946 1005/1120/913 978/1122/887
f 979/1123/886 1131/1252/993 1087/1254/949
f 1131/1252/993 979/1123/886 1006/1121/914
f 1007/1125/916 1133/1255/995 1132/1158/994
f 1008/1124/915 1135/1205/997 1134/1256/996
f 1007/1125/916 1136/1257/998 1133/1255/995
f 1136/1257/998 1007/1125/916 1009/1126/917
f 1010/1127/918 1134/1256/996 1137/1258/999
f 1134/1256/996 1010/1127/918 1008/1124/915
f 1009/1126/917 1138/1259/1000 1136/1257/998
f 1011/1128/919 1137/1258/999 1139/1260/1001
f 1137/1258/999 1011/1128/919 1010/1127/918
f 1009/1126/917 1140/1261/1002 1138/1259/1000
f 1140/1261/1002 1009/1126/917 1012/1129/920
f 1011/1128/919 1139/1260/1001 1141/1262/1003
f 1012/1129/920 1142/1263/1004 1140/1261/1002
f 1142/1263/1004 1012/1129/920 1013/1130/921
f 1014/1131/922 1141/1262/1003 1143/1264/1005
f 1141/1262/1003 1014/1131/922 1011/1128/919
f 1013/1130/921 1144/1265/1006 1142/1263/1004
f 1015/1132/923 1143/1264/1005 1145/1266/1007
f 1143/1264/1005 1015/1132/923 1014/1131/922
f 1013/1130/921 1146/1267/1008 1144/1265/1006
f 1146/1267/1008 1013/1130/921 1016/1133/924
f 1015/1132/923 1145/1266/1007 1147/1268/1009
f 1016/1133/924 1148/1269/1010 1146/1267/1008
f 1017/1134/925 1147/1268/1009 1149/1270/1011
f 1147/1268/1009 1017/1134/925 1015/1132/923
f 1016/1133/924 1150/1271/1012 1148/1269/1010
f 1150/1271/1012 1016/1133/924 1018/1135/926
f 1017/1134/925 1149/1270/1011 1151/1272/1013
f 1018/1135/926 1152/1273/1014 1150/1271/1012
f 1019/1136/927 1151/1272/1013 1153/1274/1015
f 1151/1272/1013 1019/1136/927 1017/1134/925
f 1018/1135/926 1154/1275/1016 1152/1273/1014
f 1154/1275/1016 1018/1135/926 1020/1137/928
f 1019/1136/927 1153/1274/1015 1155/1276/1017
f 1020/1137/928 1156/1277/1018 1154/1275/1016
f 1156/1277/1018 1020/1137/928 1021/1138/929
f 1022/1139/930 1155/1276/1017 1157/1278/1019
f 1155/1276/1017 1022/1139/930 1019/1136/927
f 1021/1138/929 1158/1279/1020 1156/1277/1018
f 1023/1140/931 1157/1278/1019 1159/1280/1021
f 1157/1278/1019 1023/1140/931 1022/1139/930
f 1021/1138/929 1160/1281/1022 1158/1279/1020
f 1160/1281/1022 1021/1138/929 1024/1141/932
f 1023/1140/931 1159/1280/1021 1161/1282/1023
f 1024/1141/932 1162/1283/1024 1160/1281/1022
f 1025/1142/933 1161/1282/1023 1163/1284/1025
f 1161/1282/1023 1025/1142/933 1023/1140/931
f 1024/1141/932 1164/1285/1026 1162/1283/1024
f 1164/1285/1026 1024/1141/932 1026/1143/934
f 1027/1144/935 1163/1284/1025 1165/1286/1027
f 1163/1284/1025 1027/1144/935 1025/1142/933
f 1026/1143/934 1166/1287/1028 1164/1285/1026
f 1027/1144/935 1165/1286/1027 1167/1288/1029
f 1026/1143/934 1168/1289/1030 1166/1287/1028
f 1168/1289/1030 1026/1143/934 1028/1145/936
f 1029/1146/937 1167/1288/1029 1169/1290/1031
f 1167/1288/1029 1029/1146/937 1027/1144/935
f 1028/1145/936 1170/1291/1032 1168/1289/1030
f 1170/1291/1032 1028/1145/936 1030/1147/938
f 1031/1148/939 1169/1290/1031 1171/1292/1033
f 1169/1290/1031 1031/1148/939 1029/1146/937
f 1030/1147/938 1172/1293/1034 1170/1291/1032
f 1031/1148/939 1171/1292/1033 1173/1294/1035
f 1030/1147/938 1174/1295/1036 1172/1293/1034
f 1174/1295/1036 1030/1147/938 1032/1149/940
f 1033/1150/941 1173/1294/1035 1175/1296/1037
f 1173/1294/1035 1033/1150/941 1031/1148/939
f 1032/1149/940 1176/1297/1038 1174/1295/1036
f 1033/1150/941 1175/1296/1037 1177/1298/1039
f 1032/1149/940 1178/1299/1040 1176/1297/1038
f 1178/1299/1040 1032/1149/940 1034/1151/942
f 1035/1152/943 1177/1298/1039 1179/1300/1041
f 1177/1298/1039 1035/1152/943 1033/1150/941
f 1034/1151/942 1132/1301/994 1178/1299/1040
f 1132/1301/994 1034/1151/942 1007/1153/916
f 1008/1154/915 1179/1300/1041 1135/1302/997
f 1179/1300/1041 1008/1154/915 1035/1152/943
o BarrelSmartMat.013
v 4.523684 1.772966 95.586464
v 4.674088 2.499622 95.522713
v 4.480117 2.186522 95.494118
v 4.781114 1.772966 95.774101
v 4.826530 2.499622 95.640686
v 4.943243 2.499621 95.794098
v 4.910233 1.772966 96.065323
v 4.968419 2.186522 95.981422
v 5.040645 2.499624 96.163696
v 4.892390 1.773008 96.318130
v 5.014697 2.499622 96.354706
v 4.799570 1.772966 96.523148
v 4.900040 2.186522 96.504967
v 4.822221 2.499624 96.684929
v 4.551694 1.772966 96.723244
v 4.647795 2.186522 96.757729
v 4.490421 2.499622 96.874672
v 4.236981 1.772966 96.772591
v 4.299208 2.499622 96.899040
v 4.108202 2.499622 96.873093
v 3.939757 1.772966 96.657967
v 3.957941 2.186522 96.758438
v 3.777979 2.499621 96.680618
v 3.739665 1.772966 96.410095
v 3.705177 2.186522 96.506195
v 3.588235 2.499622 96.348816
v 3.690317 1.772966 96.095383
v 3.563864 2.499622 96.157608
v 3.589812 2.499622 95.966599
v 3.772985 1.773008 95.855804
v 3.664312 2.499622 95.788818
v 3.915705 1.772966 95.681793
v 3.813952 2.186522 95.673355
v 3.935697 2.499622 95.519661
v 4.206923 1.772966 95.552673
v 4.114088 2.499624 95.446632
v 4.305301 2.499621 95.422264
v 4.493902 2.600037 95.442467
v 5.020048 2.600036 95.967529
v 4.946370 2.600036 96.531654
v 4.674575 2.600037 96.804001
v 3.931256 2.600037 96.804764
v 3.658902 2.600037 96.532974
v 3.776108 2.600037 95.635582
v 4.667494 3.113965 95.518913
v 4.488954 3.113967 95.446251
v 4.821143 3.113965 95.635307
v 4.939431 3.113966 95.787506
v 5.020048 3.013551 95.967529
v 5.040637 3.113965 96.156090
v 5.016658 3.113965 96.347351
v 4.946369 3.013551 96.531654
v 4.827597 3.113964 96.679543
v 4.674575 3.013551 96.804001
v 4.495377 3.013551 96.878448
v 4.306818 3.113966 96.899033
v 4.115555 3.113965 96.875053
v 3.937014 3.113966 96.802391
v 3.783365 3.113964 96.685997
v 3.665077 3.113966 96.533798
v 3.584460 3.013551 96.353775
v 3.563872 3.113966 96.165215
v 3.587850 3.113966 95.973953
v 3.660514 3.113966 95.795410
v 3.776108 3.013551 95.635582
v 3.929111 3.113966 95.523476
v 4.106739 3.113963 95.448608
v 4.297691 3.113966 95.422272
v 4.968419 3.427065 95.981422
v 4.900040 3.427065 96.504967
v 4.647795 3.427065 96.757729
v 4.481486 3.427065 96.826820
v 3.636089 3.427065 96.339882
v 3.813952 3.427065 95.673355
v 4.550537 3.840622 95.597549
v 4.733701 3.840580 95.728317
v 4.875989 3.840622 95.938042
v 4.913039 3.840580 96.160027
v 4.865355 3.840622 96.408936
v 4.665772 3.840622 96.657219
v 4.460943 3.840580 96.750465
v 4.208173 3.840622 96.768829
v 3.916689 3.840622 96.640305
v 3.728519 3.840622 96.383263
v 3.691469 3.840580 96.161278
v 3.739154 3.840622 95.912369
v 3.938737 3.840622 95.664085
v 4.235724 3.840622 95.548851
v 4.640379 1.894142 95.696770
v 4.363139 1.894142 95.589859
v 4.871970 1.894175 96.160065
v 4.827018 1.894142 95.927986
v 4.837841 1.894142 96.367195
v 4.662814 1.894142 96.607315
v 4.391176 1.894142 96.727753
v 4.155366 1.894175 96.711105
v 3.964129 1.894142 96.624535
v 3.777490 1.894142 96.393318
v 3.731461 1.894142 96.099770
v 3.838374 1.894142 95.822525
v 4.069586 1.894142 95.635887
v 4.390011 3.719446 95.593369
v 4.661896 3.719446 95.713249
v 4.837418 3.719418 95.953011
v 4.869538 3.719446 96.248413
v 4.749658 3.719446 96.520294
v 4.509897 3.719446 96.695816
v 4.302839 3.719413 96.730370
v 4.070664 3.719446 96.685890
v 3.839071 3.719446 96.499725
v 3.752103 3.719413 96.308670
v 3.734970 3.719446 96.072899
v 3.808574 3.719413 95.876305
v 3.963177 3.719446 95.697472
v 4.154236 3.719413 95.610504
v 4.528729 1.772986 95.647011
v 4.695800 1.773008 95.766296
v 4.825594 1.772986 95.957596
v 4.857008 1.772986 96.246468
v 4.739776 1.772986 96.512352
v 4.581315 1.773008 96.642853
v 4.362941 1.772986 96.718712
v 4.158611 1.773008 96.698944
v 3.950557 1.772986 96.598175
v 3.820051 1.773008 96.439713
v 3.744192 1.772986 96.221336
v 3.788615 1.772986 95.934174
v 3.970668 1.772986 95.707695
v 4.241567 1.772986 95.602592
v 4.632911 3.840601 95.707016
v 4.361794 3.840601 95.602463
v 4.815428 3.840601 95.933121
v 4.859385 3.840580 96.160080
v 4.826011 3.840601 96.362633
v 4.654850 3.840601 96.597450
v 4.447003 3.840580 96.698654
v 4.242714 3.840601 96.718842
v 3.971599 3.840601 96.614288
v 3.789081 3.840601 96.388184
v 3.744068 3.840601 96.101112
v 3.819479 3.840580 95.882584
v 3.949659 3.840601 95.723854
v 4.157506 3.840580 95.622650
v 4.502496 2.727852 95.410255
v 4.689890 2.727852 95.487656
v 4.689890 2.905317 95.487656
v 4.502496 2.905317 95.410255
v 4.850866 2.727852 95.610909
v 4.850866 2.905317 95.610909
v 4.974456 2.727852 95.771637
v 4.974456 2.905317 95.771637
v 5.052237 2.727852 95.958870
v 5.052237 2.905317 95.958870
v 5.078907 2.727852 96.159851
v 5.078907 2.905317 96.159851
v 5.052649 2.727852 96.360893
v 5.052649 2.905317 96.360893
v 4.975254 2.727852 96.548286
v 4.975254 2.905317 96.548286
v 4.851995 2.727852 96.709267
v 4.851995 2.905317 96.709267
v 4.691271 2.727852 96.832855
v 4.691271 2.905317 96.832855
v 4.504037 2.727852 96.910637
v 4.504037 2.905317 96.910637
v 4.303052 2.727852 96.937302
v 4.303052 2.905317 96.937302
v 4.102012 2.727852 96.911049
v 4.102012 2.905317 96.911049
v 3.914619 2.727852 96.833649
v 3.914619 2.905317 96.833649
v 3.753642 2.727852 96.710396
v 3.753642 2.905317 96.710396
v 3.630052 2.727852 96.549667
v 3.630052 2.905317 96.549667
v 3.552272 2.727852 96.362434
v 3.552272 2.905317 96.362434
v 3.525602 2.727852 96.161453
v 3.525602 2.905317 96.161453
v 3.551859 2.727852 95.960411
v 3.551859 2.905317 95.960411
v 3.629254 2.727852 95.773018
v 3.629254 2.905317 95.773018
v 3.752514 2.727852 95.612038
v 3.752514 2.905317 95.612038
v 3.913237 2.727852 95.488449
v 3.913237 2.905317 95.488449
v 4.100471 2.727852 95.410667
v 4.100471 2.905317 95.410667
v 4.301457 2.727852 95.384003
v 4.301457 2.905317 95.384003
v 4.551098 3.634136 95.517479
v 4.566390 3.806704 95.559761
v 4.839344 3.634136 95.728073
v 4.831448 3.806704 95.772331
v 4.963138 3.634352 95.982841
v 4.931274 3.806913 95.991417
v 4.987916 3.634136 96.234550
v 4.951036 3.806704 96.260262
v 4.859105 3.634136 96.567482
v 4.866708 3.806913 96.485771
v 4.690576 3.806704 96.689850
v 4.645055 3.634352 96.752998
v 4.408335 3.634136 96.842079
v 4.373953 3.806704 96.813110
v 4.053411 3.634136 96.803825
v 4.134309 3.806913 96.790016
v 3.891597 3.806704 96.672707
v 3.765165 3.634136 96.593231
v 3.738469 3.806913 96.486923
v 3.620830 3.634136 96.266731
v 3.649798 3.806704 96.232353
v 3.641007 3.634352 95.984200
v 3.672888 3.806913 95.992706
v 3.745404 3.634136 95.753822
v 3.790199 3.806704 95.749992
v 4.023422 3.634136 95.529900
v 4.064130 3.806704 95.548981
v 4.301551 3.634352 95.476265
v 4.301585 3.806913 95.509262
v 4.536222 1.810452 95.556068
v 4.580648 1.990704 95.527328
v 4.807167 1.810452 95.754051
v 4.787212 1.990500 95.674698
v 4.946937 1.990704 95.909676
v 4.923494 1.810256 95.993507
v 4.946791 1.810452 96.230171
v 4.988793 1.990500 96.159950
v 4.935579 1.990704 96.439049
v 4.825680 1.810452 96.543121
v 4.711534 1.990704 96.718407
v 4.564318 1.810452 96.753593
v 4.377821 1.990704 96.848328
v 4.302915 1.810256 96.803986
v 4.068286 1.810452 96.765236
v 4.125246 1.990500 96.823982
v 3.869430 1.990704 96.700348
v 3.797341 1.810452 96.567253
v 3.708047 1.990500 96.504532
v 3.661687 1.810452 96.260323
v 3.614582 1.990704 96.236221
v 3.680672 1.810256 95.994781
v 3.638926 1.990500 95.983643
v 3.778828 1.810452 95.778183
v 3.762562 1.990704 95.727829
v 4.040190 1.810452 95.567711
v 4.051279 1.990704 95.515968
v 4.301593 1.810256 95.517319
v 4.301549 1.990500 95.474113
v 4.489308 2.727852 95.459679
v 4.664360 2.727852 95.531975
v 4.664360 2.905317 95.531975
v 4.489308 2.905317 95.459679
v 4.814734 2.727852 95.647118
v 4.814734 2.905317 95.647118
v 4.930184 2.727852 95.797256
v 4.930185 2.905317 95.797256
v 5.002842 2.727852 95.972160
v 5.002842 2.905317 95.972160
v 5.027756 2.727852 96.159904
v 5.027756 2.905317 96.159904
v 5.003228 2.727852 96.347710
v 5.003228 2.905317 96.347710
v 4.930930 2.727852 96.522758
v 4.930930 2.905317 96.522758
v 4.815788 2.727852 96.673134
v 4.815788 2.905317 96.673134
v 4.665650 2.727852 96.788582
v 4.665650 2.905317 96.788582
v 4.490748 2.727852 96.861237
v 4.490748 2.905317 96.861237
v 4.302999 2.727852 96.886154
v 4.302999 2.905317 96.886154
v 4.115201 2.727852 96.861626
v 4.115201 2.905317 96.861626
v 3.940149 2.727852 96.789330
v 3.940149 2.905317 96.789330
v 3.789774 2.727852 96.674187
v 3.789774 2.905317 96.674187
v 3.674324 2.727852 96.524048
v 3.674324 2.905317 96.524048
v 3.601666 2.727852 96.349144
v 3.601666 2.905317 96.349144
v 3.576753 2.727852 96.161400
v 3.576753 2.905317 96.161400
v 3.601280 2.727852 95.973595
v 3.601280 2.905317 95.973595
v 3.673579 2.727852 95.798546
v 3.673579 2.905317 95.798546
v 3.788720 2.727852 95.648170
v 3.788720 2.905317 95.648170
v 3.938858 2.727852 95.532722
v 3.938858 2.905317 95.532722
v 4.113761 2.727852 95.460068
v 4.113761 2.905317 95.460068
v 4.301509 2.727852 95.435150
v 4.301509 2.905317 95.435150
v 4.466287 3.625881 95.545952
v 4.619795 3.625881 95.609352
v 4.603721 3.798442 95.637253
v 4.457984 3.798442 95.577065
v 4.751663 3.625881 95.710320
v 4.728914 3.798442 95.733116
v 4.852904 3.625881 95.841980
v 4.825030 3.798442 95.858109
v 4.916620 3.625881 95.995354
v 4.885521 3.798442 96.003723
v 4.938468 3.625881 96.159996
v 4.906263 3.798442 96.160034
v 4.916958 3.625881 96.324684
v 4.885842 3.798442 96.316383
v 4.853558 3.625881 96.478195
v 4.825651 3.798442 96.462120
v 4.752587 3.625881 96.610062
v 4.729791 3.798442 96.587311
v 4.620927 3.625881 96.711304
v 4.604795 3.798442 96.683426
v 4.467550 3.625881 96.775017
v 4.459183 3.798442 96.743919
v 4.302907 3.625881 96.796867
v 4.302875 3.798442 96.764664
v 4.138221 3.625881 96.775352
v 4.146525 3.798442 96.744240
v 3.984714 3.625881 96.711952
v 4.000787 3.798442 96.684052
v 3.852846 3.625881 96.610985
v 3.875595 3.798442 96.588188
v 3.751604 3.625881 96.479324
v 3.779478 3.798442 96.463196
v 3.687888 3.625881 96.325951
v 3.718987 3.798442 96.317581
v 3.666041 3.625881 96.161308
v 3.698246 3.798442 96.161270
v 3.687550 3.625881 95.996620
v 3.718666 3.798442 96.004921
v 3.750951 3.625881 95.843109
v 3.778857 3.798442 95.859184
v 3.851922 3.625881 95.711243
v 3.874717 3.798442 95.733994
v 3.983582 3.625881 95.610001
v 3.999713 3.798442 95.637878
v 4.136959 3.625881 95.546288
v 4.145326 3.798442 95.577385
v 4.301601 3.625881 95.524437
v 4.301634 3.798442 95.556641
v 4.455956 1.818726 95.584663
v 4.599796 1.818726 95.644073
v 4.620844 1.998971 95.607529
v 4.466829 1.998971 95.543915
v 4.723359 1.818726 95.738678
v 4.753148 1.998971 95.708832
v 4.818224 1.818726 95.862053
v 4.854724 1.998971 95.840927
v 4.877927 1.818726 96.005768
v 4.918650 1.998971 95.994812
v 4.898398 1.818726 96.160042
v 4.940569 1.998971 96.159996
v 4.878244 1.818726 96.314354
v 4.918990 1.998971 96.325226
v 4.818836 1.818726 96.458191
v 4.855380 1.998971 96.479240
v 4.724225 1.818726 96.581757
v 4.754075 1.998971 96.611549
v 4.600857 1.818726 96.676620
v 4.621980 1.998971 96.713120
v 4.457139 1.818726 96.736328
v 4.468096 1.998971 96.777046
v 4.302866 1.818726 96.756798
v 4.302910 1.998971 96.798965
v 4.148552 1.818726 96.736641
v 4.137679 1.998971 96.777390
v 4.004712 1.818726 96.677231
v 3.983664 1.998971 96.713776
v 3.881150 1.818726 96.582626
v 3.851361 1.998971 96.612473
v 3.786284 1.818726 96.459251
v 3.749784 1.998971 96.480377
v 3.726582 1.818726 96.315536
v 3.685858 1.998971 96.326492
v 3.706110 1.818726 96.161263
v 3.663939 1.998971 96.161308
v 3.726264 1.818726 96.006950
v 3.685519 1.998971 95.996078
v 3.785672 1.818726 95.863113
v 3.749129 1.998971 95.842064
v 3.880284 1.818726 95.739548
v 3.850433 1.998971 95.709755
v 4.003652 1.818726 95.644684
v 3.982529 1.998971 95.608185
v 4.147369 1.818726 95.584976
v 4.136413 1.998971 95.544258
v 4.301642 1.818726 95.564507
v 4.301599 1.998971 95.522339
vn 0.4575 -0.8887 -0.0304
vn 0.5668 -0.0881 -0.8191
vn 0.3329 -0.1908 -0.9235
vn 0.7769 -0.2494 -0.5782
vn 0.7048 -0.0835 -0.7045
vn 0.8664 -0.0863 -0.4919
vn 0.9574 -0.2599 -0.1258
vn 0.9366 -0.1805 -0.3004
vn 0.9963 -0.0865 0.0010
vn 0.8960 -0.2826 0.3426
vn 0.9609 -0.0878 0.2626
vn 0.7482 -0.2501 0.6145
vn 0.8747 -0.1805 0.4499
vn 0.7029 -0.0910 0.7055
vn 0.3570 -0.2511 0.8997
vn 0.5325 -0.1805 0.8269
vn 0.2568 -0.0921 0.9621
vn -0.1401 -0.2545 0.9569
vn -0.0021 -0.0853 0.9964
vn -0.2648 -0.0863 0.9604
vn -0.6017 -0.2463 0.7598
vn -0.4499 -0.1805 0.8747
vn -0.7049 -0.0896 0.7036
vn -0.8997 -0.2511 0.3570
vn -0.8270 -0.1804 0.5325
vn -0.9619 -0.0907 0.2578
vn -0.9578 -0.2582 -0.1262
vn -0.9964 -0.0853 -0.0021
vn -0.9610 -0.0819 -0.2641
vn -0.7768 -0.2826 -0.5628
vn -0.8602 -0.0877 -0.5023
vn -0.5637 -0.2501 -0.7872
vn -0.7284 -0.1805 -0.6609
vn -0.4957 -0.0889 -0.8639
vn -0.1120 -0.2445 -0.9631
vn -0.2577 -0.0834 -0.9626
vn 0.0072 -0.0863 -0.9962
vn 0.2630 -0.0416 -0.9639
vn 0.9650 -0.0455 -0.2581
vn 0.8649 -0.0455 0.4998
vn 0.4991 -0.0455 0.8653
vn -0.5031 -0.0416 0.8633
vn -0.8673 -0.0416 0.4961
vn -0.7061 -0.0455 -0.7067
vn 0.2498 0.0874 -0.9643
vn 0.4963 0.0834 -0.8641
vn 0.6989 0.0856 -0.7100
vn 0.8607 0.0860 -0.5018
vn 0.9640 0.0455 -0.2619
vn 0.9961 0.0878 -0.0064
vn 0.9634 0.0860 0.2537
vn 0.8668 0.0455 0.4965
vn 0.7074 0.0905 0.7010
vn 0.5006 0.0525 0.8641
vn 0.2614 0.0506 0.9639
vn 0.0082 0.0849 0.9964
vn -0.2539 0.0853 0.9635
vn -0.4909 0.0874 0.8668
vn -0.7016 0.0853 0.7074
vn -0.8609 0.0901 0.5008
vn -0.9632 0.0416 0.2654
vn -0.9961 0.0878 0.0064
vn -0.9648 0.0818 -0.2498
vn -0.8638 0.0837 -0.4968
vn -0.7088 0.0455 -0.7039
vn -0.5014 0.0878 -0.8608
vn -0.2677 0.0842 -0.9598
vn -0.0041 0.0854 -0.9963
vn 0.9614 0.1804 -0.2075
vn 0.8266 0.1804 0.5332
vn 0.4892 0.1612 0.8571
vn 0.2418 0.1681 0.9557
vn -0.9615 0.1804 0.2075
vn -0.7092 0.1674 -0.6849
vn 0.6522 0.3353 -0.6798
vn 0.6740 0.2746 -0.6858
vn 0.8871 0.2530 -0.3860
vn 0.9641 0.2654 -0.0086
vn 0.8964 0.2493 0.3665
vn 0.6227 0.2544 0.7399
vn 0.2548 0.2702 0.9285
vn -0.1225 0.2475 0.9611
vn -0.5684 0.2451 0.7854
vn -0.8782 0.2504 0.4074
vn -0.9612 0.2758 0.0083
vn -0.8962 0.2574 -0.3614
vn -0.6065 0.2506 -0.7545
vn -0.1523 0.2551 -0.9549
vn -0.2890 -0.9069 0.3065
vn -0.6086 -0.4062 0.6817
vn -0.8780 -0.4787 0.0071
vn -0.3929 -0.9088 0.1407
vn -0.2209 -0.9071 -0.3582
vn -0.3752 -0.9068 -0.1924
vn -0.0371 -0.9035 -0.4271
vn 0.1246 -0.9089 -0.3979
vn 0.2875 -0.8917 -0.3497
vn 0.4449 -0.8820 -0.1552
vn 0.4699 -0.8769 0.1013
vn 0.3513 -0.8800 0.3196
vn 0.1388 -0.8863 0.4419
vn -0.3754 0.8385 0.3950
vn -0.8340 0.5242 0.1719
vn -0.7937 0.5714 0.2085
vn -0.5773 0.5336 -0.6181
vn -0.8163 0.5768 0.0297
vn -0.6401 0.6727 -0.3710
vn -0.4537 0.7352 -0.5036
vn -0.0858 0.7953 -0.6001
vn 0.2935 0.8651 -0.4068
vn 0.4477 0.8941 -0.0106
vn 0.4352 0.8498 0.2974
vn 0.2552 0.8075 0.5318
vn -0.0273 0.7246 0.6887
vn -0.3185 0.6772 0.6633
vn -0.7902 -0.5015 0.3523
vn -0.5036 -0.4729 0.7230
vn -0.5660 -0.6070 0.5578
vn -0.7638 -0.6042 0.2268
vn -0.8005 -0.4675 -0.3751
vn -0.1358 -0.5016 -0.8544
vn -0.3990 -0.6044 -0.6896
vn -0.1004 -0.5266 -0.8442
vn 0.4039 -0.4585 -0.7916
vn 0.8356 -0.5142 -0.1935
vn 0.6688 -0.6247 -0.4031
vn 0.7818 -0.6230 -0.0247
vn 0.6691 -0.4724 0.5738
vn 0.2912 -0.4741 0.8309
vn -0.4947 0.4275 0.7566
vn -0.2409 0.8320 0.4998
vn -0.8079 0.4131 0.4204
vn -0.9154 0.3998 0.0463
vn -0.8410 0.4343 -0.3226
vn -0.5873 0.4350 -0.6825
vn -0.2224 0.3940 -0.8918
vn 0.0796 0.4194 -0.9043
vn 0.5098 0.4384 -0.7402
vn 0.8230 0.4088 -0.3944
vn 0.9120 0.4071 0.0504
vn 0.8073 0.3871 0.4455
vn 0.5959 0.4030 0.6946
vn 0.2565 0.3843 0.8869
vn 0.2498 0.2476 -0.9361
vn 0.2499 -0.2476 -0.9361
vn 0.4835 -0.2476 -0.8396
vn 0.4835 0.2476 -0.8396
vn 0.6844 -0.2476 -0.6858
vn 0.6844 0.2476 -0.6858
vn 0.8386 -0.2476 -0.4853
vn 0.8385 0.2476 -0.4853
vn 0.9356 -0.2476 -0.2518
vn 0.9356 0.2476 -0.2518
vn 0.9689 -0.2476 -0.0010
vn 0.9689 0.2476 -0.0010
vn 0.9361 -0.2476 0.2498
vn 0.9361 0.2476 0.2498
vn 0.8396 -0.2476 0.4835
vn 0.8396 0.2476 0.4835
vn 0.6858 -0.2476 0.6844
vn 0.6858 0.2476 0.6844
vn 0.4853 -0.2476 0.8386
vn 0.4853 0.2476 0.8385
vn 0.2518 -0.2476 0.9356
vn 0.2518 0.2476 0.9356
vn 0.0010 -0.2476 0.9689
vn 0.0010 0.2476 0.9689
vn -0.2498 -0.2476 0.9361
vn -0.2498 0.2476 0.9361
vn -0.4835 -0.2476 0.8396
vn -0.4835 0.2476 0.8396
vn -0.6844 -0.2476 0.6858
vn -0.6844 0.2476 0.6858
vn -0.8386 -0.2476 0.4853
vn -0.8385 0.2476 0.4853
vn -0.9356 -0.2476 0.2518
vn -0.9356 0.2476 0.2518
vn -0.9689 -0.2476 0.0010
vn -0.9689 0.2476 0.0010
vn -0.9361 -0.2476 -0.2498
vn -0.9361 0.2476 -0.2498
vn -0.8396 -0.2476 -0.4835
vn -0.8396 0.2476 -0.4835
vn -0.6858 -0.2476 -0.6844
vn -0.6858 0.2476 -0.6844
vn -0.4853 -0.2476 -0.8386
vn -0.4853 0.2476 -0.8385
vn -0.2518 -0.2476 -0.9356
vn -0.2518 0.2476 -0.9356
vn -0.0010 -0.2476 -0.9689
vn -0.0010 0.2476 -0.9689
vn 0.6250 0.4372 -0.6467
vn -0.1463 -0.3747 -0.9155
vn 0.6734 -0.0705 -0.7359
vn 0.7149 0.3833 -0.5848
vn 0.9391 -0.0628 -0.3379
vn 0.8845 0.3944 -0.2492
vn 0.9973 -0.0653 0.0339
vn 0.9159 0.3814 0.1252
vn 0.8811 -0.0656 0.4683
vn 0.8166 0.3909 0.4246
vn 0.5659 0.3746 0.7345
vn 0.2719 -0.0968 0.9574
vn 0.2822 -0.0690 0.9569
vn 0.1387 0.3788 0.9150
vn -0.2296 -0.0650 0.9711
vn -0.1988 0.3909 0.8987
vn -0.5484 0.3698 0.7500
vn -0.8111 -0.0617 0.5816
vn -0.8039 0.3885 0.4503
vn -0.9670 -0.0669 0.2458
vn -0.9138 0.3860 0.1264
vn -0.9822 -0.0628 -0.1769
vn -0.8906 0.3944 -0.2265
vn -0.8467 -0.0653 -0.5280
vn -0.7283 0.3805 -0.5699
vn -0.5365 -0.0705 -0.8409
vn -0.3798 0.3833 -0.8419
vn -0.0834 -0.0628 -0.9945
vn -0.0118 0.3944 -0.9189
vn 0.6778 0.0907 -0.7297
vn -0.1833 -0.6278 -0.7565
vn 0.6038 -0.4130 -0.6818
vn 0.6869 0.0065 -0.7267
vn 0.9249 0.0029 -0.3801
vn 0.8952 -0.4454 0.0146
vn 0.9090 -0.4143 -0.0455
vn 0.9996 0.0065 -0.0282
vn 0.9241 0.0014 0.3822
vn 0.7013 -0.3972 0.5920
vn 0.6209 0.0007 0.7839
vn 0.3165 -0.3980 0.8611
vn 0.1426 0.0022 0.9898
vn -0.2458 -0.4454 0.8609
vn -0.1914 -0.4143 0.8898
vn -0.2315 0.0065 0.9728
vn -0.5995 0.0042 0.8004
vn -0.7467 -0.4102 0.5236
vn -0.8734 0.0037 0.4869
vn -0.8785 -0.4148 0.2372
vn -0.9914 0.0120 0.1303
vn -0.8923 -0.4247 -0.1529
vn -0.9671 0.0053 -0.2543
vn -0.7801 -0.4138 -0.4693
vn -0.7836 0.0069 -0.6212
vn -0.5095 -0.4171 -0.7527
vn -0.4007 0.0087 -0.9162
vn -0.0832 -0.4247 -0.9015
vn -0.0047 0.0053 -1.0000
vn -0.0000 -1.0000 -0.0000
vn -0.0000 1.0000 -0.0000
vn 0.0350 -0.9835 -0.1774
vn 0.1396 -0.9715 -0.1917
vn -0.1192 0.9794 0.1627
vn -0.0366 0.9715 0.2343
vn 0.1247 -0.9798 -0.1564
vn -0.1489 0.9715 0.1846
vn 0.2167 -0.9715 -0.0962
vn -0.1641 0.9831 0.0812
vn 0.1686 -0.9844 -0.0504
vn -0.1739 0.9839 0.0417
vn 0.1804 -0.9835 -0.0122
vn -0.2358 0.9715 0.0253
vn 0.2213 -0.9715 0.0852
vn -0.1735 0.9831 -0.0586
vn 0.1833 -0.9798 0.0800
vn -0.1525 0.9839 -0.0935
vn 0.1490 -0.9715 0.1844
vn -0.1846 0.9715 -0.1489
vn 0.0923 -0.9844 0.1499
vn -0.0813 0.9794 -0.1846
vn 0.0584 -0.9835 0.1711
vn -0.0854 0.9715 -0.2212
vn -0.0250 -0.9715 0.2358
vn 0.0117 0.9831 -0.1827
vn -0.0298 -0.9798 0.1978
vn 0.0509 0.9839 -0.1715
vn -0.1396 -0.9715 0.1917
vn 0.0960 0.9715 -0.2168
vn -0.1247 -0.9798 0.1564
vn 0.1375 0.9831 -0.1209
vn -0.2167 -0.9715 0.0962
vn 0.1572 0.9839 -0.0853
vn -0.1862 -0.9798 0.0731
vn 0.2212 0.9715 -0.0854
vn -0.2358 -0.9715 -0.0250
vn 0.1827 0.9831 0.0117
vn -0.1713 -0.9844 -0.0407
vn 0.1715 0.9839 0.0509
vn -0.1623 -0.9835 -0.0797
vn 0.2168 0.9715 0.0960
vn -0.1490 -0.9715 -0.1844
vn 0.1263 0.9794 0.1573
vn -0.1188 -0.9798 -0.1609
vn 0.1398 0.9715 0.1916
vn -0.0368 -0.9715 -0.2342
vn 0.0360 0.9831 0.1795
vn -0.0050 -0.9844 -0.1759
vn -0.0047 0.9839 0.1788
vn -0.0358 -0.9830 0.1803
vn -0.1394 -0.9714 0.1921
vn 0.1004 0.9835 -0.1504
vn 0.0364 0.9714 -0.2345
vn -0.1265 -0.9793 0.1580
vn 0.1276 0.9844 -0.1210
vn -0.2168 -0.9714 0.0966
vn 0.1915 0.9714 -0.1401
vn -0.1721 -0.9837 0.0514
vn 0.1774 0.9835 -0.0353
vn -0.1834 -0.9830 0.0121
vn 0.1758 0.9844 0.0047
vn -0.2216 -0.9714 -0.0850
vn 0.2345 0.9714 0.0364
vn -0.1854 -0.9793 -0.0813
vn 0.1613 0.9798 0.1185
vn -0.1494 -0.9714 -0.1844
vn 0.1849 0.9714 0.1487
vn -0.1199 -0.9793 -0.1631
vn 0.0804 0.9798 0.1833
vn -0.0372 -0.9714 -0.2344
vn 0.0858 0.9714 0.2213
vn -0.0051 -0.9837 -0.1795
vn -0.0118 0.9835 0.1805
vn 0.0358 -0.9830 -0.1803
vn -0.0500 0.9844 0.1686
vn 0.1394 -0.9714 -0.1921
vn -0.0958 0.9714 0.2171
vn 0.1265 -0.9793 -0.1580
vn -0.1359 0.9835 0.1193
vn 0.2168 -0.9714 -0.0966
vn -0.1546 0.9844 0.0838
vn 0.1886 -0.9793 -0.0736
vn -0.2213 0.9714 0.0857
vn 0.2361 -0.9714 0.0247
vn -0.1805 0.9835 -0.0118
vn 0.1747 -0.9837 0.0415
vn -0.1686 0.9844 -0.0500
vn 0.1649 -0.9830 0.0813
vn -0.2171 0.9714 -0.0958
vn 0.1494 -0.9714 0.1844
vn -0.1251 0.9798 -0.1562
vn 0.1199 -0.9793 0.1631
vn -0.1401 0.9714 -0.1915
vn 0.0372 -0.9714 0.2344
vn -0.0353 0.9835 -0.1774
vn 0.0051 -0.9837 0.1795
vn 0.0047 0.9844 -0.1758
vt 0.745591 0.000000
vt 0.768298 0.140562
vt 0.729884 0.079842
vt 0.822421 0.000000
vt 0.806713 0.140563
vt 0.845128 0.140562
vt 0.899251 0.000000
vt 0.883543 0.079842
vt 0.921958 0.140563
vt 0.000000 0.140563
vt 0.000000 0.000000
vt 0.038415 0.000000
vt 0.038415 0.140563
vt 0.092538 0.000000
vt 0.076830 0.079842
vt 0.115245 0.140563
vt 0.169368 0.000000
vt 0.153660 0.079842
vt 0.192075 0.140563
vt 0.246197 0.000000
vt 0.230489 0.140563
vt 0.268904 0.140563
vt 0.323027 0.000000
vt 0.307319 0.079842
vt 0.345734 0.140562
vt 0.399857 0.000000
vt 0.384149 0.079842
vt 0.422564 0.140562
vt 0.476686 0.000000
vt 0.460979 0.140563
vt 0.499394 0.140562
vt 0.537809 0.000000
vt 0.537809 0.140562
vt 0.591932 0.000000
vt 0.576224 0.079842
vt 0.614639 0.140563
vt 0.668762 0.000000
vt 0.653054 0.140563
vt 0.691469 0.140562
vt 0.729884 0.159683
vt 0.883543 0.159683
vt 0.076830 0.159683
vt 0.153660 0.159683
vt 0.307319 0.159683
vt 0.384149 0.159683
vt 0.576224 0.159683
vt 0.729884 0.258646
vt 0.768298 0.258645
vt 0.806713 0.258645
vt 0.845128 0.258646
vt 0.883543 0.239525
vt 0.921958 0.258645
vt 0.000000 0.258645
vt 0.038415 0.258645
vt 0.076830 0.239525
vt 0.115245 0.258645
vt 0.153660 0.239525
vt 0.192075 0.239525
vt 0.230489 0.258646
vt 0.268904 0.258645
vt 0.307319 0.258646
vt 0.345734 0.258645
vt 0.384149 0.258646
vt 0.422564 0.239525
vt 0.460979 0.258646
vt 0.499394 0.258646
vt 0.537809 0.258646
vt 0.576224 0.239525
vt 0.614639 0.258646
vt 0.653054 0.258645
vt 0.691469 0.258646
vt 0.883543 0.319366
vt 0.076830 0.319366
vt 0.153660 0.319366
vt 0.192075 0.319366
vt 0.422564 0.319366
vt 0.576224 0.319366
vt 0.752591 0.399208
vt 0.806713 0.399208
vt 0.867835 0.399208
vt 0.921958 0.399208
vt 0.000000 0.399208
vt 0.061122 0.399208
vt 0.137952 0.399208
vt 0.192075 0.399208
vt 0.253196 0.399208
vt 0.330026 0.399204
vt 0.406856 0.399201
vt 0.460979 0.399208
vt 0.522102 0.399208
vt 0.598931 0.399208
vt 0.675761 0.399208
vt 0.571328 0.488533
vt 0.589073 0.550913
vt 0.475348 0.427030
vt 0.524769 0.443383
vt 0.373853 0.465613
vt 0.429515 0.432327
vt 0.342291 0.522271
vt 0.339287 0.574240
vt 0.356266 0.617140
vt 0.402825 0.662291
vt 0.465720 0.678114
vt 0.528100 0.660368
vt 0.573251 0.613809
vt 0.276453 0.579776
vt 0.246769 0.637440
vt 0.192229 0.672535
vt 0.127450 0.675660
vt 0.069786 0.645975
vt 0.034691 0.591436
vt 0.027891 0.545802
vt 0.042612 0.495871
vt 0.086209 0.447855
vt 0.128529 0.429477
vt 0.180569 0.430773
vt 0.223490 0.447702
vt 0.259371 0.485416
vt 0.277749 0.527736
vt 0.573096 0.461899
vt 0.570305 0.442998
vt 0.610956 0.510968
vt 0.597412 0.507780
vt 0.526417 0.426497
vt 0.501117 0.404459
vt 0.454857 0.412113
vt 0.437654 0.400793
vt 0.385693 0.435437
vt 0.385267 0.421529
vt 0.347669 0.470798
vt 0.330134 0.478386
vt 0.325555 0.525050
vt 0.310816 0.555192
vt 0.323672 0.576942
vt 0.346397 0.630941
vt 0.332489 0.631367
vt 0.381758 0.668965
vt 0.389346 0.686500
vt 0.436010 0.691079
vt 0.466152 0.705818
vt 0.508854 0.686451
vt 0.528401 0.692934
vt 0.569625 0.646022
vt 0.573636 0.659346
vt 0.602039 0.580624
vt 0.612175 0.590157
vt 0.290044 0.623239
vt 0.262840 0.642877
vt 0.293089 0.576449
vt 0.256513 0.668515
vt 0.200688 0.698921
vt 0.203429 0.685280
vt 0.144961 0.707226
vt 0.145682 0.695155
vt 0.083987 0.689252
vt 0.095572 0.681544
vt 0.025350 0.636016
vt 0.039237 0.635133
vt 0.002906 0.584337
vt 0.014752 0.581909
vt 0.004486 0.520789
vt 0.014930 0.529984
vt 0.040752 0.450408
vt 0.045305 0.463627
vt 0.107371 0.407621
vt 0.104786 0.421556
vt 0.163057 0.399207
vt 0.177242 0.414137
vt 0.224032 0.417181
vt 0.232191 0.434457
vt 0.282668 0.470418
vt 0.268782 0.471300
vt 0.306831 0.545840
vt 0.293267 0.524523
vt 0.000000 0.756475
vt 0.000000 0.717896
vt 0.041667 0.717896
vt 0.041667 0.756475
vt 0.083333 0.717896
vt 0.083333 0.756475
vt 0.125000 0.717896
vt 0.125000 0.756475
vt 0.166666 0.717896
vt 0.166666 0.756475
vt 0.208333 0.717896
vt 0.208333 0.756475
vt 0.250000 0.717896
vt 0.250000 0.756475
vt 0.291666 0.717896
vt 0.291666 0.756475
vt 0.333333 0.717896
vt 0.333333 0.756475
vt 0.374999 0.717896
vt 0.374999 0.756475
vt 0.416666 0.717896
vt 0.416666 0.756475
vt 0.458333 0.717896
vt 0.458333 0.756475
vt 0.499999 0.717896
vt 0.499999 0.756475
vt 0.541666 0.717896
vt 0.541666 0.756475
vt 0.583333 0.717896
vt 0.583333 0.756475
vt 0.624999 0.717896
vt 0.624999 0.756475
vt 0.666666 0.717896
vt 0.666666 0.756475
vt 0.708333 0.717896
vt 0.708333 0.756475
vt 0.750000 0.717896
vt 0.750000 0.756475
vt 0.791666 0.717896
vt 0.791666 0.756475
vt 0.833333 0.717896
vt 0.833333 0.756475
vt 0.875000 0.717896
vt 0.875000 0.756475
vt 0.916667 0.717896
vt 0.916667 0.756475
vt 0.958333 0.717896
vt 0.958333 0.756475
vt 1.000000 0.717896
vt 1.000000 0.756475
vt 0.022701 0.878038
vt 0.015983 0.843205
vt 0.093361 0.843205
vt 0.100079 0.878038
vt 0.154756 0.843205
vt 0.154756 0.878038
vt 0.209428 0.843205
vt 0.216146 0.878038
vt 0.286806 0.843205
vt 0.270823 0.878038
vt 0.332213 0.878038
vt 0.348201 0.843205
vt 0.402873 0.843205
vt 0.409591 0.878038
vt 0.480252 0.843205
vt 0.464268 0.878038
vt 0.525659 0.878038
vt 0.557630 0.843205
vt 0.580336 0.878038
vt 0.635008 0.843205
vt 0.641726 0.878038
vt 0.696403 0.843205
vt 0.696403 0.878038
vt 0.751076 0.843205
vt 0.757794 0.878038
vt 0.828454 0.843205
vt 0.835172 0.878038
vt 0.889849 0.843205
vt 0.889849 0.878038
vt 0.928538 0.843205
vt 0.928538 0.878038
vt 0.020446 0.820771
vt 0.014406 0.779689
vt 0.084099 0.779689
vt 0.069693 0.820771
vt 0.124985 0.820771
vt 0.139385 0.779689
vt 0.188638 0.779689
vt 0.174231 0.820771
vt 0.229524 0.820771
vt 0.258330 0.779689
vt 0.299217 0.820771
vt 0.328023 0.779689
vt 0.368909 0.820771
vt 0.383309 0.779689
vt 0.432562 0.779689
vt 0.418156 0.820771
vt 0.473448 0.820771
vt 0.502255 0.779689
vt 0.522695 0.820771
vt 0.571947 0.779689
vt 0.577987 0.820771
vt 0.627234 0.779689
vt 0.627234 0.820771
vt 0.676486 0.779689
vt 0.682527 0.820771
vt 0.746180 0.779689
vt 0.752220 0.820771
vt 0.801466 0.779689
vt 0.801466 0.820771
vt 0.836312 0.779689
vt 0.836312 0.820771
vt 0.000000 0.707224
vt 0.041667 0.707224
vt 0.041667 0.768669
vt 0.000000 0.768669
vt 0.083333 0.707224
vt 0.083333 0.768669
vt 0.125000 0.707224
vt 0.125000 0.768669
vt 0.166666 0.707224
vt 0.166666 0.768669
vt 0.208333 0.707224
vt 0.208333 0.768669
vt 0.250000 0.707224
vt 0.250000 0.768669
vt 0.291666 0.707224
vt 0.291666 0.768669
vt 0.333333 0.707224
vt 0.333333 0.768669
vt 0.374999 0.707224
vt 0.374999 0.768669
vt 0.416666 0.707224
vt 0.416666 0.768669
vt 0.458333 0.707224
vt 0.458333 0.768669
vt 0.499999 0.707224
vt 0.499999 0.768669
vt 0.541666 0.707224
vt 0.541666 0.768669
vt 0.583333 0.707224
vt 0.583333 0.768669
vt 0.624999 0.707224
vt 0.624999 0.768669
vt 0.666666 0.707224
vt 0.666666 0.768669
vt 0.708333 0.707224
vt 0.708333 0.768669
vt 0.750000 0.707224
vt 0.750000 0.768669
vt 0.791666 0.707224
vt 0.791666 0.768669
vt 0.833333 0.707224
vt 0.833333 0.768669
vt 0.875000 0.707224
vt 0.875000 0.768669
vt 0.916667 0.707224
vt 0.916667 0.768669
vt 0.958333 0.707224
vt 0.958333 0.768669
vt 1.000000 0.707224
vt 1.000000 0.768669
vt 0.000000 0.832182
vt 0.038689 0.832182
vt 0.038689 0.887660
vt 0.000000 0.887660
vt 0.077378 0.832182
vt 0.077378 0.887660
vt 0.116067 0.832182
vt 0.116067 0.887660
vt 0.154756 0.832182
vt 0.154756 0.887660
vt 0.193445 0.832182
vt 0.193445 0.887660
vt 0.232134 0.832182
vt 0.232134 0.887660
vt 0.270823 0.832182
vt 0.270823 0.887660
vt 0.309512 0.832182
vt 0.309512 0.887660
vt 0.348201 0.832182
vt 0.348201 0.887660
vt 0.386890 0.832182
vt 0.386890 0.887660
vt 0.425579 0.832182
vt 0.425579 0.887660
vt 0.464268 0.832182
vt 0.464268 0.887660
vt 0.502958 0.832182
vt 0.502958 0.887660
vt 0.541647 0.832182
vt 0.541647 0.887660
vt 0.580336 0.832182
vt 0.580336 0.887660
vt 0.619025 0.832182
vt 0.619025 0.887660
vt 0.657714 0.832182
vt 0.657714 0.887660
vt 0.696403 0.832182
vt 0.696403 0.887660
vt 0.735093 0.832182
vt 0.735093 0.887660
vt 0.773782 0.832182
vt 0.773782 0.887660
vt 0.812471 0.832182
vt 0.812471 0.887660
vt 0.851160 0.832182
vt 0.851160 0.887660
vt 0.889849 0.832182
vt 0.889849 0.887660
vt 0.928538 0.832182
vt 0.928538 0.887660
vt 0.034846 0.768669
vt 0.034846 0.832182
vt 0.069693 0.768669
vt 0.069693 0.832182
vt 0.104539 0.768669
vt 0.104539 0.832182
vt 0.139385 0.768669
vt 0.139385 0.832182
vt 0.174231 0.768669
vt 0.174231 0.832182
vt 0.209078 0.768669
vt 0.209078 0.832182
vt 0.243924 0.768669
vt 0.243924 0.832182
vt 0.278770 0.768669
vt 0.278770 0.832182
vt 0.313617 0.768669
vt 0.313617 0.832182
vt 0.348463 0.768669
vt 0.348463 0.832182
vt 0.383309 0.768669
vt 0.383309 0.832182
vt 0.418156 0.768669
vt 0.418156 0.832182
vt 0.453002 0.768669
vt 0.453002 0.832182
vt 0.487848 0.768669
vt 0.487848 0.832182
vt 0.522695 0.768669
vt 0.522695 0.832182
vt 0.557541 0.768669
vt 0.557541 0.832182
vt 0.592387 0.768669
vt 0.592387 0.832182
vt 0.627234 0.768669
vt 0.627234 0.832182
vt 0.662080 0.768669
vt 0.662080 0.832182
vt 0.696927 0.768669
vt 0.696927 0.832182
vt 0.731773 0.768669
vt 0.731773 0.832182
vt 0.766620 0.768669
vt 0.766620 0.832182
vt 0.801466 0.768669
vt 0.801466 0.832182
vt 0.836312 0.768669
vt 0.836312 0.832182
s 1
usemtl barrel_low_initialShadingGroup
f 1180/1303/1042 1182/1305/1044 1181/1304/1043
f 1181/1304/1043 1183/1306/1045 1180/1303/1042
f 1183/1306/1045 1181/1304/1043 1184/1307/1046
f 1183/1306/1045 1184/1307/1046 1185/1308/1047
f 1185/1308/1047 1186/1309/1048 1183/1306/1045
f 1186/1309/1048 1185/1308/1047 1187/1310/1049
f 1186/1309/1048 1187/1310/1049 1188/1311/1050
f 1188/1312/1050 1189/1314/1051 1186/1313/1048
f 1189/1314/1051 1188/1312/1050 1190/1315/1052
f 1190/1315/1052 1191/1316/1053 1189/1314/1051
f 1191/1316/1053 1190/1315/1052 1192/1317/1054
f 1191/1316/1053 1192/1317/1054 1193/1318/1055
f 1193/1318/1055 1194/1319/1056 1191/1316/1053
f 1194/1319/1056 1193/1318/1055 1195/1320/1057
f 1194/1319/1056 1195/1320/1057 1196/1321/1058
f 1196/1321/1058 1197/1322/1059 1194/1319/1056
f 1197/1322/1059 1196/1321/1058 1198/1323/1060
f 1197/1322/1059 1198/1323/1060 1199/1324/1061
f 1199/1324/1061 1200/1325/1062 1197/1322/1059
f 1200/1325/1062 1199/1324/1061 1201/1326/1063
f 1200/1325/1062 1201/1326/1063 1202/1327/1064
f 1202/1327/1064 1203/1328/1065 1200/1325/1062
f 1203/1328/1065 1202/1327/1064 1204/1329/1066
f 1203/1328/1065 1204/1329/1066 1205/1330/1067
f 1205/1330/1067 1206/1331/1068 1203/1328/1065
f 1206/1331/1068 1205/1330/1067 1207/1332/1069
f 1206/1331/1068 1207/1332/1069 1208/1333/1070
f 1208/1333/1070 1209/1334/1071 1206/1331/1068
f 1209/1334/1071 1208/1333/1070 1210/1335/1072
f 1210/1335/1072 1211/1336/1073 1209/1334/1071
f 1211/1336/1073 1210/1335/1072 1212/1337/1074
f 1211/1336/1073 1212/1337/1074 1213/1338/1075
f 1213/1338/1075 1214/1339/1076 1211/1336/1073
f 1214/1339/1076 1213/1338/1075 1215/1340/1077
f 1214/1339/1076 1215/1340/1077 1216/1341/1078
f 1216/1341/1078 1180/1303/1042 1214/1339/1076
f 1180/1303/1042 1216/1341/1078 1182/1305/1044
f 1217/1342/1079 1181/1304/1043 1182/1305/1044
f 1187/1310/1049 1185/1308/1047 1218/1343/1080
f 1218/1343/1080 1188/1311/1050 1187/1310/1049
f 1192/1317/1054 1190/1315/1052 1219/1344/1081
f 1219/1344/1081 1193/1318/1055 1192/1317/1054
f 1195/1320/1057 1193/1318/1055 1220/1345/1082
f 1220/1345/1082 1196/1321/1058 1195/1320/1057
f 1201/1326/1063 1199/1324/1061 1221/1346/1083
f 1221/1346/1083 1202/1327/1064 1201/1326/1063
f 1204/1329/1066 1202/1327/1064 1222/1347/1084
f 1222/1347/1084 1205/1330/1067 1204/1329/1066
f 1212/1337/1074 1210/1335/1072 1223/1348/1085
f 1223/1348/1085 1213/1338/1075 1212/1337/1074
f 1182/1305/1044 1216/1341/1078 1217/1342/1079
f 1225/1349/1086 1181/1304/1043 1217/1342/1079
f 1181/1304/1043 1225/1349/1086 1224/1350/1087
f 1224/1350/1087 1184/1307/1046 1181/1304/1043
f 1184/1307/1046 1224/1350/1087 1226/1351/1088
f 1226/1351/1088 1185/1308/1047 1184/1307/1046
f 1185/1308/1047 1226/1351/1088 1227/1352/1089
f 1227/1352/1089 1218/1343/1080 1185/1308/1047
f 1218/1343/1080 1227/1352/1089 1228/1353/1090
f 1228/1353/1090 1188/1311/1050 1218/1343/1080
f 1188/1311/1050 1228/1353/1090 1229/1354/1091
f 1229/1355/1091 1190/1315/1052 1188/1312/1050
f 1190/1315/1052 1229/1355/1091 1230/1356/1092
f 1230/1356/1092 1219/1344/1081 1190/1315/1052
f 1219/1344/1081 1230/1356/1092 1231/1357/1093
f 1231/1357/1093 1193/1318/1055 1219/1344/1081
f 1193/1318/1055 1231/1357/1093 1232/1358/1094
f 1232/1358/1094 1220/1345/1082 1193/1318/1055
f 1220/1345/1082 1232/1358/1094 1233/1359/1095
f 1233/1359/1095 1196/1321/1058 1220/1345/1082
f 1196/1321/1058 1233/1359/1095 1234/1360/1096
f 1234/1360/1096 1198/1323/1060 1196/1321/1058
f 1198/1323/1060 1234/1360/1096 1235/1361/1097
f 1235/1361/1097 1199/1324/1061 1198/1323/1060
f 1199/1324/1061 1235/1361/1097 1236/1362/1098
f 1236/1362/1098 1221/1346/1083 1199/1324/1061
f 1221/1346/1083 1236/1362/1098 1237/1363/1099
f 1237/1363/1099 1202/1327/1064 1221/1346/1083
f 1202/1327/1064 1237/1363/1099 1238/1364/1100
f 1238/1364/1100 1222/1347/1084 1202/1327/1064
f 1222/1347/1084 1238/1364/1100 1239/1365/1101
f 1239/1365/1101 1205/1330/1067 1222/1347/1084
f 1205/1330/1067 1239/1365/1101 1240/1366/1102
f 1240/1366/1102 1207/1332/1069 1205/1330/1067
f 1207/1332/1069 1240/1366/1102 1241/1367/1103
f 1241/1367/1103 1208/1333/1070 1207/1332/1069
f 1208/1333/1070 1241/1367/1103 1242/1368/1104
f 1242/1368/1104 1210/1335/1072 1208/1333/1070
f 1210/1335/1072 1242/1368/1104 1243/1369/1105
f 1243/1369/1105 1223/1348/1085 1210/1335/1072
f 1223/1348/1085 1243/1369/1105 1244/1370/1106
f 1244/1370/1106 1213/1338/1075 1223/1348/1085
f 1213/1338/1075 1244/1370/1106 1245/1371/1107
f 1245/1371/1107 1215/1340/1077 1213/1338/1075
f 1215/1340/1077 1245/1371/1107 1246/1372/1108
f 1246/1372/1108 1216/1341/1078 1215/1340/1077
f 1216/1341/1078 1246/1372/1108 1247/1373/1109
f 1247/1373/1109 1217/1342/1079 1216/1341/1078
f 1217/1342/1079 1247/1373/1109 1225/1349/1086
f 1228/1353/1090 1227/1352/1089 1248/1374/1110
f 1248/1374/1110 1229/1354/1091 1228/1353/1090
f 1231/1357/1093 1230/1356/1092 1249/1375/1111
f 1249/1375/1111 1232/1358/1094 1231/1357/1093
f 1233/1359/1095 1232/1358/1094 1250/1376/1112
f 1250/1376/1112 1234/1360/1096 1233/1359/1095
f 1234/1360/1096 1250/1376/1112 1251/1377/1113
f 1251/1377/1113 1235/1361/1097 1234/1360/1096
f 1240/1366/1102 1239/1365/1101 1252/1378/1114
f 1252/1378/1114 1241/1367/1103 1240/1366/1102
f 1244/1370/1106 1243/1369/1105 1253/1379/1115
f 1253/1379/1115 1245/1371/1107 1244/1370/1106
f 1254/1380/1116 1224/1350/1087 1225/1349/1086
f 1254/1380/1116 1226/1351/1088 1224/1350/1087
f 1226/1351/1088 1254/1380/1116 1255/1381/1117
f 1255/1381/1117 1227/1352/1089 1226/1351/1088
f 1227/1352/1089 1255/1381/1117 1256/1382/1118
f 1256/1382/1118 1248/1374/1110 1227/1352/1089
f 1256/1382/1118 1229/1354/1091 1248/1374/1110
f 1229/1354/1091 1256/1382/1118 1257/1383/1119
f 1257/1384/1119 1230/1356/1092 1229/1355/1091
f 1230/1356/1092 1257/1384/1119 1258/1385/1120
f 1258/1385/1120 1249/1375/1111 1230/1356/1092
f 1258/1385/1120 1232/1358/1094 1249/1375/1111
f 1232/1358/1094 1258/1385/1120 1259/1386/1121
f 1259/1386/1121 1250/1376/1112 1232/1358/1094
f 1259/1386/1121 1251/1377/1113 1250/1376/1112
f 1251/1377/1113 1259/1386/1121 1260/1387/1122
f 1260/1387/1122 1235/1361/1097 1251/1377/1113
f 1235/1361/1097 1260/1387/1122 1261/1388/1123
f 1261/1388/1123 1236/1362/1098 1235/1361/1097
f 1261/1388/1123 1237/1363/1099 1236/1362/1098
f 1237/1363/1099 1261/1388/1123 1262/1389/1124
f 1262/1389/1124 1238/1364/1100 1237/1363/1099
f 1262/1389/1124 1239/1365/1101 1238/1364/1100
f 1239/1365/1101 1262/1389/1124 1263/1390/1125
f 1263/1390/1125 1252/1378/1114 1239/1365/1101
f 1263/1390/1125 1241/1367/1103 1252/1378/1114
f 1241/1367/1103 1263/1390/1125 1264/1391/1126
f 1264/1391/1126 1242/1368/1104 1241/1367/1103
f 1242/1368/1104 1264/1391/1126 1265/1392/1127
f 1265/1392/1127 1243/1369/1105 1242/1368/1104
f 1265/1392/1127 1253/1379/1115 1243/1369/1105
f 1253/1379/1115 1265/1392/1127 1266/1393/1128
f 1266/1393/1128 1245/1371/1107 1253/1379/1115
f 1266/1393/1128 1246/1372/1108 1245/1371/1107
f 1246/1372/1108 1266/1393/1128 1267/1394/1129
f 1267/1394/1129 1247/1373/1109 1246/1372/1108
f 1267/1394/1129 1225/1349/1086 1247/1373/1109
f 1225/1349/1086 1267/1394/1129 1254/1380/1116
f 1268/1395/1130 1270/1397/1132 1269/1396/1131
f 1271/1398/1133 1270/1397/1132 1268/1395/1130
f 1273/1399/1134 1270/1397/1132 1272/1400/1135
f 1274/1401/1136 1270/1397/1132 1273/1399/1134
f 1275/1402/1137 1270/1397/1132 1274/1401/1136
f 1276/1403/1138 1270/1397/1132 1275/1402/1137
f 1277/1404/1139 1270/1397/1132 1276/1403/1138
f 1278/1405/1140 1270/1397/1132 1277/1404/1139
f 1279/1406/1141 1270/1397/1132 1278/1405/1140
f 1280/1407/1142 1270/1397/1132 1279/1406/1141
f 1269/1396/1131 1270/1397/1132 1280/1407/1142
f 1281/1408/1143 1283/1410/1145 1282/1409/1144
f 1284/1411/1146 1283/1410/1145 1285/1412/1147
f 1285/1412/1147 1283/1410/1145 1286/1413/1148
f 1286/1413/1148 1283/1410/1145 1287/1414/1149
f 1287/1414/1149 1283/1410/1145 1288/1415/1150
f 1288/1415/1150 1283/1410/1145 1289/1416/1151
f 1289/1416/1151 1283/1410/1145 1290/1417/1152
f 1290/1417/1152 1283/1410/1145 1291/1418/1153
f 1291/1418/1153 1283/1410/1145 1292/1419/1154
f 1292/1419/1154 1283/1410/1145 1293/1420/1155
f 1293/1420/1155 1283/1410/1145 1294/1421/1156
f 1294/1421/1156 1283/1410/1145 1281/1408/1143
f 1296/1422/1157 1180/1424/1042 1183/1423/1045
f 1180/1424/1042 1296/1422/1157 1295/1425/1158
f 1183/1423/1045 1297/1426/1159 1296/1422/1157
f 1297/1426/1159 1183/1423/1045 1186/1427/1048
f 1186/1427/1048 1298/1428/1160 1297/1426/1159
f 1298/1428/1160 1186/1427/1048 1189/1429/1051
f 1299/1430/1161 1189/1429/1051 1191/1431/1053
f 1189/1429/1051 1299/1430/1161 1298/1428/1160
f 1300/1432/1162 1191/1431/1053 1194/1433/1056
f 1191/1431/1053 1300/1432/1162 1299/1430/1161
f 1194/1433/1056 1301/1434/1163 1300/1432/1162
f 1301/1434/1163 1194/1433/1056 1197/1435/1059
f 1197/1435/1059 1302/1436/1164 1301/1434/1163
f 1303/1437/1165 1197/1435/1059 1200/1438/1062
f 1197/1435/1059 1303/1437/1165 1302/1436/1164
f 1304/1439/1166 1200/1438/1062 1203/1440/1065
f 1200/1438/1062 1304/1439/1166 1303/1437/1165
f 1203/1440/1065 1305/1441/1167 1304/1439/1166
f 1305/1441/1167 1203/1440/1065 1206/1442/1068
f 1206/1442/1068 1306/1443/1168 1305/1441/1167
f 1306/1443/1168 1206/1442/1068 1209/1444/1071
f 1307/1445/1169 1209/1444/1071 1211/1446/1073
f 1209/1444/1071 1307/1445/1169 1306/1443/1168
f 1308/1447/1170 1211/1446/1073 1214/1448/1076
f 1211/1446/1073 1308/1447/1170 1307/1445/1169
f 1295/1425/1158 1214/1448/1076 1180/1424/1042
f 1214/1448/1076 1295/1425/1158 1308/1447/1170
f 1254/1449/1116 1310/1451/1172 1309/1450/1171
f 1309/1450/1171 1255/1452/1117 1254/1449/1116
f 1309/1450/1171 1256/1453/1118 1255/1452/1117
f 1256/1453/1118 1309/1450/1171 1311/1454/1173
f 1311/1454/1173 1257/1455/1119 1256/1453/1118
f 1257/1455/1119 1311/1454/1173 1312/1456/1174
f 1312/1456/1174 1258/1457/1120 1257/1455/1119
f 1258/1457/1120 1312/1456/1174 1313/1458/1175
f 1313/1458/1175 1259/1459/1121 1258/1457/1120
f 1259/1459/1121 1313/1458/1175 1314/1460/1176
f 1314/1460/1176 1260/1461/1122 1259/1459/1121
f 1260/1461/1122 1314/1460/1176 1315/1462/1177
f 1315/1462/1177 1261/1463/1123 1260/1461/1122
f 1261/1463/1123 1315/1462/1177 1316/1464/1178
f 1316/1464/1178 1262/1465/1124 1261/1463/1123
f 1262/1465/1124 1316/1464/1178 1317/1466/1179
f 1317/1466/1179 1263/1467/1125 1262/1465/1124
f 1263/1467/1125 1317/1466/1179 1318/1468/1180
f 1318/1468/1180 1264/1469/1126 1263/1467/1125
f 1264/1469/1126 1318/1468/1180 1319/1470/1181
f 1319/1470/1181 1265/1471/1127 1264/1469/1126
f 1265/1471/1127 1319/1470/1181 1320/1472/1182
f 1320/1472/1182 1266/1473/1128 1265/1471/1127
f 1266/1473/1128 1320/1472/1182 1321/1474/1183
f 1321/1474/1183 1267/1475/1129 1266/1473/1128
f 1267/1475/1129 1321/1474/1183 1322/1476/1184
f 1267/1475/1129 1322/1476/1184 1310/1451/1172
f 1310/1451/1172 1254/1449/1116 1267/1475/1129
f 1295/1425/1158 1268/1395/1130 1269/1396/1131
f 1268/1395/1130 1295/1425/1158 1296/1422/1157
f 1271/1398/1133 1296/1422/1157 1297/1426/1159
f 1296/1422/1157 1271/1398/1133 1268/1395/1130
f 1270/1397/1132 1297/1426/1159 1298/1428/1160
f 1297/1426/1159 1270/1397/1132 1271/1398/1133
f 1298/1428/1160 1272/1400/1135 1270/1397/1132
f 1272/1400/1135 1298/1428/1160 1299/1430/1161
f 1299/1430/1161 1273/1399/1134 1272/1400/1135
f 1273/1399/1134 1299/1430/1161 1300/1432/1162
f 1274/1401/1136 1300/1432/1162 1301/1434/1163
f 1300/1432/1162 1274/1401/1136 1273/1399/1134
f 1275/1402/1137 1301/1434/1163 1302/1436/1164
f 1301/1434/1163 1275/1402/1137 1274/1401/1136
f 1276/1403/1138 1302/1436/1164 1303/1437/1165
f 1302/1436/1164 1276/1403/1138 1275/1402/1137
f 1277/1404/1139 1303/1437/1165 1304/1439/1166
f 1303/1437/1165 1277/1404/1139 1276/1403/1138
f 1277/1404/1139 1304/1439/1166 1305/1441/1167
f 1305/1441/1167 1278/1405/1140 1277/1404/1139
f 1278/1405/1140 1305/1441/1167 1306/1443/1168
f 1306/1443/1168 1279/1406/1141 1278/1405/1140
f 1279/1406/1141 1306/1443/1168 1307/1445/1169
f 1307/1445/1169 1280/1407/1142 1279/1406/1141
f 1280/1407/1142 1307/1445/1169 1308/1447/1170
f 1308/1447/1170 1269/1396/1131 1280/1407/1142
f 1269/1396/1131 1308/1447/1170 1295/1425/1158
f 1281/1408/1143 1309/1450/1171 1310/1451/1172
f 1309/1450/1171 1281/1408/1143 1282/1409/1144
f 1282/1409/1144 1311/1454/1173 1309/1450/1171
f 1311/1454/1173 1282/1409/1144 1283/1410/1145
f 1283/1410/1145 1312/1456/1174 1311/1454/1173
f 1312/1456/1174 1283/1410/1145 1284/1411/1146
f 1284/1411/1146 1313/1458/1175 1312/1456/1174
f 1313/1458/1175 1284/1411/1146 1285/1412/1147
f 1285/1412/1147 1314/1460/1176 1313/1458/1175
f 1314/1460/1176 1285/1412/1147 1286/1413/1148
f 1286/1413/1148 1315/1462/1177 1314/1460/1176
f 1286/1413/1148 1316/1464/1178 1315/1462/1177
f 1316/1464/1178 1286/1413/1148 1287/1414/1149
f 1316/1464/1178 1287/1414/1149 1288/1415/1150
f 1288/1415/1150 1317/1466/1179 1316/1464/1178
f 1317/1466/1179 1288/1415/1150 1289/1416/1151
f 1289/1416/1151 1318/1468/1180 1317/1466/1179
f 1318/1468/1180 1289/1416/1151 1290/1417/1152
f 1290/1417/1152 1319/1470/1181 1318/1468/1180
f 1319/1470/1181 1290/1417/1152 1291/1418/1153
f 1291/1418/1153 1320/1472/1182 1319/1470/1181
f 1320/1472/1182 1291/1418/1153 1292/1419/1154
f 1292/1419/1154 1321/1474/1183 1320/1472/1182
f 1321/1474/1183 1292/1419/1154 1293/1420/1155
f 1293/1420/1155 1322/1476/1184 1321/1474/1183
f 1322/1476/1184 1293/1420/1155 1294/1421/1156
f 1294/1421/1156 1310/1451/1172 1322/1476/1184
f 1310/1451/1172 1294/1421/1156 1281/1408/1143
f 1326/1477/1185 1324/1479/1187 1323/1478/1186
f 1324/1479/1187 1326/1477/1185 1325/1480/1188
f 1325/1480/1188 1327/1481/1189 1324/1479/1187
f 1327/1481/1189 1325/1480/1188 1328/1482/1190
f 1328/1482/1190 1329/1483/1191 1327/1481/1189
f 1329/1483/1191 1328/1482/1190 1330/1484/1192
f 1330/1484/1192 1331/1485/1193 1329/1483/1191
f 1331/1485/1193 1330/1484/1192 1332/1486/1194
f 1332/1486/1194 1333/1487/1195 1331/1485/1193
f 1333/1487/1195 1332/1486/1194 1334/1488/1196
f 1334/1488/1196 1335/1489/1197 1333/1487/1195
f 1335/1489/1197 1334/1488/1196 1336/1490/1198
f 1336/1490/1198 1337/1491/1199 1335/1489/1197
f 1337/1491/1199 1336/1490/1198 1338/1492/1200
f 1338/1492/1200 1339/1493/1201 1337/1491/1199
f 1339/1493/1201 1338/1492/1200 1340/1494/1202
f 1340/1494/1202 1341/1495/1203 1339/1493/1201
f 1341/1495/1203 1340/1494/1202 1342/1496/1204
f 1342/1496/1204 1343/1497/1205 1341/1495/1203
f 1343/1497/1205 1342/1496/1204 1344/1498/1206
f 1344/1498/1206 1345/1499/1207 1343/1497/1205
f 1345/1499/1207 1344/1498/1206 1346/1500/1208
f 1346/1500/1208 1347/1501/1209 1345/1499/1207
f 1347/1501/1209 1346/1500/1208 1348/1502/1210
f 1348/1502/1210 1349/1503/1211 1347/1501/1209
f 1349/1503/1211 1348/1502/1210 1350/1504/1212
f 1350/1504/1212 1351/1505/1213 1349/1503/1211
f 1351/1505/1213 1350/1504/1212 1352/1506/1214
f 1352/1506/1214 1353/1507/1215 1351/1505/1213
f 1353/1507/1215 1352/1506/1214 1354/1508/1216
f 1354/1508/1216 1355/1509/1217 1353/1507/1215
f 1355/1509/1217 1354/1508/1216 1356/1510/1218
f 1356/1510/1218 1357/1511/1219 1355/1509/1217
f 1357/1511/1219 1356/1510/1218 1358/1512/1220
f 1358/1512/1220 1359/1513/1221 1357/1511/1219
f 1359/1513/1221 1358/1512/1220 1360/1514/1222
f 1360/1514/1222 1361/1515/1223 1359/1513/1221
f 1361/1515/1223 1360/1514/1222 1362/1516/1224
f 1362/1516/1224 1363/1517/1225 1361/1515/1223
f 1363/1517/1225 1362/1516/1224 1364/1518/1226
f 1364/1518/1226 1365/1519/1227 1363/1517/1225
f 1365/1519/1227 1364/1518/1226 1366/1520/1228
f 1366/1520/1228 1367/1521/1229 1365/1519/1227
f 1367/1521/1229 1366/1520/1228 1368/1522/1230
f 1368/1522/1230 1369/1523/1231 1367/1521/1229
f 1369/1523/1231 1368/1522/1230 1370/1524/1232
f 1370/1524/1232 1323/1525/1186 1369/1523/1231
f 1323/1525/1186 1370/1524/1232 1326/1526/1185
f 1372/1527/1233 1373/1529/1235 1371/1528/1234
f 1373/1529/1235 1372/1527/1233 1374/1530/1236
f 1374/1530/1236 1375/1531/1237 1373/1529/1235
f 1375/1531/1237 1374/1530/1236 1376/1532/1238
f 1376/1532/1238 1377/1533/1239 1375/1531/1237
f 1377/1533/1239 1376/1532/1238 1378/1534/1240
f 1378/1534/1240 1379/1535/1241 1377/1533/1239
f 1379/1535/1241 1378/1534/1240 1380/1536/1242
f 1379/1535/1241 1380/1536/1242 1381/1537/1243
f 1381/1537/1243 1382/1538/1244 1379/1535/1241
f 1381/1537/1243 1383/1539/1245 1382/1538/1244
f 1383/1539/1245 1381/1537/1243 1384/1540/1246
f 1384/1540/1246 1385/1541/1247 1383/1539/1245
f 1385/1541/1247 1384/1540/1246 1386/1542/1248
f 1385/1541/1247 1386/1542/1248 1387/1543/1249
f 1387/1543/1249 1388/1544/1250 1385/1541/1247
f 1388/1544/1250 1387/1543/1249 1389/1545/1251
f 1389/1545/1251 1390/1546/1252 1388/1544/1250
f 1390/1546/1252 1389/1545/1251 1391/1547/1253
f 1391/1547/1253 1392/1548/1254 1390/1546/1252
f 1392/1548/1254 1391/1547/1253 1393/1549/1255
f 1393/1549/1255 1394/1550/1256 1392/1548/1254
f 1394/1550/1256 1393/1549/1255 1395/1551/1257
f 1395/1551/1257 1396/1552/1258 1394/1550/1256
f 1396/1552/1258 1395/1551/1257 1397/1553/1259
f 1397/1553/1259 1398/1554/1260 1396/1552/1258
f 1398/1554/1260 1397/1553/1259 1399/1555/1261
f 1399/1555/1261 1371/1556/1234 1398/1554/1260
f 1371/1556/1234 1399/1555/1261 1372/1557/1233
f 1401/1558/1262 1402/1560/1264 1400/1559/1263
f 1402/1560/1264 1401/1558/1262 1403/1561/1265
f 1402/1560/1264 1403/1561/1265 1404/1562/1266
f 1404/1562/1266 1405/1563/1267 1402/1560/1264
f 1404/1562/1266 1406/1564/1268 1405/1563/1267
f 1406/1564/1268 1404/1562/1266 1407/1565/1269
f 1406/1564/1268 1407/1565/1269 1408/1566/1270
f 1408/1566/1270 1409/1567/1271 1406/1564/1268
f 1409/1567/1271 1408/1566/1270 1410/1568/1272
f 1410/1568/1272 1411/1569/1273 1409/1567/1271
f 1411/1569/1273 1410/1568/1272 1412/1570/1274
f 1412/1570/1274 1413/1571/1275 1411/1569/1273
f 1412/1570/1274 1414/1572/1276 1413/1571/1275
f 1414/1572/1276 1412/1570/1274 1415/1573/1277
f 1414/1572/1276 1415/1573/1277 1416/1574/1278
f 1416/1574/1278 1417/1575/1279 1414/1572/1276
f 1417/1575/1279 1416/1574/1278 1418/1576/1280
f 1418/1576/1280 1419/1577/1281 1417/1575/1279
f 1419/1577/1281 1418/1576/1280 1420/1578/1282
f 1420/1578/1282 1421/1579/1283 1419/1577/1281
f 1421/1579/1283 1420/1578/1282 1422/1580/1284
f 1422/1580/1284 1423/1581/1285 1421/1579/1283
f 1423/1581/1285 1422/1580/1284 1424/1582/1286
f 1424/1582/1286 1425/1583/1287 1423/1581/1285
f 1425/1583/1287 1424/1582/1286 1426/1584/1288
f 1426/1584/1288 1427/1585/1289 1425/1583/1287
f 1427/1585/1289 1426/1584/1288 1428/1586/1290
f 1428/1586/1290 1400/1587/1263 1427/1585/1289
f 1400/1587/1263 1428/1586/1290 1401/1588/1262
f 1323/1478/1186 1430/1590/1291 1429/1589/1291
f 1430/1590/1291 1323/1478/1186 1324/1479/1187
f 1325/1480/1188 1432/1592/1292 1431/1591/1292
f 1432/1592/1292 1325/1480/1188 1326/1477/1185
f 1324/1479/1187 1433/1593/1291 1430/1590/1291
f 1433/1593/1291 1324/1479/1187 1327/1481/1189
f 1328/1482/1190 1431/1591/1292 1434/1594/1292
f 1431/1591/1292 1328/1482/1190 1325/1480/1188
f 1327/1481/1189 1435/1595/1291 1433/1593/1291
f 1435/1595/1291 1327/1481/1189 1329/1483/1191
f 1330/1484/1192 1434/1594/1292 1436/1596/1292
f 1434/1594/1292 1330/1484/1192 1328/1482/1190
f 1329/1483/1191 1437/1597/1291 1435/1595/1291
f 1437/1597/1291 1329/1483/1191 1331/1485/1193
f 1332/1486/1194 1436/1596/1292 1438/1598/1292
f 1436/1596/1292 1332/1486/1194 1330/1484/1192
f 1331/1485/1193 1439/1599/1291 1437/1597/1291
f 1439/1599/1291 1331/1485/1193 1333/1487/1195
f 1334/1488/1196 1438/1598/1292 1440/1600/1292
f 1438/1598/1292 1334/1488/1196 1332/1486/1194
f 1333/1487/1195 1441/1601/1291 1439/1599/1291
f 1441/1601/1291 1333/1487/1195 1335/1489/1197
f 1336/1490/1198 1440/1600/1292 1442/1602/1292
f 1440/1600/1292 1336/1490/1198 1334/1488/1196
f 1335/1489/1197 1443/1603/1291 1441/1601/1291
f 1443/1603/1291 1335/1489/1197 1337/1491/1199
f 1338/1492/1200 1442/1602/1292 1444/1604/1292
f 1442/1602/1292 1338/1492/1200 1336/1490/1198
f 1337/1491/1199 1445/1605/1291 1443/1603/1291
f 1445/1605/1291 1337/1491/1199 1339/1493/1201
f 1340/1494/1202 1444/1604/1292 1446/1606/1292
f 1444/1604/1292 1340/1494/1202 1338/1492/1200
f 1339/1493/1201 1447/1607/1291 1445/1605/1291
f 1447/1607/1291 1339/1493/1201 1341/1495/1203
f 1342/1496/1204 1446/1606/1292 1448/1608/1292
f 1446/1606/1292 1342/1496/1204 1340/1494/1202
f 1341/1495/1203 1449/1609/1291 1447/1607/1291
f 1449/1609/1291 1341/1495/1203 1343/1497/1205
f 1344/1498/1206 1448/1608/1292 1450/1610/1292
f 1448/1608/1292 1344/1498/1206 1342/1496/1204
f 1343/1497/1205 1451/1611/1291 1449/1609/1291
f 1451/1611/1291 1343/1497/1205 1345/1499/1207
f 1346/1500/1208 1450/1610/1292 1452/1612/1292
f 1450/1610/1292 1346/1500/1208 1344/1498/1206
f 1345/1499/1207 1453/1613/1291 1451/1611/1291
f 1453/1613/1291 1345/1499/1207 1347/1501/1209
f 1348/1502/1210 1452/1612/1292 1454/1614/1292
f 1452/1612/1292 1348/1502/1210 1346/1500/1208
f 1347/1501/1209 1455/1615/1291 1453/1613/1291
f 1455/1615/1291 1347/1501/1209 1349/1503/1211
f 1350/1504/1212 1454/1614/1292 1456/1616/1292
f 1454/1614/1292 1350/1504/1212 1348/1502/1210
f 1349/1503/1211 1457/1617/1291 1455/1615/1291
f 1457/1617/1291 1349/1503/1211 1351/1505/1213
f 1352/1506/1214 1456/1616/1292 1458/1618/1292
f 1456/1616/1292 1352/1506/1214 1350/1504/1212
f 1351/1505/1213 1459/1619/1291 1457/1617/1291
f 1459/1619/1291 1351/1505/1213 1353/1507/1215
f 1354/1508/1216 1458/1618/1292 1460/1620/1292
f 1458/1618/1292 1354/1508/1216 1352/1506/1214
f 1353/1507/1215 1461/1621/1291 1459/1619/1291
f 1461/1621/1291 1353/1507/1215 1355/1509/1217
f 1356/1510/1218 1460/1620/1292 1462/1622/1292
f 1460/1620/1292 1356/1510/1218 1354/1508/1216
f 1355/1509/1217 1463/1623/1291 1461/1621/1291
f 1463/1623/1291 1355/1509/1217 1357/1511/1219
f 1358/1512/1220 1462/1622/1292 1464/1624/1292
f 1462/1622/1292 1358/1512/1220 1356/1510/1218
f 1357/1511/1219 1465/1625/1291 1463/1623/1291
f 1465/1625/1291 1357/1511/1219 1359/1513/1221
f 1360/1514/1222 1464/1624/1292 1466/1626/1292
f 1464/1624/1292 1360/1514/1222 1358/1512/1220
f 1359/1513/1221 1467/1627/1291 1465/1625/1291
f 1467/1627/1291 1359/1513/1221 1361/1515/1223
f 1362/1516/1224 1466/1626/1292 1468/1628/1292
f 1466/1626/1292 1362/1516/1224 1360/1514/1222
f 1361/1515/1223 1469/1629/1291 1467/1627/1291
f 1469/1629/1291 1361/1515/1223 1363/1517/1225
f 1364/1518/1226 1468/1628/1292 1470/1630/1292
f 1468/1628/1292 1364/1518/1226 1362/1516/1224
f 1363/1517/1225 1471/1631/1291 1469/1629/1291
f 1471/1631/1291 1363/1517/1225 1365/1519/1227
f 1366/1520/1228 1470/1630/1292 1472/1632/1292
f 1470/1630/1292 1366/1520/1228 1364/1518/1226
f 1365/1519/1227 1473/1633/1291 1471/1631/1291
f 1473/1633/1291 1365/1519/1227 1367/1521/1229
f 1368/1522/1230 1472/1632/1292 1474/1634/1292
f 1472/1632/1292 1368/1522/1230 1366/1520/1228
f 1367/1521/1229 1475/1635/1291 1473/1633/1291
f 1475/1635/1291 1367/1521/1229 1369/1523/1231
f 1370/1524/1232 1474/1634/1292 1476/1636/1292
f 1474/1634/1292 1370/1524/1232 1368/1522/1230
f 1369/1523/1231 1429/1637/1291 1475/1635/1291
f 1429/1637/1291 1369/1523/1231 1323/1525/1186
f 1326/1526/1185 1476/1636/1292 1432/1638/1292
f 1476/1636/1292 1326/1526/1185 1370/1524/1232
f 1371/1528/1234 1478/1640/1294 1477/1639/1293
f 1372/1527/1233 1480/1642/1296 1479/1641/1295
f 1371/1528/1234 1481/1643/1297 1478/1640/1294
f 1481/1643/1297 1371/1528/1234 1373/1529/1235
f 1374/1530/1236 1479/1641/1295 1482/1644/1298
f 1479/1641/1295 1374/1530/1236 1372/1527/1233
f 1373/1529/1235 1483/1645/1299 1481/1643/1297
f 1374/1530/1236 1482/1644/1298 1484/1646/1300
f 1373/1529/1235 1485/1647/1301 1483/1645/1299
f 1485/1647/1301 1373/1529/1235 1375/1531/1237
f 1376/1532/1238 1484/1646/1300 1486/1648/1302
f 1484/1646/1300 1376/1532/1238 1374/1530/1236
f 1375/1531/1237 1487/1649/1303 1485/1647/1301
f 1487/1649/1303 1375/1531/1237 1377/1533/1239
f 1378/1534/1240 1486/1648/1302 1488/1650/1304
f 1486/1648/1302 1378/1534/1240 1376/1532/1238
f 1377/1533/1239 1489/1651/1305 1487/1649/1303
f 1378/1534/1240 1488/1650/1304 1490/1652/1306
f 1377/1533/1239 1491/1653/1307 1489/1651/1305
f 1491/1653/1307 1377/1533/1239 1379/1535/1241
f 1380/1536/1242 1490/1652/1306 1492/1654/1308
f 1490/1652/1306 1380/1536/1242 1378/1534/1240
f 1379/1535/1241 1493/1655/1309 1491/1653/1307
f 1381/1537/1243 1492/1654/1308 1494/1656/1310
f 1492/1654/1308 1381/1537/1243 1380/1536/1242
f 1379/1535/1241 1495/1657/1311 1493/1655/1309
f 1495/1657/1311 1379/1535/1241 1382/1538/1244
f 1381/1537/1243 1494/1656/1310 1496/1658/1312
f 1382/1538/1244 1497/1659/1313 1495/1657/1311
f 1497/1659/1313 1382/1538/1244 1383/1539/1245
f 1384/1540/1246 1496/1658/1312 1498/1660/1314
f 1496/1658/1312 1384/1540/1246 1381/1537/1243
f 1383/1539/1245 1499/1661/1315 1497/1659/1313
f 1384/1540/1246 1498/1660/1314 1500/1662/1316
f 1383/1539/1245 1501/1663/1317 1499/1661/1315
f 1501/1663/1317 1383/1539/1245 1385/1541/1247
f 1386/1542/1248 1500/1662/1316 1502/1664/1318
f 1500/1662/1316 1386/1542/1248 1384/1540/1246
f 1385/1541/1247 1503/1665/1319 1501/1663/1317
f 1387/1543/1249 1502/1664/1318 1504/1666/1320
f 1502/1664/1318 1387/1543/1249 1386/1542/1248
f 1385/1541/1247 1505/1667/1321 1503/1665/1319
f 1505/1667/1321 1385/1541/1247 1388/1544/1250
f 1387/1543/1249 1504/1666/1320 1506/1668/1322
f 1388/1544/1250 1507/1669/1323 1505/1667/1321
f 1389/1545/1251 1506/1668/1322 1508/1670/1324
f 1506/1668/1322 1389/1545/1251 1387/1543/1249
f 1388/1544/1250 1509/1671/1325 1507/1669/1323
f 1509/1671/1325 1388/1544/1250 1390/1546/1252
f 1391/1547/1253 1508/1670/1324 1510/1672/1326
f 1508/1670/1324 1391/1547/1253 1389/1545/1251
f 1390/1546/1252 1511/1673/1327 1509/1671/1325
f 1391/1547/1253 1510/1672/1326 1512/1674/1328
f 1390/1546/1252 1513/1675/1329 1511/1673/1327
f 1513/1675/1329 1390/1546/1252 1392/1548/1254
f 1393/1549/1255 1512/1674/1328 1514/1676/1330
f 1512/1674/1328 1393/1549/1255 1391/1547/1253
f 1392/1548/1254 1515/1677/1331 1513/1675/1329
f 1515/1677/1331 1392/1548/1254 1394/1550/1256
f 1395/1551/1257 1514/1676/1330 1516/1678/1332
f 1514/1676/1330 1395/1551/1257 1393/1549/1255
f 1394/1550/1256 1517/1679/1333 1515/1677/1331
f 1395/1551/1257 1516/1678/1332 1518/1680/1334
f 1394/1550/1256 1519/1681/1335 1517/1679/1333
f 1519/1681/1335 1394/1550/1256 1396/1552/1258
f 1397/1553/1259 1518/1680/1334 1520/1682/1336
f 1518/1680/1334 1397/1553/1259 1395/1551/1257
f 1396/1552/1258 1521/1683/1337 1519/1681/1335
f 1397/1553/1259 1520/1682/1336 1522/1684/1338
f 1396/1552/1258 1523/1685/1339 1521/1683/1337
f 1523/1685/1339 1396/1552/1258 1398/1554/1260
f 1399/1555/1261 1522/1684/1338 1524/1686/1340
f 1522/1684/1338 1399/1555/1261 1397/1553/1259
f 1398/1554/1260 1477/1687/1293 1523/1685/1339
f 1477/1687/1293 1398/1554/1260 1371/1556/1234
f 1372/1557/1233 1524/1686/1340 1480/1688/1296
f 1524/1686/1340 1372/1557/1233 1399/1555/1261
f 1400/1559/1263 1526/1689/1342 1525/1592/1341
f 1401/1558/1262 1528/1639/1344 1527/1690/1343
f 1400/1559/1263 1529/1691/1345 1526/1689/1342
f 1529/1691/1345 1400/1559/1263 1402/1560/1264
f 1403/1561/1265 1527/1690/1343 1530/1692/1346
f 1527/1690/1343 1403/1561/1265 1401/1558/1262
f 1402/1560/1264 1531/1693/1347 1529/1691/1345
f 1404/1562/1266 1530/1692/1346 1532/1694/1348
f 1530/1692/1346 1404/1562/1266 1403/1561/1265
f 1402/1560/1264 1533/1695/1349 1531/1693/1347
f 1533/1695/1349 1402/1560/1264 1405/1563/1267
f 1404/1562/1266 1532/1694/1348 1534/1696/1350
f 1405/1563/1267 1535/1697/1351 1533/1695/1349
f 1535/1697/1351 1405/1563/1267 1406/1564/1268
f 1407/1565/1269 1534/1696/1350 1536/1698/1352
f 1534/1696/1350 1407/1565/1269 1404/1562/1266
f 1406/1564/1268 1537/1699/1353 1535/1697/1351
f 1408/1566/1270 1536/1698/1352 1538/1700/1354
f 1536/1698/1352 1408/1566/1270 1407/1565/1269
f 1406/1564/1268 1539/1701/1355 1537/1699/1353
f 1539/1701/1355 1406/1564/1268 1409/1567/1271
f 1408/1566/1270 1538/1700/1354 1540/1702/1356
f 1409/1567/1271 1541/1703/1357 1539/1701/1355
f 1410/1568/1272 1540/1702/1356 1542/1704/1358
f 1540/1702/1356 1410/1568/1272 1408/1566/1270
f 1409/1567/1271 1543/1705/1359 1541/1703/1357
f 1543/1705/1359 1409/1567/1271 1411/1569/1273
f 1410/1568/1272 1542/1704/1358 1544/1706/1360
f 1411/1569/1273 1545/1707/1361 1543/1705/1359
f 1412/1570/1274 1544/1706/1360 1546/1708/1362
f 1544/1706/1360 1412/1570/1274 1410/1568/1272
f 1411/1569/1273 1547/1709/1363 1545/1707/1361
f 1547/1709/1363 1411/1569/1273 1413/1571/1275
f 1412/1570/1274 1546/1708/1362 1548/1710/1364
f 1413/1571/1275 1549/1711/1365 1547/1709/1363
f 1549/1711/1365 1413/1571/1275 1414/1572/1276
f 1415/1573/1277 1548/1710/1364 1550/1712/1366
f 1548/1710/1364 1415/1573/1277 1412/1570/1274
f 1414/1572/1276 1551/1713/1367 1549/1711/1365
f 1416/1574/1278 1550/1712/1366 1552/1714/1368
f 1550/1712/1366 1416/1574/1278 1415/1573/1277
f 1414/1572/1276 1553/1715/1369 1551/1713/1367
f 1553/1715/1369 1414/1572/1276 1417/1575/1279
f 1416/1574/1278 1552/1714/1368 1554/1716/1370
f 1417/1575/1279 1555/1717/1371 1553/1715/1369
f 1418/1576/1280 1554/1716/1370 1556/1718/1372
f 1554/1716/1370 1418/1576/1280 1416/1574/1278
f 1417/1575/1279 1557/1719/1373 1555/1717/1371
f 1557/1719/1373 1417/1575/1279 1419/1577/1281
f 1420/1578/1282 1556/1718/1372 1558/1720/1374
f 1556/1718/1372 1420/1578/1282 1418/1576/1280
f 1419/1577/1281 1559/1721/1375 1557/1719/1373
f 1420/1578/1282 1558/1720/1374 1560/1722/1376
f 1419/1577/1281 1561/1723/1377 1559/1721/1375
f 1561/1723/1377 1419/1577/1281 1421/1579/1283
f 1422/1580/1284 1560/1722/1376 1562/1724/1378
f 1560/1722/1376 1422/1580/1284 1420/1578/1282
f 1421/1579/1283 1563/1725/1379 1561/1723/1377
f 1563/1725/1379 1421/1579/1283 1423/1581/1285
f 1424/1582/1286 1562/1724/1378 1564/1726/1380
f 1562/1724/1378 1424/1582/1286 1422/1580/1284
f 1423/1581/1285 1565/1727/1381 1563/1725/1379
f 1424/1582/1286 1564/1726/1380 1566/1728/1382
f 1423/1581/1285 1567/1729/1383 1565/1727/1381
f 1567/1729/1383 1423/1581/1285 1425/1583/1287
f 1426/1584/1288 1566/1728/1382 1568/1730/1384
f 1566/1728/1382 1426/1584/1288 1424/1582/1286
f 1425/1583/1287 1569/1731/1385 1567/1729/1383
f 1426/1584/1288 1568/1730/1384 1570/1732/1386
f 1425/1583/1287 1571/1733/1387 1569/1731/1385
f 1571/1733/1387 1425/1583/1287 1427/1585/1289
f 1428/1586/1290 1570/1732/1386 1572/1734/1388
f 1570/1732/1386 1428/1586/1290 1426/1584/1288
f 1427/1585/1289 1525/1735/1341 1571/1733/1387
f 1525/1735/1341 1427/1585/1289 1400/1587/1263
f 1401/1588/1262 1572/1734/1388 1528/1736/1344
f 1572/1734/1388 1401/1588/1262 1428/1586/1290
o BarrelSmartMat.014
v 8.715322 1.772966 108.696976
v 8.865726 2.499622 108.633224
v 8.671756 2.186522 108.604630
v 8.972753 1.772966 108.884613
v 9.018168 2.499622 108.751198
v 9.134881 2.499621 108.904610
v 9.101871 1.772966 109.175835
v 9.160058 2.186522 109.091934
v 9.232284 2.499624 109.274208
v 9.084028 1.773008 109.428642
v 9.206335 2.499622 109.465218
v 8.991208 1.772966 109.633659
v 9.091679 2.186522 109.615479
v 9.013860 2.499624 109.795441
v 8.743332 1.772966 109.833755
v 8.839434 2.186522 109.868240
v 8.682059 2.499622 109.985184
v 8.428619 1.772966 109.883102
v 8.490846 2.499622 110.009552
v 8.299840 2.499622 109.983604
v 8.131395 1.772966 109.768478
v 8.149579 2.186522 109.868950
v 7.969618 2.499621 109.791130
v 7.931304 1.772966 109.520607
v 7.896815 2.186522 109.616707
v 7.779873 2.499622 109.459328
v 7.881956 1.772966 109.205894
v 7.755502 2.499622 109.268120
v 7.781451 2.499622 109.077110
v 7.964623 1.773008 108.966316
v 7.855951 2.499622 108.899330
v 8.107344 1.772966 108.792305
v 8.005590 2.186522 108.783867
v 8.127336 2.499622 108.630173
v 8.398561 1.772966 108.663185
v 8.305726 2.499624 108.557144
v 8.496939 2.499621 108.532776
v 8.685540 2.600037 108.552979
v 9.211686 2.600036 109.078041
v 9.138008 2.600036 109.642166
v 8.866214 2.600037 109.914513
v 8.122894 2.600037 109.915276
v 7.850541 2.600037 109.643486
v 7.967747 2.600037 108.746094
v 8.859132 3.113965 108.629425
v 8.680593 3.113967 108.556763
v 9.012781 3.113965 108.745819
v 9.131069 3.113966 108.898018
v 9.211686 3.013551 109.078041
v 9.232276 3.113965 109.266602
v 9.208297 3.113965 109.457863
v 9.138008 3.013551 109.642166
v 9.019236 3.113964 109.790054
v 8.866214 3.013551 109.914513
v 8.687016 3.013551 109.988960
v 8.498456 3.113966 110.009544
v 8.307193 3.113965 109.985565
v 8.128653 3.113966 109.912903
v 7.975004 3.113964 109.796509
v 7.856716 3.113966 109.644310
v 7.776099 3.013551 109.464287
v 7.755510 3.113966 109.275726
v 7.779489 3.113966 109.084465
v 7.852153 3.113966 108.905922
v 7.967747 3.013551 108.746094
v 8.120749 3.113966 108.633987
v 8.298377 3.113963 108.559120
v 8.489329 3.113966 108.532784
v 9.160058 3.427065 109.091934
v 9.091679 3.427065 109.615479
v 8.839434 3.427065 109.868240
v 8.673124 3.427065 109.937332
v 7.827728 3.427065 109.450394
v 8.005590 3.427065 108.783867
v 8.742176 3.840622 108.708061
v 8.925340 3.840580 108.838829
v 9.067628 3.840622 109.048553
v 9.104678 3.840580 109.270538
v 9.056993 3.840622 109.519447
v 8.857411 3.840622 109.767731
v 8.652581 3.840580 109.860977
v 8.399812 3.840622 109.879341
v 8.108328 3.840622 109.750816
v 7.920157 3.840622 109.493774
v 7.883108 3.840580 109.271790
v 7.930792 3.840622 109.022881
v 8.130376 3.840622 108.774597
v 8.427362 3.840622 108.659363
v 8.832017 1.894142 108.807281
v 8.554778 1.894142 108.700371
v 9.063608 1.894175 109.270576
v 9.018657 1.894142 109.038498
v 9.029479 1.894142 109.477707
v 8.854452 1.894142 109.717827
v 8.582814 1.894142 109.838264
v 8.347005 1.894175 109.821617
v 8.155767 1.894142 109.735046
v 7.969129 1.894142 109.503830
v 7.923099 1.894142 109.210281
v 8.030013 1.894142 108.933037
v 8.261224 1.894142 108.746399
v 8.581650 3.719446 108.703880
v 8.853534 3.719446 108.823761
v 9.029056 3.719418 109.063522
v 9.061176 3.719446 109.358925
v 8.941297 3.719446 109.630806
v 8.701535 3.719446 109.806328
v 8.494478 3.719413 109.840881
v 8.262302 3.719446 109.796402
v 8.030709 3.719446 109.610237
v 7.943741 3.719413 109.419182
v 7.926609 3.719446 109.183411
v 8.000212 3.719413 108.986816
v 8.154816 3.719446 108.807983
v 8.345875 3.719413 108.721016
v 8.720367 1.772986 108.757523
v 8.887439 1.773008 108.876808
v 9.017233 1.772986 109.068108
v 9.048647 1.772986 109.356979
v 8.931414 1.772986 109.622864
v 8.772954 1.773008 109.753365
v 8.554580 1.772986 109.829224
v 8.350249 1.773008 109.809456
v 8.142196 1.772986 109.708687
v 8.011689 1.773008 109.550224
v 7.935830 1.772986 109.331848
v 7.980253 1.772986 109.044685
v 8.162306 1.772986 108.818207
v 8.433206 1.772986 108.713104
v 8.824550 3.840601 108.817528
v 8.553432 3.840601 108.712975
v 9.007066 3.840601 109.043633
v 9.051023 3.840580 109.270592
v 9.017650 3.840601 109.473145
v 8.846489 3.840601 109.707962
v 8.638641 3.840580 109.809166
v 8.434352 3.840601 109.829353
v 8.163238 3.840601 109.724800
v 7.980720 3.840601 109.498695
v 7.935707 3.840601 109.211624
v 8.011117 3.840580 108.993095
v 8.141297 3.840601 108.834366
v 8.349144 3.840580 108.733162
v 8.694135 2.727852 108.520767
v 8.881528 2.727852 108.598167
v 8.881528 2.905317 108.598167
v 8.694135 2.905317 108.520767
v 9.042505 2.727852 108.721420
v 9.042505 2.905317 108.721420
v 9.166095 2.727852 108.882149
v 9.166095 2.905317 108.882149
v 9.243875 2.727852 109.069382
v 9.243875 2.905317 109.069382
v 9.270545 2.727852 109.270363
v 9.270545 2.905317 109.270363
v 9.244287 2.727852 109.471405
v 9.244287 2.905317 109.471405
v 9.166892 2.727852 109.658798
v 9.166892 2.905317 109.658798
v 9.043633 2.727852 109.819778
v 9.043633 2.905317 109.819778
v 8.882910 2.727852 109.943367
v 8.882910 2.905317 109.943367
v 8.695676 2.727852 110.021149
v 8.695676 2.905317 110.021149
v 8.494690 2.727852 110.047813
v 8.494690 2.905317 110.047813
v 8.293651 2.727852 110.021561
v 8.293651 2.905317 110.021561
v 8.106257 2.727852 109.944160
v 8.106257 2.905317 109.944160
v 7.945280 2.727852 109.820908
v 7.945280 2.905317 109.820908
v 7.821691 2.727852 109.660179
v 7.821691 2.905317 109.660179
v 7.743910 2.727852 109.472946
v 7.743910 2.905317 109.472946
v 7.717240 2.727852 109.271965
v 7.717240 2.905317 109.271965
v 7.743497 2.727852 109.070923
v 7.743497 2.905317 109.070923
v 7.820893 2.727852 108.883530
v 7.820893 2.905317 108.883530
v 7.944152 2.727852 108.722549
v 7.944152 2.905317 108.722549
v 8.104876 2.727852 108.598961
v 8.104876 2.905317 108.598961
v 8.292109 2.727852 108.521179
v 8.292109 2.905317 108.521179
v 8.493095 2.727852 108.494514
v 8.493095 2.905317 108.494514
v 8.742737 3.634136 108.627991
v 8.758028 3.806704 108.670273
v 9.030983 3.634136 108.838585
v 9.023087 3.806704 108.882843
v 9.154776 3.634352 109.093353
v 9.122913 3.806913 109.101929
v 9.179554 3.634136 109.345062
v 9.142674 3.806704 109.370773
v 9.050743 3.634136 109.677994
v 9.058347 3.806913 109.596283
v 8.882214 3.806704 109.800362
v 8.836694 3.634352 109.863510
v 8.599974 3.634136 109.952591
v 8.565592 3.806704 109.923622
v 8.245050 3.634136 109.914337
v 8.325947 3.806913 109.900528
v 8.083236 3.806704 109.783218
v 7.956803 3.634136 109.703743
v 7.930108 3.806913 109.597435
v 7.812468 3.634136 109.377243
v 7.841436 3.806704 109.342865
v 7.832645 3.634352 109.094711
v 7.864526 3.806913 109.103218
v 7.937043 3.634136 108.864334
v 7.981837 3.806704 108.860504
v 8.215061 3.634136 108.640411
v 8.255769 3.806704 108.659492
v 8.493190 3.634352 108.586777
v 8.493224 3.806913 108.619774
v 8.727860 1.810452 108.666580
v 8.772286 1.990704 108.637840
v 8.998805 1.810452 108.864563
v 8.978850 1.990500 108.785210
v 9.138575 1.990704 109.020187
v 9.115132 1.810256 109.104019
v 9.138430 1.810452 109.340683
v 9.180431 1.990500 109.270462
v 9.127217 1.990704 109.549561
v 9.017319 1.810452 109.653633
v 8.903172 1.990704 109.828918
v 8.755957 1.810452 109.864105
v 8.569460 1.990704 109.958839
v 8.494554 1.810256 109.914497
v 8.259925 1.810452 109.875748
v 8.316884 1.990500 109.934494
v 8.061069 1.990704 109.810860
v 7.988979 1.810452 109.677765
v 7.899685 1.990500 109.615044
v 7.853325 1.810452 109.370834
v 7.806220 1.990704 109.346733
v 7.872311 1.810256 109.105293
v 7.830564 1.990500 109.094154
v 7.970467 1.810452 108.888695
v 7.954200 1.990704 108.838341
v 8.231829 1.810452 108.678223
v 8.242917 1.990704 108.626480
v 8.493232 1.810256 108.627831
v 8.493188 1.990500 108.584625
v 8.680946 2.727852 108.570190
v 8.855998 2.727852 108.642487
v 8.855998 2.905317 108.642487
v 8.680946 2.905317 108.570190
v 9.006372 2.727852 108.757629
v 9.006372 2.905317 108.757629
v 9.121823 2.727852 108.907768
v 9.121823 2.905317 108.907768
v 9.194481 2.727852 109.082672
v 9.194481 2.905317 109.082672
v 9.219394 2.727852 109.270416
v 9.219394 2.905317 109.270416
v 9.194866 2.727852 109.458221
v 9.194866 2.905317 109.458221
v 9.122568 2.727852 109.633270
v 9.122568 2.905317 109.633270
v 9.007427 2.727852 109.783646
v 9.007427 2.905317 109.783646
v 8.857288 2.727852 109.899094
v 8.857288 2.905317 109.899094
v 8.682386 2.727852 109.971756
v 8.682386 2.905317 109.971756
v 8.494637 2.727852 109.996666
v 8.494637 2.905317 109.996666
v 8.306839 2.727852 109.972137
v 8.306839 2.905317 109.972137
v 8.131787 2.727852 109.899841
v 8.131787 2.905317 109.899841
v 7.981412 2.727852 109.784698
v 7.981412 2.905317 109.784698
v 7.865963 2.727852 109.634560
v 7.865963 2.905317 109.634560
v 7.793304 2.727852 109.459656
v 7.793304 2.905317 109.459656
v 7.768391 2.727852 109.271912
v 7.768391 2.905317 109.271912
v 7.792919 2.727852 109.084106
v 7.792919 2.905317 109.084106
v 7.865217 2.727852 108.909058
v 7.865217 2.905317 108.909058
v 7.980359 2.727852 108.758682
v 7.980359 2.905317 108.758682
v 8.130497 2.727852 108.643234
v 8.130497 2.905317 108.643234
v 8.305399 2.727852 108.570572
v 8.305399 2.905317 108.570572
v 8.493148 2.727852 108.545662
v 8.493148 2.905317 108.545662
v 8.657926 3.625881 108.656464
v 8.811434 3.625881 108.719864
v 8.795360 3.798442 108.747765
v 8.649622 3.798442 108.687576
v 8.943301 3.625881 108.820831
v 8.920552 3.798442 108.843628
v 9.044543 3.625881 108.952492
v 9.016669 3.798442 108.968620
v 9.108258 3.625881 109.105865
v 9.077160 3.798442 109.114235
v 9.130106 3.625881 109.270508
v 9.097901 3.798442 109.270546
v 9.108597 3.625881 109.435196
v 9.077480 3.798442 109.426895
v 9.045197 3.625881 109.588707
v 9.017289 3.798442 109.572632
v 8.944225 3.625881 109.720573
v 8.921430 3.798442 109.697823
v 8.812565 3.625881 109.821815
v 8.796434 3.798442 109.793938
v 8.659188 3.625881 109.885529
v 8.650821 3.798442 109.854431
v 8.494546 3.625881 109.907379
v 8.494514 3.798442 109.875175
v 8.329860 3.625881 109.885864
v 8.338163 3.798442 109.854752
v 8.176352 3.625881 109.822464
v 8.192426 3.798442 109.794563
v 8.044484 3.625881 109.721497
v 8.067233 3.798442 109.698700
v 7.943243 3.625881 109.589836
v 7.971116 3.798442 109.573708
v 7.879527 3.625881 109.436462
v 7.910626 3.798442 109.428093
v 7.857679 3.625881 109.271820
v 7.889884 3.798442 109.271782
v 7.879189 3.625881 109.107132
v 7.910305 3.798442 109.115433
v 7.942589 3.625881 108.953621
v 7.970496 3.798442 108.969696
v 8.043560 3.625881 108.821754
v 8.066356 3.798442 108.844505
v 8.175220 3.625881 108.720512
v 8.191352 3.798442 108.748390
v 8.328597 3.625881 108.656799
v 8.336965 3.798442 108.687897
v 8.493239 3.625881 108.634949
v 8.493273 3.798442 108.667152
v 8.647594 1.818726 108.695175
v 8.791434 1.818726 108.754585
v 8.812483 1.998971 108.718040
v 8.658467 1.998971 108.654427
v 8.914997 1.818726 108.849190
v 8.944786 1.998971 108.819344
v 9.009862 1.818726 108.972565
v 9.046362 1.998971 108.951439
v 9.069566 1.818726 109.116280
v 9.110289 1.998971 109.105324
v 9.090037 1.818726 109.270554
v 9.132208 1.998971 109.270508
v 9.069882 1.818726 109.424866
v 9.110628 1.998971 109.435738
v 9.010475 1.818726 109.568703
v 9.047018 1.998971 109.589752
v 8.915863 1.818726 109.692268
v 8.945713 1.998971 109.722061
v 8.792495 1.818726 109.787132
v 8.813619 1.998971 109.823631
v 8.648778 1.818726 109.846840
v 8.659735 1.998971 109.887558
v 8.494505 1.818726 109.867310
v 8.494548 1.998971 109.909477
v 8.340191 1.818726 109.847153
v 8.329318 1.998971 109.887901
v 8.196351 1.818726 109.787743
v 8.175303 1.998971 109.824287
v 8.072788 1.818726 109.693138
v 8.042999 1.998971 109.722984
v 7.977923 1.818726 109.569763
v 7.941422 1.998971 109.590889
v 7.918220 1.818726 109.426048
v 7.877497 1.998971 109.437004
v 7.897748 1.818726 109.271774
v 7.855577 1.998971 109.271820
v 7.917903 1.818726 109.117462
v 7.877157 1.998971 109.106590
v 7.977311 1.818726 108.973625
v 7.940767 1.998971 108.952576
v 8.071922 1.818726 108.850060
v 8.042071 1.998971 108.820267
v 8.195291 1.818726 108.755196
v 8.174167 1.998971 108.718697
v 8.339007 1.818726 108.695488
v 8.328051 1.998971 108.654770
v 8.493280 1.818726 108.675018
v 8.493237 1.998971 108.632851
vn 0.4575 -0.8887 -0.0304
vn 0.5668 -0.0881 -0.8191
vn 0.3329 -0.1908 -0.9235
vn 0.7769 -0.2494 -0.5782
vn 0.7048 -0.0835 -0.7045
vn 0.8664 -0.0863 -0.4919
vn 0.9574 -0.2599 -0.1258
vn 0.9366 -0.1805 -0.3004
vn 0.9963 -0.0865 0.0010
vn 0.8960 -0.2826 0.3426
vn 0.9609 -0.0878 0.2626
vn 0.7482 -0.2501 0.6145
vn 0.8747 -0.1805 0.4499
vn 0.7029 -0.0910 0.7055
vn 0.3570 -0.2511 0.8997
vn 0.5325 -0.1805 0.8269
vn 0.2568 -0.0921 0.9621
vn -0.1401 -0.2545 0.9569
vn -0.0021 -0.0853 0.9964
vn -0.2648 -0.0863 0.9604
vn -0.6017 -0.2463 0.7598
vn -0.4499 -0.1805 0.8747
vn -0.7049 -0.0896 0.7036
vn -0.8997 -0.2511 0.3570
vn -0.8270 -0.1804 0.5325
vn -0.9619 -0.0907 0.2578
vn -0.9578 -0.2582 -0.1262
vn -0.9964 -0.0853 -0.0021
vn -0.9610 -0.0819 -0.2641
vn -0.7768 -0.2826 -0.5628
vn -0.8602 -0.0877 -0.5023
vn -0.5637 -0.2501 -0.7872
vn -0.7284 -0.1805 -0.6609
vn -0.4957 -0.0889 -0.8639
vn -0.1120 -0.2445 -0.9631
vn -0.2577 -0.0834 -0.9626
vn 0.0072 -0.0863 -0.9962
vn 0.2630 -0.0416 -0.9639
vn 0.9650 -0.0455 -0.2581
vn 0.8649 -0.0455 0.4998
vn 0.4991 -0.0455 0.8653
vn -0.5031 -0.0416 0.8633
vn -0.8673 -0.0416 0.4961
vn -0.7061 -0.0455 -0.7067
vn 0.2498 0.0874 -0.9643
vn 0.4963 0.0834 -0.8641
vn 0.6989 0.0856 -0.7100
vn 0.8607 0.0860 -0.5018
vn 0.9640 0.0455 -0.2619
vn 0.9961 0.0878 -0.0064
vn 0.9634 0.0860 0.2537
vn 0.8668 0.0455 0.4965
vn 0.7074 0.0905 0.7010
vn 0.5006 0.0525 0.8641
vn 0.2614 0.0506 0.9639
vn 0.0082 0.0849 0.9964
vn -0.2539 0.0853 0.9635
vn -0.4909 0.0874 0.8668
vn -0.7016 0.0853 0.7074
vn -0.8609 0.0901 0.5008
vn -0.9632 0.0416 0.2654
vn -0.9961 0.0878 0.0064
vn -0.9648 0.0818 -0.2498
vn -0.8638 0.0837 -0.4968
vn -0.7088 0.0455 -0.7039
vn -0.5014 0.0878 -0.8608
vn -0.2677 0.0842 -0.9598
vn -0.0041 0.0854 -0.9963
vn 0.9614 0.1804 -0.2075
vn 0.8266 0.1804 0.5332
vn 0.4892 0.1612 0.8571
vn 0.2418 0.1681 0.9557
vn -0.9615 0.1804 0.2075
vn -0.7092 0.1674 -0.6849
vn 0.6522 0.3353 -0.6798
vn 0.6740 0.2746 -0.6858
vn 0.8871 0.2530 -0.3860
vn 0.9641 0.2654 -0.0086
vn 0.8964 0.2493 0.3665
vn 0.6227 0.2544 0.7399
vn 0.2548 0.2702 0.9285
vn -0.1225 0.2475 0.9611
vn -0.5684 0.2451 0.7854
vn -0.8782 0.2504 0.4074
vn -0.9612 0.2758 0.0083
vn -0.8962 0.2574 -0.3614
vn -0.6065 0.2506 -0.7545
vn -0.1523 0.2551 -0.9549
vn -0.2890 -0.9069 0.3065
vn -0.6086 -0.4062 0.6817
vn -0.8780 -0.4787 0.0071
vn -0.3929 -0.9088 0.1407
vn -0.2209 -0.9071 -0.3582
vn -0.3752 -0.9068 -0.1924
vn -0.0371 -0.9035 -0.4271
vn 0.1246 -0.9089 -0.3979
vn 0.2875 -0.8917 -0.3497
vn 0.4449 -0.8820 -0.1552
vn 0.4699 -0.8769 0.1013
vn 0.3513 -0.8800 0.3196
vn 0.1388 -0.8863 0.4419
vn -0.3754 0.8385 0.3950
vn -0.8340 0.5242 0.1719
vn -0.7937 0.5714 0.2085
vn -0.5773 0.5336 -0.6181
vn -0.8163 0.5768 0.0297
vn -0.6401 0.6727 -0.3710
vn -0.4537 0.7352 -0.5036
vn -0.0858 0.7953 -0.6001
vn 0.2935 0.8651 -0.4068
vn 0.4477 0.8941 -0.0106
vn 0.4352 0.8498 0.2974
vn 0.2552 0.8075 0.5318
vn -0.0273 0.7246 0.6887
vn -0.3185 0.6772 0.6633
vn -0.7902 -0.5015 0.3523
vn -0.5036 -0.4729 0.7230
vn -0.5660 -0.6070 0.5578
vn -0.7638 -0.6042 0.2268
vn -0.8005 -0.4675 -0.3751
vn -0.1358 -0.5016 -0.8544
vn -0.3990 -0.6044 -0.6896
vn -0.1004 -0.5266 -0.8442
vn 0.4039 -0.4585 -0.7916
vn 0.8356 -0.5142 -0.1935
vn 0.6688 -0.6247 -0.4031
vn 0.7818 -0.6230 -0.0247
vn 0.6691 -0.4724 0.5738
vn 0.2912 -0.4741 0.8309
vn -0.4947 0.4275 0.7566
vn -0.2409 0.8320 0.4998
vn -0.8079 0.4131 0.4204
vn -0.9154 0.3998 0.0463
vn -0.8410 0.4343 -0.3226
vn -0.5873 0.4350 -0.6825
vn -0.2224 0.3940 -0.8918
vn 0.0796 0.4194 -0.9043
vn 0.5098 0.4384 -0.7402
vn 0.8230 0.4088 -0.3944
vn 0.9120 0.4071 0.0504
vn 0.8073 0.3871 0.4455
vn 0.5959 0.4030 0.6946
vn 0.2565 0.3843 0.8869
vn 0.2498 0.2476 -0.9361
vn 0.2499 -0.2476 -0.9361
vn 0.4835 -0.2476 -0.8396
vn 0.4835 0.2476 -0.8396
vn 0.6844 -0.2476 -0.6858
vn 0.6844 0.2476 -0.6858
vn 0.8386 -0.2476 -0.4853
vn 0.8385 0.2476 -0.4853
vn 0.9356 -0.2476 -0.2518
vn 0.9356 0.2476 -0.2518
vn 0.9689 -0.2476 -0.0010
vn 0.9689 0.2476 -0.0010
vn 0.9361 -0.2476 0.2498
vn 0.9361 0.2476 0.2498
vn 0.8396 -0.2476 0.4835
vn 0.8396 0.2476 0.4835
vn 0.6858 -0.2476 0.6844
vn 0.6858 0.2476 0.6844
vn 0.4853 -0.2476 0.8386
vn 0.4853 0.2476 0.8385
vn 0.2518 -0.2476 0.9356
vn 0.2518 0.2476 0.9356
vn 0.0010 -0.2476 0.9689
vn 0.0010 0.2476 0.9689
vn -0.2498 -0.2476 0.9361
vn -0.2498 0.2476 0.9361
vn -0.4835 -0.2476 0.8396
vn -0.4835 0.2476 0.8396
vn -0.6844 -0.2476 0.6858
vn -0.6844 0.2476 0.6858
vn -0.8386 -0.2476 0.4853
vn -0.8385 0.2476 0.4853
vn -0.9356 -0.2476 0.2518
vn -0.9356 0.2476 0.2518
vn -0.9689 -0.2476 0.0010
vn -0.9689 0.2476 0.0010
vn -0.9361 -0.2476 -0.2498
vn -0.9361 0.2476 -0.2498
vn -0.8396 -0.2476 -0.4835
vn -0.8396 0.2476 -0.4835
vn -0.6858 -0.2476 -0.6844
vn -0.6858 0.2476 -0.6844
vn -0.4853 -0.2476 -0.8386
vn -0.4853 0.2476 -0.8385
vn -0.2518 -0.2476 -0.9356
vn -0.2518 0.2476 -0.9356
vn -0.0010 -0.2476 -0.9689
vn -0.0010 0.2476 -0.9689
vn 0.6250 0.4372 -0.6467
vn -0.1463 -0.3747 -0.9155
vn 0.6734 -0.0705 -0.7359
vn 0.7149 0.3833 -0.5848
vn 0.9391 -0.0628 -0.3379
vn 0.8845 0.3944 -0.2492
vn 0.9973 -0.0653 0.0339
vn 0.9159 0.3814 0.1252
vn 0.8811 -0.0656 0.4683
vn 0.8166 0.3909 0.4246
vn 0.5659 0.3746 0.7345
vn 0.2719 -0.0968 0.9574
vn 0.2822 -0.0690 0.9569
vn 0.1387 0.3788 0.9150
vn -0.2296 -0.0650 0.9711
vn -0.1988 0.3909 0.8987
vn -0.5484 0.3698 0.7500
vn -0.8111 -0.0617 0.5816
vn -0.8039 0.3885 0.4503
vn -0.9670 -0.0669 0.2458
vn -0.9138 0.3860 0.1264
vn -0.9822 -0.0628 -0.1769
vn -0.8906 0.3944 -0.2265
vn -0.8467 -0.0653 -0.5280
vn -0.7283 0.3805 -0.5699
vn -0.5365 -0.0705 -0.8409
vn -0.3798 0.3833 -0.8419
vn -0.0834 -0.0628 -0.9945
vn -0.0118 0.3944 -0.9189
vn 0.6778 0.0907 -0.7297
vn -0.1833 -0.6278 -0.7565
vn 0.6038 -0.4130 -0.6818
vn 0.6869 0.0065 -0.7267
vn 0.9249 0.0029 -0.3801
vn 0.8952 -0.4454 0.0146
vn 0.9090 -0.4143 -0.0455
vn 0.9996 0.0065 -0.0282
vn 0.9241 0.0014 0.3822
vn 0.7013 -0.3972 0.5920
vn 0.6209 0.0007 0.7839
vn 0.3165 -0.3980 0.8611
vn 0.1426 0.0022 0.9898
vn -0.2458 -0.4454 0.8609
vn -0.1914 -0.4143 0.8898
vn -0.2315 0.0065 0.9728
vn -0.5995 0.0042 0.8004
vn -0.7467 -0.4102 0.5236
vn -0.8734 0.0037 0.4869
vn -0.8785 -0.4148 0.2372
vn -0.9914 0.0120 0.1303
vn -0.8923 -0.4247 -0.1529
vn -0.9671 0.0053 -0.2543
vn -0.7801 -0.4138 -0.4693
vn -0.7836 0.0069 -0.6212
vn -0.5095 -0.4171 -0.7527
vn -0.4007 0.0087 -0.9162
vn -0.0832 -0.4247 -0.9015
vn -0.0047 0.0053 -1.0000
vn -0.0000 -1.0000 -0.0000
vn -0.0000 1.0000 -0.0000
vn 0.0350 -0.9835 -0.1774
vn 0.1396 -0.9715 -0.1917
vn -0.1192 0.9794 0.1627
vn -0.0366 0.9715 0.2343
vn 0.1247 -0.9798 -0.1564
vn -0.1489 0.9715 0.1846
vn 0.2167 -0.9715 -0.0962
vn -0.1641 0.9831 0.0812
vn 0.1686 -0.9844 -0.0504
vn -0.1739 0.9839 0.0417
vn 0.1804 -0.9835 -0.0122
vn -0.2358 0.9715 0.0253
vn 0.2213 -0.9715 0.0852
vn -0.1735 0.9831 -0.0586
vn 0.1833 -0.9798 0.0800
vn -0.1525 0.9839 -0.0935
vn 0.1490 -0.9715 0.1844
vn -0.1846 0.9715 -0.1489
vn 0.0923 -0.9844 0.1499
vn -0.0813 0.9794 -0.1846
vn 0.0584 -0.9835 0.1711
vn -0.0854 0.9715 -0.2212
vn -0.0250 -0.9715 0.2358
vn 0.0117 0.9831 -0.1827
vn -0.0298 -0.9798 0.1978
vn 0.0509 0.9839 -0.1715
vn -0.1396 -0.9715 0.1917
vn 0.0960 0.9715 -0.2168
vn -0.1247 -0.9798 0.1564
vn 0.1375 0.9831 -0.1209
vn -0.2167 -0.9715 0.0962
vn 0.1572 0.9839 -0.0853
vn -0.1862 -0.9798 0.0731
vn 0.2212 0.9715 -0.0854
vn -0.2358 -0.9715 -0.0250
vn 0.1827 0.9831 0.0117
vn -0.1713 -0.9844 -0.0407
vn 0.1715 0.9839 0.0509
vn -0.1623 -0.9835 -0.0797
vn 0.2168 0.9715 0.0960
vn -0.1490 -0.9715 -0.1844
vn 0.1263 0.9794 0.1573
vn -0.1188 -0.9798 -0.1609
vn 0.1398 0.9715 0.1916
vn -0.0368 -0.9715 -0.2342
vn 0.0360 0.9831 0.1795
vn -0.0050 -0.9844 -0.1759
vn -0.0047 0.9839 0.1788
vn -0.0358 -0.9830 0.1803
vn -0.1394 -0.9714 0.1921
vn 0.1004 0.9835 -0.1504
vn 0.0364 0.9714 -0.2345
vn -0.1265 -0.9793 0.1580
vn 0.1276 0.9844 -0.1210
vn -0.2168 -0.9714 0.0966
vn 0.1915 0.9714 -0.1401
vn -0.1721 -0.9837 0.0514
vn 0.1774 0.9835 -0.0353
vn -0.1834 -0.9830 0.0121
vn 0.1758 0.9844 0.0047
vn -0.2216 -0.9714 -0.0850
vn 0.2345 0.9714 0.0364
vn -0.1854 -0.9793 -0.0813
vn 0.1613 0.9798 0.1185
vn -0.1494 -0.9714 -0.1844
vn 0.1849 0.9714 0.1487
vn -0.1199 -0.9793 -0.1631
vn 0.0804 0.9798 0.1833
vn -0.0372 -0.9714 -0.2344
vn 0.0858 0.9714 0.2213
vn -0.0051 -0.9837 -0.1795
vn -0.0118 0.9835 0.1805
vn 0.0358 -0.9830 -0.1803
vn -0.0500 0.9844 0.1686
vn 0.1394 -0.9714 -0.1921
vn -0.0958 0.9714 0.2171
vn 0.1265 -0.9793 -0.1580
vn -0.1359 0.9835 0.1193
vn 0.2168 -0.9714 -0.0966
vn -0.1546 0.9844 0.0838
vn 0.1886 -0.9793 -0.0736
vn -0.2213 0.9714 0.0857
vn 0.2361 -0.9714 0.0247
vn -0.1805 0.9835 -0.0118
vn 0.1747 -0.9837 0.0415
vn -0.1686 0.9844 -0.0500
vn 0.1649 -0.9830 0.0813
vn -0.2171 0.9714 -0.0958
vn 0.1494 -0.9714 0.1844
vn -0.1251 0.9798 -0.1562
vn 0.1199 -0.9793 0.1631
vn -0.1401 0.9714 -0.1915
vn 0.0372 -0.9714 0.2344
vn -0.0353 0.9835 -0.1774
vn 0.0051 -0.9837 0.1795
vn 0.0047 0.9844 -0.1758
vt 0.745591 0.000000
vt 0.768298 0.140562
vt 0.729884 0.079842
vt 0.822421 0.000000
vt 0.806713 0.140563
vt 0.845128 0.140562
vt 0.899251 0.000000
vt 0.883543 0.079842
vt 0.921958 0.140563
vt 0.000000 0.140563
vt 0.000000 0.000000
vt 0.038415 0.000000
vt 0.038415 0.140563
vt 0.092538 0.000000
vt 0.076830 0.079842
vt 0.115245 0.140563
vt 0.169368 0.000000
vt 0.153660 0.079842
vt 0.192075 0.140563
vt 0.246197 0.000000
vt 0.230489 0.140563
vt 0.268904 0.140563
vt 0.323027 0.000000
vt 0.307319 0.079842
vt 0.345734 0.140562
vt 0.399857 0.000000
vt 0.384149 0.079842
vt 0.422564 0.140562
vt 0.476686 0.000000
vt 0.460979 0.140563
vt 0.499394 0.140562
vt 0.537809 0.000000
vt 0.537809 0.140562
vt 0.591932 0.000000
vt 0.576224 0.079842
vt 0.614639 0.140563
vt 0.668762 0.000000
vt 0.653054 0.140563
vt 0.691469 0.140562
vt 0.729884 0.159683
vt 0.883543 0.159683
vt 0.076830 0.159683
vt 0.153660 0.159683
vt 0.307319 0.159683
vt 0.384149 0.159683
vt 0.576224 0.159683
vt 0.729884 0.258646
vt 0.768298 0.258645
vt 0.806713 0.258645
vt 0.845128 0.258646
vt 0.883543 0.239525
vt 0.921958 0.258645
vt 0.000000 0.258645
vt 0.038415 0.258645
vt 0.076830 0.239525
vt 0.115245 0.258645
vt 0.153660 0.239525
vt 0.192075 0.239525
vt 0.230489 0.258646
vt 0.268904 0.258645
vt 0.307319 0.258646
vt 0.345734 0.258645
vt 0.384149 0.258646
vt 0.422564 0.239525
vt 0.460979 0.258646
vt 0.499394 0.258646
vt 0.537809 0.258646
vt 0.576224 0.239525
vt 0.614639 0.258646
vt 0.653054 0.258645
vt 0.691469 0.258646
vt 0.883543 0.319366
vt 0.076830 0.319366
vt 0.153660 0.319366
vt 0.192075 0.319366
vt 0.422564 0.319366
vt 0.576224 0.319366
vt 0.752591 0.399208
vt 0.806713 0.399208
vt 0.867835 0.399208
vt 0.921958 0.399208
vt 0.000000 0.399208
vt 0.061122 0.399208
vt 0.137952 0.399208
vt 0.192075 0.399208
vt 0.253196 0.399208
vt 0.330026 0.399204
vt 0.406856 0.399201
vt 0.460979 0.399208
vt 0.522102 0.399208
vt 0.598931 0.399208
vt 0.675761 0.399208
vt 0.571328 0.488533
vt 0.589073 0.550913
vt 0.475348 0.427030
vt 0.524769 0.443383
vt 0.373853 0.465613
vt 0.429515 0.432327
vt 0.342291 0.522271
vt 0.339287 0.574240
vt 0.356266 0.617140
vt 0.402825 0.662291
vt 0.465720 0.678114
vt 0.528100 0.660368
vt 0.573251 0.613809
vt 0.276453 0.579776
vt 0.246769 0.637440
vt 0.192229 0.672535
vt 0.127450 0.675660
vt 0.069786 0.645975
vt 0.034691 0.591436
vt 0.027891 0.545802
vt 0.042612 0.495871
vt 0.086209 0.447855
vt 0.128529 0.429477
vt 0.180569 0.430773
vt 0.223490 0.447702
vt 0.259371 0.485416
vt 0.277749 0.527736
vt 0.573096 0.461899
vt 0.570305 0.442998
vt 0.610956 0.510968
vt 0.597412 0.507780
vt 0.526417 0.426497
vt 0.501117 0.404459
vt 0.454857 0.412113
vt 0.437654 0.400793
vt 0.385693 0.435437
vt 0.385267 0.421529
vt 0.347669 0.470798
vt 0.330134 0.478386
vt 0.325555 0.525050
vt 0.310816 0.555192
vt 0.323672 0.576942
vt 0.346397 0.630941
vt 0.332489 0.631367
vt 0.381758 0.668965
vt 0.389346 0.686500
vt 0.436010 0.691079
vt 0.466152 0.705818
vt 0.508854 0.686451
vt 0.528401 0.692934
vt 0.569625 0.646022
vt 0.573636 0.659346
vt 0.602039 0.580624
vt 0.612175 0.590157
vt 0.290044 0.623239
vt 0.262840 0.642877
vt 0.293089 0.576449
vt 0.256513 0.668515
vt 0.200688 0.698921
vt 0.203429 0.685280
vt 0.144961 0.707226
vt 0.145682 0.695155
vt 0.083987 0.689252
vt 0.095572 0.681544
vt 0.025350 0.636016
vt 0.039237 0.635133
vt 0.002906 0.584337
vt 0.014752 0.581909
vt 0.004486 0.520789
vt 0.014930 0.529984
vt 0.040752 0.450408
vt 0.045305 0.463627
vt 0.107371 0.407621
vt 0.104786 0.421556
vt 0.163057 0.399207
vt 0.177242 0.414137
vt 0.224032 0.417181
vt 0.232191 0.434457
vt 0.282668 0.470418
vt 0.268782 0.471300
vt 0.306831 0.545840
vt 0.293267 0.524523
vt 0.000000 0.756475
vt 0.000000 0.717896
vt 0.041667 0.717896
vt 0.041667 0.756475
vt 0.083333 0.717896
vt 0.083333 0.756475
vt 0.125000 0.717896
vt 0.125000 0.756475
vt 0.166666 0.717896
vt 0.166666 0.756475
vt 0.208333 0.717896
vt 0.208333 0.756475
vt 0.250000 0.717896
vt 0.250000 0.756475
vt 0.291666 0.717896
vt 0.291666 0.756475
vt 0.333333 0.717896
vt 0.333333 0.756475
vt 0.374999 0.717896
vt 0.374999 0.756475
vt 0.416666 0.717896
vt 0.416666 0.756475
vt 0.458333 0.717896
vt 0.458333 0.756475
vt 0.499999 0.717896
vt 0.499999 0.756475
vt 0.541666 0.717896
vt 0.541666 0.756475
vt 0.583333 0.717896
vt 0.583333 0.756475
vt 0.624999 0.717896
vt 0.624999 0.756475
vt 0.666666 0.717896
vt 0.666666 0.756475
vt 0.708333 0.717896
vt 0.708333 0.756475
vt 0.750000 0.717896
vt 0.750000 0.756475
vt 0.791666 0.717896
vt 0.791666 0.756475
vt 0.833333 0.717896
vt 0.833333 0.756475
vt 0.875000 0.717896
vt 0.875000 0.756475
vt 0.916667 0.717896
vt 0.916667 0.756475
vt 0.958333 0.717896
vt 0.958333 0.756475
vt 1.000000 0.717896
vt 1.000000 0.756475
vt 0.022701 0.878038
vt 0.015983 0.843205
vt 0.093361 0.843205
vt 0.100079 0.878038
vt 0.154756 0.843205
vt 0.154756 0.878038
vt 0.209428 0.843205
vt 0.216146 0.878038
vt 0.286806 0.843205
vt 0.270823 0.878038
vt 0.332213 0.878038
vt 0.348201 0.843205
vt 0.402873 0.843205
vt 0.409591 0.878038
vt 0.480252 0.843205
vt 0.464268 0.878038
vt 0.525659 0.878038
vt 0.557630 0.843205
vt 0.580336 0.878038
vt 0.635008 0.843205
vt 0.641726 0.878038
vt 0.696403 0.843205
vt 0.696403 0.878038
vt 0.751076 0.843205
vt 0.757794 0.878038
vt 0.828454 0.843205
vt 0.835172 0.878038
vt 0.889849 0.843205
vt 0.889849 0.878038
vt 0.928538 0.843205
vt 0.928538 0.878038
vt 0.020446 0.820771
vt 0.014406 0.779689
vt 0.084099 0.779689
vt 0.069693 0.820771
vt 0.124985 0.820771
vt 0.139385 0.779689
vt 0.188638 0.779689
vt 0.174231 0.820771
vt 0.229524 0.820771
vt 0.258330 0.779689
vt 0.299217 0.820771
vt 0.328023 0.779689
vt 0.368909 0.820771
vt 0.383309 0.779689
vt 0.432562 0.779689
vt 0.418156 0.820771
vt 0.473448 0.820771
vt 0.502255 0.779689
vt 0.522695 0.820771
vt 0.571947 0.779689
vt 0.577987 0.820771
vt 0.627234 0.779689
vt 0.627234 0.820771
vt 0.676486 0.779689
vt 0.682527 0.820771
vt 0.746180 0.779689
vt 0.752220 0.820771
vt 0.801466 0.779689
vt 0.801466 0.820771
vt 0.836312 0.779689
vt 0.836312 0.820771
vt 0.000000 0.707224
vt 0.041667 0.707224
vt 0.041667 0.768669
vt 0.000000 0.768669
vt 0.083333 0.707224
vt 0.083333 0.768669
vt 0.125000 0.707224
vt 0.125000 0.768669
vt 0.166666 0.707224
vt 0.166666 0.768669
vt 0.208333 0.707224
vt 0.208333 0.768669
vt 0.250000 0.707224
vt 0.250000 0.768669
vt 0.291666 0.707224
vt 0.291666 0.768669
vt 0.333333 0.707224
vt 0.333333 0.768669
vt 0.374999 0.707224
vt 0.374999 0.768669
vt 0.416666 0.707224
vt 0.416666 0.768669
vt 0.458333 0.707224
vt 0.458333 0.768669
vt 0.499999 0.707224
vt 0.499999 0.768669
vt 0.541666 0.707224
vt 0.541666 0.768669
vt 0.583333 0.707224
vt 0.583333 0.768669
vt 0.624999 0.707224
vt 0.624999 0.768669
vt 0.666666 0.707224
vt 0.666666 0.768669
vt 0.708333 0.707224
vt 0.708333 0.768669
vt 0.750000 0.707224
vt 0.750000 0.768669
vt 0.791666 0.707224
vt 0.791666 0.768669
vt 0.833333 0.707224
vt 0.833333 0.768669
vt 0.875000 0.707224
vt 0.875000 0.768669
vt 0.916667 0.707224
vt 0.916667 0.768669
vt 0.958333 0.707224
vt 0.958333 0.768669
vt 1.000000 0.707224
vt 1.000000 0.768669
vt 0.000000 0.832182
vt 0.038689 0.832182
vt 0.038689 0.887660
vt 0.000000 0.887660
vt 0.077378 0.832182
vt 0.077378 0.887660
vt 0.116067 0.832182
vt 0.116067 0.887660
vt 0.154756 0.832182
vt 0.154756 0.887660
vt 0.193445 0.832182
vt 0.193445 0.887660
vt 0.232134 0.832182
vt 0.232134 0.887660
vt 0.270823 0.832182
vt 0.270823 0.887660
vt 0.309512 0.832182
vt 0.309512 0.887660
vt 0.348201 0.832182
vt 0.348201 0.887660
vt 0.386890 0.832182
vt 0.386890 0.887660
vt 0.425579 0.832182
vt 0.425579 0.887660
vt 0.464268 0.832182
vt 0.464268 0.887660
vt 0.502958 0.832182
vt 0.502958 0.887660
vt 0.541647 0.832182
vt 0.541647 0.887660
vt 0.580336 0.832182
vt 0.580336 0.887660
vt 0.619025 0.832182
vt 0.619025 0.887660
vt 0.657714 0.832182
vt 0.657714 0.887660
vt 0.696403 0.832182
vt 0.696403 0.887660
vt 0.735093 0.832182
vt 0.735093 0.887660
vt 0.773782 0.832182
vt 0.773782 0.887660
vt 0.812471 0.832182
vt 0.812471 0.887660
vt 0.851160 0.832182
vt 0.851160 0.887660
vt 0.889849 0.832182
vt 0.889849 0.887660
vt 0.928538 0.832182
vt 0.928538 0.887660
vt 0.034846 0.768669
vt 0.034846 0.832182
vt 0.069693 0.768669
vt 0.069693 0.832182
vt 0.104539 0.768669
vt 0.104539 0.832182
vt 0.139385 0.768669
vt 0.139385 0.832182
vt 0.174231 0.768669
vt 0.174231 0.832182
vt 0.209078 0.768669
vt 0.209078 0.832182
vt 0.243924 0.768669
vt 0.243924 0.832182
vt 0.278770 0.768669
vt 0.278770 0.832182
vt 0.313617 0.768669
vt 0.313617 0.832182
vt 0.348463 0.768669
vt 0.348463 0.832182
vt 0.383309 0.768669
vt 0.383309 0.832182
vt 0.418156 0.768669
vt 0.418156 0.832182
vt 0.453002 0.768669
vt 0.453002 0.832182
vt 0.487848 0.768669
vt 0.487848 0.832182
vt 0.522695 0.768669
vt 0.522695 0.832182
vt 0.557541 0.768669
vt 0.557541 0.832182
vt 0.592387 0.768669
vt 0.592387 0.832182
vt 0.627234 0.768669
vt 0.627234 0.832182
vt 0.662080 0.768669
vt 0.662080 0.832182
vt 0.696927 0.768669
vt 0.696927 0.832182
vt 0.731773 0.768669
vt 0.731773 0.832182
vt 0.766620 0.768669
vt 0.766620 0.832182
vt 0.801466 0.768669
vt 0.801466 0.832182
vt 0.836312 0.768669
vt 0.836312 0.832182
s 1
usemtl barrel_low_initialShadingGroup
f 1573/1737/1389 1575/1739/1391 1574/1738/1390
f 1574/1738/1390 1576/1740/1392 1573/1737/1389
f 1576/1740/1392 1574/1738/1390 1577/1741/1393
f 1576/1740/1392 1577/1741/1393 1578/1742/1394
f 1578/1742/1394 1579/1743/1395 1576/1740/1392
f 1579/1743/1395 1578/1742/1394 1580/1744/1396
f 1579/1743/1395 1580/1744/1396 1581/1745/1397
f 1581/1746/1397 1582/1748/1398 1579/1747/1395
f 1582/1748/1398 1581/1746/1397 1583/1749/1399
f 1583/1749/1399 1584/1750/1400 1582/1748/1398
f 1584/1750/1400 1583/1749/1399 1585/1751/1401
f 1584/1750/1400 1585/1751/1401 1586/1752/1402
f 1586/1752/1402 1587/1753/1403 1584/1750/1400
f 1587/1753/1403 1586/1752/1402 1588/1754/1404
f 1587/1753/1403 1588/1754/1404 1589/1755/1405
f 1589/1755/1405 1590/1756/1406 1587/1753/1403
f 1590/1756/1406 1589/1755/1405 1591/1757/1407
f 1590/1756/1406 1591/1757/1407 1592/1758/1408
f 1592/1758/1408 1593/1759/1409 1590/1756/1406
f 1593/1759/1409 1592/1758/1408 1594/1760/1410
f 1593/1759/1409 1594/1760/1410 1595/1761/1411
f 1595/1761/1411 1596/1762/1412 1593/1759/1409
f 1596/1762/1412 1595/1761/1411 1597/1763/1413
f 1596/1762/1412 1597/1763/1413 1598/1764/1414
f 1598/1764/1414 1599/1765/1415 1596/1762/1412
f 1599/1765/1415 1598/1764/1414 1600/1766/1416
f 1599/1765/1415 1600/1766/1416 1601/1767/1417
f 1601/1767/1417 1602/1768/1418 1599/1765/1415
f 1602/1768/1418 1601/1767/1417 1603/1769/1419
f 1603/1769/1419 1604/1770/1420 1602/1768/1418
f 1604/1770/1420 1603/1769/1419 1605/1771/1421
f 1604/1770/1420 1605/1771/1421 1606/1772/1422
f 1606/1772/1422 1607/1773/1423 1604/1770/1420
f 1607/1773/1423 1606/1772/1422 1608/1774/1424
f 1607/1773/1423 1608/1774/1424 1609/1775/1425
f 1609/1775/1425 1573/1737/1389 1607/1773/1423
f 1573/1737/1389 1609/1775/1425 1575/1739/1391
f 1610/1776/1426 1574/1738/1390 1575/1739/1391
f 1580/1744/1396 1578/1742/1394 1611/1777/1427
f 1611/1777/1427 1581/1745/1397 1580/1744/1396
f 1585/1751/1401 1583/1749/1399 1612/1778/1428
f 1612/1778/1428 1586/1752/1402 1585/1751/1401
f 1588/1754/1404 1586/1752/1402 1613/1779/1429
f 1613/1779/1429 1589/1755/1405 1588/1754/1404
f 1594/1760/1410 1592/1758/1408 1614/1780/1430
f 1614/1780/1430 1595/1761/1411 1594/1760/1410
f 1597/1763/1413 1595/1761/1411 1615/1781/1431
f 1615/1781/1431 1598/1764/1414 1597/1763/1413
f 1605/1771/1421 1603/1769/1419 1616/1782/1432
f 1616/1782/1432 1606/1772/1422 1605/1771/1421
f 1575/1739/1391 1609/1775/1425 1610/1776/1426
f 1618/1783/1433 1574/1738/1390 1610/1776/1426
f 1574/1738/1390 1618/1783/1433 1617/1784/1434
f 1617/1784/1434 1577/1741/1393 1574/1738/1390
f 1577/1741/1393 1617/1784/1434 1619/1785/1435
f 1619/1785/1435 1578/1742/1394 1577/1741/1393
f 1578/1742/1394 1619/1785/1435 1620/1786/1436
f 1620/1786/1436 1611/1777/1427 1578/1742/1394
f 1611/1777/1427 1620/1786/1436 1621/1787/1437
f 1621/1787/1437 1581/1745/1397 1611/1777/1427
f 1581/1745/1397 1621/1787/1437 1622/1788/1438
f 1622/1789/1438 1583/1749/1399 1581/1746/1397
f 1583/1749/1399 1622/1789/1438 1623/1790/1439
f 1623/1790/1439 1612/1778/1428 1583/1749/1399
f 1612/1778/1428 1623/1790/1439 1624/1791/1440
f 1624/1791/1440 1586/1752/1402 1612/1778/1428
f 1586/1752/1402 1624/1791/1440 1625/1792/1441
f 1625/1792/1441 1613/1779/1429 1586/1752/1402
f 1613/1779/1429 1625/1792/1441 1626/1793/1442
f 1626/1793/1442 1589/1755/1405 1613/1779/1429
f 1589/1755/1405 1626/1793/1442 1627/1794/1443
f 1627/1794/1443 1591/1757/1407 1589/1755/1405
f 1591/1757/1407 1627/1794/1443 1628/1795/1444
f 1628/1795/1444 1592/1758/1408 1591/1757/1407
f 1592/1758/1408 1628/1795/1444 1629/1796/1445
f 1629/1796/1445 1614/1780/1430 1592/1758/1408
f 1614/1780/1430 1629/1796/1445 1630/1797/1446
f 1630/1797/1446 1595/1761/1411 1614/1780/1430
f 1595/1761/1411 1630/1797/1446 1631/1798/1447
f 1631/1798/1447 1615/1781/1431 1595/1761/1411
f 1615/1781/1431 1631/1798/1447 1632/1799/1448
f 1632/1799/1448 1598/1764/1414 1615/1781/1431
f 1598/1764/1414 1632/1799/1448 1633/1800/1449
f 1633/1800/1449 1600/1766/1416 1598/1764/1414
f 1600/1766/1416 1633/1800/1449 1634/1801/1450
f 1634/1801/1450 1601/1767/1417 1600/1766/1416
f 1601/1767/1417 1634/1801/1450 1635/1802/1451
f 1635/1802/1451 1603/1769/1419 1601/1767/1417
f 1603/1769/1419 1635/1802/1451 1636/1803/1452
f 1636/1803/1452 1616/1782/1432 1603/1769/1419
f 1616/1782/1432 1636/1803/1452 1637/1804/1453
f 1637/1804/1453 1606/1772/1422 1616/1782/1432
f 1606/1772/1422 1637/1804/1453 1638/1805/1454
f 1638/1805/1454 1608/1774/1424 1606/1772/1422
f 1608/1774/1424 1638/1805/1454 1639/1806/1455
f 1639/1806/1455 1609/1775/1425 1608/1774/1424
f 1609/1775/1425 1639/1806/1455 1640/1807/1456
f 1640/1807/1456 1610/1776/1426 1609/1775/1425
f 1610/1776/1426 1640/1807/1456 1618/1783/1433
f 1621/1787/1437 1620/1786/1436 1641/1808/1457
f 1641/1808/1457 1622/1788/1438 1621/1787/1437
f 1624/1791/1440 1623/1790/1439 1642/1809/1458
f 1642/1809/1458 1625/1792/1441 1624/1791/1440
f 1626/1793/1442 1625/1792/1441 1643/1810/1459
f 1643/1810/1459 1627/1794/1443 1626/1793/1442
f 1627/1794/1443 1643/1810/1459 1644/1811/1460
f 1644/1811/1460 1628/1795/1444 1627/1794/1443
f 1633/1800/1449 1632/1799/1448 1645/1812/1461
f 1645/1812/1461 1634/1801/1450 1633/1800/1449
f 1637/1804/1453 1636/1803/1452 1646/1813/1462
f 1646/1813/1462 1638/1805/1454 1637/1804/1453
f 1647/1814/1463 1617/1784/1434 1618/1783/1433
f 1647/1814/1463 1619/1785/1435 1617/1784/1434
f 1619/1785/1435 1647/1814/1463 1648/1815/1464
f 1648/1815/1464 1620/1786/1436 1619/1785/1435
f 1620/1786/1436 1648/1815/1464 1649/1816/1465
f 1649/1816/1465 1641/1808/1457 1620/1786/1436
f 1649/1816/1465 1622/1788/1438 1641/1808/1457
f 1622/1788/1438 1649/1816/1465 1650/1817/1466
f 1650/1818/1466 1623/1790/1439 1622/1789/1438
f 1623/1790/1439 1650/1818/1466 1651/1819/1467
f 1651/1819/1467 1642/1809/1458 1623/1790/1439
f 1651/1819/1467 1625/1792/1441 1642/1809/1458
f 1625/1792/1441 1651/1819/1467 1652/1820/1468
f 1652/1820/1468 1643/1810/1459 1625/1792/1441
f 1652/1820/1468 1644/1811/1460 1643/1810/1459
f 1644/1811/1460 1652/1820/1468 1653/1821/1469
f 1653/1821/1469 1628/1795/1444 1644/1811/1460
f 1628/1795/1444 1653/1821/1469 1654/1822/1470
f 1654/1822/1470 1629/1796/1445 1628/1795/1444
f 1654/1822/1470 1630/1797/1446 1629/1796/1445
f 1630/1797/1446 1654/1822/1470 1655/1823/1471
f 1655/1823/1471 1631/1798/1447 1630/1797/1446
f 1655/1823/1471 1632/1799/1448 1631/1798/1447
f 1632/1799/1448 1655/1823/1471 1656/1824/1472
f 1656/1824/1472 1645/1812/1461 1632/1799/1448
f 1656/1824/1472 1634/1801/1450 1645/1812/1461
f 1634/1801/1450 1656/1824/1472 1657/1825/1473
f 1657/1825/1473 1635/1802/1451 1634/1801/1450
f 1635/1802/1451 1657/1825/1473 1658/1826/1474
f 1658/1826/1474 1636/1803/1452 1635/1802/1451
f 1658/1826/1474 1646/1813/1462 1636/1803/1452
f 1646/1813/1462 1658/1826/1474 1659/1827/1475
f 1659/1827/1475 1638/1805/1454 1646/1813/1462
f 1659/1827/1475 1639/1806/1455 1638/1805/1454
f 1639/1806/1455 1659/1827/1475 1660/1828/1476
f 1660/1828/1476 1640/1807/1456 1639/1806/1455
f 1660/1828/1476 1618/1783/1433 1640/1807/1456
f 1618/1783/1433 1660/1828/1476 1647/1814/1463
f 1661/1829/1477 1663/1831/1479 1662/1830/1478
f 1664/1832/1480 1663/1831/1479 1661/1829/1477
f 1666/1833/1481 1663/1831/1479 1665/1834/1482
f 1667/1835/1483 1663/1831/1479 1666/1833/1481
f 1668/1836/1484 1663/1831/1479 1667/1835/1483
f 1669/1837/1485 1663/1831/1479 1668/1836/1484
f 1670/1838/1486 1663/1831/1479 1669/1837/1485
f 1671/1839/1487 1663/1831/1479 1670/1838/1486
f 1672/1840/1488 1663/1831/1479 1671/1839/1487
f 1673/1841/1489 1663/1831/1479 1672/1840/1488
f 1662/1830/1478 1663/1831/1479 1673/1841/1489
f 1674/1842/1490 1676/1844/1492 1675/1843/1491
f 1677/1845/1493 1676/1844/1492 1678/1846/1494
f 1678/1846/1494 1676/1844/1492 1679/1847/1495
f 1679/1847/1495 1676/1844/1492 1680/1848/1496
f 1680/1848/1496 1676/1844/1492 1681/1849/1497
f 1681/1849/1497 1676/1844/1492 1682/1850/1498
f 1682/1850/1498 1676/1844/1492 1683/1851/1499
f 1683/1851/1499 1676/1844/1492 1684/1852/1500
f 1684/1852/1500 1676/1844/1492 1685/1853/1501
f 1685/1853/1501 1676/1844/1492 1686/1854/1502
f 1686/1854/1502 1676/1844/1492 1687/1855/1503
f 1687/1855/1503 1676/1844/1492 1674/1842/1490
f 1689/1856/1504 1573/1858/1389 1576/1857/1392
f 1573/1858/1389 1689/1856/1504 1688/1859/1505
f 1576/1857/1392 1690/1860/1506 1689/1856/1504
f 1690/1860/1506 1576/1857/1392 1579/1861/1395
f 1579/1861/1395 1691/1862/1507 1690/1860/1506
f 1691/1862/1507 1579/1861/1395 1582/1863/1398
f 1692/1864/1508 1582/1863/1398 1584/1865/1400
f 1582/1863/1398 1692/1864/1508 1691/1862/1507
f 1693/1866/1509 1584/1865/1400 1587/1867/1403
f 1584/1865/1400 1693/1866/1509 1692/1864/1508
f 1587/1867/1403 1694/1868/1510 1693/1866/1509
f 1694/1868/1510 1587/1867/1403 1590/1869/1406
f 1590/1869/1406 1695/1870/1511 1694/1868/1510
f 1696/1871/1512 1590/1869/1406 1593/1872/1409
f 1590/1869/1406 1696/1871/1512 1695/1870/1511
f 1697/1873/1513 1593/1872/1409 1596/1874/1412
f 1593/1872/1409 1697/1873/1513 1696/1871/1512
f 1596/1874/1412 1698/1875/1514 1697/1873/1513
f 1698/1875/1514 1596/1874/1412 1599/1876/1415
f 1599/1876/1415 1699/1877/1515 1698/1875/1514
f 1699/1877/1515 1599/1876/1415 1602/1878/1418
f 1700/1879/1516 1602/1878/1418 1604/1880/1420
f 1602/1878/1418 1700/1879/1516 1699/1877/1515
f 1701/1881/1517 1604/1880/1420 1607/1882/1423
f 1604/1880/1420 1701/1881/1517 1700/1879/1516
f 1688/1859/1505 1607/1882/1423 1573/1858/1389
f 1607/1882/1423 1688/1859/1505 1701/1881/1517
f 1647/1883/1463 1703/1885/1519 1702/1884/1518
f 1702/1884/1518 1648/1886/1464 1647/1883/1463
f 1702/1884/1518 1649/1887/1465 1648/1886/1464
f 1649/1887/1465 1702/1884/1518 1704/1888/1520
f 1704/1888/1520 1650/1889/1466 1649/1887/1465
f 1650/1889/1466 1704/1888/1520 1705/1890/1521
f 1705/1890/1521 1651/1891/1467 1650/1889/1466
f 1651/1891/1467 1705/1890/1521 1706/1892/1522
f 1706/1892/1522 1652/1893/1468 1651/1891/1467
f 1652/1893/1468 1706/1892/1522 1707/1894/1523
f 1707/1894/1523 1653/1895/1469 1652/1893/1468
f 1653/1895/1469 1707/1894/1523 1708/1896/1524
f 1708/1896/1524 1654/1897/1470 1653/1895/1469
f 1654/1897/1470 1708/1896/1524 1709/1898/1525
f 1709/1898/1525 1655/1899/1471 1654/1897/1470
f 1655/1899/1471 1709/1898/1525 1710/1900/1526
f 1710/1900/1526 1656/1901/1472 1655/1899/1471
f 1656/1901/1472 1710/1900/1526 1711/1902/1527
f 1711/1902/1527 1657/1903/1473 1656/1901/1472
f 1657/1903/1473 1711/1902/1527 1712/1904/1528
f 1712/1904/1528 1658/1905/1474 1657/1903/1473
f 1658/1905/1474 1712/1904/1528 1713/1906/1529
f 1713/1906/1529 1659/1907/1475 1658/1905/1474
f 1659/1907/1475 1713/1906/1529 1714/1908/1530
f 1714/1908/1530 1660/1909/1476 1659/1907/1475
f 1660/1909/1476 1714/1908/1530 1715/1910/1531
f 1660/1909/1476 1715/1910/1531 1703/1885/1519
f 1703/1885/1519 1647/1883/1463 1660/1909/1476
f 1688/1859/1505 1661/1829/1477 1662/1830/1478
f 1661/1829/1477 1688/1859/1505 1689/1856/1504
f 1664/1832/1480 1689/1856/1504 1690/1860/1506
f 1689/1856/1504 1664/1832/1480 1661/1829/1477
f 1663/1831/1479 1690/1860/1506 1691/1862/1507
f 1690/1860/1506 1663/1831/1479 1664/1832/1480
f 1691/1862/1507 1665/1834/1482 1663/1831/1479
f 1665/1834/1482 1691/1862/1507 1692/1864/1508
f 1692/1864/1508 1666/1833/1481 1665/1834/1482
f 1666/1833/1481 1692/1864/1508 1693/1866/1509
f 1667/1835/1483 1693/1866/1509 1694/1868/1510
f 1693/1866/1509 1667/1835/1483 1666/1833/1481
f 1668/1836/1484 1694/1868/1510 1695/1870/1511
f 1694/1868/1510 1668/1836/1484 1667/1835/1483
f 1669/1837/1485 1695/1870/1511 1696/1871/1512
f 1695/1870/1511 1669/1837/1485 1668/1836/1484
f 1670/1838/1486 1696/1871/1512 1697/1873/1513
f 1696/1871/1512 1670/1838/1486 1669/1837/1485
f 1670/1838/1486 1697/1873/1513 1698/1875/1514
f 1698/1875/1514 1671/1839/1487 1670/1838/1486
f 1671/1839/1487 1698/1875/1514 1699/1877/1515
f 1699/1877/1515 1672/1840/1488 1671/1839/1487
f 1672/1840/1488 1699/1877/1515 1700/1879/1516
f 1700/1879/1516 1673/1841/1489 1672/1840/1488
f 1673/1841/1489 1700/1879/1516 1701/1881/1517
f 1701/1881/1517 1662/1830/1478 1673/1841/1489
f 1662/1830/1478 1701/1881/1517 1688/1859/1505
f 1674/1842/1490 1702/1884/1518 1703/1885/1519
f 1702/1884/1518 1674/1842/1490 1675/1843/1491
f 1675/1843/1491 1704/1888/1520 1702/1884/1518
f 1704/1888/1520 1675/1843/1491 1676/1844/1492
f 1676/1844/1492 1705/1890/1521 1704/1888/1520
f 1705/1890/1521 1676/1844/1492 1677/1845/1493
f 1677/1845/1493 1706/1892/1522 1705/1890/1521
f 1706/1892/1522 1677/1845/1493 1678/1846/1494
f 1678/1846/1494 1707/1894/1523 1706/1892/1522
f 1707/1894/1523 1678/1846/1494 1679/1847/1495
f 1679/1847/1495 1708/1896/1524 1707/1894/1523
f 1679/1847/1495 1709/1898/1525 1708/1896/1524
f 1709/1898/1525 1679/1847/1495 1680/1848/1496
f 1709/1898/1525 1680/1848/1496 1681/1849/1497
f 1681/1849/1497 1710/1900/1526 1709/1898/1525
f 1710/1900/1526 1681/1849/1497 1682/1850/1498
f 1682/1850/1498 1711/1902/1527 1710/1900/1526
f 1711/1902/1527 1682/1850/1498 1683/1851/1499
f 1683/1851/1499 1712/1904/1528 1711/1902/1527
f 1712/1904/1528 1683/1851/1499 1684/1852/1500
f 1684/1852/1500 1713/1906/1529 1712/1904/1528
f 1713/1906/1529 1684/1852/1500 1685/1853/1501
f 1685/1853/1501 1714/1908/1530 1713/1906/1529
f 1714/1908/1530 1685/1853/1501 1686/1854/1502
f 1686/1854/1502 1715/1910/1531 1714/1908/1530
f 1715/1910/1531 1686/1854/1502 1687/1855/1503
f 1687/1855/1503 1703/1885/1519 1715/1910/1531
f 1703/1885/1519 1687/1855/1503 1674/1842/1490
f 1719/1911/1532 1717/1913/1534 1716/1912/1533
f 1717/1913/1534 1719/1911/1532 1718/1914/1535
f 1718/1914/1535 1720/1915/1536 1717/1913/1534
f 1720/1915/1536 1718/1914/1535 1721/1916/1537
f 1721/1916/1537 1722/1917/1538 1720/1915/1536
f 1722/1917/1538 1721/1916/1537 1723/1918/1539
f 1723/1918/1539 1724/1919/1540 1722/1917/1538
f 1724/1919/1540 1723/1918/1539 1725/1920/1541
f 1725/1920/1541 1726/1921/1542 1724/1919/1540
f 1726/1921/1542 1725/1920/1541 1727/1922/1543
f 1727/1922/1543 1728/1923/1544 1726/1921/1542
f 1728/1923/1544 1727/1922/1543 1729/1924/1545
f 1729/1924/1545 1730/1925/1546 1728/1923/1544
f 1730/1925/1546 1729/1924/1545 1731/1926/1547
f 1731/1926/1547 1732/1927/1548 1730/1925/1546
f 1732/1927/1548 1731/1926/1547 1733/1928/1549
f 1733/1928/1549 1734/1929/1550 1732/1927/1548
f 1734/1929/1550 1733/1928/1549 1735/1930/1551
f 1735/1930/1551 1736/1931/1552 1734/1929/1550
f 1736/1931/1552 1735/1930/1551 1737/1932/1553
f 1737/1932/1553 1738/1933/1554 1736/1931/1552
f 1738/1933/1554 1737/1932/1553 1739/1934/1555
f 1739/1934/1555 1740/1935/1556 1738/1933/1554
f 1740/1935/1556 1739/1934/1555 1741/1936/1557
f 1741/1936/1557 1742/1937/1558 1740/1935/1556
f 1742/1937/1558 1741/1936/1557 1743/1938/1559
f 1743/1938/1559 1744/1939/1560 1742/1937/1558
f 1744/1939/1560 1743/1938/1559 1745/1940/1561
f 1745/1940/1561 1746/1941/1562 1744/1939/1560
f 1746/1941/1562 1745/1940/1561 1747/1942/1563
f 1747/1942/1563 1748/1943/1564 1746/1941/1562
f 1748/1943/1564 1747/1942/1563 1749/1944/1565
f 1749/1944/1565 1750/1945/1566 1748/1943/1564
f 1750/1945/1566 1749/1944/1565 1751/1946/1567
f 1751/1946/1567 1752/1947/1568 1750/1945/1566
f 1752/1947/1568 1751/1946/1567 1753/1948/1569
f 1753/1948/1569 1754/1949/1570 1752/1947/1568
f 1754/1949/1570 1753/1948/1569 1755/1950/1571
f 1755/1950/1571 1756/1951/1572 1754/1949/1570
f 1756/1951/1572 1755/1950/1571 1757/1952/1573
f 1757/1952/1573 1758/1953/1574 1756/1951/1572
f 1758/1953/1574 1757/1952/1573 1759/1954/1575
f 1759/1954/1575 1760/1955/1576 1758/1953/1574
f 1760/1955/1576 1759/1954/1575 1761/1956/1577
f 1761/1956/1577 1762/1957/1578 1760/1955/1576
f 1762/1957/1578 1761/1956/1577 1763/1958/1579
f 1763/1958/1579 1716/1959/1533 1762/1957/1578
f 1716/1959/1533 1763/1958/1579 1719/1960/1532
f 1765/1961/1580 1766/1963/1582 1764/1962/1581
f 1766/1963/1582 1765/1961/1580 1767/1964/1583
f 1767/1964/1583 1768/1965/1584 1766/1963/1582
f 1768/1965/1584 1767/1964/1583 1769/1966/1585
f 1769/1966/1585 1770/1967/1586 1768/1965/1584
f 1770/1967/1586 1769/1966/1585 1771/1968/1587
f 1771/1968/1587 1772/1969/1588 1770/1967/1586
f 1772/1969/1588 1771/1968/1587 1773/1970/1589
f 1772/1969/1588 1773/1970/1589 1774/1971/1590
f 1774/1971/1590 1775/1972/1591 1772/1969/1588
f 1774/1971/1590 1776/1973/1592 1775/1972/1591
f 1776/1973/1592 1774/1971/1590 1777/1974/1593
f 1777/1974/1593 1778/1975/1594 1776/1973/1592
f 1778/1975/1594 1777/1974/1593 1779/1976/1595
f 1778/1975/1594 1779/1976/1595 1780/1977/1596
f 1780/1977/1596 1781/1978/1597 1778/1975/1594
f 1781/1978/1597 1780/1977/1596 1782/1979/1598
f 1782/1979/1598 1783/1980/1599 1781/1978/1597
f 1783/1980/1599 1782/1979/1598 1784/1981/1600
f 1784/1981/1600 1785/1982/1601 1783/1980/1599
f 1785/1982/1601 1784/1981/1600 1786/1983/1602
f 1786/1983/1602 1787/1984/1603 1785/1982/1601
f 1787/1984/1603 1786/1983/1602 1788/1985/1604
f 1788/1985/1604 1789/1986/1605 1787/1984/1603
f 1789/1986/1605 1788/1985/1604 1790/1987/1606
f 1790/1987/1606 1791/1988/1607 1789/1986/1605
f 1791/1988/1607 1790/1987/1606 1792/1989/1608
f 1792/1989/1608 1764/1990/1581 1791/1988/1607
f 1764/1990/1581 1792/1989/1608 1765/1991/1580
f 1794/1992/1609 1795/1994/1611 1793/1993/1610
f 1795/1994/1611 1794/1992/1609 1796/1995/1612
f 1795/1994/1611 1796/1995/1612 1797/1996/1613
f 1797/1996/1613 1798/1997/1614 1795/1994/1611
f 1797/1996/1613 1799/1998/1615 1798/1997/1614
f 1799/1998/1615 1797/1996/1613 1800/1999/1616
f 1799/1998/1615 1800/1999/1616 1801/2000/1617
f 1801/2000/1617 1802/2001/1618 1799/1998/1615
f 1802/2001/1618 1801/2000/1617 1803/2002/1619
f 1803/2002/1619 1804/2003/1620 1802/2001/1618
f 1804/2003/1620 1803/2002/1619 1805/2004/1621
f 1805/2004/1621 1806/2005/1622 1804/2003/1620
f 1805/2004/1621 1807/2006/1623 1806/2005/1622
f 1807/2006/1623 1805/2004/1621 1808/2007/1624
f 1807/2006/1623 1808/2007/1624 1809/2008/1625
f 1809/2008/1625 1810/2009/1626 1807/2006/1623
f 1810/2009/1626 1809/2008/1625 1811/2010/1627
f 1811/2010/1627 1812/2011/1628 1810/2009/1626
f 1812/2011/1628 1811/2010/1627 1813/2012/1629
f 1813/2012/1629 1814/2013/1630 1812/2011/1628
f 1814/2013/1630 1813/2012/1629 1815/2014/1631
f 1815/2014/1631 1816/2015/1632 1814/2013/1630
f 1816/2015/1632 1815/2014/1631 1817/2016/1633
f 1817/2016/1633 1818/2017/1634 1816/2015/1632
f 1818/2017/1634 1817/2016/1633 1819/2018/1635
f 1819/2018/1635 1820/2019/1636 1818/2017/1634
f 1820/2019/1636 1819/2018/1635 1821/2020/1637
f 1821/2020/1637 1793/2021/1610 1820/2019/1636
f 1793/2021/1610 1821/2020/1637 1794/2022/1609
f 1716/1912/1533 1823/2024/1638 1822/2023/1638
f 1823/2024/1638 1716/1912/1533 1717/1913/1534
f 1718/1914/1535 1825/2026/1639 1824/2025/1639
f 1825/2026/1639 1718/1914/1535 1719/1911/1532
f 1717/1913/1534 1826/2027/1638 1823/2024/1638
f 1826/2027/1638 1717/1913/1534 1720/1915/1536
f 1721/1916/1537 1824/2025/1639 1827/2028/1639
f 1824/2025/1639 1721/1916/1537 1718/1914/1535
f 1720/1915/1536 1828/2029/1638 1826/2027/1638
f 1828/2029/1638 1720/1915/1536 1722/1917/1538
f 1723/1918/1539 1827/2028/1639 1829/2030/1639
f 1827/2028/1639 1723/1918/1539 1721/1916/1537
f 1722/1917/1538 1830/2031/1638 1828/2029/1638
f 1830/2031/1638 1722/1917/1538 1724/1919/1540
f 1725/1920/1541 1829/2030/1639 1831/2032/1639
f 1829/2030/1639 1725/1920/1541 1723/1918/1539
f 1724/1919/1540 1832/2033/1638 1830/2031/1638
f 1832/2033/1638 1724/1919/1540 1726/1921/1542
f 1727/1922/1543 1831/2032/1639 1833/2034/1639
f 1831/2032/1639 1727/1922/1543 1725/1920/1541
f 1726/1921/1542 1834/2035/1638 1832/2033/1638
f 1834/2035/1638 1726/1921/1542 1728/1923/1544
f 1729/1924/1545 1833/2034/1639 1835/2036/1639
f 1833/2034/1639 1729/1924/1545 1727/1922/1543
f 1728/1923/1544 1836/2037/1638 1834/2035/1638
f 1836/2037/1638 1728/1923/1544 1730/1925/1546
f 1731/1926/1547 1835/2036/1639 1837/2038/1639
f 1835/2036/1639 1731/1926/1547 1729/1924/1545
f 1730/1925/1546 1838/2039/1638 1836/2037/1638
f 1838/2039/1638 1730/1925/1546 1732/1927/1548
f 1733/1928/1549 1837/2038/1639 1839/2040/1639
f 1837/2038/1639 1733/1928/1549 1731/1926/1547
f 1732/1927/1548 1840/2041/1638 1838/2039/1638
f 1840/2041/1638 1732/1927/1548 1734/1929/1550
f 1735/1930/1551 1839/2040/1639 1841/2042/1639
f 1839/2040/1639 1735/1930/1551 1733/1928/1549
f 1734/1929/1550 1842/2043/1638 1840/2041/1638
f 1842/2043/1638 1734/1929/1550 1736/1931/1552
f 1737/1932/1553 1841/2042/1639 1843/2044/1639
f 1841/2042/1639 1737/1932/1553 1735/1930/1551
f 1736/1931/1552 1844/2045/1638 1842/2043/1638
f 1844/2045/1638 1736/1931/1552 1738/1933/1554
f 1739/1934/1555 1843/2044/1639 1845/2046/1639
f 1843/2044/1639 1739/1934/1555 1737/1932/1553
f 1738/1933/1554 1846/2047/1638 1844/2045/1638
f 1846/2047/1638 1738/1933/1554 1740/1935/1556
f 1741/1936/1557 1845/2046/1639 1847/2048/1639
f 1845/2046/1639 1741/1936/1557 1739/1934/1555
f 1740/1935/1556 1848/2049/1638 1846/2047/1638
f 1848/2049/1638 1740/1935/1556 1742/1937/1558
f 1743/1938/1559 1847/2048/1639 1849/2050/1639
f 1847/2048/1639 1743/1938/1559 1741/1936/1557
f 1742/1937/1558 1850/2051/1638 1848/2049/1638
f 1850/2051/1638 1742/1937/1558 1744/1939/1560
f 1745/1940/1561 1849/2050/1639 1851/2052/1639
f 1849/2050/1639 1745/1940/1561 1743/1938/1559
f 1744/1939/1560 1852/2053/1638 1850/2051/1638
f 1852/2053/1638 1744/1939/1560 1746/1941/1562
f 1747/1942/1563 1851/2052/1639 1853/2054/1639
f 1851/2052/1639 1747/1942/1563 1745/1940/1561
f 1746/1941/1562 1854/2055/1638 1852/2053/1638
f 1854/2055/1638 1746/1941/1562 1748/1943/1564
f 1749/1944/1565 1853/2054/1639 1855/2056/1639
f 1853/2054/1639 1749/1944/1565 1747/1942/1563
f 1748/1943/1564 1856/2057/1638 1854/2055/1638
f 1856/2057/1638 1748/1943/1564 1750/1945/1566
f 1751/1946/1567 1855/2056/1639 1857/2058/1639
f 1855/2056/1639 1751/1946/1567 1749/1944/1565
f 1750/1945/1566 1858/2059/1638 1856/2057/1638
f 1858/2059/1638 1750/1945/1566 1752/1947/1568
f 1753/1948/1569 1857/2058/1639 1859/2060/1639
f 1857/2058/1639 1753/1948/1569 1751/1946/1567
f 1752/1947/1568 1860/2061/1638 1858/2059/1638
f 1860/2061/1638 1752/1947/1568 1754/1949/1570
f 1755/1950/1571 1859/2060/1639 1861/2062/1639
f 1859/2060/1639 1755/1950/1571 1753/1948/1569
f 1754/1949/1570 1862/2063/1638 1860/2061/1638
f 1862/2063/1638 1754/1949/1570 1756/1951/1572
f 1757/1952/1573 1861/2062/1639 1863/2064/1639
f 1861/2062/1639 1757/1952/1573 1755/1950/1571
f 1756/1951/1572 1864/2065/1638 1862/2063/1638
f 1864/2065/1638 1756/1951/1572 1758/1953/1574
f 1759/1954/1575 1863/2064/1639 1865/2066/1639
f 1863/2064/1639 1759/1954/1575 1757/1952/1573
f 1758/1953/1574 1866/2067/1638 1864/2065/1638
f 1866/2067/1638 1758/1953/1574 1760/1955/1576
f 1761/1956/1577 1865/2066/1639 1867/2068/1639
f 1865/2066/1639 1761/1956/1577 1759/1954/1575
f 1760/1955/1576 1868/2069/1638 1866/2067/1638
f 1868/2069/1638 1760/1955/1576 1762/1957/1578
f 1763/1958/1579 1867/2068/1639 1869/2070/1639
f 1867/2068/1639 1763/1958/1579 1761/1956/1577
f 1762/1957/1578 1822/2071/1638 1868/2069/1638
f 1822/2071/1638 1762/1957/1578 1716/1959/1533
f 1719/1960/1532 1869/2070/1639 1825/2072/1639
f 1869/2070/1639 1719/1960/1532 1763/1958/1579
f 1764/1962/1581 1871/2074/1641 1870/2073/1640
f 1765/1961/1580 1873/2076/1643 1872/2075/1642
f 1764/1962/1581 1874/2077/1644 1871/2074/1641
f 1874/2077/1644 1764/1962/1581 1766/1963/1582
f 1767/1964/1583 1872/2075/1642 1875/2078/1645
f 1872/2075/1642 1767/1964/1583 1765/1961/1580
f 1766/1963/1582 1876/2079/1646 1874/2077/1644
f 1767/1964/1583 1875/2078/1645 1877/2080/1647
f 1766/1963/1582 1878/2081/1648 1876/2079/1646
f 1878/2081/1648 1766/1963/1582 1768/1965/1584
f 1769/1966/1585 1877/2080/1647 1879/2082/1649
f 1877/2080/1647 1769/1966/1585 1767/1964/1583
f 1768/1965/1584 1880/2083/1650 1878/2081/1648
f 1880/2083/1650 1768/1965/1584 1770/1967/1586
f 1771/1968/1587 1879/2082/1649 1881/2084/1651
f 1879/2082/1649 1771/1968/1587 1769/1966/1585
f 1770/1967/1586 1882/2085/1652 1880/2083/1650
f 1771/1968/1587 1881/2084/1651 1883/2086/1653
f 1770/1967/1586 1884/2087/1654 1882/2085/1652
f 1884/2087/1654 1770/1967/1586 1772/1969/1588
f 1773/1970/1589 1883/2086/1653 1885/2088/1655
f 1883/2086/1653 1773/1970/1589 1771/1968/1587
f 1772/1969/1588 1886/2089/1656 1884/2087/1654
f 1774/1971/1590 1885/2088/1655 1887/2090/1657
f 1885/2088/1655 1774/1971/1590 1773/1970/1589
f 1772/1969/1588 1888/2091/1658 1886/2089/1656
f 1888/2091/1658 1772/1969/1588 1775/1972/1591
f 1774/1971/1590 1887/2090/1657 1889/2092/1659
f 1775/1972/1591 1890/2093/1660 1888/2091/1658
f 1890/2093/1660 1775/1972/1591 1776/1973/1592
f 1777/1974/1593 1889/2092/1659 1891/2094/1661
f 1889/2092/1659 1777/1974/1593 1774/1971/1590
f 1776/1973/1592 1892/2095/1662 1890/2093/1660
f 1777/1974/1593 1891/2094/1661 1893/2096/1663
f 1776/1973/1592 1894/2097/1664 1892/2095/1662
f 1894/2097/1664 1776/1973/1592 1778/1975/1594
f 1779/1976/1595 1893/2096/1663 1895/2098/1665
f 1893/2096/1663 1779/1976/1595 1777/1974/1593
f 1778/1975/1594 1896/2099/1666 1894/2097/1664
f 1780/1977/1596 1895/2098/1665 1897/2100/1667
f 1895/2098/1665 1780/1977/1596 1779/1976/1595
f 1778/1975/1594 1898/2101/1668 1896/2099/1666
f 1898/2101/1668 1778/1975/1594 1781/1978/1597
f 1780/1977/1596 1897/2100/1667 1899/2102/1669
f 1781/1978/1597 1900/2103/1670 1898/2101/1668
f 1782/1979/1598 1899/2102/1669 1901/2104/1671
f 1899/2102/1669 1782/1979/1598 1780/1977/1596
f 1781/1978/1597 1902/2105/1672 1900/2103/1670
f 1902/2105/1672 1781/1978/1597 1783/1980/1599
f 1784/1981/1600 1901/2104/1671 1903/2106/1673
f 1901/2104/1671 1784/1981/1600 1782/1979/1598
f 1783/1980/1599 1904/2107/1674 1902/2105/1672
f 1784/1981/1600 1903/2106/1673 1905/2108/1675
f 1783/1980/1599 1906/2109/1676 1904/2107/1674
f 1906/2109/1676 1783/1980/1599 1785/1982/1601
f 1786/1983/1602 1905/2108/1675 1907/2110/1677
f 1905/2108/1675 1786/1983/1602 1784/1981/1600
f 1785/1982/1601 1908/2111/1678 1906/2109/1676
f 1908/2111/1678 1785/1982/1601 1787/1984/1603
f 1788/1985/1604 1907/2110/1677 1909/2112/1679
f 1907/2110/1677 1788/1985/1604 1786/1983/1602
f 1787/1984/1603 1910/2113/1680 1908/2111/1678
f 1788/1985/1604 1909/2112/1679 1911/2114/1681
f 1787/1984/1603 1912/2115/1682 1910/2113/1680
f 1912/2115/1682 1787/1984/1603 1789/1986/1605
f 1790/1987/1606 1911/2114/1681 1913/2116/1683
f 1911/2114/1681 1790/1987/1606 1788/1985/1604
f 1789/1986/1605 1914/2117/1684 1912/2115/1682
f 1790/1987/1606 1913/2116/1683 1915/2118/1685
f 1789/1986/1605 1916/2119/1686 1914/2117/1684
f 1916/2119/1686 1789/1986/1605 1791/1988/1607
f 1792/1989/1608 1915/2118/1685 1917/2120/1687
f 1915/2118/1685 1792/1989/1608 1790/1987/1606
f 1791/1988/1607 1870/2121/1640 1916/2119/1686
f 1870/2121/1640 1791/1988/1607 1764/1990/1581
f 1765/1991/1580 1917/2120/1687 1873/2122/1643
f 1917/2120/1687 1765/1991/1580 1792/1989/1608
f 1793/1993/1610 1919/2123/1689 1918/2026/1688
f 1794/1992/1609 1921/2073/1691 1920/2124/1690
f 1793/1993/1610 1922/2125/1692 1919/2123/1689
f 1922/2125/1692 1793/1993/1610 1795/1994/1611
f 1796/1995/1612 1920/2124/1690 1923/2126/1693
f 1920/2124/1690 1796/1995/1612 1794/1992/1609
f 1795/1994/1611 1924/2127/1694 1922/2125/1692
f 1797/1996/1613 1923/2126/1693 1925/2128/1695
f 1923/2126/1693 1797/1996/1613 1796/1995/1612
f 1795/1994/1611 1926/2129/1696 1924/2127/1694
f 1926/2129/1696 1795/1994/1611 1798/1997/1614
f 1797/1996/1613 1925/2128/1695 1927/2130/1697
f 1798/1997/1614 1928/2131/1698 1926/2129/1696
f 1928/2131/1698 1798/1997/1614 1799/1998/1615
f 1800/1999/1616 1927/2130/1697 1929/2132/1699
f 1927/2130/1697 1800/1999/1616 1797/1996/1613
f 1799/1998/1615 1930/2133/1700 1928/2131/1698
f 1801/2000/1617 1929/2132/1699 1931/2134/1701
f 1929/2132/1699 1801/2000/1617 1800/1999/1616
f 1799/1998/1615 1932/2135/1702 1930/2133/1700
f 1932/2135/1702 1799/1998/1615 1802/2001/1618
f 1801/2000/1617 1931/2134/1701 1933/2136/1703
f 1802/2001/1618 1934/2137/1704 1932/2135/1702
f 1803/2002/1619 1933/2136/1703 1935/2138/1705
f 1933/2136/1703 1803/2002/1619 1801/2000/1617
f 1802/2001/1618 1936/2139/1706 1934/2137/1704
f 1936/2139/1706 1802/2001/1618 1804/2003/1620
f 1803/2002/1619 1935/2138/1705 1937/2140/1707
f 1804/2003/1620 1938/2141/1708 1936/2139/1706
f 1805/2004/1621 1937/2140/1707 1939/2142/1709
f 1937/2140/1707 1805/2004/1621 1803/2002/1619
f 1804/2003/1620 1940/2143/1710 1938/2141/1708
f 1940/2143/1710 1804/2003/1620 1806/2005/1622
f 1805/2004/1621 1939/2142/1709 1941/2144/1711
f 1806/2005/1622 1942/2145/1712 1940/2143/1710
f 1942/2145/1712 1806/2005/1622 1807/2006/1623
f 1808/2007/1624 1941/2144/1711 1943/2146/1713
f 1941/2144/1711 1808/2007/1624 1805/2004/1621
f 1807/2006/1623 1944/2147/1714 1942/2145/1712
f 1809/2008/1625 1943/2146/1713 1945/2148/1715
f 1943/2146/1713 1809/2008/1625 1808/2007/1624
f 1807/2006/1623 1946/2149/1716 1944/2147/1714
f 1946/2149/1716 1807/2006/1623 1810/2009/1626
f 1809/2008/1625 1945/2148/1715 1947/2150/1717
f 1810/2009/1626 1948/2151/1718 1946/2149/1716
f 1811/2010/1627 1947/2150/1717 1949/2152/1719
f 1947/2150/1717 1811/2010/1627 1809/2008/1625
f 1810/2009/1626 1950/2153/1720 1948/2151/1718
f 1950/2153/1720 1810/2009/1626 1812/2011/1628
f 1813/2012/1629 1949/2152/1719 1951/2154/1721
f 1949/2152/1719 1813/2012/1629 1811/2010/1627
f 1812/2011/1628 1952/2155/1722 1950/2153/1720
f 1813/2012/1629 1951/2154/1721 1953/2156/1723
f 1812/2011/1628 1954/2157/1724 1952/2155/1722
f 1954/2157/1724 1812/2011/1628 1814/2013/1630
f 1815/2014/1631 1953/2156/1723 1955/2158/1725
f 1953/2156/1723 1815/2014/1631 1813/2012/1629
f 1814/2013/1630 1956/2159/1726 1954/2157/1724
f 1956/2159/1726 1814/2013/1630 1816/2015/1632
f 1817/2016/1633 1955/2158/1725 1957/2160/1727
f 1955/2158/1725 1817/2016/1633 1815/2014/1631
f 1816/2015/1632 1958/2161/1728 1956/2159/1726
f 1817/2016/1633 1957/2160/1727 1959/2162/1729
f 1816/2015/1632 1960/2163/1730 1958/2161/1728
f 1960/2163/1730 1816/2015/1632 1818/2017/1634
f 1819/2018/1635 1959/2162/1729 1961/2164/1731
f 1959/2162/1729 1819/2018/1635 1817/2016/1633
f 1818/2017/1634 1962/2165/1732 1960/2163/1730
f 1819/2018/1635 1961/2164/1731 1963/2166/1733
f 1818/2017/1634 1964/2167/1734 1962/2165/1732
f 1964/2167/1734 1818/2017/1634 1820/2019/1636
f 1821/2020/1637 1963/2166/1733 1965/2168/1735
f 1963/2166/1733 1821/2020/1637 1819/2018/1635
f 1820/2019/1636 1918/2169/1688 1964/2167/1734
f 1918/2169/1688 1820/2019/1636 1793/2021/1610
f 1794/2022/1609 1965/2168/1735 1921/2170/1691
f 1965/2168/1735 1794/2022/1609 1821/2020/1637
o BarrelSmartMat.015
v 12.938010 3.704754 108.464104
v 13.088414 4.431410 108.400352
v 12.894444 4.118310 108.371758
v 13.195440 3.704754 108.651741
v 13.240856 4.431411 108.518326
v 13.357569 4.431410 108.671738
v 13.324559 3.704754 108.942963
v 13.382746 4.118310 108.859062
v 13.454971 4.431412 109.041336
v 13.306716 3.704796 109.195770
v 13.429023 4.431410 109.232346
v 13.213896 3.704754 109.400787
v 13.314366 4.118310 109.382607
v 13.236547 4.431412 109.562569
v 12.966021 3.704754 109.600883
v 13.062121 4.118310 109.635368
v 12.904747 4.431410 109.752312
v 12.651307 3.704754 109.650230
v 12.713533 4.431410 109.776680
v 12.522528 4.431410 109.750732
v 12.354083 3.704754 109.535606
v 12.372267 4.118310 109.636078
v 12.192306 4.431409 109.558258
v 12.153991 3.704754 109.287735
v 12.119503 4.118310 109.383835
v 12.002562 4.431410 109.226456
v 12.104644 3.704754 108.973022
v 11.978189 4.431410 109.035248
v 12.004138 4.431410 108.844238
v 12.187311 3.704796 108.733444
v 12.078638 4.431410 108.666458
v 12.330031 3.704754 108.559433
v 12.228278 4.118310 108.550995
v 12.350023 4.431410 108.397301
v 12.621249 3.704754 108.430313
v 12.528414 4.431413 108.324272
v 12.719626 4.431409 108.299904
v 12.908228 4.531825 108.320107
v 13.434374 4.531825 108.845169
v 13.360696 4.531825 109.409294
v 13.088902 4.531825 109.681641
v 12.345582 4.531825 109.682404
v 12.073229 4.531825 109.410614
v 12.190434 4.531825 108.513222
v 13.081820 5.045753 108.396553
v 12.903280 5.045755 108.323891
v 13.235469 5.045753 108.512947
v 13.353757 5.045753 108.665146
v 13.434374 4.945339 108.845169
v 13.454964 5.045753 109.033730
v 13.430984 5.045753 109.224991
v 13.360696 4.945339 109.409294
v 13.241923 5.045753 109.557182
v 13.088902 4.945339 109.681641
v 12.909703 4.945339 109.756088
v 12.721144 5.045753 109.776672
v 12.529881 5.045753 109.752693
v 12.351340 5.045754 109.680031
v 12.197692 5.045753 109.563637
v 12.079404 5.045755 109.411438
v 11.998787 4.945339 109.231415
v 11.978198 5.045753 109.042854
v 12.002176 5.045754 108.851593
v 12.074841 5.045754 108.673050
v 12.190434 4.945339 108.513222
v 12.343437 5.045754 108.401115
v 12.521065 5.045752 108.326248
v 12.712017 5.045754 108.299911
v 13.382746 5.358853 108.859062
v 13.314366 5.358853 109.382607
v 13.062121 5.358853 109.635368
v 12.895812 5.358853 109.704460
v 12.050415 5.358853 109.217522
v 12.228278 5.358853 108.550995
v 12.964863 5.772410 108.475189
v 13.148027 5.772368 108.605957
v 13.290316 5.772410 108.815681
v 13.327366 5.772368 109.037666
v 13.279681 5.772410 109.286575
v 13.080099 5.772410 109.534859
v 12.875269 5.772368 109.628105
v 12.622499 5.772410 109.646469
v 12.331016 5.772410 109.517944
v 12.142845 5.772410 109.260902
v 12.105795 5.772368 109.038918
v 12.153481 5.772410 108.790009
v 12.353064 5.772410 108.541725
v 12.650050 5.772410 108.426491
v 13.054705 3.825930 108.574409
v 12.777466 3.825930 108.467499
v 13.286296 3.825963 109.037704
v 13.241344 3.825930 108.805626
v 13.252167 3.825930 109.244835
v 13.077140 3.825930 109.484955
v 12.805502 3.825930 109.605392
v 12.569693 3.825963 109.588745
v 12.378455 3.825930 109.502174
v 12.191816 3.825930 109.270958
v 12.145786 3.825930 108.977409
v 12.252701 3.825930 108.700165
v 12.483912 3.825930 108.513527
v 12.804338 5.651234 108.471008
v 13.076221 5.651234 108.590889
v 13.251743 5.651206 108.830650
v 13.283864 5.651234 109.126053
v 13.163984 5.651234 109.397934
v 12.924223 5.651234 109.573456
v 12.717166 5.651201 109.608009
v 12.484990 5.651234 109.563530
v 12.253397 5.651234 109.377365
v 12.166429 5.651201 109.186310
v 12.149297 5.651234 108.950539
v 12.222899 5.651201 108.753944
v 12.377503 5.651234 108.575111
v 12.568563 5.651201 108.488144
v 12.943055 3.704775 108.524651
v 13.110126 3.704796 108.643936
v 13.239921 3.704775 108.835236
v 13.271335 3.704774 109.124107
v 13.154101 3.704775 109.389992
v 12.995642 3.704796 109.520493
v 12.777267 3.704775 109.596352
v 12.572937 3.704796 109.576584
v 12.364883 3.704775 109.475815
v 12.234377 3.704796 109.317352
v 12.158518 3.704775 109.098976
v 12.202941 3.704775 108.811813
v 12.384994 3.704775 108.585335
v 12.655893 3.704775 108.480232
v 13.047237 5.772389 108.584656
v 12.776120 5.772389 108.480103
v 13.229753 5.772389 108.810760
v 13.273711 5.772368 109.037720
v 13.240337 5.772389 109.240273
v 13.069177 5.772389 109.475090
v 12.861329 5.772368 109.576294
v 12.657040 5.772389 109.596481
v 12.385925 5.772389 109.491928
v 12.203407 5.772389 109.265823
v 12.158395 5.772389 108.978752
v 12.233805 5.772368 108.760223
v 12.363985 5.772389 108.601494
v 12.571832 5.772368 108.500290
v 12.916822 4.659640 108.287895
v 13.104216 4.659640 108.365295
v 13.104216 4.837105 108.365295
v 12.916822 4.837105 108.287895
v 13.265193 4.659640 108.488548
v 13.265193 4.837105 108.488548
v 13.388783 4.659640 108.649277
v 13.388783 4.837105 108.649277
v 13.466562 4.659640 108.836510
v 13.466562 4.837105 108.836510
v 13.493233 4.659640 109.037491
v 13.493233 4.837105 109.037491
v 13.466975 4.659640 109.238533
v 13.466975 4.837105 109.238533
v 13.389580 4.659640 109.425926
v 13.389580 4.837105 109.425926
v 13.266321 4.659640 109.586906
v 13.266321 4.837105 109.586906
v 13.105597 4.659640 109.710495
v 13.105597 4.837105 109.710495
v 12.918364 4.659640 109.788277
v 12.918364 4.837105 109.788277
v 12.717378 4.659640 109.814941
v 12.717378 4.837105 109.814941
v 12.516338 4.659640 109.788689
v 12.516338 4.837105 109.788689
v 12.328945 4.659640 109.711288
v 12.328945 4.837105 109.711288
v 12.167968 4.659640 109.588036
v 12.167968 4.837105 109.588036
v 12.044378 4.659640 109.427307
v 12.044378 4.837105 109.427307
v 11.966598 4.659640 109.240074
v 11.966598 4.837105 109.240074
v 11.939928 4.659640 109.039093
v 11.939928 4.837105 109.039093
v 11.966185 4.659640 108.838051
v 11.966185 4.837105 108.838051
v 12.043580 4.659640 108.650658
v 12.043580 4.837105 108.650658
v 12.166840 4.659640 108.489677
v 12.166840 4.837105 108.489677
v 12.327563 4.659640 108.366089
v 12.327563 4.837105 108.366089
v 12.514797 4.659640 108.288307
v 12.514797 4.837105 108.288307
v 12.715783 4.659640 108.261642
v 12.715783 4.837105 108.261642
v 12.965425 5.565924 108.395119
v 12.980716 5.738492 108.437401
v 13.253670 5.565924 108.605713
v 13.245774 5.738492 108.649971
v 13.377463 5.566140 108.860481
v 13.345601 5.738701 108.869057
v 13.402242 5.565924 109.112190
v 13.365362 5.738492 109.137901
v 13.273432 5.565924 109.445122
v 13.281034 5.738701 109.363411
v 13.104901 5.738492 109.567490
v 13.059381 5.566140 109.630638
v 12.822661 5.565924 109.719719
v 12.788280 5.738492 109.690750
v 12.467738 5.565924 109.681465
v 12.548635 5.738701 109.667656
v 12.305923 5.738492 109.550346
v 12.179491 5.565924 109.470871
v 12.152796 5.738701 109.364563
v 12.035156 5.565924 109.144371
v 12.064124 5.738492 109.109993
v 12.055333 5.566140 108.861839
v 12.087214 5.738701 108.870346
v 12.159730 5.565924 108.631462
v 12.204525 5.738492 108.627632
v 12.437749 5.565924 108.407539
v 12.478456 5.738492 108.426620
v 12.715878 5.566140 108.353905
v 12.715912 5.738701 108.386902
v 12.950548 3.742240 108.433708
v 12.994974 3.922493 108.404968
v 13.221493 3.742240 108.631691
v 13.201538 3.922288 108.552338
v 13.361263 3.922493 108.787315
v 13.337820 3.742044 108.871147
v 13.361117 3.742240 109.107811
v 13.403119 3.922288 109.037590
v 13.349905 3.922493 109.316689
v 13.240006 3.742240 109.420761
v 13.125860 3.922493 109.596046
v 12.978644 3.742240 109.631233
v 12.792148 3.922493 109.725967
v 12.717241 3.742044 109.681625
v 12.482613 3.742240 109.642876
v 12.539572 3.922288 109.701622
v 12.283756 3.922493 109.577988
v 12.211667 3.742240 109.444893
v 12.122373 3.922288 109.382172
v 12.076014 3.742240 109.137962
v 12.028908 3.922493 109.113861
v 12.094998 3.742044 108.872421
v 12.053252 3.922288 108.861282
v 12.193154 3.742240 108.655823
v 12.176888 3.922493 108.605469
v 12.454516 3.742240 108.445351
v 12.465605 3.922493 108.393608
v 12.715919 3.742044 108.394958
v 12.715876 3.922288 108.351753
v 12.903634 4.659640 108.337318
v 13.078686 4.659640 108.409615
v 13.078686 4.837105 108.409615
v 12.903634 4.837105 108.337318
v 13.229061 4.659640 108.524757
v 13.229061 4.837105 108.524757
v 13.344511 4.659640 108.674896
v 13.344511 4.837105 108.674896
v 13.417169 4.659640 108.849800
v 13.417169 4.837105 108.849800
v 13.442081 4.659640 109.037544
v 13.442081 4.837105 109.037544
v 13.417554 4.659640 109.225349
v 13.417554 4.837105 109.225349
v 13.345256 4.659640 109.400398
v 13.345256 4.837105 109.400398
v 13.230115 4.659640 109.550774
v 13.230115 4.837105 109.550774
v 13.079976 4.659640 109.666222
v 13.079976 4.837105 109.666222
v 12.905074 4.659640 109.738876
v 12.905074 4.837105 109.738876
v 12.717325 4.659640 109.763794
v 12.717325 4.837105 109.763794
v 12.529527 4.659640 109.739265
v 12.529527 4.837105 109.739265
v 12.354475 4.659640 109.666969
v 12.354475 4.837105 109.666969
v 12.204100 4.659640 109.551826
v 12.204100 4.837105 109.551826
v 12.088650 4.659640 109.401688
v 12.088650 4.837105 109.401688
v 12.015992 4.659640 109.226784
v 12.015992 4.837105 109.226784
v 11.991078 4.659640 109.039040
v 11.991078 4.837105 109.039040
v 12.015607 4.659640 108.851234
v 12.015607 4.837105 108.851234
v 12.087905 4.659640 108.676186
v 12.087905 4.837105 108.676186
v 12.203047 4.659640 108.525810
v 12.203047 4.837105 108.525810
v 12.353185 4.659640 108.410362
v 12.353185 4.837105 108.410362
v 12.528087 4.659640 108.337708
v 12.528087 4.837105 108.337708
v 12.715836 4.659640 108.312790
v 12.715836 4.837105 108.312790
v 12.880613 5.557670 108.423592
v 13.034122 5.557670 108.486992
v 13.018047 5.730230 108.514893
v 12.872310 5.730230 108.454704
v 13.165989 5.557670 108.587959
v 13.143240 5.730230 108.610756
v 13.267231 5.557670 108.719620
v 13.239357 5.730230 108.735748
v 13.330946 5.557670 108.872993
v 13.299847 5.730230 108.881363
v 13.352794 5.557670 109.037636
v 13.320589 5.730230 109.037674
v 13.331285 5.557670 109.202324
v 13.300168 5.730230 109.194023
v 13.267884 5.557670 109.355835
v 13.239977 5.730230 109.339760
v 13.166913 5.557670 109.487701
v 13.144117 5.730230 109.464951
v 13.035253 5.557670 109.588943
v 13.019122 5.730230 109.561066
v 12.881876 5.557670 109.652657
v 12.873508 5.730230 109.621559
v 12.717234 5.557670 109.674507
v 12.717201 5.730230 109.642303
v 12.552547 5.557670 109.652992
v 12.560851 5.730230 109.621880
v 12.399039 5.557670 109.589592
v 12.415113 5.730230 109.561691
v 12.267172 5.557670 109.488625
v 12.289921 5.730230 109.465828
v 12.165930 5.557670 109.356964
v 12.193804 5.730230 109.340836
v 12.102215 5.557670 109.203590
v 12.133314 5.730230 109.195221
v 12.080367 5.557670 109.038948
v 12.112573 5.730230 109.038910
v 12.101876 5.557670 108.874260
v 12.132993 5.730230 108.882561
v 12.165277 5.557670 108.720749
v 12.193184 5.730230 108.736824
v 12.266248 5.557670 108.588882
v 12.289043 5.730230 108.611633
v 12.397908 5.557670 108.487640
v 12.414040 5.730230 108.515518
v 12.551285 5.557670 108.423927
v 12.559652 5.730230 108.455025
v 12.715927 5.557670 108.402077
v 12.715961 5.730230 108.434280
v 12.870282 3.750515 108.462303
v 13.014122 3.750515 108.521713
v 13.035171 3.930759 108.485168
v 12.881155 3.930759 108.421555
v 13.137685 3.750515 108.616318
v 13.167474 3.930759 108.586472
v 13.232550 3.750515 108.739693
v 13.269050 3.930759 108.718567
v 13.292253 3.750515 108.883408
v 13.332976 3.930759 108.872452
v 13.312725 3.750515 109.037682
v 13.354896 3.930759 109.037636
v 13.292570 3.750515 109.191994
v 13.333316 3.930759 109.202866
v 13.233163 3.750515 109.335831
v 13.269706 3.930759 109.356880
v 13.138551 3.750515 109.459396
v 13.168401 3.930759 109.489189
v 13.015182 3.750515 109.554260
v 13.036306 3.930759 109.590759
v 12.871466 3.750515 109.613968
v 12.882422 3.930759 109.654686
v 12.717193 3.750515 109.634438
v 12.717236 3.930759 109.676605
v 12.562879 3.750515 109.614281
v 12.552006 3.930759 109.655029
v 12.419039 3.750515 109.554871
v 12.397990 3.930759 109.591415
v 12.295476 3.750515 109.460266
v 12.265687 3.930759 109.490112
v 12.200610 3.750515 109.336891
v 12.164110 3.930759 109.358017
v 12.140907 3.750515 109.193176
v 12.100184 3.930759 109.204132
v 12.120436 3.750515 109.038902
v 12.078264 3.930759 109.038948
v 12.140591 3.750515 108.884590
v 12.099845 3.930759 108.873718
v 12.199998 3.750515 108.740753
v 12.163455 3.930759 108.719704
v 12.294610 3.750515 108.617188
v 12.264759 3.930759 108.587395
v 12.417978 3.750515 108.522324
v 12.396854 3.930759 108.485825
v 12.561695 3.750515 108.462616
v 12.550738 3.930759 108.421898
v 12.715968 3.750515 108.442146
v 12.715925 3.930759 108.399979
vn 0.4575 -0.8887 -0.0304
vn 0.5668 -0.0881 -0.8191
vn 0.3329 -0.1908 -0.9235
vn 0.7769 -0.2494 -0.5782
vn 0.7048 -0.0835 -0.7045
vn 0.8664 -0.0863 -0.4919
vn 0.9574 -0.2599 -0.1258
vn 0.9366 -0.1805 -0.3004
vn 0.9963 -0.0865 0.0010
vn 0.8960 -0.2826 0.3426
vn 0.9609 -0.0878 0.2626
vn 0.7482 -0.2501 0.6145
vn 0.8747 -0.1805 0.4499
vn 0.7029 -0.0910 0.7055
vn 0.3570 -0.2511 0.8997
vn 0.5325 -0.1805 0.8269
vn 0.2568 -0.0921 0.9621
vn -0.1401 -0.2545 0.9569
vn -0.0021 -0.0853 0.9964
vn -0.2648 -0.0863 0.9604
vn -0.6017 -0.2463 0.7598
vn -0.4499 -0.1805 0.8747
vn -0.7049 -0.0896 0.7036
vn -0.8997 -0.2511 0.3570
vn -0.8270 -0.1804 0.5325
vn -0.9619 -0.0907 0.2578
vn -0.9578 -0.2582 -0.1262
vn -0.9964 -0.0853 -0.0021
vn -0.9610 -0.0819 -0.2641
vn -0.7768 -0.2826 -0.5628
vn -0.8602 -0.0877 -0.5023
vn -0.5637 -0.2501 -0.7872
vn -0.7284 -0.1805 -0.6609
vn -0.4957 -0.0889 -0.8639
vn -0.1120 -0.2445 -0.9631
vn -0.2577 -0.0834 -0.9626
vn 0.0072 -0.0863 -0.9962
vn 0.2630 -0.0416 -0.9639
vn 0.9650 -0.0455 -0.2581
vn 0.8649 -0.0455 0.4998
vn 0.4991 -0.0455 0.8653
vn -0.5031 -0.0416 0.8633
vn -0.8673 -0.0416 0.4961
vn -0.7061 -0.0455 -0.7067
vn 0.2498 0.0874 -0.9643
vn 0.4963 0.0834 -0.8641
vn 0.6989 0.0856 -0.7100
vn 0.8607 0.0860 -0.5018
vn 0.9640 0.0455 -0.2619
vn 0.9961 0.0878 -0.0064
vn 0.9634 0.0860 0.2537
vn 0.8668 0.0455 0.4965
vn 0.7074 0.0905 0.7010
vn 0.5006 0.0525 0.8641
vn 0.2614 0.0506 0.9639
vn 0.0082 0.0849 0.9964
vn -0.2539 0.0853 0.9635
vn -0.4909 0.0874 0.8668
vn -0.7016 0.0853 0.7074
vn -0.8609 0.0901 0.5008
vn -0.9632 0.0416 0.2654
vn -0.9961 0.0878 0.0064
vn -0.9648 0.0818 -0.2498
vn -0.8638 0.0837 -0.4968
vn -0.7088 0.0455 -0.7039
vn -0.5014 0.0878 -0.8608
vn -0.2677 0.0842 -0.9598
vn -0.0041 0.0854 -0.9963
vn 0.9614 0.1804 -0.2075
vn 0.8266 0.1804 0.5332
vn 0.4892 0.1612 0.8571
vn 0.2418 0.1681 0.9557
vn -0.9615 0.1804 0.2075
vn -0.7092 0.1674 -0.6849
vn 0.6522 0.3353 -0.6798
vn 0.6740 0.2746 -0.6858
vn 0.8871 0.2530 -0.3860
vn 0.9641 0.2654 -0.0086
vn 0.8964 0.2493 0.3665
vn 0.6227 0.2544 0.7399
vn 0.2548 0.2702 0.9285
vn -0.1225 0.2475 0.9611
vn -0.5684 0.2451 0.7854
vn -0.8782 0.2504 0.4074
vn -0.9612 0.2758 0.0083
vn -0.8962 0.2574 -0.3614
vn -0.6065 0.2506 -0.7545
vn -0.1523 0.2551 -0.9549
vn -0.2890 -0.9069 0.3065
vn -0.6086 -0.4062 0.6817
vn -0.8780 -0.4787 0.0071
vn -0.3929 -0.9088 0.1407
vn -0.2209 -0.9071 -0.3582
vn -0.3752 -0.9068 -0.1924
vn -0.0371 -0.9035 -0.4271
vn 0.1246 -0.9089 -0.3979
vn 0.2875 -0.8917 -0.3497
vn 0.4449 -0.8820 -0.1552
vn 0.4699 -0.8769 0.1013
vn 0.3513 -0.8800 0.3196
vn 0.1388 -0.8863 0.4419
vn -0.3754 0.8385 0.3950
vn -0.8340 0.5242 0.1719
vn -0.7937 0.5714 0.2085
vn -0.5773 0.5336 -0.6181
vn -0.8163 0.5768 0.0297
vn -0.6401 0.6727 -0.3710
vn -0.4537 0.7352 -0.5036
vn -0.0858 0.7953 -0.6001
vn 0.2935 0.8651 -0.4068
vn 0.4477 0.8941 -0.0106
vn 0.4352 0.8498 0.2974
vn 0.2552 0.8075 0.5318
vn -0.0273 0.7246 0.6887
vn -0.3185 0.6772 0.6633
vn -0.7902 -0.5015 0.3523
vn -0.5036 -0.4729 0.7230
vn -0.5660 -0.6070 0.5578
vn -0.7638 -0.6042 0.2268
vn -0.8005 -0.4675 -0.3751
vn -0.1358 -0.5016 -0.8544
vn -0.3990 -0.6044 -0.6896
vn -0.1004 -0.5266 -0.8442
vn 0.4039 -0.4585 -0.7916
vn 0.8356 -0.5142 -0.1935
vn 0.6688 -0.6247 -0.4031
vn 0.7818 -0.6230 -0.0247
vn 0.6691 -0.4724 0.5738
vn 0.2912 -0.4741 0.8309
vn -0.4947 0.4275 0.7566
vn -0.2409 0.8320 0.4998
vn -0.8079 0.4131 0.4204
vn -0.9154 0.3998 0.0463
vn -0.8410 0.4343 -0.3226
vn -0.5873 0.4350 -0.6825
vn -0.2224 0.3940 -0.8918
vn 0.0796 0.4194 -0.9043
vn 0.5098 0.4384 -0.7402
vn 0.8230 0.4088 -0.3944
vn 0.9120 0.4071 0.0504
vn 0.8073 0.3871 0.4455
vn 0.5959 0.4030 0.6946
vn 0.2565 0.3843 0.8869
vn 0.2498 0.2476 -0.9361
vn 0.2499 -0.2476 -0.9361
vn 0.4835 -0.2476 -0.8396
vn 0.4835 0.2476 -0.8396
vn 0.6844 -0.2476 -0.6858
vn 0.6844 0.2476 -0.6858
vn 0.8386 -0.2476 -0.4853
vn 0.8385 0.2476 -0.4853
vn 0.9356 -0.2476 -0.2518
vn 0.9356 0.2476 -0.2518
vn 0.9689 -0.2476 -0.0010
vn 0.9689 0.2476 -0.0010
vn 0.9361 -0.2476 0.2498
vn 0.9361 0.2476 0.2498
vn 0.8396 -0.2476 0.4835
vn 0.8396 0.2476 0.4835
vn 0.6858 -0.2476 0.6844
vn 0.6858 0.2476 0.6844
vn 0.4853 -0.2476 0.8386
vn 0.4853 0.2476 0.8385
vn 0.2518 -0.2476 0.9356
vn 0.2518 0.2476 0.9356
vn 0.0010 -0.2476 0.9689
vn 0.0010 0.2476 0.9689
vn -0.2498 -0.2476 0.9361
vn -0.2498 0.2476 0.9361
vn -0.4835 -0.2476 0.8396
vn -0.4835 0.2476 0.8396
vn -0.6844 -0.2476 0.6858
vn -0.6844 0.2476 0.6858
vn -0.8386 -0.2476 0.4853
vn -0.8385 0.2476 0.4853
vn -0.9356 -0.2476 0.2518
vn -0.9356 0.2476 0.2518
vn -0.9689 -0.2476 0.0010
vn -0.9689 0.2476 0.0010
vn -0.9361 -0.2476 -0.2498
vn -0.9361 0.2476 -0.2498
vn -0.8396 -0.2476 -0.4835
vn -0.8396 0.2476 -0.4835
vn -0.6858 -0.2476 -0.6844
vn -0.6858 0.2476 -0.6844
vn -0.4853 -0.2476 -0.8386
vn -0.4853 0.2476 -0.8385
vn -0.2518 -0.2476 -0.9356
vn -0.2518 0.2476 -0.9356
vn -0.0010 -0.2476 -0.9689
vn -0.0010 0.2476 -0.9689
vn 0.6250 0.4372 -0.6467
vn -0.1463 -0.3747 -0.9155
vn 0.6734 -0.0705 -0.7359
vn 0.7149 0.3833 -0.5848
vn 0.9391 -0.0628 -0.3379
vn 0.8845 0.3944 -0.2492
vn 0.9973 -0.0653 0.0339
vn 0.9159 0.3814 0.1252
vn 0.8811 -0.0656 0.4683
vn 0.8166 0.3909 0.4246
vn 0.5659 0.3746 0.7345
vn 0.2719 -0.0968 0.9574
vn 0.2822 -0.0690 0.9569
vn 0.1387 0.3788 0.9150
vn -0.2296 -0.0650 0.9711
vn -0.1988 0.3909 0.8987
vn -0.5484 0.3698 0.7500
vn -0.8111 -0.0617 0.5816
vn -0.8039 0.3885 0.4503
vn -0.9670 -0.0669 0.2458
vn -0.9138 0.3860 0.1264
vn -0.9822 -0.0628 -0.1769
vn -0.8906 0.3944 -0.2265
vn -0.8467 -0.0653 -0.5280
vn -0.7283 0.3805 -0.5699
vn -0.5365 -0.0705 -0.8409
vn -0.3798 0.3833 -0.8419
vn -0.0834 -0.0628 -0.9945
vn -0.0118 0.3944 -0.9189
vn 0.6778 0.0907 -0.7297
vn -0.1833 -0.6278 -0.7565
vn 0.6038 -0.4130 -0.6818
vn 0.6869 0.0065 -0.7267
vn 0.9249 0.0029 -0.3801
vn 0.8952 -0.4454 0.0146
vn 0.9090 -0.4143 -0.0455
vn 0.9996 0.0065 -0.0282
vn 0.9241 0.0014 0.3822
vn 0.7013 -0.3972 0.5920
vn 0.6209 0.0007 0.7839
vn 0.3165 -0.3980 0.8611
vn 0.1426 0.0022 0.9898
vn -0.2458 -0.4454 0.8609
vn -0.1914 -0.4143 0.8898
vn -0.2315 0.0065 0.9728
vn -0.5995 0.0042 0.8004
vn -0.7467 -0.4102 0.5236
vn -0.8734 0.0037 0.4869
vn -0.8785 -0.4148 0.2372
vn -0.9914 0.0120 0.1303
vn -0.8923 -0.4247 -0.1529
vn -0.9671 0.0053 -0.2543
vn -0.7801 -0.4138 -0.4693
vn -0.7836 0.0069 -0.6212
vn -0.5095 -0.4171 -0.7527
vn -0.4007 0.0087 -0.9162
vn -0.0832 -0.4247 -0.9015
vn -0.0047 0.0053 -1.0000
vn -0.0000 -1.0000 -0.0000
vn -0.0000 1.0000 -0.0000
vn 0.0350 -0.9835 -0.1774
vn 0.1396 -0.9715 -0.1917
vn -0.1192 0.9794 0.1627
vn -0.0366 0.9715 0.2343
vn 0.1247 -0.9798 -0.1564
vn -0.1489 0.9715 0.1846
vn 0.2167 -0.9715 -0.0962
vn -0.1641 0.9831 0.0812
vn 0.1686 -0.9844 -0.0504
vn -0.1739 0.9839 0.0417
vn 0.1804 -0.9835 -0.0122
vn -0.2358 0.9715 0.0253
vn 0.2213 -0.9715 0.0852
vn -0.1735 0.9831 -0.0586
vn 0.1833 -0.9798 0.0800
vn -0.1525 0.9839 -0.0935
vn 0.1490 -0.9715 0.1844
vn -0.1846 0.9715 -0.1489
vn 0.0923 -0.9844 0.1499
vn -0.0813 0.9794 -0.1846
vn 0.0584 -0.9835 0.1711
vn -0.0854 0.9715 -0.2212
vn -0.0250 -0.9715 0.2358
vn 0.0117 0.9831 -0.1827
vn -0.0298 -0.9798 0.1978
vn 0.0509 0.9839 -0.1715
vn -0.1396 -0.9715 0.1917
vn 0.0960 0.9715 -0.2168
vn -0.1247 -0.9798 0.1564
vn 0.1375 0.9831 -0.1209
vn -0.2167 -0.9715 0.0962
vn 0.1572 0.9839 -0.0853
vn -0.1862 -0.9798 0.0731
vn 0.2212 0.9715 -0.0854
vn -0.2358 -0.9715 -0.0250
vn 0.1827 0.9831 0.0117
vn -0.1713 -0.9844 -0.0407
vn 0.1715 0.9839 0.0509
vn -0.1623 -0.9835 -0.0797
vn 0.2168 0.9715 0.0960
vn -0.1490 -0.9715 -0.1844
vn 0.1263 0.9794 0.1573
vn -0.1188 -0.9798 -0.1609
vn 0.1398 0.9715 0.1916
vn -0.0368 -0.9715 -0.2342
vn 0.0360 0.9831 0.1795
vn -0.0050 -0.9844 -0.1759
vn -0.0047 0.9839 0.1788
vn -0.0358 -0.9830 0.1803
vn -0.1394 -0.9714 0.1921
vn 0.1004 0.9835 -0.1504
vn 0.0364 0.9714 -0.2345
vn -0.1265 -0.9793 0.1580
vn 0.1276 0.9844 -0.1210
vn -0.2168 -0.9714 0.0966
vn 0.1915 0.9714 -0.1401
vn -0.1721 -0.9837 0.0514
vn 0.1774 0.9835 -0.0353
vn -0.1834 -0.9830 0.0121
vn 0.1758 0.9844 0.0047
vn -0.2216 -0.9714 -0.0850
vn 0.2345 0.9714 0.0364
vn -0.1854 -0.9793 -0.0813
vn 0.1613 0.9798 0.1185
vn -0.1494 -0.9714 -0.1844
vn 0.1849 0.9714 0.1487
vn -0.1199 -0.9793 -0.1631
vn 0.0804 0.9798 0.1833
vn -0.0372 -0.9714 -0.2344
vn 0.0858 0.9714 0.2213
vn -0.0051 -0.9837 -0.1795
vn -0.0118 0.9835 0.1805
vn 0.0358 -0.9830 -0.1803
vn -0.0500 0.9844 0.1686
vn 0.1394 -0.9714 -0.1921
vn -0.0958 0.9714 0.2171
vn 0.1265 -0.9793 -0.1580
vn -0.1359 0.9835 0.1193
vn 0.2168 -0.9714 -0.0966
vn -0.1546 0.9844 0.0838
vn 0.1886 -0.9793 -0.0736
vn -0.2213 0.9714 0.0857
vn 0.2361 -0.9714 0.0247
vn -0.1805 0.9835 -0.0118
vn 0.1747 -0.9837 0.0415
vn -0.1686 0.9844 -0.0500
vn 0.1649 -0.9830 0.0813
vn -0.2171 0.9714 -0.0958
vn 0.1494 -0.9714 0.1844
vn -0.1251 0.9798 -0.1562
vn 0.1199 -0.9793 0.1631
vn -0.1401 0.9714 -0.1915
vn 0.0372 -0.9714 0.2344
vn -0.0353 0.9835 -0.1774
vn 0.0051 -0.9837 0.1795
vn 0.0047 0.9844 -0.1758
vt 0.745591 0.000000
vt 0.768298 0.140562
vt 0.729884 0.079842
vt 0.822421 0.000000
vt 0.806713 0.140563
vt 0.845128 0.140562
vt 0.899251 0.000000
vt 0.883543 0.079842
vt 0.921958 0.140563
vt 0.000000 0.140563
vt 0.000000 0.000000
vt 0.038415 0.000000
vt 0.038415 0.140563
vt 0.092538 0.000000
vt 0.076830 0.079842
vt 0.115245 0.140563
vt 0.169368 0.000000
vt 0.153660 0.079842
vt 0.192075 0.140563
vt 0.246197 0.000000
vt 0.230489 0.140563
vt 0.268904 0.140563
vt 0.323027 0.000000
vt 0.307319 0.079842
vt 0.345734 0.140562
vt 0.399857 0.000000
vt 0.384149 0.079842
vt 0.422564 0.140562
vt 0.476686 0.000000
vt 0.460979 0.140563
vt 0.499394 0.140562
vt 0.537809 0.000000
vt 0.537809 0.140562
vt 0.591932 0.000000
vt 0.576224 0.079842
vt 0.614639 0.140563
vt 0.668762 0.000000
vt 0.653054 0.140563
vt 0.691469 0.140562
vt 0.729884 0.159683
vt 0.883543 0.159683
vt 0.076830 0.159683
vt 0.153660 0.159683
vt 0.307319 0.159683
vt 0.384149 0.159683
vt 0.576224 0.159683
vt 0.729884 0.258646
vt 0.768298 0.258645
vt 0.806713 0.258645
vt 0.845128 0.258646
vt 0.883543 0.239525
vt 0.921958 0.258645
vt 0.000000 0.258645
vt 0.038415 0.258645
vt 0.076830 0.239525
vt 0.115245 0.258645
vt 0.153660 0.239525
vt 0.192075 0.239525
vt 0.230489 0.258646
vt 0.268904 0.258645
vt 0.307319 0.258646
vt 0.345734 0.258645
vt 0.384149 0.258646
vt 0.422564 0.239525
vt 0.460979 0.258646
vt 0.499394 0.258646
vt 0.537809 0.258646
vt 0.576224 0.239525
vt 0.614639 0.258646
vt 0.653054 0.258645
vt 0.691469 0.258646
vt 0.883543 0.319366
vt 0.076830 0.319366
vt 0.153660 0.319366
vt 0.192075 0.319366
vt 0.422564 0.319366
vt 0.576224 0.319366
vt 0.752591 0.399208
vt 0.806713 0.399208
vt 0.867835 0.399208
vt 0.921958 0.399208
vt 0.000000 0.399208
vt 0.061122 0.399208
vt 0.137952 0.399208
vt 0.192075 0.399208
vt 0.253196 0.399208
vt 0.330026 0.399204
vt 0.406856 0.399201
vt 0.460979 0.399208
vt 0.522102 0.399208
vt 0.598931 0.399208
vt 0.675761 0.399208
vt 0.571328 0.488533
vt 0.589073 0.550913
vt 0.475348 0.427030
vt 0.524769 0.443383
vt 0.373853 0.465613
vt 0.429515 0.432327
vt 0.342291 0.522271
vt 0.339287 0.574240
vt 0.356266 0.617140
vt 0.402825 0.662291
vt 0.465720 0.678114
vt 0.528100 0.660368
vt 0.573251 0.613809
vt 0.276453 0.579776
vt 0.246769 0.637440
vt 0.192229 0.672535
vt 0.127450 0.675660
vt 0.069786 0.645975
vt 0.034691 0.591436
vt 0.027891 0.545802
vt 0.042612 0.495871
vt 0.086209 0.447855
vt 0.128529 0.429477
vt 0.180569 0.430773
vt 0.223490 0.447702
vt 0.259371 0.485416
vt 0.277749 0.527736
vt 0.573096 0.461899
vt 0.570305 0.442998
vt 0.610956 0.510968
vt 0.597412 0.507780
vt 0.526417 0.426497
vt 0.501117 0.404459
vt 0.454857 0.412113
vt 0.437654 0.400793
vt 0.385693 0.435437
vt 0.385267 0.421529
vt 0.347669 0.470798
vt 0.330134 0.478386
vt 0.325555 0.525050
vt 0.310816 0.555192
vt 0.323672 0.576942
vt 0.346397 0.630941
vt 0.332489 0.631367
vt 0.381758 0.668965
vt 0.389346 0.686500
vt 0.436010 0.691079
vt 0.466152 0.705818
vt 0.508854 0.686451
vt 0.528401 0.692934
vt 0.569625 0.646022
vt 0.573636 0.659346
vt 0.602039 0.580624
vt 0.612175 0.590157
vt 0.290044 0.623239
vt 0.262840 0.642877
vt 0.293089 0.576449
vt 0.256513 0.668515
vt 0.200688 0.698921
vt 0.203429 0.685280
vt 0.144961 0.707226
vt 0.145682 0.695155
vt 0.083987 0.689252
vt 0.095572 0.681544
vt 0.025350 0.636016
vt 0.039237 0.635133
vt 0.002906 0.584337
vt 0.014752 0.581909
vt 0.004486 0.520789
vt 0.014930 0.529984
vt 0.040752 0.450408
vt 0.045305 0.463627
vt 0.107371 0.407621
vt 0.104786 0.421556
vt 0.163057 0.399207
vt 0.177242 0.414137
vt 0.224032 0.417181
vt 0.232191 0.434457
vt 0.282668 0.470418
vt 0.268782 0.471300
vt 0.306831 0.545840
vt 0.293267 0.524523
vt 0.000000 0.756475
vt 0.000000 0.717896
vt 0.041667 0.717896
vt 0.041667 0.756475
vt 0.083333 0.717896
vt 0.083333 0.756475
vt 0.125000 0.717896
vt 0.125000 0.756475
vt 0.166666 0.717896
vt 0.166666 0.756475
vt 0.208333 0.717896
vt 0.208333 0.756475
vt 0.250000 0.717896
vt 0.250000 0.756475
vt 0.291666 0.717896
vt 0.291666 0.756475
vt 0.333333 0.717896
vt 0.333333 0.756475
vt 0.374999 0.717896
vt 0.374999 0.756475
vt 0.416666 0.717896
vt 0.416666 0.756475
vt 0.458333 0.717896
vt 0.458333 0.756475
vt 0.499999 0.717896
vt 0.499999 0.756475
vt 0.541666 0.717896
vt 0.541666 0.756475
vt 0.583333 0.717896
vt 0.583333 0.756475
vt 0.624999 0.717896
vt 0.624999 0.756475
vt 0.666666 0.717896
vt 0.666666 0.756475
vt 0.708333 0.717896
vt 0.708333 0.756475
vt 0.750000 0.717896
vt 0.750000 0.756475
vt 0.791666 0.717896
vt 0.791666 0.756475
vt 0.833333 0.717896
vt 0.833333 0.756475
vt 0.875000 0.717896
vt 0.875000 0.756475
vt 0.916667 0.717896
vt 0.916667 0.756475
vt 0.958333 0.717896
vt 0.958333 0.756475
vt 1.000000 0.717896
vt 1.000000 0.756475
vt 0.022701 0.878038
vt 0.015983 0.843205
vt 0.093361 0.843205
vt 0.100079 0.878038
vt 0.154756 0.843205
vt 0.154756 0.878038
vt 0.209428 0.843205
vt 0.216146 0.878038
vt 0.286806 0.843205
vt 0.270823 0.878038
vt 0.332213 0.878038
vt 0.348201 0.843205
vt 0.402873 0.843205
vt 0.409591 0.878038
vt 0.480252 0.843205
vt 0.464268 0.878038
vt 0.525659 0.878038
vt 0.557630 0.843205
vt 0.580336 0.878038
vt 0.635008 0.843205
vt 0.641726 0.878038
vt 0.696403 0.843205
vt 0.696403 0.878038
vt 0.751076 0.843205
vt 0.757794 0.878038
vt 0.828454 0.843205
vt 0.835172 0.878038
vt 0.889849 0.843205
vt 0.889849 0.878038
vt 0.928538 0.843205
vt 0.928538 0.878038
vt 0.020446 0.820771
vt 0.014406 0.779689
vt 0.084099 0.779689
vt 0.069693 0.820771
vt 0.124985 0.820771
vt 0.139385 0.779689
vt 0.188638 0.779689
vt 0.174231 0.820771
vt 0.229524 0.820771
vt 0.258330 0.779689
vt 0.299217 0.820771
vt 0.328023 0.779689
vt 0.368909 0.820771
vt 0.383309 0.779689
vt 0.432562 0.779689
vt 0.418156 0.820771
vt 0.473448 0.820771
vt 0.502255 0.779689
vt 0.522695 0.820771
vt 0.571947 0.779689
vt 0.577987 0.820771
vt 0.627234 0.779689
vt 0.627234 0.820771
vt 0.676486 0.779689
vt 0.682527 0.820771
vt 0.746180 0.779689
vt 0.752220 0.820771
vt 0.801466 0.779689
vt 0.801466 0.820771
vt 0.836312 0.779689
vt 0.836312 0.820771
vt 0.000000 0.707224
vt 0.041667 0.707224
vt 0.041667 0.768669
vt 0.000000 0.768669
vt 0.083333 0.707224
vt 0.083333 0.768669
vt 0.125000 0.707224
vt 0.125000 0.768669
vt 0.166666 0.707224
vt 0.166666 0.768669
vt 0.208333 0.707224
vt 0.208333 0.768669
vt 0.250000 0.707224
vt 0.250000 0.768669
vt 0.291666 0.707224
vt 0.291666 0.768669
vt 0.333333 0.707224
vt 0.333333 0.768669
vt 0.374999 0.707224
vt 0.374999 0.768669
vt 0.416666 0.707224
vt 0.416666 0.768669
vt 0.458333 0.707224
vt 0.458333 0.768669
vt 0.499999 0.707224
vt 0.499999 0.768669
vt 0.541666 0.707224
vt 0.541666 0.768669
vt 0.583333 0.707224
vt 0.583333 0.768669
vt 0.624999 0.707224
vt 0.624999 0.768669
vt 0.666666 0.707224
vt 0.666666 0.768669
vt 0.708333 0.707224
vt 0.708333 0.768669
vt 0.750000 0.707224
vt 0.750000 0.768669
vt 0.791666 0.707224
vt 0.791666 0.768669
vt 0.833333 0.707224
vt 0.833333 0.768669
vt 0.875000 0.707224
vt 0.875000 0.768669
vt 0.916667 0.707224
vt 0.916667 0.768669
vt 0.958333 0.707224
vt 0.958333 0.768669
vt 1.000000 0.707224
vt 1.000000 0.768669
vt 0.000000 0.832182
vt 0.038689 0.832182
vt 0.038689 0.887660
vt 0.000000 0.887660
vt 0.077378 0.832182
vt 0.077378 0.887660
vt 0.116067 0.832182
vt 0.116067 0.887660
vt 0.154756 0.832182
vt 0.154756 0.887660
vt 0.193445 0.832182
vt 0.193445 0.887660
vt 0.232134 0.832182
vt 0.232134 0.887660
vt 0.270823 0.832182
vt 0.270823 0.887660
vt 0.309512 0.832182
vt 0.309512 0.887660
vt 0.348201 0.832182
vt 0.348201 0.887660
vt 0.386890 0.832182
vt 0.386890 0.887660
vt 0.425579 0.832182
vt 0.425579 0.887660
vt 0.464268 0.832182
vt 0.464268 0.887660
vt 0.502958 0.832182
vt 0.502958 0.887660
vt 0.541647 0.832182
vt 0.541647 0.887660
vt 0.580336 0.832182
vt 0.580336 0.887660
vt 0.619025 0.832182
vt 0.619025 0.887660
vt 0.657714 0.832182
vt 0.657714 0.887660
vt 0.696403 0.832182
vt 0.696403 0.887660
vt 0.735093 0.832182
vt 0.735093 0.887660
vt 0.773782 0.832182
vt 0.773782 0.887660
vt 0.812471 0.832182
vt 0.812471 0.887660
vt 0.851160 0.832182
vt 0.851160 0.887660
vt 0.889849 0.832182
vt 0.889849 0.887660
vt 0.928538 0.832182
vt 0.928538 0.887660
vt 0.034846 0.768669
vt 0.034846 0.832182
vt 0.069693 0.768669
vt 0.069693 0.832182
vt 0.104539 0.768669
vt 0.104539 0.832182
vt 0.139385 0.768669
vt 0.139385 0.832182
vt 0.174231 0.768669
vt 0.174231 0.832182
vt 0.209078 0.768669
vt 0.209078 0.832182
vt 0.243924 0.768669
vt 0.243924 0.832182
vt 0.278770 0.768669
vt 0.278770 0.832182
vt 0.313617 0.768669
vt 0.313617 0.832182
vt 0.348463 0.768669
vt 0.348463 0.832182
vt 0.383309 0.768669
vt 0.383309 0.832182
vt 0.418156 0.768669
vt 0.418156 0.832182
vt 0.453002 0.768669
vt 0.453002 0.832182
vt 0.487848 0.768669
vt 0.487848 0.832182
vt 0.522695 0.768669
vt 0.522695 0.832182
vt 0.557541 0.768669
vt 0.557541 0.832182
vt 0.592387 0.768669
vt 0.592387 0.832182
vt 0.627234 0.768669
vt 0.627234 0.832182
vt 0.662080 0.768669
vt 0.662080 0.832182
vt 0.696927 0.768669
vt 0.696927 0.832182
vt 0.731773 0.768669
vt 0.731773 0.832182
vt 0.766620 0.768669
vt 0.766620 0.832182
vt 0.801466 0.768669
vt 0.801466 0.832182
vt 0.836312 0.768669
vt 0.836312 0.832182
s 1
usemtl barrel_low_initialShadingGroup
f 1966/2171/1736 1968/2173/1738 1967/2172/1737
f 1967/2172/1737 1969/2174/1739 1966/2171/1736
f 1969/2174/1739 1967/2172/1737 1970/2175/1740
f 1969/2174/1739 1970/2175/1740 1971/2176/1741
f 1971/2176/1741 1972/2177/1742 1969/2174/1739
f 1972/2177/1742 1971/2176/1741 1973/2178/1743
f 1972/2177/1742 1973/2178/1743 1974/2179/1744
f 1974/2180/1744 1975/2182/1745 1972/2181/1742
f 1975/2182/1745 1974/2180/1744 1976/2183/1746
f 1976/2183/1746 1977/2184/1747 1975/2182/1745
f 1977/2184/1747 1976/2183/1746 1978/2185/1748
f 1977/2184/1747 1978/2185/1748 1979/2186/1749
f 1979/2186/1749 1980/2187/1750 1977/2184/1747
f 1980/2187/1750 1979/2186/1749 1981/2188/1751
f 1980/2187/1750 1981/2188/1751 1982/2189/1752
f 1982/2189/1752 1983/2190/1753 1980/2187/1750
f 1983/2190/1753 1982/2189/1752 1984/2191/1754
f 1983/2190/1753 1984/2191/1754 1985/2192/1755
f 1985/2192/1755 1986/2193/1756 1983/2190/1753
f 1986/2193/1756 1985/2192/1755 1987/2194/1757
f 1986/2193/1756 1987/2194/1757 1988/2195/1758
f 1988/2195/1758 1989/2196/1759 1986/2193/1756
f 1989/2196/1759 1988/2195/1758 1990/2197/1760
f 1989/2196/1759 1990/2197/1760 1991/2198/1761
f 1991/2198/1761 1992/2199/1762 1989/2196/1759
f 1992/2199/1762 1991/2198/1761 1993/2200/1763
f 1992/2199/1762 1993/2200/1763 1994/2201/1764
f 1994/2201/1764 1995/2202/1765 1992/2199/1762
f 1995/2202/1765 1994/2201/1764 1996/2203/1766
f 1996/2203/1766 1997/2204/1767 1995/2202/1765
f 1997/2204/1767 1996/2203/1766 1998/2205/1768
f 1997/2204/1767 1998/2205/1768 1999/2206/1769
f 1999/2206/1769 2000/2207/1770 1997/2204/1767
f 2000/2207/1770 1999/2206/1769 2001/2208/1771
f 2000/2207/1770 2001/2208/1771 2002/2209/1772
f 2002/2209/1772 1966/2171/1736 2000/2207/1770
f 1966/2171/1736 2002/2209/1772 1968/2173/1738
f 2003/2210/1773 1967/2172/1737 1968/2173/1738
f 1973/2178/1743 1971/2176/1741 2004/2211/1774
f 2004/2211/1774 1974/2179/1744 1973/2178/1743
f 1978/2185/1748 1976/2183/1746 2005/2212/1775
f 2005/2212/1775 1979/2186/1749 1978/2185/1748
f 1981/2188/1751 1979/2186/1749 2006/2213/1776
f 2006/2213/1776 1982/2189/1752 1981/2188/1751
f 1987/2194/1757 1985/2192/1755 2007/2214/1777
f 2007/2214/1777 1988/2195/1758 1987/2194/1757
f 1990/2197/1760 1988/2195/1758 2008/2215/1778
f 2008/2215/1778 1991/2198/1761 1990/2197/1760
f 1998/2205/1768 1996/2203/1766 2009/2216/1779
f 2009/2216/1779 1999/2206/1769 1998/2205/1768
f 1968/2173/1738 2002/2209/1772 2003/2210/1773
f 2011/2217/1780 1967/2172/1737 2003/2210/1773
f 1967/2172/1737 2011/2217/1780 2010/2218/1781
f 2010/2218/1781 1970/2175/1740 1967/2172/1737
f 1970/2175/1740 2010/2218/1781 2012/2219/1782
f 2012/2219/1782 1971/2176/1741 1970/2175/1740
f 1971/2176/1741 2012/2219/1782 2013/2220/1783
f 2013/2220/1783 2004/2211/1774 1971/2176/1741
f 2004/2211/1774 2013/2220/1783 2014/2221/1784
f 2014/2221/1784 1974/2179/1744 2004/2211/1774
f 1974/2179/1744 2014/2221/1784 2015/2222/1785
f 2015/2223/1785 1976/2183/1746 1974/2180/1744
f 1976/2183/1746 2015/2223/1785 2016/2224/1786
f 2016/2224/1786 2005/2212/1775 1976/2183/1746
f 2005/2212/1775 2016/2224/1786 2017/2225/1787
f 2017/2225/1787 1979/2186/1749 2005/2212/1775
f 1979/2186/1749 2017/2225/1787 2018/2226/1788
f 2018/2226/1788 2006/2213/1776 1979/2186/1749
f 2006/2213/1776 2018/2226/1788 2019/2227/1789
f 2019/2227/1789 1982/2189/1752 2006/2213/1776
f 1982/2189/1752 2019/2227/1789 2020/2228/1790
f 2020/2228/1790 1984/2191/1754 1982/2189/1752
f 1984/2191/1754 2020/2228/1790 2021/2229/1791
f 2021/2229/1791 1985/2192/1755 1984/2191/1754
f 1985/2192/1755 2021/2229/1791 2022/2230/1792
f 2022/2230/1792 2007/2214/1777 1985/2192/1755
f 2007/2214/1777 2022/2230/1792 2023/2231/1793
f 2023/2231/1793 1988/2195/1758 2007/2214/1777
f 1988/2195/1758 2023/2231/1793 2024/2232/1794
f 2024/2232/1794 2008/2215/1778 1988/2195/1758
f 2008/2215/1778 2024/2232/1794 2025/2233/1795
f 2025/2233/1795 1991/2198/1761 2008/2215/1778
f 1991/2198/1761 2025/2233/1795 2026/2234/1796
f 2026/2234/1796 1993/2200/1763 1991/2198/1761
f 1993/2200/1763 2026/2234/1796 2027/2235/1797
f 2027/2235/1797 1994/2201/1764 1993/2200/1763
f 1994/2201/1764 2027/2235/1797 2028/2236/1798
f 2028/2236/1798 1996/2203/1766 1994/2201/1764
f 1996/2203/1766 2028/2236/1798 2029/2237/1799
f 2029/2237/1799 2009/2216/1779 1996/2203/1766
f 2009/2216/1779 2029/2237/1799 2030/2238/1800
f 2030/2238/1800 1999/2206/1769 2009/2216/1779
f 1999/2206/1769 2030/2238/1800 2031/2239/1801
f 2031/2239/1801 2001/2208/1771 1999/2206/1769
f 2001/2208/1771 2031/2239/1801 2032/2240/1802
f 2032/2240/1802 2002/2209/1772 2001/2208/1771
f 2002/2209/1772 2032/2240/1802 2033/2241/1803
f 2033/2241/1803 2003/2210/1773 2002/2209/1772
f 2003/2210/1773 2033/2241/1803 2011/2217/1780
f 2014/2221/1784 2013/2220/1783 2034/2242/1804
f 2034/2242/1804 2015/2222/1785 2014/2221/1784
f 2017/2225/1787 2016/2224/1786 2035/2243/1805
f 2035/2243/1805 2018/2226/1788 2017/2225/1787
f 2019/2227/1789 2018/2226/1788 2036/2244/1806
f 2036/2244/1806 2020/2228/1790 2019/2227/1789
f 2020/2228/1790 2036/2244/1806 2037/2245/1807
f 2037/2245/1807 2021/2229/1791 2020/2228/1790
f 2026/2234/1796 2025/2233/1795 2038/2246/1808
f 2038/2246/1808 2027/2235/1797 2026/2234/1796
f 2030/2238/1800 2029/2237/1799 2039/2247/1809
f 2039/2247/1809 2031/2239/1801 2030/2238/1800
f 2040/2248/1810 2010/2218/1781 2011/2217/1780
f 2040/2248/1810 2012/2219/1782 2010/2218/1781
f 2012/2219/1782 2040/2248/1810 2041/2249/1811
f 2041/2249/1811 2013/2220/1783 2012/2219/1782
f 2013/2220/1783 2041/2249/1811 2042/2250/1812
f 2042/2250/1812 2034/2242/1804 2013/2220/1783
f 2042/2250/1812 2015/2222/1785 2034/2242/1804
f 2015/2222/1785 2042/2250/1812 2043/2251/1813
f 2043/2252/1813 2016/2224/1786 2015/2223/1785
f 2016/2224/1786 2043/2252/1813 2044/2253/1814
f 2044/2253/1814 2035/2243/1805 2016/2224/1786
f 2044/2253/1814 2018/2226/1788 2035/2243/1805
f 2018/2226/1788 2044/2253/1814 2045/2254/1815
f 2045/2254/1815 2036/2244/1806 2018/2226/1788
f 2045/2254/1815 2037/2245/1807 2036/2244/1806
f 2037/2245/1807 2045/2254/1815 2046/2255/1816
f 2046/2255/1816 2021/2229/1791 2037/2245/1807
f 2021/2229/1791 2046/2255/1816 2047/2256/1817
f 2047/2256/1817 2022/2230/1792 2021/2229/1791
f 2047/2256/1817 2023/2231/1793 2022/2230/1792
f 2023/2231/1793 2047/2256/1817 2048/2257/1818
f 2048/2257/1818 2024/2232/1794 2023/2231/1793
f 2048/2257/1818 2025/2233/1795 2024/2232/1794
f 2025/2233/1795 2048/2257/1818 2049/2258/1819
f 2049/2258/1819 2038/2246/1808 2025/2233/1795
f 2049/2258/1819 2027/2235/1797 2038/2246/1808
f 2027/2235/1797 2049/2258/1819 2050/2259/1820
f 2050/2259/1820 2028/2236/1798 2027/2235/1797
f 2028/2236/1798 2050/2259/1820 2051/2260/1821
f 2051/2260/1821 2029/2237/1799 2028/2236/1798
f 2051/2260/1821 2039/2247/1809 2029/2237/1799
f 2039/2247/1809 2051/2260/1821 2052/2261/1822
f 2052/2261/1822 2031/2239/1801 2039/2247/1809
f 2052/2261/1822 2032/2240/1802 2031/2239/1801
f 2032/2240/1802 2052/2261/1822 2053/2262/1823
f 2053/2262/1823 2033/2241/1803 2032/2240/1802
f 2053/2262/1823 2011/2217/1780 2033/2241/1803
f 2011/2217/1780 2053/2262/1823 2040/2248/1810
f 2054/2263/1824 2056/2265/1826 2055/2264/1825
f 2057/2266/1827 2056/2265/1826 2054/2263/1824
f 2059/2267/1828 2056/2265/1826 2058/2268/1829
f 2060/2269/1830 2056/2265/1826 2059/2267/1828
f 2061/2270/1831 2056/2265/1826 2060/2269/1830
f 2062/2271/1832 2056/2265/1826 2061/2270/1831
f 2063/2272/1833 2056/2265/1826 2062/2271/1832
f 2064/2273/1834 2056/2265/1826 2063/2272/1833
f 2065/2274/1835 2056/2265/1826 2064/2273/1834
f 2066/2275/1836 2056/2265/1826 2065/2274/1835
f 2055/2264/1825 2056/2265/1826 2066/2275/1836
f 2067/2276/1837 2069/2278/1839 2068/2277/1838
f 2070/2279/1840 2069/2278/1839 2071/2280/1841
f 2071/2280/1841 2069/2278/1839 2072/2281/1842
f 2072/2281/1842 2069/2278/1839 2073/2282/1843
f 2073/2282/1843 2069/2278/1839 2074/2283/1844
f 2074/2283/1844 2069/2278/1839 2075/2284/1845
f 2075/2284/1845 2069/2278/1839 2076/2285/1846
f 2076/2285/1846 2069/2278/1839 2077/2286/1847
f 2077/2286/1847 2069/2278/1839 2078/2287/1848
f 2078/2287/1848 2069/2278/1839 2079/2288/1849
f 2079/2288/1849 2069/2278/1839 2080/2289/1850
f 2080/2289/1850 2069/2278/1839 2067/2276/1837
f 2082/2290/1851 1966/2292/1736 1969/2291/1739
f 1966/2292/1736 2082/2290/1851 2081/2293/1852
f 1969/2291/1739 2083/2294/1853 2082/2290/1851
f 2083/2294/1853 1969/2291/1739 1972/2295/1742
f 1972/2295/1742 2084/2296/1854 2083/2294/1853
f 2084/2296/1854 1972/2295/1742 1975/2297/1745
f 2085/2298/1855 1975/2297/1745 1977/2299/1747
f 1975/2297/1745 2085/2298/1855 2084/2296/1854
f 2086/2300/1856 1977/2299/1747 1980/2301/1750
f 1977/2299/1747 2086/2300/1856 2085/2298/1855
f 1980/2301/1750 2087/2302/1857 2086/2300/1856
f 2087/2302/1857 1980/2301/1750 1983/2303/1753
f 1983/2303/1753 2088/2304/1858 2087/2302/1857
f 2089/2305/1859 1983/2303/1753 1986/2306/1756
f 1983/2303/1753 2089/2305/1859 2088/2304/1858
f 2090/2307/1860 1986/2306/1756 1989/2308/1759
f 1986/2306/1756 2090/2307/1860 2089/2305/1859
f 1989/2308/1759 2091/2309/1861 2090/2307/1860
f 2091/2309/1861 1989/2308/1759 1992/2310/1762
f 1992/2310/1762 2092/2311/1862 2091/2309/1861
f 2092/2311/1862 1992/2310/1762 1995/2312/1765
f 2093/2313/1863 1995/2312/1765 1997/2314/1767
f 1995/2312/1765 2093/2313/1863 2092/2311/1862
f 2094/2315/1864 1997/2314/1767 2000/2316/1770
f 1997/2314/1767 2094/2315/1864 2093/2313/1863
f 2081/2293/1852 2000/2316/1770 1966/2292/1736
f 2000/2316/1770 2081/2293/1852 2094/2315/1864
f 2040/2317/1810 2096/2319/1866 2095/2318/1865
f 2095/2318/1865 2041/2320/1811 2040/2317/1810
f 2095/2318/1865 2042/2321/1812 2041/2320/1811
f 2042/2321/1812 2095/2318/1865 2097/2322/1867
f 2097/2322/1867 2043/2323/1813 2042/2321/1812
f 2043/2323/1813 2097/2322/1867 2098/2324/1868
f 2098/2324/1868 2044/2325/1814 2043/2323/1813
f 2044/2325/1814 2098/2324/1868 2099/2326/1869
f 2099/2326/1869 2045/2327/1815 2044/2325/1814
f 2045/2327/1815 2099/2326/1869 2100/2328/1870
f 2100/2328/1870 2046/2329/1816 2045/2327/1815
f 2046/2329/1816 2100/2328/1870 2101/2330/1871
f 2101/2330/1871 2047/2331/1817 2046/2329/1816
f 2047/2331/1817 2101/2330/1871 2102/2332/1872
f 2102/2332/1872 2048/2333/1818 2047/2331/1817
f 2048/2333/1818 2102/2332/1872 2103/2334/1873
f 2103/2334/1873 2049/2335/1819 2048/2333/1818
f 2049/2335/1819 2103/2334/1873 2104/2336/1874
f 2104/2336/1874 2050/2337/1820 2049/2335/1819
f 2050/2337/1820 2104/2336/1874 2105/2338/1875
f 2105/2338/1875 2051/2339/1821 2050/2337/1820
f 2051/2339/1821 2105/2338/1875 2106/2340/1876
f 2106/2340/1876 2052/2341/1822 2051/2339/1821
f 2052/2341/1822 2106/2340/1876 2107/2342/1877
f 2107/2342/1877 2053/2343/1823 2052/2341/1822
f 2053/2343/1823 2107/2342/1877 2108/2344/1878
f 2053/2343/1823 2108/2344/1878 2096/2319/1866
f 2096/2319/1866 2040/2317/1810 2053/2343/1823
f 2081/2293/1852 2054/2263/1824 2055/2264/1825
f 2054/2263/1824 2081/2293/1852 2082/2290/1851
f 2057/2266/1827 2082/2290/1851 2083/2294/1853
f 2082/2290/1851 2057/2266/1827 2054/2263/1824
f 2056/2265/1826 2083/2294/1853 2084/2296/1854
f 2083/2294/1853 2056/2265/1826 2057/2266/1827
f 2084/2296/1854 2058/2268/1829 2056/2265/1826
f 2058/2268/1829 2084/2296/1854 2085/2298/1855
f 2085/2298/1855 2059/2267/1828 2058/2268/1829
f 2059/2267/1828 2085/2298/1855 2086/2300/1856
f 2060/2269/1830 2086/2300/1856 2087/2302/1857
f 2086/2300/1856 2060/2269/1830 2059/2267/1828
f 2061/2270/1831 2087/2302/1857 2088/2304/1858
f 2087/2302/1857 2061/2270/1831 2060/2269/1830
f 2062/2271/1832 2088/2304/1858 2089/2305/1859
f 2088/2304/1858 2062/2271/1832 2061/2270/1831
f 2063/2272/1833 2089/2305/1859 2090/2307/1860
f 2089/2305/1859 2063/2272/1833 2062/2271/1832
f 2063/2272/1833 2090/2307/1860 2091/2309/1861
f 2091/2309/1861 2064/2273/1834 2063/2272/1833
f 2064/2273/1834 2091/2309/1861 2092/2311/1862
f 2092/2311/1862 2065/2274/1835 2064/2273/1834
f 2065/2274/1835 2092/2311/1862 2093/2313/1863
f 2093/2313/1863 2066/2275/1836 2065/2274/1835
f 2066/2275/1836 2093/2313/1863 2094/2315/1864
f 2094/2315/1864 2055/2264/1825 2066/2275/1836
f 2055/2264/1825 2094/2315/1864 2081/2293/1852
f 2067/2276/1837 2095/2318/1865 2096/2319/1866
f 2095/2318/1865 2067/2276/1837 2068/2277/1838
f 2068/2277/1838 2097/2322/1867 2095/2318/1865
f 2097/2322/1867 2068/2277/1838 2069/2278/1839
f 2069/2278/1839 2098/2324/1868 2097/2322/1867
f 2098/2324/1868 2069/2278/1839 2070/2279/1840
f 2070/2279/1840 2099/2326/1869 2098/2324/1868
f 2099/2326/1869 2070/2279/1840 2071/2280/1841
f 2071/2280/1841 2100/2328/1870 2099/2326/1869
f 2100/2328/1870 2071/2280/1841 2072/2281/1842
f 2072/2281/1842 2101/2330/1871 2100/2328/1870
f 2072/2281/1842 2102/2332/1872 2101/2330/1871
f 2102/2332/1872 2072/2281/1842 2073/2282/1843
f 2102/2332/1872 2073/2282/1843 2074/2283/1844
f 2074/2283/1844 2103/2334/1873 2102/2332/1872
f 2103/2334/1873 2074/2283/1844 2075/2284/1845
f 2075/2284/1845 2104/2336/1874 2103/2334/1873
f 2104/2336/1874 2075/2284/1845 2076/2285/1846
f 2076/2285/1846 2105/2338/1875 2104/2336/1874
f 2105/2338/1875 2076/2285/1846 2077/2286/1847
f 2077/2286/1847 2106/2340/1876 2105/2338/1875
f 2106/2340/1876 2077/2286/1847 2078/2287/1848
f 2078/2287/1848 2107/2342/1877 2106/2340/1876
f 2107/2342/1877 2078/2287/1848 2079/2288/1849
f 2079/2288/1849 2108/2344/1878 2107/2342/1877
f 2108/2344/1878 2079/2288/1849 2080/2289/1850
f 2080/2289/1850 2096/2319/1866 2108/2344/1878
f 2096/2319/1866 2080/2289/1850 2067/2276/1837
f 2112/2345/1879 2110/2347/1881 2109/2346/1880
f 2110/2347/1881 2112/2345/1879 2111/2348/1882
f 2111/2348/1882 2113/2349/1883 2110/2347/1881
f 2113/2349/1883 2111/2348/1882 2114/2350/1884
f 2114/2350/1884 2115/2351/1885 2113/2349/1883
f 2115/2351/1885 2114/2350/1884 2116/2352/1886
f 2116/2352/1886 2117/2353/1887 2115/2351/1885
f 2117/2353/1887 2116/2352/1886 2118/2354/1888
f 2118/2354/1888 2119/2355/1889 2117/2353/1887
f 2119/2355/1889 2118/2354/1888 2120/2356/1890
f 2120/2356/1890 2121/2357/1891 2119/2355/1889
f 2121/2357/1891 2120/2356/1890 2122/2358/1892
f 2122/2358/1892 2123/2359/1893 2121/2357/1891
f 2123/2359/1893 2122/2358/1892 2124/2360/1894
f 2124/2360/1894 2125/2361/1895 2123/2359/1893
f 2125/2361/1895 2124/2360/1894 2126/2362/1896
f 2126/2362/1896 2127/2363/1897 2125/2361/1895
f 2127/2363/1897 2126/2362/1896 2128/2364/1898
f 2128/2364/1898 2129/2365/1899 2127/2363/1897
f 2129/2365/1899 2128/2364/1898 2130/2366/1900
f 2130/2366/1900 2131/2367/1901 2129/2365/1899
f 2131/2367/1901 2130/2366/1900 2132/2368/1902
f 2132/2368/1902 2133/2369/1903 2131/2367/1901
f 2133/2369/1903 2132/2368/1902 2134/2370/1904
f 2134/2370/1904 2135/2371/1905 2133/2369/1903
f 2135/2371/1905 2134/2370/1904 2136/2372/1906
f 2136/2372/1906 2137/2373/1907 2135/2371/1905
f 2137/2373/1907 2136/2372/1906 2138/2374/1908
f 2138/2374/1908 2139/2375/1909 2137/2373/1907
f 2139/2375/1909 2138/2374/1908 2140/2376/1910
f 2140/2376/1910 2141/2377/1911 2139/2375/1909
f 2141/2377/1911 2140/2376/1910 2142/2378/1912
f 2142/2378/1912 2143/2379/1913 2141/2377/1911
f 2143/2379/1913 2142/2378/1912 2144/2380/1914
f 2144/2380/1914 2145/2381/1915 2143/2379/1913
f 2145/2381/1915 2144/2380/1914 2146/2382/1916
f 2146/2382/1916 2147/2383/1917 2145/2381/1915
f 2147/2383/1917 2146/2382/1916 2148/2384/1918
f 2148/2384/1918 2149/2385/1919 2147/2383/1917
f 2149/2385/1919 2148/2384/1918 2150/2386/1920
f 2150/2386/1920 2151/2387/1921 2149/2385/1919
f 2151/2387/1921 2150/2386/1920 2152/2388/1922
f 2152/2388/1922 2153/2389/1923 2151/2387/1921
f 2153/2389/1923 2152/2388/1922 2154/2390/1924
f 2154/2390/1924 2155/2391/1925 2153/2389/1923
f 2155/2391/1925 2154/2390/1924 2156/2392/1926
f 2156/2392/1926 2109/2393/1880 2155/2391/1925
f 2109/2393/1880 2156/2392/1926 2112/2394/1879
f 2158/2395/1927 2159/2397/1929 2157/2396/1928
f 2159/2397/1929 2158/2395/1927 2160/2398/1930
f 2160/2398/1930 2161/2399/1931 2159/2397/1929
f 2161/2399/1931 2160/2398/1930 2162/2400/1932
f 2162/2400/1932 2163/2401/1933 2161/2399/1931
f 2163/2401/1933 2162/2400/1932 2164/2402/1934
f 2164/2402/1934 2165/2403/1935 2163/2401/1933
f 2165/2403/1935 2164/2402/1934 2166/2404/1936
f 2165/2403/1935 2166/2404/1936 2167/2405/1937
f 2167/2405/1937 2168/2406/1938 2165/2403/1935
f 2167/2405/1937 2169/2407/1939 2168/2406/1938
f 2169/2407/1939 2167/2405/1937 2170/2408/1940
f 2170/2408/1940 2171/2409/1941 2169/2407/1939
f 2171/2409/1941 2170/2408/1940 2172/2410/1942
f 2171/2409/1941 2172/2410/1942 2173/2411/1943
f 2173/2411/1943 2174/2412/1944 2171/2409/1941
f 2174/2412/1944 2173/2411/1943 2175/2413/1945
f 2175/2413/1945 2176/2414/1946 2174/2412/1944
f 2176/2414/1946 2175/2413/1945 2177/2415/1947
f 2177/2415/1947 2178/2416/1948 2176/2414/1946
f 2178/2416/1948 2177/2415/1947 2179/2417/1949
f 2179/2417/1949 2180/2418/1950 2178/2416/1948
f 2180/2418/1950 2179/2417/1949 2181/2419/1951
f 2181/2419/1951 2182/2420/1952 2180/2418/1950
f 2182/2420/1952 2181/2419/1951 2183/2421/1953
f 2183/2421/1953 2184/2422/1954 2182/2420/1952
f 2184/2422/1954 2183/2421/1953 2185/2423/1955
f 2185/2423/1955 2157/2424/1928 2184/2422/1954
f 2157/2424/1928 2185/2423/1955 2158/2425/1927
f 2187/2426/1956 2188/2428/1958 2186/2427/1957
f 2188/2428/1958 2187/2426/1956 2189/2429/1959
f 2188/2428/1958 2189/2429/1959 2190/2430/1960
f 2190/2430/1960 2191/2431/1961 2188/2428/1958
f 2190/2430/1960 2192/2432/1962 2191/2431/1961
f 2192/2432/1962 2190/2430/1960 2193/2433/1963
f 2192/2432/1962 2193/2433/1963 2194/2434/1964
f 2194/2434/1964 2195/2435/1965 2192/2432/1962
f 2195/2435/1965 2194/2434/1964 2196/2436/1966
f 2196/2436/1966 2197/2437/1967 2195/2435/1965
f 2197/2437/1967 2196/2436/1966 2198/2438/1968
f 2198/2438/1968 2199/2439/1969 2197/2437/1967
f 2198/2438/1968 2200/2440/1970 2199/2439/1969
f 2200/2440/1970 2198/2438/1968 2201/2441/1971
f 2200/2440/1970 2201/2441/1971 2202/2442/1972
f 2202/2442/1972 2203/2443/1973 2200/2440/1970
f 2203/2443/1973 2202/2442/1972 2204/2444/1974
f 2204/2444/1974 2205/2445/1975 2203/2443/1973
f 2205/2445/1975 2204/2444/1974 2206/2446/1976
f 2206/2446/1976 2207/2447/1977 2205/2445/1975
f 2207/2447/1977 2206/2446/1976 2208/2448/1978
f 2208/2448/1978 2209/2449/1979 2207/2447/1977
f 2209/2449/1979 2208/2448/1978 2210/2450/1980
f 2210/2450/1980 2211/2451/1981 2209/2449/1979
f 2211/2451/1981 2210/2450/1980 2212/2452/1982
f 2212/2452/1982 2213/2453/1983 2211/2451/1981
f 2213/2453/1983 2212/2452/1982 2214/2454/1984
f 2214/2454/1984 2186/2455/1957 2213/2453/1983
f 2186/2455/1957 2214/2454/1984 2187/2456/1956
f 2109/2346/1880 2216/2458/1985 2215/2457/1985
f 2216/2458/1985 2109/2346/1880 2110/2347/1881
f 2111/2348/1882 2218/2460/1986 2217/2459/1986
f 2218/2460/1986 2111/2348/1882 2112/2345/1879
f 2110/2347/1881 2219/2461/1985 2216/2458/1985
f 2219/2461/1985 2110/2347/1881 2113/2349/1883
f 2114/2350/1884 2217/2459/1986 2220/2462/1986
f 2217/2459/1986 2114/2350/1884 2111/2348/1882
f 2113/2349/1883 2221/2463/1985 2219/2461/1985
f 2221/2463/1985 2113/2349/1883 2115/2351/1885
f 2116/2352/1886 2220/2462/1986 2222/2464/1986
f 2220/2462/1986 2116/2352/1886 2114/2350/1884
f 2115/2351/1885 2223/2465/1985 2221/2463/1985
f 2223/2465/1985 2115/2351/1885 2117/2353/1887
f 2118/2354/1888 2222/2464/1986 2224/2466/1986
f 2222/2464/1986 2118/2354/1888 2116/2352/1886
f 2117/2353/1887 2225/2467/1985 2223/2465/1985
f 2225/2467/1985 2117/2353/1887 2119/2355/1889
f 2120/2356/1890 2224/2466/1986 2226/2468/1986
f 2224/2466/1986 2120/2356/1890 2118/2354/1888
f 2119/2355/1889 2227/2469/1985 2225/2467/1985
f 2227/2469/1985 2119/2355/1889 2121/2357/1891
f 2122/2358/1892 2226/2468/1986 2228/2470/1986
f 2226/2468/1986 2122/2358/1892 2120/2356/1890
f 2121/2357/1891 2229/2471/1985 2227/2469/1985
f 2229/2471/1985 2121/2357/1891 2123/2359/1893
f 2124/2360/1894 2228/2470/1986 2230/2472/1986
f 2228/2470/1986 2124/2360/1894 2122/2358/1892
f 2123/2359/1893 2231/2473/1985 2229/2471/1985
f 2231/2473/1985 2123/2359/1893 2125/2361/1895
f 2126/2362/1896 2230/2472/1986 2232/2474/1986
f 2230/2472/1986 2126/2362/1896 2124/2360/1894
f 2125/2361/1895 2233/2475/1985 2231/2473/1985
f 2233/2475/1985 2125/2361/1895 2127/2363/1897
f 2128/2364/1898 2232/2474/1986 2234/2476/1986
f 2232/2474/1986 2128/2364/1898 2126/2362/1896
f 2127/2363/1897 2235/2477/1985 2233/2475/1985
f 2235/2477/1985 2127/2363/1897 2129/2365/1899
f 2130/2366/1900 2234/2476/1986 2236/2478/1986
f 2234/2476/1986 2130/2366/1900 2128/2364/1898
f 2129/2365/1899 2237/2479/1985 2235/2477/1985
f 2237/2479/1985 2129/2365/1899 2131/2367/1901
f 2132/2368/1902 2236/2478/1986 2238/2480/1986
f 2236/2478/1986 2132/2368/1902 2130/2366/1900
f 2131/2367/1901 2239/2481/1985 2237/2479/1985
f 2239/2481/1985 2131/2367/1901 2133/2369/1903
f 2134/2370/1904 2238/2480/1986 2240/2482/1986
f 2238/2480/1986 2134/2370/1904 2132/2368/1902
f 2133/2369/1903 2241/2483/1985 2239/2481/1985
f 2241/2483/1985 2133/2369/1903 2135/2371/1905
f 2136/2372/1906 2240/2482/1986 2242/2484/1986
f 2240/2482/1986 2136/2372/1906 2134/2370/1904
f 2135/2371/1905 2243/2485/1985 2241/2483/1985
f 2243/2485/1985 2135/2371/1905 2137/2373/1907
f 2138/2374/1908 2242/2484/1986 2244/2486/1986
f 2242/2484/1986 2138/2374/1908 2136/2372/1906
f 2137/2373/1907 2245/2487/1985 2243/2485/1985
f 2245/2487/1985 2137/2373/1907 2139/2375/1909
f 2140/2376/1910 2244/2486/1986 2246/2488/1986
f 2244/2486/1986 2140/2376/1910 2138/2374/1908
f 2139/2375/1909 2247/2489/1985 2245/2487/1985
f 2247/2489/1985 2139/2375/1909 2141/2377/1911
f 2142/2378/1912 2246/2488/1986 2248/2490/1986
f 2246/2488/1986 2142/2378/1912 2140/2376/1910
f 2141/2377/1911 2249/2491/1985 2247/2489/1985
f 2249/2491/1985 2141/2377/1911 2143/2379/1913
f 2144/2380/1914 2248/2490/1986 2250/2492/1986
f 2248/2490/1986 2144/2380/1914 2142/2378/1912
f 2143/2379/1913 2251/2493/1985 2249/2491/1985
f 2251/2493/1985 2143/2379/1913 2145/2381/1915
f 2146/2382/1916 2250/2492/1986 2252/2494/1986
f 2250/2492/1986 2146/2382/1916 2144/2380/1914
f 2145/2381/1915 2253/2495/1985 2251/2493/1985
f 2253/2495/1985 2145/2381/1915 2147/2383/1917
f 2148/2384/1918 2252/2494/1986 2254/2496/1986
f 2252/2494/1986 2148/2384/1918 2146/2382/1916
f 2147/2383/1917 2255/2497/1985 2253/2495/1985
f 2255/2497/1985 2147/2383/1917 2149/2385/1919
f 2150/2386/1920 2254/2496/1986 2256/2498/1986
f 2254/2496/1986 2150/2386/1920 2148/2384/1918
f 2149/2385/1919 2257/2499/1985 2255/2497/1985
f 2257/2499/1985 2149/2385/1919 2151/2387/1921
f 2152/2388/1922 2256/2498/1986 2258/2500/1986
f 2256/2498/1986 2152/2388/1922 2150/2386/1920
f 2151/2387/1921 2259/2501/1985 2257/2499/1985
f 2259/2501/1985 2151/2387/1921 2153/2389/1923
f 2154/2390/1924 2258/2500/1986 2260/2502/1986
f 2258/2500/1986 2154/2390/1924 2152/2388/1922
f 2153/2389/1923 2261/2503/1985 2259/2501/1985
f 2261/2503/1985 2153/2389/1923 2155/2391/1925
f 2156/2392/1926 2260/2502/1986 2262/2504/1986
f 2260/2502/1986 2156/2392/1926 2154/2390/1924
f 2155/2391/1925 2215/2505/1985 2261/2503/1985
f 2215/2505/1985 2155/2391/1925 2109/2393/1880
f 2112/2394/1879 2262/2504/1986 2218/2506/1986
f 2262/2504/1986 2112/2394/1879 2156/2392/1926
f 2157/2396/1928 2264/2508/1988 2263/2507/1987
f 2158/2395/1927 2266/2510/1990 2265/2509/1989
f 2157/2396/1928 2267/2511/1991 2264/2508/1988
f 2267/2511/1991 2157/2396/1928 2159/2397/1929
f 2160/2398/1930 2265/2509/1989 2268/2512/1992
f 2265/2509/1989 2160/2398/1930 2158/2395/1927
f 2159/2397/1929 2269/2513/1993 2267/2511/1991
f 2160/2398/1930 2268/2512/1992 2270/2514/1994
f 2159/2397/1929 2271/2515/1995 2269/2513/1993
f 2271/2515/1995 2159/2397/1929 2161/2399/1931
f 2162/2400/1932 2270/2514/1994 2272/2516/1996
f 2270/2514/1994 2162/2400/1932 2160/2398/1930
f 2161/2399/1931 2273/2517/1997 2271/2515/1995
f 2273/2517/1997 2161/2399/1931 2163/2401/1933
f 2164/2402/1934 2272/2516/1996 2274/2518/1998
f 2272/2516/1996 2164/2402/1934 2162/2400/1932
f 2163/2401/1933 2275/2519/1999 2273/2517/1997
f 2164/2402/1934 2274/2518/1998 2276/2520/2000
f 2163/2401/1933 2277/2521/2001 2275/2519/1999
f 2277/2521/2001 2163/2401/1933 2165/2403/1935
f 2166/2404/1936 2276/2520/2000 2278/2522/2002
f 2276/2520/2000 2166/2404/1936 2164/2402/1934
f 2165/2403/1935 2279/2523/2003 2277/2521/2001
f 2167/2405/1937 2278/2522/2002 2280/2524/2004
f 2278/2522/2002 2167/2405/1937 2166/2404/1936
f 2165/2403/1935 2281/2525/2005 2279/2523/2003
f 2281/2525/2005 2165/2403/1935 2168/2406/1938
f 2167/2405/1937 2280/2524/2004 2282/2526/2006
f 2168/2406/1938 2283/2527/2007 2281/2525/2005
f 2283/2527/2007 2168/2406/1938 2169/2407/1939
f 2170/2408/1940 2282/2526/2006 2284/2528/2008
f 2282/2526/2006 2170/2408/1940 2167/2405/1937
f 2169/2407/1939 2285/2529/2009 2283/2527/2007
f 2170/2408/1940 2284/2528/2008 2286/2530/2010
f 2169/2407/1939 2287/2531/2011 2285/2529/2009
f 2287/2531/2011 2169/2407/1939 2171/2409/1941
f 2172/2410/1942 2286/2530/2010 2288/2532/2012
f 2286/2530/2010 2172/2410/1942 2170/2408/1940
f 2171/2409/1941 2289/2533/2013 2287/2531/2011
f 2173/2411/1943 2288/2532/2012 2290/2534/2014
f 2288/2532/2012 2173/2411/1943 2172/2410/1942
f 2171/2409/1941 2291/2535/2015 2289/2533/2013
f 2291/2535/2015 2171/2409/1941 2174/2412/1944
f 2173/2411/1943 2290/2534/2014 2292/2536/2016
f 2174/2412/1944 2293/2537/2017 2291/2535/2015
f 2175/2413/1945 2292/2536/2016 2294/2538/2018
f 2292/2536/2016 2175/2413/1945 2173/2411/1943
f 2174/2412/1944 2295/2539/2019 2293/2537/2017
f 2295/2539/2019 2174/2412/1944 2176/2414/1946
f 2177/2415/1947 2294/2538/2018 2296/2540/2020
f 2294/2538/2018 2177/2415/1947 2175/2413/1945
f 2176/2414/1946 2297/2541/2021 2295/2539/2019
f 2177/2415/1947 2296/2540/2020 2298/2542/2022
f 2176/2414/1946 2299/2543/2023 2297/2541/2021
f 2299/2543/2023 2176/2414/1946 2178/2416/1948
f 2179/2417/1949 2298/2542/2022 2300/2544/2024
f 2298/2542/2022 2179/2417/1949 2177/2415/1947
f 2178/2416/1948 2301/2545/2025 2299/2543/2023
f 2301/2545/2025 2178/2416/1948 2180/2418/1950
f 2181/2419/1951 2300/2544/2024 2302/2546/2026
f 2300/2544/2024 2181/2419/1951 2179/2417/1949
f 2180/2418/1950 2303/2547/2027 2301/2545/2025
f 2181/2419/1951 2302/2546/2026 2304/2548/2028
f 2180/2418/1950 2305/2549/2029 2303/2547/2027
f 2305/2549/2029 2180/2418/1950 2182/2420/1952
f 2183/2421/1953 2304/2548/2028 2306/2550/2030
f 2304/2548/2028 2183/2421/1953 2181/2419/1951
f 2182/2420/1952 2307/2551/2031 2305/2549/2029
f 2183/2421/1953 2306/2550/2030 2308/2552/2032
f 2182/2420/1952 2309/2553/2033 2307/2551/2031
f 2309/2553/2033 2182/2420/1952 2184/2422/1954
f 2185/2423/1955 2308/2552/2032 2310/2554/2034
f 2308/2552/2032 2185/2423/1955 2183/2421/1953
f 2184/2422/1954 2263/2555/1987 2309/2553/2033
f 2263/2555/1987 2184/2422/1954 2157/2424/1928
f 2158/2425/1927 2310/2554/2034 2266/2556/1990
f 2310/2554/2034 2158/2425/1927 2185/2423/1955
f 2186/2427/1957 2312/2557/2036 2311/2460/2035
f 2187/2426/1956 2314/2507/2038 2313/2558/2037
f 2186/2427/1957 2315/2559/2039 2312/2557/2036
f 2315/2559/2039 2186/2427/1957 2188/2428/1958
f 2189/2429/1959 2313/2558/2037 2316/2560/2040
f 2313/2558/2037 2189/2429/1959 2187/2426/1956
f 2188/2428/1958 2317/2561/2041 2315/2559/2039
f 2190/2430/1960 2316/2560/2040 2318/2562/2042
f 2316/2560/2040 2190/2430/1960 2189/2429/1959
f 2188/2428/1958 2319/2563/2043 2317/2561/2041
f 2319/2563/2043 2188/2428/1958 2191/2431/1961
f 2190/2430/1960 2318/2562/2042 2320/2564/2044
f 2191/2431/1961 2321/2565/2045 2319/2563/2043
f 2321/2565/2045 2191/2431/1961 2192/2432/1962
f 2193/2433/1963 2320/2564/2044 2322/2566/2046
f 2320/2564/2044 2193/2433/1963 2190/2430/1960
f 2192/2432/1962 2323/2567/2047 2321/2565/2045
f 2194/2434/1964 2322/2566/2046 2324/2568/2048
f 2322/2566/2046 2194/2434/1964 2193/2433/1963
f 2192/2432/1962 2325/2569/2049 2323/2567/2047
f 2325/2569/2049 2192/2432/1962 2195/2435/1965
f 2194/2434/1964 2324/2568/2048 2326/2570/2050
f 2195/2435/1965 2327/2571/2051 2325/2569/2049
f 2196/2436/1966 2326/2570/2050 2328/2572/2052
f 2326/2570/2050 2196/2436/1966 2194/2434/1964
f 2195/2435/1965 2329/2573/2053 2327/2571/2051
f 2329/2573/2053 2195/2435/1965 2197/2437/1967
f 2196/2436/1966 2328/2572/2052 2330/2574/2054
f 2197/2437/1967 2331/2575/2055 2329/2573/2053
f 2198/2438/1968 2330/2574/2054 2332/2576/2056
f 2330/2574/2054 2198/2438/1968 2196/2436/1966
f 2197/2437/1967 2333/2577/2057 2331/2575/2055
f 2333/2577/2057 2197/2437/1967 2199/2439/1969
f 2198/2438/1968 2332/2576/2056 2334/2578/2058
f 2199/2439/1969 2335/2579/2059 2333/2577/2057
f 2335/2579/2059 2199/2439/1969 2200/2440/1970
f 2201/2441/1971 2334/2578/2058 2336/2580/2060
f 2334/2578/2058 2201/2441/1971 2198/2438/1968
f 2200/2440/1970 2337/2581/2061 2335/2579/2059
f 2202/2442/1972 2336/2580/2060 2338/2582/2062
f 2336/2580/2060 2202/2442/1972 2201/2441/1971
f 2200/2440/1970 2339/2583/2063 2337/2581/2061
f 2339/2583/2063 2200/2440/1970 2203/2443/1973
f 2202/2442/1972 2338/2582/2062 2340/2584/2064
f 2203/2443/1973 2341/2585/2065 2339/2583/2063
f 2204/2444/1974 2340/2584/2064 2342/2586/2066
f 2340/2584/2064 2204/2444/1974 2202/2442/1972
f 2203/2443/1973 2343/2587/2067 2341/2585/2065
f 2343/2587/2067 2203/2443/1973 2205/2445/1975
f 2206/2446/1976 2342/2586/2066 2344/2588/2068
f 2342/2586/2066 2206/2446/1976 2204/2444/1974
f 2205/2445/1975 2345/2589/2069 2343/2587/2067
f 2206/2446/1976 2344/2588/2068 2346/2590/2070
f 2205/2445/1975 2347/2591/2071 2345/2589/2069
f 2347/2591/2071 2205/2445/1975 2207/2447/1977
f 2208/2448/1978 2346/2590/2070 2348/2592/2072
f 2346/2590/2070 2208/2448/1978 2206/2446/1976
f 2207/2447/1977 2349/2593/2073 2347/2591/2071
f 2349/2593/2073 2207/2447/1977 2209/2449/1979
f 2210/2450/1980 2348/2592/2072 2350/2594/2074
f 2348/2592/2072 2210/2450/1980 2208/2448/1978
f 2209/2449/1979 2351/2595/2075 2349/2593/2073
f 2210/2450/1980 2350/2594/2074 2352/2596/2076
f 2209/2449/1979 2353/2597/2077 2351/2595/2075
f 2353/2597/2077 2209/2449/1979 2211/2451/1981
f 2212/2452/1982 2352/2596/2076 2354/2598/2078
f 2352/2596/2076 2212/2452/1982 2210/2450/1980
f 2211/2451/1981 2355/2599/2079 2353/2597/2077
f 2212/2452/1982 2354/2598/2078 2356/2600/2080
f 2211/2451/1981 2357/2601/2081 2355/2599/2079
f 2357/2601/2081 2211/2451/1981 2213/2453/1983
f 2214/2454/1984 2356/2600/2080 2358/2602/2082
f 2356/2600/2080 2214/2454/1984 2212/2452/1982
f 2213/2453/1983 2311/2603/2035 2357/2601/2081
f 2311/2603/2035 2213/2453/1983 2186/2455/1957
f 2187/2456/1956 2358/2602/2082 2314/2604/2038
f 2358/2602/2082 2187/2456/1956 2214/2454/1984
o BarrelSmartMat.017
v 13.062207 3.704754 99.673309
v 13.212611 4.431410 99.609558
v 13.018641 4.118310 99.580963
v 13.319637 3.704754 99.860947
v 13.365053 4.431411 99.727531
v 13.481766 4.431410 99.880943
v 13.448756 3.704754 100.152168
v 13.506943 4.118310 100.068268
v 13.579168 4.431412 100.250542
v 13.430913 3.704796 100.404976
v 13.553220 4.431410 100.441551
v 13.338093 3.704754 100.609993
v 13.438563 4.118310 100.591812
v 13.360744 4.431412 100.771774
v 13.090218 3.704754 100.810089
v 13.186318 4.118310 100.844574
v 13.028944 4.431410 100.961517
v 12.775504 3.704754 100.859436
v 12.837730 4.431410 100.985886
v 12.646725 4.431410 100.959938
v 12.478280 3.704754 100.744812
v 12.496464 4.118310 100.845284
v 12.316503 4.431409 100.767464
v 12.278188 3.704754 100.496941
v 12.243700 4.118310 100.593040
v 12.126759 4.431410 100.435661
v 12.228841 3.704754 100.182228
v 12.102386 4.431410 100.244453
v 12.128335 4.431410 100.053444
v 12.311508 3.704796 99.942650
v 12.202835 4.431410 99.875664
v 12.454228 3.704754 99.768639
v 12.352475 4.118310 99.760201
v 12.474220 4.431410 99.606506
v 12.745446 3.704754 99.639519
v 12.652611 4.431413 99.533478
v 12.843823 4.431409 99.509109
v 13.032425 4.531825 99.529312
v 13.558571 4.531825 100.054375
v 13.484893 4.531825 100.618500
v 13.213099 4.531825 100.890846
v 12.469779 4.531825 100.891609
v 12.197426 4.531825 100.619820
v 12.314631 4.531825 99.722427
v 13.206017 5.045753 99.605759
v 13.027477 5.045755 99.533096
v 13.359666 5.045753 99.722153
v 13.477954 5.045753 99.874352
v 13.558571 4.945339 100.054375
v 13.579161 5.045753 100.242935
v 13.555182 5.045753 100.434196
v 13.484893 4.945339 100.618500
v 13.366120 5.045753 100.766388
v 13.213099 4.945339 100.890846
v 13.033900 4.945339 100.965294
v 12.845341 5.045753 100.985878
v 12.654078 5.045753 100.961899
v 12.475537 5.045754 100.889236
v 12.321889 5.045753 100.772842
v 12.203601 5.045755 100.620644
v 12.122984 4.945339 100.440620
v 12.102395 5.045753 100.252060
v 12.126373 5.045754 100.060799
v 12.199038 5.045754 99.882256
v 12.314631 4.945339 99.722427
v 12.467634 5.045754 99.610321
v 12.645262 5.045752 99.535454
v 12.836214 5.045754 99.509117
v 13.506943 5.358853 100.068268
v 13.438563 5.358853 100.591812
v 13.186318 5.358853 100.844574
v 13.020009 5.358853 100.913666
v 12.174612 5.358853 100.426727
v 12.352475 5.358853 99.760201
v 13.089060 5.772410 99.684395
v 13.272224 5.772368 99.815163
v 13.414513 5.772410 100.024887
v 13.451563 5.772368 100.246872
v 13.403878 5.772410 100.495781
v 13.204296 5.772410 100.744064
v 12.999466 5.772368 100.837311
v 12.746696 5.772410 100.855675
v 12.455213 5.772410 100.727150
v 12.267042 5.772410 100.470108
v 12.229992 5.772368 100.248123
v 12.277678 5.772410 99.999214
v 12.477261 5.772410 99.750931
v 12.774247 5.772410 99.635696
v 13.178902 3.825930 99.783615
v 12.901663 3.825930 99.676704
v 13.410493 3.825963 100.246910
v 13.365541 3.825930 100.014832
v 13.376364 3.825930 100.454041
v 13.201337 3.825930 100.694160
v 12.929699 3.825930 100.814598
v 12.693890 3.825963 100.797951
v 12.502652 3.825930 100.711380
v 12.316013 3.825930 100.480164
v 12.269983 3.825930 100.186615
v 12.376898 3.825930 99.909370
v 12.608109 3.825930 99.722733
v 12.928535 5.651234 99.680214
v 13.200418 5.651234 99.800095
v 13.375940 5.651206 100.039856
v 13.408061 5.651234 100.335258
v 13.288181 5.651234 100.607140
v 13.048420 5.651234 100.782661
v 12.841363 5.651201 100.817215
v 12.609187 5.651234 100.772736
v 12.377594 5.651234 100.586571
v 12.290626 5.651201 100.395515
v 12.273494 5.651234 100.159744
v 12.347096 5.651201 99.963150
v 12.501700 5.651234 99.784317
v 12.692760 5.651201 99.697350
v 13.067252 3.704775 99.733856
v 13.234324 3.704796 99.853142
v 13.364118 3.704775 100.044441
v 13.395532 3.704774 100.333313
v 13.278298 3.704775 100.599197
v 13.119839 3.704796 100.729698
v 12.901464 3.704775 100.805557
v 12.697134 3.704796 100.785789
v 12.489080 3.704775 100.685020
v 12.358574 3.704796 100.526558
v 12.282715 3.704775 100.308182
v 12.327138 3.704775 100.021019
v 12.509191 3.704775 99.794540
v 12.780090 3.704775 99.689438
v 13.171434 5.772389 99.793861
v 12.900317 5.772389 99.689308
v 13.353951 5.772389 100.019966
v 13.397908 5.772368 100.246925
v 13.364534 5.772389 100.449478
v 13.193374 5.772389 100.684296
v 12.985526 5.772368 100.785500
v 12.781237 5.772389 100.805687
v 12.510122 5.772389 100.701134
v 12.327604 5.772389 100.475029
v 12.282592 5.772389 100.187958
v 12.358002 5.772368 99.969429
v 12.488182 5.772389 99.810699
v 12.696029 5.772368 99.709496
v 13.041019 4.659640 99.497101
v 13.228413 4.659640 99.574501
v 13.228413 4.837105 99.574501
v 13.041019 4.837105 99.497101
v 13.389390 4.659640 99.697754
v 13.389390 4.837105 99.697754
v 13.512980 4.659640 99.858482
v 13.512980 4.837105 99.858482
v 13.590759 4.659640 100.045715
v 13.590759 4.837105 100.045715
v 13.617430 4.659640 100.246696
v 13.617430 4.837105 100.246696
v 13.591172 4.659640 100.447739
v 13.591172 4.837105 100.447739
v 13.513777 4.659640 100.635132
v 13.513777 4.837105 100.635132
v 13.390518 4.659640 100.796112
v 13.390518 4.837105 100.796112
v 13.229795 4.659640 100.919701
v 13.229795 4.837105 100.919701
v 13.042561 4.659640 100.997482
v 13.042561 4.837105 100.997482
v 12.841575 4.659640 101.024147
v 12.841575 4.837105 101.024147
v 12.640535 4.659640 100.997894
v 12.640535 4.837105 100.997894
v 12.453142 4.659640 100.920494
v 12.453142 4.837105 100.920494
v 12.292165 4.659640 100.797241
v 12.292165 4.837105 100.797241
v 12.168575 4.659640 100.636513
v 12.168575 4.837105 100.636513
v 12.090795 4.659640 100.449280
v 12.090795 4.837105 100.449280
v 12.064125 4.659640 100.248299
v 12.064125 4.837105 100.248299
v 12.090382 4.659640 100.047256
v 12.090382 4.837105 100.047256
v 12.167777 4.659640 99.859863
v 12.167777 4.837105 99.859863
v 12.291037 4.659640 99.698883
v 12.291037 4.837105 99.698883
v 12.451760 4.659640 99.575294
v 12.451760 4.837105 99.575294
v 12.638994 4.659640 99.497513
v 12.638994 4.837105 99.497513
v 12.839980 4.659640 99.470848
v 12.839980 4.837105 99.470848
v 13.089622 5.565924 99.604324
v 13.104913 5.738492 99.646606
v 13.377867 5.565924 99.814919
v 13.369971 5.738492 99.859177
v 13.501660 5.566140 100.069687
v 13.469798 5.738701 100.078262
v 13.526439 5.565924 100.321396
v 13.489559 5.738492 100.347107
v 13.397629 5.565924 100.654327
v 13.405231 5.738701 100.572617
v 13.229098 5.738492 100.776695
v 13.183578 5.566140 100.839844
v 12.946858 5.565924 100.928925
v 12.912477 5.738492 100.899956
v 12.591935 5.565924 100.890671
v 12.672832 5.738701 100.876862
v 12.430120 5.738492 100.759552
v 12.303688 5.565924 100.680077
v 12.276993 5.738701 100.573769
v 12.159353 5.565924 100.353577
v 12.188321 5.738492 100.319199
v 12.179530 5.566140 100.071045
v 12.211411 5.738701 100.079552
v 12.283927 5.565924 99.840668
v 12.328722 5.738492 99.836838
v 12.561946 5.565924 99.616745
v 12.602654 5.738492 99.635826
v 12.840075 5.566140 99.563110
v 12.840109 5.738701 99.596107
v 13.074745 3.742240 99.642914
v 13.119171 3.922493 99.614174
v 13.345690 3.742240 99.840897
v 13.325735 3.922288 99.761543
v 13.485460 3.922493 99.996521
v 13.462017 3.742044 100.080353
v 13.485314 3.742240 100.317017
v 13.527316 3.922288 100.246796
v 13.474102 3.922493 100.525894
v 13.364203 3.742240 100.629967
v 13.250057 3.922493 100.805252
v 13.102841 3.742240 100.840439
v 12.916345 3.922493 100.935173
v 12.841438 3.742044 100.890831
v 12.606810 3.742240 100.852081
v 12.663769 3.922288 100.910828
v 12.407953 3.922493 100.787193
v 12.335864 3.742240 100.654099
v 12.246570 3.922288 100.591377
v 12.200211 3.742240 100.347168
v 12.153105 3.922493 100.323067
v 12.219195 3.742044 100.081627
v 12.177449 3.922288 100.070488
v 12.317351 3.742240 99.865028
v 12.301085 3.922493 99.814674
v 12.578713 3.742240 99.654556
v 12.589802 3.922493 99.602814
v 12.840117 3.742044 99.604164
v 12.840073 3.922288 99.560959
v 13.027831 4.659640 99.546524
v 13.202883 4.659640 99.618820
v 13.202883 4.837105 99.618820
v 13.027831 4.837105 99.546524
v 13.353258 4.659640 99.733963
v 13.353258 4.837105 99.733963
v 13.468708 4.659640 99.884102
v 13.468708 4.837105 99.884102
v 13.541366 4.659640 100.059006
v 13.541366 4.837105 100.059006
v 13.566278 4.659640 100.246750
v 13.566278 4.837105 100.246750
v 13.541751 4.659640 100.434555
v 13.541751 4.837105 100.434555
v 13.469453 4.659640 100.609604
v 13.469453 4.837105 100.609604
v 13.354312 4.659640 100.759979
v 13.354312 4.837105 100.759979
v 13.204173 4.659640 100.875427
v 13.204173 4.837105 100.875427
v 13.029271 4.659640 100.948090
v 13.029271 4.837105 100.948090
v 12.841522 4.659640 100.973000
v 12.841522 4.837105 100.973000
v 12.653724 4.659640 100.948471
v 12.653724 4.837105 100.948471
v 12.478672 4.659640 100.876175
v 12.478672 4.837105 100.876175
v 12.328297 4.659640 100.761032
v 12.328297 4.837105 100.761032
v 12.212847 4.659640 100.610893
v 12.212847 4.837105 100.610893
v 12.140189 4.659640 100.435989
v 12.140189 4.837105 100.435989
v 12.115275 4.659640 100.248245
v 12.115275 4.837105 100.248245
v 12.139804 4.659640 100.060440
v 12.139804 4.837105 100.060440
v 12.212102 4.659640 99.885391
v 12.212102 4.837105 99.885391
v 12.327244 4.659640 99.735016
v 12.327244 4.837105 99.735016
v 12.477382 4.659640 99.619568
v 12.477382 4.837105 99.619568
v 12.652284 4.659640 99.546906
v 12.652284 4.837105 99.546906
v 12.840033 4.659640 99.521996
v 12.840033 4.837105 99.521996
v 13.004810 5.557670 99.632797
v 13.158319 5.557670 99.696198
v 13.142244 5.730230 99.724098
v 12.996507 5.730230 99.663910
v 13.290186 5.557670 99.797165
v 13.267437 5.730230 99.819962
v 13.391428 5.557670 99.928825
v 13.363554 5.730230 99.944954
v 13.455143 5.557670 100.082199
v 13.424044 5.730230 100.090569
v 13.476991 5.557670 100.246841
v 13.444786 5.730230 100.246880
v 13.455482 5.557670 100.411530
v 13.424365 5.730230 100.403229
v 13.392081 5.557670 100.565041
v 13.364174 5.730230 100.548965
v 13.291110 5.557670 100.696907
v 13.268314 5.730230 100.674156
v 13.159450 5.557670 100.798149
v 13.143319 5.730230 100.770271
v 13.006073 5.557670 100.861862
v 12.997705 5.730230 100.830765
v 12.841431 5.557670 100.883713
v 12.841398 5.730230 100.851509
v 12.676744 5.557670 100.862198
v 12.685048 5.730230 100.831085
v 12.523236 5.557670 100.798798
v 12.539310 5.730230 100.770897
v 12.391369 5.557670 100.697830
v 12.414118 5.730230 100.675034
v 12.290127 5.557670 100.566170
v 12.318001 5.730230 100.550041
v 12.226412 5.557670 100.412796
v 12.257511 5.730230 100.404427
v 12.204564 5.557670 100.248154
v 12.236770 5.730230 100.248116
v 12.226073 5.557670 100.083466
v 12.257190 5.730230 100.091766
v 12.289474 5.557670 99.929955
v 12.317381 5.730230 99.946030
v 12.390445 5.557670 99.798088
v 12.413240 5.730230 99.820839
v 12.522105 5.557670 99.696846
v 12.538237 5.730230 99.724724
v 12.675482 5.557670 99.633133
v 12.683849 5.730230 99.664230
v 12.840124 5.557670 99.611282
v 12.840158 5.730230 99.643486
v 12.994479 3.750515 99.671509
v 13.138319 3.750515 99.730919
v 13.159368 3.930759 99.694374
v 13.005352 3.930759 99.630760
v 13.261882 3.750515 99.825523
v 13.291671 3.930759 99.795677
v 13.356747 3.750515 99.948898
v 13.393247 3.930759 99.927773
v 13.416451 3.750515 100.092613
v 13.457173 3.930759 100.081657
v 13.436922 3.750515 100.246887
v 13.479093 3.930759 100.246841
v 13.416767 3.750515 100.401199
v 13.457513 3.930759 100.412071
v 13.357360 3.750515 100.545036
v 13.393903 3.930759 100.566086
v 13.262748 3.750515 100.668602
v 13.292598 3.930759 100.698395
v 13.139380 3.750515 100.763466
v 13.160503 3.930759 100.799965
v 12.995663 3.750515 100.823174
v 13.006619 3.930759 100.863892
v 12.841390 3.750515 100.843643
v 12.841433 3.930759 100.885811
v 12.687076 3.750515 100.823486
v 12.676203 3.930759 100.864235
v 12.543236 3.750515 100.764076
v 12.522187 3.930759 100.800621
v 12.419673 3.750515 100.669472
v 12.389884 3.930759 100.699318
v 12.324807 3.750515 100.546097
v 12.288307 3.930759 100.567223
v 12.265104 3.750515 100.402382
v 12.224381 3.930759 100.413338
v 12.244633 3.750515 100.248108
v 12.202461 3.930759 100.248154
v 12.264788 3.750515 100.093796
v 12.224042 3.930759 100.082924
v 12.324195 3.750515 99.949959
v 12.287652 3.930759 99.928909
v 12.418807 3.750515 99.826393
v 12.388956 3.930759 99.796600
v 12.542175 3.750515 99.731529
v 12.521051 3.930759 99.695030
v 12.685892 3.750515 99.671822
v 12.674935 3.930759 99.631104
v 12.840165 3.750515 99.651352
v 12.840122 3.930759 99.609184
vn 0.4575 -0.8887 -0.0304
vn 0.5668 -0.0881 -0.8191
vn 0.3329 -0.1908 -0.9235
vn 0.7769 -0.2494 -0.5782
vn 0.7048 -0.0835 -0.7045
vn 0.8664 -0.0863 -0.4919
vn 0.9574 -0.2599 -0.1258
vn 0.9366 -0.1805 -0.3004
vn 0.9963 -0.0865 0.0010
vn 0.8960 -0.2826 0.3426
vn 0.9609 -0.0878 0.2626
vn 0.7482 -0.2501 0.6145
vn 0.8747 -0.1805 0.4499
vn 0.7029 -0.0910 0.7055
vn 0.3570 -0.2511 0.8997
vn 0.5325 -0.1805 0.8269
vn 0.2568 -0.0921 0.9621
vn -0.1401 -0.2545 0.9569
vn -0.0021 -0.0853 0.9964
vn -0.2648 -0.0863 0.9604
vn -0.6017 -0.2463 0.7598
vn -0.4499 -0.1805 0.8747
vn -0.7049 -0.0896 0.7036
vn -0.8997 -0.2511 0.3570
vn -0.8270 -0.1804 0.5325
vn -0.9619 -0.0907 0.2578
vn -0.9578 -0.2582 -0.1262
vn -0.9964 -0.0853 -0.0021
vn -0.9610 -0.0819 -0.2641
vn -0.7768 -0.2826 -0.5628
vn -0.8602 -0.0877 -0.5023
vn -0.5637 -0.2501 -0.7872
vn -0.7284 -0.1805 -0.6609
vn -0.4957 -0.0889 -0.8639
vn -0.1120 -0.2445 -0.9631
vn -0.2577 -0.0834 -0.9626
vn 0.0072 -0.0863 -0.9962
vn 0.2630 -0.0416 -0.9639
vn 0.9650 -0.0455 -0.2581
vn 0.8649 -0.0455 0.4998
vn 0.4991 -0.0455 0.8653
vn -0.5031 -0.0416 0.8633
vn -0.8673 -0.0416 0.4961
vn -0.7061 -0.0455 -0.7067
vn 0.2498 0.0874 -0.9643
vn 0.4963 0.0834 -0.8641
vn 0.6989 0.0856 -0.7100
vn 0.8607 0.0860 -0.5018
vn 0.9640 0.0455 -0.2619
vn 0.9961 0.0878 -0.0064
vn 0.9634 0.0860 0.2537
vn 0.8668 0.0455 0.4965
vn 0.7074 0.0905 0.7010
vn 0.5006 0.0525 0.8641
vn 0.2614 0.0506 0.9639
vn 0.0082 0.0849 0.9964
vn -0.2539 0.0853 0.9635
vn -0.4909 0.0874 0.8668
vn -0.7016 0.0853 0.7074
vn -0.8609 0.0901 0.5008
vn -0.9632 0.0416 0.2654
vn -0.9961 0.0878 0.0064
vn -0.9648 0.0818 -0.2498
vn -0.8638 0.0837 -0.4968
vn -0.7088 0.0455 -0.7039
vn -0.5014 0.0878 -0.8608
vn -0.2677 0.0842 -0.9598
vn -0.0041 0.0854 -0.9963
vn 0.9614 0.1804 -0.2075
vn 0.8266 0.1804 0.5332
vn 0.4892 0.1612 0.8571
vn 0.2418 0.1681 0.9557
vn -0.9615 0.1804 0.2075
vn -0.7092 0.1674 -0.6849
vn 0.6522 0.3353 -0.6798
vn 0.6740 0.2746 -0.6858
vn 0.8871 0.2530 -0.3860
vn 0.9641 0.2654 -0.0086
vn 0.8964 0.2493 0.3665
vn 0.6227 0.2544 0.7399
vn 0.2548 0.2702 0.9285
vn -0.1225 0.2475 0.9611
vn -0.5684 0.2451 0.7854
vn -0.8782 0.2504 0.4074
vn -0.9612 0.2758 0.0083
vn -0.8962 0.2574 -0.3614
vn -0.6065 0.2506 -0.7545
vn -0.1523 0.2551 -0.9549
vn -0.2890 -0.9069 0.3065
vn -0.6086 -0.4062 0.6817
vn -0.8780 -0.4787 0.0071
vn -0.3929 -0.9088 0.1407
vn -0.2209 -0.9071 -0.3582
vn -0.3752 -0.9068 -0.1924
vn -0.0371 -0.9035 -0.4271
vn 0.1246 -0.9089 -0.3979
vn 0.2875 -0.8917 -0.3497
vn 0.4449 -0.8820 -0.1552
vn 0.4699 -0.8769 0.1013
vn 0.3513 -0.8800 0.3196
vn 0.1388 -0.8863 0.4419
vn -0.3754 0.8385 0.3950
vn -0.8340 0.5242 0.1719
vn -0.7937 0.5714 0.2085
vn -0.5773 0.5336 -0.6181
vn -0.8163 0.5768 0.0297
vn -0.6401 0.6727 -0.3710
vn -0.4537 0.7352 -0.5036
vn -0.0858 0.7953 -0.6001
vn 0.2935 0.8651 -0.4068
vn 0.4477 0.8941 -0.0106
vn 0.4352 0.8498 0.2974
vn 0.2552 0.8075 0.5318
vn -0.0273 0.7246 0.6887
vn -0.3185 0.6772 0.6633
vn -0.7902 -0.5015 0.3523
vn -0.5036 -0.4729 0.7230
vn -0.5660 -0.6070 0.5578
vn -0.7638 -0.6042 0.2268
vn -0.8005 -0.4675 -0.3751
vn -0.1358 -0.5016 -0.8544
vn -0.3990 -0.6044 -0.6896
vn -0.1004 -0.5266 -0.8442
vn 0.4039 -0.4585 -0.7916
vn 0.8356 -0.5142 -0.1935
vn 0.6688 -0.6247 -0.4031
vn 0.7818 -0.6230 -0.0247
vn 0.6691 -0.4724 0.5738
vn 0.2912 -0.4741 0.8309
vn -0.4947 0.4275 0.7566
vn -0.2409 0.8320 0.4998
vn -0.8079 0.4131 0.4204
vn -0.9154 0.3998 0.0463
vn -0.8410 0.4343 -0.3226
vn -0.5873 0.4350 -0.6825
vn -0.2224 0.3940 -0.8918
vn 0.0796 0.4194 -0.9043
vn 0.5098 0.4384 -0.7402
vn 0.8230 0.4088 -0.3944
vn 0.9120 0.4071 0.0504
vn 0.8073 0.3871 0.4455
vn 0.5959 0.4030 0.6946
vn 0.2565 0.3843 0.8869
vn 0.2498 0.2476 -0.9361
vn 0.2499 -0.2476 -0.9361
vn 0.4835 -0.2476 -0.8396
vn 0.4835 0.2476 -0.8396
vn 0.6844 -0.2476 -0.6858
vn 0.6844 0.2476 -0.6858
vn 0.8386 -0.2476 -0.4853
vn 0.8385 0.2476 -0.4853
vn 0.9356 -0.2476 -0.2518
vn 0.9356 0.2476 -0.2518
vn 0.9689 -0.2476 -0.0010
vn 0.9689 0.2476 -0.0010
vn 0.9361 -0.2476 0.2498
vn 0.9361 0.2476 0.2498
vn 0.8396 -0.2476 0.4835
vn 0.8396 0.2476 0.4835
vn 0.6858 -0.2476 0.6844
vn 0.6858 0.2476 0.6844
vn 0.4853 -0.2476 0.8386
vn 0.4853 0.2476 0.8385
vn 0.2518 -0.2476 0.9356
vn 0.2518 0.2476 0.9356
vn 0.0010 -0.2476 0.9689
vn 0.0010 0.2476 0.9689
vn -0.2498 -0.2476 0.9361
vn -0.2498 0.2476 0.9361
vn -0.4835 -0.2476 0.8396
vn -0.4835 0.2476 0.8396
vn -0.6844 -0.2476 0.6858
vn -0.6844 0.2476 0.6858
vn -0.8386 -0.2476 0.4853
vn -0.8385 0.2476 0.4853
vn -0.9356 -0.2476 0.2518
vn -0.9356 0.2476 0.2518
vn -0.9689 -0.2476 0.0010
vn -0.9689 0.2476 0.0010
vn -0.9361 -0.2476 -0.2498
vn -0.9361 0.2476 -0.2498
vn -0.8396 -0.2476 -0.4835
vn -0.8396 0.2476 -0.4835
vn -0.6858 -0.2476 -0.6844
vn -0.6858 0.2476 -0.6844
vn -0.4853 -0.2476 -0.8386
vn -0.4853 0.2476 -0.8385
vn -0.2518 -0.2476 -0.9356
vn -0.2518 0.2476 -0.9356
vn -0.0010 -0.2476 -0.9689
vn -0.0010 0.2476 -0.9689
vn 0.6250 0.4372 -0.6467
vn -0.1463 -0.3747 -0.9155
vn 0.6734 -0.0705 -0.7359
vn 0.7149 0.3833 -0.5848
vn 0.9391 -0.0628 -0.3379
vn 0.8845 0.3944 -0.2492
vn 0.9973 -0.0653 0.0339
vn 0.9159 0.3814 0.1252
vn 0.8811 -0.0656 0.4683
vn 0.8166 0.3909 0.4246
vn 0.5659 0.3746 0.7345
vn 0.2719 -0.0968 0.9574
vn 0.2822 -0.0690 0.9569
vn 0.1387 0.3788 0.9150
vn -0.2296 -0.0650 0.9711
vn -0.1988 0.3909 0.8987
vn -0.5484 0.3698 0.7500
vn -0.8111 -0.0617 0.5816
vn -0.8039 0.3885 0.4503
vn -0.9670 -0.0669 0.2458
vn -0.9138 0.3860 0.1264
vn -0.9822 -0.0628 -0.1769
vn -0.8906 0.3944 -0.2265
vn -0.8467 -0.0653 -0.5280
vn -0.7283 0.3805 -0.5699
vn -0.5365 -0.0705 -0.8409
vn -0.3798 0.3833 -0.8419
vn -0.0834 -0.0628 -0.9945
vn -0.0118 0.3944 -0.9189
vn 0.6778 0.0907 -0.7297
vn -0.1833 -0.6278 -0.7565
vn 0.6038 -0.4130 -0.6818
vn 0.6869 0.0065 -0.7267
vn 0.9249 0.0029 -0.3801
vn 0.8952 -0.4454 0.0146
vn 0.9090 -0.4143 -0.0455
vn 0.9996 0.0065 -0.0282
vn 0.9241 0.0014 0.3822
vn 0.7013 -0.3972 0.5920
vn 0.6209 0.0007 0.7839
vn 0.3165 -0.3980 0.8611
vn 0.1426 0.0022 0.9898
vn -0.2458 -0.4454 0.8609
vn -0.1914 -0.4143 0.8898
vn -0.2315 0.0065 0.9728
vn -0.5995 0.0042 0.8004
vn -0.7467 -0.4102 0.5236
vn -0.8734 0.0037 0.4869
vn -0.8785 -0.4148 0.2372
vn -0.9914 0.0120 0.1303
vn -0.8923 -0.4247 -0.1529
vn -0.9671 0.0053 -0.2543
vn -0.7801 -0.4138 -0.4693
vn -0.7836 0.0069 -0.6212
vn -0.5095 -0.4171 -0.7527
vn -0.4007 0.0087 -0.9162
vn -0.0832 -0.4247 -0.9015
vn -0.0047 0.0053 -1.0000
vn -0.0000 -1.0000 -0.0000
vn -0.0000 1.0000 -0.0000
vn 0.0350 -0.9835 -0.1774
vn 0.1396 -0.9715 -0.1917
vn -0.1192 0.9794 0.1627
vn -0.0366 0.9715 0.2343
vn 0.1247 -0.9798 -0.1564
vn -0.1489 0.9715 0.1846
vn 0.2167 -0.9715 -0.0962
vn -0.1641 0.9831 0.0812
vn 0.1686 -0.9844 -0.0504
vn -0.1739 0.9839 0.0417
vn 0.1804 -0.9835 -0.0122
vn -0.2358 0.9715 0.0253
vn 0.2213 -0.9715 0.0852
vn -0.1735 0.9831 -0.0586
vn 0.1833 -0.9798 0.0800
vn -0.1525 0.9839 -0.0935
vn 0.1490 -0.9715 0.1844
vn -0.1846 0.9715 -0.1489
vn 0.0923 -0.9844 0.1499
vn -0.0813 0.9794 -0.1846
vn 0.0584 -0.9835 0.1711
vn -0.0854 0.9715 -0.2212
vn -0.0250 -0.9715 0.2358
vn 0.0117 0.9831 -0.1827
vn -0.0298 -0.9798 0.1978
vn 0.0509 0.9839 -0.1715
vn -0.1396 -0.9715 0.1917
vn 0.0960 0.9715 -0.2168
vn -0.1247 -0.9798 0.1564
vn 0.1375 0.9831 -0.1209
vn -0.2167 -0.9715 0.0962
vn 0.1572 0.9839 -0.0853
vn -0.1862 -0.9798 0.0731
vn 0.2212 0.9715 -0.0854
vn -0.2358 -0.9715 -0.0250
vn 0.1827 0.9831 0.0117
vn -0.1713 -0.9844 -0.0407
vn 0.1715 0.9839 0.0509
vn -0.1623 -0.9835 -0.0797
vn 0.2168 0.9715 0.0960
vn -0.1490 -0.9715 -0.1844
vn 0.1263 0.9794 0.1573
vn -0.1188 -0.9798 -0.1609
vn 0.1398 0.9715 0.1916
vn -0.0368 -0.9715 -0.2342
vn 0.0360 0.9831 0.1795
vn -0.0050 -0.9844 -0.1759
vn -0.0047 0.9839 0.1788
vn -0.0358 -0.9830 0.1803
vn -0.1394 -0.9714 0.1921
vn 0.1004 0.9835 -0.1504
vn 0.0364 0.9714 -0.2345
vn -0.1265 -0.9793 0.1580
vn 0.1276 0.9844 -0.1210
vn -0.2168 -0.9714 0.0966
vn 0.1915 0.9714 -0.1401
vn -0.1721 -0.9837 0.0514
vn 0.1774 0.9835 -0.0353
vn -0.1834 -0.9830 0.0121
vn 0.1758 0.9844 0.0047
vn -0.2216 -0.9714 -0.0850
vn 0.2345 0.9714 0.0364
vn -0.1854 -0.9793 -0.0813
vn 0.1613 0.9798 0.1185
vn -0.1494 -0.9714 -0.1844
vn 0.1849 0.9714 0.1487
vn -0.1199 -0.9793 -0.1631
vn 0.0804 0.9798 0.1833
vn -0.0372 -0.9714 -0.2344
vn 0.0858 0.9714 0.2213
vn -0.0051 -0.9837 -0.1795
vn -0.0118 0.9835 0.1805
vn 0.0358 -0.9830 -0.1803
vn -0.0500 0.9844 0.1686
vn 0.1394 -0.9714 -0.1921
vn -0.0958 0.9714 0.2171
vn 0.1265 -0.9793 -0.1580
vn -0.1359 0.9835 0.1193
vn 0.2168 -0.9714 -0.0966
vn -0.1546 0.9844 0.0838
vn 0.1886 -0.9793 -0.0736
vn -0.2213 0.9714 0.0857
vn 0.2361 -0.9714 0.0247
vn -0.1805 0.9835 -0.0118
vn 0.1747 -0.9837 0.0415
vn -0.1686 0.9844 -0.0500
vn 0.1649 -0.9830 0.0813
vn -0.2171 0.9714 -0.0958
vn 0.1494 -0.9714 0.1844
vn -0.1251 0.9798 -0.1562
vn 0.1199 -0.9793 0.1631
vn -0.1401 0.9714 -0.1915
vn 0.0372 -0.9714 0.2344
vn -0.0353 0.9835 -0.1774
vn 0.0051 -0.9837 0.1795
vn 0.0047 0.9844 -0.1758
vt 0.745591 0.000000
vt 0.768298 0.140562
vt 0.729884 0.079842
vt 0.822421 0.000000
vt 0.806713 0.140563
vt 0.845128 0.140562
vt 0.899251 0.000000
vt 0.883543 0.079842
vt 0.921958 0.140563
vt 0.000000 0.140563
vt 0.000000 0.000000
vt 0.038415 0.000000
vt 0.038415 0.140563
vt 0.092538 0.000000
vt 0.076830 0.079842
vt 0.115245 0.140563
vt 0.169368 0.000000
vt 0.153660 0.079842
vt 0.192075 0.140563
vt 0.246197 0.000000
vt 0.230489 0.140563
vt 0.268904 0.140563
vt 0.323027 0.000000
vt 0.307319 0.079842
vt 0.345734 0.140562
vt 0.399857 0.000000
vt 0.384149 0.079842
vt 0.422564 0.140562
vt 0.476686 0.000000
vt 0.460979 0.140563
vt 0.499394 0.140562
vt 0.537809 0.000000
vt 0.537809 0.140562
vt 0.591932 0.000000
vt 0.576224 0.079842
vt 0.614639 0.140563
vt 0.668762 0.000000
vt 0.653054 0.140563
vt 0.691469 0.140562
vt 0.729884 0.159683
vt 0.883543 0.159683
vt 0.076830 0.159683
vt 0.153660 0.159683
vt 0.307319 0.159683
vt 0.384149 0.159683
vt 0.576224 0.159683
vt 0.729884 0.258646
vt 0.768298 0.258645
vt 0.806713 0.258645
vt 0.845128 0.258646
vt 0.883543 0.239525
vt 0.921958 0.258645
vt 0.000000 0.258645
vt 0.038415 0.258645
vt 0.076830 0.239525
vt 0.115245 0.258645
vt 0.153660 0.239525
vt 0.192075 0.239525
vt 0.230489 0.258646
vt 0.268904 0.258645
vt 0.307319 0.258646
vt 0.345734 0.258645
vt 0.384149 0.258646
vt 0.422564 0.239525
vt 0.460979 0.258646
vt 0.499394 0.258646
vt 0.537809 0.258646
vt 0.576224 0.239525
vt 0.614639 0.258646
vt 0.653054 0.258645
vt 0.691469 0.258646
vt 0.883543 0.319366
vt 0.076830 0.319366
vt 0.153660 0.319366
vt 0.192075 0.319366
vt 0.422564 0.319366
vt 0.576224 0.319366
vt 0.752591 0.399208
vt 0.806713 0.399208
vt 0.867835 0.399208
vt 0.921958 0.399208
vt 0.000000 0.399208
vt 0.061122 0.399208
vt 0.137952 0.399208
vt 0.192075 0.399208
vt 0.253196 0.399208
vt 0.330026 0.399204
vt 0.406856 0.399201
vt 0.460979 0.399208
vt 0.522102 0.399208
vt 0.598931 0.399208
vt 0.675761 0.399208
vt 0.571328 0.488533
vt 0.589073 0.550913
vt 0.475348 0.427030
vt 0.524769 0.443383
vt 0.373853 0.465613
vt 0.429515 0.432327
vt 0.342291 0.522271
vt 0.339287 0.574240
vt 0.356266 0.617140
vt 0.402825 0.662291
vt 0.465720 0.678114
vt 0.528100 0.660368
vt 0.573251 0.613809
vt 0.276453 0.579776
vt 0.246769 0.637440
vt 0.192229 0.672535
vt 0.127450 0.675660
vt 0.069786 0.645975
vt 0.034691 0.591436
vt 0.027891 0.545802
vt 0.042612 0.495871
vt 0.086209 0.447855
vt 0.128529 0.429477
vt 0.180569 0.430773
vt 0.223490 0.447702
vt 0.259371 0.485416
vt 0.277749 0.527736
vt 0.573096 0.461899
vt 0.570305 0.442998
vt 0.610956 0.510968
vt 0.597412 0.507780
vt 0.526417 0.426497
vt 0.501117 0.404459
vt 0.454857 0.412113
vt 0.437654 0.400793
vt 0.385693 0.435437
vt 0.385267 0.421529
vt 0.347669 0.470798
vt 0.330134 0.478386
vt 0.325555 0.525050
vt 0.310816 0.555192
vt 0.323672 0.576942
vt 0.346397 0.630941
vt 0.332489 0.631367
vt 0.381758 0.668965
vt 0.389346 0.686500
vt 0.436010 0.691079
vt 0.466152 0.705818
vt 0.508854 0.686451
vt 0.528401 0.692934
vt 0.569625 0.646022
vt 0.573636 0.659346
vt 0.602039 0.580624
vt 0.612175 0.590157
vt 0.290044 0.623239
vt 0.262840 0.642877
vt 0.293089 0.576449
vt 0.256513 0.668515
vt 0.200688 0.698921
vt 0.203429 0.685280
vt 0.144961 0.707226
vt 0.145682 0.695155
vt 0.083987 0.689252
vt 0.095572 0.681544
vt 0.025350 0.636016
vt 0.039237 0.635133
vt 0.002906 0.584337
vt 0.014752 0.581909
vt 0.004486 0.520789
vt 0.014930 0.529984
vt 0.040752 0.450408
vt 0.045305 0.463627
vt 0.107371 0.407621
vt 0.104786 0.421556
vt 0.163057 0.399207
vt 0.177242 0.414137
vt 0.224032 0.417181
vt 0.232191 0.434457
vt 0.282668 0.470418
vt 0.268782 0.471300
vt 0.306831 0.545840
vt 0.293267 0.524523
vt 0.000000 0.756475
vt 0.000000 0.717896
vt 0.041667 0.717896
vt 0.041667 0.756475
vt 0.083333 0.717896
vt 0.083333 0.756475
vt 0.125000 0.717896
vt 0.125000 0.756475
vt 0.166666 0.717896
vt 0.166666 0.756475
vt 0.208333 0.717896
vt 0.208333 0.756475
vt 0.250000 0.717896
vt 0.250000 0.756475
vt 0.291666 0.717896
vt 0.291666 0.756475
vt 0.333333 0.717896
vt 0.333333 0.756475
vt 0.374999 0.717896
vt 0.374999 0.756475
vt 0.416666 0.717896
vt 0.416666 0.756475
vt 0.458333 0.717896
vt 0.458333 0.756475
vt 0.499999 0.717896
vt 0.499999 0.756475
vt 0.541666 0.717896
vt 0.541666 0.756475
vt 0.583333 0.717896
vt 0.583333 0.756475
vt 0.624999 0.717896
vt 0.624999 0.756475
vt 0.666666 0.717896
vt 0.666666 0.756475
vt 0.708333 0.717896
vt 0.708333 0.756475
vt 0.750000 0.717896
vt 0.750000 0.756475
vt 0.791666 0.717896
vt 0.791666 0.756475
vt 0.833333 0.717896
vt 0.833333 0.756475
vt 0.875000 0.717896
vt 0.875000 0.756475
vt 0.916667 0.717896
vt 0.916667 0.756475
vt 0.958333 0.717896
vt 0.958333 0.756475
vt 1.000000 0.717896
vt 1.000000 0.756475
vt 0.022701 0.878038
vt 0.015983 0.843205
vt 0.093361 0.843205
vt 0.100079 0.878038
vt 0.154756 0.843205
vt 0.154756 0.878038
vt 0.209428 0.843205
vt 0.216146 0.878038
vt 0.286806 0.843205
vt 0.270823 0.878038
vt 0.332213 0.878038
vt 0.348201 0.843205
vt 0.402873 0.843205
vt 0.409591 0.878038
vt 0.480252 0.843205
vt 0.464268 0.878038
vt 0.525659 0.878038
vt 0.557630 0.843205
vt 0.580336 0.878038
vt 0.635008 0.843205
vt 0.641726 0.878038
vt 0.696403 0.843205
vt 0.696403 0.878038
vt 0.751076 0.843205
vt 0.757794 0.878038
vt 0.828454 0.843205
vt 0.835172 0.878038
vt 0.889849 0.843205
vt 0.889849 0.878038
vt 0.928538 0.843205
vt 0.928538 0.878038
vt 0.020446 0.820771
vt 0.014406 0.779689
vt 0.084099 0.779689
vt 0.069693 0.820771
vt 0.124985 0.820771
vt 0.139385 0.779689
vt 0.188638 0.779689
vt 0.174231 0.820771
vt 0.229524 0.820771
vt 0.258330 0.779689
vt 0.299217 0.820771
vt 0.328023 0.779689
vt 0.368909 0.820771
vt 0.383309 0.779689
vt 0.432562 0.779689
vt 0.418156 0.820771
vt 0.473448 0.820771
vt 0.502255 0.779689
vt 0.522695 0.820771
vt 0.571947 0.779689
vt 0.577987 0.820771
vt 0.627234 0.779689
vt 0.627234 0.820771
vt 0.676486 0.779689
vt 0.682527 0.820771
vt 0.746180 0.779689
vt 0.752220 0.820771
vt 0.801466 0.779689
vt 0.801466 0.820771
vt 0.836312 0.779689
vt 0.836312 0.820771
vt 0.000000 0.707224
vt 0.041667 0.707224
vt 0.041667 0.768669
vt 0.000000 0.768669
vt 0.083333 0.707224
vt 0.083333 0.768669
vt 0.125000 0.707224
vt 0.125000 0.768669
vt 0.166666 0.707224
vt 0.166666 0.768669
vt 0.208333 0.707224
vt 0.208333 0.768669
vt 0.250000 0.707224
vt 0.250000 0.768669
vt 0.291666 0.707224
vt 0.291666 0.768669
vt 0.333333 0.707224
vt 0.333333 0.768669
vt 0.374999 0.707224
vt 0.374999 0.768669
vt 0.416666 0.707224
vt 0.416666 0.768669
vt 0.458333 0.707224
vt 0.458333 0.768669
vt 0.499999 0.707224
vt 0.499999 0.768669
vt 0.541666 0.707224
vt 0.541666 0.768669
vt 0.583333 0.707224
vt 0.583333 0.768669
vt 0.624999 0.707224
vt 0.624999 0.768669
vt 0.666666 0.707224
vt 0.666666 0.768669
vt 0.708333 0.707224
vt 0.708333 0.768669
vt 0.750000 0.707224
vt 0.750000 0.768669
vt 0.791666 0.707224
vt 0.791666 0.768669
vt 0.833333 0.707224
vt 0.833333 0.768669
vt 0.875000 0.707224
vt 0.875000 0.768669
vt 0.916667 0.707224
vt 0.916667 0.768669
vt 0.958333 0.707224
vt 0.958333 0.768669
vt 1.000000 0.707224
vt 1.000000 0.768669
vt 0.000000 0.832182
vt 0.038689 0.832182
vt 0.038689 0.887660
vt 0.000000 0.887660
vt 0.077378 0.832182
vt 0.077378 0.887660
vt 0.116067 0.832182
vt 0.116067 0.887660
vt 0.154756 0.832182
vt 0.154756 0.887660
vt 0.193445 0.832182
vt 0.193445 0.887660
vt 0.232134 0.832182
vt 0.232134 0.887660
vt 0.270823 0.832182
vt 0.270823 0.887660
vt 0.309512 0.832182
vt 0.309512 0.887660
vt 0.348201 0.832182
vt 0.348201 0.887660
vt 0.386890 0.832182
vt 0.386890 0.887660
vt 0.425579 0.832182
vt 0.425579 0.887660
vt 0.464268 0.832182
vt 0.464268 0.887660
vt 0.502958 0.832182
vt 0.502958 0.887660
vt 0.541647 0.832182
vt 0.541647 0.887660
vt 0.580336 0.832182
vt 0.580336 0.887660
vt 0.619025 0.832182
vt 0.619025 0.887660
vt 0.657714 0.832182
vt 0.657714 0.887660
vt 0.696403 0.832182
vt 0.696403 0.887660
vt 0.735093 0.832182
vt 0.735093 0.887660
vt 0.773782 0.832182
vt 0.773782 0.887660
vt 0.812471 0.832182
vt 0.812471 0.887660
vt 0.851160 0.832182
vt 0.851160 0.887660
vt 0.889849 0.832182
vt 0.889849 0.887660
vt 0.928538 0.832182
vt 0.928538 0.887660
vt 0.034846 0.768669
vt 0.034846 0.832182
vt 0.069693 0.768669
vt 0.069693 0.832182
vt 0.104539 0.768669
vt 0.104539 0.832182
vt 0.139385 0.768669
vt 0.139385 0.832182
vt 0.174231 0.768669
vt 0.174231 0.832182
vt 0.209078 0.768669
vt 0.209078 0.832182
vt 0.243924 0.768669
vt 0.243924 0.832182
vt 0.278770 0.768669
vt 0.278770 0.832182
vt 0.313617 0.768669
vt 0.313617 0.832182
vt 0.348463 0.768669
vt 0.348463 0.832182
vt 0.383309 0.768669
vt 0.383309 0.832182
vt 0.418156 0.768669
vt 0.418156 0.832182
vt 0.453002 0.768669
vt 0.453002 0.832182
vt 0.487848 0.768669
vt 0.487848 0.832182
vt 0.522695 0.768669
vt 0.522695 0.832182
vt 0.557541 0.768669
vt 0.557541 0.832182
vt 0.592387 0.768669
vt 0.592387 0.832182
vt 0.627234 0.768669
vt 0.627234 0.832182
vt 0.662080 0.768669
vt 0.662080 0.832182
vt 0.696927 0.768669
vt 0.696927 0.832182
vt 0.731773 0.768669
vt 0.731773 0.832182
vt 0.766620 0.768669
vt 0.766620 0.832182
vt 0.801466 0.768669
vt 0.801466 0.832182
vt 0.836312 0.768669
vt 0.836312 0.832182
s 1
usemtl barrel_low_initialShadingGroup
f 2359/2605/2083 2361/2607/2085 2360/2606/2084
f 2360/2606/2084 2362/2608/2086 2359/2605/2083
f 2362/2608/2086 2360/2606/2084 2363/2609/2087
f 2362/2608/2086 2363/2609/2087 2364/2610/2088
f 2364/2610/2088 2365/2611/2089 2362/2608/2086
f 2365/2611/2089 2364/2610/2088 2366/2612/2090
f 2365/2611/2089 2366/2612/2090 2367/2613/2091
f 2367/2614/2091 2368/2616/2092 2365/2615/2089
f 2368/2616/2092 2367/2614/2091 2369/2617/2093
f 2369/2617/2093 2370/2618/2094 2368/2616/2092
f 2370/2618/2094 2369/2617/2093 2371/2619/2095
f 2370/2618/2094 2371/2619/2095 2372/2620/2096
f 2372/2620/2096 2373/2621/2097 2370/2618/2094
f 2373/2621/2097 2372/2620/2096 2374/2622/2098
f 2373/2621/2097 2374/2622/2098 2375/2623/2099
f 2375/2623/2099 2376/2624/2100 2373/2621/2097
f 2376/2624/2100 2375/2623/2099 2377/2625/2101
f 2376/2624/2100 2377/2625/2101 2378/2626/2102
f 2378/2626/2102 2379/2627/2103 2376/2624/2100
f 2379/2627/2103 2378/2626/2102 2380/2628/2104
f 2379/2627/2103 2380/2628/2104 2381/2629/2105
f 2381/2629/2105 2382/2630/2106 2379/2627/2103
f 2382/2630/2106 2381/2629/2105 2383/2631/2107
f 2382/2630/2106 2383/2631/2107 2384/2632/2108
f 2384/2632/2108 2385/2633/2109 2382/2630/2106
f 2385/2633/2109 2384/2632/2108 2386/2634/2110
f 2385/2633/2109 2386/2634/2110 2387/2635/2111
f 2387/2635/2111 2388/2636/2112 2385/2633/2109
f 2388/2636/2112 2387/2635/2111 2389/2637/2113
f 2389/2637/2113 2390/2638/2114 2388/2636/2112
f 2390/2638/2114 2389/2637/2113 2391/2639/2115
f 2390/2638/2114 2391/2639/2115 2392/2640/2116
f 2392/2640/2116 2393/2641/2117 2390/2638/2114
f 2393/2641/2117 2392/2640/2116 2394/2642/2118
f 2393/2641/2117 2394/2642/2118 2395/2643/2119
f 2395/2643/2119 2359/2605/2083 2393/2641/2117
f 2359/2605/2083 2395/2643/2119 2361/2607/2085
f 2396/2644/2120 2360/2606/2084 2361/2607/2085
f 2366/2612/2090 2364/2610/2088 2397/2645/2121
f 2397/2645/2121 2367/2613/2091 2366/2612/2090
f 2371/2619/2095 2369/2617/2093 2398/2646/2122
f 2398/2646/2122 2372/2620/2096 2371/2619/2095
f 2374/2622/2098 2372/2620/2096 2399/2647/2123
f 2399/2647/2123 2375/2623/2099 2374/2622/2098
f 2380/2628/2104 2378/2626/2102 2400/2648/2124
f 2400/2648/2124 2381/2629/2105 2380/2628/2104
f 2383/2631/2107 2381/2629/2105 2401/2649/2125
f 2401/2649/2125 2384/2632/2108 2383/2631/2107
f 2391/2639/2115 2389/2637/2113 2402/2650/2126
f 2402/2650/2126 2392/2640/2116 2391/2639/2115
f 2361/2607/2085 2395/2643/2119 2396/2644/2120
f 2404/2651/2127 2360/2606/2084 2396/2644/2120
f 2360/2606/2084 2404/2651/2127 2403/2652/2128
f 2403/2652/2128 2363/2609/2087 2360/2606/2084
f 2363/2609/2087 2403/2652/2128 2405/2653/2129
f 2405/2653/2129 2364/2610/2088 2363/2609/2087
f 2364/2610/2088 2405/2653/2129 2406/2654/2130
f 2406/2654/2130 2397/2645/2121 2364/2610/2088
f 2397/2645/2121 2406/2654/2130 2407/2655/2131
f 2407/2655/2131 2367/2613/2091 2397/2645/2121
f 2367/2613/2091 2407/2655/2131 2408/2656/2132
f 2408/2657/2132 2369/2617/2093 2367/2614/2091
f 2369/2617/2093 2408/2657/2132 2409/2658/2133
f 2409/2658/2133 2398/2646/2122 2369/2617/2093
f 2398/2646/2122 2409/2658/2133 2410/2659/2134
f 2410/2659/2134 2372/2620/2096 2398/2646/2122
f 2372/2620/2096 2410/2659/2134 2411/2660/2135
f 2411/2660/2135 2399/2647/2123 2372/2620/2096
f 2399/2647/2123 2411/2660/2135 2412/2661/2136
f 2412/2661/2136 2375/2623/2099 2399/2647/2123
f 2375/2623/2099 2412/2661/2136 2413/2662/2137
f 2413/2662/2137 2377/2625/2101 2375/2623/2099
f 2377/2625/2101 2413/2662/2137 2414/2663/2138
f 2414/2663/2138 2378/2626/2102 2377/2625/2101
f 2378/2626/2102 2414/2663/2138 2415/2664/2139
f 2415/2664/2139 2400/2648/2124 2378/2626/2102
f 2400/2648/2124 2415/2664/2139 2416/2665/2140
f 2416/2665/2140 2381/2629/2105 2400/2648/2124
f 2381/2629/2105 2416/2665/2140 2417/2666/2141
f 2417/2666/2141 2401/2649/2125 2381/2629/2105
f 2401/2649/2125 2417/2666/2141 2418/2667/2142
f 2418/2667/2142 2384/2632/2108 2401/2649/2125
f 2384/2632/2108 2418/2667/2142 2419/2668/2143
f 2419/2668/2143 2386/2634/2110 2384/2632/2108
f 2386/2634/2110 2419/2668/2143 2420/2669/2144
f 2420/2669/2144 2387/2635/2111 2386/2634/2110
f 2387/2635/2111 2420/2669/2144 2421/2670/2145
f 2421/2670/2145 2389/2637/2113 2387/2635/2111
f 2389/2637/2113 2421/2670/2145 2422/2671/2146
f 2422/2671/2146 2402/2650/2126 2389/2637/2113
f 2402/2650/2126 2422/2671/2146 2423/2672/2147
f 2423/2672/2147 2392/2640/2116 2402/2650/2126
f 2392/2640/2116 2423/2672/2147 2424/2673/2148
f 2424/2673/2148 2394/2642/2118 2392/2640/2116
f 2394/2642/2118 2424/2673/2148 2425/2674/2149
f 2425/2674/2149 2395/2643/2119 2394/2642/2118
f 2395/2643/2119 2425/2674/2149 2426/2675/2150
f 2426/2675/2150 2396/2644/2120 2395/2643/2119
f 2396/2644/2120 2426/2675/2150 2404/2651/2127
f 2407/2655/2131 2406/2654/2130 2427/2676/2151
f 2427/2676/2151 2408/2656/2132 2407/2655/2131
f 2410/2659/2134 2409/2658/2133 2428/2677/2152
f 2428/2677/2152 2411/2660/2135 2410/2659/2134
f 2412/2661/2136 2411/2660/2135 2429/2678/2153
f 2429/2678/2153 2413/2662/2137 2412/2661/2136
f 2413/2662/2137 2429/2678/2153 2430/2679/2154
f 2430/2679/2154 2414/2663/2138 2413/2662/2137
f 2419/2668/2143 2418/2667/2142 2431/2680/2155
f 2431/2680/2155 2420/2669/2144 2419/2668/2143
f 2423/2672/2147 2422/2671/2146 2432/2681/2156
f 2432/2681/2156 2424/2673/2148 2423/2672/2147
f 2433/2682/2157 2403/2652/2128 2404/2651/2127
f 2433/2682/2157 2405/2653/2129 2403/2652/2128
f 2405/2653/2129 2433/2682/2157 2434/2683/2158
f 2434/2683/2158 2406/2654/2130 2405/2653/2129
f 2406/2654/2130 2434/2683/2158 2435/2684/2159
f 2435/2684/2159 2427/2676/2151 2406/2654/2130
f 2435/2684/2159 2408/2656/2132 2427/2676/2151
f 2408/2656/2132 2435/2684/2159 2436/2685/2160
f 2436/2686/2160 2409/2658/2133 2408/2657/2132
f 2409/2658/2133 2436/2686/2160 2437/2687/2161
f 2437/2687/2161 2428/2677/2152 2409/2658/2133
f 2437/2687/2161 2411/2660/2135 2428/2677/2152
f 2411/2660/2135 2437/2687/2161 2438/2688/2162
f 2438/2688/2162 2429/2678/2153 2411/2660/2135
f 2438/2688/2162 2430/2679/2154 2429/2678/2153
f 2430/2679/2154 2438/2688/2162 2439/2689/2163
f 2439/2689/2163 2414/2663/2138 2430/2679/2154
f 2414/2663/2138 2439/2689/2163 2440/2690/2164
f 2440/2690/2164 2415/2664/2139 2414/2663/2138
f 2440/2690/2164 2416/2665/2140 2415/2664/2139
f 2416/2665/2140 2440/2690/2164 2441/2691/2165
f 2441/2691/2165 2417/2666/2141 2416/2665/2140
f 2441/2691/2165 2418/2667/2142 2417/2666/2141
f 2418/2667/2142 2441/2691/2165 2442/2692/2166
f 2442/2692/2166 2431/2680/2155 2418/2667/2142
f 2442/2692/2166 2420/2669/2144 2431/2680/2155
f 2420/2669/2144 2442/2692/2166 2443/2693/2167
f 2443/2693/2167 2421/2670/2145 2420/2669/2144
f 2421/2670/2145 2443/2693/2167 2444/2694/2168
f 2444/2694/2168 2422/2671/2146 2421/2670/2145
f 2444/2694/2168 2432/2681/2156 2422/2671/2146
f 2432/2681/2156 2444/2694/2168 2445/2695/2169
f 2445/2695/2169 2424/2673/2148 2432/2681/2156
f 2445/2695/2169 2425/2674/2149 2424/2673/2148
f 2425/2674/2149 2445/2695/2169 2446/2696/2170
f 2446/2696/2170 2426/2675/2150 2425/2674/2149
f 2446/2696/2170 2404/2651/2127 2426/2675/2150
f 2404/2651/2127 2446/2696/2170 2433/2682/2157
f 2447/2697/2171 2449/2699/2173 2448/2698/2172
f 2450/2700/2174 2449/2699/2173 2447/2697/2171
f 2452/2701/2175 2449/2699/2173 2451/2702/2176
f 2453/2703/2177 2449/2699/2173 2452/2701/2175
f 2454/2704/2178 2449/2699/2173 2453/2703/2177
f 2455/2705/2179 2449/2699/2173 2454/2704/2178
f 2456/2706/2180 2449/2699/2173 2455/2705/2179
f 2457/2707/2181 2449/2699/2173 2456/2706/2180
f 2458/2708/2182 2449/2699/2173 2457/2707/2181
f 2459/2709/2183 2449/2699/2173 2458/2708/2182
f 2448/2698/2172 2449/2699/2173 2459/2709/2183
f 2460/2710/2184 2462/2712/2186 2461/2711/2185
f 2463/2713/2187 2462/2712/2186 2464/2714/2188
f 2464/2714/2188 2462/2712/2186 2465/2715/2189
f 2465/2715/2189 2462/2712/2186 2466/2716/2190
f 2466/2716/2190 2462/2712/2186 2467/2717/2191
f 2467/2717/2191 2462/2712/2186 2468/2718/2192
f 2468/2718/2192 2462/2712/2186 2469/2719/2193
f 2469/2719/2193 2462/2712/2186 2470/2720/2194
f 2470/2720/2194 2462/2712/2186 2471/2721/2195
f 2471/2721/2195 2462/2712/2186 2472/2722/2196
f 2472/2722/2196 2462/2712/2186 2473/2723/2197
f 2473/2723/2197 2462/2712/2186 2460/2710/2184
f 2475/2724/2198 2359/2726/2083 2362/2725/2086
f 2359/2726/2083 2475/2724/2198 2474/2727/2199
f 2362/2725/2086 2476/2728/2200 2475/2724/2198
f 2476/2728/2200 2362/2725/2086 2365/2729/2089
f 2365/2729/2089 2477/2730/2201 2476/2728/2200
f 2477/2730/2201 2365/2729/2089 2368/2731/2092
f 2478/2732/2202 2368/2731/2092 2370/2733/2094
f 2368/2731/2092 2478/2732/2202 2477/2730/2201
f 2479/2734/2203 2370/2733/2094 2373/2735/2097
f 2370/2733/2094 2479/2734/2203 2478/2732/2202
f 2373/2735/2097 2480/2736/2204 2479/2734/2203
f 2480/2736/2204 2373/2735/2097 2376/2737/2100
f 2376/2737/2100 2481/2738/2205 2480/2736/2204
f 2482/2739/2206 2376/2737/2100 2379/2740/2103
f 2376/2737/2100 2482/2739/2206 2481/2738/2205
f 2483/2741/2207 2379/2740/2103 2382/2742/2106
f 2379/2740/2103 2483/2741/2207 2482/2739/2206
f 2382/2742/2106 2484/2743/2208 2483/2741/2207
f 2484/2743/2208 2382/2742/2106 2385/2744/2109
f 2385/2744/2109 2485/2745/2209 2484/2743/2208
f 2485/2745/2209 2385/2744/2109 2388/2746/2112
f 2486/2747/2210 2388/2746/2112 2390/2748/2114
f 2388/2746/2112 2486/2747/2210 2485/2745/2209
f 2487/2749/2211 2390/2748/2114 2393/2750/2117
f 2390/2748/2114 2487/2749/2211 2486/2747/2210
f 2474/2727/2199 2393/2750/2117 2359/2726/2083
f 2393/2750/2117 2474/2727/2199 2487/2749/2211
f 2433/2751/2157 2489/2753/2213 2488/2752/2212
f 2488/2752/2212 2434/2754/2158 2433/2751/2157
f 2488/2752/2212 2435/2755/2159 2434/2754/2158
f 2435/2755/2159 2488/2752/2212 2490/2756/2214
f 2490/2756/2214 2436/2757/2160 2435/2755/2159
f 2436/2757/2160 2490/2756/2214 2491/2758/2215
f 2491/2758/2215 2437/2759/2161 2436/2757/2160
f 2437/2759/2161 2491/2758/2215 2492/2760/2216
f 2492/2760/2216 2438/2761/2162 2437/2759/2161
f 2438/2761/2162 2492/2760/2216 2493/2762/2217
f 2493/2762/2217 2439/2763/2163 2438/2761/2162
f 2439/2763/2163 2493/2762/2217 2494/2764/2218
f 2494/2764/2218 2440/2765/2164 2439/2763/2163
f 2440/2765/2164 2494/2764/2218 2495/2766/2219
f 2495/2766/2219 2441/2767/2165 2440/2765/2164
f 2441/2767/2165 2495/2766/2219 2496/2768/2220
f 2496/2768/2220 2442/2769/2166 2441/2767/2165
f 2442/2769/2166 2496/2768/2220 2497/2770/2221
f 2497/2770/2221 2443/2771/2167 2442/2769/2166
f 2443/2771/2167 2497/2770/2221 2498/2772/2222
f 2498/2772/2222 2444/2773/2168 2443/2771/2167
f 2444/2773/2168 2498/2772/2222 2499/2774/2223
f 2499/2774/2223 2445/2775/2169 2444/2773/2168
f 2445/2775/2169 2499/2774/2223 2500/2776/2224
f 2500/2776/2224 2446/2777/2170 2445/2775/2169
f 2446/2777/2170 2500/2776/2224 2501/2778/2225
f 2446/2777/2170 2501/2778/2225 2489/2753/2213
f 2489/2753/2213 2433/2751/2157 2446/2777/2170
f 2474/2727/2199 2447/2697/2171 2448/2698/2172
f 2447/2697/2171 2474/2727/2199 2475/2724/2198
f 2450/2700/2174 2475/2724/2198 2476/2728/2200
f 2475/2724/2198 2450/2700/2174 2447/2697/2171
f 2449/2699/2173 2476/2728/2200 2477/2730/2201
f 2476/2728/2200 2449/2699/2173 2450/2700/2174
f 2477/2730/2201 2451/2702/2176 2449/2699/2173
f 2451/2702/2176 2477/2730/2201 2478/2732/2202
f 2478/2732/2202 2452/2701/2175 2451/2702/2176
f 2452/2701/2175 2478/2732/2202 2479/2734/2203
f 2453/2703/2177 2479/2734/2203 2480/2736/2204
f 2479/2734/2203 2453/2703/2177 2452/2701/2175
f 2454/2704/2178 2480/2736/2204 2481/2738/2205
f 2480/2736/2204 2454/2704/2178 2453/2703/2177
f 2455/2705/2179 2481/2738/2205 2482/2739/2206
f 2481/2738/2205 2455/2705/2179 2454/2704/2178
f 2456/2706/2180 2482/2739/2206 2483/2741/2207
f 2482/2739/2206 2456/2706/2180 2455/2705/2179
f 2456/2706/2180 2483/2741/2207 2484/2743/2208
f 2484/2743/2208 2457/2707/2181 2456/2706/2180
f 2457/2707/2181 2484/2743/2208 2485/2745/2209
f 2485/2745/2209 2458/2708/2182 2457/2707/2181
f 2458/2708/2182 2485/2745/2209 2486/2747/2210
f 2486/2747/2210 2459/2709/2183 2458/2708/2182
f 2459/2709/2183 2486/2747/2210 2487/2749/2211
f 2487/2749/2211 2448/2698/2172 2459/2709/2183
f 2448/2698/2172 2487/2749/2211 2474/2727/2199
f 2460/2710/2184 2488/2752/2212 2489/2753/2213
f 2488/2752/2212 2460/2710/2184 2461/2711/2185
f 2461/2711/2185 2490/2756/2214 2488/2752/2212
f 2490/2756/2214 2461/2711/2185 2462/2712/2186
f 2462/2712/2186 2491/2758/2215 2490/2756/2214
f 2491/2758/2215 2462/2712/2186 2463/2713/2187
f 2463/2713/2187 2492/2760/2216 2491/2758/2215
f 2492/2760/2216 2463/2713/2187 2464/2714/2188
f 2464/2714/2188 2493/2762/2217 2492/2760/2216
f 2493/2762/2217 2464/2714/2188 2465/2715/2189
f 2465/2715/2189 2494/2764/2218 2493/2762/2217
f 2465/2715/2189 2495/2766/2219 2494/2764/2218
f 2495/2766/2219 2465/2715/2189 2466/2716/2190
f 2495/2766/2219 2466/2716/2190 2467/2717/2191
f 2467/2717/2191 2496/2768/2220 2495/2766/2219
f 2496/2768/2220 2467/2717/2191 2468/2718/2192
f 2468/2718/2192 2497/2770/2221 2496/2768/2220
f 2497/2770/2221 2468/2718/2192 2469/2719/2193
f 2469/2719/2193 2498/2772/2222 2497/2770/2221
f 2498/2772/2222 2469/2719/2193 2470/2720/2194
f 2470/2720/2194 2499/2774/2223 2498/2772/2222
f 2499/2774/2223 2470/2720/2194 2471/2721/2195
f 2471/2721/2195 2500/2776/2224 2499/2774/2223
f 2500/2776/2224 2471/2721/2195 2472/2722/2196
f 2472/2722/2196 2501/2778/2225 2500/2776/2224
f 2501/2778/2225 2472/2722/2196 2473/2723/2197
f 2473/2723/2197 2489/2753/2213 2501/2778/2225
f 2489/2753/2213 2473/2723/2197 2460/2710/2184
f 2505/2779/2226 2503/2781/2228 2502/2780/2227
f 2503/2781/2228 2505/2779/2226 2504/2782/2229
f 2504/2782/2229 2506/2783/2230 2503/2781/2228
f 2506/2783/2230 2504/2782/2229 2507/2784/2231
f 2507/2784/2231 2508/2785/2232 2506/2783/2230
f 2508/2785/2232 2507/2784/2231 2509/2786/2233
f 2509/2786/2233 2510/2787/2234 2508/2785/2232
f 2510/2787/2234 2509/2786/2233 2511/2788/2235
f 2511/2788/2235 2512/2789/2236 2510/2787/2234
f 2512/2789/2236 2511/2788/2235 2513/2790/2237
f 2513/2790/2237 2514/2791/2238 2512/2789/2236
f 2514/2791/2238 2513/2790/2237 2515/2792/2239
f 2515/2792/2239 2516/2793/2240 2514/2791/2238
f 2516/2793/2240 2515/2792/2239 2517/2794/2241
f 2517/2794/2241 2518/2795/2242 2516/2793/2240
f 2518/2795/2242 2517/2794/2241 2519/2796/2243
f 2519/2796/2243 2520/2797/2244 2518/2795/2242
f 2520/2797/2244 2519/2796/2243 2521/2798/2245
f 2521/2798/2245 2522/2799/2246 2520/2797/2244
f 2522/2799/2246 2521/2798/2245 2523/2800/2247
f 2523/2800/2247 2524/2801/2248 2522/2799/2246
f 2524/2801/2248 2523/2800/2247 2525/2802/2249
f 2525/2802/2249 2526/2803/2250 2524/2801/2248
f 2526/2803/2250 2525/2802/2249 2527/2804/2251
f 2527/2804/2251 2528/2805/2252 2526/2803/2250
f 2528/2805/2252 2527/2804/2251 2529/2806/2253
f 2529/2806/2253 2530/2807/2254 2528/2805/2252
f 2530/2807/2254 2529/2806/2253 2531/2808/2255
f 2531/2808/2255 2532/2809/2256 2530/2807/2254
f 2532/2809/2256 2531/2808/2255 2533/2810/2257
f 2533/2810/2257 2534/2811/2258 2532/2809/2256
f 2534/2811/2258 2533/2810/2257 2535/2812/2259
f 2535/2812/2259 2536/2813/2260 2534/2811/2258
f 2536/2813/2260 2535/2812/2259 2537/2814/2261
f 2537/2814/2261 2538/2815/2262 2536/2813/2260
f 2538/2815/2262 2537/2814/2261 2539/2816/2263
f 2539/2816/2263 2540/2817/2264 2538/2815/2262
f 2540/2817/2264 2539/2816/2263 2541/2818/2265
f 2541/2818/2265 2542/2819/2266 2540/2817/2264
f 2542/2819/2266 2541/2818/2265 2543/2820/2267
f 2543/2820/2267 2544/2821/2268 2542/2819/2266
f 2544/2821/2268 2543/2820/2267 2545/2822/2269
f 2545/2822/2269 2546/2823/2270 2544/2821/2268
f 2546/2823/2270 2545/2822/2269 2547/2824/2271
f 2547/2824/2271 2548/2825/2272 2546/2823/2270
f 2548/2825/2272 2547/2824/2271 2549/2826/2273
f 2549/2826/2273 2502/2827/2227 2548/2825/2272
f 2502/2827/2227 2549/2826/2273 2505/2828/2226
f 2551/2829/2274 2552/2831/2276 2550/2830/2275
f 2552/2831/2276 2551/2829/2274 2553/2832/2277
f 2553/2832/2277 2554/2833/2278 2552/2831/2276
f 2554/2833/2278 2553/2832/2277 2555/2834/2279
f 2555/2834/2279 2556/2835/2280 2554/2833/2278
f 2556/2835/2280 2555/2834/2279 2557/2836/2281
f 2557/2836/2281 2558/2837/2282 2556/2835/2280
f 2558/2837/2282 2557/2836/2281 2559/2838/2283
f 2558/2837/2282 2559/2838/2283 2560/2839/2284
f 2560/2839/2284 2561/2840/2285 2558/2837/2282
f 2560/2839/2284 2562/2841/2286 2561/2840/2285
f 2562/2841/2286 2560/2839/2284 2563/2842/2287
f 2563/2842/2287 2564/2843/2288 2562/2841/2286
f 2564/2843/2288 2563/2842/2287 2565/2844/2289
f 2564/2843/2288 2565/2844/2289 2566/2845/2290
f 2566/2845/2290 2567/2846/2291 2564/2843/2288
f 2567/2846/2291 2566/2845/2290 2568/2847/2292
f 2568/2847/2292 2569/2848/2293 2567/2846/2291
f 2569/2848/2293 2568/2847/2292 2570/2849/2294
f 2570/2849/2294 2571/2850/2295 2569/2848/2293
f 2571/2850/2295 2570/2849/2294 2572/2851/2296
f 2572/2851/2296 2573/2852/2297 2571/2850/2295
f 2573/2852/2297 2572/2851/2296 2574/2853/2298
f 2574/2853/2298 2575/2854/2299 2573/2852/2297
f 2575/2854/2299 2574/2853/2298 2576/2855/2300
f 2576/2855/2300 2577/2856/2301 2575/2854/2299
f 2577/2856/2301 2576/2855/2300 2578/2857/2302
f 2578/2857/2302 2550/2858/2275 2577/2856/2301
f 2550/2858/2275 2578/2857/2302 2551/2859/2274
f 2580/2860/2303 2581/2862/2305 2579/2861/2304
f 2581/2862/2305 2580/2860/2303 2582/2863/2306
f 2581/2862/2305 2582/2863/2306 2583/2864/2307
f 2583/2864/2307 2584/2865/2308 2581/2862/2305
f 2583/2864/2307 2585/2866/2309 2584/2865/2308
f 2585/2866/2309 2583/2864/2307 2586/2867/2310
f 2585/2866/2309 2586/2867/2310 2587/2868/2311
f 2587/2868/2311 2588/2869/2312 2585/2866/2309
f 2588/2869/2312 2587/2868/2311 2589/2870/2313
f 2589/2870/2313 2590/2871/2314 2588/2869/2312
f 2590/2871/2314 2589/2870/2313 2591/2872/2315
f 2591/2872/2315 2592/2873/2316 2590/2871/2314
f 2591/2872/2315 2593/2874/2317 2592/2873/2316
f 2593/2874/2317 2591/2872/2315 2594/2875/2318
f 2593/2874/2317 2594/2875/2318 2595/2876/2319
f 2595/2876/2319 2596/2877/2320 2593/2874/2317
f 2596/2877/2320 2595/2876/2319 2597/2878/2321
f 2597/2878/2321 2598/2879/2322 2596/2877/2320
f 2598/2879/2322 2597/2878/2321 2599/2880/2323
f 2599/2880/2323 2600/2881/2324 2598/2879/2322
f 2600/2881/2324 2599/2880/2323 2601/2882/2325
f 2601/2882/2325 2602/2883/2326 2600/2881/2324
f 2602/2883/2326 2601/2882/2325 2603/2884/2327
f 2603/2884/2327 2604/2885/2328 2602/2883/2326
f 2604/2885/2328 2603/2884/2327 2605/2886/2329
f 2605/2886/2329 2606/2887/2330 2604/2885/2328
f 2606/2887/2330 2605/2886/2329 2607/2888/2331
f 2607/2888/2331 2579/2889/2304 2606/2887/2330
f 2579/2889/2304 2607/2888/2331 2580/2890/2303
f 2502/2780/2227 2609/2892/2332 2608/2891/2332
f 2609/2892/2332 2502/2780/2227 2503/2781/2228
f 2504/2782/2229 2611/2894/2333 2610/2893/2333
f 2611/2894/2333 2504/2782/2229 2505/2779/2226
f 2503/2781/2228 2612/2895/2332 2609/2892/2332
f 2612/2895/2332 2503/2781/2228 2506/2783/2230
f 2507/2784/2231 2610/2893/2333 2613/2896/2333
f 2610/2893/2333 2507/2784/2231 2504/2782/2229
f 2506/2783/2230 2614/2897/2332 2612/2895/2332
f 2614/2897/2332 2506/2783/2230 2508/2785/2232
f 2509/2786/2233 2613/2896/2333 2615/2898/2333
f 2613/2896/2333 2509/2786/2233 2507/2784/2231
f 2508/2785/2232 2616/2899/2332 2614/2897/2332
f 2616/2899/2332 2508/2785/2232 2510/2787/2234
f 2511/2788/2235 2615/2898/2333 2617/2900/2333
f 2615/2898/2333 2511/2788/2235 2509/2786/2233
f 2510/2787/2234 2618/2901/2332 2616/2899/2332
f 2618/2901/2332 2510/2787/2234 2512/2789/2236
f 2513/2790/2237 2617/2900/2333 2619/2902/2333
f 2617/2900/2333 2513/2790/2237 2511/2788/2235
f 2512/2789/2236 2620/2903/2332 2618/2901/2332
f 2620/2903/2332 2512/2789/2236 2514/2791/2238
f 2515/2792/2239 2619/2902/2333 2621/2904/2333
f 2619/2902/2333 2515/2792/2239 2513/2790/2237
f 2514/2791/2238 2622/2905/2332 2620/2903/2332
f 2622/2905/2332 2514/2791/2238 2516/2793/2240
f 2517/2794/2241 2621/2904/2333 2623/2906/2333
f 2621/2904/2333 2517/2794/2241 2515/2792/2239
f 2516/2793/2240 2624/2907/2332 2622/2905/2332
f 2624/2907/2332 2516/2793/2240 2518/2795/2242
f 2519/2796/2243 2623/2906/2333 2625/2908/2333
f 2623/2906/2333 2519/2796/2243 2517/2794/2241
f 2518/2795/2242 2626/2909/2332 2624/2907/2332
f 2626/2909/2332 2518/2795/2242 2520/2797/2244
f 2521/2798/2245 2625/2908/2333 2627/2910/2333
f 2625/2908/2333 2521/2798/2245 2519/2796/2243
f 2520/2797/2244 2628/2911/2332 2626/2909/2332
f 2628/2911/2332 2520/2797/2244 2522/2799/2246
f 2523/2800/2247 2627/2910/2333 2629/2912/2333
f 2627/2910/2333 2523/2800/2247 2521/2798/2245
f 2522/2799/2246 2630/2913/2332 2628/2911/2332
f 2630/2913/2332 2522/2799/2246 2524/2801/2248
f 2525/2802/2249 2629/2912/2333 2631/2914/2333
f 2629/2912/2333 2525/2802/2249 2523/2800/2247
f 2524/2801/2248 2632/2915/2332 2630/2913/2332
f 2632/2915/2332 2524/2801/2248 2526/2803/2250
f 2527/2804/2251 2631/2914/2333 2633/2916/2333
f 2631/2914/2333 2527/2804/2251 2525/2802/2249
f 2526/2803/2250 2634/2917/2332 2632/2915/2332
f 2634/2917/2332 2526/2803/2250 2528/2805/2252
f 2529/2806/2253 2633/2916/2333 2635/2918/2333
f 2633/2916/2333 2529/2806/2253 2527/2804/2251
f 2528/2805/2252 2636/2919/2332 2634/2917/2332
f 2636/2919/2332 2528/2805/2252 2530/2807/2254
f 2531/2808/2255 2635/2918/2333 2637/2920/2333
f 2635/2918/2333 2531/2808/2255 2529/2806/2253
f 2530/2807/2254 2638/2921/2332 2636/2919/2332
f 2638/2921/2332 2530/2807/2254 2532/2809/2256
f 2533/2810/2257 2637/2920/2333 2639/2922/2333
f 2637/2920/2333 2533/2810/2257 2531/2808/2255
f 2532/2809/2256 2640/2923/2332 2638/2921/2332
f 2640/2923/2332 2532/2809/2256 2534/2811/2258
f 2535/2812/2259 2639/2922/2333 2641/2924/2333
f 2639/2922/2333 2535/2812/2259 2533/2810/2257
f 2534/2811/2258 2642/2925/2332 2640/2923/2332
f 2642/2925/2332 2534/2811/2258 2536/2813/2260
f 2537/2814/2261 2641/2924/2333 2643/2926/2333
f 2641/2924/2333 2537/2814/2261 2535/2812/2259
f 2536/2813/2260 2644/2927/2332 2642/2925/2332
f 2644/2927/2332 2536/2813/2260 2538/2815/2262
f 2539/2816/2263 2643/2926/2333 2645/2928/2333
f 2643/2926/2333 2539/2816/2263 2537/2814/2261
f 2538/2815/2262 2646/2929/2332 2644/2927/2332
f 2646/2929/2332 2538/2815/2262 2540/2817/2264
f 2541/2818/2265 2645/2928/2333 2647/2930/2333
f 2645/2928/2333 2541/2818/2265 2539/2816/2263
f 2540/2817/2264 2648/2931/2332 2646/2929/2332
f 2648/2931/2332 2540/2817/2264 2542/2819/2266
f 2543/2820/2267 2647/2930/2333 2649/2932/2333
f 2647/2930/2333 2543/2820/2267 2541/2818/2265
f 2542/2819/2266 2650/2933/2332 2648/2931/2332
f 2650/2933/2332 2542/2819/2266 2544/2821/2268
f 2545/2822/2269 2649/2932/2333 2651/2934/2333
f 2649/2932/2333 2545/2822/2269 2543/2820/2267
f 2544/2821/2268 2652/2935/2332 2650/2933/2332
f 2652/2935/2332 2544/2821/2268 2546/2823/2270
f 2547/2824/2271 2651/2934/2333 2653/2936/2333
f 2651/2934/2333 2547/2824/2271 2545/2822/2269
f 2546/2823/2270 2654/2937/2332 2652/2935/2332
f 2654/2937/2332 2546/2823/2270 2548/2825/2272
f 2549/2826/2273 2653/2936/2333 2655/2938/2333
f 2653/2936/2333 2549/2826/2273 2547/2824/2271
f 2548/2825/2272 2608/2939/2332 2654/2937/2332
f 2608/2939/2332 2548/2825/2272 2502/2827/2227
f 2505/2828/2226 2655/2938/2333 2611/2940/2333
f 2655/2938/2333 2505/2828/2226 2549/2826/2273
f 2550/2830/2275 2657/2942/2335 2656/2941/2334
f 2551/2829/2274 2659/2944/2337 2658/2943/2336
f 2550/2830/2275 2660/2945/2338 2657/2942/2335
f 2660/2945/2338 2550/2830/2275 2552/2831/2276
f 2553/2832/2277 2658/2943/2336 2661/2946/2339
f 2658/2943/2336 2553/2832/2277 2551/2829/2274
f 2552/2831/2276 2662/2947/2340 2660/2945/2338
f 2553/2832/2277 2661/2946/2339 2663/2948/2341
f 2552/2831/2276 2664/2949/2342 2662/2947/2340
f 2664/2949/2342 2552/2831/2276 2554/2833/2278
f 2555/2834/2279 2663/2948/2341 2665/2950/2343
f 2663/2948/2341 2555/2834/2279 2553/2832/2277
f 2554/2833/2278 2666/2951/2344 2664/2949/2342
f 2666/2951/2344 2554/2833/2278 2556/2835/2280
f 2557/2836/2281 2665/2950/2343 2667/2952/2345
f 2665/2950/2343 2557/2836/2281 2555/2834/2279
f 2556/2835/2280 2668/2953/2346 2666/2951/2344
f 2557/2836/2281 2667/2952/2345 2669/2954/2347
f 2556/2835/2280 2670/2955/2348 2668/2953/2346
f 2670/2955/2348 2556/2835/2280 2558/2837/2282
f 2559/2838/2283 2669/2954/2347 2671/2956/2349
f 2669/2954/2347 2559/2838/2283 2557/2836/2281
f 2558/2837/2282 2672/2957/2350 2670/2955/2348
f 2560/2839/2284 2671/2956/2349 2673/2958/2351
f 2671/2956/2349 2560/2839/2284 2559/2838/2283
f 2558/2837/2282 2674/2959/2352 2672/2957/2350
f 2674/2959/2352 2558/2837/2282 2561/2840/2285
f 2560/2839/2284 2673/2958/2351 2675/2960/2353
f 2561/2840/2285 2676/2961/2354 2674/2959/2352
f 2676/2961/2354 2561/2840/2285 2562/2841/2286
f 2563/2842/2287 2675/2960/2353 2677/2962/2355
f 2675/2960/2353 2563/2842/2287 2560/2839/2284
f 2562/2841/2286 2678/2963/2356 2676/2961/2354
f 2563/2842/2287 2677/2962/2355 2679/2964/2357
f 2562/2841/2286 2680/2965/2358 2678/2963/2356
f 2680/2965/2358 2562/2841/2286 2564/2843/2288
f 2565/2844/2289 2679/2964/2357 2681/2966/2359
f 2679/2964/2357 2565/2844/2289 2563/2842/2287
f 2564/2843/2288 2682/2967/2360 2680/2965/2358
f 2566/2845/2290 2681/2966/2359 2683/2968/2361
f 2681/2966/2359 2566/2845/2290 2565/2844/2289
f 2564/2843/2288 2684/2969/2362 2682/2967/2360
f 2684/2969/2362 2564/2843/2288 2567/2846/2291
f 2566/2845/2290 2683/2968/2361 2685/2970/2363
f 2567/2846/2291 2686/2971/2364 2684/2969/2362
f 2568/2847/2292 2685/2970/2363 2687/2972/2365
f 2685/2970/2363 2568/2847/2292 2566/2845/2290
f 2567/2846/2291 2688/2973/2366 2686/2971/2364
f 2688/2973/2366 2567/2846/2291 2569/2848/2293
f 2570/2849/2294 2687/2972/2365 2689/2974/2367
f 2687/2972/2365 2570/2849/2294 2568/2847/2292
f 2569/2848/2293 2690/2975/2368 2688/2973/2366
f 2570/2849/2294 2689/2974/2367 2691/2976/2369
f 2569/2848/2293 2692/2977/2370 2690/2975/2368
f 2692/2977/2370 2569/2848/2293 2571/2850/2295
f 2572/2851/2296 2691/2976/2369 2693/2978/2371
f 2691/2976/2369 2572/2851/2296 2570/2849/2294
f 2571/2850/2295 2694/2979/2372 2692/2977/2370
f 2694/2979/2372 2571/2850/2295 2573/2852/2297
f 2574/2853/2298 2693/2978/2371 2695/2980/2373
f 2693/2978/2371 2574/2853/2298 2572/2851/2296
f 2573/2852/2297 2696/2981/2374 2694/2979/2372
f 2574/2853/2298 2695/2980/2373 2697/2982/2375
f 2573/2852/2297 2698/2983/2376 2696/2981/2374
f 2698/2983/2376 2573/2852/2297 2575/2854/2299
f 2576/2855/2300 2697/2982/2375 2699/2984/2377
f 2697/2982/2375 2576/2855/2300 2574/2853/2298
f 2575/2854/2299 2700/2985/2378 2698/2983/2376
f 2576/2855/2300 2699/2984/2377 2701/2986/2379
f 2575/2854/2299 2702/2987/2380 2700/2985/2378
f 2702/2987/2380 2575/2854/2299 2577/2856/2301
f 2578/2857/2302 2701/2986/2379 2703/2988/2381
f 2701/2986/2379 2578/2857/2302 2576/2855/2300
f 2577/2856/2301 2656/2989/2334 2702/2987/2380
f 2656/2989/2334 2577/2856/2301 2550/2858/2275
f 2551/2859/2274 2703/2988/2381 2659/2990/2337
f 2703/2988/2381 2551/2859/2274 2578/2857/2302
f 2579/2861/2304 2705/2991/2383 2704/2894/2382
f 2580/2860/2303 2707/2941/2385 2706/2992/2384
f 2579/2861/2304 2708/2993/2386 2705/2991/2383
f 2708/2993/2386 2579/2861/2304 2581/2862/2305
f 2582/2863/2306 2706/2992/2384 2709/2994/2387
f 2706/2992/2384 2582/2863/2306 2580/2860/2303
f 2581/2862/2305 2710/2995/2388 2708/2993/2386
f 2583/2864/2307 2709/2994/2387 2711/2996/2389
f 2709/2994/2387 2583/2864/2307 2582/2863/2306
f 2581/2862/2305 2712/2997/2390 2710/2995/2388
f 2712/2997/2390 2581/2862/2305 2584/2865/2308
f 2583/2864/2307 2711/2996/2389 2713/2998/2391
f 2584/2865/2308 2714/2999/2392 2712/2997/2390
f 2714/2999/2392 2584/2865/2308 2585/2866/2309
f 2586/2867/2310 2713/2998/2391 2715/3000/2393
f 2713/2998/2391 2586/2867/2310 2583/2864/2307
f 2585/2866/2309 2716/3001/2394 2714/2999/2392
f 2587/2868/2311 2715/3000/2393 2717/3002/2395
f 2715/3000/2393 2587/2868/2311 2586/2867/2310
f 2585/2866/2309 2718/3003/2396 2716/3001/2394
f 2718/3003/2396 2585/2866/2309 2588/2869/2312
f 2587/2868/2311 2717/3002/2395 2719/3004/2397
f 2588/2869/2312 2720/3005/2398 2718/3003/2396
f 2589/2870/2313 2719/3004/2397 2721/3006/2399
f 2719/3004/2397 2589/2870/2313 2587/2868/2311
f 2588/2869/2312 2722/3007/2400 2720/3005/2398
f 2722/3007/2400 2588/2869/2312 2590/2871/2314
f 2589/2870/2313 2721/3006/2399 2723/3008/2401
f 2590/2871/2314 2724/3009/2402 2722/3007/2400
f 2591/2872/2315 2723/3008/2401 2725/3010/2403
f 2723/3008/2401 2591/2872/2315 2589/2870/2313
f 2590/2871/2314 2726/3011/2404 2724/3009/2402
f 2726/3011/2404 2590/2871/2314 2592/2873/2316
f 2591/2872/2315 2725/3010/2403 2727/3012/2405
f 2592/2873/2316 2728/3013/2406 2726/3011/2404
f 2728/3013/2406 2592/2873/2316 2593/2874/2317
f 2594/2875/2318 2727/3012/2405 2729/3014/2407
f 2727/3012/2405 2594/2875/2318 2591/2872/2315
f 2593/2874/2317 2730/3015/2408 2728/3013/2406
f 2595/2876/2319 2729/3014/2407 2731/3016/2409
f 2729/3014/2407 2595/2876/2319 2594/2875/2318
f 2593/2874/2317 2732/3017/2410 2730/3015/2408
f 2732/3017/2410 2593/2874/2317 2596/2877/2320
f 2595/2876/2319 2731/3016/2409 2733/3018/2411
f 2596/2877/2320 2734/3019/2412 2732/3017/2410
f 2597/2878/2321 2733/3018/2411 2735/3020/2413
f 2733/3018/2411 2597/2878/2321 2595/2876/2319
f 2596/2877/2320 2736/3021/2414 2734/3019/2412
f 2736/3021/2414 2596/2877/2320 2598/2879/2322
f 2599/2880/2323 2735/3020/2413 2737/3022/2415
f 2735/3020/2413 2599/2880/2323 2597/2878/2321
f 2598/2879/2322 2738/3023/2416 2736/3021/2414
f 2599/2880/2323 2737/3022/2415 2739/3024/2417
f 2598/2879/2322 2740/3025/2418 2738/3023/2416
f 2740/3025/2418 2598/2879/2322 2600/2881/2324
f 2601/2882/2325 2739/3024/2417 2741/3026/2419
f 2739/3024/2417 2601/2882/2325 2599/2880/2323
f 2600/2881/2324 2742/3027/2420 2740/3025/2418
f 2742/3027/2420 2600/2881/2324 2602/2883/2326
f 2603/2884/2327 2741/3026/2419 2743/3028/2421
f 2741/3026/2419 2603/2884/2327 2601/2882/2325
f 2602/2883/2326 2744/3029/2422 2742/3027/2420
f 2603/2884/2327 2743/3028/2421 2745/3030/2423
f 2602/2883/2326 2746/3031/2424 2744/3029/2422
f 2746/3031/2424 2602/2883/2326 2604/2885/2328
f 2605/2886/2329 2745/3030/2423 2747/3032/2425
f 2745/3030/2423 2605/2886/2329 2603/2884/2327
f 2604/2885/2328 2748/3033/2426 2746/3031/2424
f 2605/2886/2329 2747/3032/2425 2749/3034/2427
f 2604/2885/2328 2750/3035/2428 2748/3033/2426
f 2750/3035/2428 2604/2885/2328 2606/2887/2330
f 2607/2888/2331 2749/3034/2427 2751/3036/2429
f 2749/3034/2427 2607/2888/2331 2605/2886/2329
f 2606/2887/2330 2704/3037/2382 2750/3035/2428
f 2704/3037/2382 2606/2887/2330 2579/2889/2304
f 2580/2890/2303 2751/3036/2429 2707/3038/2385
f 2751/3036/2429 2580/2890/2303 2607/2888/2331
o BarrelSmartMat.016
v 15.903206 5.651942 103.632080
v 16.053610 6.378598 103.568329
v 15.859639 6.065499 103.539734
v 16.160637 5.651942 103.819717
v 16.206051 6.378599 103.686302
v 16.322765 6.378598 103.839714
v 16.289755 5.651942 104.110939
v 16.347940 6.065499 104.027039
v 16.420166 6.378600 104.209312
v 16.271912 5.651984 104.363747
v 16.394218 6.378598 104.400322
v 16.179090 5.651942 104.568764
v 16.279562 6.065499 104.550583
v 16.201742 6.378600 104.730545
v 15.931215 5.651942 104.768860
v 16.027317 6.065499 104.803345
v 15.869943 6.378599 104.920288
v 15.616503 5.651942 104.818207
v 15.678729 6.378599 104.944656
v 15.487723 6.378599 104.918709
v 15.319279 5.651942 104.703583
v 15.337462 6.065499 104.804054
v 15.157501 6.378598 104.726234
v 15.119186 5.651942 104.455711
v 15.084699 6.065499 104.551811
v 14.967757 6.378598 104.394432
v 15.069839 5.651942 104.140999
v 14.943385 6.378599 104.203224
v 14.969334 6.378598 104.012215
v 15.152507 5.651984 103.901421
v 15.043835 6.378598 103.834435
v 15.295227 5.651942 103.727409
v 15.193474 6.065499 103.718971
v 15.315219 6.378599 103.565277
v 15.586445 5.651942 103.598289
v 15.493609 6.378601 103.492249
v 15.684822 6.378597 103.467880
v 15.873424 6.479013 103.488083
v 16.399570 6.479013 104.013145
v 16.325891 6.479013 104.577271
v 16.054096 6.479013 104.849617
v 15.310778 6.479013 104.850380
v 15.038424 6.479013 104.578590
v 15.155630 6.479013 103.681198
v 16.047016 6.992941 103.564529
v 15.868476 6.992943 103.491867
v 16.200665 6.992941 103.680923
v 16.318953 6.992942 103.833122
v 16.399570 6.892528 104.013145
v 16.420158 6.992941 104.201706
v 16.396181 6.992941 104.392967
v 16.325891 6.892528 104.577271
v 16.207119 6.992940 104.725159
v 16.054096 6.892528 104.849617
v 15.874899 6.892528 104.924065
v 15.686339 6.992942 104.944649
v 15.495076 6.992941 104.920670
v 15.316536 6.992943 104.848007
v 15.162888 6.992941 104.731613
v 15.044600 6.992943 104.579414
v 14.963983 6.892528 104.399391
v 14.943394 6.992942 104.210831
v 14.967372 6.992942 104.019569
v 15.040036 6.992942 103.841026
v 15.155630 6.892528 103.681198
v 15.308633 6.992942 103.569092
v 15.486260 6.992939 103.494225
v 15.677213 6.992942 103.467888
v 16.347940 7.306042 104.027039
v 16.279562 7.306042 104.550583
v 16.027317 7.306042 104.803345
v 15.861008 7.306042 104.872437
v 15.015612 7.306042 104.385498
v 15.193474 7.306042 103.718971
v 15.930059 7.719598 103.643166
v 16.113222 7.719556 103.773933
v 16.255510 7.719598 103.983658
v 16.292561 7.719556 104.205643
v 16.244877 7.719598 104.454552
v 16.045294 7.719598 104.702835
v 15.840465 7.719556 104.796082
v 15.587695 7.719598 104.814445
v 15.296211 7.719598 104.685921
v 15.108041 7.719598 104.428879
v 15.070991 7.719556 104.206894
v 15.118676 7.719598 103.957985
v 15.318259 7.719598 103.709702
v 15.615246 7.719598 103.594467
v 16.019901 5.773118 103.742386
v 15.742661 5.773118 103.635475
v 16.251492 5.773151 104.205681
v 16.206539 5.773118 103.973602
v 16.217361 5.773118 104.412811
v 16.042336 5.773118 104.652931
v 15.770698 5.773118 104.773369
v 15.534888 5.773151 104.756721
v 15.343651 5.773118 104.670151
v 15.157012 5.773118 104.438934
v 15.110982 5.773118 104.145386
v 15.217896 5.773118 103.868141
v 15.449107 5.773118 103.681503
v 15.769533 7.598423 103.638985
v 16.041418 7.598423 103.758865
v 16.216940 7.598394 103.998627
v 16.249060 7.598423 104.294029
v 16.129181 7.598423 104.565910
v 15.889419 7.598423 104.741432
v 15.682362 7.598389 104.775986
v 15.450186 7.598423 104.731506
v 15.218593 7.598423 104.545341
v 15.131624 7.598389 104.354286
v 15.114492 7.598423 104.118515
v 15.188095 7.598389 103.921921
v 15.342699 7.598423 103.743088
v 15.533758 7.598389 103.656120
v 15.908251 5.651963 103.692627
v 16.075323 5.651984 103.811913
v 16.205116 5.651963 104.003212
v 16.236530 5.651963 104.292084
v 16.119297 5.651963 104.557968
v 15.960837 5.651984 104.688469
v 15.742463 5.651963 104.764328
v 15.538133 5.651984 104.744560
v 15.330079 5.651963 104.643791
v 15.199573 5.651984 104.485329
v 15.123713 5.651963 104.266953
v 15.168137 5.651963 103.979790
v 15.350189 5.651963 103.753311
v 15.621089 5.651963 103.648209
v 16.012432 7.719578 103.752632
v 15.741316 7.719578 103.648079
v 16.194950 7.719578 103.978737
v 16.238907 7.719556 104.205696
v 16.205532 7.719578 104.408249
v 16.034372 7.719578 104.643066
v 15.826525 7.719556 104.744270
v 15.622235 7.719578 104.764458
v 15.351121 7.719578 104.659904
v 15.168603 7.719578 104.433800
v 15.123590 7.719578 104.146729
v 15.199000 7.719556 103.928200
v 15.329181 7.719578 103.769470
v 15.537027 7.719556 103.668266
v 15.882018 6.606829 103.455872
v 16.069412 6.606829 103.533272
v 16.069412 6.784293 103.533272
v 15.882018 6.784293 103.455872
v 16.230389 6.606829 103.656525
v 16.230389 6.784293 103.656525
v 16.353979 6.606829 103.817253
v 16.353979 6.784293 103.817253
v 16.431759 6.606829 104.004486
v 16.431759 6.784293 104.004486
v 16.458429 6.606829 104.205467
v 16.458429 6.784293 104.205467
v 16.432171 6.606829 104.406509
v 16.432171 6.784293 104.406509
v 16.354776 6.606829 104.593903
v 16.354776 6.784293 104.593903
v 16.231516 6.606829 104.754883
v 16.231516 6.784293 104.754883
v 16.070793 6.606829 104.878471
v 16.070793 6.784293 104.878471
v 15.883559 6.606829 104.956253
v 15.883559 6.784293 104.956253
v 15.682573 6.606829 104.982918
v 15.682573 6.784293 104.982918
v 15.481534 6.606829 104.956665
v 15.481534 6.784293 104.956665
v 15.294141 6.606829 104.879265
v 15.294141 6.784293 104.879265
v 15.133163 6.606829 104.756012
v 15.133163 6.784293 104.756012
v 15.009574 6.606829 104.595284
v 15.009574 6.784293 104.595284
v 14.931793 6.606829 104.408051
v 14.931793 6.784293 104.408051
v 14.905124 6.606829 104.207069
v 14.905124 6.784293 104.207069
v 14.931380 6.606829 104.006027
v 14.931380 6.784293 104.006027
v 15.008776 6.606829 103.818634
v 15.008776 6.784293 103.818634
v 15.132035 6.606829 103.657654
v 15.132036 6.784293 103.657654
v 15.292759 6.606829 103.534065
v 15.292759 6.784293 103.534065
v 15.479993 6.606829 103.456284
v 15.479993 6.784293 103.456284
v 15.680979 6.606829 103.429619
v 15.680979 6.784293 103.429619
v 15.930620 7.513113 103.563095
v 15.945911 7.685680 103.605377
v 16.218866 7.513113 103.773689
v 16.210970 7.685680 103.817947
v 16.342659 7.513329 104.028458
v 16.310797 7.685889 104.037033
v 16.367437 7.513113 104.280167
v 16.330559 7.685680 104.305878
v 16.238626 7.513113 104.613098
v 16.246231 7.685889 104.531387
v 16.070097 7.685680 104.735466
v 16.024578 7.513329 104.798615
v 15.787857 7.513113 104.887695
v 15.753475 7.685680 104.858727
v 15.432934 7.513113 104.849442
v 15.513830 7.685889 104.835632
v 15.271119 7.685680 104.718323
v 15.144687 7.513113 104.638847
v 15.117991 7.685889 104.532539
v 15.000352 7.513113 104.312347
v 15.029320 7.685680 104.277969
v 15.020529 7.513329 104.029816
v 15.052409 7.685889 104.038322
v 15.124926 7.513113 103.799438
v 15.169721 7.685680 103.795609
v 15.402945 7.513113 103.575516
v 15.443652 7.685680 103.594597
v 15.681073 7.513329 103.521881
v 15.681108 7.685889 103.554878
v 15.915744 5.689428 103.601685
v 15.960170 5.869681 103.572945
v 16.186687 5.689428 103.799667
v 16.166733 5.869476 103.720314
v 16.326458 5.869680 103.955292
v 16.303017 5.689232 104.039124
v 16.326313 5.689428 104.275787
v 16.368315 5.869476 104.205566
v 16.315102 5.869681 104.484665
v 16.205202 5.689428 104.588737
v 16.091055 5.869680 104.764023
v 15.943840 5.689428 104.799210
v 15.757343 5.869681 104.893944
v 15.682437 5.689232 104.849602
v 15.447808 5.689428 104.810852
v 15.504767 5.869476 104.869598
v 15.248952 5.869681 104.745964
v 15.176863 5.689428 104.612869
v 15.087568 5.869476 104.550148
v 15.041208 5.689428 104.305939
v 14.994103 5.869681 104.281837
v 15.060194 5.689232 104.040398
v 15.018448 5.869476 104.029259
v 15.158350 5.689428 103.823799
v 15.142084 5.869681 103.773445
v 15.419712 5.689428 103.613327
v 15.430800 5.869681 103.561584
v 15.681115 5.689232 103.562935
v 15.681071 5.869476 103.519730
v 15.868830 6.606829 103.505295
v 16.043880 6.606829 103.577591
v 16.043882 6.784293 103.577591
v 15.868830 6.784293 103.505295
v 16.194256 6.606829 103.692734
v 16.194256 6.784293 103.692734
v 16.309706 6.606829 103.842873
v 16.309706 6.784293 103.842873
v 16.382364 6.606829 104.017776
v 16.382364 6.784293 104.017776
v 16.407278 6.606829 104.205521
v 16.407278 6.784293 104.205521
v 16.382750 6.606829 104.393326
v 16.382750 6.784293 104.393326
v 16.310452 6.606829 104.568375
v 16.310452 6.784293 104.568375
v 16.195311 6.606829 104.718750
v 16.195311 6.784293 104.718750
v 16.045172 6.606829 104.834198
v 16.045172 6.784293 104.834198
v 15.870270 6.606829 104.906860
v 15.870270 6.784293 104.906860
v 15.682521 6.606829 104.931770
v 15.682521 6.784293 104.931770
v 15.494722 6.606829 104.907242
v 15.494722 6.784293 104.907242
v 15.319671 6.606829 104.834946
v 15.319671 6.784293 104.834946
v 15.169295 6.606829 104.719803
v 15.169295 6.784293 104.719803
v 15.053845 6.606829 104.569664
v 15.053845 6.784293 104.569664
v 14.981188 6.606829 104.394760
v 14.981188 6.784293 104.394760
v 14.956274 6.606829 104.207016
v 14.956274 6.784293 104.207016
v 14.980803 6.606829 104.019211
v 14.980803 6.784293 104.019211
v 15.053101 6.606829 103.844162
v 15.053101 6.784293 103.844162
v 15.168242 6.606829 103.693787
v 15.168242 6.784293 103.693787
v 15.318380 6.606829 103.578339
v 15.318380 6.784293 103.578339
v 15.493282 6.606829 103.505676
v 15.493282 6.784293 103.505676
v 15.681031 6.606829 103.480766
v 15.681031 6.784293 103.480766
v 15.845809 7.504858 103.591568
v 15.999317 7.504858 103.654968
v 15.983243 7.677419 103.682869
v 15.837505 7.677419 103.622681
v 16.131186 7.504858 103.755936
v 16.108437 7.677419 103.778732
v 16.232426 7.504858 103.887596
v 16.204552 7.677419 103.903725
v 16.296143 7.504858 104.040970
v 16.265043 7.677419 104.049339
v 16.317989 7.504858 104.205612
v 16.285784 7.677419 104.205650
v 16.296480 7.504858 104.370300
v 16.265364 7.677419 104.362000
v 16.233080 7.504858 104.523811
v 16.205173 7.677419 104.507736
v 16.132109 7.504858 104.655678
v 16.109314 7.677419 104.632927
v 16.000448 7.504858 104.756920
v 15.984318 7.677419 104.729042
v 15.847072 7.504858 104.820633
v 15.838704 7.677419 104.789536
v 15.682429 7.504858 104.842484
v 15.682397 7.677419 104.810280
v 15.517743 7.504858 104.820969
v 15.526047 7.677419 104.789856
v 15.364235 7.504858 104.757568
v 15.380309 7.677419 104.729668
v 15.232368 7.504858 104.656601
v 15.255116 7.677419 104.633804
v 15.131125 7.504858 104.524940
v 15.158999 7.677419 104.508812
v 15.067410 7.504858 104.371567
v 15.098509 7.677419 104.363197
v 15.045563 7.504858 104.206924
v 15.077768 7.677419 104.206886
v 15.067072 7.504858 104.042236
v 15.098188 7.677419 104.050537
v 15.130472 7.504858 103.888725
v 15.158380 7.677419 103.904800
v 15.231443 7.504858 103.756859
v 15.254239 7.677419 103.779610
v 15.363104 7.504858 103.655617
v 15.379235 7.677419 103.683495
v 15.516480 7.504858 103.591904
v 15.524848 7.677419 103.623001
v 15.681123 7.504858 103.570053
v 15.681156 7.677419 103.602257
v 15.835478 5.697702 103.630280
v 15.979318 5.697702 103.689690
v 16.000366 5.877947 103.653145
v 15.846351 5.877947 103.589531
v 16.102880 5.697702 103.784294
v 16.132669 5.877947 103.754448
v 16.197746 5.697702 103.907669
v 16.234245 5.877947 103.886543
v 16.257448 5.697702 104.051384
v 16.298172 5.877947 104.040428
v 16.277920 5.697702 104.205658
v 16.320091 5.877947 104.205612
v 16.257765 5.697702 104.359970
v 16.298512 5.877947 104.370842
v 16.198359 5.697702 104.503807
v 16.234901 5.877947 104.524857
v 16.103746 5.697702 104.627373
v 16.133596 5.877947 104.657166
v 15.980378 5.697702 104.722237
v 16.001501 5.877947 104.758736
v 15.836661 5.697702 104.781944
v 15.847618 5.877947 104.822662
v 15.682388 5.697702 104.802414
v 15.682431 5.877947 104.844582
v 15.528074 5.697702 104.782257
v 15.517201 5.877947 104.823006
v 15.384234 5.697702 104.722847
v 15.363186 5.877947 104.759392
v 15.260672 5.697702 104.628242
v 15.230883 5.877947 104.658089
v 15.165806 5.697702 104.504868
v 15.129306 5.877947 104.525993
v 15.106103 5.697703 104.361153
v 15.065380 5.877947 104.372108
v 15.085631 5.697703 104.206879
v 15.043460 5.877947 104.206924
v 15.105786 5.697703 104.052567
v 15.065041 5.877947 104.041695
v 15.165194 5.697702 103.908730
v 15.128651 5.877947 103.887680
v 15.259806 5.697702 103.785164
v 15.229955 5.877947 103.755371
v 15.383174 5.697702 103.690300
v 15.362050 5.877947 103.653801
v 15.526891 5.697702 103.630592
v 15.515934 5.877947 103.589874
v 15.681164 5.697702 103.610123
v 15.681121 5.877947 103.567955
vn 0.4575 -0.8887 -0.0304
vn 0.5668 -0.0881 -0.8191
vn 0.3329 -0.1908 -0.9235
vn 0.7769 -0.2494 -0.5782
vn 0.7048 -0.0835 -0.7045
vn 0.8664 -0.0863 -0.4919
vn 0.9574 -0.2599 -0.1258
vn 0.9366 -0.1805 -0.3004
vn 0.9963 -0.0865 0.0010
vn 0.8960 -0.2826 0.3426
vn 0.9609 -0.0878 0.2626
vn 0.7482 -0.2501 0.6145
vn 0.8747 -0.1805 0.4499
vn 0.7029 -0.0910 0.7055
vn 0.3570 -0.2511 0.8997
vn 0.5325 -0.1805 0.8269
vn 0.2568 -0.0921 0.9621
vn -0.1401 -0.2545 0.9569
vn -0.0021 -0.0853 0.9964
vn -0.2648 -0.0863 0.9604
vn -0.6017 -0.2463 0.7598
vn -0.4499 -0.1805 0.8747
vn -0.7049 -0.0896 0.7036
vn -0.8997 -0.2511 0.3570
vn -0.8270 -0.1804 0.5325
vn -0.9619 -0.0907 0.2578
vn -0.9578 -0.2582 -0.1262
vn -0.9964 -0.0853 -0.0021
vn -0.9610 -0.0819 -0.2641
vn -0.7768 -0.2826 -0.5628
vn -0.8602 -0.0877 -0.5023
vn -0.5637 -0.2501 -0.7872
vn -0.7284 -0.1805 -0.6609
vn -0.4957 -0.0889 -0.8639
vn -0.1120 -0.2445 -0.9631
vn -0.2577 -0.0834 -0.9626
vn 0.0072 -0.0863 -0.9962
vn 0.2630 -0.0416 -0.9639
vn 0.9650 -0.0455 -0.2581
vn 0.8649 -0.0455 0.4998
vn 0.4991 -0.0455 0.8653
vn -0.5031 -0.0416 0.8633
vn -0.8673 -0.0416 0.4961
vn -0.7061 -0.0455 -0.7067
vn 0.2498 0.0874 -0.9643
vn 0.4963 0.0834 -0.8641
vn 0.6989 0.0856 -0.7100
vn 0.8607 0.0860 -0.5018
vn 0.9640 0.0455 -0.2619
vn 0.9961 0.0878 -0.0064
vn 0.9634 0.0860 0.2537
vn 0.8668 0.0455 0.4965
vn 0.7074 0.0905 0.7010
vn 0.5006 0.0525 0.8641
vn 0.2614 0.0506 0.9639
vn 0.0082 0.0849 0.9964
vn -0.2539 0.0853 0.9635
vn -0.4909 0.0874 0.8668
vn -0.7016 0.0853 0.7074
vn -0.8609 0.0901 0.5008
vn -0.9632 0.0416 0.2654
vn -0.9961 0.0878 0.0064
vn -0.9648 0.0818 -0.2498
vn -0.8638 0.0837 -0.4968
vn -0.7088 0.0455 -0.7039
vn -0.5014 0.0878 -0.8608
vn -0.2677 0.0842 -0.9598
vn -0.0041 0.0854 -0.9963
vn 0.9614 0.1804 -0.2075
vn 0.8266 0.1804 0.5332
vn 0.4892 0.1612 0.8571
vn 0.2418 0.1681 0.9557
vn -0.9615 0.1804 0.2075
vn -0.7092 0.1674 -0.6849
vn 0.6522 0.3353 -0.6798
vn 0.6740 0.2746 -0.6858
vn 0.8871 0.2530 -0.3860
vn 0.9641 0.2654 -0.0086
vn 0.8964 0.2493 0.3665
vn 0.6227 0.2544 0.7399
vn 0.2548 0.2702 0.9285
vn -0.1225 0.2475 0.9611
vn -0.5684 0.2451 0.7854
vn -0.8782 0.2504 0.4074
vn -0.9612 0.2758 0.0083
vn -0.8962 0.2574 -0.3614
vn -0.6065 0.2506 -0.7545
vn -0.1523 0.2551 -0.9549
vn -0.2890 -0.9069 0.3065
vn -0.6086 -0.4062 0.6817
vn -0.8780 -0.4787 0.0071
vn -0.3929 -0.9088 0.1407
vn -0.2209 -0.9071 -0.3582
vn -0.3752 -0.9068 -0.1924
vn -0.0371 -0.9035 -0.4271
vn 0.1246 -0.9089 -0.3979
vn 0.2875 -0.8917 -0.3497
vn 0.4449 -0.8820 -0.1552
vn 0.4699 -0.8769 0.1013
vn 0.3513 -0.8800 0.3196
vn 0.1388 -0.8863 0.4419
vn -0.3754 0.8385 0.3950
vn -0.8340 0.5242 0.1719
vn -0.7937 0.5714 0.2085
vn -0.5773 0.5336 -0.6181
vn -0.8163 0.5768 0.0297
vn -0.6401 0.6727 -0.3710
vn -0.4537 0.7352 -0.5036
vn -0.0858 0.7953 -0.6001
vn 0.2935 0.8651 -0.4068
vn 0.4477 0.8941 -0.0106
vn 0.4352 0.8498 0.2974
vn 0.2552 0.8075 0.5318
vn -0.0273 0.7246 0.6887
vn -0.3185 0.6772 0.6633
vn -0.7902 -0.5015 0.3523
vn -0.5036 -0.4729 0.7230
vn -0.5660 -0.6070 0.5578
vn -0.7638 -0.6042 0.2268
vn -0.8005 -0.4675 -0.3751
vn -0.1358 -0.5016 -0.8544
vn -0.3990 -0.6044 -0.6896
vn -0.1004 -0.5266 -0.8442
vn 0.4039 -0.4585 -0.7916
vn 0.8356 -0.5142 -0.1935
vn 0.6688 -0.6247 -0.4031
vn 0.7818 -0.6230 -0.0247
vn 0.6691 -0.4724 0.5738
vn 0.2912 -0.4741 0.8309
vn -0.4947 0.4275 0.7566
vn -0.2409 0.8320 0.4998
vn -0.8079 0.4131 0.4204
vn -0.9154 0.3998 0.0463
vn -0.8410 0.4343 -0.3226
vn -0.5873 0.4350 -0.6825
vn -0.2224 0.3940 -0.8918
vn 0.0796 0.4194 -0.9043
vn 0.5098 0.4384 -0.7402
vn 0.8230 0.4088 -0.3944
vn 0.9120 0.4071 0.0504
vn 0.8073 0.3871 0.4455
vn 0.5959 0.4030 0.6946
vn 0.2565 0.3843 0.8869
vn 0.2498 0.2476 -0.9361
vn 0.2499 -0.2476 -0.9361
vn 0.4835 -0.2476 -0.8396
vn 0.4835 0.2476 -0.8396
vn 0.6844 -0.2476 -0.6858
vn 0.6844 0.2476 -0.6858
vn 0.8386 -0.2476 -0.4853
vn 0.8385 0.2476 -0.4853
vn 0.9356 -0.2476 -0.2518
vn 0.9356 0.2476 -0.2518
vn 0.9689 -0.2476 -0.0010
vn 0.9689 0.2476 -0.0010
vn 0.9361 -0.2476 0.2498
vn 0.9361 0.2476 0.2498
vn 0.8396 -0.2476 0.4835
vn 0.8396 0.2476 0.4835
vn 0.6858 -0.2476 0.6844
vn 0.6858 0.2476 0.6844
vn 0.4853 -0.2476 0.8386
vn 0.4853 0.2476 0.8385
vn 0.2518 -0.2476 0.9356
vn 0.2518 0.2476 0.9356
vn 0.0010 -0.2476 0.9689
vn 0.0010 0.2476 0.9689
vn -0.2498 -0.2476 0.9361
vn -0.2498 0.2476 0.9361
vn -0.4835 -0.2476 0.8396
vn -0.4835 0.2476 0.8396
vn -0.6844 -0.2476 0.6858
vn -0.6844 0.2476 0.6858
vn -0.8386 -0.2476 0.4853
vn -0.8385 0.2476 0.4853
vn -0.9356 -0.2476 0.2518
vn -0.9356 0.2476 0.2518
vn -0.9689 -0.2476 0.0010
vn -0.9689 0.2476 0.0010
vn -0.9361 -0.2476 -0.2498
vn -0.9361 0.2476 -0.2498
vn -0.8396 -0.2476 -0.4835
vn -0.8396 0.2476 -0.4835
vn -0.6858 -0.2476 -0.6844
vn -0.6858 0.2476 -0.6844
vn -0.4853 -0.2476 -0.8386
vn -0.4853 0.2476 -0.8385
vn -0.2518 -0.2476 -0.9356
vn -0.2518 0.2476 -0.9356
vn -0.0010 -0.2476 -0.9689
vn -0.0010 0.2476 -0.9689
vn 0.6250 0.4372 -0.6467
vn -0.1463 -0.3747 -0.9155
vn 0.6734 -0.0705 -0.7359
vn 0.7149 0.3833 -0.5848
vn 0.9391 -0.0628 -0.3379
vn 0.8845 0.3944 -0.2492
vn 0.9973 -0.0653 0.0339
vn 0.9159 0.3814 0.1252
vn 0.8811 -0.0656 0.4683
vn 0.8166 0.3909 0.4246
vn 0.5659 0.3746 0.7345
vn 0.2719 -0.0968 0.9574
vn 0.2822 -0.0690 0.9569
vn 0.1387 0.3788 0.9150
vn -0.2296 -0.0650 0.9711
vn -0.1988 0.3909 0.8987
vn -0.5484 0.3698 0.7500
vn -0.8111 -0.0617 0.5816
vn -0.8039 0.3885 0.4503
vn -0.9670 -0.0669 0.2458
vn -0.9138 0.3860 0.1264
vn -0.9822 -0.0628 -0.1769
vn -0.8906 0.3944 -0.2265
vn -0.8467 -0.0653 -0.5280
vn -0.7283 0.3805 -0.5699
vn -0.5365 -0.0705 -0.8409
vn -0.3798 0.3833 -0.8419
vn -0.0834 -0.0628 -0.9945
vn -0.0118 0.3944 -0.9189
vn 0.6778 0.0907 -0.7297
vn -0.1833 -0.6278 -0.7565
vn 0.6038 -0.4130 -0.6818
vn 0.6869 0.0065 -0.7267
vn 0.9249 0.0029 -0.3801
vn 0.8952 -0.4454 0.0146
vn 0.9090 -0.4143 -0.0455
vn 0.9996 0.0065 -0.0282
vn 0.9241 0.0014 0.3822
vn 0.7013 -0.3972 0.5920
vn 0.6209 0.0007 0.7839
vn 0.3165 -0.3980 0.8611
vn 0.1426 0.0022 0.9898
vn -0.2458 -0.4454 0.8609
vn -0.1914 -0.4143 0.8898
vn -0.2315 0.0065 0.9728
vn -0.5995 0.0042 0.8004
vn -0.7467 -0.4102 0.5236
vn -0.8734 0.0037 0.4869
vn -0.8785 -0.4148 0.2372
vn -0.9914 0.0120 0.1303
vn -0.8923 -0.4247 -0.1529
vn -0.9671 0.0053 -0.2543
vn -0.7801 -0.4138 -0.4693
vn -0.7836 0.0069 -0.6212
vn -0.5095 -0.4171 -0.7527
vn -0.4007 0.0087 -0.9162
vn -0.0832 -0.4247 -0.9015
vn -0.0047 0.0053 -1.0000
vn -0.0000 -1.0000 -0.0000
vn -0.0000 1.0000 -0.0000
vn 0.0350 -0.9835 -0.1774
vn 0.1396 -0.9715 -0.1917
vn -0.1192 0.9794 0.1627
vn -0.0366 0.9715 0.2343
vn 0.1247 -0.9798 -0.1564
vn -0.1489 0.9715 0.1846
vn 0.2167 -0.9715 -0.0962
vn -0.1641 0.9831 0.0812
vn 0.1686 -0.9844 -0.0504
vn -0.1739 0.9839 0.0417
vn 0.1804 -0.9835 -0.0122
vn -0.2358 0.9715 0.0253
vn 0.2213 -0.9715 0.0852
vn -0.1735 0.9831 -0.0586
vn 0.1833 -0.9798 0.0800
vn -0.1525 0.9839 -0.0935
vn 0.1490 -0.9715 0.1844
vn -0.1846 0.9715 -0.1489
vn 0.0923 -0.9844 0.1499
vn -0.0813 0.9794 -0.1846
vn 0.0584 -0.9835 0.1711
vn -0.0854 0.9715 -0.2212
vn -0.0250 -0.9715 0.2358
vn 0.0117 0.9831 -0.1827
vn -0.0298 -0.9798 0.1978
vn 0.0509 0.9839 -0.1715
vn -0.1396 -0.9715 0.1917
vn 0.0960 0.9715 -0.2168
vn -0.1247 -0.9798 0.1564
vn 0.1375 0.9831 -0.1209
vn -0.2167 -0.9715 0.0962
vn 0.1572 0.9839 -0.0853
vn -0.1862 -0.9798 0.0731
vn 0.2212 0.9715 -0.0854
vn -0.2358 -0.9715 -0.0250
vn 0.1827 0.9831 0.0117
vn -0.1713 -0.9844 -0.0407
vn 0.1715 0.9839 0.0509
vn -0.1623 -0.9835 -0.0797
vn 0.2168 0.9715 0.0960
vn -0.1490 -0.9715 -0.1844
vn 0.1263 0.9794 0.1573
vn -0.1188 -0.9798 -0.1609
vn 0.1398 0.9715 0.1916
vn -0.0368 -0.9715 -0.2342
vn 0.0360 0.9831 0.1795
vn -0.0050 -0.9844 -0.1759
vn -0.0047 0.9839 0.1788
vn -0.0358 -0.9830 0.1803
vn -0.1394 -0.9714 0.1921
vn 0.1004 0.9835 -0.1504
vn 0.0364 0.9714 -0.2345
vn -0.1265 -0.9793 0.1580
vn 0.1276 0.9844 -0.1210
vn -0.2168 -0.9714 0.0966
vn 0.1915 0.9714 -0.1401
vn -0.1721 -0.9837 0.0514
vn 0.1774 0.9835 -0.0353
vn -0.1834 -0.9830 0.0121
vn 0.1758 0.9844 0.0047
vn -0.2216 -0.9714 -0.0850
vn 0.2345 0.9714 0.0364
vn -0.1854 -0.9793 -0.0813
vn 0.1613 0.9798 0.1185
vn -0.1494 -0.9714 -0.1844
vn 0.1849 0.9714 0.1487
vn -0.1199 -0.9793 -0.1631
vn 0.0804 0.9798 0.1833
vn -0.0372 -0.9714 -0.2344
vn 0.0858 0.9714 0.2213
vn -0.0051 -0.9837 -0.1795
vn -0.0118 0.9835 0.1805
vn 0.0358 -0.9830 -0.1803
vn -0.0500 0.9844 0.1686
vn 0.1394 -0.9714 -0.1921
vn -0.0958 0.9714 0.2171
vn 0.1265 -0.9793 -0.1580
vn -0.1359 0.9835 0.1193
vn 0.2168 -0.9714 -0.0966
vn -0.1546 0.9844 0.0838
vn 0.1886 -0.9793 -0.0736
vn -0.2213 0.9714 0.0857
vn 0.2361 -0.9714 0.0247
vn -0.1805 0.9835 -0.0118
vn 0.1747 -0.9837 0.0415
vn -0.1686 0.9844 -0.0500
vn 0.1649 -0.9830 0.0813
vn -0.2171 0.9714 -0.0958
vn 0.1494 -0.9714 0.1844
vn -0.1251 0.9798 -0.1562
vn 0.1199 -0.9793 0.1631
vn -0.1401 0.9714 -0.1915
vn 0.0372 -0.9714 0.2344
vn -0.0353 0.9835 -0.1774
vn 0.0051 -0.9837 0.1795
vn 0.0047 0.9844 -0.1758
vt 0.745591 0.000000
vt 0.768298 0.140562
vt 0.729884 0.079842
vt 0.822421 0.000000
vt 0.806713 0.140563
vt 0.845128 0.140562
vt 0.899251 0.000000
vt 0.883543 0.079842
vt 0.921958 0.140563
vt 0.000000 0.140563
vt 0.000000 0.000000
vt 0.038415 0.000000
vt 0.038415 0.140563
vt 0.092538 0.000000
vt 0.076830 0.079842
vt 0.115245 0.140563
vt 0.169368 0.000000
vt 0.153660 0.079842
vt 0.192075 0.140563
vt 0.246197 0.000000
vt 0.230489 0.140563
vt 0.268904 0.140563
vt 0.323027 0.000000
vt 0.307319 0.079842
vt 0.345734 0.140562
vt 0.399857 0.000000
vt 0.384149 0.079842
vt 0.422564 0.140562
vt 0.476686 0.000000
vt 0.460979 0.140563
vt 0.499394 0.140562
vt 0.537809 0.000000
vt 0.537809 0.140562
vt 0.591932 0.000000
vt 0.576224 0.079842
vt 0.614639 0.140563
vt 0.668762 0.000000
vt 0.653054 0.140563
vt 0.691469 0.140562
vt 0.729884 0.159683
vt 0.883543 0.159683
vt 0.076830 0.159683
vt 0.153660 0.159683
vt 0.307319 0.159683
vt 0.384149 0.159683
vt 0.576224 0.159683
vt 0.729884 0.258646
vt 0.768298 0.258645
vt 0.806713 0.258645
vt 0.845128 0.258646
vt 0.883543 0.239525
vt 0.921958 0.258645
vt 0.000000 0.258645
vt 0.038415 0.258645
vt 0.076830 0.239525
vt 0.115245 0.258645
vt 0.153660 0.239525
vt 0.192075 0.239525
vt 0.230489 0.258646
vt 0.268904 0.258645
vt 0.307319 0.258646
vt 0.345734 0.258645
vt 0.384149 0.258646
vt 0.422564 0.239525
vt 0.460979 0.258646
vt 0.499394 0.258646
vt 0.537809 0.258646
vt 0.576224 0.239525
vt 0.614639 0.258646
vt 0.653054 0.258645
vt 0.691469 0.258646
vt 0.883543 0.319366
vt 0.076830 0.319366
vt 0.153660 0.319366
vt 0.192075 0.319366
vt 0.422564 0.319366
vt 0.576224 0.319366
vt 0.752591 0.399208
vt 0.806713 0.399208
vt 0.867835 0.399208
vt 0.921958 0.399208
vt 0.000000 0.399208
vt 0.061122 0.399208
vt 0.137952 0.399208
vt 0.192075 0.399208
vt 0.253196 0.399208
vt 0.330026 0.399204
vt 0.406856 0.399201
vt 0.460979 0.399208
vt 0.522102 0.399208
vt 0.598931 0.399208
vt 0.675761 0.399208
vt 0.571328 0.488533
vt 0.589073 0.550913
vt 0.475348 0.427030
vt 0.524769 0.443383
vt 0.373853 0.465613
vt 0.429515 0.432327
vt 0.342291 0.522271
vt 0.339287 0.574240
vt 0.356266 0.617140
vt 0.402825 0.662291
vt 0.465720 0.678114
vt 0.528100 0.660368
vt 0.573251 0.613809
vt 0.276453 0.579776
vt 0.246769 0.637440
vt 0.192229 0.672535
vt 0.127450 0.675660
vt 0.069786 0.645975
vt 0.034691 0.591436
vt 0.027891 0.545802
vt 0.042612 0.495871
vt 0.086209 0.447855
vt 0.128529 0.429477
vt 0.180569 0.430773
vt 0.223490 0.447702
vt 0.259371 0.485416
vt 0.277749 0.527736
vt 0.573096 0.461899
vt 0.570305 0.442998
vt 0.610956 0.510968
vt 0.597412 0.507780
vt 0.526417 0.426497
vt 0.501117 0.404459
vt 0.454857 0.412113
vt 0.437654 0.400793
vt 0.385693 0.435437
vt 0.385267 0.421529
vt 0.347669 0.470798
vt 0.330134 0.478386
vt 0.325555 0.525050
vt 0.310816 0.555192
vt 0.323672 0.576942
vt 0.346397 0.630941
vt 0.332489 0.631367
vt 0.381758 0.668965
vt 0.389346 0.686500
vt 0.436010 0.691079
vt 0.466152 0.705818
vt 0.508854 0.686451
vt 0.528401 0.692934
vt 0.569625 0.646022
vt 0.573636 0.659346
vt 0.602039 0.580624
vt 0.612175 0.590157
vt 0.290044 0.623239
vt 0.262840 0.642877
vt 0.293089 0.576449
vt 0.256513 0.668515
vt 0.200688 0.698921
vt 0.203429 0.685280
vt 0.144961 0.707226
vt 0.145682 0.695155
vt 0.083987 0.689252
vt 0.095572 0.681544
vt 0.025350 0.636016
vt 0.039237 0.635133
vt 0.002906 0.584337
vt 0.014752 0.581909
vt 0.004486 0.520789
vt 0.014930 0.529984
vt 0.040752 0.450408
vt 0.045305 0.463627
vt 0.107371 0.407621
vt 0.104786 0.421556
vt 0.163057 0.399207
vt 0.177242 0.414137
vt 0.224032 0.417181
vt 0.232191 0.434457
vt 0.282668 0.470418
vt 0.268782 0.471300
vt 0.306831 0.545840
vt 0.293267 0.524523
vt 0.000000 0.756475
vt 0.000000 0.717896
vt 0.041667 0.717896
vt 0.041667 0.756475
vt 0.083333 0.717896
vt 0.083333 0.756475
vt 0.125000 0.717896
vt 0.125000 0.756475
vt 0.166666 0.717896
vt 0.166666 0.756475
vt 0.208333 0.717896
vt 0.208333 0.756475
vt 0.250000 0.717896
vt 0.250000 0.756475
vt 0.291666 0.717896
vt 0.291666 0.756475
vt 0.333333 0.717896
vt 0.333333 0.756475
vt 0.374999 0.717896
vt 0.374999 0.756475
vt 0.416666 0.717896
vt 0.416666 0.756475
vt 0.458333 0.717896
vt 0.458333 0.756475
vt 0.499999 0.717896
vt 0.499999 0.756475
vt 0.541666 0.717896
vt 0.541666 0.756475
vt 0.583333 0.717896
vt 0.583333 0.756475
vt 0.624999 0.717896
vt 0.624999 0.756475
vt 0.666666 0.717896
vt 0.666666 0.756475
vt 0.708333 0.717896
vt 0.708333 0.756475
vt 0.750000 0.717896
vt 0.750000 0.756475
vt 0.791666 0.717896
vt 0.791666 0.756475
vt 0.833333 0.717896
vt 0.833333 0.756475
vt 0.875000 0.717896
vt 0.875000 0.756475
vt 0.916667 0.717896
vt 0.916667 0.756475
vt 0.958333 0.717896
vt 0.958333 0.756475
vt 1.000000 0.717896
vt 1.000000 0.756475
vt 0.022701 0.878038
vt 0.015983 0.843205
vt 0.093361 0.843205
vt 0.100079 0.878038
vt 0.154756 0.843205
vt 0.154756 0.878038
vt 0.209428 0.843205
vt 0.216146 0.878038
vt 0.286806 0.843205
vt 0.270823 0.878038
vt 0.332213 0.878038
vt 0.348201 0.843205
vt 0.402873 0.843205
vt 0.409591 0.878038
vt 0.480252 0.843205
vt 0.464268 0.878038
vt 0.525659 0.878038
vt 0.557630 0.843205
vt 0.580336 0.878038
vt 0.635008 0.843205
vt 0.641726 0.878038
vt 0.696403 0.843205
vt 0.696403 0.878038
vt 0.751076 0.843205
vt 0.757794 0.878038
vt 0.828454 0.843205
vt 0.835172 0.878038
vt 0.889849 0.843205
vt 0.889849 0.878038
vt 0.928538 0.843205
vt 0.928538 0.878038
vt 0.020446 0.820771
vt 0.014406 0.779689
vt 0.084099 0.779689
vt 0.069693 0.820771
vt 0.124985 0.820771
vt 0.139385 0.779689
vt 0.188638 0.779689
vt 0.174231 0.820771
vt 0.229524 0.820771
vt 0.258330 0.779689
vt 0.299217 0.820771
vt 0.328023 0.779689
vt 0.368909 0.820771
vt 0.383309 0.779689
vt 0.432562 0.779689
vt 0.418156 0.820771
vt 0.473448 0.820771
vt 0.502255 0.779689
vt 0.522695 0.820771
vt 0.571947 0.779689
vt 0.577987 0.820771
vt 0.627234 0.779689
vt 0.627234 0.820771
vt 0.676486 0.779689
vt 0.682527 0.820771
vt 0.746180 0.779689
vt 0.752220 0.820771
vt 0.801466 0.779689
vt 0.801466 0.820771
vt 0.836312 0.779689
vt 0.836312 0.820771
vt 0.000000 0.707224
vt 0.041667 0.707224
vt 0.041667 0.768669
vt 0.000000 0.768669
vt 0.083333 0.707224
vt 0.083333 0.768669
vt 0.125000 0.707224
vt 0.125000 0.768669
vt 0.166666 0.707224
vt 0.166666 0.768669
vt 0.208333 0.707224
vt 0.208333 0.768669
vt 0.250000 0.707224
vt 0.250000 0.768669
vt 0.291666 0.707224
vt 0.291666 0.768669
vt 0.333333 0.707224
vt 0.333333 0.768669
vt 0.374999 0.707224
vt 0.374999 0.768669
vt 0.416666 0.707224
vt 0.416666 0.768669
vt 0.458333 0.707224
vt 0.458333 0.768669
vt 0.499999 0.707224
vt 0.499999 0.768669
vt 0.541666 0.707224
vt 0.541666 0.768669
vt 0.583333 0.707224
vt 0.583333 0.768669
vt 0.624999 0.707224
vt 0.624999 0.768669
vt 0.666666 0.707224
vt 0.666666 0.768669
vt 0.708333 0.707224
vt 0.708333 0.768669
vt 0.750000 0.707224
vt 0.750000 0.768669
vt 0.791666 0.707224
vt 0.791666 0.768669
vt 0.833333 0.707224
vt 0.833333 0.768669
vt 0.875000 0.707224
vt 0.875000 0.768669
vt 0.916667 0.707224
vt 0.916667 0.768669
vt 0.958333 0.707224
vt 0.958333 0.768669
vt 1.000000 0.707224
vt 1.000000 0.768669
vt 0.000000 0.832182
vt 0.038689 0.832182
vt 0.038689 0.887660
vt 0.000000 0.887660
vt 0.077378 0.832182
vt 0.077378 0.887660
vt 0.116067 0.832182
vt 0.116067 0.887660
vt 0.154756 0.832182
vt 0.154756 0.887660
vt 0.193445 0.832182
vt 0.193445 0.887660
vt 0.232134 0.832182
vt 0.232134 0.887660
vt 0.270823 0.832182
vt 0.270823 0.887660
vt 0.309512 0.832182
vt 0.309512 0.887660
vt 0.348201 0.832182
vt 0.348201 0.887660
vt 0.386890 0.832182
vt 0.386890 0.887660
vt 0.425579 0.832182
vt 0.425579 0.887660
vt 0.464268 0.832182
vt 0.464268 0.887660
vt 0.502958 0.832182
vt 0.502958 0.887660
vt 0.541647 0.832182
vt 0.541647 0.887660
vt 0.580336 0.832182
vt 0.580336 0.887660
vt 0.619025 0.832182
vt 0.619025 0.887660
vt 0.657714 0.832182
vt 0.657714 0.887660
vt 0.696403 0.832182
vt 0.696403 0.887660
vt 0.735093 0.832182
vt 0.735093 0.887660
vt 0.773782 0.832182
vt 0.773782 0.887660
vt 0.812471 0.832182
vt 0.812471 0.887660
vt 0.851160 0.832182
vt 0.851160 0.887660
vt 0.889849 0.832182
vt 0.889849 0.887660
vt 0.928538 0.832182
vt 0.928538 0.887660
vt 0.034846 0.768669
vt 0.034846 0.832182
vt 0.069693 0.768669
vt 0.069693 0.832182
vt 0.104539 0.768669
vt 0.104539 0.832182
vt 0.139385 0.768669
vt 0.139385 0.832182
vt 0.174231 0.768669
vt 0.174231 0.832182
vt 0.209078 0.768669
vt 0.209078 0.832182
vt 0.243924 0.768669
vt 0.243924 0.832182
vt 0.278770 0.768669
vt 0.278770 0.832182
vt 0.313617 0.768669
vt 0.313617 0.832182
vt 0.348463 0.768669
vt 0.348463 0.832182
vt 0.383309 0.768669
vt 0.383309 0.832182
vt 0.418156 0.768669
vt 0.418156 0.832182
vt 0.453002 0.768669
vt 0.453002 0.832182
vt 0.487848 0.768669
vt 0.487848 0.832182
vt 0.522695 0.768669
vt 0.522695 0.832182
vt 0.557541 0.768669
vt 0.557541 0.832182
vt 0.592387 0.768669
vt 0.592387 0.832182
vt 0.627234 0.768669
vt 0.627234 0.832182
vt 0.662080 0.768669
vt 0.662080 0.832182
vt 0.696927 0.768669
vt 0.696927 0.832182
vt 0.731773 0.768669
vt 0.731773 0.832182
vt 0.766620 0.768669
vt 0.766620 0.832182
vt 0.801466 0.768669
vt 0.801466 0.832182
vt 0.836312 0.768669
vt 0.836312 0.832182
s 1
usemtl barrel_low_initialShadingGroup
f 2752/3039/2430 2754/3041/2432 2753/3040/2431
f 2753/3040/2431 2755/3042/2433 2752/3039/2430
f 2755/3042/2433 2753/3040/2431 2756/3043/2434
f 2755/3042/2433 2756/3043/2434 2757/3044/2435
f 2757/3044/2435 2758/3045/2436 2755/3042/2433
f 2758/3045/2436 2757/3044/2435 2759/3046/2437
f 2758/3045/2436 2759/3046/2437 2760/3047/2438
f 2760/3048/2438 2761/3050/2439 2758/3049/2436
f 2761/3050/2439 2760/3048/2438 2762/3051/2440
f 2762/3051/2440 2763/3052/2441 2761/3050/2439
f 2763/3052/2441 2762/3051/2440 2764/3053/2442
f 2763/3052/2441 2764/3053/2442 2765/3054/2443
f 2765/3054/2443 2766/3055/2444 2763/3052/2441
f 2766/3055/2444 2765/3054/2443 2767/3056/2445
f 2766/3055/2444 2767/3056/2445 2768/3057/2446
f 2768/3057/2446 2769/3058/2447 2766/3055/2444
f 2769/3058/2447 2768/3057/2446 2770/3059/2448
f 2769/3058/2447 2770/3059/2448 2771/3060/2449
f 2771/3060/2449 2772/3061/2450 2769/3058/2447
f 2772/3061/2450 2771/3060/2449 2773/3062/2451
f 2772/3061/2450 2773/3062/2451 2774/3063/2452
f 2774/3063/2452 2775/3064/2453 2772/3061/2450
f 2775/3064/2453 2774/3063/2452 2776/3065/2454
f 2775/3064/2453 2776/3065/2454 2777/3066/2455
f 2777/3066/2455 2778/3067/2456 2775/3064/2453
f 2778/3067/2456 2777/3066/2455 2779/3068/2457
f 2778/3067/2456 2779/3068/2457 2780/3069/2458
f 2780/3069/2458 2781/3070/2459 2778/3067/2456
f 2781/3070/2459 2780/3069/2458 2782/3071/2460
f 2782/3071/2460 2783/3072/2461 2781/3070/2459
f 2783/3072/2461 2782/3071/2460 2784/3073/2462
f 2783/3072/2461 2784/3073/2462 2785/3074/2463
f 2785/3074/2463 2786/3075/2464 2783/3072/2461
f 2786/3075/2464 2785/3074/2463 2787/3076/2465
f 2786/3075/2464 2787/3076/2465 2788/3077/2466
f 2788/3077/2466 2752/3039/2430 2786/3075/2464
f 2752/3039/2430 2788/3077/2466 2754/3041/2432
f 2789/3078/2467 2753/3040/2431 2754/3041/2432
f 2759/3046/2437 2757/3044/2435 2790/3079/2468
f 2790/3079/2468 2760/3047/2438 2759/3046/2437
f 2764/3053/2442 2762/3051/2440 2791/3080/2469
f 2791/3080/2469 2765/3054/2443 2764/3053/2442
f 2767/3056/2445 2765/3054/2443 2792/3081/2470
f 2792/3081/2470 2768/3057/2446 2767/3056/2445
f 2773/3062/2451 2771/3060/2449 2793/3082/2471
f 2793/3082/2471 2774/3063/2452 2773/3062/2451
f 2776/3065/2454 2774/3063/2452 2794/3083/2472
f 2794/3083/2472 2777/3066/2455 2776/3065/2454
f 2784/3073/2462 2782/3071/2460 2795/3084/2473
f 2795/3084/2473 2785/3074/2463 2784/3073/2462
f 2754/3041/2432 2788/3077/2466 2789/3078/2467
f 2797/3085/2474 2753/3040/2431 2789/3078/2467
f 2753/3040/2431 2797/3085/2474 2796/3086/2475
f 2796/3086/2475 2756/3043/2434 2753/3040/2431
f 2756/3043/2434 2796/3086/2475 2798/3087/2476
f 2798/3087/2476 2757/3044/2435 2756/3043/2434
f 2757/3044/2435 2798/3087/2476 2799/3088/2477
f 2799/3088/2477 2790/3079/2468 2757/3044/2435
f 2790/3079/2468 2799/3088/2477 2800/3089/2478
f 2800/3089/2478 2760/3047/2438 2790/3079/2468
f 2760/3047/2438 2800/3089/2478 2801/3090/2479
f 2801/3091/2479 2762/3051/2440 2760/3048/2438
f 2762/3051/2440 2801/3091/2479 2802/3092/2480
f 2802/3092/2480 2791/3080/2469 2762/3051/2440
f 2791/3080/2469 2802/3092/2480 2803/3093/2481
f 2803/3093/2481 2765/3054/2443 2791/3080/2469
f 2765/3054/2443 2803/3093/2481 2804/3094/2482
f 2804/3094/2482 2792/3081/2470 2765/3054/2443
f 2792/3081/2470 2804/3094/2482 2805/3095/2483
f 2805/3095/2483 2768/3057/2446 2792/3081/2470
f 2768/3057/2446 2805/3095/2483 2806/3096/2484
f 2806/3096/2484 2770/3059/2448 2768/3057/2446
f 2770/3059/2448 2806/3096/2484 2807/3097/2485
f 2807/3097/2485 2771/3060/2449 2770/3059/2448
f 2771/3060/2449 2807/3097/2485 2808/3098/2486
f 2808/3098/2486 2793/3082/2471 2771/3060/2449
f 2793/3082/2471 2808/3098/2486 2809/3099/2487
f 2809/3099/2487 2774/3063/2452 2793/3082/2471
f 2774/3063/2452 2809/3099/2487 2810/3100/2488
f 2810/3100/2488 2794/3083/2472 2774/3063/2452
f 2794/3083/2472 2810/3100/2488 2811/3101/2489
f 2811/3101/2489 2777/3066/2455 2794/3083/2472
f 2777/3066/2455 2811/3101/2489 2812/3102/2490
f 2812/3102/2490 2779/3068/2457 2777/3066/2455
f 2779/3068/2457 2812/3102/2490 2813/3103/2491
f 2813/3103/2491 2780/3069/2458 2779/3068/2457
f 2780/3069/2458 2813/3103/2491 2814/3104/2492
f 2814/3104/2492 2782/3071/2460 2780/3069/2458
f 2782/3071/2460 2814/3104/2492 2815/3105/2493
f 2815/3105/2493 2795/3084/2473 2782/3071/2460
f 2795/3084/2473 2815/3105/2493 2816/3106/2494
f 2816/3106/2494 2785/3074/2463 2795/3084/2473
f 2785/3074/2463 2816/3106/2494 2817/3107/2495
f 2817/3107/2495 2787/3076/2465 2785/3074/2463
f 2787/3076/2465 2817/3107/2495 2818/3108/2496
f 2818/3108/2496 2788/3077/2466 2787/3076/2465
f 2788/3077/2466 2818/3108/2496 2819/3109/2497
f 2819/3109/2497 2789/3078/2467 2788/3077/2466
f 2789/3078/2467 2819/3109/2497 2797/3085/2474
f 2800/3089/2478 2799/3088/2477 2820/3110/2498
f 2820/3110/2498 2801/3090/2479 2800/3089/2478
f 2803/3093/2481 2802/3092/2480 2821/3111/2499
f 2821/3111/2499 2804/3094/2482 2803/3093/2481
f 2805/3095/2483 2804/3094/2482 2822/3112/2500
f 2822/3112/2500 2806/3096/2484 2805/3095/2483
f 2806/3096/2484 2822/3112/2500 2823/3113/2501
f 2823/3113/2501 2807/3097/2485 2806/3096/2484
f 2812/3102/2490 2811/3101/2489 2824/3114/2502
f 2824/3114/2502 2813/3103/2491 2812/3102/2490
f 2816/3106/2494 2815/3105/2493 2825/3115/2503
f 2825/3115/2503 2817/3107/2495 2816/3106/2494
f 2826/3116/2504 2796/3086/2475 2797/3085/2474
f 2826/3116/2504 2798/3087/2476 2796/3086/2475
f 2798/3087/2476 2826/3116/2504 2827/3117/2505
f 2827/3117/2505 2799/3088/2477 2798/3087/2476
f 2799/3088/2477 2827/3117/2505 2828/3118/2506
f 2828/3118/2506 2820/3110/2498 2799/3088/2477
f 2828/3118/2506 2801/3090/2479 2820/3110/2498
f 2801/3090/2479 2828/3118/2506 2829/3119/2507
f 2829/3120/2507 2802/3092/2480 2801/3091/2479
f 2802/3092/2480 2829/3120/2507 2830/3121/2508
f 2830/3121/2508 2821/3111/2499 2802/3092/2480
f 2830/3121/2508 2804/3094/2482 2821/3111/2499
f 2804/3094/2482 2830/3121/2508 2831/3122/2509
f 2831/3122/2509 2822/3112/2500 2804/3094/2482
f 2831/3122/2509 2823/3113/2501 2822/3112/2500
f 2823/3113/2501 2831/3122/2509 2832/3123/2510
f 2832/3123/2510 2807/3097/2485 2823/3113/2501
f 2807/3097/2485 2832/3123/2510 2833/3124/2511
f 2833/3124/2511 2808/3098/2486 2807/3097/2485
f 2833/3124/2511 2809/3099/2487 2808/3098/2486
f 2809/3099/2487 2833/3124/2511 2834/3125/2512
f 2834/3125/2512 2810/3100/2488 2809/3099/2487
f 2834/3125/2512 2811/3101/2489 2810/3100/2488
f 2811/3101/2489 2834/3125/2512 2835/3126/2513
f 2835/3126/2513 2824/3114/2502 2811/3101/2489
f 2835/3126/2513 2813/3103/2491 2824/3114/2502
f 2813/3103/2491 2835/3126/2513 2836/3127/2514
f 2836/3127/2514 2814/3104/2492 2813/3103/2491
f 2814/3104/2492 2836/3127/2514 2837/3128/2515
f 2837/3128/2515 2815/3105/2493 2814/3104/2492
f 2837/3128/2515 2825/3115/2503 2815/3105/2493
f 2825/3115/2503 2837/3128/2515 2838/3129/2516
f 2838/3129/2516 2817/3107/2495 2825/3115/2503
f 2838/3129/2516 2818/3108/2496 2817/3107/2495
f 2818/3108/2496 2838/3129/2516 2839/3130/2517
f 2839/3130/2517 2819/3109/2497 2818/3108/2496
f 2839/3130/2517 2797/3085/2474 2819/3109/2497
f 2797/3085/2474 2839/3130/2517 2826/3116/2504
f 2840/3131/2518 2842/3133/2520 2841/3132/2519
f 2843/3134/2521 2842/3133/2520 2840/3131/2518
f 2845/3135/2522 2842/3133/2520 2844/3136/2523
f 2846/3137/2524 2842/3133/2520 2845/3135/2522
f 2847/3138/2525 2842/3133/2520 2846/3137/2524
f 2848/3139/2526 2842/3133/2520 2847/3138/2525
f 2849/3140/2527 2842/3133/2520 2848/3139/2526
f 2850/3141/2528 2842/3133/2520 2849/3140/2527
f 2851/3142/2529 2842/3133/2520 2850/3141/2528
f 2852/3143/2530 2842/3133/2520 2851/3142/2529
f 2841/3132/2519 2842/3133/2520 2852/3143/2530
f 2853/3144/2531 2855/3146/2533 2854/3145/2532
f 2856/3147/2534 2855/3146/2533 2857/3148/2535
f 2857/3148/2535 2855/3146/2533 2858/3149/2536
f 2858/3149/2536 2855/3146/2533 2859/3150/2537
f 2859/3150/2537 2855/3146/2533 2860/3151/2538
f 2860/3151/2538 2855/3146/2533 2861/3152/2539
f 2861/3152/2539 2855/3146/2533 2862/3153/2540
f 2862/3153/2540 2855/3146/2533 2863/3154/2541
f 2863/3154/2541 2855/3146/2533 2864/3155/2542
f 2864/3155/2542 2855/3146/2533 2865/3156/2543
f 2865/3156/2543 2855/3146/2533 2866/3157/2544
f 2866/3157/2544 2855/3146/2533 2853/3144/2531
f 2868/3158/2545 2752/3160/2430 2755/3159/2433
f 2752/3160/2430 2868/3158/2545 2867/3161/2546
f 2755/3159/2433 2869/3162/2547 2868/3158/2545
f 2869/3162/2547 2755/3159/2433 2758/3163/2436
f 2758/3163/2436 2870/3164/2548 2869/3162/2547
f 2870/3164/2548 2758/3163/2436 2761/3165/2439
f 2871/3166/2549 2761/3165/2439 2763/3167/2441
f 2761/3165/2439 2871/3166/2549 2870/3164/2548
f 2872/3168/2550 2763/3167/2441 2766/3169/2444
f 2763/3167/2441 2872/3168/2550 2871/3166/2549
f 2766/3169/2444 2873/3170/2551 2872/3168/2550
f 2873/3170/2551 2766/3169/2444 2769/3171/2447
f 2769/3171/2447 2874/3172/2552 2873/3170/2551
f 2875/3173/2553 2769/3171/2447 2772/3174/2450
f 2769/3171/2447 2875/3173/2553 2874/3172/2552
f 2876/3175/2554 2772/3174/2450 2775/3176/2453
f 2772/3174/2450 2876/3175/2554 2875/3173/2553
f 2775/3176/2453 2877/3177/2555 2876/3175/2554
f 2877/3177/2555 2775/3176/2453 2778/3178/2456
f 2778/3178/2456 2878/3179/2556 2877/3177/2555
f 2878/3179/2556 2778/3178/2456 2781/3180/2459
f 2879/3181/2557 2781/3180/2459 2783/3182/2461
f 2781/3180/2459 2879/3181/2557 2878/3179/2556
f 2880/3183/2558 2783/3182/2461 2786/3184/2464
f 2783/3182/2461 2880/3183/2558 2879/3181/2557
f 2867/3161/2546 2786/3184/2464 2752/3160/2430
f 2786/3184/2464 2867/3161/2546 2880/3183/2558
f 2826/3185/2504 2882/3187/2560 2881/3186/2559
f 2881/3186/2559 2827/3188/2505 2826/3185/2504
f 2881/3186/2559 2828/3189/2506 2827/3188/2505
f 2828/3189/2506 2881/3186/2559 2883/3190/2561
f 2883/3190/2561 2829/3191/2507 2828/3189/2506
f 2829/3191/2507 2883/3190/2561 2884/3192/2562
f 2884/3192/2562 2830/3193/2508 2829/3191/2507
f 2830/3193/2508 2884/3192/2562 2885/3194/2563
f 2885/3194/2563 2831/3195/2509 2830/3193/2508
f 2831/3195/2509 2885/3194/2563 2886/3196/2564
f 2886/3196/2564 2832/3197/2510 2831/3195/2509
f 2832/3197/2510 2886/3196/2564 2887/3198/2565
f 2887/3198/2565 2833/3199/2511 2832/3197/2510
f 2833/3199/2511 2887/3198/2565 2888/3200/2566
f 2888/3200/2566 2834/3201/2512 2833/3199/2511
f 2834/3201/2512 2888/3200/2566 2889/3202/2567
f 2889/3202/2567 2835/3203/2513 2834/3201/2512
f 2835/3203/2513 2889/3202/2567 2890/3204/2568
f 2890/3204/2568 2836/3205/2514 2835/3203/2513
f 2836/3205/2514 2890/3204/2568 2891/3206/2569
f 2891/3206/2569 2837/3207/2515 2836/3205/2514
f 2837/3207/2515 2891/3206/2569 2892/3208/2570
f 2892/3208/2570 2838/3209/2516 2837/3207/2515
f 2838/3209/2516 2892/3208/2570 2893/3210/2571
f 2893/3210/2571 2839/3211/2517 2838/3209/2516
f 2839/3211/2517 2893/3210/2571 2894/3212/2572
f 2839/3211/2517 2894/3212/2572 2882/3187/2560
f 2882/3187/2560 2826/3185/2504 2839/3211/2517
f 2867/3161/2546 2840/3131/2518 2841/3132/2519
f 2840/3131/2518 2867/3161/2546 2868/3158/2545
f 2843/3134/2521 2868/3158/2545 2869/3162/2547
f 2868/3158/2545 2843/3134/2521 2840/3131/2518
f 2842/3133/2520 2869/3162/2547 2870/3164/2548
f 2869/3162/2547 2842/3133/2520 2843/3134/2521
f 2870/3164/2548 2844/3136/2523 2842/3133/2520
f 2844/3136/2523 2870/3164/2548 2871/3166/2549
f 2871/3166/2549 2845/3135/2522 2844/3136/2523
f 2845/3135/2522 2871/3166/2549 2872/3168/2550
f 2846/3137/2524 2872/3168/2550 2873/3170/2551
f 2872/3168/2550 2846/3137/2524 2845/3135/2522
f 2847/3138/2525 2873/3170/2551 2874/3172/2552
f 2873/3170/2551 2847/3138/2525 2846/3137/2524
f 2848/3139/2526 2874/3172/2552 2875/3173/2553
f 2874/3172/2552 2848/3139/2526 2847/3138/2525
f 2849/3140/2527 2875/3173/2553 2876/3175/2554
f 2875/3173/2553 2849/3140/2527 2848/3139/2526
f 2849/3140/2527 2876/3175/2554 2877/3177/2555
f 2877/3177/2555 2850/3141/2528 2849/3140/2527
f 2850/3141/2528 2877/3177/2555 2878/3179/2556
f 2878/3179/2556 2851/3142/2529 2850/3141/2528
f 2851/3142/2529 2878/3179/2556 2879/3181/2557
f 2879/3181/2557 2852/3143/2530 2851/3142/2529
f 2852/3143/2530 2879/3181/2557 2880/3183/2558
f 2880/3183/2558 2841/3132/2519 2852/3143/2530
f 2841/3132/2519 2880/3183/2558 2867/3161/2546
f 2853/3144/2531 2881/3186/2559 2882/3187/2560
f 2881/3186/2559 2853/3144/2531 2854/3145/2532
f 2854/3145/2532 2883/3190/2561 2881/3186/2559
f 2883/3190/2561 2854/3145/2532 2855/3146/2533
f 2855/3146/2533 2884/3192/2562 2883/3190/2561
f 2884/3192/2562 2855/3146/2533 2856/3147/2534
f 2856/3147/2534 2885/3194/2563 2884/3192/2562
f 2885/3194/2563 2856/3147/2534 2857/3148/2535
f 2857/3148/2535 2886/3196/2564 2885/3194/2563
f 2886/3196/2564 2857/3148/2535 2858/3149/2536
f 2858/3149/2536 2887/3198/2565 2886/3196/2564
f 2858/3149/2536 2888/3200/2566 2887/3198/2565
f 2888/3200/2566 2858/3149/2536 2859/3150/2537
f 2888/3200/2566 2859/3150/2537 2860/3151/2538
f 2860/3151/2538 2889/3202/2567 2888/3200/2566
f 2889/3202/2567 2860/3151/2538 2861/3152/2539
f 2861/3152/2539 2890/3204/2568 2889/3202/2567
f 2890/3204/2568 2861/3152/2539 2862/3153/2540
f 2862/3153/2540 2891/3206/2569 2890/3204/2568
f 2891/3206/2569 2862/3153/2540 2863/3154/2541
f 2863/3154/2541 2892/3208/2570 2891/3206/2569
f 2892/3208/2570 2863/3154/2541 2864/3155/2542
f 2864/3155/2542 2893/3210/2571 2892/3208/2570
f 2893/3210/2571 2864/3155/2542 2865/3156/2543
f 2865/3156/2543 2894/3212/2572 2893/3210/2571
f 2894/3212/2572 2865/3156/2543 2866/3157/2544
f 2866/3157/2544 2882/3187/2560 2894/3212/2572
f 2882/3187/2560 2866/3157/2544 2853/3144/2531
f 2898/3213/2573 2896/3215/2575 2895/3214/2574
f 2896/3215/2575 2898/3213/2573 2897/3216/2576
f 2897/3216/2576 2899/3217/2577 2896/3215/2575
f 2899/3217/2577 2897/3216/2576 2900/3218/2578
f 2900/3218/2578 2901/3219/2579 2899/3217/2577
f 2901/3219/2579 2900/3218/2578 2902/3220/2580
f 2902/3220/2580 2903/3221/2581 2901/3219/2579
f 2903/3221/2581 2902/3220/2580 2904/3222/2582
f 2904/3222/2582 2905/3223/2583 2903/3221/2581
f 2905/3223/2583 2904/3222/2582 2906/3224/2584
f 2906/3224/2584 2907/3225/2585 2905/3223/2583
f 2907/3225/2585 2906/3224/2584 2908/3226/2586
f 2908/3226/2586 2909/3227/2587 2907/3225/2585
f 2909/3227/2587 2908/3226/2586 2910/3228/2588
f 2910/3228/2588 2911/3229/2589 2909/3227/2587
f 2911/3229/2589 2910/3228/2588 2912/3230/2590
f 2912/3230/2590 2913/3231/2591 2911/3229/2589
f 2913/3231/2591 2912/3230/2590 2914/3232/2592
f 2914/3232/2592 2915/3233/2593 2913/3231/2591
f 2915/3233/2593 2914/3232/2592 2916/3234/2594
f 2916/3234/2594 2917/3235/2595 2915/3233/2593
f 2917/3235/2595 2916/3234/2594 2918/3236/2596
f 2918/3236/2596 2919/3237/2597 2917/3235/2595
f 2919/3237/2597 2918/3236/2596 2920/3238/2598
f 2920/3238/2598 2921/3239/2599 2919/3237/2597
f 2921/3239/2599 2920/3238/2598 2922/3240/2600
f 2922/3240/2600 2923/3241/2601 2921/3239/2599
f 2923/3241/2601 2922/3240/2600 2924/3242/2602
f 2924/3242/2602 2925/3243/2603 2923/3241/2601
f 2925/3243/2603 2924/3242/2602 2926/3244/2604
f 2926/3244/2604 2927/3245/2605 2925/3243/2603
f 2927/3245/2605 2926/3244/2604 2928/3246/2606
f 2928/3246/2606 2929/3247/2607 2927/3245/2605
f 2929/3247/2607 2928/3246/2606 2930/3248/2608
f 2930/3248/2608 2931/3249/2609 2929/3247/2607
f 2931/3249/2609 2930/3248/2608 2932/3250/2610
f 2932/3250/2610 2933/3251/2611 2931/3249/2609
f 2933/3251/2611 2932/3250/2610 2934/3252/2612
f 2934/3252/2612 2935/3253/2613 2933/3251/2611
f 2935/3253/2613 2934/3252/2612 2936/3254/2614
f 2936/3254/2614 2937/3255/2615 2935/3253/2613
f 2937/3255/2615 2936/3254/2614 2938/3256/2616
f 2938/3256/2616 2939/3257/2617 2937/3255/2615
f 2939/3257/2617 2938/3256/2616 2940/3258/2618
f 2940/3258/2618 2941/3259/2619 2939/3257/2617
f 2941/3259/2619 2940/3258/2618 2942/3260/2620
f 2942/3260/2620 2895/3261/2574 2941/3259/2619
f 2895/3261/2574 2942/3260/2620 2898/3262/2573
f 2944/3263/2621 2945/3265/2623 2943/3264/2622
f 2945/3265/2623 2944/3263/2621 2946/3266/2624
f 2946/3266/2624 2947/3267/2625 2945/3265/2623
f 2947/3267/2625 2946/3266/2624 2948/3268/2626
f 2948/3268/2626 2949/3269/2627 2947/3267/2625
f 2949/3269/2627 2948/3268/2626 2950/3270/2628
f 2950/3270/2628 2951/3271/2629 2949/3269/2627
f 2951/3271/2629 2950/3270/2628 2952/3272/2630
f 2951/3271/2629 2952/3272/2630 2953/3273/2631
f 2953/3273/2631 2954/3274/2632 2951/3271/2629
f 2953/3273/2631 2955/3275/2633 2954/3274/2632
f 2955/3275/2633 2953/3273/2631 2956/3276/2634
f 2956/3276/2634 2957/3277/2635 2955/3275/2633
f 2957/3277/2635 2956/3276/2634 2958/3278/2636
f 2957/3277/2635 2958/3278/2636 2959/3279/2637
f 2959/3279/2637 2960/3280/2638 2957/3277/2635
f 2960/3280/2638 2959/3279/2637 2961/3281/2639
f 2961/3281/2639 2962/3282/2640 2960/3280/2638
f 2962/3282/2640 2961/3281/2639 2963/3283/2641
f 2963/3283/2641 2964/3284/2642 2962/3282/2640
f 2964/3284/2642 2963/3283/2641 2965/3285/2643
f 2965/3285/2643 2966/3286/2644 2964/3284/2642
f 2966/3286/2644 2965/3285/2643 2967/3287/2645
f 2967/3287/2645 2968/3288/2646 2966/3286/2644
f 2968/3288/2646 2967/3287/2645 2969/3289/2647
f 2969/3289/2647 2970/3290/2648 2968/3288/2646
f 2970/3290/2648 2969/3289/2647 2971/3291/2649
f 2971/3291/2649 2943/3292/2622 2970/3290/2648
f 2943/3292/2622 2971/3291/2649 2944/3293/2621
f 2973/3294/2650 2974/3296/2652 2972/3295/2651
f 2974/3296/2652 2973/3294/2650 2975/3297/2653
f 2974/3296/2652 2975/3297/2653 2976/3298/2654
f 2976/3298/2654 2977/3299/2655 2974/3296/2652
f 2976/3298/2654 2978/3300/2656 2977/3299/2655
f 2978/3300/2656 2976/3298/2654 2979/3301/2657
f 2978/3300/2656 2979/3301/2657 2980/3302/2658
f 2980/3302/2658 2981/3303/2659 2978/3300/2656
f 2981/3303/2659 2980/3302/2658 2982/3304/2660
f 2982/3304/2660 2983/3305/2661 2981/3303/2659
f 2983/3305/2661 2982/3304/2660 2984/3306/2662
f 2984/3306/2662 2985/3307/2663 2983/3305/2661
f 2984/3306/2662 2986/3308/2664 2985/3307/2663
f 2986/3308/2664 2984/3306/2662 2987/3309/2665
f 2986/3308/2664 2987/3309/2665 2988/3310/2666
f 2988/3310/2666 2989/3311/2667 2986/3308/2664
f 2989/3311/2667 2988/3310/2666 2990/3312/2668
f 2990/3312/2668 2991/3313/2669 2989/3311/2667
f 2991/3313/2669 2990/3312/2668 2992/3314/2670
f 2992/3314/2670 2993/3315/2671 2991/3313/2669
f 2993/3315/2671 2992/3314/2670 2994/3316/2672
f 2994/3316/2672 2995/3317/2673 2993/3315/2671
f 2995/3317/2673 2994/3316/2672 2996/3318/2674
f 2996/3318/2674 2997/3319/2675 2995/3317/2673
f 2997/3319/2675 2996/3318/2674 2998/3320/2676
f 2998/3320/2676 2999/3321/2677 2997/3319/2675
f 2999/3321/2677 2998/3320/2676 3000/3322/2678
f 3000/3322/2678 2972/3323/2651 2999/3321/2677
f 2972/3323/2651 3000/3322/2678 2973/3324/2650
f 2895/3214/2574 3002/3326/2679 3001/3325/2679
f 3002/3326/2679 2895/3214/2574 2896/3215/2575
f 2897/3216/2576 3004/3328/2680 3003/3327/2680
f 3004/3328/2680 2897/3216/2576 2898/3213/2573
f 2896/3215/2575 3005/3329/2679 3002/3326/2679
f 3005/3329/2679 2896/3215/2575 2899/3217/2577
f 2900/3218/2578 3003/3327/2680 3006/3330/2680
f 3003/3327/2680 2900/3218/2578 2897/3216/2576
f 2899/3217/2577 3007/3331/2679 3005/3329/2679
f 3007/3331/2679 2899/3217/2577 2901/3219/2579
f 2902/3220/2580 3006/3330/2680 3008/3332/2680
f 3006/3330/2680 2902/3220/2580 2900/3218/2578
f 2901/3219/2579 3009/3333/2679 3007/3331/2679
f 3009/3333/2679 2901/3219/2579 2903/3221/2581
f 2904/3222/2582 3008/3332/2680 3010/3334/2680
f 3008/3332/2680 2904/3222/2582 2902/3220/2580
f 2903/3221/2581 3011/3335/2679 3009/3333/2679
f 3011/3335/2679 2903/3221/2581 2905/3223/2583
f 2906/3224/2584 3010/3334/2680 3012/3336/2680
f 3010/3334/2680 2906/3224/2584 2904/3222/2582
f 2905/3223/2583 3013/3337/2679 3011/3335/2679
f 3013/3337/2679 2905/3223/2583 2907/3225/2585
f 2908/3226/2586 3012/3336/2680 3014/3338/2680
f 3012/3336/2680 2908/3226/2586 2906/3224/2584
f 2907/3225/2585 3015/3339/2679 3013/3337/2679
f 3015/3339/2679 2907/3225/2585 2909/3227/2587
f 2910/3228/2588 3014/3338/2680 3016/3340/2680
f 3014/3338/2680 2910/3228/2588 2908/3226/2586
f 2909/3227/2587 3017/3341/2679 3015/3339/2679
f 3017/3341/2679 2909/3227/2587 2911/3229/2589
f 2912/3230/2590 3016/3340/2680 3018/3342/2680
f 3016/3340/2680 2912/3230/2590 2910/3228/2588
f 2911/3229/2589 3019/3343/2679 3017/3341/2679
f 3019/3343/2679 2911/3229/2589 2913/3231/2591
f 2914/3232/2592 3018/3342/2680 3020/3344/2680
f 3018/3342/2680 2914/3232/2592 2912/3230/2590
f 2913/3231/2591 3021/3345/2679 3019/3343/2679
f 3021/3345/2679 2913/3231/2591 2915/3233/2593
f 2916/3234/2594 3020/3344/2680 3022/3346/2680
f 3020/3344/2680 2916/3234/2594 2914/3232/2592
f 2915/3233/2593 3023/3347/2679 3021/3345/2679
f 3023/3347/2679 2915/3233/2593 2917/3235/2595
f 2918/3236/2596 3022/3346/2680 3024/3348/2680
f 3022/3346/2680 2918/3236/2596 2916/3234/2594
f 2917/3235/2595 3025/3349/2679 3023/3347/2679
f 3025/3349/2679 2917/3235/2595 2919/3237/2597
f 2920/3238/2598 3024/3348/2680 3026/3350/2680
f 3024/3348/2680 2920/3238/2598 2918/3236/2596
f 2919/3237/2597 3027/3351/2679 3025/3349/2679
f 3027/3351/2679 2919/3237/2597 2921/3239/2599
f 2922/3240/2600 3026/3350/2680 3028/3352/2680
f 3026/3350/2680 2922/3240/2600 2920/3238/2598
f 2921/3239/2599 3029/3353/2679 3027/3351/2679
f 3029/3353/2679 2921/3239/2599 2923/3241/2601
f 2924/3242/2602 3028/3352/2680 3030/3354/2680
f 3028/3352/2680 2924/3242/2602 2922/3240/2600
f 2923/3241/2601 3031/3355/2679 3029/3353/2679
f 3031/3355/2679 2923/3241/2601 2925/3243/2603
f 2926/3244/2604 3030/3354/2680 3032/3356/2680
f 3030/3354/2680 2926/3244/2604 2924/3242/2602
f 2925/3243/2603 3033/3357/2679 3031/3355/2679
f 3033/3357/2679 2925/3243/2603 2927/3245/2605
f 2928/3246/2606 3032/3356/2680 3034/3358/2680
f 3032/3356/2680 2928/3246/2606 2926/3244/2604
f 2927/3245/2605 3035/3359/2679 3033/3357/2679
f 3035/3359/2679 2927/3245/2605 2929/3247/2607
f 2930/3248/2608 3034/3358/2680 3036/3360/2680
f 3034/3358/2680 2930/3248/2608 2928/3246/2606
f 2929/3247/2607 3037/3361/2679 3035/3359/2679
f 3037/3361/2679 2929/3247/2607 2931/3249/2609
f 2932/3250/2610 3036/3360/2680 3038/3362/2680
f 3036/3360/2680 2932/3250/2610 2930/3248/2608
f 2931/3249/2609 3039/3363/2679 3037/3361/2679
f 3039/3363/2679 2931/3249/2609 2933/3251/2611
f 2934/3252/2612 3038/3362/2680 3040/3364/2680
f 3038/3362/2680 2934/3252/2612 2932/3250/2610
f 2933/3251/2611 3041/3365/2679 3039/3363/2679
f 3041/3365/2679 2933/3251/2611 2935/3253/2613
f 2936/3254/2614 3040/3364/2680 3042/3366/2680
f 3040/3364/2680 2936/3254/2614 2934/3252/2612
f 2935/3253/2613 3043/3367/2679 3041/3365/2679
f 3043/3367/2679 2935/3253/2613 2937/3255/2615
f 2938/3256/2616 3042/3366/2680 3044/3368/2680
f 3042/3366/2680 2938/3256/2616 2936/3254/2614
f 2937/3255/2615 3045/3369/2679 3043/3367/2679
f 3045/3369/2679 2937/3255/2615 2939/3257/2617
f 2940/3258/2618 3044/3368/2680 3046/3370/2680
f 3044/3368/2680 2940/3258/2618 2938/3256/2616
f 2939/3257/2617 3047/3371/2679 3045/3369/2679
f 3047/3371/2679 2939/3257/2617 2941/3259/2619
f 2942/3260/2620 3046/3370/2680 3048/3372/2680
f 3046/3370/2680 2942/3260/2620 2940/3258/2618
f 2941/3259/2619 3001/3373/2679 3047/3371/2679
f 3001/3373/2679 2941/3259/2619 2895/3261/2574
f 2898/3262/2573 3048/3372/2680 3004/3374/2680
f 3048/3372/2680 2898/3262/2573 2942/3260/2620
f 2943/3264/2622 3050/3376/2682 3049/3375/2681
f 2944/3263/2621 3052/3378/2684 3051/3377/2683
f 2943/3264/2622 3053/3379/2685 3050/3376/2682
f 3053/3379/2685 2943/3264/2622 2945/3265/2623
f 2946/3266/2624 3051/3377/2683 3054/3380/2686
f 3051/3377/2683 2946/3266/2624 2944/3263/2621
f 2945/3265/2623 3055/3381/2687 3053/3379/2685
f 2946/3266/2624 3054/3380/2686 3056/3382/2688
f 2945/3265/2623 3057/3383/2689 3055/3381/2687
f 3057/3383/2689 2945/3265/2623 2947/3267/2625
f 2948/3268/2626 3056/3382/2688 3058/3384/2690
f 3056/3382/2688 2948/3268/2626 2946/3266/2624
f 2947/3267/2625 3059/3385/2691 3057/3383/2689
f 3059/3385/2691 2947/3267/2625 2949/3269/2627
f 2950/3270/2628 3058/3384/2690 3060/3386/2692
f 3058/3384/2690 2950/3270/2628 2948/3268/2626
f 2949/3269/2627 3061/3387/2693 3059/3385/2691
f 2950/3270/2628 3060/3386/2692 3062/3388/2694
f 2949/3269/2627 3063/3389/2695 3061/3387/2693
f 3063/3389/2695 2949/3269/2627 2951/3271/2629
f 2952/3272/2630 3062/3388/2694 3064/3390/2696
f 3062/3388/2694 2952/3272/2630 2950/3270/2628
f 2951/3271/2629 3065/3391/2697 3063/3389/2695
f 2953/3273/2631 3064/3390/2696 3066/3392/2698
f 3064/3390/2696 2953/3273/2631 2952/3272/2630
f 2951/3271/2629 3067/3393/2699 3065/3391/2697
f 3067/3393/2699 2951/3271/2629 2954/3274/2632
f 2953/3273/2631 3066/3392/2698 3068/3394/2700
f 2954/3274/2632 3069/3395/2701 3067/3393/2699
f 3069/3395/2701 2954/3274/2632 2955/3275/2633
f 2956/3276/2634 3068/3394/2700 3070/3396/2702
f 3068/3394/2700 2956/3276/2634 2953/3273/2631
f 2955/3275/2633 3071/3397/2703 3069/3395/2701
f 2956/3276/2634 3070/3396/2702 3072/3398/2704
f 2955/3275/2633 3073/3399/2705 3071/3397/2703
f 3073/3399/2705 2955/3275/2633 2957/3277/2635
f 2958/3278/2636 3072/3398/2704 3074/3400/2706
f 3072/3398/2704 2958/3278/2636 2956/3276/2634
f 2957/3277/2635 3075/3401/2707 3073/3399/2705
f 2959/3279/2637 3074/3400/2706 3076/3402/2708
f 3074/3400/2706 2959/3279/2637 2958/3278/2636
f 2957/3277/2635 3077/3403/2709 3075/3401/2707
f 3077/3403/2709 2957/3277/2635 2960/3280/2638
f 2959/3279/2637 3076/3402/2708 3078/3404/2710
f 2960/3280/2638 3079/3405/2711 3077/3403/2709
f 2961/3281/2639 3078/3404/2710 3080/3406/2712
f 3078/3404/2710 2961/3281/2639 2959/3279/2637
f 2960/3280/2638 3081/3407/2713 3079/3405/2711
f 3081/3407/2713 2960/3280/2638 2962/3282/2640
f 2963/3283/2641 3080/3406/2712 3082/3408/2714
f 3080/3406/2712 2963/3283/2641 2961/3281/2639
f 2962/3282/2640 3083/3409/2715 3081/3407/2713
f 2963/3283/2641 3082/3408/2714 3084/3410/2716
f 2962/3282/2640 3085/3411/2717 3083/3409/2715
f 3085/3411/2717 2962/3282/2640 2964/3284/2642
f 2965/3285/2643 3084/3410/2716 3086/3412/2718
f 3084/3410/2716 2965/3285/2643 2963/3283/2641
f 2964/3284/2642 3087/3413/2719 3085/3411/2717
f 3087/3413/2719 2964/3284/2642 2966/3286/2644
f 2967/3287/2645 3086/3412/2718 3088/3414/2720
f 3086/3412/2718 2967/3287/2645 2965/3285/2643
f 2966/3286/2644 3089/3415/2721 3087/3413/2719
f 2967/3287/2645 3088/3414/2720 3090/3416/2722
f 2966/3286/2644 3091/3417/2723 3089/3415/2721
f 3091/3417/2723 2966/3286/2644 2968/3288/2646
f 2969/3289/2647 3090/3416/2722 3092/3418/2724
f 3090/3416/2722 2969/3289/2647 2967/3287/2645
f 2968/3288/2646 3093/3419/2725 3091/3417/2723
f 2969/3289/2647 3092/3418/2724 3094/3420/2726
f 2968/3288/2646 3095/3421/2727 3093/3419/2725
f 3095/3421/2727 2968/3288/2646 2970/3290/2648
f 2971/3291/2649 3094/3420/2726 3096/3422/2728
f 3094/3420/2726 2971/3291/2649 2969/3289/2647
f 2970/3290/2648 3049/3423/2681 3095/3421/2727
f 3049/3423/2681 2970/3290/2648 2943/3292/2622
f 2944/3293/2621 3096/3422/2728 3052/3424/2684
f 3096/3422/2728 2944/3293/2621 2971/3291/2649
f 2972/3295/2651 3098/3425/2730 3097/3328/2729
f 2973/3294/2650 3100/3375/2732 3099/3426/2731
f 2972/3295/2651 3101/3427/2733 3098/3425/2730
f 3101/3427/2733 2972/3295/2651 2974/3296/2652
f 2975/3297/2653 3099/3426/2731 3102/3428/2734
f 3099/3426/2731 2975/3297/2653 2973/3294/2650
f 2974/3296/2652 3103/3429/2735 3101/3427/2733
f 2976/3298/2654 3102/3428/2734 3104/3430/2736
f 3102/3428/2734 2976/3298/2654 2975/3297/2653
f 2974/3296/2652 3105/3431/2737 3103/3429/2735
f 3105/3431/2737 2974/3296/2652 2977/3299/2655
f 2976/3298/2654 3104/3430/2736 3106/3432/2738
f 2977/3299/2655 3107/3433/2739 3105/3431/2737
f 3107/3433/2739 2977/3299/2655 2978/3300/2656
f 2979/3301/2657 3106/3432/2738 3108/3434/2740
f 3106/3432/2738 2979/3301/2657 2976/3298/2654
f 2978/3300/2656 3109/3435/2741 3107/3433/2739
f 2980/3302/2658 3108/3434/2740 3110/3436/2742
f 3108/3434/2740 2980/3302/2658 2979/3301/2657
f 2978/3300/2656 3111/3437/2743 3109/3435/2741
f 3111/3437/2743 2978/3300/2656 2981/3303/2659
f 2980/3302/2658 3110/3436/2742 3112/3438/2744
f 2981/3303/2659 3113/3439/2745 3111/3437/2743
f 2982/3304/2660 3112/3438/2744 3114/3440/2746
f 3112/3438/2744 2982/3304/2660 2980/3302/2658
f 2981/3303/2659 3115/3441/2747 3113/3439/2745
f 3115/3441/2747 2981/3303/2659 2983/3305/2661
f 2982/3304/2660 3114/3440/2746 3116/3442/2748
f 2983/3305/2661 3117/3443/2749 3115/3441/2747
f 2984/3306/2662 3116/3442/2748 3118/3444/2750
f 3116/3442/2748 2984/3306/2662 2982/3304/2660
f 2983/3305/2661 3119/3445/2751 3117/3443/2749
f 3119/3445/2751 2983/3305/2661 2985/3307/2663
f 2984/3306/2662 3118/3444/2750 3120/3446/2752
f 2985/3307/2663 3121/3447/2753 3119/3445/2751
f 3121/3447/2753 2985/3307/2663 2986/3308/2664
f 2987/3309/2665 3120/3446/2752 3122/3448/2754
f 3120/3446/2752 2987/3309/2665 2984/3306/2662
f 2986/3308/2664 3123/3449/2755 3121/3447/2753
f 2988/3310/2666 3122/3448/2754 3124/3450/2756
f 3122/3448/2754 2988/3310/2666 2987/3309/2665
f 2986/3308/2664 3125/3451/2757 3123/3449/2755
f 3125/3451/2757 2986/3308/2664 2989/3311/2667
f 2988/3310/2666 3124/3450/2756 3126/3452/2758
f 2989/3311/2667 3127/3453/2759 3125/3451/2757
f 2990/3312/2668 3126/3452/2758 3128/3454/2760
f 3126/3452/2758 2990/3312/2668 2988/3310/2666
f 2989/3311/2667 3129/3455/2761 3127/3453/2759
f 3129/3455/2761 2989/3311/2667 2991/3313/2669
f 2992/3314/2670 3128/3454/2760 3130/3456/2762
f 3128/3454/2760 2992/3314/2670 2990/3312/2668
f 2991/3313/2669 3131/3457/2763 3129/3455/2761
f 2992/3314/2670 3130/3456/2762 3132/3458/2764
f 2991/3313/2669 3133/3459/2765 3131/3457/2763
f 3133/3459/2765 2991/3313/2669 2993/3315/2671
f 2994/3316/2672 3132/3458/2764 3134/3460/2766
f 3132/3458/2764 2994/3316/2672 2992/3314/2670
f 2993/3315/2671 3135/3461/2767 3133/3459/2765
f 3135/3461/2767 2993/3315/2671 2995/3317/2673
f 2996/3318/2674 3134/3460/2766 3136/3462/2768
f 3134/3460/2766 2996/3318/2674 2994/3316/2672
f 2995/3317/2673 3137/3463/2769 3135/3461/2767
f 2996/3318/2674 3136/3462/2768 3138/3464/2770
f 2995/3317/2673 3139/3465/2771 3137/3463/2769
f 3139/3465/2771 2995/3317/2673 2997/3319/2675
f 2998/3320/2676 3138/3464/2770 3140/3466/2772
f 3138/3464/2770 2998/3320/2676 2996/3318/2674
f 2997/3319/2675 3141/3467/2773 3139/3465/2771
f 2998/3320/2676 3140/3466/2772 3142/3468/2774
f 2997/3319/2675 3143/3469/2775 3141/3467/2773
f 3143/3469/2775 2997/3319/2675 2999/3321/2677
f 3000/3322/2678 3142/3468/2774 3144/3470/2776
f 3142/3468/2774 3000/3322/2678 2998/3320/2676
f 2999/3321/2677 3097/3471/2729 3143/3469/2775
f 3097/3471/2729 2999/3321/2677 2972/3323/2651
f 2973/3324/2650 3144/3470/2776 3100/3472/2732
f 3144/3470/2776 2973/3324/2650 3000/3322/2678
o BarrelSmartMat.018
v 15.903206 5.651942 108.219597
v 16.053610 6.378598 108.155846
v 15.859639 6.065499 108.127251
v 16.160637 5.651942 108.407234
v 16.206051 6.378599 108.273819
v 16.322765 6.378598 108.427231
v 16.289755 5.651942 108.698456
v 16.347940 6.065499 108.614555
v 16.420166 6.378600 108.796829
v 16.271912 5.651984 108.951263
v 16.394218 6.378598 108.987839
v 16.179090 5.651942 109.156281
v 16.279562 6.065499 109.138100
v 16.201742 6.378600 109.318062
v 15.931215 5.651942 109.356377
v 16.027317 6.065499 109.390862
v 15.869943 6.378599 109.507805
v 15.616503 5.651942 109.405724
v 15.678729 6.378599 109.532173
v 15.487723 6.378599 109.506226
v 15.319279 5.651942 109.291100
v 15.337462 6.065499 109.391571
v 15.157501 6.378598 109.313751
v 15.119186 5.651942 109.043228
v 15.084699 6.065499 109.139328
v 14.967757 6.378598 108.981949
v 15.069839 5.651942 108.728516
v 14.943385 6.378599 108.790741
v 14.969334 6.378598 108.599731
v 15.152507 5.651984 108.488937
v 15.043835 6.378598 108.421951
v 15.295227 5.651942 108.314926
v 15.193474 6.065499 108.306488
v 15.315219 6.378599 108.152794
v 15.586445 5.651942 108.185806
v 15.493609 6.378601 108.079765
v 15.684822 6.378597 108.055397
v 15.873424 6.479013 108.075600
v 16.399570 6.479013 108.600662
v 16.325891 6.479013 109.164787
v 16.054096 6.479013 109.437134
v 15.310778 6.479013 109.437897
v 15.038424 6.479013 109.166107
v 15.155630 6.479013 108.268715
v 16.047016 6.992941 108.152046
v 15.868476 6.992943 108.079384
v 16.200665 6.992941 108.268440
v 16.318953 6.992942 108.420639
v 16.399570 6.892528 108.600662
v 16.420158 6.992941 108.789223
v 16.396181 6.992941 108.980484
v 16.325891 6.892528 109.164787
v 16.207119 6.992940 109.312675
v 16.054096 6.892528 109.437134
v 15.874899 6.892528 109.511581
v 15.686339 6.992942 109.532166
v 15.495076 6.992941 109.508186
v 15.316536 6.992943 109.435524
v 15.162888 6.992941 109.319130
v 15.044600 6.992943 109.166931
v 14.963983 6.892528 108.986908
v 14.943394 6.992942 108.798347
v 14.967372 6.992942 108.607086
v 15.040036 6.992942 108.428543
v 15.155630 6.892528 108.268715
v 15.308633 6.992942 108.156609
v 15.486260 6.992939 108.081741
v 15.677213 6.992942 108.055405
v 16.347940 7.306042 108.614555
v 16.279562 7.306042 109.138100
v 16.027317 7.306042 109.390862
v 15.861008 7.306042 109.459953
v 15.015612 7.306042 108.973015
v 15.193474 7.306042 108.306488
v 15.930059 7.719598 108.230682
v 16.113222 7.719556 108.361450
v 16.255510 7.719598 108.571175
v 16.292561 7.719556 108.793159
v 16.244877 7.719598 109.042068
v 16.045294 7.719598 109.290352
v 15.840465 7.719556 109.383598
v 15.587695 7.719598 109.401962
v 15.296211 7.719598 109.273438
v 15.108041 7.719598 109.016396
v 15.070991 7.719556 108.794411
v 15.118676 7.719598 108.545502
v 15.318259 7.719598 108.297218
v 15.615246 7.719598 108.181984
v 16.019901 5.773118 108.329903
v 15.742661 5.773118 108.222992
v 16.251492 5.773151 108.793198
v 16.206539 5.773118 108.561119
v 16.217361 5.773118 109.000328
v 16.042336 5.773118 109.240448
v 15.770698 5.773118 109.360886
v 15.534888 5.773151 109.344238
v 15.343651 5.773118 109.257668
v 15.157012 5.773118 109.026451
v 15.110982 5.773118 108.732903
v 15.217896 5.773118 108.455658
v 15.449107 5.773118 108.269020
v 15.769533 7.598423 108.226501
v 16.041418 7.598423 108.346382
v 16.216940 7.598394 108.586143
v 16.249060 7.598423 108.881546
v 16.129181 7.598423 109.153427
v 15.889419 7.598423 109.328949
v 15.682362 7.598389 109.363503
v 15.450186 7.598423 109.319023
v 15.218593 7.598423 109.132858
v 15.131624 7.598389 108.941803
v 15.114492 7.598423 108.706032
v 15.188095 7.598389 108.509438
v 15.342699 7.598423 108.330605
v 15.533758 7.598389 108.243637
v 15.908251 5.651963 108.280144
v 16.075323 5.651984 108.399429
v 16.205116 5.651963 108.590729
v 16.236530 5.651963 108.879601
v 16.119297 5.651963 109.145485
v 15.960837 5.651984 109.275986
v 15.742463 5.651963 109.351845
v 15.538133 5.651984 109.332077
v 15.330079 5.651963 109.231308
v 15.199573 5.651984 109.072845
v 15.123713 5.651963 108.854469
v 15.168137 5.651963 108.567307
v 15.350189 5.651963 108.340828
v 15.621089 5.651963 108.235725
v 16.012432 7.719578 108.340149
v 15.741316 7.719578 108.235596
v 16.194950 7.719578 108.566254
v 16.238907 7.719556 108.793213
v 16.205532 7.719578 108.995766
v 16.034372 7.719578 109.230583
v 15.826525 7.719556 109.331787
v 15.622235 7.719578 109.351974
v 15.351121 7.719578 109.247421
v 15.168603 7.719578 109.021317
v 15.123590 7.719578 108.734245
v 15.199000 7.719556 108.515717
v 15.329181 7.719578 108.356987
v 15.537027 7.719556 108.255783
v 15.882018 6.606829 108.043388
v 16.069412 6.606829 108.120789
v 16.069412 6.784293 108.120789
v 15.882018 6.784293 108.043388
v 16.230389 6.606829 108.244041
v 16.230389 6.784293 108.244041
v 16.353979 6.606829 108.404770
v 16.353979 6.784293 108.404770
v 16.431759 6.606829 108.592003
v 16.431759 6.784293 108.592003
v 16.458429 6.606829 108.792984
v 16.458429 6.784293 108.792984
v 16.432171 6.606829 108.994026
v 16.432171 6.784293 108.994026
v 16.354776 6.606829 109.181419
v 16.354776 6.784293 109.181419
v 16.231516 6.606829 109.342400
v 16.231516 6.784293 109.342400
v 16.070793 6.606829 109.465988
v 16.070793 6.784293 109.465988
v 15.883559 6.606829 109.543770
v 15.883559 6.784293 109.543770
v 15.682573 6.606829 109.570435
v 15.682573 6.784293 109.570435
v 15.481534 6.606829 109.544182
v 15.481534 6.784293 109.544182
v 15.294141 6.606829 109.466782
v 15.294141 6.784293 109.466782
v 15.133163 6.606829 109.343529
v 15.133163 6.784293 109.343529
v 15.009574 6.606829 109.182800
v 15.009574 6.784293 109.182800
v 14.931793 6.606829 108.995567
v 14.931793 6.784293 108.995567
v 14.905124 6.606829 108.794586
v 14.905124 6.784293 108.794586
v 14.931380 6.606829 108.593544
v 14.931380 6.784293 108.593544
v 15.008776 6.606829 108.406151
v 15.008776 6.784293 108.406151
v 15.132035 6.606829 108.245171
v 15.132036 6.784293 108.245171
v 15.292759 6.606829 108.121582
v 15.292759 6.784293 108.121582
v 15.479993 6.606829 108.043800
v 15.479993 6.784293 108.043800
v 15.680979 6.606829 108.017136
v 15.680979 6.784293 108.017136
v 15.930620 7.513113 108.150612
v 15.945911 7.685680 108.192894
v 16.218866 7.513113 108.361206
v 16.210970 7.685680 108.405464
v 16.342659 7.513329 108.615974
v 16.310797 7.685889 108.624550
v 16.367437 7.513113 108.867683
v 16.330559 7.685680 108.893394
v 16.238626 7.513113 109.200615
v 16.246231 7.685889 109.118904
v 16.070097 7.685680 109.322983
v 16.024578 7.513329 109.386131
v 15.787857 7.513113 109.475212
v 15.753475 7.685680 109.446243
v 15.432934 7.513113 109.436958
v 15.513830 7.685889 109.423149
v 15.271119 7.685680 109.305840
v 15.144687 7.513113 109.226364
v 15.117991 7.685889 109.120056
v 15.000352 7.513113 108.899864
v 15.029320 7.685680 108.865486
v 15.020529 7.513329 108.617332
v 15.052409 7.685889 108.625839
v 15.124926 7.513113 108.386955
v 15.169721 7.685680 108.383125
v 15.402945 7.513113 108.163033
v 15.443652 7.685680 108.182114
v 15.681073 7.513329 108.109398
v 15.681108 7.685889 108.142395
v 15.915744 5.689428 108.189201
v 15.960170 5.869681 108.160461
v 16.186687 5.689428 108.387184
v 16.166733 5.869476 108.307831
v 16.326458 5.869680 108.542809
v 16.303017 5.689232 108.626640
v 16.326313 5.689428 108.863304
v 16.368315 5.869476 108.793083
v 16.315102 5.869681 109.072182
v 16.205202 5.689428 109.176254
v 16.091055 5.869680 109.351540
v 15.943840 5.689428 109.386726
v 15.757343 5.869681 109.481461
v 15.682437 5.689232 109.437119
v 15.447808 5.689428 109.398369
v 15.504767 5.869476 109.457115
v 15.248952 5.869681 109.333481
v 15.176863 5.689428 109.200386
v 15.087568 5.869476 109.137665
v 15.041208 5.689428 108.893456
v 14.994103 5.869681 108.869354
v 15.060194 5.689232 108.627914
v 15.018448 5.869476 108.616776
v 15.158350 5.689428 108.411316
v 15.142084 5.869681 108.360962
v 15.419712 5.689428 108.200844
v 15.430800 5.869681 108.149101
v 15.681115 5.689232 108.150452
v 15.681071 5.869476 108.107246
v 15.868830 6.606829 108.092812
v 16.043880 6.606829 108.165108
v 16.043882 6.784293 108.165108
v 15.868830 6.784293 108.092812
v 16.194256 6.606829 108.280251
v 16.194256 6.784293 108.280251
v 16.309706 6.606829 108.430389
v 16.309706 6.784293 108.430389
v 16.382364 6.606829 108.605293
v 16.382364 6.784293 108.605293
v 16.407278 6.606829 108.793037
v 16.407278 6.784293 108.793037
v 16.382750 6.606829 108.980843
v 16.382750 6.784293 108.980843
v 16.310452 6.606829 109.155891
v 16.310452 6.784293 109.155891
v 16.195311 6.606829 109.306267
v 16.195311 6.784293 109.306267
v 16.045172 6.606829 109.421715
v 16.045172 6.784293 109.421715
v 15.870270 6.606829 109.494370
v 15.870270 6.784293 109.494370
v 15.682521 6.606829 109.519287
v 15.682521 6.784293 109.519287
v 15.494722 6.606829 109.494759
v 15.494722 6.784293 109.494759
v 15.319671 6.606829 109.422462
v 15.319671 6.784293 109.422462
v 15.169295 6.606829 109.307320
v 15.169295 6.784293 109.307320
v 15.053845 6.606829 109.157181
v 15.053845 6.784293 109.157181
v 14.981188 6.606829 108.982277
v 14.981188 6.784293 108.982277
v 14.956274 6.606829 108.794533
v 14.956274 6.784293 108.794533
v 14.980803 6.606829 108.606728
v 14.980803 6.784293 108.606728
v 15.053101 6.606829 108.431679
v 15.053101 6.784293 108.431679
v 15.168242 6.606829 108.281303
v 15.168242 6.784293 108.281303
v 15.318380 6.606829 108.165855
v 15.318380 6.784293 108.165855
v 15.493282 6.606829 108.093201
v 15.493282 6.784293 108.093201
v 15.681031 6.606829 108.068283
v 15.681031 6.784293 108.068283
v 15.845809 7.504858 108.179085
v 15.999317 7.504858 108.242485
v 15.983243 7.677419 108.270386
v 15.837505 7.677419 108.210197
v 16.131186 7.504858 108.343452
v 16.108437 7.677419 108.366249
v 16.232426 7.504858 108.475113
v 16.204552 7.677419 108.491241
v 16.296143 7.504858 108.628487
v 16.265043 7.677419 108.636856
v 16.317989 7.504858 108.793129
v 16.285784 7.677419 108.793167
v 16.296480 7.504858 108.957817
v 16.265364 7.677419 108.949516
v 16.233080 7.504858 109.111328
v 16.205173 7.677419 109.095253
v 16.132109 7.504858 109.243195
v 16.109314 7.677419 109.220444
v 16.000448 7.504858 109.344437
v 15.984318 7.677419 109.316559
v 15.847072 7.504858 109.408150
v 15.838704 7.677419 109.377052
v 15.682429 7.504858 109.430000
v 15.682397 7.677419 109.397797
v 15.517743 7.504858 109.408485
v 15.526047 7.677419 109.377373
v 15.364235 7.504858 109.345085
v 15.380309 7.677419 109.317184
v 15.232368 7.504858 109.244118
v 15.255116 7.677419 109.221321
v 15.131125 7.504858 109.112457
v 15.158999 7.677419 109.096329
v 15.067410 7.504858 108.959084
v 15.098509 7.677419 108.950714
v 15.045563 7.504858 108.794441
v 15.077768 7.677419 108.794403
v 15.067072 7.504858 108.629753
v 15.098188 7.677419 108.638054
v 15.130472 7.504858 108.476242
v 15.158380 7.677419 108.492317
v 15.231443 7.504858 108.344376
v 15.254239 7.677419 108.367126
v 15.363104 7.504858 108.243134
v 15.379235 7.677419 108.271011
v 15.516480 7.504858 108.179420
v 15.524848 7.677419 108.210518
v 15.681123 7.504858 108.157570
v 15.681156 7.677419 108.189774
v 15.835478 5.697702 108.217796
v 15.979318 5.697702 108.277206
v 16.000366 5.877947 108.240662
v 15.846351 5.877947 108.177048
v 16.102880 5.697702 108.371811
v 16.132669 5.877947 108.341965
v 16.197746 5.697702 108.495186
v 16.234245 5.877947 108.474060
v 16.257448 5.697702 108.638901
v 16.298172 5.877947 108.627945
v 16.277920 5.697702 108.793175
v 16.320091 5.877947 108.793129
v 16.257765 5.697702 108.947487
v 16.298512 5.877947 108.958359
v 16.198359 5.697702 109.091324
v 16.234901 5.877947 109.112373
v 16.103746 5.697702 109.214890
v 16.133596 5.877947 109.244682
v 15.980378 5.697702 109.309753
v 16.001501 5.877947 109.346252
v 15.836661 5.697702 109.369461
v 15.847618 5.877947 109.410179
v 15.682388 5.697702 109.389931
v 15.682431 5.877947 109.432098
v 15.528074 5.697702 109.369774
v 15.517201 5.877947 109.410522
v 15.384234 5.697702 109.310364
v 15.363186 5.877947 109.346909
v 15.260672 5.697702 109.215759
v 15.230883 5.877947 109.245605
v 15.165806 5.697702 109.092384
v 15.129306 5.877947 109.113510
v 15.106103 5.697703 108.948669
v 15.065380 5.877947 108.959625
v 15.085631 5.697703 108.794395
v 15.043460 5.877947 108.794441
v 15.105786 5.697703 108.640083
v 15.065041 5.877947 108.629211
v 15.165194 5.697702 108.496246
v 15.128651 5.877947 108.475197
v 15.259806 5.697702 108.372681
v 15.229955 5.877947 108.342888
v 15.383174 5.697702 108.277817
v 15.362050 5.877947 108.241318
v 15.526891 5.697702 108.218109
v 15.515934 5.877947 108.177391
v 15.681164 5.697702 108.197639
v 15.681121 5.877947 108.155472
vn 0.4575 -0.8887 -0.0304
vn 0.5668 -0.0881 -0.8191
vn 0.3329 -0.1908 -0.9235
vn 0.7769 -0.2494 -0.5782
vn 0.7048 -0.0835 -0.7045
vn 0.8664 -0.0863 -0.4919
vn 0.9574 -0.2599 -0.1258
vn 0.9366 -0.1805 -0.3004
vn 0.9963 -0.0865 0.0010
vn 0.8960 -0.2826 0.3426
vn 0.9609 -0.0878 0.2626
vn 0.7482 -0.2501 0.6145
vn 0.8747 -0.1805 0.4499
vn 0.7029 -0.0910 0.7055
vn 0.3570 -0.2511 0.8997
vn 0.5325 -0.1805 0.8269
vn 0.2568 -0.0921 0.9621
vn -0.1401 -0.2545 0.9569
vn -0.0021 -0.0853 0.9964
vn -0.2648 -0.0863 0.9604
vn -0.6017 -0.2463 0.7598
vn -0.4499 -0.1805 0.8747
vn -0.7049 -0.0896 0.7036
vn -0.8997 -0.2511 0.3570
vn -0.8270 -0.1804 0.5325
vn -0.9619 -0.0907 0.2578
vn -0.9578 -0.2582 -0.1262
vn -0.9964 -0.0853 -0.0021
vn -0.9610 -0.0819 -0.2641
vn -0.7768 -0.2826 -0.5628
vn -0.8602 -0.0877 -0.5023
vn -0.5637 -0.2501 -0.7872
vn -0.7284 -0.1805 -0.6609
vn -0.4957 -0.0889 -0.8639
vn -0.1120 -0.2445 -0.9631
vn -0.2577 -0.0834 -0.9626
vn 0.0072 -0.0863 -0.9962
vn 0.2630 -0.0416 -0.9639
vn 0.9650 -0.0455 -0.2581
vn 0.8649 -0.0455 0.4998
vn 0.4991 -0.0455 0.8653
vn -0.5031 -0.0416 0.8633
vn -0.8673 -0.0416 0.4961
vn -0.7061 -0.0455 -0.7067
vn 0.2498 0.0874 -0.9643
vn 0.4963 0.0834 -0.8641
vn 0.6989 0.0856 -0.7100
vn 0.8607 0.0860 -0.5018
vn 0.9640 0.0455 -0.2619
vn 0.9961 0.0878 -0.0064
vn 0.9634 0.0860 0.2537
vn 0.8668 0.0455 0.4965
vn 0.7074 0.0905 0.7010
vn 0.5006 0.0525 0.8641
vn 0.2614 0.0506 0.9639
vn 0.0082 0.0849 0.9964
vn -0.2539 0.0853 0.9635
vn -0.4909 0.0874 0.8668
vn -0.7016 0.0853 0.7074
vn -0.8609 0.0901 0.5008
vn -0.9632 0.0416 0.2654
vn -0.9961 0.0878 0.0064
vn -0.9648 0.0818 -0.2498
vn -0.8638 0.0837 -0.4968
vn -0.7088 0.0455 -0.7039
vn -0.5014 0.0878 -0.8608
vn -0.2677 0.0842 -0.9598
vn -0.0041 0.0854 -0.9963
vn 0.9614 0.1804 -0.2075
vn 0.8266 0.1804 0.5332
vn 0.4892 0.1612 0.8571
vn 0.2418 0.1681 0.9557
vn -0.9615 0.1804 0.2075
vn -0.7092 0.1674 -0.6849
vn 0.6522 0.3353 -0.6798
vn 0.6740 0.2746 -0.6858
vn 0.8871 0.2530 -0.3860
vn 0.9641 0.2654 -0.0086
vn 0.8964 0.2493 0.3665
vn 0.6227 0.2544 0.7399
vn 0.2548 0.2702 0.9285
vn -0.1225 0.2475 0.9611
vn -0.5684 0.2451 0.7854
vn -0.8782 0.2504 0.4074
vn -0.9612 0.2758 0.0083
vn -0.8962 0.2574 -0.3614
vn -0.6065 0.2506 -0.7545
vn -0.1523 0.2551 -0.9549
vn -0.2890 -0.9069 0.3065
vn -0.6086 -0.4062 0.6817
vn -0.8780 -0.4787 0.0071
vn -0.3929 -0.9088 0.1407
vn -0.2209 -0.9071 -0.3582
vn -0.3752 -0.9068 -0.1924
vn -0.0371 -0.9035 -0.4271
vn 0.1246 -0.9089 -0.3979
vn 0.2875 -0.8917 -0.3497
vn 0.4449 -0.8820 -0.1552
vn 0.4699 -0.8769 0.1013
vn 0.3513 -0.8800 0.3196
vn 0.1388 -0.8863 0.4419
vn -0.3754 0.8385 0.3950
vn -0.8340 0.5242 0.1719
vn -0.7937 0.5714 0.2085
vn -0.5773 0.5336 -0.6181
vn -0.8163 0.5768 0.0297
vn -0.6401 0.6727 -0.3710
vn -0.4537 0.7352 -0.5036
vn -0.0858 0.7953 -0.6001
vn 0.2935 0.8651 -0.4068
vn 0.4477 0.8941 -0.0106
vn 0.4352 0.8498 0.2974
vn 0.2552 0.8075 0.5318
vn -0.0273 0.7246 0.6887
vn -0.3185 0.6772 0.6633
vn -0.7902 -0.5015 0.3523
vn -0.5036 -0.4729 0.7230
vn -0.5660 -0.6070 0.5578
vn -0.7638 -0.6042 0.2268
vn -0.8005 -0.4675 -0.3751
vn -0.1358 -0.5016 -0.8544
vn -0.3990 -0.6044 -0.6896
vn -0.1004 -0.5266 -0.8442
vn 0.4039 -0.4585 -0.7916
vn 0.8356 -0.5142 -0.1935
vn 0.6688 -0.6247 -0.4031
vn 0.7818 -0.6230 -0.0247
vn 0.6691 -0.4724 0.5738
vn 0.2912 -0.4741 0.8309
vn -0.4947 0.4275 0.7566
vn -0.2409 0.8320 0.4998
vn -0.8079 0.4131 0.4204
vn -0.9154 0.3998 0.0463
vn -0.8410 0.4343 -0.3226
vn -0.5873 0.4350 -0.6825
vn -0.2224 0.3940 -0.8918
vn 0.0796 0.4194 -0.9043
vn 0.5098 0.4384 -0.7402
vn 0.8230 0.4088 -0.3944
vn 0.9120 0.4071 0.0504
vn 0.8073 0.3871 0.4455
vn 0.5959 0.4030 0.6946
vn 0.2565 0.3843 0.8869
vn 0.2498 0.2476 -0.9361
vn 0.2499 -0.2476 -0.9361
vn 0.4835 -0.2476 -0.8396
vn 0.4835 0.2476 -0.8396
vn 0.6844 -0.2476 -0.6858
vn 0.6844 0.2476 -0.6858
vn 0.8386 -0.2476 -0.4853
vn 0.8385 0.2476 -0.4853
vn 0.9356 -0.2476 -0.2518
vn 0.9356 0.2476 -0.2518
vn 0.9689 -0.2476 -0.0010
vn 0.9689 0.2476 -0.0010
vn 0.9361 -0.2476 0.2498
vn 0.9361 0.2476 0.2498
vn 0.8396 -0.2476 0.4835
vn 0.8396 0.2476 0.4835
vn 0.6858 -0.2476 0.6844
vn 0.6858 0.2476 0.6844
vn 0.4853 -0.2476 0.8386
vn 0.4853 0.2476 0.8385
vn 0.2518 -0.2476 0.9356
vn 0.2518 0.2476 0.9356
vn 0.0010 -0.2476 0.9689
vn 0.0010 0.2476 0.9689
vn -0.2498 -0.2476 0.9361
vn -0.2498 0.2476 0.9361
vn -0.4835 -0.2476 0.8396
vn -0.4835 0.2476 0.8396
vn -0.6844 -0.2476 0.6858
vn -0.6844 0.2476 0.6858
vn -0.8386 -0.2476 0.4853
vn -0.8385 0.2476 0.4853
vn -0.9356 -0.2476 0.2518
vn -0.9356 0.2476 0.2518
vn -0.9689 -0.2476 0.0010
vn -0.9689 0.2476 0.0010
vn -0.9361 -0.2476 -0.2498
vn -0.9361 0.2476 -0.2498
vn -0.8396 -0.2476 -0.4835
vn -0.8396 0.2476 -0.4835
vn -0.6858 -0.2476 -0.6844
vn -0.6858 0.2476 -0.6844
vn -0.4853 -0.2476 -0.8386
vn -0.4853 0.2476 -0.8385
vn -0.2518 -0.2476 -0.9356
vn -0.2518 0.2476 -0.9356
vn -0.0010 -0.2476 -0.9689
vn -0.0010 0.2476 -0.9689
vn 0.6250 0.4372 -0.6467
vn -0.1463 -0.3747 -0.9155
vn 0.6734 -0.0705 -0.7359
vn 0.7149 0.3833 -0.5848
vn 0.9391 -0.0628 -0.3379
vn 0.8845 0.3944 -0.2492
vn 0.9973 -0.0653 0.0339
vn 0.9159 0.3814 0.1252
vn 0.8811 -0.0656 0.4683
vn 0.8166 0.3909 0.4246
vn 0.5659 0.3746 0.7345
vn 0.2719 -0.0968 0.9574
vn 0.2822 -0.0690 0.9569
vn 0.1387 0.3788 0.9150
vn -0.2296 -0.0650 0.9711
vn -0.1988 0.3909 0.8987
vn -0.5484 0.3698 0.7500
vn -0.8111 -0.0617 0.5816
vn -0.8039 0.3885 0.4503
vn -0.9670 -0.0669 0.2458
vn -0.9138 0.3860 0.1264
vn -0.9822 -0.0628 -0.1769
vn -0.8906 0.3944 -0.2265
vn -0.8467 -0.0653 -0.5280
vn -0.7283 0.3805 -0.5699
vn -0.5365 -0.0705 -0.8409
vn -0.3798 0.3833 -0.8419
vn -0.0834 -0.0628 -0.9945
vn -0.0118 0.3944 -0.9189
vn 0.6778 0.0907 -0.7297
vn -0.1833 -0.6278 -0.7565
vn 0.6038 -0.4130 -0.6818
vn 0.6869 0.0065 -0.7267
vn 0.9249 0.0029 -0.3801
vn 0.8952 -0.4454 0.0146
vn 0.9090 -0.4143 -0.0455
vn 0.9996 0.0065 -0.0282
vn 0.9241 0.0014 0.3822
vn 0.7013 -0.3972 0.5920
vn 0.6209 0.0007 0.7839
vn 0.3165 -0.3980 0.8611
vn 0.1426 0.0022 0.9898
vn -0.2458 -0.4454 0.8609
vn -0.1914 -0.4143 0.8898
vn -0.2315 0.0065 0.9728
vn -0.5995 0.0042 0.8004
vn -0.7467 -0.4102 0.5236
vn -0.8734 0.0037 0.4869
vn -0.8785 -0.4148 0.2372
vn -0.9914 0.0120 0.1303
vn -0.8923 -0.4247 -0.1529
vn -0.9671 0.0053 -0.2543
vn -0.7801 -0.4138 -0.4693
vn -0.7836 0.0069 -0.6212
vn -0.5095 -0.4171 -0.7527
vn -0.4007 0.0087 -0.9162
vn -0.0832 -0.4247 -0.9015
vn -0.0047 0.0053 -1.0000
vn -0.0000 -1.0000 -0.0000
vn -0.0000 1.0000 -0.0000
vn 0.0350 -0.9835 -0.1774
vn 0.1396 -0.9715 -0.1917
vn -0.1192 0.9794 0.1627
vn -0.0366 0.9715 0.2343
vn 0.1247 -0.9798 -0.1564
vn -0.1489 0.9715 0.1846
vn 0.2167 -0.9715 -0.0962
vn -0.1641 0.9831 0.0812
vn 0.1686 -0.9844 -0.0504
vn -0.1739 0.9839 0.0417
vn 0.1804 -0.9835 -0.0122
vn -0.2358 0.9715 0.0253
vn 0.2213 -0.9715 0.0852
vn -0.1735 0.9831 -0.0586
vn 0.1833 -0.9798 0.0800
vn -0.1525 0.9839 -0.0935
vn 0.1490 -0.9715 0.1844
vn -0.1846 0.9715 -0.1489
vn 0.0923 -0.9844 0.1499
vn -0.0813 0.9794 -0.1846
vn 0.0584 -0.9835 0.1711
vn -0.0854 0.9715 -0.2212
vn -0.0250 -0.9715 0.2358
vn 0.0117 0.9831 -0.1827
vn -0.0298 -0.9798 0.1978
vn 0.0509 0.9839 -0.1715
vn -0.1396 -0.9715 0.1917
vn 0.0960 0.9715 -0.2168
vn -0.1247 -0.9798 0.1564
vn 0.1375 0.9831 -0.1209
vn -0.2167 -0.9715 0.0962
vn 0.1572 0.9839 -0.0853
vn -0.1862 -0.9798 0.0731
vn 0.2212 0.9715 -0.0854
vn -0.2358 -0.9715 -0.0250
vn 0.1827 0.9831 0.0117
vn -0.1713 -0.9844 -0.0407
vn 0.1715 0.9839 0.0509
vn -0.1623 -0.9835 -0.0797
vn 0.2168 0.9715 0.0960
vn -0.1490 -0.9715 -0.1844
vn 0.1263 0.9794 0.1573
vn -0.1188 -0.9798 -0.1609
vn 0.1398 0.9715 0.1916
vn -0.0368 -0.9715 -0.2342
vn 0.0360 0.9831 0.1795
vn -0.0050 -0.9844 -0.1759
vn -0.0047 0.9839 0.1788
vn -0.0358 -0.9830 0.1803
vn -0.1394 -0.9714 0.1921
vn 0.1004 0.9835 -0.1504
vn 0.0364 0.9714 -0.2345
vn -0.1265 -0.9793 0.1580
vn 0.1276 0.9844 -0.1210
vn -0.2168 -0.9714 0.0966
vn 0.1915 0.9714 -0.1401
vn -0.1721 -0.9837 0.0514
vn 0.1774 0.9835 -0.0353
vn -0.1834 -0.9830 0.0121
vn 0.1758 0.9844 0.0047
vn -0.2216 -0.9714 -0.0850
vn 0.2345 0.9714 0.0364
vn -0.1854 -0.9793 -0.0813
vn 0.1613 0.9798 0.1185
vn -0.1494 -0.9714 -0.1844
vn 0.1849 0.9714 0.1487
vn -0.1199 -0.9793 -0.1631
vn 0.0804 0.9798 0.1833
vn -0.0372 -0.9714 -0.2344
vn 0.0858 0.9714 0.2213
vn -0.0051 -0.9837 -0.1795
vn -0.0118 0.9835 0.1805
vn 0.0358 -0.9830 -0.1803
vn -0.0500 0.9844 0.1686
vn 0.1394 -0.9714 -0.1921
vn -0.0958 0.9714 0.2171
vn 0.1265 -0.9793 -0.1580
vn -0.1359 0.9835 0.1193
vn 0.2168 -0.9714 -0.0966
vn -0.1546 0.9844 0.0838
vn 0.1886 -0.9793 -0.0736
vn -0.2213 0.9714 0.0857
vn 0.2361 -0.9714 0.0247
vn -0.1805 0.9835 -0.0118
vn 0.1747 -0.9837 0.0415
vn -0.1686 0.9844 -0.0500
vn 0.1649 -0.9830 0.0813
vn -0.2171 0.9714 -0.0958
vn 0.1494 -0.9714 0.1844
vn -0.1251 0.9798 -0.1562
vn 0.1199 -0.9793 0.1631
vn -0.1401 0.9714 -0.1915
vn 0.0372 -0.9714 0.2344
vn -0.0353 0.9835 -0.1774
vn 0.0051 -0.9837 0.1795
vn 0.0047 0.9844 -0.1758
vt 0.745591 0.000000
vt 0.768298 0.140562
vt 0.729884 0.079842
vt 0.822421 0.000000
vt 0.806713 0.140563
vt 0.845128 0.140562
vt 0.899251 0.000000
vt 0.883543 0.079842
vt 0.921958 0.140563
vt 0.000000 0.140563
vt 0.000000 0.000000
vt 0.038415 0.000000
vt 0.038415 0.140563
vt 0.092538 0.000000
vt 0.076830 0.079842
vt 0.115245 0.140563
vt 0.169368 0.000000
vt 0.153660 0.079842
vt 0.192075 0.140563
vt 0.246197 0.000000
vt 0.230489 0.140563
vt 0.268904 0.140563
vt 0.323027 0.000000
vt 0.307319 0.079842
vt 0.345734 0.140562
vt 0.399857 0.000000
vt 0.384149 0.079842
vt 0.422564 0.140562
vt 0.476686 0.000000
vt 0.460979 0.140563
vt 0.499394 0.140562
vt 0.537809 0.000000
vt 0.537809 0.140562
vt 0.591932 0.000000
vt 0.576224 0.079842
vt 0.614639 0.140563
vt 0.668762 0.000000
vt 0.653054 0.140563
vt 0.691469 0.140562
vt 0.729884 0.159683
vt 0.883543 0.159683
vt 0.076830 0.159683
vt 0.153660 0.159683
vt 0.307319 0.159683
vt 0.384149 0.159683
vt 0.576224 0.159683
vt 0.729884 0.258646
vt 0.768298 0.258645
vt 0.806713 0.258645
vt 0.845128 0.258646
vt 0.883543 0.239525
vt 0.921958 0.258645
vt 0.000000 0.258645
vt 0.038415 0.258645
vt 0.076830 0.239525
vt 0.115245 0.258645
vt 0.153660 0.239525
vt 0.192075 0.239525
vt 0.230489 0.258646
vt 0.268904 0.258645
vt 0.307319 0.258646
vt 0.345734 0.258645
vt 0.384149 0.258646
vt 0.422564 0.239525
vt 0.460979 0.258646
vt 0.499394 0.258646
vt 0.537809 0.258646
vt 0.576224 0.239525
vt 0.614639 0.258646
vt 0.653054 0.258645
vt 0.691469 0.258646
vt 0.883543 0.319366
vt 0.076830 0.319366
vt 0.153660 0.319366
vt 0.192075 0.319366
vt 0.422564 0.319366
vt 0.576224 0.319366
vt 0.752591 0.399208
vt 0.806713 0.399208
vt 0.867835 0.399208
vt 0.921958 0.399208
vt 0.000000 0.399208
vt 0.061122 0.399208
vt 0.137952 0.399208
vt 0.192075 0.399208
vt 0.253196 0.399208
vt 0.330026 0.399204
vt 0.406856 0.399201
vt 0.460979 0.399208
vt 0.522102 0.399208
vt 0.598931 0.399208
vt 0.675761 0.399208
vt 0.571328 0.488533
vt 0.589073 0.550913
vt 0.475348 0.427030
vt 0.524769 0.443383
vt 0.373853 0.465613
vt 0.429515 0.432327
vt 0.342291 0.522271
vt 0.339287 0.574240
vt 0.356266 0.617140
vt 0.402825 0.662291
vt 0.465720 0.678114
vt 0.528100 0.660368
vt 0.573251 0.613809
vt 0.276453 0.579776
vt 0.246769 0.637440
vt 0.192229 0.672535
vt 0.127450 0.675660
vt 0.069786 0.645975
vt 0.034691 0.591436
vt 0.027891 0.545802
vt 0.042612 0.495871
vt 0.086209 0.447855
vt 0.128529 0.429477
vt 0.180569 0.430773
vt 0.223490 0.447702
vt 0.259371 0.485416
vt 0.277749 0.527736
vt 0.573096 0.461899
vt 0.570305 0.442998
vt 0.610956 0.510968
vt 0.597412 0.507780
vt 0.526417 0.426497
vt 0.501117 0.404459
vt 0.454857 0.412113
vt 0.437654 0.400793
vt 0.385693 0.435437
vt 0.385267 0.421529
vt 0.347669 0.470798
vt 0.330134 0.478386
vt 0.325555 0.525050
vt 0.310816 0.555192
vt 0.323672 0.576942
vt 0.346397 0.630941
vt 0.332489 0.631367
vt 0.381758 0.668965
vt 0.389346 0.686500
vt 0.436010 0.691079
vt 0.466152 0.705818
vt 0.508854 0.686451
vt 0.528401 0.692934
vt 0.569625 0.646022
vt 0.573636 0.659346
vt 0.602039 0.580624
vt 0.612175 0.590157
vt 0.290044 0.623239
vt 0.262840 0.642877
vt 0.293089 0.576449
vt 0.256513 0.668515
vt 0.200688 0.698921
vt 0.203429 0.685280
vt 0.144961 0.707226
vt 0.145682 0.695155
vt 0.083987 0.689252
vt 0.095572 0.681544
vt 0.025350 0.636016
vt 0.039237 0.635133
vt 0.002906 0.584337
vt 0.014752 0.581909
vt 0.004486 0.520789
vt 0.014930 0.529984
vt 0.040752 0.450408
vt 0.045305 0.463627
vt 0.107371 0.407621
vt 0.104786 0.421556
vt 0.163057 0.399207
vt 0.177242 0.414137
vt 0.224032 0.417181
vt 0.232191 0.434457
vt 0.282668 0.470418
vt 0.268782 0.471300
vt 0.306831 0.545840
vt 0.293267 0.524523
vt 0.000000 0.756475
vt 0.000000 0.717896
vt 0.041667 0.717896
vt 0.041667 0.756475
vt 0.083333 0.717896
vt 0.083333 0.756475
vt 0.125000 0.717896
vt 0.125000 0.756475
vt 0.166666 0.717896
vt 0.166666 0.756475
vt 0.208333 0.717896
vt 0.208333 0.756475
vt 0.250000 0.717896
vt 0.250000 0.756475
vt 0.291666 0.717896
vt 0.291666 0.756475
vt 0.333333 0.717896
vt 0.333333 0.756475
vt 0.374999 0.717896
vt 0.374999 0.756475
vt 0.416666 0.717896
vt 0.416666 0.756475
vt 0.458333 0.717896
vt 0.458333 0.756475
vt 0.499999 0.717896
vt 0.499999 0.756475
vt 0.541666 0.717896
vt 0.541666 0.756475
vt 0.583333 0.717896
vt 0.583333 0.756475
vt 0.624999 0.717896
vt 0.624999 0.756475
vt 0.666666 0.717896
vt 0.666666 0.756475
vt 0.708333 0.717896
vt 0.708333 0.756475
vt 0.750000 0.717896
vt 0.750000 0.756475
vt 0.791666 0.717896
vt 0.791666 0.756475
vt 0.833333 0.717896
vt 0.833333 0.756475
vt 0.875000 0.717896
vt 0.875000 0.756475
vt 0.916667 0.717896
vt 0.916667 0.756475
vt 0.958333 0.717896
vt 0.958333 0.756475
vt 1.000000 0.717896
vt 1.000000 0.756475
vt 0.022701 0.878038
vt 0.015983 0.843205
vt 0.093361 0.843205
vt 0.100079 0.878038
vt 0.154756 0.843205
vt 0.154756 0.878038
vt 0.209428 0.843205
vt 0.216146 0.878038
vt 0.286806 0.843205
vt 0.270823 0.878038
vt 0.332213 0.878038
vt 0.348201 0.843205
vt 0.402873 0.843205
vt 0.409591 0.878038
vt 0.480252 0.843205
vt 0.464268 0.878038
vt 0.525659 0.878038
vt 0.557630 0.843205
vt 0.580336 0.878038
vt 0.635008 0.843205
vt 0.641726 0.878038
vt 0.696403 0.843205
vt 0.696403 0.878038
vt 0.751076 0.843205
vt 0.757794 0.878038
vt 0.828454 0.843205
vt 0.835172 0.878038
vt 0.889849 0.843205
vt 0.889849 0.878038
vt 0.928538 0.843205
vt 0.928538 0.878038
vt 0.020446 0.820771
vt 0.014406 0.779689
vt 0.084099 0.779689
vt 0.069693 0.820771
vt 0.124985 0.820771
vt 0.139385 0.779689
vt 0.188638 0.779689
vt 0.174231 0.820771
vt 0.229524 0.820771
vt 0.258330 0.779689
vt 0.299217 0.820771
vt 0.328023 0.779689
vt 0.368909 0.820771
vt 0.383309 0.779689
vt 0.432562 0.779689
vt 0.418156 0.820771
vt 0.473448 0.820771
vt 0.502255 0.779689
vt 0.522695 0.820771
vt 0.571947 0.779689
vt 0.577987 0.820771
vt 0.627234 0.779689
vt 0.627234 0.820771
vt 0.676486 0.779689
vt 0.682527 0.820771
vt 0.746180 0.779689
vt 0.752220 0.820771
vt 0.801466 0.779689
vt 0.801466 0.820771
vt 0.836312 0.779689
vt 0.836312 0.820771
vt 0.000000 0.707224
vt 0.041667 0.707224
vt 0.041667 0.768669
vt 0.000000 0.768669
vt 0.083333 0.707224
vt 0.083333 0.768669
vt 0.125000 0.707224
vt 0.125000 0.768669
vt 0.166666 0.707224
vt 0.166666 0.768669
vt 0.208333 0.707224
vt 0.208333 0.768669
vt 0.250000 0.707224
vt 0.250000 0.768669
vt 0.291666 0.707224
vt 0.291666 0.768669
vt 0.333333 0.707224
vt 0.333333 0.768669
vt 0.374999 0.707224
vt 0.374999 0.768669
vt 0.416666 0.707224
vt 0.416666 0.768669
vt 0.458333 0.707224
vt 0.458333 0.768669
vt 0.499999 0.707224
vt 0.499999 0.768669
vt 0.541666 0.707224
vt 0.541666 0.768669
vt 0.583333 0.707224
vt 0.583333 0.768669
vt 0.624999 0.707224
vt 0.624999 0.768669
vt 0.666666 0.707224
vt 0.666666 0.768669
vt 0.708333 0.707224
vt 0.708333 0.768669
vt 0.750000 0.707224
vt 0.750000 0.768669
vt 0.791666 0.707224
vt 0.791666 0.768669
vt 0.833333 0.707224
vt 0.833333 0.768669
vt 0.875000 0.707224
vt 0.875000 0.768669
vt 0.916667 0.707224
vt 0.916667 0.768669
vt 0.958333 0.707224
vt 0.958333 0.768669
vt 1.000000 0.707224
vt 1.000000 0.768669
vt 0.000000 0.832182
vt 0.038689 0.832182
vt 0.038689 0.887660
vt 0.000000 0.887660
vt 0.077378 0.832182
vt 0.077378 0.887660
vt 0.116067 0.832182
vt 0.116067 0.887660
vt 0.154756 0.832182
vt 0.154756 0.887660
vt 0.193445 0.832182
vt 0.193445 0.887660
vt 0.232134 0.832182
vt 0.232134 0.887660
vt 0.270823 0.832182
vt 0.270823 0.887660
vt 0.309512 0.832182
vt 0.309512 0.887660
vt 0.348201 0.832182
vt 0.348201 0.887660
vt 0.386890 0.832182
vt 0.386890 0.887660
vt 0.425579 0.832182
vt 0.425579 0.887660
vt 0.464268 0.832182
vt 0.464268 0.887660
vt 0.502958 0.832182
vt 0.502958 0.887660
vt 0.541647 0.832182
vt 0.541647 0.887660
vt 0.580336 0.832182
vt 0.580336 0.887660
vt 0.619025 0.832182
vt 0.619025 0.887660
vt 0.657714 0.832182
vt 0.657714 0.887660
vt 0.696403 0.832182
vt 0.696403 0.887660
vt 0.735093 0.832182
vt 0.735093 0.887660
vt 0.773782 0.832182
vt 0.773782 0.887660
vt 0.812471 0.832182
vt 0.812471 0.887660
vt 0.851160 0.832182
vt 0.851160 0.887660
vt 0.889849 0.832182
vt 0.889849 0.887660
vt 0.928538 0.832182
vt 0.928538 0.887660
vt 0.034846 0.768669
vt 0.034846 0.832182
vt 0.069693 0.768669
vt 0.069693 0.832182
vt 0.104539 0.768669
vt 0.104539 0.832182
vt 0.139385 0.768669
vt 0.139385 0.832182
vt 0.174231 0.768669
vt 0.174231 0.832182
vt 0.209078 0.768669
vt 0.209078 0.832182
vt 0.243924 0.768669
vt 0.243924 0.832182
vt 0.278770 0.768669
vt 0.278770 0.832182
vt 0.313617 0.768669
vt 0.313617 0.832182
vt 0.348463 0.768669
vt 0.348463 0.832182
vt 0.383309 0.768669
vt 0.383309 0.832182
vt 0.418156 0.768669
vt 0.418156 0.832182
vt 0.453002 0.768669
vt 0.453002 0.832182
vt 0.487848 0.768669
vt 0.487848 0.832182
vt 0.522695 0.768669
vt 0.522695 0.832182
vt 0.557541 0.768669
vt 0.557541 0.832182
vt 0.592387 0.768669
vt 0.592387 0.832182
vt 0.627234 0.768669
vt 0.627234 0.832182
vt 0.662080 0.768669
vt 0.662080 0.832182
vt 0.696927 0.768669
vt 0.696927 0.832182
vt 0.731773 0.768669
vt 0.731773 0.832182
vt 0.766620 0.768669
vt 0.766620 0.832182
vt 0.801466 0.768669
vt 0.801466 0.832182
vt 0.836312 0.768669
vt 0.836312 0.832182
s 1
usemtl barrel_low_initialShadingGroup
f 3145/3473/2777 3147/3475/2779 3146/3474/2778
f 3146/3474/2778 3148/3476/2780 3145/3473/2777
f 3148/3476/2780 3146/3474/2778 3149/3477/2781
f 3148/3476/2780 3149/3477/2781 3150/3478/2782
f 3150/3478/2782 3151/3479/2783 3148/3476/2780
f 3151/3479/2783 3150/3478/2782 3152/3480/2784
f 3151/3479/2783 3152/3480/2784 3153/3481/2785
f 3153/3482/2785 3154/3484/2786 3151/3483/2783
f 3154/3484/2786 3153/3482/2785 3155/3485/2787
f 3155/3485/2787 3156/3486/2788 3154/3484/2786
f 3156/3486/2788 3155/3485/2787 3157/3487/2789
f 3156/3486/2788 3157/3487/2789 3158/3488/2790
f 3158/3488/2790 3159/3489/2791 3156/3486/2788
f 3159/3489/2791 3158/3488/2790 3160/3490/2792
f 3159/3489/2791 3160/3490/2792 3161/3491/2793
f 3161/3491/2793 3162/3492/2794 3159/3489/2791
f 3162/3492/2794 3161/3491/2793 3163/3493/2795
f 3162/3492/2794 3163/3493/2795 3164/3494/2796
f 3164/3494/2796 3165/3495/2797 3162/3492/2794
f 3165/3495/2797 3164/3494/2796 3166/3496/2798
f 3165/3495/2797 3166/3496/2798 3167/3497/2799
f 3167/3497/2799 3168/3498/2800 3165/3495/2797
f 3168/3498/2800 3167/3497/2799 3169/3499/2801
f 3168/3498/2800 3169/3499/2801 3170/3500/2802
f 3170/3500/2802 3171/3501/2803 3168/3498/2800
f 3171/3501/2803 3170/3500/2802 3172/3502/2804
f 3171/3501/2803 3172/3502/2804 3173/3503/2805
f 3173/3503/2805 3174/3504/2806 3171/3501/2803
f 3174/3504/2806 3173/3503/2805 3175/3505/2807
f 3175/3505/2807 3176/3506/2808 3174/3504/2806
f 3176/3506/2808 3175/3505/2807 3177/3507/2809
f 3176/3506/2808 3177/3507/2809 3178/3508/2810
f 3178/3508/2810 3179/3509/2811 3176/3506/2808
f 3179/3509/2811 3178/3508/2810 3180/3510/2812
f 3179/3509/2811 3180/3510/2812 3181/3511/2813
f 3181/3511/2813 3145/3473/2777 3179/3509/2811
f 3145/3473/2777 3181/3511/2813 3147/3475/2779
f 3182/3512/2814 3146/3474/2778 3147/3475/2779
f 3152/3480/2784 3150/3478/2782 3183/3513/2815
f 3183/3513/2815 3153/3481/2785 3152/3480/2784
f 3157/3487/2789 3155/3485/2787 3184/3514/2816
f 3184/3514/2816 3158/3488/2790 3157/3487/2789
f 3160/3490/2792 3158/3488/2790 3185/3515/2817
f 3185/3515/2817 3161/3491/2793 3160/3490/2792
f 3166/3496/2798 3164/3494/2796 3186/3516/2818
f 3186/3516/2818 3167/3497/2799 3166/3496/2798
f 3169/3499/2801 3167/3497/2799 3187/3517/2819
f 3187/3517/2819 3170/3500/2802 3169/3499/2801
f 3177/3507/2809 3175/3505/2807 3188/3518/2820
f 3188/3518/2820 3178/3508/2810 3177/3507/2809
f 3147/3475/2779 3181/3511/2813 3182/3512/2814
f 3190/3519/2821 3146/3474/2778 3182/3512/2814
f 3146/3474/2778 3190/3519/2821 3189/3520/2822
f 3189/3520/2822 3149/3477/2781 3146/3474/2778
f 3149/3477/2781 3189/3520/2822 3191/3521/2823
f 3191/3521/2823 3150/3478/2782 3149/3477/2781
f 3150/3478/2782 3191/3521/2823 3192/3522/2824
f 3192/3522/2824 3183/3513/2815 3150/3478/2782
f 3183/3513/2815 3192/3522/2824 3193/3523/2825
f 3193/3523/2825 3153/3481/2785 3183/3513/2815
f 3153/3481/2785 3193/3523/2825 3194/3524/2826
f 3194/3525/2826 3155/3485/2787 3153/3482/2785
f 3155/3485/2787 3194/3525/2826 3195/3526/2827
f 3195/3526/2827 3184/3514/2816 3155/3485/2787
f 3184/3514/2816 3195/3526/2827 3196/3527/2828
f 3196/3527/2828 3158/3488/2790 3184/3514/2816
f 3158/3488/2790 3196/3527/2828 3197/3528/2829
f 3197/3528/2829 3185/3515/2817 3158/3488/2790
f 3185/3515/2817 3197/3528/2829 3198/3529/2830
f 3198/3529/2830 3161/3491/2793 3185/3515/2817
f 3161/3491/2793 3198/3529/2830 3199/3530/2831
f 3199/3530/2831 3163/3493/2795 3161/3491/2793
f 3163/3493/2795 3199/3530/2831 3200/3531/2832
f 3200/3531/2832 3164/3494/2796 3163/3493/2795
f 3164/3494/2796 3200/3531/2832 3201/3532/2833
f 3201/3532/2833 3186/3516/2818 3164/3494/2796
f 3186/3516/2818 3201/3532/2833 3202/3533/2834
f 3202/3533/2834 3167/3497/2799 3186/3516/2818
f 3167/3497/2799 3202/3533/2834 3203/3534/2835
f 3203/3534/2835 3187/3517/2819 3167/3497/2799
f 3187/3517/2819 3203/3534/2835 3204/3535/2836
f 3204/3535/2836 3170/3500/2802 3187/3517/2819
f 3170/3500/2802 3204/3535/2836 3205/3536/2837
f 3205/3536/2837 3172/3502/2804 3170/3500/2802
f 3172/3502/2804 3205/3536/2837 3206/3537/2838
f 3206/3537/2838 3173/3503/2805 3172/3502/2804
f 3173/3503/2805 3206/3537/2838 3207/3538/2839
f 3207/3538/2839 3175/3505/2807 3173/3503/2805
f 3175/3505/2807 3207/3538/2839 3208/3539/2840
f 3208/3539/2840 3188/3518/2820 3175/3505/2807
f 3188/3518/2820 3208/3539/2840 3209/3540/2841
f 3209/3540/2841 3178/3508/2810 3188/3518/2820
f 3178/3508/2810 3209/3540/2841 3210/3541/2842
f 3210/3541/2842 3180/3510/2812 3178/3508/2810
f 3180/3510/2812 3210/3541/2842 3211/3542/2843
f 3211/3542/2843 3181/3511/2813 3180/3510/2812
f 3181/3511/2813 3211/3542/2843 3212/3543/2844
f 3212/3543/2844 3182/3512/2814 3181/3511/2813
f 3182/3512/2814 3212/3543/2844 3190/3519/2821
f 3193/3523/2825 3192/3522/2824 3213/3544/2845
f 3213/3544/2845 3194/3524/2826 3193/3523/2825
f 3196/3527/2828 3195/3526/2827 3214/3545/2846
f 3214/3545/2846 3197/3528/2829 3196/3527/2828
f 3198/3529/2830 3197/3528/2829 3215/3546/2847
f 3215/3546/2847 3199/3530/2831 3198/3529/2830
f 3199/3530/2831 3215/3546/2847 3216/3547/2848
f 3216/3547/2848 3200/3531/2832 3199/3530/2831
f 3205/3536/2837 3204/3535/2836 3217/3548/2849
f 3217/3548/2849 3206/3537/2838 3205/3536/2837
f 3209/3540/2841 3208/3539/2840 3218/3549/2850
f 3218/3549/2850 3210/3541/2842 3209/3540/2841
f 3219/3550/2851 3189/3520/2822 3190/3519/2821
f 3219/3550/2851 3191/3521/2823 3189/3520/2822
f 3191/3521/2823 3219/3550/2851 3220/3551/2852
f 3220/3551/2852 3192/3522/2824 3191/3521/2823
f 3192/3522/2824 3220/3551/2852 3221/3552/2853
f 3221/3552/2853 3213/3544/2845 3192/3522/2824
f 3221/3552/2853 3194/3524/2826 3213/3544/2845
f 3194/3524/2826 3221/3552/2853 3222/3553/2854
f 3222/3554/2854 3195/3526/2827 3194/3525/2826
f 3195/3526/2827 3222/3554/2854 3223/3555/2855
f 3223/3555/2855 3214/3545/2846 3195/3526/2827
f 3223/3555/2855 3197/3528/2829 3214/3545/2846
f 3197/3528/2829 3223/3555/2855 3224/3556/2856
f 3224/3556/2856 3215/3546/2847 3197/3528/2829
f 3224/3556/2856 3216/3547/2848 3215/3546/2847
f 3216/3547/2848 3224/3556/2856 3225/3557/2857
f 3225/3557/2857 3200/3531/2832 3216/3547/2848
f 3200/3531/2832 3225/3557/2857 3226/3558/2858
f 3226/3558/2858 3201/3532/2833 3200/3531/2832
f 3226/3558/2858 3202/3533/2834 3201/3532/2833
f 3202/3533/2834 3226/3558/2858 3227/3559/2859
f 3227/3559/2859 3203/3534/2835 3202/3533/2834
f 3227/3559/2859 3204/3535/2836 3203/3534/2835
f 3204/3535/2836 3227/3559/2859 3228/3560/2860
f 3228/3560/2860 3217/3548/2849 3204/3535/2836
f 3228/3560/2860 3206/3537/2838 3217/3548/2849
f 3206/3537/2838 3228/3560/2860 3229/3561/2861
f 3229/3561/2861 3207/3538/2839 3206/3537/2838
f 3207/3538/2839 3229/3561/2861 3230/3562/2862
f 3230/3562/2862 3208/3539/2840 3207/3538/2839
f 3230/3562/2862 3218/3549/2850 3208/3539/2840
f 3218/3549/2850 3230/3562/2862 3231/3563/2863
f 3231/3563/2863 3210/3541/2842 3218/3549/2850
f 3231/3563/2863 3211/3542/2843 3210/3541/2842
f 3211/3542/2843 3231/3563/2863 3232/3564/2864
f 3232/3564/2864 3212/3543/2844 3211/3542/2843
f 3232/3564/2864 3190/3519/2821 3212/3543/2844
f 3190/3519/2821 3232/3564/2864 3219/3550/2851
f 3233/3565/2865 3235/3567/2867 3234/3566/2866
f 3236/3568/2868 3235/3567/2867 3233/3565/2865
f 3238/3569/2869 3235/3567/2867 3237/3570/2870
f 3239/3571/2871 3235/3567/2867 3238/3569/2869
f 3240/3572/2872 3235/3567/2867 3239/3571/2871
f 3241/3573/2873 3235/3567/2867 3240/3572/2872
f 3242/3574/2874 3235/3567/2867 3241/3573/2873
f 3243/3575/2875 3235/3567/2867 3242/3574/2874
f 3244/3576/2876 3235/3567/2867 3243/3575/2875
f 3245/3577/2877 3235/3567/2867 3244/3576/2876
f 3234/3566/2866 3235/3567/2867 3245/3577/2877
f 3246/3578/2878 3248/3580/2880 3247/3579/2879
f 3249/3581/2881 3248/3580/2880 3250/3582/2882
f 3250/3582/2882 3248/3580/2880 3251/3583/2883
f 3251/3583/2883 3248/3580/2880 3252/3584/2884
f 3252/3584/2884 3248/3580/2880 3253/3585/2885
f 3253/3585/2885 3248/3580/2880 3254/3586/2886
f 3254/3586/2886 3248/3580/2880 3255/3587/2887
f 3255/3587/2887 3248/3580/2880 3256/3588/2888
f 3256/3588/2888 3248/3580/2880 3257/3589/2889
f 3257/3589/2889 3248/3580/2880 3258/3590/2890
f 3258/3590/2890 3248/3580/2880 3259/3591/2891
f 3259/3591/2891 3248/3580/2880 3246/3578/2878
f 3261/3592/2892 3145/3594/2777 3148/3593/2780
f 3145/3594/2777 3261/3592/2892 3260/3595/2893
f 3148/3593/2780 3262/3596/2894 3261/3592/2892
f 3262/3596/2894 3148/3593/2780 3151/3597/2783
f 3151/3597/2783 3263/3598/2895 3262/3596/2894
f 3263/3598/2895 3151/3597/2783 3154/3599/2786
f 3264/3600/2896 3154/3599/2786 3156/3601/2788
f 3154/3599/2786 3264/3600/2896 3263/3598/2895
f 3265/3602/2897 3156/3601/2788 3159/3603/2791
f 3156/3601/2788 3265/3602/2897 3264/3600/2896
f 3159/3603/2791 3266/3604/2898 3265/3602/2897
f 3266/3604/2898 3159/3603/2791 3162/3605/2794
f 3162/3605/2794 3267/3606/2899 3266/3604/2898
f 3268/3607/2900 3162/3605/2794 3165/3608/2797
f 3162/3605/2794 3268/3607/2900 3267/3606/2899
f 3269/3609/2901 3165/3608/2797 3168/3610/2800
f 3165/3608/2797 3269/3609/2901 3268/3607/2900
f 3168/3610/2800 3270/3611/2902 3269/3609/2901
f 3270/3611/2902 3168/3610/2800 3171/3612/2803
f 3171/3612/2803 3271/3613/2903 3270/3611/2902
f 3271/3613/2903 3171/3612/2803 3174/3614/2806
f 3272/3615/2904 3174/3614/2806 3176/3616/2808
f 3174/3614/2806 3272/3615/2904 3271/3613/2903
f 3273/3617/2905 3176/3616/2808 3179/3618/2811
f 3176/3616/2808 3273/3617/2905 3272/3615/2904
f 3260/3595/2893 3179/3618/2811 3145/3594/2777
f 3179/3618/2811 3260/3595/2893 3273/3617/2905
f 3219/3619/2851 3275/3621/2907 3274/3620/2906
f 3274/3620/2906 3220/3622/2852 3219/3619/2851
f 3274/3620/2906 3221/3623/2853 3220/3622/2852
f 3221/3623/2853 3274/3620/2906 3276/3624/2908
f 3276/3624/2908 3222/3625/2854 3221/3623/2853
f 3222/3625/2854 3276/3624/2908 3277/3626/2909
f 3277/3626/2909 3223/3627/2855 3222/3625/2854
f 3223/3627/2855 3277/3626/2909 3278/3628/2910
f 3278/3628/2910 3224/3629/2856 3223/3627/2855
f 3224/3629/2856 3278/3628/2910 3279/3630/2911
f 3279/3630/2911 3225/3631/2857 3224/3629/2856
f 3225/3631/2857 3279/3630/2911 3280/3632/2912
f 3280/3632/2912 3226/3633/2858 3225/3631/2857
f 3226/3633/2858 3280/3632/2912 3281/3634/2913
f 3281/3634/2913 3227/3635/2859 3226/3633/2858
f 3227/3635/2859 3281/3634/2913 3282/3636/2914
f 3282/3636/2914 3228/3637/2860 3227/3635/2859
f 3228/3637/2860 3282/3636/2914 3283/3638/2915
f 3283/3638/2915 3229/3639/2861 3228/3637/2860
f 3229/3639/2861 3283/3638/2915 3284/3640/2916
f 3284/3640/2916 3230/3641/2862 3229/3639/2861
f 3230/3641/2862 3284/3640/2916 3285/3642/2917
f 3285/3642/2917 3231/3643/2863 3230/3641/2862
f 3231/3643/2863 3285/3642/2917 3286/3644/2918
f 3286/3644/2918 3232/3645/2864 3231/3643/2863
f 3232/3645/2864 3286/3644/2918 3287/3646/2919
f 3232/3645/2864 3287/3646/2919 3275/3621/2907
f 3275/3621/2907 3219/3619/2851 3232/3645/2864
f 3260/3595/2893 3233/3565/2865 3234/3566/2866
f 3233/3565/2865 3260/3595/2893 3261/3592/2892
f 3236/3568/2868 3261/3592/2892 3262/3596/2894
f 3261/3592/2892 3236/3568/2868 3233/3565/2865
f 3235/3567/2867 3262/3596/2894 3263/3598/2895
f 3262/3596/2894 3235/3567/2867 3236/3568/2868
f 3263/3598/2895 3237/3570/2870 3235/3567/2867
f 3237/3570/2870 3263/3598/2895 3264/3600/2896
f 3264/3600/2896 3238/3569/2869 3237/3570/2870
f 3238/3569/2869 3264/3600/2896 3265/3602/2897
f 3239/3571/2871 3265/3602/2897 3266/3604/2898
f 3265/3602/2897 3239/3571/2871 3238/3569/2869
f 3240/3572/2872 3266/3604/2898 3267/3606/2899
f 3266/3604/2898 3240/3572/2872 3239/3571/2871
f 3241/3573/2873 3267/3606/2899 3268/3607/2900
f 3267/3606/2899 3241/3573/2873 3240/3572/2872
f 3242/3574/2874 3268/3607/2900 3269/3609/2901
f 3268/3607/2900 3242/3574/2874 3241/3573/2873
f 3242/3574/2874 3269/3609/2901 3270/3611/2902
f 3270/3611/2902 3243/3575/2875 3242/3574/2874
f 3243/3575/2875 3270/3611/2902 3271/3613/2903
f 3271/3613/2903 3244/3576/2876 3243/3575/2875
f 3244/3576/2876 3271/3613/2903 3272/3615/2904
f 3272/3615/2904 3245/3577/2877 3244/3576/2876
f 3245/3577/2877 3272/3615/2904 3273/3617/2905
f 3273/3617/2905 3234/3566/2866 3245/3577/2877
f 3234/3566/2866 3273/3617/2905 3260/3595/2893
f 3246/3578/2878 3274/3620/2906 3275/3621/2907
f 3274/3620/2906 3246/3578/2878 3247/3579/2879
f 3247/3579/2879 3276/3624/2908 3274/3620/2906
f 3276/3624/2908 3247/3579/2879 3248/3580/2880
f 3248/3580/2880 3277/3626/2909 3276/3624/2908
f 3277/3626/2909 3248/3580/2880 3249/3581/2881
f 3249/3581/2881 3278/3628/2910 3277/3626/2909
f 3278/3628/2910 3249/3581/2881 3250/3582/2882
f 3250/3582/2882 3279/3630/2911 3278/3628/2910
f 3279/3630/2911 3250/3582/2882 3251/3583/2883
f 3251/3583/2883 3280/3632/2912 3279/3630/2911
f 3251/3583/2883 3281/3634/2913 3280/3632/2912
f 3281/3634/2913 3251/3583/2883 3252/3584/2884
f 3281/3634/2913 3252/3584/2884 3253/3585/2885
f 3253/3585/2885 3282/3636/2914 3281/3634/2913
f 3282/3636/2914 3253/3585/2885 3254/3586/2886
f 3254/3586/2886 3283/3638/2915 3282/3636/2914
f 3283/3638/2915 3254/3586/2886 3255/3587/2887
f 3255/3587/2887 3284/3640/2916 3283/3638/2915
f 3284/3640/2916 3255/3587/2887 3256/3588/2888
f 3256/3588/2888 3285/3642/2917 3284/3640/2916
f 3285/3642/2917 3256/3588/2888 3257/3589/2889
f 3257/3589/2889 3286/3644/2918 3285/3642/2917
f 3286/3644/2918 3257/3589/2889 3258/3590/2890
f 3258/3590/2890 3287/3646/2919 3286/3644/2918
f 3287/3646/2919 3258/3590/2890 3259/3591/2891
f 3259/3591/2891 3275/3621/2907 3287/3646/2919
f 3275/3621/2907 3259/3591/2891 3246/3578/2878
f 3291/3647/2920 3289/3649/2922 3288/3648/2921
f 3289/3649/2922 3291/3647/2920 3290/3650/2923
f 3290/3650/2923 3292/3651/2924 3289/3649/2922
f 3292/3651/2924 3290/3650/2923 3293/3652/2925
f 3293/3652/2925 3294/3653/2926 3292/3651/2924
f 3294/3653/2926 3293/3652/2925 3295/3654/2927
f 3295/3654/2927 3296/3655/2928 3294/3653/2926
f 3296/3655/2928 3295/3654/2927 3297/3656/2929
f 3297/3656/2929 3298/3657/2930 3296/3655/2928
f 3298/3657/2930 3297/3656/2929 3299/3658/2931
f 3299/3658/2931 3300/3659/2932 3298/3657/2930
f 3300/3659/2932 3299/3658/2931 3301/3660/2933
f 3301/3660/2933 3302/3661/2934 3300/3659/2932
f 3302/3661/2934 3301/3660/2933 3303/3662/2935
f 3303/3662/2935 3304/3663/2936 3302/3661/2934
f 3304/3663/2936 3303/3662/2935 3305/3664/2937
f 3305/3664/2937 3306/3665/2938 3304/3663/2936
f 3306/3665/2938 3305/3664/2937 3307/3666/2939
f 3307/3666/2939 3308/3667/2940 3306/3665/2938
f 3308/3667/2940 3307/3666/2939 3309/3668/2941
f 3309/3668/2941 3310/3669/2942 3308/3667/2940
f 3310/3669/2942 3309/3668/2941 3311/3670/2943
f 3311/3670/2943 3312/3671/2944 3310/3669/2942
f 3312/3671/2944 3311/3670/2943 3313/3672/2945
f 3313/3672/2945 3314/3673/2946 3312/3671/2944
f 3314/3673/2946 3313/3672/2945 3315/3674/2947
f 3315/3674/2947 3316/3675/2948 3314/3673/2946
f 3316/3675/2948 3315/3674/2947 3317/3676/2949
f 3317/3676/2949 3318/3677/2950 3316/3675/2948
f 3318/3677/2950 3317/3676/2949 3319/3678/2951
f 3319/3678/2951 3320/3679/2952 3318/3677/2950
f 3320/3679/2952 3319/3678/2951 3321/3680/2953
f 3321/3680/2953 3322/3681/2954 3320/3679/2952
f 3322/3681/2954 3321/3680/2953 3323/3682/2955
f 3323/3682/2955 3324/3683/2956 3322/3681/2954
f 3324/3683/2956 3323/3682/2955 3325/3684/2957
f 3325/3684/2957 3326/3685/2958 3324/3683/2956
f 3326/3685/2958 3325/3684/2957 3327/3686/2959
f 3327/3686/2959 3328/3687/2960 3326/3685/2958
f 3328/3687/2960 3327/3686/2959 3329/3688/2961
f 3329/3688/2961 3330/3689/2962 3328/3687/2960
f 3330/3689/2962 3329/3688/2961 3331/3690/2963
f 3331/3690/2963 3332/3691/2964 3330/3689/2962
f 3332/3691/2964 3331/3690/2963 3333/3692/2965
f 3333/3692/2965 3334/3693/2966 3332/3691/2964
f 3334/3693/2966 3333/3692/2965 3335/3694/2967
f 3335/3694/2967 3288/3695/2921 3334/3693/2966
f 3288/3695/2921 3335/3694/2967 3291/3696/2920
f 3337/3697/2968 3338/3699/2970 3336/3698/2969
f 3338/3699/2970 3337/3697/2968 3339/3700/2971
f 3339/3700/2971 3340/3701/2972 3338/3699/2970
f 3340/3701/2972 3339/3700/2971 3341/3702/2973
f 3341/3702/2973 3342/3703/2974 3340/3701/2972
f 3342/3703/2974 3341/3702/2973 3343/3704/2975
f 3343/3704/2975 3344/3705/2976 3342/3703/2974
f 3344/3705/2976 3343/3704/2975 3345/3706/2977
f 3344/3705/2976 3345/3706/2977 3346/3707/2978
f 3346/3707/2978 3347/3708/2979 3344/3705/2976
f 3346/3707/2978 3348/3709/2980 3347/3708/2979
f 3348/3709/2980 3346/3707/2978 3349/3710/2981
f 3349/3710/2981 3350/3711/2982 3348/3709/2980
f 3350/3711/2982 3349/3710/2981 3351/3712/2983
f 3350/3711/2982 3351/3712/2983 3352/3713/2984
f 3352/3713/2984 3353/3714/2985 3350/3711/2982
f 3353/3714/2985 3352/3713/2984 3354/3715/2986
f 3354/3715/2986 3355/3716/2987 3353/3714/2985
f 3355/3716/2987 3354/3715/2986 3356/3717/2988
f 3356/3717/2988 3357/3718/2989 3355/3716/2987
f 3357/3718/2989 3356/3717/2988 3358/3719/2990
f 3358/3719/2990 3359/3720/2991 3357/3718/2989
f 3359/3720/2991 3358/3719/2990 3360/3721/2992
f 3360/3721/2992 3361/3722/2993 3359/3720/2991
f 3361/3722/2993 3360/3721/2992 3362/3723/2994
f 3362/3723/2994 3363/3724/2995 3361/3722/2993
f 3363/3724/2995 3362/3723/2994 3364/3725/2996
f 3364/3725/2996 3336/3726/2969 3363/3724/2995
f 3336/3726/2969 3364/3725/2996 3337/3727/2968
f 3366/3728/2997 3367/3730/2999 3365/3729/2998
f 3367/3730/2999 3366/3728/2997 3368/3731/3000
f 3367/3730/2999 3368/3731/3000 3369/3732/3001
f 3369/3732/3001 3370/3733/3002 3367/3730/2999
f 3369/3732/3001 3371/3734/3003 3370/3733/3002
f 3371/3734/3003 3369/3732/3001 3372/3735/3004
f 3371/3734/3003 3372/3735/3004 3373/3736/3005
f 3373/3736/3005 3374/3737/3006 3371/3734/3003
f 3374/3737/3006 3373/3736/3005 3375/3738/3007
f 3375/3738/3007 3376/3739/3008 3374/3737/3006
f 3376/3739/3008 3375/3738/3007 3377/3740/3009
f 3377/3740/3009 3378/3741/3010 3376/3739/3008
f 3377/3740/3009 3379/3742/3011 3378/3741/3010
f 3379/3742/3011 3377/3740/3009 3380/3743/3012
f 3379/3742/3011 3380/3743/3012 3381/3744/3013
f 3381/3744/3013 3382/3745/3014 3379/3742/3011
f 3382/3745/3014 3381/3744/3013 3383/3746/3015
f 3383/3746/3015 3384/3747/3016 3382/3745/3014
f 3384/3747/3016 3383/3746/3015 3385/3748/3017
f 3385/3748/3017 3386/3749/3018 3384/3747/3016
f 3386/3749/3018 3385/3748/3017 3387/3750/3019
f 3387/3750/3019 3388/3751/3020 3386/3749/3018
f 3388/3751/3020 3387/3750/3019 3389/3752/3021
f 3389/3752/3021 3390/3753/3022 3388/3751/3020
f 3390/3753/3022 3389/3752/3021 3391/3754/3023
f 3391/3754/3023 3392/3755/3024 3390/3753/3022
f 3392/3755/3024 3391/3754/3023 3393/3756/3025
f 3393/3756/3025 3365/3757/2998 3392/3755/3024
f 3365/3757/2998 3393/3756/3025 3366/3758/2997
f 3288/3648/2921 3395/3760/3026 3394/3759/3026
f 3395/3760/3026 3288/3648/2921 3289/3649/2922
f 3290/3650/2923 3397/3762/3027 3396/3761/3027
f 3397/3762/3027 3290/3650/2923 3291/3647/2920
f 3289/3649/2922 3398/3763/3026 3395/3760/3026
f 3398/3763/3026 3289/3649/2922 3292/3651/2924
f 3293/3652/2925 3396/3761/3027 3399/3764/3027
f 3396/3761/3027 3293/3652/2925 3290/3650/2923
f 3292/3651/2924 3400/3765/3026 3398/3763/3026
f 3400/3765/3026 3292/3651/2924 3294/3653/2926
f 3295/3654/2927 3399/3764/3027 3401/3766/3027
f 3399/3764/3027 3295/3654/2927 3293/3652/2925
f 3294/3653/2926 3402/3767/3026 3400/3765/3026
f 3402/3767/3026 3294/3653/2926 3296/3655/2928
f 3297/3656/2929 3401/3766/3027 3403/3768/3027
f 3401/3766/3027 3297/3656/2929 3295/3654/2927
f 3296/3655/2928 3404/3769/3026 3402/3767/3026
f 3404/3769/3026 3296/3655/2928 3298/3657/2930
f 3299/3658/2931 3403/3768/3027 3405/3770/3027
f 3403/3768/3027 3299/3658/2931 3297/3656/2929
f 3298/3657/2930 3406/3771/3026 3404/3769/3026
f 3406/3771/3026 3298/3657/2930 3300/3659/2932
f 3301/3660/2933 3405/3770/3027 3407/3772/3027
f 3405/3770/3027 3301/3660/2933 3299/3658/2931
f 3300/3659/2932 3408/3773/3026 3406/3771/3026
f 3408/3773/3026 3300/3659/2932 3302/3661/2934
f 3303/3662/2935 3407/3772/3027 3409/3774/3027
f 3407/3772/3027 3303/3662/2935 3301/3660/2933
f 3302/3661/2934 3410/3775/3026 3408/3773/3026
f 3410/3775/3026 3302/3661/2934 3304/3663/2936
f 3305/3664/2937 3409/3774/3027 3411/3776/3027
f 3409/3774/3027 3305/3664/2937 3303/3662/2935
f 3304/3663/2936 3412/3777/3026 3410/3775/3026
f 3412/3777/3026 3304/3663/2936 3306/3665/2938
f 3307/3666/2939 3411/3776/3027 3413/3778/3027
f 3411/3776/3027 3307/3666/2939 3305/3664/2937
f 3306/3665/2938 3414/3779/3026 3412/3777/3026
f 3414/3779/3026 3306/3665/2938 3308/3667/2940
f 3309/3668/2941 3413/3778/3027 3415/3780/3027
f 3413/3778/3027 3309/3668/2941 3307/3666/2939
f 3308/3667/2940 3416/3781/3026 3414/3779/3026
f 3416/3781/3026 3308/3667/2940 3310/3669/2942
f 3311/3670/2943 3415/3780/3027 3417/3782/3027
f 3415/3780/3027 3311/3670/2943 3309/3668/2941
f 3310/3669/2942 3418/3783/3026 3416/3781/3026
f 3418/3783/3026 3310/3669/2942 3312/3671/2944
f 3313/3672/2945 3417/3782/3027 3419/3784/3027
f 3417/3782/3027 3313/3672/2945 3311/3670/2943
f 3312/3671/2944 3420/3785/3026 3418/3783/3026
f 3420/3785/3026 3312/3671/2944 3314/3673/2946
f 3315/3674/2947 3419/3784/3027 3421/3786/3027
f 3419/3784/3027 3315/3674/2947 3313/3672/2945
f 3314/3673/2946 3422/3787/3026 3420/3785/3026
f 3422/3787/3026 3314/3673/2946 3316/3675/2948
f 3317/3676/2949 3421/3786/3027 3423/3788/3027
f 3421/3786/3027 3317/3676/2949 3315/3674/2947
f 3316/3675/2948 3424/3789/3026 3422/3787/3026
f 3424/3789/3026 3316/3675/2948 3318/3677/2950
f 3319/3678/2951 3423/3788/3027 3425/3790/3027
f 3423/3788/3027 3319/3678/2951 3317/3676/2949
f 3318/3677/2950 3426/3791/3026 3424/3789/3026
f 3426/3791/3026 3318/3677/2950 3320/3679/2952
f 3321/3680/2953 3425/3790/3027 3427/3792/3027
f 3425/3790/3027 3321/3680/2953 3319/3678/2951
f 3320/3679/2952 3428/3793/3026 3426/3791/3026
f 3428/3793/3026 3320/3679/2952 3322/3681/2954
f 3323/3682/2955 3427/3792/3027 3429/3794/3027
f 3427/3792/3027 3323/3682/2955 3321/3680/2953
f 3322/3681/2954 3430/3795/3026 3428/3793/3026
f 3430/3795/3026 3322/3681/2954 3324/3683/2956
f 3325/3684/2957 3429/3794/3027 3431/3796/3027
f 3429/3794/3027 3325/3684/2957 3323/3682/2955
f 3324/3683/2956 3432/3797/3026 3430/3795/3026
f 3432/3797/3026 3324/3683/2956 3326/3685/2958
f 3327/3686/2959 3431/3796/3027 3433/3798/3027
f 3431/3796/3027 3327/3686/2959 3325/3684/2957
f 3326/3685/2958 3434/3799/3026 3432/3797/3026
f 3434/3799/3026 3326/3685/2958 3328/3687/2960
f 3329/3688/2961 3433/3798/3027 3435/3800/3027
f 3433/3798/3027 3329/3688/2961 3327/3686/2959
f 3328/3687/2960 3436/3801/3026 3434/3799/3026
f 3436/3801/3026 3328/3687/2960 3330/3689/2962
f 3331/3690/2963 3435/3800/3027 3437/3802/3027
f 3435/3800/3027 3331/3690/2963 3329/3688/2961
f 3330/3689/2962 3438/3803/3026 3436/3801/3026
f 3438/3803/3026 3330/3689/2962 3332/3691/2964
f 3333/3692/2965 3437/3802/3027 3439/3804/3027
f 3437/3802/3027 3333/3692/2965 3331/3690/2963
f 3332/3691/2964 3440/3805/3026 3438/3803/3026
f 3440/3805/3026 3332/3691/2964 3334/3693/2966
f 3335/3694/2967 3439/3804/3027 3441/3806/3027
f 3439/3804/3027 3335/3694/2967 3333/3692/2965
f 3334/3693/2966 3394/3807/3026 3440/3805/3026
f 3394/3807/3026 3334/3693/2966 3288/3695/2921
f 3291/3696/2920 3441/3806/3027 3397/3808/3027
f 3441/3806/3027 3291/3696/2920 3335/3694/2967
f 3336/3698/2969 3443/3810/3029 3442/3809/3028
f 3337/3697/2968 3445/3812/3031 3444/3811/3030
f 3336/3698/2969 3446/3813/3032 3443/3810/3029
f 3446/3813/3032 3336/3698/2969 3338/3699/2970
f 3339/3700/2971 3444/3811/3030 3447/3814/3033
f 3444/3811/3030 3339/3700/2971 3337/3697/2968
f 3338/3699/2970 3448/3815/3034 3446/3813/3032
f 3339/3700/2971 3447/3814/3033 3449/3816/3035
f 3338/3699/2970 3450/3817/3036 3448/3815/3034
f 3450/3817/3036 3338/3699/2970 3340/3701/2972
f 3341/3702/2973 3449/3816/3035 3451/3818/3037
f 3449/3816/3035 3341/3702/2973 3339/3700/2971
f 3340/3701/2972 3452/3819/3038 3450/3817/3036
f 3452/3819/3038 3340/3701/2972 3342/3703/2974
f 3343/3704/2975 3451/3818/3037 3453/3820/3039
f 3451/3818/3037 3343/3704/2975 3341/3702/2973
f 3342/3703/2974 3454/3821/3040 3452/3819/3038
f 3343/3704/2975 3453/3820/3039 3455/3822/3041
f 3342/3703/2974 3456/3823/3042 3454/3821/3040
f 3456/3823/3042 3342/3703/2974 3344/3705/2976
f 3345/3706/2977 3455/3822/3041 3457/3824/3043
f 3455/3822/3041 3345/3706/2977 3343/3704/2975
f 3344/3705/2976 3458/3825/3044 3456/3823/3042
f 3346/3707/2978 3457/3824/3043 3459/3826/3045
f 3457/3824/3043 3346/3707/2978 3345/3706/2977
f 3344/3705/2976 3460/3827/3046 3458/3825/3044
f 3460/3827/3046 3344/3705/2976 3347/3708/2979
f 3346/3707/2978 3459/3826/3045 3461/3828/3047
f 3347/3708/2979 3462/3829/3048 3460/3827/3046
f 3462/3829/3048 3347/3708/2979 3348/3709/2980
f 3349/3710/2981 3461/3828/3047 3463/3830/3049
f 3461/3828/3047 3349/3710/2981 3346/3707/2978
f 3348/3709/2980 3464/3831/3050 3462/3829/3048
f 3349/3710/2981 3463/3830/3049 3465/3832/3051
f 3348/3709/2980 3466/3833/3052 3464/3831/3050
f 3466/3833/3052 3348/3709/2980 3350/3711/2982
f 3351/3712/2983 3465/3832/3051 3467/3834/3053
f 3465/3832/3051 3351/3712/2983 3349/3710/2981
f 3350/3711/2982 3468/3835/3054 3466/3833/3052
f 3352/3713/2984 3467/3834/3053 3469/3836/3055
f 3467/3834/3053 3352/3713/2984 3351/3712/2983
f 3350/3711/2982 3470/3837/3056 3468/3835/3054
f 3470/3837/3056 3350/3711/2982 3353/3714/2985
f 3352/3713/2984 3469/3836/3055 3471/3838/3057
f 3353/3714/2985 3472/3839/3058 3470/3837/3056
f 3354/3715/2986 3471/3838/3057 3473/3840/3059
f 3471/3838/3057 3354/3715/2986 3352/3713/2984
f 3353/3714/2985 3474/3841/3060 3472/3839/3058
f 3474/3841/3060 3353/3714/2985 3355/3716/2987
f 3356/3717/2988 3473/3840/3059 3475/3842/3061
f 3473/3840/3059 3356/3717/2988 3354/3715/2986
f 3355/3716/2987 3476/3843/3062 3474/3841/3060
f 3356/3717/2988 3475/3842/3061 3477/3844/3063
f 3355/3716/2987 3478/3845/3064 3476/3843/3062
f 3478/3845/3064 3355/3716/2987 3357/3718/2989
f 3358/3719/2990 3477/3844/3063 3479/3846/3065
f 3477/3844/3063 3358/3719/2990 3356/3717/2988
f 3357/3718/2989 3480/3847/3066 3478/3845/3064
f 3480/3847/3066 3357/3718/2989 3359/3720/2991
f 3360/3721/2992 3479/3846/3065 3481/3848/3067
f 3479/3846/3065 3360/3721/2992 3358/3719/2990
f 3359/3720/2991 3482/3849/3068 3480/3847/3066
f 3360/3721/2992 3481/3848/3067 3483/3850/3069
f 3359/3720/2991 3484/3851/3070 3482/3849/3068
f 3484/3851/3070 3359/3720/2991 3361/3722/2993
f 3362/3723/2994 3483/3850/3069 3485/3852/3071
f 3483/3850/3069 3362/3723/2994 3360/3721/2992
f 3361/3722/2993 3486/3853/3072 3484/3851/3070
f 3362/3723/2994 3485/3852/3071 3487/3854/3073
f 3361/3722/2993 3488/3855/3074 3486/3853/3072
f 3488/3855/3074 3361/3722/2993 3363/3724/2995
f 3364/3725/2996 3487/3854/3073 3489/3856/3075
f 3487/3854/3073 3364/3725/2996 3362/3723/2994
f 3363/3724/2995 3442/3857/3028 3488/3855/3074
f 3442/3857/3028 3363/3724/2995 3336/3726/2969
f 3337/3727/2968 3489/3856/3075 3445/3858/3031
f 3489/3856/3075 3337/3727/2968 3364/3725/2996
f 3365/3729/2998 3491/3859/3077 3490/3762/3076
f 3366/3728/2997 3493/3809/3079 3492/3860/3078
f 3365/3729/2998 3494/3861/3080 3491/3859/3077
f 3494/3861/3080 3365/3729/2998 3367/3730/2999
f 3368/3731/3000 3492/3860/3078 3495/3862/3081
f 3492/3860/3078 3368/3731/3000 3366/3728/2997
f 3367/3730/2999 3496/3863/3082 3494/3861/3080
f 3369/3732/3001 3495/3862/3081 3497/3864/3083
f 3495/3862/3081 3369/3732/3001 3368/3731/3000
f 3367/3730/2999 3498/3865/3084 3496/3863/3082
f 3498/3865/3084 3367/3730/2999 3370/3733/3002
f 3369/3732/3001 3497/3864/3083 3499/3866/3085
f 3370/3733/3002 3500/3867/3086 3498/3865/3084
f 3500/3867/3086 3370/3733/3002 3371/3734/3003
f 3372/3735/3004 3499/3866/3085 3501/3868/3087
f 3499/3866/3085 3372/3735/3004 3369/3732/3001
f 3371/3734/3003 3502/3869/3088 3500/3867/3086
f 3373/3736/3005 3501/3868/3087 3503/3870/3089
f 3501/3868/3087 3373/3736/3005 3372/3735/3004
f 3371/3734/3003 3504/3871/3090 3502/3869/3088
f 3504/3871/3090 3371/3734/3003 3374/3737/3006
f 3373/3736/3005 3503/3870/3089 3505/3872/3091
f 3374/3737/3006 3506/3873/3092 3504/3871/3090
f 3375/3738/3007 3505/3872/3091 3507/3874/3093
f 3505/3872/3091 3375/3738/3007 3373/3736/3005
f 3374/3737/3006 3508/3875/3094 3506/3873/3092
f 3508/3875/3094 3374/3737/3006 3376/3739/3008
f 3375/3738/3007 3507/3874/3093 3509/3876/3095
f 3376/3739/3008 3510/3877/3096 3508/3875/3094
f 3377/3740/3009 3509/3876/3095 3511/3878/3097
f 3509/3876/3095 3377/3740/3009 3375/3738/3007
f 3376/3739/3008 3512/3879/3098 3510/3877/3096
f 3512/3879/3098 3376/3739/3008 3378/3741/3010
f 3377/3740/3009 3511/3878/3097 3513/3880/3099
f 3378/3741/3010 3514/3881/3100 3512/3879/3098
f 3514/3881/3100 3378/3741/3010 3379/3742/3011
f 3380/3743/3012 3513/3880/3099 3515/3882/3101
f 3513/3880/3099 3380/3743/3012 3377/3740/3009
f 3379/3742/3011 3516/3883/3102 3514/3881/3100
f 3381/3744/3013 3515/3882/3101 3517/3884/3103
f 3515/3882/3101 3381/3744/3013 3380/3743/3012
f 3379/3742/3011 3518/3885/3104 3516/3883/3102
f 3518/3885/3104 3379/3742/3011 3382/3745/3014
f 3381/3744/3013 3517/3884/3103 3519/3886/3105
f 3382/3745/3014 3520/3887/3106 3518/3885/3104
f 3383/3746/3015 3519/3886/3105 3521/3888/3107
f 3519/3886/3105 3383/3746/3015 3381/3744/3013
f 3382/3745/3014 3522/3889/3108 3520/3887/3106
f 3522/3889/3108 3382/3745/3014 3384/3747/3016
f 3385/3748/3017 3521/3888/3107 3523/3890/3109
f 3521/3888/3107 3385/3748/3017 3383/3746/3015
f 3384/3747/3016 3524/3891/3110 3522/3889/3108
f 3385/3748/3017 3523/3890/3109 3525/3892/3111
f 3384/3747/3016 3526/3893/3112 3524/3891/3110
f 3526/3893/3112 3384/3747/3016 3386/3749/3018
f 3387/3750/3019 3525/3892/3111 3527/3894/3113
f 3525/3892/3111 3387/3750/3019 3385/3748/3017
f 3386/3749/3018 3528/3895/3114 3526/3893/3112
f 3528/3895/3114 3386/3749/3018 3388/3751/3020
f 3389/3752/3021 3527/3894/3113 3529/3896/3115
f 3527/3894/3113 3389/3752/3021 3387/3750/3019
f 3388/3751/3020 3530/3897/3116 3528/3895/3114
f 3389/3752/3021 3529/3896/3115 3531/3898/3117
f 3388/3751/3020 3532/3899/3118 3530/3897/3116
f 3532/3899/3118 3388/3751/3020 3390/3753/3022
f 3391/3754/3023 3531/3898/3117 3533/3900/3119
f 3531/3898/3117 3391/3754/3023 3389/3752/3021
f 3390/3753/3022 3534/3901/3120 3532/3899/3118
f 3391/3754/3023 3533/3900/3119 3535/3902/3121
f 3390/3753/3022 3536/3903/3122 3534/3901/3120
f 3536/3903/3122 3390/3753/3022 3392/3755/3024
f 3393/3756/3025 3535/3902/3121 3537/3904/3123
f 3535/3902/3121 3393/3756/3025 3391/3754/3023
f 3392/3755/3024 3490/3905/3076 3536/3903/3122
f 3490/3905/3076 3392/3755/3024 3365/3757/2998
f 3366/3758/2997 3537/3904/3123 3493/3906/3079
f 3537/3904/3123 3366/3758/2997 3393/3756/3025
