# Blender 4.3.0
# www.blender.org
mtllib Tent1Barrels2.mtl
o BarrelSmartMat.001
v 6.679747 0.025560 42.197464
v 6.827119 0.025560 42.258327
v 6.866584 0.439074 42.189812
v 6.700133 0.439074 42.121067
v 6.953717 0.025560 42.355263
v 7.009570 0.439074 42.299297
v 7.050912 0.025560 42.481663
v 7.119348 0.439074 42.442059
v 7.112081 0.025560 42.628910
v 7.188435 0.439074 42.608364
v 7.133055 0.025560 42.786972
v 7.212124 0.439074 42.786888
v 7.112406 0.025560 42.945076
v 7.188802 0.439074 42.965462
v 7.051539 0.025560 43.092445
v 7.120056 0.439074 43.131912
v 6.954604 0.025560 43.219044
v 7.010572 0.439074 43.274899
v 6.828206 0.025560 43.316238
v 6.867811 0.439074 43.384674
v 6.680959 0.025560 43.377407
v 6.701502 0.439074 43.453762
v 6.522897 0.025560 43.398384
v 6.522979 0.439074 43.477451
v 6.364793 0.025560 43.377731
v 6.344407 0.439074 43.454128
v 6.217421 0.025560 43.316868
v 6.177957 0.439074 43.385384
v 6.090823 0.025560 43.219933
v 6.034970 0.439074 43.275898
v 5.993629 0.025560 43.093533
v 5.925193 0.439074 43.133137
v 5.932459 0.025560 42.946285
v 5.856105 0.439074 42.966831
v 5.911485 0.025560 42.788223
v 5.832416 0.439074 42.788307
v 5.932135 0.025560 42.630119
v 5.855739 0.439074 42.609734
v 5.993001 0.025560 42.482750
v 5.924484 0.439074 42.443283
v 6.089936 0.025560 42.356152
v 6.033968 0.439074 42.300297
v 6.216334 0.025560 42.258957
v 6.176729 0.439074 42.190521
v 6.363582 0.025560 42.197788
v 6.343038 0.439074 42.121433
v 6.521643 0.025560 42.176811
v 6.521562 0.439074 42.097744
v 6.893269 0.852589 42.143482
v 6.713918 0.852589 42.069408
v 7.047337 0.852588 42.261452
v 7.165622 0.852588 42.415276
v 7.240064 0.852588 42.594475
v 7.265590 0.852588 42.786835
v 7.240459 0.852588 42.979244
v 7.166386 0.852588 43.158596
v 7.048417 0.852588 43.312664
v 6.894591 0.852589 43.430950
v 6.715393 0.852589 43.505390
v 6.523034 0.852589 43.530918
v 6.330623 0.852589 43.505787
v 6.151272 0.852589 43.431713
v 5.997204 0.852589 43.313744
v 5.878918 0.852589 43.159920
v 5.804476 0.852589 42.980721
v 5.778951 0.852589 42.788361
v 5.804081 0.852589 42.595951
v 5.878155 0.852589 42.416599
v 5.996124 0.852589 42.262531
v 6.149950 0.852589 42.144245
v 6.329148 0.852589 42.069805
v 6.521507 0.852589 42.044277
v 6.893269 1.266103 42.143482
v 6.713918 1.266103 42.069408
v 7.047337 1.266103 42.261452
v 7.165622 1.266103 42.415276
v 7.240064 1.266103 42.594475
v 7.265590 1.266103 42.786835
v 7.240459 1.266103 42.979244
v 7.166385 1.266103 43.158596
v 7.048417 1.266103 43.312664
v 6.894591 1.266103 43.430950
v 6.715393 1.266103 43.505390
v 6.523034 1.266103 43.530918
v 6.330623 1.266103 43.505787
v 6.151272 1.266103 43.431713
v 5.997204 1.266103 43.313744
v 5.878918 1.266103 43.159920
v 5.804476 1.266103 42.980721
v 5.778951 1.266103 42.788361
v 5.804081 1.266103 42.595951
v 5.878155 1.266103 42.416599
v 5.996124 1.266103 42.262531
v 6.149950 1.266103 42.144245
v 6.329148 1.266103 42.069805
v 6.521507 1.266103 42.044277
v 6.866584 1.679617 42.189812
v 6.700133 1.679617 42.121067
v 7.009570 1.679617 42.299297
v 7.119348 1.679617 42.442059
v 7.188436 1.679617 42.608364
v 7.212124 1.679617 42.786888
v 7.188802 1.679617 42.965462
v 7.120056 1.679617 43.131912
v 7.010572 1.679617 43.274899
v 6.867811 1.679617 43.384674
v 6.701502 1.679617 43.453762
v 6.522979 1.679617 43.477451
v 6.344407 1.679617 43.454128
v 6.177957 1.679617 43.385384
v 6.034971 1.679617 43.275898
v 5.925193 1.679617 43.133137
v 5.856105 1.679617 42.966831
v 5.832416 1.679617 42.788307
v 5.855739 1.679617 42.609734
v 5.924484 1.679617 42.443283
v 6.033968 1.679617 42.300297
v 6.176730 1.679617 42.190521
v 6.343039 1.679617 42.121433
v 6.521562 1.679617 42.097744
v 6.827119 2.093132 42.258327
v 6.679747 2.093132 42.197464
v 6.953717 2.093132 42.355263
v 7.050912 2.093132 42.481663
v 7.112081 2.093132 42.628910
v 7.133055 2.093132 42.786972
v 7.112406 2.093132 42.945076
v 7.051539 2.093132 43.092445
v 6.954604 2.093132 43.219044
v 6.828206 2.093132 43.316238
v 6.680959 2.093132 43.377407
v 6.522898 2.093132 43.398384
v 6.364793 2.093132 43.377731
v 6.217421 2.093132 43.316868
v 6.090824 2.093132 43.219933
v 5.993629 2.093132 43.093533
v 5.932459 2.093132 42.946285
v 5.911485 2.093132 42.788223
v 5.932135 2.093132 42.630119
v 5.993001 2.093132 42.482750
v 6.089937 2.093132 42.356152
v 6.216334 2.093132 42.258957
v 6.363582 2.093132 42.197788
v 6.521643 2.093132 42.176811
v 6.806621 0.146727 42.293919
v 6.669158 0.146727 42.237144
v 6.522270 0.146727 42.787598
v 6.924706 0.146727 42.384335
v 7.015366 0.146727 42.502232
v 7.072422 0.146727 42.639580
v 7.091986 0.146727 42.787014
v 7.072725 0.146727 42.934486
v 7.015951 0.146727 43.071949
v 6.925534 0.146727 43.190033
v 6.807634 0.146727 43.280693
v 6.670289 0.146727 43.337749
v 6.522855 0.146727 43.357315
v 6.375382 0.146727 43.338051
v 6.237919 0.146727 43.281277
v 6.119834 0.146727 43.190861
v 6.029175 0.146727 43.072964
v 5.972119 0.146727 42.935616
v 5.952555 0.146727 42.788181
v 5.971816 0.146727 42.640709
v 6.028590 0.146727 42.503246
v 6.119007 0.146727 42.385162
v 6.236906 0.146727 42.294502
v 6.374252 0.146727 42.237446
v 6.521685 0.146727 42.217880
v 6.669158 1.971965 42.237144
v 6.806622 1.971965 42.293919
v 6.522270 1.971965 42.787598
v 6.924706 1.971965 42.384335
v 7.015366 1.971965 42.502232
v 7.072422 1.971965 42.639580
v 7.091986 1.971965 42.787014
v 7.072725 1.971965 42.934486
v 7.015951 1.971965 43.071949
v 6.925534 1.971965 43.190033
v 6.807635 1.971965 43.280693
v 6.670289 1.971965 43.337749
v 6.522855 1.971965 43.357315
v 6.375382 1.971965 43.338051
v 6.237919 1.971965 43.281277
v 6.119834 1.971965 43.190861
v 6.029175 1.971965 43.072964
v 5.972119 1.971965 42.935616
v 5.952555 1.971965 42.788181
v 5.971816 1.971965 42.640709
v 6.028590 1.971965 42.503246
v 6.119007 1.971965 42.385162
v 6.236906 1.971965 42.294502
v 6.374252 1.971965 42.237446
v 6.521685 1.971965 42.217880
v 6.665914 0.025560 42.249302
v 6.800340 0.025560 42.304821
v 6.915816 0.025560 42.393242
v 7.004473 0.025560 42.508537
v 7.060269 0.025560 42.642849
v 7.079401 0.025560 42.787025
v 7.060565 0.025560 42.931240
v 7.005045 0.025560 43.065666
v 6.916625 0.025560 43.181145
v 6.801331 0.025560 43.269802
v 6.667019 0.025560 43.325596
v 6.522842 0.025560 43.344727
v 6.378627 0.025560 43.325893
v 6.244201 0.025560 43.270374
v 6.128724 0.025560 43.181953
v 6.040067 0.025560 43.066658
v 5.984272 0.025560 42.932346
v 5.965139 0.025560 42.788170
v 5.983975 0.025560 42.643955
v 6.039495 0.025560 42.509529
v 6.127915 0.025560 42.394051
v 6.243209 0.025560 42.305393
v 6.377522 0.025560 42.249599
v 6.521698 0.025560 42.230465
v 6.800340 2.093132 42.304821
v 6.665914 2.093132 42.249302
v 6.915817 2.093132 42.393242
v 7.004474 2.093132 42.508537
v 7.060269 2.093132 42.642849
v 7.079401 2.093132 42.787025
v 7.060565 2.093132 42.931240
v 7.005045 2.093132 43.065666
v 6.916626 2.093132 43.181145
v 6.801332 2.093132 43.269802
v 6.667019 2.093132 43.325596
v 6.522842 2.093132 43.344727
v 6.378627 2.093132 43.325893
v 6.244201 2.093132 43.270374
v 6.128724 2.093132 43.181953
v 6.040067 2.093132 43.066658
v 5.984272 2.093132 42.932346
v 5.965140 2.093132 42.788170
v 5.983975 2.093132 42.643955
v 6.039495 2.093132 42.509529
v 6.127915 2.093132 42.394051
v 6.243209 2.093132 42.305393
v 6.377522 2.093132 42.249599
v 6.521698 2.093132 42.230465
v 6.722512 0.980404 42.037201
v 6.909905 0.980404 42.114597
v 6.909905 1.157869 42.114597
v 6.722512 1.157869 42.037201
v 7.070882 0.980404 42.237858
v 7.070882 1.157869 42.237858
v 7.194472 0.980404 42.398582
v 7.194472 1.157869 42.398582
v 7.272253 0.980404 42.585815
v 7.272253 1.157869 42.585815
v 7.298923 0.980404 42.786800
v 7.298923 1.157869 42.786800
v 7.272666 0.980404 42.987839
v 7.272666 1.157869 42.987839
v 7.195270 0.980404 43.175232
v 7.195270 1.157869 43.175232
v 7.072011 0.980404 43.336208
v 7.072011 1.157869 43.336208
v 6.911287 0.980404 43.459801
v 6.911287 1.157869 43.459801
v 6.724053 0.980404 43.537579
v 6.724053 1.157869 43.537579
v 6.523068 0.980404 43.564251
v 6.523068 1.157869 43.564251
v 6.322028 0.980404 43.537994
v 6.322028 1.157869 43.537994
v 6.134635 0.980404 43.460598
v 6.134635 1.157869 43.460598
v 5.973658 0.980404 43.337337
v 5.973658 1.157869 43.337337
v 5.850068 0.980404 43.176617
v 5.850068 1.157869 43.176617
v 5.772288 0.980404 42.989380
v 5.772288 1.157869 42.989380
v 5.745618 0.980404 42.788395
v 5.745618 1.157869 42.788395
v 5.771875 0.980404 42.587357
v 5.771875 1.157869 42.587357
v 5.849270 0.980404 42.399963
v 5.849270 1.157869 42.399963
v 5.972530 0.980404 42.238987
v 5.972530 1.157869 42.238987
v 6.133253 0.980404 42.115395
v 6.133253 1.157869 42.115395
v 6.320487 0.980404 42.037617
v 6.320487 1.157869 42.037617
v 6.521473 0.980404 42.010944
v 6.521473 1.157869 42.010944
v 6.698723 1.886904 42.126350
v 6.863854 1.886904 42.194553
v 6.847385 2.059465 42.223145
v 6.690216 2.059465 42.158230
v 7.005706 1.886904 42.303169
v 6.982399 2.059465 42.326523
v 7.114614 1.886904 42.444798
v 7.086055 2.059465 42.461323
v 7.183154 1.886904 42.609787
v 7.151290 2.059465 42.618359
v 7.206656 1.886904 42.786896
v 7.173659 2.059465 42.786930
v 7.183517 1.886904 42.964050
v 7.151637 2.059465 42.955544
v 7.115316 1.886904 43.129181
v 7.086724 2.059465 43.112713
v 7.006701 1.886904 43.271034
v 6.983345 2.059465 43.247726
v 6.865071 1.886904 43.379940
v 6.848544 2.059465 43.351383
v 6.700081 1.886904 43.448483
v 6.691508 2.059465 43.416618
v 6.522973 1.886904 43.471981
v 6.522939 2.059465 43.438988
v 6.345817 1.886904 43.448845
v 6.354325 2.059465 43.416965
v 6.180686 1.886904 43.380642
v 6.197155 2.059465 43.352051
v 6.038834 1.886904 43.272030
v 6.062142 2.059465 43.248672
v 5.929927 1.886904 43.130398
v 5.958486 2.059465 43.113873
v 5.861387 1.886904 42.965408
v 5.893250 2.059465 42.956837
v 5.837885 1.886904 42.788300
v 5.870881 2.059465 42.788265
v 5.861023 1.886904 42.611145
v 5.892904 2.059465 42.619652
v 5.929224 1.886904 42.446014
v 5.957817 2.059465 42.462482
v 6.037840 1.886904 42.304161
v 6.061195 2.059465 42.327469
v 6.179469 1.886904 42.195255
v 6.195996 2.059465 42.223812
v 6.344460 1.886904 42.126713
v 6.353033 2.059465 42.158577
v 6.521567 1.886904 42.103214
v 6.521601 2.059465 42.136208
v 6.688138 0.062808 42.166016
v 6.843364 0.062808 42.230125
v 6.864929 0.243052 42.192684
v 6.699278 0.243052 42.124271
v 6.976707 0.062808 42.332226
v 7.007228 0.243052 42.301643
v 7.079082 0.062808 42.465359
v 7.116477 0.243052 42.443718
v 7.143510 0.062808 42.620453
v 7.185233 0.243052 42.609226
v 7.165602 0.062808 42.786938
v 7.208809 0.243052 42.786892
v 7.143852 0.062808 42.953465
v 7.185598 0.243052 42.964607
v 7.079742 0.062808 43.108692
v 7.117183 0.243052 43.130257
v 6.977642 0.062808 43.242035
v 7.008225 0.243052 43.272556
v 6.844508 0.062808 43.344410
v 6.866150 0.243052 43.381805
v 6.689415 0.062808 43.408836
v 6.700641 0.243052 43.450562
v 6.522931 0.062808 43.430931
v 6.522975 0.243052 43.474136
v 6.356402 0.062808 43.409180
v 6.345262 0.243052 43.450928
v 6.201177 0.062808 43.345070
v 6.179611 0.243052 43.382511
v 6.067833 0.062808 43.242970
v 6.037313 0.243052 43.273552
v 5.965459 0.062808 43.109837
v 5.928062 0.243052 43.131477
v 5.901031 0.062808 42.954742
v 5.859307 0.243052 42.965969
v 5.878938 0.062808 42.788258
v 5.835732 0.243052 42.788303
v 5.900688 0.062808 42.621731
v 5.858942 0.243052 42.610588
v 5.964798 0.062808 42.466503
v 5.927357 0.243052 42.444939
v 6.066898 0.062808 42.333160
v 6.036315 0.243052 42.302639
v 6.200032 0.062808 42.230785
v 6.178390 0.243052 42.193390
v 6.355125 0.062808 42.166359
v 6.343900 0.243052 42.124634
v 6.521609 0.062808 42.144264
v 6.521565 0.243052 42.101059
v 6.709324 0.980404 42.086624
v 6.884376 0.980404 42.158924
v 6.884376 1.157869 42.158924
v 6.709324 1.157869 42.086624
v 7.034750 0.980404 42.274063
v 7.034750 1.157869 42.274063
v 7.150201 0.980404 42.424202
v 7.150201 1.157869 42.424202
v 7.222858 0.980404 42.599106
v 7.222858 1.157869 42.599106
v 7.247772 0.980404 42.786854
v 7.247772 1.157869 42.786854
v 7.223244 0.980404 42.974651
v 7.223244 1.157869 42.974651
v 7.150946 0.980404 43.149704
v 7.150946 1.157869 43.149704
v 7.035804 0.980404 43.300079
v 7.035804 1.157869 43.300079
v 6.885666 0.980404 43.415527
v 6.885666 1.157869 43.415527
v 6.710764 0.980404 43.488186
v 6.710764 1.157869 43.488186
v 6.523015 0.980404 43.513100
v 6.523015 1.157869 43.513100
v 6.335217 0.980404 43.488571
v 6.335217 1.157869 43.488571
v 6.160165 0.980404 43.416275
v 6.160165 1.157869 43.416275
v 6.009790 0.980404 43.301132
v 6.009790 1.157869 43.301132
v 5.894340 0.980404 43.150993
v 5.894340 1.157869 43.150993
v 5.821682 0.980404 42.976089
v 5.821682 1.157869 42.976089
v 5.796769 0.980404 42.788342
v 5.796769 1.157869 42.788342
v 5.821296 0.980404 42.600544
v 5.821296 1.157869 42.600544
v 5.893595 0.980404 42.425491
v 5.893595 1.157869 42.425491
v 6.008736 0.980404 42.275116
v 6.008736 1.157869 42.275116
v 6.158874 0.980404 42.159668
v 6.158874 1.157869 42.159668
v 6.333777 0.980404 42.087009
v 6.333777 1.157869 42.087009
v 6.521525 0.980404 42.062096
v 6.521525 1.157869 42.062096
v 6.686303 1.878433 42.172894
v 6.839811 1.878433 42.236294
v 6.823737 2.050994 42.264202
v 6.678000 2.050994 42.204010
v 6.971679 1.878433 42.337265
v 6.948930 2.050994 42.360062
v 7.072920 1.878433 42.468925
v 7.045047 2.050994 42.485058
v 7.136636 1.878433 42.622303
v 7.105537 2.050994 42.630669
v 7.158484 1.878433 42.786945
v 7.126279 2.050994 42.786976
v 7.136974 1.878433 42.951630
v 7.105858 2.050994 42.943329
v 7.073574 1.878433 43.105137
v 7.045667 2.050994 43.089066
v 6.972603 1.878433 43.237007
v 6.949807 2.050994 43.214256
v 6.840943 1.878433 43.338249
v 6.824812 2.050994 43.310375
v 6.687566 1.878433 43.401962
v 6.679199 2.050994 43.370865
v 6.522923 1.878433 43.423813
v 6.522891 2.050994 43.391605
v 6.358237 1.878433 43.402302
v 6.366541 2.050994 43.371185
v 6.204730 1.878433 43.338902
v 6.220803 2.050994 43.310993
v 6.072862 1.878433 43.237930
v 6.095611 2.050994 43.215134
v 5.971620 1.878433 43.106270
v 5.999494 2.050994 43.090137
v 5.907905 1.878433 42.952892
v 5.939003 2.050994 42.944527
v 5.886057 1.878433 42.788250
v 5.918262 2.050994 42.788219
v 5.907566 1.878433 42.623566
v 5.938683 2.050994 42.631866
v 5.970967 1.878433 42.470058
v 5.998874 2.050994 42.486130
v 6.071938 1.878433 42.338188
v 6.094733 2.050994 42.360939
v 6.203598 1.878433 42.236946
v 6.219729 2.050994 42.264820
v 6.356975 1.878433 42.173233
v 6.365342 2.050994 42.204330
v 6.521617 1.878433 42.151382
v 6.521650 2.050994 42.183590
v 6.675972 0.071278 42.211609
v 6.819812 0.071278 42.271015
v 6.840860 0.251523 42.234474
v 6.686845 0.251523 42.170864
v 6.943375 0.071278 42.365627
v 6.973164 0.251523 42.335777
v 7.038240 0.071278 42.488995
v 7.074740 0.251523 42.467873
v 7.097943 0.071278 42.632713
v 7.138666 0.251523 42.621758
v 7.118415 0.071278 42.786987
v 7.160585 0.251523 42.786942
v 7.098260 0.071278 42.941299
v 7.139006 0.251523 42.952171
v 7.038852 0.071278 43.085140
v 7.075396 0.251523 43.106186
v 6.944241 0.071278 43.208702
v 6.974091 0.251523 43.238491
v 6.820873 0.071278 43.303566
v 6.841996 0.251523 43.340069
v 6.677155 0.071278 43.363270
v 6.688112 0.251523 43.403996
v 6.522882 0.071278 43.383743
v 6.522926 0.251523 43.425915
v 6.368568 0.071278 43.363586
v 6.357695 0.251523 43.404331
v 6.224728 0.071278 43.304180
v 6.203680 0.251523 43.340725
v 6.101165 0.071278 43.209568
v 6.071376 0.251523 43.239418
v 6.006300 0.071278 43.086201
v 5.969800 0.251523 43.107323
v 5.946598 0.071278 42.942482
v 5.905874 0.251523 42.953438
v 5.926126 0.071278 42.788208
v 5.883955 0.251523 42.788254
v 5.946280 0.071278 42.633896
v 5.905535 0.251523 42.623024
v 6.005688 0.071278 42.490055
v 5.969145 0.251523 42.469009
v 6.100300 0.071278 42.366493
v 6.070449 0.251523 42.336704
v 6.223668 0.071278 42.271629
v 6.202545 0.251523 42.235126
v 6.367385 0.071278 42.211926
v 6.356429 0.251523 42.171200
v 6.521658 0.071278 42.191452
v 6.521615 0.251523 42.149281
vn 0.3750 -0.1863 -0.9081
vn 0.3751 -0.1862 -0.9081
vn 0.3750 -0.1862 -0.9081
vn 0.6774 -0.2832 -0.6789
vn 0.6977 -0.1562 -0.6991
vn 0.8301 -0.2832 -0.4804
vn 0.8549 -0.1561 -0.4947
vn 0.9261 -0.2832 -0.2492
vn 0.9538 -0.1562 -0.2566
vn 0.9590 -0.2832 -0.0010
vn 0.9877 -0.1562 -0.0010
vn 0.9266 -0.2832 0.2473
vn 0.9543 -0.1562 0.2547
vn 0.8311 -0.2832 0.4787
vn 0.8559 -0.1562 0.4930
vn 0.6789 -0.2832 0.6774
vn 0.6992 -0.1561 0.6977
vn 0.4804 -0.2832 0.8301
vn 0.4947 -0.1562 0.8549
vn 0.2492 -0.2832 0.9261
vn 0.2566 -0.1562 0.9538
vn 0.0010 -0.2832 0.9590
vn 0.0010 -0.1562 0.9877
vn -0.2473 -0.2832 0.9266
vn -0.2547 -0.1562 0.9543
vn -0.4787 -0.2832 0.8311
vn -0.4930 -0.1562 0.8559
vn -0.6774 -0.2832 0.6789
vn -0.6977 -0.1562 0.6991
vn -0.8301 -0.2832 0.4804
vn -0.8549 -0.1561 0.4947
vn -0.9261 -0.2832 0.2492
vn -0.9538 -0.1562 0.2566
vn -0.9590 -0.2832 0.0010
vn -0.9877 -0.1562 0.0010
vn -0.9266 -0.2832 -0.2473
vn -0.9543 -0.1562 -0.2547
vn -0.8311 -0.2832 -0.4787
vn -0.8559 -0.1561 -0.4930
vn -0.6789 -0.2832 -0.6774
vn -0.6991 -0.1562 -0.6977
vn -0.4804 -0.2832 -0.8301
vn -0.4947 -0.1562 -0.8549
vn -0.2492 -0.2832 -0.9261
vn -0.2566 -0.1562 -0.9538
vn -0.0010 -0.2832 -0.9590
vn -0.0010 -0.1562 -0.9877
vn 0.2573 -0.0628 -0.9643
vn 0.4981 -0.0627 -0.8648
vn 0.7050 -0.0628 -0.7064
vn 0.8638 -0.0627 -0.4999
vn 0.9638 -0.0627 -0.2593
vn 0.9980 -0.0627 -0.0010
vn 0.9643 -0.0628 0.2573
vn 0.8648 -0.0627 0.4981
vn 0.7064 -0.0627 0.7050
vn 0.4999 -0.0627 0.8638
vn 0.2593 -0.0627 0.9638
vn 0.0010 -0.0627 0.9980
vn -0.2573 -0.0627 0.9643
vn -0.4981 -0.0627 0.8648
vn -0.7050 -0.0627 0.7064
vn -0.8638 -0.0627 0.4999
vn -0.9638 -0.0627 0.2593
vn -0.9980 -0.0627 0.0010
vn -0.9643 -0.0628 -0.2573
vn -0.8648 -0.0627 -0.4981
vn -0.7064 -0.0627 -0.7050
vn -0.4999 -0.0627 -0.8638
vn -0.2593 -0.0627 -0.9638
vn -0.0010 -0.0627 -0.9980
vn 0.2573 0.0628 -0.9643
vn 0.4981 0.0627 -0.8648
vn 0.7050 0.0627 -0.7064
vn 0.8638 0.0627 -0.4999
vn 0.9638 0.0627 -0.2593
vn 0.9980 0.0627 -0.0010
vn 0.9643 0.0627 0.2573
vn 0.8648 0.0627 0.4981
vn 0.7064 0.0627 0.7050
vn 0.4999 0.0627 0.8638
vn 0.2593 0.0627 0.9638
vn 0.0010 0.0627 0.9980
vn -0.2573 0.0627 0.9643
vn -0.4981 0.0628 0.8648
vn -0.7050 0.0627 0.7064
vn -0.8638 0.0627 0.4999
vn -0.9638 0.0628 0.2593
vn -0.9980 0.0627 0.0010
vn -0.9643 0.0627 -0.2573
vn -0.8648 0.0627 -0.4981
vn -0.7064 0.0627 -0.7050
vn -0.4999 0.0627 -0.8638
vn -0.2593 0.0627 -0.9638
vn -0.0010 0.0628 -0.9980
vn 0.2547 0.1562 -0.9543
vn 0.4930 0.1561 -0.8559
vn 0.6977 0.1562 -0.6991
vn 0.8549 0.1562 -0.4947
vn 0.9538 0.1562 -0.2566
vn 0.9877 0.1562 -0.0010
vn 0.9543 0.1562 0.2547
vn 0.8559 0.1562 0.4930
vn 0.6992 0.1561 0.6977
vn 0.4948 0.1561 0.8549
vn 0.2566 0.1562 0.9538
vn 0.0010 0.1562 0.9877
vn -0.2547 0.1562 0.9543
vn -0.4930 0.1562 0.8559
vn -0.6977 0.1562 0.6991
vn -0.8549 0.1561 0.4947
vn -0.9538 0.1562 0.2566
vn -0.9877 0.1562 0.0010
vn -0.9543 0.1562 -0.2547
vn -0.8559 0.1562 -0.4930
vn -0.6991 0.1562 -0.6977
vn -0.4947 0.1562 -0.8549
vn -0.2566 0.1562 -0.9538
vn -0.0010 0.1562 -0.9877
vn 0.2473 0.2832 -0.9266
vn 0.4787 0.2832 -0.8310
vn 0.6775 0.2832 -0.6788
vn 0.8301 0.2832 -0.4804
vn 0.9261 0.2832 -0.2491
vn 0.9590 0.2832 -0.0010
vn 0.9266 0.2832 0.2473
vn 0.8310 0.2832 0.4787
vn 0.6788 0.2832 0.6775
vn 0.4804 0.2832 0.8301
vn 0.2492 0.2832 0.9261
vn 0.0010 0.2832 0.9590
vn -0.2473 0.2832 0.9266
vn -0.4787 0.2832 0.8310
vn -0.6775 0.2832 0.6788
vn -0.8301 0.2832 0.4804
vn -0.9261 0.2832 0.2492
vn -0.9590 0.2832 0.0010
vn -0.9266 0.2832 -0.2473
vn -0.8310 0.2832 -0.4787
vn -0.6788 0.2832 -0.6775
vn -0.4804 0.2832 -0.8301
vn -0.2491 0.2832 -0.9261
vn -0.0010 0.2832 -0.9590
vn -0.2140 -0.9034 0.3715
vn -0.1107 -0.9034 0.4142
vn -0.0000 -1.0000 -0.0000
vn -0.3028 -0.9034 0.3035
vn -0.3710 -0.9034 0.2147
vn -0.4140 -0.9034 0.1114
vn -0.4287 -0.9034 0.0005
vn -0.4142 -0.9034 -0.1105
vn -0.3715 -0.9034 -0.2140
vn -0.3035 -0.9034 -0.3028
vn -0.2147 -0.9034 -0.3710
vn -0.1114 -0.9034 -0.4140
vn -0.0004 -0.9034 -0.4287
vn 0.1105 -0.9034 -0.4142
vn 0.2140 -0.9034 -0.3715
vn 0.3028 -0.9034 -0.3035
vn 0.3710 -0.9034 -0.2147
vn 0.4140 -0.9034 -0.1114
vn 0.4287 -0.9034 -0.0004
vn 0.4142 -0.9034 0.1105
vn 0.3715 -0.9034 0.2140
vn 0.3035 -0.9034 0.3028
vn 0.2147 -0.9034 0.3710
vn 0.1114 -0.9034 0.4140
vn 0.0005 -0.9034 0.4287
vn -0.1105 0.9034 0.4142
vn -0.2138 0.9034 0.3716
vn -0.0000 1.0000 -0.0000
vn -0.3027 0.9034 0.3036
vn -0.3710 0.9034 0.2148
vn -0.4140 0.9034 0.1114
vn -0.4287 0.9034 0.0005
vn -0.4142 0.9034 -0.1104
vn -0.3715 0.9034 -0.2139
vn -0.3035 0.9034 -0.3028
vn -0.2148 0.9034 -0.3710
vn -0.1114 0.9034 -0.4140
vn -0.0005 0.9034 -0.4287
vn 0.1105 0.9034 -0.4142
vn 0.2138 0.9034 -0.3716
vn 0.3028 0.9034 -0.3035
vn 0.3710 0.9034 -0.2149
vn 0.4140 0.9034 -0.1114
vn 0.4287 0.9034 -0.0006
vn 0.4142 0.9034 0.1105
vn 0.3715 0.9034 0.2139
vn 0.3035 0.9034 0.3028
vn 0.2148 0.9034 0.3710
vn 0.1114 0.9034 0.4140
vn 0.0007 0.9034 0.4287
vn -0.4656 -0.3603 0.8084
vn -0.2405 -0.3603 0.9013
vn -0.6589 -0.3603 0.6604
vn -0.8075 -0.3603 0.4671
vn -0.9008 -0.3603 0.2424
vn -0.9328 -0.3603 0.0011
vn -0.9013 -0.3603 -0.2405
vn -0.8084 -0.3603 -0.4656
vn -0.6603 -0.3603 -0.6589
vn -0.4673 -0.3603 -0.8074
vn -0.2424 -0.3603 -0.9008
vn -0.0010 -0.3603 -0.9328
vn 0.2405 -0.3603 -0.9013
vn 0.4656 -0.3603 -0.8083
vn 0.6589 -0.3603 -0.6603
vn 0.8074 -0.3603 -0.4673
vn 0.9008 -0.3603 -0.2425
vn 0.9328 -0.3603 -0.0010
vn 0.9013 -0.3603 0.2405
vn 0.8084 -0.3603 0.4655
vn 0.6603 -0.3603 0.6589
vn 0.4673 -0.3603 0.8074
vn 0.2424 -0.3603 0.9008
vn 0.0010 -0.3603 0.9328
vn -0.2405 0.3603 0.9013
vn -0.4656 0.3603 0.8084
vn -0.6589 0.3603 0.6603
vn -0.8074 0.3603 0.4673
vn -0.9008 0.3603 0.2424
vn -0.9328 0.3603 0.0010
vn -0.9013 0.3603 -0.2405
vn -0.8084 0.3603 -0.4656
vn -0.6603 0.3603 -0.6589
vn -0.4673 0.3603 -0.8074
vn -0.2424 0.3603 -0.9008
vn -0.0010 0.3603 -0.9328
vn 0.2405 0.3603 -0.9013
vn 0.4656 0.3603 -0.8084
vn 0.6589 0.3603 -0.6603
vn 0.8074 0.3603 -0.4673
vn 0.9008 0.3603 -0.2424
vn 0.9328 0.3603 -0.0010
vn 0.9013 0.3603 0.2405
vn 0.8084 0.3603 0.4656
vn 0.6603 0.3603 0.6589
vn 0.4673 0.3603 0.8074
vn 0.2424 0.3603 0.9008
vn 0.0010 0.3603 0.9328
vn 0.2498 0.2476 -0.9361
vn 0.2499 -0.2476 -0.9361
vn 0.4835 -0.2476 -0.8396
vn 0.4835 0.2476 -0.8396
vn 0.6844 -0.2476 -0.6858
vn 0.6844 0.2476 -0.6858
vn 0.8386 -0.2476 -0.4853
vn 0.8385 0.2476 -0.4853
vn 0.9356 -0.2476 -0.2518
vn 0.9356 0.2476 -0.2518
vn 0.9689 -0.2476 -0.0010
vn 0.9689 0.2476 -0.0010
vn 0.9361 -0.2476 0.2498
vn 0.9361 0.2476 0.2498
vn 0.8396 -0.2476 0.4835
vn 0.8396 0.2476 0.4835
vn 0.6858 -0.2476 0.6844
vn 0.6858 0.2476 0.6844
vn 0.4853 -0.2476 0.8386
vn 0.4853 0.2476 0.8385
vn 0.2518 -0.2476 0.9356
vn 0.2518 0.2476 0.9356
vn 0.0010 -0.2476 0.9689
vn 0.0010 0.2476 0.9689
vn -0.2498 -0.2476 0.9361
vn -0.2498 0.2476 0.9361
vn -0.4835 -0.2476 0.8396
vn -0.4835 0.2476 0.8396
vn -0.6844 -0.2476 0.6858
vn -0.6844 0.2476 0.6858
vn -0.8386 -0.2476 0.4853
vn -0.8385 0.2476 0.4853
vn -0.9356 -0.2476 0.2518
vn -0.9356 0.2476 0.2518
vn -0.9689 -0.2476 0.0010
vn -0.9689 0.2476 0.0010
vn -0.9361 -0.2476 -0.2498
vn -0.9361 0.2476 -0.2498
vn -0.8396 -0.2476 -0.4835
vn -0.8396 0.2476 -0.4835
vn -0.6858 -0.2476 -0.6844
vn -0.6858 0.2476 -0.6844
vn -0.4853 -0.2476 -0.8386
vn -0.4853 0.2476 -0.8385
vn -0.2518 -0.2476 -0.9356
vn -0.2518 0.2476 -0.9356
vn -0.0010 -0.2476 -0.9689
vn -0.0010 0.2476 -0.9689
vn 0.2360 0.4028 -0.8843
vn 0.2573 -0.0655 -0.9641
vn 0.4980 -0.0655 -0.8647
vn 0.4568 0.4028 -0.7931
vn 0.7048 -0.0655 -0.7063
vn 0.6465 0.4028 -0.6479
vn 0.8636 -0.0655 -0.4998
vn 0.7922 0.4028 -0.4585
vn 0.9636 -0.0655 -0.2593
vn 0.8838 0.4028 -0.2378
vn 0.9979 -0.0655 -0.0010
vn 0.9153 0.4028 -0.0010
vn 0.9641 -0.0655 0.2572
vn 0.8843 0.4028 0.2359
vn 0.8647 -0.0655 0.4980
vn 0.7932 0.4028 0.4568
vn 0.7063 -0.0655 0.7048
vn 0.6479 0.4028 0.6465
vn 0.4998 -0.0655 0.8636
vn 0.4585 0.4028 0.7922
vn 0.2593 -0.0655 0.9636
vn 0.2378 0.4028 0.8838
vn 0.0010 -0.0655 0.9979
vn 0.0010 0.4028 0.9153
vn -0.2572 -0.0655 0.9641
vn -0.2359 0.4028 0.8843
vn -0.4980 -0.0655 0.8647
vn -0.4568 0.4028 0.7931
vn -0.7048 -0.0655 0.7063
vn -0.6465 0.4028 0.6479
vn -0.8636 -0.0655 0.4998
vn -0.7922 0.4028 0.4585
vn -0.9636 -0.0655 0.2593
vn -0.8838 0.4028 0.2378
vn -0.9979 -0.0655 0.0010
vn -0.9153 0.4028 0.0010
vn -0.9641 -0.0655 -0.2573
vn -0.8843 0.4028 -0.2359
vn -0.8647 -0.0655 -0.4980
vn -0.7931 0.4028 -0.4568
vn -0.7063 -0.0655 -0.7048
vn -0.6479 0.4028 -0.6465
vn -0.4998 -0.0655 -0.8636
vn -0.4585 0.4028 -0.7922
vn -0.2593 -0.0655 -0.9636
vn -0.2378 0.4028 -0.8838
vn -0.0010 -0.0655 -0.9979
vn -0.0010 0.4028 -0.9153
vn 0.2578 0.0122 -0.9661
vn 0.2329 -0.4292 -0.8727
vn 0.4508 -0.4292 -0.7827
vn 0.4991 0.0122 -0.8665
vn 0.6380 -0.4292 -0.6393
vn 0.7063 0.0122 -0.7078
vn 0.7817 -0.4292 -0.4524
vn 0.8655 0.0122 -0.5008
vn 0.8722 -0.4292 -0.2347
vn 0.9656 0.0122 -0.2598
vn 0.9032 -0.4292 -0.0009
vn 0.9999 0.0122 -0.0010
vn 0.8727 -0.4292 0.2329
vn 0.9661 0.0122 0.2578
vn 0.7827 -0.4292 0.4508
vn 0.8665 0.0122 0.4991
vn 0.6393 -0.4292 0.6380
vn 0.7078 0.0122 0.7063
vn 0.4524 -0.4292 0.7817
vn 0.5008 0.0122 0.8655
vn 0.2347 -0.4292 0.8722
vn 0.2598 0.0122 0.9656
vn 0.0009 -0.4292 0.9032
vn 0.0010 0.0122 0.9999
vn -0.2329 -0.4292 0.8727
vn -0.2578 0.0122 0.9661
vn -0.4508 -0.4292 0.7827
vn -0.4991 0.0122 0.8665
vn -0.6380 -0.4292 0.6393
vn -0.7063 0.0122 0.7078
vn -0.7817 -0.4292 0.4524
vn -0.8655 0.0122 0.5008
vn -0.8722 -0.4292 0.2347
vn -0.9656 0.0122 0.2598
vn -0.9032 -0.4292 0.0009
vn -0.9999 0.0122 0.0010
vn -0.8727 -0.4292 -0.2329
vn -0.9661 0.0122 -0.2578
vn -0.7827 -0.4292 -0.4508
vn -0.8665 0.0122 -0.4991
vn -0.6393 -0.4292 -0.6380
vn -0.7078 0.0122 -0.7063
vn -0.4524 -0.4292 -0.7817
vn -0.5008 0.0122 -0.8655
vn -0.2347 -0.4292 -0.8722
vn -0.2598 0.0122 -0.9656
vn -0.0009 -0.4292 -0.9032
vn -0.0010 0.0122 -0.9999
vn 0.0447 -0.9849 -0.1673
vn 0.0864 -0.9849 -0.1501
vn -0.0878 0.9844 0.1525
vn -0.0454 0.9844 0.1700
vn 0.1223 -0.9849 -0.1226
vn -0.1243 0.9844 0.1246
vn 0.1499 -0.9849 -0.0867
vn -0.1523 0.9844 0.0882
vn 0.1672 -0.9849 -0.0450
vn -0.1699 0.9844 0.0457
vn 0.1732 -0.9849 -0.0002
vn -0.1760 0.9844 0.0002
vn 0.1673 -0.9849 0.0447
vn -0.1700 0.9844 -0.0454
vn 0.1501 -0.9849 0.0864
vn -0.1525 0.9844 -0.0878
vn 0.1226 -0.9849 0.1223
vn -0.1246 0.9844 -0.1243
vn 0.0867 -0.9849 0.1499
vn -0.0882 0.9844 -0.1523
vn 0.0450 -0.9849 0.1672
vn -0.0457 0.9844 -0.1699
vn 0.0002 -0.9849 0.1732
vn -0.0002 0.9844 -0.1760
vn -0.0447 -0.9849 0.1673
vn 0.0454 0.9844 -0.1700
vn -0.0864 -0.9849 0.1501
vn 0.0878 0.9844 -0.1525
vn -0.1223 -0.9849 0.1226
vn 0.1243 0.9844 -0.1246
vn -0.1499 -0.9849 0.0867
vn 0.1523 0.9844 -0.0882
vn -0.1672 -0.9849 0.0450
vn 0.1699 0.9844 -0.0457
vn -0.1732 -0.9849 0.0002
vn 0.1760 0.9844 -0.0002
vn -0.1673 -0.9849 -0.0447
vn 0.1700 0.9844 0.0454
vn -0.1501 -0.9849 -0.0864
vn 0.1525 0.9844 0.0878
vn -0.1226 -0.9849 -0.1223
vn 0.1246 0.9844 0.1243
vn -0.0867 -0.9849 -0.1499
vn 0.0882 0.9844 0.1523
vn -0.0450 -0.9849 -0.1672
vn 0.0457 0.9844 0.1699
vn -0.0002 -0.9849 -0.1732
vn 0.0002 0.9844 0.1760
vn -0.0456 -0.9843 0.1707
vn -0.0882 -0.9843 0.1531
vn 0.0863 0.9849 -0.1499
vn 0.0446 0.9849 -0.1672
vn -0.1248 -0.9843 0.1251
vn 0.1222 0.9849 -0.1225
vn -0.1529 -0.9843 0.0885
vn 0.1497 0.9849 -0.0867
vn -0.1706 -0.9843 0.0459
vn 0.1671 0.9849 -0.0449
vn -0.1767 -0.9843 0.0002
vn 0.1730 0.9849 -0.0002
vn -0.1707 -0.9843 -0.0456
vn 0.1672 0.9849 0.0446
vn -0.1531 -0.9843 -0.0882
vn 0.1499 0.9849 0.0863
vn -0.1251 -0.9843 -0.1248
vn 0.1225 0.9849 0.1222
vn -0.0885 -0.9843 -0.1529
vn 0.0867 0.9849 0.1497
vn -0.0459 -0.9843 -0.1706
vn 0.0449 0.9849 0.1671
vn -0.0002 -0.9843 -0.1767
vn 0.0002 0.9849 0.1730
vn 0.0456 -0.9843 -0.1707
vn -0.0446 0.9849 0.1672
vn 0.0882 -0.9843 -0.1531
vn -0.0863 0.9849 0.1499
vn 0.1248 -0.9843 -0.1251
vn -0.1222 0.9849 0.1225
vn 0.1529 -0.9843 -0.0885
vn -0.1497 0.9849 0.0867
vn 0.1706 -0.9843 -0.0459
vn -0.1671 0.9849 0.0449
vn 0.1767 -0.9843 -0.0002
vn -0.1730 0.9849 0.0002
vn 0.1707 -0.9843 0.0456
vn -0.1672 0.9849 -0.0446
vn 0.1531 -0.9843 0.0882
vn -0.1499 0.9849 -0.0863
vn 0.1251 -0.9843 0.1248
vn -0.1225 0.9849 -0.1222
vn 0.0885 -0.9843 0.1529
vn -0.0867 0.9849 -0.1497
vn 0.0459 -0.9843 0.1706
vn -0.0449 0.9849 -0.1671
vn 0.0002 -0.9843 0.1767
vn -0.0002 0.9849 -0.1730
vt 0.729884 0.079842
vt 0.729884 0.000000
vt 0.768298 0.000000
vt 0.768298 0.079842
vt 0.806713 0.000000
vt 0.806713 0.079842
vt 0.845128 0.000000
vt 0.845128 0.079842
vt 0.883543 0.000000
vt 0.883543 0.079842
vt 0.921958 0.000000
vt 0.921958 0.079842
vt 0.000000 0.079842
vt 0.000000 0.000000
vt 0.038415 0.000000
vt 0.038415 0.079842
vt 0.076830 0.000000
vt 0.076830 0.079842
vt 0.115245 0.000000
vt 0.115245 0.079842
vt 0.153660 0.000000
vt 0.153660 0.079842
vt 0.192075 0.000000
vt 0.192075 0.079842
vt 0.230489 0.000000
vt 0.230489 0.079842
vt 0.268904 0.000000
vt 0.268904 0.079842
vt 0.307319 0.000000
vt 0.307319 0.079842
vt 0.345734 0.000000
vt 0.345734 0.079842
vt 0.384149 0.000000
vt 0.384149 0.079842
vt 0.422564 0.000000
vt 0.422564 0.079842
vt 0.460979 0.000000
vt 0.460979 0.079842
vt 0.499394 0.000000
vt 0.499394 0.079842
vt 0.537809 0.000000
vt 0.537809 0.079842
vt 0.576224 0.000000
vt 0.576224 0.079842
vt 0.614639 0.000000
vt 0.614639 0.079842
vt 0.653054 0.000000
vt 0.653054 0.079842
vt 0.691469 0.000000
vt 0.691469 0.079842
vt 0.729884 0.159683
vt 0.768298 0.159683
vt 0.806713 0.159683
vt 0.845128 0.159683
vt 0.883543 0.159683
vt 0.921958 0.159683
vt 0.000000 0.159683
vt 0.038415 0.159683
vt 0.076830 0.159683
vt 0.115245 0.159683
vt 0.153660 0.159683
vt 0.192075 0.159683
vt 0.230489 0.159683
vt 0.268904 0.159683
vt 0.307319 0.159683
vt 0.345734 0.159683
vt 0.384149 0.159683
vt 0.422564 0.159683
vt 0.460979 0.159683
vt 0.499394 0.159683
vt 0.537809 0.159683
vt 0.576224 0.159683
vt 0.614639 0.159683
vt 0.653054 0.159683
vt 0.691469 0.159683
vt 0.729884 0.239525
vt 0.768298 0.239525
vt 0.806713 0.239525
vt 0.845128 0.239525
vt 0.883543 0.239525
vt 0.921958 0.239525
vt 0.000000 0.239525
vt 0.038415 0.239525
vt 0.076830 0.239525
vt 0.115245 0.239525
vt 0.153660 0.239525
vt 0.192075 0.239525
vt 0.230489 0.239525
vt 0.268904 0.239525
vt 0.307319 0.239525
vt 0.345734 0.239525
vt 0.384149 0.239525
vt 0.422564 0.239525
vt 0.460979 0.239525
vt 0.499394 0.239525
vt 0.537809 0.239525
vt 0.576224 0.239525
vt 0.614639 0.239525
vt 0.653054 0.239525
vt 0.691469 0.239525
vt 0.729884 0.319366
vt 0.768298 0.319366
vt 0.806713 0.319366
vt 0.845128 0.319366
vt 0.883543 0.319366
vt 0.921958 0.319366
vt 0.000000 0.319366
vt 0.038415 0.319366
vt 0.076830 0.319366
vt 0.115245 0.319366
vt 0.153660 0.319366
vt 0.192075 0.319366
vt 0.230489 0.319366
vt 0.268904 0.319366
vt 0.307319 0.319366
vt 0.345734 0.319366
vt 0.384149 0.319366
vt 0.422564 0.319366
vt 0.460979 0.319366
vt 0.499394 0.319366
vt 0.537809 0.319366
vt 0.576224 0.319366
vt 0.614639 0.319366
vt 0.653054 0.319366
vt 0.691469 0.319366
vt 0.729884 0.399208
vt 0.768298 0.399208
vt 0.806713 0.399208
vt 0.845128 0.399208
vt 0.883543 0.399208
vt 0.921958 0.399208
vt 0.000000 0.399208
vt 0.038415 0.399208
vt 0.076830 0.399208
vt 0.115245 0.399208
vt 0.153660 0.399208
vt 0.192075 0.399208
vt 0.230489 0.399208
vt 0.268904 0.399208
vt 0.307319 0.399208
vt 0.345734 0.399202
vt 0.384149 0.399201
vt 0.422564 0.399201
vt 0.460979 0.399208
vt 0.499394 0.399208
vt 0.537809 0.399208
vt 0.576224 0.399208
vt 0.614639 0.399208
vt 0.653054 0.399208
vt 0.691469 0.399208
vt 0.578524 0.499938
vt 0.588306 0.531434
vt 0.463797 0.552837
vt 0.560924 0.472046
vt 0.536704 0.449661
vt 0.507516 0.434307
vt 0.475348 0.427030
vt 0.442394 0.428327
vt 0.410897 0.438109
vt 0.383006 0.455710
vt 0.360621 0.479930
vt 0.345267 0.509118
vt 0.337990 0.541285
vt 0.339287 0.574240
vt 0.349069 0.605736
vt 0.366670 0.633627
vt 0.390890 0.656013
vt 0.420078 0.671367
vt 0.452245 0.678644
vt 0.485200 0.677347
vt 0.516696 0.667564
vt 0.544587 0.649964
vt 0.566973 0.625744
vt 0.582327 0.596556
vt 0.589604 0.564388
vt 0.273911 0.593020
vt 0.259524 0.622697
vt 0.154009 0.553216
vt 0.237945 0.647638
vt 0.210647 0.666145
vt 0.179489 0.676956
vt 0.146595 0.679334
vt 0.114206 0.673118
vt 0.084529 0.658731
vt 0.059588 0.637152
vt 0.041081 0.609854
vt 0.030270 0.578696
vt 0.027891 0.545802
vt 0.034108 0.513413
vt 0.048495 0.483736
vt 0.070073 0.458795
vt 0.097371 0.440288
vt 0.128529 0.429477
vt 0.161424 0.427098
vt 0.193813 0.433315
vt 0.223490 0.447702
vt 0.248431 0.469280
vt 0.266938 0.496578
vt 0.277749 0.527736
vt 0.280128 0.560631
vt 0.592908 0.493286
vt 0.603894 0.488233
vt 0.615841 0.526694
vt 0.603922 0.528732
vt 0.573096 0.461899
vt 0.582399 0.454175
vt 0.545835 0.436709
vt 0.552822 0.426840
vt 0.512984 0.419433
vt 0.517179 0.408092
vt 0.476780 0.411248
vt 0.477897 0.399208
vt 0.439692 0.412712
vt 0.437654 0.400793
vt 0.404246 0.423726
vt 0.399193 0.412740
vt 0.372859 0.443538
vt 0.365135 0.434234
vt 0.347669 0.470798
vt 0.337800 0.463811
vt 0.330393 0.503650
vt 0.319052 0.499455
vt 0.322208 0.539853
vt 0.310167 0.538737
vt 0.323672 0.576942
vt 0.311753 0.578979
vt 0.334685 0.612387
vt 0.323700 0.617441
vt 0.354498 0.643775
vt 0.345194 0.651499
vt 0.381758 0.668965
vt 0.374771 0.678834
vt 0.414610 0.686241
vt 0.410415 0.697582
vt 0.450813 0.694426
vt 0.449697 0.706466
vt 0.487902 0.692962
vt 0.489940 0.704881
vt 0.523347 0.681948
vt 0.528401 0.692934
vt 0.554735 0.662136
vt 0.562459 0.671439
vt 0.579925 0.634875
vt 0.589794 0.641863
vt 0.597201 0.602024
vt 0.608542 0.606219
vt 0.605386 0.565820
vt 0.617426 0.566937
vt 0.288957 0.597996
vt 0.300429 0.601817
vt 0.282861 0.638057
vt 0.272768 0.631398
vt 0.256513 0.668515
vt 0.248487 0.659471
vt 0.223178 0.691116
vt 0.217767 0.680303
vt 0.185130 0.704320
vt 0.182702 0.692474
vt 0.144961 0.707226
vt 0.145682 0.695155
vt 0.105409 0.699636
vt 0.109229 0.688164
vt 0.069169 0.682068
vt 0.075828 0.671975
vt 0.038710 0.655720
vt 0.047755 0.647694
vt 0.016109 0.622385
vt 0.026923 0.616974
vt 0.002906 0.584337
vt 0.014752 0.581909
vt -0.000000 0.544168
vt 0.012071 0.544889
vt 0.007589 0.504616
vt 0.019062 0.508436
vt 0.025157 0.468376
vt 0.035250 0.475035
vt 0.051539 0.437979
vt 0.059842 0.447136
vt 0.084909 0.415484
vt 0.090536 0.426571
vt 0.122909 0.402182
vt 0.125387 0.414305
vt 0.163057 0.399207
vt 0.162337 0.411278
vt 0.202610 0.406796
vt 0.198790 0.418269
vt 0.238850 0.424364
vt 0.232191 0.434457
vt 0.269308 0.450713
vt 0.260264 0.458739
vt 0.291910 0.484048
vt 0.281096 0.489459
vt 0.305113 0.522096
vt 0.293267 0.524523
vt 0.308019 0.562265
vt 0.295948 0.561544
vt 0.000000 0.756475
vt 0.000000 0.717896
vt 0.041667 0.717896
vt 0.041667 0.756475
vt 0.083333 0.717896
vt 0.083333 0.756475
vt 0.125000 0.717896
vt 0.125000 0.756475
vt 0.166666 0.717896
vt 0.166666 0.756475
vt 0.208333 0.717896
vt 0.208333 0.756475
vt 0.250000 0.717896
vt 0.250000 0.756475
vt 0.291666 0.717896
vt 0.291666 0.756475
vt 0.333333 0.717896
vt 0.333333 0.756475
vt 0.374999 0.717896
vt 0.374999 0.756475
vt 0.416666 0.717896
vt 0.416666 0.756475
vt 0.458333 0.717896
vt 0.458333 0.756475
vt 0.499999 0.717896
vt 0.499999 0.756475
vt 0.541666 0.717896
vt 0.541666 0.756475
vt 0.583333 0.717896
vt 0.583333 0.756475
vt 0.624999 0.717896
vt 0.624999 0.756475
vt 0.666666 0.717896
vt 0.666666 0.756475
vt 0.708333 0.717896
vt 0.708333 0.756475
vt 0.750000 0.717896
vt 0.750000 0.756475
vt 0.791666 0.717896
vt 0.791666 0.756475
vt 0.833333 0.717896
vt 0.833333 0.756475
vt 0.875000 0.717896
vt 0.875000 0.756475
vt 0.916667 0.717896
vt 0.916667 0.756475
vt 0.958333 0.717896
vt 0.958333 0.756475
vt 1.000000 0.717896
vt 1.000000 0.756475
vt 0.000000 0.878038
vt 0.000000 0.843205
vt 0.038689 0.843205
vt 0.038689 0.878038
vt 0.077378 0.843205
vt 0.077378 0.878038
vt 0.116067 0.843205
vt 0.116067 0.878038
vt 0.154756 0.843205
vt 0.154756 0.878038
vt 0.193445 0.843205
vt 0.193445 0.878038
vt 0.232134 0.843205
vt 0.232134 0.878038
vt 0.270823 0.843205
vt 0.270823 0.878038
vt 0.309512 0.843205
vt 0.309512 0.878038
vt 0.348201 0.843205
vt 0.348201 0.878038
vt 0.386890 0.843205
vt 0.386890 0.878038
vt 0.425579 0.843205
vt 0.425579 0.878038
vt 0.464268 0.843205
vt 0.464268 0.878038
vt 0.502958 0.843205
vt 0.502958 0.878038
vt 0.541647 0.843205
vt 0.541647 0.878038
vt 0.580336 0.843205
vt 0.580336 0.878038
vt 0.619025 0.843205
vt 0.619025 0.878038
vt 0.657714 0.843205
vt 0.657714 0.878038
vt 0.696403 0.843205
vt 0.696403 0.878038
vt 0.735093 0.843205
vt 0.735093 0.878038
vt 0.773782 0.843205
vt 0.773782 0.878038
vt 0.812471 0.843205
vt 0.812471 0.878038
vt 0.851160 0.843205
vt 0.851160 0.878038
vt 0.889849 0.843205
vt 0.889849 0.878038
vt 0.928538 0.843205
vt 0.928538 0.878038
vt 0.000000 0.820771
vt 0.000000 0.779689
vt 0.034846 0.779689
vt 0.034846 0.820771
vt 0.069693 0.779689
vt 0.069693 0.820771
vt 0.104539 0.779689
vt 0.104539 0.820771
vt 0.139385 0.779689
vt 0.139385 0.820771
vt 0.174231 0.779689
vt 0.174231 0.820771
vt 0.209078 0.779689
vt 0.209078 0.820771
vt 0.243924 0.779689
vt 0.243924 0.820771
vt 0.278770 0.779689
vt 0.278770 0.820771
vt 0.313617 0.779689
vt 0.313617 0.820771
vt 0.348463 0.779689
vt 0.348463 0.820771
vt 0.383309 0.779689
vt 0.383309 0.820771
vt 0.418156 0.779689
vt 0.418156 0.820771
vt 0.453002 0.779689
vt 0.453002 0.820771
vt 0.487848 0.779689
vt 0.487848 0.820771
vt 0.522695 0.779689
vt 0.522695 0.820771
vt 0.557541 0.779689
vt 0.557541 0.820771
vt 0.592387 0.779689
vt 0.592387 0.820771
vt 0.627234 0.779689
vt 0.627234 0.820771
vt 0.662080 0.779689
vt 0.662080 0.820771
vt 0.696927 0.779689
vt 0.696927 0.820771
vt 0.731773 0.779689
vt 0.731773 0.820771
vt 0.766620 0.779689
vt 0.766620 0.820771
vt 0.801466 0.779689
vt 0.801466 0.820771
vt 0.836312 0.779689
vt 0.836312 0.820771
vt 0.000000 0.707224
vt 0.041667 0.707224
vt 0.041667 0.768669
vt 0.000000 0.768669
vt 0.083333 0.707224
vt 0.083333 0.768669
vt 0.125000 0.707224
vt 0.125000 0.768669
vt 0.166666 0.707224
vt 0.166666 0.768669
vt 0.208333 0.707224
vt 0.208333 0.768669
vt 0.250000 0.707224
vt 0.250000 0.768669
vt 0.291666 0.707224
vt 0.291666 0.768669
vt 0.333333 0.707224
vt 0.333333 0.768669
vt 0.374999 0.707224
vt 0.374999 0.768669
vt 0.416666 0.707224
vt 0.416666 0.768669
vt 0.458333 0.707224
vt 0.458333 0.768669
vt 0.499999 0.707224
vt 0.499999 0.768669
vt 0.541666 0.707224
vt 0.541666 0.768669
vt 0.583333 0.707224
vt 0.583333 0.768669
vt 0.624999 0.707224
vt 0.624999 0.768669
vt 0.666666 0.707224
vt 0.666666 0.768669
vt 0.708333 0.707224
vt 0.708333 0.768669
vt 0.750000 0.707224
vt 0.750000 0.768669
vt 0.791666 0.707224
vt 0.791666 0.768669
vt 0.833333 0.707224
vt 0.833333 0.768669
vt 0.875000 0.707224
vt 0.875000 0.768669
vt 0.916667 0.707224
vt 0.916667 0.768669
vt 0.958333 0.707224
vt 0.958333 0.768669
vt 1.000000 0.707224
vt 1.000000 0.768669
vt 0.000000 0.832182
vt 0.038689 0.832182
vt 0.038689 0.887660
vt 0.000000 0.887660
vt 0.077378 0.832182
vt 0.077378 0.887660
vt 0.116067 0.832182
vt 0.116067 0.887660
vt 0.154756 0.832182
vt 0.154756 0.887660
vt 0.193445 0.832182
vt 0.193445 0.887660
vt 0.232134 0.832182
vt 0.232134 0.887660
vt 0.270823 0.832182
vt 0.270823 0.887660
vt 0.309512 0.832182
vt 0.309512 0.887660
vt 0.348201 0.832182
vt 0.348201 0.887660
vt 0.386890 0.832182
vt 0.386890 0.887660
vt 0.425579 0.832182
vt 0.425579 0.887660
vt 0.464268 0.832182
vt 0.464268 0.887660
vt 0.502958 0.832182
vt 0.502958 0.887660
vt 0.541647 0.832182
vt 0.541647 0.887660
vt 0.580336 0.832182
vt 0.580336 0.887660
vt 0.619025 0.832182
vt 0.619025 0.887660
vt 0.657714 0.832182
vt 0.657714 0.887660
vt 0.696403 0.832182
vt 0.696403 0.887660
vt 0.735093 0.832182
vt 0.735093 0.887660
vt 0.773782 0.832182
vt 0.773782 0.887660
vt 0.812471 0.832182
vt 0.812471 0.887660
vt 0.851160 0.832182
vt 0.851160 0.887660
vt 0.889849 0.832182
vt 0.889849 0.887660
vt 0.928538 0.832182
vt 0.928538 0.887660
vt 0.034846 0.768669
vt 0.034846 0.832182
vt 0.069693 0.768669
vt 0.069693 0.832182
vt 0.104539 0.768669
vt 0.104539 0.832182
vt 0.139385 0.768669
vt 0.139385 0.832182
vt 0.174231 0.768669
vt 0.174231 0.832182
vt 0.209078 0.768669
vt 0.209078 0.832182
vt 0.243924 0.768669
vt 0.243924 0.832182
vt 0.278770 0.768669
vt 0.278770 0.832182
vt 0.313617 0.768669
vt 0.313617 0.832182
vt 0.348463 0.768669
vt 0.348463 0.832182
vt 0.383309 0.768669
vt 0.383309 0.832182
vt 0.418156 0.768669
vt 0.418156 0.832182
vt 0.453002 0.768669
vt 0.453002 0.832182
vt 0.487848 0.768669
vt 0.487848 0.832182
vt 0.522695 0.768669
vt 0.522695 0.832182
vt 0.557541 0.768669
vt 0.557541 0.832182
vt 0.592387 0.768669
vt 0.592387 0.832182
vt 0.627234 0.768669
vt 0.627234 0.832182
vt 0.662080 0.768669
vt 0.662080 0.832182
vt 0.696927 0.768669
vt 0.696927 0.832182
vt 0.731773 0.768669
vt 0.731773 0.832182
vt 0.766620 0.768669
vt 0.766620 0.832182
vt 0.801466 0.768669
vt 0.801466 0.832182
vt 0.836312 0.768669
vt 0.836312 0.832182
s 1
usemtl barrel_low_initialShadingGroup
f 4/1/1 2/3/3 1/2/2
f 2/3/3 4/1/1 3/4/2
f 3/4/2 5/5/4 2/3/3
f 5/5/4 3/4/2 6/6/5
f 6/6/5 7/7/6 5/5/4
f 7/7/6 6/6/5 8/8/7
f 8/8/7 9/9/8 7/7/6
f 9/9/8 8/8/7 10/10/9
f 10/10/9 11/11/10 9/9/8
f 11/11/10 10/10/9 12/12/11
f 12/13/11 13/15/12 11/14/10
f 13/15/12 12/13/11 14/16/13
f 14/16/13 15/17/14 13/15/12
f 15/17/14 14/16/13 16/18/15
f 16/18/15 17/19/16 15/17/14
f 17/19/16 16/18/15 18/20/17
f 18/20/17 19/21/18 17/19/16
f 19/21/18 18/20/17 20/22/19
f 20/22/19 21/23/20 19/21/18
f 21/23/20 20/22/19 22/24/21
f 22/24/21 23/25/22 21/23/20
f 23/25/22 22/24/21 24/26/23
f 24/26/23 25/27/24 23/25/22
f 25/27/24 24/26/23 26/28/25
f 26/28/25 27/29/26 25/27/24
f 27/29/26 26/28/25 28/30/27
f 28/30/27 29/31/28 27/29/26
f 29/31/28 28/30/27 30/32/29
f 30/32/29 31/33/30 29/31/28
f 31/33/30 30/32/29 32/34/31
f 32/34/31 33/35/32 31/33/30
f 33/35/32 32/34/31 34/36/33
f 34/36/33 35/37/34 33/35/32
f 35/37/34 34/36/33 36/38/35
f 36/38/35 37/39/36 35/37/34
f 37/39/36 36/38/35 38/40/37
f 38/40/37 39/41/38 37/39/36
f 39/41/38 38/40/37 40/42/39
f 40/42/39 41/43/40 39/41/38
f 41/43/40 40/42/39 42/44/41
f 42/44/41 43/45/42 41/43/40
f 43/45/42 42/44/41 44/46/43
f 44/46/43 45/47/44 43/45/42
f 45/47/44 44/46/43 46/48/45
f 46/48/45 47/49/46 45/47/44
f 47/49/46 46/48/45 48/50/47
f 48/50/47 1/2/2 47/49/46
f 1/2/2 48/50/47 4/1/1
f 50/51/48 3/4/2 4/1/1
f 3/4/2 50/51/48 49/52/49
f 49/52/49 6/6/5 3/4/2
f 6/6/5 49/52/49 51/53/50
f 51/53/50 8/8/7 6/6/5
f 8/8/7 51/53/50 52/54/51
f 52/54/51 10/10/9 8/8/7
f 10/10/9 52/54/51 53/55/52
f 53/55/52 12/12/11 10/10/9
f 12/12/11 53/55/52 54/56/53
f 54/57/53 14/16/13 12/13/11
f 14/16/13 54/57/53 55/58/54
f 55/58/54 16/18/15 14/16/13
f 16/18/15 55/58/54 56/59/55
f 56/59/55 18/20/17 16/18/15
f 18/20/17 56/59/55 57/60/56
f 57/60/56 20/22/19 18/20/17
f 20/22/19 57/60/56 58/61/57
f 58/61/57 22/24/21 20/22/19
f 22/24/21 58/61/57 59/62/58
f 59/62/58 24/26/23 22/24/21
f 24/26/23 59/62/58 60/63/59
f 60/63/59 26/28/25 24/26/23
f 26/28/25 60/63/59 61/64/60
f 61/64/60 28/30/27 26/28/25
f 28/30/27 61/64/60 62/65/61
f 62/65/61 30/32/29 28/30/27
f 30/32/29 62/65/61 63/66/62
f 63/66/62 32/34/31 30/32/29
f 32/34/31 63/66/62 64/67/63
f 64/67/63 34/36/33 32/34/31
f 34/36/33 64/67/63 65/68/64
f 65/68/64 36/38/35 34/36/33
f 36/38/35 65/68/64 66/69/65
f 66/69/65 38/40/37 36/38/35
f 38/40/37 66/69/65 67/70/66
f 67/70/66 40/42/39 38/40/37
f 40/42/39 67/70/66 68/71/67
f 68/71/67 42/44/41 40/42/39
f 42/44/41 68/71/67 69/72/68
f 69/72/68 44/46/43 42/44/41
f 44/46/43 69/72/68 70/73/69
f 70/73/69 46/48/45 44/46/43
f 46/48/45 70/73/69 71/74/70
f 71/74/70 48/50/47 46/48/45
f 48/50/47 71/74/70 72/75/71
f 72/75/71 4/1/1 48/50/47
f 4/1/1 72/75/71 50/51/48
f 74/76/72 49/52/49 50/51/48
f 49/52/49 74/76/72 73/77/73
f 73/77/73 51/53/50 49/52/49
f 51/53/50 73/77/73 75/78/74
f 75/78/74 52/54/51 51/53/50
f 52/54/51 75/78/74 76/79/75
f 76/79/75 53/55/52 52/54/51
f 53/55/52 76/79/75 77/80/76
f 77/80/76 54/56/53 53/55/52
f 54/56/53 77/80/76 78/81/77
f 78/82/77 55/58/54 54/57/53
f 55/58/54 78/82/77 79/83/78
f 79/83/78 56/59/55 55/58/54
f 56/59/55 79/83/78 80/84/79
f 80/84/79 57/60/56 56/59/55
f 57/60/56 80/84/79 81/85/80
f 81/85/80 58/61/57 57/60/56
f 58/61/57 81/85/80 82/86/81
f 82/86/81 59/62/58 58/61/57
f 59/62/58 82/86/81 83/87/82
f 83/87/82 60/63/59 59/62/58
f 60/63/59 83/87/82 84/88/83
f 84/88/83 61/64/60 60/63/59
f 61/64/60 84/88/83 85/89/84
f 85/89/84 62/65/61 61/64/60
f 62/65/61 85/89/84 86/90/85
f 86/90/85 63/66/62 62/65/61
f 63/66/62 86/90/85 87/91/86
f 87/91/86 64/67/63 63/66/62
f 64/67/63 87/91/86 88/92/87
f 88/92/87 65/68/64 64/67/63
f 65/68/64 88/92/87 89/93/88
f 89/93/88 66/69/65 65/68/64
f 66/69/65 89/93/88 90/94/89
f 90/94/89 67/70/66 66/69/65
f 67/70/66 90/94/89 91/95/90
f 91/95/90 68/71/67 67/70/66
f 68/71/67 91/95/90 92/96/91
f 92/96/91 69/72/68 68/71/67
f 69/72/68 92/96/91 93/97/92
f 93/97/92 70/73/69 69/72/68
f 70/73/69 93/97/92 94/98/93
f 94/98/93 71/74/70 70/73/69
f 71/74/70 94/98/93 95/99/94
f 95/99/94 72/75/71 71/74/70
f 72/75/71 95/99/94 96/100/95
f 96/100/95 50/51/48 72/75/71
f 50/51/48 96/100/95 74/76/72
f 98/101/96 73/77/73 74/76/72
f 73/77/73 98/101/96 97/102/97
f 97/102/97 75/78/74 73/77/73
f 75/78/74 97/102/97 99/103/98
f 99/103/98 76/79/75 75/78/74
f 76/79/75 99/103/98 100/104/99
f 100/104/99 77/80/76 76/79/75
f 77/80/76 100/104/99 101/105/100
f 101/105/100 78/81/77 77/80/76
f 78/81/77 101/105/100 102/106/101
f 102/107/101 79/83/78 78/82/77
f 79/83/78 102/107/101 103/108/102
f 103/108/102 80/84/79 79/83/78
f 80/84/79 103/108/102 104/109/103
f 104/109/103 81/85/80 80/84/79
f 81/85/80 104/109/103 105/110/104
f 105/110/104 82/86/81 81/85/80
f 82/86/81 105/110/104 106/111/105
f 106/111/105 83/87/82 82/86/81
f 83/87/82 106/111/105 107/112/106
f 107/112/106 84/88/83 83/87/82
f 84/88/83 107/112/106 108/113/107
f 108/113/107 85/89/84 84/88/83
f 85/89/84 108/113/107 109/114/108
f 109/114/108 86/90/85 85/89/84
f 86/90/85 109/114/108 110/115/109
f 110/115/109 87/91/86 86/90/85
f 87/91/86 110/115/109 111/116/110
f 111/116/110 88/92/87 87/91/86
f 88/92/87 111/116/110 112/117/111
f 112/117/111 89/93/88 88/92/87
f 89/93/88 112/117/111 113/118/112
f 113/118/112 90/94/89 89/93/88
f 90/94/89 113/118/112 114/119/113
f 114/119/113 91/95/90 90/94/89
f 91/95/90 114/119/113 115/120/114
f 115/120/114 92/96/91 91/95/90
f 92/96/91 115/120/114 116/121/115
f 116/121/115 93/97/92 92/96/91
f 93/97/92 116/121/115 117/122/116
f 117/122/116 94/98/93 93/97/92
f 94/98/93 117/122/116 118/123/117
f 118/123/117 95/99/94 94/98/93
f 95/99/94 118/123/117 119/124/118
f 119/124/118 96/100/95 95/99/94
f 96/100/95 119/124/118 120/125/119
f 120/125/119 74/76/72 96/100/95
f 74/76/72 120/125/119 98/101/96
f 122/126/120 97/102/97 98/101/96
f 97/102/97 122/126/120 121/127/121
f 121/127/121 99/103/98 97/102/97
f 99/103/98 121/127/121 123/128/122
f 123/128/122 100/104/99 99/103/98
f 100/104/99 123/128/122 124/129/123
f 124/129/123 101/105/100 100/104/99
f 101/105/100 124/129/123 125/130/124
f 125/130/124 102/106/101 101/105/100
f 102/106/101 125/130/124 126/131/125
f 126/132/125 103/108/102 102/107/101
f 103/108/102 126/132/125 127/133/126
f 127/133/126 104/109/103 103/108/102
f 104/109/103 127/133/126 128/134/127
f 128/134/127 105/110/104 104/109/103
f 105/110/104 128/134/127 129/135/128
f 129/135/128 106/111/105 105/110/104
f 106/111/105 129/135/128 130/136/129
f 130/136/129 107/112/106 106/111/105
f 107/112/106 130/136/129 131/137/130
f 131/137/130 108/113/107 107/112/106
f 108/113/107 131/137/130 132/138/131
f 132/138/131 109/114/108 108/113/107
f 109/114/108 132/138/131 133/139/132
f 133/139/132 110/115/109 109/114/108
f 110/115/109 133/139/132 134/140/133
f 134/140/133 111/116/110 110/115/109
f 111/116/110 134/140/133 135/141/134
f 135/141/134 112/117/111 111/116/110
f 112/117/111 135/141/134 136/142/135
f 136/142/135 113/118/112 112/117/111
f 113/118/112 136/142/135 137/143/136
f 137/143/136 114/119/113 113/118/112
f 114/119/113 137/143/136 138/144/137
f 138/144/137 115/120/114 114/119/113
f 115/120/114 138/144/137 139/145/138
f 139/145/138 116/121/115 115/120/114
f 116/121/115 139/145/138 140/146/139
f 140/146/139 117/122/116 116/121/115
f 117/122/116 140/146/139 141/147/140
f 141/147/140 118/123/117 117/122/116
f 118/123/117 141/147/140 142/148/141
f 142/148/141 119/124/118 118/123/117
f 119/124/118 142/148/141 143/149/142
f 143/149/142 120/125/119 119/124/118
f 120/125/119 143/149/142 144/150/143
f 144/150/143 98/101/96 120/125/119
f 98/101/96 144/150/143 122/126/120
f 145/151/144 147/153/146 146/152/145
f 148/154/147 147/153/146 145/151/144
f 149/155/148 147/153/146 148/154/147
f 150/156/149 147/153/146 149/155/148
f 151/157/150 147/153/146 150/156/149
f 152/158/151 147/153/146 151/157/150
f 153/159/152 147/153/146 152/158/151
f 154/160/153 147/153/146 153/159/152
f 155/161/154 147/153/146 154/160/153
f 156/162/155 147/153/146 155/161/154
f 157/163/156 147/153/146 156/162/155
f 158/164/157 147/153/146 157/163/156
f 159/165/158 147/153/146 158/164/157
f 160/166/159 147/153/146 159/165/158
f 161/167/160 147/153/146 160/166/159
f 162/168/161 147/153/146 161/167/160
f 163/169/162 147/153/146 162/168/161
f 164/170/163 147/153/146 163/169/162
f 165/171/164 147/153/146 164/170/163
f 166/172/165 147/153/146 165/171/164
f 167/173/166 147/153/146 166/172/165
f 168/174/167 147/153/146 167/173/166
f 169/175/168 147/153/146 168/174/167
f 146/152/145 147/153/146 169/175/168
f 170/176/169 172/178/171 171/177/170
f 171/177/170 172/178/171 173/179/172
f 173/179/172 172/178/171 174/180/173
f 174/180/173 172/178/171 175/181/174
f 175/181/174 172/178/171 176/182/175
f 176/182/175 172/178/171 177/183/176
f 177/183/176 172/178/171 178/184/177
f 178/184/177 172/178/171 179/185/178
f 179/185/178 172/178/171 180/186/179
f 180/186/179 172/178/171 181/187/180
f 181/187/180 172/178/171 182/188/181
f 182/188/181 172/178/171 183/189/182
f 183/189/182 172/178/171 184/190/183
f 184/190/183 172/178/171 185/191/184
f 185/191/184 172/178/171 186/192/185
f 186/192/185 172/178/171 187/193/186
f 187/193/186 172/178/171 188/194/187
f 188/194/187 172/178/171 189/195/188
f 189/195/188 172/178/171 190/196/189
f 190/196/189 172/178/171 191/197/190
f 191/197/190 172/178/171 192/198/191
f 192/198/191 172/178/171 193/199/192
f 193/199/192 172/178/171 194/200/193
f 194/200/193 172/178/171 170/176/169
f 196/201/194 1/203/2 2/202/3
f 1/203/2 196/201/194 195/204/195
f 197/205/196 2/202/3 5/206/4
f 2/202/3 197/205/196 196/201/194
f 198/207/197 5/206/4 7/208/6
f 5/206/4 198/207/197 197/205/196
f 199/209/198 7/208/6 9/210/8
f 7/208/6 199/209/198 198/207/197
f 200/211/199 9/210/8 11/212/10
f 9/210/8 200/211/199 199/209/198
f 201/213/200 11/212/10 13/214/12
f 11/212/10 201/213/200 200/211/199
f 202/215/201 13/214/12 15/216/14
f 13/214/12 202/215/201 201/213/200
f 203/217/202 15/216/14 17/218/16
f 15/216/14 203/217/202 202/215/201
f 204/219/203 17/218/16 19/220/18
f 17/218/16 204/219/203 203/217/202
f 205/221/204 19/220/18 21/222/20
f 19/220/18 205/221/204 204/219/203
f 206/223/205 21/222/20 23/224/22
f 21/222/20 206/223/205 205/221/204
f 207/225/206 23/224/22 25/226/24
f 23/224/22 207/225/206 206/223/205
f 208/227/207 25/226/24 27/228/26
f 25/226/24 208/227/207 207/225/206
f 209/229/208 27/228/26 29/230/28
f 27/228/26 209/229/208 208/227/207
f 210/231/209 29/230/28 31/232/30
f 29/230/28 210/231/209 209/229/208
f 211/233/210 31/232/30 33/234/32
f 31/232/30 211/233/210 210/231/209
f 212/235/211 33/234/32 35/236/34
f 33/234/32 212/235/211 211/233/210
f 213/237/212 35/236/34 37/238/36
f 35/236/34 213/237/212 212/235/211
f 214/239/213 37/238/36 39/240/38
f 37/238/36 214/239/213 213/237/212
f 215/241/214 39/240/38 41/242/40
f 39/240/38 215/241/214 214/239/213
f 216/243/215 41/242/40 43/244/42
f 41/242/40 216/243/215 215/241/214
f 217/245/216 43/244/42 45/246/44
f 43/244/42 217/245/216 216/243/215
f 218/247/217 45/246/44 47/248/46
f 45/246/44 218/247/217 217/245/216
f 195/204/195 47/248/46 1/203/2
f 47/248/46 195/204/195 218/247/217
f 220/249/218 121/251/121 122/250/120
f 121/251/121 220/249/218 219/252/219
f 219/252/219 123/253/122 121/251/121
f 123/253/122 219/252/219 221/254/220
f 221/254/220 124/255/123 123/253/122
f 124/255/123 221/254/220 222/256/221
f 222/256/221 125/257/124 124/255/123
f 125/257/124 222/256/221 223/258/222
f 223/258/222 126/259/125 125/257/124
f 126/259/125 223/258/222 224/260/223
f 224/260/223 127/261/126 126/259/125
f 127/261/126 224/260/223 225/262/224
f 225/262/224 128/263/127 127/261/126
f 128/263/127 225/262/224 226/264/225
f 226/264/225 129/265/128 128/263/127
f 129/265/128 226/264/225 227/266/226
f 227/266/226 130/267/129 129/265/128
f 130/267/129 227/266/226 228/268/227
f 228/268/227 131/269/130 130/267/129
f 131/269/130 228/268/227 229/270/228
f 229/270/228 132/271/131 131/269/130
f 132/271/131 229/270/228 230/272/229
f 230/272/229 133/273/132 132/271/131
f 133/273/132 230/272/229 231/274/230
f 231/274/230 134/275/133 133/273/132
f 134/275/133 231/274/230 232/276/231
f 232/276/231 135/277/134 134/275/133
f 135/277/134 232/276/231 233/278/232
f 233/278/232 136/279/135 135/277/134
f 136/279/135 233/278/232 234/280/233
f 234/280/233 137/281/136 136/279/135
f 137/281/136 234/280/233 235/282/234
f 235/282/234 138/283/137 137/281/136
f 138/283/137 235/282/234 236/284/235
f 236/284/235 139/285/138 138/283/137
f 139/285/138 236/284/235 237/286/236
f 237/286/236 140/287/139 139/285/138
f 140/287/139 237/286/236 238/288/237
f 238/288/237 141/289/140 140/287/139
f 141/289/140 238/288/237 239/290/238
f 239/290/238 142/291/141 141/289/140
f 142/291/141 239/290/238 240/292/239
f 240/292/239 143/293/142 142/291/141
f 143/293/142 240/292/239 241/294/240
f 241/294/240 144/295/143 143/293/142
f 144/295/143 241/294/240 242/296/241
f 242/296/241 122/250/120 144/295/143
f 122/250/120 242/296/241 220/249/218
f 145/151/144 195/204/195 196/201/194
f 195/204/195 145/151/144 146/152/145
f 148/154/147 196/201/194 197/205/196
f 196/201/194 148/154/147 145/151/144
f 149/155/148 197/205/196 198/207/197
f 197/205/196 149/155/148 148/154/147
f 150/156/149 198/207/197 199/209/198
f 198/207/197 150/156/149 149/155/148
f 151/157/150 199/209/198 200/211/199
f 199/209/198 151/157/150 150/156/149
f 152/158/151 200/211/199 201/213/200
f 200/211/199 152/158/151 151/157/150
f 153/159/152 201/213/200 202/215/201
f 201/213/200 153/159/152 152/158/151
f 154/160/153 202/215/201 203/217/202
f 202/215/201 154/160/153 153/159/152
f 155/161/154 203/217/202 204/219/203
f 203/217/202 155/161/154 154/160/153
f 156/162/155 204/219/203 205/221/204
f 204/219/203 156/162/155 155/161/154
f 157/163/156 205/221/204 206/223/205
f 205/221/204 157/163/156 156/162/155
f 158/164/157 206/223/205 207/225/206
f 206/223/205 158/164/157 157/163/156
f 159/165/158 207/225/206 208/227/207
f 207/225/206 159/165/158 158/164/157
f 160/166/159 208/227/207 209/229/208
f 208/227/207 160/166/159 159/165/158
f 161/167/160 209/229/208 210/231/209
f 209/229/208 161/167/160 160/166/159
f 162/168/161 210/231/209 211/233/210
f 210/231/209 162/168/161 161/167/160
f 163/169/162 211/233/210 212/235/211
f 211/233/210 163/169/162 162/168/161
f 164/170/163 212/235/211 213/237/212
f 212/235/211 164/170/163 163/169/162
f 165/171/164 213/237/212 214/239/213
f 213/237/212 165/171/164 164/170/163
f 166/172/165 214/239/213 215/241/214
f 214/239/213 166/172/165 165/171/164
f 167/173/166 215/241/214 216/243/215
f 215/241/214 167/173/166 166/172/165
f 168/174/167 216/243/215 217/245/216
f 216/243/215 168/174/167 167/173/166
f 169/175/168 217/245/216 218/247/217
f 217/245/216 169/175/168 168/174/167
f 146/152/145 218/247/217 195/204/195
f 218/247/217 146/152/145 169/175/168
f 170/176/169 219/252/219 220/249/218
f 219/252/219 170/176/169 171/177/170
f 171/177/170 221/254/220 219/252/219
f 221/254/220 171/177/170 173/179/172
f 173/179/172 222/256/221 221/254/220
f 222/256/221 173/179/172 174/180/173
f 174/180/173 223/258/222 222/256/221
f 223/258/222 174/180/173 175/181/174
f 175/181/174 224/260/223 223/258/222
f 224/260/223 175/181/174 176/182/175
f 176/182/175 225/262/224 224/260/223
f 225/262/224 176/182/175 177/183/176
f 177/183/176 226/264/225 225/262/224
f 226/264/225 177/183/176 178/184/177
f 178/184/177 227/266/226 226/264/225
f 227/266/226 178/184/177 179/185/178
f 179/185/178 228/268/227 227/266/226
f 228/268/227 179/185/178 180/186/179
f 180/186/179 229/270/228 228/268/227
f 229/270/228 180/186/179 181/187/180
f 181/187/180 230/272/229 229/270/228
f 230/272/229 181/187/180 182/188/181
f 182/188/181 231/274/230 230/272/229
f 231/274/230 182/188/181 183/189/182
f 183/189/182 232/276/231 231/274/230
f 232/276/231 183/189/182 184/190/183
f 184/190/183 233/278/232 232/276/231
f 233/278/232 184/190/183 185/191/184
f 185/191/184 234/280/233 233/278/232
f 234/280/233 185/191/184 186/192/185
f 186/192/185 235/282/234 234/280/233
f 235/282/234 186/192/185 187/193/186
f 187/193/186 236/284/235 235/282/234
f 236/284/235 187/193/186 188/194/187
f 188/194/187 237/286/236 236/284/235
f 237/286/236 188/194/187 189/195/188
f 189/195/188 238/288/237 237/286/236
f 238/288/237 189/195/188 190/196/189
f 190/196/189 239/290/238 238/288/237
f 239/290/238 190/196/189 191/197/190
f 191/197/190 240/292/239 239/290/238
f 240/292/239 191/197/190 192/198/191
f 192/198/191 241/294/240 240/292/239
f 241/294/240 192/198/191 193/199/192
f 193/199/192 242/296/241 241/294/240
f 242/296/241 193/199/192 194/200/193
f 194/200/193 220/249/218 242/296/241
f 220/249/218 194/200/193 170/176/169
f 246/297/242 244/299/244 243/298/243
f 244/299/244 246/297/242 245/300/245
f 245/300/245 247/301/246 244/299/244
f 247/301/246 245/300/245 248/302/247
f 248/302/247 249/303/248 247/301/246
f 249/303/248 248/302/247 250/304/249
f 250/304/249 251/305/250 249/303/248
f 251/305/250 250/304/249 252/306/251
f 252/306/251 253/307/252 251/305/250
f 253/307/252 252/306/251 254/308/253
f 254/308/253 255/309/254 253/307/252
f 255/309/254 254/308/253 256/310/255
f 256/310/255 257/311/256 255/309/254
f 257/311/256 256/310/255 258/312/257
f 258/312/257 259/313/258 257/311/256
f 259/313/258 258/312/257 260/314/259
f 260/314/259 261/315/260 259/313/258
f 261/315/260 260/314/259 262/316/261
f 262/316/261 263/317/262 261/315/260
f 263/317/262 262/316/261 264/318/263
f 264/318/263 265/319/264 263/317/262
f 265/319/264 264/318/263 266/320/265
f 266/320/265 267/321/266 265/319/264
f 267/321/266 266/320/265 268/322/267
f 268/322/267 269/323/268 267/321/266
f 269/323/268 268/322/267 270/324/269
f 270/324/269 271/325/270 269/323/268
f 271/325/270 270/324/269 272/326/271
f 272/326/271 273/327/272 271/325/270
f 273/327/272 272/326/271 274/328/273
f 274/328/273 275/329/274 273/327/272
f 275/329/274 274/328/273 276/330/275
f 276/330/275 277/331/276 275/329/274
f 277/331/276 276/330/275 278/332/277
f 278/332/277 279/333/278 277/331/276
f 279/333/278 278/332/277 280/334/279
f 280/334/279 281/335/280 279/333/278
f 281/335/280 280/334/279 282/336/281
f 282/336/281 283/337/282 281/335/280
f 283/337/282 282/336/281 284/338/283
f 284/338/283 285/339/284 283/337/282
f 285/339/284 284/338/283 286/340/285
f 286/340/285 287/341/286 285/339/284
f 287/341/286 286/340/285 288/342/287
f 288/342/287 289/343/288 287/341/286
f 289/343/288 288/342/287 290/344/289
f 290/344/289 243/345/243 289/343/288
f 243/345/243 290/344/289 246/346/242
f 294/347/290 292/349/292 291/348/291
f 292/349/292 294/347/290 293/350/293
f 293/350/293 295/351/294 292/349/292
f 295/351/294 293/350/293 296/352/295
f 296/352/295 297/353/296 295/351/294
f 297/353/296 296/352/295 298/354/297
f 298/354/297 299/355/298 297/353/296
f 299/355/298 298/354/297 300/356/299
f 300/356/299 301/357/300 299/355/298
f 301/357/300 300/356/299 302/358/301
f 302/358/301 303/359/302 301/357/300
f 303/359/302 302/358/301 304/360/303
f 304/360/303 305/361/304 303/359/302
f 305/361/304 304/360/303 306/362/305
f 306/362/305 307/363/306 305/361/304
f 307/363/306 306/362/305 308/364/307
f 308/364/307 309/365/308 307/363/306
f 309/365/308 308/364/307 310/366/309
f 310/366/309 311/367/310 309/365/308
f 311/367/310 310/366/309 312/368/311
f 312/368/311 313/369/312 311/367/310
f 313/369/312 312/368/311 314/370/313
f 314/370/313 315/371/314 313/369/312
f 315/371/314 314/370/313 316/372/315
f 316/372/315 317/373/316 315/371/314
f 317/373/316 316/372/315 318/374/317
f 318/374/317 319/375/318 317/373/316
f 319/375/318 318/374/317 320/376/319
f 320/376/319 321/377/320 319/375/318
f 321/377/320 320/376/319 322/378/321
f 322/378/321 323/379/322 321/377/320
f 323/379/322 322/378/321 324/380/323
f 324/380/323 325/381/324 323/379/322
f 325/381/324 324/380/323 326/382/325
f 326/382/325 327/383/326 325/381/324
f 327/383/326 326/382/325 328/384/327
f 328/384/327 329/385/328 327/383/326
f 329/385/328 328/384/327 330/386/329
f 330/386/329 331/387/330 329/385/328
f 331/387/330 330/386/329 332/388/331
f 332/388/331 333/389/332 331/387/330
f 333/389/332 332/388/331 334/390/333
f 334/390/333 335/391/334 333/389/332
f 335/391/334 334/390/333 336/392/335
f 336/392/335 337/393/336 335/391/334
f 337/393/336 336/392/335 338/394/337
f 338/394/337 291/395/291 337/393/336
f 291/395/291 338/394/337 294/396/290
f 342/397/338 340/399/340 339/398/339
f 340/399/340 342/397/338 341/400/341
f 341/400/341 343/401/342 340/399/340
f 343/401/342 341/400/341 344/402/343
f 344/402/343 345/403/344 343/401/342
f 345/403/344 344/402/343 346/404/345
f 346/404/345 347/405/346 345/403/344
f 347/405/346 346/404/345 348/406/347
f 348/406/347 349/407/348 347/405/346
f 349/407/348 348/406/347 350/408/349
f 350/408/349 351/409/350 349/407/348
f 351/409/350 350/408/349 352/410/351
f 352/410/351 353/411/352 351/409/350
f 353/411/352 352/410/351 354/412/353
f 354/412/353 355/413/354 353/411/352
f 355/413/354 354/412/353 356/414/355
f 356/414/355 357/415/356 355/413/354
f 357/415/356 356/414/355 358/416/357
f 358/416/357 359/417/358 357/415/356
f 359/417/358 358/416/357 360/418/359
f 360/418/359 361/419/360 359/417/358
f 361/419/360 360/418/359 362/420/361
f 362/420/361 363/421/362 361/419/360
f 363/421/362 362/420/361 364/422/363
f 364/422/363 365/423/364 363/421/362
f 365/423/364 364/422/363 366/424/365
f 366/424/365 367/425/366 365/423/364
f 367/425/366 366/424/365 368/426/367
f 368/426/367 369/427/368 367/425/366
f 369/427/368 368/426/367 370/428/369
f 370/428/369 371/429/370 369/427/368
f 371/429/370 370/428/369 372/430/371
f 372/430/371 373/431/372 371/429/370
f 373/431/372 372/430/371 374/432/373
f 374/432/373 375/433/374 373/431/372
f 375/433/374 374/432/373 376/434/375
f 376/434/375 377/435/376 375/433/374
f 377/435/376 376/434/375 378/436/377
f 378/436/377 379/437/378 377/435/376
f 379/437/378 378/436/377 380/438/379
f 380/438/379 381/439/380 379/437/378
f 381/439/380 380/438/379 382/440/381
f 382/440/381 383/441/382 381/439/380
f 383/441/382 382/440/381 384/442/383
f 384/442/383 385/443/384 383/441/382
f 385/443/384 384/442/383 386/444/385
f 386/444/385 339/445/339 385/443/384
f 339/445/339 386/444/385 342/446/338
f 243/298/243 388/448/146 387/447/146
f 388/448/146 243/298/243 244/299/244
f 245/300/245 390/450/171 389/449/171
f 390/450/171 245/300/245 246/297/242
f 244/299/244 391/451/146 388/448/146
f 391/451/146 244/299/244 247/301/246
f 248/302/247 389/449/171 392/452/171
f 389/449/171 248/302/247 245/300/245
f 247/301/246 393/453/146 391/451/146
f 393/453/146 247/301/246 249/303/248
f 250/304/249 392/452/171 394/454/171
f 392/452/171 250/304/249 248/302/247
f 249/303/248 395/455/146 393/453/146
f 395/455/146 249/303/248 251/305/250
f 252/306/251 394/454/171 396/456/171
f 394/454/171 252/306/251 250/304/249
f 251/305/250 397/457/146 395/455/146
f 397/457/146 251/305/250 253/307/252
f 254/308/253 396/456/171 398/458/171
f 396/456/171 254/308/253 252/306/251
f 253/307/252 399/459/146 397/457/146
f 399/459/146 253/307/252 255/309/254
f 256/310/255 398/458/171 400/460/171
f 398/458/171 256/310/255 254/308/253
f 255/309/254 401/461/146 399/459/146
f 401/461/146 255/309/254 257/311/256
f 258/312/257 400/460/171 402/462/171
f 400/460/171 258/312/257 256/310/255
f 257/311/256 403/463/146 401/461/146
f 403/463/146 257/311/256 259/313/258
f 260/314/259 402/462/171 404/464/171
f 402/462/171 260/314/259 258/312/257
f 259/313/258 405/465/146 403/463/146
f 405/465/146 259/313/258 261/315/260
f 262/316/261 404/464/171 406/466/171
f 404/464/171 262/316/261 260/314/259
f 261/315/260 407/467/146 405/465/146
f 407/467/146 261/315/260 263/317/262
f 264/318/263 406/466/171 408/468/171
f 406/466/171 264/318/263 262/316/261
f 263/317/262 409/469/146 407/467/146
f 409/469/146 263/317/262 265/319/264
f 266/320/265 408/468/171 410/470/171
f 408/468/171 266/320/265 264/318/263
f 265/319/264 411/471/146 409/469/146
f 411/471/146 265/319/264 267/321/266
f 268/322/267 410/470/171 412/472/171
f 410/470/171 268/322/267 266/320/265
f 267/321/266 413/473/146 411/471/146
f 413/473/146 267/321/266 269/323/268
f 270/324/269 412/472/171 414/474/171
f 412/472/171 270/324/269 268/322/267
f 269/323/268 415/475/146 413/473/146
f 415/475/146 269/323/268 271/325/270
f 272/326/271 414/474/171 416/476/171
f 414/474/171 272/326/271 270/324/269
f 271/325/270 417/477/146 415/475/146
f 417/477/146 271/325/270 273/327/272
f 274/328/273 416/476/171 418/478/171
f 416/476/171 274/328/273 272/326/271
f 273/327/272 419/479/146 417/477/146
f 419/479/146 273/327/272 275/329/274
f 276/330/275 418/478/171 420/480/171
f 418/478/171 276/330/275 274/328/273
f 275/329/274 421/481/146 419/479/146
f 421/481/146 275/329/274 277/331/276
f 278/332/277 420/480/171 422/482/171
f 420/480/171 278/332/277 276/330/275
f 277/331/276 423/483/146 421/481/146
f 423/483/146 277/331/276 279/333/278
f 280/334/279 422/482/171 424/484/171
f 422/482/171 280/334/279 278/332/277
f 279/333/278 425/485/146 423/483/146
f 425/485/146 279/333/278 281/335/280
f 282/336/281 424/484/171 426/486/171
f 424/484/171 282/336/281 280/334/279
f 281/335/280 427/487/146 425/485/146
f 427/487/146 281/335/280 283/337/282
f 284/338/283 426/486/171 428/488/171
f 426/486/171 284/338/283 282/336/281
f 283/337/282 429/489/146 427/487/146
f 429/489/146 283/337/282 285/339/284
f 286/340/285 428/488/171 430/490/171
f 428/488/171 286/340/285 284/338/283
f 285/339/284 431/491/146 429/489/146
f 431/491/146 285/339/284 287/341/286
f 288/342/287 430/490/171 432/492/171
f 430/490/171 288/342/287 286/340/285
f 287/341/286 433/493/146 431/491/146
f 433/493/146 287/341/286 289/343/288
f 290/344/289 432/492/171 434/494/171
f 432/492/171 290/344/289 288/342/287
f 289/343/288 387/495/146 433/493/146
f 387/495/146 289/343/288 243/345/243
f 246/346/242 434/494/171 390/496/171
f 434/494/171 246/346/242 290/344/289
f 291/348/291 436/498/387 435/497/386
f 436/498/387 291/348/291 292/349/292
f 293/350/293 438/500/389 437/499/388
f 438/500/389 293/350/293 294/347/290
f 292/349/292 439/501/390 436/498/387
f 439/501/390 292/349/292 295/351/294
f 296/352/295 437/499/388 440/502/391
f 437/499/388 296/352/295 293/350/293
f 295/351/294 441/503/392 439/501/390
f 441/503/392 295/351/294 297/353/296
f 298/354/297 440/502/391 442/504/393
f 440/502/391 298/354/297 296/352/295
f 297/353/296 443/505/394 441/503/392
f 443/505/394 297/353/296 299/355/298
f 300/356/299 442/504/393 444/506/395
f 442/504/393 300/356/299 298/354/297
f 299/355/298 445/507/396 443/505/394
f 445/507/396 299/355/298 301/357/300
f 302/358/301 444/506/395 446/508/397
f 444/506/395 302/358/301 300/356/299
f 301/357/300 447/509/398 445/507/396
f 447/509/398 301/357/300 303/359/302
f 304/360/303 446/508/397 448/510/399
f 446/508/397 304/360/303 302/358/301
f 303/359/302 449/511/400 447/509/398
f 449/511/400 303/359/302 305/361/304
f 306/362/305 448/510/399 450/512/401
f 448/510/399 306/362/305 304/360/303
f 305/361/304 451/513/402 449/511/400
f 451/513/402 305/361/304 307/363/306
f 308/364/307 450/512/401 452/514/403
f 450/512/401 308/364/307 306/362/305
f 307/363/306 453/515/404 451/513/402
f 453/515/404 307/363/306 309/365/308
f 310/366/309 452/514/403 454/516/405
f 452/514/403 310/366/309 308/364/307
f 309/365/308 455/517/406 453/515/404
f 455/517/406 309/365/308 311/367/310
f 312/368/311 454/516/405 456/518/407
f 454/516/405 312/368/311 310/366/309
f 311/367/310 457/519/408 455/517/406
f 457/519/408 311/367/310 313/369/312
f 314/370/313 456/518/407 458/520/409
f 456/518/407 314/370/313 312/368/311
f 313/369/312 459/521/410 457/519/408
f 459/521/410 313/369/312 315/371/314
f 316/372/315 458/520/409 460/522/411
f 458/520/409 316/372/315 314/370/313
f 315/371/314 461/523/412 459/521/410
f 461/523/412 315/371/314 317/373/316
f 318/374/317 460/522/411 462/524/413
f 460/522/411 318/374/317 316/372/315
f 317/373/316 463/525/414 461/523/412
f 463/525/414 317/373/316 319/375/318
f 320/376/319 462/524/413 464/526/415
f 462/524/413 320/376/319 318/374/317
f 319/375/318 465/527/416 463/525/414
f 465/527/416 319/375/318 321/377/320
f 322/378/321 464/526/415 466/528/417
f 464/526/415 322/378/321 320/376/319
f 321/377/320 467/529/418 465/527/416
f 467/529/418 321/377/320 323/379/322
f 324/380/323 466/528/417 468/530/419
f 466/528/417 324/380/323 322/378/321
f 323/379/322 469/531/420 467/529/418
f 469/531/420 323/379/322 325/381/324
f 326/382/325 468/530/419 470/532/421
f 468/530/419 326/382/325 324/380/323
f 325/381/324 471/533/422 469/531/420
f 471/533/422 325/381/324 327/383/326
f 328/384/327 470/532/421 472/534/423
f 470/532/421 328/384/327 326/382/325
f 327/383/326 473/535/424 471/533/422
f 473/535/424 327/383/326 329/385/328
f 330/386/329 472/534/423 474/536/425
f 472/534/423 330/386/329 328/384/327
f 329/385/328 475/537/426 473/535/424
f 475/537/426 329/385/328 331/387/330
f 332/388/331 474/536/425 476/538/427
f 474/536/425 332/388/331 330/386/329
f 331/387/330 477/539/428 475/537/426
f 477/539/428 331/387/330 333/389/332
f 334/390/333 476/538/427 478/540/429
f 476/538/427 334/390/333 332/388/331
f 333/389/332 479/541/430 477/539/428
f 479/541/430 333/389/332 335/391/334
f 336/392/335 478/540/429 480/542/431
f 478/540/429 336/392/335 334/390/333
f 335/391/334 481/543/432 479/541/430
f 481/543/432 335/391/334 337/393/336
f 338/394/337 480/542/431 482/544/433
f 480/542/431 338/394/337 336/392/335
f 337/393/336 435/545/386 481/543/432
f 435/545/386 337/393/336 291/395/291
f 294/396/290 482/544/433 438/546/389
f 482/544/433 294/396/290 338/394/337
f 339/398/339 484/547/435 483/450/434
f 484/547/435 339/398/339 340/399/340
f 341/400/341 486/497/437 485/548/436
f 486/497/437 341/400/341 342/397/338
f 340/399/340 487/549/438 484/547/435
f 487/549/438 340/399/340 343/401/342
f 344/402/343 485/548/436 488/550/439
f 485/548/436 344/402/343 341/400/341
f 343/401/342 489/551/440 487/549/438
f 489/551/440 343/401/342 345/403/344
f 346/404/345 488/550/439 490/552/441
f 488/550/439 346/404/345 344/402/343
f 345/403/344 491/553/442 489/551/440
f 491/553/442 345/403/344 347/405/346
f 348/406/347 490/552/441 492/554/443
f 490/552/441 348/406/347 346/404/345
f 347/405/346 493/555/444 491/553/442
f 493/555/444 347/405/346 349/407/348
f 350/408/349 492/554/443 494/556/445
f 492/554/443 350/408/349 348/406/347
f 349/407/348 495/557/446 493/555/444
f 495/557/446 349/407/348 351/409/350
f 352/410/351 494/556/445 496/558/447
f 494/556/445 352/410/351 350/408/349
f 351/409/350 497/559/448 495/557/446
f 497/559/448 351/409/350 353/411/352
f 354/412/353 496/558/447 498/560/449
f 496/558/447 354/412/353 352/410/351
f 353/411/352 499/561/450 497/559/448
f 499/561/450 353/411/352 355/413/354
f 356/414/355 498/560/449 500/562/451
f 498/560/449 356/414/355 354/412/353
f 355/413/354 501/563/452 499/561/450
f 501/563/452 355/413/354 357/415/356
f 358/416/357 500/562/451 502/564/453
f 500/562/451 358/416/357 356/414/355
f 357/415/356 503/565/454 501/563/452
f 503/565/454 357/415/356 359/417/358
f 360/418/359 502/564/453 504/566/455
f 502/564/453 360/418/359 358/416/357
f 359/417/358 505/567/456 503/565/454
f 505/567/456 359/417/358 361/419/360
f 362/420/361 504/566/455 506/568/457
f 504/566/455 362/420/361 360/418/359
f 361/419/360 507/569/458 505/567/456
f 507/569/458 361/419/360 363/421/362
f 364/422/363 506/568/457 508/570/459
f 506/568/457 364/422/363 362/420/361
f 363/421/362 509/571/460 507/569/458
f 509/571/460 363/421/362 365/423/364
f 366/424/365 508/570/459 510/572/461
f 508/570/459 366/424/365 364/422/363
f 365/423/364 511/573/462 509/571/460
f 511/573/462 365/423/364 367/425/366
f 368/426/367 510/572/461 512/574/463
f 510/572/461 368/426/367 366/424/365
f 367/425/366 513/575/464 511/573/462
f 513/575/464 367/425/366 369/427/368
f 370/428/369 512/574/463 514/576/465
f 512/574/463 370/428/369 368/426/367
f 369/427/368 515/577/466 513/575/464
f 515/577/466 369/427/368 371/429/370
f 372/430/371 514/576/465 516/578/467
f 514/576/465 372/430/371 370/428/369
f 371/429/370 517/579/468 515/577/466
f 517/579/468 371/429/370 373/431/372
f 374/432/373 516/578/467 518/580/469
f 516/578/467 374/432/373 372/430/371
f 373/431/372 519/581/470 517/579/468
f 519/581/470 373/431/372 375/433/374
f 376/434/375 518/580/469 520/582/471
f 518/580/469 376/434/375 374/432/373
f 375/433/374 521/583/472 519/581/470
f 521/583/472 375/433/374 377/435/376
f 378/436/377 520/582/471 522/584/473
f 520/582/471 378/436/377 376/434/375
f 377/435/376 523/585/474 521/583/472
f 523/585/474 377/435/376 379/437/378
f 380/438/379 522/584/473 524/586/475
f 522/584/473 380/438/379 378/436/377
f 379/437/378 525/587/476 523/585/474
f 525/587/476 379/437/378 381/439/380
f 382/440/381 524/586/475 526/588/477
f 524/586/475 382/440/381 380/438/379
f 381/439/380 527/589/478 525/587/476
f 527/589/478 381/439/380 383/441/382
f 384/442/383 526/588/477 528/590/479
f 526/588/477 384/442/383 382/440/381
f 383/441/382 529/591/480 527/589/478
f 529/591/480 383/441/382 385/443/384
f 386/444/385 528/590/479 530/592/481
f 528/590/479 386/444/385 384/442/383
f 385/443/384 483/593/434 529/591/480
f 483/593/434 385/443/384 339/445/339
f 342/446/338 530/592/481 486/594/437
f 530/592/481 342/446/338 386/444/385
o BarrelSmartMat.003
v 4.807144 0.025560 33.115337
v 4.954516 0.025560 33.176201
v 4.993980 0.439074 33.107685
v 4.827530 0.439074 33.038940
v 5.081114 0.025560 33.273136
v 5.136967 0.439074 33.217171
v 5.178308 0.025560 33.399536
v 5.246744 0.439074 33.359932
v 5.239477 0.025560 33.546783
v 5.315832 0.439074 33.526237
v 5.260452 0.025560 33.704845
v 5.339521 0.439074 33.704762
v 5.239802 0.025560 33.862949
v 5.316198 0.439074 33.883335
v 5.178936 0.025560 34.010319
v 5.247453 0.439074 34.049786
v 5.082001 0.025560 34.136917
v 5.137969 0.439074 34.192772
v 4.955603 0.025560 34.234112
v 4.995208 0.439074 34.302547
v 4.808355 0.025560 34.295280
v 4.828899 0.439074 34.371635
v 4.650294 0.025560 34.316257
v 4.650375 0.439074 34.395325
v 4.492190 0.025560 34.295605
v 4.471804 0.439074 34.372002
v 4.344817 0.025560 34.234741
v 4.305353 0.439074 34.303257
v 4.218220 0.025560 34.137806
v 4.162367 0.439074 34.193771
v 4.121025 0.025560 34.011406
v 4.052589 0.439074 34.051010
v 4.059856 0.025560 33.864159
v 3.983502 0.439074 33.884705
v 4.038881 0.025560 33.706097
v 3.959812 0.439074 33.706181
v 4.059531 0.025560 33.547993
v 3.983135 0.439074 33.527607
v 4.120398 0.025560 33.400623
v 4.051881 0.439074 33.361156
v 4.217333 0.025560 33.274025
v 4.161365 0.439074 33.218170
v 4.343731 0.025560 33.176830
v 4.304126 0.439074 33.108395
v 4.490978 0.025560 33.115662
v 4.470435 0.439074 33.039307
v 4.649040 0.025560 33.094685
v 4.648958 0.439074 33.015617
v 5.020665 0.852589 33.061356
v 4.841315 0.852589 32.987282
v 5.174733 0.852588 33.179325
v 5.293018 0.852588 33.333149
v 5.367460 0.852588 33.512348
v 5.392986 0.852588 33.704708
v 5.367856 0.852588 33.897118
v 5.293782 0.852588 34.076469
v 5.175813 0.852588 34.230537
v 5.021987 0.852589 34.348824
v 4.842789 0.852589 34.423264
v 4.650430 0.852589 34.448792
v 4.458019 0.852589 34.423660
v 4.278668 0.852589 34.349586
v 4.124600 0.852589 34.231617
v 4.006315 0.852589 34.077793
v 3.931873 0.852589 33.898594
v 3.906348 0.852589 33.706234
v 3.931478 0.852589 33.513824
v 4.005551 0.852589 33.334473
v 4.123521 0.852589 33.180405
v 4.277346 0.852589 33.062119
v 4.456544 0.852589 32.987679
v 4.648903 0.852589 32.962151
v 5.020666 1.266103 33.061356
v 4.841315 1.266103 32.987282
v 5.174733 1.266103 33.179325
v 5.293018 1.266103 33.333149
v 5.367460 1.266103 33.512348
v 5.392986 1.266103 33.704708
v 5.367856 1.266103 33.897118
v 5.293782 1.266103 34.076469
v 5.175813 1.266103 34.230537
v 5.021987 1.266103 34.348824
v 4.842789 1.266103 34.423264
v 4.650430 1.266103 34.448792
v 4.458019 1.266103 34.423660
v 4.278668 1.266103 34.349586
v 4.124600 1.266103 34.231617
v 4.006315 1.266103 34.077793
v 3.931873 1.266103 33.898594
v 3.906348 1.266103 33.706234
v 3.931478 1.266103 33.513824
v 4.005551 1.266103 33.334473
v 4.123521 1.266103 33.180405
v 4.277346 1.266103 33.062119
v 4.456544 1.266103 32.987679
v 4.648903 1.266103 32.962151
v 4.993980 1.679617 33.107685
v 4.827530 1.679617 33.038940
v 5.136967 1.679617 33.217171
v 5.246744 1.679617 33.359932
v 5.315832 1.679617 33.526237
v 5.339521 1.679617 33.704762
v 5.316198 1.679617 33.883335
v 5.247453 1.679617 34.049786
v 5.137969 1.679617 34.192772
v 4.995208 1.679617 34.302547
v 4.828899 1.679617 34.371635
v 4.650375 1.679617 34.395325
v 4.471804 1.679617 34.372002
v 4.305353 1.679617 34.303257
v 4.162367 1.679617 34.193771
v 4.052589 1.679617 34.051010
v 3.983502 1.679617 33.884705
v 3.959812 1.679617 33.706181
v 3.983135 1.679617 33.527607
v 4.051881 1.679617 33.361156
v 4.161365 1.679617 33.218170
v 4.304126 1.679617 33.108395
v 4.470435 1.679617 33.039307
v 4.648959 1.679617 33.015617
v 4.954516 2.093132 33.176201
v 4.807144 2.093132 33.115337
v 5.081114 2.093132 33.273136
v 5.178308 2.093132 33.399536
v 5.239478 2.093132 33.546783
v 5.260452 2.093132 33.704845
v 5.239802 2.093132 33.862949
v 5.178936 2.093132 34.010319
v 5.082001 2.093132 34.136917
v 4.955603 2.093132 34.234112
v 4.808356 2.093132 34.295280
v 4.650294 2.093132 34.316257
v 4.492190 2.093132 34.295605
v 4.344818 2.093132 34.234741
v 4.218220 2.093132 34.137806
v 4.121025 2.093132 34.011406
v 4.059856 2.093132 33.864159
v 4.038882 2.093132 33.706097
v 4.059531 2.093132 33.547993
v 4.120398 2.093132 33.400623
v 4.217333 2.093132 33.274025
v 4.343731 2.093132 33.176830
v 4.490978 2.093132 33.115662
v 4.649040 2.093132 33.094685
v 4.934018 0.146727 33.211792
v 4.796555 0.146727 33.155018
v 4.649667 0.146727 33.705471
v 5.052103 0.146727 33.302208
v 5.142762 0.146727 33.420105
v 5.199818 0.146727 33.557453
v 5.219382 0.146727 33.704887
v 5.200121 0.146727 33.852360
v 5.143348 0.146727 33.989822
v 5.052930 0.146727 34.107906
v 4.935031 0.146727 34.198566
v 4.797685 0.146727 34.255623
v 4.650252 0.146727 34.275188
v 4.502779 0.146727 34.255924
v 4.365316 0.146727 34.199150
v 4.247231 0.146727 34.108734
v 4.156571 0.146727 33.990837
v 4.099515 0.146727 33.853489
v 4.079951 0.146727 33.706055
v 4.099213 0.146727 33.558582
v 4.155986 0.146727 33.421120
v 4.246403 0.146727 33.303036
v 4.364302 0.146727 33.212376
v 4.501648 0.146727 33.155319
v 4.649082 0.146727 33.135754
v 4.796555 1.971965 33.155018
v 4.934018 1.971965 33.211792
v 4.649667 1.971965 33.705471
v 5.052103 1.971965 33.302208
v 5.142762 1.971965 33.420105
v 5.199818 1.971965 33.557453
v 5.219382 1.971965 33.704887
v 5.200121 1.971965 33.852360
v 5.143348 1.971965 33.989822
v 5.052930 1.971965 34.107906
v 4.935031 1.971965 34.198566
v 4.797685 1.971965 34.255623
v 4.650252 1.971965 34.275188
v 4.502779 1.971965 34.255924
v 4.365316 1.971965 34.199150
v 4.247231 1.971965 34.108734
v 4.156571 1.971965 33.990837
v 4.099515 1.971965 33.853489
v 4.079951 1.971965 33.706055
v 4.099213 1.971965 33.558582
v 4.155986 1.971965 33.421120
v 4.246404 1.971965 33.303036
v 4.364303 1.971965 33.212376
v 4.501648 1.971965 33.155319
v 4.649082 1.971965 33.135754
v 4.793310 0.025560 33.167175
v 4.927736 0.025560 33.222694
v 5.043213 0.025560 33.311115
v 5.131870 0.025560 33.426411
v 5.187665 0.025560 33.560722
v 5.206798 0.025560 33.704899
v 5.187962 0.025560 33.849113
v 5.132442 0.025560 33.983540
v 5.044022 0.025560 34.099018
v 4.928728 0.025560 34.187675
v 4.794415 0.025560 34.243469
v 4.650239 0.025560 34.262600
v 4.506023 0.025560 34.243767
v 4.371597 0.025560 34.188248
v 4.256121 0.025560 34.099827
v 4.167463 0.025560 33.984531
v 4.111668 0.025560 33.850220
v 4.092536 0.025560 33.706043
v 4.111372 0.025560 33.561829
v 4.166891 0.025560 33.427402
v 4.255311 0.025560 33.311924
v 4.370606 0.025560 33.223267
v 4.504918 0.025560 33.167473
v 4.649095 0.025560 33.148338
v 4.927737 2.093132 33.222694
v 4.793310 2.093132 33.167175
v 5.043213 2.093132 33.311115
v 5.131870 2.093132 33.426411
v 5.187665 2.093132 33.560722
v 5.206798 2.093132 33.704899
v 5.187962 2.093132 33.849113
v 5.132442 2.093132 33.983540
v 5.044023 2.093132 34.099018
v 4.928728 2.093132 34.187675
v 4.794416 2.093132 34.243469
v 4.650239 2.093132 34.262600
v 4.506023 2.093132 34.243767
v 4.371597 2.093132 34.188248
v 4.256121 2.093132 34.099827
v 4.167463 2.093132 33.984531
v 4.111668 2.093132 33.850220
v 4.092536 2.093132 33.706043
v 4.111372 2.093132 33.561829
v 4.166892 2.093132 33.427402
v 4.255311 2.093132 33.311924
v 4.370606 2.093132 33.223267
v 4.504918 2.093132 33.167473
v 4.649095 2.093132 33.148338
v 4.849909 0.980404 32.955074
v 5.037302 0.980404 33.032471
v 5.037302 1.157869 33.032471
v 4.849909 1.157869 32.955074
v 5.198279 0.980404 33.155731
v 5.198279 1.157869 33.155731
v 5.321869 0.980404 33.316456
v 5.321869 1.157869 33.316456
v 5.399649 0.980404 33.503689
v 5.399649 1.157869 33.503689
v 5.426320 0.980404 33.704674
v 5.426320 1.157869 33.704674
v 5.400062 0.980404 33.905712
v 5.400062 1.157869 33.905712
v 5.322667 0.980404 34.093105
v 5.322667 1.157869 34.093105
v 5.199407 0.980404 34.254082
v 5.199407 1.157869 34.254082
v 5.038684 0.980404 34.377674
v 5.038684 1.157869 34.377674
v 4.851450 0.980404 34.455452
v 4.851450 1.157869 34.455452
v 4.650465 0.980404 34.482124
v 4.650465 1.157869 34.482124
v 4.449425 0.980404 34.455868
v 4.449425 1.157869 34.455868
v 4.262032 0.980404 34.378471
v 4.262032 1.157869 34.378471
v 4.101054 0.980404 34.255211
v 4.101054 1.157869 34.255211
v 3.977464 0.980404 34.094490
v 3.977464 1.157869 34.094490
v 3.899684 0.980404 33.907253
v 3.899684 1.157869 33.907253
v 3.873014 0.980404 33.706268
v 3.873014 1.157869 33.706268
v 3.899271 0.980404 33.505230
v 3.899271 1.157869 33.505230
v 3.976667 0.980404 33.317837
v 3.976667 1.157869 33.317837
v 4.099926 0.980404 33.156860
v 4.099926 1.157869 33.156860
v 4.260650 0.980404 33.033268
v 4.260650 1.157869 33.033268
v 4.447884 0.980404 32.955490
v 4.447884 1.157869 32.955490
v 4.648870 0.980404 32.928818
v 4.648870 1.157869 32.928818
v 4.826120 1.886904 33.044224
v 4.991251 1.886904 33.112427
v 4.974782 2.059465 33.141018
v 4.817613 2.059465 33.076103
v 5.133103 1.886904 33.221043
v 5.109796 2.059465 33.244396
v 5.242010 1.886904 33.362671
v 5.213451 2.059465 33.379196
v 5.310550 1.886904 33.527660
v 5.278687 2.059465 33.536232
v 5.334052 1.886904 33.704769
v 5.301056 2.059465 33.704803
v 5.310914 1.886904 33.881924
v 5.279033 2.059465 33.873417
v 5.242713 1.886904 34.047054
v 5.214121 2.059465 34.030586
v 5.134097 1.886904 34.188908
v 5.110742 2.059465 34.165600
v 4.992468 1.886904 34.297813
v 4.975941 2.059465 34.269257
v 4.827478 1.886904 34.366356
v 4.818905 2.059465 34.334492
v 4.650370 1.886904 34.389854
v 4.650336 2.059465 34.356861
v 4.473214 1.886904 34.366718
v 4.481721 2.059465 34.334839
v 4.308083 1.886904 34.298515
v 4.324552 2.059465 34.269924
v 4.166231 1.886904 34.189903
v 4.189538 2.059465 34.166546
v 4.057323 1.886904 34.048271
v 4.085882 2.059465 34.031746
v 3.988784 1.886904 33.883282
v 4.020647 2.059465 33.874710
v 3.965282 1.886904 33.706173
v 3.998278 2.059465 33.706139
v 3.988420 1.886904 33.529018
v 4.020300 2.059465 33.537525
v 4.056621 1.886904 33.363888
v 4.085213 2.059465 33.380356
v 4.165236 1.886904 33.222034
v 4.188592 2.059465 33.245342
v 4.306866 1.886904 33.113129
v 4.323393 2.059465 33.141685
v 4.471856 1.886904 33.044586
v 4.480429 2.059465 33.076450
v 4.648964 1.886904 33.021088
v 4.648998 2.059465 33.054081
v 4.815535 0.062808 33.083889
v 4.970760 0.062808 33.147999
v 4.992326 0.243052 33.110558
v 4.826675 0.243052 33.042145
v 5.104104 0.062808 33.250099
v 5.134624 0.243052 33.219517
v 5.206478 0.062808 33.383232
v 5.243874 0.243052 33.361591
v 5.270906 0.062808 33.538326
v 5.312630 0.243052 33.527100
v 5.292998 0.062808 33.704811
v 5.336205 0.243052 33.704765
v 5.271248 0.062808 33.871338
v 5.312995 0.243052 33.882481
v 5.207139 0.062808 34.026566
v 5.244579 0.243052 34.048130
v 5.105038 0.062808 34.159908
v 5.135622 0.243052 34.190430
v 4.971905 0.062808 34.262283
v 4.993547 0.243052 34.299679
v 4.816812 0.062808 34.326710
v 4.828037 0.243052 34.368435
v 4.650328 0.062808 34.348804
v 4.650372 0.243052 34.392010
v 4.483799 0.062808 34.327053
v 4.472659 0.243052 34.368801
v 4.328573 0.062808 34.262943
v 4.307008 0.243052 34.300385
v 4.195230 0.062808 34.160843
v 4.164709 0.243052 34.191425
v 4.092855 0.062808 34.027710
v 4.055459 0.243052 34.049351
v 4.028427 0.062808 33.872616
v 3.986703 0.243052 33.883842
v 4.006335 0.062808 33.706131
v 3.963128 0.243052 33.706177
v 4.028085 0.062808 33.539604
v 3.986339 0.243052 33.528461
v 4.092195 0.062808 33.384377
v 4.054754 0.243052 33.362812
v 4.194295 0.062808 33.251034
v 4.163712 0.243052 33.220512
v 4.327428 0.062808 33.148659
v 4.305787 0.243052 33.111263
v 4.482522 0.062808 33.084232
v 4.471296 0.243052 33.042507
v 4.649006 0.062808 33.062138
v 4.648962 0.243052 33.018932
v 4.836720 0.980404 33.004498
v 5.011772 0.980404 33.076797
v 5.011772 1.157869 33.076797
v 4.836721 1.157869 33.004498
v 5.162147 0.980404 33.191936
v 5.162147 1.157869 33.191936
v 5.277597 0.980404 33.342075
v 5.277597 1.157869 33.342075
v 5.350255 0.980404 33.516979
v 5.350255 1.157869 33.516979
v 5.375168 0.980404 33.704727
v 5.375168 1.157869 33.704727
v 5.350640 0.980404 33.892525
v 5.350640 1.157869 33.892525
v 5.278342 0.980404 34.067577
v 5.278342 1.157869 34.067577
v 5.163201 0.980404 34.217953
v 5.163201 1.157869 34.217953
v 5.013063 0.980404 34.333401
v 5.013063 1.157869 34.333401
v 4.838161 0.980404 34.406059
v 4.838161 1.157869 34.406059
v 4.650412 0.980404 34.430973
v 4.650412 1.157869 34.430973
v 4.462613 0.980404 34.406445
v 4.462613 1.157869 34.406445
v 4.287561 0.980404 34.334148
v 4.287561 1.157869 34.334148
v 4.137187 0.980404 34.219006
v 4.137187 1.157869 34.219006
v 4.021737 0.980404 34.068867
v 4.021737 1.157869 34.068867
v 3.949079 0.980404 33.893963
v 3.949079 1.157869 33.893963
v 3.924165 0.980404 33.706215
v 3.924165 1.157869 33.706215
v 3.948693 0.980404 33.518417
v 3.948693 1.157869 33.518417
v 4.020991 0.980404 33.343365
v 4.020991 1.157869 33.343365
v 4.136133 0.980404 33.192989
v 4.136133 1.157869 33.192989
v 4.286271 0.980404 33.077541
v 4.286271 1.157869 33.077541
v 4.461174 0.980404 33.004883
v 4.461174 1.157869 33.004883
v 4.648922 0.980404 32.979969
v 4.648922 1.157869 32.979969
v 4.813700 1.878433 33.090767
v 4.967208 1.878433 33.154167
v 4.951134 2.050994 33.182076
v 4.805397 2.050994 33.121883
v 5.099076 1.878433 33.255138
v 5.076326 2.050994 33.277935
v 5.200317 1.878433 33.386799
v 5.172443 2.050994 33.402931
v 5.264032 1.878433 33.540176
v 5.232934 2.050994 33.548542
v 5.285880 1.878433 33.704819
v 5.253675 2.050994 33.704849
v 5.264371 1.878433 33.869503
v 5.233254 2.050994 33.861202
v 5.200971 1.878433 34.023010
v 5.173063 2.050994 34.006939
v 5.100000 1.878433 34.154881
v 5.077204 2.050994 34.132130
v 4.968339 1.878433 34.256123
v 4.952209 2.050994 34.228249
v 4.814962 1.878433 34.319836
v 4.806595 2.050994 34.288738
v 4.650320 1.878433 34.341682
v 4.650287 2.050994 34.309479
v 4.485634 1.878433 34.320175
v 4.493937 2.050994 34.289059
v 4.332126 1.878433 34.256775
v 4.348200 2.050994 34.228867
v 4.200258 1.878433 34.155804
v 4.223007 2.050994 34.133007
v 4.099017 1.878433 34.024143
v 4.126890 2.050994 34.008011
v 4.035301 1.878433 33.870766
v 4.066400 2.050994 33.862400
v 4.013453 1.878433 33.706123
v 4.045659 2.050994 33.706093
v 4.034963 1.878433 33.541439
v 4.066079 2.050994 33.549740
v 4.098363 1.878433 33.387932
v 4.126270 2.050994 33.404003
v 4.199334 1.878433 33.256062
v 4.222130 2.050994 33.278812
v 4.330995 1.878433 33.154819
v 4.347126 2.050994 33.182693
v 4.484372 1.878433 33.091106
v 4.492739 2.050994 33.122204
v 4.649014 1.878433 33.069256
v 4.649046 2.050994 33.101463
v 4.803369 0.071278 33.129482
v 4.947209 0.071278 33.188889
v 4.968257 0.251523 33.152348
v 4.814242 0.251523 33.088737
v 5.070772 0.071278 33.283501
v 5.100561 0.251523 33.253651
v 5.165637 0.071278 33.406868
v 5.202137 0.251523 33.385746
v 5.225339 0.071278 33.550587
v 5.266063 0.251523 33.539631
v 5.245811 0.071278 33.704861
v 5.287982 0.251523 33.704815
v 5.225657 0.071278 33.859173
v 5.266402 0.251523 33.870045
v 5.166249 0.071278 34.003014
v 5.202792 0.251523 34.024063
v 5.071637 0.071278 34.126575
v 5.101488 0.251523 34.156364
v 4.948269 0.071278 34.221439
v 4.969392 0.251523 34.257942
v 4.804552 0.071278 34.281143
v 4.815508 0.251523 34.321869
v 4.650279 0.071278 34.301617
v 4.650322 0.251523 34.343788
v 4.495965 0.071278 34.281460
v 4.485092 0.251523 34.322205
v 4.352125 0.071278 34.222054
v 4.331077 0.251523 34.258598
v 4.228562 0.071278 34.127441
v 4.198773 0.251523 34.157291
v 4.133697 0.071278 34.004074
v 4.097197 0.251523 34.025196
v 4.073994 0.071278 33.860355
v 4.033271 0.251523 33.871311
v 4.053522 0.071278 33.706081
v 4.011351 0.251523 33.706127
v 4.073677 0.071278 33.551769
v 4.032931 0.251523 33.540897
v 4.133085 0.071278 33.407928
v 4.096541 0.251523 33.386879
v 4.227696 0.071278 33.284367
v 4.197845 0.251523 33.254578
v 4.351064 0.071278 33.189503
v 4.329941 0.251523 33.153000
v 4.494782 0.071278 33.129799
v 4.483825 0.251523 33.089073
v 4.649055 0.071278 33.109325
v 4.649011 0.251523 33.067154
vn 0.3750 -0.1863 -0.9081
vn 0.3751 -0.1862 -0.9081
vn 0.3750 -0.1862 -0.9081
vn 0.6774 -0.2832 -0.6789
vn 0.6977 -0.1562 -0.6991
vn 0.8301 -0.2832 -0.4804
vn 0.8549 -0.1561 -0.4947
vn 0.9261 -0.2832 -0.2492
vn 0.9538 -0.1562 -0.2566
vn 0.9590 -0.2832 -0.0010
vn 0.9877 -0.1562 -0.0010
vn 0.9266 -0.2832 0.2473
vn 0.9543 -0.1562 0.2547
vn 0.8311 -0.2832 0.4787
vn 0.8559 -0.1562 0.4930
vn 0.6789 -0.2832 0.6774
vn 0.6992 -0.1561 0.6977
vn 0.4804 -0.2832 0.8301
vn 0.4947 -0.1562 0.8549
vn 0.2492 -0.2832 0.9261
vn 0.2566 -0.1562 0.9538
vn 0.0010 -0.2832 0.9590
vn 0.0010 -0.1562 0.9877
vn -0.2473 -0.2832 0.9266
vn -0.2547 -0.1562 0.9543
vn -0.4787 -0.2832 0.8311
vn -0.4930 -0.1562 0.8559
vn -0.6774 -0.2832 0.6789
vn -0.6977 -0.1562 0.6991
vn -0.8301 -0.2832 0.4804
vn -0.8549 -0.1561 0.4947
vn -0.9261 -0.2832 0.2492
vn -0.9538 -0.1562 0.2566
vn -0.9590 -0.2832 0.0010
vn -0.9877 -0.1562 0.0010
vn -0.9266 -0.2832 -0.2473
vn -0.9543 -0.1562 -0.2547
vn -0.8311 -0.2832 -0.4787
vn -0.8559 -0.1561 -0.4930
vn -0.6789 -0.2832 -0.6774
vn -0.6991 -0.1562 -0.6977
vn -0.4804 -0.2832 -0.8301
vn -0.4947 -0.1562 -0.8549
vn -0.2492 -0.2832 -0.9261
vn -0.2566 -0.1562 -0.9538
vn -0.0010 -0.2832 -0.9590
vn -0.0010 -0.1562 -0.9877
vn 0.2573 -0.0628 -0.9643
vn 0.4981 -0.0627 -0.8648
vn 0.7050 -0.0628 -0.7064
vn 0.8638 -0.0627 -0.4999
vn 0.9638 -0.0627 -0.2593
vn 0.9980 -0.0627 -0.0010
vn 0.9643 -0.0628 0.2573
vn 0.8648 -0.0627 0.4981
vn 0.7064 -0.0627 0.7050
vn 0.4999 -0.0627 0.8638
vn 0.2593 -0.0627 0.9638
vn 0.0010 -0.0627 0.9980
vn -0.2573 -0.0627 0.9643
vn -0.4981 -0.0627 0.8648
vn -0.7050 -0.0627 0.7064
vn -0.8638 -0.0627 0.4999
vn -0.9638 -0.0627 0.2593
vn -0.9980 -0.0627 0.0010
vn -0.9643 -0.0628 -0.2573
vn -0.8648 -0.0627 -0.4981
vn -0.7064 -0.0627 -0.7050
vn -0.4999 -0.0627 -0.8638
vn -0.2593 -0.0627 -0.9638
vn -0.0010 -0.0627 -0.9980
vn 0.2573 0.0628 -0.9643
vn 0.4981 0.0627 -0.8648
vn 0.7050 0.0627 -0.7064
vn 0.8638 0.0627 -0.4999
vn 0.9638 0.0627 -0.2593
vn 0.9980 0.0627 -0.0010
vn 0.9643 0.0627 0.2573
vn 0.8648 0.0627 0.4981
vn 0.7064 0.0627 0.7050
vn 0.4999 0.0627 0.8638
vn 0.2593 0.0627 0.9638
vn 0.0010 0.0627 0.9980
vn -0.2573 0.0627 0.9643
vn -0.4981 0.0628 0.8648
vn -0.7050 0.0627 0.7064
vn -0.8638 0.0627 0.4999
vn -0.9638 0.0628 0.2593
vn -0.9980 0.0627 0.0010
vn -0.9643 0.0627 -0.2573
vn -0.8648 0.0627 -0.4981
vn -0.7064 0.0627 -0.7050
vn -0.4999 0.0627 -0.8638
vn -0.2593 0.0627 -0.9638
vn -0.0010 0.0628 -0.9980
vn 0.2547 0.1562 -0.9543
vn 0.4930 0.1561 -0.8559
vn 0.6977 0.1562 -0.6991
vn 0.8549 0.1562 -0.4947
vn 0.9538 0.1562 -0.2566
vn 0.9877 0.1562 -0.0010
vn 0.9543 0.1562 0.2547
vn 0.8559 0.1562 0.4930
vn 0.6992 0.1561 0.6977
vn 0.4948 0.1561 0.8549
vn 0.2566 0.1562 0.9538
vn 0.0010 0.1562 0.9877
vn -0.2547 0.1562 0.9543
vn -0.4930 0.1562 0.8559
vn -0.6977 0.1562 0.6991
vn -0.8549 0.1561 0.4947
vn -0.9538 0.1562 0.2566
vn -0.9877 0.1562 0.0010
vn -0.9543 0.1562 -0.2547
vn -0.8559 0.1562 -0.4930
vn -0.6991 0.1562 -0.6977
vn -0.4947 0.1562 -0.8549
vn -0.2566 0.1562 -0.9538
vn -0.0010 0.1562 -0.9877
vn 0.2473 0.2832 -0.9266
vn 0.4787 0.2832 -0.8310
vn 0.6775 0.2832 -0.6788
vn 0.8301 0.2832 -0.4804
vn 0.9261 0.2832 -0.2491
vn 0.9590 0.2832 -0.0010
vn 0.9266 0.2832 0.2473
vn 0.8310 0.2832 0.4787
vn 0.6788 0.2832 0.6775
vn 0.4804 0.2832 0.8301
vn 0.2492 0.2832 0.9261
vn 0.0010 0.2832 0.9590
vn -0.2473 0.2832 0.9266
vn -0.4787 0.2832 0.8310
vn -0.6775 0.2832 0.6788
vn -0.8301 0.2832 0.4804
vn -0.9261 0.2832 0.2492
vn -0.9590 0.2832 0.0010
vn -0.9266 0.2832 -0.2473
vn -0.8310 0.2832 -0.4787
vn -0.6788 0.2832 -0.6775
vn -0.4804 0.2832 -0.8301
vn -0.2491 0.2832 -0.9261
vn -0.0010 0.2832 -0.9590
vn -0.2140 -0.9034 0.3715
vn -0.1107 -0.9034 0.4142
vn -0.0000 -1.0000 -0.0000
vn -0.3028 -0.9034 0.3035
vn -0.3710 -0.9034 0.2147
vn -0.4140 -0.9034 0.1114
vn -0.4287 -0.9034 0.0005
vn -0.4142 -0.9034 -0.1105
vn -0.3715 -0.9034 -0.2140
vn -0.3035 -0.9034 -0.3028
vn -0.2147 -0.9034 -0.3710
vn -0.1114 -0.9034 -0.4140
vn -0.0004 -0.9034 -0.4287
vn 0.1105 -0.9034 -0.4142
vn 0.2140 -0.9034 -0.3715
vn 0.3028 -0.9034 -0.3035
vn 0.3710 -0.9034 -0.2147
vn 0.4140 -0.9034 -0.1114
vn 0.4287 -0.9034 -0.0004
vn 0.4142 -0.9034 0.1105
vn 0.3715 -0.9034 0.2140
vn 0.3035 -0.9034 0.3028
vn 0.2147 -0.9034 0.3710
vn 0.1114 -0.9034 0.4140
vn 0.0005 -0.9034 0.4287
vn -0.1105 0.9034 0.4142
vn -0.2138 0.9034 0.3716
vn -0.0000 1.0000 -0.0000
vn -0.3027 0.9034 0.3036
vn -0.3710 0.9034 0.2148
vn -0.4140 0.9034 0.1114
vn -0.4287 0.9034 0.0005
vn -0.4142 0.9034 -0.1104
vn -0.3715 0.9034 -0.2139
vn -0.3035 0.9034 -0.3028
vn -0.2148 0.9034 -0.3710
vn -0.1114 0.9034 -0.4140
vn -0.0005 0.9034 -0.4287
vn 0.1105 0.9034 -0.4142
vn 0.2138 0.9034 -0.3716
vn 0.3028 0.9034 -0.3035
vn 0.3710 0.9034 -0.2149
vn 0.4140 0.9034 -0.1114
vn 0.4287 0.9034 -0.0006
vn 0.4142 0.9034 0.1105
vn 0.3715 0.9034 0.2139
vn 0.3035 0.9034 0.3028
vn 0.2148 0.9034 0.3710
vn 0.1114 0.9034 0.4140
vn 0.0007 0.9034 0.4287
vn -0.4656 -0.3603 0.8084
vn -0.2405 -0.3603 0.9013
vn -0.6589 -0.3603 0.6604
vn -0.8075 -0.3603 0.4671
vn -0.9008 -0.3603 0.2424
vn -0.9328 -0.3603 0.0011
vn -0.9013 -0.3603 -0.2405
vn -0.8084 -0.3603 -0.4656
vn -0.6603 -0.3603 -0.6589
vn -0.4673 -0.3603 -0.8074
vn -0.2424 -0.3603 -0.9008
vn -0.0010 -0.3603 -0.9328
vn 0.2405 -0.3603 -0.9013
vn 0.4656 -0.3603 -0.8083
vn 0.6589 -0.3603 -0.6603
vn 0.8074 -0.3603 -0.4673
vn 0.9008 -0.3603 -0.2425
vn 0.9328 -0.3603 -0.0010
vn 0.9013 -0.3603 0.2405
vn 0.8084 -0.3603 0.4655
vn 0.6603 -0.3603 0.6589
vn 0.4673 -0.3603 0.8074
vn 0.2424 -0.3603 0.9008
vn 0.0010 -0.3603 0.9328
vn -0.2405 0.3603 0.9013
vn -0.4656 0.3603 0.8084
vn -0.6589 0.3603 0.6603
vn -0.8074 0.3603 0.4673
vn -0.9008 0.3603 0.2424
vn -0.9328 0.3603 0.0010
vn -0.9013 0.3603 -0.2405
vn -0.8084 0.3603 -0.4656
vn -0.6603 0.3603 -0.6589
vn -0.4673 0.3603 -0.8074
vn -0.2424 0.3603 -0.9008
vn -0.0010 0.3603 -0.9328
vn 0.2405 0.3603 -0.9013
vn 0.4656 0.3603 -0.8084
vn 0.6589 0.3603 -0.6603
vn 0.8074 0.3603 -0.4673
vn 0.9008 0.3603 -0.2424
vn 0.9328 0.3603 -0.0010
vn 0.9013 0.3603 0.2405
vn 0.8084 0.3603 0.4656
vn 0.6603 0.3603 0.6589
vn 0.4673 0.3603 0.8074
vn 0.2424 0.3603 0.9008
vn 0.0010 0.3603 0.9328
vn 0.2498 0.2476 -0.9361
vn 0.2499 -0.2476 -0.9361
vn 0.4835 -0.2476 -0.8396
vn 0.4835 0.2476 -0.8396
vn 0.6844 -0.2476 -0.6858
vn 0.6844 0.2476 -0.6858
vn 0.8386 -0.2476 -0.4853
vn 0.8385 0.2476 -0.4853
vn 0.9356 -0.2476 -0.2518
vn 0.9356 0.2476 -0.2518
vn 0.9689 -0.2476 -0.0010
vn 0.9689 0.2476 -0.0010
vn 0.9361 -0.2476 0.2498
vn 0.9361 0.2476 0.2498
vn 0.8396 -0.2476 0.4835
vn 0.8396 0.2476 0.4835
vn 0.6858 -0.2476 0.6844
vn 0.6858 0.2476 0.6844
vn 0.4853 -0.2476 0.8386
vn 0.4853 0.2476 0.8385
vn 0.2518 -0.2476 0.9356
vn 0.2518 0.2476 0.9356
vn 0.0010 -0.2476 0.9689
vn 0.0010 0.2476 0.9689
vn -0.2498 -0.2476 0.9361
vn -0.2498 0.2476 0.9361
vn -0.4835 -0.2476 0.8396
vn -0.4835 0.2476 0.8396
vn -0.6844 -0.2476 0.6858
vn -0.6844 0.2476 0.6858
vn -0.8386 -0.2476 0.4853
vn -0.8385 0.2476 0.4853
vn -0.9356 -0.2476 0.2518
vn -0.9356 0.2476 0.2518
vn -0.9689 -0.2476 0.0010
vn -0.9689 0.2476 0.0010
vn -0.9361 -0.2476 -0.2498
vn -0.9361 0.2476 -0.2498
vn -0.8396 -0.2476 -0.4835
vn -0.8396 0.2476 -0.4835
vn -0.6858 -0.2476 -0.6844
vn -0.6858 0.2476 -0.6844
vn -0.4853 -0.2476 -0.8386
vn -0.4853 0.2476 -0.8385
vn -0.2518 -0.2476 -0.9356
vn -0.2518 0.2476 -0.9356
vn -0.0010 -0.2476 -0.9689
vn -0.0010 0.2476 -0.9689
vn 0.2360 0.4028 -0.8843
vn 0.2573 -0.0655 -0.9641
vn 0.4980 -0.0655 -0.8647
vn 0.4568 0.4028 -0.7931
vn 0.7048 -0.0655 -0.7063
vn 0.6465 0.4028 -0.6479
vn 0.8636 -0.0655 -0.4998
vn 0.7922 0.4028 -0.4585
vn 0.9636 -0.0655 -0.2593
vn 0.8838 0.4028 -0.2378
vn 0.9979 -0.0655 -0.0010
vn 0.9153 0.4028 -0.0010
vn 0.9641 -0.0655 0.2572
vn 0.8843 0.4028 0.2359
vn 0.8647 -0.0655 0.4980
vn 0.7932 0.4028 0.4568
vn 0.7063 -0.0655 0.7048
vn 0.6479 0.4028 0.6465
vn 0.4998 -0.0655 0.8636
vn 0.4585 0.4028 0.7922
vn 0.2593 -0.0655 0.9636
vn 0.2378 0.4028 0.8838
vn 0.0010 -0.0655 0.9979
vn 0.0010 0.4028 0.9153
vn -0.2572 -0.0655 0.9641
vn -0.2359 0.4028 0.8843
vn -0.4980 -0.0655 0.8647
vn -0.4568 0.4028 0.7931
vn -0.7048 -0.0655 0.7063
vn -0.6465 0.4028 0.6479
vn -0.8636 -0.0655 0.4998
vn -0.7922 0.4028 0.4585
vn -0.9636 -0.0655 0.2593
vn -0.8838 0.4028 0.2378
vn -0.9979 -0.0655 0.0010
vn -0.9153 0.4028 0.0010
vn -0.9641 -0.0655 -0.2573
vn -0.8843 0.4028 -0.2359
vn -0.8647 -0.0655 -0.4980
vn -0.7931 0.4028 -0.4568
vn -0.7063 -0.0655 -0.7048
vn -0.6479 0.4028 -0.6465
vn -0.4998 -0.0655 -0.8636
vn -0.4585 0.4028 -0.7922
vn -0.2593 -0.0655 -0.9636
vn -0.2378 0.4028 -0.8838
vn -0.0010 -0.0655 -0.9979
vn -0.0010 0.4028 -0.9153
vn 0.2578 0.0122 -0.9661
vn 0.2329 -0.4292 -0.8727
vn 0.4508 -0.4292 -0.7827
vn 0.4991 0.0122 -0.8665
vn 0.6380 -0.4292 -0.6393
vn 0.7063 0.0122 -0.7078
vn 0.7817 -0.4292 -0.4524
vn 0.8655 0.0122 -0.5008
vn 0.8722 -0.4292 -0.2347
vn 0.9656 0.0122 -0.2598
vn 0.9032 -0.4292 -0.0009
vn 0.9999 0.0122 -0.0010
vn 0.8727 -0.4292 0.2329
vn 0.9661 0.0122 0.2578
vn 0.7827 -0.4292 0.4508
vn 0.8665 0.0122 0.4991
vn 0.6393 -0.4292 0.6380
vn 0.7078 0.0122 0.7063
vn 0.4524 -0.4292 0.7817
vn 0.5008 0.0122 0.8655
vn 0.2347 -0.4292 0.8722
vn 0.2598 0.0122 0.9656
vn 0.0009 -0.4292 0.9032
vn 0.0010 0.0122 0.9999
vn -0.2329 -0.4292 0.8727
vn -0.2578 0.0122 0.9661
vn -0.4508 -0.4292 0.7827
vn -0.4991 0.0122 0.8665
vn -0.6380 -0.4292 0.6393
vn -0.7063 0.0122 0.7078
vn -0.7817 -0.4292 0.4524
vn -0.8655 0.0122 0.5008
vn -0.8722 -0.4292 0.2347
vn -0.9656 0.0122 0.2598
vn -0.9032 -0.4292 0.0009
vn -0.9999 0.0122 0.0010
vn -0.8727 -0.4292 -0.2329
vn -0.9661 0.0122 -0.2578
vn -0.7827 -0.4292 -0.4508
vn -0.8665 0.0122 -0.4991
vn -0.6393 -0.4292 -0.6380
vn -0.7078 0.0122 -0.7063
vn -0.4524 -0.4292 -0.7817
vn -0.5008 0.0122 -0.8655
vn -0.2347 -0.4292 -0.8722
vn -0.2598 0.0122 -0.9656
vn -0.0009 -0.4292 -0.9032
vn -0.0010 0.0122 -0.9999
vn 0.0447 -0.9849 -0.1673
vn 0.0864 -0.9849 -0.1501
vn -0.0878 0.9844 0.1525
vn -0.0454 0.9844 0.1700
vn 0.1223 -0.9849 -0.1226
vn -0.1243 0.9844 0.1246
vn 0.1499 -0.9849 -0.0867
vn -0.1523 0.9844 0.0882
vn 0.1672 -0.9849 -0.0450
vn -0.1699 0.9844 0.0457
vn 0.1732 -0.9849 -0.0002
vn -0.1760 0.9844 0.0002
vn 0.1673 -0.9849 0.0447
vn -0.1700 0.9844 -0.0454
vn 0.1501 -0.9849 0.0864
vn -0.1525 0.9844 -0.0878
vn 0.1226 -0.9849 0.1223
vn -0.1246 0.9844 -0.1243
vn 0.0867 -0.9849 0.1499
vn -0.0882 0.9844 -0.1523
vn 0.0450 -0.9849 0.1672
vn -0.0457 0.9844 -0.1699
vn 0.0002 -0.9849 0.1732
vn -0.0002 0.9844 -0.1760
vn -0.0447 -0.9849 0.1673
vn 0.0454 0.9844 -0.1700
vn -0.0864 -0.9849 0.1501
vn 0.0878 0.9844 -0.1525
vn -0.1223 -0.9849 0.1226
vn 0.1243 0.9844 -0.1246
vn -0.1499 -0.9849 0.0867
vn 0.1523 0.9844 -0.0882
vn -0.1672 -0.9849 0.0450
vn 0.1699 0.9844 -0.0457
vn -0.1732 -0.9849 0.0002
vn 0.1760 0.9844 -0.0002
vn -0.1673 -0.9849 -0.0447
vn 0.1700 0.9844 0.0454
vn -0.1501 -0.9849 -0.0864
vn 0.1525 0.9844 0.0878
vn -0.1226 -0.9849 -0.1223
vn 0.1246 0.9844 0.1243
vn -0.0867 -0.9849 -0.1499
vn 0.0882 0.9844 0.1523
vn -0.0450 -0.9849 -0.1672
vn 0.0457 0.9844 0.1699
vn -0.0002 -0.9849 -0.1732
vn 0.0002 0.9844 0.1760
vn -0.0456 -0.9843 0.1707
vn -0.0882 -0.9843 0.1531
vn 0.0863 0.9849 -0.1499
vn 0.0446 0.9849 -0.1672
vn -0.1248 -0.9843 0.1251
vn 0.1222 0.9849 -0.1225
vn -0.1529 -0.9843 0.0885
vn 0.1497 0.9849 -0.0867
vn -0.1706 -0.9843 0.0459
vn 0.1671 0.9849 -0.0449
vn -0.1767 -0.9843 0.0002
vn 0.1730 0.9849 -0.0002
vn -0.1707 -0.9843 -0.0456
vn 0.1672 0.9849 0.0446
vn -0.1531 -0.9843 -0.0882
vn 0.1499 0.9849 0.0863
vn -0.1251 -0.9843 -0.1248
vn 0.1225 0.9849 0.1222
vn -0.0885 -0.9843 -0.1529
vn 0.0867 0.9849 0.1497
vn -0.0459 -0.9843 -0.1706
vn 0.0449 0.9849 0.1671
vn -0.0002 -0.9843 -0.1767
vn 0.0002 0.9849 0.1730
vn 0.0456 -0.9843 -0.1707
vn -0.0446 0.9849 0.1672
vn 0.0882 -0.9843 -0.1531
vn -0.0863 0.9849 0.1499
vn 0.1248 -0.9843 -0.1251
vn -0.1222 0.9849 0.1225
vn 0.1529 -0.9843 -0.0885
vn -0.1497 0.9849 0.0867
vn 0.1706 -0.9843 -0.0459
vn -0.1671 0.9849 0.0449
vn 0.1767 -0.9843 -0.0002
vn -0.1730 0.9849 0.0002
vn 0.1707 -0.9843 0.0456
vn -0.1672 0.9849 -0.0446
vn 0.1531 -0.9843 0.0882
vn -0.1499 0.9849 -0.0863
vn 0.1251 -0.9843 0.1248
vn -0.1225 0.9849 -0.1222
vn 0.0885 -0.9843 0.1529
vn -0.0867 0.9849 -0.1497
vn 0.0459 -0.9843 0.1706
vn -0.0449 0.9849 -0.1671
vn 0.0002 -0.9843 0.1767
vn -0.0002 0.9849 -0.1730
vt 0.729884 0.079842
vt 0.729884 0.000000
vt 0.768298 0.000000
vt 0.768298 0.079842
vt 0.806713 0.000000
vt 0.806713 0.079842
vt 0.845128 0.000000
vt 0.845128 0.079842
vt 0.883543 0.000000
vt 0.883543 0.079842
vt 0.921958 0.000000
vt 0.921958 0.079842
vt 0.000000 0.079842
vt 0.000000 0.000000
vt 0.038415 0.000000
vt 0.038415 0.079842
vt 0.076830 0.000000
vt 0.076830 0.079842
vt 0.115245 0.000000
vt 0.115245 0.079842
vt 0.153660 0.000000
vt 0.153660 0.079842
vt 0.192075 0.000000
vt 0.192075 0.079842
vt 0.230489 0.000000
vt 0.230489 0.079842
vt 0.268904 0.000000
vt 0.268904 0.079842
vt 0.307319 0.000000
vt 0.307319 0.079842
vt 0.345734 0.000000
vt 0.345734 0.079842
vt 0.384149 0.000000
vt 0.384149 0.079842
vt 0.422564 0.000000
vt 0.422564 0.079842
vt 0.460979 0.000000
vt 0.460979 0.079842
vt 0.499394 0.000000
vt 0.499394 0.079842
vt 0.537809 0.000000
vt 0.537809 0.079842
vt 0.576224 0.000000
vt 0.576224 0.079842
vt 0.614639 0.000000
vt 0.614639 0.079842
vt 0.653054 0.000000
vt 0.653054 0.079842
vt 0.691469 0.000000
vt 0.691469 0.079842
vt 0.729884 0.159683
vt 0.768298 0.159683
vt 0.806713 0.159683
vt 0.845128 0.159683
vt 0.883543 0.159683
vt 0.921958 0.159683
vt 0.000000 0.159683
vt 0.038415 0.159683
vt 0.076830 0.159683
vt 0.115245 0.159683
vt 0.153660 0.159683
vt 0.192075 0.159683
vt 0.230489 0.159683
vt 0.268904 0.159683
vt 0.307319 0.159683
vt 0.345734 0.159683
vt 0.384149 0.159683
vt 0.422564 0.159683
vt 0.460979 0.159683
vt 0.499394 0.159683
vt 0.537809 0.159683
vt 0.576224 0.159683
vt 0.614639 0.159683
vt 0.653054 0.159683
vt 0.691469 0.159683
vt 0.729884 0.239525
vt 0.768298 0.239525
vt 0.806713 0.239525
vt 0.845128 0.239525
vt 0.883543 0.239525
vt 0.921958 0.239525
vt 0.000000 0.239525
vt 0.038415 0.239525
vt 0.076830 0.239525
vt 0.115245 0.239525
vt 0.153660 0.239525
vt 0.192075 0.239525
vt 0.230489 0.239525
vt 0.268904 0.239525
vt 0.307319 0.239525
vt 0.345734 0.239525
vt 0.384149 0.239525
vt 0.422564 0.239525
vt 0.460979 0.239525
vt 0.499394 0.239525
vt 0.537809 0.239525
vt 0.576224 0.239525
vt 0.614639 0.239525
vt 0.653054 0.239525
vt 0.691469 0.239525
vt 0.729884 0.319366
vt 0.768298 0.319366
vt 0.806713 0.319366
vt 0.845128 0.319366
vt 0.883543 0.319366
vt 0.921958 0.319366
vt 0.000000 0.319366
vt 0.038415 0.319366
vt 0.076830 0.319366
vt 0.115245 0.319366
vt 0.153660 0.319366
vt 0.192075 0.319366
vt 0.230489 0.319366
vt 0.268904 0.319366
vt 0.307319 0.319366
vt 0.345734 0.319366
vt 0.384149 0.319366
vt 0.422564 0.319366
vt 0.460979 0.319366
vt 0.499394 0.319366
vt 0.537809 0.319366
vt 0.576224 0.319366
vt 0.614639 0.319366
vt 0.653054 0.319366
vt 0.691469 0.319366
vt 0.729884 0.399208
vt 0.768298 0.399208
vt 0.806713 0.399208
vt 0.845128 0.399208
vt 0.883543 0.399208
vt 0.921958 0.399208
vt 0.000000 0.399208
vt 0.038415 0.399208
vt 0.076830 0.399208
vt 0.115245 0.399208
vt 0.153660 0.399208
vt 0.192075 0.399208
vt 0.230489 0.399208
vt 0.268904 0.399208
vt 0.307319 0.399208
vt 0.345734 0.399202
vt 0.384149 0.399201
vt 0.422564 0.399201
vt 0.460979 0.399208
vt 0.499394 0.399208
vt 0.537809 0.399208
vt 0.576224 0.399208
vt 0.614639 0.399208
vt 0.653054 0.399208
vt 0.691469 0.399208
vt 0.578524 0.499938
vt 0.588306 0.531434
vt 0.463797 0.552837
vt 0.560924 0.472046
vt 0.536704 0.449661
vt 0.507516 0.434307
vt 0.475348 0.427030
vt 0.442394 0.428327
vt 0.410897 0.438109
vt 0.383006 0.455710
vt 0.360621 0.479930
vt 0.345267 0.509118
vt 0.337990 0.541285
vt 0.339287 0.574240
vt 0.349069 0.605736
vt 0.366670 0.633627
vt 0.390890 0.656013
vt 0.420078 0.671367
vt 0.452245 0.678644
vt 0.485200 0.677347
vt 0.516696 0.667564
vt 0.544587 0.649964
vt 0.566973 0.625744
vt 0.582327 0.596556
vt 0.589604 0.564388
vt 0.273911 0.593020
vt 0.259524 0.622697
vt 0.154009 0.553216
vt 0.237945 0.647638
vt 0.210647 0.666145
vt 0.179489 0.676956
vt 0.146595 0.679334
vt 0.114206 0.673118
vt 0.084529 0.658731
vt 0.059588 0.637152
vt 0.041081 0.609854
vt 0.030270 0.578696
vt 0.027891 0.545802
vt 0.034108 0.513413
vt 0.048495 0.483736
vt 0.070073 0.458795
vt 0.097371 0.440288
vt 0.128529 0.429477
vt 0.161424 0.427098
vt 0.193813 0.433315
vt 0.223490 0.447702
vt 0.248431 0.469280
vt 0.266938 0.496578
vt 0.277749 0.527736
vt 0.280128 0.560631
vt 0.592908 0.493286
vt 0.603894 0.488233
vt 0.615841 0.526694
vt 0.603922 0.528732
vt 0.573096 0.461899
vt 0.582399 0.454175
vt 0.545835 0.436709
vt 0.552822 0.426840
vt 0.512984 0.419433
vt 0.517179 0.408092
vt 0.476780 0.411248
vt 0.477897 0.399208
vt 0.439692 0.412712
vt 0.437654 0.400793
vt 0.404246 0.423726
vt 0.399193 0.412740
vt 0.372859 0.443538
vt 0.365135 0.434234
vt 0.347669 0.470798
vt 0.337800 0.463811
vt 0.330393 0.503650
vt 0.319052 0.499455
vt 0.322208 0.539853
vt 0.310167 0.538737
vt 0.323672 0.576942
vt 0.311753 0.578979
vt 0.334685 0.612387
vt 0.323700 0.617441
vt 0.354498 0.643775
vt 0.345194 0.651499
vt 0.381758 0.668965
vt 0.374771 0.678834
vt 0.414610 0.686241
vt 0.410415 0.697582
vt 0.450813 0.694426
vt 0.449697 0.706466
vt 0.487902 0.692962
vt 0.489940 0.704881
vt 0.523347 0.681948
vt 0.528401 0.692934
vt 0.554735 0.662136
vt 0.562459 0.671439
vt 0.579925 0.634875
vt 0.589794 0.641863
vt 0.597201 0.602024
vt 0.608542 0.606219
vt 0.605386 0.565820
vt 0.617426 0.566937
vt 0.288957 0.597996
vt 0.300429 0.601817
vt 0.282861 0.638057
vt 0.272768 0.631398
vt 0.256513 0.668515
vt 0.248487 0.659471
vt 0.223178 0.691116
vt 0.217767 0.680303
vt 0.185130 0.704320
vt 0.182702 0.692474
vt 0.144961 0.707226
vt 0.145682 0.695155
vt 0.105409 0.699636
vt 0.109229 0.688164
vt 0.069169 0.682068
vt 0.075828 0.671975
vt 0.038710 0.655720
vt 0.047755 0.647694
vt 0.016109 0.622385
vt 0.026923 0.616974
vt 0.002906 0.584337
vt 0.014752 0.581909
vt -0.000000 0.544168
vt 0.012071 0.544889
vt 0.007589 0.504616
vt 0.019062 0.508436
vt 0.025157 0.468376
vt 0.035250 0.475035
vt 0.051539 0.437979
vt 0.059842 0.447136
vt 0.084909 0.415484
vt 0.090536 0.426571
vt 0.122909 0.402182
vt 0.125387 0.414305
vt 0.163057 0.399207
vt 0.162337 0.411278
vt 0.202610 0.406796
vt 0.198790 0.418269
vt 0.238850 0.424364
vt 0.232191 0.434457
vt 0.269308 0.450713
vt 0.260264 0.458739
vt 0.291910 0.484048
vt 0.281096 0.489459
vt 0.305113 0.522096
vt 0.293267 0.524523
vt 0.308019 0.562265
vt 0.295948 0.561544
vt 0.000000 0.756475
vt 0.000000 0.717896
vt 0.041667 0.717896
vt 0.041667 0.756475
vt 0.083333 0.717896
vt 0.083333 0.756475
vt 0.125000 0.717896
vt 0.125000 0.756475
vt 0.166666 0.717896
vt 0.166666 0.756475
vt 0.208333 0.717896
vt 0.208333 0.756475
vt 0.250000 0.717896
vt 0.250000 0.756475
vt 0.291666 0.717896
vt 0.291666 0.756475
vt 0.333333 0.717896
vt 0.333333 0.756475
vt 0.374999 0.717896
vt 0.374999 0.756475
vt 0.416666 0.717896
vt 0.416666 0.756475
vt 0.458333 0.717896
vt 0.458333 0.756475
vt 0.499999 0.717896
vt 0.499999 0.756475
vt 0.541666 0.717896
vt 0.541666 0.756475
vt 0.583333 0.717896
vt 0.583333 0.756475
vt 0.624999 0.717896
vt 0.624999 0.756475
vt 0.666666 0.717896
vt 0.666666 0.756475
vt 0.708333 0.717896
vt 0.708333 0.756475
vt 0.750000 0.717896
vt 0.750000 0.756475
vt 0.791666 0.717896
vt 0.791666 0.756475
vt 0.833333 0.717896
vt 0.833333 0.756475
vt 0.875000 0.717896
vt 0.875000 0.756475
vt 0.916667 0.717896
vt 0.916667 0.756475
vt 0.958333 0.717896
vt 0.958333 0.756475
vt 1.000000 0.717896
vt 1.000000 0.756475
vt 0.000000 0.878038
vt 0.000000 0.843205
vt 0.038689 0.843205
vt 0.038689 0.878038
vt 0.077378 0.843205
vt 0.077378 0.878038
vt 0.116067 0.843205
vt 0.116067 0.878038
vt 0.154756 0.843205
vt 0.154756 0.878038
vt 0.193445 0.843205
vt 0.193445 0.878038
vt 0.232134 0.843205
vt 0.232134 0.878038
vt 0.270823 0.843205
vt 0.270823 0.878038
vt 0.309512 0.843205
vt 0.309512 0.878038
vt 0.348201 0.843205
vt 0.348201 0.878038
vt 0.386890 0.843205
vt 0.386890 0.878038
vt 0.425579 0.843205
vt 0.425579 0.878038
vt 0.464268 0.843205
vt 0.464268 0.878038
vt 0.502958 0.843205
vt 0.502958 0.878038
vt 0.541647 0.843205
vt 0.541647 0.878038
vt 0.580336 0.843205
vt 0.580336 0.878038
vt 0.619025 0.843205
vt 0.619025 0.878038
vt 0.657714 0.843205
vt 0.657714 0.878038
vt 0.696403 0.843205
vt 0.696403 0.878038
vt 0.735093 0.843205
vt 0.735093 0.878038
vt 0.773782 0.843205
vt 0.773782 0.878038
vt 0.812471 0.843205
vt 0.812471 0.878038
vt 0.851160 0.843205
vt 0.851160 0.878038
vt 0.889849 0.843205
vt 0.889849 0.878038
vt 0.928538 0.843205
vt 0.928538 0.878038
vt 0.000000 0.820771
vt 0.000000 0.779689
vt 0.034846 0.779689
vt 0.034846 0.820771
vt 0.069693 0.779689
vt 0.069693 0.820771
vt 0.104539 0.779689
vt 0.104539 0.820771
vt 0.139385 0.779689
vt 0.139385 0.820771
vt 0.174231 0.779689
vt 0.174231 0.820771
vt 0.209078 0.779689
vt 0.209078 0.820771
vt 0.243924 0.779689
vt 0.243924 0.820771
vt 0.278770 0.779689
vt 0.278770 0.820771
vt 0.313617 0.779689
vt 0.313617 0.820771
vt 0.348463 0.779689
vt 0.348463 0.820771
vt 0.383309 0.779689
vt 0.383309 0.820771
vt 0.418156 0.779689
vt 0.418156 0.820771
vt 0.453002 0.779689
vt 0.453002 0.820771
vt 0.487848 0.779689
vt 0.487848 0.820771
vt 0.522695 0.779689
vt 0.522695 0.820771
vt 0.557541 0.779689
vt 0.557541 0.820771
vt 0.592387 0.779689
vt 0.592387 0.820771
vt 0.627234 0.779689
vt 0.627234 0.820771
vt 0.662080 0.779689
vt 0.662080 0.820771
vt 0.696927 0.779689
vt 0.696927 0.820771
vt 0.731773 0.779689
vt 0.731773 0.820771
vt 0.766620 0.779689
vt 0.766620 0.820771
vt 0.801466 0.779689
vt 0.801466 0.820771
vt 0.836312 0.779689
vt 0.836312 0.820771
vt 0.000000 0.707224
vt 0.041667 0.707224
vt 0.041667 0.768669
vt 0.000000 0.768669
vt 0.083333 0.707224
vt 0.083333 0.768669
vt 0.125000 0.707224
vt 0.125000 0.768669
vt 0.166666 0.707224
vt 0.166666 0.768669
vt 0.208333 0.707224
vt 0.208333 0.768669
vt 0.250000 0.707224
vt 0.250000 0.768669
vt 0.291666 0.707224
vt 0.291666 0.768669
vt 0.333333 0.707224
vt 0.333333 0.768669
vt 0.374999 0.707224
vt 0.374999 0.768669
vt 0.416666 0.707224
vt 0.416666 0.768669
vt 0.458333 0.707224
vt 0.458333 0.768669
vt 0.499999 0.707224
vt 0.499999 0.768669
vt 0.541666 0.707224
vt 0.541666 0.768669
vt 0.583333 0.707224
vt 0.583333 0.768669
vt 0.624999 0.707224
vt 0.624999 0.768669
vt 0.666666 0.707224
vt 0.666666 0.768669
vt 0.708333 0.707224
vt 0.708333 0.768669
vt 0.750000 0.707224
vt 0.750000 0.768669
vt 0.791666 0.707224
vt 0.791666 0.768669
vt 0.833333 0.707224
vt 0.833333 0.768669
vt 0.875000 0.707224
vt 0.875000 0.768669
vt 0.916667 0.707224
vt 0.916667 0.768669
vt 0.958333 0.707224
vt 0.958333 0.768669
vt 1.000000 0.707224
vt 1.000000 0.768669
vt 0.000000 0.832182
vt 0.038689 0.832182
vt 0.038689 0.887660
vt 0.000000 0.887660
vt 0.077378 0.832182
vt 0.077378 0.887660
vt 0.116067 0.832182
vt 0.116067 0.887660
vt 0.154756 0.832182
vt 0.154756 0.887660
vt 0.193445 0.832182
vt 0.193445 0.887660
vt 0.232134 0.832182
vt 0.232134 0.887660
vt 0.270823 0.832182
vt 0.270823 0.887660
vt 0.309512 0.832182
vt 0.309512 0.887660
vt 0.348201 0.832182
vt 0.348201 0.887660
vt 0.386890 0.832182
vt 0.386890 0.887660
vt 0.425579 0.832182
vt 0.425579 0.887660
vt 0.464268 0.832182
vt 0.464268 0.887660
vt 0.502958 0.832182
vt 0.502958 0.887660
vt 0.541647 0.832182
vt 0.541647 0.887660
vt 0.580336 0.832182
vt 0.580336 0.887660
vt 0.619025 0.832182
vt 0.619025 0.887660
vt 0.657714 0.832182
vt 0.657714 0.887660
vt 0.696403 0.832182
vt 0.696403 0.887660
vt 0.735093 0.832182
vt 0.735093 0.887660
vt 0.773782 0.832182
vt 0.773782 0.887660
vt 0.812471 0.832182
vt 0.812471 0.887660
vt 0.851160 0.832182
vt 0.851160 0.887660
vt 0.889849 0.832182
vt 0.889849 0.887660
vt 0.928538 0.832182
vt 0.928538 0.887660
vt 0.034846 0.768669
vt 0.034846 0.832182
vt 0.069693 0.768669
vt 0.069693 0.832182
vt 0.104539 0.768669
vt 0.104539 0.832182
vt 0.139385 0.768669
vt 0.139385 0.832182
vt 0.174231 0.768669
vt 0.174231 0.832182
vt 0.209078 0.768669
vt 0.209078 0.832182
vt 0.243924 0.768669
vt 0.243924 0.832182
vt 0.278770 0.768669
vt 0.278770 0.832182
vt 0.313617 0.768669
vt 0.313617 0.832182
vt 0.348463 0.768669
vt 0.348463 0.832182
vt 0.383309 0.768669
vt 0.383309 0.832182
vt 0.418156 0.768669
vt 0.418156 0.832182
vt 0.453002 0.768669
vt 0.453002 0.832182
vt 0.487848 0.768669
vt 0.487848 0.832182
vt 0.522695 0.768669
vt 0.522695 0.832182
vt 0.557541 0.768669
vt 0.557541 0.832182
vt 0.592387 0.768669
vt 0.592387 0.832182
vt 0.627234 0.768669
vt 0.627234 0.832182
vt 0.662080 0.768669
vt 0.662080 0.832182
vt 0.696927 0.768669
vt 0.696927 0.832182
vt 0.731773 0.768669
vt 0.731773 0.832182
vt 0.766620 0.768669
vt 0.766620 0.832182
vt 0.801466 0.768669
vt 0.801466 0.832182
vt 0.836312 0.768669
vt 0.836312 0.832182
s 1
usemtl barrel_low_initialShadingGroup
f 534/595/482 532/597/484 531/596/483
f 532/597/484 534/595/482 533/598/483
f 533/598/483 535/599/485 532/597/484
f 535/599/485 533/598/483 536/600/486
f 536/600/486 537/601/487 535/599/485
f 537/601/487 536/600/486 538/602/488
f 538/602/488 539/603/489 537/601/487
f 539/603/489 538/602/488 540/604/490
f 540/604/490 541/605/491 539/603/489
f 541/605/491 540/604/490 542/606/492
f 542/607/492 543/609/493 541/608/491
f 543/609/493 542/607/492 544/610/494
f 544/610/494 545/611/495 543/609/493
f 545/611/495 544/610/494 546/612/496
f 546/612/496 547/613/497 545/611/495
f 547/613/497 546/612/496 548/614/498
f 548/614/498 549/615/499 547/613/497
f 549/615/499 548/614/498 550/616/500
f 550/616/500 551/617/501 549/615/499
f 551/617/501 550/616/500 552/618/502
f 552/618/502 553/619/503 551/617/501
f 553/619/503 552/618/502 554/620/504
f 554/620/504 555/621/505 553/619/503
f 555/621/505 554/620/504 556/622/506
f 556/622/506 557/623/507 555/621/505
f 557/623/507 556/622/506 558/624/508
f 558/624/508 559/625/509 557/623/507
f 559/625/509 558/624/508 560/626/510
f 560/626/510 561/627/511 559/625/509
f 561/627/511 560/626/510 562/628/512
f 562/628/512 563/629/513 561/627/511
f 563/629/513 562/628/512 564/630/514
f 564/630/514 565/631/515 563/629/513
f 565/631/515 564/630/514 566/632/516
f 566/632/516 567/633/517 565/631/515
f 567/633/517 566/632/516 568/634/518
f 568/634/518 569/635/519 567/633/517
f 569/635/519 568/634/518 570/636/520
f 570/636/520 571/637/521 569/635/519
f 571/637/521 570/636/520 572/638/522
f 572/638/522 573/639/523 571/637/521
f 573/639/523 572/638/522 574/640/524
f 574/640/524 575/641/525 573/639/523
f 575/641/525 574/640/524 576/642/526
f 576/642/526 577/643/527 575/641/525
f 577/643/527 576/642/526 578/644/528
f 578/644/528 531/596/483 577/643/527
f 531/596/483 578/644/528 534/595/482
f 580/645/529 533/598/483 534/595/482
f 533/598/483 580/645/529 579/646/530
f 579/646/530 536/600/486 533/598/483
f 536/600/486 579/646/530 581/647/531
f 581/647/531 538/602/488 536/600/486
f 538/602/488 581/647/531 582/648/532
f 582/648/532 540/604/490 538/602/488
f 540/604/490 582/648/532 583/649/533
f 583/649/533 542/606/492 540/604/490
f 542/606/492 583/649/533 584/650/534
f 584/651/534 544/610/494 542/607/492
f 544/610/494 584/651/534 585/652/535
f 585/652/535 546/612/496 544/610/494
f 546/612/496 585/652/535 586/653/536
f 586/653/536 548/614/498 546/612/496
f 548/614/498 586/653/536 587/654/537
f 587/654/537 550/616/500 548/614/498
f 550/616/500 587/654/537 588/655/538
f 588/655/538 552/618/502 550/616/500
f 552/618/502 588/655/538 589/656/539
f 589/656/539 554/620/504 552/618/502
f 554/620/504 589/656/539 590/657/540
f 590/657/540 556/622/506 554/620/504
f 556/622/506 590/657/540 591/658/541
f 591/658/541 558/624/508 556/622/506
f 558/624/508 591/658/541 592/659/542
f 592/659/542 560/626/510 558/624/508
f 560/626/510 592/659/542 593/660/543
f 593/660/543 562/628/512 560/626/510
f 562/628/512 593/660/543 594/661/544
f 594/661/544 564/630/514 562/628/512
f 564/630/514 594/661/544 595/662/545
f 595/662/545 566/632/516 564/630/514
f 566/632/516 595/662/545 596/663/546
f 596/663/546 568/634/518 566/632/516
f 568/634/518 596/663/546 597/664/547
f 597/664/547 570/636/520 568/634/518
f 570/636/520 597/664/547 598/665/548
f 598/665/548 572/638/522 570/636/520
f 572/638/522 598/665/548 599/666/549
f 599/666/549 574/640/524 572/638/522
f 574/640/524 599/666/549 600/667/550
f 600/667/550 576/642/526 574/640/524
f 576/642/526 600/667/550 601/668/551
f 601/668/551 578/644/528 576/642/526
f 578/644/528 601/668/551 602/669/552
f 602/669/552 534/595/482 578/644/528
f 534/595/482 602/669/552 580/645/529
f 604/670/553 579/646/530 580/645/529
f 579/646/530 604/670/553 603/671/554
f 603/671/554 581/647/531 579/646/530
f 581/647/531 603/671/554 605/672/555
f 605/672/555 582/648/532 581/647/531
f 582/648/532 605/672/555 606/673/556
f 606/673/556 583/649/533 582/648/532
f 583/649/533 606/673/556 607/674/557
f 607/674/557 584/650/534 583/649/533
f 584/650/534 607/674/557 608/675/558
f 608/676/558 585/652/535 584/651/534
f 585/652/535 608/676/558 609/677/559
f 609/677/559 586/653/536 585/652/535
f 586/653/536 609/677/559 610/678/560
f 610/678/560 587/654/537 586/653/536
f 587/654/537 610/678/560 611/679/561
f 611/679/561 588/655/538 587/654/537
f 588/655/538 611/679/561 612/680/562
f 612/680/562 589/656/539 588/655/538
f 589/656/539 612/680/562 613/681/563
f 613/681/563 590/657/540 589/656/539
f 590/657/540 613/681/563 614/682/564
f 614/682/564 591/658/541 590/657/540
f 591/658/541 614/682/564 615/683/565
f 615/683/565 592/659/542 591/658/541
f 592/659/542 615/683/565 616/684/566
f 616/684/566 593/660/543 592/659/542
f 593/660/543 616/684/566 617/685/567
f 617/685/567 594/661/544 593/660/543
f 594/661/544 617/685/567 618/686/568
f 618/686/568 595/662/545 594/661/544
f 595/662/545 618/686/568 619/687/569
f 619/687/569 596/663/546 595/662/545
f 596/663/546 619/687/569 620/688/570
f 620/688/570 597/664/547 596/663/546
f 597/664/547 620/688/570 621/689/571
f 621/689/571 598/665/548 597/664/547
f 598/665/548 621/689/571 622/690/572
f 622/690/572 599/666/549 598/665/548
f 599/666/549 622/690/572 623/691/573
f 623/691/573 600/667/550 599/666/549
f 600/667/550 623/691/573 624/692/574
f 624/692/574 601/668/551 600/667/550
f 601/668/551 624/692/574 625/693/575
f 625/693/575 602/669/552 601/668/551
f 602/669/552 625/693/575 626/694/576
f 626/694/576 580/645/529 602/669/552
f 580/645/529 626/694/576 604/670/553
f 628/695/577 603/671/554 604/670/553
f 603/671/554 628/695/577 627/696/578
f 627/696/578 605/672/555 603/671/554
f 605/672/555 627/696/578 629/697/579
f 629/697/579 606/673/556 605/672/555
f 606/673/556 629/697/579 630/698/580
f 630/698/580 607/674/557 606/673/556
f 607/674/557 630/698/580 631/699/581
f 631/699/581 608/675/558 607/674/557
f 608/675/558 631/699/581 632/700/582
f 632/701/582 609/677/559 608/676/558
f 609/677/559 632/701/582 633/702/583
f 633/702/583 610/678/560 609/677/559
f 610/678/560 633/702/583 634/703/584
f 634/703/584 611/679/561 610/678/560
f 611/679/561 634/703/584 635/704/585
f 635/704/585 612/680/562 611/679/561
f 612/680/562 635/704/585 636/705/586
f 636/705/586 613/681/563 612/680/562
f 613/681/563 636/705/586 637/706/587
f 637/706/587 614/682/564 613/681/563
f 614/682/564 637/706/587 638/707/588
f 638/707/588 615/683/565 614/682/564
f 615/683/565 638/707/588 639/708/589
f 639/708/589 616/684/566 615/683/565
f 616/684/566 639/708/589 640/709/590
f 640/709/590 617/685/567 616/684/566
f 617/685/567 640/709/590 641/710/591
f 641/710/591 618/686/568 617/685/567
f 618/686/568 641/710/591 642/711/592
f 642/711/592 619/687/569 618/686/568
f 619/687/569 642/711/592 643/712/593
f 643/712/593 620/688/570 619/687/569
f 620/688/570 643/712/593 644/713/594
f 644/713/594 621/689/571 620/688/570
f 621/689/571 644/713/594 645/714/595
f 645/714/595 622/690/572 621/689/571
f 622/690/572 645/714/595 646/715/596
f 646/715/596 623/691/573 622/690/572
f 623/691/573 646/715/596 647/716/597
f 647/716/597 624/692/574 623/691/573
f 624/692/574 647/716/597 648/717/598
f 648/717/598 625/693/575 624/692/574
f 625/693/575 648/717/598 649/718/599
f 649/718/599 626/694/576 625/693/575
f 626/694/576 649/718/599 650/719/600
f 650/719/600 604/670/553 626/694/576
f 604/670/553 650/719/600 628/695/577
f 652/720/601 627/696/578 628/695/577
f 627/696/578 652/720/601 651/721/602
f 651/721/602 629/697/579 627/696/578
f 629/697/579 651/721/602 653/722/603
f 653/722/603 630/698/580 629/697/579
f 630/698/580 653/722/603 654/723/604
f 654/723/604 631/699/581 630/698/580
f 631/699/581 654/723/604 655/724/605
f 655/724/605 632/700/582 631/699/581
f 632/700/582 655/724/605 656/725/606
f 656/726/606 633/702/583 632/701/582
f 633/702/583 656/726/606 657/727/607
f 657/727/607 634/703/584 633/702/583
f 634/703/584 657/727/607 658/728/608
f 658/728/608 635/704/585 634/703/584
f 635/704/585 658/728/608 659/729/609
f 659/729/609 636/705/586 635/704/585
f 636/705/586 659/729/609 660/730/610
f 660/730/610 637/706/587 636/705/586
f 637/706/587 660/730/610 661/731/611
f 661/731/611 638/707/588 637/706/587
f 638/707/588 661/731/611 662/732/612
f 662/732/612 639/708/589 638/707/588
f 639/708/589 662/732/612 663/733/613
f 663/733/613 640/709/590 639/708/589
f 640/709/590 663/733/613 664/734/614
f 664/734/614 641/710/591 640/709/590
f 641/710/591 664/734/614 665/735/615
f 665/735/615 642/711/592 641/710/591
f 642/711/592 665/735/615 666/736/616
f 666/736/616 643/712/593 642/711/592
f 643/712/593 666/736/616 667/737/617
f 667/737/617 644/713/594 643/712/593
f 644/713/594 667/737/617 668/738/618
f 668/738/618 645/714/595 644/713/594
f 645/714/595 668/738/618 669/739/619
f 669/739/619 646/715/596 645/714/595
f 646/715/596 669/739/619 670/740/620
f 670/740/620 647/716/597 646/715/596
f 647/716/597 670/740/620 671/741/621
f 671/741/621 648/717/598 647/716/597
f 648/717/598 671/741/621 672/742/622
f 672/742/622 649/718/599 648/717/598
f 649/718/599 672/742/622 673/743/623
f 673/743/623 650/719/600 649/718/599
f 650/719/600 673/743/623 674/744/624
f 674/744/624 628/695/577 650/719/600
f 628/695/577 674/744/624 652/720/601
f 675/745/625 677/747/627 676/746/626
f 678/748/628 677/747/627 675/745/625
f 679/749/629 677/747/627 678/748/628
f 680/750/630 677/747/627 679/749/629
f 681/751/631 677/747/627 680/750/630
f 682/752/632 677/747/627 681/751/631
f 683/753/633 677/747/627 682/752/632
f 684/754/634 677/747/627 683/753/633
f 685/755/635 677/747/627 684/754/634
f 686/756/636 677/747/627 685/755/635
f 687/757/637 677/747/627 686/756/636
f 688/758/638 677/747/627 687/757/637
f 689/759/639 677/747/627 688/758/638
f 690/760/640 677/747/627 689/759/639
f 691/761/641 677/747/627 690/760/640
f 692/762/642 677/747/627 691/761/641
f 693/763/643 677/747/627 692/762/642
f 694/764/644 677/747/627 693/763/643
f 695/765/645 677/747/627 694/764/644
f 696/766/646 677/747/627 695/765/645
f 697/767/647 677/747/627 696/766/646
f 698/768/648 677/747/627 697/767/647
f 699/769/649 677/747/627 698/768/648
f 676/746/626 677/747/627 699/769/649
f 700/770/650 702/772/652 701/771/651
f 701/771/651 702/772/652 703/773/653
f 703/773/653 702/772/652 704/774/654
f 704/774/654 702/772/652 705/775/655
f 705/775/655 702/772/652 706/776/656
f 706/776/656 702/772/652 707/777/657
f 707/777/657 702/772/652 708/778/658
f 708/778/658 702/772/652 709/779/659
f 709/779/659 702/772/652 710/780/660
f 710/780/660 702/772/652 711/781/661
f 711/781/661 702/772/652 712/782/662
f 712/782/662 702/772/652 713/783/663
f 713/783/663 702/772/652 714/784/664
f 714/784/664 702/772/652 715/785/665
f 715/785/665 702/772/652 716/786/666
f 716/786/666 702/772/652 717/787/667
f 717/787/667 702/772/652 718/788/668
f 718/788/668 702/772/652 719/789/669
f 719/789/669 702/772/652 720/790/670
f 720/790/670 702/772/652 721/791/671
f 721/791/671 702/772/652 722/792/672
f 722/792/672 702/772/652 723/793/673
f 723/793/673 702/772/652 724/794/674
f 724/794/674 702/772/652 700/770/650
f 726/795/675 531/797/483 532/796/484
f 531/797/483 726/795/675 725/798/676
f 727/799/677 532/796/484 535/800/485
f 532/796/484 727/799/677 726/795/675
f 728/801/678 535/800/485 537/802/487
f 535/800/485 728/801/678 727/799/677
f 729/803/679 537/802/487 539/804/489
f 537/802/487 729/803/679 728/801/678
f 730/805/680 539/804/489 541/806/491
f 539/804/489 730/805/680 729/803/679
f 731/807/681 541/806/491 543/808/493
f 541/806/491 731/807/681 730/805/680
f 732/809/682 543/808/493 545/810/495
f 543/808/493 732/809/682 731/807/681
f 733/811/683 545/810/495 547/812/497
f 545/810/495 733/811/683 732/809/682
f 734/813/684 547/812/497 549/814/499
f 547/812/497 734/813/684 733/811/683
f 735/815/685 549/814/499 551/816/501
f 549/814/499 735/815/685 734/813/684
f 736/817/686 551/816/501 553/818/503
f 551/816/501 736/817/686 735/815/685
f 737/819/687 553/818/503 555/820/505
f 553/818/503 737/819/687 736/817/686
f 738/821/688 555/820/505 557/822/507
f 555/820/505 738/821/688 737/819/687
f 739/823/689 557/822/507 559/824/509
f 557/822/507 739/823/689 738/821/688
f 740/825/690 559/824/509 561/826/511
f 559/824/509 740/825/690 739/823/689
f 741/827/691 561/826/511 563/828/513
f 561/826/511 741/827/691 740/825/690
f 742/829/692 563/828/513 565/830/515
f 563/828/513 742/829/692 741/827/691
f 743/831/693 565/830/515 567/832/517
f 565/830/515 743/831/693 742/829/692
f 744/833/694 567/832/517 569/834/519
f 567/832/517 744/833/694 743/831/693
f 745/835/695 569/834/519 571/836/521
f 569/834/519 745/835/695 744/833/694
f 746/837/696 571/836/521 573/838/523
f 571/836/521 746/837/696 745/835/695
f 747/839/697 573/838/523 575/840/525
f 573/838/523 747/839/697 746/837/696
f 748/841/698 575/840/525 577/842/527
f 575/840/525 748/841/698 747/839/697
f 725/798/676 577/842/527 531/797/483
f 577/842/527 725/798/676 748/841/698
f 750/843/699 651/845/602 652/844/601
f 651/845/602 750/843/699 749/846/700
f 749/846/700 653/847/603 651/845/602
f 653/847/603 749/846/700 751/848/701
f 751/848/701 654/849/604 653/847/603
f 654/849/604 751/848/701 752/850/702
f 752/850/702 655/851/605 654/849/604
f 655/851/605 752/850/702 753/852/703
f 753/852/703 656/853/606 655/851/605
f 656/853/606 753/852/703 754/854/704
f 754/854/704 657/855/607 656/853/606
f 657/855/607 754/854/704 755/856/705
f 755/856/705 658/857/608 657/855/607
f 658/857/608 755/856/705 756/858/706
f 756/858/706 659/859/609 658/857/608
f 659/859/609 756/858/706 757/860/707
f 757/860/707 660/861/610 659/859/609
f 660/861/610 757/860/707 758/862/708
f 758/862/708 661/863/611 660/861/610
f 661/863/611 758/862/708 759/864/709
f 759/864/709 662/865/612 661/863/611
f 662/865/612 759/864/709 760/866/710
f 760/866/710 663/867/613 662/865/612
f 663/867/613 760/866/710 761/868/711
f 761/868/711 664/869/614 663/867/613
f 664/869/614 761/868/711 762/870/712
f 762/870/712 665/871/615 664/869/614
f 665/871/615 762/870/712 763/872/713
f 763/872/713 666/873/616 665/871/615
f 666/873/616 763/872/713 764/874/714
f 764/874/714 667/875/617 666/873/616
f 667/875/617 764/874/714 765/876/715
f 765/876/715 668/877/618 667/875/617
f 668/877/618 765/876/715 766/878/716
f 766/878/716 669/879/619 668/877/618
f 669/879/619 766/878/716 767/880/717
f 767/880/717 670/881/620 669/879/619
f 670/881/620 767/880/717 768/882/718
f 768/882/718 671/883/621 670/881/620
f 671/883/621 768/882/718 769/884/719
f 769/884/719 672/885/622 671/883/621
f 672/885/622 769/884/719 770/886/720
f 770/886/720 673/887/623 672/885/622
f 673/887/623 770/886/720 771/888/721
f 771/888/721 674/889/624 673/887/623
f 674/889/624 771/888/721 772/890/722
f 772/890/722 652/844/601 674/889/624
f 652/844/601 772/890/722 750/843/699
f 675/745/625 725/798/676 726/795/675
f 725/798/676 675/745/625 676/746/626
f 678/748/628 726/795/675 727/799/677
f 726/795/675 678/748/628 675/745/625
f 679/749/629 727/799/677 728/801/678
f 727/799/677 679/749/629 678/748/628
f 680/750/630 728/801/678 729/803/679
f 728/801/678 680/750/630 679/749/629
f 681/751/631 729/803/679 730/805/680
f 729/803/679 681/751/631 680/750/630
f 682/752/632 730/805/680 731/807/681
f 730/805/680 682/752/632 681/751/631
f 683/753/633 731/807/681 732/809/682
f 731/807/681 683/753/633 682/752/632
f 684/754/634 732/809/682 733/811/683
f 732/809/682 684/754/634 683/753/633
f 685/755/635 733/811/683 734/813/684
f 733/811/683 685/755/635 684/754/634
f 686/756/636 734/813/684 735/815/685
f 734/813/684 686/756/636 685/755/635
f 687/757/637 735/815/685 736/817/686
f 735/815/685 687/757/637 686/756/636
f 688/758/638 736/817/686 737/819/687
f 736/817/686 688/758/638 687/757/637
f 689/759/639 737/819/687 738/821/688
f 737/819/687 689/759/639 688/758/638
f 690/760/640 738/821/688 739/823/689
f 738/821/688 690/760/640 689/759/639
f 691/761/641 739/823/689 740/825/690
f 739/823/689 691/761/641 690/760/640
f 692/762/642 740/825/690 741/827/691
f 740/825/690 692/762/642 691/761/641
f 693/763/643 741/827/691 742/829/692
f 741/827/691 693/763/643 692/762/642
f 694/764/644 742/829/692 743/831/693
f 742/829/692 694/764/644 693/763/643
f 695/765/645 743/831/693 744/833/694
f 743/831/693 695/765/645 694/764/644
f 696/766/646 744/833/694 745/835/695
f 744/833/694 696/766/646 695/765/645
f 697/767/647 745/835/695 746/837/696
f 745/835/695 697/767/647 696/766/646
f 698/768/648 746/837/696 747/839/697
f 746/837/696 698/768/648 697/767/647
f 699/769/649 747/839/697 748/841/698
f 747/839/697 699/769/649 698/768/648
f 676/746/626 748/841/698 725/798/676
f 748/841/698 676/746/626 699/769/649
f 700/770/650 749/846/700 750/843/699
f 749/846/700 700/770/650 701/771/651
f 701/771/651 751/848/701 749/846/700
f 751/848/701 701/771/651 703/773/653
f 703/773/653 752/850/702 751/848/701
f 752/850/702 703/773/653 704/774/654
f 704/774/654 753/852/703 752/850/702
f 753/852/703 704/774/654 705/775/655
f 705/775/655 754/854/704 753/852/703
f 754/854/704 705/775/655 706/776/656
f 706/776/656 755/856/705 754/854/704
f 755/856/705 706/776/656 707/777/657
f 707/777/657 756/858/706 755/856/705
f 756/858/706 707/777/657 708/778/658
f 708/778/658 757/860/707 756/858/706
f 757/860/707 708/778/658 709/779/659
f 709/779/659 758/862/708 757/860/707
f 758/862/708 709/779/659 710/780/660
f 710/780/660 759/864/709 758/862/708
f 759/864/709 710/780/660 711/781/661
f 711/781/661 760/866/710 759/864/709
f 760/866/710 711/781/661 712/782/662
f 712/782/662 761/868/711 760/866/710
f 761/868/711 712/782/662 713/783/663
f 713/783/663 762/870/712 761/868/711
f 762/870/712 713/783/663 714/784/664
f 714/784/664 763/872/713 762/870/712
f 763/872/713 714/784/664 715/785/665
f 715/785/665 764/874/714 763/872/713
f 764/874/714 715/785/665 716/786/666
f 716/786/666 765/876/715 764/874/714
f 765/876/715 716/786/666 717/787/667
f 717/787/667 766/878/716 765/876/715
f 766/878/716 717/787/667 718/788/668
f 718/788/668 767/880/717 766/878/716
f 767/880/717 718/788/668 719/789/669
f 719/789/669 768/882/718 767/880/717
f 768/882/718 719/789/669 720/790/670
f 720/790/670 769/884/719 768/882/718
f 769/884/719 720/790/670 721/791/671
f 721/791/671 770/886/720 769/884/719
f 770/886/720 721/791/671 722/792/672
f 722/792/672 771/888/721 770/886/720
f 771/888/721 722/792/672 723/793/673
f 723/793/673 772/890/722 771/888/721
f 772/890/722 723/793/673 724/794/674
f 724/794/674 750/843/699 772/890/722
f 750/843/699 724/794/674 700/770/650
f 776/891/723 774/893/725 773/892/724
f 774/893/725 776/891/723 775/894/726
f 775/894/726 777/895/727 774/893/725
f 777/895/727 775/894/726 778/896/728
f 778/896/728 779/897/729 777/895/727
f 779/897/729 778/896/728 780/898/730
f 780/898/730 781/899/731 779/897/729
f 781/899/731 780/898/730 782/900/732
f 782/900/732 783/901/733 781/899/731
f 783/901/733 782/900/732 784/902/734
f 784/902/734 785/903/735 783/901/733
f 785/903/735 784/902/734 786/904/736
f 786/904/736 787/905/737 785/903/735
f 787/905/737 786/904/736 788/906/738
f 788/906/738 789/907/739 787/905/737
f 789/907/739 788/906/738 790/908/740
f 790/908/740 791/909/741 789/907/739
f 791/909/741 790/908/740 792/910/742
f 792/910/742 793/911/743 791/909/741
f 793/911/743 792/910/742 794/912/744
f 794/912/744 795/913/745 793/911/743
f 795/913/745 794/912/744 796/914/746
f 796/914/746 797/915/747 795/913/745
f 797/915/747 796/914/746 798/916/748
f 798/916/748 799/917/749 797/915/747
f 799/917/749 798/916/748 800/918/750
f 800/918/750 801/919/751 799/917/749
f 801/919/751 800/918/750 802/920/752
f 802/920/752 803/921/753 801/919/751
f 803/921/753 802/920/752 804/922/754
f 804/922/754 805/923/755 803/921/753
f 805/923/755 804/922/754 806/924/756
f 806/924/756 807/925/757 805/923/755
f 807/925/757 806/924/756 808/926/758
f 808/926/758 809/927/759 807/925/757
f 809/927/759 808/926/758 810/928/760
f 810/928/760 811/929/761 809/927/759
f 811/929/761 810/928/760 812/930/762
f 812/930/762 813/931/763 811/929/761
f 813/931/763 812/930/762 814/932/764
f 814/932/764 815/933/765 813/931/763
f 815/933/765 814/932/764 816/934/766
f 816/934/766 817/935/767 815/933/765
f 817/935/767 816/934/766 818/936/768
f 818/936/768 819/937/769 817/935/767
f 819/937/769 818/936/768 820/938/770
f 820/938/770 773/939/724 819/937/769
f 773/939/724 820/938/770 776/940/723
f 824/941/771 822/943/773 821/942/772
f 822/943/773 824/941/771 823/944/774
f 823/944/774 825/945/775 822/943/773
f 825/945/775 823/944/774 826/946/776
f 826/946/776 827/947/777 825/945/775
f 827/947/777 826/946/776 828/948/778
f 828/948/778 829/949/779 827/947/777
f 829/949/779 828/948/778 830/950/780
f 830/950/780 831/951/781 829/949/779
f 831/951/781 830/950/780 832/952/782
f 832/952/782 833/953/783 831/951/781
f 833/953/783 832/952/782 834/954/784
f 834/954/784 835/955/785 833/953/783
f 835/955/785 834/954/784 836/956/786
f 836/956/786 837/957/787 835/955/785
f 837/957/787 836/956/786 838/958/788
f 838/958/788 839/959/789 837/957/787
f 839/959/789 838/958/788 840/960/790
f 840/960/790 841/961/791 839/959/789
f 841/961/791 840/960/790 842/962/792
f 842/962/792 843/963/793 841/961/791
f 843/963/793 842/962/792 844/964/794
f 844/964/794 845/965/795 843/963/793
f 845/965/795 844/964/794 846/966/796
f 846/966/796 847/967/797 845/965/795
f 847/967/797 846/966/796 848/968/798
f 848/968/798 849/969/799 847/967/797
f 849/969/799 848/968/798 850/970/800
f 850/970/800 851/971/801 849/969/799
f 851/971/801 850/970/800 852/972/802
f 852/972/802 853/973/803 851/971/801
f 853/973/803 852/972/802 854/974/804
f 854/974/804 855/975/805 853/973/803
f 855/975/805 854/974/804 856/976/806
f 856/976/806 857/977/807 855/975/805
f 857/977/807 856/976/806 858/978/808
f 858/978/808 859/979/809 857/977/807
f 859/979/809 858/978/808 860/980/810
f 860/980/810 861/981/811 859/979/809
f 861/981/811 860/980/810 862/982/812
f 862/982/812 863/983/813 861/981/811
f 863/983/813 862/982/812 864/984/814
f 864/984/814 865/985/815 863/983/813
f 865/985/815 864/984/814 866/986/816
f 866/986/816 867/987/817 865/985/815
f 867/987/817 866/986/816 868/988/818
f 868/988/818 821/989/772 867/987/817
f 821/989/772 868/988/818 824/990/771
f 872/991/819 870/993/821 869/992/820
f 870/993/821 872/991/819 871/994/822
f 871/994/822 873/995/823 870/993/821
f 873/995/823 871/994/822 874/996/824
f 874/996/824 875/997/825 873/995/823
f 875/997/825 874/996/824 876/998/826
f 876/998/826 877/999/827 875/997/825
f 877/999/827 876/998/826 878/1000/828
f 878/1000/828 879/1001/829 877/999/827
f 879/1001/829 878/1000/828 880/1002/830
f 880/1002/830 881/1003/831 879/1001/829
f 881/1003/831 880/1002/830 882/1004/832
f 882/1004/832 883/1005/833 881/1003/831
f 883/1005/833 882/1004/832 884/1006/834
f 884/1006/834 885/1007/835 883/1005/833
f 885/1007/835 884/1006/834 886/1008/836
f 886/1008/836 887/1009/837 885/1007/835
f 887/1009/837 886/1008/836 888/1010/838
f 888/1010/838 889/1011/839 887/1009/837
f 889/1011/839 888/1010/838 890/1012/840
f 890/1012/840 891/1013/841 889/1011/839
f 891/1013/841 890/1012/840 892/1014/842
f 892/1014/842 893/1015/843 891/1013/841
f 893/1015/843 892/1014/842 894/1016/844
f 894/1016/844 895/1017/845 893/1015/843
f 895/1017/845 894/1016/844 896/1018/846
f 896/1018/846 897/1019/847 895/1017/845
f 897/1019/847 896/1018/846 898/1020/848
f 898/1020/848 899/1021/849 897/1019/847
f 899/1021/849 898/1020/848 900/1022/850
f 900/1022/850 901/1023/851 899/1021/849
f 901/1023/851 900/1022/850 902/1024/852
f 902/1024/852 903/1025/853 901/1023/851
f 903/1025/853 902/1024/852 904/1026/854
f 904/1026/854 905/1027/855 903/1025/853
f 905/1027/855 904/1026/854 906/1028/856
f 906/1028/856 907/1029/857 905/1027/855
f 907/1029/857 906/1028/856 908/1030/858
f 908/1030/858 909/1031/859 907/1029/857
f 909/1031/859 908/1030/858 910/1032/860
f 910/1032/860 911/1033/861 909/1031/859
f 911/1033/861 910/1032/860 912/1034/862
f 912/1034/862 913/1035/863 911/1033/861
f 913/1035/863 912/1034/862 914/1036/864
f 914/1036/864 915/1037/865 913/1035/863
f 915/1037/865 914/1036/864 916/1038/866
f 916/1038/866 869/1039/820 915/1037/865
f 869/1039/820 916/1038/866 872/1040/819
f 773/892/724 918/1042/627 917/1041/627
f 918/1042/627 773/892/724 774/893/725
f 775/894/726 920/1044/652 919/1043/652
f 920/1044/652 775/894/726 776/891/723
f 774/893/725 921/1045/627 918/1042/627
f 921/1045/627 774/893/725 777/895/727
f 778/896/728 919/1043/652 922/1046/652
f 919/1043/652 778/896/728 775/894/726
f 777/895/727 923/1047/627 921/1045/627
f 923/1047/627 777/895/727 779/897/729
f 780/898/730 922/1046/652 924/1048/652
f 922/1046/652 780/898/730 778/896/728
f 779/897/729 925/1049/627 923/1047/627
f 925/1049/627 779/897/729 781/899/731
f 782/900/732 924/1048/652 926/1050/652
f 924/1048/652 782/900/732 780/898/730
f 781/899/731 927/1051/627 925/1049/627
f 927/1051/627 781/899/731 783/901/733
f 784/902/734 926/1050/652 928/1052/652
f 926/1050/652 784/902/734 782/900/732
f 783/901/733 929/1053/627 927/1051/627
f 929/1053/627 783/901/733 785/903/735
f 786/904/736 928/1052/652 930/1054/652
f 928/1052/652 786/904/736 784/902/734
f 785/903/735 931/1055/627 929/1053/627
f 931/1055/627 785/903/735 787/905/737
f 788/906/738 930/1054/652 932/1056/652
f 930/1054/652 788/906/738 786/904/736
f 787/905/737 933/1057/627 931/1055/627
f 933/1057/627 787/905/737 789/907/739
f 790/908/740 932/1056/652 934/1058/652
f 932/1056/652 790/908/740 788/906/738
f 789/907/739 935/1059/627 933/1057/627
f 935/1059/627 789/907/739 791/909/741
f 792/910/742 934/1058/652 936/1060/652
f 934/1058/652 792/910/742 790/908/740
f 791/909/741 937/1061/627 935/1059/627
f 937/1061/627 791/909/741 793/911/743
f 794/912/744 936/1060/652 938/1062/652
f 936/1060/652 794/912/744 792/910/742
f 793/911/743 939/1063/627 937/1061/627
f 939/1063/627 793/911/743 795/913/745
f 796/914/746 938/1062/652 940/1064/652
f 938/1062/652 796/914/746 794/912/744
f 795/913/745 941/1065/627 939/1063/627
f 941/1065/627 795/913/745 797/915/747
f 798/916/748 940/1064/652 942/1066/652
f 940/1064/652 798/916/748 796/914/746
f 797/915/747 943/1067/627 941/1065/627
f 943/1067/627 797/915/747 799/917/749
f 800/918/750 942/1066/652 944/1068/652
f 942/1066/652 800/918/750 798/916/748
f 799/917/749 945/1069/627 943/1067/627
f 945/1069/627 799/917/749 801/919/751
f 802/920/752 944/1068/652 946/1070/652
f 944/1068/652 802/920/752 800/918/750
f 801/919/751 947/1071/627 945/1069/627
f 947/1071/627 801/919/751 803/921/753
f 804/922/754 946/1070/652 948/1072/652
f 946/1070/652 804/922/754 802/920/752
f 803/921/753 949/1073/627 947/1071/627
f 949/1073/627 803/921/753 805/923/755
f 806/924/756 948/1072/652 950/1074/652
f 948/1072/652 806/924/756 804/922/754
f 805/923/755 951/1075/627 949/1073/627
f 951/1075/627 805/923/755 807/925/757
f 808/926/758 950/1074/652 952/1076/652
f 950/1074/652 808/926/758 806/924/756
f 807/925/757 953/1077/627 951/1075/627
f 953/1077/627 807/925/757 809/927/759
f 810/928/760 952/1076/652 954/1078/652
f 952/1076/652 810/928/760 808/926/758
f 809/927/759 955/1079/627 953/1077/627
f 955/1079/627 809/927/759 811/929/761
f 812/930/762 954/1078/652 956/1080/652
f 954/1078/652 812/930/762 810/928/760
f 811/929/761 957/1081/627 955/1079/627
f 957/1081/627 811/929/761 813/931/763
f 814/932/764 956/1080/652 958/1082/652
f 956/1080/652 814/932/764 812/930/762
f 813/931/763 959/1083/627 957/1081/627
f 959/1083/627 813/931/763 815/933/765
f 816/934/766 958/1082/652 960/1084/652
f 958/1082/652 816/934/766 814/932/764
f 815/933/765 961/1085/627 959/1083/627
f 961/1085/627 815/933/765 817/935/767
f 818/936/768 960/1084/652 962/1086/652
f 960/1084/652 818/936/768 816/934/766
f 817/935/767 963/1087/627 961/1085/627
f 963/1087/627 817/935/767 819/937/769
f 820/938/770 962/1086/652 964/1088/652
f 962/1086/652 820/938/770 818/936/768
f 819/937/769 917/1089/627 963/1087/627
f 917/1089/627 819/937/769 773/939/724
f 776/940/723 964/1088/652 920/1090/652
f 964/1088/652 776/940/723 820/938/770
f 821/942/772 966/1092/868 965/1091/867
f 966/1092/868 821/942/772 822/943/773
f 823/944/774 968/1094/870 967/1093/869
f 968/1094/870 823/944/774 824/941/771
f 822/943/773 969/1095/871 966/1092/868
f 969/1095/871 822/943/773 825/945/775
f 826/946/776 967/1093/869 970/1096/872
f 967/1093/869 826/946/776 823/944/774
f 825/945/775 971/1097/873 969/1095/871
f 971/1097/873 825/945/775 827/947/777
f 828/948/778 970/1096/872 972/1098/874
f 970/1096/872 828/948/778 826/946/776
f 827/947/777 973/1099/875 971/1097/873
f 973/1099/875 827/947/777 829/949/779
f 830/950/780 972/1098/874 974/1100/876
f 972/1098/874 830/950/780 828/948/778
f 829/949/779 975/1101/877 973/1099/875
f 975/1101/877 829/949/779 831/951/781
f 832/952/782 974/1100/876 976/1102/878
f 974/1100/876 832/952/782 830/950/780
f 831/951/781 977/1103/879 975/1101/877
f 977/1103/879 831/951/781 833/953/783
f 834/954/784 976/1102/878 978/1104/880
f 976/1102/878 834/954/784 832/952/782
f 833/953/783 979/1105/881 977/1103/879
f 979/1105/881 833/953/783 835/955/785
f 836/956/786 978/1104/880 980/1106/882
f 978/1104/880 836/956/786 834/954/784
f 835/955/785 981/1107/883 979/1105/881
f 981/1107/883 835/955/785 837/957/787
f 838/958/788 980/1106/882 982/1108/884
f 980/1106/882 838/958/788 836/956/786
f 837/957/787 983/1109/885 981/1107/883
f 983/1109/885 837/957/787 839/959/789
f 840/960/790 982/1108/884 984/1110/886
f 982/1108/884 840/960/790 838/958/788
f 839/959/789 985/1111/887 983/1109/885
f 985/1111/887 839/959/789 841/961/791
f 842/962/792 984/1110/886 986/1112/888
f 984/1110/886 842/962/792 840/960/790
f 841/961/791 987/1113/889 985/1111/887
f 987/1113/889 841/961/791 843/963/793
f 844/964/794 986/1112/888 988/1114/890
f 986/1112/888 844/964/794 842/962/792
f 843/963/793 989/1115/891 987/1113/889
f 989/1115/891 843/963/793 845/965/795
f 846/966/796 988/1114/890 990/1116/892
f 988/1114/890 846/966/796 844/964/794
f 845/965/795 991/1117/893 989/1115/891
f 991/1117/893 845/965/795 847/967/797
f 848/968/798 990/1116/892 992/1118/894
f 990/1116/892 848/968/798 846/966/796
f 847/967/797 993/1119/895 991/1117/893
f 993/1119/895 847/967/797 849/969/799
f 850/970/800 992/1118/894 994/1120/896
f 992/1118/894 850/970/800 848/968/798
f 849/969/799 995/1121/897 993/1119/895
f 995/1121/897 849/969/799 851/971/801
f 852/972/802 994/1120/896 996/1122/898
f 994/1120/896 852/972/802 850/970/800
f 851/971/801 997/1123/899 995/1121/897
f 997/1123/899 851/971/801 853/973/803
f 854/974/804 996/1122/898 998/1124/900
f 996/1122/898 854/974/804 852/972/802
f 853/973/803 999/1125/901 997/1123/899
f 999/1125/901 853/973/803 855/975/805
f 856/976/806 998/1124/900 1000/1126/902
f 998/1124/900 856/976/806 854/974/804
f 855/975/805 1001/1127/903 999/1125/901
f 1001/1127/903 855/975/805 857/977/807
f 858/978/808 1000/1126/902 1002/1128/904
f 1000/1126/902 858/978/808 856/976/806
f 857/977/807 1003/1129/905 1001/1127/903
f 1003/1129/905 857/977/807 859/979/809
f 860/980/810 1002/1128/904 1004/1130/906
f 1002/1128/904 860/980/810 858/978/808
f 859/979/809 1005/1131/907 1003/1129/905
f 1005/1131/907 859/979/809 861/981/811
f 862/982/812 1004/1130/906 1006/1132/908
f 1004/1130/906 862/982/812 860/980/810
f 861/981/811 1007/1133/909 1005/1131/907
f 1007/1133/909 861/981/811 863/983/813
f 864/984/814 1006/1132/908 1008/1134/910
f 1006/1132/908 864/984/814 862/982/812
f 863/983/813 1009/1135/911 1007/1133/909
f 1009/1135/911 863/983/813 865/985/815
f 866/986/816 1008/1134/910 1010/1136/912
f 1008/1134/910 866/986/816 864/984/814
f 865/985/815 1011/1137/913 1009/1135/911
f 1011/1137/913 865/985/815 867/987/817
f 868/988/818 1010/1136/912 1012/1138/914
f 1010/1136/912 868/988/818 866/986/816
f 867/987/817 965/1139/867 1011/1137/913
f 965/1139/867 867/987/817 821/989/772
f 824/990/771 1012/1138/914 968/1140/870
f 1012/1138/914 824/990/771 868/988/818
f 869/992/820 1014/1141/916 1013/1044/915
f 1014/1141/916 869/992/820 870/993/821
f 871/994/822 1016/1091/918 1015/1142/917
f 1016/1091/918 871/994/822 872/991/819
f 870/993/821 1017/1143/919 1014/1141/916
f 1017/1143/919 870/993/821 873/995/823
f 874/996/824 1015/1142/917 1018/1144/920
f 1015/1142/917 874/996/824 871/994/822
f 873/995/823 1019/1145/921 1017/1143/919
f 1019/1145/921 873/995/823 875/997/825
f 876/998/826 1018/1144/920 1020/1146/922
f 1018/1144/920 876/998/826 874/996/824
f 875/997/825 1021/1147/923 1019/1145/921
f 1021/1147/923 875/997/825 877/999/827
f 878/1000/828 1020/1146/922 1022/1148/924
f 1020/1146/922 878/1000/828 876/998/826
f 877/999/827 1023/1149/925 1021/1147/923
f 1023/1149/925 877/999/827 879/1001/829
f 880/1002/830 1022/1148/924 1024/1150/926
f 1022/1148/924 880/1002/830 878/1000/828
f 879/1001/829 1025/1151/927 1023/1149/925
f 1025/1151/927 879/1001/829 881/1003/831
f 882/1004/832 1024/1150/926 1026/1152/928
f 1024/1150/926 882/1004/832 880/1002/830
f 881/1003/831 1027/1153/929 1025/1151/927
f 1027/1153/929 881/1003/831 883/1005/833
f 884/1006/834 1026/1152/928 1028/1154/930
f 1026/1152/928 884/1006/834 882/1004/832
f 883/1005/833 1029/1155/931 1027/1153/929
f 1029/1155/931 883/1005/833 885/1007/835
f 886/1008/836 1028/1154/930 1030/1156/932
f 1028/1154/930 886/1008/836 884/1006/834
f 885/1007/835 1031/1157/933 1029/1155/931
f 1031/1157/933 885/1007/835 887/1009/837
f 888/1010/838 1030/1156/932 1032/1158/934
f 1030/1156/932 888/1010/838 886/1008/836
f 887/1009/837 1033/1159/935 1031/1157/933
f 1033/1159/935 887/1009/837 889/1011/839
f 890/1012/840 1032/1158/934 1034/1160/936
f 1032/1158/934 890/1012/840 888/1010/838
f 889/1011/839 1035/1161/937 1033/1159/935
f 1035/1161/937 889/1011/839 891/1013/841
f 892/1014/842 1034/1160/936 1036/1162/938
f 1034/1160/936 892/1014/842 890/1012/840
f 891/1013/841 1037/1163/939 1035/1161/937
f 1037/1163/939 891/1013/841 893/1015/843
f 894/1016/844 1036/1162/938 1038/1164/940
f 1036/1162/938 894/1016/844 892/1014/842
f 893/1015/843 1039/1165/941 1037/1163/939
f 1039/1165/941 893/1015/843 895/1017/845
f 896/1018/846 1038/1164/940 1040/1166/942
f 1038/1164/940 896/1018/846 894/1016/844
f 895/1017/845 1041/1167/943 1039/1165/941
f 1041/1167/943 895/1017/845 897/1019/847
f 898/1020/848 1040/1166/942 1042/1168/944
f 1040/1166/942 898/1020/848 896/1018/846
f 897/1019/847 1043/1169/945 1041/1167/943
f 1043/1169/945 897/1019/847 899/1021/849
f 900/1022/850 1042/1168/944 1044/1170/946
f 1042/1168/944 900/1022/850 898/1020/848
f 899/1021/849 1045/1171/947 1043/1169/945
f 1045/1171/947 899/1021/849 901/1023/851
f 902/1024/852 1044/1170/946 1046/1172/948
f 1044/1170/946 902/1024/852 900/1022/850
f 901/1023/851 1047/1173/949 1045/1171/947
f 1047/1173/949 901/1023/851 903/1025/853
f 904/1026/854 1046/1172/948 1048/1174/950
f 1046/1172/948 904/1026/854 902/1024/852
f 903/1025/853 1049/1175/951 1047/1173/949
f 1049/1175/951 903/1025/853 905/1027/855
f 906/1028/856 1048/1174/950 1050/1176/952
f 1048/1174/950 906/1028/856 904/1026/854
f 905/1027/855 1051/1177/953 1049/1175/951
f 1051/1177/953 905/1027/855 907/1029/857
f 908/1030/858 1050/1176/952 1052/1178/954
f 1050/1176/952 908/1030/858 906/1028/856
f 907/1029/857 1053/1179/955 1051/1177/953
f 1053/1179/955 907/1029/857 909/1031/859
f 910/1032/860 1052/1178/954 1054/1180/956
f 1052/1178/954 910/1032/860 908/1030/858
f 909/1031/859 1055/1181/957 1053/1179/955
f 1055/1181/957 909/1031/859 911/1033/861
f 912/1034/862 1054/1180/956 1056/1182/958
f 1054/1180/956 912/1034/862 910/1032/860
f 911/1033/861 1057/1183/959 1055/1181/957
f 1057/1183/959 911/1033/861 913/1035/863
f 914/1036/864 1056/1182/958 1058/1184/960
f 1056/1182/958 914/1036/864 912/1034/862
f 913/1035/863 1059/1185/961 1057/1183/959
f 1059/1185/961 913/1035/863 915/1037/865
f 916/1038/866 1058/1184/960 1060/1186/962
f 1058/1184/960 916/1038/866 914/1036/864
f 915/1037/865 1013/1187/915 1059/1185/961
f 1013/1187/915 915/1037/865 869/1039/820
f 872/1040/819 1060/1186/962 1016/1188/918
f 1060/1186/962 872/1040/819 916/1038/866
o BarrelSmartMat.004
v 0.843466 0.025560 19.382910
v 0.990839 0.025560 19.443777
v 1.030303 0.439074 19.375259
v 0.863852 0.439074 19.306513
v 1.117436 0.025560 19.540712
v 1.173289 0.439074 19.484743
v 1.214631 0.025560 19.667109
v 1.283067 0.439074 19.627504
v 1.275800 0.025560 19.814356
v 1.352154 0.439074 19.793814
v 1.296774 0.025560 19.972418
v 1.375844 0.439074 19.972338
v 1.276125 0.025560 20.130522
v 1.352521 0.439074 20.150908
v 1.215258 0.025560 20.277895
v 1.283775 0.439074 20.317360
v 1.118323 0.025560 20.404491
v 1.174291 0.439074 20.460344
v 0.991925 0.025560 20.501686
v 1.031530 0.439074 20.570124
v 0.844678 0.025560 20.562857
v 0.865221 0.439074 20.639210
v 0.686617 0.025560 20.583830
v 0.686698 0.439074 20.662899
v 0.528512 0.025560 20.563181
v 0.508126 0.439074 20.639578
v 0.381140 0.025560 20.502314
v 0.341676 0.439074 20.570831
v 0.254543 0.025560 20.405378
v 0.198690 0.439074 20.461348
v 0.157348 0.025560 20.278982
v 0.088912 0.439074 20.318586
v 0.096179 0.025560 20.131735
v 0.019824 0.439074 20.152277
v 0.075204 0.025560 19.973673
v -0.003865 0.439074 19.973753
v 0.095854 0.025560 19.815569
v 0.019458 0.439074 19.795181
v 0.156720 0.025560 19.668196
v 0.088203 0.439074 19.628731
v 0.253656 0.025560 19.541599
v 0.197687 0.439074 19.485744
v 0.380053 0.025560 19.444403
v 0.340449 0.439074 19.375967
v 0.527301 0.025560 19.383234
v 0.506757 0.439074 19.306881
v 0.685362 0.025560 19.362261
v 0.685281 0.439074 19.283190
v 1.056988 0.852589 19.328930
v 0.877637 0.852589 19.254856
v 1.211056 0.852588 19.446899
v 1.329341 0.852588 19.600725
v 1.403783 0.852588 19.779922
v 1.429309 0.852588 19.972282
v 1.404179 0.852588 20.164694
v 1.330105 0.852588 20.344044
v 1.212136 0.852588 20.498112
v 1.058310 0.852589 20.616398
v 0.879112 0.852589 20.690840
v 0.686753 0.852589 20.716364
v 0.494342 0.852589 20.691235
v 0.314991 0.852589 20.617161
v 0.160923 0.852589 20.499191
v 0.042637 0.852589 20.345366
v -0.031804 0.852589 20.166168
v -0.057330 0.852589 19.973808
v -0.032200 0.852589 19.781397
v 0.041874 0.852589 19.602047
v 0.159843 0.852589 19.447979
v 0.313669 0.852589 19.329693
v 0.492867 0.852589 19.255251
v 0.685226 0.852589 19.229725
v 1.056988 1.266103 19.328930
v 0.877637 1.266103 19.254856
v 1.211056 1.266103 19.446899
v 1.329341 1.266103 19.600725
v 1.403783 1.266103 19.779922
v 1.429309 1.266103 19.972282
v 1.404179 1.266103 20.164694
v 1.330105 1.266103 20.344044
v 1.212136 1.266103 20.498112
v 1.058310 1.266103 20.616398
v 0.879112 1.266103 20.690840
v 0.686753 1.266103 20.716364
v 0.494342 1.266103 20.691235
v 0.314991 1.266103 20.617161
v 0.160923 1.266103 20.499191
v 0.042637 1.266103 20.345366
v -0.031804 1.266103 20.166168
v -0.057330 1.266103 19.973808
v -0.032200 1.266103 19.781397
v 0.041874 1.266103 19.602047
v 0.159843 1.266103 19.447979
v 0.313669 1.266103 19.329693
v 0.492867 1.266103 19.255251
v 0.685226 1.266103 19.229725
v 1.030303 1.679617 19.375259
v 0.863853 1.679617 19.306513
v 1.173289 1.679617 19.484743
v 1.283067 1.679617 19.627504
v 1.352154 1.679617 19.793814
v 1.375844 1.679617 19.972338
v 1.352521 1.679617 20.150908
v 1.283775 1.679617 20.317360
v 1.174291 1.679617 20.460344
v 1.031530 1.679617 20.570124
v 0.865221 1.679617 20.639210
v 0.686698 1.679617 20.662899
v 0.508126 1.679617 20.639578
v 0.341676 1.679617 20.570831
v 0.198690 1.679617 20.461348
v 0.088912 1.679617 20.318586
v 0.019825 1.679617 20.152277
v -0.003865 1.679617 19.973753
v 0.019458 1.679617 19.795181
v 0.088204 1.679617 19.628731
v 0.197688 1.679617 19.485744
v 0.340449 1.679617 19.375967
v 0.506758 1.679617 19.306881
v 0.685281 1.679617 19.283190
v 0.990839 2.093132 19.443777
v 0.843467 2.093132 19.382910
v 1.117436 2.093132 19.540712
v 1.214631 2.093132 19.667109
v 1.275800 2.093132 19.814356
v 1.296775 2.093132 19.972418
v 1.276125 2.093132 20.130522
v 1.215258 2.093132 20.277895
v 1.118323 2.093132 20.404491
v 0.991925 2.093132 20.501686
v 0.844678 2.093132 20.562857
v 0.686617 2.093132 20.583830
v 0.528513 2.093132 20.563181
v 0.381140 2.093132 20.502314
v 0.254543 2.093132 20.405378
v 0.157348 2.093132 20.278982
v 0.096179 2.093132 20.131735
v 0.075204 2.093132 19.973673
v 0.095854 2.093132 19.815569
v 0.156720 2.093132 19.668196
v 0.253656 2.093132 19.541599
v 0.380054 2.093132 19.444403
v 0.527301 2.093132 19.383234
v 0.685362 2.093132 19.362261
v 0.970340 0.146727 19.479364
v 0.832878 0.146727 19.422590
v 0.685989 0.146727 19.973045
v 1.088425 0.146727 19.569782
v 1.179085 0.146727 19.687681
v 1.236141 0.146727 19.825027
v 1.255705 0.146727 19.972460
v 1.236444 0.146727 20.119934
v 1.179670 0.146727 20.257397
v 1.089253 0.146727 20.375481
v 0.971354 0.146727 20.466141
v 0.834008 0.146727 20.523197
v 0.686574 0.146727 20.542761
v 0.539101 0.146727 20.523500
v 0.401638 0.146727 20.466726
v 0.283553 0.146727 20.376308
v 0.192894 0.146727 20.258410
v 0.135838 0.146727 20.121063
v 0.116274 0.146727 19.973631
v 0.135535 0.146727 19.826157
v 0.192309 0.146727 19.688694
v 0.282726 0.146727 19.570610
v 0.400625 0.146727 19.479950
v 0.537971 0.146727 19.422894
v 0.685404 0.146727 19.403330
v 0.832878 1.971965 19.422590
v 0.970340 1.971965 19.479364
v 0.685989 1.971965 19.973045
v 1.088425 1.971965 19.569782
v 1.179085 1.971965 19.687681
v 1.236141 1.971965 19.825027
v 1.255705 1.971965 19.972460
v 1.236444 1.971965 20.119934
v 1.179670 1.971965 20.257397
v 1.089253 1.971965 20.375481
v 0.971354 1.971965 20.466141
v 0.834008 1.971965 20.523197
v 0.686575 1.971965 20.542761
v 0.539101 1.971965 20.523500
v 0.401639 1.971965 20.466726
v 0.283554 1.971965 20.376308
v 0.192894 1.971965 20.258410
v 0.135838 1.971965 20.121063
v 0.116274 1.971965 19.973631
v 0.135535 1.971965 19.826157
v 0.192309 1.971965 19.688694
v 0.282726 1.971965 19.570610
v 0.400625 1.971965 19.479950
v 0.537971 1.971965 19.422894
v 0.685404 1.971965 19.403330
v 0.829633 0.025560 19.434750
v 0.964059 0.025560 19.490271
v 1.079536 0.025560 19.578690
v 1.168193 0.025560 19.693985
v 1.223988 0.025560 19.828297
v 1.243120 0.025560 19.972473
v 1.224284 0.025560 20.116688
v 1.168765 0.025560 20.251116
v 1.080345 0.025560 20.366592
v 0.965050 0.025560 20.455248
v 0.830738 0.025560 20.511044
v 0.686562 0.025560 20.530176
v 0.542346 0.025560 20.511341
v 0.407920 0.025560 20.455820
v 0.292443 0.025560 20.367401
v 0.203786 0.025560 20.252106
v 0.147991 0.025560 20.117794
v 0.128859 0.025560 19.973618
v 0.147694 0.025560 19.829401
v 0.203214 0.025560 19.694975
v 0.291634 0.025560 19.579498
v 0.406928 0.025560 19.490843
v 0.541241 0.025560 19.435045
v 0.685417 0.025560 19.415915
v 0.964059 2.093132 19.490271
v 0.829633 2.093132 19.434750
v 1.079536 2.093132 19.578690
v 1.168193 2.093132 19.693985
v 1.223988 2.093132 19.828297
v 1.243120 2.093132 19.972473
v 1.224285 2.093132 20.116688
v 1.168765 2.093132 20.251116
v 1.080345 2.093132 20.366592
v 0.965050 2.093132 20.455248
v 0.830738 2.093132 20.511044
v 0.686562 2.093132 20.530176
v 0.542346 2.093132 20.511341
v 0.407920 2.093132 20.455820
v 0.292443 2.093132 20.367401
v 0.203786 2.093132 20.252106
v 0.147991 2.093132 20.117794
v 0.128859 2.093132 19.973618
v 0.147695 2.093132 19.829401
v 0.203214 2.093132 19.694975
v 0.291634 2.093132 19.579498
v 0.406929 2.093132 19.490843
v 0.541241 2.093132 19.435045
v 0.685417 2.093132 19.415915
v 0.886232 0.980404 19.222651
v 1.073625 0.980404 19.300045
v 1.073625 1.157869 19.300045
v 0.886232 1.157869 19.222651
v 1.234602 0.980404 19.423306
v 1.234602 1.157869 19.423306
v 1.358191 0.980404 19.584028
v 1.358191 1.157869 19.584028
v 1.435972 0.980404 19.771263
v 1.435972 1.157869 19.771263
v 1.462642 0.980404 19.972248
v 1.462642 1.157869 19.972248
v 1.436385 0.980404 20.173286
v 1.436385 1.157869 20.173286
v 1.358989 0.980404 20.360682
v 1.358989 1.157869 20.360682
v 1.235730 0.980404 20.521658
v 1.235730 1.157869 20.521658
v 1.075007 0.980404 20.645247
v 1.075007 1.157869 20.645247
v 0.887772 0.980404 20.723028
v 0.887772 1.157869 20.723028
v 0.686787 0.980404 20.749699
v 0.686787 1.157869 20.749699
v 0.485747 0.980404 20.723440
v 0.485747 1.157869 20.723440
v 0.298354 0.980404 20.646046
v 0.298354 1.157869 20.646046
v 0.137377 0.980404 20.522785
v 0.137377 1.157869 20.522785
v 0.013787 0.980404 20.362062
v 0.013787 1.157869 20.362062
v -0.063993 0.980404 20.174828
v -0.063993 1.157869 20.174828
v -0.090663 0.980404 19.973843
v -0.090663 1.157869 19.973843
v -0.064406 0.980404 19.772802
v -0.064406 1.157869 19.772802
v 0.012989 0.980404 19.585409
v 0.012989 1.157869 19.585409
v 0.136249 0.980404 19.424433
v 0.136249 1.157869 19.424433
v 0.296972 0.980404 19.300842
v 0.296972 1.157869 19.300842
v 0.484207 0.980404 19.223063
v 0.484207 1.157869 19.223063
v 0.685192 0.980404 19.196392
v 0.685192 1.157869 19.196392
v 0.862443 1.886904 19.311798
v 1.027573 1.886904 19.379999
v 1.011105 2.059465 19.408592
v 0.853935 2.059465 19.343679
v 1.169426 1.886904 19.488615
v 1.146118 2.059465 19.511971
v 1.278332 1.886904 19.630243
v 1.249774 2.059465 19.646772
v 1.346873 1.886904 19.795235
v 1.315010 2.059465 19.803808
v 1.370374 1.886904 19.972343
v 1.337378 2.059465 19.972376
v 1.347236 1.886904 20.149498
v 1.315356 2.059465 20.140991
v 1.279036 1.886904 20.314629
v 1.250443 2.059465 20.298161
v 1.170420 1.886904 20.456482
v 1.147064 2.059465 20.433174
v 1.028791 1.886904 20.565388
v 1.012263 2.059465 20.536831
v 0.863800 1.886904 20.633928
v 0.855227 2.059465 20.602066
v 0.686692 1.886904 20.657431
v 0.686659 2.059465 20.624435
v 0.509537 1.886904 20.634293
v 0.518044 2.059465 20.602411
v 0.344406 1.886904 20.566092
v 0.360874 2.059465 20.537498
v 0.202553 1.886904 20.457476
v 0.225861 2.059465 20.434120
v 0.093646 1.886904 20.315847
v 0.122205 2.059465 20.299318
v 0.025106 1.886904 20.150856
v 0.056969 2.059465 20.142282
v 0.001604 1.886904 19.973747
v 0.034600 2.059465 19.973715
v 0.024742 1.886904 19.796593
v 0.056623 2.059465 19.805099
v 0.092943 1.886904 19.631462
v 0.121536 2.059465 19.647930
v 0.201559 1.886904 19.489609
v 0.224915 2.059465 19.512917
v 0.343188 1.886904 19.380703
v 0.359716 2.059465 19.409260
v 0.508179 1.886904 19.312162
v 0.516752 2.059465 19.344025
v 0.685287 1.886904 19.288660
v 0.685321 2.059465 19.321655
v 0.851858 0.062808 19.351463
v 1.007083 0.062808 19.415573
v 1.028648 0.243052 19.378134
v 0.862998 0.243052 19.309717
v 1.140426 0.062808 19.517673
v 1.170947 0.243052 19.487091
v 1.242800 0.062808 19.650806
v 1.280197 0.243052 19.629166
v 1.307229 0.062808 19.805901
v 1.348952 0.243052 19.794676
v 1.329321 0.062808 19.972385
v 1.372528 0.243052 19.972340
v 1.307571 0.062808 20.138914
v 1.349317 0.243052 20.150053
v 1.243461 0.062808 20.294140
v 1.280902 0.243052 20.315704
v 1.141361 0.062808 20.427483
v 1.171944 0.243052 20.458002
v 1.008227 0.062808 20.529856
v 1.029869 0.243052 20.567253
v 0.853134 0.062808 20.594284
v 0.864360 0.243052 20.636009
v 0.686650 0.062808 20.616377
v 0.686694 0.243052 20.659584
v 0.520121 0.062808 20.594627
v 0.508981 0.243052 20.636374
v 0.364896 0.062808 20.530518
v 0.343331 0.243052 20.567959
v 0.231552 0.062808 20.428417
v 0.201032 0.243052 20.459000
v 0.129178 0.062808 20.295284
v 0.091782 0.243052 20.316925
v 0.064750 0.062808 20.140190
v 0.023026 0.243052 20.151415
v 0.042657 0.062808 19.973705
v -0.000550 0.243052 19.973751
v 0.064407 0.062808 19.807177
v 0.022661 0.243052 19.796038
v 0.128517 0.062808 19.651951
v 0.091076 0.243052 19.630386
v 0.230618 0.062808 19.518608
v 0.200034 0.243052 19.488087
v 0.363751 0.062808 19.416233
v 0.342109 0.243052 19.378838
v 0.518845 0.062808 19.351805
v 0.507619 0.243052 19.310081
v 0.685329 0.062808 19.329714
v 0.685284 0.243052 19.286507
v 0.873043 0.980404 19.272072
v 1.048095 0.980404 19.344370
v 1.048095 1.157869 19.344370
v 0.873043 1.157869 19.272072
v 1.198470 0.980404 19.459511
v 1.198470 1.157869 19.459511
v 1.313920 0.980404 19.609650
v 1.313920 1.157869 19.609650
v 1.386577 0.980404 19.784552
v 1.386577 1.157869 19.784552
v 1.411491 0.980404 19.972300
v 1.411491 1.157869 19.972300
v 1.386963 0.980404 20.160099
v 1.386963 1.157869 20.160099
v 1.314665 0.980404 20.335152
v 1.314665 1.157869 20.335152
v 1.199523 0.980404 20.485525
v 1.199523 1.157869 20.485525
v 1.049386 0.980404 20.600975
v 1.049386 1.157869 20.600975
v 0.874483 0.980404 20.673634
v 0.874483 1.157869 20.673634
v 0.686734 0.980404 20.698547
v 0.686734 1.157869 20.698547
v 0.498936 0.980404 20.674019
v 0.498936 1.157869 20.674019
v 0.323884 0.980404 20.601721
v 0.323884 1.157869 20.601721
v 0.173509 0.980404 20.486580
v 0.173509 1.157869 20.486580
v 0.058059 0.980404 20.336441
v 0.058059 1.157869 20.336441
v -0.014599 0.980404 20.161539
v -0.014599 1.157869 20.161539
v -0.039512 0.980404 19.973791
v -0.039512 1.157869 19.973791
v -0.014984 0.980404 19.785992
v -0.014984 1.157869 19.785992
v 0.057314 0.980404 19.610939
v 0.057314 1.157869 19.610939
v 0.172455 0.980404 19.460566
v 0.172455 1.157869 19.460566
v 0.322593 0.980404 19.345114
v 0.322593 1.157869 19.345114
v 0.497496 0.980404 19.272457
v 0.497496 1.157869 19.272457
v 0.685244 0.980404 19.247543
v 0.685244 1.157869 19.247543
v 0.850022 1.878433 19.358341
v 1.003530 1.878433 19.421741
v 0.987457 2.050994 19.449650
v 0.841719 2.050994 19.389458
v 1.135398 1.878433 19.522713
v 1.112649 2.050994 19.545507
v 1.236640 1.878433 19.654373
v 1.208766 2.050994 19.670504
v 1.300355 1.878433 19.807751
v 1.269256 2.050994 19.816116
v 1.322203 1.878433 19.972391
v 1.289998 2.050994 19.972425
v 1.300694 1.878433 20.137077
v 1.269577 2.050994 20.128775
v 1.237293 1.878433 20.290586
v 1.209386 2.050994 20.274513
v 1.136322 1.878433 20.422455
v 1.113527 2.050994 20.399706
v 1.004662 1.878433 20.523695
v 0.988531 2.050994 20.495821
v 0.851285 1.878433 20.587412
v 0.842918 2.050994 20.556313
v 0.686643 1.878433 20.609259
v 0.686610 2.050994 20.577053
v 0.521956 1.878433 20.587749
v 0.530260 2.050994 20.556633
v 0.368449 1.878433 20.524349
v 0.384523 2.050994 20.496443
v 0.236581 1.878433 20.423378
v 0.259330 2.050994 20.400583
v 0.135339 1.878433 20.291718
v 0.163213 2.050994 20.275587
v 0.071624 1.878433 20.138340
v 0.102723 2.050994 20.129974
v 0.049776 1.878433 19.973700
v 0.081981 2.050994 19.973665
v 0.071285 1.878433 19.809011
v 0.102402 2.050994 19.817316
v 0.134686 1.878433 19.655504
v 0.162593 2.050994 19.671577
v 0.235657 1.878433 19.523636
v 0.258453 2.050994 19.546385
v 0.367317 1.878433 19.422396
v 0.383448 2.050994 19.450270
v 0.520694 1.878433 19.358679
v 0.529061 2.050994 19.389778
v 0.685336 1.878433 19.336832
v 0.685369 2.050994 19.369038
v 0.839692 0.071278 19.397057
v 0.983531 0.071278 19.456463
v 1.004580 0.251523 19.419920
v 0.850564 0.251523 19.356310
v 1.107094 0.071278 19.551075
v 1.136883 0.251523 19.521225
v 1.201959 0.071278 19.674442
v 1.238459 0.251523 19.653320
v 1.261662 0.071278 19.818161
v 1.302385 0.251523 19.807203
v 1.282134 0.071278 19.972433
v 1.324305 0.251523 19.972389
v 1.261979 0.071278 20.126747
v 1.302725 0.251523 20.137621
v 1.202572 0.071278 20.270588
v 1.239115 0.251523 20.291636
v 1.107960 0.071278 20.394150
v 1.137810 0.251523 20.423939
v 0.984592 0.071278 20.489016
v 1.005715 0.251523 20.525515
v 0.840874 0.071278 20.548717
v 0.851831 0.251523 20.589441
v 0.686602 0.071278 20.569189
v 0.686645 0.251523 20.611361
v 0.532287 0.071278 20.549034
v 0.521414 0.251523 20.589781
v 0.388447 0.071278 20.489628
v 0.367399 0.251523 20.526171
v 0.264885 0.071278 20.395016
v 0.235096 0.251523 20.424866
v 0.170019 0.071278 20.271648
v 0.133519 0.251523 20.292770
v 0.110317 0.071278 20.127930
v 0.069593 0.251523 20.138887
v 0.089845 0.071278 19.973658
v 0.047674 0.251523 19.973701
v 0.110000 0.071278 19.819344
v 0.069254 0.251523 19.808470
v 0.169407 0.071278 19.675503
v 0.132864 0.251523 19.654455
v 0.264019 0.071278 19.551941
v 0.234168 0.251523 19.522152
v 0.387387 0.071278 19.457075
v 0.366264 0.251523 19.420576
v 0.531105 0.071278 19.397373
v 0.520148 0.251523 19.356649
v 0.685377 0.071278 19.376902
v 0.685334 0.251523 19.334730
vn 0.3750 -0.1863 -0.9081
vn 0.3751 -0.1862 -0.9081
vn 0.3750 -0.1862 -0.9081
vn 0.6774 -0.2832 -0.6789
vn 0.6977 -0.1562 -0.6991
vn 0.8301 -0.2832 -0.4804
vn 0.8549 -0.1561 -0.4947
vn 0.9261 -0.2832 -0.2492
vn 0.9538 -0.1562 -0.2566
vn 0.9590 -0.2832 -0.0010
vn 0.9877 -0.1562 -0.0010
vn 0.9266 -0.2832 0.2473
vn 0.9543 -0.1562 0.2547
vn 0.8311 -0.2832 0.4787
vn 0.8559 -0.1562 0.4930
vn 0.6789 -0.2832 0.6774
vn 0.6992 -0.1561 0.6977
vn 0.4804 -0.2832 0.8301
vn 0.4947 -0.1562 0.8549
vn 0.2492 -0.2832 0.9261
vn 0.2566 -0.1562 0.9538
vn 0.0010 -0.2832 0.9590
vn 0.0010 -0.1562 0.9877
vn -0.2473 -0.2832 0.9266
vn -0.2547 -0.1562 0.9543
vn -0.4787 -0.2832 0.8311
vn -0.4930 -0.1562 0.8559
vn -0.6774 -0.2832 0.6789
vn -0.6977 -0.1562 0.6991
vn -0.8301 -0.2832 0.4804
vn -0.8549 -0.1561 0.4947
vn -0.9261 -0.2832 0.2492
vn -0.9538 -0.1562 0.2566
vn -0.9590 -0.2832 0.0010
vn -0.9877 -0.1562 0.0010
vn -0.9266 -0.2832 -0.2473
vn -0.9543 -0.1562 -0.2547
vn -0.8311 -0.2832 -0.4787
vn -0.8559 -0.1561 -0.4930
vn -0.6789 -0.2832 -0.6774
vn -0.6991 -0.1562 -0.6977
vn -0.4804 -0.2832 -0.8301
vn -0.4947 -0.1562 -0.8549
vn -0.2492 -0.2832 -0.9261
vn -0.2566 -0.1562 -0.9538
vn -0.0010 -0.2832 -0.9590
vn -0.0010 -0.1562 -0.9877
vn 0.2573 -0.0628 -0.9643
vn 0.4981 -0.0627 -0.8648
vn 0.7050 -0.0628 -0.7064
vn 0.8638 -0.0627 -0.4999
vn 0.9638 -0.0627 -0.2593
vn 0.9980 -0.0627 -0.0010
vn 0.9643 -0.0628 0.2573
vn 0.8648 -0.0627 0.4981
vn 0.7064 -0.0627 0.7050
vn 0.4999 -0.0627 0.8638
vn 0.2593 -0.0627 0.9638
vn 0.0010 -0.0627 0.9980
vn -0.2573 -0.0627 0.9643
vn -0.4981 -0.0627 0.8648
vn -0.7050 -0.0627 0.7064
vn -0.8638 -0.0627 0.4999
vn -0.9638 -0.0627 0.2593
vn -0.9980 -0.0627 0.0010
vn -0.9643 -0.0628 -0.2573
vn -0.8648 -0.0627 -0.4981
vn -0.7064 -0.0627 -0.7050
vn -0.4999 -0.0627 -0.8638
vn -0.2593 -0.0627 -0.9638
vn -0.0010 -0.0627 -0.9980
vn 0.2573 0.0628 -0.9643
vn 0.4981 0.0627 -0.8648
vn 0.7050 0.0627 -0.7064
vn 0.8638 0.0627 -0.4999
vn 0.9638 0.0627 -0.2593
vn 0.9980 0.0627 -0.0010
vn 0.9643 0.0627 0.2573
vn 0.8648 0.0627 0.4981
vn 0.7064 0.0627 0.7050
vn 0.4999 0.0627 0.8638
vn 0.2593 0.0627 0.9638
vn 0.0010 0.0627 0.9980
vn -0.2573 0.0627 0.9643
vn -0.4981 0.0628 0.8648
vn -0.7050 0.0627 0.7064
vn -0.8638 0.0627 0.4999
vn -0.9638 0.0628 0.2593
vn -0.9980 0.0627 0.0010
vn -0.9643 0.0627 -0.2573
vn -0.8648 0.0627 -0.4981
vn -0.7064 0.0627 -0.7050
vn -0.4999 0.0627 -0.8638
vn -0.2593 0.0627 -0.9638
vn -0.0010 0.0628 -0.9980
vn 0.2547 0.1562 -0.9543
vn 0.4930 0.1561 -0.8559
vn 0.6977 0.1562 -0.6991
vn 0.8549 0.1562 -0.4947
vn 0.9538 0.1562 -0.2566
vn 0.9877 0.1562 -0.0010
vn 0.9543 0.1562 0.2547
vn 0.8559 0.1562 0.4930
vn 0.6992 0.1561 0.6977
vn 0.4948 0.1561 0.8549
vn 0.2566 0.1562 0.9538
vn 0.0010 0.1562 0.9877
vn -0.2547 0.1562 0.9543
vn -0.4930 0.1562 0.8559
vn -0.6977 0.1562 0.6991
vn -0.8549 0.1561 0.4947
vn -0.9538 0.1562 0.2566
vn -0.9877 0.1562 0.0010
vn -0.9543 0.1562 -0.2547
vn -0.8559 0.1562 -0.4930
vn -0.6991 0.1562 -0.6977
vn -0.4947 0.1562 -0.8549
vn -0.2566 0.1562 -0.9538
vn -0.0010 0.1562 -0.9877
vn 0.2473 0.2832 -0.9266
vn 0.4787 0.2832 -0.8310
vn 0.6775 0.2832 -0.6788
vn 0.8301 0.2832 -0.4804
vn 0.9261 0.2832 -0.2491
vn 0.9590 0.2832 -0.0010
vn 0.9266 0.2832 0.2473
vn 0.8310 0.2832 0.4787
vn 0.6788 0.2832 0.6775
vn 0.4804 0.2832 0.8301
vn 0.2492 0.2832 0.9261
vn 0.0010 0.2832 0.9590
vn -0.2473 0.2832 0.9266
vn -0.4787 0.2832 0.8310
vn -0.6775 0.2832 0.6788
vn -0.8301 0.2832 0.4804
vn -0.9261 0.2832 0.2492
vn -0.9590 0.2832 0.0010
vn -0.9266 0.2832 -0.2473
vn -0.8310 0.2832 -0.4787
vn -0.6788 0.2832 -0.6775
vn -0.4804 0.2832 -0.8301
vn -0.2491 0.2832 -0.9261
vn -0.0010 0.2832 -0.9590
vn -0.2140 -0.9034 0.3715
vn -0.1107 -0.9034 0.4142
vn -0.0000 -1.0000 -0.0000
vn -0.3028 -0.9034 0.3035
vn -0.3710 -0.9034 0.2147
vn -0.4140 -0.9034 0.1114
vn -0.4287 -0.9034 0.0005
vn -0.4142 -0.9034 -0.1105
vn -0.3715 -0.9034 -0.2140
vn -0.3035 -0.9034 -0.3028
vn -0.2147 -0.9034 -0.3710
vn -0.1114 -0.9034 -0.4140
vn -0.0004 -0.9034 -0.4287
vn 0.1105 -0.9034 -0.4142
vn 0.2140 -0.9034 -0.3715
vn 0.3028 -0.9034 -0.3035
vn 0.3710 -0.9034 -0.2147
vn 0.4140 -0.9034 -0.1114
vn 0.4287 -0.9034 -0.0004
vn 0.4142 -0.9034 0.1105
vn 0.3715 -0.9034 0.2140
vn 0.3035 -0.9034 0.3028
vn 0.2147 -0.9034 0.3710
vn 0.1114 -0.9034 0.4140
vn 0.0005 -0.9034 0.4287
vn -0.1105 0.9034 0.4142
vn -0.2138 0.9034 0.3716
vn -0.0000 1.0000 -0.0000
vn -0.3027 0.9034 0.3036
vn -0.3710 0.9034 0.2148
vn -0.4140 0.9034 0.1114
vn -0.4287 0.9034 0.0005
vn -0.4142 0.9034 -0.1104
vn -0.3715 0.9034 -0.2139
vn -0.3035 0.9034 -0.3028
vn -0.2148 0.9034 -0.3710
vn -0.1114 0.9034 -0.4140
vn -0.0005 0.9034 -0.4287
vn 0.1105 0.9034 -0.4142
vn 0.2138 0.9034 -0.3716
vn 0.3028 0.9034 -0.3035
vn 0.3710 0.9034 -0.2149
vn 0.4140 0.9034 -0.1114
vn 0.4287 0.9034 -0.0006
vn 0.4142 0.9034 0.1105
vn 0.3715 0.9034 0.2139
vn 0.3035 0.9034 0.3028
vn 0.2148 0.9034 0.3710
vn 0.1114 0.9034 0.4140
vn 0.0007 0.9034 0.4287
vn -0.4656 -0.3603 0.8084
vn -0.2405 -0.3603 0.9013
vn -0.6589 -0.3603 0.6604
vn -0.8075 -0.3603 0.4671
vn -0.9008 -0.3603 0.2424
vn -0.9328 -0.3603 0.0011
vn -0.9013 -0.3603 -0.2405
vn -0.8084 -0.3603 -0.4656
vn -0.6603 -0.3603 -0.6589
vn -0.4673 -0.3603 -0.8074
vn -0.2424 -0.3603 -0.9008
vn -0.0010 -0.3603 -0.9328
vn 0.2405 -0.3603 -0.9013
vn 0.4656 -0.3603 -0.8083
vn 0.6589 -0.3603 -0.6603
vn 0.8074 -0.3603 -0.4673
vn 0.9008 -0.3603 -0.2425
vn 0.9328 -0.3603 -0.0010
vn 0.9013 -0.3603 0.2405
vn 0.8084 -0.3603 0.4655
vn 0.6603 -0.3603 0.6589
vn 0.4673 -0.3603 0.8074
vn 0.2424 -0.3603 0.9008
vn 0.0010 -0.3603 0.9328
vn -0.2405 0.3603 0.9013
vn -0.4656 0.3603 0.8084
vn -0.6589 0.3603 0.6603
vn -0.8074 0.3603 0.4673
vn -0.9008 0.3603 0.2424
vn -0.9328 0.3603 0.0010
vn -0.9013 0.3603 -0.2405
vn -0.8084 0.3603 -0.4656
vn -0.6603 0.3603 -0.6589
vn -0.4673 0.3603 -0.8074
vn -0.2424 0.3603 -0.9008
vn -0.0010 0.3603 -0.9328
vn 0.2405 0.3603 -0.9013
vn 0.4656 0.3603 -0.8084
vn 0.6589 0.3603 -0.6603
vn 0.8074 0.3603 -0.4673
vn 0.9008 0.3603 -0.2424
vn 0.9328 0.3603 -0.0010
vn 0.9013 0.3603 0.2405
vn 0.8084 0.3603 0.4656
vn 0.6603 0.3603 0.6589
vn 0.4673 0.3603 0.8074
vn 0.2424 0.3603 0.9008
vn 0.0010 0.3603 0.9328
vn 0.2498 0.2476 -0.9361
vn 0.2499 -0.2476 -0.9361
vn 0.4835 -0.2476 -0.8396
vn 0.4835 0.2476 -0.8396
vn 0.6844 -0.2476 -0.6858
vn 0.6844 0.2476 -0.6858
vn 0.8386 -0.2476 -0.4853
vn 0.8385 0.2476 -0.4853
vn 0.9356 -0.2476 -0.2518
vn 0.9356 0.2476 -0.2518
vn 0.9689 -0.2476 -0.0010
vn 0.9689 0.2476 -0.0010
vn 0.9361 -0.2476 0.2498
vn 0.9361 0.2476 0.2498
vn 0.8396 -0.2476 0.4835
vn 0.8396 0.2476 0.4835
vn 0.6858 -0.2476 0.6844
vn 0.6858 0.2476 0.6844
vn 0.4853 -0.2476 0.8386
vn 0.4853 0.2476 0.8385
vn 0.2518 -0.2476 0.9356
vn 0.2518 0.2476 0.9356
vn 0.0010 -0.2476 0.9689
vn 0.0010 0.2476 0.9689
vn -0.2498 -0.2476 0.9361
vn -0.2498 0.2476 0.9361
vn -0.4835 -0.2476 0.8396
vn -0.4835 0.2476 0.8396
vn -0.6844 -0.2476 0.6858
vn -0.6844 0.2476 0.6858
vn -0.8386 -0.2476 0.4853
vn -0.8385 0.2476 0.4853
vn -0.9356 -0.2476 0.2518
vn -0.9356 0.2476 0.2518
vn -0.9689 -0.2476 0.0010
vn -0.9689 0.2476 0.0010
vn -0.9361 -0.2476 -0.2498
vn -0.9361 0.2476 -0.2498
vn -0.8396 -0.2476 -0.4835
vn -0.8396 0.2476 -0.4835
vn -0.6858 -0.2476 -0.6844
vn -0.6858 0.2476 -0.6844
vn -0.4853 -0.2476 -0.8386
vn -0.4853 0.2476 -0.8385
vn -0.2518 -0.2476 -0.9356
vn -0.2518 0.2476 -0.9356
vn -0.0010 -0.2476 -0.9689
vn -0.0010 0.2476 -0.9689
vn 0.2360 0.4028 -0.8843
vn 0.2573 -0.0655 -0.9641
vn 0.4980 -0.0655 -0.8647
vn 0.4568 0.4028 -0.7931
vn 0.7048 -0.0655 -0.7063
vn 0.6465 0.4028 -0.6479
vn 0.8636 -0.0655 -0.4998
vn 0.7922 0.4028 -0.4585
vn 0.9636 -0.0655 -0.2593
vn 0.8838 0.4028 -0.2378
vn 0.9979 -0.0655 -0.0010
vn 0.9153 0.4028 -0.0010
vn 0.9641 -0.0655 0.2572
vn 0.8843 0.4028 0.2359
vn 0.8647 -0.0655 0.4980
vn 0.7932 0.4028 0.4568
vn 0.7063 -0.0655 0.7048
vn 0.6479 0.4028 0.6465
vn 0.4998 -0.0655 0.8636
vn 0.4585 0.4028 0.7922
vn 0.2593 -0.0655 0.9636
vn 0.2378 0.4028 0.8838
vn 0.0010 -0.0655 0.9979
vn 0.0010 0.4028 0.9153
vn -0.2572 -0.0655 0.9641
vn -0.2359 0.4028 0.8843
vn -0.4980 -0.0655 0.8647
vn -0.4568 0.4028 0.7931
vn -0.7048 -0.0655 0.7063
vn -0.6465 0.4028 0.6479
vn -0.8636 -0.0655 0.4998
vn -0.7922 0.4028 0.4585
vn -0.9636 -0.0655 0.2593
vn -0.8838 0.4028 0.2378
vn -0.9979 -0.0655 0.0010
vn -0.9153 0.4028 0.0010
vn -0.9641 -0.0655 -0.2573
vn -0.8843 0.4028 -0.2359
vn -0.8647 -0.0655 -0.4980
vn -0.7931 0.4028 -0.4568
vn -0.7063 -0.0655 -0.7048
vn -0.6479 0.4028 -0.6465
vn -0.4998 -0.0655 -0.8636
vn -0.4585 0.4028 -0.7922
vn -0.2593 -0.0655 -0.9636
vn -0.2378 0.4028 -0.8838
vn -0.0010 -0.0655 -0.9979
vn -0.0010 0.4028 -0.9153
vn 0.2578 0.0122 -0.9661
vn 0.2329 -0.4292 -0.8727
vn 0.4508 -0.4292 -0.7827
vn 0.4991 0.0122 -0.8665
vn 0.6380 -0.4292 -0.6393
vn 0.7063 0.0122 -0.7078
vn 0.7817 -0.4292 -0.4524
vn 0.8655 0.0122 -0.5008
vn 0.8722 -0.4292 -0.2347
vn 0.9656 0.0122 -0.2598
vn 0.9032 -0.4292 -0.0009
vn 0.9999 0.0122 -0.0010
vn 0.8727 -0.4292 0.2329
vn 0.9661 0.0122 0.2578
vn 0.7827 -0.4292 0.4508
vn 0.8665 0.0122 0.4991
vn 0.6393 -0.4292 0.6380
vn 0.7078 0.0122 0.7063
vn 0.4524 -0.4292 0.7817
vn 0.5008 0.0122 0.8655
vn 0.2347 -0.4292 0.8722
vn 0.2598 0.0122 0.9656
vn 0.0009 -0.4292 0.9032
vn 0.0010 0.0122 0.9999
vn -0.2329 -0.4292 0.8727
vn -0.2578 0.0122 0.9661
vn -0.4508 -0.4292 0.7827
vn -0.4991 0.0122 0.8665
vn -0.6380 -0.4292 0.6393
vn -0.7063 0.0122 0.7078
vn -0.7817 -0.4292 0.4524
vn -0.8655 0.0122 0.5008
vn -0.8722 -0.4292 0.2347
vn -0.9656 0.0122 0.2598
vn -0.9032 -0.4292 0.0009
vn -0.9999 0.0122 0.0010
vn -0.8727 -0.4292 -0.2329
vn -0.9661 0.0122 -0.2578
vn -0.7827 -0.4292 -0.4508
vn -0.8665 0.0122 -0.4991
vn -0.6393 -0.4292 -0.6380
vn -0.7078 0.0122 -0.7063
vn -0.4524 -0.4292 -0.7817
vn -0.5008 0.0122 -0.8655
vn -0.2347 -0.4292 -0.8722
vn -0.2598 0.0122 -0.9656
vn -0.0009 -0.4292 -0.9032
vn -0.0010 0.0122 -0.9999
vn 0.0447 -0.9849 -0.1673
vn 0.0864 -0.9849 -0.1501
vn -0.0878 0.9844 0.1525
vn -0.0454 0.9844 0.1700
vn 0.1223 -0.9849 -0.1226
vn -0.1243 0.9844 0.1246
vn 0.1499 -0.9849 -0.0867
vn -0.1523 0.9844 0.0882
vn 0.1672 -0.9849 -0.0450
vn -0.1699 0.9844 0.0457
vn 0.1732 -0.9849 -0.0002
vn -0.1760 0.9844 0.0002
vn 0.1673 -0.9849 0.0447
vn -0.1700 0.9844 -0.0454
vn 0.1501 -0.9849 0.0864
vn -0.1525 0.9844 -0.0878
vn 0.1226 -0.9849 0.1223
vn -0.1246 0.9844 -0.1243
vn 0.0867 -0.9849 0.1499
vn -0.0882 0.9844 -0.1523
vn 0.0450 -0.9849 0.1672
vn -0.0457 0.9844 -0.1699
vn 0.0002 -0.9849 0.1732
vn -0.0002 0.9844 -0.1760
vn -0.0447 -0.9849 0.1673
vn 0.0454 0.9844 -0.1700
vn -0.0864 -0.9849 0.1501
vn 0.0878 0.9844 -0.1525
vn -0.1223 -0.9849 0.1226
vn 0.1243 0.9844 -0.1246
vn -0.1499 -0.9849 0.0867
vn 0.1523 0.9844 -0.0882
vn -0.1672 -0.9849 0.0450
vn 0.1699 0.9844 -0.0457
vn -0.1732 -0.9849 0.0002
vn 0.1760 0.9844 -0.0002
vn -0.1673 -0.9849 -0.0447
vn 0.1700 0.9844 0.0454
vn -0.1501 -0.9849 -0.0864
vn 0.1525 0.9844 0.0878
vn -0.1226 -0.9849 -0.1223
vn 0.1246 0.9844 0.1243
vn -0.0867 -0.9849 -0.1499
vn 0.0882 0.9844 0.1523
vn -0.0450 -0.9849 -0.1672
vn 0.0457 0.9844 0.1699
vn -0.0002 -0.9849 -0.1732
vn 0.0002 0.9844 0.1760
vn -0.0456 -0.9843 0.1707
vn -0.0882 -0.9843 0.1531
vn 0.0863 0.9849 -0.1499
vn 0.0446 0.9849 -0.1672
vn -0.1248 -0.9843 0.1251
vn 0.1222 0.9849 -0.1225
vn -0.1529 -0.9843 0.0885
vn 0.1497 0.9849 -0.0867
vn -0.1706 -0.9843 0.0459
vn 0.1671 0.9849 -0.0449
vn -0.1767 -0.9843 0.0002
vn 0.1730 0.9849 -0.0002
vn -0.1707 -0.9843 -0.0456
vn 0.1672 0.9849 0.0446
vn -0.1531 -0.9843 -0.0882
vn 0.1499 0.9849 0.0863
vn -0.1251 -0.9843 -0.1248
vn 0.1225 0.9849 0.1222
vn -0.0885 -0.9843 -0.1529
vn 0.0867 0.9849 0.1497
vn -0.0459 -0.9843 -0.1706
vn 0.0449 0.9849 0.1671
vn -0.0002 -0.9843 -0.1767
vn 0.0002 0.9849 0.1730
vn 0.0456 -0.9843 -0.1707
vn -0.0446 0.9849 0.1672
vn 0.0882 -0.9843 -0.1531
vn -0.0863 0.9849 0.1499
vn 0.1248 -0.9843 -0.1251
vn -0.1222 0.9849 0.1225
vn 0.1529 -0.9843 -0.0885
vn -0.1497 0.9849 0.0867
vn 0.1706 -0.9843 -0.0459
vn -0.1671 0.9849 0.0449
vn 0.1767 -0.9843 -0.0002
vn -0.1730 0.9849 0.0002
vn 0.1707 -0.9843 0.0456
vn -0.1672 0.9849 -0.0446
vn 0.1531 -0.9843 0.0882
vn -0.1499 0.9849 -0.0863
vn 0.1251 -0.9843 0.1248
vn -0.1225 0.9849 -0.1222
vn 0.0885 -0.9843 0.1529
vn -0.0867 0.9849 -0.1497
vn 0.0459 -0.9843 0.1706
vn -0.0449 0.9849 -0.1671
vn 0.0002 -0.9843 0.1767
vn -0.0002 0.9849 -0.1730
vt 0.729884 0.079842
vt 0.729884 0.000000
vt 0.768298 0.000000
vt 0.768298 0.079842
vt 0.806713 0.000000
vt 0.806713 0.079842
vt 0.845128 0.000000
vt 0.845128 0.079842
vt 0.883543 0.000000
vt 0.883543 0.079842
vt 0.921958 0.000000
vt 0.921958 0.079842
vt 0.000000 0.079842
vt 0.000000 0.000000
vt 0.038415 0.000000
vt 0.038415 0.079842
vt 0.076830 0.000000
vt 0.076830 0.079842
vt 0.115245 0.000000
vt 0.115245 0.079842
vt 0.153660 0.000000
vt 0.153660 0.079842
vt 0.192075 0.000000
vt 0.192075 0.079842
vt 0.230489 0.000000
vt 0.230489 0.079842
vt 0.268904 0.000000
vt 0.268904 0.079842
vt 0.307319 0.000000
vt 0.307319 0.079842
vt 0.345734 0.000000
vt 0.345734 0.079842
vt 0.384149 0.000000
vt 0.384149 0.079842
vt 0.422564 0.000000
vt 0.422564 0.079842
vt 0.460979 0.000000
vt 0.460979 0.079842
vt 0.499394 0.000000
vt 0.499394 0.079842
vt 0.537809 0.000000
vt 0.537809 0.079842
vt 0.576224 0.000000
vt 0.576224 0.079842
vt 0.614639 0.000000
vt 0.614639 0.079842
vt 0.653054 0.000000
vt 0.653054 0.079842
vt 0.691469 0.000000
vt 0.691469 0.079842
vt 0.729884 0.159683
vt 0.768298 0.159683
vt 0.806713 0.159683
vt 0.845128 0.159683
vt 0.883543 0.159683
vt 0.921958 0.159683
vt 0.000000 0.159683
vt 0.038415 0.159683
vt 0.076830 0.159683
vt 0.115245 0.159683
vt 0.153660 0.159683
vt 0.192075 0.159683
vt 0.230489 0.159683
vt 0.268904 0.159683
vt 0.307319 0.159683
vt 0.345734 0.159683
vt 0.384149 0.159683
vt 0.422564 0.159683
vt 0.460979 0.159683
vt 0.499394 0.159683
vt 0.537809 0.159683
vt 0.576224 0.159683
vt 0.614639 0.159683
vt 0.653054 0.159683
vt 0.691469 0.159683
vt 0.729884 0.239525
vt 0.768298 0.239525
vt 0.806713 0.239525
vt 0.845128 0.239525
vt 0.883543 0.239525
vt 0.921958 0.239525
vt 0.000000 0.239525
vt 0.038415 0.239525
vt 0.076830 0.239525
vt 0.115245 0.239525
vt 0.153660 0.239525
vt 0.192075 0.239525
vt 0.230489 0.239525
vt 0.268904 0.239525
vt 0.307319 0.239525
vt 0.345734 0.239525
vt 0.384149 0.239525
vt 0.422564 0.239525
vt 0.460979 0.239525
vt 0.499394 0.239525
vt 0.537809 0.239525
vt 0.576224 0.239525
vt 0.614639 0.239525
vt 0.653054 0.239525
vt 0.691469 0.239525
vt 0.729884 0.319366
vt 0.768298 0.319366
vt 0.806713 0.319366
vt 0.845128 0.319366
vt 0.883543 0.319366
vt 0.921958 0.319366
vt 0.000000 0.319366
vt 0.038415 0.319366
vt 0.076830 0.319366
vt 0.115245 0.319366
vt 0.153660 0.319366
vt 0.192075 0.319366
vt 0.230489 0.319366
vt 0.268904 0.319366
vt 0.307319 0.319366
vt 0.345734 0.319366
vt 0.384149 0.319366
vt 0.422564 0.319366
vt 0.460979 0.319366
vt 0.499394 0.319366
vt 0.537809 0.319366
vt 0.576224 0.319366
vt 0.614639 0.319366
vt 0.653054 0.319366
vt 0.691469 0.319366
vt 0.729884 0.399208
vt 0.768298 0.399208
vt 0.806713 0.399208
vt 0.845128 0.399208
vt 0.883543 0.399208
vt 0.921958 0.399208
vt 0.000000 0.399208
vt 0.038415 0.399208
vt 0.076830 0.399208
vt 0.115245 0.399208
vt 0.153660 0.399208
vt 0.192075 0.399208
vt 0.230489 0.399208
vt 0.268904 0.399208
vt 0.307319 0.399208
vt 0.345734 0.399202
vt 0.384149 0.399201
vt 0.422564 0.399201
vt 0.460979 0.399208
vt 0.499394 0.399208
vt 0.537809 0.399208
vt 0.576224 0.399208
vt 0.614639 0.399208
vt 0.653054 0.399208
vt 0.691469 0.399208
vt 0.578524 0.499938
vt 0.588306 0.531434
vt 0.463797 0.552837
vt 0.560924 0.472046
vt 0.536704 0.449661
vt 0.507516 0.434307
vt 0.475348 0.427030
vt 0.442394 0.428327
vt 0.410897 0.438109
vt 0.383006 0.455710
vt 0.360621 0.479930
vt 0.345267 0.509118
vt 0.337990 0.541285
vt 0.339287 0.574240
vt 0.349069 0.605736
vt 0.366670 0.633627
vt 0.390890 0.656013
vt 0.420078 0.671367
vt 0.452245 0.678644
vt 0.485200 0.677347
vt 0.516696 0.667564
vt 0.544587 0.649964
vt 0.566973 0.625744
vt 0.582327 0.596556
vt 0.589604 0.564388
vt 0.273911 0.593020
vt 0.259524 0.622697
vt 0.154009 0.553216
vt 0.237945 0.647638
vt 0.210647 0.666145
vt 0.179489 0.676956
vt 0.146595 0.679334
vt 0.114206 0.673118
vt 0.084529 0.658731
vt 0.059588 0.637152
vt 0.041081 0.609854
vt 0.030270 0.578696
vt 0.027891 0.545802
vt 0.034108 0.513413
vt 0.048495 0.483736
vt 0.070073 0.458795
vt 0.097371 0.440288
vt 0.128529 0.429477
vt 0.161424 0.427098
vt 0.193813 0.433315
vt 0.223490 0.447702
vt 0.248431 0.469280
vt 0.266938 0.496578
vt 0.277749 0.527736
vt 0.280128 0.560631
vt 0.592908 0.493286
vt 0.603894 0.488233
vt 0.615841 0.526694
vt 0.603922 0.528732
vt 0.573096 0.461899
vt 0.582399 0.454175
vt 0.545835 0.436709
vt 0.552822 0.426840
vt 0.512984 0.419433
vt 0.517179 0.408092
vt 0.476780 0.411248
vt 0.477897 0.399208
vt 0.439692 0.412712
vt 0.437654 0.400793
vt 0.404246 0.423726
vt 0.399193 0.412740
vt 0.372859 0.443538
vt 0.365135 0.434234
vt 0.347669 0.470798
vt 0.337800 0.463811
vt 0.330393 0.503650
vt 0.319052 0.499455
vt 0.322208 0.539853
vt 0.310167 0.538737
vt 0.323672 0.576942
vt 0.311753 0.578979
vt 0.334685 0.612387
vt 0.323700 0.617441
vt 0.354498 0.643775
vt 0.345194 0.651499
vt 0.381758 0.668965
vt 0.374771 0.678834
vt 0.414610 0.686241
vt 0.410415 0.697582
vt 0.450813 0.694426
vt 0.449697 0.706466
vt 0.487902 0.692962
vt 0.489940 0.704881
vt 0.523347 0.681948
vt 0.528401 0.692934
vt 0.554735 0.662136
vt 0.562459 0.671439
vt 0.579925 0.634875
vt 0.589794 0.641863
vt 0.597201 0.602024
vt 0.608542 0.606219
vt 0.605386 0.565820
vt 0.617426 0.566937
vt 0.288957 0.597996
vt 0.300429 0.601817
vt 0.282861 0.638057
vt 0.272768 0.631398
vt 0.256513 0.668515
vt 0.248487 0.659471
vt 0.223178 0.691116
vt 0.217767 0.680303
vt 0.185130 0.704320
vt 0.182702 0.692474
vt 0.144961 0.707226
vt 0.145682 0.695155
vt 0.105409 0.699636
vt 0.109229 0.688164
vt 0.069169 0.682068
vt 0.075828 0.671975
vt 0.038710 0.655720
vt 0.047755 0.647694
vt 0.016109 0.622385
vt 0.026923 0.616974
vt 0.002906 0.584337
vt 0.014752 0.581909
vt -0.000000 0.544168
vt 0.012071 0.544889
vt 0.007589 0.504616
vt 0.019062 0.508436
vt 0.025157 0.468376
vt 0.035250 0.475035
vt 0.051539 0.437979
vt 0.059842 0.447136
vt 0.084909 0.415484
vt 0.090536 0.426571
vt 0.122909 0.402182
vt 0.125387 0.414305
vt 0.163057 0.399207
vt 0.162337 0.411278
vt 0.202610 0.406796
vt 0.198790 0.418269
vt 0.238850 0.424364
vt 0.232191 0.434457
vt 0.269308 0.450713
vt 0.260264 0.458739
vt 0.291910 0.484048
vt 0.281096 0.489459
vt 0.305113 0.522096
vt 0.293267 0.524523
vt 0.308019 0.562265
vt 0.295948 0.561544
vt 0.000000 0.756475
vt 0.000000 0.717896
vt 0.041667 0.717896
vt 0.041667 0.756475
vt 0.083333 0.717896
vt 0.083333 0.756475
vt 0.125000 0.717896
vt 0.125000 0.756475
vt 0.166666 0.717896
vt 0.166666 0.756475
vt 0.208333 0.717896
vt 0.208333 0.756475
vt 0.250000 0.717896
vt 0.250000 0.756475
vt 0.291666 0.717896
vt 0.291666 0.756475
vt 0.333333 0.717896
vt 0.333333 0.756475
vt 0.374999 0.717896
vt 0.374999 0.756475
vt 0.416666 0.717896
vt 0.416666 0.756475
vt 0.458333 0.717896
vt 0.458333 0.756475
vt 0.499999 0.717896
vt 0.499999 0.756475
vt 0.541666 0.717896
vt 0.541666 0.756475
vt 0.583333 0.717896
vt 0.583333 0.756475
vt 0.624999 0.717896
vt 0.624999 0.756475
vt 0.666666 0.717896
vt 0.666666 0.756475
vt 0.708333 0.717896
vt 0.708333 0.756475
vt 0.750000 0.717896
vt 0.750000 0.756475
vt 0.791666 0.717896
vt 0.791666 0.756475
vt 0.833333 0.717896
vt 0.833333 0.756475
vt 0.875000 0.717896
vt 0.875000 0.756475
vt 0.916667 0.717896
vt 0.916667 0.756475
vt 0.958333 0.717896
vt 0.958333 0.756475
vt 1.000000 0.717896
vt 1.000000 0.756475
vt 0.000000 0.878038
vt 0.000000 0.843205
vt 0.038689 0.843205
vt 0.038689 0.878038
vt 0.077378 0.843205
vt 0.077378 0.878038
vt 0.116067 0.843205
vt 0.116067 0.878038
vt 0.154756 0.843205
vt 0.154756 0.878038
vt 0.193445 0.843205
vt 0.193445 0.878038
vt 0.232134 0.843205
vt 0.232134 0.878038
vt 0.270823 0.843205
vt 0.270823 0.878038
vt 0.309512 0.843205
vt 0.309512 0.878038
vt 0.348201 0.843205
vt 0.348201 0.878038
vt 0.386890 0.843205
vt 0.386890 0.878038
vt 0.425579 0.843205
vt 0.425579 0.878038
vt 0.464268 0.843205
vt 0.464268 0.878038
vt 0.502958 0.843205
vt 0.502958 0.878038
vt 0.541647 0.843205
vt 0.541647 0.878038
vt 0.580336 0.843205
vt 0.580336 0.878038
vt 0.619025 0.843205
vt 0.619025 0.878038
vt 0.657714 0.843205
vt 0.657714 0.878038
vt 0.696403 0.843205
vt 0.696403 0.878038
vt 0.735093 0.843205
vt 0.735093 0.878038
vt 0.773782 0.843205
vt 0.773782 0.878038
vt 0.812471 0.843205
vt 0.812471 0.878038
vt 0.851160 0.843205
vt 0.851160 0.878038
vt 0.889849 0.843205
vt 0.889849 0.878038
vt 0.928538 0.843205
vt 0.928538 0.878038
vt 0.000000 0.820771
vt 0.000000 0.779689
vt 0.034846 0.779689
vt 0.034846 0.820771
vt 0.069693 0.779689
vt 0.069693 0.820771
vt 0.104539 0.779689
vt 0.104539 0.820771
vt 0.139385 0.779689
vt 0.139385 0.820771
vt 0.174231 0.779689
vt 0.174231 0.820771
vt 0.209078 0.779689
vt 0.209078 0.820771
vt 0.243924 0.779689
vt 0.243924 0.820771
vt 0.278770 0.779689
vt 0.278770 0.820771
vt 0.313617 0.779689
vt 0.313617 0.820771
vt 0.348463 0.779689
vt 0.348463 0.820771
vt 0.383309 0.779689
vt 0.383309 0.820771
vt 0.418156 0.779689
vt 0.418156 0.820771
vt 0.453002 0.779689
vt 0.453002 0.820771
vt 0.487848 0.779689
vt 0.487848 0.820771
vt 0.522695 0.779689
vt 0.522695 0.820771
vt 0.557541 0.779689
vt 0.557541 0.820771
vt 0.592387 0.779689
vt 0.592387 0.820771
vt 0.627234 0.779689
vt 0.627234 0.820771
vt 0.662080 0.779689
vt 0.662080 0.820771
vt 0.696927 0.779689
vt 0.696927 0.820771
vt 0.731773 0.779689
vt 0.731773 0.820771
vt 0.766620 0.779689
vt 0.766620 0.820771
vt 0.801466 0.779689
vt 0.801466 0.820771
vt 0.836312 0.779689
vt 0.836312 0.820771
vt 0.000000 0.707224
vt 0.041667 0.707224
vt 0.041667 0.768669
vt 0.000000 0.768669
vt 0.083333 0.707224
vt 0.083333 0.768669
vt 0.125000 0.707224
vt 0.125000 0.768669
vt 0.166666 0.707224
vt 0.166666 0.768669
vt 0.208333 0.707224
vt 0.208333 0.768669
vt 0.250000 0.707224
vt 0.250000 0.768669
vt 0.291666 0.707224
vt 0.291666 0.768669
vt 0.333333 0.707224
vt 0.333333 0.768669
vt 0.374999 0.707224
vt 0.374999 0.768669
vt 0.416666 0.707224
vt 0.416666 0.768669
vt 0.458333 0.707224
vt 0.458333 0.768669
vt 0.499999 0.707224
vt 0.499999 0.768669
vt 0.541666 0.707224
vt 0.541666 0.768669
vt 0.583333 0.707224
vt 0.583333 0.768669
vt 0.624999 0.707224
vt 0.624999 0.768669
vt 0.666666 0.707224
vt 0.666666 0.768669
vt 0.708333 0.707224
vt 0.708333 0.768669
vt 0.750000 0.707224
vt 0.750000 0.768669
vt 0.791666 0.707224
vt 0.791666 0.768669
vt 0.833333 0.707224
vt 0.833333 0.768669
vt 0.875000 0.707224
vt 0.875000 0.768669
vt 0.916667 0.707224
vt 0.916667 0.768669
vt 0.958333 0.707224
vt 0.958333 0.768669
vt 1.000000 0.707224
vt 1.000000 0.768669
vt 0.000000 0.832182
vt 0.038689 0.832182
vt 0.038689 0.887660
vt 0.000000 0.887660
vt 0.077378 0.832182
vt 0.077378 0.887660
vt 0.116067 0.832182
vt 0.116067 0.887660
vt 0.154756 0.832182
vt 0.154756 0.887660
vt 0.193445 0.832182
vt 0.193445 0.887660
vt 0.232134 0.832182
vt 0.232134 0.887660
vt 0.270823 0.832182
vt 0.270823 0.887660
vt 0.309512 0.832182
vt 0.309512 0.887660
vt 0.348201 0.832182
vt 0.348201 0.887660
vt 0.386890 0.832182
vt 0.386890 0.887660
vt 0.425579 0.832182
vt 0.425579 0.887660
vt 0.464268 0.832182
vt 0.464268 0.887660
vt 0.502958 0.832182
vt 0.502958 0.887660
vt 0.541647 0.832182
vt 0.541647 0.887660
vt 0.580336 0.832182
vt 0.580336 0.887660
vt 0.619025 0.832182
vt 0.619025 0.887660
vt 0.657714 0.832182
vt 0.657714 0.887660
vt 0.696403 0.832182
vt 0.696403 0.887660
vt 0.735093 0.832182
vt 0.735093 0.887660
vt 0.773782 0.832182
vt 0.773782 0.887660
vt 0.812471 0.832182
vt 0.812471 0.887660
vt 0.851160 0.832182
vt 0.851160 0.887660
vt 0.889849 0.832182
vt 0.889849 0.887660
vt 0.928538 0.832182
vt 0.928538 0.887660
vt 0.034846 0.768669
vt 0.034846 0.832182
vt 0.069693 0.768669
vt 0.069693 0.832182
vt 0.104539 0.768669
vt 0.104539 0.832182
vt 0.139385 0.768669
vt 0.139385 0.832182
vt 0.174231 0.768669
vt 0.174231 0.832182
vt 0.209078 0.768669
vt 0.209078 0.832182
vt 0.243924 0.768669
vt 0.243924 0.832182
vt 0.278770 0.768669
vt 0.278770 0.832182
vt 0.313617 0.768669
vt 0.313617 0.832182
vt 0.348463 0.768669
vt 0.348463 0.832182
vt 0.383309 0.768669
vt 0.383309 0.832182
vt 0.418156 0.768669
vt 0.418156 0.832182
vt 0.453002 0.768669
vt 0.453002 0.832182
vt 0.487848 0.768669
vt 0.487848 0.832182
vt 0.522695 0.768669
vt 0.522695 0.832182
vt 0.557541 0.768669
vt 0.557541 0.832182
vt 0.592387 0.768669
vt 0.592387 0.832182
vt 0.627234 0.768669
vt 0.627234 0.832182
vt 0.662080 0.768669
vt 0.662080 0.832182
vt 0.696927 0.768669
vt 0.696927 0.832182
vt 0.731773 0.768669
vt 0.731773 0.832182
vt 0.766620 0.768669
vt 0.766620 0.832182
vt 0.801466 0.768669
vt 0.801466 0.832182
vt 0.836312 0.768669
vt 0.836312 0.832182
s 1
usemtl barrel_low_initialShadingGroup
f 1064/1189/963 1062/1191/965 1061/1190/964
f 1062/1191/965 1064/1189/963 1063/1192/964
f 1063/1192/964 1065/1193/966 1062/1191/965
f 1065/1193/966 1063/1192/964 1066/1194/967
f 1066/1194/967 1067/1195/968 1065/1193/966
f 1067/1195/968 1066/1194/967 1068/1196/969
f 1068/1196/969 1069/1197/970 1067/1195/968
f 1069/1197/970 1068/1196/969 1070/1198/971
f 1070/1198/971 1071/1199/972 1069/1197/970
f 1071/1199/972 1070/1198/971 1072/1200/973
f 1072/1201/973 1073/1203/974 1071/1202/972
f 1073/1203/974 1072/1201/973 1074/1204/975
f 1074/1204/975 1075/1205/976 1073/1203/974
f 1075/1205/976 1074/1204/975 1076/1206/977
f 1076/1206/977 1077/1207/978 1075/1205/976
f 1077/1207/978 1076/1206/977 1078/1208/979
f 1078/1208/979 1079/1209/980 1077/1207/978
f 1079/1209/980 1078/1208/979 1080/1210/981
f 1080/1210/981 1081/1211/982 1079/1209/980
f 1081/1211/982 1080/1210/981 1082/1212/983
f 1082/1212/983 1083/1213/984 1081/1211/982
f 1083/1213/984 1082/1212/983 1084/1214/985
f 1084/1214/985 1085/1215/986 1083/1213/984
f 1085/1215/986 1084/1214/985 1086/1216/987
f 1086/1216/987 1087/1217/988 1085/1215/986
f 1087/1217/988 1086/1216/987 1088/1218/989
f 1088/1218/989 1089/1219/990 1087/1217/988
f 1089/1219/990 1088/1218/989 1090/1220/991
f 1090/1220/991 1091/1221/992 1089/1219/990
f 1091/1221/992 1090/1220/991 1092/1222/993
f 1092/1222/993 1093/1223/994 1091/1221/992
f 1093/1223/994 1092/1222/993 1094/1224/995
f 1094/1224/995 1095/1225/996 1093/1223/994
f 1095/1225/996 1094/1224/995 1096/1226/997
f 1096/1226/997 1097/1227/998 1095/1225/996
f 1097/1227/998 1096/1226/997 1098/1228/999
f 1098/1228/999 1099/1229/1000 1097/1227/998
f 1099/1229/1000 1098/1228/999 1100/1230/1001
f 1100/1230/1001 1101/1231/1002 1099/1229/1000
f 1101/1231/1002 1100/1230/1001 1102/1232/1003
f 1102/1232/1003 1103/1233/1004 1101/1231/1002
f 1103/1233/1004 1102/1232/1003 1104/1234/1005
f 1104/1234/1005 1105/1235/1006 1103/1233/1004
f 1105/1235/1006 1104/1234/1005 1106/1236/1007
f 1106/1236/1007 1107/1237/1008 1105/1235/1006
f 1107/1237/1008 1106/1236/1007 1108/1238/1009
f 1108/1238/1009 1061/1190/964 1107/1237/1008
f 1061/1190/964 1108/1238/1009 1064/1189/963
f 1110/1239/1010 1063/1192/964 1064/1189/963
f 1063/1192/964 1110/1239/1010 1109/1240/1011
f 1109/1240/1011 1066/1194/967 1063/1192/964
f 1066/1194/967 1109/1240/1011 1111/1241/1012
f 1111/1241/1012 1068/1196/969 1066/1194/967
f 1068/1196/969 1111/1241/1012 1112/1242/1013
f 1112/1242/1013 1070/1198/971 1068/1196/969
f 1070/1198/971 1112/1242/1013 1113/1243/1014
f 1113/1243/1014 1072/1200/973 1070/1198/971
f 1072/1200/973 1113/1243/1014 1114/1244/1015
f 1114/1245/1015 1074/1204/975 1072/1201/973
f 1074/1204/975 1114/1245/1015 1115/1246/1016
f 1115/1246/1016 1076/1206/977 1074/1204/975
f 1076/1206/977 1115/1246/1016 1116/1247/1017
f 1116/1247/1017 1078/1208/979 1076/1206/977
f 1078/1208/979 1116/1247/1017 1117/1248/1018
f 1117/1248/1018 1080/1210/981 1078/1208/979
f 1080/1210/981 1117/1248/1018 1118/1249/1019
f 1118/1249/1019 1082/1212/983 1080/1210/981
f 1082/1212/983 1118/1249/1019 1119/1250/1020
f 1119/1250/1020 1084/1214/985 1082/1212/983
f 1084/1214/985 1119/1250/1020 1120/1251/1021
f 1120/1251/1021 1086/1216/987 1084/1214/985
f 1086/1216/987 1120/1251/1021 1121/1252/1022
f 1121/1252/1022 1088/1218/989 1086/1216/987
f 1088/1218/989 1121/1252/1022 1122/1253/1023
f 1122/1253/1023 1090/1220/991 1088/1218/989
f 1090/1220/991 1122/1253/1023 1123/1254/1024
f 1123/1254/1024 1092/1222/993 1090/1220/991
f 1092/1222/993 1123/1254/1024 1124/1255/1025
f 1124/1255/1025 1094/1224/995 1092/1222/993
f 1094/1224/995 1124/1255/1025 1125/1256/1026
f 1125/1256/1026 1096/1226/997 1094/1224/995
f 1096/1226/997 1125/1256/1026 1126/1257/1027
f 1126/1257/1027 1098/1228/999 1096/1226/997
f 1098/1228/999 1126/1257/1027 1127/1258/1028
f 1127/1258/1028 1100/1230/1001 1098/1228/999
f 1100/1230/1001 1127/1258/1028 1128/1259/1029
f 1128/1259/1029 1102/1232/1003 1100/1230/1001
f 1102/1232/1003 1128/1259/1029 1129/1260/1030
f 1129/1260/1030 1104/1234/1005 1102/1232/1003
f 1104/1234/1005 1129/1260/1030 1130/1261/1031
f 1130/1261/1031 1106/1236/1007 1104/1234/1005
f 1106/1236/1007 1130/1261/1031 1131/1262/1032
f 1131/1262/1032 1108/1238/1009 1106/1236/1007
f 1108/1238/1009 1131/1262/1032 1132/1263/1033
f 1132/1263/1033 1064/1189/963 1108/1238/1009
f 1064/1189/963 1132/1263/1033 1110/1239/1010
f 1134/1264/1034 1109/1240/1011 1110/1239/1010
f 1109/1240/1011 1134/1264/1034 1133/1265/1035
f 1133/1265/1035 1111/1241/1012 1109/1240/1011
f 1111/1241/1012 1133/1265/1035 1135/1266/1036
f 1135/1266/1036 1112/1242/1013 1111/1241/1012
f 1112/1242/1013 1135/1266/1036 1136/1267/1037
f 1136/1267/1037 1113/1243/1014 1112/1242/1013
f 1113/1243/1014 1136/1267/1037 1137/1268/1038
f 1137/1268/1038 1114/1244/1015 1113/1243/1014
f 1114/1244/1015 1137/1268/1038 1138/1269/1039
f 1138/1270/1039 1115/1246/1016 1114/1245/1015
f 1115/1246/1016 1138/1270/1039 1139/1271/1040
f 1139/1271/1040 1116/1247/1017 1115/1246/1016
f 1116/1247/1017 1139/1271/1040 1140/1272/1041
f 1140/1272/1041 1117/1248/1018 1116/1247/1017
f 1117/1248/1018 1140/1272/1041 1141/1273/1042
f 1141/1273/1042 1118/1249/1019 1117/1248/1018
f 1118/1249/1019 1141/1273/1042 1142/1274/1043
f 1142/1274/1043 1119/1250/1020 1118/1249/1019
f 1119/1250/1020 1142/1274/1043 1143/1275/1044
f 1143/1275/1044 1120/1251/1021 1119/1250/1020
f 1120/1251/1021 1143/1275/1044 1144/1276/1045
f 1144/1276/1045 1121/1252/1022 1120/1251/1021
f 1121/1252/1022 1144/1276/1045 1145/1277/1046
f 1145/1277/1046 1122/1253/1023 1121/1252/1022
f 1122/1253/1023 1145/1277/1046 1146/1278/1047
f 1146/1278/1047 1123/1254/1024 1122/1253/1023
f 1123/1254/1024 1146/1278/1047 1147/1279/1048
f 1147/1279/1048 1124/1255/1025 1123/1254/1024
f 1124/1255/1025 1147/1279/1048 1148/1280/1049
f 1148/1280/1049 1125/1256/1026 1124/1255/1025
f 1125/1256/1026 1148/1280/1049 1149/1281/1050
f 1149/1281/1050 1126/1257/1027 1125/1256/1026
f 1126/1257/1027 1149/1281/1050 1150/1282/1051
f 1150/1282/1051 1127/1258/1028 1126/1257/1027
f 1127/1258/1028 1150/1282/1051 1151/1283/1052
f 1151/1283/1052 1128/1259/1029 1127/1258/1028
f 1128/1259/1029 1151/1283/1052 1152/1284/1053
f 1152/1284/1053 1129/1260/1030 1128/1259/1029
f 1129/1260/1030 1152/1284/1053 1153/1285/1054
f 1153/1285/1054 1130/1261/1031 1129/1260/1030
f 1130/1261/1031 1153/1285/1054 1154/1286/1055
f 1154/1286/1055 1131/1262/1032 1130/1261/1031
f 1131/1262/1032 1154/1286/1055 1155/1287/1056
f 1155/1287/1056 1132/1263/1033 1131/1262/1032
f 1132/1263/1033 1155/1287/1056 1156/1288/1057
f 1156/1288/1057 1110/1239/1010 1132/1263/1033
f 1110/1239/1010 1156/1288/1057 1134/1264/1034
f 1158/1289/1058 1133/1265/1035 1134/1264/1034
f 1133/1265/1035 1158/1289/1058 1157/1290/1059
f 1157/1290/1059 1135/1266/1036 1133/1265/1035
f 1135/1266/1036 1157/1290/1059 1159/1291/1060
f 1159/1291/1060 1136/1267/1037 1135/1266/1036
f 1136/1267/1037 1159/1291/1060 1160/1292/1061
f 1160/1292/1061 1137/1268/1038 1136/1267/1037
f 1137/1268/1038 1160/1292/1061 1161/1293/1062
f 1161/1293/1062 1138/1269/1039 1137/1268/1038
f 1138/1269/1039 1161/1293/1062 1162/1294/1063
f 1162/1295/1063 1139/1271/1040 1138/1270/1039
f 1139/1271/1040 1162/1295/1063 1163/1296/1064
f 1163/1296/1064 1140/1272/1041 1139/1271/1040
f 1140/1272/1041 1163/1296/1064 1164/1297/1065
f 1164/1297/1065 1141/1273/1042 1140/1272/1041
f 1141/1273/1042 1164/1297/1065 1165/1298/1066
f 1165/1298/1066 1142/1274/1043 1141/1273/1042
f 1142/1274/1043 1165/1298/1066 1166/1299/1067
f 1166/1299/1067 1143/1275/1044 1142/1274/1043
f 1143/1275/1044 1166/1299/1067 1167/1300/1068
f 1167/1300/1068 1144/1276/1045 1143/1275/1044
f 1144/1276/1045 1167/1300/1068 1168/1301/1069
f 1168/1301/1069 1145/1277/1046 1144/1276/1045
f 1145/1277/1046 1168/1301/1069 1169/1302/1070
f 1169/1302/1070 1146/1278/1047 1145/1277/1046
f 1146/1278/1047 1169/1302/1070 1170/1303/1071
f 1170/1303/1071 1147/1279/1048 1146/1278/1047
f 1147/1279/1048 1170/1303/1071 1171/1304/1072
f 1171/1304/1072 1148/1280/1049 1147/1279/1048
f 1148/1280/1049 1171/1304/1072 1172/1305/1073
f 1172/1305/1073 1149/1281/1050 1148/1280/1049
f 1149/1281/1050 1172/1305/1073 1173/1306/1074
f 1173/1306/1074 1150/1282/1051 1149/1281/1050
f 1150/1282/1051 1173/1306/1074 1174/1307/1075
f 1174/1307/1075 1151/1283/1052 1150/1282/1051
f 1151/1283/1052 1174/1307/1075 1175/1308/1076
f 1175/1308/1076 1152/1284/1053 1151/1283/1052
f 1152/1284/1053 1175/1308/1076 1176/1309/1077
f 1176/1309/1077 1153/1285/1054 1152/1284/1053
f 1153/1285/1054 1176/1309/1077 1177/1310/1078
f 1177/1310/1078 1154/1286/1055 1153/1285/1054
f 1154/1286/1055 1177/1310/1078 1178/1311/1079
f 1178/1311/1079 1155/1287/1056 1154/1286/1055
f 1155/1287/1056 1178/1311/1079 1179/1312/1080
f 1179/1312/1080 1156/1288/1057 1155/1287/1056
f 1156/1288/1057 1179/1312/1080 1180/1313/1081
f 1180/1313/1081 1134/1264/1034 1156/1288/1057
f 1134/1264/1034 1180/1313/1081 1158/1289/1058
f 1182/1314/1082 1157/1290/1059 1158/1289/1058
f 1157/1290/1059 1182/1314/1082 1181/1315/1083
f 1181/1315/1083 1159/1291/1060 1157/1290/1059
f 1159/1291/1060 1181/1315/1083 1183/1316/1084
f 1183/1316/1084 1160/1292/1061 1159/1291/1060
f 1160/1292/1061 1183/1316/1084 1184/1317/1085
f 1184/1317/1085 1161/1293/1062 1160/1292/1061
f 1161/1293/1062 1184/1317/1085 1185/1318/1086
f 1185/1318/1086 1162/1294/1063 1161/1293/1062
f 1162/1294/1063 1185/1318/1086 1186/1319/1087
f 1186/1320/1087 1163/1296/1064 1162/1295/1063
f 1163/1296/1064 1186/1320/1087 1187/1321/1088
f 1187/1321/1088 1164/1297/1065 1163/1296/1064
f 1164/1297/1065 1187/1321/1088 1188/1322/1089
f 1188/1322/1089 1165/1298/1066 1164/1297/1065
f 1165/1298/1066 1188/1322/1089 1189/1323/1090
f 1189/1323/1090 1166/1299/1067 1165/1298/1066
f 1166/1299/1067 1189/1323/1090 1190/1324/1091
f 1190/1324/1091 1167/1300/1068 1166/1299/1067
f 1167/1300/1068 1190/1324/1091 1191/1325/1092
f 1191/1325/1092 1168/1301/1069 1167/1300/1068
f 1168/1301/1069 1191/1325/1092 1192/1326/1093
f 1192/1326/1093 1169/1302/1070 1168/1301/1069
f 1169/1302/1070 1192/1326/1093 1193/1327/1094
f 1193/1327/1094 1170/1303/1071 1169/1302/1070
f 1170/1303/1071 1193/1327/1094 1194/1328/1095
f 1194/1328/1095 1171/1304/1072 1170/1303/1071
f 1171/1304/1072 1194/1328/1095 1195/1329/1096
f 1195/1329/1096 1172/1305/1073 1171/1304/1072
f 1172/1305/1073 1195/1329/1096 1196/1330/1097
f 1196/1330/1097 1173/1306/1074 1172/1305/1073
f 1173/1306/1074 1196/1330/1097 1197/1331/1098
f 1197/1331/1098 1174/1307/1075 1173/1306/1074
f 1174/1307/1075 1197/1331/1098 1198/1332/1099
f 1198/1332/1099 1175/1308/1076 1174/1307/1075
f 1175/1308/1076 1198/1332/1099 1199/1333/1100
f 1199/1333/1100 1176/1309/1077 1175/1308/1076
f 1176/1309/1077 1199/1333/1100 1200/1334/1101
f 1200/1334/1101 1177/1310/1078 1176/1309/1077
f 1177/1310/1078 1200/1334/1101 1201/1335/1102
f 1201/1335/1102 1178/1311/1079 1177/1310/1078
f 1178/1311/1079 1201/1335/1102 1202/1336/1103
f 1202/1336/1103 1179/1312/1080 1178/1311/1079
f 1179/1312/1080 1202/1336/1103 1203/1337/1104
f 1203/1337/1104 1180/1313/1081 1179/1312/1080
f 1180/1313/1081 1203/1337/1104 1204/1338/1105
f 1204/1338/1105 1158/1289/1058 1180/1313/1081
f 1158/1289/1058 1204/1338/1105 1182/1314/1082
f 1205/1339/1106 1207/1341/1108 1206/1340/1107
f 1208/1342/1109 1207/1341/1108 1205/1339/1106
f 1209/1343/1110 1207/1341/1108 1208/1342/1109
f 1210/1344/1111 1207/1341/1108 1209/1343/1110
f 1211/1345/1112 1207/1341/1108 1210/1344/1111
f 1212/1346/1113 1207/1341/1108 1211/1345/1112
f 1213/1347/1114 1207/1341/1108 1212/1346/1113
f 1214/1348/1115 1207/1341/1108 1213/1347/1114
f 1215/1349/1116 1207/1341/1108 1214/1348/1115
f 1216/1350/1117 1207/1341/1108 1215/1349/1116
f 1217/1351/1118 1207/1341/1108 1216/1350/1117
f 1218/1352/1119 1207/1341/1108 1217/1351/1118
f 1219/1353/1120 1207/1341/1108 1218/1352/1119
f 1220/1354/1121 1207/1341/1108 1219/1353/1120
f 1221/1355/1122 1207/1341/1108 1220/1354/1121
f 1222/1356/1123 1207/1341/1108 1221/1355/1122
f 1223/1357/1124 1207/1341/1108 1222/1356/1123
f 1224/1358/1125 1207/1341/1108 1223/1357/1124
f 1225/1359/1126 1207/1341/1108 1224/1358/1125
f 1226/1360/1127 1207/1341/1108 1225/1359/1126
f 1227/1361/1128 1207/1341/1108 1226/1360/1127
f 1228/1362/1129 1207/1341/1108 1227/1361/1128
f 1229/1363/1130 1207/1341/1108 1228/1362/1129
f 1206/1340/1107 1207/1341/1108 1229/1363/1130
f 1230/1364/1131 1232/1366/1133 1231/1365/1132
f 1231/1365/1132 1232/1366/1133 1233/1367/1134
f 1233/1367/1134 1232/1366/1133 1234/1368/1135
f 1234/1368/1135 1232/1366/1133 1235/1369/1136
f 1235/1369/1136 1232/1366/1133 1236/1370/1137
f 1236/1370/1137 1232/1366/1133 1237/1371/1138
f 1237/1371/1138 1232/1366/1133 1238/1372/1139
f 1238/1372/1139 1232/1366/1133 1239/1373/1140
f 1239/1373/1140 1232/1366/1133 1240/1374/1141
f 1240/1374/1141 1232/1366/1133 1241/1375/1142
f 1241/1375/1142 1232/1366/1133 1242/1376/1143
f 1242/1376/1143 1232/1366/1133 1243/1377/1144
f 1243/1377/1144 1232/1366/1133 1244/1378/1145
f 1244/1378/1145 1232/1366/1133 1245/1379/1146
f 1245/1379/1146 1232/1366/1133 1246/1380/1147
f 1246/1380/1147 1232/1366/1133 1247/1381/1148
f 1247/1381/1148 1232/1366/1133 1248/1382/1149
f 1248/1382/1149 1232/1366/1133 1249/1383/1150
f 1249/1383/1150 1232/1366/1133 1250/1384/1151
f 1250/1384/1151 1232/1366/1133 1251/1385/1152
f 1251/1385/1152 1232/1366/1133 1252/1386/1153
f 1252/1386/1153 1232/1366/1133 1253/1387/1154
f 1253/1387/1154 1232/1366/1133 1254/1388/1155
f 1254/1388/1155 1232/1366/1133 1230/1364/1131
f 1256/1389/1156 1061/1391/964 1062/1390/965
f 1061/1391/964 1256/1389/1156 1255/1392/1157
f 1257/1393/1158 1062/1390/965 1065/1394/966
f 1062/1390/965 1257/1393/1158 1256/1389/1156
f 1258/1395/1159 1065/1394/966 1067/1396/968
f 1065/1394/966 1258/1395/1159 1257/1393/1158
f 1259/1397/1160 1067/1396/968 1069/1398/970
f 1067/1396/968 1259/1397/1160 1258/1395/1159
f 1260/1399/1161 1069/1398/970 1071/1400/972
f 1069/1398/970 1260/1399/1161 1259/1397/1160
f 1261/1401/1162 1071/1400/972 1073/1402/974
f 1071/1400/972 1261/1401/1162 1260/1399/1161
f 1262/1403/1163 1073/1402/974 1075/1404/976
f 1073/1402/974 1262/1403/1163 1261/1401/1162
f 1263/1405/1164 1075/1404/976 1077/1406/978
f 1075/1404/976 1263/1405/1164 1262/1403/1163
f 1264/1407/1165 1077/1406/978 1079/1408/980
f 1077/1406/978 1264/1407/1165 1263/1405/1164
f 1265/1409/1166 1079/1408/980 1081/1410/982
f 1079/1408/980 1265/1409/1166 1264/1407/1165
f 1266/1411/1167 1081/1410/982 1083/1412/984
f 1081/1410/982 1266/1411/1167 1265/1409/1166
f 1267/1413/1168 1083/1412/984 1085/1414/986
f 1083/1412/984 1267/1413/1168 1266/1411/1167
f 1268/1415/1169 1085/1414/986 1087/1416/988
f 1085/1414/986 1268/1415/1169 1267/1413/1168
f 1269/1417/1170 1087/1416/988 1089/1418/990
f 1087/1416/988 1269/1417/1170 1268/1415/1169
f 1270/1419/1171 1089/1418/990 1091/1420/992
f 1089/1418/990 1270/1419/1171 1269/1417/1170
f 1271/1421/1172 1091/1420/992 1093/1422/994
f 1091/1420/992 1271/1421/1172 1270/1419/1171
f 1272/1423/1173 1093/1422/994 1095/1424/996
f 1093/1422/994 1272/1423/1173 1271/1421/1172
f 1273/1425/1174 1095/1424/996 1097/1426/998
f 1095/1424/996 1273/1425/1174 1272/1423/1173
f 1274/1427/1175 1097/1426/998 1099/1428/1000
f 1097/1426/998 1274/1427/1175 1273/1425/1174
f 1275/1429/1176 1099/1428/1000 1101/1430/1002
f 1099/1428/1000 1275/1429/1176 1274/1427/1175
f 1276/1431/1177 1101/1430/1002 1103/1432/1004
f 1101/1430/1002 1276/1431/1177 1275/1429/1176
f 1277/1433/1178 1103/1432/1004 1105/1434/1006
f 1103/1432/1004 1277/1433/1178 1276/1431/1177
f 1278/1435/1179 1105/1434/1006 1107/1436/1008
f 1105/1434/1006 1278/1435/1179 1277/1433/1178
f 1255/1392/1157 1107/1436/1008 1061/1391/964
f 1107/1436/1008 1255/1392/1157 1278/1435/1179
f 1280/1437/1180 1181/1439/1083 1182/1438/1082
f 1181/1439/1083 1280/1437/1180 1279/1440/1181
f 1279/1440/1181 1183/1441/1084 1181/1439/1083
f 1183/1441/1084 1279/1440/1181 1281/1442/1182
f 1281/1442/1182 1184/1443/1085 1183/1441/1084
f 1184/1443/1085 1281/1442/1182 1282/1444/1183
f 1282/1444/1183 1185/1445/1086 1184/1443/1085
f 1185/1445/1086 1282/1444/1183 1283/1446/1184
f 1283/1446/1184 1186/1447/1087 1185/1445/1086
f 1186/1447/1087 1283/1446/1184 1284/1448/1185
f 1284/1448/1185 1187/1449/1088 1186/1447/1087
f 1187/1449/1088 1284/1448/1185 1285/1450/1186
f 1285/1450/1186 1188/1451/1089 1187/1449/1088
f 1188/1451/1089 1285/1450/1186 1286/1452/1187
f 1286/1452/1187 1189/1453/1090 1188/1451/1089
f 1189/1453/1090 1286/1452/1187 1287/1454/1188
f 1287/1454/1188 1190/1455/1091 1189/1453/1090
f 1190/1455/1091 1287/1454/1188 1288/1456/1189
f 1288/1456/1189 1191/1457/1092 1190/1455/1091
f 1191/1457/1092 1288/1456/1189 1289/1458/1190
f 1289/1458/1190 1192/1459/1093 1191/1457/1092
f 1192/1459/1093 1289/1458/1190 1290/1460/1191
f 1290/1460/1191 1193/1461/1094 1192/1459/1093
f 1193/1461/1094 1290/1460/1191 1291/1462/1192
f 1291/1462/1192 1194/1463/1095 1193/1461/1094
f 1194/1463/1095 1291/1462/1192 1292/1464/1193
f 1292/1464/1193 1195/1465/1096 1194/1463/1095
f 1195/1465/1096 1292/1464/1193 1293/1466/1194
f 1293/1466/1194 1196/1467/1097 1195/1465/1096
f 1196/1467/1097 1293/1466/1194 1294/1468/1195
f 1294/1468/1195 1197/1469/1098 1196/1467/1097
f 1197/1469/1098 1294/1468/1195 1295/1470/1196
f 1295/1470/1196 1198/1471/1099 1197/1469/1098
f 1198/1471/1099 1295/1470/1196 1296/1472/1197
f 1296/1472/1197 1199/1473/1100 1198/1471/1099
f 1199/1473/1100 1296/1472/1197 1297/1474/1198
f 1297/1474/1198 1200/1475/1101 1199/1473/1100
f 1200/1475/1101 1297/1474/1198 1298/1476/1199
f 1298/1476/1199 1201/1477/1102 1200/1475/1101
f 1201/1477/1102 1298/1476/1199 1299/1478/1200
f 1299/1478/1200 1202/1479/1103 1201/1477/1102
f 1202/1479/1103 1299/1478/1200 1300/1480/1201
f 1300/1480/1201 1203/1481/1104 1202/1479/1103
f 1203/1481/1104 1300/1480/1201 1301/1482/1202
f 1301/1482/1202 1204/1483/1105 1203/1481/1104
f 1204/1483/1105 1301/1482/1202 1302/1484/1203
f 1302/1484/1203 1182/1438/1082 1204/1483/1105
f 1182/1438/1082 1302/1484/1203 1280/1437/1180
f 1205/1339/1106 1255/1392/1157 1256/1389/1156
f 1255/1392/1157 1205/1339/1106 1206/1340/1107
f 1208/1342/1109 1256/1389/1156 1257/1393/1158
f 1256/1389/1156 1208/1342/1109 1205/1339/1106
f 1209/1343/1110 1257/1393/1158 1258/1395/1159
f 1257/1393/1158 1209/1343/1110 1208/1342/1109
f 1210/1344/1111 1258/1395/1159 1259/1397/1160
f 1258/1395/1159 1210/1344/1111 1209/1343/1110
f 1211/1345/1112 1259/1397/1160 1260/1399/1161
f 1259/1397/1160 1211/1345/1112 1210/1344/1111
f 1212/1346/1113 1260/1399/1161 1261/1401/1162
f 1260/1399/1161 1212/1346/1113 1211/1345/1112
f 1213/1347/1114 1261/1401/1162 1262/1403/1163
f 1261/1401/1162 1213/1347/1114 1212/1346/1113
f 1214/1348/1115 1262/1403/1163 1263/1405/1164
f 1262/1403/1163 1214/1348/1115 1213/1347/1114
f 1215/1349/1116 1263/1405/1164 1264/1407/1165
f 1263/1405/1164 1215/1349/1116 1214/1348/1115
f 1216/1350/1117 1264/1407/1165 1265/1409/1166
f 1264/1407/1165 1216/1350/1117 1215/1349/1116
f 1217/1351/1118 1265/1409/1166 1266/1411/1167
f 1265/1409/1166 1217/1351/1118 1216/1350/1117
f 1218/1352/1119 1266/1411/1167 1267/1413/1168
f 1266/1411/1167 1218/1352/1119 1217/1351/1118
f 1219/1353/1120 1267/1413/1168 1268/1415/1169
f 1267/1413/1168 1219/1353/1120 1218/1352/1119
f 1220/1354/1121 1268/1415/1169 1269/1417/1170
f 1268/1415/1169 1220/1354/1121 1219/1353/1120
f 1221/1355/1122 1269/1417/1170 1270/1419/1171
f 1269/1417/1170 1221/1355/1122 1220/1354/1121
f 1222/1356/1123 1270/1419/1171 1271/1421/1172
f 1270/1419/1171 1222/1356/1123 1221/1355/1122
f 1223/1357/1124 1271/1421/1172 1272/1423/1173
f 1271/1421/1172 1223/1357/1124 1222/1356/1123
f 1224/1358/1125 1272/1423/1173 1273/1425/1174
f 1272/1423/1173 1224/1358/1125 1223/1357/1124
f 1225/1359/1126 1273/1425/1174 1274/1427/1175
f 1273/1425/1174 1225/1359/1126 1224/1358/1125
f 1226/1360/1127 1274/1427/1175 1275/1429/1176
f 1274/1427/1175 1226/1360/1127 1225/1359/1126
f 1227/1361/1128 1275/1429/1176 1276/1431/1177
f 1275/1429/1176 1227/1361/1128 1226/1360/1127
f 1228/1362/1129 1276/1431/1177 1277/1433/1178
f 1276/1431/1177 1228/1362/1129 1227/1361/1128
f 1229/1363/1130 1277/1433/1178 1278/1435/1179
f 1277/1433/1178 1229/1363/1130 1228/1362/1129
f 1206/1340/1107 1278/1435/1179 1255/1392/1157
f 1278/1435/1179 1206/1340/1107 1229/1363/1130
f 1230/1364/1131 1279/1440/1181 1280/1437/1180
f 1279/1440/1181 1230/1364/1131 1231/1365/1132
f 1231/1365/1132 1281/1442/1182 1279/1440/1181
f 1281/1442/1182 1231/1365/1132 1233/1367/1134
f 1233/1367/1134 1282/1444/1183 1281/1442/1182
f 1282/1444/1183 1233/1367/1134 1234/1368/1135
f 1234/1368/1135 1283/1446/1184 1282/1444/1183
f 1283/1446/1184 1234/1368/1135 1235/1369/1136
f 1235/1369/1136 1284/1448/1185 1283/1446/1184
f 1284/1448/1185 1235/1369/1136 1236/1370/1137
f 1236/1370/1137 1285/1450/1186 1284/1448/1185
f 1285/1450/1186 1236/1370/1137 1237/1371/1138
f 1237/1371/1138 1286/1452/1187 1285/1450/1186
f 1286/1452/1187 1237/1371/1138 1238/1372/1139
f 1238/1372/1139 1287/1454/1188 1286/1452/1187
f 1287/1454/1188 1238/1372/1139 1239/1373/1140
f 1239/1373/1140 1288/1456/1189 1287/1454/1188
f 1288/1456/1189 1239/1373/1140 1240/1374/1141
f 1240/1374/1141 1289/1458/1190 1288/1456/1189
f 1289/1458/1190 1240/1374/1141 1241/1375/1142
f 1241/1375/1142 1290/1460/1191 1289/1458/1190
f 1290/1460/1191 1241/1375/1142 1242/1376/1143
f 1242/1376/1143 1291/1462/1192 1290/1460/1191
f 1291/1462/1192 1242/1376/1143 1243/1377/1144
f 1243/1377/1144 1292/1464/1193 1291/1462/1192
f 1292/1464/1193 1243/1377/1144 1244/1378/1145
f 1244/1378/1145 1293/1466/1194 1292/1464/1193
f 1293/1466/1194 1244/1378/1145 1245/1379/1146
f 1245/1379/1146 1294/1468/1195 1293/1466/1194
f 1294/1468/1195 1245/1379/1146 1246/1380/1147
f 1246/1380/1147 1295/1470/1196 1294/1468/1195
f 1295/1470/1196 1246/1380/1147 1247/1381/1148
f 1247/1381/1148 1296/1472/1197 1295/1470/1196
f 1296/1472/1197 1247/1381/1148 1248/1382/1149
f 1248/1382/1149 1297/1474/1198 1296/1472/1197
f 1297/1474/1198 1248/1382/1149 1249/1383/1150
f 1249/1383/1150 1298/1476/1199 1297/1474/1198
f 1298/1476/1199 1249/1383/1150 1250/1384/1151
f 1250/1384/1151 1299/1478/1200 1298/1476/1199
f 1299/1478/1200 1250/1384/1151 1251/1385/1152
f 1251/1385/1152 1300/1480/1201 1299/1478/1200
f 1300/1480/1201 1251/1385/1152 1252/1386/1153
f 1252/1386/1153 1301/1482/1202 1300/1480/1201
f 1301/1482/1202 1252/1386/1153 1253/1387/1154
f 1253/1387/1154 1302/1484/1203 1301/1482/1202
f 1302/1484/1203 1253/1387/1154 1254/1388/1155
f 1254/1388/1155 1280/1437/1180 1302/1484/1203
f 1280/1437/1180 1254/1388/1155 1230/1364/1131
f 1306/1485/1204 1304/1487/1206 1303/1486/1205
f 1304/1487/1206 1306/1485/1204 1305/1488/1207
f 1305/1488/1207 1307/1489/1208 1304/1487/1206
f 1307/1489/1208 1305/1488/1207 1308/1490/1209
f 1308/1490/1209 1309/1491/1210 1307/1489/1208
f 1309/1491/1210 1308/1490/1209 1310/1492/1211
f 1310/1492/1211 1311/1493/1212 1309/1491/1210
f 1311/1493/1212 1310/1492/1211 1312/1494/1213
f 1312/1494/1213 1313/1495/1214 1311/1493/1212
f 1313/1495/1214 1312/1494/1213 1314/1496/1215
f 1314/1496/1215 1315/1497/1216 1313/1495/1214
f 1315/1497/1216 1314/1496/1215 1316/1498/1217
f 1316/1498/1217 1317/1499/1218 1315/1497/1216
f 1317/1499/1218 1316/1498/1217 1318/1500/1219
f 1318/1500/1219 1319/1501/1220 1317/1499/1218
f 1319/1501/1220 1318/1500/1219 1320/1502/1221
f 1320/1502/1221 1321/1503/1222 1319/1501/1220
f 1321/1503/1222 1320/1502/1221 1322/1504/1223
f 1322/1504/1223 1323/1505/1224 1321/1503/1222
f 1323/1505/1224 1322/1504/1223 1324/1506/1225
f 1324/1506/1225 1325/1507/1226 1323/1505/1224
f 1325/1507/1226 1324/1506/1225 1326/1508/1227
f 1326/1508/1227 1327/1509/1228 1325/1507/1226
f 1327/1509/1228 1326/1508/1227 1328/1510/1229
f 1328/1510/1229 1329/1511/1230 1327/1509/1228
f 1329/1511/1230 1328/1510/1229 1330/1512/1231
f 1330/1512/1231 1331/1513/1232 1329/1511/1230
f 1331/1513/1232 1330/1512/1231 1332/1514/1233
f 1332/1514/1233 1333/1515/1234 1331/1513/1232
f 1333/1515/1234 1332/1514/1233 1334/1516/1235
f 1334/1516/1235 1335/1517/1236 1333/1515/1234
f 1335/1517/1236 1334/1516/1235 1336/1518/1237
f 1336/1518/1237 1337/1519/1238 1335/1517/1236
f 1337/1519/1238 1336/1518/1237 1338/1520/1239
f 1338/1520/1239 1339/1521/1240 1337/1519/1238
f 1339/1521/1240 1338/1520/1239 1340/1522/1241
f 1340/1522/1241 1341/1523/1242 1339/1521/1240
f 1341/1523/1242 1340/1522/1241 1342/1524/1243
f 1342/1524/1243 1343/1525/1244 1341/1523/1242
f 1343/1525/1244 1342/1524/1243 1344/1526/1245
f 1344/1526/1245 1345/1527/1246 1343/1525/1244
f 1345/1527/1246 1344/1526/1245 1346/1528/1247
f 1346/1528/1247 1347/1529/1248 1345/1527/1246
f 1347/1529/1248 1346/1528/1247 1348/1530/1249
f 1348/1530/1249 1349/1531/1250 1347/1529/1248
f 1349/1531/1250 1348/1530/1249 1350/1532/1251
f 1350/1532/1251 1303/1533/1205 1349/1531/1250
f 1303/1533/1205 1350/1532/1251 1306/1534/1204
f 1354/1535/1252 1352/1537/1254 1351/1536/1253
f 1352/1537/1254 1354/1535/1252 1353/1538/1255
f 1353/1538/1255 1355/1539/1256 1352/1537/1254
f 1355/1539/1256 1353/1538/1255 1356/1540/1257
f 1356/1540/1257 1357/1541/1258 1355/1539/1256
f 1357/1541/1258 1356/1540/1257 1358/1542/1259
f 1358/1542/1259 1359/1543/1260 1357/1541/1258
f 1359/1543/1260 1358/1542/1259 1360/1544/1261
f 1360/1544/1261 1361/1545/1262 1359/1543/1260
f 1361/1545/1262 1360/1544/1261 1362/1546/1263
f 1362/1546/1263 1363/1547/1264 1361/1545/1262
f 1363/1547/1264 1362/1546/1263 1364/1548/1265
f 1364/1548/1265 1365/1549/1266 1363/1547/1264
f 1365/1549/1266 1364/1548/1265 1366/1550/1267
f 1366/1550/1267 1367/1551/1268 1365/1549/1266
f 1367/1551/1268 1366/1550/1267 1368/1552/1269
f 1368/1552/1269 1369/1553/1270 1367/1551/1268
f 1369/1553/1270 1368/1552/1269 1370/1554/1271
f 1370/1554/1271 1371/1555/1272 1369/1553/1270
f 1371/1555/1272 1370/1554/1271 1372/1556/1273
f 1372/1556/1273 1373/1557/1274 1371/1555/1272
f 1373/1557/1274 1372/1556/1273 1374/1558/1275
f 1374/1558/1275 1375/1559/1276 1373/1557/1274
f 1375/1559/1276 1374/1558/1275 1376/1560/1277
f 1376/1560/1277 1377/1561/1278 1375/1559/1276
f 1377/1561/1278 1376/1560/1277 1378/1562/1279
f 1378/1562/1279 1379/1563/1280 1377/1561/1278
f 1379/1563/1280 1378/1562/1279 1380/1564/1281
f 1380/1564/1281 1381/1565/1282 1379/1563/1280
f 1381/1565/1282 1380/1564/1281 1382/1566/1283
f 1382/1566/1283 1383/1567/1284 1381/1565/1282
f 1383/1567/1284 1382/1566/1283 1384/1568/1285
f 1384/1568/1285 1385/1569/1286 1383/1567/1284
f 1385/1569/1286 1384/1568/1285 1386/1570/1287
f 1386/1570/1287 1387/1571/1288 1385/1569/1286
f 1387/1571/1288 1386/1570/1287 1388/1572/1289
f 1388/1572/1289 1389/1573/1290 1387/1571/1288
f 1389/1573/1290 1388/1572/1289 1390/1574/1291
f 1390/1574/1291 1391/1575/1292 1389/1573/1290
f 1391/1575/1292 1390/1574/1291 1392/1576/1293
f 1392/1576/1293 1393/1577/1294 1391/1575/1292
f 1393/1577/1294 1392/1576/1293 1394/1578/1295
f 1394/1578/1295 1395/1579/1296 1393/1577/1294
f 1395/1579/1296 1394/1578/1295 1396/1580/1297
f 1396/1580/1297 1397/1581/1298 1395/1579/1296
f 1397/1581/1298 1396/1580/1297 1398/1582/1299
f 1398/1582/1299 1351/1583/1253 1397/1581/1298
f 1351/1583/1253 1398/1582/1299 1354/1584/1252
f 1402/1585/1300 1400/1587/1302 1399/1586/1301
f 1400/1587/1302 1402/1585/1300 1401/1588/1303
f 1401/1588/1303 1403/1589/1304 1400/1587/1302
f 1403/1589/1304 1401/1588/1303 1404/1590/1305
f 1404/1590/1305 1405/1591/1306 1403/1589/1304
f 1405/1591/1306 1404/1590/1305 1406/1592/1307
f 1406/1592/1307 1407/1593/1308 1405/1591/1306
f 1407/1593/1308 1406/1592/1307 1408/1594/1309
f 1408/1594/1309 1409/1595/1310 1407/1593/1308
f 1409/1595/1310 1408/1594/1309 1410/1596/1311
f 1410/1596/1311 1411/1597/1312 1409/1595/1310
f 1411/1597/1312 1410/1596/1311 1412/1598/1313
f 1412/1598/1313 1413/1599/1314 1411/1597/1312
f 1413/1599/1314 1412/1598/1313 1414/1600/1315
f 1414/1600/1315 1415/1601/1316 1413/1599/1314
f 1415/1601/1316 1414/1600/1315 1416/1602/1317
f 1416/1602/1317 1417/1603/1318 1415/1601/1316
f 1417/1603/1318 1416/1602/1317 1418/1604/1319
f 1418/1604/1319 1419/1605/1320 1417/1603/1318
f 1419/1605/1320 1418/1604/1319 1420/1606/1321
f 1420/1606/1321 1421/1607/1322 1419/1605/1320
f 1421/1607/1322 1420/1606/1321 1422/1608/1323
f 1422/1608/1323 1423/1609/1324 1421/1607/1322
f 1423/1609/1324 1422/1608/1323 1424/1610/1325
f 1424/1610/1325 1425/1611/1326 1423/1609/1324
f 1425/1611/1326 1424/1610/1325 1426/1612/1327
f 1426/1612/1327 1427/1613/1328 1425/1611/1326
f 1427/1613/1328 1426/1612/1327 1428/1614/1329
f 1428/1614/1329 1429/1615/1330 1427/1613/1328
f 1429/1615/1330 1428/1614/1329 1430/1616/1331
f 1430/1616/1331 1431/1617/1332 1429/1615/1330
f 1431/1617/1332 1430/1616/1331 1432/1618/1333
f 1432/1618/1333 1433/1619/1334 1431/1617/1332
f 1433/1619/1334 1432/1618/1333 1434/1620/1335
f 1434/1620/1335 1435/1621/1336 1433/1619/1334
f 1435/1621/1336 1434/1620/1335 1436/1622/1337
f 1436/1622/1337 1437/1623/1338 1435/1621/1336
f 1437/1623/1338 1436/1622/1337 1438/1624/1339
f 1438/1624/1339 1439/1625/1340 1437/1623/1338
f 1439/1625/1340 1438/1624/1339 1440/1626/1341
f 1440/1626/1341 1441/1627/1342 1439/1625/1340
f 1441/1627/1342 1440/1626/1341 1442/1628/1343
f 1442/1628/1343 1443/1629/1344 1441/1627/1342
f 1443/1629/1344 1442/1628/1343 1444/1630/1345
f 1444/1630/1345 1445/1631/1346 1443/1629/1344
f 1445/1631/1346 1444/1630/1345 1446/1632/1347
f 1446/1632/1347 1399/1633/1301 1445/1631/1346
f 1399/1633/1301 1446/1632/1347 1402/1634/1300
f 1303/1486/1205 1448/1636/1108 1447/1635/1108
f 1448/1636/1108 1303/1486/1205 1304/1487/1206
f 1305/1488/1207 1450/1638/1133 1449/1637/1133
f 1450/1638/1133 1305/1488/1207 1306/1485/1204
f 1304/1487/1206 1451/1639/1108 1448/1636/1108
f 1451/1639/1108 1304/1487/1206 1307/1489/1208
f 1308/1490/1209 1449/1637/1133 1452/1640/1133
f 1449/1637/1133 1308/1490/1209 1305/1488/1207
f 1307/1489/1208 1453/1641/1108 1451/1639/1108
f 1453/1641/1108 1307/1489/1208 1309/1491/1210
f 1310/1492/1211 1452/1640/1133 1454/1642/1133
f 1452/1640/1133 1310/1492/1211 1308/1490/1209
f 1309/1491/1210 1455/1643/1108 1453/1641/1108
f 1455/1643/1108 1309/1491/1210 1311/1493/1212
f 1312/1494/1213 1454/1642/1133 1456/1644/1133
f 1454/1642/1133 1312/1494/1213 1310/1492/1211
f 1311/1493/1212 1457/1645/1108 1455/1643/1108
f 1457/1645/1108 1311/1493/1212 1313/1495/1214
f 1314/1496/1215 1456/1644/1133 1458/1646/1133
f 1456/1644/1133 1314/1496/1215 1312/1494/1213
f 1313/1495/1214 1459/1647/1108 1457/1645/1108
f 1459/1647/1108 1313/1495/1214 1315/1497/1216
f 1316/1498/1217 1458/1646/1133 1460/1648/1133
f 1458/1646/1133 1316/1498/1217 1314/1496/1215
f 1315/1497/1216 1461/1649/1108 1459/1647/1108
f 1461/1649/1108 1315/1497/1216 1317/1499/1218
f 1318/1500/1219 1460/1648/1133 1462/1650/1133
f 1460/1648/1133 1318/1500/1219 1316/1498/1217
f 1317/1499/1218 1463/1651/1108 1461/1649/1108
f 1463/1651/1108 1317/1499/1218 1319/1501/1220
f 1320/1502/1221 1462/1650/1133 1464/1652/1133
f 1462/1650/1133 1320/1502/1221 1318/1500/1219
f 1319/1501/1220 1465/1653/1108 1463/1651/1108
f 1465/1653/1108 1319/1501/1220 1321/1503/1222
f 1322/1504/1223 1464/1652/1133 1466/1654/1133
f 1464/1652/1133 1322/1504/1223 1320/1502/1221
f 1321/1503/1222 1467/1655/1108 1465/1653/1108
f 1467/1655/1108 1321/1503/1222 1323/1505/1224
f 1324/1506/1225 1466/1654/1133 1468/1656/1133
f 1466/1654/1133 1324/1506/1225 1322/1504/1223
f 1323/1505/1224 1469/1657/1108 1467/1655/1108
f 1469/1657/1108 1323/1505/1224 1325/1507/1226
f 1326/1508/1227 1468/1656/1133 1470/1658/1133
f 1468/1656/1133 1326/1508/1227 1324/1506/1225
f 1325/1507/1226 1471/1659/1108 1469/1657/1108
f 1471/1659/1108 1325/1507/1226 1327/1509/1228
f 1328/1510/1229 1470/1658/1133 1472/1660/1133
f 1470/1658/1133 1328/1510/1229 1326/1508/1227
f 1327/1509/1228 1473/1661/1108 1471/1659/1108
f 1473/1661/1108 1327/1509/1228 1329/1511/1230
f 1330/1512/1231 1472/1660/1133 1474/1662/1133
f 1472/1660/1133 1330/1512/1231 1328/1510/1229
f 1329/1511/1230 1475/1663/1108 1473/1661/1108
f 1475/1663/1108 1329/1511/1230 1331/1513/1232
f 1332/1514/1233 1474/1662/1133 1476/1664/1133
f 1474/1662/1133 1332/1514/1233 1330/1512/1231
f 1331/1513/1232 1477/1665/1108 1475/1663/1108
f 1477/1665/1108 1331/1513/1232 1333/1515/1234
f 1334/1516/1235 1476/1664/1133 1478/1666/1133
f 1476/1664/1133 1334/1516/1235 1332/1514/1233
f 1333/1515/1234 1479/1667/1108 1477/1665/1108
f 1479/1667/1108 1333/1515/1234 1335/1517/1236
f 1336/1518/1237 1478/1666/1133 1480/1668/1133
f 1478/1666/1133 1336/1518/1237 1334/1516/1235
f 1335/1517/1236 1481/1669/1108 1479/1667/1108
f 1481/1669/1108 1335/1517/1236 1337/1519/1238
f 1338/1520/1239 1480/1668/1133 1482/1670/1133
f 1480/1668/1133 1338/1520/1239 1336/1518/1237
f 1337/1519/1238 1483/1671/1108 1481/1669/1108
f 1483/1671/1108 1337/1519/1238 1339/1521/1240
f 1340/1522/1241 1482/1670/1133 1484/1672/1133
f 1482/1670/1133 1340/1522/1241 1338/1520/1239
f 1339/1521/1240 1485/1673/1108 1483/1671/1108
f 1485/1673/1108 1339/1521/1240 1341/1523/1242
f 1342/1524/1243 1484/1672/1133 1486/1674/1133
f 1484/1672/1133 1342/1524/1243 1340/1522/1241
f 1341/1523/1242 1487/1675/1108 1485/1673/1108
f 1487/1675/1108 1341/1523/1242 1343/1525/1244
f 1344/1526/1245 1486/1674/1133 1488/1676/1133
f 1486/1674/1133 1344/1526/1245 1342/1524/1243
f 1343/1525/1244 1489/1677/1108 1487/1675/1108
f 1489/1677/1108 1343/1525/1244 1345/1527/1246
f 1346/1528/1247 1488/1676/1133 1490/1678/1133
f 1488/1676/1133 1346/1528/1247 1344/1526/1245
f 1345/1527/1246 1491/1679/1108 1489/1677/1108
f 1491/1679/1108 1345/1527/1246 1347/1529/1248
f 1348/1530/1249 1490/1678/1133 1492/1680/1133
f 1490/1678/1133 1348/1530/1249 1346/1528/1247
f 1347/1529/1248 1493/1681/1108 1491/1679/1108
f 1493/1681/1108 1347/1529/1248 1349/1531/1250
f 1350/1532/1251 1492/1680/1133 1494/1682/1133
f 1492/1680/1133 1350/1532/1251 1348/1530/1249
f 1349/1531/1250 1447/1683/1108 1493/1681/1108
f 1447/1683/1108 1349/1531/1250 1303/1533/1205
f 1306/1534/1204 1494/1682/1133 1450/1684/1133
f 1494/1682/1133 1306/1534/1204 1350/1532/1251
f 1351/1536/1253 1496/1686/1349 1495/1685/1348
f 1496/1686/1349 1351/1536/1253 1352/1537/1254
f 1353/1538/1255 1498/1688/1351 1497/1687/1350
f 1498/1688/1351 1353/1538/1255 1354/1535/1252
f 1352/1537/1254 1499/1689/1352 1496/1686/1349
f 1499/1689/1352 1352/1537/1254 1355/1539/1256
f 1356/1540/1257 1497/1687/1350 1500/1690/1353
f 1497/1687/1350 1356/1540/1257 1353/1538/1255
f 1355/1539/1256 1501/1691/1354 1499/1689/1352
f 1501/1691/1354 1355/1539/1256 1357/1541/1258
f 1358/1542/1259 1500/1690/1353 1502/1692/1355
f 1500/1690/1353 1358/1542/1259 1356/1540/1257
f 1357/1541/1258 1503/1693/1356 1501/1691/1354
f 1503/1693/1356 1357/1541/1258 1359/1543/1260
f 1360/1544/1261 1502/1692/1355 1504/1694/1357
f 1502/1692/1355 1360/1544/1261 1358/1542/1259
f 1359/1543/1260 1505/1695/1358 1503/1693/1356
f 1505/1695/1358 1359/1543/1260 1361/1545/1262
f 1362/1546/1263 1504/1694/1357 1506/1696/1359
f 1504/1694/1357 1362/1546/1263 1360/1544/1261
f 1361/1545/1262 1507/1697/1360 1505/1695/1358
f 1507/1697/1360 1361/1545/1262 1363/1547/1264
f 1364/1548/1265 1506/1696/1359 1508/1698/1361
f 1506/1696/1359 1364/1548/1265 1362/1546/1263
f 1363/1547/1264 1509/1699/1362 1507/1697/1360
f 1509/1699/1362 1363/1547/1264 1365/1549/1266
f 1366/1550/1267 1508/1698/1361 1510/1700/1363
f 1508/1698/1361 1366/1550/1267 1364/1548/1265
f 1365/1549/1266 1511/1701/1364 1509/1699/1362
f 1511/1701/1364 1365/1549/1266 1367/1551/1268
f 1368/1552/1269 1510/1700/1363 1512/1702/1365
f 1510/1700/1363 1368/1552/1269 1366/1550/1267
f 1367/1551/1268 1513/1703/1366 1511/1701/1364
f 1513/1703/1366 1367/1551/1268 1369/1553/1270
f 1370/1554/1271 1512/1702/1365 1514/1704/1367
f 1512/1702/1365 1370/1554/1271 1368/1552/1269
f 1369/1553/1270 1515/1705/1368 1513/1703/1366
f 1515/1705/1368 1369/1553/1270 1371/1555/1272
f 1372/1556/1273 1514/1704/1367 1516/1706/1369
f 1514/1704/1367 1372/1556/1273 1370/1554/1271
f 1371/1555/1272 1517/1707/1370 1515/1705/1368
f 1517/1707/1370 1371/1555/1272 1373/1557/1274
f 1374/1558/1275 1516/1706/1369 1518/1708/1371
f 1516/1706/1369 1374/1558/1275 1372/1556/1273
f 1373/1557/1274 1519/1709/1372 1517/1707/1370
f 1519/1709/1372 1373/1557/1274 1375/1559/1276
f 1376/1560/1277 1518/1708/1371 1520/1710/1373
f 1518/1708/1371 1376/1560/1277 1374/1558/1275
f 1375/1559/1276 1521/1711/1374 1519/1709/1372
f 1521/1711/1374 1375/1559/1276 1377/1561/1278
f 1378/1562/1279 1520/1710/1373 1522/1712/1375
f 1520/1710/1373 1378/1562/1279 1376/1560/1277
f 1377/1561/1278 1523/1713/1376 1521/1711/1374
f 1523/1713/1376 1377/1561/1278 1379/1563/1280
f 1380/1564/1281 1522/1712/1375 1524/1714/1377
f 1522/1712/1375 1380/1564/1281 1378/1562/1279
f 1379/1563/1280 1525/1715/1378 1523/1713/1376
f 1525/1715/1378 1379/1563/1280 1381/1565/1282
f 1382/1566/1283 1524/1714/1377 1526/1716/1379
f 1524/1714/1377 1382/1566/1283 1380/1564/1281
f 1381/1565/1282 1527/1717/1380 1525/1715/1378
f 1527/1717/1380 1381/1565/1282 1383/1567/1284
f 1384/1568/1285 1526/1716/1379 1528/1718/1381
f 1526/1716/1379 1384/1568/1285 1382/1566/1283
f 1383/1567/1284 1529/1719/1382 1527/1717/1380
f 1529/1719/1382 1383/1567/1284 1385/1569/1286
f 1386/1570/1287 1528/1718/1381 1530/1720/1383
f 1528/1718/1381 1386/1570/1287 1384/1568/1285
f 1385/1569/1286 1531/1721/1384 1529/1719/1382
f 1531/1721/1384 1385/1569/1286 1387/1571/1288
f 1388/1572/1289 1530/1720/1383 1532/1722/1385
f 1530/1720/1383 1388/1572/1289 1386/1570/1287
f 1387/1571/1288 1533/1723/1386 1531/1721/1384
f 1533/1723/1386 1387/1571/1288 1389/1573/1290
f 1390/1574/1291 1532/1722/1385 1534/1724/1387
f 1532/1722/1385 1390/1574/1291 1388/1572/1289
f 1389/1573/1290 1535/1725/1388 1533/1723/1386
f 1535/1725/1388 1389/1573/1290 1391/1575/1292
f 1392/1576/1293 1534/1724/1387 1536/1726/1389
f 1534/1724/1387 1392/1576/1293 1390/1574/1291
f 1391/1575/1292 1537/1727/1390 1535/1725/1388
f 1537/1727/1390 1391/1575/1292 1393/1577/1294
f 1394/1578/1295 1536/1726/1389 1538/1728/1391
f 1536/1726/1389 1394/1578/1295 1392/1576/1293
f 1393/1577/1294 1539/1729/1392 1537/1727/1390
f 1539/1729/1392 1393/1577/1294 1395/1579/1296
f 1396/1580/1297 1538/1728/1391 1540/1730/1393
f 1538/1728/1391 1396/1580/1297 1394/1578/1295
f 1395/1579/1296 1541/1731/1394 1539/1729/1392
f 1541/1731/1394 1395/1579/1296 1397/1581/1298
f 1398/1582/1299 1540/1730/1393 1542/1732/1395
f 1540/1730/1393 1398/1582/1299 1396/1580/1297
f 1397/1581/1298 1495/1733/1348 1541/1731/1394
f 1495/1733/1348 1397/1581/1298 1351/1583/1253
f 1354/1584/1252 1542/1732/1395 1498/1734/1351
f 1542/1732/1395 1354/1584/1252 1398/1582/1299
f 1399/1586/1301 1544/1735/1397 1543/1638/1396
f 1544/1735/1397 1399/1586/1301 1400/1587/1302
f 1401/1588/1303 1546/1685/1399 1545/1736/1398
f 1546/1685/1399 1401/1588/1303 1402/1585/1300
f 1400/1587/1302 1547/1737/1400 1544/1735/1397
f 1547/1737/1400 1400/1587/1302 1403/1589/1304
f 1404/1590/1305 1545/1736/1398 1548/1738/1401
f 1545/1736/1398 1404/1590/1305 1401/1588/1303
f 1403/1589/1304 1549/1739/1402 1547/1737/1400
f 1549/1739/1402 1403/1589/1304 1405/1591/1306
f 1406/1592/1307 1548/1738/1401 1550/1740/1403
f 1548/1738/1401 1406/1592/1307 1404/1590/1305
f 1405/1591/1306 1551/1741/1404 1549/1739/1402
f 1551/1741/1404 1405/1591/1306 1407/1593/1308
f 1408/1594/1309 1550/1740/1403 1552/1742/1405
f 1550/1740/1403 1408/1594/1309 1406/1592/1307
f 1407/1593/1308 1553/1743/1406 1551/1741/1404
f 1553/1743/1406 1407/1593/1308 1409/1595/1310
f 1410/1596/1311 1552/1742/1405 1554/1744/1407
f 1552/1742/1405 1410/1596/1311 1408/1594/1309
f 1409/1595/1310 1555/1745/1408 1553/1743/1406
f 1555/1745/1408 1409/1595/1310 1411/1597/1312
f 1412/1598/1313 1554/1744/1407 1556/1746/1409
f 1554/1744/1407 1412/1598/1313 1410/1596/1311
f 1411/1597/1312 1557/1747/1410 1555/1745/1408
f 1557/1747/1410 1411/1597/1312 1413/1599/1314
f 1414/1600/1315 1556/1746/1409 1558/1748/1411
f 1556/1746/1409 1414/1600/1315 1412/1598/1313
f 1413/1599/1314 1559/1749/1412 1557/1747/1410
f 1559/1749/1412 1413/1599/1314 1415/1601/1316
f 1416/1602/1317 1558/1748/1411 1560/1750/1413
f 1558/1748/1411 1416/1602/1317 1414/1600/1315
f 1415/1601/1316 1561/1751/1414 1559/1749/1412
f 1561/1751/1414 1415/1601/1316 1417/1603/1318
f 1418/1604/1319 1560/1750/1413 1562/1752/1415
f 1560/1750/1413 1418/1604/1319 1416/1602/1317
f 1417/1603/1318 1563/1753/1416 1561/1751/1414
f 1563/1753/1416 1417/1603/1318 1419/1605/1320
f 1420/1606/1321 1562/1752/1415 1564/1754/1417
f 1562/1752/1415 1420/1606/1321 1418/1604/1319
f 1419/1605/1320 1565/1755/1418 1563/1753/1416
f 1565/1755/1418 1419/1605/1320 1421/1607/1322
f 1422/1608/1323 1564/1754/1417 1566/1756/1419
f 1564/1754/1417 1422/1608/1323 1420/1606/1321
f 1421/1607/1322 1567/1757/1420 1565/1755/1418
f 1567/1757/1420 1421/1607/1322 1423/1609/1324
f 1424/1610/1325 1566/1756/1419 1568/1758/1421
f 1566/1756/1419 1424/1610/1325 1422/1608/1323
f 1423/1609/1324 1569/1759/1422 1567/1757/1420
f 1569/1759/1422 1423/1609/1324 1425/1611/1326
f 1426/1612/1327 1568/1758/1421 1570/1760/1423
f 1568/1758/1421 1426/1612/1327 1424/1610/1325
f 1425/1611/1326 1571/1761/1424 1569/1759/1422
f 1571/1761/1424 1425/1611/1326 1427/1613/1328
f 1428/1614/1329 1570/1760/1423 1572/1762/1425
f 1570/1760/1423 1428/1614/1329 1426/1612/1327
f 1427/1613/1328 1573/1763/1426 1571/1761/1424
f 1573/1763/1426 1427/1613/1328 1429/1615/1330
f 1430/1616/1331 1572/1762/1425 1574/1764/1427
f 1572/1762/1425 1430/1616/1331 1428/1614/1329
f 1429/1615/1330 1575/1765/1428 1573/1763/1426
f 1575/1765/1428 1429/1615/1330 1431/1617/1332
f 1432/1618/1333 1574/1764/1427 1576/1766/1429
f 1574/1764/1427 1432/1618/1333 1430/1616/1331
f 1431/1617/1332 1577/1767/1430 1575/1765/1428
f 1577/1767/1430 1431/1617/1332 1433/1619/1334
f 1434/1620/1335 1576/1766/1429 1578/1768/1431
f 1576/1766/1429 1434/1620/1335 1432/1618/1333
f 1433/1619/1334 1579/1769/1432 1577/1767/1430
f 1579/1769/1432 1433/1619/1334 1435/1621/1336
f 1436/1622/1337 1578/1768/1431 1580/1770/1433
f 1578/1768/1431 1436/1622/1337 1434/1620/1335
f 1435/1621/1336 1581/1771/1434 1579/1769/1432
f 1581/1771/1434 1435/1621/1336 1437/1623/1338
f 1438/1624/1339 1580/1770/1433 1582/1772/1435
f 1580/1770/1433 1438/1624/1339 1436/1622/1337
f 1437/1623/1338 1583/1773/1436 1581/1771/1434
f 1583/1773/1436 1437/1623/1338 1439/1625/1340
f 1440/1626/1341 1582/1772/1435 1584/1774/1437
f 1582/1772/1435 1440/1626/1341 1438/1624/1339
f 1439/1625/1340 1585/1775/1438 1583/1773/1436
f 1585/1775/1438 1439/1625/1340 1441/1627/1342
f 1442/1628/1343 1584/1774/1437 1586/1776/1439
f 1584/1774/1437 1442/1628/1343 1440/1626/1341
f 1441/1627/1342 1587/1777/1440 1585/1775/1438
f 1587/1777/1440 1441/1627/1342 1443/1629/1344
f 1444/1630/1345 1586/1776/1439 1588/1778/1441
f 1586/1776/1439 1444/1630/1345 1442/1628/1343
f 1443/1629/1344 1589/1779/1442 1587/1777/1440
f 1589/1779/1442 1443/1629/1344 1445/1631/1346
f 1446/1632/1347 1588/1778/1441 1590/1780/1443
f 1588/1778/1441 1446/1632/1347 1444/1630/1345
f 1445/1631/1346 1543/1781/1396 1589/1779/1442
f 1543/1781/1396 1445/1631/1346 1399/1633/1301
f 1402/1634/1300 1590/1780/1443 1546/1782/1399
f 1590/1780/1443 1402/1634/1300 1446/1632/1347
o BarrelSmartMat.005
v -3.744412 0.025560 33.770752
v -3.597040 0.025560 33.831615
v -3.557576 0.439074 33.763100
v -3.724026 0.439074 33.694355
v -3.470443 0.025560 33.928551
v -3.414590 0.439074 33.872585
v -3.373248 0.025560 34.054951
v -3.304812 0.439074 34.015347
v -3.312079 0.025560 34.202198
v -3.235724 0.439074 34.181652
v -3.291104 0.025560 34.360260
v -3.212035 0.439074 34.360176
v -3.311754 0.025560 34.518364
v -3.235358 0.439074 34.538750
v -3.372620 0.025560 34.665733
v -3.304103 0.439074 34.705200
v -3.469555 0.025560 34.792332
v -3.413588 0.439074 34.848186
v -3.595953 0.025560 34.889526
v -3.556349 0.439074 34.957962
v -3.743201 0.025560 34.950695
v -3.722657 0.439074 35.027050
v -3.901262 0.025560 34.971672
v -3.901181 0.439074 35.050739
v -4.059366 0.025560 34.951019
v -4.079752 0.439074 35.027416
v -4.206739 0.025560 34.890156
v -4.246203 0.439074 34.958672
v -4.333336 0.025560 34.793221
v -4.389189 0.439074 34.849186
v -4.430531 0.025560 34.666821
v -4.498967 0.439074 34.706425
v -4.491700 0.025560 34.519573
v -4.568054 0.439074 34.540119
v -4.512675 0.025560 34.361511
v -4.591744 0.439074 34.361595
v -4.492025 0.025560 34.203407
v -4.568421 0.439074 34.183022
v -4.431159 0.025560 34.056038
v -4.499675 0.439074 34.016571
v -4.334223 0.025560 33.929440
v -4.390191 0.439074 33.873585
v -4.207825 0.025560 33.832245
v -4.247430 0.439074 33.763809
v -4.060578 0.025560 33.771076
v -4.081121 0.439074 33.694721
v -3.902517 0.025560 33.750099
v -3.902598 0.439074 33.671032
v -3.530891 0.852589 33.716770
v -3.710242 0.852589 33.642696
v -3.376823 0.852588 33.834740
v -3.258538 0.852588 33.988564
v -3.184096 0.852588 34.167763
v -3.158570 0.852588 34.360123
v -3.183700 0.852588 34.552532
v -3.257774 0.852588 34.731884
v -3.375743 0.852588 34.885952
v -3.529569 0.852589 35.004238
v -3.708767 0.852589 35.078678
v -3.901126 0.852589 35.104206
v -4.093537 0.852589 35.079075
v -4.272888 0.852589 35.005001
v -4.426956 0.852589 34.887032
v -4.545241 0.852589 34.733208
v -4.619683 0.852589 34.554008
v -4.645208 0.852589 34.361649
v -4.620078 0.852589 34.169239
v -4.546005 0.852589 33.989887
v -4.428035 0.852589 33.835819
v -4.274210 0.852589 33.717533
v -4.095012 0.852589 33.643093
v -3.902653 0.852589 33.617565
v -3.530891 1.266103 33.716770
v -3.710242 1.266103 33.642696
v -3.376823 1.266103 33.834740
v -3.258538 1.266103 33.988564
v -3.184096 1.266103 34.167763
v -3.158570 1.266103 34.360123
v -3.183700 1.266103 34.552532
v -3.257774 1.266103 34.731884
v -3.375743 1.266103 34.885952
v -3.529568 1.266103 35.004238
v -3.708767 1.266103 35.078678
v -3.901126 1.266103 35.104206
v -4.093537 1.266103 35.079075
v -4.272888 1.266103 35.005001
v -4.426956 1.266103 34.887032
v -4.545241 1.266103 34.733208
v -4.619683 1.266103 34.554008
v -4.645208 1.266103 34.361649
v -4.620078 1.266103 34.169239
v -4.546005 1.266103 33.989887
v -4.428035 1.266103 33.835819
v -4.274210 1.266103 33.717533
v -4.095012 1.266103 33.643093
v -3.902653 1.266103 33.617565
v -3.557576 1.679617 33.763100
v -3.724026 1.679617 33.694355
v -3.414589 1.679617 33.872585
v -3.304812 1.679617 34.015347
v -3.235724 1.679617 34.181652
v -3.212035 1.679617 34.360176
v -3.235358 1.679617 34.538750
v -3.304103 1.679617 34.705200
v -3.413588 1.679617 34.848186
v -3.556348 1.679617 34.957962
v -3.722657 1.679617 35.027050
v -3.901181 1.679617 35.050739
v -4.079752 1.679617 35.027416
v -4.246203 1.679617 34.958672
v -4.389189 1.679617 34.849186
v -4.498967 1.679617 34.706425
v -4.568054 1.679617 34.540119
v -4.591743 1.679617 34.361595
v -4.568421 1.679617 34.183022
v -4.499675 1.679617 34.016571
v -4.390191 1.679617 33.873585
v -4.247430 1.679617 33.763809
v -4.081121 1.679617 33.694721
v -3.902598 1.679617 33.671032
v -3.597040 2.093132 33.831615
v -3.744412 2.093132 33.770752
v -3.470442 2.093132 33.928551
v -3.373248 2.093132 34.054951
v -3.312079 2.093132 34.202198
v -3.291104 2.093132 34.360260
v -3.311754 2.093132 34.518364
v -3.372620 2.093132 34.665733
v -3.469555 2.093132 34.792332
v -3.595953 2.093132 34.889526
v -3.743201 2.093132 34.950695
v -3.901262 2.093132 34.971672
v -4.059366 2.093132 34.951019
v -4.206738 2.093132 34.890156
v -4.333336 2.093132 34.793221
v -4.430531 2.093132 34.666821
v -4.491700 2.093132 34.519573
v -4.512674 2.093132 34.361511
v -4.492024 2.093132 34.203407
v -4.431159 2.093132 34.056038
v -4.334223 2.093132 33.929440
v -4.207825 2.093132 33.832245
v -4.060578 2.093132 33.771076
v -3.902516 2.093132 33.750099
v -3.617538 0.146727 33.867207
v -3.755001 0.146727 33.810432
v -3.901889 0.146727 34.360886
v -3.499454 0.146727 33.957623
v -3.408794 0.146727 34.075520
v -3.351738 0.146727 34.212868
v -3.332174 0.146727 34.360302
v -3.351435 0.146727 34.507774
v -3.408209 0.146727 34.645237
v -3.498626 0.146727 34.763321
v -3.616525 0.146727 34.853981
v -3.753871 0.146727 34.911037
v -3.901304 0.146727 34.930603
v -4.048778 0.146727 34.911339
v -4.186240 0.146727 34.854565
v -4.304325 0.146727 34.764149
v -4.394985 0.146727 34.646252
v -4.452041 0.146727 34.508904
v -4.471605 0.146727 34.361469
v -4.452344 0.146727 34.213997
v -4.395570 0.146727 34.076534
v -4.305153 0.146727 33.958450
v -4.187254 0.146727 33.867790
v -4.049908 0.146727 33.810734
v -3.902474 0.146727 33.791168
v -3.755001 1.971965 33.810432
v -3.617538 1.971965 33.867207
v -3.901889 1.971965 34.360886
v -3.499454 1.971965 33.957623
v -3.408794 1.971965 34.075520
v -3.351738 1.971965 34.212868
v -3.332174 1.971965 34.360302
v -3.351435 1.971965 34.507774
v -3.408208 1.971965 34.645237
v -3.498626 1.971965 34.763321
v -3.616525 1.971965 34.853981
v -3.753871 1.971965 34.911037
v -3.901304 1.971965 34.930603
v -4.048777 1.971965 34.911339
v -4.186240 1.971965 34.854565
v -4.304325 1.971965 34.764149
v -4.394985 1.971965 34.646252
v -4.452041 1.971965 34.508904
v -4.471605 1.971965 34.361469
v -4.452343 1.971965 34.213997
v -4.395570 1.971965 34.076534
v -4.305152 1.971965 33.958450
v -4.187253 1.971965 33.867790
v -4.049908 1.971965 33.810734
v -3.902474 1.971965 33.791168
v -3.758246 0.025560 33.822590
v -3.623820 0.025560 33.878109
v -3.508343 0.025560 33.966530
v -3.419686 0.025560 34.081825
v -3.363891 0.025560 34.216137
v -3.344759 0.025560 34.360313
v -3.363594 0.025560 34.504528
v -3.419114 0.025560 34.638954
v -3.507534 0.025560 34.754433
v -3.622828 0.025560 34.843090
v -3.757141 0.025560 34.898884
v -3.901317 0.025560 34.918015
v -4.045533 0.025560 34.899181
v -4.179959 0.025560 34.843662
v -4.295435 0.025560 34.755241
v -4.384093 0.025560 34.639946
v -4.439888 0.025560 34.505634
v -4.459020 0.025560 34.361458
v -4.440184 0.025560 34.217243
v -4.384665 0.025560 34.082817
v -4.296245 0.025560 33.967339
v -4.180950 0.025560 33.878681
v -4.046638 0.025560 33.822887
v -3.902462 0.025560 33.803753
v -3.623820 2.093132 33.878109
v -3.758246 2.093132 33.822590
v -3.508343 2.093132 33.966530
v -3.419686 2.093132 34.081825
v -3.363891 2.093132 34.216137
v -3.344759 2.093132 34.360313
v -3.363594 2.093132 34.504528
v -3.419114 2.093132 34.638954
v -3.507534 2.093132 34.754433
v -3.622828 2.093132 34.843090
v -3.757140 2.093132 34.898884
v -3.901317 2.093132 34.918015
v -4.045533 2.093132 34.899181
v -4.179959 2.093132 34.843662
v -4.295435 2.093132 34.755241
v -4.384093 2.093132 34.639946
v -4.439888 2.093132 34.505634
v -4.459020 2.093132 34.361458
v -4.440184 2.093132 34.217243
v -4.384665 2.093132 34.082817
v -4.296245 2.093132 33.967339
v -4.180950 2.093132 33.878681
v -4.046638 2.093132 33.822887
v -3.902461 2.093132 33.803753
v -3.701647 0.980404 33.610489
v -3.514254 0.980404 33.687885
v -3.514254 1.157869 33.687885
v -3.701647 1.157869 33.610489
v -3.353277 0.980404 33.811146
v -3.353277 1.157869 33.811146
v -3.229687 0.980404 33.971870
v -3.229687 1.157869 33.971870
v -3.151907 0.980404 34.159103
v -3.151907 1.157869 34.159103
v -3.125237 0.980404 34.360088
v -3.125237 1.157869 34.360088
v -3.151494 0.980404 34.561127
v -3.151494 1.157869 34.561127
v -3.228889 0.980404 34.748520
v -3.228889 1.157869 34.748520
v -3.352149 0.980404 34.909496
v -3.352149 1.157869 34.909496
v -3.512872 0.980404 35.033089
v -3.512872 1.157869 35.033089
v -3.700106 0.980404 35.110867
v -3.700106 1.157869 35.110867
v -3.901092 0.980404 35.137539
v -3.901092 1.157869 35.137539
v -4.102131 0.980404 35.111282
v -4.102131 1.157869 35.111282
v -4.289525 0.980404 35.033886
v -4.289525 1.157869 35.033886
v -4.450502 0.980404 34.910625
v -4.450502 1.157869 34.910625
v -4.574092 0.980404 34.749905
v -4.574092 1.157869 34.749905
v -4.651872 0.980404 34.562668
v -4.651872 1.157869 34.562668
v -4.678542 0.980404 34.361683
v -4.678542 1.157869 34.361683
v -4.652285 0.980404 34.160645
v -4.652285 1.157869 34.160645
v -4.574889 0.980404 33.973251
v -4.574889 1.157869 33.973251
v -4.451630 0.980404 33.812275
v -4.451630 1.157869 33.812275
v -4.290906 0.980404 33.688683
v -4.290906 1.157869 33.688683
v -4.103672 0.980404 33.610905
v -4.103672 1.157869 33.610905
v -3.902687 0.980404 33.584232
v -3.902687 1.157869 33.584232
v -3.725436 1.886904 33.699638
v -3.560305 1.886904 33.767841
v -3.576774 2.059465 33.796432
v -3.733943 2.059465 33.731518
v -3.418453 1.886904 33.876457
v -3.441761 2.059465 33.899811
v -3.309546 1.886904 34.018085
v -3.338104 2.059465 34.034611
v -3.241006 1.886904 34.183075
v -3.272869 2.059465 34.191647
v -3.217504 1.886904 34.360184
v -3.250500 2.059465 34.360218
v -3.240642 1.886904 34.537338
v -3.272523 2.059465 34.528831
v -3.308843 1.886904 34.702469
v -3.337435 2.059465 34.686001
v -3.417459 1.886904 34.844322
v -3.440815 2.059465 34.821014
v -3.559088 1.886904 34.953228
v -3.575615 2.059465 34.924671
v -3.724078 1.886904 35.021770
v -3.732651 2.059465 34.989906
v -3.901186 1.886904 35.045269
v -3.901220 2.059465 35.012276
v -4.078342 1.886904 35.022133
v -4.069835 2.059465 34.990253
v -4.243473 1.886904 34.953930
v -4.227005 2.059465 34.925339
v -4.385325 1.886904 34.845318
v -4.362018 2.059465 34.821960
v -4.494233 1.886904 34.703686
v -4.465674 2.059465 34.687160
v -4.562773 1.886904 34.538696
v -4.530910 2.059465 34.530125
v -4.586274 1.886904 34.361588
v -4.553278 2.059465 34.361553
v -4.563136 1.886904 34.184433
v -4.531256 2.059465 34.192940
v -4.494935 1.886904 34.019302
v -4.466343 2.059465 34.035770
v -4.386320 1.886904 33.877449
v -4.362964 2.059465 33.900757
v -4.244690 1.886904 33.768543
v -4.228163 2.059465 33.797100
v -4.079700 1.886904 33.700001
v -4.071127 2.059465 33.731865
v -3.902592 1.886904 33.676502
v -3.902558 2.059465 33.709496
v -3.736021 0.062808 33.739304
v -3.580796 0.062808 33.803413
v -3.559230 0.243052 33.765972
v -3.724881 0.243052 33.697559
v -3.447452 0.062808 33.905514
v -3.416932 0.243052 33.874931
v -3.345078 0.062808 34.038647
v -3.307682 0.243052 34.017006
v -3.280650 0.062808 34.193741
v -3.238926 0.243052 34.182514
v -3.258558 0.062808 34.360226
v -3.215350 0.243052 34.360180
v -3.280308 0.062808 34.526752
v -3.238561 0.243052 34.537895
v -3.344418 0.062808 34.681980
v -3.306977 0.243052 34.703545
v -3.446518 0.062808 34.815323
v -3.415934 0.243052 34.845844
v -3.579651 0.062808 34.917698
v -3.558009 0.243052 34.955093
v -3.734745 0.062808 34.982124
v -3.723519 0.243052 35.023849
v -3.901229 0.062808 35.004219
v -3.901184 0.243052 35.047424
v -4.067758 0.062808 34.982468
v -4.078897 0.243052 35.024216
v -4.222983 0.062808 34.918358
v -4.244548 0.243052 34.955799
v -4.356327 0.062808 34.816257
v -4.386847 0.243052 34.846840
v -4.458701 0.062808 34.683125
v -4.496097 0.243052 34.704765
v -4.523129 0.062808 34.528030
v -4.564853 0.243052 34.539257
v -4.545221 0.062808 34.361546
v -4.588428 0.243052 34.361591
v -4.523471 0.062808 34.195019
v -4.565217 0.243052 34.183876
v -4.459362 0.062808 34.039791
v -4.496802 0.243052 34.018227
v -4.357261 0.062808 33.906448
v -4.387844 0.243052 33.875927
v -4.224128 0.062808 33.804073
v -4.245770 0.243052 33.766678
v -4.069034 0.062808 33.739647
v -4.080260 0.243052 33.697922
v -3.902550 0.062808 33.717552
v -3.902594 0.243052 33.674347
v -3.714835 0.980404 33.659912
v -3.539784 0.980404 33.732212
v -3.539784 1.157869 33.732212
v -3.714835 1.157869 33.659912
v -3.389409 0.980404 33.847351
v -3.389409 1.157869 33.847351
v -3.273959 0.980404 33.997490
v -3.273959 1.157869 33.997490
v -3.201301 0.980404 34.172394
v -3.201301 1.157869 34.172394
v -3.176388 0.980404 34.360142
v -3.176388 1.157869 34.360142
v -3.200916 0.980404 34.547939
v -3.200916 1.157869 34.547939
v -3.273214 0.980404 34.722992
v -3.273214 1.157869 34.722992
v -3.388355 0.980404 34.873367
v -3.388355 1.157869 34.873367
v -3.538493 0.980404 34.988815
v -3.538493 1.157869 34.988815
v -3.713396 0.980404 35.061474
v -3.713396 1.157869 35.061474
v -3.901144 0.980404 35.086388
v -3.901144 1.157869 35.086388
v -4.088943 0.980404 35.061859
v -4.088943 1.157869 35.061859
v -4.263995 0.980404 34.989563
v -4.263995 1.157869 34.989563
v -4.414370 0.980404 34.874420
v -4.414370 1.157869 34.874420
v -4.529819 0.980404 34.724281
v -4.529819 1.157869 34.724281
v -4.602478 0.980404 34.549377
v -4.602478 1.157869 34.549377
v -4.627391 0.980404 34.361629
v -4.627391 1.157869 34.361629
v -4.602863 0.980404 34.173832
v -4.602863 1.157869 34.173832
v -4.530565 0.980404 33.998779
v -4.530565 1.157869 33.998779
v -4.415423 0.980404 33.848404
v -4.415423 1.157869 33.848404
v -4.265285 0.980404 33.732956
v -4.265285 1.157869 33.732956
v -4.090383 0.980404 33.660297
v -4.090383 1.157869 33.660297
v -3.902634 0.980404 33.635384
v -3.902634 1.157869 33.635384
v -3.737856 1.878433 33.746181
v -3.584348 1.878433 33.809582
v -3.600422 2.050994 33.837490
v -3.746160 2.050994 33.777298
v -3.452480 1.878433 33.910553
v -3.475230 2.050994 33.933350
v -3.351239 1.878433 34.042213
v -3.379113 2.050994 34.058346
v -3.287524 1.878433 34.195591
v -3.318623 2.050994 34.203957
v -3.265676 1.878433 34.360233
v -3.297881 2.050994 34.360264
v -3.287185 1.878433 34.524918
v -3.318301 2.050994 34.516617
v -3.350585 1.878433 34.678425
v -3.378493 2.050994 34.662354
v -3.451556 1.878433 34.810295
v -3.474352 2.050994 34.787544
v -3.583217 1.878433 34.911537
v -3.599348 2.050994 34.883663
v -3.736594 1.878433 34.975250
v -3.744961 2.050994 34.944153
v -3.901236 1.878433 34.997101
v -3.901269 2.050994 34.964893
v -4.065922 1.878433 34.975590
v -4.057619 2.050994 34.944473
v -4.219430 1.878433 34.912189
v -4.203356 2.050994 34.884281
v -4.351298 1.878433 34.811218
v -4.328549 2.050994 34.788422
v -4.452539 1.878433 34.679558
v -4.424665 2.050994 34.663425
v -4.516255 1.878433 34.526180
v -4.485156 2.050994 34.517815
v -4.538103 1.878433 34.361538
v -4.505898 2.050994 34.361507
v -4.516593 1.878433 34.196854
v -4.485477 2.050994 34.205154
v -4.453193 1.878433 34.043346
v -4.425286 2.050994 34.059418
v -4.352222 1.878433 33.911476
v -4.329426 2.050994 33.934227
v -4.220562 1.878433 33.810234
v -4.204431 2.050994 33.838108
v -4.067184 1.878433 33.746521
v -4.058817 2.050994 33.777618
v -3.902543 1.878433 33.724670
v -3.902509 2.050994 33.756878
v -3.748187 0.071278 33.784897
v -3.604347 0.071278 33.844303
v -3.583299 0.251523 33.807762
v -3.737314 0.251523 33.744152
v -3.480785 0.071278 33.938915
v -3.450995 0.251523 33.909065
v -3.385920 0.071278 34.062283
v -3.349420 0.251523 34.041161
v -3.326217 0.071278 34.206001
v -3.285494 0.251523 34.195045
v -3.305745 0.071278 34.360275
v -3.263574 0.251523 34.360229
v -3.325900 0.071278 34.514587
v -3.285154 0.251523 34.525459
v -3.385307 0.071278 34.658428
v -3.348764 0.251523 34.679474
v -3.479919 0.071278 34.781990
v -3.450068 0.251523 34.811779
v -3.603287 0.071278 34.876854
v -3.582164 0.251523 34.913357
v -3.747005 0.071278 34.936558
v -3.736048 0.251523 34.977283
v -3.901277 0.071278 34.957031
v -3.901234 0.251523 34.999203
v -4.055592 0.071278 34.936874
v -4.066464 0.251523 34.977619
v -4.199431 0.071278 34.877468
v -4.220479 0.251523 34.914013
v -4.322994 0.071278 34.782856
v -4.352783 0.251523 34.812706
v -4.417859 0.071278 34.659489
v -4.454359 0.251523 34.680611
v -4.477562 0.071278 34.515770
v -4.518285 0.251523 34.526726
v -4.498034 0.071278 34.361496
v -4.540205 0.251523 34.361542
v -4.477879 0.071278 34.207184
v -4.518625 0.251523 34.196312
v -4.418471 0.071278 34.063343
v -4.455015 0.251523 34.042297
v -4.323860 0.071278 33.939781
v -4.353710 0.251523 33.909992
v -4.200492 0.071278 33.844917
v -4.221615 0.251523 33.808414
v -4.056774 0.071278 33.785213
v -4.067731 0.251523 33.744488
v -3.902502 0.071278 33.764740
v -3.902545 0.251523 33.722569
vn 0.3750 -0.1863 -0.9081
vn 0.3751 -0.1862 -0.9081
vn 0.3750 -0.1862 -0.9081
vn 0.6774 -0.2832 -0.6789
vn 0.6977 -0.1562 -0.6991
vn 0.8301 -0.2832 -0.4804
vn 0.8549 -0.1561 -0.4947
vn 0.9261 -0.2832 -0.2492
vn 0.9538 -0.1562 -0.2566
vn 0.9590 -0.2832 -0.0010
vn 0.9877 -0.1562 -0.0010
vn 0.9266 -0.2832 0.2473
vn 0.9543 -0.1562 0.2547
vn 0.8311 -0.2832 0.4787
vn 0.8559 -0.1562 0.4930
vn 0.6789 -0.2832 0.6774
vn 0.6992 -0.1561 0.6977
vn 0.4804 -0.2832 0.8301
vn 0.4947 -0.1562 0.8549
vn 0.2492 -0.2832 0.9261
vn 0.2566 -0.1562 0.9538
vn 0.0010 -0.2832 0.9590
vn 0.0010 -0.1562 0.9877
vn -0.2473 -0.2832 0.9266
vn -0.2547 -0.1562 0.9543
vn -0.4787 -0.2832 0.8311
vn -0.4930 -0.1562 0.8559
vn -0.6774 -0.2832 0.6789
vn -0.6977 -0.1562 0.6991
vn -0.8301 -0.2832 0.4804
vn -0.8549 -0.1561 0.4947
vn -0.9261 -0.2832 0.2492
vn -0.9538 -0.1562 0.2566
vn -0.9590 -0.2832 0.0010
vn -0.9877 -0.1562 0.0010
vn -0.9266 -0.2832 -0.2473
vn -0.9543 -0.1562 -0.2547
vn -0.8311 -0.2832 -0.4787
vn -0.8559 -0.1561 -0.4930
vn -0.6789 -0.2832 -0.6774
vn -0.6991 -0.1562 -0.6977
vn -0.4804 -0.2832 -0.8301
vn -0.4947 -0.1562 -0.8549
vn -0.2492 -0.2832 -0.9261
vn -0.2566 -0.1562 -0.9538
vn -0.0010 -0.2832 -0.9590
vn -0.0010 -0.1562 -0.9877
vn 0.2573 -0.0628 -0.9643
vn 0.4981 -0.0627 -0.8648
vn 0.7050 -0.0628 -0.7064
vn 0.8638 -0.0627 -0.4999
vn 0.9638 -0.0627 -0.2593
vn 0.9980 -0.0627 -0.0010
vn 0.9643 -0.0628 0.2573
vn 0.8648 -0.0627 0.4981
vn 0.7064 -0.0627 0.7050
vn 0.4999 -0.0627 0.8638
vn 0.2593 -0.0627 0.9638
vn 0.0010 -0.0627 0.9980
vn -0.2573 -0.0627 0.9643
vn -0.4981 -0.0627 0.8648
vn -0.7050 -0.0627 0.7064
vn -0.8638 -0.0627 0.4999
vn -0.9638 -0.0627 0.2593
vn -0.9980 -0.0627 0.0010
vn -0.9643 -0.0628 -0.2573
vn -0.8648 -0.0627 -0.4981
vn -0.7064 -0.0627 -0.7050
vn -0.4999 -0.0627 -0.8638
vn -0.2593 -0.0627 -0.9638
vn -0.0010 -0.0627 -0.9980
vn 0.2573 0.0628 -0.9643
vn 0.4981 0.0627 -0.8648
vn 0.7050 0.0627 -0.7064
vn 0.8638 0.0627 -0.4999
vn 0.9638 0.0627 -0.2593
vn 0.9980 0.0627 -0.0010
vn 0.9643 0.0627 0.2573
vn 0.8648 0.0627 0.4981
vn 0.7064 0.0627 0.7050
vn 0.4999 0.0627 0.8638
vn 0.2593 0.0627 0.9638
vn 0.0010 0.0627 0.9980
vn -0.2573 0.0627 0.9643
vn -0.4981 0.0628 0.8648
vn -0.7050 0.0627 0.7064
vn -0.8638 0.0627 0.4999
vn -0.9638 0.0628 0.2593
vn -0.9980 0.0627 0.0010
vn -0.9643 0.0627 -0.2573
vn -0.8648 0.0627 -0.4981
vn -0.7064 0.0627 -0.7050
vn -0.4999 0.0627 -0.8638
vn -0.2593 0.0627 -0.9638
vn -0.0010 0.0628 -0.9980
vn 0.2547 0.1562 -0.9543
vn 0.4930 0.1561 -0.8559
vn 0.6977 0.1562 -0.6991
vn 0.8549 0.1562 -0.4947
vn 0.9538 0.1562 -0.2566
vn 0.9877 0.1562 -0.0010
vn 0.9543 0.1562 0.2547
vn 0.8559 0.1562 0.4930
vn 0.6992 0.1561 0.6977
vn 0.4948 0.1561 0.8549
vn 0.2566 0.1562 0.9538
vn 0.0010 0.1562 0.9877
vn -0.2547 0.1562 0.9543
vn -0.4930 0.1562 0.8559
vn -0.6977 0.1562 0.6991
vn -0.8549 0.1561 0.4947
vn -0.9538 0.1562 0.2566
vn -0.9877 0.1562 0.0010
vn -0.9543 0.1562 -0.2547
vn -0.8559 0.1562 -0.4930
vn -0.6991 0.1562 -0.6977
vn -0.4947 0.1562 -0.8549
vn -0.2566 0.1562 -0.9538
vn -0.0010 0.1562 -0.9877
vn 0.2473 0.2832 -0.9266
vn 0.4787 0.2832 -0.8310
vn 0.6775 0.2832 -0.6788
vn 0.8301 0.2832 -0.4804
vn 0.9261 0.2832 -0.2491
vn 0.9590 0.2832 -0.0010
vn 0.9266 0.2832 0.2473
vn 0.8310 0.2832 0.4787
vn 0.6788 0.2832 0.6775
vn 0.4804 0.2832 0.8301
vn 0.2492 0.2832 0.9261
vn 0.0010 0.2832 0.9590
vn -0.2473 0.2832 0.9266
vn -0.4787 0.2832 0.8310
vn -0.6775 0.2832 0.6788
vn -0.8301 0.2832 0.4804
vn -0.9261 0.2832 0.2492
vn -0.9590 0.2832 0.0010
vn -0.9266 0.2832 -0.2473
vn -0.8310 0.2832 -0.4787
vn -0.6788 0.2832 -0.6775
vn -0.4804 0.2832 -0.8301
vn -0.2491 0.2832 -0.9261
vn -0.0010 0.2832 -0.9590
vn -0.2140 -0.9034 0.3715
vn -0.1107 -0.9034 0.4142
vn -0.0000 -1.0000 -0.0000
vn -0.3028 -0.9034 0.3035
vn -0.3710 -0.9034 0.2147
vn -0.4140 -0.9034 0.1114
vn -0.4287 -0.9034 0.0005
vn -0.4142 -0.9034 -0.1105
vn -0.3715 -0.9034 -0.2140
vn -0.3035 -0.9034 -0.3028
vn -0.2147 -0.9034 -0.3710
vn -0.1114 -0.9034 -0.4140
vn -0.0004 -0.9034 -0.4287
vn 0.1105 -0.9034 -0.4142
vn 0.2140 -0.9034 -0.3715
vn 0.3028 -0.9034 -0.3035
vn 0.3710 -0.9034 -0.2147
vn 0.4140 -0.9034 -0.1114
vn 0.4287 -0.9034 -0.0004
vn 0.4142 -0.9034 0.1105
vn 0.3715 -0.9034 0.2140
vn 0.3035 -0.9034 0.3028
vn 0.2147 -0.9034 0.3710
vn 0.1114 -0.9034 0.4140
vn 0.0005 -0.9034 0.4287
vn -0.1105 0.9034 0.4142
vn -0.2138 0.9034 0.3716
vn -0.0000 1.0000 -0.0000
vn -0.3027 0.9034 0.3036
vn -0.3710 0.9034 0.2148
vn -0.4140 0.9034 0.1114
vn -0.4287 0.9034 0.0005
vn -0.4142 0.9034 -0.1104
vn -0.3715 0.9034 -0.2139
vn -0.3035 0.9034 -0.3028
vn -0.2148 0.9034 -0.3710
vn -0.1114 0.9034 -0.4140
vn -0.0005 0.9034 -0.4287
vn 0.1105 0.9034 -0.4142
vn 0.2138 0.9034 -0.3716
vn 0.3028 0.9034 -0.3035
vn 0.3710 0.9034 -0.2149
vn 0.4140 0.9034 -0.1114
vn 0.4287 0.9034 -0.0006
vn 0.4142 0.9034 0.1105
vn 0.3715 0.9034 0.2139
vn 0.3035 0.9034 0.3028
vn 0.2148 0.9034 0.3710
vn 0.1114 0.9034 0.4140
vn 0.0007 0.9034 0.4287
vn -0.4656 -0.3603 0.8084
vn -0.2405 -0.3603 0.9013
vn -0.6589 -0.3603 0.6604
vn -0.8075 -0.3603 0.4671
vn -0.9008 -0.3603 0.2424
vn -0.9328 -0.3603 0.0011
vn -0.9013 -0.3603 -0.2405
vn -0.8084 -0.3603 -0.4656
vn -0.6603 -0.3603 -0.6589
vn -0.4673 -0.3603 -0.8074
vn -0.2424 -0.3603 -0.9008
vn -0.0010 -0.3603 -0.9328
vn 0.2405 -0.3603 -0.9013
vn 0.4656 -0.3603 -0.8083
vn 0.6589 -0.3603 -0.6603
vn 0.8074 -0.3603 -0.4673
vn 0.9008 -0.3603 -0.2425
vn 0.9328 -0.3603 -0.0010
vn 0.9013 -0.3603 0.2405
vn 0.8084 -0.3603 0.4655
vn 0.6603 -0.3603 0.6589
vn 0.4673 -0.3603 0.8074
vn 0.2424 -0.3603 0.9008
vn 0.0010 -0.3603 0.9328
vn -0.2405 0.3603 0.9013
vn -0.4656 0.3603 0.8084
vn -0.6589 0.3603 0.6603
vn -0.8074 0.3603 0.4673
vn -0.9008 0.3603 0.2424
vn -0.9328 0.3603 0.0010
vn -0.9013 0.3603 -0.2405
vn -0.8084 0.3603 -0.4656
vn -0.6603 0.3603 -0.6589
vn -0.4673 0.3603 -0.8074
vn -0.2424 0.3603 -0.9008
vn -0.0010 0.3603 -0.9328
vn 0.2405 0.3603 -0.9013
vn 0.4656 0.3603 -0.8084
vn 0.6589 0.3603 -0.6603
vn 0.8074 0.3603 -0.4673
vn 0.9008 0.3603 -0.2424
vn 0.9328 0.3603 -0.0010
vn 0.9013 0.3603 0.2405
vn 0.8084 0.3603 0.4656
vn 0.6603 0.3603 0.6589
vn 0.4673 0.3603 0.8074
vn 0.2424 0.3603 0.9008
vn 0.0010 0.3603 0.9328
vn 0.2498 0.2476 -0.9361
vn 0.2499 -0.2476 -0.9361
vn 0.4835 -0.2476 -0.8396
vn 0.4835 0.2476 -0.8396
vn 0.6844 -0.2476 -0.6858
vn 0.6844 0.2476 -0.6858
vn 0.8386 -0.2476 -0.4853
vn 0.8385 0.2476 -0.4853
vn 0.9356 -0.2476 -0.2518
vn 0.9356 0.2476 -0.2518
vn 0.9689 -0.2476 -0.0010
vn 0.9689 0.2476 -0.0010
vn 0.9361 -0.2476 0.2498
vn 0.9361 0.2476 0.2498
vn 0.8396 -0.2476 0.4835
vn 0.8396 0.2476 0.4835
vn 0.6858 -0.2476 0.6844
vn 0.6858 0.2476 0.6844
vn 0.4853 -0.2476 0.8386
vn 0.4853 0.2476 0.8385
vn 0.2518 -0.2476 0.9356
vn 0.2518 0.2476 0.9356
vn 0.0010 -0.2476 0.9689
vn 0.0010 0.2476 0.9689
vn -0.2498 -0.2476 0.9361
vn -0.2498 0.2476 0.9361
vn -0.4835 -0.2476 0.8396
vn -0.4835 0.2476 0.8396
vn -0.6844 -0.2476 0.6858
vn -0.6844 0.2476 0.6858
vn -0.8386 -0.2476 0.4853
vn -0.8385 0.2476 0.4853
vn -0.9356 -0.2476 0.2518
vn -0.9356 0.2476 0.2518
vn -0.9689 -0.2476 0.0010
vn -0.9689 0.2476 0.0010
vn -0.9361 -0.2476 -0.2498
vn -0.9361 0.2476 -0.2498
vn -0.8396 -0.2476 -0.4835
vn -0.8396 0.2476 -0.4835
vn -0.6858 -0.2476 -0.6844
vn -0.6858 0.2476 -0.6844
vn -0.4853 -0.2476 -0.8386
vn -0.4853 0.2476 -0.8385
vn -0.2518 -0.2476 -0.9356
vn -0.2518 0.2476 -0.9356
vn -0.0010 -0.2476 -0.9689
vn -0.0010 0.2476 -0.9689
vn 0.2360 0.4028 -0.8843
vn 0.2573 -0.0655 -0.9641
vn 0.4980 -0.0655 -0.8647
vn 0.4568 0.4028 -0.7931
vn 0.7048 -0.0655 -0.7063
vn 0.6465 0.4028 -0.6479
vn 0.8636 -0.0655 -0.4998
vn 0.7922 0.4028 -0.4585
vn 0.9636 -0.0655 -0.2593
vn 0.8838 0.4028 -0.2378
vn 0.9979 -0.0655 -0.0010
vn 0.9153 0.4028 -0.0010
vn 0.9641 -0.0655 0.2572
vn 0.8843 0.4028 0.2359
vn 0.8647 -0.0655 0.4980
vn 0.7932 0.4028 0.4568
vn 0.7063 -0.0655 0.7048
vn 0.6479 0.4028 0.6465
vn 0.4998 -0.0655 0.8636
vn 0.4585 0.4028 0.7922
vn 0.2593 -0.0655 0.9636
vn 0.2378 0.4028 0.8838
vn 0.0010 -0.0655 0.9979
vn 0.0010 0.4028 0.9153
vn -0.2572 -0.0655 0.9641
vn -0.2359 0.4028 0.8843
vn -0.4980 -0.0655 0.8647
vn -0.4568 0.4028 0.7931
vn -0.7048 -0.0655 0.7063
vn -0.6465 0.4028 0.6479
vn -0.8636 -0.0655 0.4998
vn -0.7922 0.4028 0.4585
vn -0.9636 -0.0655 0.2593
vn -0.8838 0.4028 0.2378
vn -0.9979 -0.0655 0.0010
vn -0.9153 0.4028 0.0010
vn -0.9641 -0.0655 -0.2573
vn -0.8843 0.4028 -0.2359
vn -0.8647 -0.0655 -0.4980
vn -0.7931 0.4028 -0.4568
vn -0.7063 -0.0655 -0.7048
vn -0.6479 0.4028 -0.6465
vn -0.4998 -0.0655 -0.8636
vn -0.4585 0.4028 -0.7922
vn -0.2593 -0.0655 -0.9636
vn -0.2378 0.4028 -0.8838
vn -0.0010 -0.0655 -0.9979
vn -0.0010 0.4028 -0.9153
vn 0.2578 0.0122 -0.9661
vn 0.2329 -0.4292 -0.8727
vn 0.4508 -0.4292 -0.7827
vn 0.4991 0.0122 -0.8665
vn 0.6380 -0.4292 -0.6393
vn 0.7063 0.0122 -0.7078
vn 0.7817 -0.4292 -0.4524
vn 0.8655 0.0122 -0.5008
vn 0.8722 -0.4292 -0.2347
vn 0.9656 0.0122 -0.2598
vn 0.9032 -0.4292 -0.0009
vn 0.9999 0.0122 -0.0010
vn 0.8727 -0.4292 0.2329
vn 0.9661 0.0122 0.2578
vn 0.7827 -0.4292 0.4508
vn 0.8665 0.0122 0.4991
vn 0.6393 -0.4292 0.6380
vn 0.7078 0.0122 0.7063
vn 0.4524 -0.4292 0.7817
vn 0.5008 0.0122 0.8655
vn 0.2347 -0.4292 0.8722
vn 0.2598 0.0122 0.9656
vn 0.0009 -0.4292 0.9032
vn 0.0010 0.0122 0.9999
vn -0.2329 -0.4292 0.8727
vn -0.2578 0.0122 0.9661
vn -0.4508 -0.4292 0.7827
vn -0.4991 0.0122 0.8665
vn -0.6380 -0.4292 0.6393
vn -0.7063 0.0122 0.7078
vn -0.7817 -0.4292 0.4524
vn -0.8655 0.0122 0.5008
vn -0.8722 -0.4292 0.2347
vn -0.9656 0.0122 0.2598
vn -0.9032 -0.4292 0.0009
vn -0.9999 0.0122 0.0010
vn -0.8727 -0.4292 -0.2329
vn -0.9661 0.0122 -0.2578
vn -0.7827 -0.4292 -0.4508
vn -0.8665 0.0122 -0.4991
vn -0.6393 -0.4292 -0.6380
vn -0.7078 0.0122 -0.7063
vn -0.4524 -0.4292 -0.7817
vn -0.5008 0.0122 -0.8655
vn -0.2347 -0.4292 -0.8722
vn -0.2598 0.0122 -0.9656
vn -0.0009 -0.4292 -0.9032
vn -0.0010 0.0122 -0.9999
vn 0.0447 -0.9849 -0.1673
vn 0.0864 -0.9849 -0.1501
vn -0.0878 0.9844 0.1525
vn -0.0454 0.9844 0.1700
vn 0.1223 -0.9849 -0.1226
vn -0.1243 0.9844 0.1246
vn 0.1499 -0.9849 -0.0867
vn -0.1523 0.9844 0.0882
vn 0.1672 -0.9849 -0.0450
vn -0.1699 0.9844 0.0457
vn 0.1732 -0.9849 -0.0002
vn -0.1760 0.9844 0.0002
vn 0.1673 -0.9849 0.0447
vn -0.1700 0.9844 -0.0454
vn 0.1501 -0.9849 0.0864
vn -0.1525 0.9844 -0.0878
vn 0.1226 -0.9849 0.1223
vn -0.1246 0.9844 -0.1243
vn 0.0867 -0.9849 0.1499
vn -0.0882 0.9844 -0.1523
vn 0.0450 -0.9849 0.1672
vn -0.0457 0.9844 -0.1699
vn 0.0002 -0.9849 0.1732
vn -0.0002 0.9844 -0.1760
vn -0.0447 -0.9849 0.1673
vn 0.0454 0.9844 -0.1700
vn -0.0864 -0.9849 0.1501
vn 0.0878 0.9844 -0.1525
vn -0.1223 -0.9849 0.1226
vn 0.1243 0.9844 -0.1246
vn -0.1499 -0.9849 0.0867
vn 0.1523 0.9844 -0.0882
vn -0.1672 -0.9849 0.0450
vn 0.1699 0.9844 -0.0457
vn -0.1732 -0.9849 0.0002
vn 0.1760 0.9844 -0.0002
vn -0.1673 -0.9849 -0.0447
vn 0.1700 0.9844 0.0454
vn -0.1501 -0.9849 -0.0864
vn 0.1525 0.9844 0.0878
vn -0.1226 -0.9849 -0.1223
vn 0.1246 0.9844 0.1243
vn -0.0867 -0.9849 -0.1499
vn 0.0882 0.9844 0.1523
vn -0.0450 -0.9849 -0.1672
vn 0.0457 0.9844 0.1699
vn -0.0002 -0.9849 -0.1732
vn 0.0002 0.9844 0.1760
vn -0.0456 -0.9843 0.1707
vn -0.0882 -0.9843 0.1531
vn 0.0863 0.9849 -0.1499
vn 0.0446 0.9849 -0.1672
vn -0.1248 -0.9843 0.1251
vn 0.1222 0.9849 -0.1225
vn -0.1529 -0.9843 0.0885
vn 0.1497 0.9849 -0.0867
vn -0.1706 -0.9843 0.0459
vn 0.1671 0.9849 -0.0449
vn -0.1767 -0.9843 0.0002
vn 0.1730 0.9849 -0.0002
vn -0.1707 -0.9843 -0.0456
vn 0.1672 0.9849 0.0446
vn -0.1531 -0.9843 -0.0882
vn 0.1499 0.9849 0.0863
vn -0.1251 -0.9843 -0.1248
vn 0.1225 0.9849 0.1222
vn -0.0885 -0.9843 -0.1529
vn 0.0867 0.9849 0.1497
vn -0.0459 -0.9843 -0.1706
vn 0.0449 0.9849 0.1671
vn -0.0002 -0.9843 -0.1767
vn 0.0002 0.9849 0.1730
vn 0.0456 -0.9843 -0.1707
vn -0.0446 0.9849 0.1672
vn 0.0882 -0.9843 -0.1531
vn -0.0863 0.9849 0.1499
vn 0.1248 -0.9843 -0.1251
vn -0.1222 0.9849 0.1225
vn 0.1529 -0.9843 -0.0885
vn -0.1497 0.9849 0.0867
vn 0.1706 -0.9843 -0.0459
vn -0.1671 0.9849 0.0449
vn 0.1767 -0.9843 -0.0002
vn -0.1730 0.9849 0.0002
vn 0.1707 -0.9843 0.0456
vn -0.1672 0.9849 -0.0446
vn 0.1531 -0.9843 0.0882
vn -0.1499 0.9849 -0.0863
vn 0.1251 -0.9843 0.1248
vn -0.1225 0.9849 -0.1222
vn 0.0885 -0.9843 0.1529
vn -0.0867 0.9849 -0.1497
vn 0.0459 -0.9843 0.1706
vn -0.0449 0.9849 -0.1671
vn 0.0002 -0.9843 0.1767
vn -0.0002 0.9849 -0.1730
vt 0.729884 0.079842
vt 0.729884 0.000000
vt 0.768298 0.000000
vt 0.768298 0.079842
vt 0.806713 0.000000
vt 0.806713 0.079842
vt 0.845128 0.000000
vt 0.845128 0.079842
vt 0.883543 0.000000
vt 0.883543 0.079842
vt 0.921958 0.000000
vt 0.921958 0.079842
vt 0.000000 0.079842
vt 0.000000 0.000000
vt 0.038415 0.000000
vt 0.038415 0.079842
vt 0.076830 0.000000
vt 0.076830 0.079842
vt 0.115245 0.000000
vt 0.115245 0.079842
vt 0.153660 0.000000
vt 0.153660 0.079842
vt 0.192075 0.000000
vt 0.192075 0.079842
vt 0.230489 0.000000
vt 0.230489 0.079842
vt 0.268904 0.000000
vt 0.268904 0.079842
vt 0.307319 0.000000
vt 0.307319 0.079842
vt 0.345734 0.000000
vt 0.345734 0.079842
vt 0.384149 0.000000
vt 0.384149 0.079842
vt 0.422564 0.000000
vt 0.422564 0.079842
vt 0.460979 0.000000
vt 0.460979 0.079842
vt 0.499394 0.000000
vt 0.499394 0.079842
vt 0.537809 0.000000
vt 0.537809 0.079842
vt 0.576224 0.000000
vt 0.576224 0.079842
vt 0.614639 0.000000
vt 0.614639 0.079842
vt 0.653054 0.000000
vt 0.653054 0.079842
vt 0.691469 0.000000
vt 0.691469 0.079842
vt 0.729884 0.159683
vt 0.768298 0.159683
vt 0.806713 0.159683
vt 0.845128 0.159683
vt 0.883543 0.159683
vt 0.921958 0.159683
vt 0.000000 0.159683
vt 0.038415 0.159683
vt 0.076830 0.159683
vt 0.115245 0.159683
vt 0.153660 0.159683
vt 0.192075 0.159683
vt 0.230489 0.159683
vt 0.268904 0.159683
vt 0.307319 0.159683
vt 0.345734 0.159683
vt 0.384149 0.159683
vt 0.422564 0.159683
vt 0.460979 0.159683
vt 0.499394 0.159683
vt 0.537809 0.159683
vt 0.576224 0.159683
vt 0.614639 0.159683
vt 0.653054 0.159683
vt 0.691469 0.159683
vt 0.729884 0.239525
vt 0.768298 0.239525
vt 0.806713 0.239525
vt 0.845128 0.239525
vt 0.883543 0.239525
vt 0.921958 0.239525
vt 0.000000 0.239525
vt 0.038415 0.239525
vt 0.076830 0.239525
vt 0.115245 0.239525
vt 0.153660 0.239525
vt 0.192075 0.239525
vt 0.230489 0.239525
vt 0.268904 0.239525
vt 0.307319 0.239525
vt 0.345734 0.239525
vt 0.384149 0.239525
vt 0.422564 0.239525
vt 0.460979 0.239525
vt 0.499394 0.239525
vt 0.537809 0.239525
vt 0.576224 0.239525
vt 0.614639 0.239525
vt 0.653054 0.239525
vt 0.691469 0.239525
vt 0.729884 0.319366
vt 0.768298 0.319366
vt 0.806713 0.319366
vt 0.845128 0.319366
vt 0.883543 0.319366
vt 0.921958 0.319366
vt 0.000000 0.319366
vt 0.038415 0.319366
vt 0.076830 0.319366
vt 0.115245 0.319366
vt 0.153660 0.319366
vt 0.192075 0.319366
vt 0.230489 0.319366
vt 0.268904 0.319366
vt 0.307319 0.319366
vt 0.345734 0.319366
vt 0.384149 0.319366
vt 0.422564 0.319366
vt 0.460979 0.319366
vt 0.499394 0.319366
vt 0.537809 0.319366
vt 0.576224 0.319366
vt 0.614639 0.319366
vt 0.653054 0.319366
vt 0.691469 0.319366
vt 0.729884 0.399208
vt 0.768298 0.399208
vt 0.806713 0.399208
vt 0.845128 0.399208
vt 0.883543 0.399208
vt 0.921958 0.399208
vt 0.000000 0.399208
vt 0.038415 0.399208
vt 0.076830 0.399208
vt 0.115245 0.399208
vt 0.153660 0.399208
vt 0.192075 0.399208
vt 0.230489 0.399208
vt 0.268904 0.399208
vt 0.307319 0.399208
vt 0.345734 0.399202
vt 0.384149 0.399201
vt 0.422564 0.399201
vt 0.460979 0.399208
vt 0.499394 0.399208
vt 0.537809 0.399208
vt 0.576224 0.399208
vt 0.614639 0.399208
vt 0.653054 0.399208
vt 0.691469 0.399208
vt 0.578524 0.499938
vt 0.588306 0.531434
vt 0.463797 0.552837
vt 0.560924 0.472046
vt 0.536704 0.449661
vt 0.507516 0.434307
vt 0.475348 0.427030
vt 0.442394 0.428327
vt 0.410897 0.438109
vt 0.383006 0.455710
vt 0.360621 0.479930
vt 0.345267 0.509118
vt 0.337990 0.541285
vt 0.339287 0.574240
vt 0.349069 0.605736
vt 0.366670 0.633627
vt 0.390890 0.656013
vt 0.420078 0.671367
vt 0.452245 0.678644
vt 0.485200 0.677347
vt 0.516696 0.667564
vt 0.544587 0.649964
vt 0.566973 0.625744
vt 0.582327 0.596556
vt 0.589604 0.564388
vt 0.273911 0.593020
vt 0.259524 0.622697
vt 0.154009 0.553216
vt 0.237945 0.647638
vt 0.210647 0.666145
vt 0.179489 0.676956
vt 0.146595 0.679334
vt 0.114206 0.673118
vt 0.084529 0.658731
vt 0.059588 0.637152
vt 0.041081 0.609854
vt 0.030270 0.578696
vt 0.027891 0.545802
vt 0.034108 0.513413
vt 0.048495 0.483736
vt 0.070073 0.458795
vt 0.097371 0.440288
vt 0.128529 0.429477
vt 0.161424 0.427098
vt 0.193813 0.433315
vt 0.223490 0.447702
vt 0.248431 0.469280
vt 0.266938 0.496578
vt 0.277749 0.527736
vt 0.280128 0.560631
vt 0.592908 0.493286
vt 0.603894 0.488233
vt 0.615841 0.526694
vt 0.603922 0.528732
vt 0.573096 0.461899
vt 0.582399 0.454175
vt 0.545835 0.436709
vt 0.552822 0.426840
vt 0.512984 0.419433
vt 0.517179 0.408092
vt 0.476780 0.411248
vt 0.477897 0.399208
vt 0.439692 0.412712
vt 0.437654 0.400793
vt 0.404246 0.423726
vt 0.399193 0.412740
vt 0.372859 0.443538
vt 0.365135 0.434234
vt 0.347669 0.470798
vt 0.337800 0.463811
vt 0.330393 0.503650
vt 0.319052 0.499455
vt 0.322208 0.539853
vt 0.310167 0.538737
vt 0.323672 0.576942
vt 0.311753 0.578979
vt 0.334685 0.612387
vt 0.323700 0.617441
vt 0.354498 0.643775
vt 0.345194 0.651499
vt 0.381758 0.668965
vt 0.374771 0.678834
vt 0.414610 0.686241
vt 0.410415 0.697582
vt 0.450813 0.694426
vt 0.449697 0.706466
vt 0.487902 0.692962
vt 0.489940 0.704881
vt 0.523347 0.681948
vt 0.528401 0.692934
vt 0.554735 0.662136
vt 0.562459 0.671439
vt 0.579925 0.634875
vt 0.589794 0.641863
vt 0.597201 0.602024
vt 0.608542 0.606219
vt 0.605386 0.565820
vt 0.617426 0.566937
vt 0.288957 0.597996
vt 0.300429 0.601817
vt 0.282861 0.638057
vt 0.272768 0.631398
vt 0.256513 0.668515
vt 0.248487 0.659471
vt 0.223178 0.691116
vt 0.217767 0.680303
vt 0.185130 0.704320
vt 0.182702 0.692474
vt 0.144961 0.707226
vt 0.145682 0.695155
vt 0.105409 0.699636
vt 0.109229 0.688164
vt 0.069169 0.682068
vt 0.075828 0.671975
vt 0.038710 0.655720
vt 0.047755 0.647694
vt 0.016109 0.622385
vt 0.026923 0.616974
vt 0.002906 0.584337
vt 0.014752 0.581909
vt -0.000000 0.544168
vt 0.012071 0.544889
vt 0.007589 0.504616
vt 0.019062 0.508436
vt 0.025157 0.468376
vt 0.035250 0.475035
vt 0.051539 0.437979
vt 0.059842 0.447136
vt 0.084909 0.415484
vt 0.090536 0.426571
vt 0.122909 0.402182
vt 0.125387 0.414305
vt 0.163057 0.399207
vt 0.162337 0.411278
vt 0.202610 0.406796
vt 0.198790 0.418269
vt 0.238850 0.424364
vt 0.232191 0.434457
vt 0.269308 0.450713
vt 0.260264 0.458739
vt 0.291910 0.484048
vt 0.281096 0.489459
vt 0.305113 0.522096
vt 0.293267 0.524523
vt 0.308019 0.562265
vt 0.295948 0.561544
vt 0.000000 0.756475
vt 0.000000 0.717896
vt 0.041667 0.717896
vt 0.041667 0.756475
vt 0.083333 0.717896
vt 0.083333 0.756475
vt 0.125000 0.717896
vt 0.125000 0.756475
vt 0.166666 0.717896
vt 0.166666 0.756475
vt 0.208333 0.717896
vt 0.208333 0.756475
vt 0.250000 0.717896
vt 0.250000 0.756475
vt 0.291666 0.717896
vt 0.291666 0.756475
vt 0.333333 0.717896
vt 0.333333 0.756475
vt 0.374999 0.717896
vt 0.374999 0.756475
vt 0.416666 0.717896
vt 0.416666 0.756475
vt 0.458333 0.717896
vt 0.458333 0.756475
vt 0.499999 0.717896
vt 0.499999 0.756475
vt 0.541666 0.717896
vt 0.541666 0.756475
vt 0.583333 0.717896
vt 0.583333 0.756475
vt 0.624999 0.717896
vt 0.624999 0.756475
vt 0.666666 0.717896
vt 0.666666 0.756475
vt 0.708333 0.717896
vt 0.708333 0.756475
vt 0.750000 0.717896
vt 0.750000 0.756475
vt 0.791666 0.717896
vt 0.791666 0.756475
vt 0.833333 0.717896
vt 0.833333 0.756475
vt 0.875000 0.717896
vt 0.875000 0.756475
vt 0.916667 0.717896
vt 0.916667 0.756475
vt 0.958333 0.717896
vt 0.958333 0.756475
vt 1.000000 0.717896
vt 1.000000 0.756475
vt 0.000000 0.878038
vt 0.000000 0.843205
vt 0.038689 0.843205
vt 0.038689 0.878038
vt 0.077378 0.843205
vt 0.077378 0.878038
vt 0.116067 0.843205
vt 0.116067 0.878038
vt 0.154756 0.843205
vt 0.154756 0.878038
vt 0.193445 0.843205
vt 0.193445 0.878038
vt 0.232134 0.843205
vt 0.232134 0.878038
vt 0.270823 0.843205
vt 0.270823 0.878038
vt 0.309512 0.843205
vt 0.309512 0.878038
vt 0.348201 0.843205
vt 0.348201 0.878038
vt 0.386890 0.843205
vt 0.386890 0.878038
vt 0.425579 0.843205
vt 0.425579 0.878038
vt 0.464268 0.843205
vt 0.464268 0.878038
vt 0.502958 0.843205
vt 0.502958 0.878038
vt 0.541647 0.843205
vt 0.541647 0.878038
vt 0.580336 0.843205
vt 0.580336 0.878038
vt 0.619025 0.843205
vt 0.619025 0.878038
vt 0.657714 0.843205
vt 0.657714 0.878038
vt 0.696403 0.843205
vt 0.696403 0.878038
vt 0.735093 0.843205
vt 0.735093 0.878038
vt 0.773782 0.843205
vt 0.773782 0.878038
vt 0.812471 0.843205
vt 0.812471 0.878038
vt 0.851160 0.843205
vt 0.851160 0.878038
vt 0.889849 0.843205
vt 0.889849 0.878038
vt 0.928538 0.843205
vt 0.928538 0.878038
vt 0.000000 0.820771
vt 0.000000 0.779689
vt 0.034846 0.779689
vt 0.034846 0.820771
vt 0.069693 0.779689
vt 0.069693 0.820771
vt 0.104539 0.779689
vt 0.104539 0.820771
vt 0.139385 0.779689
vt 0.139385 0.820771
vt 0.174231 0.779689
vt 0.174231 0.820771
vt 0.209078 0.779689
vt 0.209078 0.820771
vt 0.243924 0.779689
vt 0.243924 0.820771
vt 0.278770 0.779689
vt 0.278770 0.820771
vt 0.313617 0.779689
vt 0.313617 0.820771
vt 0.348463 0.779689
vt 0.348463 0.820771
vt 0.383309 0.779689
vt 0.383309 0.820771
vt 0.418156 0.779689
vt 0.418156 0.820771
vt 0.453002 0.779689
vt 0.453002 0.820771
vt 0.487848 0.779689
vt 0.487848 0.820771
vt 0.522695 0.779689
vt 0.522695 0.820771
vt 0.557541 0.779689
vt 0.557541 0.820771
vt 0.592387 0.779689
vt 0.592387 0.820771
vt 0.627234 0.779689
vt 0.627234 0.820771
vt 0.662080 0.779689
vt 0.662080 0.820771
vt 0.696927 0.779689
vt 0.696927 0.820771
vt 0.731773 0.779689
vt 0.731773 0.820771
vt 0.766620 0.779689
vt 0.766620 0.820771
vt 0.801466 0.779689
vt 0.801466 0.820771
vt 0.836312 0.779689
vt 0.836312 0.820771
vt 0.000000 0.707224
vt 0.041667 0.707224
vt 0.041667 0.768669
vt 0.000000 0.768669
vt 0.083333 0.707224
vt 0.083333 0.768669
vt 0.125000 0.707224
vt 0.125000 0.768669
vt 0.166666 0.707224
vt 0.166666 0.768669
vt 0.208333 0.707224
vt 0.208333 0.768669
vt 0.250000 0.707224
vt 0.250000 0.768669
vt 0.291666 0.707224
vt 0.291666 0.768669
vt 0.333333 0.707224
vt 0.333333 0.768669
vt 0.374999 0.707224
vt 0.374999 0.768669
vt 0.416666 0.707224
vt 0.416666 0.768669
vt 0.458333 0.707224
vt 0.458333 0.768669
vt 0.499999 0.707224
vt 0.499999 0.768669
vt 0.541666 0.707224
vt 0.541666 0.768669
vt 0.583333 0.707224
vt 0.583333 0.768669
vt 0.624999 0.707224
vt 0.624999 0.768669
vt 0.666666 0.707224
vt 0.666666 0.768669
vt 0.708333 0.707224
vt 0.708333 0.768669
vt 0.750000 0.707224
vt 0.750000 0.768669
vt 0.791666 0.707224
vt 0.791666 0.768669
vt 0.833333 0.707224
vt 0.833333 0.768669
vt 0.875000 0.707224
vt 0.875000 0.768669
vt 0.916667 0.707224
vt 0.916667 0.768669
vt 0.958333 0.707224
vt 0.958333 0.768669
vt 1.000000 0.707224
vt 1.000000 0.768669
vt 0.000000 0.832182
vt 0.038689 0.832182
vt 0.038689 0.887660
vt 0.000000 0.887660
vt 0.077378 0.832182
vt 0.077378 0.887660
vt 0.116067 0.832182
vt 0.116067 0.887660
vt 0.154756 0.832182
vt 0.154756 0.887660
vt 0.193445 0.832182
vt 0.193445 0.887660
vt 0.232134 0.832182
vt 0.232134 0.887660
vt 0.270823 0.832182
vt 0.270823 0.887660
vt 0.309512 0.832182
vt 0.309512 0.887660
vt 0.348201 0.832182
vt 0.348201 0.887660
vt 0.386890 0.832182
vt 0.386890 0.887660
vt 0.425579 0.832182
vt 0.425579 0.887660
vt 0.464268 0.832182
vt 0.464268 0.887660
vt 0.502958 0.832182
vt 0.502958 0.887660
vt 0.541647 0.832182
vt 0.541647 0.887660
vt 0.580336 0.832182
vt 0.580336 0.887660
vt 0.619025 0.832182
vt 0.619025 0.887660
vt 0.657714 0.832182
vt 0.657714 0.887660
vt 0.696403 0.832182
vt 0.696403 0.887660
vt 0.735093 0.832182
vt 0.735093 0.887660
vt 0.773782 0.832182
vt 0.773782 0.887660
vt 0.812471 0.832182
vt 0.812471 0.887660
vt 0.851160 0.832182
vt 0.851160 0.887660
vt 0.889849 0.832182
vt 0.889849 0.887660
vt 0.928538 0.832182
vt 0.928538 0.887660
vt 0.034846 0.768669
vt 0.034846 0.832182
vt 0.069693 0.768669
vt 0.069693 0.832182
vt 0.104539 0.768669
vt 0.104539 0.832182
vt 0.139385 0.768669
vt 0.139385 0.832182
vt 0.174231 0.768669
vt 0.174231 0.832182
vt 0.209078 0.768669
vt 0.209078 0.832182
vt 0.243924 0.768669
vt 0.243924 0.832182
vt 0.278770 0.768669
vt 0.278770 0.832182
vt 0.313617 0.768669
vt 0.313617 0.832182
vt 0.348463 0.768669
vt 0.348463 0.832182
vt 0.383309 0.768669
vt 0.383309 0.832182
vt 0.418156 0.768669
vt 0.418156 0.832182
vt 0.453002 0.768669
vt 0.453002 0.832182
vt 0.487848 0.768669
vt 0.487848 0.832182
vt 0.522695 0.768669
vt 0.522695 0.832182
vt 0.557541 0.768669
vt 0.557541 0.832182
vt 0.592387 0.768669
vt 0.592387 0.832182
vt 0.627234 0.768669
vt 0.627234 0.832182
vt 0.662080 0.768669
vt 0.662080 0.832182
vt 0.696927 0.768669
vt 0.696927 0.832182
vt 0.731773 0.768669
vt 0.731773 0.832182
vt 0.766620 0.768669
vt 0.766620 0.832182
vt 0.801466 0.768669
vt 0.801466 0.832182
vt 0.836312 0.768669
vt 0.836312 0.832182
s 1
usemtl barrel_low_initialShadingGroup
f 1594/1783/1444 1592/1785/1446 1591/1784/1445
f 1592/1785/1446 1594/1783/1444 1593/1786/1445
f 1593/1786/1445 1595/1787/1447 1592/1785/1446
f 1595/1787/1447 1593/1786/1445 1596/1788/1448
f 1596/1788/1448 1597/1789/1449 1595/1787/1447
f 1597/1789/1449 1596/1788/1448 1598/1790/1450
f 1598/1790/1450 1599/1791/1451 1597/1789/1449
f 1599/1791/1451 1598/1790/1450 1600/1792/1452
f 1600/1792/1452 1601/1793/1453 1599/1791/1451
f 1601/1793/1453 1600/1792/1452 1602/1794/1454
f 1602/1795/1454 1603/1797/1455 1601/1796/1453
f 1603/1797/1455 1602/1795/1454 1604/1798/1456
f 1604/1798/1456 1605/1799/1457 1603/1797/1455
f 1605/1799/1457 1604/1798/1456 1606/1800/1458
f 1606/1800/1458 1607/1801/1459 1605/1799/1457
f 1607/1801/1459 1606/1800/1458 1608/1802/1460
f 1608/1802/1460 1609/1803/1461 1607/1801/1459
f 1609/1803/1461 1608/1802/1460 1610/1804/1462
f 1610/1804/1462 1611/1805/1463 1609/1803/1461
f 1611/1805/1463 1610/1804/1462 1612/1806/1464
f 1612/1806/1464 1613/1807/1465 1611/1805/1463
f 1613/1807/1465 1612/1806/1464 1614/1808/1466
f 1614/1808/1466 1615/1809/1467 1613/1807/1465
f 1615/1809/1467 1614/1808/1466 1616/1810/1468
f 1616/1810/1468 1617/1811/1469 1615/1809/1467
f 1617/1811/1469 1616/1810/1468 1618/1812/1470
f 1618/1812/1470 1619/1813/1471 1617/1811/1469
f 1619/1813/1471 1618/1812/1470 1620/1814/1472
f 1620/1814/1472 1621/1815/1473 1619/1813/1471
f 1621/1815/1473 1620/1814/1472 1622/1816/1474
f 1622/1816/1474 1623/1817/1475 1621/1815/1473
f 1623/1817/1475 1622/1816/1474 1624/1818/1476
f 1624/1818/1476 1625/1819/1477 1623/1817/1475
f 1625/1819/1477 1624/1818/1476 1626/1820/1478
f 1626/1820/1478 1627/1821/1479 1625/1819/1477
f 1627/1821/1479 1626/1820/1478 1628/1822/1480
f 1628/1822/1480 1629/1823/1481 1627/1821/1479
f 1629/1823/1481 1628/1822/1480 1630/1824/1482
f 1630/1824/1482 1631/1825/1483 1629/1823/1481
f 1631/1825/1483 1630/1824/1482 1632/1826/1484
f 1632/1826/1484 1633/1827/1485 1631/1825/1483
f 1633/1827/1485 1632/1826/1484 1634/1828/1486
f 1634/1828/1486 1635/1829/1487 1633/1827/1485
f 1635/1829/1487 1634/1828/1486 1636/1830/1488
f 1636/1830/1488 1637/1831/1489 1635/1829/1487
f 1637/1831/1489 1636/1830/1488 1638/1832/1490
f 1638/1832/1490 1591/1784/1445 1637/1831/1489
f 1591/1784/1445 1638/1832/1490 1594/1783/1444
f 1640/1833/1491 1593/1786/1445 1594/1783/1444
f 1593/1786/1445 1640/1833/1491 1639/1834/1492
f 1639/1834/1492 1596/1788/1448 1593/1786/1445
f 1596/1788/1448 1639/1834/1492 1641/1835/1493
f 1641/1835/1493 1598/1790/1450 1596/1788/1448
f 1598/1790/1450 1641/1835/1493 1642/1836/1494
f 1642/1836/1494 1600/1792/1452 1598/1790/1450
f 1600/1792/1452 1642/1836/1494 1643/1837/1495
f 1643/1837/1495 1602/1794/1454 1600/1792/1452
f 1602/1794/1454 1643/1837/1495 1644/1838/1496
f 1644/1839/1496 1604/1798/1456 1602/1795/1454
f 1604/1798/1456 1644/1839/1496 1645/1840/1497
f 1645/1840/1497 1606/1800/1458 1604/1798/1456
f 1606/1800/1458 1645/1840/1497 1646/1841/1498
f 1646/1841/1498 1608/1802/1460 1606/1800/1458
f 1608/1802/1460 1646/1841/1498 1647/1842/1499
f 1647/1842/1499 1610/1804/1462 1608/1802/1460
f 1610/1804/1462 1647/1842/1499 1648/1843/1500
f 1648/1843/1500 1612/1806/1464 1610/1804/1462
f 1612/1806/1464 1648/1843/1500 1649/1844/1501
f 1649/1844/1501 1614/1808/1466 1612/1806/1464
f 1614/1808/1466 1649/1844/1501 1650/1845/1502
f 1650/1845/1502 1616/1810/1468 1614/1808/1466
f 1616/1810/1468 1650/1845/1502 1651/1846/1503
f 1651/1846/1503 1618/1812/1470 1616/1810/1468
f 1618/1812/1470 1651/1846/1503 1652/1847/1504
f 1652/1847/1504 1620/1814/1472 1618/1812/1470
f 1620/1814/1472 1652/1847/1504 1653/1848/1505
f 1653/1848/1505 1622/1816/1474 1620/1814/1472
f 1622/1816/1474 1653/1848/1505 1654/1849/1506
f 1654/1849/1506 1624/1818/1476 1622/1816/1474
f 1624/1818/1476 1654/1849/1506 1655/1850/1507
f 1655/1850/1507 1626/1820/1478 1624/1818/1476
f 1626/1820/1478 1655/1850/1507 1656/1851/1508
f 1656/1851/1508 1628/1822/1480 1626/1820/1478
f 1628/1822/1480 1656/1851/1508 1657/1852/1509
f 1657/1852/1509 1630/1824/1482 1628/1822/1480
f 1630/1824/1482 1657/1852/1509 1658/1853/1510
f 1658/1853/1510 1632/1826/1484 1630/1824/1482
f 1632/1826/1484 1658/1853/1510 1659/1854/1511
f 1659/1854/1511 1634/1828/1486 1632/1826/1484
f 1634/1828/1486 1659/1854/1511 1660/1855/1512
f 1660/1855/1512 1636/1830/1488 1634/1828/1486
f 1636/1830/1488 1660/1855/1512 1661/1856/1513
f 1661/1856/1513 1638/1832/1490 1636/1830/1488
f 1638/1832/1490 1661/1856/1513 1662/1857/1514
f 1662/1857/1514 1594/1783/1444 1638/1832/1490
f 1594/1783/1444 1662/1857/1514 1640/1833/1491
f 1664/1858/1515 1639/1834/1492 1640/1833/1491
f 1639/1834/1492 1664/1858/1515 1663/1859/1516
f 1663/1859/1516 1641/1835/1493 1639/1834/1492
f 1641/1835/1493 1663/1859/1516 1665/1860/1517
f 1665/1860/1517 1642/1836/1494 1641/1835/1493
f 1642/1836/1494 1665/1860/1517 1666/1861/1518
f 1666/1861/1518 1643/1837/1495 1642/1836/1494
f 1643/1837/1495 1666/1861/1518 1667/1862/1519
f 1667/1862/1519 1644/1838/1496 1643/1837/1495
f 1644/1838/1496 1667/1862/1519 1668/1863/1520
f 1668/1864/1520 1645/1840/1497 1644/1839/1496
f 1645/1840/1497 1668/1864/1520 1669/1865/1521
f 1669/1865/1521 1646/1841/1498 1645/1840/1497
f 1646/1841/1498 1669/1865/1521 1670/1866/1522
f 1670/1866/1522 1647/1842/1499 1646/1841/1498
f 1647/1842/1499 1670/1866/1522 1671/1867/1523
f 1671/1867/1523 1648/1843/1500 1647/1842/1499
f 1648/1843/1500 1671/1867/1523 1672/1868/1524
f 1672/1868/1524 1649/1844/1501 1648/1843/1500
f 1649/1844/1501 1672/1868/1524 1673/1869/1525
f 1673/1869/1525 1650/1845/1502 1649/1844/1501
f 1650/1845/1502 1673/1869/1525 1674/1870/1526
f 1674/1870/1526 1651/1846/1503 1650/1845/1502
f 1651/1846/1503 1674/1870/1526 1675/1871/1527
f 1675/1871/1527 1652/1847/1504 1651/1846/1503
f 1652/1847/1504 1675/1871/1527 1676/1872/1528
f 1676/1872/1528 1653/1848/1505 1652/1847/1504
f 1653/1848/1505 1676/1872/1528 1677/1873/1529
f 1677/1873/1529 1654/1849/1506 1653/1848/1505
f 1654/1849/1506 1677/1873/1529 1678/1874/1530
f 1678/1874/1530 1655/1850/1507 1654/1849/1506
f 1655/1850/1507 1678/1874/1530 1679/1875/1531
f 1679/1875/1531 1656/1851/1508 1655/1850/1507
f 1656/1851/1508 1679/1875/1531 1680/1876/1532
f 1680/1876/1532 1657/1852/1509 1656/1851/1508
f 1657/1852/1509 1680/1876/1532 1681/1877/1533
f 1681/1877/1533 1658/1853/1510 1657/1852/1509
f 1658/1853/1510 1681/1877/1533 1682/1878/1534
f 1682/1878/1534 1659/1854/1511 1658/1853/1510
f 1659/1854/1511 1682/1878/1534 1683/1879/1535
f 1683/1879/1535 1660/1855/1512 1659/1854/1511
f 1660/1855/1512 1683/1879/1535 1684/1880/1536
f 1684/1880/1536 1661/1856/1513 1660/1855/1512
f 1661/1856/1513 1684/1880/1536 1685/1881/1537
f 1685/1881/1537 1662/1857/1514 1661/1856/1513
f 1662/1857/1514 1685/1881/1537 1686/1882/1538
f 1686/1882/1538 1640/1833/1491 1662/1857/1514
f 1640/1833/1491 1686/1882/1538 1664/1858/1515
f 1688/1883/1539 1663/1859/1516 1664/1858/1515
f 1663/1859/1516 1688/1883/1539 1687/1884/1540
f 1687/1884/1540 1665/1860/1517 1663/1859/1516
f 1665/1860/1517 1687/1884/1540 1689/1885/1541
f 1689/1885/1541 1666/1861/1518 1665/1860/1517
f 1666/1861/1518 1689/1885/1541 1690/1886/1542
f 1690/1886/1542 1667/1862/1519 1666/1861/1518
f 1667/1862/1519 1690/1886/1542 1691/1887/1543
f 1691/1887/1543 1668/1863/1520 1667/1862/1519
f 1668/1863/1520 1691/1887/1543 1692/1888/1544
f 1692/1889/1544 1669/1865/1521 1668/1864/1520
f 1669/1865/1521 1692/1889/1544 1693/1890/1545
f 1693/1890/1545 1670/1866/1522 1669/1865/1521
f 1670/1866/1522 1693/1890/1545 1694/1891/1546
f 1694/1891/1546 1671/1867/1523 1670/1866/1522
f 1671/1867/1523 1694/1891/1546 1695/1892/1547
f 1695/1892/1547 1672/1868/1524 1671/1867/1523
f 1672/1868/1524 1695/1892/1547 1696/1893/1548
f 1696/1893/1548 1673/1869/1525 1672/1868/1524
f 1673/1869/1525 1696/1893/1548 1697/1894/1549
f 1697/1894/1549 1674/1870/1526 1673/1869/1525
f 1674/1870/1526 1697/1894/1549 1698/1895/1550
f 1698/1895/1550 1675/1871/1527 1674/1870/1526
f 1675/1871/1527 1698/1895/1550 1699/1896/1551
f 1699/1896/1551 1676/1872/1528 1675/1871/1527
f 1676/1872/1528 1699/1896/1551 1700/1897/1552
f 1700/1897/1552 1677/1873/1529 1676/1872/1528
f 1677/1873/1529 1700/1897/1552 1701/1898/1553
f 1701/1898/1553 1678/1874/1530 1677/1873/1529
f 1678/1874/1530 1701/1898/1553 1702/1899/1554
f 1702/1899/1554 1679/1875/1531 1678/1874/1530
f 1679/1875/1531 1702/1899/1554 1703/1900/1555
f 1703/1900/1555 1680/1876/1532 1679/1875/1531
f 1680/1876/1532 1703/1900/1555 1704/1901/1556
f 1704/1901/1556 1681/1877/1533 1680/1876/1532
f 1681/1877/1533 1704/1901/1556 1705/1902/1557
f 1705/1902/1557 1682/1878/1534 1681/1877/1533
f 1682/1878/1534 1705/1902/1557 1706/1903/1558
f 1706/1903/1558 1683/1879/1535 1682/1878/1534
f 1683/1879/1535 1706/1903/1558 1707/1904/1559
f 1707/1904/1559 1684/1880/1536 1683/1879/1535
f 1684/1880/1536 1707/1904/1559 1708/1905/1560
f 1708/1905/1560 1685/1881/1537 1684/1880/1536
f 1685/1881/1537 1708/1905/1560 1709/1906/1561
f 1709/1906/1561 1686/1882/1538 1685/1881/1537
f 1686/1882/1538 1709/1906/1561 1710/1907/1562
f 1710/1907/1562 1664/1858/1515 1686/1882/1538
f 1664/1858/1515 1710/1907/1562 1688/1883/1539
f 1712/1908/1563 1687/1884/1540 1688/1883/1539
f 1687/1884/1540 1712/1908/1563 1711/1909/1564
f 1711/1909/1564 1689/1885/1541 1687/1884/1540
f 1689/1885/1541 1711/1909/1564 1713/1910/1565
f 1713/1910/1565 1690/1886/1542 1689/1885/1541
f 1690/1886/1542 1713/1910/1565 1714/1911/1566
f 1714/1911/1566 1691/1887/1543 1690/1886/1542
f 1691/1887/1543 1714/1911/1566 1715/1912/1567
f 1715/1912/1567 1692/1888/1544 1691/1887/1543
f 1692/1888/1544 1715/1912/1567 1716/1913/1568
f 1716/1914/1568 1693/1890/1545 1692/1889/1544
f 1693/1890/1545 1716/1914/1568 1717/1915/1569
f 1717/1915/1569 1694/1891/1546 1693/1890/1545
f 1694/1891/1546 1717/1915/1569 1718/1916/1570
f 1718/1916/1570 1695/1892/1547 1694/1891/1546
f 1695/1892/1547 1718/1916/1570 1719/1917/1571
f 1719/1917/1571 1696/1893/1548 1695/1892/1547
f 1696/1893/1548 1719/1917/1571 1720/1918/1572
f 1720/1918/1572 1697/1894/1549 1696/1893/1548
f 1697/1894/1549 1720/1918/1572 1721/1919/1573
f 1721/1919/1573 1698/1895/1550 1697/1894/1549
f 1698/1895/1550 1721/1919/1573 1722/1920/1574
f 1722/1920/1574 1699/1896/1551 1698/1895/1550
f 1699/1896/1551 1722/1920/1574 1723/1921/1575
f 1723/1921/1575 1700/1897/1552 1699/1896/1551
f 1700/1897/1552 1723/1921/1575 1724/1922/1576
f 1724/1922/1576 1701/1898/1553 1700/1897/1552
f 1701/1898/1553 1724/1922/1576 1725/1923/1577
f 1725/1923/1577 1702/1899/1554 1701/1898/1553
f 1702/1899/1554 1725/1923/1577 1726/1924/1578
f 1726/1924/1578 1703/1900/1555 1702/1899/1554
f 1703/1900/1555 1726/1924/1578 1727/1925/1579
f 1727/1925/1579 1704/1901/1556 1703/1900/1555
f 1704/1901/1556 1727/1925/1579 1728/1926/1580
f 1728/1926/1580 1705/1902/1557 1704/1901/1556
f 1705/1902/1557 1728/1926/1580 1729/1927/1581
f 1729/1927/1581 1706/1903/1558 1705/1902/1557
f 1706/1903/1558 1729/1927/1581 1730/1928/1582
f 1730/1928/1582 1707/1904/1559 1706/1903/1558
f 1707/1904/1559 1730/1928/1582 1731/1929/1583
f 1731/1929/1583 1708/1905/1560 1707/1904/1559
f 1708/1905/1560 1731/1929/1583 1732/1930/1584
f 1732/1930/1584 1709/1906/1561 1708/1905/1560
f 1709/1906/1561 1732/1930/1584 1733/1931/1585
f 1733/1931/1585 1710/1907/1562 1709/1906/1561
f 1710/1907/1562 1733/1931/1585 1734/1932/1586
f 1734/1932/1586 1688/1883/1539 1710/1907/1562
f 1688/1883/1539 1734/1932/1586 1712/1908/1563
f 1735/1933/1587 1737/1935/1589 1736/1934/1588
f 1738/1936/1590 1737/1935/1589 1735/1933/1587
f 1739/1937/1591 1737/1935/1589 1738/1936/1590
f 1740/1938/1592 1737/1935/1589 1739/1937/1591
f 1741/1939/1593 1737/1935/1589 1740/1938/1592
f 1742/1940/1594 1737/1935/1589 1741/1939/1593
f 1743/1941/1595 1737/1935/1589 1742/1940/1594
f 1744/1942/1596 1737/1935/1589 1743/1941/1595
f 1745/1943/1597 1737/1935/1589 1744/1942/1596
f 1746/1944/1598 1737/1935/1589 1745/1943/1597
f 1747/1945/1599 1737/1935/1589 1746/1944/1598
f 1748/1946/1600 1737/1935/1589 1747/1945/1599
f 1749/1947/1601 1737/1935/1589 1748/1946/1600
f 1750/1948/1602 1737/1935/1589 1749/1947/1601
f 1751/1949/1603 1737/1935/1589 1750/1948/1602
f 1752/1950/1604 1737/1935/1589 1751/1949/1603
f 1753/1951/1605 1737/1935/1589 1752/1950/1604
f 1754/1952/1606 1737/1935/1589 1753/1951/1605
f 1755/1953/1607 1737/1935/1589 1754/1952/1606
f 1756/1954/1608 1737/1935/1589 1755/1953/1607
f 1757/1955/1609 1737/1935/1589 1756/1954/1608
f 1758/1956/1610 1737/1935/1589 1757/1955/1609
f 1759/1957/1611 1737/1935/1589 1758/1956/1610
f 1736/1934/1588 1737/1935/1589 1759/1957/1611
f 1760/1958/1612 1762/1960/1614 1761/1959/1613
f 1761/1959/1613 1762/1960/1614 1763/1961/1615
f 1763/1961/1615 1762/1960/1614 1764/1962/1616
f 1764/1962/1616 1762/1960/1614 1765/1963/1617
f 1765/1963/1617 1762/1960/1614 1766/1964/1618
f 1766/1964/1618 1762/1960/1614 1767/1965/1619
f 1767/1965/1619 1762/1960/1614 1768/1966/1620
f 1768/1966/1620 1762/1960/1614 1769/1967/1621
f 1769/1967/1621 1762/1960/1614 1770/1968/1622
f 1770/1968/1622 1762/1960/1614 1771/1969/1623
f 1771/1969/1623 1762/1960/1614 1772/1970/1624
f 1772/1970/1624 1762/1960/1614 1773/1971/1625
f 1773/1971/1625 1762/1960/1614 1774/1972/1626
f 1774/1972/1626 1762/1960/1614 1775/1973/1627
f 1775/1973/1627 1762/1960/1614 1776/1974/1628
f 1776/1974/1628 1762/1960/1614 1777/1975/1629
f 1777/1975/1629 1762/1960/1614 1778/1976/1630
f 1778/1976/1630 1762/1960/1614 1779/1977/1631
f 1779/1977/1631 1762/1960/1614 1780/1978/1632
f 1780/1978/1632 1762/1960/1614 1781/1979/1633
f 1781/1979/1633 1762/1960/1614 1782/1980/1634
f 1782/1980/1634 1762/1960/1614 1783/1981/1635
f 1783/1981/1635 1762/1960/1614 1784/1982/1636
f 1784/1982/1636 1762/1960/1614 1760/1958/1612
f 1786/1983/1637 1591/1985/1445 1592/1984/1446
f 1591/1985/1445 1786/1983/1637 1785/1986/1638
f 1787/1987/1639 1592/1984/1446 1595/1988/1447
f 1592/1984/1446 1787/1987/1639 1786/1983/1637
f 1788/1989/1640 1595/1988/1447 1597/1990/1449
f 1595/1988/1447 1788/1989/1640 1787/1987/1639
f 1789/1991/1641 1597/1990/1449 1599/1992/1451
f 1597/1990/1449 1789/1991/1641 1788/1989/1640
f 1790/1993/1642 1599/1992/1451 1601/1994/1453
f 1599/1992/1451 1790/1993/1642 1789/1991/1641
f 1791/1995/1643 1601/1994/1453 1603/1996/1455
f 1601/1994/1453 1791/1995/1643 1790/1993/1642
f 1792/1997/1644 1603/1996/1455 1605/1998/1457
f 1603/1996/1455 1792/1997/1644 1791/1995/1643
f 1793/1999/1645 1605/1998/1457 1607/2000/1459
f 1605/1998/1457 1793/1999/1645 1792/1997/1644
f 1794/2001/1646 1607/2000/1459 1609/2002/1461
f 1607/2000/1459 1794/2001/1646 1793/1999/1645
f 1795/2003/1647 1609/2002/1461 1611/2004/1463
f 1609/2002/1461 1795/2003/1647 1794/2001/1646
f 1796/2005/1648 1611/2004/1463 1613/2006/1465
f 1611/2004/1463 1796/2005/1648 1795/2003/1647
f 1797/2007/1649 1613/2006/1465 1615/2008/1467
f 1613/2006/1465 1797/2007/1649 1796/2005/1648
f 1798/2009/1650 1615/2008/1467 1617/2010/1469
f 1615/2008/1467 1798/2009/1650 1797/2007/1649
f 1799/2011/1651 1617/2010/1469 1619/2012/1471
f 1617/2010/1469 1799/2011/1651 1798/2009/1650
f 1800/2013/1652 1619/2012/1471 1621/2014/1473
f 1619/2012/1471 1800/2013/1652 1799/2011/1651
f 1801/2015/1653 1621/2014/1473 1623/2016/1475
f 1621/2014/1473 1801/2015/1653 1800/2013/1652
f 1802/2017/1654 1623/2016/1475 1625/2018/1477
f 1623/2016/1475 1802/2017/1654 1801/2015/1653
f 1803/2019/1655 1625/2018/1477 1627/2020/1479
f 1625/2018/1477 1803/2019/1655 1802/2017/1654
f 1804/2021/1656 1627/2020/1479 1629/2022/1481
f 1627/2020/1479 1804/2021/1656 1803/2019/1655
f 1805/2023/1657 1629/2022/1481 1631/2024/1483
f 1629/2022/1481 1805/2023/1657 1804/2021/1656
f 1806/2025/1658 1631/2024/1483 1633/2026/1485
f 1631/2024/1483 1806/2025/1658 1805/2023/1657
f 1807/2027/1659 1633/2026/1485 1635/2028/1487
f 1633/2026/1485 1807/2027/1659 1806/2025/1658
f 1808/2029/1660 1635/2028/1487 1637/2030/1489
f 1635/2028/1487 1808/2029/1660 1807/2027/1659
f 1785/1986/1638 1637/2030/1489 1591/1985/1445
f 1637/2030/1489 1785/1986/1638 1808/2029/1660
f 1810/2031/1661 1711/2033/1564 1712/2032/1563
f 1711/2033/1564 1810/2031/1661 1809/2034/1662
f 1809/2034/1662 1713/2035/1565 1711/2033/1564
f 1713/2035/1565 1809/2034/1662 1811/2036/1663
f 1811/2036/1663 1714/2037/1566 1713/2035/1565
f 1714/2037/1566 1811/2036/1663 1812/2038/1664
f 1812/2038/1664 1715/2039/1567 1714/2037/1566
f 1715/2039/1567 1812/2038/1664 1813/2040/1665
f 1813/2040/1665 1716/2041/1568 1715/2039/1567
f 1716/2041/1568 1813/2040/1665 1814/2042/1666
f 1814/2042/1666 1717/2043/1569 1716/2041/1568
f 1717/2043/1569 1814/2042/1666 1815/2044/1667
f 1815/2044/1667 1718/2045/1570 1717/2043/1569
f 1718/2045/1570 1815/2044/1667 1816/2046/1668
f 1816/2046/1668 1719/2047/1571 1718/2045/1570
f 1719/2047/1571 1816/2046/1668 1817/2048/1669
f 1817/2048/1669 1720/2049/1572 1719/2047/1571
f 1720/2049/1572 1817/2048/1669 1818/2050/1670
f 1818/2050/1670 1721/2051/1573 1720/2049/1572
f 1721/2051/1573 1818/2050/1670 1819/2052/1671
f 1819/2052/1671 1722/2053/1574 1721/2051/1573
f 1722/2053/1574 1819/2052/1671 1820/2054/1672
f 1820/2054/1672 1723/2055/1575 1722/2053/1574
f 1723/2055/1575 1820/2054/1672 1821/2056/1673
f 1821/2056/1673 1724/2057/1576 1723/2055/1575
f 1724/2057/1576 1821/2056/1673 1822/2058/1674
f 1822/2058/1674 1725/2059/1577 1724/2057/1576
f 1725/2059/1577 1822/2058/1674 1823/2060/1675
f 1823/2060/1675 1726/2061/1578 1725/2059/1577
f 1726/2061/1578 1823/2060/1675 1824/2062/1676
f 1824/2062/1676 1727/2063/1579 1726/2061/1578
f 1727/2063/1579 1824/2062/1676 1825/2064/1677
f 1825/2064/1677 1728/2065/1580 1727/2063/1579
f 1728/2065/1580 1825/2064/1677 1826/2066/1678
f 1826/2066/1678 1729/2067/1581 1728/2065/1580
f 1729/2067/1581 1826/2066/1678 1827/2068/1679
f 1827/2068/1679 1730/2069/1582 1729/2067/1581
f 1730/2069/1582 1827/2068/1679 1828/2070/1680
f 1828/2070/1680 1731/2071/1583 1730/2069/1582
f 1731/2071/1583 1828/2070/1680 1829/2072/1681
f 1829/2072/1681 1732/2073/1584 1731/2071/1583
f 1732/2073/1584 1829/2072/1681 1830/2074/1682
f 1830/2074/1682 1733/2075/1585 1732/2073/1584
f 1733/2075/1585 1830/2074/1682 1831/2076/1683
f 1831/2076/1683 1734/2077/1586 1733/2075/1585
f 1734/2077/1586 1831/2076/1683 1832/2078/1684
f 1832/2078/1684 1712/2032/1563 1734/2077/1586
f 1712/2032/1563 1832/2078/1684 1810/2031/1661
f 1735/1933/1587 1785/1986/1638 1786/1983/1637
f 1785/1986/1638 1735/1933/1587 1736/1934/1588
f 1738/1936/1590 1786/1983/1637 1787/1987/1639
f 1786/1983/1637 1738/1936/1590 1735/1933/1587
f 1739/1937/1591 1787/1987/1639 1788/1989/1640
f 1787/1987/1639 1739/1937/1591 1738/1936/1590
f 1740/1938/1592 1788/1989/1640 1789/1991/1641
f 1788/1989/1640 1740/1938/1592 1739/1937/1591
f 1741/1939/1593 1789/1991/1641 1790/1993/1642
f 1789/1991/1641 1741/1939/1593 1740/1938/1592
f 1742/1940/1594 1790/1993/1642 1791/1995/1643
f 1790/1993/1642 1742/1940/1594 1741/1939/1593
f 1743/1941/1595 1791/1995/1643 1792/1997/1644
f 1791/1995/1643 1743/1941/1595 1742/1940/1594
f 1744/1942/1596 1792/1997/1644 1793/1999/1645
f 1792/1997/1644 1744/1942/1596 1743/1941/1595
f 1745/1943/1597 1793/1999/1645 1794/2001/1646
f 1793/1999/1645 1745/1943/1597 1744/1942/1596
f 1746/1944/1598 1794/2001/1646 1795/2003/1647
f 1794/2001/1646 1746/1944/1598 1745/1943/1597
f 1747/1945/1599 1795/2003/1647 1796/2005/1648
f 1795/2003/1647 1747/1945/1599 1746/1944/1598
f 1748/1946/1600 1796/2005/1648 1797/2007/1649
f 1796/2005/1648 1748/1946/1600 1747/1945/1599
f 1749/1947/1601 1797/2007/1649 1798/2009/1650
f 1797/2007/1649 1749/1947/1601 1748/1946/1600
f 1750/1948/1602 1798/2009/1650 1799/2011/1651
f 1798/2009/1650 1750/1948/1602 1749/1947/1601
f 1751/1949/1603 1799/2011/1651 1800/2013/1652
f 1799/2011/1651 1751/1949/1603 1750/1948/1602
f 1752/1950/1604 1800/2013/1652 1801/2015/1653
f 1800/2013/1652 1752/1950/1604 1751/1949/1603
f 1753/1951/1605 1801/2015/1653 1802/2017/1654
f 1801/2015/1653 1753/1951/1605 1752/1950/1604
f 1754/1952/1606 1802/2017/1654 1803/2019/1655
f 1802/2017/1654 1754/1952/1606 1753/1951/1605
f 1755/1953/1607 1803/2019/1655 1804/2021/1656
f 1803/2019/1655 1755/1953/1607 1754/1952/1606
f 1756/1954/1608 1804/2021/1656 1805/2023/1657
f 1804/2021/1656 1756/1954/1608 1755/1953/1607
f 1757/1955/1609 1805/2023/1657 1806/2025/1658
f 1805/2023/1657 1757/1955/1609 1756/1954/1608
f 1758/1956/1610 1806/2025/1658 1807/2027/1659
f 1806/2025/1658 1758/1956/1610 1757/1955/1609
f 1759/1957/1611 1807/2027/1659 1808/2029/1660
f 1807/2027/1659 1759/1957/1611 1758/1956/1610
f 1736/1934/1588 1808/2029/1660 1785/1986/1638
f 1808/2029/1660 1736/1934/1588 1759/1957/1611
f 1760/1958/1612 1809/2034/1662 1810/2031/1661
f 1809/2034/1662 1760/1958/1612 1761/1959/1613
f 1761/1959/1613 1811/2036/1663 1809/2034/1662
f 1811/2036/1663 1761/1959/1613 1763/1961/1615
f 1763/1961/1615 1812/2038/1664 1811/2036/1663
f 1812/2038/1664 1763/1961/1615 1764/1962/1616
f 1764/1962/1616 1813/2040/1665 1812/2038/1664
f 1813/2040/1665 1764/1962/1616 1765/1963/1617
f 1765/1963/1617 1814/2042/1666 1813/2040/1665
f 1814/2042/1666 1765/1963/1617 1766/1964/1618
f 1766/1964/1618 1815/2044/1667 1814/2042/1666
f 1815/2044/1667 1766/1964/1618 1767/1965/1619
f 1767/1965/1619 1816/2046/1668 1815/2044/1667
f 1816/2046/1668 1767/1965/1619 1768/1966/1620
f 1768/1966/1620 1817/2048/1669 1816/2046/1668
f 1817/2048/1669 1768/1966/1620 1769/1967/1621
f 1769/1967/1621 1818/2050/1670 1817/2048/1669
f 1818/2050/1670 1769/1967/1621 1770/1968/1622
f 1770/1968/1622 1819/2052/1671 1818/2050/1670
f 1819/2052/1671 1770/1968/1622 1771/1969/1623
f 1771/1969/1623 1820/2054/1672 1819/2052/1671
f 1820/2054/1672 1771/1969/1623 1772/1970/1624
f 1772/1970/1624 1821/2056/1673 1820/2054/1672
f 1821/2056/1673 1772/1970/1624 1773/1971/1625
f 1773/1971/1625 1822/2058/1674 1821/2056/1673
f 1822/2058/1674 1773/1971/1625 1774/1972/1626
f 1774/1972/1626 1823/2060/1675 1822/2058/1674
f 1823/2060/1675 1774/1972/1626 1775/1973/1627
f 1775/1973/1627 1824/2062/1676 1823/2060/1675
f 1824/2062/1676 1775/1973/1627 1776/1974/1628
f 1776/1974/1628 1825/2064/1677 1824/2062/1676
f 1825/2064/1677 1776/1974/1628 1777/1975/1629
f 1777/1975/1629 1826/2066/1678 1825/2064/1677
f 1826/2066/1678 1777/1975/1629 1778/1976/1630
f 1778/1976/1630 1827/2068/1679 1826/2066/1678
f 1827/2068/1679 1778/1976/1630 1779/1977/1631
f 1779/1977/1631 1828/2070/1680 1827/2068/1679
f 1828/2070/1680 1779/1977/1631 1780/1978/1632
f 1780/1978/1632 1829/2072/1681 1828/2070/1680
f 1829/2072/1681 1780/1978/1632 1781/1979/1633
f 1781/1979/1633 1830/2074/1682 1829/2072/1681
f 1830/2074/1682 1781/1979/1633 1782/1980/1634
f 1782/1980/1634 1831/2076/1683 1830/2074/1682
f 1831/2076/1683 1782/1980/1634 1783/1981/1635
f 1783/1981/1635 1832/2078/1684 1831/2076/1683
f 1832/2078/1684 1783/1981/1635 1784/1982/1636
f 1784/1982/1636 1810/2031/1661 1832/2078/1684
f 1810/2031/1661 1784/1982/1636 1760/1958/1612
f 1836/2079/1685 1834/2081/1687 1833/2080/1686
f 1834/2081/1687 1836/2079/1685 1835/2082/1688
f 1835/2082/1688 1837/2083/1689 1834/2081/1687
f 1837/2083/1689 1835/2082/1688 1838/2084/1690
f 1838/2084/1690 1839/2085/1691 1837/2083/1689
f 1839/2085/1691 1838/2084/1690 1840/2086/1692
f 1840/2086/1692 1841/2087/1693 1839/2085/1691
f 1841/2087/1693 1840/2086/1692 1842/2088/1694
f 1842/2088/1694 1843/2089/1695 1841/2087/1693
f 1843/2089/1695 1842/2088/1694 1844/2090/1696
f 1844/2090/1696 1845/2091/1697 1843/2089/1695
f 1845/2091/1697 1844/2090/1696 1846/2092/1698
f 1846/2092/1698 1847/2093/1699 1845/2091/1697
f 1847/2093/1699 1846/2092/1698 1848/2094/1700
f 1848/2094/1700 1849/2095/1701 1847/2093/1699
f 1849/2095/1701 1848/2094/1700 1850/2096/1702
f 1850/2096/1702 1851/2097/1703 1849/2095/1701
f 1851/2097/1703 1850/2096/1702 1852/2098/1704
f 1852/2098/1704 1853/2099/1705 1851/2097/1703
f 1853/2099/1705 1852/2098/1704 1854/2100/1706
f 1854/2100/1706 1855/2101/1707 1853/2099/1705
f 1855/2101/1707 1854/2100/1706 1856/2102/1708
f 1856/2102/1708 1857/2103/1709 1855/2101/1707
f 1857/2103/1709 1856/2102/1708 1858/2104/1710
f 1858/2104/1710 1859/2105/1711 1857/2103/1709
f 1859/2105/1711 1858/2104/1710 1860/2106/1712
f 1860/2106/1712 1861/2107/1713 1859/2105/1711
f 1861/2107/1713 1860/2106/1712 1862/2108/1714
f 1862/2108/1714 1863/2109/1715 1861/2107/1713
f 1863/2109/1715 1862/2108/1714 1864/2110/1716
f 1864/2110/1716 1865/2111/1717 1863/2109/1715
f 1865/2111/1717 1864/2110/1716 1866/2112/1718
f 1866/2112/1718 1867/2113/1719 1865/2111/1717
f 1867/2113/1719 1866/2112/1718 1868/2114/1720
f 1868/2114/1720 1869/2115/1721 1867/2113/1719
f 1869/2115/1721 1868/2114/1720 1870/2116/1722
f 1870/2116/1722 1871/2117/1723 1869/2115/1721
f 1871/2117/1723 1870/2116/1722 1872/2118/1724
f 1872/2118/1724 1873/2119/1725 1871/2117/1723
f 1873/2119/1725 1872/2118/1724 1874/2120/1726
f 1874/2120/1726 1875/2121/1727 1873/2119/1725
f 1875/2121/1727 1874/2120/1726 1876/2122/1728
f 1876/2122/1728 1877/2123/1729 1875/2121/1727
f 1877/2123/1729 1876/2122/1728 1878/2124/1730
f 1878/2124/1730 1879/2125/1731 1877/2123/1729
f 1879/2125/1731 1878/2124/1730 1880/2126/1732
f 1880/2126/1732 1833/2127/1686 1879/2125/1731
f 1833/2127/1686 1880/2126/1732 1836/2128/1685
f 1884/2129/1733 1882/2131/1735 1881/2130/1734
f 1882/2131/1735 1884/2129/1733 1883/2132/1736
f 1883/2132/1736 1885/2133/1737 1882/2131/1735
f 1885/2133/1737 1883/2132/1736 1886/2134/1738
f 1886/2134/1738 1887/2135/1739 1885/2133/1737
f 1887/2135/1739 1886/2134/1738 1888/2136/1740
f 1888/2136/1740 1889/2137/1741 1887/2135/1739
f 1889/2137/1741 1888/2136/1740 1890/2138/1742
f 1890/2138/1742 1891/2139/1743 1889/2137/1741
f 1891/2139/1743 1890/2138/1742 1892/2140/1744
f 1892/2140/1744 1893/2141/1745 1891/2139/1743
f 1893/2141/1745 1892/2140/1744 1894/2142/1746
f 1894/2142/1746 1895/2143/1747 1893/2141/1745
f 1895/2143/1747 1894/2142/1746 1896/2144/1748
f 1896/2144/1748 1897/2145/1749 1895/2143/1747
f 1897/2145/1749 1896/2144/1748 1898/2146/1750
f 1898/2146/1750 1899/2147/1751 1897/2145/1749
f 1899/2147/1751 1898/2146/1750 1900/2148/1752
f 1900/2148/1752 1901/2149/1753 1899/2147/1751
f 1901/2149/1753 1900/2148/1752 1902/2150/1754
f 1902/2150/1754 1903/2151/1755 1901/2149/1753
f 1903/2151/1755 1902/2150/1754 1904/2152/1756
f 1904/2152/1756 1905/2153/1757 1903/2151/1755
f 1905/2153/1757 1904/2152/1756 1906/2154/1758
f 1906/2154/1758 1907/2155/1759 1905/2153/1757
f 1907/2155/1759 1906/2154/1758 1908/2156/1760
f 1908/2156/1760 1909/2157/1761 1907/2155/1759
f 1909/2157/1761 1908/2156/1760 1910/2158/1762
f 1910/2158/1762 1911/2159/1763 1909/2157/1761
f 1911/2159/1763 1910/2158/1762 1912/2160/1764
f 1912/2160/1764 1913/2161/1765 1911/2159/1763
f 1913/2161/1765 1912/2160/1764 1914/2162/1766
f 1914/2162/1766 1915/2163/1767 1913/2161/1765
f 1915/2163/1767 1914/2162/1766 1916/2164/1768
f 1916/2164/1768 1917/2165/1769 1915/2163/1767
f 1917/2165/1769 1916/2164/1768 1918/2166/1770
f 1918/2166/1770 1919/2167/1771 1917/2165/1769
f 1919/2167/1771 1918/2166/1770 1920/2168/1772
f 1920/2168/1772 1921/2169/1773 1919/2167/1771
f 1921/2169/1773 1920/2168/1772 1922/2170/1774
f 1922/2170/1774 1923/2171/1775 1921/2169/1773
f 1923/2171/1775 1922/2170/1774 1924/2172/1776
f 1924/2172/1776 1925/2173/1777 1923/2171/1775
f 1925/2173/1777 1924/2172/1776 1926/2174/1778
f 1926/2174/1778 1927/2175/1779 1925/2173/1777
f 1927/2175/1779 1926/2174/1778 1928/2176/1780
f 1928/2176/1780 1881/2177/1734 1927/2175/1779
f 1881/2177/1734 1928/2176/1780 1884/2178/1733
f 1932/2179/1781 1930/2181/1783 1929/2180/1782
f 1930/2181/1783 1932/2179/1781 1931/2182/1784
f 1931/2182/1784 1933/2183/1785 1930/2181/1783
f 1933/2183/1785 1931/2182/1784 1934/2184/1786
f 1934/2184/1786 1935/2185/1787 1933/2183/1785
f 1935/2185/1787 1934/2184/1786 1936/2186/1788
f 1936/2186/1788 1937/2187/1789 1935/2185/1787
f 1937/2187/1789 1936/2186/1788 1938/2188/1790
f 1938/2188/1790 1939/2189/1791 1937/2187/1789
f 1939/2189/1791 1938/2188/1790 1940/2190/1792
f 1940/2190/1792 1941/2191/1793 1939/2189/1791
f 1941/2191/1793 1940/2190/1792 1942/2192/1794
f 1942/2192/1794 1943/2193/1795 1941/2191/1793
f 1943/2193/1795 1942/2192/1794 1944/2194/1796
f 1944/2194/1796 1945/2195/1797 1943/2193/1795
f 1945/2195/1797 1944/2194/1796 1946/2196/1798
f 1946/2196/1798 1947/2197/1799 1945/2195/1797
f 1947/2197/1799 1946/2196/1798 1948/2198/1800
f 1948/2198/1800 1949/2199/1801 1947/2197/1799
f 1949/2199/1801 1948/2198/1800 1950/2200/1802
f 1950/2200/1802 1951/2201/1803 1949/2199/1801
f 1951/2201/1803 1950/2200/1802 1952/2202/1804
f 1952/2202/1804 1953/2203/1805 1951/2201/1803
f 1953/2203/1805 1952/2202/1804 1954/2204/1806
f 1954/2204/1806 1955/2205/1807 1953/2203/1805
f 1955/2205/1807 1954/2204/1806 1956/2206/1808
f 1956/2206/1808 1957/2207/1809 1955/2205/1807
f 1957/2207/1809 1956/2206/1808 1958/2208/1810
f 1958/2208/1810 1959/2209/1811 1957/2207/1809
f 1959/2209/1811 1958/2208/1810 1960/2210/1812
f 1960/2210/1812 1961/2211/1813 1959/2209/1811
f 1961/2211/1813 1960/2210/1812 1962/2212/1814
f 1962/2212/1814 1963/2213/1815 1961/2211/1813
f 1963/2213/1815 1962/2212/1814 1964/2214/1816
f 1964/2214/1816 1965/2215/1817 1963/2213/1815
f 1965/2215/1817 1964/2214/1816 1966/2216/1818
f 1966/2216/1818 1967/2217/1819 1965/2215/1817
f 1967/2217/1819 1966/2216/1818 1968/2218/1820
f 1968/2218/1820 1969/2219/1821 1967/2217/1819
f 1969/2219/1821 1968/2218/1820 1970/2220/1822
f 1970/2220/1822 1971/2221/1823 1969/2219/1821
f 1971/2221/1823 1970/2220/1822 1972/2222/1824
f 1972/2222/1824 1973/2223/1825 1971/2221/1823
f 1973/2223/1825 1972/2222/1824 1974/2224/1826
f 1974/2224/1826 1975/2225/1827 1973/2223/1825
f 1975/2225/1827 1974/2224/1826 1976/2226/1828
f 1976/2226/1828 1929/2227/1782 1975/2225/1827
f 1929/2227/1782 1976/2226/1828 1932/2228/1781
f 1833/2080/1686 1978/2230/1589 1977/2229/1589
f 1978/2230/1589 1833/2080/1686 1834/2081/1687
f 1835/2082/1688 1980/2232/1614 1979/2231/1614
f 1980/2232/1614 1835/2082/1688 1836/2079/1685
f 1834/2081/1687 1981/2233/1589 1978/2230/1589
f 1981/2233/1589 1834/2081/1687 1837/2083/1689
f 1838/2084/1690 1979/2231/1614 1982/2234/1614
f 1979/2231/1614 1838/2084/1690 1835/2082/1688
f 1837/2083/1689 1983/2235/1589 1981/2233/1589
f 1983/2235/1589 1837/2083/1689 1839/2085/1691
f 1840/2086/1692 1982/2234/1614 1984/2236/1614
f 1982/2234/1614 1840/2086/1692 1838/2084/1690
f 1839/2085/1691 1985/2237/1589 1983/2235/1589
f 1985/2237/1589 1839/2085/1691 1841/2087/1693
f 1842/2088/1694 1984/2236/1614 1986/2238/1614
f 1984/2236/1614 1842/2088/1694 1840/2086/1692
f 1841/2087/1693 1987/2239/1589 1985/2237/1589
f 1987/2239/1589 1841/2087/1693 1843/2089/1695
f 1844/2090/1696 1986/2238/1614 1988/2240/1614
f 1986/2238/1614 1844/2090/1696 1842/2088/1694
f 1843/2089/1695 1989/2241/1589 1987/2239/1589
f 1989/2241/1589 1843/2089/1695 1845/2091/1697
f 1846/2092/1698 1988/2240/1614 1990/2242/1614
f 1988/2240/1614 1846/2092/1698 1844/2090/1696
f 1845/2091/1697 1991/2243/1589 1989/2241/1589
f 1991/2243/1589 1845/2091/1697 1847/2093/1699
f 1848/2094/1700 1990/2242/1614 1992/2244/1614
f 1990/2242/1614 1848/2094/1700 1846/2092/1698
f 1847/2093/1699 1993/2245/1589 1991/2243/1589
f 1993/2245/1589 1847/2093/1699 1849/2095/1701
f 1850/2096/1702 1992/2244/1614 1994/2246/1614
f 1992/2244/1614 1850/2096/1702 1848/2094/1700
f 1849/2095/1701 1995/2247/1589 1993/2245/1589
f 1995/2247/1589 1849/2095/1701 1851/2097/1703
f 1852/2098/1704 1994/2246/1614 1996/2248/1614
f 1994/2246/1614 1852/2098/1704 1850/2096/1702
f 1851/2097/1703 1997/2249/1589 1995/2247/1589
f 1997/2249/1589 1851/2097/1703 1853/2099/1705
f 1854/2100/1706 1996/2248/1614 1998/2250/1614
f 1996/2248/1614 1854/2100/1706 1852/2098/1704
f 1853/2099/1705 1999/2251/1589 1997/2249/1589
f 1999/2251/1589 1853/2099/1705 1855/2101/1707
f 1856/2102/1708 1998/2250/1614 2000/2252/1614
f 1998/2250/1614 1856/2102/1708 1854/2100/1706
f 1855/2101/1707 2001/2253/1589 1999/2251/1589
f 2001/2253/1589 1855/2101/1707 1857/2103/1709
f 1858/2104/1710 2000/2252/1614 2002/2254/1614
f 2000/2252/1614 1858/2104/1710 1856/2102/1708
f 1857/2103/1709 2003/2255/1589 2001/2253/1589
f 2003/2255/1589 1857/2103/1709 1859/2105/1711
f 1860/2106/1712 2002/2254/1614 2004/2256/1614
f 2002/2254/1614 1860/2106/1712 1858/2104/1710
f 1859/2105/1711 2005/2257/1589 2003/2255/1589
f 2005/2257/1589 1859/2105/1711 1861/2107/1713
f 1862/2108/1714 2004/2256/1614 2006/2258/1614
f 2004/2256/1614 1862/2108/1714 1860/2106/1712
f 1861/2107/1713 2007/2259/1589 2005/2257/1589
f 2007/2259/1589 1861/2107/1713 1863/2109/1715
f 1864/2110/1716 2006/2258/1614 2008/2260/1614
f 2006/2258/1614 1864/2110/1716 1862/2108/1714
f 1863/2109/1715 2009/2261/1589 2007/2259/1589
f 2009/2261/1589 1863/2109/1715 1865/2111/1717
f 1866/2112/1718 2008/2260/1614 2010/2262/1614
f 2008/2260/1614 1866/2112/1718 1864/2110/1716
f 1865/2111/1717 2011/2263/1589 2009/2261/1589
f 2011/2263/1589 1865/2111/1717 1867/2113/1719
f 1868/2114/1720 2010/2262/1614 2012/2264/1614
f 2010/2262/1614 1868/2114/1720 1866/2112/1718
f 1867/2113/1719 2013/2265/1589 2011/2263/1589
f 2013/2265/1589 1867/2113/1719 1869/2115/1721
f 1870/2116/1722 2012/2264/1614 2014/2266/1614
f 2012/2264/1614 1870/2116/1722 1868/2114/1720
f 1869/2115/1721 2015/2267/1589 2013/2265/1589
f 2015/2267/1589 1869/2115/1721 1871/2117/1723
f 1872/2118/1724 2014/2266/1614 2016/2268/1614
f 2014/2266/1614 1872/2118/1724 1870/2116/1722
f 1871/2117/1723 2017/2269/1589 2015/2267/1589
f 2017/2269/1589 1871/2117/1723 1873/2119/1725
f 1874/2120/1726 2016/2268/1614 2018/2270/1614
f 2016/2268/1614 1874/2120/1726 1872/2118/1724
f 1873/2119/1725 2019/2271/1589 2017/2269/1589
f 2019/2271/1589 1873/2119/1725 1875/2121/1727
f 1876/2122/1728 2018/2270/1614 2020/2272/1614
f 2018/2270/1614 1876/2122/1728 1874/2120/1726
f 1875/2121/1727 2021/2273/1589 2019/2271/1589
f 2021/2273/1589 1875/2121/1727 1877/2123/1729
f 1878/2124/1730 2020/2272/1614 2022/2274/1614
f 2020/2272/1614 1878/2124/1730 1876/2122/1728
f 1877/2123/1729 2023/2275/1589 2021/2273/1589
f 2023/2275/1589 1877/2123/1729 1879/2125/1731
f 1880/2126/1732 2022/2274/1614 2024/2276/1614
f 2022/2274/1614 1880/2126/1732 1878/2124/1730
f 1879/2125/1731 1977/2277/1589 2023/2275/1589
f 1977/2277/1589 1879/2125/1731 1833/2127/1686
f 1836/2128/1685 2024/2276/1614 1980/2278/1614
f 2024/2276/1614 1836/2128/1685 1880/2126/1732
f 1881/2130/1734 2026/2280/1830 2025/2279/1829
f 2026/2280/1830 1881/2130/1734 1882/2131/1735
f 1883/2132/1736 2028/2282/1832 2027/2281/1831
f 2028/2282/1832 1883/2132/1736 1884/2129/1733
f 1882/2131/1735 2029/2283/1833 2026/2280/1830
f 2029/2283/1833 1882/2131/1735 1885/2133/1737
f 1886/2134/1738 2027/2281/1831 2030/2284/1834
f 2027/2281/1831 1886/2134/1738 1883/2132/1736
f 1885/2133/1737 2031/2285/1835 2029/2283/1833
f 2031/2285/1835 1885/2133/1737 1887/2135/1739
f 1888/2136/1740 2030/2284/1834 2032/2286/1836
f 2030/2284/1834 1888/2136/1740 1886/2134/1738
f 1887/2135/1739 2033/2287/1837 2031/2285/1835
f 2033/2287/1837 1887/2135/1739 1889/2137/1741
f 1890/2138/1742 2032/2286/1836 2034/2288/1838
f 2032/2286/1836 1890/2138/1742 1888/2136/1740
f 1889/2137/1741 2035/2289/1839 2033/2287/1837
f 2035/2289/1839 1889/2137/1741 1891/2139/1743
f 1892/2140/1744 2034/2288/1838 2036/2290/1840
f 2034/2288/1838 1892/2140/1744 1890/2138/1742
f 1891/2139/1743 2037/2291/1841 2035/2289/1839
f 2037/2291/1841 1891/2139/1743 1893/2141/1745
f 1894/2142/1746 2036/2290/1840 2038/2292/1842
f 2036/2290/1840 1894/2142/1746 1892/2140/1744
f 1893/2141/1745 2039/2293/1843 2037/2291/1841
f 2039/2293/1843 1893/2141/1745 1895/2143/1747
f 1896/2144/1748 2038/2292/1842 2040/2294/1844
f 2038/2292/1842 1896/2144/1748 1894/2142/1746
f 1895/2143/1747 2041/2295/1845 2039/2293/1843
f 2041/2295/1845 1895/2143/1747 1897/2145/1749
f 1898/2146/1750 2040/2294/1844 2042/2296/1846
f 2040/2294/1844 1898/2146/1750 1896/2144/1748
f 1897/2145/1749 2043/2297/1847 2041/2295/1845
f 2043/2297/1847 1897/2145/1749 1899/2147/1751
f 1900/2148/1752 2042/2296/1846 2044/2298/1848
f 2042/2296/1846 1900/2148/1752 1898/2146/1750
f 1899/2147/1751 2045/2299/1849 2043/2297/1847
f 2045/2299/1849 1899/2147/1751 1901/2149/1753
f 1902/2150/1754 2044/2298/1848 2046/2300/1850
f 2044/2298/1848 1902/2150/1754 1900/2148/1752
f 1901/2149/1753 2047/2301/1851 2045/2299/1849
f 2047/2301/1851 1901/2149/1753 1903/2151/1755
f 1904/2152/1756 2046/2300/1850 2048/2302/1852
f 2046/2300/1850 1904/2152/1756 1902/2150/1754
f 1903/2151/1755 2049/2303/1853 2047/2301/1851
f 2049/2303/1853 1903/2151/1755 1905/2153/1757
f 1906/2154/1758 2048/2302/1852 2050/2304/1854
f 2048/2302/1852 1906/2154/1758 1904/2152/1756
f 1905/2153/1757 2051/2305/1855 2049/2303/1853
f 2051/2305/1855 1905/2153/1757 1907/2155/1759
f 1908/2156/1760 2050/2304/1854 2052/2306/1856
f 2050/2304/1854 1908/2156/1760 1906/2154/1758
f 1907/2155/1759 2053/2307/1857 2051/2305/1855
f 2053/2307/1857 1907/2155/1759 1909/2157/1761
f 1910/2158/1762 2052/2306/1856 2054/2308/1858
f 2052/2306/1856 1910/2158/1762 1908/2156/1760
f 1909/2157/1761 2055/2309/1859 2053/2307/1857
f 2055/2309/1859 1909/2157/1761 1911/2159/1763
f 1912/2160/1764 2054/2308/1858 2056/2310/1860
f 2054/2308/1858 1912/2160/1764 1910/2158/1762
f 1911/2159/1763 2057/2311/1861 2055/2309/1859
f 2057/2311/1861 1911/2159/1763 1913/2161/1765
f 1914/2162/1766 2056/2310/1860 2058/2312/1862
f 2056/2310/1860 1914/2162/1766 1912/2160/1764
f 1913/2161/1765 2059/2313/1863 2057/2311/1861
f 2059/2313/1863 1913/2161/1765 1915/2163/1767
f 1916/2164/1768 2058/2312/1862 2060/2314/1864
f 2058/2312/1862 1916/2164/1768 1914/2162/1766
f 1915/2163/1767 2061/2315/1865 2059/2313/1863
f 2061/2315/1865 1915/2163/1767 1917/2165/1769
f 1918/2166/1770 2060/2314/1864 2062/2316/1866
f 2060/2314/1864 1918/2166/1770 1916/2164/1768
f 1917/2165/1769 2063/2317/1867 2061/2315/1865
f 2063/2317/1867 1917/2165/1769 1919/2167/1771
f 1920/2168/1772 2062/2316/1866 2064/2318/1868
f 2062/2316/1866 1920/2168/1772 1918/2166/1770
f 1919/2167/1771 2065/2319/1869 2063/2317/1867
f 2065/2319/1869 1919/2167/1771 1921/2169/1773
f 1922/2170/1774 2064/2318/1868 2066/2320/1870
f 2064/2318/1868 1922/2170/1774 1920/2168/1772
f 1921/2169/1773 2067/2321/1871 2065/2319/1869
f 2067/2321/1871 1921/2169/1773 1923/2171/1775
f 1924/2172/1776 2066/2320/1870 2068/2322/1872
f 2066/2320/1870 1924/2172/1776 1922/2170/1774
f 1923/2171/1775 2069/2323/1873 2067/2321/1871
f 2069/2323/1873 1923/2171/1775 1925/2173/1777
f 1926/2174/1778 2068/2322/1872 2070/2324/1874
f 2068/2322/1872 1926/2174/1778 1924/2172/1776
f 1925/2173/1777 2071/2325/1875 2069/2323/1873
f 2071/2325/1875 1925/2173/1777 1927/2175/1779
f 1928/2176/1780 2070/2324/1874 2072/2326/1876
f 2070/2324/1874 1928/2176/1780 1926/2174/1778
f 1927/2175/1779 2025/2327/1829 2071/2325/1875
f 2025/2327/1829 1927/2175/1779 1881/2177/1734
f 1884/2178/1733 2072/2326/1876 2028/2328/1832
f 2072/2326/1876 1884/2178/1733 1928/2176/1780
f 1929/2180/1782 2074/2329/1878 2073/2232/1877
f 2074/2329/1878 1929/2180/1782 1930/2181/1783
f 1931/2182/1784 2076/2279/1880 2075/2330/1879
f 2076/2279/1880 1931/2182/1784 1932/2179/1781
f 1930/2181/1783 2077/2331/1881 2074/2329/1878
f 2077/2331/1881 1930/2181/1783 1933/2183/1785
f 1934/2184/1786 2075/2330/1879 2078/2332/1882
f 2075/2330/1879 1934/2184/1786 1931/2182/1784
f 1933/2183/1785 2079/2333/1883 2077/2331/1881
f 2079/2333/1883 1933/2183/1785 1935/2185/1787
f 1936/2186/1788 2078/2332/1882 2080/2334/1884
f 2078/2332/1882 1936/2186/1788 1934/2184/1786
f 1935/2185/1787 2081/2335/1885 2079/2333/1883
f 2081/2335/1885 1935/2185/1787 1937/2187/1789
f 1938/2188/1790 2080/2334/1884 2082/2336/1886
f 2080/2334/1884 1938/2188/1790 1936/2186/1788
f 1937/2187/1789 2083/2337/1887 2081/2335/1885
f 2083/2337/1887 1937/2187/1789 1939/2189/1791
f 1940/2190/1792 2082/2336/1886 2084/2338/1888
f 2082/2336/1886 1940/2190/1792 1938/2188/1790
f 1939/2189/1791 2085/2339/1889 2083/2337/1887
f 2085/2339/1889 1939/2189/1791 1941/2191/1793
f 1942/2192/1794 2084/2338/1888 2086/2340/1890
f 2084/2338/1888 1942/2192/1794 1940/2190/1792
f 1941/2191/1793 2087/2341/1891 2085/2339/1889
f 2087/2341/1891 1941/2191/1793 1943/2193/1795
f 1944/2194/1796 2086/2340/1890 2088/2342/1892
f 2086/2340/1890 1944/2194/1796 1942/2192/1794
f 1943/2193/1795 2089/2343/1893 2087/2341/1891
f 2089/2343/1893 1943/2193/1795 1945/2195/1797
f 1946/2196/1798 2088/2342/1892 2090/2344/1894
f 2088/2342/1892 1946/2196/1798 1944/2194/1796
f 1945/2195/1797 2091/2345/1895 2089/2343/1893
f 2091/2345/1895 1945/2195/1797 1947/2197/1799
f 1948/2198/1800 2090/2344/1894 2092/2346/1896
f 2090/2344/1894 1948/2198/1800 1946/2196/1798
f 1947/2197/1799 2093/2347/1897 2091/2345/1895
f 2093/2347/1897 1947/2197/1799 1949/2199/1801
f 1950/2200/1802 2092/2346/1896 2094/2348/1898
f 2092/2346/1896 1950/2200/1802 1948/2198/1800
f 1949/2199/1801 2095/2349/1899 2093/2347/1897
f 2095/2349/1899 1949/2199/1801 1951/2201/1803
f 1952/2202/1804 2094/2348/1898 2096/2350/1900
f 2094/2348/1898 1952/2202/1804 1950/2200/1802
f 1951/2201/1803 2097/2351/1901 2095/2349/1899
f 2097/2351/1901 1951/2201/1803 1953/2203/1805
f 1954/2204/1806 2096/2350/1900 2098/2352/1902
f 2096/2350/1900 1954/2204/1806 1952/2202/1804
f 1953/2203/1805 2099/2353/1903 2097/2351/1901
f 2099/2353/1903 1953/2203/1805 1955/2205/1807
f 1956/2206/1808 2098/2352/1902 2100/2354/1904
f 2098/2352/1902 1956/2206/1808 1954/2204/1806
f 1955/2205/1807 2101/2355/1905 2099/2353/1903
f 2101/2355/1905 1955/2205/1807 1957/2207/1809
f 1958/2208/1810 2100/2354/1904 2102/2356/1906
f 2100/2354/1904 1958/2208/1810 1956/2206/1808
f 1957/2207/1809 2103/2357/1907 2101/2355/1905
f 2103/2357/1907 1957/2207/1809 1959/2209/1811
f 1960/2210/1812 2102/2356/1906 2104/2358/1908
f 2102/2356/1906 1960/2210/1812 1958/2208/1810
f 1959/2209/1811 2105/2359/1909 2103/2357/1907
f 2105/2359/1909 1959/2209/1811 1961/2211/1813
f 1962/2212/1814 2104/2358/1908 2106/2360/1910
f 2104/2358/1908 1962/2212/1814 1960/2210/1812
f 1961/2211/1813 2107/2361/1911 2105/2359/1909
f 2107/2361/1911 1961/2211/1813 1963/2213/1815
f 1964/2214/1816 2106/2360/1910 2108/2362/1912
f 2106/2360/1910 1964/2214/1816 1962/2212/1814
f 1963/2213/1815 2109/2363/1913 2107/2361/1911
f 2109/2363/1913 1963/2213/1815 1965/2215/1817
f 1966/2216/1818 2108/2362/1912 2110/2364/1914
f 2108/2362/1912 1966/2216/1818 1964/2214/1816
f 1965/2215/1817 2111/2365/1915 2109/2363/1913
f 2111/2365/1915 1965/2215/1817 1967/2217/1819
f 1968/2218/1820 2110/2364/1914 2112/2366/1916
f 2110/2364/1914 1968/2218/1820 1966/2216/1818
f 1967/2217/1819 2113/2367/1917 2111/2365/1915
f 2113/2367/1917 1967/2217/1819 1969/2219/1821
f 1970/2220/1822 2112/2366/1916 2114/2368/1918
f 2112/2366/1916 1970/2220/1822 1968/2218/1820
f 1969/2219/1821 2115/2369/1919 2113/2367/1917
f 2115/2369/1919 1969/2219/1821 1971/2221/1823
f 1972/2222/1824 2114/2368/1918 2116/2370/1920
f 2114/2368/1918 1972/2222/1824 1970/2220/1822
f 1971/2221/1823 2117/2371/1921 2115/2369/1919
f 2117/2371/1921 1971/2221/1823 1973/2223/1825
f 1974/2224/1826 2116/2370/1920 2118/2372/1922
f 2116/2370/1920 1974/2224/1826 1972/2222/1824
f 1973/2223/1825 2119/2373/1923 2117/2371/1921
f 2119/2373/1923 1973/2223/1825 1975/2225/1827
f 1976/2226/1828 2118/2372/1922 2120/2374/1924
f 2118/2372/1922 1976/2226/1828 1974/2224/1826
f 1975/2225/1827 2073/2375/1877 2119/2373/1923
f 2073/2375/1877 1975/2225/1827 1929/2227/1782
f 1932/2228/1781 2120/2374/1924 2076/2376/1880
f 2120/2374/1924 1932/2228/1781 1976/2226/1828
o BarrelSmartMat.006
v 11.860618 0.025560 20.568895
v 12.007990 0.025560 20.629763
v 12.047454 0.439074 20.561245
v 11.881003 0.439074 20.492498
v 12.134587 0.025560 20.726698
v 12.190440 0.439074 20.670729
v 12.231782 0.025560 20.853094
v 12.300218 0.439074 20.813490
v 12.292951 0.025560 21.000341
v 12.369306 0.439074 20.979799
v 12.313925 0.025560 21.158403
v 12.392995 0.439074 21.158323
v 12.293276 0.025560 21.316507
v 12.369672 0.439074 21.336893
v 12.232409 0.025560 21.463881
v 12.300926 0.439074 21.503345
v 12.135474 0.025560 21.590477
v 12.191442 0.439074 21.646330
v 12.009076 0.025560 21.687672
v 12.048681 0.439074 21.756109
v 11.861829 0.025560 21.748842
v 11.882372 0.439074 21.825195
v 11.703768 0.025560 21.769815
v 11.703849 0.439074 21.848885
v 11.545663 0.025560 21.749166
v 11.525277 0.439074 21.825563
v 11.398291 0.025560 21.688299
v 11.358827 0.439074 21.756817
v 11.271693 0.025560 21.591364
v 11.215840 0.439074 21.647333
v 11.174499 0.025560 21.464968
v 11.106063 0.439074 21.504572
v 11.113330 0.025560 21.317720
v 11.036975 0.439074 21.338263
v 11.092355 0.025560 21.159658
v 11.013286 0.439074 21.159739
v 11.113005 0.025560 21.001554
v 11.036609 0.439074 20.981167
v 11.173871 0.025560 20.854181
v 11.105354 0.439074 20.814716
v 11.270806 0.025560 20.727585
v 11.214838 0.439074 20.671730
v 11.397204 0.025560 20.630388
v 11.357599 0.439074 20.561953
v 11.544452 0.025560 20.569220
v 11.523909 0.439074 20.492867
v 11.702513 0.025560 20.548246
v 11.702432 0.439074 20.469175
v 12.074139 0.852589 20.514915
v 11.894788 0.852589 20.440842
v 12.228207 0.852588 20.632885
v 12.346492 0.852588 20.786711
v 12.420934 0.852588 20.965908
v 12.446460 0.852588 21.158268
v 12.421329 0.852588 21.350679
v 12.347256 0.852588 21.530029
v 12.229286 0.852588 21.684097
v 12.075461 0.852589 21.802383
v 11.896263 0.852589 21.876825
v 11.703903 0.852589 21.902349
v 11.511493 0.852589 21.877220
v 11.332142 0.852589 21.803146
v 11.178074 0.852589 21.685177
v 11.059789 0.852589 21.531351
v 10.985347 0.852589 21.352154
v 10.959821 0.852589 21.159794
v 10.984951 0.852589 20.967382
v 11.059025 0.852589 20.788033
v 11.176994 0.852589 20.633965
v 11.330820 0.852589 20.515678
v 11.510017 0.852589 20.441236
v 11.702377 0.852589 20.415710
v 12.074139 1.266103 20.514915
v 11.894788 1.266103 20.440842
v 12.228207 1.266103 20.632885
v 12.346492 1.266103 20.786711
v 12.420934 1.266103 20.965908
v 12.446460 1.266103 21.158268
v 12.421329 1.266103 21.350679
v 12.347256 1.266103 21.530029
v 12.229286 1.266103 21.684097
v 12.075461 1.266103 21.802383
v 11.896263 1.266103 21.876825
v 11.703904 1.266103 21.902349
v 11.511493 1.266103 21.877220
v 11.332142 1.266103 21.803146
v 11.178074 1.266103 21.685177
v 11.059789 1.266103 21.531351
v 10.985347 1.266103 21.352154
v 10.959821 1.266103 21.159794
v 10.984951 1.266103 20.967382
v 11.059025 1.266103 20.788033
v 11.176994 1.266103 20.633965
v 11.330820 1.266103 20.515678
v 11.510018 1.266103 20.441236
v 11.702377 1.266103 20.415710
v 12.047454 1.679617 20.561245
v 11.881003 1.679617 20.492498
v 12.190440 1.679617 20.670729
v 12.300218 1.679617 20.813490
v 12.369306 1.679617 20.979799
v 12.392995 1.679617 21.158323
v 12.369672 1.679617 21.336893
v 12.300926 1.679617 21.503345
v 12.191442 1.679617 21.646330
v 12.048681 1.679617 21.756109
v 11.882372 1.679617 21.825195
v 11.703849 1.679617 21.848885
v 11.525277 1.679617 21.825563
v 11.358827 1.679617 21.756817
v 11.215840 1.679617 21.647333
v 11.106063 1.679617 21.504572
v 11.036976 1.679617 21.338263
v 11.013286 1.679617 21.159739
v 11.036609 1.679617 20.981167
v 11.105354 1.679617 20.814716
v 11.214838 1.679617 20.671730
v 11.357599 1.679617 20.561953
v 11.523909 1.679617 20.492867
v 11.702432 1.679617 20.469175
v 12.007990 2.093132 20.629763
v 11.860618 2.093132 20.568895
v 12.134587 2.093132 20.726698
v 12.231782 2.093132 20.853094
v 12.292951 2.093132 21.000341
v 12.313926 2.093132 21.158403
v 12.293276 2.093132 21.316507
v 12.232409 2.093132 21.463881
v 12.135474 2.093132 21.590477
v 12.009076 2.093132 21.687672
v 11.861829 2.093132 21.748842
v 11.703768 2.093132 21.769815
v 11.545664 2.093132 21.749166
v 11.398291 2.093132 21.688299
v 11.271693 2.093132 21.591364
v 11.174499 2.093132 21.464968
v 11.113330 2.093132 21.317720
v 11.092355 2.093132 21.159658
v 11.113005 2.093132 21.001554
v 11.173871 2.093132 20.854181
v 11.270806 2.093132 20.727585
v 11.397204 2.093132 20.630388
v 11.544452 2.093132 20.569220
v 11.702513 2.093132 20.548246
v 11.987492 0.146727 20.665350
v 11.850028 0.146727 20.608576
v 11.703140 0.146727 21.159031
v 12.105576 0.146727 20.755768
v 12.196236 0.146727 20.873667
v 12.253291 0.146727 21.011013
v 12.272856 0.146727 21.158445
v 12.253594 0.146727 21.305920
v 12.196821 0.146727 21.443382
v 12.106403 0.146727 21.561466
v 11.988504 0.146727 21.652126
v 11.851159 0.146727 21.709183
v 11.703725 0.146727 21.728746
v 11.556252 0.146727 21.709486
v 11.418789 0.146727 21.652712
v 11.300704 0.146727 21.562294
v 11.210045 0.146727 21.444395
v 11.152988 0.146727 21.307049
v 11.133425 0.146727 21.159616
v 11.152686 0.146727 21.012142
v 11.209459 0.146727 20.874680
v 11.299877 0.146727 20.756596
v 11.417775 0.146727 20.665936
v 11.555122 0.146727 20.608879
v 11.702556 0.146727 20.589315
v 11.850029 1.971965 20.608576
v 11.987492 1.971965 20.665350
v 11.703140 1.971965 21.159031
v 12.105577 1.971965 20.755768
v 12.196236 1.971965 20.873667
v 12.253292 1.971965 21.011013
v 12.272856 1.971965 21.158445
v 12.253594 1.971965 21.305920
v 12.196821 1.971965 21.443382
v 12.106404 1.971965 21.561466
v 11.988504 1.971965 21.652126
v 11.851159 1.971965 21.709183
v 11.703726 1.971965 21.728746
v 11.556252 1.971965 21.709486
v 11.418790 1.971965 21.652712
v 11.300704 1.971965 21.562294
v 11.210045 1.971965 21.444395
v 11.152988 1.971965 21.307049
v 11.133425 1.971965 21.159616
v 11.152686 1.971965 21.012142
v 11.209459 1.971965 20.874680
v 11.299877 1.971965 20.756596
v 11.417776 1.971965 20.665936
v 11.555122 1.971965 20.608879
v 11.702556 1.971965 20.589315
v 11.846784 0.025560 20.620735
v 11.981210 0.025560 20.676256
v 12.096686 0.025560 20.764675
v 12.185344 0.025560 20.879971
v 12.241138 0.025560 21.014282
v 12.260271 0.025560 21.158459
v 12.241435 0.025560 21.302673
v 12.185916 0.025560 21.437101
v 12.097496 0.025560 21.552578
v 11.982202 0.025560 21.641233
v 11.847889 0.025560 21.697029
v 11.703712 0.025560 21.716162
v 11.559497 0.025560 21.697327
v 11.425071 0.025560 21.641806
v 11.309594 0.025560 21.553387
v 11.220937 0.025560 21.438091
v 11.165141 0.025560 21.303780
v 11.146009 0.025560 21.159603
v 11.164845 0.025560 21.015387
v 11.220365 0.025560 20.880960
v 11.308784 0.025560 20.765484
v 11.424079 0.025560 20.676828
v 11.558392 0.025560 20.621031
v 11.702568 0.025560 20.601900
v 11.981210 2.093132 20.676256
v 11.846784 2.093132 20.620735
v 12.096686 2.093132 20.764675
v 12.185344 2.093132 20.879971
v 12.241139 2.093132 21.014282
v 12.260271 2.093132 21.158459
v 12.241435 2.093132 21.302673
v 12.185916 2.093132 21.437101
v 12.097496 2.093132 21.552578
v 11.982202 2.093132 21.641233
v 11.847889 2.093132 21.697029
v 11.703712 2.093132 21.716162
v 11.559497 2.093132 21.697327
v 11.425071 2.093132 21.641806
v 11.309594 2.093132 21.553387
v 11.220937 2.093132 21.438091
v 11.165142 2.093132 21.303780
v 11.146009 2.093132 21.159603
v 11.164845 2.093132 21.015387
v 11.220365 2.093132 20.880960
v 11.308785 2.093132 20.765484
v 11.424080 2.093132 20.676828
v 11.558392 2.093132 20.621031
v 11.702568 2.093132 20.601900
v 11.903382 0.980404 20.408636
v 12.090775 0.980404 20.486031
v 12.090775 1.157869 20.486031
v 11.903382 1.157869 20.408636
v 12.251753 0.980404 20.609291
v 12.251753 1.157869 20.609291
v 12.375342 0.980404 20.770014
v 12.375342 1.157869 20.770014
v 12.453122 0.980404 20.957249
v 12.453122 1.157869 20.957249
v 12.479793 0.980404 21.158234
v 12.479793 1.157869 21.158234
v 12.453535 0.980404 21.359272
v 12.453535 1.157869 21.359272
v 12.376140 0.980404 21.546667
v 12.376140 1.157869 21.546667
v 12.252881 0.980404 21.707644
v 12.252881 1.157869 21.707644
v 12.092157 0.980404 21.831232
v 12.092157 1.157869 21.831232
v 11.904923 0.980404 21.909014
v 11.904923 1.157869 21.909014
v 11.703938 0.980404 21.935684
v 11.703938 1.157869 21.935684
v 11.502898 0.980404 21.909426
v 11.502898 1.157869 21.909426
v 11.315505 0.980404 21.832031
v 11.315505 1.157869 21.832031
v 11.154528 0.980404 21.708771
v 11.154528 1.157869 21.708771
v 11.030938 0.980404 21.548048
v 11.030938 1.157869 21.548048
v 10.953157 0.980404 21.360813
v 10.953157 1.157869 21.360813
v 10.926488 0.980404 21.159828
v 10.926488 1.157869 21.159828
v 10.952744 0.980404 20.958788
v 10.952744 1.157869 20.958788
v 11.030140 0.980404 20.771395
v 11.030140 1.157869 20.771395
v 11.153399 0.980404 20.610418
v 11.153400 1.157869 20.610418
v 11.314123 0.980404 20.486828
v 11.314123 1.157869 20.486828
v 11.501357 0.980404 20.409048
v 11.501357 1.157869 20.409048
v 11.702343 0.980404 20.382378
v 11.702343 1.157869 20.382378
v 11.879594 1.886904 20.497784
v 12.044724 1.886904 20.565985
v 12.028255 2.059465 20.594578
v 11.871086 2.059465 20.529665
v 12.186577 1.886904 20.674601
v 12.163269 2.059465 20.697956
v 12.295484 1.886904 20.816229
v 12.266925 2.059465 20.832758
v 12.364023 1.886904 20.981220
v 12.332161 2.059465 20.989794
v 12.387526 1.886904 21.158329
v 12.354529 2.059465 21.158361
v 12.364388 1.886904 21.335484
v 12.332507 2.059465 21.326977
v 12.296186 1.886904 21.500614
v 12.267594 2.059465 21.484146
v 12.187571 1.886904 21.642467
v 12.164215 2.059465 21.619160
v 12.045941 1.886904 21.751373
v 12.029414 2.059465 21.722816
v 11.880951 1.886904 21.819914
v 11.872378 2.059465 21.788052
v 11.703843 1.886904 21.843416
v 11.703810 2.059465 21.810421
v 11.526688 1.886904 21.820278
v 11.535194 2.059465 21.788397
v 11.361557 1.886904 21.752077
v 11.378025 2.059465 21.723484
v 11.219704 1.886904 21.643461
v 11.243011 2.059465 21.620106
v 11.110797 1.886904 21.501833
v 11.139356 2.059465 21.485304
v 11.042257 1.886904 21.336842
v 11.074120 2.059465 21.328268
v 11.018755 1.886904 21.159733
v 11.051751 2.059465 21.159700
v 11.041893 1.886904 20.982578
v 11.073773 2.059465 20.991085
v 11.110094 1.886904 20.817448
v 11.138686 2.059465 20.833916
v 11.218710 1.886904 20.675594
v 11.242065 2.059465 20.698902
v 11.360339 1.886904 20.566689
v 11.376866 2.059465 20.595245
v 11.525330 1.886904 20.498148
v 11.533902 2.059465 20.530010
v 11.702437 1.886904 20.474646
v 11.702472 2.059465 20.507641
v 11.869009 0.062808 20.537449
v 12.024234 0.062808 20.601559
v 12.045799 0.243052 20.564119
v 11.880149 0.243052 20.495703
v 12.157578 0.062808 20.703659
v 12.188098 0.243052 20.673077
v 12.259952 0.062808 20.836792
v 12.297348 0.243052 20.815151
v 12.324380 0.062808 20.991886
v 12.366103 0.243052 20.980661
v 12.346472 0.062808 21.158371
v 12.389679 0.243052 21.158325
v 12.324722 0.062808 21.324900
v 12.366468 0.243052 21.336039
v 12.260612 0.062808 21.480125
v 12.298053 0.243052 21.501690
v 12.158511 0.062808 21.613468
v 12.189095 0.243052 21.643988
v 12.025378 0.062808 21.715841
v 12.047020 0.243052 21.753239
v 11.870285 0.062808 21.780270
v 11.881511 0.243052 21.821995
v 11.703801 0.062808 21.802362
v 11.703845 0.243052 21.845570
v 11.537271 0.062808 21.780613
v 11.526132 0.243052 21.822359
v 11.382047 0.062808 21.716503
v 11.360481 0.243052 21.753944
v 11.248703 0.062808 21.614403
v 11.218183 0.243052 21.644985
v 11.146329 0.062808 21.481270
v 11.108932 0.243052 21.502911
v 11.081901 0.062808 21.326176
v 11.040177 0.243052 21.337400
v 11.059809 0.062808 21.159691
v 11.016602 0.243052 21.159737
v 11.081558 0.062808 20.993162
v 11.039812 0.243052 20.982023
v 11.145668 0.062808 20.837936
v 11.108228 0.243052 20.816372
v 11.247768 0.062808 20.704594
v 11.217185 0.243052 20.674072
v 11.380902 0.062808 20.602219
v 11.359261 0.243052 20.564823
v 11.535995 0.062808 20.537790
v 11.524770 0.243052 20.496067
v 11.702479 0.062808 20.515699
v 11.702435 0.243052 20.472492
v 11.890194 0.980404 20.458057
v 12.065246 0.980404 20.530355
v 12.065246 1.157869 20.530355
v 11.890194 1.157869 20.458057
v 12.215620 0.980404 20.645496
v 12.215620 1.157869 20.645496
v 12.331071 0.980404 20.795635
v 12.331071 1.157869 20.795635
v 12.403728 0.980404 20.970537
v 12.403728 1.157869 20.970537
v 12.428641 0.980404 21.158285
v 12.428641 1.157869 21.158285
v 12.404114 0.980404 21.346085
v 12.404114 1.157869 21.346085
v 12.331816 0.980404 21.521137
v 12.331816 1.157869 21.521137
v 12.216675 0.980404 21.671511
v 12.216675 1.157869 21.671511
v 12.066536 0.980404 21.786961
v 12.066536 1.157869 21.786961
v 11.891634 0.980404 21.859619
v 11.891634 1.157869 21.859619
v 11.703885 0.980404 21.884533
v 11.703885 1.157869 21.884533
v 11.516087 0.980404 21.860004
v 11.516087 1.157869 21.860004
v 11.341035 0.980404 21.787706
v 11.341035 1.157869 21.787706
v 11.190660 0.980404 21.672565
v 11.190660 1.157869 21.672565
v 11.075210 0.980404 21.522427
v 11.075210 1.157869 21.522427
v 11.002552 0.980404 21.347525
v 11.002552 1.157869 21.347525
v 10.977638 0.980404 21.159777
v 10.977638 1.157869 21.159777
v 11.002167 0.980404 20.971977
v 11.002167 1.157869 20.971977
v 11.074465 0.980404 20.796925
v 11.074465 1.157869 20.796925
v 11.189607 0.980404 20.646551
v 11.189607 1.157869 20.646551
v 11.339745 0.980404 20.531099
v 11.339745 1.157869 20.531099
v 11.514647 0.980404 20.458443
v 11.514647 1.157869 20.458443
v 11.702395 0.980404 20.433529
v 11.702395 1.157869 20.433529
v 11.867173 1.878433 20.544327
v 12.020681 1.878433 20.607727
v 12.004607 2.050994 20.635635
v 11.858870 2.050994 20.575443
v 12.152549 1.878433 20.708698
v 12.129800 2.050994 20.731493
v 12.253791 1.878433 20.840359
v 12.225917 2.050994 20.856489
v 12.317506 1.878433 20.993736
v 12.286407 2.050994 21.002102
v 12.339354 1.878433 21.158377
v 12.307149 2.050994 21.158411
v 12.317844 1.878433 21.323063
v 12.286728 2.050994 21.314760
v 12.254444 1.878433 21.476572
v 12.226537 2.050994 21.460499
v 12.153473 1.878433 21.608440
v 12.130677 2.050994 21.585691
v 12.021812 1.878433 21.709681
v 12.005682 2.050994 21.681807
v 11.868436 1.878433 21.773397
v 11.860068 2.050994 21.742298
v 11.703794 1.878433 21.795244
v 11.703761 2.050994 21.763039
v 11.539107 1.878433 21.773735
v 11.547411 2.050994 21.742619
v 11.385599 1.878433 21.710335
v 11.401673 2.050994 21.682428
v 11.253732 1.878433 21.609364
v 11.276481 2.050994 21.586569
v 11.152490 1.878433 21.477703
v 11.180364 2.050994 21.461573
v 11.088775 1.878433 21.324326
v 11.119873 2.050994 21.315960
v 11.066927 1.878433 21.159685
v 11.099133 2.050994 21.159651
v 11.088436 1.878433 20.994997
v 11.119553 2.050994 21.003302
v 11.151836 1.878433 20.841490
v 11.179744 2.050994 20.857563
v 11.252808 1.878433 20.709621
v 11.275603 2.050994 20.732370
v 11.384468 1.878433 20.608381
v 11.400599 2.050994 20.636255
v 11.537845 1.878433 20.544664
v 11.546212 2.050994 20.575764
v 11.702487 1.878433 20.522818
v 11.702520 2.050994 20.555023
v 11.856842 0.071278 20.583042
v 12.000682 0.071278 20.642448
v 12.021730 0.251523 20.605906
v 11.867715 0.251523 20.542295
v 12.124245 0.071278 20.737061
v 12.154034 0.251523 20.707211
v 12.219110 0.071278 20.860428
v 12.255610 0.251523 20.839306
v 12.278813 0.071278 21.004147
v 12.319536 0.251523 20.993189
v 12.299285 0.071278 21.158419
v 12.341455 0.251523 21.158375
v 12.279130 0.071278 21.312733
v 12.319876 0.251523 21.323606
v 12.219723 0.071278 21.456573
v 12.256266 0.251523 21.477621
v 12.125111 0.071278 21.580135
v 12.154961 0.251523 21.609924
v 12.001742 0.071278 21.675001
v 12.022866 0.251523 21.711500
v 11.858026 0.071278 21.734703
v 11.868982 0.251523 21.775427
v 11.703753 0.071278 21.755175
v 11.703795 0.251523 21.797346
v 11.549438 0.071278 21.735020
v 11.538566 0.251523 21.775766
v 11.405599 0.071278 21.675613
v 11.384550 0.251523 21.712156
v 11.282036 0.071278 21.581001
v 11.252247 0.251523 21.610851
v 11.187170 0.071278 21.457634
v 11.150670 0.251523 21.478756
v 11.127467 0.071278 21.313915
v 11.086744 0.251523 21.324873
v 11.106996 0.071278 21.159643
v 11.064824 0.251523 21.159687
v 11.127151 0.071278 21.005329
v 11.086405 0.251523 20.994455
v 11.186558 0.071278 20.861488
v 11.150015 0.251523 20.840441
v 11.281170 0.071278 20.737926
v 11.251319 0.251523 20.708138
v 11.404538 0.071278 20.643061
v 11.383414 0.251523 20.606562
v 11.548255 0.071278 20.583359
v 11.537298 0.251523 20.542635
v 11.702528 0.071278 20.562887
v 11.702485 0.251523 20.520716
vn 0.3750 -0.1863 -0.9081
vn 0.3751 -0.1862 -0.9081
vn 0.3750 -0.1862 -0.9081
vn 0.6774 -0.2832 -0.6789
vn 0.6977 -0.1562 -0.6991
vn 0.8301 -0.2832 -0.4804
vn 0.8549 -0.1561 -0.4947
vn 0.9261 -0.2832 -0.2492
vn 0.9538 -0.1562 -0.2566
vn 0.9590 -0.2832 -0.0010
vn 0.9877 -0.1562 -0.0010
vn 0.9266 -0.2832 0.2473
vn 0.9543 -0.1562 0.2547
vn 0.8311 -0.2832 0.4787
vn 0.8559 -0.1562 0.4930
vn 0.6789 -0.2832 0.6774
vn 0.6992 -0.1561 0.6977
vn 0.4804 -0.2832 0.8301
vn 0.4947 -0.1562 0.8549
vn 0.2492 -0.2832 0.9261
vn 0.2566 -0.1562 0.9538
vn 0.0010 -0.2832 0.9590
vn 0.0010 -0.1562 0.9877
vn -0.2473 -0.2832 0.9266
vn -0.2547 -0.1562 0.9543
vn -0.4787 -0.2832 0.8311
vn -0.4930 -0.1562 0.8559
vn -0.6774 -0.2832 0.6789
vn -0.6977 -0.1562 0.6991
vn -0.8301 -0.2832 0.4804
vn -0.8549 -0.1561 0.4947
vn -0.9261 -0.2832 0.2492
vn -0.9538 -0.1562 0.2566
vn -0.9590 -0.2832 0.0010
vn -0.9877 -0.1562 0.0010
vn -0.9266 -0.2832 -0.2473
vn -0.9543 -0.1562 -0.2547
vn -0.8311 -0.2832 -0.4787
vn -0.8559 -0.1561 -0.4930
vn -0.6789 -0.2832 -0.6774
vn -0.6991 -0.1562 -0.6977
vn -0.4804 -0.2832 -0.8301
vn -0.4947 -0.1562 -0.8549
vn -0.2492 -0.2832 -0.9261
vn -0.2566 -0.1562 -0.9538
vn -0.0010 -0.2832 -0.9590
vn -0.0010 -0.1562 -0.9877
vn 0.2573 -0.0628 -0.9643
vn 0.4981 -0.0627 -0.8648
vn 0.7050 -0.0628 -0.7064
vn 0.8638 -0.0627 -0.4999
vn 0.9638 -0.0627 -0.2593
vn 0.9980 -0.0627 -0.0010
vn 0.9643 -0.0628 0.2573
vn 0.8648 -0.0627 0.4981
vn 0.7064 -0.0627 0.7050
vn 0.4999 -0.0627 0.8638
vn 0.2593 -0.0627 0.9638
vn 0.0010 -0.0627 0.9980
vn -0.2573 -0.0627 0.9643
vn -0.4981 -0.0627 0.8648
vn -0.7050 -0.0627 0.7064
vn -0.8638 -0.0627 0.4999
vn -0.9638 -0.0627 0.2593
vn -0.9980 -0.0627 0.0010
vn -0.9643 -0.0628 -0.2573
vn -0.8648 -0.0627 -0.4981
vn -0.7064 -0.0627 -0.7050
vn -0.4999 -0.0627 -0.8638
vn -0.2593 -0.0627 -0.9638
vn -0.0010 -0.0627 -0.9980
vn 0.2573 0.0628 -0.9643
vn 0.4981 0.0627 -0.8648
vn 0.7050 0.0627 -0.7064
vn 0.8638 0.0627 -0.4999
vn 0.9638 0.0627 -0.2593
vn 0.9980 0.0627 -0.0010
vn 0.9643 0.0627 0.2573
vn 0.8648 0.0627 0.4981
vn 0.7064 0.0627 0.7050
vn 0.4999 0.0627 0.8638
vn 0.2593 0.0627 0.9638
vn 0.0010 0.0627 0.9980
vn -0.2573 0.0627 0.9643
vn -0.4981 0.0628 0.8648
vn -0.7050 0.0627 0.7064
vn -0.8638 0.0627 0.4999
vn -0.9638 0.0628 0.2593
vn -0.9980 0.0627 0.0010
vn -0.9643 0.0627 -0.2573
vn -0.8648 0.0627 -0.4981
vn -0.7064 0.0627 -0.7050
vn -0.4999 0.0627 -0.8638
vn -0.2593 0.0627 -0.9638
vn -0.0010 0.0628 -0.9980
vn 0.2547 0.1562 -0.9543
vn 0.4930 0.1561 -0.8559
vn 0.6977 0.1562 -0.6991
vn 0.8549 0.1562 -0.4947
vn 0.9538 0.1562 -0.2566
vn 0.9877 0.1562 -0.0010
vn 0.9543 0.1562 0.2547
vn 0.8559 0.1562 0.4930
vn 0.6992 0.1561 0.6977
vn 0.4948 0.1561 0.8549
vn 0.2566 0.1562 0.9538
vn 0.0010 0.1562 0.9877
vn -0.2547 0.1562 0.9543
vn -0.4930 0.1562 0.8559
vn -0.6977 0.1562 0.6991
vn -0.8549 0.1561 0.4947
vn -0.9538 0.1562 0.2566
vn -0.9877 0.1562 0.0010
vn -0.9543 0.1562 -0.2547
vn -0.8559 0.1562 -0.4930
vn -0.6991 0.1562 -0.6977
vn -0.4947 0.1562 -0.8549
vn -0.2566 0.1562 -0.9538
vn -0.0010 0.1562 -0.9877
vn 0.2473 0.2832 -0.9266
vn 0.4787 0.2832 -0.8310
vn 0.6775 0.2832 -0.6788
vn 0.8301 0.2832 -0.4804
vn 0.9261 0.2832 -0.2491
vn 0.9590 0.2832 -0.0010
vn 0.9266 0.2832 0.2473
vn 0.8310 0.2832 0.4787
vn 0.6788 0.2832 0.6775
vn 0.4804 0.2832 0.8301
vn 0.2492 0.2832 0.9261
vn 0.0010 0.2832 0.9590
vn -0.2473 0.2832 0.9266
vn -0.4787 0.2832 0.8310
vn -0.6775 0.2832 0.6788
vn -0.8301 0.2832 0.4804
vn -0.9261 0.2832 0.2492
vn -0.9590 0.2832 0.0010
vn -0.9266 0.2832 -0.2473
vn -0.8310 0.2832 -0.4787
vn -0.6788 0.2832 -0.6775
vn -0.4804 0.2832 -0.8301
vn -0.2491 0.2832 -0.9261
vn -0.0010 0.2832 -0.9590
vn -0.2140 -0.9034 0.3715
vn -0.1107 -0.9034 0.4142
vn -0.0000 -1.0000 -0.0000
vn -0.3028 -0.9034 0.3035
vn -0.3710 -0.9034 0.2147
vn -0.4140 -0.9034 0.1114
vn -0.4287 -0.9034 0.0005
vn -0.4142 -0.9034 -0.1105
vn -0.3715 -0.9034 -0.2140
vn -0.3035 -0.9034 -0.3028
vn -0.2147 -0.9034 -0.3710
vn -0.1114 -0.9034 -0.4140
vn -0.0004 -0.9034 -0.4287
vn 0.1105 -0.9034 -0.4142
vn 0.2140 -0.9034 -0.3715
vn 0.3028 -0.9034 -0.3035
vn 0.3710 -0.9034 -0.2147
vn 0.4140 -0.9034 -0.1114
vn 0.4287 -0.9034 -0.0004
vn 0.4142 -0.9034 0.1105
vn 0.3715 -0.9034 0.2140
vn 0.3035 -0.9034 0.3028
vn 0.2147 -0.9034 0.3710
vn 0.1114 -0.9034 0.4140
vn 0.0005 -0.9034 0.4287
vn -0.1105 0.9034 0.4142
vn -0.2138 0.9034 0.3716
vn -0.0000 1.0000 -0.0000
vn -0.3027 0.9034 0.3036
vn -0.3710 0.9034 0.2148
vn -0.4140 0.9034 0.1114
vn -0.4287 0.9034 0.0005
vn -0.4142 0.9034 -0.1104
vn -0.3715 0.9034 -0.2139
vn -0.3035 0.9034 -0.3028
vn -0.2148 0.9034 -0.3710
vn -0.1114 0.9034 -0.4140
vn -0.0005 0.9034 -0.4287
vn 0.1105 0.9034 -0.4142
vn 0.2138 0.9034 -0.3716
vn 0.3028 0.9034 -0.3035
vn 0.3710 0.9034 -0.2149
vn 0.4140 0.9034 -0.1114
vn 0.4287 0.9034 -0.0006
vn 0.4142 0.9034 0.1105
vn 0.3715 0.9034 0.2139
vn 0.3035 0.9034 0.3028
vn 0.2148 0.9034 0.3710
vn 0.1114 0.9034 0.4140
vn 0.0007 0.9034 0.4287
vn -0.4656 -0.3603 0.8084
vn -0.2405 -0.3603 0.9013
vn -0.6589 -0.3603 0.6604
vn -0.8075 -0.3603 0.4671
vn -0.9008 -0.3603 0.2424
vn -0.9328 -0.3603 0.0011
vn -0.9013 -0.3603 -0.2405
vn -0.8084 -0.3603 -0.4656
vn -0.6603 -0.3603 -0.6589
vn -0.4673 -0.3603 -0.8074
vn -0.2424 -0.3603 -0.9008
vn -0.0010 -0.3603 -0.9328
vn 0.2405 -0.3603 -0.9013
vn 0.4656 -0.3603 -0.8083
vn 0.6589 -0.3603 -0.6603
vn 0.8074 -0.3603 -0.4673
vn 0.9008 -0.3603 -0.2425
vn 0.9328 -0.3603 -0.0010
vn 0.9013 -0.3603 0.2405
vn 0.8084 -0.3603 0.4655
vn 0.6603 -0.3603 0.6589
vn 0.4673 -0.3603 0.8074
vn 0.2424 -0.3603 0.9008
vn 0.0010 -0.3603 0.9328
vn -0.2405 0.3603 0.9013
vn -0.4656 0.3603 0.8084
vn -0.6589 0.3603 0.6603
vn -0.8074 0.3603 0.4673
vn -0.9008 0.3603 0.2424
vn -0.9328 0.3603 0.0010
vn -0.9013 0.3603 -0.2405
vn -0.8084 0.3603 -0.4656
vn -0.6603 0.3603 -0.6589
vn -0.4673 0.3603 -0.8074
vn -0.2424 0.3603 -0.9008
vn -0.0010 0.3603 -0.9328
vn 0.2405 0.3603 -0.9013
vn 0.4656 0.3603 -0.8084
vn 0.6589 0.3603 -0.6603
vn 0.8074 0.3603 -0.4673
vn 0.9008 0.3603 -0.2424
vn 0.9328 0.3603 -0.0010
vn 0.9013 0.3603 0.2405
vn 0.8084 0.3603 0.4656
vn 0.6603 0.3603 0.6589
vn 0.4673 0.3603 0.8074
vn 0.2424 0.3603 0.9008
vn 0.0010 0.3603 0.9328
vn 0.2498 0.2476 -0.9361
vn 0.2499 -0.2476 -0.9361
vn 0.4835 -0.2476 -0.8396
vn 0.4835 0.2476 -0.8396
vn 0.6844 -0.2476 -0.6858
vn 0.6844 0.2476 -0.6858
vn 0.8386 -0.2476 -0.4853
vn 0.8385 0.2476 -0.4853
vn 0.9356 -0.2476 -0.2518
vn 0.9356 0.2476 -0.2518
vn 0.9689 -0.2476 -0.0010
vn 0.9689 0.2476 -0.0010
vn 0.9361 -0.2476 0.2498
vn 0.9361 0.2476 0.2498
vn 0.8396 -0.2476 0.4835
vn 0.8396 0.2476 0.4835
vn 0.6858 -0.2476 0.6844
vn 0.6858 0.2476 0.6844
vn 0.4853 -0.2476 0.8386
vn 0.4853 0.2476 0.8385
vn 0.2518 -0.2476 0.9356
vn 0.2518 0.2476 0.9356
vn 0.0010 -0.2476 0.9689
vn 0.0010 0.2476 0.9689
vn -0.2498 -0.2476 0.9361
vn -0.2498 0.2476 0.9361
vn -0.4835 -0.2476 0.8396
vn -0.4835 0.2476 0.8396
vn -0.6844 -0.2476 0.6858
vn -0.6844 0.2476 0.6858
vn -0.8386 -0.2476 0.4853
vn -0.8385 0.2476 0.4853
vn -0.9356 -0.2476 0.2518
vn -0.9356 0.2476 0.2518
vn -0.9689 -0.2476 0.0010
vn -0.9689 0.2476 0.0010
vn -0.9361 -0.2476 -0.2498
vn -0.9361 0.2476 -0.2498
vn -0.8396 -0.2476 -0.4835
vn -0.8396 0.2476 -0.4835
vn -0.6858 -0.2476 -0.6844
vn -0.6858 0.2476 -0.6844
vn -0.4853 -0.2476 -0.8386
vn -0.4853 0.2476 -0.8385
vn -0.2518 -0.2476 -0.9356
vn -0.2518 0.2476 -0.9356
vn -0.0010 -0.2476 -0.9689
vn -0.0010 0.2476 -0.9689
vn 0.2360 0.4028 -0.8843
vn 0.2573 -0.0655 -0.9641
vn 0.4980 -0.0655 -0.8647
vn 0.4568 0.4028 -0.7931
vn 0.7048 -0.0655 -0.7063
vn 0.6465 0.4028 -0.6479
vn 0.8636 -0.0655 -0.4998
vn 0.7922 0.4028 -0.4585
vn 0.9636 -0.0655 -0.2593
vn 0.8838 0.4028 -0.2378
vn 0.9979 -0.0655 -0.0010
vn 0.9153 0.4028 -0.0010
vn 0.9641 -0.0655 0.2572
vn 0.8843 0.4028 0.2359
vn 0.8647 -0.0655 0.4980
vn 0.7932 0.4028 0.4568
vn 0.7063 -0.0655 0.7048
vn 0.6479 0.4028 0.6465
vn 0.4998 -0.0655 0.8636
vn 0.4585 0.4028 0.7922
vn 0.2593 -0.0655 0.9636
vn 0.2378 0.4028 0.8838
vn 0.0010 -0.0655 0.9979
vn 0.0010 0.4028 0.9153
vn -0.2572 -0.0655 0.9641
vn -0.2359 0.4028 0.8843
vn -0.4980 -0.0655 0.8647
vn -0.4568 0.4028 0.7931
vn -0.7048 -0.0655 0.7063
vn -0.6465 0.4028 0.6479
vn -0.8636 -0.0655 0.4998
vn -0.7922 0.4028 0.4585
vn -0.9636 -0.0655 0.2593
vn -0.8838 0.4028 0.2378
vn -0.9979 -0.0655 0.0010
vn -0.9153 0.4028 0.0010
vn -0.9641 -0.0655 -0.2573
vn -0.8843 0.4028 -0.2359
vn -0.8647 -0.0655 -0.4980
vn -0.7931 0.4028 -0.4568
vn -0.7063 -0.0655 -0.7048
vn -0.6479 0.4028 -0.6465
vn -0.4998 -0.0655 -0.8636
vn -0.4585 0.4028 -0.7922
vn -0.2593 -0.0655 -0.9636
vn -0.2378 0.4028 -0.8838
vn -0.0010 -0.0655 -0.9979
vn -0.0010 0.4028 -0.9153
vn 0.2578 0.0122 -0.9661
vn 0.2329 -0.4292 -0.8727
vn 0.4508 -0.4292 -0.7827
vn 0.4991 0.0122 -0.8665
vn 0.6380 -0.4292 -0.6393
vn 0.7063 0.0122 -0.7078
vn 0.7817 -0.4292 -0.4524
vn 0.8655 0.0122 -0.5008
vn 0.8722 -0.4292 -0.2347
vn 0.9656 0.0122 -0.2598
vn 0.9032 -0.4292 -0.0009
vn 0.9999 0.0122 -0.0010
vn 0.8727 -0.4292 0.2329
vn 0.9661 0.0122 0.2578
vn 0.7827 -0.4292 0.4508
vn 0.8665 0.0122 0.4991
vn 0.6393 -0.4292 0.6380
vn 0.7078 0.0122 0.7063
vn 0.4524 -0.4292 0.7817
vn 0.5008 0.0122 0.8655
vn 0.2347 -0.4292 0.8722
vn 0.2598 0.0122 0.9656
vn 0.0009 -0.4292 0.9032
vn 0.0010 0.0122 0.9999
vn -0.2329 -0.4292 0.8727
vn -0.2578 0.0122 0.9661
vn -0.4508 -0.4292 0.7827
vn -0.4991 0.0122 0.8665
vn -0.6380 -0.4292 0.6393
vn -0.7063 0.0122 0.7078
vn -0.7817 -0.4292 0.4524
vn -0.8655 0.0122 0.5008
vn -0.8722 -0.4292 0.2347
vn -0.9656 0.0122 0.2598
vn -0.9032 -0.4292 0.0009
vn -0.9999 0.0122 0.0010
vn -0.8727 -0.4292 -0.2329
vn -0.9661 0.0122 -0.2578
vn -0.7827 -0.4292 -0.4508
vn -0.8665 0.0122 -0.4991
vn -0.6393 -0.4292 -0.6380
vn -0.7078 0.0122 -0.7063
vn -0.4524 -0.4292 -0.7817
vn -0.5008 0.0122 -0.8655
vn -0.2347 -0.4292 -0.8722
vn -0.2598 0.0122 -0.9656
vn -0.0009 -0.4292 -0.9032
vn -0.0010 0.0122 -0.9999
vn 0.0447 -0.9849 -0.1673
vn 0.0864 -0.9849 -0.1501
vn -0.0878 0.9844 0.1525
vn -0.0454 0.9844 0.1700
vn 0.1223 -0.9849 -0.1226
vn -0.1243 0.9844 0.1246
vn 0.1499 -0.9849 -0.0867
vn -0.1523 0.9844 0.0882
vn 0.1672 -0.9849 -0.0450
vn -0.1699 0.9844 0.0457
vn 0.1732 -0.9849 -0.0002
vn -0.1760 0.9844 0.0002
vn 0.1673 -0.9849 0.0447
vn -0.1700 0.9844 -0.0454
vn 0.1501 -0.9849 0.0864
vn -0.1525 0.9844 -0.0878
vn 0.1226 -0.9849 0.1223
vn -0.1246 0.9844 -0.1243
vn 0.0867 -0.9849 0.1499
vn -0.0882 0.9844 -0.1523
vn 0.0450 -0.9849 0.1672
vn -0.0457 0.9844 -0.1699
vn 0.0002 -0.9849 0.1732
vn -0.0002 0.9844 -0.1760
vn -0.0447 -0.9849 0.1673
vn 0.0454 0.9844 -0.1700
vn -0.0864 -0.9849 0.1501
vn 0.0878 0.9844 -0.1525
vn -0.1223 -0.9849 0.1226
vn 0.1243 0.9844 -0.1246
vn -0.1499 -0.9849 0.0867
vn 0.1523 0.9844 -0.0882
vn -0.1672 -0.9849 0.0450
vn 0.1699 0.9844 -0.0457
vn -0.1732 -0.9849 0.0002
vn 0.1760 0.9844 -0.0002
vn -0.1673 -0.9849 -0.0447
vn 0.1700 0.9844 0.0454
vn -0.1501 -0.9849 -0.0864
vn 0.1525 0.9844 0.0878
vn -0.1226 -0.9849 -0.1223
vn 0.1246 0.9844 0.1243
vn -0.0867 -0.9849 -0.1499
vn 0.0882 0.9844 0.1523
vn -0.0450 -0.9849 -0.1672
vn 0.0457 0.9844 0.1699
vn -0.0002 -0.9849 -0.1732
vn 0.0002 0.9844 0.1760
vn -0.0456 -0.9843 0.1707
vn -0.0882 -0.9843 0.1531
vn 0.0863 0.9849 -0.1499
vn 0.0446 0.9849 -0.1672
vn -0.1248 -0.9843 0.1251
vn 0.1222 0.9849 -0.1225
vn -0.1529 -0.9843 0.0885
vn 0.1497 0.9849 -0.0867
vn -0.1706 -0.9843 0.0459
vn 0.1671 0.9849 -0.0449
vn -0.1767 -0.9843 0.0002
vn 0.1730 0.9849 -0.0002
vn -0.1707 -0.9843 -0.0456
vn 0.1672 0.9849 0.0446
vn -0.1531 -0.9843 -0.0882
vn 0.1499 0.9849 0.0863
vn -0.1251 -0.9843 -0.1248
vn 0.1225 0.9849 0.1222
vn -0.0885 -0.9843 -0.1529
vn 0.0867 0.9849 0.1497
vn -0.0459 -0.9843 -0.1706
vn 0.0449 0.9849 0.1671
vn -0.0002 -0.9843 -0.1767
vn 0.0002 0.9849 0.1730
vn 0.0456 -0.9843 -0.1707
vn -0.0446 0.9849 0.1672
vn 0.0882 -0.9843 -0.1531
vn -0.0863 0.9849 0.1499
vn 0.1248 -0.9843 -0.1251
vn -0.1222 0.9849 0.1225
vn 0.1529 -0.9843 -0.0885
vn -0.1497 0.9849 0.0867
vn 0.1706 -0.9843 -0.0459
vn -0.1671 0.9849 0.0449
vn 0.1767 -0.9843 -0.0002
vn -0.1730 0.9849 0.0002
vn 0.1707 -0.9843 0.0456
vn -0.1672 0.9849 -0.0446
vn 0.1531 -0.9843 0.0882
vn -0.1499 0.9849 -0.0863
vn 0.1251 -0.9843 0.1248
vn -0.1225 0.9849 -0.1222
vn 0.0885 -0.9843 0.1529
vn -0.0867 0.9849 -0.1497
vn 0.0459 -0.9843 0.1706
vn -0.0449 0.9849 -0.1671
vn 0.0002 -0.9843 0.1767
vn -0.0002 0.9849 -0.1730
vt 0.729884 0.079842
vt 0.729884 0.000000
vt 0.768298 0.000000
vt 0.768298 0.079842
vt 0.806713 0.000000
vt 0.806713 0.079842
vt 0.845128 0.000000
vt 0.845128 0.079842
vt 0.883543 0.000000
vt 0.883543 0.079842
vt 0.921958 0.000000
vt 0.921958 0.079842
vt 0.000000 0.079842
vt 0.000000 0.000000
vt 0.038415 0.000000
vt 0.038415 0.079842
vt 0.076830 0.000000
vt 0.076830 0.079842
vt 0.115245 0.000000
vt 0.115245 0.079842
vt 0.153660 0.000000
vt 0.153660 0.079842
vt 0.192075 0.000000
vt 0.192075 0.079842
vt 0.230489 0.000000
vt 0.230489 0.079842
vt 0.268904 0.000000
vt 0.268904 0.079842
vt 0.307319 0.000000
vt 0.307319 0.079842
vt 0.345734 0.000000
vt 0.345734 0.079842
vt 0.384149 0.000000
vt 0.384149 0.079842
vt 0.422564 0.000000
vt 0.422564 0.079842
vt 0.460979 0.000000
vt 0.460979 0.079842
vt 0.499394 0.000000
vt 0.499394 0.079842
vt 0.537809 0.000000
vt 0.537809 0.079842
vt 0.576224 0.000000
vt 0.576224 0.079842
vt 0.614639 0.000000
vt 0.614639 0.079842
vt 0.653054 0.000000
vt 0.653054 0.079842
vt 0.691469 0.000000
vt 0.691469 0.079842
vt 0.729884 0.159683
vt 0.768298 0.159683
vt 0.806713 0.159683
vt 0.845128 0.159683
vt 0.883543 0.159683
vt 0.921958 0.159683
vt 0.000000 0.159683
vt 0.038415 0.159683
vt 0.076830 0.159683
vt 0.115245 0.159683
vt 0.153660 0.159683
vt 0.192075 0.159683
vt 0.230489 0.159683
vt 0.268904 0.159683
vt 0.307319 0.159683
vt 0.345734 0.159683
vt 0.384149 0.159683
vt 0.422564 0.159683
vt 0.460979 0.159683
vt 0.499394 0.159683
vt 0.537809 0.159683
vt 0.576224 0.159683
vt 0.614639 0.159683
vt 0.653054 0.159683
vt 0.691469 0.159683
vt 0.729884 0.239525
vt 0.768298 0.239525
vt 0.806713 0.239525
vt 0.845128 0.239525
vt 0.883543 0.239525
vt 0.921958 0.239525
vt 0.000000 0.239525
vt 0.038415 0.239525
vt 0.076830 0.239525
vt 0.115245 0.239525
vt 0.153660 0.239525
vt 0.192075 0.239525
vt 0.230489 0.239525
vt 0.268904 0.239525
vt 0.307319 0.239525
vt 0.345734 0.239525
vt 0.384149 0.239525
vt 0.422564 0.239525
vt 0.460979 0.239525
vt 0.499394 0.239525
vt 0.537809 0.239525
vt 0.576224 0.239525
vt 0.614639 0.239525
vt 0.653054 0.239525
vt 0.691469 0.239525
vt 0.729884 0.319366
vt 0.768298 0.319366
vt 0.806713 0.319366
vt 0.845128 0.319366
vt 0.883543 0.319366
vt 0.921958 0.319366
vt 0.000000 0.319366
vt 0.038415 0.319366
vt 0.076830 0.319366
vt 0.115245 0.319366
vt 0.153660 0.319366
vt 0.192075 0.319366
vt 0.230489 0.319366
vt 0.268904 0.319366
vt 0.307319 0.319366
vt 0.345734 0.319366
vt 0.384149 0.319366
vt 0.422564 0.319366
vt 0.460979 0.319366
vt 0.499394 0.319366
vt 0.537809 0.319366
vt 0.576224 0.319366
vt 0.614639 0.319366
vt 0.653054 0.319366
vt 0.691469 0.319366
vt 0.729884 0.399208
vt 0.768298 0.399208
vt 0.806713 0.399208
vt 0.845128 0.399208
vt 0.883543 0.399208
vt 0.921958 0.399208
vt 0.000000 0.399208
vt 0.038415 0.399208
vt 0.076830 0.399208
vt 0.115245 0.399208
vt 0.153660 0.399208
vt 0.192075 0.399208
vt 0.230489 0.399208
vt 0.268904 0.399208
vt 0.307319 0.399208
vt 0.345734 0.399202
vt 0.384149 0.399201
vt 0.422564 0.399201
vt 0.460979 0.399208
vt 0.499394 0.399208
vt 0.537809 0.399208
vt 0.576224 0.399208
vt 0.614639 0.399208
vt 0.653054 0.399208
vt 0.691469 0.399208
vt 0.578524 0.499938
vt 0.588306 0.531434
vt 0.463797 0.552837
vt 0.560924 0.472046
vt 0.536704 0.449661
vt 0.507516 0.434307
vt 0.475348 0.427030
vt 0.442394 0.428327
vt 0.410897 0.438109
vt 0.383006 0.455710
vt 0.360621 0.479930
vt 0.345267 0.509118
vt 0.337990 0.541285
vt 0.339287 0.574240
vt 0.349069 0.605736
vt 0.366670 0.633627
vt 0.390890 0.656013
vt 0.420078 0.671367
vt 0.452245 0.678644
vt 0.485200 0.677347
vt 0.516696 0.667564
vt 0.544587 0.649964
vt 0.566973 0.625744
vt 0.582327 0.596556
vt 0.589604 0.564388
vt 0.273911 0.593020
vt 0.259524 0.622697
vt 0.154009 0.553216
vt 0.237945 0.647638
vt 0.210647 0.666145
vt 0.179489 0.676956
vt 0.146595 0.679334
vt 0.114206 0.673118
vt 0.084529 0.658731
vt 0.059588 0.637152
vt 0.041081 0.609854
vt 0.030270 0.578696
vt 0.027891 0.545802
vt 0.034108 0.513413
vt 0.048495 0.483736
vt 0.070073 0.458795
vt 0.097371 0.440288
vt 0.128529 0.429477
vt 0.161424 0.427098
vt 0.193813 0.433315
vt 0.223490 0.447702
vt 0.248431 0.469280
vt 0.266938 0.496578
vt 0.277749 0.527736
vt 0.280128 0.560631
vt 0.592908 0.493286
vt 0.603894 0.488233
vt 0.615841 0.526694
vt 0.603922 0.528732
vt 0.573096 0.461899
vt 0.582399 0.454175
vt 0.545835 0.436709
vt 0.552822 0.426840
vt 0.512984 0.419433
vt 0.517179 0.408092
vt 0.476780 0.411248
vt 0.477897 0.399208
vt 0.439692 0.412712
vt 0.437654 0.400793
vt 0.404246 0.423726
vt 0.399193 0.412740
vt 0.372859 0.443538
vt 0.365135 0.434234
vt 0.347669 0.470798
vt 0.337800 0.463811
vt 0.330393 0.503650
vt 0.319052 0.499455
vt 0.322208 0.539853
vt 0.310167 0.538737
vt 0.323672 0.576942
vt 0.311753 0.578979
vt 0.334685 0.612387
vt 0.323700 0.617441
vt 0.354498 0.643775
vt 0.345194 0.651499
vt 0.381758 0.668965
vt 0.374771 0.678834
vt 0.414610 0.686241
vt 0.410415 0.697582
vt 0.450813 0.694426
vt 0.449697 0.706466
vt 0.487902 0.692962
vt 0.489940 0.704881
vt 0.523347 0.681948
vt 0.528401 0.692934
vt 0.554735 0.662136
vt 0.562459 0.671439
vt 0.579925 0.634875
vt 0.589794 0.641863
vt 0.597201 0.602024
vt 0.608542 0.606219
vt 0.605386 0.565820
vt 0.617426 0.566937
vt 0.288957 0.597996
vt 0.300429 0.601817
vt 0.282861 0.638057
vt 0.272768 0.631398
vt 0.256513 0.668515
vt 0.248487 0.659471
vt 0.223178 0.691116
vt 0.217767 0.680303
vt 0.185130 0.704320
vt 0.182702 0.692474
vt 0.144961 0.707226
vt 0.145682 0.695155
vt 0.105409 0.699636
vt 0.109229 0.688164
vt 0.069169 0.682068
vt 0.075828 0.671975
vt 0.038710 0.655720
vt 0.047755 0.647694
vt 0.016109 0.622385
vt 0.026923 0.616974
vt 0.002906 0.584337
vt 0.014752 0.581909
vt -0.000000 0.544168
vt 0.012071 0.544889
vt 0.007589 0.504616
vt 0.019062 0.508436
vt 0.025157 0.468376
vt 0.035250 0.475035
vt 0.051539 0.437979
vt 0.059842 0.447136
vt 0.084909 0.415484
vt 0.090536 0.426571
vt 0.122909 0.402182
vt 0.125387 0.414305
vt 0.163057 0.399207
vt 0.162337 0.411278
vt 0.202610 0.406796
vt 0.198790 0.418269
vt 0.238850 0.424364
vt 0.232191 0.434457
vt 0.269308 0.450713
vt 0.260264 0.458739
vt 0.291910 0.484048
vt 0.281096 0.489459
vt 0.305113 0.522096
vt 0.293267 0.524523
vt 0.308019 0.562265
vt 0.295948 0.561544
vt 0.000000 0.756475
vt 0.000000 0.717896
vt 0.041667 0.717896
vt 0.041667 0.756475
vt 0.083333 0.717896
vt 0.083333 0.756475
vt 0.125000 0.717896
vt 0.125000 0.756475
vt 0.166666 0.717896
vt 0.166666 0.756475
vt 0.208333 0.717896
vt 0.208333 0.756475
vt 0.250000 0.717896
vt 0.250000 0.756475
vt 0.291666 0.717896
vt 0.291666 0.756475
vt 0.333333 0.717896
vt 0.333333 0.756475
vt 0.374999 0.717896
vt 0.374999 0.756475
vt 0.416666 0.717896
vt 0.416666 0.756475
vt 0.458333 0.717896
vt 0.458333 0.756475
vt 0.499999 0.717896
vt 0.499999 0.756475
vt 0.541666 0.717896
vt 0.541666 0.756475
vt 0.583333 0.717896
vt 0.583333 0.756475
vt 0.624999 0.717896
vt 0.624999 0.756475
vt 0.666666 0.717896
vt 0.666666 0.756475
vt 0.708333 0.717896
vt 0.708333 0.756475
vt 0.750000 0.717896
vt 0.750000 0.756475
vt 0.791666 0.717896
vt 0.791666 0.756475
vt 0.833333 0.717896
vt 0.833333 0.756475
vt 0.875000 0.717896
vt 0.875000 0.756475
vt 0.916667 0.717896
vt 0.916667 0.756475
vt 0.958333 0.717896
vt 0.958333 0.756475
vt 1.000000 0.717896
vt 1.000000 0.756475
vt 0.000000 0.878038
vt 0.000000 0.843205
vt 0.038689 0.843205
vt 0.038689 0.878038
vt 0.077378 0.843205
vt 0.077378 0.878038
vt 0.116067 0.843205
vt 0.116067 0.878038
vt 0.154756 0.843205
vt 0.154756 0.878038
vt 0.193445 0.843205
vt 0.193445 0.878038
vt 0.232134 0.843205
vt 0.232134 0.878038
vt 0.270823 0.843205
vt 0.270823 0.878038
vt 0.309512 0.843205
vt 0.309512 0.878038
vt 0.348201 0.843205
vt 0.348201 0.878038
vt 0.386890 0.843205
vt 0.386890 0.878038
vt 0.425579 0.843205
vt 0.425579 0.878038
vt 0.464268 0.843205
vt 0.464268 0.878038
vt 0.502958 0.843205
vt 0.502958 0.878038
vt 0.541647 0.843205
vt 0.541647 0.878038
vt 0.580336 0.843205
vt 0.580336 0.878038
vt 0.619025 0.843205
vt 0.619025 0.878038
vt 0.657714 0.843205
vt 0.657714 0.878038
vt 0.696403 0.843205
vt 0.696403 0.878038
vt 0.735093 0.843205
vt 0.735093 0.878038
vt 0.773782 0.843205
vt 0.773782 0.878038
vt 0.812471 0.843205
vt 0.812471 0.878038
vt 0.851160 0.843205
vt 0.851160 0.878038
vt 0.889849 0.843205
vt 0.889849 0.878038
vt 0.928538 0.843205
vt 0.928538 0.878038
vt 0.000000 0.820771
vt 0.000000 0.779689
vt 0.034846 0.779689
vt 0.034846 0.820771
vt 0.069693 0.779689
vt 0.069693 0.820771
vt 0.104539 0.779689
vt 0.104539 0.820771
vt 0.139385 0.779689
vt 0.139385 0.820771
vt 0.174231 0.779689
vt 0.174231 0.820771
vt 0.209078 0.779689
vt 0.209078 0.820771
vt 0.243924 0.779689
vt 0.243924 0.820771
vt 0.278770 0.779689
vt 0.278770 0.820771
vt 0.313617 0.779689
vt 0.313617 0.820771
vt 0.348463 0.779689
vt 0.348463 0.820771
vt 0.383309 0.779689
vt 0.383309 0.820771
vt 0.418156 0.779689
vt 0.418156 0.820771
vt 0.453002 0.779689
vt 0.453002 0.820771
vt 0.487848 0.779689
vt 0.487848 0.820771
vt 0.522695 0.779689
vt 0.522695 0.820771
vt 0.557541 0.779689
vt 0.557541 0.820771
vt 0.592387 0.779689
vt 0.592387 0.820771
vt 0.627234 0.779689
vt 0.627234 0.820771
vt 0.662080 0.779689
vt 0.662080 0.820771
vt 0.696927 0.779689
vt 0.696927 0.820771
vt 0.731773 0.779689
vt 0.731773 0.820771
vt 0.766620 0.779689
vt 0.766620 0.820771
vt 0.801466 0.779689
vt 0.801466 0.820771
vt 0.836312 0.779689
vt 0.836312 0.820771
vt 0.000000 0.707224
vt 0.041667 0.707224
vt 0.041667 0.768669
vt 0.000000 0.768669
vt 0.083333 0.707224
vt 0.083333 0.768669
vt 0.125000 0.707224
vt 0.125000 0.768669
vt 0.166666 0.707224
vt 0.166666 0.768669
vt 0.208333 0.707224
vt 0.208333 0.768669
vt 0.250000 0.707224
vt 0.250000 0.768669
vt 0.291666 0.707224
vt 0.291666 0.768669
vt 0.333333 0.707224
vt 0.333333 0.768669
vt 0.374999 0.707224
vt 0.374999 0.768669
vt 0.416666 0.707224
vt 0.416666 0.768669
vt 0.458333 0.707224
vt 0.458333 0.768669
vt 0.499999 0.707224
vt 0.499999 0.768669
vt 0.541666 0.707224
vt 0.541666 0.768669
vt 0.583333 0.707224
vt 0.583333 0.768669
vt 0.624999 0.707224
vt 0.624999 0.768669
vt 0.666666 0.707224
vt 0.666666 0.768669
vt 0.708333 0.707224
vt 0.708333 0.768669
vt 0.750000 0.707224
vt 0.750000 0.768669
vt 0.791666 0.707224
vt 0.791666 0.768669
vt 0.833333 0.707224
vt 0.833333 0.768669
vt 0.875000 0.707224
vt 0.875000 0.768669
vt 0.916667 0.707224
vt 0.916667 0.768669
vt 0.958333 0.707224
vt 0.958333 0.768669
vt 1.000000 0.707224
vt 1.000000 0.768669
vt 0.000000 0.832182
vt 0.038689 0.832182
vt 0.038689 0.887660
vt 0.000000 0.887660
vt 0.077378 0.832182
vt 0.077378 0.887660
vt 0.116067 0.832182
vt 0.116067 0.887660
vt 0.154756 0.832182
vt 0.154756 0.887660
vt 0.193445 0.832182
vt 0.193445 0.887660
vt 0.232134 0.832182
vt 0.232134 0.887660
vt 0.270823 0.832182
vt 0.270823 0.887660
vt 0.309512 0.832182
vt 0.309512 0.887660
vt 0.348201 0.832182
vt 0.348201 0.887660
vt 0.386890 0.832182
vt 0.386890 0.887660
vt 0.425579 0.832182
vt 0.425579 0.887660
vt 0.464268 0.832182
vt 0.464268 0.887660
vt 0.502958 0.832182
vt 0.502958 0.887660
vt 0.541647 0.832182
vt 0.541647 0.887660
vt 0.580336 0.832182
vt 0.580336 0.887660
vt 0.619025 0.832182
vt 0.619025 0.887660
vt 0.657714 0.832182
vt 0.657714 0.887660
vt 0.696403 0.832182
vt 0.696403 0.887660
vt 0.735093 0.832182
vt 0.735093 0.887660
vt 0.773782 0.832182
vt 0.773782 0.887660
vt 0.812471 0.832182
vt 0.812471 0.887660
vt 0.851160 0.832182
vt 0.851160 0.887660
vt 0.889849 0.832182
vt 0.889849 0.887660
vt 0.928538 0.832182
vt 0.928538 0.887660
vt 0.034846 0.768669
vt 0.034846 0.832182
vt 0.069693 0.768669
vt 0.069693 0.832182
vt 0.104539 0.768669
vt 0.104539 0.832182
vt 0.139385 0.768669
vt 0.139385 0.832182
vt 0.174231 0.768669
vt 0.174231 0.832182
vt 0.209078 0.768669
vt 0.209078 0.832182
vt 0.243924 0.768669
vt 0.243924 0.832182
vt 0.278770 0.768669
vt 0.278770 0.832182
vt 0.313617 0.768669
vt 0.313617 0.832182
vt 0.348463 0.768669
vt 0.348463 0.832182
vt 0.383309 0.768669
vt 0.383309 0.832182
vt 0.418156 0.768669
vt 0.418156 0.832182
vt 0.453002 0.768669
vt 0.453002 0.832182
vt 0.487848 0.768669
vt 0.487848 0.832182
vt 0.522695 0.768669
vt 0.522695 0.832182
vt 0.557541 0.768669
vt 0.557541 0.832182
vt 0.592387 0.768669
vt 0.592387 0.832182
vt 0.627234 0.768669
vt 0.627234 0.832182
vt 0.662080 0.768669
vt 0.662080 0.832182
vt 0.696927 0.768669
vt 0.696927 0.832182
vt 0.731773 0.768669
vt 0.731773 0.832182
vt 0.766620 0.768669
vt 0.766620 0.832182
vt 0.801466 0.768669
vt 0.801466 0.832182
vt 0.836312 0.768669
vt 0.836312 0.832182
s 1
usemtl barrel_low_initialShadingGroup
f 2124/2377/1925 2122/2379/1927 2121/2378/1926
f 2122/2379/1927 2124/2377/1925 2123/2380/1926
f 2123/2380/1926 2125/2381/1928 2122/2379/1927
f 2125/2381/1928 2123/2380/1926 2126/2382/1929
f 2126/2382/1929 2127/2383/1930 2125/2381/1928
f 2127/2383/1930 2126/2382/1929 2128/2384/1931
f 2128/2384/1931 2129/2385/1932 2127/2383/1930
f 2129/2385/1932 2128/2384/1931 2130/2386/1933
f 2130/2386/1933 2131/2387/1934 2129/2385/1932
f 2131/2387/1934 2130/2386/1933 2132/2388/1935
f 2132/2389/1935 2133/2391/1936 2131/2390/1934
f 2133/2391/1936 2132/2389/1935 2134/2392/1937
f 2134/2392/1937 2135/2393/1938 2133/2391/1936
f 2135/2393/1938 2134/2392/1937 2136/2394/1939
f 2136/2394/1939 2137/2395/1940 2135/2393/1938
f 2137/2395/1940 2136/2394/1939 2138/2396/1941
f 2138/2396/1941 2139/2397/1942 2137/2395/1940
f 2139/2397/1942 2138/2396/1941 2140/2398/1943
f 2140/2398/1943 2141/2399/1944 2139/2397/1942
f 2141/2399/1944 2140/2398/1943 2142/2400/1945
f 2142/2400/1945 2143/2401/1946 2141/2399/1944
f 2143/2401/1946 2142/2400/1945 2144/2402/1947
f 2144/2402/1947 2145/2403/1948 2143/2401/1946
f 2145/2403/1948 2144/2402/1947 2146/2404/1949
f 2146/2404/1949 2147/2405/1950 2145/2403/1948
f 2147/2405/1950 2146/2404/1949 2148/2406/1951
f 2148/2406/1951 2149/2407/1952 2147/2405/1950
f 2149/2407/1952 2148/2406/1951 2150/2408/1953
f 2150/2408/1953 2151/2409/1954 2149/2407/1952
f 2151/2409/1954 2150/2408/1953 2152/2410/1955
f 2152/2410/1955 2153/2411/1956 2151/2409/1954
f 2153/2411/1956 2152/2410/1955 2154/2412/1957
f 2154/2412/1957 2155/2413/1958 2153/2411/1956
f 2155/2413/1958 2154/2412/1957 2156/2414/1959
f 2156/2414/1959 2157/2415/1960 2155/2413/1958
f 2157/2415/1960 2156/2414/1959 2158/2416/1961
f 2158/2416/1961 2159/2417/1962 2157/2415/1960
f 2159/2417/1962 2158/2416/1961 2160/2418/1963
f 2160/2418/1963 2161/2419/1964 2159/2417/1962
f 2161/2419/1964 2160/2418/1963 2162/2420/1965
f 2162/2420/1965 2163/2421/1966 2161/2419/1964
f 2163/2421/1966 2162/2420/1965 2164/2422/1967
f 2164/2422/1967 2165/2423/1968 2163/2421/1966
f 2165/2423/1968 2164/2422/1967 2166/2424/1969
f 2166/2424/1969 2167/2425/1970 2165/2423/1968
f 2167/2425/1970 2166/2424/1969 2168/2426/1971
f 2168/2426/1971 2121/2378/1926 2167/2425/1970
f 2121/2378/1926 2168/2426/1971 2124/2377/1925
f 2170/2427/1972 2123/2380/1926 2124/2377/1925
f 2123/2380/1926 2170/2427/1972 2169/2428/1973
f 2169/2428/1973 2126/2382/1929 2123/2380/1926
f 2126/2382/1929 2169/2428/1973 2171/2429/1974
f 2171/2429/1974 2128/2384/1931 2126/2382/1929
f 2128/2384/1931 2171/2429/1974 2172/2430/1975
f 2172/2430/1975 2130/2386/1933 2128/2384/1931
f 2130/2386/1933 2172/2430/1975 2173/2431/1976
f 2173/2431/1976 2132/2388/1935 2130/2386/1933
f 2132/2388/1935 2173/2431/1976 2174/2432/1977
f 2174/2433/1977 2134/2392/1937 2132/2389/1935
f 2134/2392/1937 2174/2433/1977 2175/2434/1978
f 2175/2434/1978 2136/2394/1939 2134/2392/1937
f 2136/2394/1939 2175/2434/1978 2176/2435/1979
f 2176/2435/1979 2138/2396/1941 2136/2394/1939
f 2138/2396/1941 2176/2435/1979 2177/2436/1980
f 2177/2436/1980 2140/2398/1943 2138/2396/1941
f 2140/2398/1943 2177/2436/1980 2178/2437/1981
f 2178/2437/1981 2142/2400/1945 2140/2398/1943
f 2142/2400/1945 2178/2437/1981 2179/2438/1982
f 2179/2438/1982 2144/2402/1947 2142/2400/1945
f 2144/2402/1947 2179/2438/1982 2180/2439/1983
f 2180/2439/1983 2146/2404/1949 2144/2402/1947
f 2146/2404/1949 2180/2439/1983 2181/2440/1984
f 2181/2440/1984 2148/2406/1951 2146/2404/1949
f 2148/2406/1951 2181/2440/1984 2182/2441/1985
f 2182/2441/1985 2150/2408/1953 2148/2406/1951
f 2150/2408/1953 2182/2441/1985 2183/2442/1986
f 2183/2442/1986 2152/2410/1955 2150/2408/1953
f 2152/2410/1955 2183/2442/1986 2184/2443/1987
f 2184/2443/1987 2154/2412/1957 2152/2410/1955
f 2154/2412/1957 2184/2443/1987 2185/2444/1988
f 2185/2444/1988 2156/2414/1959 2154/2412/1957
f 2156/2414/1959 2185/2444/1988 2186/2445/1989
f 2186/2445/1989 2158/2416/1961 2156/2414/1959
f 2158/2416/1961 2186/2445/1989 2187/2446/1990
f 2187/2446/1990 2160/2418/1963 2158/2416/1961
f 2160/2418/1963 2187/2446/1990 2188/2447/1991
f 2188/2447/1991 2162/2420/1965 2160/2418/1963
f 2162/2420/1965 2188/2447/1991 2189/2448/1992
f 2189/2448/1992 2164/2422/1967 2162/2420/1965
f 2164/2422/1967 2189/2448/1992 2190/2449/1993
f 2190/2449/1993 2166/2424/1969 2164/2422/1967
f 2166/2424/1969 2190/2449/1993 2191/2450/1994
f 2191/2450/1994 2168/2426/1971 2166/2424/1969
f 2168/2426/1971 2191/2450/1994 2192/2451/1995
f 2192/2451/1995 2124/2377/1925 2168/2426/1971
f 2124/2377/1925 2192/2451/1995 2170/2427/1972
f 2194/2452/1996 2169/2428/1973 2170/2427/1972
f 2169/2428/1973 2194/2452/1996 2193/2453/1997
f 2193/2453/1997 2171/2429/1974 2169/2428/1973
f 2171/2429/1974 2193/2453/1997 2195/2454/1998
f 2195/2454/1998 2172/2430/1975 2171/2429/1974
f 2172/2430/1975 2195/2454/1998 2196/2455/1999
f 2196/2455/1999 2173/2431/1976 2172/2430/1975
f 2173/2431/1976 2196/2455/1999 2197/2456/2000
f 2197/2456/2000 2174/2432/1977 2173/2431/1976
f 2174/2432/1977 2197/2456/2000 2198/2457/2001
f 2198/2458/2001 2175/2434/1978 2174/2433/1977
f 2175/2434/1978 2198/2458/2001 2199/2459/2002
f 2199/2459/2002 2176/2435/1979 2175/2434/1978
f 2176/2435/1979 2199/2459/2002 2200/2460/2003
f 2200/2460/2003 2177/2436/1980 2176/2435/1979
f 2177/2436/1980 2200/2460/2003 2201/2461/2004
f 2201/2461/2004 2178/2437/1981 2177/2436/1980
f 2178/2437/1981 2201/2461/2004 2202/2462/2005
f 2202/2462/2005 2179/2438/1982 2178/2437/1981
f 2179/2438/1982 2202/2462/2005 2203/2463/2006
f 2203/2463/2006 2180/2439/1983 2179/2438/1982
f 2180/2439/1983 2203/2463/2006 2204/2464/2007
f 2204/2464/2007 2181/2440/1984 2180/2439/1983
f 2181/2440/1984 2204/2464/2007 2205/2465/2008
f 2205/2465/2008 2182/2441/1985 2181/2440/1984
f 2182/2441/1985 2205/2465/2008 2206/2466/2009
f 2206/2466/2009 2183/2442/1986 2182/2441/1985
f 2183/2442/1986 2206/2466/2009 2207/2467/2010
f 2207/2467/2010 2184/2443/1987 2183/2442/1986
f 2184/2443/1987 2207/2467/2010 2208/2468/2011
f 2208/2468/2011 2185/2444/1988 2184/2443/1987
f 2185/2444/1988 2208/2468/2011 2209/2469/2012
f 2209/2469/2012 2186/2445/1989 2185/2444/1988
f 2186/2445/1989 2209/2469/2012 2210/2470/2013
f 2210/2470/2013 2187/2446/1990 2186/2445/1989
f 2187/2446/1990 2210/2470/2013 2211/2471/2014
f 2211/2471/2014 2188/2447/1991 2187/2446/1990
f 2188/2447/1991 2211/2471/2014 2212/2472/2015
f 2212/2472/2015 2189/2448/1992 2188/2447/1991
f 2189/2448/1992 2212/2472/2015 2213/2473/2016
f 2213/2473/2016 2190/2449/1993 2189/2448/1992
f 2190/2449/1993 2213/2473/2016 2214/2474/2017
f 2214/2474/2017 2191/2450/1994 2190/2449/1993
f 2191/2450/1994 2214/2474/2017 2215/2475/2018
f 2215/2475/2018 2192/2451/1995 2191/2450/1994
f 2192/2451/1995 2215/2475/2018 2216/2476/2019
f 2216/2476/2019 2170/2427/1972 2192/2451/1995
f 2170/2427/1972 2216/2476/2019 2194/2452/1996
f 2218/2477/2020 2193/2453/1997 2194/2452/1996
f 2193/2453/1997 2218/2477/2020 2217/2478/2021
f 2217/2478/2021 2195/2454/1998 2193/2453/1997
f 2195/2454/1998 2217/2478/2021 2219/2479/2022
f 2219/2479/2022 2196/2455/1999 2195/2454/1998
f 2196/2455/1999 2219/2479/2022 2220/2480/2023
f 2220/2480/2023 2197/2456/2000 2196/2455/1999
f 2197/2456/2000 2220/2480/2023 2221/2481/2024
f 2221/2481/2024 2198/2457/2001 2197/2456/2000
f 2198/2457/2001 2221/2481/2024 2222/2482/2025
f 2222/2483/2025 2199/2459/2002 2198/2458/2001
f 2199/2459/2002 2222/2483/2025 2223/2484/2026
f 2223/2484/2026 2200/2460/2003 2199/2459/2002
f 2200/2460/2003 2223/2484/2026 2224/2485/2027
f 2224/2485/2027 2201/2461/2004 2200/2460/2003
f 2201/2461/2004 2224/2485/2027 2225/2486/2028
f 2225/2486/2028 2202/2462/2005 2201/2461/2004
f 2202/2462/2005 2225/2486/2028 2226/2487/2029
f 2226/2487/2029 2203/2463/2006 2202/2462/2005
f 2203/2463/2006 2226/2487/2029 2227/2488/2030
f 2227/2488/2030 2204/2464/2007 2203/2463/2006
f 2204/2464/2007 2227/2488/2030 2228/2489/2031
f 2228/2489/2031 2205/2465/2008 2204/2464/2007
f 2205/2465/2008 2228/2489/2031 2229/2490/2032
f 2229/2490/2032 2206/2466/2009 2205/2465/2008
f 2206/2466/2009 2229/2490/2032 2230/2491/2033
f 2230/2491/2033 2207/2467/2010 2206/2466/2009
f 2207/2467/2010 2230/2491/2033 2231/2492/2034
f 2231/2492/2034 2208/2468/2011 2207/2467/2010
f 2208/2468/2011 2231/2492/2034 2232/2493/2035
f 2232/2493/2035 2209/2469/2012 2208/2468/2011
f 2209/2469/2012 2232/2493/2035 2233/2494/2036
f 2233/2494/2036 2210/2470/2013 2209/2469/2012
f 2210/2470/2013 2233/2494/2036 2234/2495/2037
f 2234/2495/2037 2211/2471/2014 2210/2470/2013
f 2211/2471/2014 2234/2495/2037 2235/2496/2038
f 2235/2496/2038 2212/2472/2015 2211/2471/2014
f 2212/2472/2015 2235/2496/2038 2236/2497/2039
f 2236/2497/2039 2213/2473/2016 2212/2472/2015
f 2213/2473/2016 2236/2497/2039 2237/2498/2040
f 2237/2498/2040 2214/2474/2017 2213/2473/2016
f 2214/2474/2017 2237/2498/2040 2238/2499/2041
f 2238/2499/2041 2215/2475/2018 2214/2474/2017
f 2215/2475/2018 2238/2499/2041 2239/2500/2042
f 2239/2500/2042 2216/2476/2019 2215/2475/2018
f 2216/2476/2019 2239/2500/2042 2240/2501/2043
f 2240/2501/2043 2194/2452/1996 2216/2476/2019
f 2194/2452/1996 2240/2501/2043 2218/2477/2020
f 2242/2502/2044 2217/2478/2021 2218/2477/2020
f 2217/2478/2021 2242/2502/2044 2241/2503/2045
f 2241/2503/2045 2219/2479/2022 2217/2478/2021
f 2219/2479/2022 2241/2503/2045 2243/2504/2046
f 2243/2504/2046 2220/2480/2023 2219/2479/2022
f 2220/2480/2023 2243/2504/2046 2244/2505/2047
f 2244/2505/2047 2221/2481/2024 2220/2480/2023
f 2221/2481/2024 2244/2505/2047 2245/2506/2048
f 2245/2506/2048 2222/2482/2025 2221/2481/2024
f 2222/2482/2025 2245/2506/2048 2246/2507/2049
f 2246/2508/2049 2223/2484/2026 2222/2483/2025
f 2223/2484/2026 2246/2508/2049 2247/2509/2050
f 2247/2509/2050 2224/2485/2027 2223/2484/2026
f 2224/2485/2027 2247/2509/2050 2248/2510/2051
f 2248/2510/2051 2225/2486/2028 2224/2485/2027
f 2225/2486/2028 2248/2510/2051 2249/2511/2052
f 2249/2511/2052 2226/2487/2029 2225/2486/2028
f 2226/2487/2029 2249/2511/2052 2250/2512/2053
f 2250/2512/2053 2227/2488/2030 2226/2487/2029
f 2227/2488/2030 2250/2512/2053 2251/2513/2054
f 2251/2513/2054 2228/2489/2031 2227/2488/2030
f 2228/2489/2031 2251/2513/2054 2252/2514/2055
f 2252/2514/2055 2229/2490/2032 2228/2489/2031
f 2229/2490/2032 2252/2514/2055 2253/2515/2056
f 2253/2515/2056 2230/2491/2033 2229/2490/2032
f 2230/2491/2033 2253/2515/2056 2254/2516/2057
f 2254/2516/2057 2231/2492/2034 2230/2491/2033
f 2231/2492/2034 2254/2516/2057 2255/2517/2058
f 2255/2517/2058 2232/2493/2035 2231/2492/2034
f 2232/2493/2035 2255/2517/2058 2256/2518/2059
f 2256/2518/2059 2233/2494/2036 2232/2493/2035
f 2233/2494/2036 2256/2518/2059 2257/2519/2060
f 2257/2519/2060 2234/2495/2037 2233/2494/2036
f 2234/2495/2037 2257/2519/2060 2258/2520/2061
f 2258/2520/2061 2235/2496/2038 2234/2495/2037
f 2235/2496/2038 2258/2520/2061 2259/2521/2062
f 2259/2521/2062 2236/2497/2039 2235/2496/2038
f 2236/2497/2039 2259/2521/2062 2260/2522/2063
f 2260/2522/2063 2237/2498/2040 2236/2497/2039
f 2237/2498/2040 2260/2522/2063 2261/2523/2064
f 2261/2523/2064 2238/2499/2041 2237/2498/2040
f 2238/2499/2041 2261/2523/2064 2262/2524/2065
f 2262/2524/2065 2239/2500/2042 2238/2499/2041
f 2239/2500/2042 2262/2524/2065 2263/2525/2066
f 2263/2525/2066 2240/2501/2043 2239/2500/2042
f 2240/2501/2043 2263/2525/2066 2264/2526/2067
f 2264/2526/2067 2218/2477/2020 2240/2501/2043
f 2218/2477/2020 2264/2526/2067 2242/2502/2044
f 2265/2527/2068 2267/2529/2070 2266/2528/2069
f 2268/2530/2071 2267/2529/2070 2265/2527/2068
f 2269/2531/2072 2267/2529/2070 2268/2530/2071
f 2270/2532/2073 2267/2529/2070 2269/2531/2072
f 2271/2533/2074 2267/2529/2070 2270/2532/2073
f 2272/2534/2075 2267/2529/2070 2271/2533/2074
f 2273/2535/2076 2267/2529/2070 2272/2534/2075
f 2274/2536/2077 2267/2529/2070 2273/2535/2076
f 2275/2537/2078 2267/2529/2070 2274/2536/2077
f 2276/2538/2079 2267/2529/2070 2275/2537/2078
f 2277/2539/2080 2267/2529/2070 2276/2538/2079
f 2278/2540/2081 2267/2529/2070 2277/2539/2080
f 2279/2541/2082 2267/2529/2070 2278/2540/2081
f 2280/2542/2083 2267/2529/2070 2279/2541/2082
f 2281/2543/2084 2267/2529/2070 2280/2542/2083
f 2282/2544/2085 2267/2529/2070 2281/2543/2084
f 2283/2545/2086 2267/2529/2070 2282/2544/2085
f 2284/2546/2087 2267/2529/2070 2283/2545/2086
f 2285/2547/2088 2267/2529/2070 2284/2546/2087
f 2286/2548/2089 2267/2529/2070 2285/2547/2088
f 2287/2549/2090 2267/2529/2070 2286/2548/2089
f 2288/2550/2091 2267/2529/2070 2287/2549/2090
f 2289/2551/2092 2267/2529/2070 2288/2550/2091
f 2266/2528/2069 2267/2529/2070 2289/2551/2092
f 2290/2552/2093 2292/2554/2095 2291/2553/2094
f 2291/2553/2094 2292/2554/2095 2293/2555/2096
f 2293/2555/2096 2292/2554/2095 2294/2556/2097
f 2294/2556/2097 2292/2554/2095 2295/2557/2098
f 2295/2557/2098 2292/2554/2095 2296/2558/2099
f 2296/2558/2099 2292/2554/2095 2297/2559/2100
f 2297/2559/2100 2292/2554/2095 2298/2560/2101
f 2298/2560/2101 2292/2554/2095 2299/2561/2102
f 2299/2561/2102 2292/2554/2095 2300/2562/2103
f 2300/2562/2103 2292/2554/2095 2301/2563/2104
f 2301/2563/2104 2292/2554/2095 2302/2564/2105
f 2302/2564/2105 2292/2554/2095 2303/2565/2106
f 2303/2565/2106 2292/2554/2095 2304/2566/2107
f 2304/2566/2107 2292/2554/2095 2305/2567/2108
f 2305/2567/2108 2292/2554/2095 2306/2568/2109
f 2306/2568/2109 2292/2554/2095 2307/2569/2110
f 2307/2569/2110 2292/2554/2095 2308/2570/2111
f 2308/2570/2111 2292/2554/2095 2309/2571/2112
f 2309/2571/2112 2292/2554/2095 2310/2572/2113
f 2310/2572/2113 2292/2554/2095 2311/2573/2114
f 2311/2573/2114 2292/2554/2095 2312/2574/2115
f 2312/2574/2115 2292/2554/2095 2313/2575/2116
f 2313/2575/2116 2292/2554/2095 2314/2576/2117
f 2314/2576/2117 2292/2554/2095 2290/2552/2093
f 2316/2577/2118 2121/2579/1926 2122/2578/1927
f 2121/2579/1926 2316/2577/2118 2315/2580/2119
f 2317/2581/2120 2122/2578/1927 2125/2582/1928
f 2122/2578/1927 2317/2581/2120 2316/2577/2118
f 2318/2583/2121 2125/2582/1928 2127/2584/1930
f 2125/2582/1928 2318/2583/2121 2317/2581/2120
f 2319/2585/2122 2127/2584/1930 2129/2586/1932
f 2127/2584/1930 2319/2585/2122 2318/2583/2121
f 2320/2587/2123 2129/2586/1932 2131/2588/1934
f 2129/2586/1932 2320/2587/2123 2319/2585/2122
f 2321/2589/2124 2131/2588/1934 2133/2590/1936
f 2131/2588/1934 2321/2589/2124 2320/2587/2123
f 2322/2591/2125 2133/2590/1936 2135/2592/1938
f 2133/2590/1936 2322/2591/2125 2321/2589/2124
f 2323/2593/2126 2135/2592/1938 2137/2594/1940
f 2135/2592/1938 2323/2593/2126 2322/2591/2125
f 2324/2595/2127 2137/2594/1940 2139/2596/1942
f 2137/2594/1940 2324/2595/2127 2323/2593/2126
f 2325/2597/2128 2139/2596/1942 2141/2598/1944
f 2139/2596/1942 2325/2597/2128 2324/2595/2127
f 2326/2599/2129 2141/2598/1944 2143/2600/1946
f 2141/2598/1944 2326/2599/2129 2325/2597/2128
f 2327/2601/2130 2143/2600/1946 2145/2602/1948
f 2143/2600/1946 2327/2601/2130 2326/2599/2129
f 2328/2603/2131 2145/2602/1948 2147/2604/1950
f 2145/2602/1948 2328/2603/2131 2327/2601/2130
f 2329/2605/2132 2147/2604/1950 2149/2606/1952
f 2147/2604/1950 2329/2605/2132 2328/2603/2131
f 2330/2607/2133 2149/2606/1952 2151/2608/1954
f 2149/2606/1952 2330/2607/2133 2329/2605/2132
f 2331/2609/2134 2151/2608/1954 2153/2610/1956
f 2151/2608/1954 2331/2609/2134 2330/2607/2133
f 2332/2611/2135 2153/2610/1956 2155/2612/1958
f 2153/2610/1956 2332/2611/2135 2331/2609/2134
f 2333/2613/2136 2155/2612/1958 2157/2614/1960
f 2155/2612/1958 2333/2613/2136 2332/2611/2135
f 2334/2615/2137 2157/2614/1960 2159/2616/1962
f 2157/2614/1960 2334/2615/2137 2333/2613/2136
f 2335/2617/2138 2159/2616/1962 2161/2618/1964
f 2159/2616/1962 2335/2617/2138 2334/2615/2137
f 2336/2619/2139 2161/2618/1964 2163/2620/1966
f 2161/2618/1964 2336/2619/2139 2335/2617/2138
f 2337/2621/2140 2163/2620/1966 2165/2622/1968
f 2163/2620/1966 2337/2621/2140 2336/2619/2139
f 2338/2623/2141 2165/2622/1968 2167/2624/1970
f 2165/2622/1968 2338/2623/2141 2337/2621/2140
f 2315/2580/2119 2167/2624/1970 2121/2579/1926
f 2167/2624/1970 2315/2580/2119 2338/2623/2141
f 2340/2625/2142 2241/2627/2045 2242/2626/2044
f 2241/2627/2045 2340/2625/2142 2339/2628/2143
f 2339/2628/2143 2243/2629/2046 2241/2627/2045
f 2243/2629/2046 2339/2628/2143 2341/2630/2144
f 2341/2630/2144 2244/2631/2047 2243/2629/2046
f 2244/2631/2047 2341/2630/2144 2342/2632/2145
f 2342/2632/2145 2245/2633/2048 2244/2631/2047
f 2245/2633/2048 2342/2632/2145 2343/2634/2146
f 2343/2634/2146 2246/2635/2049 2245/2633/2048
f 2246/2635/2049 2343/2634/2146 2344/2636/2147
f 2344/2636/2147 2247/2637/2050 2246/2635/2049
f 2247/2637/2050 2344/2636/2147 2345/2638/2148
f 2345/2638/2148 2248/2639/2051 2247/2637/2050
f 2248/2639/2051 2345/2638/2148 2346/2640/2149
f 2346/2640/2149 2249/2641/2052 2248/2639/2051
f 2249/2641/2052 2346/2640/2149 2347/2642/2150
f 2347/2642/2150 2250/2643/2053 2249/2641/2052
f 2250/2643/2053 2347/2642/2150 2348/2644/2151
f 2348/2644/2151 2251/2645/2054 2250/2643/2053
f 2251/2645/2054 2348/2644/2151 2349/2646/2152
f 2349/2646/2152 2252/2647/2055 2251/2645/2054
f 2252/2647/2055 2349/2646/2152 2350/2648/2153
f 2350/2648/2153 2253/2649/2056 2252/2647/2055
f 2253/2649/2056 2350/2648/2153 2351/2650/2154
f 2351/2650/2154 2254/2651/2057 2253/2649/2056
f 2254/2651/2057 2351/2650/2154 2352/2652/2155
f 2352/2652/2155 2255/2653/2058 2254/2651/2057
f 2255/2653/2058 2352/2652/2155 2353/2654/2156
f 2353/2654/2156 2256/2655/2059 2255/2653/2058
f 2256/2655/2059 2353/2654/2156 2354/2656/2157
f 2354/2656/2157 2257/2657/2060 2256/2655/2059
f 2257/2657/2060 2354/2656/2157 2355/2658/2158
f 2355/2658/2158 2258/2659/2061 2257/2657/2060
f 2258/2659/2061 2355/2658/2158 2356/2660/2159
f 2356/2660/2159 2259/2661/2062 2258/2659/2061
f 2259/2661/2062 2356/2660/2159 2357/2662/2160
f 2357/2662/2160 2260/2663/2063 2259/2661/2062
f 2260/2663/2063 2357/2662/2160 2358/2664/2161
f 2358/2664/2161 2261/2665/2064 2260/2663/2063
f 2261/2665/2064 2358/2664/2161 2359/2666/2162
f 2359/2666/2162 2262/2667/2065 2261/2665/2064
f 2262/2667/2065 2359/2666/2162 2360/2668/2163
f 2360/2668/2163 2263/2669/2066 2262/2667/2065
f 2263/2669/2066 2360/2668/2163 2361/2670/2164
f 2361/2670/2164 2264/2671/2067 2263/2669/2066
f 2264/2671/2067 2361/2670/2164 2362/2672/2165
f 2362/2672/2165 2242/2626/2044 2264/2671/2067
f 2242/2626/2044 2362/2672/2165 2340/2625/2142
f 2265/2527/2068 2315/2580/2119 2316/2577/2118
f 2315/2580/2119 2265/2527/2068 2266/2528/2069
f 2268/2530/2071 2316/2577/2118 2317/2581/2120
f 2316/2577/2118 2268/2530/2071 2265/2527/2068
f 2269/2531/2072 2317/2581/2120 2318/2583/2121
f 2317/2581/2120 2269/2531/2072 2268/2530/2071
f 2270/2532/2073 2318/2583/2121 2319/2585/2122
f 2318/2583/2121 2270/2532/2073 2269/2531/2072
f 2271/2533/2074 2319/2585/2122 2320/2587/2123
f 2319/2585/2122 2271/2533/2074 2270/2532/2073
f 2272/2534/2075 2320/2587/2123 2321/2589/2124
f 2320/2587/2123 2272/2534/2075 2271/2533/2074
f 2273/2535/2076 2321/2589/2124 2322/2591/2125
f 2321/2589/2124 2273/2535/2076 2272/2534/2075
f 2274/2536/2077 2322/2591/2125 2323/2593/2126
f 2322/2591/2125 2274/2536/2077 2273/2535/2076
f 2275/2537/2078 2323/2593/2126 2324/2595/2127
f 2323/2593/2126 2275/2537/2078 2274/2536/2077
f 2276/2538/2079 2324/2595/2127 2325/2597/2128
f 2324/2595/2127 2276/2538/2079 2275/2537/2078
f 2277/2539/2080 2325/2597/2128 2326/2599/2129
f 2325/2597/2128 2277/2539/2080 2276/2538/2079
f 2278/2540/2081 2326/2599/2129 2327/2601/2130
f 2326/2599/2129 2278/2540/2081 2277/2539/2080
f 2279/2541/2082 2327/2601/2130 2328/2603/2131
f 2327/2601/2130 2279/2541/2082 2278/2540/2081
f 2280/2542/2083 2328/2603/2131 2329/2605/2132
f 2328/2603/2131 2280/2542/2083 2279/2541/2082
f 2281/2543/2084 2329/2605/2132 2330/2607/2133
f 2329/2605/2132 2281/2543/2084 2280/2542/2083
f 2282/2544/2085 2330/2607/2133 2331/2609/2134
f 2330/2607/2133 2282/2544/2085 2281/2543/2084
f 2283/2545/2086 2331/2609/2134 2332/2611/2135
f 2331/2609/2134 2283/2545/2086 2282/2544/2085
f 2284/2546/2087 2332/2611/2135 2333/2613/2136
f 2332/2611/2135 2284/2546/2087 2283/2545/2086
f 2285/2547/2088 2333/2613/2136 2334/2615/2137
f 2333/2613/2136 2285/2547/2088 2284/2546/2087
f 2286/2548/2089 2334/2615/2137 2335/2617/2138
f 2334/2615/2137 2286/2548/2089 2285/2547/2088
f 2287/2549/2090 2335/2617/2138 2336/2619/2139
f 2335/2617/2138 2287/2549/2090 2286/2548/2089
f 2288/2550/2091 2336/2619/2139 2337/2621/2140
f 2336/2619/2139 2288/2550/2091 2287/2549/2090
f 2289/2551/2092 2337/2621/2140 2338/2623/2141
f 2337/2621/2140 2289/2551/2092 2288/2550/2091
f 2266/2528/2069 2338/2623/2141 2315/2580/2119
f 2338/2623/2141 2266/2528/2069 2289/2551/2092
f 2290/2552/2093 2339/2628/2143 2340/2625/2142
f 2339/2628/2143 2290/2552/2093 2291/2553/2094
f 2291/2553/2094 2341/2630/2144 2339/2628/2143
f 2341/2630/2144 2291/2553/2094 2293/2555/2096
f 2293/2555/2096 2342/2632/2145 2341/2630/2144
f 2342/2632/2145 2293/2555/2096 2294/2556/2097
f 2294/2556/2097 2343/2634/2146 2342/2632/2145
f 2343/2634/2146 2294/2556/2097 2295/2557/2098
f 2295/2557/2098 2344/2636/2147 2343/2634/2146
f 2344/2636/2147 2295/2557/2098 2296/2558/2099
f 2296/2558/2099 2345/2638/2148 2344/2636/2147
f 2345/2638/2148 2296/2558/2099 2297/2559/2100
f 2297/2559/2100 2346/2640/2149 2345/2638/2148
f 2346/2640/2149 2297/2559/2100 2298/2560/2101
f 2298/2560/2101 2347/2642/2150 2346/2640/2149
f 2347/2642/2150 2298/2560/2101 2299/2561/2102
f 2299/2561/2102 2348/2644/2151 2347/2642/2150
f 2348/2644/2151 2299/2561/2102 2300/2562/2103
f 2300/2562/2103 2349/2646/2152 2348/2644/2151
f 2349/2646/2152 2300/2562/2103 2301/2563/2104
f 2301/2563/2104 2350/2648/2153 2349/2646/2152
f 2350/2648/2153 2301/2563/2104 2302/2564/2105
f 2302/2564/2105 2351/2650/2154 2350/2648/2153
f 2351/2650/2154 2302/2564/2105 2303/2565/2106
f 2303/2565/2106 2352/2652/2155 2351/2650/2154
f 2352/2652/2155 2303/2565/2106 2304/2566/2107
f 2304/2566/2107 2353/2654/2156 2352/2652/2155
f 2353/2654/2156 2304/2566/2107 2305/2567/2108
f 2305/2567/2108 2354/2656/2157 2353/2654/2156
f 2354/2656/2157 2305/2567/2108 2306/2568/2109
f 2306/2568/2109 2355/2658/2158 2354/2656/2157
f 2355/2658/2158 2306/2568/2109 2307/2569/2110
f 2307/2569/2110 2356/2660/2159 2355/2658/2158
f 2356/2660/2159 2307/2569/2110 2308/2570/2111
f 2308/2570/2111 2357/2662/2160 2356/2660/2159
f 2357/2662/2160 2308/2570/2111 2309/2571/2112
f 2309/2571/2112 2358/2664/2161 2357/2662/2160
f 2358/2664/2161 2309/2571/2112 2310/2572/2113
f 2310/2572/2113 2359/2666/2162 2358/2664/2161
f 2359/2666/2162 2310/2572/2113 2311/2573/2114
f 2311/2573/2114 2360/2668/2163 2359/2666/2162
f 2360/2668/2163 2311/2573/2114 2312/2574/2115
f 2312/2574/2115 2361/2670/2164 2360/2668/2163
f 2361/2670/2164 2312/2574/2115 2313/2575/2116
f 2313/2575/2116 2362/2672/2165 2361/2670/2164
f 2362/2672/2165 2313/2575/2116 2314/2576/2117
f 2314/2576/2117 2340/2625/2142 2362/2672/2165
f 2340/2625/2142 2314/2576/2117 2290/2552/2093
f 2366/2673/2166 2364/2675/2168 2363/2674/2167
f 2364/2675/2168 2366/2673/2166 2365/2676/2169
f 2365/2676/2169 2367/2677/2170 2364/2675/2168
f 2367/2677/2170 2365/2676/2169 2368/2678/2171
f 2368/2678/2171 2369/2679/2172 2367/2677/2170
f 2369/2679/2172 2368/2678/2171 2370/2680/2173
f 2370/2680/2173 2371/2681/2174 2369/2679/2172
f 2371/2681/2174 2370/2680/2173 2372/2682/2175
f 2372/2682/2175 2373/2683/2176 2371/2681/2174
f 2373/2683/2176 2372/2682/2175 2374/2684/2177
f 2374/2684/2177 2375/2685/2178 2373/2683/2176
f 2375/2685/2178 2374/2684/2177 2376/2686/2179
f 2376/2686/2179 2377/2687/2180 2375/2685/2178
f 2377/2687/2180 2376/2686/2179 2378/2688/2181
f 2378/2688/2181 2379/2689/2182 2377/2687/2180
f 2379/2689/2182 2378/2688/2181 2380/2690/2183
f 2380/2690/2183 2381/2691/2184 2379/2689/2182
f 2381/2691/2184 2380/2690/2183 2382/2692/2185
f 2382/2692/2185 2383/2693/2186 2381/2691/2184
f 2383/2693/2186 2382/2692/2185 2384/2694/2187
f 2384/2694/2187 2385/2695/2188 2383/2693/2186
f 2385/2695/2188 2384/2694/2187 2386/2696/2189
f 2386/2696/2189 2387/2697/2190 2385/2695/2188
f 2387/2697/2190 2386/2696/2189 2388/2698/2191
f 2388/2698/2191 2389/2699/2192 2387/2697/2190
f 2389/2699/2192 2388/2698/2191 2390/2700/2193
f 2390/2700/2193 2391/2701/2194 2389/2699/2192
f 2391/2701/2194 2390/2700/2193 2392/2702/2195
f 2392/2702/2195 2393/2703/2196 2391/2701/2194
f 2393/2703/2196 2392/2702/2195 2394/2704/2197
f 2394/2704/2197 2395/2705/2198 2393/2703/2196
f 2395/2705/2198 2394/2704/2197 2396/2706/2199
f 2396/2706/2199 2397/2707/2200 2395/2705/2198
f 2397/2707/2200 2396/2706/2199 2398/2708/2201
f 2398/2708/2201 2399/2709/2202 2397/2707/2200
f 2399/2709/2202 2398/2708/2201 2400/2710/2203
f 2400/2710/2203 2401/2711/2204 2399/2709/2202
f 2401/2711/2204 2400/2710/2203 2402/2712/2205
f 2402/2712/2205 2403/2713/2206 2401/2711/2204
f 2403/2713/2206 2402/2712/2205 2404/2714/2207
f 2404/2714/2207 2405/2715/2208 2403/2713/2206
f 2405/2715/2208 2404/2714/2207 2406/2716/2209
f 2406/2716/2209 2407/2717/2210 2405/2715/2208
f 2407/2717/2210 2406/2716/2209 2408/2718/2211
f 2408/2718/2211 2409/2719/2212 2407/2717/2210
f 2409/2719/2212 2408/2718/2211 2410/2720/2213
f 2410/2720/2213 2363/2721/2167 2409/2719/2212
f 2363/2721/2167 2410/2720/2213 2366/2722/2166
f 2414/2723/2214 2412/2725/2216 2411/2724/2215
f 2412/2725/2216 2414/2723/2214 2413/2726/2217
f 2413/2726/2217 2415/2727/2218 2412/2725/2216
f 2415/2727/2218 2413/2726/2217 2416/2728/2219
f 2416/2728/2219 2417/2729/2220 2415/2727/2218
f 2417/2729/2220 2416/2728/2219 2418/2730/2221
f 2418/2730/2221 2419/2731/2222 2417/2729/2220
f 2419/2731/2222 2418/2730/2221 2420/2732/2223
f 2420/2732/2223 2421/2733/2224 2419/2731/2222
f 2421/2733/2224 2420/2732/2223 2422/2734/2225
f 2422/2734/2225 2423/2735/2226 2421/2733/2224
f 2423/2735/2226 2422/2734/2225 2424/2736/2227
f 2424/2736/2227 2425/2737/2228 2423/2735/2226
f 2425/2737/2228 2424/2736/2227 2426/2738/2229
f 2426/2738/2229 2427/2739/2230 2425/2737/2228
f 2427/2739/2230 2426/2738/2229 2428/2740/2231
f 2428/2740/2231 2429/2741/2232 2427/2739/2230
f 2429/2741/2232 2428/2740/2231 2430/2742/2233
f 2430/2742/2233 2431/2743/2234 2429/2741/2232
f 2431/2743/2234 2430/2742/2233 2432/2744/2235
f 2432/2744/2235 2433/2745/2236 2431/2743/2234
f 2433/2745/2236 2432/2744/2235 2434/2746/2237
f 2434/2746/2237 2435/2747/2238 2433/2745/2236
f 2435/2747/2238 2434/2746/2237 2436/2748/2239
f 2436/2748/2239 2437/2749/2240 2435/2747/2238
f 2437/2749/2240 2436/2748/2239 2438/2750/2241
f 2438/2750/2241 2439/2751/2242 2437/2749/2240
f 2439/2751/2242 2438/2750/2241 2440/2752/2243
f 2440/2752/2243 2441/2753/2244 2439/2751/2242
f 2441/2753/2244 2440/2752/2243 2442/2754/2245
f 2442/2754/2245 2443/2755/2246 2441/2753/2244
f 2443/2755/2246 2442/2754/2245 2444/2756/2247
f 2444/2756/2247 2445/2757/2248 2443/2755/2246
f 2445/2757/2248 2444/2756/2247 2446/2758/2249
f 2446/2758/2249 2447/2759/2250 2445/2757/2248
f 2447/2759/2250 2446/2758/2249 2448/2760/2251
f 2448/2760/2251 2449/2761/2252 2447/2759/2250
f 2449/2761/2252 2448/2760/2251 2450/2762/2253
f 2450/2762/2253 2451/2763/2254 2449/2761/2252
f 2451/2763/2254 2450/2762/2253 2452/2764/2255
f 2452/2764/2255 2453/2765/2256 2451/2763/2254
f 2453/2765/2256 2452/2764/2255 2454/2766/2257
f 2454/2766/2257 2455/2767/2258 2453/2765/2256
f 2455/2767/2258 2454/2766/2257 2456/2768/2259
f 2456/2768/2259 2457/2769/2260 2455/2767/2258
f 2457/2769/2260 2456/2768/2259 2458/2770/2261
f 2458/2770/2261 2411/2771/2215 2457/2769/2260
f 2411/2771/2215 2458/2770/2261 2414/2772/2214
f 2462/2773/2262 2460/2775/2264 2459/2774/2263
f 2460/2775/2264 2462/2773/2262 2461/2776/2265
f 2461/2776/2265 2463/2777/2266 2460/2775/2264
f 2463/2777/2266 2461/2776/2265 2464/2778/2267
f 2464/2778/2267 2465/2779/2268 2463/2777/2266
f 2465/2779/2268 2464/2778/2267 2466/2780/2269
f 2466/2780/2269 2467/2781/2270 2465/2779/2268
f 2467/2781/2270 2466/2780/2269 2468/2782/2271
f 2468/2782/2271 2469/2783/2272 2467/2781/2270
f 2469/2783/2272 2468/2782/2271 2470/2784/2273
f 2470/2784/2273 2471/2785/2274 2469/2783/2272
f 2471/2785/2274 2470/2784/2273 2472/2786/2275
f 2472/2786/2275 2473/2787/2276 2471/2785/2274
f 2473/2787/2276 2472/2786/2275 2474/2788/2277
f 2474/2788/2277 2475/2789/2278 2473/2787/2276
f 2475/2789/2278 2474/2788/2277 2476/2790/2279
f 2476/2790/2279 2477/2791/2280 2475/2789/2278
f 2477/2791/2280 2476/2790/2279 2478/2792/2281
f 2478/2792/2281 2479/2793/2282 2477/2791/2280
f 2479/2793/2282 2478/2792/2281 2480/2794/2283
f 2480/2794/2283 2481/2795/2284 2479/2793/2282
f 2481/2795/2284 2480/2794/2283 2482/2796/2285
f 2482/2796/2285 2483/2797/2286 2481/2795/2284
f 2483/2797/2286 2482/2796/2285 2484/2798/2287
f 2484/2798/2287 2485/2799/2288 2483/2797/2286
f 2485/2799/2288 2484/2798/2287 2486/2800/2289
f 2486/2800/2289 2487/2801/2290 2485/2799/2288
f 2487/2801/2290 2486/2800/2289 2488/2802/2291
f 2488/2802/2291 2489/2803/2292 2487/2801/2290
f 2489/2803/2292 2488/2802/2291 2490/2804/2293
f 2490/2804/2293 2491/2805/2294 2489/2803/2292
f 2491/2805/2294 2490/2804/2293 2492/2806/2295
f 2492/2806/2295 2493/2807/2296 2491/2805/2294
f 2493/2807/2296 2492/2806/2295 2494/2808/2297
f 2494/2808/2297 2495/2809/2298 2493/2807/2296
f 2495/2809/2298 2494/2808/2297 2496/2810/2299
f 2496/2810/2299 2497/2811/2300 2495/2809/2298
f 2497/2811/2300 2496/2810/2299 2498/2812/2301
f 2498/2812/2301 2499/2813/2302 2497/2811/2300
f 2499/2813/2302 2498/2812/2301 2500/2814/2303
f 2500/2814/2303 2501/2815/2304 2499/2813/2302
f 2501/2815/2304 2500/2814/2303 2502/2816/2305
f 2502/2816/2305 2503/2817/2306 2501/2815/2304
f 2503/2817/2306 2502/2816/2305 2504/2818/2307
f 2504/2818/2307 2505/2819/2308 2503/2817/2306
f 2505/2819/2308 2504/2818/2307 2506/2820/2309
f 2506/2820/2309 2459/2821/2263 2505/2819/2308
f 2459/2821/2263 2506/2820/2309 2462/2822/2262
f 2363/2674/2167 2508/2824/2070 2507/2823/2070
f 2508/2824/2070 2363/2674/2167 2364/2675/2168
f 2365/2676/2169 2510/2826/2095 2509/2825/2095
f 2510/2826/2095 2365/2676/2169 2366/2673/2166
f 2364/2675/2168 2511/2827/2070 2508/2824/2070
f 2511/2827/2070 2364/2675/2168 2367/2677/2170
f 2368/2678/2171 2509/2825/2095 2512/2828/2095
f 2509/2825/2095 2368/2678/2171 2365/2676/2169
f 2367/2677/2170 2513/2829/2070 2511/2827/2070
f 2513/2829/2070 2367/2677/2170 2369/2679/2172
f 2370/2680/2173 2512/2828/2095 2514/2830/2095
f 2512/2828/2095 2370/2680/2173 2368/2678/2171
f 2369/2679/2172 2515/2831/2070 2513/2829/2070
f 2515/2831/2070 2369/2679/2172 2371/2681/2174
f 2372/2682/2175 2514/2830/2095 2516/2832/2095
f 2514/2830/2095 2372/2682/2175 2370/2680/2173
f 2371/2681/2174 2517/2833/2070 2515/2831/2070
f 2517/2833/2070 2371/2681/2174 2373/2683/2176
f 2374/2684/2177 2516/2832/2095 2518/2834/2095
f 2516/2832/2095 2374/2684/2177 2372/2682/2175
f 2373/2683/2176 2519/2835/2070 2517/2833/2070
f 2519/2835/2070 2373/2683/2176 2375/2685/2178
f 2376/2686/2179 2518/2834/2095 2520/2836/2095
f 2518/2834/2095 2376/2686/2179 2374/2684/2177
f 2375/2685/2178 2521/2837/2070 2519/2835/2070
f 2521/2837/2070 2375/2685/2178 2377/2687/2180
f 2378/2688/2181 2520/2836/2095 2522/2838/2095
f 2520/2836/2095 2378/2688/2181 2376/2686/2179
f 2377/2687/2180 2523/2839/2070 2521/2837/2070
f 2523/2839/2070 2377/2687/2180 2379/2689/2182
f 2380/2690/2183 2522/2838/2095 2524/2840/2095
f 2522/2838/2095 2380/2690/2183 2378/2688/2181
f 2379/2689/2182 2525/2841/2070 2523/2839/2070
f 2525/2841/2070 2379/2689/2182 2381/2691/2184
f 2382/2692/2185 2524/2840/2095 2526/2842/2095
f 2524/2840/2095 2382/2692/2185 2380/2690/2183
f 2381/2691/2184 2527/2843/2070 2525/2841/2070
f 2527/2843/2070 2381/2691/2184 2383/2693/2186
f 2384/2694/2187 2526/2842/2095 2528/2844/2095
f 2526/2842/2095 2384/2694/2187 2382/2692/2185
f 2383/2693/2186 2529/2845/2070 2527/2843/2070
f 2529/2845/2070 2383/2693/2186 2385/2695/2188
f 2386/2696/2189 2528/2844/2095 2530/2846/2095
f 2528/2844/2095 2386/2696/2189 2384/2694/2187
f 2385/2695/2188 2531/2847/2070 2529/2845/2070
f 2531/2847/2070 2385/2695/2188 2387/2697/2190
f 2388/2698/2191 2530/2846/2095 2532/2848/2095
f 2530/2846/2095 2388/2698/2191 2386/2696/2189
f 2387/2697/2190 2533/2849/2070 2531/2847/2070
f 2533/2849/2070 2387/2697/2190 2389/2699/2192
f 2390/2700/2193 2532/2848/2095 2534/2850/2095
f 2532/2848/2095 2390/2700/2193 2388/2698/2191
f 2389/2699/2192 2535/2851/2070 2533/2849/2070
f 2535/2851/2070 2389/2699/2192 2391/2701/2194
f 2392/2702/2195 2534/2850/2095 2536/2852/2095
f 2534/2850/2095 2392/2702/2195 2390/2700/2193
f 2391/2701/2194 2537/2853/2070 2535/2851/2070
f 2537/2853/2070 2391/2701/2194 2393/2703/2196
f 2394/2704/2197 2536/2852/2095 2538/2854/2095
f 2536/2852/2095 2394/2704/2197 2392/2702/2195
f 2393/2703/2196 2539/2855/2070 2537/2853/2070
f 2539/2855/2070 2393/2703/2196 2395/2705/2198
f 2396/2706/2199 2538/2854/2095 2540/2856/2095
f 2538/2854/2095 2396/2706/2199 2394/2704/2197
f 2395/2705/2198 2541/2857/2070 2539/2855/2070
f 2541/2857/2070 2395/2705/2198 2397/2707/2200
f 2398/2708/2201 2540/2856/2095 2542/2858/2095
f 2540/2856/2095 2398/2708/2201 2396/2706/2199
f 2397/2707/2200 2543/2859/2070 2541/2857/2070
f 2543/2859/2070 2397/2707/2200 2399/2709/2202
f 2400/2710/2203 2542/2858/2095 2544/2860/2095
f 2542/2858/2095 2400/2710/2203 2398/2708/2201
f 2399/2709/2202 2545/2861/2070 2543/2859/2070
f 2545/2861/2070 2399/2709/2202 2401/2711/2204
f 2402/2712/2205 2544/2860/2095 2546/2862/2095
f 2544/2860/2095 2402/2712/2205 2400/2710/2203
f 2401/2711/2204 2547/2863/2070 2545/2861/2070
f 2547/2863/2070 2401/2711/2204 2403/2713/2206
f 2404/2714/2207 2546/2862/2095 2548/2864/2095
f 2546/2862/2095 2404/2714/2207 2402/2712/2205
f 2403/2713/2206 2549/2865/2070 2547/2863/2070
f 2549/2865/2070 2403/2713/2206 2405/2715/2208
f 2406/2716/2209 2548/2864/2095 2550/2866/2095
f 2548/2864/2095 2406/2716/2209 2404/2714/2207
f 2405/2715/2208 2551/2867/2070 2549/2865/2070
f 2551/2867/2070 2405/2715/2208 2407/2717/2210
f 2408/2718/2211 2550/2866/2095 2552/2868/2095
f 2550/2866/2095 2408/2718/2211 2406/2716/2209
f 2407/2717/2210 2553/2869/2070 2551/2867/2070
f 2553/2869/2070 2407/2717/2210 2409/2719/2212
f 2410/2720/2213 2552/2868/2095 2554/2870/2095
f 2552/2868/2095 2410/2720/2213 2408/2718/2211
f 2409/2719/2212 2507/2871/2070 2553/2869/2070
f 2507/2871/2070 2409/2719/2212 2363/2721/2167
f 2366/2722/2166 2554/2870/2095 2510/2872/2095
f 2554/2870/2095 2366/2722/2166 2410/2720/2213
f 2411/2724/2215 2556/2874/2311 2555/2873/2310
f 2556/2874/2311 2411/2724/2215 2412/2725/2216
f 2413/2726/2217 2558/2876/2313 2557/2875/2312
f 2558/2876/2313 2413/2726/2217 2414/2723/2214
f 2412/2725/2216 2559/2877/2314 2556/2874/2311
f 2559/2877/2314 2412/2725/2216 2415/2727/2218
f 2416/2728/2219 2557/2875/2312 2560/2878/2315
f 2557/2875/2312 2416/2728/2219 2413/2726/2217
f 2415/2727/2218 2561/2879/2316 2559/2877/2314
f 2561/2879/2316 2415/2727/2218 2417/2729/2220
f 2418/2730/2221 2560/2878/2315 2562/2880/2317
f 2560/2878/2315 2418/2730/2221 2416/2728/2219
f 2417/2729/2220 2563/2881/2318 2561/2879/2316
f 2563/2881/2318 2417/2729/2220 2419/2731/2222
f 2420/2732/2223 2562/2880/2317 2564/2882/2319
f 2562/2880/2317 2420/2732/2223 2418/2730/2221
f 2419/2731/2222 2565/2883/2320 2563/2881/2318
f 2565/2883/2320 2419/2731/2222 2421/2733/2224
f 2422/2734/2225 2564/2882/2319 2566/2884/2321
f 2564/2882/2319 2422/2734/2225 2420/2732/2223
f 2421/2733/2224 2567/2885/2322 2565/2883/2320
f 2567/2885/2322 2421/2733/2224 2423/2735/2226
f 2424/2736/2227 2566/2884/2321 2568/2886/2323
f 2566/2884/2321 2424/2736/2227 2422/2734/2225
f 2423/2735/2226 2569/2887/2324 2567/2885/2322
f 2569/2887/2324 2423/2735/2226 2425/2737/2228
f 2426/2738/2229 2568/2886/2323 2570/2888/2325
f 2568/2886/2323 2426/2738/2229 2424/2736/2227
f 2425/2737/2228 2571/2889/2326 2569/2887/2324
f 2571/2889/2326 2425/2737/2228 2427/2739/2230
f 2428/2740/2231 2570/2888/2325 2572/2890/2327
f 2570/2888/2325 2428/2740/2231 2426/2738/2229
f 2427/2739/2230 2573/2891/2328 2571/2889/2326
f 2573/2891/2328 2427/2739/2230 2429/2741/2232
f 2430/2742/2233 2572/2890/2327 2574/2892/2329
f 2572/2890/2327 2430/2742/2233 2428/2740/2231
f 2429/2741/2232 2575/2893/2330 2573/2891/2328
f 2575/2893/2330 2429/2741/2232 2431/2743/2234
f 2432/2744/2235 2574/2892/2329 2576/2894/2331
f 2574/2892/2329 2432/2744/2235 2430/2742/2233
f 2431/2743/2234 2577/2895/2332 2575/2893/2330
f 2577/2895/2332 2431/2743/2234 2433/2745/2236
f 2434/2746/2237 2576/2894/2331 2578/2896/2333
f 2576/2894/2331 2434/2746/2237 2432/2744/2235
f 2433/2745/2236 2579/2897/2334 2577/2895/2332
f 2579/2897/2334 2433/2745/2236 2435/2747/2238
f 2436/2748/2239 2578/2896/2333 2580/2898/2335
f 2578/2896/2333 2436/2748/2239 2434/2746/2237
f 2435/2747/2238 2581/2899/2336 2579/2897/2334
f 2581/2899/2336 2435/2747/2238 2437/2749/2240
f 2438/2750/2241 2580/2898/2335 2582/2900/2337
f 2580/2898/2335 2438/2750/2241 2436/2748/2239
f 2437/2749/2240 2583/2901/2338 2581/2899/2336
f 2583/2901/2338 2437/2749/2240 2439/2751/2242
f 2440/2752/2243 2582/2900/2337 2584/2902/2339
f 2582/2900/2337 2440/2752/2243 2438/2750/2241
f 2439/2751/2242 2585/2903/2340 2583/2901/2338
f 2585/2903/2340 2439/2751/2242 2441/2753/2244
f 2442/2754/2245 2584/2902/2339 2586/2904/2341
f 2584/2902/2339 2442/2754/2245 2440/2752/2243
f 2441/2753/2244 2587/2905/2342 2585/2903/2340
f 2587/2905/2342 2441/2753/2244 2443/2755/2246
f 2444/2756/2247 2586/2904/2341 2588/2906/2343
f 2586/2904/2341 2444/2756/2247 2442/2754/2245
f 2443/2755/2246 2589/2907/2344 2587/2905/2342
f 2589/2907/2344 2443/2755/2246 2445/2757/2248
f 2446/2758/2249 2588/2906/2343 2590/2908/2345
f 2588/2906/2343 2446/2758/2249 2444/2756/2247
f 2445/2757/2248 2591/2909/2346 2589/2907/2344
f 2591/2909/2346 2445/2757/2248 2447/2759/2250
f 2448/2760/2251 2590/2908/2345 2592/2910/2347
f 2590/2908/2345 2448/2760/2251 2446/2758/2249
f 2447/2759/2250 2593/2911/2348 2591/2909/2346
f 2593/2911/2348 2447/2759/2250 2449/2761/2252
f 2450/2762/2253 2592/2910/2347 2594/2912/2349
f 2592/2910/2347 2450/2762/2253 2448/2760/2251
f 2449/2761/2252 2595/2913/2350 2593/2911/2348
f 2595/2913/2350 2449/2761/2252 2451/2763/2254
f 2452/2764/2255 2594/2912/2349 2596/2914/2351
f 2594/2912/2349 2452/2764/2255 2450/2762/2253
f 2451/2763/2254 2597/2915/2352 2595/2913/2350
f 2597/2915/2352 2451/2763/2254 2453/2765/2256
f 2454/2766/2257 2596/2914/2351 2598/2916/2353
f 2596/2914/2351 2454/2766/2257 2452/2764/2255
f 2453/2765/2256 2599/2917/2354 2597/2915/2352
f 2599/2917/2354 2453/2765/2256 2455/2767/2258
f 2456/2768/2259 2598/2916/2353 2600/2918/2355
f 2598/2916/2353 2456/2768/2259 2454/2766/2257
f 2455/2767/2258 2601/2919/2356 2599/2917/2354
f 2601/2919/2356 2455/2767/2258 2457/2769/2260
f 2458/2770/2261 2600/2918/2355 2602/2920/2357
f 2600/2918/2355 2458/2770/2261 2456/2768/2259
f 2457/2769/2260 2555/2921/2310 2601/2919/2356
f 2555/2921/2310 2457/2769/2260 2411/2771/2215
f 2414/2772/2214 2602/2920/2357 2558/2922/2313
f 2602/2920/2357 2414/2772/2214 2458/2770/2261
f 2459/2774/2263 2604/2923/2359 2603/2826/2358
f 2604/2923/2359 2459/2774/2263 2460/2775/2264
f 2461/2776/2265 2606/2873/2361 2605/2924/2360
f 2606/2873/2361 2461/2776/2265 2462/2773/2262
f 2460/2775/2264 2607/2925/2362 2604/2923/2359
f 2607/2925/2362 2460/2775/2264 2463/2777/2266
f 2464/2778/2267 2605/2924/2360 2608/2926/2363
f 2605/2924/2360 2464/2778/2267 2461/2776/2265
f 2463/2777/2266 2609/2927/2364 2607/2925/2362
f 2609/2927/2364 2463/2777/2266 2465/2779/2268
f 2466/2780/2269 2608/2926/2363 2610/2928/2365
f 2608/2926/2363 2466/2780/2269 2464/2778/2267
f 2465/2779/2268 2611/2929/2366 2609/2927/2364
f 2611/2929/2366 2465/2779/2268 2467/2781/2270
f 2468/2782/2271 2610/2928/2365 2612/2930/2367
f 2610/2928/2365 2468/2782/2271 2466/2780/2269
f 2467/2781/2270 2613/2931/2368 2611/2929/2366
f 2613/2931/2368 2467/2781/2270 2469/2783/2272
f 2470/2784/2273 2612/2930/2367 2614/2932/2369
f 2612/2930/2367 2470/2784/2273 2468/2782/2271
f 2469/2783/2272 2615/2933/2370 2613/2931/2368
f 2615/2933/2370 2469/2783/2272 2471/2785/2274
f 2472/2786/2275 2614/2932/2369 2616/2934/2371
f 2614/2932/2369 2472/2786/2275 2470/2784/2273
f 2471/2785/2274 2617/2935/2372 2615/2933/2370
f 2617/2935/2372 2471/2785/2274 2473/2787/2276
f 2474/2788/2277 2616/2934/2371 2618/2936/2373
f 2616/2934/2371 2474/2788/2277 2472/2786/2275
f 2473/2787/2276 2619/2937/2374 2617/2935/2372
f 2619/2937/2374 2473/2787/2276 2475/2789/2278
f 2476/2790/2279 2618/2936/2373 2620/2938/2375
f 2618/2936/2373 2476/2790/2279 2474/2788/2277
f 2475/2789/2278 2621/2939/2376 2619/2937/2374
f 2621/2939/2376 2475/2789/2278 2477/2791/2280
f 2478/2792/2281 2620/2938/2375 2622/2940/2377
f 2620/2938/2375 2478/2792/2281 2476/2790/2279
f 2477/2791/2280 2623/2941/2378 2621/2939/2376
f 2623/2941/2378 2477/2791/2280 2479/2793/2282
f 2480/2794/2283 2622/2940/2377 2624/2942/2379
f 2622/2940/2377 2480/2794/2283 2478/2792/2281
f 2479/2793/2282 2625/2943/2380 2623/2941/2378
f 2625/2943/2380 2479/2793/2282 2481/2795/2284
f 2482/2796/2285 2624/2942/2379 2626/2944/2381
f 2624/2942/2379 2482/2796/2285 2480/2794/2283
f 2481/2795/2284 2627/2945/2382 2625/2943/2380
f 2627/2945/2382 2481/2795/2284 2483/2797/2286
f 2484/2798/2287 2626/2944/2381 2628/2946/2383
f 2626/2944/2381 2484/2798/2287 2482/2796/2285
f 2483/2797/2286 2629/2947/2384 2627/2945/2382
f 2629/2947/2384 2483/2797/2286 2485/2799/2288
f 2486/2800/2289 2628/2946/2383 2630/2948/2385
f 2628/2946/2383 2486/2800/2289 2484/2798/2287
f 2485/2799/2288 2631/2949/2386 2629/2947/2384
f 2631/2949/2386 2485/2799/2288 2487/2801/2290
f 2488/2802/2291 2630/2948/2385 2632/2950/2387
f 2630/2948/2385 2488/2802/2291 2486/2800/2289
f 2487/2801/2290 2633/2951/2388 2631/2949/2386
f 2633/2951/2388 2487/2801/2290 2489/2803/2292
f 2490/2804/2293 2632/2950/2387 2634/2952/2389
f 2632/2950/2387 2490/2804/2293 2488/2802/2291
f 2489/2803/2292 2635/2953/2390 2633/2951/2388
f 2635/2953/2390 2489/2803/2292 2491/2805/2294
f 2492/2806/2295 2634/2952/2389 2636/2954/2391
f 2634/2952/2389 2492/2806/2295 2490/2804/2293
f 2491/2805/2294 2637/2955/2392 2635/2953/2390
f 2637/2955/2392 2491/2805/2294 2493/2807/2296
f 2494/2808/2297 2636/2954/2391 2638/2956/2393
f 2636/2954/2391 2494/2808/2297 2492/2806/2295
f 2493/2807/2296 2639/2957/2394 2637/2955/2392
f 2639/2957/2394 2493/2807/2296 2495/2809/2298
f 2496/2810/2299 2638/2956/2393 2640/2958/2395
f 2638/2956/2393 2496/2810/2299 2494/2808/2297
f 2495/2809/2298 2641/2959/2396 2639/2957/2394
f 2641/2959/2396 2495/2809/2298 2497/2811/2300
f 2498/2812/2301 2640/2958/2395 2642/2960/2397
f 2640/2958/2395 2498/2812/2301 2496/2810/2299
f 2497/2811/2300 2643/2961/2398 2641/2959/2396
f 2643/2961/2398 2497/2811/2300 2499/2813/2302
f 2500/2814/2303 2642/2960/2397 2644/2962/2399
f 2642/2960/2397 2500/2814/2303 2498/2812/2301
f 2499/2813/2302 2645/2963/2400 2643/2961/2398
f 2645/2963/2400 2499/2813/2302 2501/2815/2304
f 2502/2816/2305 2644/2962/2399 2646/2964/2401
f 2644/2962/2399 2502/2816/2305 2500/2814/2303
f 2501/2815/2304 2647/2965/2402 2645/2963/2400
f 2647/2965/2402 2501/2815/2304 2503/2817/2306
f 2504/2818/2307 2646/2964/2401 2648/2966/2403
f 2646/2964/2401 2504/2818/2307 2502/2816/2305
f 2503/2817/2306 2649/2967/2404 2647/2965/2402
f 2649/2967/2404 2503/2817/2306 2505/2819/2308
f 2506/2820/2309 2648/2966/2403 2650/2968/2405
f 2648/2966/2403 2506/2820/2309 2504/2818/2307
f 2505/2819/2308 2603/2969/2358 2649/2967/2404
f 2603/2969/2358 2505/2819/2308 2459/2821/2263
f 2462/2822/2262 2650/2968/2405 2606/2970/2361
f 2650/2968/2405 2462/2822/2262 2506/2820/2309
