#
#
#

mtllib simple_concert_stage.mtl


#
#  Mesh
#
g  Mesh


#
#  Mesh_mat0
#
usemtl  Mesh_mat0

v 727.883118 911.401184 12.637111
v 727.883118 926.056091 7.103508
v 716.806335 915.961975 2.542754
v 727.883118 932.480835 -7.116444
v 727.883118 926.947205 -21.771366
v 716.806335 922.386597 -11.677104
v 743.487122 911.401184 12.637111
v 754.563843 915.961975 2.542754
v 743.487122 926.056091 7.103508
v 743.487122 926.947205 -21.771366
v 743.487122 932.480835 -7.116444
v 754.563843 922.386597 -11.677104
v 432.241913 911.401184 12.637111
v 432.241913 926.056091 7.103508
v 421.165192 915.961975 2.542754
v 432.241913 932.480835 -7.116444
v 432.241913 926.947205 -21.771366
v 421.165192 922.386597 -11.677104
v 447.845947 911.401184 12.637111
v 458.922668 915.961975 2.542754
v 447.845947 926.056091 7.103508
v 447.845947 926.947205 -21.771366
v 447.845947 932.480835 -7.116444
v 458.922668 922.386597 -11.677104
v 136.600784 911.401184 12.637111
v 136.600784 926.056091 7.103508
v 125.524048 915.961975 2.542754
v 136.600784 932.480835 -7.116444
v 136.600784 926.947205 -21.771366
v 125.524048 922.386597 -11.677104
v 152.204803 911.401184 12.637111
v 163.281540 915.961975 2.542754
v 152.204803 926.056091 7.103508
v 152.204803 926.947205 -21.771366
v 152.204803 932.480835 -7.116444
v 163.281540 922.386597 -11.677104
v -159.040405 911.401184 12.637111
v -159.040405 926.056091 7.103508
v -170.117142 915.961975 2.542754
v -159.040405 932.480835 -7.116444
v -159.040405 926.947205 -21.771366
v -170.117142 922.386597 -11.677104
v -143.436386 911.401184 12.637111
v -132.359650 915.961975 2.542754
v -143.436386 926.056091 7.103508
v -143.436386 926.947205 -21.771366
v -143.436386 932.480835 -7.116444
v -132.359650 922.386597 -11.677104
v -454.681549 911.401184 12.637111
v -454.681549 926.056091 7.103508
v -465.758270 915.961975 2.542754
v -454.681549 932.480835 -7.116444
v -454.681549 926.947205 -21.771366
v -465.758270 922.386597 -11.677104
v -439.077515 911.401184 12.637111
v -428.000793 915.961975 2.542754
v -439.077515 926.056091 7.103508
v -439.077515 926.947205 -21.771366
v -439.077515 932.480835 -7.116444
v -428.000793 922.386597 -11.677104
v -750.322632 911.401184 12.637111
v -750.322632 926.056091 7.103508
v -761.399353 915.961975 2.542754
v -750.322632 932.480835 -7.116444
v -750.322632 926.947205 -21.771366
v -761.399353 922.386597 -11.677104
v -734.718628 911.401184 12.637111
v -723.641846 915.961975 2.542754
v -734.718628 926.056091 7.103508
v -734.718628 926.947205 -21.771366
v -734.718628 932.480835 -7.116444
v -723.641846 922.386597 -11.677104
v 933.074402 -50.501068 35.737644
v 933.074402 1183.152344 35.737442
v 933.074402 1183.152344 26.741909
v 933.074402 -50.501072 26.742111
v 933.074402 -50.501072 26.742111
v 933.074402 1183.152344 26.741909
v 942.070007 1183.152344 26.741909
v 942.070007 -50.501072 26.742111
v 942.070007 1183.152344 35.737442
v 942.070007 -50.501068 35.737644
v 942.070007 1183.152344 26.741909
v 933.074402 1183.152344 26.741909
v 933.074402 1183.152344 35.737442
v 942.070007 1183.152344 35.737442
v 870.873291 -49.983738 -35.606731
v 870.873291 1183.669556 -35.606934
v 879.868896 1183.669556 -35.606934
v 879.868896 -49.983738 -35.606731
v 870.873291 -49.983727 35.738121
v 870.873291 1183.669556 35.737919
v 870.873291 1183.669556 26.742386
v 870.873291 -49.983727 26.742588
v 879.868896 1183.669556 26.742386
v 879.868896 -49.983727 26.742588
v 879.868896 -49.983727 26.742588
v 879.868896 1183.669556 26.742386
v 879.868896 1183.669556 35.737919
v 879.868896 -49.983727 35.738121
v 879.868896 1183.669556 26.742386
v 870.873291 1183.669556 26.742386
v 870.873291 1183.669556 35.737919
v 879.868896 1183.669556 35.737919
v 942.070007 -50.501080 -35.606159
v 933.074402 -50.501080 -35.606159
v 933.074402 1183.152344 -35.606361
v 942.070007 1183.152344 -35.606361
v 933.074402 -50.501080 -26.610626
v 933.074402 1183.152344 -26.610828
v 933.074402 -50.501080 -26.610626
v 942.070007 -50.501080 -26.610626
v 942.070007 1183.152344 -26.610828
v 933.074402 1183.152344 -26.610828
v 942.070007 1183.152344 -26.610828
v 942.070007 1183.152344 -35.606361
v 933.074402 1183.152344 -35.606361
v 933.074402 1183.152344 -26.610828
v 870.873291 -49.983734 -26.611198
v 870.873291 1183.669556 -26.611401
v 879.868896 -49.983734 -26.611198
v 879.868896 1183.669556 -26.611401
v 879.868896 1183.669556 -26.611401
v 879.868896 -49.983734 -26.611198
v 879.868896 1183.669556 -26.611401
v 879.868896 1183.669556 -35.606934
v 870.873291 1183.669556 -35.606934
v 870.873291 1183.669556 -26.611401
v 940.999390 -12.714265 31.800680
v 940.999390 56.888214 -26.602728
v 934.214050 56.888214 -26.602728
v 934.214050 -12.714265 31.800680
v 934.214050 -12.714265 31.800680
v 934.214050 56.888214 -26.602728
v 934.214050 52.526680 -31.800634
v 934.214050 -17.075788 26.602774
v 940.999390 52.526680 -31.800634
v 940.999390 -17.075788 26.602774
v 940.999390 126.490692 31.800657
v 934.214050 126.490692 31.800657
v 934.214050 130.852203 26.602749
v 934.214050 61.249725 -31.800636
v 934.214050 61.249725 -31.800636
v 934.214050 130.852203 26.602749
v 940.999390 130.852203 26.602749
v 940.999390 61.249725 -31.800636
v 940.999390 135.213730 31.800655
v 940.999390 204.816193 -26.602753
v 934.214050 204.816193 -26.602753
v 934.214050 135.213730 31.800655
v 934.214050 135.213730 31.800655
v 934.214050 204.816193 -26.602753
v 934.214050 200.454681 -31.800659
v 940.999390 200.454681 -31.800659
v 940.999390 274.418671 31.800632
v 934.214050 274.418671 31.800632
v 934.214050 204.816193 -26.602753
v 934.214050 274.418671 31.800632
v 934.214050 278.780151 26.602726
v 934.214050 209.177704 -31.800659
v 940.999390 278.780151 26.602726
v 940.999390 209.177704 -31.800659
v -976.891052 -163.915070 100.000053
v -976.891052 -34.047447 100.000031
v -976.891052 -34.047634 -1042.975952
v -976.891052 -163.915253 -1042.975952
v -976.891052 -163.915253 -1042.975952
v -976.891052 -34.047634 -1042.975952
v 976.891052 -34.047634 -1042.975952
v 976.891052 -163.915253 -1042.975952
v 976.891052 -163.915253 -1042.975952
v 976.891052 -34.047634 -1042.975952
v 976.891052 -34.047447 100.000031
v 976.891052 -163.915070 100.000053
v 968.768860 -34.047634 -1035.574707
v 968.768860 -34.047447 92.598755
v -1075.199463 -61.915131 -321.487976
v -1075.199463 -44.915131 -321.487976
v -1075.199463 -44.915180 -621.487976
v -1075.199463 -61.915180 -621.487976
v -975.199524 -44.915131 -321.487976
v -1075.199463 -44.915131 -321.487976
v -1075.199463 -61.915131 -321.487976
v -975.199524 -61.915131 -321.487976
v -975.199524 -44.915180 -621.488037
v -975.199524 -44.915131 -321.487976
v -1100.199463 -61.915180 -621.487976
v -1100.199463 -78.915184 -621.487976
v -1100.199463 -78.915131 -321.487946
v -1100.199463 -61.915131 -321.487976
v -1125.199463 -78.915184 -621.487976
v -1125.199463 -95.915184 -621.487976
v -1125.199463 -95.915138 -321.487946
v -1125.199463 -78.915131 -321.487946
v -1150.199463 -95.915184 -621.487976
v -1150.199463 -112.915192 -621.487976
v -1150.199463 -112.915146 -321.487946
v -1150.199463 -95.915138 -321.487946
v -1175.199463 -112.915192 -621.487976
v -1175.199463 -129.915192 -621.487976
v -1175.199463 -129.915146 -321.487946
v -1175.199463 -112.915146 -321.487946
v -1200.199463 -129.915192 -621.487976
v -1200.199463 -146.915207 -621.487976
v -1200.199463 -146.915161 -321.487946
v -1200.199463 -129.915146 -321.487946
v -1225.199463 -146.915207 -621.487976
v -1225.199463 -163.915207 -621.487976
v -1225.199463 -163.915161 -321.487946
v -1225.199463 -146.915161 -321.487946
v 968.768860 -40.058361 -1035.574707
v 968.768860 -40.058178 92.598755
v -968.768860 -34.047447 92.598755
v -968.768860 -34.047634 -1035.574707
v 968.768860 -34.047447 92.598755
v -968.768860 -34.047447 92.598755
v -968.768860 -34.047634 -1035.574707
v 968.768860 -34.047634 -1035.574707
v 968.768860 -40.058361 -1035.574707
v -968.768860 -40.058361 -1035.574707
v -968.768860 -40.058178 92.598755
v 968.768860 -40.058178 92.598755
v -968.768860 -40.058178 92.598755
v -968.768860 -40.058361 -1035.574707
v 968.768860 -40.058178 92.598755
v -968.768860 -40.058178 92.598755
v -968.768860 -40.058361 -1035.574707
v 968.768860 -40.058361 -1035.574707
v 709.398438 -40.883385 -933.852966
v 777.075806 -42.348518 -937.278687
v 777.693970 90.458359 -946.042175
v 710.427124 92.793671 -933.370544
v 778.916870 224.832214 -952.165100
v 712.140442 226.771133 -936.404175
v 780.675232 359.293274 -952.249023
v 713.177307 356.903412 -959.212524
v 779.129822 491.628143 -936.063110
v 713.688965 491.465240 -957.456299
v 779.128296 626.251648 -937.462524
v 713.828735 625.354797 -958.789917
v 782.335571 758.120605 -954.088928
v 713.632263 755.328979 -942.561829
v 780.142395 890.303467 -933.619934
v 713.355896 888.609436 -954.980286
v 781.476440 1021.046570 -957.578430
v 713.507202 1021.321045 -941.536865
v 641.994995 -40.559807 -942.858032
v 643.495728 93.139275 -949.107483
v 644.233154 226.882904 -938.100891
v 644.898926 357.920990 -961.271362
v 645.448059 492.582184 -949.257263
v 645.242737 624.705933 -961.590088
v 645.500061 755.833679 -943.492981
v 645.506714 888.614319 -958.683716
v 645.322998 1019.364197 -937.574890
v 574.214294 -39.020863 -941.897888
v 575.187134 94.216591 -948.084778
v 576.016418 228.411163 -937.633911
v 576.720398 358.880524 -961.883301
v 576.902405 492.462799 -949.893250
v 577.045898 625.847412 -958.408142
v 577.408142 756.211548 -940.939636
v 577.513428 888.742126 -959.341248
v 577.393494 1018.241638 -933.736938
v 506.573212 -38.244858 -945.667175
v 506.732086 95.707756 -950.304443
v 507.911682 229.576462 -937.486511
v 508.679443 359.968994 -962.366821
v 508.649506 493.682434 -949.068787
v 509.086548 626.062805 -960.216980
v 509.311096 757.009399 -941.838928
v 509.509369 889.293457 -959.338135
v 509.594238 1016.193909 -928.599243
v 438.875641 -38.002434 -941.863342
v 439.236603 95.440544 -935.045715
v 439.858948 231.389679 -937.152039
v 440.632904 360.707428 -963.813171
v 440.551422 493.650116 -949.906311
v 441.045197 626.757874 -958.065735
v 441.278595 757.384155 -940.712585
v 441.560638 889.730957 -959.381897
v 441.313354 1014.607117 -925.137756
v 371.645721 -36.489811 -951.709351
v 373.039368 97.322136 -955.671021
v 371.912231 230.803452 -941.573303
v 372.720886 361.394745 -965.848572
v 372.644135 494.659088 -952.361572
v 373.243439 627.250549 -960.493958
v 373.270752 758.200806 -941.766541
v 373.606720 890.327148 -960.455627
v 373.020538 1014.897888 -925.429199
v 303.888458 -35.298958 -954.522827
v 304.923981 97.698647 -961.866516
v 304.103027 230.574905 -945.503174
v 304.770508 361.955994 -967.996460
v 304.718842 495.070892 -954.387573
v 305.269409 628.152344 -960.753235
v 305.306976 758.605164 -942.099426
v 305.671753 890.661987 -962.140137
v 304.867981 1015.938721 -927.930786
v 236.157089 -34.876865 -959.829163
v 236.995193 98.295174 -967.591492
v 236.196213 230.416824 -948.861145
v 236.904282 362.381317 -969.936340
v 236.891693 495.725128 -957.813171
v 237.370804 628.522461 -964.159668
v 237.299271 759.167175 -943.127563
v 237.738159 890.772583 -964.498474
v 236.927765 1018.265869 -934.447510
v 168.351166 -34.520668 -963.074219
v 168.999756 98.422340 -971.444824
v 168.356125 230.415405 -951.842285
v 169.020798 362.847473 -971.974365
v 169.042831 496.275208 -959.719055
v 169.398636 629.335144 -964.327454
v 169.292953 759.510681 -943.936768
v 169.672531 890.631226 -966.935669
v 169.332047 1019.914185 -940.962646
v 100.530853 -34.357780 -966.767212
v 100.995377 98.702194 -974.904358
v 100.501633 230.405579 -954.429749
v 101.112274 363.174500 -973.916504
v 101.197495 496.601074 -962.321472
v 101.431831 629.565491 -968.032349
v 101.282898 759.692749 -945.072754
v 101.547829 890.814819 -968.626221
v 101.522102 1021.086060 -944.788879
v 32.649216 -34.175724 -968.617249
v 32.922207 98.806526 -977.052063
v 32.670864 230.518021 -956.464844
v 33.253979 363.416138 -975.740967
v 33.371067 496.649139 -963.347107
v 33.445095 629.908020 -967.711365
v 33.280529 759.847900 -945.569519
v 33.383602 891.242249 -968.970337
v 33.492546 1021.493713 -944.043518
v -35.243149 -33.938164 -969.401062
v -35.186195 98.998024 -978.108154
v -35.169453 230.724670 -957.586548
v -34.793491 363.718262 -976.604797
v -34.445332 497.213715 -963.878540
v -34.674614 629.919861 -969.628052
v -34.679432 759.770996 -946.127136
v -34.793102 891.350220 -968.806702
v -34.596569 1021.591919 -945.727722
v -103.106544 -33.766979 -968.402649
v -103.311417 99.106934 -977.575623
v -103.073334 230.990372 -957.644775
v -102.803909 363.796906 -976.944763
v -102.440834 496.111725 -962.161987
v -102.699875 629.620239 -966.922485
v -102.642273 759.732483 -945.355408
v -102.937828 891.622681 -967.502563
v -102.643051 1021.384216 -941.829468
v -170.908463 -33.591503 -966.266907
v -171.447418 99.152382 -975.954834
v -171.011780 231.224503 -956.762085
v -170.908737 363.987274 -975.832825
v -170.449310 496.706543 -958.990295
v -170.748489 629.296265 -967.536560
v -170.600815 759.621765 -944.921448
v -171.082672 891.450195 -966.103699
v -170.701813 1021.582092 -942.136169
v -238.670227 -33.903545 -963.115723
v -239.552521 98.843391 -972.561279
v -239.014694 231.392395 -955.243896
v -239.044281 363.724854 -974.937988
v -238.570282 495.504333 -958.553589
v -238.685440 629.394592 -961.152283
v -238.584427 759.576172 -942.836670
v -239.168289 891.418518 -963.637085
v -238.488434 1021.082153 -937.530212
v -306.353058 -34.432358 -959.069763
v -307.630859 98.400360 -968.226379
v -307.046143 231.590897 -953.379028
v -307.096344 363.785187 -973.296326
v -306.700287 496.005768 -954.953857
v -306.753601 628.863037 -965.701294
v -306.607117 759.153442 -942.525818
v -307.281769 891.202881 -961.259033
v -306.356964 1020.656006 -935.273682
v -374.112549 -36.075630 -955.531250
v -375.379028 97.381363 -959.292603
v -375.110748 231.875000 -951.035156
v -375.265747 363.599243 -971.872314
v -374.668732 495.788818 -953.468872
v -375.121368 629.547729 -961.246094
v -374.797913 758.635986 -940.740784
v -375.353149 891.161316 -957.617004
v -374.015137 1018.818604 -928.267700
v -441.357941 -37.109509 -945.731262
v -442.064941 96.524681 -942.691040
v -443.404022 231.394684 -950.026733
v -443.337402 363.638275 -969.928345
v -442.567688 495.166260 -949.135071
v -443.440247 627.857483 -960.642822
v -443.014038 758.396606 -938.872742
v -443.369110 891.091797 -954.189148
v -442.257446 1017.608337 -923.656982
v -509.107483 -38.262215 -948.722961
v -509.730865 94.858276 -952.237549
v -510.706818 227.853729 -963.359802
v -511.303345 363.533661 -968.579346
v -510.395996 494.652985 -945.966064
v -511.364166 628.347717 -954.292480
v -510.826538 757.976685 -935.235779
v -511.416779 890.784790 -951.827820
v -510.845856 1018.799561 -923.374695
v -575.931641 -38.159409 -936.034973
v -575.798218 95.562279 -932.648132
v -576.904724 229.556625 -944.260254
v -578.961243 362.562103 -961.318726
v -577.987610 493.559509 -939.270203
v -579.462585 625.938477 -951.060120
v -578.729553 757.214600 -932.180786
v -579.446045 890.083252 -949.819519
v -579.017761 1020.244019 -925.478882
v -643.568970 -38.681259 -941.341003
v -643.795715 94.594727 -942.383240
v -645.258240 228.950089 -940.300964
v -646.749207 361.932434 -955.507324
v -645.711548 492.694519 -933.266541
v -647.060669 625.941711 -942.255310
v -646.524719 757.049316 -927.530579
v -647.362488 889.210449 -946.774231
v -647.265442 1020.866638 -926.130066
v -710.689453 -40.564381 -929.170166
v -711.016968 93.723785 -925.185242
v -713.479736 224.217178 -953.826599
v -714.685242 361.084045 -950.475586
v -713.445862 491.317810 -926.324646
v -714.664429 623.979065 -934.412781
v -714.625671 756.602661 -925.085205
v -715.105042 887.976807 -942.659302
v -715.477295 1021.431152 -930.697571
v -778.108704 -40.761314 -919.049744
v -779.696106 92.073120 -927.786682
v -780.991089 225.370422 -936.187805
v -781.938232 359.404633 -939.580872
v -781.150269 491.140533 -919.501587
v -780.913818 626.837219 -913.623413
v -782.345459 757.755554 -938.164429
v -781.899902 890.872437 -922.589722
v -782.840881 1020.832031 -947.315369
v -841.647644 -38.514931 -892.750549
v -843.128967 93.898170 -901.037231
v -843.675354 226.669662 -906.387878
v -846.396423 359.094910 -915.532288
v -848.876587 492.092194 -922.311096
v -849.028198 625.177185 -919.698547
v -849.920776 757.317017 -931.077881
v -849.925232 890.369690 -925.234070
v -850.269714 1022.029053 -939.293152
v 844.021973 -41.407047 -925.245483
v 844.643677 90.994133 -933.288391
v 845.302490 223.731857 -935.483521
v 846.595642 356.783264 -934.458252
v 847.327881 490.407135 -937.072632
v 847.368042 624.585327 -936.029419
v 849.153809 757.907043 -940.937744
v 848.249634 890.829163 -932.651489
v 848.340393 1023.295959 -943.846008
v -865.812805 995.753418 99.999863
v -865.812805 1030.228394 99.999855
v -865.812805 1030.228149 -986.823120
v -865.812805 995.753235 -986.823120
v -865.812805 995.753235 -986.823120
v 865.812805 1030.228149 -986.823120
v 865.812805 995.753235 -986.823120
v 865.812805 995.753235 -986.823120
v 865.812805 1030.228394 99.999855
v 865.812805 995.753418 99.999863
v 865.812805 995.753418 99.999863
v -865.812805 995.753418 99.999863
v 848.546509 995.753235 -975.986328
v -848.546509 995.753235 -975.986328
v 848.546509 995.753418 83.706436
v -848.546509 995.753418 83.706436
v -848.546509 1017.256897 83.706429
v 848.546509 1017.256897 83.706429
v -848.546509 995.753235 -975.986328
v -848.546509 995.753418 83.706436
v 848.546509 995.753418 83.706436
v 848.546509 995.753235 -975.986328
v -848.546509 1017.256714 -975.986328
v 848.546509 1017.256714 -975.986328
v 848.546509 1017.256897 83.706429
v -848.546509 1017.256897 83.706429
v 848.546509 1017.256714 -975.986328
v -848.546509 1017.256714 -975.986328
v 848.546509 1017.256897 83.706429
v 848.546509 1017.256714 -975.986328
v -848.546509 1017.256714 -975.986328
v -848.546509 1017.256897 83.706429
v 170.936996 -41.038857 -323.505646
v 170.936996 -16.029366 -323.505646
v -170.936996 -16.029366 -323.505646
v -170.936996 -41.038857 -323.505646
v -224.581497 -41.038921 -722.924316
v -224.581497 -16.029430 -722.924316
v 224.581497 -16.029430 -722.924316
v 224.581497 -41.038921 -722.924316
v 224.581497 -16.029430 -722.924316
v 195.919968 -16.029427 -695.570557
v 195.919968 -16.029377 -393.924774
v 224.581497 -16.029375 -377.150177
v -224.581497 -41.038864 -377.150177
v -224.581497 -16.029375 -377.150177
v -224.581497 -16.029430 -722.924316
v -224.581497 -41.038921 -722.924316
v 224.581497 -41.038921 -722.924316
v 224.581497 -41.038864 -377.150177
v -197.759247 -16.029367 -330.692688
v -197.759247 -41.038857 -330.692688
v -217.394501 -16.029371 -350.327942
v -217.394501 -41.038860 -350.327942
v 197.759247 -41.038857 -330.692688
v 197.759247 -16.029367 -330.692688
v 217.394501 -41.038860 -350.327942
v 217.394501 -16.029371 -350.327942
v -195.919968 -16.029377 -393.924774
v -189.650177 -16.029373 -370.525665
v -189.650177 9.010656 -370.525665
v -195.919968 9.010653 -393.924774
v 189.650177 -16.029373 -370.525665
v 172.520813 -16.029371 -353.396301
v 149.121658 -16.029369 -347.126495
v -149.121658 -16.029369 -347.126495
v -172.520813 -16.029371 -353.396301
v -195.919968 -16.029427 -695.570557
v -195.919968 -16.029427 -695.570557
v 195.919968 -16.029427 -695.570557
v 195.919968 9.010604 -695.570557
v -195.919968 9.010604 -695.570557
v -174.407928 9.010609 -668.042725
v 174.407928 9.010609 -668.042725
v -195.919968 9.010604 -695.570557
v 172.520813 9.010659 -353.396301
v 149.121658 9.010660 -347.126495
v -149.121658 9.010660 -347.126495
v -172.520813 9.010659 -353.396301
v 189.650177 9.010656 -370.525665
v 195.919968 9.010604 -695.570557
v 195.919968 9.010653 -393.924774
v 132.748108 9.010655 -378.486938
v 153.578018 9.010654 -383.697113
v 153.578018 34.006149 -383.697113
v 132.748108 34.006149 -378.486938
v -174.407928 9.010649 -417.376160
v -174.407928 9.010609 -668.042725
v -132.748077 9.010655 -378.486938
v -153.577988 9.010654 -383.697113
v 168.826584 9.010653 -397.931549
v -168.826553 9.010653 -397.931549
v 174.407928 9.010609 -668.042725
v 174.407928 9.010649 -417.376160
v -132.748077 34.006149 -378.486938
v -153.577988 34.006149 -383.697113
v 168.826584 34.006145 -397.931549
v -168.826553 34.006145 -397.931549
v 174.407928 34.006104 -668.042725
v 174.407928 34.006142 -417.376160
v -174.407928 34.006142 -417.376160
v -174.407928 34.006104 -668.042725
v 508.658173 -40.625706 -801.053711
v 508.658173 146.173843 -801.053772
v 612.507874 146.173843 -796.460876
v 612.507874 -40.625706 -796.460876
v 505.182281 172.898056 -722.459595
v 505.182281 -40.625694 -722.459595
v 509.025665 -36.778500 -722.289612
v 509.025665 169.050842 -722.289612
v 509.025665 -36.778500 -722.289612
v 605.188538 -36.778500 -718.036682
v 605.367493 -36.778500 -722.083069
v 509.204620 -36.778500 -726.335938
v 505.182281 -40.625694 -722.459595
v 609.031982 -40.625690 -717.866699
v 609.031982 172.898056 -717.866760
v 505.182281 172.898056 -722.459595
v 509.025665 169.050842 -722.289612
v 605.188538 169.050842 -718.036743
v 609.031982 -40.625690 -717.866699
v 609.031982 172.898056 -717.866760
v 605.188538 169.050842 -718.036743
v 605.188538 -36.778500 -718.036682
v 605.367493 -36.778500 -722.083069
v 605.367493 169.050842 -722.083069
v 509.204620 169.050827 -726.335999
v 509.204620 -36.778500 -726.335938
v 509.204620 -36.778500 -726.335938
v 509.204620 169.050827 -726.335999
v 509.204620 169.050827 -726.335999
v 605.367493 169.050842 -722.083069
v 605.367493 169.050842 -722.083069
v 605.367493 -36.778500 -722.083069
v 507.477417 172.898041 -774.355713
v 611.327087 172.898041 -769.762817
v -545.279236 63.510658 -659.338135
v -538.679077 63.510647 -737.731812
v -435.094299 63.510647 -729.010437
v -441.694885 63.510662 -650.616821
v 940.999390 352.744171 -26.602777
v 940.999390 422.346680 31.800608
v 934.214050 422.346680 31.800608
v 934.214050 352.744171 -26.602777
v 934.214050 426.708160 26.602701
v 934.214050 357.105713 -31.800684
v 934.214050 357.105713 -31.800684
v 934.214050 426.708160 26.602701
v 940.999390 426.708160 26.602701
v 940.999390 357.105713 -31.800684
v 940.999390 431.069672 31.800608
v 940.999390 500.672180 -26.602800
v 934.214050 500.672180 -26.602800
v 934.214050 431.069672 31.800608
v 934.214050 431.069672 31.800608
v 934.214050 500.672180 -26.602800
v 934.214050 496.310638 -31.800707
v 940.999390 496.310638 -31.800707
v 940.999390 570.274658 31.800585
v 934.214050 570.274658 31.800585
v 934.214050 500.672180 -26.602800
v 934.214050 570.274658 31.800585
v 934.214050 574.636169 26.602676
v 934.214050 505.033691 -31.800709
v 940.999390 574.636169 26.602676
v 940.999390 505.033691 -31.800709
v 940.999390 348.382629 -31.800682
v 940.999390 283.141693 31.800631
v 934.214050 348.382629 -31.800682
v 934.214050 283.141693 31.800631
v 934.214050 352.744171 -26.602777
v 934.214050 283.141693 31.800631
v 940.999390 578.997742 31.800583
v 940.999390 648.600159 -26.602825
v 934.214050 648.600159 -26.602825
v 934.214050 578.997742 31.800583
v 934.214050 578.997742 31.800583
v 934.214050 648.600159 -26.602825
v 934.214050 644.238647 -31.800732
v 940.999390 644.238647 -31.800732
v 940.999390 718.202637 31.800560
v 934.214050 718.202637 31.800560
v 934.214050 722.564209 26.602654
v 934.214050 652.961670 -31.800732
v 934.214050 652.961670 -31.800732
v 934.214050 722.564209 26.602654
v 940.999390 722.564209 26.602654
v 940.999390 652.961670 -31.800732
v 940.999390 726.925720 31.800558
v 940.999390 796.528137 -26.602850
v 934.214050 796.528137 -26.602850
v 934.214050 726.925720 31.800558
v 934.214050 726.925720 31.800558
v 934.214050 796.528137 -26.602850
v 934.214050 792.166687 -31.800755
v 940.999390 792.166687 -31.800755
v 940.999390 866.130737 31.800535
v 934.214050 866.130737 31.800535
v 934.214050 796.528137 -26.602850
v 934.214050 866.130737 31.800535
v 934.214050 870.492126 26.602629
v 934.214050 800.889709 -31.800756
v 940.999390 870.492126 26.602629
v 940.999390 800.889709 -31.800756
v 940.999390 944.456238 -26.602873
v 940.999390 1014.058594 31.800512
v 934.214050 1014.058594 31.800512
v 934.214050 944.456238 -26.602873
v 934.214050 1018.420166 26.602604
v 934.214050 948.817749 -31.800781
v 934.214050 948.817749 -31.800781
v 934.214050 1018.420166 26.602604
v 940.999390 1018.420166 26.602604
v 940.999390 948.817749 -31.800781
v 940.999390 1022.781677 31.800510
v 940.999390 1092.384277 -26.602898
v 934.214050 1092.384277 -26.602898
v 934.214050 1022.781677 31.800510
v 934.214050 1022.781677 31.800510
v 934.214050 1092.384277 -26.602898
v 934.214050 1088.022705 -31.800802
v 940.999390 1088.022705 -31.800802
v 940.999390 1161.986694 31.800488
v 934.214050 1161.986694 31.800488
v 934.214050 1092.384277 -26.602898
v 934.214050 1161.986694 31.800488
v 934.214050 1166.348145 26.602581
v 934.214050 1096.745850 -31.800804
v 940.999390 1166.348145 26.602581
v 940.999390 1096.745850 -31.800804
v 940.999390 940.094666 -31.800779
v 940.999390 874.853638 31.800535
v 934.214050 940.094666 -31.800779
v 934.214050 874.853638 31.800535
v 934.214050 944.456238 -26.602873
v 934.214050 874.853638 31.800535
v 871.925903 -12.714275 -31.766291
v 871.925903 56.888226 26.637094
v 878.711304 56.888226 26.637094
v 878.711304 -12.714275 -31.766291
v 878.711304 -12.714275 -31.766291
v 878.711304 56.888226 26.637094
v 878.711304 52.526691 31.835001
v 878.711304 -17.075808 -26.568384
v 871.925903 52.526691 31.835001
v 871.925903 -17.075808 -26.568384
v 871.925903 126.490654 -31.766314
v 878.711304 126.490654 -31.766314
v 878.711304 130.852188 -26.568409
v 878.711304 61.249760 31.834999
v 878.711304 61.249760 31.834999
v 878.711304 130.852188 -26.568409
v 871.925903 130.852188 -26.568409
v 871.925903 61.249760 31.834999
v 871.925903 135.213730 -31.766315
v 871.925903 204.816193 26.637070
v 878.711304 204.816193 26.637070
v 878.711304 135.213730 -31.766315
v 878.711304 135.213730 -31.766315
v 878.711304 204.816193 26.637070
v 878.711304 200.454697 31.834976
v 871.925903 200.454697 31.834976
v 871.925903 274.418671 -31.766338
v 878.711304 274.418671 -31.766338
v 878.711304 204.816193 26.637070
v 878.711304 274.418671 -31.766338
v 878.711304 278.780151 -26.568432
v 878.711304 209.177704 31.834976
v 871.925903 278.780151 -26.568432
v 871.925903 209.177704 31.834976
v 871.925903 352.744171 26.637045
v 871.925903 422.346649 -31.766363
v 878.711304 422.346649 -31.766363
v 878.711304 352.744171 26.637045
v 878.711304 426.708130 -26.568457
v 878.711304 357.105713 31.834951
v 878.711304 357.105713 31.834951
v 878.711304 426.708130 -26.568457
v 871.925903 426.708130 -26.568457
v 871.925903 357.105713 31.834951
v 871.925903 431.069672 -31.766363
v 871.925903 500.672180 26.637022
v 878.711304 500.672180 26.637022
v 878.711304 431.069672 -31.766363
v 878.711304 431.069672 -31.766363
v 878.711304 500.672180 26.637022
v 878.711304 496.310638 31.834929
v 871.925903 496.310638 31.834929
v 871.925903 570.274658 -31.766386
v 878.711304 570.274658 -31.766386
v 878.711304 570.274658 -31.766386
v 878.711304 574.636169 -26.568481
v 878.711304 505.033722 31.834927
v 871.925903 574.636169 -26.568481
v 871.925903 505.033722 31.834927
v 871.925903 348.382629 31.834953
v 871.925903 283.141663 -31.766340
v 878.711304 348.382629 31.834953
v 878.711304 283.141663 -31.766340
v 878.711304 352.744171 26.637045
v 878.711304 283.141663 -31.766340
v 871.925903 578.997742 -31.766388
v 871.925903 648.600159 26.636997
v 878.711304 648.600159 26.636997
v 878.711304 578.997742 -31.766388
v 878.711304 578.997742 -31.766388
v 878.711304 648.600159 26.636997
v 878.711304 644.238647 31.834904
v 871.925903 644.238647 31.834904
v 871.925903 718.202637 -31.766411
v 878.711304 718.202637 -31.766411
v 878.711304 722.564209 -26.568504
v 878.711304 652.961731 31.834904
v 878.711304 652.961731 31.834904
v 878.711304 722.564209 -26.568504
v 871.925903 722.564209 -26.568504
v 871.925903 652.961731 31.834904
v 871.925903 726.925720 -31.766413
v 871.925903 796.528198 26.636972
v 878.711304 796.528198 26.636972
v 878.711304 726.925720 -31.766413
v 878.711304 726.925720 -31.766413
v 878.711304 796.528198 26.636972
v 878.711304 792.166687 31.834881
v 871.925903 792.166687 31.834881
v 871.925903 866.130737 -31.766436
v 878.711304 866.130737 -31.766436
v 878.711304 796.528198 26.636972
v 878.711304 866.130737 -31.766436
v 878.711304 870.492065 -26.568529
v 878.711304 800.889709 31.834879
v 871.925903 870.492065 -26.568529
v 871.925903 800.889709 31.834879
v 871.925903 944.456238 26.636950
v 871.925903 1014.058594 -31.766459
v 878.711304 1014.058594 -31.766459
v 878.711304 944.456238 26.636950
v 878.711304 1018.420166 -26.568554
v 878.711304 948.817749 31.834854
v 878.711304 948.817749 31.834854
v 878.711304 1018.420166 -26.568554
v 871.925903 1018.420166 -26.568554
v 871.925903 948.817749 31.834854
v 871.925903 1022.781677 -31.766460
v 871.925903 1092.384277 26.636925
v 878.711304 1092.384277 26.636925
v 878.711304 1022.781677 -31.766460
v 878.711304 1022.781677 -31.766460
v 878.711304 1092.384277 26.636925
v 878.711304 1088.022705 31.834833
v 871.925903 1088.022705 31.834833
v 871.925903 1161.986694 -31.766483
v 878.711304 1161.986694 -31.766483
v 878.711304 1092.384277 26.636925
v 878.711304 1161.986694 -31.766483
v 878.711304 1166.348145 -26.568577
v 878.711304 1096.745850 31.834831
v 871.925903 1166.348145 -26.568577
v 871.925903 1096.745850 31.834831
v 871.925903 940.094666 31.834856
v 871.925903 874.853638 -31.766436
v 878.711304 940.094666 31.834856
v 878.711304 874.853638 -31.766436
v 878.711304 944.456238 26.636950
v 878.711304 874.853638 -31.766436
v 938.245605 -12.714228 -34.520123
v 879.842163 56.888260 -34.520134
v 879.842163 56.888264 -27.734739
v 938.245605 -12.714227 -27.734728
v 938.245605 -12.714227 -27.734728
v 879.842163 56.888264 -27.734739
v 874.644287 52.526730 -27.734739
v 933.047668 -17.075760 -27.734728
v 874.644287 52.526726 -34.520134
v 933.047668 -17.075762 -34.520123
v 938.245605 126.490700 -34.520145
v 938.245605 126.490707 -27.734751
v 933.047668 130.852234 -27.734753
v 874.644287 61.249798 -27.734741
v 874.644287 61.249798 -27.734741
v 933.047668 130.852234 -27.734753
v 933.047668 130.852234 -34.520145
v 874.644287 61.249794 -34.520134
v 938.245605 135.213776 -34.520145
v 879.842163 204.816208 -34.520157
v 879.842163 204.816208 -27.734764
v 938.245605 135.213776 -27.734753
v 938.245605 135.213776 -27.734753
v 879.842163 204.816208 -27.734764
v 874.644287 200.454712 -27.734764
v 874.644287 200.454697 -34.520157
v 938.245605 274.418701 -34.520168
v 938.245605 274.418701 -27.734776
v 879.842163 204.816208 -27.734764
v 938.245605 274.418701 -27.734776
v 933.047668 278.780182 -27.734776
v 874.644287 209.177719 -27.734764
v 933.047668 278.780182 -34.520168
v 874.644287 209.177719 -34.520157
v 879.842163 352.744202 -34.520180
v 938.245605 422.346649 -34.520191
v 938.245605 422.346649 -27.734800
v 879.842163 352.744202 -27.734789
v 933.047668 426.708130 -27.734800
v 874.644287 357.105713 -27.734789
v 874.644287 357.105713 -27.734789
v 933.047668 426.708130 -27.734800
v 933.047668 426.708130 -34.520191
v 874.644287 357.105713 -34.520184
v 938.245605 431.069672 -34.520195
v 879.842163 500.672150 -34.520206
v 879.842163 500.672180 -27.734812
v 938.245605 431.069672 -27.734800
v 938.245605 431.069672 -27.734800
v 879.842163 500.672180 -27.734812
v 874.644287 496.310638 -27.734812
v 874.644287 496.310638 -34.520203
v 938.245605 570.274658 -34.520218
v 938.245605 570.274658 -27.734823
v 879.842163 500.672180 -27.734812
v 938.245605 570.274658 -27.734823
v 933.047668 574.636169 -27.734825
v 874.644287 505.033691 -27.734814
v 933.047668 574.636169 -34.520218
v 874.644287 505.033691 -34.520206
v 874.644287 348.382690 -34.520180
v 938.245605 283.141724 -34.520168
v 874.644287 348.382690 -27.734787
v 938.245605 283.141724 -27.734777
v 879.842163 352.744202 -27.734789
v 938.245605 283.141724 -27.734777
v 938.245605 578.997742 -34.520218
v 879.842163 648.600159 -34.520229
v 879.842163 648.600159 -27.734837
v 938.245605 578.997742 -27.734825
v 938.245605 578.997742 -27.734825
v 879.842163 648.600159 -27.734837
v 874.644287 644.238647 -27.734837
v 874.644287 644.238647 -34.520229
v 938.245605 718.202637 -34.520241
v 938.245605 718.202637 -27.734848
v 933.047668 722.564209 -27.734848
v 874.644287 652.961670 -27.734837
v 874.644287 652.961670 -27.734837
v 933.047668 722.564209 -27.734848
v 933.047668 722.564209 -34.520241
v 874.644287 652.961670 -34.520229
v 938.245605 726.925720 -34.520241
v 879.842163 796.528137 -34.520252
v 879.842163 796.528137 -27.734861
v 938.245605 726.925720 -27.734850
v 938.245605 726.925720 -27.734850
v 879.842163 796.528137 -27.734861
v 874.644287 792.166687 -27.734859
v 874.644287 792.166687 -34.520252
v 938.245605 866.130737 -34.520264
v 938.245605 866.130737 -27.734873
v 879.842163 796.528137 -27.734861
v 938.245605 866.130737 -27.734873
v 933.047668 870.492065 -27.734873
v 874.644287 800.889709 -27.734861
v 933.047668 870.492065 -34.520264
v 874.644287 800.889709 -34.520252
v 879.842163 944.456238 -34.520279
v 938.245605 1014.058594 -34.520290
v 938.245605 1014.058594 -27.734896
v 879.842163 944.456238 -27.734884
v 933.047668 1018.419922 -27.734898
v 874.644287 948.817749 -27.734886
v 874.644287 948.817749 -27.734886
v 933.047668 1018.419922 -27.734898
v 933.047668 1018.419922 -34.520290
v 874.644287 948.817749 -34.520279
v 938.245605 1022.781494 -34.520290
v 879.842163 1092.384033 -34.520302
v 879.842163 1092.384033 -27.734909
v 938.245605 1022.781494 -27.734898
v 938.245605 1022.781494 -27.734898
v 879.842163 1092.384033 -27.734909
v 874.644287 1088.022583 -27.734907
v 874.644287 1088.022583 -34.520302
v 938.245605 1161.986450 -34.520313
v 938.245605 1161.986450 -27.734921
v 879.842163 1092.384033 -27.734909
v 938.245605 1161.986450 -27.734921
v 933.047668 1166.348022 -27.734921
v 874.644287 1096.745605 -27.734909
v 933.047668 1166.348022 -34.520313
v 874.644287 1096.745605 -34.520302
v 874.644287 940.094666 -34.520275
v 938.245605 874.853638 -34.520267
v 874.644287 940.094666 -27.734884
v 938.245605 874.853638 -27.734873
v 879.842163 944.456238 -27.734884
v 938.245605 874.853638 -27.734873
v 874.678589 -12.714216 34.553364
v 933.082031 56.888271 34.553352
v 933.082031 56.888271 27.767962
v 874.678589 -12.714218 27.767973
v 874.678589 -12.714218 27.767973
v 933.082031 56.888271 27.767962
v 938.279907 52.526737 27.767962
v 879.876526 -17.075752 27.767973
v 938.279907 52.526737 34.553352
v 879.876526 -17.075750 34.553364
v 874.678589 126.490715 34.553341
v 874.678589 126.490715 27.767950
v 879.876526 130.852249 27.767948
v 938.279907 61.249805 27.767960
v 938.279907 61.249805 27.767960
v 879.876526 130.852249 27.767948
v 879.876526 130.852249 34.553341
v 938.279907 61.249805 34.553352
v 874.678589 135.213776 34.553341
v 933.082031 204.816223 34.553329
v 933.082031 204.816223 27.767937
v 874.678589 135.213776 27.767948
v 874.678589 135.213776 27.767948
v 933.082031 204.816223 27.767937
v 938.279907 200.454712 27.767937
v 938.279907 200.454712 34.553329
v 874.678589 274.418701 34.553318
v 874.678589 274.418701 27.767925
v 933.082031 204.816223 27.767937
v 874.678589 274.418701 27.767925
v 879.876526 278.780212 27.767925
v 938.279907 209.177734 27.767937
v 879.876526 278.780212 34.553318
v 938.279907 209.177734 34.553329
v 933.082031 352.744232 34.553307
v 874.678589 422.346680 34.553295
v 874.678589 422.346680 27.767900
v 933.082031 352.744232 27.767912
v 879.876526 426.708160 27.767900
v 938.279907 357.105713 27.767912
v 938.279907 357.105713 27.767912
v 879.876526 426.708160 27.767900
v 879.876526 426.708160 34.553295
v 938.279907 357.105713 34.553303
v 874.678589 431.069672 34.553291
v 933.082031 500.672180 34.553280
v 933.082031 500.672180 27.767889
v 874.678589 431.069672 27.767900
v 874.678589 431.069672 27.767900
v 933.082031 500.672180 27.767889
v 938.279907 496.310638 27.767889
v 938.279907 496.310638 34.553284
v 874.678589 570.274658 34.553268
v 874.678589 570.274658 27.767878
v 933.082031 500.672180 27.767889
v 874.678589 570.274658 27.767878
v 879.876526 574.636169 27.767876
v 938.279907 505.033722 27.767887
v 879.876526 574.636169 34.553268
v 938.279907 505.033722 34.553280
v 938.279907 348.382690 34.553307
v 874.678589 283.141724 34.553318
v 938.279907 348.382690 27.767914
v 874.678589 283.141724 27.767923
v 933.082031 352.744232 27.767912
v 874.678589 283.141724 27.767923
v 874.678589 578.997742 34.553268
v 933.082031 648.600159 34.553257
v 933.082031 648.600159 27.767864
v 874.678589 578.997742 27.767876
v 874.678589 578.997742 27.767876
v 933.082031 648.600159 27.767864
v 938.279907 644.238647 27.767864
v 938.279907 644.238647 34.553257
v 874.678589 718.202637 34.553246
v 874.678589 718.202637 27.767853
v 879.876526 722.564209 27.767853
v 938.279907 652.961731 27.767864
v 938.279907 652.961731 27.767864
v 879.876526 722.564209 27.767853
v 879.876526 722.564209 34.553246
v 938.279907 652.961731 34.553257
v 874.678589 726.925720 34.553246
v 933.082031 796.528198 34.553234
v 933.082031 796.528198 27.767839
v 874.678589 726.925720 27.767851
v 874.678589 726.925720 27.767851
v 933.082031 796.528198 27.767839
v 938.279907 792.166687 27.767841
v 938.279907 792.166687 34.553234
v 874.678589 866.130737 34.553223
v 874.678589 866.130737 27.767828
v 933.082031 796.528198 27.767839
v 874.678589 866.130737 27.767828
v 879.876526 870.492126 27.767828
v 938.279907 800.889709 27.767839
v 879.876526 870.492126 34.553223
v 938.279907 800.889709 34.553234
v 933.082031 944.456238 34.553207
v 874.678589 1014.058594 34.553196
v 874.678589 1014.058594 27.767805
v 933.082031 944.456238 27.767817
v 879.876526 1018.419983 27.767803
v 938.279907 948.817749 27.767815
v 938.279907 948.817749 27.767815
v 879.876526 1018.419983 27.767803
v 879.876526 1018.419983 34.553196
v 938.279907 948.817749 34.553207
v 874.678589 1022.781494 34.553196
v 933.082031 1092.384033 34.553185
v 933.082031 1092.384033 27.767792
v 874.678589 1022.781494 27.767803
v 874.678589 1022.781494 27.767803
v 933.082031 1092.384033 27.767792
v 938.279907 1088.022583 27.767794
v 938.279907 1088.022583 34.553185
v 874.678589 1161.986450 34.553173
v 874.678589 1161.986450 27.767780
v 933.082031 1092.384033 27.767792
v 874.678589 1161.986450 27.767780
v 879.876526 1166.348022 27.767780
v 938.279907 1096.745605 27.767792
v 879.876526 1166.348022 34.553173
v 938.279907 1096.745605 34.553185
v 938.279907 940.094666 34.553211
v 874.678589 874.853638 34.553219
v 938.279907 940.094666 27.767817
v 874.678589 874.853638 27.767828
v 933.082031 944.456238 27.767817
v 874.678589 874.853638 27.767828
v 75.386482 990.631104 33.889729
v 144.988968 932.227722 33.889740
v 144.988968 932.227722 28.430622
v 75.386482 990.631104 28.430613
v 75.386482 990.631104 28.430613
v 144.988968 932.227722 28.430622
v 140.627426 927.029846 28.430622
v 71.024948 985.433228 28.430613
v 140.627426 927.029846 33.889740
v 71.024948 985.433228 33.889732
v 297.278442 927.029846 33.889740
v 366.880859 985.433105 33.889732
v 362.519318 990.631042 33.889729
v 292.916931 932.227722 33.889740
v 297.278442 927.029846 28.430622
v 366.880859 985.433228 28.430613
v 292.916931 932.227722 28.430622
v 362.519318 990.631042 28.430613
v 362.519318 990.631042 28.430613
v 292.916931 932.227722 28.430622
v 218.952805 985.433228 33.889732
v 288.555389 927.029846 33.889740
v 223.314331 990.631104 33.889729
v 218.952805 985.433228 28.430613
v 288.555389 927.029846 28.430622
v 223.314331 990.631104 28.430613
v 292.916931 932.227722 28.430622
v 223.314331 990.631104 28.430613
v 149.350494 927.029846 33.889740
v 214.591461 990.631104 33.889729
v 149.350494 927.029846 28.430622
v 214.591461 990.631104 28.430613
v 218.952805 985.433228 28.430613
v 149.350494 927.029846 28.430622
v 1.422459 927.029846 33.889740
v 66.663513 990.631104 33.889729
v -2.938980 932.227722 33.889740
v 1.422459 927.029846 28.430622
v -2.938980 932.227722 28.430622
v 66.663513 990.631104 28.430613
v 66.663513 990.631104 28.430613
v -2.938980 932.227722 28.430622
v -76.903000 985.433228 33.889732
v -7.300514 927.029846 33.889740
v -72.541466 990.631104 33.889729
v -76.903000 985.433228 28.430613
v -7.300514 927.029846 28.430622
v -72.541466 990.631104 28.430613
v -2.938980 932.227722 28.430622
v -72.541466 990.631104 28.430613
v -146.505432 927.029846 33.889740
v -81.264534 990.631104 33.889729
v -150.866959 932.227722 33.889740
v -146.505432 927.029846 28.430622
v -150.866959 932.227722 28.430622
v -81.264534 990.631104 28.430613
v -76.903000 985.433228 28.430613
v -146.505432 927.029846 28.430622
v -224.830933 985.433228 33.889732
v -155.228500 927.029846 33.889740
v -220.469406 990.631104 33.889729
v -224.831039 985.433228 28.430613
v -155.228500 927.029846 28.430622
v -220.469406 990.631104 28.430613
v -150.866959 932.227722 28.430622
v -220.469406 990.631104 28.430613
v -516.325500 990.631104 33.889729
v -446.723083 932.227722 33.889740
v -446.723083 932.227722 28.430622
v -516.325500 990.631104 28.430613
v -516.325500 990.631104 28.430613
v -446.723083 932.227722 28.430622
v -451.084625 927.029846 28.430622
v -520.687012 985.433228 28.430613
v -451.084625 927.029846 33.889740
v -520.687012 985.433228 33.889732
v -294.433441 927.029846 33.889740
v -229.192474 990.631104 33.889729
v -298.794952 932.227722 33.889740
v -294.433441 927.029846 28.430622
v -298.794952 932.227722 28.430622
v -229.192474 990.631104 28.430613
v -229.192474 990.631104 28.430613
v -298.794952 932.227722 28.430622
v -372.759064 985.433228 33.889732
v -303.156494 927.029846 33.889740
v -368.397522 990.631104 33.889729
v -372.759064 985.433228 28.430613
v -303.156494 927.029846 28.430622
v -368.397522 990.631104 28.430613
v -298.794952 932.227722 28.430622
v -368.397522 990.631104 28.430613
v -442.361542 927.029846 33.889740
v -377.120483 990.631104 33.889729
v -442.361542 927.029846 28.430622
v -377.120483 990.631104 28.430613
v -372.759064 985.433228 28.430613
v -442.361542 927.029846 28.430622
v -590.289429 927.029846 33.889740
v -525.048523 990.631104 33.889729
v -594.650940 932.227722 33.889740
v -590.289429 927.029846 28.430622
v -594.650940 932.227722 28.430622
v -525.048523 990.631104 28.430613
v -525.048523 990.631104 28.430613
v -594.650940 932.227722 28.430622
v -668.615051 985.433228 33.889732
v -599.012451 927.029846 33.889740
v -664.253540 990.631104 33.889729
v -668.615051 985.433228 28.430613
v -599.012451 927.029846 28.430622
v -664.253540 990.631104 28.430613
v -594.650940 932.227722 28.430622
v -664.253540 990.631104 28.430613
v -738.217468 927.029846 33.889740
v -672.976562 990.631104 33.889729
v -742.578979 932.227722 33.889740
v -738.217468 927.029846 28.430622
v -742.578979 932.227722 28.430622
v -672.976562 990.631104 28.430613
v -668.615051 985.433228 28.430613
v -738.217468 927.029846 28.430622
v -816.542908 985.433228 33.889732
v -746.940491 927.029846 33.889740
v -812.181396 990.631104 33.889729
v -816.542908 985.433228 28.430613
v -746.940491 927.029846 28.430622
v -812.181396 990.631104 28.430613
v -742.578979 932.227722 28.430622
v -812.181396 990.631104 28.430613
v 75.386482 927.064148 -33.856804
v 144.988968 985.467529 -33.856812
v 144.988968 985.467529 -28.397696
v 75.386482 927.064148 -28.397686
v 75.386482 927.064148 -28.397686
v 144.988968 985.467529 -28.397696
v 140.627426 990.665466 -28.397696
v 71.024948 932.262085 -28.397686
v 140.627426 990.665466 -33.856815
v 71.024948 932.262024 -33.856804
v 297.278442 990.665466 -33.856815
v 366.880859 932.261963 -33.856804
v 362.519318 927.064026 -33.856804
v 292.916931 985.467529 -33.856812
v 297.278442 990.665466 -28.397696
v 366.880859 932.261963 -28.397686
v 292.916931 985.467529 -28.397696
v 362.519318 927.064026 -28.397686
v 362.519318 927.064026 -28.397686
v 292.916931 985.467529 -28.397696
v 218.952805 932.262024 -33.856804
v 288.555389 990.665466 -33.856815
v 223.314331 927.064148 -33.856804
v 218.952805 932.262085 -28.397686
v 288.555389 990.665466 -28.397696
v 223.314331 927.064148 -28.397686
v 292.916931 985.467529 -28.397696
v 223.314331 927.064148 -28.397686
v 149.350494 990.665466 -33.856815
v 214.591461 927.064148 -33.856804
v 149.350494 990.665466 -28.397696
v 214.591461 927.064148 -28.397686
v 218.952805 932.262085 -28.397686
v 149.350494 990.665466 -28.397696
v 1.422459 990.665466 -33.856815
v 66.663513 927.064148 -33.856804
v -2.938980 985.467529 -33.856812
v 1.422459 990.665466 -28.397696
v -2.938980 985.467529 -28.397696
v 66.663513 927.064148 -28.397686
v 66.663513 927.064148 -28.397686
v -2.938980 985.467529 -28.397696
v -76.903000 932.262024 -33.856804
v -7.300514 990.665466 -33.856815
v -72.541466 927.064148 -33.856804
v -76.903000 932.262085 -28.397686
v -7.300514 990.665466 -28.397696
v -72.541466 927.064148 -28.397686
v -2.938980 985.467529 -28.397696
v -72.541466 927.064148 -28.397686
v -146.505432 990.665466 -33.856815
v -81.264534 927.064148 -33.856804
v -150.866959 985.467529 -33.856812
v -146.505432 990.665466 -28.397696
v -150.866959 985.467529 -28.397696
v -81.264534 927.064148 -28.397686
v -76.903000 932.262085 -28.397686
v -146.505432 990.665466 -28.397696
v -224.831039 932.262024 -33.856804
v -155.228500 990.665466 -33.856815
v -220.469498 927.064148 -33.856804
v -224.831039 932.262085 -28.397686
v -155.228500 990.665466 -28.397696
v -220.469498 927.064148 -28.397686
v -150.866959 985.467529 -28.397696
v -220.469498 927.064148 -28.397686
v -516.325500 927.064148 -33.856804
v -446.723083 985.467529 -33.856812
v -446.723083 985.467529 -28.397696
v -516.325500 927.064148 -28.397686
v -516.325500 927.064148 -28.397686
v -446.723083 985.467529 -28.397696
v -451.084625 990.665466 -28.397696
v -520.687012 932.262085 -28.397686
v -451.084625 990.665466 -33.856815
v -520.687012 932.262024 -33.856804
v -294.433441 990.665466 -33.856815
v -229.192566 927.064148 -33.856804
v -298.794952 985.467529 -33.856812
v -294.433441 990.665466 -28.397696
v -298.794952 985.467529 -28.397696
v -229.192566 927.064148 -28.397686
v -229.192566 927.064148 -28.397686
v -298.794952 985.467529 -28.397696
v -372.759064 932.262024 -33.856804
v -303.156494 990.665466 -33.856815
v -368.397522 927.064148 -33.856804
v -372.759064 932.262085 -28.397686
v -303.156494 990.665466 -28.397696
v -368.397522 927.064148 -28.397686
v -298.794952 985.467529 -28.397696
v -368.397522 927.064148 -28.397686
v -442.361542 990.665466 -33.856815
v -377.120483 927.064148 -33.856804
v -442.361542 990.665466 -28.397696
v -377.120483 927.064148 -28.397686
v -372.759064 932.262085 -28.397686
v -442.361542 990.665466 -28.397696
v -590.289429 990.665466 -33.856815
v -525.048523 927.064148 -33.856804
v -594.650940 985.467529 -33.856812
v -590.289429 990.665466 -28.397696
v -594.650940 985.467529 -28.397696
v -525.048523 927.064148 -28.397686
v -525.048523 927.064148 -28.397686
v -594.650940 985.467529 -28.397696
v -668.615051 932.262024 -33.856804
v -599.012451 990.665466 -33.856815
v -664.253540 927.064148 -33.856804
v -668.615051 932.262085 -28.397686
v -599.012451 990.665466 -28.397696
v -664.253540 927.064148 -28.397686
v -594.650940 985.467529 -28.397696
v -664.253540 927.064148 -28.397686
v -738.217468 990.665466 -33.856815
v -672.976562 927.064148 -33.856804
v -742.578979 985.467529 -33.856812
v -738.217468 990.665466 -28.397696
v -742.578979 985.467529 -28.397696
v -672.976562 927.064148 -28.397686
v -668.615051 932.262085 -28.397686
v -738.217468 990.665466 -28.397696
v -816.542908 932.262024 -33.856804
v -746.940491 990.665466 -33.856815
v -812.181396 927.064148 -33.856804
v -816.542908 932.262085 -28.397686
v -746.940491 990.665466 -28.397696
v -812.181396 927.064148 -28.397686
v -742.578979 985.467529 -28.397696
v -812.181396 927.064148 -28.397686
v 75.386482 992.290344 -31.766455
v 144.988968 992.290344 26.636942
v 144.988968 987.691162 26.636942
v 75.386482 987.691162 -31.766455
v 75.386482 987.691162 -31.766455
v 144.988968 987.691162 26.636942
v 140.627426 987.691162 31.834848
v 71.024948 987.691162 -26.568548
v 140.627426 992.290344 31.834848
v 71.024948 992.290344 -26.568548
v 297.278534 992.290344 31.834848
v 366.880951 992.290344 -26.568548
v 362.519409 992.290344 -31.766455
v 292.917023 992.290344 26.636942
v 297.278534 987.691162 31.834848
v 366.880951 987.691162 -26.568548
v 292.917023 987.691162 26.636942
v 362.519409 987.691162 -31.766455
v 362.519409 987.691162 -31.766455
v 292.917023 987.691162 26.636942
v 218.952896 992.290344 -26.568548
v 288.555481 992.290344 31.834848
v 223.314423 992.290344 -31.766455
v 218.952896 987.691162 -26.568548
v 288.555481 987.691162 31.834848
v 223.314423 987.691162 -31.766455
v 292.917023 987.691162 26.636942
v 223.314423 987.691162 -31.766455
v 149.350494 992.290344 31.834848
v 214.591461 992.290344 -31.766455
v 149.350494 987.691162 31.834848
v 214.591461 987.691162 -31.766455
v 218.952896 987.691162 -26.568548
v 149.350494 987.691162 31.834848
v 1.422507 992.290344 31.834848
v 66.663513 992.290344 -31.766455
v -2.938980 992.290344 26.636942
v 1.422507 987.691162 31.834848
v -2.938980 987.691162 26.636942
v 66.663513 987.691162 -31.766455
v 66.663513 987.691162 -31.766455
v -2.938980 987.691162 26.636942
v -76.903000 992.290344 -26.568548
v -7.300514 992.290344 31.834848
v -72.541466 992.290344 -31.766455
v -76.903000 987.691162 -26.568548
v -7.300514 987.691162 31.834848
v -72.541466 987.691162 -31.766455
v -2.938980 987.691162 26.636942
v -72.541466 987.691162 -31.766455
v -146.505432 992.290344 31.834848
v -81.264534 992.290344 -31.766455
v -150.866959 992.290344 26.636942
v -146.505432 987.691162 31.834848
v -150.866959 987.691162 26.636942
v -81.264534 987.691162 -31.766455
v -76.903000 987.691162 -26.568548
v -146.505432 987.691162 31.834848
v -224.831039 992.290344 -26.568548
v -155.228500 992.290344 31.834848
v -220.469406 992.290344 -31.766455
v -224.830933 987.691162 -26.568548
v -155.228500 987.691162 31.834848
v -220.469406 987.691162 -31.766455
v -150.866959 987.691162 26.636942
v -220.469406 987.691162 -31.766455
v -516.325562 992.290344 -31.766455
v -446.723083 992.290344 26.636942
v -446.723083 987.691162 26.636942
v -516.325562 987.691162 -31.766455
v -516.325562 987.691162 -31.766455
v -446.723083 987.691162 26.636942
v -451.084625 987.691162 31.834848
v -520.687073 987.691162 -26.568548
v -451.084625 992.290344 31.834848
v -520.687073 992.290344 -26.568548
v -294.433441 992.290344 31.834848
v -229.192474 992.290344 -31.766455
v -298.794952 992.290344 26.636942
v -294.433441 987.691162 31.834848
v -298.794952 987.691162 26.636942
v -229.192474 987.691162 -31.766455
v -229.192474 987.691162 -31.766455
v -298.794952 987.691162 26.636942
v -372.759064 992.290344 -26.568548
v -303.156494 992.290344 31.834848
v -368.397522 992.290344 -31.766455
v -372.759064 987.691162 -26.568548
v -303.156494 987.691162 31.834848
v -368.397522 987.691162 -31.766455
v -298.794952 987.691162 26.636942
v -368.397522 987.691162 -31.766455
v -442.361542 992.290344 31.834848
v -377.120483 992.290344 -31.766455
v -442.361542 987.691162 31.834848
v -377.120483 987.691162 -31.766455
v -372.759064 987.691162 -26.568548
v -442.361542 987.691162 31.834848
v -590.289612 992.290344 31.834848
v -525.048523 992.290344 -31.766455
v -594.650940 992.290344 26.636942
v -590.289612 987.691162 31.834848
v -594.650940 987.691162 26.636942
v -525.048523 987.691162 -31.766455
v -525.048523 987.691162 -31.766455
v -594.650940 987.691162 26.636942
v -668.615051 992.290344 -26.568548
v -599.012451 992.290344 31.834848
v -664.253540 992.290344 -31.766455
v -668.615051 987.691162 -26.568548
v -599.012451 987.691162 31.834848
v -664.253540 987.691162 -31.766455
v -594.650940 987.691162 26.636942
v -664.253540 987.691162 -31.766455
v -738.217468 992.290344 31.834848
v -672.976562 992.290344 -31.766455
v -742.578979 992.290344 26.636942
v -738.217468 987.691162 31.834848
v -742.578979 987.691162 26.636942
v -672.976562 987.691162 -31.766455
v -668.615051 987.691162 -26.568548
v -738.217468 987.691162 31.834848
v -816.543091 992.290344 -26.568548
v -746.940491 992.290344 31.834848
v -812.181580 992.290344 -31.766455
v -816.543091 987.691223 -26.568548
v -746.940491 987.691162 31.834848
v -812.181580 987.691223 -31.766455
v -742.578979 987.691162 26.636942
v -812.181580 987.691223 -31.766455
v 75.386482 925.403442 31.800526
v 144.988968 925.403442 -26.602871
v 144.988968 930.002625 -26.602871
v 75.386482 930.002625 31.800526
v 75.386482 930.002625 31.800526
v 144.988968 930.002625 -26.602871
v 140.627426 930.002625 -31.800777
v 71.024948 930.002625 26.602619
v 140.627426 925.403442 -31.800777
v 71.024948 925.403442 26.602619
v 297.278534 925.403442 -31.800777
v 366.880737 925.403442 26.602619
v 362.519409 925.403442 31.800526
v 292.917023 925.403442 -26.602871
v 297.278534 930.002625 -31.800777
v 366.880737 930.002625 26.602619
v 292.917023 930.002625 -26.602871
v 362.519409 930.002502 31.800526
v 362.519409 930.002502 31.800526
v 292.917023 930.002625 -26.602871
v 218.952896 925.403442 26.602619
v 288.555481 925.403442 -31.800777
v 223.314423 925.403442 31.800526
v 218.952896 930.002625 26.602619
v 288.555481 930.002625 -31.800777
v 223.314423 930.002625 31.800526
v 292.917023 930.002625 -26.602871
v 223.314423 930.002625 31.800526
v 149.350494 925.403442 -31.800777
v 214.591461 925.403442 31.800526
v 149.350494 930.002625 -31.800777
v 214.591461 930.002625 31.800526
v 218.952896 930.002625 26.602619
v 149.350494 930.002625 -31.800777
v 1.422507 925.403442 -31.800777
v 66.663513 925.403442 31.800526
v -2.938980 925.403442 -26.602871
v 1.422507 930.002625 -31.800777
v -2.938980 930.002625 -26.602871
v 66.663513 930.002625 31.800526
v 66.663513 930.002625 31.800526
v -2.938980 930.002625 -26.602871
v -76.903000 925.403442 26.602619
v -7.300514 925.403442 -31.800777
v -72.541466 925.403442 31.800526
v -76.903000 930.002625 26.602619
v -7.300514 930.002625 -31.800777
v -72.541466 930.002625 31.800526
v -2.938980 930.002625 -26.602871
v -72.541466 930.002625 31.800526
v -146.505432 925.403442 -31.800777
v -81.264534 925.403442 31.800526
v -150.866959 925.403442 -26.602871
v -146.505432 930.002625 -31.800777
v -150.866959 930.002625 -26.602871
v -81.264534 930.002625 31.800526
v -76.903000 930.002625 26.602619
v -146.505432 930.002625 -31.800777
v -224.831039 925.403442 26.602619
v -155.228500 925.403442 -31.800777
v -220.469498 925.403442 31.800526
v -224.831039 930.002625 26.602619
v -155.228500 930.002625 -31.800777
v -220.469498 930.002625 31.800526
v -150.866959 930.002625 -26.602871
v -220.469498 930.002625 31.800526
v -516.325562 925.403442 31.800526
v -446.723083 925.403442 -26.602871
v -446.723083 930.002625 -26.602871
v -516.325562 930.002625 31.800526
v -516.325562 930.002625 31.800526
v -446.723083 930.002625 -26.602871
v -451.084625 930.002625 -31.800777
v -520.687073 930.002625 26.602619
v -451.084625 925.403442 -31.800777
v -520.687073 925.403442 26.602619
v -294.433441 925.403442 -31.800777
v -229.192566 925.403442 31.800526
v -298.794952 925.403442 -26.602871
v -294.433441 930.002625 -31.800777
v -298.794952 930.002625 -26.602871
v -229.192566 930.002625 31.800526
v -229.192566 930.002625 31.800526
v -298.794952 930.002625 -26.602871
v -372.759064 925.403442 26.602619
v -303.156494 925.403442 -31.800777
v -368.397522 925.403442 31.800526
v -372.759064 930.002625 26.602619
v -303.156494 930.002625 -31.800777
v -368.397522 930.002625 31.800526
v -298.794952 930.002625 -26.602871
v -368.397522 930.002625 31.800526
v -442.361542 925.403442 -31.800777
v -377.120483 925.403442 31.800526
v -442.361542 930.002625 -31.800777
v -377.120483 930.002625 31.800526
v -372.759064 930.002625 26.602619
v -442.361542 930.002625 -31.800777
v -873.472717 923.949280 35.027950
v 360.180695 923.949158 35.027950
v 360.180695 931.525757 35.027950
v -873.472717 931.525818 35.027950
v -590.289612 925.403442 -31.800777
v -525.048523 925.403442 31.800526
v -594.650940 925.403442 -26.602871
v -590.289612 930.002625 -31.800777
v -594.650940 930.002625 -26.602871
v -525.048523 930.002625 31.800526
v -525.048523 930.002625 31.800526
v -594.650940 930.002625 -26.602871
v -668.615051 925.403442 26.602619
v -599.012451 925.403442 -31.800777
v -664.253540 925.403442 31.800526
v -668.615051 930.002625 26.602619
v -599.012451 930.002625 -31.800777
v -664.253540 930.002625 31.800526
v -594.650940 930.002625 -26.602871
v -664.253540 930.002625 31.800526
v -738.217468 925.403442 -31.800777
v -672.976562 925.403442 31.800526
v -742.578979 925.403442 -26.602871
v -738.217468 930.002625 -31.800777
v -742.578979 930.002625 -26.602871
v -672.976562 930.002625 31.800526
v -668.615051 930.002625 26.602619
v -738.217468 930.002625 -31.800777
v -816.543091 925.403442 26.602619
v -746.940491 925.403442 -31.800777
v -812.181580 925.403442 31.800526
v -816.543091 930.002625 26.602619
v -746.940491 930.002625 -31.800777
v -812.181580 930.002625 31.800526
v -742.578979 930.002625 -26.602871
v -812.181580 930.002625 31.800526
v -872.955444 986.150391 35.028419
v 360.697968 986.150269 35.028419
v 360.697968 993.726868 35.028416
v -872.955444 993.726929 35.028416
v -872.955444 986.150391 -34.897366
v 360.697968 986.150269 -34.897366
v 360.697968 986.150269 -27.320902
v -872.955444 986.150391 -27.320902
v -872.955444 986.150391 -27.320902
v 360.697968 986.150269 -27.320902
v 360.697968 993.726929 -27.320902
v -872.955444 993.726929 -27.320902
v 360.697968 993.726868 -34.897369
v -872.955444 993.726929 -34.897369
v -873.472717 923.949280 -27.320318
v -873.472717 923.949280 -34.896786
v 360.180695 923.949158 -34.896786
v 360.180695 923.949158 -27.320318
v -873.472717 931.525818 -27.320320
v 360.180695 931.525696 -27.320320
v -873.472717 931.525818 -34.896786
v -873.472717 931.525818 -27.320320
v 360.180695 931.525696 -27.320320
v 360.180695 931.525696 -34.896786
v -872.955444 986.150391 27.451952
v 360.697968 986.150269 27.451952
v -872.955444 993.726929 27.451952
v 360.697968 993.726929 27.451952
v 360.697968 986.150269 27.451952
v -872.955444 986.150391 27.451952
v -873.472717 923.949280 27.451487
v 360.180603 923.949280 27.451487
v -873.472717 931.525818 27.451485
v 360.180695 931.525757 27.451485
v 360.180695 931.525757 27.451485
v -873.472717 931.525818 27.451485
v 667.098328 990.631104 33.889729
v 736.700745 932.227722 33.889740
v 736.700745 932.227722 28.430622
v 667.098328 990.631104 28.430613
v 667.098328 990.631104 28.430613
v 736.700745 932.227722 28.430622
v 732.339172 927.029846 28.430622
v 662.736816 985.433228 28.430613
v 732.339172 927.029846 33.889740
v 662.736816 985.433228 33.889732
v 741.062256 927.029846 33.889740
v 810.664673 985.433228 33.889732
v 806.303223 990.631104 33.889729
v 741.062256 927.029846 28.430622
v 810.664673 985.433228 28.430613
v 806.303223 990.631104 28.430613
v 810.664673 985.433228 28.430613
v 741.062256 927.029846 28.430622
v 593.134277 927.029846 33.889740
v 658.375244 990.631104 33.889729
v 588.772766 932.227722 33.889740
v 593.134277 927.029846 28.430622
v 588.772766 932.227722 28.430622
v 658.375244 990.631104 28.430613
v 658.375244 990.631104 28.430613
v 588.772766 932.227722 28.430622
v 514.808777 985.433228 33.889732
v 584.411255 927.029846 33.889740
v 519.170288 990.631104 33.889729
v 514.808777 985.433228 28.430613
v 584.411255 927.029846 28.430622
v 519.170288 990.631104 28.430613
v 588.772766 932.227722 28.430622
v 519.170288 990.631104 28.430613
v 445.206360 927.029846 33.889740
v 510.447205 990.631104 33.889729
v 440.844818 932.227722 33.889740
v 445.206360 927.029846 28.430622
v 440.844818 932.227722 28.430622
v 510.447205 990.631104 28.430613
v 514.808777 985.433228 28.430613
v 445.206360 927.029846 28.430622
v 436.483337 927.029846 33.889740
v 371.242371 990.631104 33.889729
v 436.483337 927.029846 28.430622
v 371.242371 990.631104 28.430613
v 440.844818 932.227722 28.430622
v 371.242371 990.631104 28.430613
v 667.098328 927.064148 -33.856804
v 736.700745 985.467529 -33.856812
v 736.700745 985.467529 -28.397696
v 667.098328 927.064148 -28.397686
v 667.098328 927.064148 -28.397686
v 736.700745 985.467529 -28.397696
v 732.339172 990.665466 -28.397696
v 662.736816 932.262085 -28.397686
v 732.339172 990.665466 -33.856815
v 662.736816 932.262024 -33.856804
v 741.062256 990.665466 -33.856815
v 810.664673 932.262024 -33.856804
v 806.303223 927.064148 -33.856804
v 741.062256 990.665466 -28.397696
v 810.664673 932.262085 -28.397686
v 806.303223 927.064148 -28.397686
v 810.664673 932.262085 -28.397686
v 741.062256 990.665466 -28.397696
v 593.134277 990.665466 -33.856815
v 658.375244 927.064148 -33.856804
v 588.772766 985.467529 -33.856812
v 593.134277 990.665466 -28.397696
v 588.772766 985.467529 -28.397696
v 658.375244 927.064148 -28.397686
v 658.375244 927.064148 -28.397686
v 588.772766 985.467529 -28.397696
v 514.808777 932.262024 -33.856804
v 584.411255 990.665466 -33.856815
v 519.170288 927.064148 -33.856804
v 514.808777 932.262085 -28.397686
v 584.411255 990.665466 -28.397696
v 519.170288 927.064148 -28.397686
v 588.772766 985.467529 -28.397696
v 519.170288 927.064148 -28.397686
v 445.206360 990.665466 -33.856815
v 510.447205 927.064148 -33.856804
v 440.844818 985.467529 -33.856812
v 445.206360 990.665466 -28.397696
v 440.844818 985.467529 -28.397696
v 510.447205 927.064148 -28.397686
v 514.808777 932.262085 -28.397686
v 445.206360 990.665466 -28.397696
v 436.483337 990.665466 -33.856815
v 371.242371 927.064148 -33.856804
v 436.483337 990.665466 -28.397696
v 371.242371 927.064148 -28.397686
v 440.844818 985.467529 -28.397696
v 371.242371 927.064148 -28.397686
v 667.098206 992.290344 -31.766455
v 736.700745 992.290344 26.636942
v 736.700745 987.691162 26.636942
v 667.098206 987.691162 -31.766455
v 667.098206 987.691162 -31.766455
v 736.700745 987.691162 26.636942
v 732.339172 987.691162 31.834848
v 662.736694 987.691162 -26.568548
v 732.339172 992.290344 31.834848
v 662.736694 992.290344 -26.568548
v 741.062256 992.290344 31.834848
v 810.664673 992.290344 -26.568548
v 806.303223 992.290344 -31.766455
v 741.062256 987.691162 31.834848
v 810.664673 987.691162 -26.568548
v 806.303223 987.691162 -31.766455
v 810.664673 987.691162 -26.568548
v 741.062256 987.691162 31.834848
v 593.134216 992.290344 31.834848
v 658.375244 992.290344 -31.766455
v 588.772766 992.290344 26.636942
v 593.134216 987.691162 31.834848
v 588.772766 987.691162 26.636942
v 658.375244 987.691162 -31.766455
v 658.375244 987.691162 -31.766455
v 588.772766 987.691162 26.636942
v 514.808777 992.290344 -26.568548
v 584.411255 992.290344 31.834848
v 519.170288 992.290344 -31.766455
v 514.808777 987.691162 -26.568548
v 584.411255 987.691162 31.834848
v 519.170288 987.691162 -31.766455
v 588.772766 987.691162 26.636942
v 519.170288 987.691162 -31.766455
v 445.206360 992.290344 31.834848
v 510.447205 992.290344 -31.766455
v 440.844818 992.290344 26.636942
v 445.206360 987.691162 31.834848
v 440.844818 987.691162 26.636942
v 510.447205 987.691162 -31.766455
v 514.808777 987.691162 -26.568548
v 445.206360 987.691162 31.834848
v 436.483337 992.290344 31.834848
v 371.242279 992.290344 -31.766455
v 436.483337 987.691162 31.834848
v 371.242279 987.691223 -31.766455
v 440.844818 987.691162 26.636942
v 371.242279 987.691223 -31.766455
v 872.824585 986.150269 -34.897366
v 872.824585 986.150269 -27.320902
v 872.824585 986.150269 -27.320902
v 872.824585 993.726929 -27.320902
v 872.824585 993.726868 -34.897369
v 872.307312 923.949158 -34.896786
v 872.307312 923.949158 -27.320318
v 872.307312 931.525696 -27.320320
v 872.307312 931.525696 -27.320320
v 872.307312 931.525696 -34.896786
v 872.307312 923.949158 35.027950
v 872.307312 931.525757 35.027950
v 872.307190 923.949280 27.451487
v 872.307312 931.525757 27.451485
v 872.307312 931.525757 27.451485
v 667.098206 925.403442 31.800526
v 736.700745 925.403442 -26.602871
v 736.700745 930.002625 -26.602871
v 667.098206 930.002625 31.800526
v 667.098206 930.002625 31.800526
v 736.700745 930.002625 -26.602871
v 732.339172 930.002625 -31.800777
v 662.736694 930.002625 26.602619
v 732.339172 925.403442 -31.800777
v 662.736694 925.403442 26.602619
v 872.824585 986.150269 35.028419
v 872.824585 993.726868 35.028416
v 872.824585 986.150269 27.451952
v 872.824585 993.726929 27.451952
v 872.824585 986.150269 27.451952
v 741.062256 925.403442 -31.800777
v 810.664673 925.403442 26.602619
v 806.303223 925.403442 31.800526
v 741.062256 930.002625 -31.800777
v 810.664673 930.002625 26.602619
v 806.303223 930.002625 31.800526
v 810.664673 930.002625 26.602619
v 741.062256 930.002625 -31.800777
v 593.134216 925.403442 -31.800777
v 658.375244 925.403442 31.800526
v 588.772766 925.403442 -26.602871
v 593.134216 930.002625 -31.800777
v 588.772766 930.002625 -26.602871
v 658.375244 930.002625 31.800526
v 658.375244 930.002625 31.800526
v 588.772766 930.002625 -26.602871
v 514.808777 925.403442 26.602619
v 584.411255 925.403442 -31.800777
v 519.170288 925.403442 31.800526
v 514.808777 930.002625 26.602619
v 584.411255 930.002625 -31.800777
v 519.170288 930.002625 31.800526
v 588.772766 930.002625 -26.602871
v 519.170288 930.002625 31.800526
v 445.206360 925.403442 -31.800777
v 510.447205 925.403442 31.800526
v 440.844818 925.403442 -26.602871
v 445.206360 930.002625 -31.800777
v 440.844818 930.002625 -26.602871
v 510.447205 930.002625 31.800526
v 514.808777 930.002625 26.602619
v 445.206360 930.002625 -31.800777
v 436.483337 925.403442 -31.800777
v 371.242279 925.403442 31.800526
v 436.483337 930.002625 -31.800777
v 371.242279 930.002625 31.800526
v 440.844818 930.002625 -26.602871
v 371.242279 930.002625 31.800526
v -817.594543 -40.335361 -15.007368
v -817.594543 -24.321873 -26.281994
v -710.972900 -24.321873 -26.281994
v -710.972900 -40.335361 -15.007368
v -817.594543 33.929913 52.102013
v -710.972900 33.929913 52.102013
v -710.972900 27.230349 36.788677
v -817.594543 27.230349 36.788773
v -710.972900 17.537964 20.494293
v -817.594543 17.537964 20.494293
v -710.972900 2.788696 0.688101
v -817.594543 2.788696 0.688101
v -710.972900 -12.382000 -15.606280
v -817.594543 -12.382000 -15.606280
v -817.594543 -12.382000 -15.606280
v -710.972900 -12.382000 -15.606280
v -710.972900 14.557669 75.598457
v -817.594543 14.557669 75.598457
v -817.594543 6.376098 80.392769
v -710.972900 6.376098 80.392769
v -710.972900 30.736729 63.855572
v -705.674194 13.355324 73.759102
v -705.674194 27.983232 63.142036
v -703.479187 10.452624 69.318413
v -703.479187 21.386618 61.382412
v -710.972900 -3.645540 84.541153
v -817.594543 -3.645540 84.541252
v -817.594543 -12.821938 86.932213
v -710.972900 -12.821938 86.932213
v -817.594543 -40.335346 91.290794
v -710.972900 -40.335346 91.290794
v -825.088318 -32.841614 82.516510
v -825.088318 -32.841629 -11.118667
v -822.893311 -38.140507 -13.868396
v -822.893311 -38.140488 88.720924
v -817.594543 -40.335361 -15.007368
v -817.594543 -40.335346 91.290794
v -703.479187 -32.841629 -11.118667
v -703.479187 -32.841614 82.516510
v -705.674194 -38.140488 88.720833
v -705.674194 -38.140507 -13.868396
v -710.972900 -40.335346 91.290794
v -710.972900 -40.335361 -15.007368
v -825.088318 11.295879 24.658800
v -825.088318 20.551674 40.219234
v -822.893311 25.274197 37.793564
v -822.893311 15.709699 21.714043
v -822.893311 15.709699 21.714043
v -822.893311 25.274197 37.793564
v -825.088318 21.386618 61.382507
v -825.088318 10.452624 69.318413
v -822.893311 13.355324 73.759102
v -822.893311 27.983232 63.142036
v -817.594543 30.736729 63.855572
v -703.479187 20.551674 40.219234
v -703.479187 11.295879 24.658800
v -705.674194 15.709699 21.714043
v -705.674194 25.274197 37.793468
v -705.674194 25.274197 37.793468
v -705.674194 15.709699 21.714043
v -825.088318 -2.976050 5.493667
v -822.893311 1.100239 2.095629
v -822.893311 1.100239 2.095629
v -703.479187 -2.976050 5.493572
v -705.674194 1.100239 2.095629
v -705.674194 1.100239 2.095629
v -825.088318 -17.632715 -10.248728
v -822.893311 -13.919895 -14.037105
v -822.893311 -13.919895 -14.037105
v -703.479187 -17.632715 -10.248728
v -705.674194 -13.919895 -14.037105
v -705.674194 -13.919895 -14.037105
v -825.088318 -24.877232 -16.726177
v -822.893311 -24.484533 -23.483150
v -703.479187 -24.877232 -16.726177
v -705.674194 -24.484533 -23.483150
v -822.893311 -38.140507 -13.868396
v -705.674194 -38.140507 -13.868396
v -703.479187 3.032896 73.666214
v -705.674194 5.396888 78.422569
v -825.088318 3.032896 73.666313
v -822.893311 5.396888 78.422668
v -703.479187 -6.034663 77.419785
v -705.674194 -4.345299 82.455376
v -825.088318 -6.034663 77.419785
v -822.893311 -4.345299 82.455376
v -703.479187 -14.356615 79.588158
v -705.674194 -13.271428 84.781197
v -825.088318 -14.356615 79.588158
v -822.893311 -13.271428 84.781197
v -705.674194 31.193871 51.324196
v -703.479187 24.613731 49.503922
v -705.674194 31.193871 51.324196
v -705.674194 -38.140488 88.720833
v -822.893311 -38.140488 88.720924
v -822.893311 31.193871 51.324196
v -825.088318 24.613731 49.504017
v -822.893311 31.193871 51.324196
v -710.972900 33.929913 52.102013
v -817.594543 33.929913 52.102013
v -545.279236 63.510658 -659.338135
v -545.279236 167.461853 -659.338196
v -538.679077 167.461838 -737.731812
v -538.679077 63.510647 -737.731812
v -435.094299 167.461853 -729.010437
v -435.094299 63.510647 -729.010437
v -441.694885 167.461853 -650.616882
v -441.694885 63.510662 -650.616821
v -541.445862 67.357841 -659.015381
v -541.445862 163.614670 -659.015442
v -545.279236 167.461853 -659.338196
v -441.694885 167.461853 -650.616882
v -541.445862 67.357841 -659.015381
v -445.528259 67.357841 -650.939575
v -445.188660 67.357841 -654.975647
v -541.105957 67.357841 -663.051514
v -545.279236 63.510658 -659.338135
v -441.694885 63.510662 -650.616821
v -541.445862 163.614670 -659.015442
v -445.528259 163.614670 -650.939636
v -445.528259 163.614670 -650.939636
v -445.528259 67.357841 -650.939575
v -445.188660 67.357841 -654.975647
v -445.188660 163.614670 -654.975647
v -541.105957 163.614670 -663.051514
v -541.105957 67.357841 -663.051514
v -541.105957 67.357841 -663.051514
v -541.105957 163.614670 -663.051514
v -541.105957 163.614670 -663.051514
v -445.188660 163.614670 -654.975647
v -445.188660 163.614670 -654.975647
v -445.188660 67.357841 -654.975647
v -880.344788 -50.501068 35.737644
v -880.344788 1183.152344 35.737442
v -880.344788 1183.152344 26.741909
v -880.344788 -50.501072 26.742111
v -880.344788 -50.501072 26.742111
v -880.344788 1183.152344 26.741909
v -871.349121 1183.152344 26.741909
v -871.349121 -50.501072 26.742111
v -871.349121 1183.152344 35.737442
v -871.349121 -50.501068 35.737644
v -871.349121 1183.152344 26.741909
v -880.344788 1183.152344 26.741909
v -880.344788 1183.152344 35.737442
v -871.349121 1183.152344 35.737442
v -942.545898 -49.983738 -35.606731
v -942.545898 1183.669556 -35.606934
v -933.550232 1183.669556 -35.606934
v -933.550232 -49.983738 -35.606731
v -942.545898 -49.983727 35.738121
v -942.545898 1183.669556 35.737919
v -942.545898 1183.669556 26.742386
v -942.545898 -49.983727 26.742588
v -933.550232 1183.669556 26.742386
v -933.550232 -49.983727 26.742588
v -933.550232 -49.983727 26.742588
v -933.550232 1183.669556 26.742386
v -933.550232 1183.669556 35.737919
v -933.550232 -49.983727 35.738121
v -933.550232 1183.669556 26.742386
v -942.545898 1183.669556 26.742386
v -942.545898 1183.669556 35.737919
v -933.550232 1183.669556 35.737919
v -871.349121 -50.501080 -35.606159
v -880.344788 -50.501080 -35.606159
v -880.344788 1183.152344 -35.606361
v -871.349121 1183.152344 -35.606361
v -880.344788 -50.501080 -26.610626
v -880.344788 1183.152344 -26.610828
v -880.344788 -50.501080 -26.610626
v -871.349121 -50.501080 -26.610626
v -871.349121 1183.152344 -26.610828
v -880.344788 1183.152344 -26.610828
v -871.349121 1183.152344 -26.610828
v -871.349121 1183.152344 -35.606361
v -880.344788 1183.152344 -35.606361
v -880.344788 1183.152344 -26.610828
v -942.545898 -49.983734 -26.611198
v -942.545898 1183.669556 -26.611401
v -933.550232 -49.983734 -26.611198
v -933.550232 1183.669556 -26.611401
v -933.550232 1183.669556 -26.611401
v -933.550232 -49.983734 -26.611198
v -933.550232 1183.669556 -26.611401
v -933.550232 1183.669556 -35.606934
v -942.545898 1183.669556 -35.606934
v -942.545898 1183.669556 -26.611401
v -872.419739 -12.714265 31.800680
v -872.419739 56.888214 -26.602728
v -879.205139 56.888214 -26.602728
v -879.205139 -12.714265 31.800680
v -879.205139 -12.714265 31.800680
v -879.205139 56.888214 -26.602728
v -879.205139 52.526680 -31.800634
v -879.205139 -17.075788 26.602774
v -872.419739 52.526680 -31.800634
v -872.419739 -17.075788 26.602774
v -872.419739 126.490692 31.800657
v -879.205139 126.490692 31.800657
v -879.205139 130.852203 26.602749
v -879.205139 61.249725 -31.800636
v -879.205139 61.249725 -31.800636
v -879.205139 130.852203 26.602749
v -872.419739 130.852203 26.602749
v -872.419739 61.249725 -31.800636
v -872.419739 135.213730 31.800655
v -872.419739 204.816193 -26.602753
v -879.205139 204.816193 -26.602753
v -879.205139 135.213730 31.800655
v -879.205139 135.213730 31.800655
v -879.205139 204.816193 -26.602753
v -879.205139 200.454681 -31.800659
v -872.419739 200.454681 -31.800659
v -872.419739 274.418671 31.800632
v -879.205139 274.418671 31.800632
v -879.205139 204.816193 -26.602753
v -879.205139 274.418671 31.800632
v -879.205139 278.780151 26.602726
v -879.205139 209.177704 -31.800659
v -872.419739 278.780151 26.602726
v -872.419739 209.177704 -31.800659
v -872.419739 352.744171 -26.602777
v -872.419739 422.346680 31.800608
v -879.205139 422.346680 31.800608
v -879.205139 352.744171 -26.602777
v -879.205139 426.708160 26.602701
v -879.205139 357.105713 -31.800684
v -879.205139 357.105713 -31.800684
v -879.205139 426.708160 26.602701
v -872.419739 426.708160 26.602701
v -872.419739 357.105713 -31.800684
v -872.419739 431.069672 31.800608
v -872.419739 500.672180 -26.602800
v -879.205139 500.672180 -26.602800
v -879.205139 431.069672 31.800608
v -879.205139 431.069672 31.800608
v -879.205139 500.672180 -26.602800
v -879.205139 496.310638 -31.800707
v -872.419739 496.310638 -31.800707
v -872.419739 570.274658 31.800585
v -879.205139 570.274658 31.800585
v -879.205139 500.672180 -26.602800
v -879.205139 570.274658 31.800585
v -879.205139 574.636169 26.602676
v -879.205139 505.033691 -31.800709
v -872.419739 574.636169 26.602676
v -872.419739 505.033691 -31.800709
v -872.419739 348.382629 -31.800682
v -872.419739 283.141693 31.800631
v -879.205139 348.382629 -31.800682
v -879.205139 283.141693 31.800631
v -879.205139 352.744171 -26.602777
v -879.205139 283.141693 31.800631
v -872.419739 578.997742 31.800583
v -872.419739 648.600159 -26.602825
v -879.205139 648.600159 -26.602825
v -879.205139 578.997742 31.800583
v -879.205139 578.997742 31.800583
v -879.205139 648.600159 -26.602825
v -879.205139 644.238647 -31.800732
v -872.419739 644.238647 -31.800732
v -872.419739 718.202637 31.800560
v -879.205139 718.202637 31.800560
v -879.205139 722.564209 26.602654
v -879.205139 652.961670 -31.800732
v -879.205139 652.961670 -31.800732
v -879.205139 722.564209 26.602654
v -872.419739 722.564209 26.602654
v -872.419739 652.961670 -31.800732
v -872.419739 726.925720 31.800558
v -872.419739 796.528137 -26.602850
v -879.205139 796.528137 -26.602850
v -879.205139 726.925720 31.800558
v -879.205139 726.925720 31.800558
v -879.205139 796.528137 -26.602850
v -879.205139 792.166687 -31.800755
v -872.419739 792.166687 -31.800755
v -872.419739 866.130737 31.800535
v -879.205139 866.130737 31.800535
v -879.205139 796.528137 -26.602850
v -879.205139 866.130737 31.800535
v -879.205139 870.492126 26.602629
v -879.205139 800.889709 -31.800756
v -872.419739 870.492126 26.602629
v -872.419739 800.889709 -31.800756
v -872.419739 944.456238 -26.602873
v -872.419739 1014.058594 31.800512
v -879.205139 1014.058594 31.800512
v -879.205139 944.456238 -26.602873
v -879.205139 1018.420166 26.602604
v -879.205139 948.817749 -31.800781
v -879.205139 948.817749 -31.800781
v -879.205139 1018.420166 26.602604
v -872.419739 1018.420166 26.602604
v -872.419739 948.817749 -31.800781
v -872.419739 1022.781677 31.800510
v -872.419739 1092.384277 -26.602898
v -879.205139 1092.384277 -26.602898
v -879.205139 1022.781677 31.800510
v -879.205139 1022.781677 31.800510
v -879.205139 1092.384277 -26.602898
v -879.205139 1088.022705 -31.800802
v -872.419739 1088.022705 -31.800802
v -872.419739 1161.986694 31.800488
v -879.205139 1161.986694 31.800488
v -879.205139 1092.384277 -26.602898
v -879.205139 1161.986694 31.800488
v -879.205139 1166.348145 26.602581
v -879.205139 1096.745850 -31.800804
v -872.419739 1166.348145 26.602581
v -872.419739 1096.745850 -31.800804
v -872.419739 940.094666 -31.800779
v -872.419739 874.853638 31.800535
v -879.205139 940.094666 -31.800779
v -879.205139 874.853638 31.800535
v -879.205139 944.456238 -26.602873
v -879.205139 874.853638 31.800535
v -941.493225 -12.714275 -31.766291
v -941.493225 56.888226 26.637094
v -934.707825 56.888226 26.637094
v -934.707825 -12.714275 -31.766291
v -934.707825 -12.714275 -31.766291
v -934.707825 56.888226 26.637094
v -934.707825 52.526691 31.835001
v -934.707825 -17.075808 -26.568384
v -941.493225 52.526691 31.835001
v -941.493225 -17.075808 -26.568384
v -941.493225 126.490654 -31.766314
v -934.707825 126.490654 -31.766314
v -934.707825 130.852188 -26.568409
v -934.707825 61.249760 31.834999
v -934.707825 61.249760 31.834999
v -934.707825 130.852188 -26.568409
v -941.493225 130.852188 -26.568409
v -941.493225 61.249760 31.834999
v -941.493225 135.213730 -31.766315
v -941.493225 204.816193 26.637070
v -934.707825 204.816193 26.637070
v -934.707825 135.213730 -31.766315
v -934.707825 135.213730 -31.766315
v -934.707825 204.816193 26.637070
v -934.707825 200.454697 31.834976
v -941.493225 200.454697 31.834976
v -941.493225 274.418671 -31.766338
v -934.707825 274.418671 -31.766338
v -934.707825 204.816193 26.637070
v -934.707825 274.418671 -31.766338
v -934.707825 278.780151 -26.568432
v -934.707825 209.177704 31.834976
v -941.493225 278.780151 -26.568432
v -941.493225 209.177704 31.834976
v -941.493225 352.744171 26.637045
v -941.493225 422.346649 -31.766363
v -934.707825 422.346649 -31.766363
v -934.707825 352.744171 26.637045
v -934.707825 426.708130 -26.568457
v -934.707825 357.105713 31.834951
v -934.707825 357.105713 31.834951
v -934.707825 426.708130 -26.568457
v -941.493225 426.708130 -26.568457
v -941.493225 357.105713 31.834951
v -941.493225 431.069672 -31.766363
v -941.493225 500.672180 26.637022
v -934.707825 500.672180 26.637022
v -934.707825 431.069672 -31.766363
v -934.707825 431.069672 -31.766363
v -934.707825 500.672180 26.637022
v -934.707825 496.310638 31.834929
v -941.493225 496.310638 31.834929
v -941.493225 570.274658 -31.766386
v -934.707825 570.274658 -31.766386
v -934.707825 570.274658 -31.766386
v -934.707825 574.636169 -26.568481
v -934.707825 505.033722 31.834927
v -941.493225 574.636169 -26.568481
v -941.493225 505.033722 31.834927
v -941.493225 348.382629 31.834953
v -941.493225 283.141663 -31.766340
v -934.707825 348.382629 31.834953
v -934.707825 283.141663 -31.766340
v -934.707825 352.744171 26.637045
v -934.707825 283.141663 -31.766340
v -941.493225 578.997742 -31.766388
v -941.493225 648.600159 26.636997
v -934.707825 648.600159 26.636997
v -934.707825 578.997742 -31.766388
v -934.707825 578.997742 -31.766388
v -934.707825 648.600159 26.636997
v -934.707825 644.238647 31.834904
v -941.493225 644.238647 31.834904
v -941.493225 718.202637 -31.766411
v -934.707825 718.202637 -31.766411
v -934.707825 722.564209 -26.568504
v -934.707825 652.961731 31.834904
v -934.707825 652.961731 31.834904
v -934.707825 722.564209 -26.568504
v -941.493225 722.564209 -26.568504
v -941.493225 652.961731 31.834904
v -941.493225 726.925720 -31.766413
v -941.493225 796.528198 26.636972
v -934.707825 796.528198 26.636972
v -934.707825 726.925720 -31.766413
v -934.707825 726.925720 -31.766413
v -934.707825 796.528198 26.636972
v -934.707825 792.166687 31.834881
v -941.493225 792.166687 31.834881
v -941.493225 866.130737 -31.766436
v -934.707825 866.130737 -31.766436
v -934.707825 796.528198 26.636972
v -934.707825 866.130737 -31.766436
v -934.707825 870.492065 -26.568529
v -934.707825 800.889709 31.834879
v -941.493225 870.492065 -26.568529
v -941.493225 800.889709 31.834879
v -941.493225 944.456238 26.636950
v -941.493225 1014.058594 -31.766459
v -934.707825 1014.058594 -31.766459
v -934.707825 944.456238 26.636950
v -934.707825 1018.420166 -26.568554
v -934.707825 948.817749 31.834854
v -934.707825 948.817749 31.834854
v -934.707825 1018.420166 -26.568554
v -941.493225 1018.420166 -26.568554
v -941.493225 948.817749 31.834854
v -941.493225 1022.781677 -31.766460
v -941.493225 1092.384277 26.636925
v -934.707825 1092.384277 26.636925
v -934.707825 1022.781677 -31.766460
v -934.707825 1022.781677 -31.766460
v -934.707825 1092.384277 26.636925
v -934.707825 1088.022705 31.834833
v -941.493225 1088.022705 31.834833
v -941.493225 1161.986694 -31.766483
v -934.707825 1161.986694 -31.766483
v -934.707825 1092.384277 26.636925
v -934.707825 1161.986694 -31.766483
v -934.707825 1166.348145 -26.568577
v -934.707825 1096.745850 31.834831
v -941.493225 1166.348145 -26.568577
v -941.493225 1096.745850 31.834831
v -941.493225 940.094666 31.834856
v -941.493225 874.853638 -31.766436
v -934.707825 940.094666 31.834856
v -934.707825 874.853638 -31.766436
v -934.707825 944.456238 26.636950
v -934.707825 874.853638 -31.766436
v -875.173584 -12.714228 -34.520123
v -933.576965 56.888260 -34.520134
v -933.576965 56.888264 -27.734739
v -875.173584 -12.714227 -27.734728
v -875.173584 -12.714227 -27.734728
v -933.576965 56.888264 -27.734739
v -938.774902 52.526730 -27.734739
v -880.371460 -17.075760 -27.734728
v -938.774902 52.526726 -34.520134
v -880.371460 -17.075762 -34.520123
v -875.173584 126.490700 -34.520145
v -875.173584 126.490707 -27.734751
v -880.371460 130.852234 -27.734753
v -938.774902 61.249798 -27.734741
v -938.774902 61.249798 -27.734741
v -880.371460 130.852234 -27.734753
v -880.371460 130.852234 -34.520145
v -938.774902 61.249794 -34.520134
v -875.173584 135.213776 -34.520145
v -933.576965 204.816208 -34.520157
v -933.576965 204.816208 -27.734764
v -875.173584 135.213776 -27.734753
v -875.173584 135.213776 -27.734753
v -933.576965 204.816208 -27.734764
v -938.774902 200.454712 -27.734764
v -938.774902 200.454697 -34.520157
v -875.173584 274.418701 -34.520168
v -875.173584 274.418701 -27.734776
v -933.576965 204.816208 -27.734764
v -875.173584 274.418701 -27.734776
v -880.371460 278.780182 -27.734776
v -938.774902 209.177719 -27.734764
v -880.371460 278.780182 -34.520168
v -938.774902 209.177719 -34.520157
v -933.576965 352.744202 -34.520180
v -875.173584 422.346649 -34.520191
v -875.173584 422.346649 -27.734800
v -933.576965 352.744202 -27.734789
v -880.371460 426.708130 -27.734800
v -938.774902 357.105713 -27.734789
v -938.774902 357.105713 -27.734789
v -880.371460 426.708130 -27.734800
v -880.371460 426.708130 -34.520191
v -938.774902 357.105713 -34.520184
v -875.173584 431.069672 -34.520195
v -933.576965 500.672150 -34.520206
v -933.576965 500.672180 -27.734812
v -875.173584 431.069672 -27.734800
v -875.173584 431.069672 -27.734800
v -933.576965 500.672180 -27.734812
v -938.774902 496.310638 -27.734812
v -938.774902 496.310638 -34.520203
v -875.173584 570.274658 -34.520218
v -875.173584 570.274658 -27.734823
v -933.576965 500.672180 -27.734812
v -875.173584 570.274658 -27.734823
v -880.371460 574.636169 -27.734825
v -938.774902 505.033691 -27.734814
v -880.371460 574.636169 -34.520218
v -938.774902 505.033691 -34.520206
v -938.774902 348.382690 -34.520180
v -875.173584 283.141724 -34.520168
v -938.774902 348.382690 -27.734787
v -875.173584 283.141724 -27.734777
v -933.576965 352.744202 -27.734789
v -875.173584 283.141724 -27.734777
v -875.173584 578.997742 -34.520218
v -933.576965 648.600159 -34.520229
v -933.576965 648.600159 -27.734837
v -875.173584 578.997742 -27.734825
v -875.173584 578.997742 -27.734825
v -933.576965 648.600159 -27.734837
v -938.774902 644.238647 -27.734837
v -938.774902 644.238647 -34.520229
v -875.173584 718.202637 -34.520241
v -875.173584 718.202637 -27.734848
v -880.371460 722.564209 -27.734848
v -938.774902 652.961670 -27.734837
v -938.774902 652.961670 -27.734837
v -880.371460 722.564209 -27.734848
v -880.371460 722.564209 -34.520241
v -938.774902 652.961670 -34.520229
v -875.173584 726.925720 -34.520241
v -933.576965 796.528137 -34.520252
v -933.576965 796.528137 -27.734861
v -875.173584 726.925720 -27.734850
v -875.173584 726.925720 -27.734850
v -933.576965 796.528137 -27.734861
v -938.774902 792.166687 -27.734859
v -938.774902 792.166687 -34.520252
v -875.173584 866.130737 -34.520264
v -875.173584 866.130737 -27.734873
v -933.576965 796.528137 -27.734861
v -875.173584 866.130737 -27.734873
v -880.371460 870.492065 -27.734873
v -938.774902 800.889709 -27.734861
v -880.371460 870.492065 -34.520264
v -938.774902 800.889709 -34.520252
v -933.576965 944.456238 -34.520279
v -875.173584 1014.058594 -34.520290
v -875.173584 1014.058594 -27.734896
v -933.576965 944.456238 -27.734884
v -880.371460 1018.419922 -27.734898
v -938.774902 948.817749 -27.734886
v -938.774902 948.817749 -27.734886
v -880.371460 1018.419922 -27.734898
v -880.371460 1018.419922 -34.520290
v -938.774902 948.817749 -34.520279
v -875.173584 1022.781494 -34.520290
v -933.576965 1092.384033 -34.520302
v -933.576965 1092.384033 -27.734909
v -875.173584 1022.781494 -27.734898
v -875.173584 1022.781494 -27.734898
v -933.576965 1092.384033 -27.734909
v -938.774902 1088.022583 -27.734907
v -938.774902 1088.022583 -34.520302
v -875.173584 1161.986450 -34.520313
v -875.173584 1161.986450 -27.734921
v -933.576965 1092.384033 -27.734909
v -875.173584 1161.986450 -27.734921
v -880.371460 1166.348022 -27.734921
v -938.774902 1096.745605 -27.734909
v -880.371460 1166.348022 -34.520313
v -938.774902 1096.745605 -34.520302
v -938.774902 940.094666 -34.520275
v -875.173584 874.853638 -34.520267
v -938.774902 940.094666 -27.734884
v -875.173584 874.853638 -27.734873
v -933.576965 944.456238 -27.734884
v -875.173584 874.853638 -27.734873
v -938.740540 -12.714216 34.553364
v -880.337158 56.888271 34.553352
v -880.337158 56.888271 27.767962
v -938.740540 -12.714218 27.767973
v -938.740540 -12.714218 27.767973
v -880.337158 56.888271 27.767962
v -875.139221 52.526737 27.767962
v -933.542664 -17.075752 27.767973
v -875.139221 52.526737 34.553352
v -933.542664 -17.075750 34.553364
v -938.740540 126.490715 34.553341
v -938.740540 126.490715 27.767950
v -933.542664 130.852249 27.767948
v -875.139221 61.249805 27.767960
v -875.139221 61.249805 27.767960
v -933.542664 130.852249 27.767948
v -933.542664 130.852249 34.553341
v -875.139221 61.249805 34.553352
v -938.740540 135.213776 34.553341
v -880.337158 204.816223 34.553329
v -880.337158 204.816223 27.767937
v -938.740540 135.213776 27.767948
v -938.740540 135.213776 27.767948
v -880.337158 204.816223 27.767937
v -875.139221 200.454712 27.767937
v -875.139221 200.454712 34.553329
v -938.740540 274.418701 34.553318
v -938.740540 274.418701 27.767925
v -880.337158 204.816223 27.767937
v -938.740540 274.418701 27.767925
v -933.542664 278.780212 27.767925
v -875.139221 209.177734 27.767937
v -933.542664 278.780212 34.553318
v -875.139221 209.177734 34.553329
v -880.337158 352.744232 34.553307
v -938.740540 422.346680 34.553295
v -938.740540 422.346680 27.767900
v -880.337158 352.744232 27.767912
v -933.542664 426.708160 27.767900
v -875.139221 357.105713 27.767912
v -875.139221 357.105713 27.767912
v -933.542664 426.708160 27.767900
v -933.542664 426.708160 34.553295
v -875.139221 357.105713 34.553303
v -938.740540 431.069672 34.553291
v -880.337158 500.672180 34.553280
v -880.337158 500.672180 27.767889
v -938.740540 431.069672 27.767900
v -938.740540 431.069672 27.767900
v -880.337158 500.672180 27.767889
v -875.139221 496.310638 27.767889
v -875.139221 496.310638 34.553284
v -938.740540 570.274658 34.553268
v -938.740540 570.274658 27.767878
v -880.337158 500.672180 27.767889
v -938.740540 570.274658 27.767878
v -933.542664 574.636169 27.767876
v -875.139221 505.033722 27.767887
v -933.542664 574.636169 34.553268
v -875.139221 505.033722 34.553280
v -875.139221 348.382690 34.553307
v -938.740540 283.141724 34.553318
v -875.139221 348.382690 27.767914
v -938.740540 283.141724 27.767923
v -880.337158 352.744232 27.767912
v -938.740540 283.141724 27.767923
v -938.740540 578.997742 34.553268
v -880.337158 648.600159 34.553257
v -880.337158 648.600159 27.767864
v -938.740540 578.997742 27.767876
v -938.740540 578.997742 27.767876
v -880.337158 648.600159 27.767864
v -875.139221 644.238647 27.767864
v -875.139221 644.238647 34.553257
v -938.740540 718.202637 34.553246
v -938.740540 718.202637 27.767853
v -933.542664 722.564209 27.767853
v -875.139221 652.961731 27.767864
v -875.139221 652.961731 27.767864
v -933.542664 722.564209 27.767853
v -933.542664 722.564209 34.553246
v -875.139221 652.961731 34.553257
v -938.740540 726.925720 34.553246
v -880.337158 796.528198 34.553234
v -880.337158 796.528198 27.767839
v -938.740540 726.925720 27.767851
v -938.740540 726.925720 27.767851
v -880.337158 796.528198 27.767839
v -875.139221 792.166687 27.767841
v -875.139221 792.166687 34.553234
v -938.740540 866.130737 34.553223
v -938.740540 866.130737 27.767828
v -880.337158 796.528198 27.767839
v -938.740540 866.130737 27.767828
v -933.542664 870.492126 27.767828
v -875.139221 800.889709 27.767839
v -933.542664 870.492126 34.553223
v -875.139221 800.889709 34.553234
v -880.337158 944.456238 34.553207
v -938.740540 1014.058594 34.553196
v -938.740540 1014.058594 27.767805
v -880.337158 944.456238 27.767817
v -933.542664 1018.419983 27.767803
v -875.139221 948.817749 27.767815
v -875.139221 948.817749 27.767815
v -933.542664 1018.419983 27.767803
v -933.542664 1018.419983 34.553196
v -875.139221 948.817749 34.553207
v -938.740540 1022.781494 34.553196
v -880.337158 1092.384033 34.553185
v -880.337158 1092.384033 27.767792
v -938.740540 1022.781494 27.767803
v -938.740540 1022.781494 27.767803
v -880.337158 1092.384033 27.767792
v -875.139221 1088.022583 27.767794
v -875.139221 1088.022583 34.553185
v -938.740540 1161.986450 34.553173
v -938.740540 1161.986450 27.767780
v -880.337158 1092.384033 27.767792
v -938.740540 1161.986450 27.767780
v -933.542664 1166.348022 27.767780
v -875.139221 1096.745605 27.767792
v -933.542664 1166.348022 34.553173
v -875.139221 1096.745605 34.553185
v -875.139221 940.094666 34.553211
v -938.740540 874.853638 34.553219
v -875.139221 940.094666 27.767817
v -938.740540 874.853638 27.767828
v -880.337158 944.456238 27.767817
v -938.740540 874.853638 27.767828
v 933.074402 -50.501213 -847.776672
v 933.074402 1183.152222 -847.776855
v 933.074402 1183.152222 -856.772400
v 933.074402 -50.501217 -856.772217
v 933.074402 -50.501217 -856.772217
v 933.074402 1183.152222 -856.772400
v 942.070007 1183.152222 -856.772400
v 942.070007 -50.501217 -856.772217
v 942.070007 1183.152222 -847.776855
v 942.070007 -50.501213 -847.776672
v 942.070007 1183.152222 -856.772400
v 933.074402 1183.152222 -856.772400
v 933.074402 1183.152222 -847.776855
v 942.070007 1183.152222 -847.776855
v 870.873291 -49.983879 -919.121033
v 870.873291 1183.669434 -919.121216
v 879.868896 1183.669434 -919.121216
v 879.868896 -49.983879 -919.121033
v 870.873291 -49.983868 -847.776184
v 870.873291 1183.669434 -847.776367
v 870.873291 1183.669434 -856.771912
v 870.873291 -49.983871 -856.771729
v 879.868896 1183.669434 -856.771912
v 879.868896 -49.983871 -856.771729
v 879.868896 -49.983871 -856.771729
v 879.868896 1183.669434 -856.771912
v 879.868896 1183.669434 -847.776367
v 879.868896 -49.983868 -847.776184
v 879.868896 1183.669434 -856.771912
v 870.873291 1183.669434 -856.771912
v 870.873291 1183.669434 -847.776367
v 879.868896 1183.669434 -847.776367
v 942.070007 -50.501225 -919.120483
v 933.074402 -50.501225 -919.120483
v 933.074402 1183.152222 -919.120667
v 942.070007 1183.152222 -919.120667
v 933.074402 -50.501225 -910.124939
v 933.074402 1183.152222 -910.125122
v 933.074402 -50.501225 -910.124939
v 942.070007 -50.501225 -910.124939
v 942.070007 1183.152222 -910.125122
v 933.074402 1183.152222 -910.125122
v 942.070007 1183.152222 -910.125122
v 942.070007 1183.152222 -919.120667
v 933.074402 1183.152222 -919.120667
v 933.074402 1183.152222 -910.125122
v 870.873291 -49.983879 -910.125488
v 870.873291 1183.669434 -910.125732
v 879.868896 -49.983879 -910.125488
v 879.868896 1183.669434 -910.125732
v 879.868896 1183.669434 -910.125732
v 879.868896 -49.983879 -910.125488
v 879.868896 1183.669434 -910.125732
v 879.868896 1183.669434 -919.121216
v 870.873291 1183.669434 -919.121216
v 870.873291 1183.669434 -910.125732
v 940.999390 -12.714409 -851.713623
v 940.999390 56.888073 -910.117065
v 934.214050 56.888073 -910.117065
v 934.214050 -12.714409 -851.713623
v 934.214050 -12.714409 -851.713623
v 934.214050 56.888073 -910.117065
v 934.214050 52.526535 -915.314941
v 934.214050 -17.075932 -856.911560
v 940.999390 52.526535 -915.314941
v 940.999390 -17.075932 -856.911560
v 940.999390 126.490547 -851.713623
v 934.214050 126.490547 -851.713623
v 934.214050 130.852051 -856.911560
v 934.214050 61.249580 -915.314941
v 934.214050 61.249580 -915.314941
v 934.214050 130.852051 -856.911560
v 940.999390 130.852051 -856.911560
v 940.999390 61.249580 -915.314941
v 940.999390 135.213593 -851.713684
v 940.999390 204.816040 -910.117065
v 934.214050 204.816040 -910.117065
v 934.214050 135.213593 -851.713684
v 934.214050 135.213593 -851.713684
v 934.214050 204.816040 -910.117065
v 934.214050 200.454529 -915.314941
v 940.999390 200.454529 -915.314941
v 940.999390 274.418518 -851.713684
v 934.214050 274.418518 -851.713684
v 934.214050 204.816040 -910.117065
v 934.214050 274.418518 -851.713684
v 934.214050 278.779999 -856.911560
v 934.214050 209.177551 -915.314941
v 940.999390 278.779999 -856.911560
v 940.999390 209.177551 -915.314941
v 940.999390 352.744019 -910.117065
v 940.999390 422.346527 -851.713684
v 934.214050 422.346527 -851.713684
v 934.214050 352.744019 -910.117065
v 934.214050 426.708008 -856.911621
v 934.214050 357.105560 -915.315002
v 934.214050 357.105560 -915.315002
v 934.214050 426.708008 -856.911621
v 940.999390 426.708008 -856.911621
v 940.999390 357.105560 -915.315002
v 940.999390 431.069550 -851.713684
v 940.999390 500.672028 -910.117126
v 934.214050 500.672028 -910.117126
v 934.214050 431.069550 -851.713684
v 934.214050 431.069550 -851.713684
v 934.214050 500.672028 -910.117126
v 934.214050 496.310486 -915.315002
v 940.999390 496.310486 -915.315002
v 940.999390 570.274536 -851.713745
v 934.214050 570.274536 -851.713745
v 934.214050 500.672028 -910.117126
v 934.214050 570.274536 -851.713745
v 934.214050 574.635986 -856.911621
v 934.214050 505.033569 -915.315002
v 940.999390 574.635986 -856.911621
v 940.999390 505.033569 -915.315002
v 940.999390 348.382477 -915.315002
v 940.999390 283.141541 -851.713684
v 934.214050 348.382477 -915.315002
v 934.214050 283.141541 -851.713684
v 934.214050 352.744019 -910.117065
v 934.214050 283.141541 -851.713684
v 940.999390 578.997620 -851.713745
v 940.999390 648.600037 -910.117126
v 934.214050 648.600037 -910.117126
v 934.214050 578.997620 -851.713745
v 934.214050 578.997620 -851.713745
v 934.214050 648.600037 -910.117126
v 934.214050 644.238464 -915.315063
v 940.999390 644.238464 -915.315063
v 940.999390 718.202515 -851.713745
v 934.214050 718.202515 -851.713745
v 934.214050 722.564026 -856.911682
v 934.214050 652.961548 -915.315063
v 934.214050 652.961548 -915.315063
v 934.214050 722.564026 -856.911682
v 940.999390 722.564026 -856.911682
v 940.999390 652.961548 -915.315063
v 940.999390 726.925598 -851.713745
v 940.999390 796.528015 -910.117188
v 934.214050 796.528015 -910.117188
v 934.214050 726.925598 -851.713745
v 934.214050 726.925598 -851.713745
v 934.214050 796.528015 -910.117188
v 934.214050 792.166504 -915.315063
v 940.999390 792.166504 -915.315063
v 940.999390 866.130615 -851.713745
v 934.214050 866.130615 -851.713745
v 934.214050 796.528015 -910.117188
v 934.214050 866.130615 -851.713745
v 934.214050 870.491943 -856.911682
v 934.214050 800.889526 -915.315063
v 940.999390 870.491943 -856.911682
v 940.999390 800.889526 -915.315063
v 940.999390 944.456055 -910.117188
v 940.999390 1014.058472 -851.713806
v 934.214050 1014.058472 -851.713806
v 934.214050 944.456055 -910.117188
v 934.214050 1018.419983 -856.911682
v 934.214050 948.817627 -915.315063
v 934.214050 948.817627 -915.315063
v 934.214050 1018.419983 -856.911682
v 940.999390 1018.419983 -856.911682
v 940.999390 948.817627 -915.315063
v 940.999390 1022.781555 -851.713806
v 940.999390 1092.384155 -910.117188
v 934.214050 1092.384155 -910.117188
v 934.214050 1022.781555 -851.713806
v 934.214050 1022.781555 -851.713806
v 934.214050 1092.384155 -910.117188
v 934.214050 1088.022583 -915.315125
v 940.999390 1088.022583 -915.315125
v 940.999390 1161.986572 -851.713806
v 934.214050 1161.986572 -851.713806
v 934.214050 1092.384155 -910.117188
v 934.214050 1161.986572 -851.713806
v 934.214050 1166.348022 -856.911743
v 934.214050 1096.745605 -915.315125
v 940.999390 1166.348022 -856.911743
v 940.999390 1096.745605 -915.315125
v 940.999390 940.094543 -915.315063
v 940.999390 874.853516 -851.713745
v 934.214050 940.094543 -915.315063
v 934.214050 874.853516 -851.713745
v 934.214050 944.456055 -910.117188
v 934.214050 874.853516 -851.713745
v 871.925903 -12.714419 -915.280579
v 871.925903 56.888081 -856.877197
v 878.711304 56.888081 -856.877197
v 878.711304 -12.714419 -915.280579
v 878.711304 -12.714419 -915.280579
v 878.711304 56.888081 -856.877197
v 878.711304 52.526546 -851.679321
v 878.711304 -17.075953 -910.082703
v 871.925903 52.526546 -851.679321
v 871.925903 -17.075953 -910.082703
v 871.925903 126.490509 -915.280640
v 878.711304 126.490509 -915.280640
v 878.711304 130.852051 -910.082703
v 878.711304 61.249615 -851.679321
v 878.711304 61.249615 -851.679321
v 878.711304 130.852051 -910.082703
v 871.925903 130.852051 -910.082703
v 871.925903 61.249615 -851.679321
v 871.925903 135.213577 -915.280640
v 871.925903 204.816055 -856.877258
v 878.711304 204.816055 -856.877258
v 878.711304 135.213577 -915.280640
v 878.711304 135.213577 -915.280640
v 878.711304 204.816055 -856.877258
v 878.711304 200.454544 -851.679321
v 871.925903 200.454544 -851.679321
v 871.925903 274.418518 -915.280640
v 878.711304 274.418518 -915.280640
v 878.711304 204.816055 -856.877258
v 878.711304 274.418518 -915.280640
v 878.711304 278.779999 -910.082764
v 878.711304 209.177567 -851.679321
v 871.925903 278.779999 -910.082764
v 871.925903 209.177567 -851.679321
v 871.925903 352.744019 -856.877258
v 871.925903 422.346497 -915.280701
v 878.711304 422.346497 -915.280701
v 878.711304 352.744019 -856.877258
v 878.711304 426.708008 -910.082764
v 878.711304 357.105560 -851.679382
v 878.711304 357.105560 -851.679382
v 878.711304 426.708008 -910.082764
v 871.925903 426.708008 -910.082764
v 871.925903 357.105560 -851.679382
v 871.925903 431.069519 -915.280701
v 871.925903 500.672028 -856.877258
v 878.711304 500.672028 -856.877258
v 878.711304 431.069519 -915.280701
v 878.711304 431.069519 -915.280701
v 878.711304 500.672028 -856.877258
v 878.711304 496.310486 -851.679382
v 871.925903 496.310486 -851.679382
v 871.925903 570.274536 -915.280701
v 878.711304 570.274536 -915.280701
v 878.711304 570.274536 -915.280701
v 878.711304 574.635986 -910.082764
v 878.711304 505.033569 -851.679382
v 871.925903 574.636047 -910.082764
v 871.925903 505.033569 -851.679382
v 871.925903 348.382507 -851.679382
v 871.925903 283.141541 -915.280640
v 878.711304 348.382507 -851.679382
v 878.711304 283.141541 -915.280640
v 878.711304 352.744019 -856.877258
v 878.711304 283.141541 -915.280640
v 871.925903 578.997559 -915.280701
v 871.925903 648.600037 -856.877319
v 878.711304 648.600037 -856.877319
v 878.711304 578.997559 -915.280701
v 878.711304 578.997559 -915.280701
v 878.711304 648.600037 -856.877319
v 878.711304 644.238525 -851.679382
v 871.925903 644.238525 -851.679382
v 871.925903 718.202515 -915.280701
v 878.711304 718.202515 -915.280701
v 878.711304 722.564026 -910.082825
v 878.711304 652.961548 -851.679382
v 878.711304 652.961548 -851.679382
v 878.711304 722.564026 -910.082825
v 871.925903 722.564026 -910.082825
v 871.925903 652.961548 -851.679382
v 871.925903 726.925598 -915.280701
v 871.925903 796.528015 -856.877319
v 878.711304 796.528015 -856.877319
v 878.711304 726.925598 -915.280701
v 878.711304 726.925598 -915.280701
v 878.711304 796.528015 -856.877319
v 878.711304 792.166565 -851.679443
v 871.925903 792.166565 -851.679443
v 871.925903 866.130615 -915.280762
v 878.711304 866.130615 -915.280762
v 878.711304 796.528015 -856.877319
v 878.711304 866.130615 -915.280762
v 878.711304 870.491943 -910.082825
v 878.711304 800.889587 -851.679443
v 871.925903 870.491943 -910.082825
v 871.925903 800.889587 -851.679443
v 871.925903 944.456055 -856.877380
v 871.925903 1014.058472 -915.280762
v 878.711304 1014.058472 -915.280762
v 878.711304 944.456055 -856.877380
v 878.711304 1018.419983 -910.082886
v 878.711304 948.817627 -851.679443
v 878.711304 948.817627 -851.679443
v 878.711304 1018.419983 -910.082886
v 871.925903 1018.419983 -910.082886
v 871.925903 948.817627 -851.679443
v 871.925903 1022.781555 -915.280762
v 871.925903 1092.384155 -856.877380
v 878.711304 1092.384155 -856.877380
v 878.711304 1022.781555 -915.280762
v 878.711304 1022.781555 -915.280762
v 878.711304 1092.384155 -856.877380
v 878.711304 1088.022583 -851.679504
v 871.925903 1088.022583 -851.679504
v 871.925903 1161.986450 -915.280762
v 878.711304 1161.986450 -915.280762
v 878.711304 1092.384155 -856.877380
v 878.711304 1161.986450 -915.280762
v 878.711304 1166.348022 -910.082886
v 878.711304 1096.745605 -851.679504
v 871.925903 1166.348022 -910.082886
v 871.925903 1096.745605 -851.679504
v 871.925903 940.094543 -851.679443
v 871.925903 874.853455 -915.280762
v 878.711304 940.094543 -851.679443
v 878.711304 874.853455 -915.280762
v 878.711304 944.456055 -856.877380
v 878.711304 874.853455 -915.280762
v 938.245605 -12.714372 -918.034424
v 879.842163 56.888119 -918.034424
v 879.842163 56.888119 -911.249023
v 938.245605 -12.714371 -911.249023
v 938.245605 -12.714371 -911.249023
v 879.842163 56.888119 -911.249023
v 874.644287 52.526585 -911.249023
v 933.047668 -17.075905 -911.249023
v 874.644287 52.526585 -918.034424
v 933.047668 -17.075907 -918.034424
v 938.245605 126.490562 -918.034424
v 938.245605 126.490562 -911.249084
v 933.047668 130.852097 -911.249084
v 874.644287 61.249653 -911.249023
v 874.644287 61.249653 -911.249023
v 933.047668 130.852097 -911.249084
v 933.047668 130.852097 -918.034424
v 874.644287 61.249653 -918.034424
v 938.245605 135.213623 -918.034485
v 879.842163 204.816071 -918.034485
v 879.842163 204.816071 -911.249084
v 938.245605 135.213623 -911.249084
v 938.245605 135.213623 -911.249084
v 879.842163 204.816071 -911.249084
v 874.644287 200.454559 -911.249084
v 874.644287 200.454559 -918.034485
v 938.245605 274.418549 -918.034485
v 938.245605 274.418549 -911.249084
v 879.842163 204.816071 -911.249084
v 938.245605 274.418549 -911.249084
v 933.047668 278.780060 -911.249084
v 874.644287 209.177582 -911.249084
v 933.047668 278.780060 -918.034485
v 874.644287 209.177582 -918.034485
v 879.842163 352.744080 -918.034485
v 938.245605 422.346497 -918.034485
v 938.245605 422.346527 -911.249084
v 879.842163 352.744080 -911.249084
v 933.047668 426.708008 -911.249084
v 874.644287 357.105560 -911.249084
v 874.644287 357.105560 -911.249084
v 933.047668 426.708008 -911.249084
v 933.047668 426.708008 -918.034485
v 874.644287 357.105560 -918.034485
v 938.245605 431.069519 -918.034485
v 879.842163 500.672028 -918.034485
v 879.842163 500.672028 -911.249146
v 938.245605 431.069519 -911.249084
v 938.245605 431.069519 -911.249084
v 879.842163 500.672028 -911.249146
v 874.644287 496.310486 -911.249146
v 874.644287 496.310486 -918.034485
v 938.245605 570.274536 -918.034546
v 938.245605 570.274536 -911.249146
v 879.842163 500.672028 -911.249146
v 938.245605 570.274536 -911.249146
v 933.047668 574.635986 -911.249146
v 874.644287 505.033569 -911.249146
v 933.047668 574.636047 -918.034546
v 874.644287 505.033569 -918.034485
v 874.644287 348.382538 -918.034485
v 938.245605 283.141571 -918.034485
v 874.644287 348.382538 -911.249084
v 938.245605 283.141571 -911.249084
v 879.842163 352.744080 -911.249084
v 938.245605 283.141571 -911.249084
v 938.245605 578.997559 -918.034546
v 879.842163 648.600037 -918.034546
v 879.842163 648.600037 -911.249146
v 938.245605 578.997559 -911.249146
v 938.245605 578.997559 -911.249146
v 879.842163 648.600037 -911.249146
v 874.644287 644.238464 -911.249146
v 874.644287 644.238464 -918.034546
v 938.245605 718.202515 -918.034546
v 938.245605 718.202515 -911.249146
v 933.047668 722.564026 -911.249146
v 874.644287 652.961548 -911.249146
v 874.644287 652.961548 -911.249146
v 933.047668 722.564026 -911.249146
v 933.047668 722.564026 -918.034546
v 874.644287 652.961548 -918.034546
v 938.245605 726.925598 -918.034546
v 879.842163 796.528015 -918.034546
v 879.842163 796.528015 -911.249146
v 938.245605 726.925598 -911.249146
v 938.245605 726.925598 -911.249146
v 879.842163 796.528015 -911.249146
v 874.644287 792.166565 -911.249146
v 874.644287 792.166504 -918.034546
v 938.245605 866.130615 -918.034546
v 938.245605 866.130615 -911.249207
v 879.842163 796.528015 -911.249146
v 938.245605 866.130615 -911.249207
v 933.047668 870.491943 -911.249207
v 874.644287 800.889526 -911.249146
v 933.047668 870.491943 -918.034546
v 874.644287 800.889526 -918.034546
v 879.842163 944.456055 -918.034607
v 938.245605 1014.058472 -918.034607
v 938.245605 1014.058472 -911.249207
v 879.842163 944.456055 -911.249207
v 933.047668 1018.419800 -911.249207
v 874.644287 948.817627 -911.249207
v 874.644287 948.817627 -911.249207
v 933.047668 1018.419800 -911.249207
v 933.047668 1018.419800 -918.034607
v 874.644287 948.817627 -918.034607
v 938.245605 1022.781311 -918.034607
v 879.842163 1092.383911 -918.034607
v 879.842163 1092.383911 -911.249207
v 938.245605 1022.781311 -911.249207
v 938.245605 1022.781311 -911.249207
v 879.842163 1092.383911 -911.249207
v 874.644287 1088.022339 -911.249207
v 874.644287 1088.022339 -918.034607
v 938.245605 1161.986328 -918.034607
v 938.245605 1161.986328 -911.249207
v 879.842163 1092.383911 -911.249207
v 938.245605 1161.986328 -911.249207
v 933.047668 1166.347900 -911.249207
v 874.644287 1096.745483 -911.249207
v 933.047668 1166.347900 -918.034607
v 874.644287 1096.745483 -918.034607
v 874.644287 940.094543 -918.034607
v 938.245605 874.853455 -918.034546
v 874.644287 940.094543 -911.249207
v 938.245605 874.853455 -911.249207
v 879.842163 944.456055 -911.249207
v 938.245605 874.853455 -911.249207
v 874.678589 -12.714360 -848.960938
v 933.082031 56.888130 -848.960938
v 933.082031 56.888126 -855.746338
v 874.678589 -12.714361 -855.746338
v 874.678589 -12.714361 -855.746338
v 933.082031 56.888126 -855.746338
v 938.279907 52.526592 -855.746338
v 879.876526 -17.075895 -855.746338
v 938.279907 52.526596 -848.960938
v 879.876526 -17.075895 -848.960938
v 874.678589 126.490570 -848.960938
v 874.678589 126.490570 -855.746338
v 879.876526 130.852097 -855.746338
v 938.279907 61.249660 -855.746338
v 938.279907 61.249660 -855.746338
v 879.876526 130.852097 -855.746338
v 879.876526 130.852112 -848.960938
v 938.279907 61.249664 -848.960938
v 874.678589 135.213638 -848.960999
v 933.082031 204.816086 -848.960999
v 933.082031 204.816086 -855.746399
v 874.678589 135.213638 -855.746338
v 874.678589 135.213638 -855.746338
v 933.082031 204.816086 -855.746399
v 938.279907 200.454575 -855.746399
v 938.279907 200.454575 -848.960999
v 874.678589 274.418579 -848.960999
v 874.678589 274.418579 -855.746399
v 933.082031 204.816086 -855.746399
v 874.678589 274.418579 -855.746399
v 879.876526 278.780060 -855.746399
v 938.279907 209.177597 -855.746399
v 879.876526 278.780060 -848.960999
v 938.279907 209.177597 -848.960999
v 933.082031 352.744080 -848.960999
v 874.678589 422.346527 -848.960999
v 874.678589 422.346527 -855.746399
v 933.082031 352.744080 -855.746399
v 879.876526 426.708008 -855.746399
v 938.279907 357.105560 -855.746399
v 938.279907 357.105560 -855.746399
v 879.876526 426.708008 -855.746399
v 879.876526 426.708008 -848.960999
v 938.279907 357.105560 -848.960999
v 874.678589 431.069550 -848.960999
v 933.082031 500.672028 -848.960999
v 933.082031 500.672028 -855.746399
v 874.678589 431.069550 -855.746399
v 874.678589 431.069550 -855.746399
v 933.082031 500.672028 -855.746399
v 938.279907 496.310486 -855.746399
v 938.279907 496.310486 -848.960999
v 874.678589 570.274536 -848.961060
v 874.678589 570.274536 -855.746460
v 933.082031 500.672028 -855.746399
v 874.678589 570.274536 -855.746460
v 879.876526 574.635986 -855.746460
v 938.279907 505.033569 -855.746399
v 879.876526 574.635986 -848.961060
v 938.279907 505.033569 -848.960999
v 938.279907 348.382538 -848.960999
v 874.678589 283.141602 -848.960999
v 938.279907 348.382538 -855.746399
v 874.678589 283.141602 -855.746399
v 933.082031 352.744080 -855.746399
v 874.678589 283.141602 -855.746399
v 874.678589 578.997620 -848.961060
v 933.082031 648.600037 -848.961060
v 933.082031 648.600037 -855.746460
v 874.678589 578.997559 -855.746460
v 874.678589 578.997559 -855.746460
v 933.082031 648.600037 -855.746460
v 938.279907 644.238525 -855.746460
v 938.279907 644.238525 -848.961060
v 874.678589 718.202515 -848.961060
v 874.678589 718.202515 -855.746460
v 879.876526 722.564026 -855.746460
v 938.279907 652.961548 -855.746460
v 938.279907 652.961548 -855.746460
v 879.876526 722.564026 -855.746460
v 879.876526 722.564026 -848.961060
v 938.279907 652.961548 -848.961060
v 874.678589 726.925598 -848.961060
v 933.082031 796.528015 -848.961060
v 933.082031 796.528015 -855.746460
v 874.678589 726.925598 -855.746460
v 874.678589 726.925598 -855.746460
v 933.082031 796.528015 -855.746460
v 938.279907 792.166565 -855.746460
v 938.279907 792.166565 -848.961060
v 874.678589 866.130615 -848.961060
v 874.678589 866.130615 -855.746460
v 933.082031 796.528015 -855.746460
v 874.678589 866.130615 -855.746460
v 879.876526 870.491943 -855.746460
v 938.279907 800.889587 -855.746460
v 879.876526 870.491943 -848.961060
v 938.279907 800.889587 -848.961060
v 933.082031 944.456055 -848.961121
v 874.678589 1014.058472 -848.961121
v 874.678589 1014.058472 -855.746521
v 933.082031 944.456055 -855.746521
v 879.876526 1018.419800 -855.746521
v 938.279907 948.817627 -855.746521
v 938.279907 948.817627 -855.746521
v 879.876526 1018.419800 -855.746521
v 879.876526 1018.419800 -848.961121
v 938.279907 948.817627 -848.961121
v 874.678589 1022.781372 -848.961121
v 933.082031 1092.383911 -848.961121
v 933.082031 1092.383911 -855.746521
v 874.678589 1022.781372 -855.746521
v 874.678589 1022.781372 -855.746521
v 933.082031 1092.383911 -855.746521
v 938.279907 1088.022339 -855.746521
v 938.279907 1088.022461 -848.961121
v 874.678589 1161.986328 -848.961121
v 874.678589 1161.986328 -855.746521
v 933.082031 1092.383911 -855.746521
v 874.678589 1161.986328 -855.746521
v 879.876526 1166.347900 -855.746521
v 938.279907 1096.745483 -855.746521
v 879.876526 1166.347900 -848.961121
v 938.279907 1096.745483 -848.961121
v 938.279907 940.094543 -848.961121
v 874.678589 874.853516 -848.961060
v 938.279907 940.094543 -855.746521
v 874.678589 874.853516 -855.746460
v 933.082031 944.456055 -855.746521
v 874.678589 874.853516 -855.746460
v 75.386482 990.630981 -849.624573
v 144.988968 932.227600 -849.624573
v 144.988968 932.227600 -855.083679
v 75.386482 990.630981 -855.083679
v 75.386482 990.630981 -855.083679
v 144.988968 932.227600 -855.083679
v 140.627426 927.029663 -855.083679
v 71.024948 985.433105 -855.083679
v 140.627426 927.029663 -849.624573
v 71.024948 985.433105 -849.624573
v 297.278442 927.029663 -849.624573
v 366.880859 985.432983 -849.624573
v 362.519318 990.630920 -849.624573
v 292.916931 932.227600 -849.624573
v 297.278442 927.029663 -855.083679
v 366.880859 985.433105 -855.083679
v 292.916931 932.227600 -855.083679
v 362.519318 990.630859 -855.083679
v 362.519318 990.630859 -855.083679
v 292.916931 932.227600 -855.083679
v 218.952805 985.433105 -849.624573
v 288.555389 927.029663 -849.624573
v 223.314331 990.630981 -849.624573
v 218.952805 985.433105 -855.083679
v 288.555389 927.029663 -855.083679
v 223.314331 990.630981 -855.083679
v 292.916931 932.227600 -855.083679
v 223.314331 990.630981 -855.083679
v 149.350494 927.029663 -849.624573
v 214.591461 990.630981 -849.624573
v 149.350494 927.029663 -855.083679
v 214.591461 990.630981 -855.083679
v 218.952805 985.433105 -855.083679
v 149.350494 927.029663 -855.083679
v 1.422459 927.029663 -849.624573
v 66.663513 990.630981 -849.624573
v -2.938980 932.227600 -849.624573
v 1.422459 927.029663 -855.083679
v -2.938980 932.227600 -855.083679
v 66.663513 990.630981 -855.083679
v 66.663513 990.630981 -855.083679
v -2.938980 932.227600 -855.083679
v -76.903000 985.433105 -849.624573
v -7.300514 927.029663 -849.624573
v -72.541466 990.630981 -849.624573
v -76.903000 985.433105 -855.083679
v -7.300514 927.029663 -855.083679
v -72.541466 990.630981 -855.083679
v -2.938980 932.227600 -855.083679
v -72.541466 990.630981 -855.083679
v -146.505432 927.029663 -849.624573
v -81.264534 990.630981 -849.624573
v -150.866959 932.227600 -849.624573
v -146.505432 927.029663 -855.083679
v -150.866959 932.227600 -855.083679
v -81.264534 990.630981 -855.083679
v -76.903000 985.433105 -855.083679
v -146.505432 927.029663 -855.083679
v -224.830933 985.433105 -849.624573
v -155.228500 927.029663 -849.624573
v -220.469406 990.630981 -849.624573
v -224.831039 985.433105 -855.083679
v -155.228500 927.029663 -855.083679
v -220.469406 990.630981 -855.083679
v -150.866959 932.227600 -855.083679
v -220.469406 990.630981 -855.083679
v -516.325500 990.630981 -849.624573
v -446.723083 932.227600 -849.624573
v -446.723083 932.227600 -855.083679
v -516.325500 990.630981 -855.083679
v -516.325500 990.630981 -855.083679
v -446.723083 932.227600 -855.083679
v -451.084625 927.029663 -855.083679
v -520.687012 985.433105 -855.083679
v -451.084625 927.029663 -849.624573
v -520.687012 985.433105 -849.624573
v -294.433441 927.029663 -849.624573
v -229.192474 990.630981 -849.624573
v -298.794952 932.227600 -849.624573
v -294.433441 927.029663 -855.083679
v -298.794952 932.227600 -855.083679
v -229.192474 990.630981 -855.083679
v -229.192474 990.630981 -855.083679
v -298.794952 932.227600 -855.083679
v -372.759064 985.433105 -849.624573
v -303.156494 927.029663 -849.624573
v -368.397522 990.630981 -849.624573
v -372.759064 985.433105 -855.083679
v -303.156494 927.029663 -855.083679
v -368.397522 990.630981 -855.083679
v -298.794952 932.227600 -855.083679
v -368.397522 990.630981 -855.083679
v -442.361542 927.029663 -849.624573
v -377.120483 990.630981 -849.624573
v -442.361542 927.029663 -855.083679
v -377.120483 990.630981 -855.083679
v -372.759064 985.433105 -855.083679
v -442.361542 927.029663 -855.083679
v -590.289429 927.029663 -849.624573
v -525.048523 990.630981 -849.624573
v -594.650940 932.227600 -849.624573
v -590.289429 927.029663 -855.083679
v -594.650940 932.227600 -855.083679
v -525.048523 990.630981 -855.083679
v -525.048523 990.630981 -855.083679
v -594.650940 932.227600 -855.083679
v -668.615051 985.433105 -849.624573
v -599.012451 927.029663 -849.624573
v -664.253540 990.630981 -849.624573
v -668.615051 985.433105 -855.083679
v -599.012451 927.029663 -855.083679
v -664.253540 990.630981 -855.083679
v -594.650940 932.227600 -855.083679
v -664.253540 990.630981 -855.083679
v -738.217468 927.029663 -849.624573
v -672.976562 990.630981 -849.624573
v -742.578979 932.227600 -849.624573
v -738.217468 927.029663 -855.083679
v -742.578979 932.227600 -855.083679
v -672.976562 990.630981 -855.083679
v -668.615051 985.433105 -855.083679
v -738.217468 927.029663 -855.083679
v -816.542908 985.433105 -849.624573
v -746.940491 927.029663 -849.624573
v -812.181396 990.630981 -849.624573
v -816.542908 985.433105 -855.083679
v -746.940491 927.029663 -855.083679
v -812.181396 990.630981 -855.083679
v -742.578979 932.227600 -855.083679
v -812.181396 990.630981 -855.083679
v 75.386482 927.064026 -917.371094
v 144.988968 985.467407 -917.371094
v 144.988968 985.467407 -911.911987
v 75.386482 927.064026 -911.911987
v 75.386482 927.064026 -911.911987
v 144.988968 985.467407 -911.911987
v 140.627426 990.665283 -911.911987
v 71.024948 932.261902 -911.911987
v 140.627426 990.665283 -917.371094
v 71.024948 932.261902 -917.371094
v 297.278442 990.665283 -917.371094
v 366.880859 932.261841 -917.371094
v 362.519318 927.063904 -917.371094
v 292.916931 985.467407 -917.371094
v 297.278442 990.665283 -911.911987
v 366.880859 932.261841 -911.911987
v 292.916931 985.467407 -911.911987
v 362.519318 927.063904 -911.911987
v 362.519318 927.063904 -911.911987
v 292.916931 985.467407 -911.911987
v 218.952805 932.261902 -917.371094
v 288.555389 990.665283 -917.371094
v 223.314331 927.064026 -917.371094
v 218.952805 932.261902 -911.911987
v 288.555389 990.665283 -911.911987
v 223.314331 927.064026 -911.911987
v 292.916931 985.467407 -911.911987
v 223.314331 927.064026 -911.911987
v 149.350494 990.665283 -917.371094
v 214.591461 927.064026 -917.371094
v 149.350494 990.665283 -911.911987
v 214.591461 927.064026 -911.911987
v 218.952805 932.261902 -911.911987
v 149.350494 990.665283 -911.911987
v 1.422459 990.665283 -917.371094
v 66.663513 927.064026 -917.371094
v -2.938980 985.467407 -917.371094
v 1.422459 990.665283 -911.911987
v -2.938980 985.467407 -911.911987
v 66.663513 927.064026 -911.911987
v 66.663513 927.064026 -911.911987
v -2.938980 985.467407 -911.911987
v -76.903000 932.261902 -917.371094
v -7.300514 990.665283 -917.371094
v -72.541466 927.064026 -917.371094
v -76.903000 932.261902 -911.911987
v -7.300514 990.665283 -911.911987
v -72.541466 927.064026 -911.911987
v -2.938980 985.467407 -911.911987
v -72.541466 927.064026 -911.911987
v -146.505432 990.665283 -917.371094
v -81.264534 927.064026 -917.371094
v -150.866959 985.467407 -917.371094
v -146.505432 990.665283 -911.911987
v -150.866959 985.467407 -911.911987
v -81.264534 927.064026 -911.911987
v -76.903000 932.261902 -911.911987
v -146.505432 990.665283 -911.911987
v -224.831039 932.261902 -917.371094
v -155.228500 990.665283 -917.371094
v -220.469498 927.064026 -917.371094
v -224.831039 932.261902 -911.911987
v -155.228500 990.665283 -911.911987
v -220.469498 927.064026 -911.911987
v -150.866959 985.467407 -911.911987
v -220.469498 927.064026 -911.911987
v -516.325500 927.064026 -917.371094
v -446.723083 985.467407 -917.371094
v -446.723083 985.467407 -911.911987
v -516.325500 927.064026 -911.911987
v -516.325500 927.064026 -911.911987
v -446.723083 985.467407 -911.911987
v -451.084625 990.665283 -911.911987
v -520.687012 932.261902 -911.911987
v -451.084625 990.665283 -917.371094
v -520.687012 932.261902 -917.371094
v -294.433441 990.665283 -917.371094
v -229.192566 927.064026 -917.371094
v -298.794952 985.467407 -917.371094
v -294.433441 990.665283 -911.911987
v -298.794952 985.467407 -911.911987
v -229.192566 927.064026 -911.911987
v -229.192566 927.064026 -911.911987
v -298.794952 985.467407 -911.911987
v -372.759064 932.261902 -917.371094
v -303.156494 990.665283 -917.371094
v -368.397522 927.064026 -917.371094
v -372.759064 932.261902 -911.911987
v -303.156494 990.665283 -911.911987
v -368.397522 927.064026 -911.911987
v -298.794952 985.467407 -911.911987
v -368.397522 927.064026 -911.911987
v -442.361542 990.665283 -917.371094
v -377.120483 927.064026 -917.371094
v -442.361542 990.665283 -911.911987
v -377.120483 927.064026 -911.911987
v -372.759064 932.261902 -911.911987
v -442.361542 990.665283 -911.911987
v -590.289429 990.665283 -917.371094
v -525.048523 927.064026 -917.371094
v -594.650940 985.467407 -917.371094
v -590.289429 990.665283 -911.911987
v -594.650940 985.467407 -911.911987
v -525.048523 927.064026 -911.911987
v -525.048523 927.064026 -911.911987
v -594.650940 985.467407 -911.911987
v -668.615051 932.261902 -917.371094
v -599.012451 990.665283 -917.371094
v -664.253540 927.064026 -917.371094
v -668.615051 932.261902 -911.911987
v -599.012451 990.665283 -911.911987
v -664.253540 927.064026 -911.911987
v -594.650940 985.467407 -911.911987
v -664.253540 927.064026 -911.911987
v -738.217468 990.665283 -917.371094
v -672.976562 927.064026 -917.371094
v -742.578979 985.467407 -917.371094
v -738.217468 990.665283 -911.911987
v -742.578979 985.467407 -911.911987
v -672.976562 927.064026 -911.911987
v -668.615051 932.261902 -911.911987
v -738.217468 990.665283 -911.911987
v -816.542908 932.261902 -917.371094
v -746.940491 990.665283 -917.371094
v -812.181396 927.064026 -917.371094
v -816.542908 932.261902 -911.911987
v -746.940491 990.665283 -911.911987
v -812.181396 927.064026 -911.911987
v -742.578979 985.467407 -911.911987
v -812.181396 927.064026 -911.911987
v 75.386482 992.290161 -915.280762
v 144.988968 992.290161 -856.877380
v 144.988968 987.690979 -856.877380
v 75.386482 987.690979 -915.280762
v 75.386482 987.690979 -915.280762
v 144.988968 987.690979 -856.877380
v 140.627426 987.690979 -851.679443
v 71.024948 987.690979 -910.082886
v 140.627426 992.290161 -851.679443
v 71.024948 992.290161 -910.082886
v 297.278534 992.290161 -851.679443
v 366.880951 992.290161 -910.082886
v 362.519409 992.290161 -915.280762
v 292.917023 992.290161 -856.877380
v 297.278534 987.690979 -851.679443
v 366.880951 987.690979 -910.082886
v 292.917023 987.690979 -856.877380
v 362.519409 987.690979 -915.280762
v 362.519409 987.690979 -915.280762
v 292.917023 987.690979 -856.877380
v 218.952896 992.290161 -910.082886
v 288.555481 992.290161 -851.679443
v 223.314423 992.290161 -915.280762
v 218.952896 987.690979 -910.082886
v 288.555481 987.690979 -851.679443
v 223.314423 987.690979 -915.280762
v 292.917023 987.690979 -856.877380
v 223.314423 987.690979 -915.280762
v 149.350494 992.290161 -851.679443
v 214.591461 992.290161 -915.280762
v 149.350494 987.690979 -851.679443
v 214.591461 987.690979 -915.280762
v 218.952896 987.690979 -910.082886
v 149.350494 987.690979 -851.679443
v 1.422507 992.290161 -851.679443
v 66.663513 992.290161 -915.280762
v -2.938980 992.290161 -856.877380
v 1.422507 987.690979 -851.679443
v -2.938980 987.690979 -856.877380
v 66.663513 987.690979 -915.280762
v 66.663513 987.690979 -915.280762
v -2.938980 987.690979 -856.877380
v -76.903000 992.290161 -910.082886
v -7.300514 992.290161 -851.679443
v -72.541466 992.290161 -915.280762
v -76.903000 987.690979 -910.082886
v -7.300514 987.690979 -851.679443
v -72.541466 987.690979 -915.280762
v -2.938980 987.690979 -856.877380
v -72.541466 987.690979 -915.280762
v -146.505432 992.290161 -851.679443
v -81.264534 992.290161 -915.280762
v -150.866959 992.290161 -856.877380
v -146.505432 987.690979 -851.679443
v -150.866959 987.690979 -856.877380
v -81.264534 987.690979 -915.280762
v -76.903000 987.690979 -910.082886
v -146.505432 987.690979 -851.679443
v -224.831039 992.290161 -910.082886
v -155.228500 992.290161 -851.679443
v -220.469406 992.290161 -915.280762
v -224.830933 987.690979 -910.082886
v -155.228500 987.690979 -851.679443
v -220.469406 987.690979 -915.280762
v -150.866959 987.690979 -856.877380
v -220.469406 987.690979 -915.280762
v -516.325562 992.290161 -915.280762
v -446.723083 992.290161 -856.877380
v -446.723083 987.690979 -856.877380
v -516.325562 987.690979 -915.280762
v -516.325562 987.690979 -915.280762
v -446.723083 987.690979 -856.877380
v -451.084625 987.690979 -851.679443
v -520.687073 987.690979 -910.082886
v -451.084625 992.290161 -851.679443
v -520.687073 992.290161 -910.082886
v -294.433441 992.290161 -851.679443
v -229.192474 992.290161 -915.280762
v -298.794952 992.290161 -856.877380
v -294.433441 987.690979 -851.679443
v -298.794952 987.690979 -856.877380
v -229.192474 987.690979 -915.280762
v -229.192474 987.690979 -915.280762
v -298.794952 987.690979 -856.877380
v -372.759064 992.290161 -910.082886
v -303.156494 992.290161 -851.679443
v -368.397522 992.290161 -915.280762
v -372.759064 987.690979 -910.082886
v -303.156494 987.690979 -851.679443
v -368.397522 987.690979 -915.280762
v -298.794952 987.690979 -856.877380
v -368.397522 987.690979 -915.280762
v -442.361542 992.290161 -851.679443
v -377.120483 992.290161 -915.280762
v -442.361542 987.690979 -851.679443
v -377.120483 987.690979 -915.280762
v -372.759064 987.690979 -910.082886
v -442.361542 987.690979 -851.679443
v -590.289612 992.290161 -851.679443
v -525.048523 992.290161 -915.280762
v -594.650940 992.290161 -856.877380
v -590.289612 987.690979 -851.679443
v -594.650940 987.690979 -856.877380
v -525.048523 987.690979 -915.280762
v -525.048523 987.690979 -915.280762
v -594.650940 987.690979 -856.877380
v -668.615051 992.290161 -910.082886
v -599.012451 992.290161 -851.679443
v -664.253540 992.290161 -915.280762
v -668.615051 987.690979 -910.082886
v -599.012451 987.690979 -851.679443
v -664.253540 987.690979 -915.280762
v -594.650940 987.690979 -856.877380
v -664.253540 987.690979 -915.280762
v -738.217468 992.290161 -851.679443
v -672.976562 992.290161 -915.280762
v -742.578979 992.290161 -856.877380
v -738.217468 987.690979 -851.679443
v -742.578979 987.690979 -856.877380
v -672.976562 987.690979 -915.280762
v -668.615051 987.690979 -910.082886
v -738.217468 987.690979 -851.679443
v -816.543091 992.290161 -910.082886
v -746.940491 992.290161 -851.679443
v -812.181580 992.290161 -915.280762
v -816.543091 987.691101 -910.082886
v -746.940491 987.690979 -851.679443
v -812.181580 987.691101 -915.280762
v -742.578979 987.690979 -856.877380
v -812.181580 987.691101 -915.280762
v 75.386482 925.403259 -851.713806
v 144.988968 925.403259 -910.117188
v 144.988968 930.002441 -910.117188
v 75.386482 930.002502 -851.713806
v 75.386482 930.002502 -851.713806
v 144.988968 930.002441 -910.117188
v 140.627426 930.002441 -915.315063
v 71.024948 930.002502 -856.911682
v 140.627426 925.403259 -915.315063
v 71.024948 925.403259 -856.911682
v 297.278534 925.403259 -915.315063
v 366.880737 925.403259 -856.911682
v 362.519409 925.403259 -851.713806
v 292.917023 925.403259 -910.117188
v 297.278534 930.002441 -915.315063
v 366.880737 930.002502 -856.911682
v 292.917023 930.002441 -910.117188
v 362.519409 930.002380 -851.713806
v 362.519409 930.002380 -851.713806
v 292.917023 930.002441 -910.117188
v 218.952896 925.403259 -856.911682
v 288.555481 925.403259 -915.315063
v 223.314423 925.403259 -851.713806
v 218.952896 930.002502 -856.911682
v 288.555481 930.002441 -915.315063
v 223.314423 930.002502 -851.713806
v 292.917023 930.002441 -910.117188
v 223.314423 930.002502 -851.713806
v 149.350494 925.403259 -915.315063
v 214.591461 925.403259 -851.713806
v 149.350494 930.002441 -915.315063
v 214.591461 930.002502 -851.713806
v 218.952896 930.002502 -856.911682
v 149.350494 930.002441 -915.315063
v 1.422507 925.403259 -915.315063
v 66.663513 925.403259 -851.713806
v -2.938980 925.403259 -910.117188
v 1.422507 930.002441 -915.315063
v -2.938980 930.002441 -910.117188
v 66.663513 930.002502 -851.713806
v 66.663513 930.002502 -851.713806
v -2.938980 930.002441 -910.117188
v -76.903000 925.403259 -856.911682
v -7.300514 925.403259 -915.315063
v -72.541466 925.403259 -851.713806
v -76.903000 930.002502 -856.911682
v -7.300514 930.002441 -915.315063
v -72.541466 930.002502 -851.713806
v -2.938980 930.002441 -910.117188
v -72.541466 930.002502 -851.713806
v -146.505432 925.403259 -915.315063
v -81.264534 925.403259 -851.713806
v -150.866959 925.403259 -910.117188
v -146.505432 930.002441 -915.315063
v -150.866959 930.002441 -910.117188
v -81.264534 930.002502 -851.713806
v -76.903000 930.002502 -856.911682
v -146.505432 930.002441 -915.315063
v -224.831039 925.403259 -856.911682
v -155.228500 925.403259 -915.315063
v -220.469498 925.403259 -851.713806
v -224.831039 930.002502 -856.911682
v -155.228500 930.002441 -915.315063
v -220.469498 930.002502 -851.713806
v -150.866959 930.002441 -910.117188
v -220.469498 930.002502 -851.713806
v -516.325562 925.403259 -851.713806
v -446.723083 925.403259 -910.117188
v -446.723083 930.002441 -910.117188
v -516.325562 930.002502 -851.713806
v -516.325562 930.002502 -851.713806
v -446.723083 930.002441 -910.117188
v -451.084625 930.002441 -915.315063
v -520.687073 930.002502 -856.911682
v -451.084625 925.403259 -915.315063
v -520.687073 925.403259 -856.911682
v -294.433441 925.403259 -915.315063
v -229.192566 925.403259 -851.713806
v -298.794952 925.403259 -910.117188
v -294.433441 930.002441 -915.315063
v -298.794952 930.002441 -910.117188
v -229.192566 930.002502 -851.713806
v -229.192566 930.002502 -851.713806
v -298.794952 930.002441 -910.117188
v -372.759064 925.403259 -856.911682
v -303.156494 925.403259 -915.315063
v -368.397522 925.403259 -851.713806
v -372.759064 930.002502 -856.911682
v -303.156494 930.002441 -915.315063
v -368.397522 930.002502 -851.713806
v -298.794952 930.002441 -910.117188
v -368.397522 930.002502 -851.713806
v -442.361542 925.403259 -915.315063
v -377.120483 925.403259 -851.713806
v -442.361542 930.002441 -915.315063
v -377.120483 930.002502 -851.713806
v -372.759064 930.002502 -856.911682
v -442.361542 930.002441 -915.315063
v -873.472717 923.949097 -848.486328
v 360.180695 923.949036 -848.486328
v 360.180695 931.525574 -848.486389
v -873.472717 931.525696 -848.486389
v -590.289612 925.403259 -915.315063
v -525.048523 925.403259 -851.713806
v -594.650940 925.403259 -910.117188
v -590.289612 930.002441 -915.315063
v -594.650940 930.002441 -910.117188
v -525.048523 930.002502 -851.713806
v -525.048523 930.002502 -851.713806
v -594.650940 930.002441 -910.117188
v -668.615051 925.403259 -856.911682
v -599.012451 925.403259 -915.315063
v -664.253540 925.403259 -851.713806
v -668.615051 930.002502 -856.911682
v -599.012451 930.002441 -915.315063
v -664.253540 930.002502 -851.713806
v -594.650940 930.002441 -910.117188
v -664.253540 930.002502 -851.713806
v -738.217468 925.403259 -915.315063
v -672.976562 925.403259 -851.713806
v -742.578979 925.403259 -910.117188
v -738.217468 930.002441 -915.315063
v -742.578979 930.002441 -910.117188
v -672.976562 930.002502 -851.713806
v -668.615051 930.002502 -856.911682
v -738.217468 930.002441 -915.315063
v -816.543091 925.403259 -856.911682
v -746.940491 925.403259 -915.315063
v -812.181580 925.403259 -851.713806
v -816.543091 930.002502 -856.911682
v -746.940491 930.002441 -915.315063
v -812.181580 930.002502 -851.713806
v -742.578979 930.002441 -910.117188
v -812.181580 930.002502 -851.713806
v -872.955444 986.150269 -848.485901
v 360.697968 986.150146 -848.485901
v 360.697968 993.726685 -848.485901
v -872.955444 993.726807 -848.485901
v -872.955444 986.150208 -918.411682
v 360.697968 986.150146 -918.411682
v 360.697968 986.150146 -910.835205
v -872.955444 986.150208 -910.835205
v -872.955444 986.150208 -910.835205
v 360.697968 986.150146 -910.835205
v 360.697968 993.726807 -910.835205
v -872.955444 993.726807 -910.835205
v 360.697968 993.726685 -918.411682
v -872.955444 993.726807 -918.411682
v -873.472717 923.949097 -910.834656
v -873.472717 923.949097 -918.411072
v 360.180695 923.949036 -918.411072
v 360.180695 923.949036 -910.834656
v -873.472717 931.525696 -910.834656
v 360.180695 931.525574 -910.834656
v -873.472717 931.525696 -918.411072
v -873.472717 931.525696 -910.834656
v 360.180695 931.525574 -910.834656
v 360.180695 931.525574 -918.411072
v -872.955444 986.150269 -856.062378
v 360.697968 986.150146 -856.062378
v -872.955444 993.726807 -856.062378
v 360.697968 993.726807 -856.062378
v 360.697968 986.150146 -856.062378
v -872.955444 986.150269 -856.062378
v -873.472717 923.949097 -856.062805
v 360.180603 923.949097 -856.062805
v -873.472717 931.525696 -856.062805
v 360.180695 931.525574 -856.062805
v 360.180695 931.525574 -856.062805
v -873.472717 931.525696 -856.062805
v 667.098328 990.630981 -849.624573
v 736.700745 932.227600 -849.624573
v 736.700745 932.227600 -855.083679
v 667.098328 990.630981 -855.083679
v 667.098328 990.630981 -855.083679
v 736.700745 932.227600 -855.083679
v 732.339172 927.029663 -855.083679
v 662.736816 985.433105 -855.083679
v 732.339172 927.029663 -849.624573
v 662.736816 985.433105 -849.624573
v 741.062256 927.029663 -849.624573
v 810.664673 985.433105 -849.624573
v 806.303223 990.630981 -849.624573
v 741.062256 927.029663 -855.083679
v 810.664673 985.433105 -855.083679
v 806.303223 990.630981 -855.083679
v 810.664673 985.433105 -855.083679
v 741.062256 927.029663 -855.083679
v 593.134277 927.029663 -849.624573
v 658.375244 990.630981 -849.624573
v 588.772766 932.227600 -849.624573
v 593.134277 927.029663 -855.083679
v 588.772766 932.227600 -855.083679
v 658.375244 990.630981 -855.083679
v 658.375244 990.630981 -855.083679
v 588.772766 932.227600 -855.083679
v 514.808777 985.433105 -849.624573
v 584.411255 927.029663 -849.624573
v 519.170288 990.630981 -849.624573
v 514.808777 985.433105 -855.083679
v 584.411255 927.029663 -855.083679
v 519.170288 990.630981 -855.083679
v 588.772766 932.227600 -855.083679
v 519.170288 990.630981 -855.083679
v 445.206360 927.029663 -849.624573
v 510.447205 990.630981 -849.624573
v 440.844818 932.227600 -849.624573
v 445.206360 927.029663 -855.083679
v 440.844818 932.227600 -855.083679
v 510.447205 990.630981 -855.083679
v 514.808777 985.433105 -855.083679
v 445.206360 927.029663 -855.083679
v 436.483337 927.029663 -849.624573
v 371.242371 990.630981 -849.624573
v 436.483337 927.029663 -855.083679
v 371.242371 990.630981 -855.083679
v 440.844818 932.227600 -855.083679
v 371.242371 990.630981 -855.083679
v 667.098328 927.064026 -917.371094
v 736.700745 985.467407 -917.371094
v 736.700745 985.467407 -911.911987
v 667.098328 927.064026 -911.911987
v 667.098328 927.064026 -911.911987
v 736.700745 985.467407 -911.911987
v 732.339172 990.665283 -911.911987
v 662.736816 932.261902 -911.911987
v 732.339172 990.665283 -917.371094
v 662.736816 932.261902 -917.371094
v 741.062256 990.665283 -917.371094
v 810.664673 932.261902 -917.371094
v 806.303223 927.064026 -917.371094
v 741.062256 990.665283 -911.911987
v 810.664673 932.261902 -911.911987
v 806.303223 927.064026 -911.911987
v 810.664673 932.261902 -911.911987
v 741.062256 990.665283 -911.911987
v 593.134277 990.665283 -917.371094
v 658.375244 927.064026 -917.371094
v 588.772766 985.467407 -917.371094
v 593.134277 990.665283 -911.911987
v 588.772766 985.467407 -911.911987
v 658.375244 927.064026 -911.911987
v 658.375244 927.064026 -911.911987
v 588.772766 985.467407 -911.911987
v 514.808777 932.261902 -917.371094
v 584.411255 990.665283 -917.371094
v 519.170288 927.064026 -917.371094
v 514.808777 932.261902 -911.911987
v 584.411255 990.665283 -911.911987
v 519.170288 927.064026 -911.911987
v 588.772766 985.467407 -911.911987
v 519.170288 927.064026 -911.911987
v 445.206360 990.665283 -917.371094
v 510.447205 927.064026 -917.371094
v 440.844818 985.467407 -917.371094
v 445.206360 990.665283 -911.911987
v 440.844818 985.467407 -911.911987
v 510.447205 927.064026 -911.911987
v 514.808777 932.261902 -911.911987
v 445.206360 990.665283 -911.911987
v 436.483337 990.665283 -917.371094
v 371.242371 927.064026 -917.371094
v 436.483337 990.665283 -911.911987
v 371.242371 927.064026 -911.911987
v 440.844818 985.467407 -911.911987
v 371.242371 927.064026 -911.911987
v 667.098206 992.290161 -915.280762
v 736.700745 992.290161 -856.877380
v 736.700745 987.690979 -856.877380
v 667.098206 987.690979 -915.280762
v 667.098206 987.690979 -915.280762
v 736.700745 987.690979 -856.877380
v 732.339172 987.690979 -851.679443
v 662.736694 987.690979 -910.082886
v 732.339172 992.290161 -851.679443
v 662.736694 992.290161 -910.082886
v 741.062256 992.290161 -851.679443
v 810.664673 992.290161 -910.082886
v 806.303223 992.290161 -915.280762
v 741.062256 987.690979 -851.679443
v 810.664673 987.690979 -910.082886
v 806.303223 987.690979 -915.280762
v 810.664673 987.690979 -910.082886
v 741.062256 987.690979 -851.679443
v 593.134216 992.290161 -851.679443
v 658.375244 992.290161 -915.280762
v 588.772766 992.290161 -856.877380
v 593.134216 987.690979 -851.679443
v 588.772766 987.690979 -856.877380
v 658.375244 987.690979 -915.280762
v 658.375244 987.690979 -915.280762
v 588.772766 987.690979 -856.877380
v 514.808777 992.290161 -910.082886
v 584.411255 992.290161 -851.679443
v 519.170288 992.290161 -915.280762
v 514.808777 987.690979 -910.082886
v 584.411255 987.690979 -851.679443
v 519.170288 987.690979 -915.280762
v 588.772766 987.690979 -856.877380
v 519.170288 987.690979 -915.280762
v 445.206360 992.290161 -851.679443
v 510.447205 992.290161 -915.280762
v 440.844818 992.290161 -856.877380
v 445.206360 987.690979 -851.679443
v 440.844818 987.690979 -856.877380
v 510.447205 987.690979 -915.280762
v 514.808777 987.690979 -910.082886
v 445.206360 987.690979 -851.679443
v 436.483337 992.290161 -851.679443
v 371.242279 992.290161 -915.280762
v 436.483337 987.690979 -851.679443
v 371.242279 987.691101 -915.280762
v 440.844818 987.690979 -856.877380
v 371.242279 987.691101 -915.280762
v 872.824585 986.150146 -918.411682
v 872.824585 986.150146 -910.835205
v 872.824585 986.150146 -910.835205
v 872.824585 993.726807 -910.835205
v 872.824585 993.726685 -918.411682
v 872.307312 923.949036 -918.411072
v 872.307312 923.949036 -910.834656
v 872.307312 931.525574 -910.834656
v 872.307312 931.525574 -910.834656
v 872.307312 931.525574 -918.411072
v 872.307312 923.949036 -848.486328
v 872.307312 931.525574 -848.486389
v 872.307190 923.949097 -856.062805
v 872.307312 931.525574 -856.062805
v 872.307312 931.525574 -856.062805
v 667.098206 925.403259 -851.713806
v 736.700745 925.403259 -910.117188
v 736.700745 930.002441 -910.117188
v 667.098206 930.002502 -851.713806
v 667.098206 930.002502 -851.713806
v 736.700745 930.002441 -910.117188
v 732.339172 930.002441 -915.315063
v 662.736694 930.002502 -856.911682
v 732.339172 925.403259 -915.315063
v 662.736694 925.403259 -856.911682
v 872.824585 986.150146 -848.485901
v 872.824585 993.726685 -848.485901
v 872.824585 986.150146 -856.062378
v 872.824585 993.726807 -856.062378
v 872.824585 986.150146 -856.062378
v 741.062256 925.403259 -915.315063
v 810.664673 925.403259 -856.911682
v 806.303223 925.403259 -851.713806
v 741.062256 930.002441 -915.315063
v 810.664673 930.002502 -856.911682
v 806.303223 930.002502 -851.713806
v 810.664673 930.002502 -856.911682
v 741.062256 930.002441 -915.315063
v 593.134216 925.403259 -915.315063
v 658.375244 925.403259 -851.713806
v 588.772766 925.403259 -910.117188
v 593.134216 930.002441 -915.315063
v 588.772766 930.002441 -910.117188
v 658.375244 930.002502 -851.713806
v 658.375244 930.002502 -851.713806
v 588.772766 930.002441 -910.117188
v 514.808777 925.403259 -856.911682
v 584.411255 925.403259 -915.315063
v 519.170288 925.403259 -851.713806
v 514.808777 930.002502 -856.911682
v 584.411255 930.002441 -915.315063
v 519.170288 930.002502 -851.713806
v 588.772766 930.002441 -910.117188
v 519.170288 930.002502 -851.713806
v 445.206360 925.403259 -915.315063
v 510.447205 925.403259 -851.713806
v 440.844818 925.403259 -910.117188
v 445.206360 930.002441 -915.315063
v 440.844818 930.002441 -910.117188
v 510.447205 930.002502 -851.713806
v 514.808777 930.002502 -856.911682
v 445.206360 930.002441 -915.315063
v 436.483337 925.403259 -915.315063
v 371.242279 925.403259 -851.713806
v 436.483337 930.002441 -915.315063
v 371.242279 930.002502 -851.713806
v 440.844818 930.002441 -910.117188
v 371.242279 930.002502 -851.713806
v -880.344788 -50.501213 -847.776672
v -880.344788 1183.152222 -847.776855
v -880.344788 1183.152222 -856.772400
v -880.344788 -50.501217 -856.772217
v -880.344788 -50.501217 -856.772217
v -880.344788 1183.152222 -856.772400
v -871.349121 1183.152222 -856.772400
v -871.349121 -50.501217 -856.772217
v -871.349121 1183.152222 -847.776855
v -871.349121 -50.501213 -847.776672
v -871.349121 1183.152222 -856.772400
v -880.344788 1183.152222 -856.772400
v -880.344788 1183.152222 -847.776855
v -871.349121 1183.152222 -847.776855
v -942.545898 -49.983879 -919.121033
v -942.545898 1183.669434 -919.121216
v -933.550232 1183.669434 -919.121216
v -933.550232 -49.983879 -919.121033
v -942.545898 -49.983868 -847.776184
v -942.545898 1183.669434 -847.776367
v -942.545898 1183.669434 -856.771912
v -942.545898 -49.983871 -856.771729
v -933.550232 1183.669434 -856.771912
v -933.550232 -49.983871 -856.771729
v -933.550232 -49.983871 -856.771729
v -933.550232 1183.669434 -856.771912
v -933.550232 1183.669434 -847.776367
v -933.550232 -49.983868 -847.776184
v -933.550232 1183.669434 -856.771912
v -942.545898 1183.669434 -856.771912
v -942.545898 1183.669434 -847.776367
v -933.550232 1183.669434 -847.776367
v -871.349121 -50.501225 -919.120483
v -880.344788 -50.501225 -919.120483
v -880.344788 1183.152222 -919.120667
v -871.349121 1183.152222 -919.120667
v -880.344788 -50.501225 -910.124939
v -880.344788 1183.152222 -910.125122
v -880.344788 -50.501225 -910.124939
v -871.349121 -50.501225 -910.124939
v -871.349121 1183.152222 -910.125122
v -880.344788 1183.152222 -910.125122
v -871.349121 1183.152222 -910.125122
v -871.349121 1183.152222 -919.120667
v -880.344788 1183.152222 -919.120667
v -880.344788 1183.152222 -910.125122
v -942.545898 -49.983879 -910.125488
v -942.545898 1183.669434 -910.125732
v -933.550232 -49.983879 -910.125488
v -933.550232 1183.669434 -910.125732
v -933.550232 1183.669434 -910.125732
v -933.550232 -49.983879 -910.125488
v -933.550232 1183.669434 -910.125732
v -933.550232 1183.669434 -919.121216
v -942.545898 1183.669434 -919.121216
v -942.545898 1183.669434 -910.125732
v -872.419739 -12.714409 -851.713623
v -872.419739 56.888073 -910.117065
v -879.205139 56.888073 -910.117065
v -879.205139 -12.714409 -851.713623
v -879.205139 -12.714409 -851.713623
v -879.205139 56.888073 -910.117065
v -879.205139 52.526535 -915.314941
v -879.205139 -17.075932 -856.911560
v -872.419739 52.526535 -915.314941
v -872.419739 -17.075932 -856.911560
v -872.419739 126.490547 -851.713623
v -879.205139 126.490547 -851.713623
v -879.205139 130.852051 -856.911560
v -879.205139 61.249580 -915.314941
v -879.205139 61.249580 -915.314941
v -879.205139 130.852051 -856.911560
v -872.419739 130.852051 -856.911560
v -872.419739 61.249580 -915.314941
v -872.419739 135.213593 -851.713684
v -872.419739 204.816040 -910.117065
v -879.205139 204.816040 -910.117065
v -879.205139 135.213593 -851.713684
v -879.205139 135.213593 -851.713684
v -879.205139 204.816040 -910.117065
v -879.205139 200.454529 -915.314941
v -872.419739 200.454529 -915.314941
v -872.419739 274.418518 -851.713684
v -879.205139 274.418518 -851.713684
v -879.205139 204.816040 -910.117065
v -879.205139 274.418518 -851.713684
v -879.205139 278.779999 -856.911560
v -879.205139 209.177551 -915.314941
v -872.419739 278.779999 -856.911560
v -872.419739 209.177551 -915.314941
v -872.419739 352.744019 -910.117065
v -872.419739 422.346527 -851.713684
v -879.205139 422.346527 -851.713684
v -879.205139 352.744019 -910.117065
v -879.205139 426.708008 -856.911621
v -879.205139 357.105560 -915.315002
v -879.205139 357.105560 -915.315002
v -879.205139 426.708008 -856.911621
v -872.419739 426.708008 -856.911621
v -872.419739 357.105560 -915.315002
v -872.419739 431.069550 -851.713684
v -872.419739 500.672028 -910.117126
v -879.205139 500.672028 -910.117126
v -879.205139 431.069550 -851.713684
v -879.205139 431.069550 -851.713684
v -879.205139 500.672028 -910.117126
v -879.205139 496.310486 -915.315002
v -872.419739 496.310486 -915.315002
v -872.419739 570.274536 -851.713745
v -879.205139 570.274536 -851.713745
v -879.205139 500.672028 -910.117126
v -879.205139 570.274536 -851.713745
v -879.205139 574.635986 -856.911621
v -879.205139 505.033569 -915.315002
v -872.419739 574.635986 -856.911621
v -872.419739 505.033569 -915.315002
v -872.419739 348.382477 -915.315002
v -872.419739 283.141541 -851.713684
v -879.205139 348.382477 -915.315002
v -879.205139 283.141541 -851.713684
v -879.205139 352.744019 -910.117065
v -879.205139 283.141541 -851.713684
v -872.419739 578.997620 -851.713745
v -872.419739 648.600037 -910.117126
v -879.205139 648.600037 -910.117126
v -879.205139 578.997620 -851.713745
v -879.205139 578.997620 -851.713745
v -879.205139 648.600037 -910.117126
v -879.205139 644.238464 -915.315063
v -872.419739 644.238464 -915.315063
v -872.419739 718.202515 -851.713745
v -879.205139 718.202515 -851.713745
v -879.205139 722.564026 -856.911682
v -879.205139 652.961548 -915.315063
v -879.205139 652.961548 -915.315063
v -879.205139 722.564026 -856.911682
v -872.419739 722.564026 -856.911682
v -872.419739 652.961548 -915.315063
v -872.419739 726.925598 -851.713745
v -872.419739 796.528015 -910.117188
v -879.205139 796.528015 -910.117188
v -879.205139 726.925598 -851.713745
v -879.205139 726.925598 -851.713745
v -879.205139 796.528015 -910.117188
v -879.205139 792.166504 -915.315063
v -872.419739 792.166504 -915.315063
v -872.419739 866.130615 -851.713745
v -879.205139 866.130615 -851.713745
v -879.205139 796.528015 -910.117188
v -879.205139 866.130615 -851.713745
v -879.205139 870.491943 -856.911682
v -879.205139 800.889526 -915.315063
v -872.419739 870.491943 -856.911682
v -872.419739 800.889526 -915.315063
v -872.419739 944.456055 -910.117188
v -872.419739 1014.058472 -851.713806
v -879.205139 1014.058472 -851.713806
v -879.205139 944.456055 -910.117188
v -879.205139 1018.419983 -856.911682
v -879.205139 948.817627 -915.315063
v -879.205139 948.817627 -915.315063
v -879.205139 1018.419983 -856.911682
v -872.419739 1018.419983 -856.911682
v -872.419739 948.817627 -915.315063
v -872.419739 1022.781555 -851.713806
v -872.419739 1092.384155 -910.117188
v -879.205139 1092.384155 -910.117188
v -879.205139 1022.781555 -851.713806
v -879.205139 1022.781555 -851.713806
v -879.205139 1092.384155 -910.117188
v -879.205139 1088.022583 -915.315125
v -872.419739 1088.022583 -915.315125
v -872.419739 1161.986572 -851.713806
v -879.205139 1161.986572 -851.713806
v -879.205139 1092.384155 -910.117188
v -879.205139 1161.986572 -851.713806
v -879.205139 1166.348022 -856.911743
v -879.205139 1096.745605 -915.315125
v -872.419739 1166.348022 -856.911743
v -872.419739 1096.745605 -915.315125
v -872.419739 940.094543 -915.315063
v -872.419739 874.853516 -851.713745
v -879.205139 940.094543 -915.315063
v -879.205139 874.853516 -851.713745
v -879.205139 944.456055 -910.117188
v -879.205139 874.853516 -851.713745
v -941.493225 -12.714419 -915.280579
v -941.493225 56.888081 -856.877197
v -934.707825 56.888081 -856.877197
v -934.707825 -12.714419 -915.280579
v -934.707825 -12.714419 -915.280579
v -934.707825 56.888081 -856.877197
v -934.707825 52.526546 -851.679321
v -934.707825 -17.075953 -910.082703
v -941.493225 52.526546 -851.679321
v -941.493225 -17.075953 -910.082703
v -941.493225 126.490509 -915.280640
v -934.707825 126.490509 -915.280640
v -934.707825 130.852051 -910.082703
v -934.707825 61.249615 -851.679321
v -934.707825 61.249615 -851.679321
v -934.707825 130.852051 -910.082703
v -941.493225 130.852051 -910.082703
v -941.493225 61.249615 -851.679321
v -941.493225 135.213577 -915.280640
v -941.493225 204.816055 -856.877258
v -934.707825 204.816055 -856.877258
v -934.707825 135.213577 -915.280640
v -934.707825 135.213577 -915.280640
v -934.707825 204.816055 -856.877258
v -934.707825 200.454544 -851.679321
v -941.493225 200.454544 -851.679321
v -941.493225 274.418518 -915.280640
v -934.707825 274.418518 -915.280640
v -934.707825 204.816055 -856.877258
v -934.707825 274.418518 -915.280640
v -934.707825 278.779999 -910.082764
v -934.707825 209.177567 -851.679321
v -941.493225 278.779999 -910.082764
v -941.493225 209.177567 -851.679321
v -941.493225 352.744019 -856.877258
v -941.493225 422.346497 -915.280701
v -934.707825 422.346497 -915.280701
v -934.707825 352.744019 -856.877258
v -934.707825 426.708008 -910.082764
v -934.707825 357.105560 -851.679382
v -934.707825 357.105560 -851.679382
v -934.707825 426.708008 -910.082764
v -941.493225 426.708008 -910.082764
v -941.493225 357.105560 -851.679382
v -941.493225 431.069519 -915.280701
v -941.493225 500.672028 -856.877258
v -934.707825 500.672028 -856.877258
v -934.707825 431.069519 -915.280701
v -934.707825 431.069519 -915.280701
v -934.707825 500.672028 -856.877258
v -934.707825 496.310486 -851.679382
v -941.493225 496.310486 -851.679382
v -941.493225 570.274536 -915.280701
v -934.707825 570.274536 -915.280701
v -934.707825 570.274536 -915.280701
v -934.707825 574.635986 -910.082764
v -934.707825 505.033569 -851.679382
v -941.493225 574.636047 -910.082764
v -941.493225 505.033569 -851.679382
v -941.493225 348.382507 -851.679382
v -941.493225 283.141541 -915.280640
v -934.707825 348.382507 -851.679382
v -934.707825 283.141541 -915.280640
v -934.707825 352.744019 -856.877258
v -934.707825 283.141541 -915.280640
v -941.493225 578.997559 -915.280701
v -941.493225 648.600037 -856.877319
v -934.707825 648.600037 -856.877319
v -934.707825 578.997559 -915.280701
v -934.707825 578.997559 -915.280701
v -934.707825 648.600037 -856.877319
v -934.707825 644.238525 -851.679382
v -941.493225 644.238525 -851.679382
v -941.493225 718.202515 -915.280701
v -934.707825 718.202515 -915.280701
v -934.707825 722.564026 -910.082825
v -934.707825 652.961548 -851.679382
v -934.707825 652.961548 -851.679382
v -934.707825 722.564026 -910.082825
v -941.493225 722.564026 -910.082825
v -941.493225 652.961548 -851.679382
v -941.493225 726.925598 -915.280701
v -941.493225 796.528015 -856.877319
v -934.707825 796.528015 -856.877319
v -934.707825 726.925598 -915.280701
v -934.707825 726.925598 -915.280701
v -934.707825 796.528015 -856.877319
v -934.707825 792.166565 -851.679443
v -941.493225 792.166565 -851.679443
v -941.493225 866.130615 -915.280762
v -934.707825 866.130615 -915.280762
v -934.707825 796.528015 -856.877319
v -934.707825 866.130615 -915.280762
v -934.707825 870.491943 -910.082825
v -934.707825 800.889587 -851.679443
v -941.493225 870.491943 -910.082825
v -941.493225 800.889587 -851.679443
v -941.493225 944.456055 -856.877380
v -941.493225 1014.058472 -915.280762
v -934.707825 1014.058472 -915.280762
v -934.707825 944.456055 -856.877380
v -934.707825 1018.419983 -910.082886
v -934.707825 948.817627 -851.679443
v -934.707825 948.817627 -851.679443
v -934.707825 1018.419983 -910.082886
v -941.493225 1018.419983 -910.082886
v -941.493225 948.817627 -851.679443
v -941.493225 1022.781555 -915.280762
v -941.493225 1092.384155 -856.877380
v -934.707825 1092.384155 -856.877380
v -934.707825 1022.781555 -915.280762
v -934.707825 1022.781555 -915.280762
v -934.707825 1092.384155 -856.877380
v -934.707825 1088.022583 -851.679504
v -941.493225 1088.022583 -851.679504
v -941.493225 1161.986450 -915.280762
v -934.707825 1161.986450 -915.280762
v -934.707825 1092.384155 -856.877380
v -934.707825 1161.986450 -915.280762
v -934.707825 1166.348022 -910.082886
v -934.707825 1096.745605 -851.679504
v -941.493225 1166.348022 -910.082886
v -941.493225 1096.745605 -851.679504
v -941.493225 940.094543 -851.679443
v -941.493225 874.853455 -915.280762
v -934.707825 940.094543 -851.679443
v -934.707825 874.853455 -915.280762
v -934.707825 944.456055 -856.877380
v -934.707825 874.853455 -915.280762
v -875.173584 -12.714372 -918.034424
v -933.576965 56.888119 -918.034424
v -933.576965 56.888119 -911.249023
v -875.173584 -12.714371 -911.249023
v -875.173584 -12.714371 -911.249023
v -933.576965 56.888119 -911.249023
v -938.774902 52.526585 -911.249023
v -880.371460 -17.075905 -911.249023
v -938.774902 52.526585 -918.034424
v -880.371460 -17.075907 -918.034424
v -875.173584 126.490562 -918.034424
v -875.173584 126.490562 -911.249084
v -880.371460 130.852097 -911.249084
v -938.774902 61.249653 -911.249023
v -938.774902 61.249653 -911.249023
v -880.371460 130.852097 -911.249084
v -880.371460 130.852097 -918.034424
v -938.774902 61.249653 -918.034424
v -875.173584 135.213623 -918.034485
v -933.576965 204.816071 -918.034485
v -933.576965 204.816071 -911.249084
v -875.173584 135.213623 -911.249084
v -875.173584 135.213623 -911.249084
v -933.576965 204.816071 -911.249084
v -938.774902 200.454559 -911.249084
v -938.774902 200.454559 -918.034485
v -875.173584 274.418549 -918.034485
v -875.173584 274.418549 -911.249084
v -933.576965 204.816071 -911.249084
v -875.173584 274.418549 -911.249084
v -880.371460 278.780060 -911.249084
v -938.774902 209.177582 -911.249084
v -880.371460 278.780060 -918.034485
v -938.774902 209.177582 -918.034485
v -933.576965 352.744080 -918.034485
v -875.173584 422.346497 -918.034485
v -875.173584 422.346527 -911.249084
v -933.576965 352.744080 -911.249084
v -880.371460 426.708008 -911.249084
v -938.774902 357.105560 -911.249084
v -938.774902 357.105560 -911.249084
v -880.371460 426.708008 -911.249084
v -880.371460 426.708008 -918.034485
v -938.774902 357.105560 -918.034485
v -875.173584 431.069519 -918.034485
v -933.576965 500.672028 -918.034485
v -933.576965 500.672028 -911.249146
v -875.173584 431.069519 -911.249084
v -875.173584 431.069519 -911.249084
v -933.576965 500.672028 -911.249146
v -938.774902 496.310486 -911.249146
v -938.774902 496.310486 -918.034485
v -875.173584 570.274536 -918.034546
v -875.173584 570.274536 -911.249146
v -933.576965 500.672028 -911.249146
v -875.173584 570.274536 -911.249146
v -880.371460 574.635986 -911.249146
v -938.774902 505.033569 -911.249146
v -880.371460 574.636047 -918.034546
v -938.774902 505.033569 -918.034485
v -938.774902 348.382538 -918.034485
v -875.173584 283.141571 -918.034485
v -938.774902 348.382538 -911.249084
v -875.173584 283.141571 -911.249084
v -933.576965 352.744080 -911.249084
v -875.173584 283.141571 -911.249084
v -875.173584 578.997559 -918.034546
v -933.576965 648.600037 -918.034546
v -933.576965 648.600037 -911.249146
v -875.173584 578.997559 -911.249146
v -875.173584 578.997559 -911.249146
v -933.576965 648.600037 -911.249146
v -938.774902 644.238464 -911.249146
v -938.774902 644.238464 -918.034546
v -875.173584 718.202515 -918.034546
v -875.173584 718.202515 -911.249146
v -880.371460 722.564026 -911.249146
v -938.774902 652.961548 -911.249146
v -938.774902 652.961548 -911.249146
v -880.371460 722.564026 -911.249146
v -880.371460 722.564026 -918.034546
v -938.774902 652.961548 -918.034546
v -875.173584 726.925598 -918.034546
v -933.576965 796.528015 -918.034546
v -933.576965 796.528015 -911.249146
v -875.173584 726.925598 -911.249146
v -875.173584 726.925598 -911.249146
v -933.576965 796.528015 -911.249146
v -938.774902 792.166565 -911.249146
v -938.774902 792.166504 -918.034546
v -875.173584 866.130615 -918.034546
v -875.173584 866.130615 -911.249207
v -933.576965 796.528015 -911.249146
v -875.173584 866.130615 -911.249207
v -880.371460 870.491943 -911.249207
v -938.774902 800.889526 -911.249146
v -880.371460 870.491943 -918.034546
v -938.774902 800.889526 -918.034546
v -933.576965 944.456055 -918.034607
v -875.173584 1014.058472 -918.034607
v -875.173584 1014.058472 -911.249207
v -933.576965 944.456055 -911.249207
v -880.371460 1018.419800 -911.249207
v -938.774902 948.817627 -911.249207
v -938.774902 948.817627 -911.249207
v -880.371460 1018.419800 -911.249207
v -880.371460 1018.419800 -918.034607
v -938.774902 948.817627 -918.034607
v -875.173584 1022.781311 -918.034607
v -933.576965 1092.383911 -918.034607
v -933.576965 1092.383911 -911.249207
v -875.173584 1022.781311 -911.249207
v -875.173584 1022.781311 -911.249207
v -933.576965 1092.383911 -911.249207
v -938.774902 1088.022339 -911.249207
v -938.774902 1088.022339 -918.034607
v -875.173584 1161.986328 -918.034607
v -875.173584 1161.986328 -911.249207
v -933.576965 1092.383911 -911.249207
v -875.173584 1161.986328 -911.249207
v -880.371460 1166.347900 -911.249207
v -938.774902 1096.745483 -911.249207
v -880.371460 1166.347900 -918.034607
v -938.774902 1096.745483 -918.034607
v -938.774902 940.094543 -918.034607
v -875.173584 874.853455 -918.034546
v -938.774902 940.094543 -911.249207
v -875.173584 874.853455 -911.249207
v -933.576965 944.456055 -911.249207
v -875.173584 874.853455 -911.249207
v -938.740540 -12.714360 -848.960938
v -880.337158 56.888130 -848.960938
v -880.337158 56.888126 -855.746338
v -938.740540 -12.714361 -855.746338
v -938.740540 -12.714361 -855.746338
v -880.337158 56.888126 -855.746338
v -875.139221 52.526592 -855.746338
v -933.542664 -17.075895 -855.746338
v -875.139221 52.526596 -848.960938
v -933.542664 -17.075895 -848.960938
v -938.740540 126.490570 -848.960938
v -938.740540 126.490570 -855.746338
v -933.542664 130.852097 -855.746338
v -875.139221 61.249660 -855.746338
v -875.139221 61.249660 -855.746338
v -933.542664 130.852097 -855.746338
v -933.542664 130.852112 -848.960938
v -875.139221 61.249664 -848.960938
v -938.740540 135.213638 -848.960999
v -880.337158 204.816086 -848.960999
v -880.337158 204.816086 -855.746399
v -938.740540 135.213638 -855.746338
v -938.740540 135.213638 -855.746338
v -880.337158 204.816086 -855.746399
v -875.139221 200.454575 -855.746399
v -875.139221 200.454575 -848.960999
v -938.740540 274.418579 -848.960999
v -938.740540 274.418579 -855.746399
v -880.337158 204.816086 -855.746399
v -938.740540 274.418579 -855.746399
v -933.542664 278.780060 -855.746399
v -875.139221 209.177597 -855.746399
v -933.542664 278.780060 -848.960999
v -875.139221 209.177597 -848.960999
v -880.337158 352.744080 -848.960999
v -938.740540 422.346527 -848.960999
v -938.740540 422.346527 -855.746399
v -880.337158 352.744080 -855.746399
v -933.542664 426.708008 -855.746399
v -875.139221 357.105560 -855.746399
v -875.139221 357.105560 -855.746399
v -933.542664 426.708008 -855.746399
v -933.542664 426.708008 -848.960999
v -875.139221 357.105560 -848.960999
v -938.740540 431.069550 -848.960999
v -880.337158 500.672028 -848.960999
v -880.337158 500.672028 -855.746399
v -938.740540 431.069550 -855.746399
v -938.740540 431.069550 -855.746399
v -880.337158 500.672028 -855.746399
v -875.139221 496.310486 -855.746399
v -875.139221 496.310486 -848.960999
v -938.740540 570.274536 -848.961060
v -938.740540 570.274536 -855.746460
v -880.337158 500.672028 -855.746399
v -938.740540 570.274536 -855.746460
v -933.542664 574.635986 -855.746460
v -875.139221 505.033569 -855.746399
v -933.542664 574.635986 -848.961060
v -875.139221 505.033569 -848.960999
v -875.139221 348.382538 -848.960999
v -938.740540 283.141602 -848.960999
v -875.139221 348.382538 -855.746399
v -938.740540 283.141602 -855.746399
v -880.337158 352.744080 -855.746399
v -938.740540 283.141602 -855.746399
v -938.740540 578.997620 -848.961060
v -880.337158 648.600037 -848.961060
v -880.337158 648.600037 -855.746460
v -938.740540 578.997559 -855.746460
v -938.740540 578.997559 -855.746460
v -880.337158 648.600037 -855.746460
v -875.139221 644.238525 -855.746460
v -875.139221 644.238525 -848.961060
v -938.740540 718.202515 -848.961060
v -938.740540 718.202515 -855.746460
v -933.542664 722.564026 -855.746460
v -875.139221 652.961548 -855.746460
v -875.139221 652.961548 -855.746460
v -933.542664 722.564026 -855.746460
v -933.542664 722.564026 -848.961060
v -875.139221 652.961548 -848.961060
v -938.740540 726.925598 -848.961060
v -880.337158 796.528015 -848.961060
v -880.337158 796.528015 -855.746460
v -938.740540 726.925598 -855.746460
v -938.740540 726.925598 -855.746460
v -880.337158 796.528015 -855.746460
v -875.139221 792.166565 -855.746460
v -875.139221 792.166565 -848.961060
v -938.740540 866.130615 -848.961060
v -938.740540 866.130615 -855.746460
v -880.337158 796.528015 -855.746460
v -938.740540 866.130615 -855.746460
v -933.542664 870.491943 -855.746460
v -875.139221 800.889587 -855.746460
v -933.542664 870.491943 -848.961060
v -875.139221 800.889587 -848.961060
v -880.337158 944.456055 -848.961121
v -938.740540 1014.058472 -848.961121
v -938.740540 1014.058472 -855.746521
v -880.337158 944.456055 -855.746521
v -933.542664 1018.419800 -855.746521
v -875.139221 948.817627 -855.746521
v -875.139221 948.817627 -855.746521
v -933.542664 1018.419800 -855.746521
v -933.542664 1018.419800 -848.961121
v -875.139221 948.817627 -848.961121
v -938.740540 1022.781372 -848.961121
v -880.337158 1092.383911 -848.961121
v -880.337158 1092.383911 -855.746521
v -938.740540 1022.781372 -855.746521
v -938.740540 1022.781372 -855.746521
v -880.337158 1092.383911 -855.746521
v -875.139221 1088.022339 -855.746521
v -875.139221 1088.022461 -848.961121
v -938.740540 1161.986328 -848.961121
v -938.740540 1161.986328 -855.746521
v -880.337158 1092.383911 -855.746521
v -938.740540 1161.986328 -855.746521
v -933.542664 1166.347900 -855.746521
v -875.139221 1096.745483 -855.746521
v -933.542664 1166.347900 -848.961121
v -875.139221 1096.745483 -848.961121
v -875.139221 940.094543 -848.961121
v -938.740540 874.853516 -848.961060
v -875.139221 940.094543 -855.746521
v -938.740540 874.853516 -855.746460
v -880.337158 944.456055 -855.746521
v -938.740540 874.853516 -855.746460
v -539.272827 -40.511814 -655.355774
v -540.358765 -40.511826 -734.019287
v -436.417450 -40.511826 -735.453979
v -435.331879 -40.511814 -656.790466
v -539.272827 -40.511814 -655.355774
v -539.272827 63.439384 -655.355835
v -540.358765 63.439373 -734.019348
v -540.358765 -40.511826 -734.019287
v -436.417450 63.439373 -735.453979
v -436.417450 -40.511826 -735.453979
v -435.331879 63.439384 -656.790527
v -435.331879 -40.511814 -656.790466
v -535.426208 -36.664631 -655.408936
v -535.426208 59.592201 -655.408936
v -539.272827 63.439384 -655.355835
v -435.331879 63.439384 -656.790527
v -535.426208 -36.664631 -655.408936
v -439.178467 -36.664631 -656.737366
v -439.234558 -36.664631 -660.787292
v -535.482056 -36.664631 -659.458923
v -539.272827 -40.511814 -655.355774
v -435.331879 -40.511814 -656.790466
v -535.426208 59.592201 -655.408936
v -439.178467 59.592201 -656.737427
v -439.178467 59.592201 -656.737427
v -439.178467 -36.664631 -656.737366
v -439.234558 -36.664631 -660.787292
v -439.234558 59.592201 -660.787292
v -535.482056 59.592201 -659.458923
v -535.482056 -36.664631 -659.458923
v -535.482056 -36.664631 -659.458923
v -535.482056 59.592201 -659.458923
v -535.482056 59.592201 -659.458923
v -439.234558 59.592201 -660.787292
v -439.234558 59.592201 -660.787292
v -439.234558 -36.664631 -660.787292
v -351.287659 -40.511810 -642.098083
v -366.195953 -40.511826 -719.343567
v -264.128235 -40.511826 -739.042297
v -249.220306 -40.511814 -661.796753
v -351.287659 -40.511810 -642.098083
v -351.287659 63.439392 -642.098083
v -366.195953 63.439381 -719.343628
v -366.195953 -40.511826 -719.343567
v -264.128235 63.439377 -739.042297
v -264.128235 -40.511826 -739.042297
v -249.220306 63.439388 -661.796814
v -249.220306 -40.511814 -661.796753
v -347.510376 -36.664631 -642.827148
v -347.510376 59.592209 -642.827148
v -351.287659 63.439392 -642.098083
v -249.220306 63.439388 -661.796814
v -347.510376 -36.664631 -642.827148
v -252.997559 -36.664631 -661.067749
v -253.765274 -36.664635 -665.044617
v -348.277832 -36.664631 -646.804138
v -351.287659 -40.511810 -642.098083
v -249.220306 -40.511814 -661.796753
v -347.510376 59.592209 -642.827148
v -252.997559 59.592209 -661.067749
v -252.997559 59.592209 -661.067749
v -252.997559 -36.664631 -661.067749
v -253.765274 -36.664635 -665.044617
v -253.765274 59.592209 -665.044678
v -348.277832 59.592209 -646.804138
v -348.277832 -36.664631 -646.804138
v -348.277832 -36.664631 -646.804138
v -348.277832 59.592209 -646.804138
v -348.277832 59.592209 -646.804138
v -253.765274 59.592209 -665.044678
v -253.765274 59.592209 -665.044678
v -253.765274 -36.664635 -665.044617
v -669.491272 -40.511810 -635.039856
v -679.331848 -40.511822 -713.092957
v -576.197083 -40.511826 -726.095520
v -566.356873 -40.511810 -648.042480
v -669.491272 -40.511810 -635.039856
v -669.491272 63.439392 -635.039856
v -679.331848 63.439381 -713.093018
v -679.331848 -40.511822 -713.092957
v -576.197083 63.439381 -726.095581
v -576.197083 -40.511826 -726.095520
v -566.356873 63.439392 -648.042480
v -566.356873 -40.511810 -648.042480
v -665.674561 -36.664627 -635.521118
v -665.674561 59.592213 -635.521118
v -669.491272 63.439392 -635.039856
v -566.356873 63.439392 -648.042480
v -665.674561 -36.664627 -635.521118
v -570.173584 -36.664631 -647.561218
v -570.680359 -36.664631 -651.579712
v -666.181091 -36.664631 -639.539673
v -669.491272 -40.511810 -635.039856
v -566.356873 -40.511810 -648.042480
v -665.674561 59.592213 -635.521118
v -570.173584 59.592209 -647.561218
v -570.173584 59.592209 -647.561218
v -570.173584 -36.664631 -647.561218
v -570.680359 -36.664631 -651.579712
v -570.680359 59.592209 -651.579712
v -666.181091 59.592213 -639.539673
v -666.181091 -36.664631 -639.539673
v -666.181091 -36.664631 -639.539673
v -666.181091 59.592213 -639.539673
v -666.181091 59.592213 -639.539673
v -570.680359 59.592209 -651.579712
v -570.680359 59.592209 -651.579712
v -570.680359 -36.664631 -651.579712
v 274.885406 -40.511810 -647.287292
v 254.354263 -40.511826 -723.231995
v 354.703217 -40.511829 -750.360413
v 375.233978 -40.511818 -674.415649
v 274.885406 -40.511810 -647.287292
v 274.885406 63.439392 -647.287292
v 254.354263 63.439381 -723.231995
v 254.354263 -40.511826 -723.231995
v 354.703217 63.439377 -750.360413
v 354.703217 -40.511829 -750.360413
v 375.233978 63.439388 -674.415649
v 375.233978 -40.511818 -674.415649
v 278.599060 -36.664631 -648.291260
v 278.599060 59.592209 -648.291260
v 274.885406 63.439392 -647.287292
v 375.233978 63.439388 -674.415649
v 278.599060 -36.664631 -648.291260
v 371.520325 -36.664635 -673.411682
v 370.463135 -36.664635 -677.321594
v 277.542145 -36.664631 -652.201355
v 274.885406 -40.511810 -647.287292
v 375.233978 -40.511818 -674.415649
v 278.599060 59.592209 -648.291260
v 371.520325 59.592205 -673.411682
v 371.520325 59.592205 -673.411682
v 371.520325 -36.664635 -673.411682
v 370.463135 -36.664635 -677.321594
v 370.463135 59.592205 -677.321594
v 277.542145 59.592209 -652.201355
v 277.542145 -36.664631 -652.201355
v 277.542145 -36.664631 -652.201355
v 277.542145 59.592209 -652.201355
v 277.542145 59.592209 -652.201355
v 370.463135 59.592205 -677.321594
v 370.463135 59.592205 -677.321594
v 370.463135 -36.664635 -677.321594
v 619.357178 -40.511818 -727.818176
v 618.554138 -40.511833 -806.485107
v 722.500000 -40.511833 -807.546021
v 723.302673 -40.511818 -728.879150
v 619.357178 -40.511818 -727.818176
v 619.357178 63.439384 -727.818237
v 618.554138 63.439373 -806.485107
v 618.554138 -40.511833 -806.485107
v 722.500000 63.439373 -807.546021
v 722.500000 -40.511833 -807.546021
v 723.302673 63.439384 -728.879150
v 723.302673 -40.511818 -728.879150
v 623.203918 -36.664639 -727.857483
v 623.203918 59.592201 -727.857544
v 619.357178 63.439384 -727.818237
v 723.302673 63.439384 -728.879150
v 623.203918 -36.664639 -727.857483
v 719.455872 -36.664639 -728.839844
v 719.414307 -36.664639 -732.889954
v 623.162720 -36.664639 -731.907715
v 619.357178 -40.511818 -727.818176
v 723.302673 -40.511818 -728.879150
v 623.203918 59.592201 -727.857544
v 719.455872 59.592201 -728.839844
v 719.455872 59.592201 -728.839844
v 719.455872 -36.664639 -728.839844
v 719.414307 -36.664639 -732.889954
v 719.414307 59.592201 -732.889954
v 623.162720 59.592201 -731.907715
v 623.162720 -36.664639 -731.907715
v 623.162720 -36.664639 -731.907715
v 623.162720 59.592201 -731.907715
v 623.162720 59.592201 -731.907715
v 719.414307 59.592201 -732.889954
v 719.414307 59.592201 -732.889954
v 719.414307 -36.664639 -732.889954
v 734.229431 -40.511818 -722.854797
v 737.579468 -40.511829 -801.454407
v 841.436401 -40.511829 -797.027649
v 838.086060 -40.511818 -718.428040
v 734.229431 -40.511818 -722.854797
v 734.229431 63.439384 -722.854797
v 737.579468 63.439373 -801.454468
v 737.579468 -40.511829 -801.454407
v 841.436401 63.439373 -797.027649
v 841.436401 -40.511829 -797.027649
v 838.086060 63.439384 -718.428040
v 838.086060 -40.511818 -718.428040
v 738.072876 -36.664635 -722.690979
v 738.072876 59.592205 -722.690979
v 734.229431 63.439384 -722.854797
v 838.086060 63.439384 -718.428040
v 738.072876 -36.664635 -722.690979
v 834.242432 -36.664635 -718.591858
v 834.414795 -36.664635 -722.638489
v 738.245483 -36.664639 -726.737732
v 734.229431 -40.511818 -722.854797
v 838.086060 -40.511818 -718.428040
v 738.072876 59.592205 -722.690979
v 834.242432 59.592205 -718.591858
v 834.242432 59.592205 -718.591858
v 834.242432 -36.664635 -718.591858
v 834.414795 -36.664635 -722.638489
v 834.414795 59.592205 -722.638489
v 738.245483 59.592201 -726.737732
v 738.245483 -36.664639 -726.737732
v 738.245483 -36.664639 -726.737732
v 738.245483 59.592201 -726.737732
v 738.245483 59.592201 -726.737732
v 834.414795 59.592205 -722.638489
v 834.414795 59.592205 -722.638489
v 834.414795 -36.664635 -722.638489
v 372.143555 -40.625698 -796.212952
v 372.143555 146.173843 -796.213013
v 475.327637 146.173843 -808.818604
v 475.327637 -40.625702 -808.818604
v 381.683594 172.898056 -718.122559
v 381.683594 -40.625687 -718.122559
v 385.502350 -36.778492 -718.589111
v 385.502350 169.050842 -718.589111
v 385.502350 -36.778492 -718.589111
v 481.048859 -36.778496 -730.261658
v 480.557678 -36.778496 -734.282104
v 385.011200 -36.778492 -722.609497
v 381.683594 -40.625687 -718.122559
v 484.867676 -40.625687 -730.728149
v 484.867676 172.898056 -730.728210
v 381.683594 172.898056 -718.122559
v 385.502350 169.050842 -718.589111
v 481.048859 169.050827 -730.261658
v 484.867676 -40.625687 -730.728149
v 484.867676 172.898056 -730.728210
v 481.048859 169.050827 -730.261658
v 481.048859 -36.778496 -730.261658
v 480.557678 -36.778496 -734.282104
v 480.557678 169.050827 -734.282104
v 385.011200 169.050842 -722.609558
v 385.011200 -36.778492 -722.609497
v 385.011200 -36.778492 -722.609497
v 385.011200 169.050842 -722.609558
v 385.011200 169.050842 -722.609558
v 480.557678 169.050827 -734.282104
v 480.557678 169.050827 -734.282104
v 480.557678 -36.778496 -734.282104
v 375.384247 172.898041 -769.686035
v 478.568268 172.898041 -782.291687
v -380.245728 -40.335361 -15.007368
v -380.245728 -24.321873 -26.281994
v -273.624084 -24.321873 -26.281994
v -273.624084 -40.335361 -15.007368
v -380.245728 33.929913 52.102013
v -273.624084 33.929913 52.102013
v -273.624084 27.230349 36.788677
v -380.245728 27.230349 36.788773
v -273.624084 17.537964 20.494293
v -380.245728 17.537964 20.494293
v -273.624084 2.788696 0.688101
v -380.245728 2.788696 0.688101
v -273.624084 -12.382000 -15.606280
v -380.245728 -12.382000 -15.606280
v -380.245728 -12.382000 -15.606280
v -273.624084 -12.382000 -15.606280
v -273.624084 14.557669 75.598457
v -380.245728 14.557669 75.598457
v -380.245728 6.376098 80.392769
v -273.624084 6.376098 80.392769
v -273.624084 30.736729 63.855572
v -268.325378 13.355324 73.759102
v -268.325378 27.983232 63.142036
v -266.130402 10.452624 69.318413
v -266.130402 21.386618 61.382412
v -273.624084 -3.645540 84.541153
v -380.245728 -3.645540 84.541252
v -380.245728 -12.821938 86.932213
v -273.624084 -12.821938 86.932213
v -380.245728 -40.335346 91.290794
v -273.624084 -40.335346 91.290794
v -387.739502 -32.841614 82.516510
v -387.739502 -32.841629 -11.118667
v -385.544525 -38.140507 -13.868396
v -385.544525 -38.140488 88.720924
v -380.245728 -40.335361 -15.007368
v -380.245728 -40.335346 91.290794
v -266.130402 -32.841629 -11.118667
v -266.130402 -32.841614 82.516510
v -268.325378 -38.140488 88.720833
v -268.325378 -38.140507 -13.868396
v -273.624084 -40.335346 91.290794
v -273.624084 -40.335361 -15.007368
v -387.739502 11.295879 24.658800
v -387.739502 20.551674 40.219234
v -385.544525 25.274197 37.793564
v -385.544525 15.709699 21.714043
v -385.544525 15.709699 21.714043
v -385.544525 25.274197 37.793564
v -387.739502 21.386618 61.382507
v -387.739502 10.452624 69.318413
v -385.544525 13.355324 73.759102
v -385.544525 27.983232 63.142036
v -380.245728 30.736729 63.855572
v -266.130402 20.551674 40.219234
v -266.130402 11.295879 24.658800
v -268.325378 15.709699 21.714043
v -268.325378 25.274197 37.793468
v -268.325378 25.274197 37.793468
v -268.325378 15.709699 21.714043
v -387.739502 -2.976050 5.493667
v -385.544525 1.100239 2.095629
v -385.544525 1.100239 2.095629
v -266.130402 -2.976050 5.493572
v -268.325378 1.100239 2.095629
v -268.325378 1.100239 2.095629
v -387.739502 -17.632715 -10.248728
v -385.544525 -13.919895 -14.037105
v -385.544525 -13.919895 -14.037105
v -266.130402 -17.632715 -10.248728
v -268.325378 -13.919895 -14.037105
v -268.325378 -13.919895 -14.037105
v -387.739502 -24.877232 -16.726177
v -385.544525 -24.484533 -23.483150
v -266.130402 -24.877232 -16.726177
v -268.325378 -24.484533 -23.483150
v -385.544525 -38.140507 -13.868396
v -268.325378 -38.140507 -13.868396
v -266.130402 3.032896 73.666214
v -268.325378 5.396888 78.422569
v -387.739502 3.032896 73.666313
v -385.544525 5.396888 78.422668
v -266.130402 -6.034663 77.419785
v -268.325378 -4.345299 82.455376
v -387.739502 -6.034663 77.419785
v -385.544525 -4.345299 82.455376
v -266.130402 -14.356615 79.588158
v -268.325378 -13.271428 84.781197
v -387.739502 -14.356615 79.588158
v -385.544525 -13.271428 84.781197
v -268.325378 31.193871 51.324196
v -266.130402 24.613731 49.503922
v -268.325378 31.193871 51.324196
v -268.325378 -38.140488 88.720833
v -385.544525 -38.140488 88.720924
v -385.544525 31.193871 51.324196
v -387.739502 24.613731 49.504017
v -385.544525 31.193871 51.324196
v -273.624084 33.929913 52.102013
v -380.245728 33.929913 52.102013
v 274.355988 -40.335361 -15.007368
v 274.355988 -24.321873 -26.281994
v 380.977631 -24.321873 -26.281994
v 380.977631 -40.335361 -15.007368
v 274.355988 33.929913 52.102013
v 380.977631 33.929913 52.102013
v 380.977631 27.230349 36.788677
v 274.355988 27.230349 36.788773
v 380.977631 17.537964 20.494293
v 274.355988 17.537964 20.494293
v 380.977631 2.788696 0.688101
v 274.355988 2.788696 0.688101
v 380.977631 -12.382000 -15.606280
v 274.355988 -12.382000 -15.606280
v 274.355988 -12.382000 -15.606280
v 380.977631 -12.382000 -15.606280
v 380.977631 14.557669 75.598457
v 274.355988 14.557669 75.598457
v 274.355988 6.376098 80.392769
v 380.977631 6.376098 80.392769
v 380.977631 30.736729 63.855572
v 386.276337 13.355324 73.759102
v 386.276337 27.983232 63.142036
v 388.471313 10.452624 69.318413
v 388.471313 21.386618 61.382412
v 380.977631 -3.645540 84.541153
v 274.355988 -3.645540 84.541252
v 274.355988 -12.821938 86.932213
v 380.977631 -12.821938 86.932213
v 274.355988 -40.335346 91.290794
v 380.977631 -40.335346 91.290794
v 266.862213 -32.841614 82.516510
v 266.862213 -32.841629 -11.118667
v 269.057190 -38.140507 -13.868396
v 269.057190 -38.140488 88.720924
v 274.355988 -40.335361 -15.007368
v 274.355988 -40.335346 91.290794
v 388.471313 -32.841629 -11.118667
v 388.471313 -32.841614 82.516510
v 386.276337 -38.140488 88.720833
v 386.276337 -38.140507 -13.868396
v 380.977631 -40.335346 91.290794
v 380.977631 -40.335361 -15.007368
v 266.862213 11.295879 24.658800
v 266.862213 20.551674 40.219234
v 269.057190 25.274197 37.793564
v 269.057190 15.709699 21.714043
v 269.057190 15.709699 21.714043
v 269.057190 25.274197 37.793564
v 266.862213 21.386618 61.382507
v 266.862213 10.452624 69.318413
v 269.057190 13.355324 73.759102
v 269.057190 27.983232 63.142036
v 274.355988 30.736729 63.855572
v 388.471313 20.551674 40.219234
v 388.471313 11.295879 24.658800
v 386.276337 15.709699 21.714043
v 386.276337 25.274197 37.793468
v 386.276337 25.274197 37.793468
v 386.276337 15.709699 21.714043
v 266.862213 -2.976050 5.493667
v 269.057190 1.100239 2.095629
v 269.057190 1.100239 2.095629
v 388.471313 -2.976050 5.493572
v 386.276337 1.100239 2.095629
v 386.276337 1.100239 2.095629
v 266.862213 -17.632715 -10.248728
v 269.057190 -13.919895 -14.037105
v 269.057190 -13.919895 -14.037105
v 388.471313 -17.632715 -10.248728
v 386.276337 -13.919895 -14.037105
v 386.276337 -13.919895 -14.037105
v 266.862213 -24.877232 -16.726177
v 269.057190 -24.484533 -23.483150
v 388.471313 -24.877232 -16.726177
v 386.276337 -24.484533 -23.483150
v 269.057190 -38.140507 -13.868396
v 386.276337 -38.140507 -13.868396
v 388.471313 3.032896 73.666214
v 386.276337 5.396888 78.422569
v 266.862213 3.032896 73.666313
v 269.057190 5.396888 78.422668
v 388.471313 -6.034663 77.419785
v 386.276337 -4.345299 82.455376
v 266.862213 -6.034663 77.419785
v 269.057190 -4.345299 82.455376
v 388.471313 -14.356615 79.588158
v 386.276337 -13.271428 84.781197
v 266.862213 -14.356615 79.588158
v 269.057190 -13.271428 84.781197
v 386.276337 31.193871 51.324196
v 388.471313 24.613731 49.503922
v 386.276337 31.193871 51.324196
v 386.276337 -38.140488 88.720833
v 269.057190 -38.140488 88.720924
v 269.057190 31.193871 51.324196
v 266.862213 24.613731 49.504017
v 269.057190 31.193871 51.324196
v 380.977631 33.929913 52.102013
v 274.355988 33.929913 52.102013
v 711.850464 -40.335361 -15.007368
v 711.850464 -24.321873 -26.281994
v 818.472107 -24.321873 -26.281994
v 818.472107 -40.335361 -15.007368
v 711.850464 33.929913 52.102013
v 818.472107 33.929913 52.102013
v 818.472107 27.230349 36.788677
v 711.850464 27.230349 36.788773
v 818.472107 17.537964 20.494293
v 711.850464 17.537964 20.494293
v 818.472107 2.788696 0.688101
v 711.850464 2.788696 0.688101
v 818.472107 -12.382000 -15.606280
v 711.850464 -12.382000 -15.606280
v 711.850464 -12.382000 -15.606280
v 818.472107 -12.382000 -15.606280
v 818.472107 14.557669 75.598457
v 711.850464 14.557669 75.598457
v 711.850464 6.376098 80.392769
v 818.472107 6.376098 80.392769
v 818.472107 30.736729 63.855572
v 823.770813 13.355324 73.759102
v 823.770813 27.983232 63.142036
v 825.965759 10.452624 69.318413
v 825.965759 21.386618 61.382412
v 818.472107 -3.645540 84.541153
v 711.850464 -3.645540 84.541252
v 711.850464 -12.821938 86.932213
v 818.472107 -12.821938 86.932213
v 711.850464 -40.335346 91.290794
v 818.472107 -40.335346 91.290794
v 704.356689 -32.841614 82.516510
v 704.356689 -32.841629 -11.118667
v 706.551636 -38.140507 -13.868396
v 706.551636 -38.140488 88.720924
v 711.850464 -40.335361 -15.007368
v 711.850464 -40.335346 91.290794
v 825.965759 -32.841629 -11.118667
v 825.965759 -32.841614 82.516510
v 823.770813 -38.140488 88.720833
v 823.770813 -38.140507 -13.868396
v 818.472107 -40.335346 91.290794
v 818.472107 -40.335361 -15.007368
v 704.356689 11.295879 24.658800
v 704.356689 20.551674 40.219234
v 706.551636 25.274197 37.793564
v 706.551636 15.709699 21.714043
v 706.551636 15.709699 21.714043
v 706.551636 25.274197 37.793564
v 704.356689 21.386618 61.382507
v 704.356689 10.452624 69.318413
v 706.551636 13.355324 73.759102
v 706.551636 27.983232 63.142036
v 711.850464 30.736729 63.855572
v 825.965759 20.551674 40.219234
v 825.965759 11.295879 24.658800
v 823.770813 15.709699 21.714043
v 823.770813 25.274197 37.793468
v 823.770813 25.274197 37.793468
v 823.770813 15.709699 21.714043
v 704.356689 -2.976050 5.493667
v 706.551636 1.100239 2.095629
v 706.551636 1.100239 2.095629
v 825.965759 -2.976050 5.493572
v 823.770813 1.100239 2.095629
v 823.770813 1.100239 2.095629
v 704.356689 -17.632715 -10.248728
v 706.551636 -13.919895 -14.037105
v 706.551636 -13.919895 -14.037105
v 825.965759 -17.632715 -10.248728
v 823.770813 -13.919895 -14.037105
v 823.770813 -13.919895 -14.037105
v 704.356689 -24.877232 -16.726177
v 706.551636 -24.484533 -23.483150
v 825.965759 -24.877232 -16.726177
v 823.770813 -24.484533 -23.483150
v 706.551636 -38.140507 -13.868396
v 823.770813 -38.140507 -13.868396
v 825.965759 3.032896 73.666214
v 823.770813 5.396888 78.422569
v 704.356689 3.032896 73.666313
v 706.551636 5.396888 78.422668
v 825.965759 -6.034663 77.419785
v 823.770813 -4.345299 82.455376
v 704.356689 -6.034663 77.419785
v 706.551636 -4.345299 82.455376
v 825.965759 -14.356615 79.588158
v 823.770813 -13.271428 84.781197
v 704.356689 -14.356615 79.588158
v 706.551636 -13.271428 84.781197
v 823.770813 31.193871 51.324196
v 825.965759 24.613731 49.503922
v 823.770813 31.193871 51.324196
v 823.770813 -38.140488 88.720833
v 706.551636 -38.140488 88.720924
v 706.551636 31.193871 51.324196
v 704.356689 24.613731 49.504017
v 706.551636 31.193871 51.324196
v 818.472107 33.929913 52.102013
v 711.850464 33.929913 52.102013
v -975.199524 -44.915180 -621.488037
v -975.199524 -61.915180 -621.488037
v -1075.199463 -61.915180 -621.487976
v -1075.199463 -44.915180 -621.487976
v -850.088013 998.524292 -112.072792
v -850.088013 1008.030151 -112.072800
v 850.088013 1008.030151 -112.072800
v 850.088013 998.524292 -112.072792
v 850.088013 998.524292 -102.566948
v 850.088013 1008.030151 -102.566956
v -850.088013 1008.030151 -102.566956
v -850.088013 998.524292 -102.566948
v -850.088013 998.524292 -112.072792
v 850.088013 998.524292 -112.072792
v -850.088013 998.524292 -207.131241
v -850.088013 1008.030090 -207.131241
v 850.088013 1008.030090 -207.131241
v 850.088013 998.524292 -207.131241
v 850.088013 998.524292 -197.625397
v 850.088013 1008.030090 -197.625397
v -850.088013 1008.030090 -197.625397
v -850.088013 998.524292 -197.625397
v -850.088013 998.524292 -207.131241
v 850.088013 998.524292 -207.131241
v -850.088013 998.524231 -302.189667
v -850.088013 1008.030090 -302.189667
v 850.088013 1008.030090 -302.189667
v 850.088013 998.524231 -302.189667
v 850.088013 998.524231 -292.683838
v 850.088013 1008.030090 -292.683838
v -850.088013 1008.030090 -292.683838
v -850.088013 998.524231 -292.683838
v -850.088013 998.524231 -302.189667
v 850.088013 998.524231 -302.189667
v -850.088013 998.524231 -397.248108
v -850.088013 1008.030090 -397.248108
v 850.088013 1008.030090 -397.248108
v 850.088013 998.524231 -397.248108
v 850.088013 998.524231 -387.742279
v 850.088013 1008.030090 -387.742279
v -850.088013 1008.030090 -387.742279
v -850.088013 998.524231 -387.742279
v -850.088013 998.524231 -397.248108
v 850.088013 998.524231 -397.248108
v -850.088013 998.524231 -492.306549
v -850.088013 1008.030090 -492.306549
v 850.088013 1008.030090 -492.306549
v 850.088013 998.524231 -492.306549
v 850.088013 998.524231 -482.800720
v 850.088013 1008.030090 -482.800720
v -850.088013 1008.030090 -482.800720
v -850.088013 998.524231 -482.800720
v -850.088013 998.524231 -492.306549
v 850.088013 998.524231 -492.306549
v -850.088013 998.524231 -587.364990
v -850.088013 1008.030029 -587.364990
v 850.088013 1008.030029 -587.364990
v 850.088013 998.524231 -587.364990
v 850.088013 998.524231 -577.859131
v 850.088013 1008.030029 -577.859131
v -850.088013 1008.030029 -577.859131
v -850.088013 998.524231 -577.859131
v -850.088013 998.524231 -587.364990
v 850.088013 998.524231 -587.364990
v -850.088013 998.524170 -682.423462
v -850.088013 1008.030029 -682.423462
v 850.088013 1008.030029 -682.423462
v 850.088013 998.524170 -682.423462
v 850.088013 998.524170 -672.917603
v 850.088013 1008.030029 -672.917603
v -850.088013 1008.030029 -672.917603
v -850.088013 998.524170 -672.917603
v -850.088013 998.524170 -682.423462
v 850.088013 998.524170 -682.423462
v -850.088013 998.524170 -777.481873
v -850.088013 1008.030029 -777.481873
v 850.088013 1008.030029 -777.481873
v 850.088013 998.524170 -777.481873
v 850.088013 998.524170 -767.976013
v 850.088013 1008.030029 -767.976013
v -850.088013 1008.030029 -767.976013
v -850.088013 998.524170 -767.976013
v -850.088013 998.524170 -777.481873
v 850.088013 998.524170 -777.481873
v 727.883118 932.480835 -7.116444
v 727.883118 926.056091 7.103508
v 754.563843 878.347961 -14.451430
v 754.563843 884.772705 -28.671383
v 743.487122 889.333435 -38.765644
v 727.883118 889.333435 -38.765644
v 727.883118 926.947205 -21.771366
v 716.806335 884.772705 -28.671383
v 716.806335 878.347961 -14.451430
v 727.883118 889.333435 -38.765644
v 729.598694 887.624268 -34.982609
v 720.957642 884.066406 -27.108025
v 727.883118 873.787415 -4.357169
v 743.487122 873.787415 -4.357169
v 741.771484 875.496704 -8.140204
v 729.598694 875.496704 -8.140204
v 729.598694 878.428467 -6.815551
v 741.771484 878.428467 -6.815551
v 741.771484 887.624268 -34.982609
v 729.598694 887.624268 -34.982609
v 720.957642 879.054382 -16.014885
v 750.412598 884.066406 -27.108025
v 750.412598 879.054382 -16.014885
v 729.598694 890.556152 -33.657955
v 741.771484 890.556152 -33.657955
v 739.215881 885.503906 -29.154896
v 732.154297 885.503906 -29.154896
v 750.412598 881.986267 -14.690231
v 720.957642 881.986267 -14.690231
v 750.412598 886.998291 -25.783371
v 720.957642 886.998291 -25.783371
v 741.771484 890.556152 -33.657955
v 729.598694 890.556152 -33.657955
v 729.598694 890.556152 -33.657955
v 741.771484 878.428467 -6.815551
v 729.598694 878.428467 -6.815551
v 732.154297 878.468445 -13.583301
v 739.215881 878.468445 -13.583301
v 750.412598 881.986267 -14.690231
v 744.228638 880.532471 -18.151497
v 720.957642 881.986267 -14.690231
v 727.141541 880.532471 -18.151497
v 750.412598 886.998291 -25.783371
v 744.228638 883.439941 -24.586700
v 720.957642 886.998291 -25.783371
v 727.141541 883.439941 -24.586700
v 743.158020 902.662170 -35.226562
v 728.212219 902.662170 -35.226562
v 728.212219 915.481750 -29.434519
v 743.158020 915.481750 -29.434519
v 743.487122 901.448364 -33.292034
v 727.883118 901.448364 -33.292034
v 743.487122 914.832397 -27.244978
v 743.487122 901.448364 -33.292034
v 727.883118 914.832397 -27.244978
v 743.487122 914.832397 -27.244978
v 727.883118 901.448364 -33.292034
v 727.883118 914.832397 -27.244978
v 739.229980 931.635803 -25.416691
v 732.140259 931.635803 -25.416691
v 732.140259 928.052917 -25.416691
v 739.229980 928.052917 -25.416691
v 739.229980 934.445862 -26.688606
v 732.140259 934.445862 -26.688606
v 732.140259 934.445862 -25.416691
v 739.229980 934.445862 -25.416691
v 732.140259 934.445862 -25.416691
v 732.140259 931.635803 -26.688606
v 732.140259 931.635803 -25.416691
v 732.140259 934.445862 -25.416691
v 732.140259 934.445862 -26.688606
v 739.229980 931.635803 -39.483864
v 732.140259 931.635803 -39.483864
v 732.140259 934.445862 -39.483864
v 739.229980 934.445862 -39.483864
v 739.229980 931.635803 -35.645706
v 739.229980 934.445862 -35.645706
v 739.229980 931.635803 -26.688606
v 732.140259 931.635803 -35.645706
v 732.140259 934.445862 -35.645706
v 732.140259 934.445862 -35.645706
v 739.229980 928.052917 -26.688606
v 732.140259 928.052917 -25.416691
v 732.140259 928.052917 -26.688606
v 732.140259 931.635803 -39.483864
v 731.707642 916.422974 -39.280727
v 731.707642 918.616028 -35.574272
v 732.140259 934.445862 -39.483864
v 739.662598 918.616028 -35.574272
v 731.707642 908.044556 -29.319218
v 739.662598 908.044556 -29.319218
v 739.662598 916.422974 -39.280727
v 731.707642 916.422974 -39.280727
v 739.662598 905.851501 -33.025768
v 731.707642 905.851501 -33.025768
v 731.707642 905.851501 -33.025768
v 432.241913 932.480835 -7.116444
v 432.241913 926.056091 7.103508
v 458.922668 878.347961 -14.451430
v 458.922668 884.772705 -28.671383
v 447.845947 889.333435 -38.765644
v 432.241913 889.333435 -38.765644
v 432.241913 926.947205 -21.771366
v 421.165192 884.772705 -28.671383
v 421.165192 878.347961 -14.451430
v 432.241913 889.333435 -38.765644
v 433.957581 887.624268 -34.982609
v 425.316437 884.066406 -27.108025
v 432.241913 873.787415 -4.357169
v 447.845947 873.787415 -4.357169
v 446.130371 875.496704 -8.140204
v 433.957581 875.496704 -8.140204
v 433.957581 878.428467 -6.815551
v 446.130371 878.428467 -6.815551
v 446.130371 887.624268 -34.982609
v 433.957581 887.624268 -34.982609
v 425.316437 879.054382 -16.014885
v 454.771423 884.066406 -27.108025
v 454.771423 879.054382 -16.014885
v 433.957581 890.556152 -33.657955
v 446.130371 890.556152 -33.657955
v 443.574707 885.503906 -29.154896
v 436.513153 885.503906 -29.154896
v 454.771423 881.986267 -14.690231
v 425.316437 881.986267 -14.690231
v 454.771423 886.998291 -25.783371
v 425.316437 886.998291 -25.783371
v 446.130371 890.556152 -33.657955
v 433.957581 890.556152 -33.657955
v 433.957581 890.556152 -33.657955
v 446.130371 878.428467 -6.815551
v 433.957581 878.428467 -6.815551
v 436.513153 878.468445 -13.583301
v 443.574707 878.468445 -13.583301
v 454.771423 881.986267 -14.690231
v 448.587524 880.532471 -18.151497
v 425.316437 881.986267 -14.690231
v 431.500427 880.532471 -18.151497
v 454.771423 886.998291 -25.783371
v 448.587524 883.439941 -24.586700
v 425.316437 886.998291 -25.783371
v 431.500427 883.439941 -24.586700
v 447.516815 902.662170 -35.226562
v 432.571014 902.662170 -35.226562
v 432.571014 915.481750 -29.434519
v 447.516815 915.481750 -29.434519
v 447.845947 901.448364 -33.292034
v 432.241913 901.448364 -33.292034
v 447.845947 914.832397 -27.244978
v 447.845947 901.448364 -33.292034
v 432.241913 914.832397 -27.244978
v 447.845947 914.832397 -27.244978
v 432.241913 901.448364 -33.292034
v 432.241913 914.832397 -27.244978
v 443.588837 931.635803 -25.416691
v 436.499115 931.635803 -25.416691
v 436.499115 928.052917 -25.416691
v 443.588837 928.052917 -25.416691
v 443.588837 934.445862 -26.688606
v 436.499115 934.445862 -26.688606
v 436.499115 934.445862 -25.416691
v 443.588837 934.445862 -25.416691
v 436.499115 934.445862 -25.416691
v 436.499115 931.635803 -26.688606
v 436.499115 931.635803 -25.416691
v 436.499115 934.445862 -25.416691
v 436.499115 934.445862 -26.688606
v 443.588837 931.635803 -39.483864
v 436.499115 931.635803 -39.483864
v 436.499115 934.445862 -39.483864
v 443.588837 934.445862 -39.483864
v 443.588837 931.635803 -35.645706
v 443.588837 934.445862 -35.645706
v 443.588837 931.635803 -26.688606
v 436.499115 931.635803 -35.645706
v 436.499115 934.445862 -35.645706
v 436.499115 934.445862 -35.645706
v 443.588837 928.052917 -26.688606
v 436.499115 928.052917 -25.416691
v 436.499115 928.052917 -26.688606
v 436.499115 931.635803 -39.483864
v 436.066437 916.422974 -39.280727
v 436.066437 918.616028 -35.574272
v 436.499115 934.445862 -39.483864
v 444.021423 918.616028 -35.574272
v 436.066437 908.044556 -29.319218
v 444.021423 908.044556 -29.319218
v 444.021423 916.422974 -39.280727
v 436.066437 916.422974 -39.280727
v 444.021423 905.851501 -33.025768
v 436.066437 905.851501 -33.025768
v 436.066437 905.851501 -33.025768
v 136.600784 932.480835 -7.116444
v 136.600784 926.056091 7.103508
v 163.281540 878.347961 -14.451430
v 163.281540 884.772705 -28.671383
v 152.204803 889.333435 -38.765644
v 136.600784 889.333435 -38.765644
v 136.600784 926.947205 -21.771366
v 125.524048 884.772705 -28.671383
v 125.524048 878.347961 -14.451430
v 136.600784 889.333435 -38.765644
v 138.316391 887.624268 -34.982609
v 129.675293 884.066406 -27.108025
v 136.600784 873.787415 -4.357169
v 152.204803 873.787415 -4.357169
v 150.489182 875.496704 -8.140204
v 138.316391 875.496704 -8.140204
v 138.316391 878.428467 -6.815551
v 150.489182 878.428467 -6.815551
v 150.489182 887.624268 -34.982609
v 138.316391 887.624268 -34.982609
v 129.675293 879.054382 -16.014885
v 159.130280 884.066406 -27.108025
v 159.130280 879.054382 -16.014885
v 138.316391 890.556152 -33.657955
v 150.489182 890.556152 -33.657955
v 147.933578 885.503906 -29.154896
v 140.872009 885.503906 -29.154896
v 159.130280 881.986267 -14.690231
v 129.675293 881.986267 -14.690231
v 159.130280 886.998291 -25.783371
v 129.675293 886.998291 -25.783371
v 150.489182 890.556152 -33.657955
v 138.316391 890.556152 -33.657955
v 138.316391 890.556152 -33.657955
v 150.489182 878.428467 -6.815551
v 138.316391 878.428467 -6.815551
v 140.872009 878.468445 -13.583301
v 147.933578 878.468445 -13.583301
v 159.130280 881.986267 -14.690231
v 152.946335 880.532471 -18.151497
v 129.675293 881.986267 -14.690231
v 135.859253 880.532471 -18.151497
v 159.130280 886.998291 -25.783371
v 152.946335 883.439941 -24.586700
v 129.675293 886.998291 -25.783371
v 135.859253 883.439941 -24.586700
v 151.875687 902.662170 -35.226562
v 136.929886 902.662170 -35.226562
v 136.929886 915.481750 -29.434519
v 151.875687 915.481750 -29.434519
v 152.204803 901.448364 -33.292034
v 136.600784 901.448364 -33.292034
v 152.204803 914.832397 -27.244978
v 152.204803 901.448364 -33.292034
v 136.600784 914.832397 -27.244978
v 152.204803 914.832397 -27.244978
v 136.600784 901.448364 -33.292034
v 136.600784 914.832397 -27.244978
v 147.947647 931.635803 -25.416691
v 140.857941 931.635803 -25.416691
v 140.857941 928.052917 -25.416691
v 147.947647 928.052917 -25.416691
v 147.947647 934.445862 -26.688606
v 140.857941 934.445862 -26.688606
v 140.857941 934.445862 -25.416691
v 147.947647 934.445862 -25.416691
v 140.857941 934.445862 -25.416691
v 140.857941 931.635803 -26.688606
v 140.857941 931.635803 -25.416691
v 140.857941 934.445862 -25.416691
v 140.857941 934.445862 -26.688606
v 147.947647 931.635803 -39.483864
v 140.857941 931.635803 -39.483864
v 140.857941 934.445862 -39.483864
v 147.947647 934.445862 -39.483864
v 147.947647 931.635803 -35.645706
v 147.947647 934.445862 -35.645706
v 147.947647 931.635803 -26.688606
v 140.857941 931.635803 -35.645706
v 140.857941 934.445862 -35.645706
v 140.857941 934.445862 -35.645706
v 147.947647 928.052917 -26.688606
v 140.857941 928.052917 -25.416691
v 140.857941 928.052917 -26.688606
v 140.857941 931.635803 -39.483864
v 140.425308 916.422974 -39.280727
v 140.425308 918.616028 -35.574272
v 140.857941 934.445862 -39.483864
v 148.380280 918.616028 -35.574272
v 140.425308 908.044556 -29.319218
v 148.380280 908.044556 -29.319218
v 148.380280 916.422974 -39.280727
v 140.425308 916.422974 -39.280727
v 148.380280 905.851501 -33.025768
v 140.425308 905.851501 -33.025768
v 140.425308 905.851501 -33.025768
v -159.040405 932.480835 -7.116444
v -159.040405 926.056091 7.103508
v -132.359650 878.347961 -14.451430
v -132.359650 884.772705 -28.671383
v -143.436386 889.333435 -38.765644
v -159.040405 889.333435 -38.765644
v -159.040405 926.947205 -21.771366
v -170.117142 884.772705 -28.671383
v -170.117142 878.347961 -14.451430
v -159.040405 889.333435 -38.765644
v -157.324783 887.624268 -34.982609
v -165.965897 884.066406 -27.108025
v -159.040405 873.787415 -4.357169
v -143.436386 873.787415 -4.357169
v -145.151993 875.496704 -8.140204
v -157.324783 875.496704 -8.140204
v -157.324783 878.428467 -6.815551
v -145.151993 878.428467 -6.815551
v -145.151993 887.624268 -34.982609
v -157.324783 887.624268 -34.982609
v -165.965897 879.054382 -16.014885
v -136.510895 884.066406 -27.108025
v -136.510895 879.054382 -16.014885
v -157.324783 890.556152 -33.657955
v -145.151993 890.556152 -33.657955
v -147.707611 885.503906 -29.154896
v -154.769180 885.503906 -29.154896
v -136.510895 881.986267 -14.690231
v -165.965897 881.986267 -14.690231
v -136.510895 886.998291 -25.783371
v -165.965897 886.998291 -25.783371
v -145.151993 890.556152 -33.657955
v -157.324783 890.556152 -33.657955
v -157.324783 890.556152 -33.657955
v -145.151993 878.428467 -6.815551
v -157.324783 878.428467 -6.815551
v -154.769180 878.468445 -13.583301
v -147.707611 878.468445 -13.583301
v -136.510895 881.986267 -14.690231
v -142.694855 880.532471 -18.151497
v -165.965897 881.986267 -14.690231
v -159.781937 880.532471 -18.151497
v -136.510895 886.998291 -25.783371
v -142.694855 883.439941 -24.586700
v -165.965897 886.998291 -25.783371
v -159.781937 883.439941 -24.586700
v -143.765503 902.662170 -35.226562
v -158.711288 902.662170 -35.226562
v -158.711288 915.481750 -29.434519
v -143.765503 915.481750 -29.434519
v -143.436386 901.448364 -33.292034
v -159.040405 901.448364 -33.292034
v -143.436386 914.832397 -27.244978
v -143.436386 901.448364 -33.292034
v -159.040405 914.832397 -27.244978
v -143.436386 914.832397 -27.244978
v -159.040405 901.448364 -33.292034
v -159.040405 914.832397 -27.244978
v -147.693542 931.635803 -25.416691
v -154.783249 931.635803 -25.416691
v -154.783249 928.052917 -25.416691
v -147.693542 928.052917 -25.416691
v -147.693542 934.445862 -26.688606
v -154.783249 934.445862 -26.688606
v -154.783249 934.445862 -25.416691
v -147.693542 934.445862 -25.416691
v -154.783249 934.445862 -25.416691
v -154.783249 931.635803 -26.688606
v -154.783249 931.635803 -25.416691
v -154.783249 934.445862 -25.416691
v -154.783249 934.445862 -26.688606
v -147.693542 931.635803 -39.483864
v -154.783249 931.635803 -39.483864
v -154.783249 934.445862 -39.483864
v -147.693542 934.445862 -39.483864
v -147.693542 931.635803 -35.645706
v -147.693542 934.445862 -35.645706
v -147.693542 931.635803 -26.688606
v -154.783249 931.635803 -35.645706
v -154.783249 934.445862 -35.645706
v -154.783249 934.445862 -35.645706
v -147.693542 928.052917 -26.688606
v -154.783249 928.052917 -25.416691
v -154.783249 928.052917 -26.688606
v -154.783249 931.635803 -39.483864
v -155.215881 916.422974 -39.280727
v -155.215881 918.616028 -35.574272
v -154.783249 934.445862 -39.483864
v -147.260910 918.616028 -35.574272
v -155.215881 908.044556 -29.319218
v -147.260910 908.044556 -29.319218
v -147.260910 916.422974 -39.280727
v -155.215881 916.422974 -39.280727
v -147.260910 905.851501 -33.025768
v -155.215881 905.851501 -33.025768
v -155.215881 905.851501 -33.025768
v -454.681549 932.480835 -7.116444
v -454.681549 926.056091 7.103508
v -428.000793 878.347961 -14.451430
v -428.000793 884.772705 -28.671383
v -439.077515 889.333435 -38.765644
v -454.681549 889.333435 -38.765644
v -454.681549 926.947205 -21.771366
v -465.758270 884.772705 -28.671383
v -465.758270 878.347961 -14.451430
v -454.681549 889.333435 -38.765644
v -452.965912 887.624268 -34.982609
v -461.607025 884.066406 -27.108025
v -454.681549 873.787415 -4.357169
v -439.077515 873.787415 -4.357169
v -440.793121 875.496704 -8.140204
v -452.965912 875.496704 -8.140204
v -452.965912 878.428467 -6.815551
v -440.793121 878.428467 -6.815551
v -440.793121 887.624268 -34.982609
v -452.965912 887.624268 -34.982609
v -461.607025 879.054382 -16.014885
v -432.152039 884.066406 -27.108025
v -432.152039 879.054382 -16.014885
v -452.965912 890.556152 -33.657955
v -440.793121 890.556152 -33.657955
v -443.348755 885.503906 -29.154896
v -450.410309 885.503906 -29.154896
v -432.152039 881.986267 -14.690231
v -461.607025 881.986267 -14.690231
v -432.152039 886.998291 -25.783371
v -461.607025 886.998291 -25.783371
v -440.793121 890.556152 -33.657955
v -452.965912 890.556152 -33.657955
v -452.965912 890.556152 -33.657955
v -440.793121 878.428467 -6.815551
v -452.965912 878.428467 -6.815551
v -450.410309 878.468445 -13.583301
v -443.348755 878.468445 -13.583301
v -432.152039 881.986267 -14.690231
v -438.335999 880.532471 -18.151497
v -461.607025 881.986267 -14.690231
v -455.423065 880.532471 -18.151497
v -432.152039 886.998291 -25.783371
v -438.335999 883.439941 -24.586700
v -461.607025 886.998291 -25.783371
v -455.423065 883.439941 -24.586700
v -439.406647 902.662170 -35.226562
v -454.352417 902.662170 -35.226562
v -454.352417 915.481750 -29.434519
v -439.406647 915.481750 -29.434519
v -439.077515 901.448364 -33.292034
v -454.681549 901.448364 -33.292034
v -439.077515 914.832397 -27.244978
v -439.077515 901.448364 -33.292034
v -454.681549 914.832397 -27.244978
v -439.077515 914.832397 -27.244978
v -454.681549 901.448364 -33.292034
v -454.681549 914.832397 -27.244978
v -443.334686 931.635803 -25.416691
v -450.424377 931.635803 -25.416691
v -450.424377 928.052917 -25.416691
v -443.334686 928.052917 -25.416691
v -443.334686 934.445862 -26.688606
v -450.424377 934.445862 -26.688606
v -450.424377 934.445862 -25.416691
v -443.334686 934.445862 -25.416691
v -450.424377 934.445862 -25.416691
v -450.424377 931.635803 -26.688606
v -450.424377 931.635803 -25.416691
v -450.424377 934.445862 -25.416691
v -450.424377 934.445862 -26.688606
v -443.334686 931.635803 -39.483864
v -450.424377 931.635803 -39.483864
v -450.424377 934.445862 -39.483864
v -443.334686 934.445862 -39.483864
v -443.334686 931.635803 -35.645706
v -443.334686 934.445862 -35.645706
v -443.334686 931.635803 -26.688606
v -450.424377 931.635803 -35.645706
v -450.424377 934.445862 -35.645706
v -450.424377 934.445862 -35.645706
v -443.334686 928.052917 -26.688606
v -450.424377 928.052917 -25.416691
v -450.424377 928.052917 -26.688606
v -450.424377 931.635803 -39.483864
v -450.857025 916.422974 -39.280727
v -450.857025 918.616028 -35.574272
v -450.424377 934.445862 -39.483864
v -442.902039 918.616028 -35.574272
v -450.857025 908.044556 -29.319218
v -442.902039 908.044556 -29.319218
v -442.902039 916.422974 -39.280727
v -450.857025 916.422974 -39.280727
v -442.902039 905.851501 -33.025768
v -450.857025 905.851501 -33.025768
v -450.857025 905.851501 -33.025768
v -750.322632 932.480835 -7.116444
v -750.322632 926.056091 7.103508
v -723.641846 878.347961 -14.451430
v -723.641846 884.772705 -28.671383
v -734.718628 889.333435 -38.765644
v -750.322632 889.333435 -38.765644
v -750.322632 926.947205 -21.771366
v -761.399353 884.772705 -28.671383
v -761.399353 878.347961 -14.451430
v -750.322632 889.333435 -38.765644
v -748.607056 887.624268 -34.982609
v -757.248230 884.066406 -27.108025
v -750.322632 873.787415 -4.357169
v -734.718628 873.787415 -4.357169
v -736.434265 875.496704 -8.140204
v -748.607056 875.496704 -8.140204
v -748.607056 878.428467 -6.815551
v -736.434265 878.428467 -6.815551
v -736.434265 887.624268 -34.982609
v -748.607056 887.624268 -34.982609
v -757.248230 879.054382 -16.014885
v -727.793213 884.066406 -27.108025
v -727.793213 879.054382 -16.014885
v -748.607056 890.556152 -33.657955
v -736.434265 890.556152 -33.657955
v -738.989929 885.503906 -29.154896
v -746.051514 885.503906 -29.154896
v -727.793213 881.986267 -14.690231
v -757.248230 881.986267 -14.690231
v -727.793213 886.998291 -25.783371
v -757.248230 886.998291 -25.783371
v -736.434265 890.556152 -33.657955
v -748.607056 890.556152 -33.657955
v -748.607056 890.556152 -33.657955
v -736.434265 878.428467 -6.815551
v -748.607056 878.428467 -6.815551
v -746.051514 878.468445 -13.583301
v -738.989929 878.468445 -13.583301
v -727.793213 881.986267 -14.690231
v -733.977112 880.532471 -18.151497
v -757.248230 881.986267 -14.690231
v -751.064209 880.532471 -18.151497
v -727.793213 886.998291 -25.783371
v -733.977112 883.439941 -24.586700
v -757.248230 886.998291 -25.783371
v -751.064209 883.439941 -24.586700
v -735.047791 902.662170 -35.226562
v -749.993591 902.662170 -35.226562
v -749.993591 915.481750 -29.434519
v -735.047791 915.481750 -29.434519
v -734.718628 901.448364 -33.292034
v -750.322632 901.448364 -33.292034
v -734.718628 914.832397 -27.244978
v -734.718628 901.448364 -33.292034
v -750.322632 914.832397 -27.244978
v -734.718628 914.832397 -27.244978
v -750.322632 901.448364 -33.292034
v -750.322632 914.832397 -27.244978
v -738.975830 931.635803 -25.416691
v -746.065491 931.635803 -25.416691
v -746.065491 928.052917 -25.416691
v -738.975830 928.052917 -25.416691
v -738.975830 934.445862 -26.688606
v -746.065491 934.445862 -26.688606
v -746.065491 934.445862 -25.416691
v -738.975830 934.445862 -25.416691
v -746.065491 934.445862 -25.416691
v -746.065491 931.635803 -26.688606
v -746.065491 931.635803 -25.416691
v -746.065491 934.445862 -25.416691
v -746.065491 934.445862 -26.688606
v -738.975830 931.635803 -39.483864
v -746.065491 931.635803 -39.483864
v -746.065491 934.445862 -39.483864
v -738.975830 934.445862 -39.483864
v -738.975830 931.635803 -35.645706
v -738.975830 934.445862 -35.645706
v -738.975830 931.635803 -26.688606
v -746.065491 931.635803 -35.645706
v -746.065491 934.445862 -35.645706
v -746.065491 934.445862 -35.645706
v -738.975830 928.052917 -26.688606
v -746.065491 928.052917 -25.416691
v -746.065491 928.052917 -26.688606
v -746.065491 931.635803 -39.483864
v -746.498230 916.422974 -39.280727
v -746.498230 918.616028 -35.574272
v -746.065491 934.445862 -39.483864
v -738.543213 918.616028 -35.574272
v -746.498230 908.044556 -29.319218
v -738.543213 908.044556 -29.319218
v -738.543213 916.422974 -39.280727
v -746.498230 916.422974 -39.280727
v -738.543213 905.851501 -33.025768
v -746.498230 905.851501 -33.025768
v -746.498230 905.851501 -33.025768
v 178.876572 -40.335499 -771.615540
v 178.364914 -24.322004 -760.352478
v 71.853119 -24.322006 -765.191162
v 72.364792 -40.335499 -776.454163
v 181.922104 33.929756 -838.655762
v 75.410324 33.929756 -843.494446
v 74.715385 27.230196 -828.196838
v 181.227158 27.230198 -823.358276
v 73.975906 17.537817 -811.919250
v 180.487701 17.537817 -807.080627
v 73.077065 2.788555 -792.133484
v 179.588867 2.788555 -787.294800
v 72.337608 -12.382135 -775.855896
v 178.849396 -12.382135 -771.017212
v 178.849396 -12.382135 -771.017212
v 72.337608 -12.382135 -775.855896
v 76.476631 14.557504 -866.966675
v 182.988403 14.557504 -862.127991
v 183.205978 6.375931 -866.917358
v 76.694199 6.375931 -871.756042
v 75.943718 30.736567 -855.235901
v 71.099907 13.355159 -865.369690
v 70.618088 27.983070 -854.763550
v 68.705658 10.452461 -861.033142
v 68.345505 21.386457 -853.105347
v 76.882462 -3.645709 -875.900146
v 183.394257 -3.645708 -871.061584
v 183.502762 -12.822105 -873.450073
v 76.990967 -12.822106 -878.288757
v 183.700562 -40.335514 -877.804138
v 77.188759 -40.335518 -882.642822
v 190.788437 -32.841778 -868.698853
v 186.539108 -32.841763 -775.160156
v 184.221603 -38.140640 -772.512817
v 188.877274 -38.140656 -874.996460
v 178.876572 -40.335499 -771.615540
v 183.700562 -40.335514 -877.804138
v 65.055290 -32.841766 -780.678955
v 69.304619 -32.841782 -874.217651
v 71.778885 -38.140659 -880.315979
v 67.123230 -38.140640 -777.832458
v 77.188759 -40.335518 -882.642822
v 72.364792 -40.335499 -776.454163
v 188.162750 11.295732 -810.900757
v 188.868896 20.551519 -826.445129
v 186.566116 25.274044 -824.121582
v 185.836395 15.709552 -808.058655
v 185.836395 15.709552 -808.058655
v 186.566116 25.274044 -824.121582
v 189.829330 21.386457 -847.586609
v 190.189484 10.452462 -855.514343
v 188.198273 13.355160 -860.050049
v 187.716461 27.983070 -849.443970
v 182.455505 30.736567 -850.397217
v 67.385086 20.551519 -831.963989
v 66.678932 11.295731 -816.419556
v 68.738014 15.709551 -813.378235
v 69.467720 25.274044 -829.441101
v 69.467720 25.274044 -829.441101
v 68.738014 15.709551 -813.378235
v 187.292999 -2.976192 -791.755371
v 184.946091 1.100099 -788.460449
v 184.946091 1.100099 -788.460449
v 65.809181 -2.976193 -797.274109
v 67.847702 1.100098 -793.780029
v 67.847702 1.100098 -793.780029
v 186.578598 -17.632853 -776.029175
v 184.213943 -13.920031 -772.344299
v 184.213943 -13.920031 -772.344299
v 65.094772 -17.632853 -781.547974
v 67.115578 -13.920032 -777.663940
v 67.115578 -13.920032 -777.663940
v 186.284637 -24.877367 -769.558411
v 183.785278 -24.484667 -762.908020
v 64.800819 -24.877367 -775.077209
v 66.686897 -24.484667 -768.227600
v 184.221603 -38.140640 -772.512817
v 67.123230 -38.140640 -777.832458
v 68.902977 3.032731 -865.376465
v 71.311531 5.396722 -870.028320
v 190.386795 3.032732 -859.857788
v 188.409927 5.396723 -864.708801
v 69.073303 -6.034829 -869.126160
v 71.494553 -4.345467 -874.056946
v 190.557129 -6.034828 -863.607361
v 188.592941 -4.345466 -868.737366
v 69.171722 -14.356782 -871.292297
v 71.600113 -13.271597 -876.380371
v 190.655548 -14.356781 -865.773499
v 188.698486 -13.271596 -871.060791
v 70.081764 31.193712 -842.957886
v 67.806442 24.613575 -841.239075
v 70.081764 31.193712 -842.957886
v 71.778885 -38.140659 -880.315979
v 188.877274 -38.140656 -874.996460
v 187.180161 31.193712 -837.638306
v 189.290268 24.613575 -835.720337
v 187.180161 31.193712 -837.638306
v 75.410324 33.929756 -843.494446
v 181.922104 33.929756 -838.655762
v -88.482574 -40.335499 -777.288452
v -86.605003 -24.322006 -766.171265
v -191.737869 -24.322002 -748.415771
v -193.615402 -40.335495 -759.532959
v -99.658165 33.929756 -843.460815
v -204.791000 33.929760 -825.705322
v -202.240921 27.230200 -810.605774
v -97.108078 27.230196 -828.361389
v -199.527435 17.537819 -794.538940
v -94.394569 17.537815 -812.294434
v -196.229156 2.788557 -775.009277
v -91.096291 2.788554 -792.764832
v -193.515671 -12.382133 -758.942444
v -88.382812 -12.382136 -776.697937
v -88.382812 -12.382136 -776.697937
v -193.515671 -12.382133 -758.942444
v -208.703827 14.557507 -848.873657
v -103.570984 14.557504 -866.629150
v -104.369370 6.375931 -871.356506
v -209.502197 6.375934 -853.601013
v -206.748322 30.736568 -837.294739
v -213.622253 13.355162 -846.177612
v -211.854218 27.983072 -835.708801
v -215.047104 10.452464 -841.433411
v -213.725525 21.386461 -833.608215
v -210.193039 -3.645706 -857.691467
v -105.060211 -3.645709 -875.447083
v -105.458366 -12.822106 -877.804626
v -210.591217 -12.822104 -860.049133
v -106.184181 -40.335514 -882.102356
v -211.317062 -40.335514 -864.346863
v -97.333870 -32.841782 -874.698547
v -81.740990 -32.841766 -782.370789
v -83.447418 -38.140640 -779.293945
v -100.531425 -38.140659 -880.450806
v -88.482574 -40.335499 -777.288452
v -106.184181 -40.335514 -882.102356
v -201.652054 -32.841763 -762.119507
v -217.244934 -32.841778 -854.447205
v -216.113785 -38.140656 -860.930420
v -199.029785 -38.140640 -759.773682
v -211.317062 -40.335514 -864.346863
v -193.615402 -40.335495 -759.532959
v -87.698944 11.295731 -817.648743
v -90.290199 20.551519 -832.991882
v -92.050575 25.274042 -830.234558
v -89.372887 15.709551 -814.379578
v -89.372887 15.709551 -814.379578
v -92.050575 25.274042 -830.234558
v -93.814484 21.386457 -853.859619
v -95.136032 10.452461 -861.684753
v -98.039864 13.355159 -865.697876
v -96.271828 27.983070 -855.229065
v -101.615456 30.736567 -855.050232
v -210.201263 20.551521 -812.740540
v -207.610016 11.295734 -797.397400
v -204.955292 15.709554 -794.859253
v -207.632965 25.274046 -810.714172
v -207.632965 25.274046 -810.714172
v -204.955292 15.709554 -794.859253
v -84.507408 -2.976193 -798.751221
v -86.105865 1.100098 -795.035095
v -86.105865 1.100098 -795.035095
v -204.418442 -2.976190 -778.499756
v -201.688263 1.100101 -775.514771
v -201.688263 1.100101 -775.514771
v -81.885864 -17.632854 -783.228638
v -83.419327 -13.920032 -779.127625
v -83.419327 -13.920032 -779.127625
v -201.796890 -17.632851 -762.977295
v -199.001709 -13.920029 -759.607300
v -199.001709 -13.920029 -759.607300
v -80.807182 -24.877367 -776.841614
v -81.846291 -24.484667 -769.813477
v -200.718262 -24.877365 -756.590271
v -197.428665 -24.484665 -750.293152
v -83.447418 -38.140640 -779.293945
v -199.029785 -38.140640 -759.773682
v -215.771103 3.032734 -845.720459
v -214.398865 5.396725 -850.775940
v -95.860069 3.032731 -865.971924
v -98.816467 5.396722 -870.296326
v -216.396210 -6.034825 -849.421631
v -215.070419 -4.345464 -854.752441
v -96.485138 -6.034829 -869.672974
v -99.488029 -4.345467 -874.272705
v -216.757294 -14.356779 -851.559753
v -215.457748 -13.271594 -857.045776
v -96.846222 -14.356782 -871.811096
v -99.875343 -13.271597 -876.566101
v -209.886215 31.193714 -824.055969
v -211.747437 24.613577 -821.895569
v -209.886215 31.193714 -824.055969
v -216.113785 -38.140656 -860.930420
v -100.531425 -38.140659 -880.450806
v -94.303802 31.193712 -843.576233
v -91.836380 24.613573 -842.147034
v -94.303802 31.193712 -843.576233
v -204.791000 33.929760 -825.705322
v -99.658165 33.929756 -843.460815
v -1100.199463 -78.915131 -321.487946
v -975.199524 -78.915131 -321.487946
v -1100.199463 -61.915131 -321.487976
v -1125.199463 -95.915138 -321.487946
v -975.199524 -95.915138 -321.487946
v -1125.199463 -78.915131 -321.487946
v -1150.199463 -112.915146 -321.487946
v -975.199524 -112.915146 -321.487946
v -1150.199463 -95.915138 -321.487946
v -1175.199463 -129.915146 -321.487946
v -975.199524 -129.915146 -321.487946
v -1175.199463 -112.915146 -321.487946
v -1200.199463 -146.915161 -321.487946
v -975.199524 -146.915161 -321.487946
v -1200.199463 -129.915146 -321.487946
v -1225.199463 -163.915161 -321.487946
v -975.199524 -163.915161 -321.487946
v -1225.199463 -146.915161 -321.487946
v 611.327087 172.898041 -769.762817
v 507.477417 172.898041 -774.355713
v 478.568268 172.898041 -782.291687
v 375.384247 172.898041 -769.686035
v -1100.199463 -61.915180 -621.487976
v -975.199524 -78.915184 -621.488037
v -1100.199463 -78.915184 -621.487976
v -1125.199463 -78.915184 -621.487976
v -975.199524 -95.915184 -621.488037
v -1125.199463 -95.915184 -621.487976
v -1150.199463 -95.915184 -621.487976
v -975.199524 -112.915192 -621.488037
v -1150.199463 -112.915192 -621.487976
v -1175.199463 -112.915192 -621.487976
v -975.199524 -129.915192 -621.488037
v -1175.199463 -129.915192 -621.487976
v -1200.199463 -129.915192 -621.487976
v -975.199524 -146.915207 -621.488037
v -1200.199463 -146.915207 -621.487976
v -1225.199463 -146.915207 -621.487976
v -975.199524 -163.915207 -621.488037
v -1225.199463 -163.915207 -621.487976
vn -0.292404 0.066487 0.953981
vn -0.692700 0.548584 0.468212
vn -0.892863 0.066613 0.445375
vn -0.673887 0.738833 0.001425
vn -0.692700 0.468213 -0.548583
vn -0.841991 0.533558 -0.079798
vn 0.378447 -0.145194 0.914165
vn 0.841993 0.292771 0.453137
vn 0.244077 0.657850 0.712503
vn 0.292402 0.759839 -0.580642
vn 0.453372 0.887705 0.080208
vn 0.892862 0.378250 -0.244385
vn -0.292404 0.066484 0.953981
vn -0.692702 0.548582 0.468212
vn -0.892864 0.066611 0.445374
vn -0.692702 0.468212 -0.548582
vn -0.841992 0.533556 -0.079799
vn 0.378447 -0.145194 0.914164
vn 0.244077 0.657850 0.712502
vn 0.292403 0.759839 -0.580643
vn 0.453373 0.887705 0.080207
vn 0.892862 0.378250 -0.244385
vn -0.292405 0.066485 0.953981
vn -0.692702 0.548583 0.468210
vn -0.892864 0.066612 0.445373
vn -0.673886 0.738834 0.001425
vn -0.692702 0.468212 -0.548582
vn -0.841992 0.533556 -0.079799
vn 0.378447 -0.145193 0.914164
vn 0.841993 0.292771 0.453137
vn 0.244078 0.657849 0.712503
vn 0.292402 0.759838 -0.580644
vn 0.453373 0.887704 0.080209
vn 0.892862 0.378250 -0.244386
vn -0.292405 0.066485 0.953981
vn -0.692702 0.548583 0.468210
vn -0.892864 0.066612 0.445373
vn -0.673887 0.738833 0.001424
vn -0.692702 0.468211 -0.548582
vn -0.841992 0.533556 -0.079799
vn 0.378447 -0.145193 0.914165
vn 0.841993 0.292771 0.453137
vn 0.244078 0.657850 0.712503
vn 0.292402 0.759838 -0.580643
vn 0.453373 0.887704 0.080209
vn 0.892862 0.378250 -0.244385
vn -0.292404 0.066484 0.953981
vn -0.692702 0.548581 0.468212
vn -0.892864 0.066611 0.445374
vn -0.673887 0.738833 0.001425
vn -0.692702 0.468211 -0.548582
vn -0.841992 0.533555 -0.079799
vn 0.378447 -0.145193 0.914165
vn 0.841993 0.292771 0.453137
vn 0.244077 0.657850 0.712502
vn 0.292402 0.759839 -0.580643
vn 0.453373 0.887705 0.080208
vn 0.892862 0.378250 -0.244384
vn -0.292404 0.066485 0.953981
vn -0.692701 0.548582 0.468212
vn -0.892864 0.066611 0.445374
vn -0.673888 0.738832 0.001424
vn -0.692703 0.468210 -0.548582
vn -0.841992 0.533556 -0.079799
vn 0.378446 -0.145192 0.914165
vn 0.841992 0.292772 0.453139
vn 0.244077 0.657850 0.712502
vn 0.292401 0.759839 -0.580643
vn 0.453372 0.887705 0.080209
vn 0.892862 0.378251 -0.244385
vn -0.894427 0.000000 0.447214
vn -0.447214 0.000000 0.894427
vn -1.000000 0.000000 0.000000
vn 0.000000 -0.000000 -1.000000
vn 0.000000 -0.000000 -1.000000
vn 0.447214 -0.000000 -0.894427
vn 0.894427 -0.000000 -0.447214
vn 0.894427 0.000000 0.447214
vn 0.447214 0.000000 0.894427
vn 0.000000 1.000000 0.000000
vn -0.447214 -0.000000 -0.894427
vn -0.894427 -0.000000 -0.447214
vn 0.447214 -0.000000 -0.894427
vn -0.894427 0.000000 0.447214
vn -0.447214 0.000000 0.894427
vn 0.000000 -0.000000 -1.000000
vn 1.000000 0.000000 0.000000
vn 0.894427 0.000000 0.447214
vn 0.447214 0.000000 0.894427
vn -0.894427 -0.000000 -0.447214
vn -0.447214 -0.000000 -0.894427
vn 0.894427 -0.000000 -0.447214
vn -1.000000 -0.000000 0.000000
vn -1.000000 -0.000000 0.000000
vn 0.000000 0.000000 1.000000
vn 0.894427 0.000000 0.447214
vn 0.447214 0.000000 0.894427
vn 0.000000 0.000000 1.000000
vn 0.000000 0.000000 1.000000
vn 0.447213 0.574926 0.685172
vn 0.782605 -0.167685 0.599509
vn -0.642341 0.206441 0.738093
vn 0.000000 0.642782 0.766049
vn -1.000000 -0.000001 0.000000
vn -0.894427 -0.287462 -0.342587
vn -0.447213 -0.574926 -0.685172
vn 0.447214 -0.574925 -0.685172
vn 0.894427 -0.287464 -0.342585
vn 0.894426 -0.287467 0.342584
vn -0.447212 -0.574932 0.685167
vn -1.000000 -0.000003 0.000000
vn -0.642341 0.206440 0.738093
vn -1.000000 0.000006 0.000000
vn 0.000000 0.642790 -0.766043
vn -0.386490 -0.248429 -0.888205
vn 0.782605 0.167684 -0.599509
vn 0.894428 0.287462 -0.342585
vn 0.447213 0.574926 0.685172
vn 0.782605 -0.167683 0.599509
vn 0.000000 0.269360 0.963040
vn 0.000000 0.642782 0.766049
vn -1.000000 -0.000001 0.000000
vn -0.894427 -0.287461 -0.342588
vn 0.447214 -0.574925 -0.685172
vn 0.782605 0.167684 -0.599509
vn 0.447213 0.574926 0.685172
vn 0.894427 -0.287464 0.342585
vn 0.000000 -0.642790 0.766043
vn -1.000000 -0.000001 0.000000
vn -0.782605 -0.167684 -0.599510
vn -0.447214 0.574928 -0.685170
vn 0.782605 0.167682 -0.599509
vn 0.894427 0.287465 -0.342585
vn -0.894427 0.000000 0.447214
vn -0.267261 0.801784 0.534523
vn -0.707107 0.707107 -0.000000
vn 0.000000 0.000000 -1.000000
vn 0.000000 0.707107 -0.707107
vn 0.000000 0.707107 -0.707107
vn 0.707107 0.707107 -0.000000
vn 0.534522 0.801784 0.267261
vn 0.447214 0.000000 0.894427
vn 0.534522 0.801784 0.267261
vn -0.447214 0.894427 -0.000000
vn -0.894427 0.447214 -0.000000
vn -0.894427 0.447214 -0.000000
vn -0.447214 0.894427 -0.000000
vn -0.894427 0.447214 -0.000000
vn 0.000000 0.000000 1.000000
vn 0.000000 0.000001 1.000000
vn -0.000000 1.000000 -0.000000
vn 0.000000 1.000000 -0.000000
vn -0.894427 0.447214 -0.000000
vn -0.447214 0.894427 -0.000000
vn -0.447214 0.894427 -0.000000
vn -0.894427 0.447214 -0.000000
vn -0.894427 0.447214 -0.000000
vn -0.447214 0.894427 -0.000000
vn -0.707107 0.707107 -0.000000
vn 0.447214 0.894427 -0.000000
vn 0.894427 0.447214 -0.000000
vn -0.267261 0.801784 0.534523
vn 0.534522 0.801784 0.267261
vn 0.000000 0.894427 -0.447213
vn 0.000000 0.447214 -0.894427
vn 0.000000 0.894427 0.447214
vn 0.000000 0.447213 0.894427
vn 0.000000 1.000000 -0.000000
vn 0.000000 1.000000 -0.000000
vn 0.000000 1.000000 -0.000000
vn 0.035111 0.019506 0.999193
vn -0.104906 0.064250 0.992405
vn -0.032880 0.039434 0.998681
vn 0.002049 0.021711 0.999762
vn -0.017258 0.017996 0.999689
vn 0.012685 0.051808 0.998577
vn -0.082047 -0.008294 0.996594
vn 0.012685 0.051808 0.998577
vn -0.100733 0.062981 0.992918
vn -0.120187 -0.040807 0.991912
vn -0.100733 0.062981 0.992918
vn -0.123418 -0.014195 0.992253
vn -0.195786 0.054018 0.979158
vn -0.123418 -0.014195 0.992253
vn -0.070325 -0.001195 0.997523
vn -0.062881 -0.039612 0.997235
vn -0.005724 -0.059437 0.998216
vn -0.114776 0.038266 0.992654
vn -0.005724 -0.059437 0.998216
vn -0.085721 0.046009 0.995256
vn -0.096610 0.088092 0.991416
vn -0.085721 0.046009 0.995256
vn 0.079168 -0.120179 0.989591
vn -0.115825 0.030823 0.992791
vn 0.002049 0.021711 0.999762
vn 0.002049 0.021711 0.999762
vn -0.073517 0.000305 0.997294
vn 0.002049 0.021711 0.999762
vn 0.012685 0.051808 0.998577
vn -0.073517 0.000305 0.997294
vn 0.012685 0.051808 0.998577
vn -0.007912 0.046958 0.998865
vn 0.012685 0.051808 0.998576
vn 0.009109 0.057265 0.998317
vn 0.009109 0.057265 0.998317
vn -0.123418 -0.014195 0.992253
vn 0.027930 -0.011973 0.999538
vn -0.070325 -0.001195 0.997523
vn -0.002230 -0.024812 0.999690
vn -0.070325 -0.001195 0.997523
vn -0.005724 -0.059437 0.998216
vn 0.006139 -0.014507 0.999876
vn -0.005724 -0.059437 0.998216
vn -0.085721 0.046009 0.995256
vn 0.006139 -0.014507 0.999876
vn -0.085721 0.046009 0.995256
vn -0.004690 -0.009146 0.999947
vn -0.085721 0.046009 0.995256
vn -0.004690 -0.009146 0.999947
vn 0.079168 -0.120179 0.989590
vn 0.036859 -0.170768 0.984622
vn -0.008056 0.046525 0.998885
vn -0.115825 0.030823 0.992791
vn -0.073517 0.000305 0.997294
vn -0.073517 0.000305 0.997294
vn -0.014412 -0.018299 0.999729
vn -0.073517 0.000305 0.997294
vn -0.014412 -0.018299 0.999729
vn -0.003152 0.048621 0.998812
vn -0.007912 0.046958 0.998866
vn -0.005512 0.048008 0.998832
vn 0.009109 0.057265 0.998317
vn 0.027930 -0.011973 0.999538
vn 0.027930 -0.011973 0.999538
vn 0.007366 -0.009624 0.999927
vn 0.027930 -0.011973 0.999538
vn -0.002230 -0.024812 0.999690
vn 0.007366 -0.009624 0.999927
vn -0.002230 -0.024812 0.999690
vn 0.014755 -0.032007 0.999379
vn 0.006139 -0.014507 0.999876
vn 0.006139 -0.014507 0.999876
vn 0.002015 -0.002661 0.999994
vn 0.006139 -0.014507 0.999876
vn -0.004690 -0.009146 0.999947
vn -0.004690 -0.009146 0.999947
vn 0.004640 -0.023766 0.999707
vn -0.004690 -0.009146 0.999947
vn 0.036859 -0.170768 0.984622
vn 0.045870 -0.207583 0.977141
vn -0.010174 0.038649 0.999201
vn -0.008056 0.046525 0.998885
vn 0.072445 -0.041797 0.996496
vn -0.003152 0.048621 0.998812
vn 0.039928 0.064537 0.997116
vn -0.005512 0.048008 0.998832
vn -0.005602 0.048768 0.998794
vn -0.005512 0.048008 0.998832
vn -0.005602 0.048768 0.998794
vn -0.008284 -0.011770 0.999897
vn 0.007366 -0.009624 0.999927
vn 0.014755 -0.032007 0.999379
vn -0.003018 -0.030459 0.999532
vn 0.002015 -0.002661 0.999995
vn 0.002015 -0.002661 0.999995
vn 0.006330 -0.001657 0.999979
vn 0.004640 -0.023766 0.999707
vn 0.004640 -0.023766 0.999707
vn 0.016155 -0.044428 0.998882
vn 0.004640 -0.023766 0.999707
vn 0.045870 -0.207583 0.977141
vn 0.044467 -0.244866 0.968537
vn 0.044127 -0.022261 0.998778
vn -0.010174 0.038649 0.999201
vn 0.072445 -0.041797 0.996496
vn 0.072445 -0.041797 0.996496
vn -0.050202 -0.022626 0.998483
vn 0.072445 -0.041797 0.996496
vn 0.039928 0.064537 0.997116
vn 0.039928 0.064537 0.997116
vn -0.072499 0.087355 0.993536
vn -0.029806 0.047155 0.998443
vn -0.008284 -0.011770 0.999896
vn -0.016024 -0.017140 0.999725
vn -0.008284 -0.011770 0.999897
vn -0.003018 -0.030459 0.999531
vn -0.003018 -0.030459 0.999531
vn -0.004882 -0.036620 0.999317
vn -0.003018 -0.030459 0.999532
vn -0.005731 0.000957 0.999983
vn 0.001265 -0.058573 0.998282
vn 0.016155 -0.044428 0.998882
vn 0.010717 -0.266506 0.963774
vn -0.162136 0.003777 0.986761
vn -0.050202 -0.022626 0.998483
vn -0.147698 -0.013041 0.988947
vn -0.072499 0.087355 0.993536
vn -0.147698 -0.013041 0.988947
vn -0.060999 0.039530 0.997355
vn -0.029806 0.047155 0.998443
vn -0.036260 0.038577 0.998597
vn -0.016024 -0.017140 0.999725
vn -0.033411 -0.019903 0.999243
vn -0.016024 -0.017140 0.999725
vn -0.004882 -0.036620 0.999317
vn -0.021265 -0.040899 0.998937
vn -0.005731 0.000957 0.999983
vn -0.010182 -0.000813 0.999948
vn -0.005731 0.000957 0.999983
vn 0.001265 -0.058573 0.998282
vn -0.015366 -0.063990 0.997832
vn 0.001265 -0.058573 0.998282
vn 0.010717 -0.266506 0.963774
vn -0.023289 -0.268315 0.963050
vn -0.069594 0.047071 0.996464
vn -0.147698 -0.013041 0.988947
vn -0.080842 -0.030173 0.996270
vn -0.147698 -0.013041 0.988947
vn -0.080842 -0.030173 0.996270
vn -0.055026 0.022807 0.998224
vn -0.060999 0.039530 0.997355
vn -0.036260 0.038577 0.998597
vn -0.033239 0.032189 0.998929
vn -0.033411 -0.019903 0.999243
vn -0.032250 -0.022856 0.999218
vn -0.021265 -0.040899 0.998937
vn -0.027565 -0.047041 0.998513
vn -0.021265 -0.040899 0.998937
vn -0.010182 -0.000813 0.999948
vn -0.010182 -0.000813 0.999948
vn -0.019176 -0.000278 0.999816
vn -0.010182 -0.000813 0.999948
vn -0.015366 -0.063990 0.997832
vn -0.028973 -0.057486 0.997926
vn -0.015366 -0.063990 0.997832
vn -0.028973 -0.057486 0.997926
vn -0.058039 -0.252080 0.965964
vn -0.069470 0.057507 0.995925
vn -0.080842 -0.030173 0.996270
vn -0.063035 -0.037402 0.997310
vn -0.055026 0.022807 0.998224
vn -0.063035 -0.037402 0.997310
vn -0.055026 0.022807 0.998224
vn -0.045183 0.009517 0.998933
vn -0.055026 0.022807 0.998224
vn -0.033239 0.032189 0.998929
vn -0.035259 0.030799 0.998904
vn -0.032250 -0.022856 0.999218
vn -0.035259 0.030799 0.998904
vn -0.039711 -0.021513 0.998980
vn -0.032250 -0.022856 0.999218
vn -0.027565 -0.047041 0.998513
vn -0.025203 -0.055102 0.998163
vn -0.027565 -0.047041 0.998513
vn -0.019176 -0.000278 0.999816
vn -0.019176 -0.000278 0.999816
vn -0.015483 -0.000327 0.999880
vn -0.019176 -0.000278 0.999816
vn -0.028973 -0.057486 0.997926
vn -0.042483 -0.038902 0.998340
vn -0.028973 -0.057486 0.997926
vn -0.058039 -0.252080 0.965964
vn -0.078007 -0.218332 0.972752
vn -0.052627 0.061482 0.996720
vn -0.052196 -0.041430 0.997777
vn -0.052196 -0.041430 0.997777
vn -0.045183 0.009517 0.998933
vn -0.040734 0.001847 0.999168
vn -0.035259 0.030799 0.998904
vn -0.030559 0.028989 0.999112
vn -0.039711 -0.021513 0.998980
vn -0.027403 -0.025422 0.999301
vn -0.039711 -0.021513 0.998980
vn -0.027403 -0.025422 0.999301
vn -0.025203 -0.055102 0.998163
vn -0.027737 -0.059630 0.997835
vn -0.015483 -0.000327 0.999880
vn -0.015483 -0.000327 0.999880
vn -0.024720 0.003851 0.999687
vn -0.015483 -0.000327 0.999880
vn -0.042483 -0.038902 0.998340
vn -0.024720 0.003851 0.999687
vn -0.042483 -0.038902 0.998340
vn -0.039672 -0.017049 0.999067
vn -0.060757 -0.191066 0.979695
vn -0.043870 0.061758 0.997127
vn -0.038345 -0.045037 0.998249
vn -0.052196 -0.041430 0.997777
vn -0.040734 0.001847 0.999168
vn -0.032641 -0.003502 0.999461
vn -0.040734 0.001847 0.999168
vn -0.029819 0.028484 0.999149
vn -0.030559 0.028989 0.999112
vn -0.031445 -0.024227 0.999212
vn -0.022104 -0.064277 0.997687
vn -0.027737 -0.059630 0.997835
vn -0.024720 0.003851 0.999687
vn -0.011413 0.001846 0.999933
vn -0.024720 0.003851 0.999687
vn -0.039672 -0.017049 0.999067
vn -0.011413 0.001846 0.999933
vn -0.039672 -0.017049 0.999067
vn -0.021028 -0.004697 0.999768
vn -0.039672 -0.017049 0.999067
vn -0.018334 -0.182629 0.983011
vn -0.023234 0.062591 0.997769
vn -0.043870 0.061758 0.997127
vn -0.038345 -0.045037 0.998249
vn -0.022635 -0.045356 0.998714
vn -0.032641 -0.003502 0.999461
vn -0.022567 -0.005104 0.999732
vn -0.029819 0.028484 0.999149
vn -0.018326 0.026356 0.999485
vn -0.029819 0.028484 0.999149
vn -0.031445 -0.024227 0.999212
vn -0.009104 -0.028675 0.999547
vn -0.031445 -0.024227 0.999212
vn -0.010446 -0.067199 0.997685
vn -0.022104 -0.064278 0.997687
vn -0.011413 0.001846 0.999933
vn -0.010517 0.002279 0.999942
vn -0.011413 0.001846 0.999933
vn -0.021028 -0.004697 0.999768
vn -0.000663 -0.005994 0.999982
vn -0.000663 -0.005994 0.999982
vn -0.018334 -0.182629 0.983011
vn -0.004302 -0.183464 0.983017
vn -0.003914 0.064680 0.997898
vn -0.023234 0.062591 0.997769
vn -0.002954 -0.044056 0.999025
vn -0.022635 -0.045356 0.998714
vn -0.002954 -0.044056 0.999025
vn -0.022567 -0.005104 0.999732
vn -0.006558 -0.005144 0.999965
vn -0.006558 -0.005144 0.999965
vn -0.007341 0.024271 0.999678
vn -0.018326 0.026356 0.999485
vn -0.009104 -0.028675 0.999547
vn 0.000345 -0.030341 0.999540
vn 0.006749 -0.067384 0.997704
vn -0.010517 0.002279 0.999942
vn 0.008252 -0.000761 0.999966
vn -0.010517 0.002279 0.999942
vn -0.000663 -0.005994 0.999982
vn -0.000663 -0.005994 0.999982
vn 0.004885 -0.005333 0.999974
vn 0.004885 -0.005333 0.999974
vn -0.004302 -0.183464 0.983017
vn 0.016758 -0.181032 0.983334
vn 0.018114 0.067707 0.997541
vn -0.003914 0.064680 0.997898
vn -0.002954 -0.044056 0.999025
vn 0.015551 -0.040611 0.999054
vn -0.002954 -0.044056 0.999025
vn -0.006558 -0.005144 0.999965
vn -0.006558 -0.005144 0.999965
vn 0.007180 -0.002280 0.999972
vn -0.006558 -0.005144 0.999965
vn -0.007341 0.024271 0.999678
vn 0.010555 0.018938 0.999765
vn -0.007341 0.024271 0.999678
vn 0.033243 -0.039014 0.998686
vn 0.000345 -0.030341 0.999540
vn 0.006749 -0.067384 0.997704
vn 0.006749 -0.067384 0.997704
vn 0.020152 -0.061928 0.997877
vn 0.006749 -0.067384 0.997704
vn 0.008252 -0.000761 0.999966
vn 0.020152 -0.061928 0.997877
vn 0.008252 -0.000761 0.999966
vn 0.007841 0.000519 0.999969
vn 0.008252 -0.000761 0.999966
vn 0.004885 -0.005333 0.999974
vn 0.004885 -0.005333 0.999974
vn 0.023855 -0.012285 0.999640
vn 0.004885 -0.005333 0.999974
vn 0.024130 -0.189766 0.981533
vn 0.033785 0.071552 0.996865
vn 0.034335 -0.036905 0.998729
vn 0.015551 -0.040611 0.999054
vn 0.007180 -0.002280 0.999972
vn 0.022969 0.001823 0.999735
vn 0.010555 0.018938 0.999765
vn 0.021182 0.011531 0.999709
vn 0.018411 -0.035309 0.999207
vn 0.033243 -0.039014 0.998686
vn 0.020152 -0.061928 0.997877
vn 0.030201 -0.059893 0.997748
vn 0.020152 -0.061928 0.997877
vn 0.007841 0.000519 0.999969
vn 0.031256 0.000401 0.999511
vn 0.007841 0.000519 0.999969
vn 0.023855 -0.012285 0.999640
vn 0.023191 -0.014054 0.999632
vn 0.032896 -0.186590 0.981887
vn 0.051425 0.071786 0.996094
vn 0.034335 -0.036905 0.998729
vn 0.051408 -0.032046 0.998164
vn 0.034335 -0.036905 0.998729
vn 0.022969 0.001823 0.999735
vn 0.051408 -0.032046 0.998164
vn 0.022969 0.001823 0.999735
vn 0.029433 0.011182 0.999504
vn 0.022969 0.001823 0.999735
vn 0.021182 0.011531 0.999709
vn 0.021182 0.011531 0.999709
vn 0.018474 0.011865 0.999759
vn 0.018411 -0.035309 0.999207
vn 0.018411 -0.035309 0.999207
vn 0.039377 -0.047027 0.998117
vn 0.018411 -0.035309 0.999207
vn 0.022963 -0.055280 0.998207
vn 0.030201 -0.059893 0.997748
vn 0.006832 0.002877 0.999973
vn 0.031256 0.000401 0.999511
vn 0.023191 -0.014054 0.999632
vn 0.006832 0.002877 0.999973
vn 0.035831 -0.020901 0.999139
vn 0.023191 -0.014054 0.999632
vn 0.035831 -0.020901 0.999139
vn 0.045522 -0.197235 0.979299
vn 0.057423 0.069882 0.995901
vn 0.078009 -0.030681 0.996481
vn 0.078009 -0.030681 0.996481
vn 0.046843 0.027299 0.998529
vn 0.029433 0.011182 0.999504
vn 0.029463 0.009403 0.999522
vn 0.018474 0.011865 0.999759
vn 0.039377 -0.047027 0.998117
vn 0.017052 -0.038949 0.999096
vn 0.017052 -0.038949 0.999096
vn 0.022963 -0.055280 0.998207
vn 0.003839 -0.045351 0.998964
vn 0.022963 -0.055280 0.998207
vn 0.006832 0.002877 0.999973
vn 0.026569 -0.011805 0.999577
vn 0.006832 0.002877 0.999973
vn 0.035831 -0.020901 0.999139
vn 0.039387 -0.031070 0.998741
vn 0.064274 -0.206007 0.976438
vn 0.108215 0.042569 0.993216
vn 0.057423 0.069882 0.995901
vn 0.078009 -0.030681 0.996481
vn 0.154485 -0.032466 0.987462
vn 0.078009 -0.030681 0.996481
vn 0.154485 -0.032466 0.987462
vn 0.046843 0.027299 0.998529
vn 0.060262 0.066297 0.995978
vn 0.046843 0.027299 0.998529
vn 0.029463 0.009403 0.999522
vn 0.022463 0.008064 0.999715
vn 0.044369 -0.039428 0.998237
vn 0.017052 -0.038949 0.999096
vn 0.003839 -0.045351 0.998964
vn 0.039803 -0.047991 0.998054
vn 0.003839 -0.045351 0.998964
vn 0.026569 -0.011805 0.999577
vn 0.026569 -0.011805 0.999577
vn 0.028924 -0.014323 0.999479
vn 0.039387 -0.031070 0.998741
vn 0.039387 -0.031070 0.998741
vn 0.057124 -0.046961 0.997262
vn 0.064274 -0.206007 0.976438
vn 0.075137 -0.227644 0.970841
vn 0.114774 -0.004870 0.993380
vn 0.154485 -0.032466 0.987462
vn 0.154485 -0.032466 0.987462
vn 0.029281 0.004836 0.999559
vn 0.060262 0.066297 0.995978
vn -0.080835 0.106991 0.990969
vn 0.060262 0.066297 0.995978
vn 0.022463 0.008064 0.999715
vn -0.006615 -0.019795 0.999782
vn 0.022463 0.008064 0.999715
vn 0.041476 -0.042198 0.998248
vn 0.044369 -0.039428 0.998237
vn 0.046480 -0.041985 0.998037
vn 0.039803 -0.047991 0.998054
vn 0.028924 -0.014323 0.999479
vn 0.028924 -0.014323 0.999479
vn 0.050700 -0.019930 0.998515
vn 0.028924 -0.014323 0.999479
vn 0.057124 -0.046961 0.997262
vn 0.049085 -0.057605 0.997132
vn 0.034911 -0.228873 0.972830
vn 0.000851 0.009871 0.999951
vn 0.114774 -0.004870 0.993380
vn 0.029281 0.004836 0.999559
vn 0.029281 0.004836 0.999559
vn 0.047038 0.041331 0.998038
vn 0.029281 0.004836 0.999559
vn 0.047038 0.041331 0.998038
vn -0.080835 0.106991 0.990969
vn 0.079029 0.080289 0.993634
vn -0.080835 0.106991 0.990969
vn -0.006615 -0.019795 0.999782
vn -0.006615 -0.019795 0.999782
vn 0.097165 -0.049097 0.994057
vn 0.041476 -0.042198 0.998248
vn 0.097165 -0.049097 0.994057
vn 0.041476 -0.042198 0.998248
vn 0.082503 -0.049357 0.995368
vn 0.046480 -0.041985 0.998036
vn 0.072373 -0.040396 0.996559
vn 0.047348 -0.011877 0.998808
vn 0.050700 -0.019930 0.998515
vn 0.049085 -0.057605 0.997132
vn 0.049085 -0.057605 0.997132
vn 0.028953 -0.048914 0.998383
vn 0.049085 -0.057605 0.997132
vn -0.000974 -0.205956 0.978561
vn 0.132436 -0.007735 0.991161
vn 0.082510 0.035665 0.995952
vn 0.047038 0.041331 0.998038
vn 0.079029 0.080289 0.993634
vn 0.106594 0.075700 0.991417
vn 0.097165 -0.049097 0.994057
vn 0.097165 -0.049097 0.994057
vn 0.090513 -0.022146 0.995649
vn 0.097165 -0.049097 0.994057
vn 0.084514 -0.043432 0.995475
vn 0.081533 -0.030768 0.996196
vn 0.072373 -0.040396 0.996559
vn 0.047348 -0.011877 0.998808
vn 0.064056 -0.001440 0.997945
vn 0.047348 -0.011877 0.998808
vn 0.028953 -0.048914 0.998383
vn 0.030623 -0.029895 0.999084
vn 0.028953 -0.048914 0.998383
vn 0.000446 -0.174204 0.984710
vn -0.014010 -0.003254 0.999897
vn 0.075777 0.007527 0.997096
vn 0.075777 0.007527 0.997096
vn 0.007005 0.089827 0.995933
vn 0.106594 0.075700 0.991417
vn 0.090513 -0.022146 0.995649
vn 0.035004 -0.051024 0.998084
vn 0.090513 -0.022146 0.995649
vn 0.098111 -0.049126 0.993962
vn 0.084514 -0.043432 0.995475
vn 0.109897 -0.028013 0.993548
vn 0.081533 -0.030768 0.996196
vn 0.061601 0.021336 0.997873
vn 0.064056 -0.001440 0.997945
vn 0.030623 -0.029895 0.999084
vn 0.039304 -0.012196 0.999153
vn 0.000446 -0.174204 0.984710
vn -0.005147 -0.133187 0.991077
vn 0.191792 -0.016385 0.981299
vn -0.014010 -0.003254 0.999897
vn 0.061055 0.070618 0.995633
vn 0.075777 0.007527 0.997096
vn 0.007005 0.089827 0.995933
vn 0.022697 0.093255 0.995384
vn 0.035004 -0.051024 0.998084
vn 0.138508 -0.092305 0.986050
vn 0.035004 -0.051024 0.998084
vn 0.098111 -0.049126 0.993962
vn 0.113933 -0.054278 0.992005
vn 0.161322 -0.028109 0.986502
vn 0.061601 0.021336 0.997873
vn 0.009358 0.076173 0.997051
vn 0.061601 0.021336 0.997873
vn 0.039304 -0.012196 0.999153
vn 0.039304 -0.012196 0.999153
vn 0.073596 -0.030492 0.996822
vn 0.039304 -0.012196 0.999153
vn -0.005147 -0.133187 0.991077
vn -0.007247 0.002007 0.999972
vn 0.167028 0.034344 0.985354
vn 0.061055 0.070618 0.995633
vn 0.061055 0.070618 0.995633
vn 0.227049 0.090301 0.969688
vn 0.061055 0.070618 0.995633
vn 0.227049 0.090301 0.969688
vn 0.022697 0.093255 0.995384
vn 0.320948 0.032482 0.946539
vn 0.138508 -0.092305 0.986050
vn 0.260939 -0.059387 0.963527
vn 0.138508 -0.092306 0.986050
vn 0.113933 -0.054278 0.992005
vn 0.260939 -0.059387 0.963527
vn 0.113933 -0.054278 0.992005
vn 0.128752 -0.045240 0.990644
vn 0.113933 -0.054278 0.992005
vn 0.161322 -0.028109 0.986501
vn 0.032100 0.032452 0.998958
vn 0.009358 0.076174 0.997051
vn 0.004755 0.059533 0.998215
vn 0.009358 0.076173 0.997051
vn 0.073596 -0.030492 0.996822
vn 0.004755 0.059533 0.998215
vn 0.060604 0.001603 0.998161
vn 0.073596 -0.030492 0.996822
vn 0.060604 0.001603 0.998161
vn -0.007247 0.002007 0.999972
vn -0.053048 0.159201 0.985820
vn 0.386464 0.063522 0.920115
vn 0.402890 0.053915 0.913659
vn 0.320948 0.032482 0.946539
vn 0.402978 0.045283 0.914089
vn 0.320948 0.032482 0.946539
vn 0.223011 -0.007352 0.974788
vn 0.128752 -0.045240 0.990644
vn 0.128752 -0.045240 0.990644
vn -0.057076 -0.004242 0.998361
vn 0.032100 0.032452 0.998958
vn 0.032100 0.032452 0.998958
vn -0.025778 0.083596 0.996166
vn 0.032100 0.032452 0.998958
vn 0.004755 0.059533 0.998215
vn 0.056732 -0.024720 0.998083
vn 0.004755 0.059533 0.998215
vn 0.013871 0.083404 0.996419
vn 0.060604 0.001603 0.998161
vn -0.053048 0.159201 0.985820
vn 0.119329 0.105730 0.987209
vn -0.177408 0.060503 0.982276
vn -0.184005 0.047752 0.981765
vn -0.104906 0.064250 0.992405
vn -0.032880 0.039434 0.998681
vn -0.184005 0.047752 0.981765
vn -0.224712 0.019488 0.974230
vn -0.017258 0.017996 0.999689
vn -0.017258 0.017996 0.999689
vn -0.254683 0.006406 0.967003
vn -0.082047 -0.008294 0.996594
vn -0.254683 0.006406 0.967003
vn -0.078344 -0.036618 0.996254
vn -0.082047 -0.008294 0.996594
vn -0.120187 -0.040807 0.991912
vn -0.120187 -0.040807 0.991912
vn -0.008722 0.013226 0.999875
vn -0.120187 -0.040807 0.991912
vn -0.195786 0.054018 0.979158
vn -0.135584 0.034237 0.990174
vn -0.062881 -0.039612 0.997235
vn -0.135584 0.034237 0.990174
vn -0.074162 -0.044162 0.996268
vn -0.114776 0.038266 0.992654
vn -0.074162 -0.044162 0.996268
vn -0.109891 0.132100 0.985126
vn -0.114776 0.038266 0.992654
vn -0.096610 0.088092 0.991416
vn -0.707107 -0.707107 0.000000
vn -0.333333 0.666667 0.666667
vn -0.816497 0.408248 -0.408248
vn -0.707107 -0.707107 0.000000
vn 0.000000 -0.707109 -0.707105
vn 0.333333 0.666667 -0.666667
vn 0.000000 -0.707111 -0.707102
vn 0.707107 -0.707107 0.000000
vn 0.816497 0.408248 0.408248
vn 0.707107 -0.707107 0.000000
vn 0.000000 -0.707106 0.707107
vn 0.000000 -0.707110 0.707104
vn 0.000000 -0.894425 0.447217
vn 0.000000 -0.707108 -0.707105
vn 0.000000 -0.447214 0.894427
vn 0.000000 -0.447216 -0.894426
vn 0.000000 -0.894428 -0.447213
vn 0.000000 -0.000000 -1.000000
vn 0.447214 -0.894427 0.000000
vn 0.894427 -0.447213 0.000000
vn 0.707107 -0.707107 0.000000
vn -0.447214 -0.894427 0.000000
vn -0.894427 -0.447214 0.000000
vn 0.000000 -0.894428 -0.447213
vn 0.000000 -1.000000 0.000000
vn 0.000000 -1.000000 0.000000
vn 0.000000 -1.000000 0.000000
vn 1.000000 0.000000 0.000000
vn 1.000000 0.000001 0.000000
vn 0.086935 0.000000 0.996214
vn 0.122474 0.709799 0.693675
vn -0.061237 0.709799 0.701737
vn -0.173868 0.000000 0.984769
vn 0.000000 0.894427 -0.447214
vn 0.000000 0.447214 -0.894427
vn 0.447214 0.894427 -0.000000
vn 0.707107 0.707107 -0.000000
vn 0.701737 0.709799 0.061237
vn 0.701737 0.709799 0.061237
vn -0.996214 0.000000 0.086934
vn -0.693675 0.709799 0.122473
vn -0.894427 0.447214 -0.000000
vn 0.984769 0.000000 0.173867
vn -0.293071 0.717874 0.631480
vn -0.575061 0.000000 0.818111
vn -0.569547 0.717874 0.400342
vn -0.907073 0.000000 0.420974
vn -0.569547 0.717874 0.400342
vn -0.907073 0.000000 0.420974
vn -0.693675 0.709799 0.122473
vn 0.420975 0.000000 0.907072
vn 0.400342 0.717874 0.569546
vn 0.818111 0.000000 0.575061
vn 0.631480 0.717874 0.293071
vn 0.818111 0.000000 0.575061
vn -0.693675 0.709799 0.122473
vn -0.569546 0.717874 0.400342
vn -0.631480 0.717874 0.293071
vn -0.701737 0.709799 0.061237
vn 0.631479 0.717874 0.293071
vn 0.631480 0.717874 0.293071
vn 0.400342 0.717874 0.569547
vn 0.400342 0.717874 0.569547
vn 0.122473 0.709799 0.693675
vn -0.061237 0.709799 0.701737
vn -0.293071 0.717874 0.631480
vn -0.293071 0.717874 0.631480
vn -0.569547 0.717874 0.400342
vn -0.693675 0.709799 0.122473
vn -0.707107 0.707107 -0.000000
vn -0.693675 0.709799 0.122473
vn 0.000000 0.707107 -0.707107
vn 0.000000 0.707107 -0.707107
vn 0.000000 0.894427 -0.447214
vn -0.447214 0.894427 -0.000000
vn 0.293071 0.717874 0.631480
vn 0.061237 0.709799 0.701737
vn -0.122473 0.709799 0.693675
vn -0.400342 0.717874 0.569547
vn 0.631479 0.717874 0.293071
vn 0.569546 0.717874 0.400343
vn 0.400342 0.717874 0.569547
vn -0.569546 0.717874 0.400342
vn -0.293071 0.717874 0.631480
vn -0.631480 0.717874 0.293071
vn 0.894427 0.447214 -0.000000
vn 0.693675 0.709799 0.122473
vn 0.631479 0.717874 0.293071
vn 0.114770 0.709467 0.695331
vn 0.384257 0.717159 0.581402
vn 0.330286 0.565710 0.755568
vn 0.067611 0.557269 0.827575
vn -0.691800 0.710176 0.130624
vn -0.894427 0.447214 -0.000000
vn 0.293071 0.717874 0.631480
vn 0.061237 0.709799 0.701737
vn -0.057385 0.709467 0.702399
vn -0.279139 0.717159 0.638564
vn 0.623899 0.718570 0.307258
vn -0.557119 0.718569 0.416265
vn 0.693675 0.709799 0.122473
vn 0.447214 0.894427 -0.000000
vn 0.700988 0.710176 0.065312
vn -0.135223 0.557269 0.819248
vn -0.454665 0.565710 0.687933
vn 0.114770 0.709467 0.695331
vn 0.384257 0.717159 0.581402
vn 0.659720 0.567269 0.492926
vn -0.623899 0.718569 0.307259
vn 0.272166 0.952579 -0.136083
vn 0.931394 0.318711 0.175863
vn 0.623899 0.718570 0.307258
vn -0.623899 0.718569 0.307259
vn -0.943764 0.318711 0.087932
vn -0.333333 0.666667 -0.666667
vn -0.675174 -0.000000 -0.737658
vn -0.439599 0.336556 -0.832756
vn 0.300351 0.369398 -0.879394
vn 0.961729 -0.000000 -0.274003
vn -0.486305 0.000000 0.873789
vn -0.913312 0.000000 0.407262
vn 0.407248 0.000000 0.913318
vn 0.873790 0.000000 0.486303
vn -0.019759 0.894427 0.446777
vn -0.039519 0.447213 0.893554
vn 0.000000 1.000000 0.000000
vn 0.000000 1.000000 0.000000
vn -0.044183 -0.000001 0.999023
vn -0.044183 0.000000 0.999023
vn -0.039518 0.447214 0.893554
vn -0.019759 0.894427 0.446776
vn -0.039518 -0.447214 0.893554
vn -0.019759 -0.894428 0.446776
vn 0.407242 0.000000 0.913320
vn 0.873793 -0.000000 0.486299
vn -0.486312 0.000000 0.873785
vn -0.913315 0.000000 0.407254
vn -0.044182 0.000000 0.999024
vn -0.044183 0.000000 0.999024
vn -0.044181 0.000000 0.999024
vn 0.999023 0.000000 0.044183
vn 0.873790 0.000000 0.486303
vn 0.999023 0.000000 0.044183
vn -0.039518 -0.447214 0.893554
vn -0.000000 -1.000000 -0.000001
vn 0.000000 -1.000000 -0.000002
vn -0.999024 0.000000 -0.044183
vn -0.999023 0.000000 -0.044182
vn 0.022332 0.862856 -0.504956
vn 0.011166 0.967538 -0.252478
vn 0.300351 0.369398 -0.879394
vn -0.039518 0.447213 0.893554
vn 0.000000 -1.000000 0.000000
vn -0.000000 -1.000000 0.000000
vn 0.000000 -1.000000 0.000000
vn 0.782605 -0.167684 0.599509
vn 0.894427 -0.287463 0.342585
vn -0.447214 -0.574928 0.685170
vn -0.642340 0.206442 0.738092
vn -1.000000 -0.000001 0.000000
vn -1.000000 -0.000002 0.000000
vn 0.000000 0.642790 -0.766043
vn -0.386490 -0.248429 -0.888205
vn 0.782605 0.167684 -0.599509
vn 0.894427 0.287465 -0.342585
vn 0.447213 0.574926 0.685172
vn 0.782605 -0.167685 0.599509
vn 0.000000 0.269359 0.963040
vn 0.000000 0.642782 0.766049
vn -1.000000 -0.000001 0.000000
vn 0.782605 0.167684 -0.599509
vn 0.447213 0.574925 0.685172
vn 0.894426 -0.287467 0.342585
vn 0.000000 -0.642790 0.766043
vn 0.000000 0.269359 0.963040
vn -1.000000 -0.000003 0.000000
vn -1.000000 -0.000013 0.000000
vn -0.782605 -0.167683 -0.599510
vn -0.447213 0.574930 -0.685168
vn -0.782605 -0.167683 -0.599510
vn 0.782605 0.167684 -0.599509
vn 0.894428 0.287461 -0.342585
vn 0.447212 -0.574929 -0.685170
vn 0.782605 -0.167684 0.599509
vn 0.782605 -0.167684 0.599509
vn 0.447213 0.574928 0.685171
vn -0.894428 -0.287459 -0.342588
vn -1.000000 0.000002 0.000000
vn -1.000000 0.000013 0.000000
vn -0.782605 -0.167684 -0.599510
vn 0.782605 -0.167684 0.599509
vn -0.642340 0.206442 0.738092
vn 0.447213 0.574926 0.685172
vn 0.782605 -0.167683 0.599509
vn -0.642341 0.206442 0.738092
vn 0.000000 0.642783 0.766049
vn -1.000000 -0.000001 0.000000
vn -0.894427 -0.287461 -0.342588
vn 0.447214 -0.574925 -0.685172
vn 0.782605 0.167684 -0.599509
vn -0.447214 -0.574929 0.685169
vn -0.642341 0.206442 0.738092
vn -1.000000 -0.000001 0.000000
vn -1.000000 -0.000002 0.000000
vn 0.000000 0.642789 -0.766043
vn -0.386489 -0.248432 -0.888205
vn 0.782605 0.167682 -0.599509
vn 0.894427 0.287465 -0.342585
vn 0.447213 0.574928 0.685171
vn 0.782605 -0.167684 0.599509
vn 0.000000 0.269360 0.963040
vn -1.000000 0.000002 0.000000
vn -1.000000 0.000013 0.000000
vn -0.894428 -0.287459 -0.342587
vn 0.447212 -0.574929 -0.685170
vn 0.782605 0.167682 -0.599509
vn 0.894427 -0.287463 0.342585
vn 0.000000 -0.642789 0.766043
vn 0.000000 0.269360 0.963040
vn -1.000000 -0.000001 0.000000
vn -0.782605 -0.167682 -0.599510
vn -0.447214 0.574928 -0.685169
vn 0.782605 0.167684 -0.599509
vn 0.894427 0.287465 -0.342584
vn 0.782605 -0.167685 0.599509
vn 0.894426 -0.287468 0.342584
vn -0.447212 -0.574933 0.685167
vn -0.642341 0.206440 0.738093
vn -1.000000 -0.000003 0.000000
vn -1.000000 0.000006 0.000000
vn 0.000000 0.642790 -0.766043
vn -0.386490 -0.248429 -0.888205
vn 0.782606 0.167681 -0.599509
vn 0.894428 0.287462 -0.342585
vn 0.782605 -0.167685 0.599509
vn 0.447213 0.574925 0.685173
vn 0.782605 -0.167686 0.599509
vn 0.000000 0.269359 0.963040
vn 0.000000 0.642781 0.766050
vn -1.000000 0.000006 0.000000
vn -1.000000 0.000013 0.000000
vn -0.894428 -0.287456 -0.342588
vn 0.447212 -0.574929 -0.685170
vn 0.782606 0.167681 -0.599509
vn 0.447212 -0.574929 -0.685170
vn 0.447213 0.574925 0.685173
vn 0.894427 -0.287464 0.342585
vn 0.000000 -0.642790 0.766042
vn -1.000000 -0.000001 0.000000
vn -0.894427 0.287464 -0.342585
vn -0.447214 0.574929 -0.685169
vn 0.447214 0.574930 -0.685169
vn 0.894427 0.287466 -0.342584
vn 0.447214 -0.574925 -0.685173
vn 0.782605 0.167684 -0.599509
vn -1.000000 -0.000001 0.000000
vn -0.782605 -0.167682 -0.599510
vn -0.642341 0.206440 0.738093
vn -0.447213 0.574927 -0.685171
vn -0.782604 -0.167684 -0.599510
vn 0.642340 0.206444 -0.738092
vn 0.000000 0.642786 -0.766046
vn 1.000000 0.000003 0.000000
vn 1.000000 0.000013 0.000000
vn 0.894428 -0.287460 0.342586
vn 0.447213 -0.574927 0.685171
vn -0.447214 -0.574925 0.685172
vn -0.894428 -0.287460 0.342586
vn -0.447213 0.574927 -0.685171
vn -0.894427 -0.287463 -0.342586
vn 0.447214 -0.574926 -0.685172
vn 0.642340 0.206444 -0.738092
vn 1.000000 0.000001 0.000000
vn 0.642340 0.206444 -0.738092
vn 1.000000 0.000002 0.000000
vn 0.000000 0.642787 0.766045
vn 0.386489 -0.248432 0.888205
vn -0.782604 0.167687 0.599510
vn -0.894427 0.287463 0.342586
vn -0.447213 0.574927 -0.685171
vn -0.782604 -0.167682 -0.599511
vn 0.000000 0.269361 -0.963039
vn 0.000000 0.642786 -0.766045
vn 1.000000 0.000003 0.000000
vn 1.000000 0.000013 0.000000
vn 0.894428 -0.287460 0.342586
vn 0.894428 -0.287460 0.342586
vn -0.447214 -0.574925 0.685172
vn -0.782604 0.167687 0.599510
vn -0.447213 0.574927 -0.685171
vn -0.894426 -0.287465 -0.342586
vn 0.000000 -0.642786 -0.766046
vn -0.782604 -0.167682 -0.599511
vn 0.000000 0.269361 -0.963039
vn 1.000000 -0.000003 0.000000
vn 1.000000 -0.000013 0.000000
vn 0.782604 -0.167684 0.599510
vn 0.447213 0.574928 0.685171
vn 0.782604 -0.167684 0.599510
vn -0.782604 0.167683 0.599511
vn -0.894428 0.287460 0.342586
vn -0.782604 -0.167684 -0.599510
vn -0.894426 -0.287465 -0.342586
vn 0.447212 -0.574929 -0.685170
vn 0.642340 0.206441 -0.738093
vn 0.447212 -0.574929 -0.685170
vn 1.000000 -0.000003 0.000000
vn 1.000000 0.000006 0.000000
vn 0.386489 -0.248432 0.888205
vn -0.782604 0.167684 0.599510
vn -0.894428 0.287460 0.342586
vn -0.447213 0.574927 -0.685171
vn -0.782604 -0.167684 -0.599511
vn 0.000000 0.269361 -0.963039
vn 0.000000 0.642786 -0.766046
vn 1.000000 0.000003 0.000000
vn 1.000000 0.000005 0.000000
vn 0.894428 -0.287460 0.342586
vn 0.894428 -0.287460 0.342586
vn -0.447214 -0.574925 0.685172
vn -0.447213 0.574927 -0.685171
vn -0.894427 -0.287463 -0.342586
vn 0.000000 -0.642786 -0.766046
vn 0.000000 0.269361 -0.963039
vn 0.782604 -0.167684 0.599510
vn 0.447213 0.574926 0.685172
vn -0.782604 0.167687 0.599510
vn -0.894427 0.287463 0.342586
vn -0.782604 0.167687 0.599510
vn -0.447212 -0.574929 0.685170
vn -0.782604 -0.167684 -0.599510
vn -0.447212 0.574929 -0.685170
vn 0.894427 -0.287463 0.342586
vn -0.782604 0.167683 0.599511
vn 0.000000 0.642786 -0.766046
vn -0.447213 0.574928 -0.685171
vn -0.782604 -0.167682 -0.599511
vn 0.642340 0.206442 -0.738093
vn 0.000000 0.642787 -0.766045
vn 1.000000 0.000003 0.000000
vn 1.000000 0.000013 0.000000
vn 0.894428 -0.287460 0.342586
vn 0.782604 -0.167684 0.599510
vn 0.894428 -0.287460 0.342586
vn -0.447214 -0.574926 0.685172
vn -0.894426 -0.287465 -0.342586
vn 0.447212 -0.574929 -0.685170
vn 0.642340 0.206442 -0.738093
vn 1.000000 -0.000003 0.000000
vn 1.000000 0.000006 0.000000
vn 0.000000 0.642786 0.766046
vn 0.386489 -0.248430 0.888205
vn -0.782604 0.167683 0.599511
vn -0.447212 0.574930 -0.685170
vn -0.782604 -0.167683 -0.599511
vn 0.000000 0.269361 -0.963039
vn -0.447212 -0.574930 0.685170
vn -0.782604 0.167683 0.599511
vn -0.447212 0.574930 -0.685170
vn -0.782604 -0.167683 -0.599511
vn 0.000000 -0.642786 -0.766046
vn 0.000000 0.269361 -0.963039
vn 1.000000 -0.000003 0.000000
vn 1.000000 -0.000013 0.000000
vn 0.782604 -0.167685 0.599510
vn 0.447213 0.574928 0.685170
vn 0.782604 -0.167685 0.599510
vn -0.782604 0.167685 0.599510
vn -0.782604 -0.167685 -0.599510
vn -0.894427 -0.287463 -0.342586
vn 0.447214 -0.574926 -0.685171
vn 0.642340 0.206444 -0.738093
vn 1.000000 0.000001 0.000000
vn 1.000000 0.000002 0.000000
vn 0.386490 -0.248430 0.888205
vn -0.782605 0.167686 0.599509
vn -0.894427 0.287463 0.342586
vn -0.782604 -0.167685 -0.599510
vn -0.447213 0.574927 -0.685171
vn -0.782604 -0.167683 -0.599511
vn 0.000000 0.269361 -0.963039
vn 1.000000 0.000003 0.000000
vn 0.894428 -0.287460 0.342586
vn -0.447214 -0.574928 0.685170
vn -0.782605 0.167686 0.599509
vn -0.894426 -0.287466 -0.342585
vn 0.000000 -0.642787 -0.766045
vn 1.000000 -0.000003 0.000000
vn 1.000000 -0.000013 0.000000
vn 0.894428 0.287461 0.342586
vn 0.447213 0.574928 0.685170
vn 0.894428 0.287461 0.342586
vn -0.447214 0.574926 0.685171
vn -0.894428 0.287461 0.342586
vn -0.447214 -0.574925 0.685173
vn 0.894428 -0.287460 0.342587
vn 1.000000 0.000003 0.000000
vn 1.000000 0.000013 0.000000
vn 0.685171 0.574927 -0.447214
vn 0.599510 -0.167683 -0.782605
vn 0.738092 0.206445 0.642340
vn 0.766044 0.642789 0.000000
vn -0.000000 0.000000 1.000000
vn -0.000000 0.000000 1.000000
vn -0.342586 -0.287463 0.894427
vn -0.685171 -0.574927 0.447214
vn -0.342586 -0.287463 0.894427
vn -0.685171 -0.574927 -0.447213
vn -0.342585 -0.287463 -0.894427
vn 0.685171 0.574927 -0.447214
vn 0.599510 -0.167683 -0.782605
vn 0.342585 -0.287464 -0.894427
vn 0.685171 -0.574927 0.447214
vn 0.599510 -0.167683 -0.782605
vn 0.738092 0.206445 0.642340
vn 0.738092 0.206445 0.642340
vn 0.685171 -0.574927 0.447214
vn 0.000000 0.000000 1.000000
vn 0.000001 0.000000 1.000000
vn -0.766045 0.642787 -0.000001
vn -0.888205 -0.248430 0.386490
vn -0.599510 0.167682 -0.782605
vn -0.342586 0.287463 -0.894427
vn -0.599510 0.167682 -0.782605
vn 0.685171 0.574927 -0.447214
vn 0.599510 -0.167683 -0.782605
vn 0.963039 0.269362 0.000000
vn 0.766044 0.642788 0.000000
vn -0.000000 0.000000 1.000000
vn -0.000000 0.000000 1.000000
vn -0.342586 -0.287463 0.894427
vn -0.342586 -0.287463 0.894427
vn -0.685171 -0.574927 -0.447214
vn -0.599510 0.167682 -0.782605
vn -0.685171 -0.574926 -0.447214
vn 0.599510 -0.167683 -0.782605
vn 0.342586 -0.287463 -0.894427
vn 0.766045 -0.642787 0.000000
vn -0.000000 0.000000 1.000000
vn 0.000000 0.000000 1.000000
vn -0.599510 -0.167682 0.782605
vn -0.685171 0.574926 0.447214
vn -0.599510 -0.167682 0.782605
vn -0.599510 0.167683 -0.782605
vn -0.342586 0.287463 -0.894427
vn -0.599510 0.167683 -0.782605
vn 0.599510 -0.167683 -0.782605
vn 0.342585 -0.287464 -0.894427
vn 0.685171 -0.574927 0.447214
vn 0.738092 0.206445 0.642340
vn 0.685171 -0.574927 0.447214
vn -0.000000 0.000000 1.000000
vn -0.000000 0.000000 1.000000
vn -0.766044 0.642788 0.000000
vn -0.888205 -0.248431 0.386490
vn -0.599510 0.167683 -0.782605
vn -0.342585 0.287463 -0.894427
vn 0.685171 0.574927 -0.447214
vn 0.599510 -0.167684 -0.782605
vn 0.963039 0.269362 0.000000
vn 0.766044 0.642788 0.000000
vn -0.000000 0.000000 1.000000
vn 0.000000 0.000000 1.000000
vn -0.342586 -0.287463 0.894427
vn -0.685171 -0.574927 -0.447213
vn -0.599510 0.167683 -0.782605
vn -0.599510 0.167683 -0.782605
vn 0.685171 0.574927 -0.447214
vn 0.599510 -0.167684 -0.782605
vn 0.342585 -0.287464 -0.894427
vn 0.766044 -0.642788 0.000000
vn 0.963039 0.269362 0.000000
vn -0.000000 0.000000 1.000000
vn 0.000000 0.000000 1.000000
vn -0.599510 -0.167682 0.782605
vn -0.685171 0.574926 0.447214
vn -0.599510 -0.167682 0.782605
vn -0.599510 0.167683 -0.782605
vn -0.342586 0.287463 -0.894427
vn -0.599510 0.167683 -0.782605
vn 0.599510 -0.167684 -0.782605
vn -0.685171 -0.574926 -0.447214
vn 0.599510 -0.167683 -0.782605
vn 0.685171 0.574927 -0.447214
vn -0.342586 -0.287463 0.894427
vn 0.000000 0.000000 1.000000
vn 0.000000 0.000000 1.000000
vn 0.599510 -0.167683 -0.782605
vn 0.685171 0.574927 -0.447214
vn 0.599510 -0.167683 -0.782605
vn 0.738092 0.206444 0.642340
vn 0.766044 0.642788 0.000000
vn -0.000000 0.000000 1.000000
vn 0.000000 0.000000 1.000000
vn -0.342586 -0.287463 0.894427
vn -0.342586 -0.287463 0.894427
vn -0.685171 -0.574926 -0.447214
vn -0.599510 0.167683 -0.782605
vn 0.599510 -0.167683 -0.782605
vn 0.342585 -0.287463 -0.894427
vn 0.685171 -0.574927 0.447214
vn 0.685171 -0.574927 0.447214
vn 0.000000 0.000000 1.000000
vn 0.000000 0.000000 1.000000
vn -0.766045 0.642787 0.000000
vn -0.888205 -0.248430 0.386490
vn -0.599510 0.167682 -0.782605
vn -0.342586 0.287463 -0.894427
vn 0.685170 0.574927 -0.447214
vn 0.599510 -0.167683 -0.782605
vn 0.963039 0.269363 0.000000
vn 0.766044 0.642789 0.000000
vn 0.000000 0.000000 1.000000
vn -0.000000 0.000000 1.000000
vn -0.342586 -0.287463 0.894427
vn -0.342586 -0.287463 0.894427
vn -0.685171 -0.574926 -0.447214
vn 0.685170 0.574927 -0.447214
vn 0.599510 -0.167683 -0.782605
vn 0.342585 -0.287464 -0.894427
vn 0.766044 -0.642788 0.000000
vn 0.599510 -0.167683 -0.782605
vn -0.000000 0.000000 1.000000
vn 0.000000 0.000000 1.000000
vn -0.599510 -0.167682 0.782605
vn -0.685170 0.574927 0.447214
vn -0.599510 -0.167682 0.782605
vn -0.599510 0.167683 -0.782605
vn -0.342585 0.287464 -0.894427
vn 0.599510 -0.167683 -0.782605
vn 0.599510 -0.167684 -0.782605
vn 0.342585 -0.287464 -0.894427
vn 0.685170 -0.574927 0.447214
vn 0.738092 0.206444 0.642340
vn 0.000000 0.000000 1.000000
vn 0.000000 0.000000 1.000000
vn -0.766044 0.642789 0.000000
vn -0.888205 -0.248429 0.386490
vn -0.599510 0.167684 -0.782605
vn -0.342585 0.287463 -0.894427
vn -0.599510 0.167684 -0.782605
vn 0.685171 0.574926 -0.447214
vn 0.599510 -0.167683 -0.782605
vn 0.963039 0.269361 0.000000
vn 0.766045 0.642787 0.000000
vn -0.000000 0.000000 1.000000
vn 0.000000 0.000000 1.000000
vn -0.342586 -0.287462 0.894427
vn -0.685172 -0.574925 -0.447214
vn -0.599510 0.167684 -0.782605
vn -0.599510 0.167684 -0.782605
vn -0.685172 -0.574925 -0.447214
vn 0.685171 0.574926 -0.447214
vn 0.599510 -0.167683 -0.782605
vn 0.342586 -0.287463 -0.894427
vn 0.766044 -0.642788 0.000000
vn 0.963039 0.269361 0.000000
vn 0.000000 0.000000 1.000000
vn -0.342585 0.287464 0.894427
vn -0.685171 0.574926 0.447214
vn -0.342585 0.287464 0.894427
vn -0.685171 0.574927 -0.447214
vn -0.342586 0.287463 -0.894427
vn -0.685171 -0.574926 -0.447214
vn 0.599510 -0.167684 -0.782605
vn 0.685171 0.574926 -0.447214
vn -0.342586 -0.287463 0.894427
vn -0.599510 0.167683 -0.782605
vn 0.000000 0.000000 1.000000
vn 0.738092 0.206444 0.642340
vn 0.766044 0.642788 0.000000
vn -0.685171 0.574927 0.447214
vn -0.599510 -0.167683 0.782605
vn -0.738092 0.206444 -0.642340
vn -0.766044 0.642788 -0.000000
vn -0.000000 -0.000000 -1.000000
vn -0.000000 -0.000000 -1.000000
vn 0.342586 -0.287463 -0.894427
vn 0.685171 -0.574926 -0.447213
vn 0.342586 -0.287463 -0.894427
vn 0.685171 -0.574926 0.447214
vn 0.342585 -0.287463 0.894427
vn -0.342585 -0.287464 0.894427
vn -0.685171 -0.574927 -0.447213
vn -0.599510 -0.167683 0.782605
vn -0.738092 0.206444 -0.642340
vn -0.000000 -0.000000 -1.000000
vn 0.000000 -0.000000 -1.000000
vn 0.766044 0.642788 0.000000
vn 0.888205 -0.248431 -0.386490
vn 0.599510 0.167683 0.782605
vn 0.342585 0.287464 0.894427
vn -0.685171 0.574927 0.447214
vn -0.599510 -0.167683 0.782605
vn -0.963039 0.269362 0.000000
vn -0.766043 0.642789 0.000000
vn -0.000000 -0.000000 -1.000000
vn -0.000000 -0.000000 -1.000000
vn 0.342585 -0.287463 -0.894427
vn 0.888205 -0.248431 -0.386490
vn 0.342585 -0.287463 -0.894427
vn 0.685171 -0.574927 0.447214
vn 0.685171 -0.574927 0.447214
vn -0.599510 -0.167683 0.782605
vn -0.342585 -0.287464 0.894427
vn -0.766044 -0.642788 0.000000
vn 0.000000 -0.000000 -1.000000
vn 0.000000 -0.000000 -1.000000
vn 0.599510 -0.167683 -0.782605
vn 0.685171 0.574927 -0.447214
vn 0.599510 -0.167683 -0.782605
vn 0.599510 0.167683 0.782605
vn 0.342585 0.287464 0.894427
vn 0.599510 0.167683 0.782605
vn -0.599510 -0.167683 0.782605
vn -0.599510 -0.167683 0.782605
vn -0.342585 -0.287463 0.894427
vn -0.685171 -0.574927 -0.447214
vn -0.738092 0.206444 -0.642341
vn -0.000000 -0.000000 -1.000000
vn -0.000000 -0.000000 -1.000000
vn 0.766045 0.642787 0.000000
vn 0.888205 -0.248431 -0.386490
vn 0.599510 0.167683 0.782605
vn 0.342586 0.287463 0.894427
vn -0.685171 0.574927 0.447213
vn -0.599510 -0.167682 0.782605
vn -0.963039 0.269362 0.000000
vn -0.766045 0.642787 0.000000
vn -0.000000 -0.000000 -1.000000
vn 0.000000 -0.000000 -1.000000
vn 0.342585 -0.287463 -0.894427
vn 0.342585 -0.287463 -0.894427
vn 0.685171 -0.574926 0.447214
vn 0.599510 0.167683 0.782605
vn 0.599510 0.167683 0.782605
vn -0.599510 -0.167682 0.782605
vn -0.342586 -0.287463 0.894427
vn -0.766044 -0.642788 0.000000
vn -0.963039 0.269362 0.000000
vn -0.000000 -0.000000 -1.000000
vn 0.000000 -0.000000 -1.000000
vn 0.599510 -0.167683 -0.782605
vn 0.685171 0.574927 -0.447214
vn 0.599510 0.167683 0.782605
vn 0.342586 0.287463 0.894427
vn 0.599510 0.167683 0.782605
vn 0.685171 -0.574927 0.447214
vn -0.685171 0.574927 0.447214
vn 0.342586 -0.287464 -0.894427
vn 0.599510 0.167683 0.782605
vn 0.000000 -0.000000 -1.000000
vn 0.000000 -0.000000 -1.000000
vn 0.599510 -0.167683 -0.782605
vn -0.738092 0.206444 -0.642341
vn -0.766045 0.642787 0.000000
vn -0.685170 0.574927 0.447214
vn -0.599510 -0.167683 0.782605
vn -0.738092 0.206445 -0.642341
vn -0.766044 0.642789 0.000000
vn -0.000000 -0.000000 -1.000000
vn 0.599510 0.167683 0.782605
vn -0.599510 -0.167683 0.782605
vn -0.342585 -0.287464 0.894427
vn -0.685171 -0.574927 -0.447214
vn -0.599510 -0.167683 0.782605
vn -0.685171 -0.574927 -0.447214
vn 0.000000 -0.000000 -1.000000
vn 0.000000 -0.000000 -1.000000
vn 0.766044 0.642788 0.000000
vn 0.888205 -0.248431 -0.386490
vn 0.599510 0.167683 0.782605
vn 0.342586 0.287463 0.894427
vn 0.599510 0.167683 0.782605
vn -0.685171 0.574927 0.447214
vn -0.599510 -0.167682 0.782605
vn -0.963039 0.269362 0.000000
vn -0.766044 0.642788 0.000000
vn 0.000000 -0.000000 -1.000000
vn 0.000000 -0.000000 -1.000000
vn 0.342586 -0.287463 -0.894427
vn 0.342586 -0.287464 -0.894427
vn 0.685171 -0.574927 0.447214
vn 0.888205 -0.248431 -0.386490
vn 0.685171 -0.574927 0.447214
vn 0.599510 0.167683 0.782605
vn -0.685171 0.574927 0.447214
vn -0.599510 -0.167682 0.782605
vn -0.342586 -0.287463 0.894427
vn -0.766045 -0.642787 0.000000
vn 0.000000 -0.000000 -1.000000
vn 0.000001 -0.000000 -1.000000
vn 0.599510 -0.167683 -0.782605
vn 0.685171 0.574927 -0.447214
vn 0.599510 -0.167683 -0.782605
vn 0.599510 0.167683 0.782605
vn 0.342586 0.287463 0.894427
vn -0.599510 -0.167683 0.782605
vn -0.342585 -0.287464 0.894427
vn -0.685170 -0.574928 -0.447214
vn -0.738092 0.206443 -0.642340
vn -0.000000 -0.000000 -1.000000
vn -0.000000 -0.000000 -1.000000
vn 0.766043 0.642789 0.000000
vn 0.888205 -0.248430 -0.386490
vn 0.599510 0.167684 0.782605
vn 0.342585 0.287464 0.894427
vn -0.685171 0.574927 0.447214
vn -0.599510 -0.167683 0.782605
vn -0.963039 0.269362 0.000000
vn -0.766044 0.642788 0.000000
vn 0.000000 -0.000000 -1.000000
vn 0.000000 -0.000000 -1.000000
vn 0.342586 -0.287463 -0.894427
vn 0.685172 -0.574926 0.447213
vn 0.599510 0.167684 0.782605
vn -0.685171 0.574927 0.447214
vn -0.599510 -0.167683 0.782605
vn -0.342585 -0.287464 0.894427
vn -0.766044 -0.642789 0.000000
vn 0.000000 -0.000000 -1.000000
vn 0.342586 0.287463 -0.894427
vn 0.685171 0.574927 -0.447214
vn 0.342586 0.287463 -0.894427
vn 0.685171 0.574927 0.447214
vn 0.342585 0.287464 0.894427
vn 0.685171 -0.574926 0.447214
vn -0.685171 0.574926 0.447214
vn 0.342586 -0.287463 -0.894427
vn -0.000000 -0.000000 -1.000000
vn -0.738092 0.206443 -0.642340
vn -0.738092 0.206443 -0.642340
vn -0.766045 0.642787 0.000000
vn 0.574926 0.685171 0.447213
vn -0.167683 0.599510 0.782605
vn 0.206444 0.738092 -0.642340
vn 0.642787 0.766045 0.000000
vn 0.000000 -0.000000 -1.000000
vn 0.000000 -0.000000 -1.000000
vn -0.287463 -0.342586 -0.894427
vn -0.167683 -0.599510 -0.782605
vn -0.574926 -0.685171 0.447214
vn 0.167683 -0.599510 0.782605
vn -0.574926 -0.685171 0.447214
vn 0.287463 -0.342586 0.894427
vn 0.167685 -0.599518 0.782598
vn -0.287463 0.342586 0.894427
vn -0.167683 0.599510 0.782605
vn 0.574923 -0.685167 -0.447225
vn -0.167680 -0.599503 -0.782611
vn -0.000000 -0.000000 -1.000000
vn 0.000000 -0.000000 -1.000000
vn 0.574923 -0.685167 -0.447225
vn -0.642787 0.766045 0.000000
vn 0.269361 0.963039 0.000000
vn 0.167684 -0.599510 0.782605
vn -0.574926 -0.685172 0.447214
vn -0.167683 0.599510 0.782604
vn 0.574926 0.685172 0.447213
vn -0.248430 -0.888205 -0.386490
vn -0.287463 -0.342586 -0.894427
vn 0.167684 -0.599510 0.782605
vn 0.000000 -0.000000 -1.000000
vn 0.000000 -0.000000 -1.000000
vn 0.269361 0.963039 0.000000
vn 0.642787 0.766045 0.000000
vn 0.287463 -0.342585 0.894427
vn -0.287463 0.342586 0.894427
vn 0.642788 -0.766044 0.000000
vn -0.574926 0.685171 -0.447214
vn -0.000000 -0.000000 -1.000000
vn 0.206444 0.738092 -0.642340
vn -0.000000 -0.000000 -1.000000
vn 0.206444 0.738092 -0.642340
vn 0.287463 -0.342585 0.894427
vn -0.287463 0.342586 0.894427
vn -0.167683 0.599510 0.782605
vn 0.574926 -0.685171 -0.447214
vn 0.167683 -0.599510 0.782605
vn -0.000000 -0.000000 -1.000000
vn 0.000000 -0.000000 -1.000000
vn -0.167683 -0.599510 -0.782605
vn -0.642787 0.766045 0.000000
vn 0.269362 0.963039 0.000000
vn 0.167683 -0.599510 0.782605
vn -0.167683 0.599510 0.782605
vn 0.574926 0.685171 0.447213
vn -0.248430 -0.888205 -0.386490
vn -0.287463 -0.342586 -0.894427
vn 0.000000 -0.000000 -1.000000
vn 0.000000 -0.000000 -1.000000
vn -0.248430 -0.888205 -0.386490
vn 0.269362 0.963039 0.000000
vn 0.642787 0.766045 0.000000
vn 0.287463 -0.342585 0.894427
vn -0.287463 0.342586 0.894427
vn -0.167683 0.599510 0.782605
vn 0.642788 -0.766044 0.000000
vn -0.248430 -0.888205 -0.386490
vn 0.206444 0.738092 -0.642340
vn -0.574927 0.685171 -0.447214
vn -0.000000 -0.000000 -1.000000
vn -0.000000 -0.000000 -1.000000
vn 0.167684 -0.599512 0.782603
vn -0.574928 -0.685174 0.447208
vn 0.574926 0.685171 0.447213
vn -0.167682 -0.599508 -0.782606
vn -0.287463 -0.342586 -0.894427
vn 0.000000 -0.000000 -1.000000
vn -0.167682 -0.599508 -0.782606
vn -0.167683 0.599510 0.782605
vn 0.642788 0.766045 0.000000
vn 0.574926 0.685171 0.447213
vn -0.167682 0.599511 0.782604
vn 0.206444 0.738092 -0.642340
vn 0.642788 0.766044 0.000000
vn 0.000000 -0.000000 -1.000000
vn 0.000000 -0.000000 -1.000000
vn -0.287464 -0.342585 -0.894427
vn -0.167683 -0.599510 -0.782605
vn -0.574927 -0.685171 0.447214
vn 0.167683 -0.599510 0.782605
vn -0.574927 -0.685171 0.447214
vn 0.287463 -0.342585 0.894427
vn -0.167683 0.599510 0.782604
vn 0.574926 -0.685171 -0.447214
vn -0.000000 -0.000000 -1.000000
vn 0.000000 -0.000000 -1.000000
vn -0.167682 -0.599508 -0.782606
vn -0.642787 0.766045 0.000000
vn 0.269361 0.963039 0.000000
vn 0.167683 -0.599510 0.782605
vn -0.574926 -0.685172 0.447214
vn -0.167683 0.599510 0.782604
vn 0.574926 0.685172 0.447213
vn -0.248430 -0.888205 -0.386490
vn -0.287463 -0.342586 -0.894427
vn 0.000000 -0.000000 -1.000000
vn 0.642787 0.766045 0.000000
vn 0.287463 -0.342585 0.894427
vn -0.287463 0.342586 0.894427
vn 0.642787 -0.766045 0.000000
vn -0.248430 -0.888205 -0.386490
vn -0.574926 0.685172 -0.447214
vn -0.000000 -0.000000 -1.000000
vn 0.206444 0.738092 -0.642340
vn -0.000000 -0.000000 -1.000000
vn 0.206444 0.738092 -0.642340
vn -0.167683 0.599510 0.782604
vn 0.574927 -0.685171 -0.447214
vn 0.167683 -0.599510 0.782605
vn -0.000000 -0.000000 -1.000000
vn -0.167683 -0.599510 -0.782605
vn 0.269361 0.963039 0.000000
vn 0.167683 -0.599510 0.782605
vn -0.248430 -0.888205 -0.386490
vn 0.000000 -0.000000 -1.000000
vn -0.167683 0.599510 0.782604
vn -0.167683 0.599510 0.782605
vn 0.642788 -0.766044 0.000000
vn -0.248430 -0.888205 -0.386490
vn 0.206444 0.738092 -0.642340
vn -0.000000 -0.000000 -1.000000
vn -0.000000 -0.000000 -1.000000
vn -0.287463 -0.342585 0.894427
vn 0.574927 0.685171 0.447213
vn -0.574927 -0.685171 -0.447214
vn -0.287463 -0.342585 0.894427
vn 0.000000 -0.000000 -1.000000
vn -0.574927 -0.685171 -0.447214
vn -0.167683 0.599510 0.782605
vn 0.206444 0.738092 -0.642340
vn 0.574926 -0.685171 -0.447214
vn -0.167683 -0.599510 -0.782605
vn 0.206444 -0.738092 0.642340
vn 0.642788 -0.766044 0.000000
vn 0.000000 0.000000 1.000000
vn 0.000000 0.000000 1.000000
vn -0.287463 0.342586 0.894427
vn -0.167683 0.599510 0.782605
vn -0.574927 0.685171 -0.447214
vn 0.167683 0.599510 -0.782605
vn 0.574926 -0.685171 -0.447214
vn 0.287464 0.342585 -0.894427
vn 0.167684 0.599509 -0.782605
vn -0.287464 -0.342585 -0.894427
vn -0.167684 -0.599510 -0.782605
vn 0.574928 0.685170 0.447214
vn -0.167683 0.599510 0.782605
vn -0.000000 0.000000 1.000000
vn 0.000000 0.000000 1.000000
vn -0.642789 -0.766043 0.000000
vn 0.269361 -0.963039 0.000000
vn 0.167684 0.599510 -0.782605
vn -0.574926 0.685171 -0.447214
vn -0.167684 -0.599510 -0.782605
vn 0.574926 -0.685172 -0.447214
vn -0.248430 0.888205 0.386490
vn -0.287463 0.342586 0.894427
vn 0.167684 0.599510 -0.782605
vn 0.000000 0.000000 1.000000
vn 0.000000 0.000000 1.000000
vn 0.269361 -0.963039 0.000000
vn 0.642787 -0.766045 0.000000
vn 0.287464 0.342585 -0.894427
vn -0.287464 -0.342586 -0.894427
vn 0.642789 0.766044 0.000000
vn -0.248430 0.888205 0.386490
vn 0.167684 0.599510 -0.782605
vn -0.574927 -0.685171 0.447214
vn -0.000000 0.000000 1.000000
vn -0.000000 0.000000 1.000000
vn -0.167683 -0.599510 -0.782605
vn 0.206444 -0.738092 0.642340
vn 0.287463 0.342585 -0.894427
vn -0.287464 -0.342586 -0.894427
vn -0.167683 -0.599510 -0.782605
vn 0.574927 0.685171 0.447214
vn -0.167683 0.599510 0.782605
vn -0.000000 0.000000 1.000000
vn 0.000000 0.000000 1.000000
vn -0.167683 0.599510 0.782605
vn 0.574927 0.685171 0.447214
vn -0.642787 -0.766045 0.000000
vn 0.269362 -0.963039 0.000000
vn 0.167683 0.599510 -0.782605
vn -0.167683 -0.599510 -0.782605
vn -0.248431 0.888205 0.386490
vn -0.287463 0.342586 0.894427
vn 0.000000 0.000000 1.000000
vn 0.000000 0.000000 1.000000
vn -0.248431 0.888205 0.386490
vn 0.269362 -0.963039 0.000000
vn 0.642788 -0.766045 0.000000
vn 0.287463 0.342585 -0.894427
vn -0.287464 -0.342586 -0.894427
vn -0.167683 -0.599510 -0.782605
vn 0.642788 0.766044 0.000000
vn 0.206444 -0.738092 0.642340
vn -0.574927 -0.685171 0.447214
vn -0.000000 0.000000 1.000000
vn -0.000000 0.000000 1.000000
vn 0.167683 0.599510 -0.782605
vn -0.574926 0.685171 -0.447214
vn 0.574926 -0.685171 -0.447214
vn -0.167683 0.599510 0.782605
vn -0.287463 0.342586 0.894427
vn 0.000000 0.000000 1.000000
vn 0.000000 0.000000 1.000000
vn -0.167683 0.599510 0.782605
vn 0.642787 -0.766045 0.000000
vn 0.574927 -0.685171 -0.447214
vn -0.167682 -0.599510 -0.782605
vn 0.206445 -0.738092 0.642340
vn 0.642788 -0.766044 0.000000
vn 0.000000 0.000000 1.000000
vn 0.000000 0.000000 1.000000
vn -0.287463 0.342585 0.894427
vn -0.167683 0.599510 0.782605
vn -0.574927 0.685171 -0.447214
vn 0.167683 0.599510 -0.782605
vn -0.574927 0.685171 -0.447214
vn -0.287464 -0.342586 -0.894427
vn -0.167683 -0.599510 -0.782605
vn 0.574927 0.685171 0.447214
vn -0.000000 0.000000 1.000000
vn 0.000000 0.000000 1.000000
vn -0.167683 0.599510 0.782605
vn -0.167683 0.599510 0.782605
vn -0.642788 -0.766044 0.000000
vn 0.269361 -0.963039 0.000000
vn 0.167683 0.599510 -0.782605
vn -0.574926 0.685171 -0.447214
vn -0.167683 -0.599510 -0.782605
vn 0.574926 -0.685172 -0.447214
vn -0.248430 0.888205 0.386490
vn -0.287463 0.342586 0.894427
vn 0.000000 0.000000 1.000000
vn -0.248430 0.888205 0.386490
vn -0.167683 -0.599510 -0.782605
vn 0.269361 -0.963039 0.000000
vn 0.287463 0.342585 -0.894427
vn -0.287463 -0.342586 -0.894427
vn 0.642788 0.766044 0.000000
vn -0.000000 0.000000 1.000000
vn 0.206445 -0.738092 0.642340
vn -0.000000 0.000000 1.000000
vn 0.206445 -0.738092 0.642340
vn 0.287463 0.342585 -0.894427
vn -0.287464 -0.342586 -0.894427
vn -0.167683 -0.599510 -0.782605
vn 0.574927 0.685171 0.447214
vn -0.000000 0.000000 1.000000
vn 0.000000 0.000000 1.000000
vn -0.167683 0.599510 0.782605
vn 0.574927 0.685171 0.447214
vn -0.642788 -0.766044 0.000000
vn 0.269361 -0.963039 0.000000
vn 0.167683 0.599510 -0.782605
vn -0.167683 -0.599510 -0.782605
vn 0.574926 -0.685171 -0.447214
vn -0.248430 0.888205 0.386490
vn 0.167683 0.599510 -0.782605
vn 0.000000 0.000000 1.000000
vn -0.248430 0.888205 0.386490
vn 0.642787 -0.766045 0.000000
vn -0.287464 -0.342586 -0.894427
vn -0.167683 -0.599510 -0.782605
vn 0.642788 0.766044 0.000000
vn -0.248430 0.888205 0.386490
vn 0.206444 -0.738092 0.642340
vn -0.574927 -0.685171 0.447214
vn -0.000000 0.000000 1.000000
vn -0.000000 0.000000 1.000000
vn -0.287464 0.342585 -0.894427
vn -0.574927 0.685170 -0.447214
vn -0.167683 -0.599510 -0.782605
vn -0.574927 0.685170 0.447214
vn -0.287464 0.342585 0.894427
vn -0.287464 0.342585 -0.894427
vn 0.000000 0.000000 1.000000
vn -0.574927 0.685170 0.447214
vn -0.167683 -0.599510 -0.782605
vn 0.206444 -0.738092 0.642340
vn 0.574925 0.447214 -0.685172
vn -0.167684 0.782604 -0.599510
vn 0.206441 -0.642343 -0.738090
vn 0.642794 0.000000 -0.766040
vn 0.000000 -1.000000 -0.000002
vn 0.000000 -1.000000 0.000000
vn -0.287466 -0.894428 0.342582
vn -0.167684 -0.782604 0.599510
vn -0.574924 0.447214 0.685173
vn 0.167684 0.782602 0.599514
vn 0.287466 0.894428 0.342580
vn 0.167684 0.782603 0.599512
vn -0.287466 0.894426 -0.342586
vn -0.167684 0.782603 -0.599512
vn 0.574929 -0.447211 0.685171
vn -0.167683 -0.782606 0.599508
vn 0.000000 -1.000000 -0.000003
vn 0.000000 -1.000000 -0.000025
vn -0.642794 0.000000 -0.766040
vn 0.269366 0.000000 -0.963038
vn 0.167690 0.782606 0.599506
vn 0.574929 0.447211 -0.685171
vn -0.248426 -0.386489 0.888207
vn -0.287466 -0.894428 0.342581
vn 0.000000 -1.000000 -0.000002
vn 0.000000 -1.000000 -0.000013
vn 0.269366 0.000000 -0.963038
vn 0.287466 0.894426 0.342586
vn -0.287458 0.894428 -0.342588
vn 0.642794 0.000000 0.766040
vn -0.574924 -0.447214 -0.685173
vn 0.000000 -1.000000 0.000009
vn 0.000000 -1.000000 0.000017
vn 0.206441 -0.642343 -0.738090
vn 0.287466 0.894426 0.342586
vn -0.287458 0.894428 -0.342587
vn -0.167684 0.782604 -0.599510
vn 0.574925 -0.447215 0.685171
vn 0.000000 -1.000000 -0.000005
vn -0.642784 0.000000 -0.766047
vn 0.269357 0.000000 -0.963040
vn 0.167689 0.782603 0.599510
vn -0.167684 0.782604 -0.599510
vn -0.248427 -0.386491 0.888206
vn 0.000000 -1.000000 -0.000002
vn 0.287466 0.894428 0.342581
vn -0.287466 0.894426 -0.342586
vn -0.167689 0.782603 -0.599511
vn -0.248426 -0.386491 0.888206
vn 0.206440 -0.642340 -0.738094
vn -0.574928 -0.447210 -0.685173
vn 0.000000 -1.000000 -0.000004
vn 0.000000 -1.000000 0.000017
vn 0.167682 0.782604 0.599511
vn -0.574930 0.447209 0.685172
vn 0.574923 0.447213 -0.685174
vn -0.167686 -0.782604 0.599510
vn -0.287465 -0.894424 0.342591
vn 0.000000 -1.000000 0.000010
vn 0.000000 -1.000000 0.000013
vn -0.167689 0.782603 -0.599511
vn 0.206440 -0.642340 -0.738094
vn 0.574925 0.447215 -0.685172
vn -0.167689 0.782604 -0.599509
vn 0.206440 -0.642339 -0.738094
vn 0.000000 -1.000000 -0.000003
vn -0.287466 -0.894428 0.342581
vn -0.167680 -0.782607 0.599507
vn 0.167684 0.782603 0.599512
vn 0.574925 0.447215 -0.685172
vn 0.287466 0.894427 0.342585
vn -0.287458 0.894428 -0.342588
vn -0.167684 0.782604 -0.599511
vn 0.574926 -0.447211 0.685173
vn 0.000000 -1.000000 -0.000003
vn 0.167684 0.782604 0.599511
vn -0.167684 0.782604 -0.599511
vn 0.574925 0.447214 -0.685172
vn -0.248427 -0.386491 0.888206
vn 0.000000 -1.000000 -0.000002
vn 0.287459 0.894430 0.342583
vn -0.287465 0.894425 -0.342590
vn 0.642784 0.000000 0.766047
vn -0.248426 -0.386490 0.888206
vn 0.287459 0.894430 0.342583
vn -0.574932 -0.447214 -0.685167
vn 0.000000 -1.000000 -0.000005
vn 0.000000 -1.000000 -0.000010
vn -0.167689 0.782604 -0.599509
vn -0.287465 0.894425 -0.342590
vn 0.287458 0.894429 0.342585
vn -0.287465 0.894425 -0.342589
vn -0.167685 0.782607 -0.599506
vn 0.574926 -0.447215 0.685171
vn 0.287458 0.894429 0.342585
vn 0.000000 -1.000000 -0.000006
vn -0.167680 -0.782607 0.599508
vn 0.574926 -0.447215 0.685171
vn 0.167684 0.782604 0.599511
vn -0.574928 0.447210 0.685173
vn 0.574929 0.447211 -0.685171
vn -0.248434 -0.386491 0.888204
vn -0.287466 -0.894426 0.342586
vn 0.000000 -1.000000 0.000003
vn -0.248434 -0.386491 0.888204
vn -0.287466 0.894428 -0.342581
vn -0.167685 0.782606 -0.599507
vn 0.167684 0.782604 0.599511
vn 0.206445 -0.642341 -0.738091
vn 0.000000 -1.000000 -0.000003
vn 0.000000 -1.000000 0.000019
vn -0.287463 0.894426 0.342588
vn -0.574925 0.447210 0.685174
vn -0.167685 0.782606 -0.599507
vn 0.574927 0.447211 -0.685173
vn -0.574929 -0.447213 0.685170
vn -0.287466 -0.894426 0.342586
vn -0.000001 -1.000000 0.000003
vn -0.000001 -1.000000 0.000000
vn 0.642789 0.000000 -0.766044
vn 0.574922 -0.447212 0.685176
vn -0.167682 -0.782604 0.599511
vn 0.206443 0.642339 0.738094
vn 0.642775 0.000000 0.766055
vn -0.287462 0.894427 -0.342587
vn -0.167684 0.782602 -0.599513
vn -0.574924 -0.447214 -0.685174
vn 0.167682 -0.782605 -0.599510
vn 0.287466 -0.894428 -0.342580
vn 0.167684 -0.782604 -0.599511
vn -0.287461 -0.894426 0.342590
vn -0.167684 -0.782603 0.599511
vn 0.574929 0.447214 -0.685169
vn -0.167685 0.782605 -0.599510
vn -0.000005 1.000000 0.000003
vn -0.000011 1.000000 0.000000
vn -0.642789 0.000000 0.766044
vn 0.269357 0.000000 0.963040
vn 0.167680 -0.782605 -0.599511
vn -0.574928 -0.447214 -0.685170
vn 0.574924 -0.447214 0.685173
vn -0.248435 0.386488 -0.888204
vn -0.287462 0.894427 -0.342588
vn 0.000000 1.000000 -0.000001
vn -0.167684 -0.782603 0.599512
vn 0.287466 -0.894427 -0.342583
vn -0.287466 -0.894427 0.342584
vn 0.642784 0.000000 -0.766047
vn -0.574928 0.447214 0.685170
vn 0.000000 1.000000 0.000001
vn 0.000000 1.000000 0.000002
vn -0.167682 -0.782604 0.599511
vn 0.287466 -0.894428 -0.342580
vn -0.287466 -0.894426 0.342586
vn -0.167682 -0.782604 0.599512
vn 0.574923 0.447213 -0.685175
vn 0.167682 -0.782605 -0.599510
vn 0.000000 1.000000 -0.000002
vn -0.642789 0.000000 0.766043
vn 0.269360 0.000000 0.963040
vn 0.167682 -0.782607 -0.599507
vn -0.248429 0.386489 -0.888206
vn -0.287458 0.894427 -0.342590
vn -0.167682 -0.782606 0.599508
vn 0.642789 0.000000 -0.766043
vn 0.206445 0.642338 0.738094
vn 0.000000 1.000000 0.000008
vn 0.000000 1.000000 0.000015
vn 0.167680 -0.782604 -0.599511
vn 0.574929 -0.447214 0.685169
vn -0.167687 0.782604 -0.599510
vn -0.287462 0.894427 -0.342586
vn 0.000000 1.000000 0.000001
vn 0.574925 -0.447215 0.685171
vn -0.167682 -0.782606 0.599509
vn 0.206443 0.642340 0.738093
vn 0.000000 1.000000 -0.000003
vn -0.287462 0.894426 -0.342589
vn -0.167684 0.782602 -0.599513
vn 0.167682 -0.782605 -0.599510
vn -0.287466 -0.894426 0.342587
vn -0.167682 -0.782604 0.599512
vn 0.000000 1.000000 0.000003
vn 0.167680 -0.782607 -0.599507
vn 0.574922 -0.447213 0.685175
vn -0.248429 0.386489 -0.888206
vn -0.287458 0.894427 -0.342589
vn 0.000000 1.000000 0.000001
vn 0.287462 -0.894428 -0.342585
vn -0.287462 -0.894426 0.342589
vn -0.574924 0.447214 0.685174
vn 0.000000 1.000000 -0.000001
vn 0.000000 1.000000 -0.000002
vn -0.000000 -0.447214 0.894427
vn -0.000000 -0.707112 0.707101
vn 0.000000 0.707107 0.707107
vn 0.000000 0.894427 0.447214
vn -0.167684 -0.782604 0.599511
vn 0.574925 0.447212 -0.685173
vn 0.000000 1.000000 -0.000007
vn -0.167684 0.782602 -0.599513
vn 0.167684 -0.782605 -0.599509
vn 0.574923 -0.447213 0.685174
vn -0.248429 0.386490 -0.888205
vn -0.287462 0.894428 -0.342584
vn 0.000000 1.000000 0.000003
vn -0.167684 -0.782604 0.599511
vn 0.287466 -0.894427 -0.342585
vn -0.287466 -0.894428 0.342582
vn -0.167684 -0.782605 0.599510
vn 0.206443 0.642340 0.738092
vn 0.000000 1.000000 -0.000006
vn -0.287462 -0.894428 -0.342585
vn -0.574925 0.447214 -0.685172
vn 0.000000 1.000000 0.000003
vn -0.167684 -0.782604 0.599510
vn -0.000000 -0.447213 0.894427
vn -0.000000 -0.707107 0.707107
vn 0.000000 0.707105 0.707108
vn 0.000000 0.894427 0.447214
vn -0.000000 -0.894427 -0.447213
vn -0.000000 -0.707107 -0.707107
vn -0.000000 -1.000000 0.000000
vn -0.000000 -1.000000 0.000000
vn 0.000000 0.707109 0.707105
vn 0.000000 0.894427 0.447214
vn 0.000000 0.707105 -0.707109
vn 0.000000 0.447213 -0.894427
vn -0.000000 -0.894427 0.447214
vn -0.000000 -0.447214 -0.894427
vn -0.000000 -0.707107 -0.707107
vn -0.000000 -0.707107 0.707107
vn -0.000000 0.000000 1.000000
vn -0.000000 0.000000 1.000000
vn 0.000000 0.894427 -0.447214
vn 0.000000 1.000000 0.000000
vn 0.000000 1.000000 0.000000
vn 0.000000 0.707107 -0.707107
vn -0.000000 -1.000000 0.000000
vn -0.000000 -1.000000 0.000000
vn 0.000000 0.707107 -0.707107
vn -0.000000 -0.894422 -0.447223
vn 0.000000 -0.707097 -0.707116
vn 0.000000 -0.000000 -1.000000
vn 0.000000 -0.000000 -1.000000
vn 0.000000 1.000000 0.000000
vn 0.000000 1.000000 0.000000
vn 0.000000 -0.000000 -1.000000
vn -0.167683 -0.599510 -0.782605
vn -0.574927 -0.685171 0.447214
vn 0.167683 -0.599510 0.782605
vn 0.574927 -0.685171 0.447214
vn 0.642788 -0.766045 0.000000
vn -0.000000 -0.000000 -1.000000
vn -0.167683 0.599510 0.782605
vn 0.206444 0.738092 -0.642340
vn 0.287463 -0.342586 0.894427
vn -0.287463 0.342586 0.894427
vn -0.167683 0.599510 0.782605
vn 0.167683 -0.599510 0.782605
vn -0.000000 -0.000000 -1.000000
vn 0.000000 -0.000000 -1.000000
vn -0.167683 -0.599510 -0.782605
vn -0.642787 0.766045 0.000000
vn 0.269361 0.963039 0.000000
vn 0.167683 -0.599510 0.782605
vn -0.574927 -0.685171 0.447214
vn -0.248431 -0.888205 -0.386490
vn 0.000000 -0.000000 -1.000000
vn -0.167683 0.599510 0.782605
vn -0.248431 -0.888205 -0.386490
vn 0.167683 -0.599510 0.782605
vn 0.206444 0.738092 -0.642340
vn -0.574927 0.685171 -0.447214
vn -0.000000 -0.000000 -1.000000
vn 0.167685 -0.599518 0.782598
vn -0.574930 -0.685176 0.447202
vn 0.574927 0.685171 0.447213
vn -0.167680 -0.599503 -0.782611
vn 0.167685 -0.599518 0.782598
vn 0.000000 -0.000000 -1.000000
vn -0.167683 0.599510 0.782605
vn 0.642788 0.766044 0.000000
vn -0.167683 -0.599510 -0.782605
vn 0.206444 -0.738092 0.642340
vn 0.000000 0.000000 1.000000
vn -0.167684 0.599510 0.782605
vn -0.574928 0.685170 -0.447214
vn 0.167683 0.599510 -0.782605
vn -0.574928 0.685170 -0.447214
vn 0.574927 0.685171 -0.447214
vn 0.642788 0.766044 0.000000
vn 0.642788 0.766044 0.000000
vn -0.000000 0.000000 1.000000
vn -0.000000 0.000000 1.000000
vn -0.167683 -0.599510 -0.782605
vn -0.167683 -0.599510 -0.782605
vn 0.287463 0.342585 -0.894427
vn -0.167683 -0.599510 -0.782605
vn 0.574926 0.685171 0.447214
vn -0.167684 0.599510 0.782605
vn 0.167683 0.599510 -0.782605
vn -0.000000 0.000000 1.000000
vn 0.000000 0.000000 1.000000
vn -0.167684 0.599510 0.782605
vn -0.642787 -0.766045 0.000000
vn 0.269362 -0.963039 0.000000
vn 0.167683 0.599510 -0.782605
vn -0.574927 0.685171 -0.447214
vn -0.248431 0.888205 0.386490
vn 0.000000 0.000000 1.000000
vn 0.000000 0.000000 1.000000
vn -0.248431 0.888205 0.386490
vn -0.167683 -0.599510 -0.782605
vn 0.206444 -0.738092 0.642341
vn -0.574927 -0.685171 0.447214
vn -0.000000 0.000000 1.000000
vn 0.167684 0.599509 -0.782605
vn -0.574927 0.685171 -0.447214
vn -0.167683 -0.599510 -0.782605
vn 0.574927 -0.685171 -0.447214
vn -0.287463 0.342585 0.894427
vn 0.167684 0.599509 -0.782605
vn 0.000000 0.000000 1.000000
vn 0.000000 0.000000 1.000000
vn -0.167683 -0.599510 -0.782605
vn 0.642788 -0.766044 0.000000
vn 0.574925 0.447215 -0.685172
vn 0.206441 -0.642344 -0.738090
vn 0.000000 -1.000000 -0.000003
vn -0.167680 -0.782606 0.599509
vn 0.167684 0.782602 0.599514
vn 0.574925 0.447215 -0.685172
vn 0.574932 0.447214 0.685167
vn 0.642794 0.000000 0.766040
vn 0.000000 -1.000000 0.000010
vn 0.206441 -0.642344 -0.738090
vn 0.000000 -1.000000 0.000019
vn 0.287458 0.894427 0.342590
vn -0.287458 0.894427 -0.342591
vn -0.167684 0.782603 -0.599512
vn 0.574924 -0.447214 0.685174
vn 0.167689 0.782603 0.599511
vn -0.248427 -0.386491 0.888205
vn 0.000000 -1.000000 0.000003
vn 0.000000 -1.000000 0.000013
vn -0.167684 0.782603 -0.599512
vn 0.287466 0.894428 0.342581
vn -0.287466 0.894427 -0.342585
vn -0.167690 0.782606 -0.599506
vn 0.206439 -0.642343 -0.738091
vn 0.000000 -1.000000 0.000008
vn 0.000000 -1.000000 0.000016
vn -0.167690 0.782607 -0.599506
vn 0.574922 0.447214 -0.685175
vn -0.287463 -0.894426 0.342588
vn 0.000003 -1.000000 0.000006
vn 0.000000 -0.447214 -0.894427
vn 0.000000 0.447214 0.894427
vn 0.000000 0.894424 -0.447219
vn 0.000000 0.707105 -0.707109
vn 0.000000 -0.894427 -0.447214
vn 0.000000 -0.447213 0.894427
vn 0.000000 0.000000 1.000000
vn 0.000000 0.447214 -0.894427
vn 0.000000 -0.894437 0.447195
vn 0.000000 -0.447208 -0.894430
vn -0.000000 -0.707112 0.707101
vn 0.000000 -0.000000 -1.000000
vn 0.574927 -0.447213 0.685171
vn -0.167680 -0.782605 0.599510
vn 0.206446 0.642341 0.738091
vn 0.000000 1.000000 0.000003
vn -0.167682 0.782605 -0.599510
vn 0.167682 -0.782606 -0.599509
vn 0.000000 -0.894427 0.447214
vn 0.000000 0.447211 0.894428
vn 0.000000 0.894430 -0.447208
vn 0.000000 0.447211 0.894428
vn 0.574928 -0.447214 -0.685170
vn -0.287462 -0.894428 0.342585
vn 0.000000 1.000000 -0.000003
vn 0.000000 1.000000 -0.000006
vn 0.206446 0.642341 0.738091
vn 0.287462 -0.894427 -0.342586
vn -0.287462 -0.894427 0.342587
vn -0.167682 -0.782606 0.599508
vn 0.574924 0.447214 -0.685174
vn 0.167682 -0.782606 -0.599509
vn -0.642784 0.000000 0.766047
vn 0.167684 -0.782603 -0.599511
vn 0.574925 -0.447215 0.685171
vn -0.287462 0.894426 -0.342589
vn 0.000000 1.000000 -0.000003
vn 0.000000 1.000000 -0.000013
vn -0.167682 -0.782606 0.599508
vn 0.287466 -0.894428 -0.342581
vn -0.287466 -0.894426 0.342585
vn -0.167682 -0.782606 0.599509
vn 0.206447 0.642342 0.738090
vn -0.574932 0.447217 0.685164
vn 0.000000 1.000000 -0.000008
vn 0.000000 1.000000 0.000010
vn 0.167684 -0.782604 -0.599511
vn 0.000000 1.000000 0.000001
vn -0.129778 -0.570824 -0.810751
vn -0.290642 -0.090403 -0.952552
vn 0.210476 0.161591 -0.964152
vn 0.259558 -0.555963 -0.789642
vn -0.195096 0.898552 -0.393118
vn 0.195100 0.898551 -0.393118
vn 0.195419 0.881465 -0.429919
vn -0.195417 0.862895 -0.466074
vn 0.195320 0.825109 -0.530137
vn -0.195417 0.862895 -0.466074
vn -0.195318 0.806321 -0.558298
vn 0.195347 0.764679 -0.614089
vn -0.195345 0.741715 -0.641637
vn 0.195095 0.717829 -0.668325
vn -0.195345 0.741715 -0.641638
vn -0.195096 0.717822 -0.668333
vn -0.195094 0.653731 -0.731146
vn 0.195095 0.653731 -0.731146
vn 0.195296 0.523143 0.829566
vn -0.195292 0.549922 0.812063
vn -0.195487 0.456542 0.867960
vn 0.195494 0.416212 0.888003
vn 0.264301 0.760755 0.592787
vn 0.707517 0.390647 0.588910
vn 0.837823 0.442476 0.319793
vn 0.972309 0.131036 0.193506
vn 0.986223 0.132358 0.099228
vn 0.195489 0.290493 0.936695
vn -0.195491 0.333185 0.922372
vn -0.195294 0.216237 0.956609
vn 0.195295 0.184928 0.963152
vn -0.195487 0.456542 0.867960
vn -0.195491 0.333185 0.922372
vn -0.195090 0.153459 0.968705
vn 0.195098 0.153458 0.968704
vn -0.978215 -0.182988 0.098036
vn -0.997192 -0.059614 -0.045317
vn -0.797167 -0.603758 0.000000
vn -0.603741 -0.797181 0.000000
vn -0.382690 -0.923877 0.000000
vn -0.382691 -0.923877 0.000000
vn 0.997192 -0.071375 -0.022659
vn 0.978215 -0.068191 0.196074
vn 0.797171 -0.603754 0.000000
vn 0.603743 -0.797179 0.000000
vn 0.382691 -0.923876 0.000000
vn 0.603743 -0.797179 0.000000
vn 0.382682 -0.923880 0.000000
vn -0.972315 0.196594 -0.126312
vn -0.972342 0.209922 -0.102386
vn -0.924101 0.336237 -0.181610
vn -0.924033 0.314320 -0.217638
vn -0.383079 0.777135 -0.499311
vn -0.383253 0.830166 -0.404898
vn -0.195318 0.806321 -0.558298
vn -0.975388 0.176423 0.132263
vn -0.972308 0.124660 0.197677
vn -0.707513 0.382662 0.594134
vn -0.662606 0.610694 0.433597
vn 0.195296 0.523143 0.829566
vn 0.264301 0.760755 0.592787
vn -0.185092 0.845893 0.500206
vn 0.972343 0.205498 -0.110995
vn 0.972315 0.192116 -0.133022
vn 0.924032 0.321647 -0.206660
vn 0.924099 0.343479 -0.167521
vn 0.383255 0.812675 -0.438947
vn 0.383084 0.759436 -0.525836
vn 0.195320 0.825109 -0.530137
vn -0.972324 0.182164 -0.146295
vn -0.924033 0.314320 -0.217638
vn -0.924053 0.289100 -0.250095
vn -0.383126 0.720210 -0.578371
vn -0.383079 0.777135 -0.499311
vn -0.195318 0.806321 -0.558298
vn 0.972322 0.176703 -0.152859
vn 0.924048 0.298065 -0.239359
vn 0.383130 0.698578 -0.604317
vn 0.195347 0.764679 -0.614089
vn 0.195347 0.764679 -0.614089
vn -0.972302 0.166124 -0.164412
vn -0.835965 0.372646 -0.402862
vn -0.382691 0.676178 -0.629549
vn -0.195345 0.741715 -0.641637
vn -0.195345 0.741715 -0.641638
vn 0.972302 0.161030 -0.169407
vn 0.763318 0.441740 -0.471394
vn 0.382691 0.676179 -0.629547
vn 0.383130 0.698578 -0.604317
vn 0.195095 0.717830 -0.668325
vn -0.970928 0.074626 -0.227444
vn -0.835965 0.372646 -0.402862
vn -0.785599 0.103060 -0.610093
vn -0.195094 0.653731 -0.731146
vn 0.970928 -0.047772 -0.234556
vn 0.785601 -0.031684 -0.617922
vn 0.972302 0.161030 -0.169407
vn 0.785601 -0.031684 -0.617922
vn -0.970928 0.074626 -0.227444
vn -0.785599 0.103060 -0.610093
vn -0.603746 -0.458932 -0.651823
vn -0.785599 0.103060 -0.610093
vn -0.290642 -0.090403 -0.952552
vn 0.210476 0.161591 -0.964152
vn 0.259558 -0.555963 -0.789642
vn 0.785601 -0.031684 -0.617922
vn 0.797168 -0.347578 -0.493672
vn 0.785601 -0.031684 -0.617922
vn 0.797168 -0.347578 -0.493672
vn 0.972364 0.108685 0.206631
vn 0.972309 0.131036 0.193506
vn 0.707517 0.390647 0.588910
vn 0.707925 0.320355 0.629456
vn 0.707925 0.320355 0.629456
vn -0.972364 0.099081 0.211403
vn -0.707922 0.308322 0.635440
vn -0.707513 0.382662 0.594134
vn -0.707513 0.382662 0.594134
vn 0.972363 0.079321 0.219585
vn 0.972364 0.108685 0.206631
vn 0.707925 0.320355 0.629456
vn 0.707925 0.320355 0.629456
vn 0.707923 0.231004 0.667445
vn 0.707925 0.320355 0.629456
vn 0.195489 0.290493 0.936695
vn -0.972363 0.069160 0.222995
vn -0.707923 0.218262 0.671719
vn -0.707922 0.308322 0.635440
vn -0.707922 0.308322 0.635440
vn -0.195491 0.333185 0.922372
vn 0.972308 0.051527 0.227951
vn 0.707515 0.149225 0.690763
vn 0.707923 0.231004 0.667445
vn 0.707515 0.149225 0.690763
vn -0.972308 0.044068 0.229509
vn -0.707513 0.139883 0.692718
vn -0.972363 0.069160 0.222995
vn -0.707923 0.218262 0.671719
vn -0.195491 0.333185 0.922372
vn 0.382695 0.846416 -0.370304
vn 0.383255 0.812675 -0.438947
vn 0.195419 0.881465 -0.429919
vn 0.975387 0.219098 -0.024809
vn 0.924099 0.343479 -0.167521
vn 0.764605 0.635828 0.105364
vn 0.603748 0.124731 0.787357
vn 0.195295 0.184928 0.963152
vn 0.707515 0.149225 0.690763
vn 0.603748 0.124731 0.787357
vn 0.707515 0.149225 0.690763
vn -0.978215 -0.182988 0.098036
vn -0.797165 0.094469 0.596325
vn -0.972308 0.044068 0.229509
vn -0.707513 0.139883 0.692718
vn -0.707513 0.139883 0.692718
vn -0.195292 0.549923 0.812063
vn -0.195292 0.549923 0.812063
vn -0.382693 0.846414 -0.370309
vn -0.195096 0.898552 -0.393118
vn -0.383253 0.830166 -0.404898
vn -0.986224 0.164363 -0.018613
vn -0.891744 0.452186 0.017877
vn -0.972342 0.209922 -0.102386
vn 0.837823 0.442476 0.319793
vn 0.975387 0.219098 -0.024809
vn 0.975387 0.219098 -0.024809
vn 0.264301 0.760755 0.592787
vn 0.837823 0.442476 0.319793
vn 0.161988 0.952275 0.258712
vn -0.891744 0.452186 0.017877
vn -0.323970 0.912975 0.248031
vn -0.662606 0.610694 0.433597
vn -0.185092 0.845893 0.500207
vn -0.185092 0.845893 0.500206
vn -0.323970 0.912975 0.248031
vn -0.928793 0.000000 0.370600
vn -0.520667 0.000001 0.853760
vn -0.779367 0.408249 -0.475310
vn -0.370596 0.000000 -0.928794
vn -0.779367 0.408249 -0.475310
vn 0.388090 0.666667 -0.636350
vn 0.928795 0.000000 -0.370594
vn 0.388090 0.666667 -0.636350
vn 0.853751 0.000000 0.520682
vn 0.928795 0.000000 -0.370594
vn 0.370588 0.000001 0.928797
vn 0.370603 0.000001 0.928791
vn -0.520667 0.000001 0.853760
vn 0.853747 0.000000 0.520688
vn -0.779367 0.408249 -0.475310
vn -0.037521 0.894427 0.445637
vn -0.075042 0.447214 0.891274
vn -0.037521 0.894427 0.445638
vn -0.075042 0.447214 0.891274
vn 0.000000 1.000000 0.000001
vn 0.000000 1.000000 0.000001
vn -0.083899 0.000000 0.996474
vn -0.083899 0.000002 0.996474
vn -0.075042 0.447214 0.891274
vn -0.075041 -0.447212 0.891274
vn -0.037521 -0.894426 0.445639
vn 0.853751 0.000000 0.520682
vn -0.520675 0.000000 0.853755
vn -0.928779 0.000000 0.370634
vn -0.083899 0.000000 0.996474
vn -0.083899 0.000000 0.996474
vn -0.083900 0.000000 0.996474
vn 0.370603 0.000001 0.928791
vn 0.996473 0.000000 0.083919
vn 0.996473 0.000000 0.083920
vn 0.000000 -1.000000 0.000003
vn -0.996479 -0.000000 -0.083845
vn -0.996479 0.000000 -0.083846
vn -0.894427 0.000000 0.447214
vn -0.447214 0.000000 0.894427
vn 0.000000 -0.000000 -1.000000
vn 0.000000 -0.000000 -1.000000
vn 0.447214 -0.000000 -0.894427
vn 0.894427 -0.000000 -0.447214
vn 0.894427 0.000000 0.447214
vn 0.447214 0.000000 0.894427
vn -0.447214 -0.000000 -0.894427
vn -0.894427 -0.000000 -0.447214
vn 0.447214 -0.000000 -0.894427
vn 0.894427 -0.000000 -0.447214
vn -0.894427 0.000000 0.447214
vn 0.000000 -0.000000 -1.000000
vn 0.000000 -0.000000 -1.000000
vn 1.000000 0.000000 0.000000
vn 1.000000 0.000000 0.000000
vn 0.894427 0.000000 0.447214
vn 0.447214 0.000000 0.894427
vn 0.447214 -0.000000 -0.894427
vn -0.894427 -0.000000 -0.447214
vn -0.447214 -0.000000 -0.894427
vn 0.894427 -0.000000 -0.447214
vn -1.000000 -0.000000 0.000000
vn -1.000000 -0.000000 0.000000
vn -0.894427 -0.000000 -0.447214
vn -0.447214 -0.000000 -0.894427
vn 0.000000 0.000000 1.000000
vn 0.894427 0.000000 0.447214
vn 0.447214 0.000000 0.894427
vn 0.000000 0.000000 1.000000
vn 0.000000 0.000000 1.000000
vn 1.000000 -0.000000 0.000000
vn 1.000000 -0.000000 0.000000
vn 0.447215 0.574926 0.685171
vn 0.782605 -0.167678 0.599511
vn -0.642340 0.206447 0.738091
vn 0.000000 0.642794 0.766039
vn -1.000000 -0.000002 0.000000
vn -1.000000 -0.000013 0.000000
vn -0.894427 -0.287468 -0.342583
vn -0.447214 -0.574926 -0.685171
vn 0.447215 -0.574925 -0.685171
vn 0.894428 -0.287461 -0.342586
vn 0.894427 -0.287463 0.342586
vn -0.447214 -0.574925 0.685172
vn -1.000000 0.000001 0.000000
vn -0.642340 0.206447 0.738091
vn -1.000000 0.000002 0.000000
vn 0.000000 0.642786 -0.766046
vn -0.386490 -0.248430 -0.888205
vn 0.782605 0.167680 -0.599511
vn 0.894427 0.287463 -0.342586
vn 0.782605 0.167680 -0.599511
vn 0.447215 0.574926 0.685171
vn 0.782605 -0.167680 0.599511
vn 0.000000 0.269365 0.963038
vn 0.000000 0.642794 0.766039
vn -1.000000 -0.000002 0.000000
vn -1.000000 -0.000013 0.000000
vn -0.894427 -0.287468 -0.342583
vn 0.447215 -0.574925 -0.685171
vn 0.782605 0.167680 -0.599511
vn 0.782605 0.167680 -0.599511
vn 0.447215 -0.574925 -0.685171
vn 0.894428 -0.287461 0.342586
vn 0.000000 -0.642786 0.766046
vn 0.782605 -0.167680 0.599511
vn 0.000000 0.269365 0.963038
vn -1.000000 -0.000002 0.000000
vn -1.000000 -0.000013 0.000000
vn -0.782605 -0.167682 -0.599510
vn -0.447213 0.574928 -0.685171
vn 0.782604 0.167682 -0.599511
vn 0.894427 0.287465 -0.342586
vn 0.782604 -0.167682 0.599511
vn 0.894428 -0.287461 0.342586
vn -0.447212 -0.574929 0.685170
vn -0.642341 0.206445 0.738091
vn -1.000000 -0.000002 0.000000
vn -1.000000 0.000008 0.000000
vn 0.000000 0.642786 -0.766046
vn -0.386490 -0.248430 -0.888205
vn 0.782604 0.167684 -0.599510
vn 0.894427 0.287465 -0.342586
vn 0.447215 0.574926 0.685171
vn 0.782605 -0.167678 0.599511
vn 0.000000 0.269364 0.963038
vn 0.000000 0.642794 0.766039
vn -1.000000 -0.000002 0.000000
vn -1.000000 -0.000013 0.000000
vn 0.447215 -0.574925 -0.685172
vn 0.782604 0.167684 -0.599510
vn 0.782604 0.167684 -0.599510
vn 0.447215 0.574926 0.685171
vn 0.894427 -0.287463 0.342586
vn 0.000000 -0.642786 0.766046
vn -0.782605 -0.167682 -0.599510
vn -0.447213 0.574926 -0.685172
vn 0.782605 0.167680 -0.599511
vn 0.894427 0.287463 -0.342586
vn 0.782605 0.167680 -0.599511
vn 0.447214 -0.574929 -0.685169
vn 0.782604 -0.167682 0.599511
vn 0.447214 0.574928 0.685170
vn -0.894428 -0.287465 -0.342583
vn -1.000000 0.000002 0.000000
vn -1.000000 -0.000013 0.000000
vn 0.447215 0.574927 0.685170
vn 0.782605 -0.167680 0.599511
vn -0.642341 0.206445 0.738091
vn 0.000000 0.642794 0.766039
vn -1.000000 -0.000002 0.000000
vn -1.000000 -0.000013 0.000000
vn -0.894427 -0.287468 -0.342583
vn -0.782605 -0.167682 -0.599510
vn 0.447215 -0.574925 -0.685171
vn 0.782605 0.167680 -0.599511
vn 0.447215 -0.574925 -0.685171
vn 0.894428 -0.287461 0.342586
vn -0.642341 0.206445 0.738091
vn -1.000000 -0.000002 0.000000
vn -1.000000 0.000008 0.000000
vn -0.386490 -0.248428 -0.888205
vn 0.782604 0.167682 -0.599511
vn 0.894427 0.287464 -0.342586
vn 0.447214 0.574929 0.685169
vn 0.782604 -0.167681 0.599511
vn 0.000000 0.269365 0.963038
vn -1.000000 0.000002 0.000000
vn -1.000000 -0.000013 0.000000
vn -0.894428 -0.287465 -0.342583
vn 0.447214 -0.574929 -0.685169
vn 0.782604 0.167682 -0.599511
vn 0.000000 -0.642785 0.766046
vn -1.000000 -0.000002 0.000000
vn -1.000000 -0.000013 0.000000
vn -0.782605 -0.167683 -0.599510
vn -0.447213 0.574928 -0.685170
vn 0.782604 0.167684 -0.599510
vn 0.782605 -0.167679 0.599511
vn 0.894427 -0.287463 0.342586
vn -0.447214 -0.574926 0.685171
vn -0.642340 0.206446 0.738091
vn -1.000000 0.000001 0.000000
vn -1.000000 0.000002 0.000000
vn -0.386490 -0.248430 -0.888205
vn 0.782606 0.167679 -0.599510
vn 0.894427 0.287463 -0.342586
vn 0.782605 -0.167679 0.599511
vn 0.447214 0.574926 0.685171
vn 0.782605 -0.167680 0.599511
vn 0.000000 0.269364 0.963038
vn 0.000000 0.642793 0.766040
vn -1.000000 -0.000002 0.000000
vn -1.000000 -0.000013 0.000000
vn -0.894427 -0.287464 -0.342586
vn 0.447215 -0.574925 -0.685172
vn 0.782606 0.167679 -0.599510
vn 0.447214 0.574926 0.685171
vn 0.894428 -0.287461 0.342586
vn 0.000000 -0.642787 0.766045
vn -1.000000 -0.000002 0.000000
vn -1.000000 -0.000013 0.000000
vn -0.894428 0.287461 -0.342586
vn -0.447213 0.574929 -0.685170
vn 0.447214 0.574926 -0.685171
vn 0.894427 0.287465 -0.342585
vn 0.782605 -0.167679 0.599511
vn 0.447214 0.574926 0.685171
vn -0.894427 -0.287468 -0.342583
vn -1.000000 -0.000002 0.000000
vn -1.000000 -0.000013 0.000000
vn 0.782605 -0.167679 0.599511
vn -0.447213 0.574926 -0.685172
vn -0.782605 -0.167681 -0.599510
vn 0.642341 0.206443 -0.738092
vn 1.000000 -0.000001 0.000000
vn 0.894427 -0.287463 0.342586
vn 0.447213 -0.574926 0.685172
vn -0.894428 -0.287461 0.342586
vn -0.447213 0.574926 -0.685172
vn -0.894427 -0.287464 -0.342586
vn 0.447215 -0.574925 -0.685171
vn -0.782605 -0.167681 -0.599510
vn 0.642341 0.206443 -0.738092
vn 0.642341 0.206443 -0.738092
vn 1.000000 0.000002 0.000000
vn 1.000000 -0.000008 0.000000
vn 0.000000 0.642790 0.766042
vn 0.386490 -0.248428 0.888205
vn -0.782605 0.167682 0.599510
vn -0.894428 0.287462 0.342586
vn -0.447213 0.574926 -0.685171
vn -0.782605 -0.167683 -0.599510
vn 0.000000 0.269359 -0.963040
vn 1.000000 -0.000001 0.000000
vn 0.894427 -0.287463 0.342586
vn -0.782605 0.167682 0.599510
vn -0.894428 -0.287462 -0.342586
vn 0.000000 -0.642790 -0.766042
vn -0.782605 -0.167683 -0.599510
vn 1.000000 -0.000001 0.000000
vn 0.782606 -0.167680 0.599510
vn 0.447214 0.574929 0.685169
vn -0.782605 0.167683 0.599510
vn -0.894427 0.287464 0.342586
vn -0.782605 -0.167685 -0.599509
vn -0.894428 -0.287462 -0.342586
vn 0.447214 -0.574929 -0.685169
vn 0.642341 0.206441 -0.738092
vn 1.000000 -0.000001 0.000000
vn 1.000000 -0.000002 0.000000
vn 0.386490 -0.248428 0.888205
vn -0.782605 0.167686 0.599509
vn -0.894427 0.287464 0.342586
vn -0.447213 0.574926 -0.685172
vn -0.782605 -0.167681 -0.599510
vn 0.000000 0.269358 -0.963040
vn 1.000000 0.000002 0.000000
vn 0.894427 -0.287463 0.342586
vn -0.782605 0.167686 0.599509
vn -0.894427 -0.287464 -0.342586
vn 0.000000 -0.642790 -0.766043
vn 1.000000 0.000013 0.000000
vn 0.782606 -0.167680 0.599510
vn 0.447214 0.574926 0.685171
vn -0.782605 0.167682 0.599510
vn -0.894428 0.287461 0.342586
vn -0.782605 0.167682 0.599510
vn -0.447214 -0.574925 0.685172
vn -0.447214 0.574924 -0.685173
vn 0.894428 -0.287461 0.342586
vn 1.000000 0.000002 0.000000
vn 0.642341 0.206441 -0.738092
vn -0.447213 0.574927 -0.685171
vn -0.782605 -0.167683 -0.599510
vn 0.642341 0.206441 -0.738092
vn 1.000000 -0.000001 0.000000
vn 0.894427 -0.287464 0.342586
vn -0.782605 0.167682 0.599510
vn -0.447213 0.574927 -0.685171
vn -0.894428 -0.287461 -0.342586
vn 0.447214 -0.574929 -0.685169
vn 1.000000 -0.000001 0.000000
vn 0.642341 0.206441 -0.738092
vn 1.000000 -0.000002 0.000000
vn 0.000000 0.642790 0.766043
vn 0.386491 -0.248427 0.888206
vn -0.782605 0.167683 0.599509
vn -0.447214 0.574924 -0.685173
vn -0.782605 -0.167685 -0.599510
vn 0.000000 0.269359 -0.963040
vn -0.447214 -0.574926 0.685172
vn -0.782605 0.167683 0.599509
vn 0.000000 -0.642789 -0.766043
vn 0.000000 0.269359 -0.963040
vn 1.000000 -0.000001 0.000000
vn 0.782605 -0.167681 0.599510
vn 0.447214 0.574929 0.685169
vn -0.782605 0.167686 0.599509
vn -0.782605 -0.167682 -0.599510
vn -0.894427 -0.287465 -0.342586
vn 0.447215 -0.574926 -0.685171
vn 0.642341 0.206443 -0.738092
vn 1.000000 0.000002 0.000000
vn 1.000000 -0.000008 0.000000
vn 0.386490 -0.248428 0.888205
vn -0.782605 0.167682 0.599510
vn -0.894428 0.287462 0.342586
vn -0.447213 0.574926 -0.685172
vn -0.782605 -0.167683 -0.599510
vn 0.000000 0.269358 -0.963040
vn 1.000000 -0.000001 0.000000
vn 0.894427 -0.287463 0.342586
vn -0.447214 -0.574925 0.685172
vn -0.782605 0.167682 0.599510
vn -0.894428 -0.287462 -0.342586
vn 0.000000 -0.642790 -0.766042
vn 1.000000 -0.000001 0.000000
vn 0.894427 0.287466 0.342583
vn 0.447214 0.574929 0.685169
vn -0.447214 0.574930 0.685168
vn -0.894427 0.287465 0.342586
vn 0.894427 -0.287463 0.342586
vn 0.782605 -0.167681 0.599510
vn -0.782605 0.167686 0.599509
vn 1.000000 -0.000001 0.000000
vn 0.782605 -0.167681 0.599510
vn -0.782605 -0.167682 -0.599510
vn 0.685171 0.574927 -0.447214
vn 0.599510 -0.167683 -0.782605
vn 0.738092 0.206444 0.642340
vn 0.766044 0.642788 -0.000000
vn -0.000000 0.000000 1.000000
vn -0.000000 0.000000 1.000000
vn 0.685171 0.574927 -0.447214
vn 0.599510 -0.167683 -0.782605
vn 0.342586 -0.287463 -0.894427
vn 0.685171 -0.574927 0.447214
vn 0.000000 0.000000 1.000000
vn 0.000001 0.000000 1.000000
vn -0.766044 0.642788 -0.000001
vn -0.888205 -0.248431 0.386490
vn -0.599509 0.167683 -0.782605
vn -0.342586 0.287463 -0.894427
vn -0.599509 0.167683 -0.782605
vn 0.599510 -0.167683 -0.782605
vn 0.599510 -0.167683 -0.782605
vn 0.963039 0.269362 0.000000
vn 0.766045 0.642787 0.000000
vn -0.000000 0.000000 1.000000
vn -0.000000 0.000000 1.000000
vn -0.342586 -0.287463 0.894427
vn -0.685170 -0.574927 -0.447214
vn -0.685170 -0.574927 -0.447214
vn 0.685171 0.574927 -0.447214
vn 0.599510 -0.167682 -0.782605
vn 0.963039 0.269362 0.000000
vn -0.000000 0.000000 1.000000
vn 0.000000 0.000000 1.000000
vn -0.599510 -0.167683 0.782605
vn -0.685171 0.574927 0.447214
vn -0.599510 -0.167683 0.782605
vn -0.599510 0.167683 -0.782605
vn -0.342586 0.287463 -0.894427
vn -0.599510 0.167683 -0.782605
vn 0.342586 -0.287463 -0.894427
vn 0.685171 -0.574926 0.447214
vn 0.738092 0.206444 0.642340
vn -0.000000 0.000000 1.000000
vn -0.000000 0.000000 1.000000
vn 0.685171 0.574926 -0.447214
vn 0.599510 -0.167683 -0.782605
vn 0.963039 0.269362 0.000000
vn 0.766045 0.642787 0.000000
vn -0.000000 0.000000 1.000000
vn 0.000000 0.000000 1.000000
vn 0.685171 0.574926 -0.447214
vn 0.599510 -0.167683 -0.782605
vn 0.766044 -0.642788 0.000000
vn 0.599510 -0.167683 -0.782605
vn 0.963039 0.269362 0.000000
vn -0.000000 0.000000 1.000000
vn 0.000000 0.000000 1.000000
vn -0.599510 -0.167683 0.782605
vn -0.685171 0.574927 0.447214
vn -0.599510 -0.167683 0.782605
vn -0.599510 0.167683 -0.782605
vn -0.342585 0.287463 -0.894427
vn -0.599510 0.167683 -0.782605
vn 0.599510 -0.167683 -0.782605
vn -0.685171 -0.574927 -0.447214
vn 0.599510 -0.167683 -0.782605
vn 0.685171 0.574926 -0.447214
vn -0.342586 -0.287463 0.894427
vn -0.599510 0.167683 -0.782605
vn 0.000000 0.000000 1.000000
vn 0.000000 0.000000 1.000000
vn 0.738092 0.206444 0.642340
vn 0.766045 0.642787 0.000000
vn 0.599510 -0.167683 -0.782605
vn 0.738092 0.206444 0.642340
vn 0.766045 0.642787 0.000000
vn -0.000000 0.000000 1.000000
vn -0.342586 -0.287463 0.894427
vn -0.342586 -0.287463 0.894427
vn -0.685171 -0.574927 -0.447214
vn -0.599510 0.167683 -0.782605
vn 0.599510 -0.167683 -0.782605
vn 0.342586 -0.287463 -0.894427
vn 0.000000 0.000000 1.000000
vn 0.000000 0.000000 1.000000
vn -0.766044 0.642788 0.000000
vn -0.888205 -0.248431 0.386490
vn -0.599510 0.167683 -0.782605
vn -0.342586 0.287463 -0.894427
vn -0.599510 0.167683 -0.782605
vn 0.599510 -0.167683 -0.782605
vn 0.685171 0.574926 -0.447214
vn 0.599510 -0.167682 -0.782605
vn 0.963039 0.269362 0.000000
vn 0.000000 0.000000 1.000000
vn -0.000000 0.000000 1.000000
vn -0.342586 -0.287463 0.894427
vn -0.342586 -0.287463 0.894427
vn -0.599510 0.167683 -0.782605
vn -0.599510 0.167683 -0.782605
vn 0.685171 0.574926 -0.447214
vn 0.599510 -0.167682 -0.782605
vn 0.342586 -0.287463 -0.894427
vn 0.766045 -0.642787 0.000000
vn -0.000000 0.000000 1.000000
vn 0.000000 0.000000 1.000000
vn 0.599510 -0.167684 -0.782605
vn 0.342585 -0.287464 -0.894427
vn 0.685171 -0.574927 0.447214
vn 0.738092 0.206444 0.642340
vn 0.000000 0.000000 1.000000
vn 0.000000 0.000000 1.000000
vn -0.766043 0.642790 0.000000
vn -0.888205 -0.248430 0.386490
vn -0.599509 0.167684 -0.782605
vn -0.342585 0.287464 -0.894427
vn -0.599509 0.167684 -0.782605
vn 0.599510 -0.167684 -0.782605
vn 0.599510 -0.167683 -0.782605
vn 0.963039 0.269361 0.000000
vn 0.766046 0.642786 0.000000
vn -0.000000 0.000000 1.000000
vn 0.000000 0.000000 1.000000
vn -0.342586 -0.287463 0.894427
vn 0.599510 -0.167683 -0.782605
vn 0.342586 -0.287463 -0.894427
vn 0.766044 -0.642788 0.000000
vn 0.000000 0.000000 1.000000
vn 0.000000 0.000000 1.000000
vn -0.342585 0.287464 0.894427
vn -0.685170 0.574927 0.447214
vn -0.342585 0.287464 0.894427
vn -0.685170 0.574927 -0.447214
vn -0.342586 0.287463 -0.894427
vn -0.685170 0.574927 -0.447214
vn 0.599510 -0.167683 -0.782605
vn 0.685172 0.574926 -0.447214
vn 0.000000 0.000000 1.000000
vn 0.000000 0.000000 1.000000
vn 0.599510 -0.167684 -0.782605
vn 0.000000 -0.000000 -1.000000
vn -0.000000 -0.000000 -1.000000
vn 0.342586 -0.287463 -0.894427
vn 0.685171 -0.574927 -0.447213
vn 0.685171 -0.574927 0.447214
vn -0.000000 -0.000000 -1.000000
vn 0.000000 -0.000000 -1.000000
vn -0.685171 0.574926 0.447214
vn -0.599510 -0.167683 0.782604
vn -0.963039 0.269362 0.000000
vn -0.000000 -0.000000 -1.000000
vn -0.000000 -0.000000 -1.000000
vn -0.685171 0.574926 0.447214
vn -0.599510 -0.167683 0.782605
vn -0.342586 -0.287463 0.894427
vn -0.766045 -0.642787 0.000000
vn -0.963039 0.269362 0.000000
vn 0.000000 -0.000000 -1.000000
vn 0.000000 -0.000000 -1.000000
vn 0.685171 0.574927 -0.447214
vn -0.599510 -0.167683 0.782605
vn -0.599510 -0.167683 0.782605
vn -0.685171 -0.574927 -0.447214
vn -0.738092 0.206444 -0.642340
vn -0.000000 -0.000000 -1.000000
vn -0.000000 -0.000000 -1.000000
vn 0.766044 0.642788 0.000000
vn 0.888205 -0.248431 -0.386490
vn 0.599509 0.167683 0.782605
vn 0.342585 0.287464 0.894427
vn -0.000000 -0.000000 -1.000000
vn 0.888205 -0.248431 -0.386490
vn 0.685171 -0.574927 0.447214
vn 0.599509 0.167683 0.782605
vn 0.599510 0.167683 0.782605
vn -0.000000 -0.000000 -1.000000
vn 0.000000 -0.000000 -1.000000
vn -0.685171 0.574926 0.447214
vn 0.000000 -0.000000 -1.000000
vn 0.000000 -0.000000 -1.000000
vn -0.738092 0.206444 -0.642340
vn -0.685171 0.574927 0.447214
vn -0.599510 -0.167683 0.782605
vn -0.738092 0.206444 -0.642340
vn -0.000000 -0.000000 -1.000000
vn -0.599510 -0.167683 0.782605
vn -0.685171 -0.574926 -0.447214
vn -0.738092 0.206444 -0.642340
vn -0.685171 -0.574926 -0.447214
vn 0.000000 -0.000000 -1.000000
vn 0.000000 -0.000000 -1.000000
vn -0.685171 0.574927 0.447214
vn -0.599510 -0.167682 0.782605
vn -0.963039 0.269362 0.000000
vn 0.000000 -0.000000 -1.000000
vn 0.000000 -0.000000 -1.000000
vn -0.766045 -0.642787 0.000000
vn 0.000000 -0.000000 -1.000000
vn 0.000001 -0.000000 -1.000000
vn 0.599510 -0.167683 -0.782605
vn 0.685171 0.574927 -0.447214
vn 0.599510 -0.167683 -0.782605
vn 0.599510 0.167683 0.782605
vn 0.599510 0.167683 0.782605
vn -0.599510 -0.167682 0.782605
vn -0.685170 -0.574928 -0.447214
vn -0.000000 -0.000000 -1.000000
vn -0.000000 -0.000000 -1.000000
vn 0.888205 -0.248430 -0.386490
vn -0.685172 0.574926 0.447214
vn -0.599510 -0.167683 0.782605
vn -0.963039 0.269361 0.000000
vn 0.000000 -0.000000 -1.000000
vn 0.000000 -0.000000 -1.000000
vn 0.342585 -0.287464 -0.894427
vn 0.888205 -0.248430 -0.386490
vn 0.685171 -0.574926 0.447213
vn -0.685172 0.574926 0.447214
vn -0.599510 -0.167683 0.782605
vn -0.342585 -0.287464 0.894427
vn -0.963039 0.269361 0.000000
vn 0.000000 -0.000000 -1.000000
vn 0.000000 -0.000000 -1.000000
vn 0.685171 0.574927 -0.447214
vn 0.685171 -0.574927 0.447214
vn -0.685171 0.574926 0.447214
vn 0.599510 0.167683 0.782605
vn -0.000000 -0.000000 -1.000000
vn 0.000000 -0.000000 -1.000000
vn -0.894427 0.000000 0.447214
vn -0.447214 0.000000 0.894427
vn -1.000000 0.000000 0.000000
vn -1.000000 -0.000000 0.000000
vn 0.000000 -0.000000 -1.000000
vn 0.447214 -0.000000 -0.894427
vn 0.894427 -0.000000 -0.447214
vn 0.894427 0.000000 0.447214
vn 0.447214 0.000000 0.894427
vn -0.447214 -0.000000 -0.894427
vn -0.894427 -0.000000 -0.447214
vn 0.447214 -0.000000 -0.894427
vn 0.894427 -0.000000 -0.447214
vn -0.894427 0.000000 0.447214
vn -0.447214 0.000000 0.894427
vn -0.894427 -0.000000 -0.447214
vn -0.447214 -0.000000 -0.894427
vn 0.000000 -0.000000 -1.000000
vn 0.000000 -0.000000 -1.000000
vn 0.894427 0.000000 0.447214
vn 0.447214 0.000000 0.894427
vn -0.894427 -0.000000 -0.447214
vn -0.447214 -0.000000 -0.894427
vn 0.894427 -0.000000 -0.447214
vn -1.000000 0.000000 0.000000
vn -0.447214 -0.000000 -0.894427
vn 0.000000 0.000000 1.000000
vn 0.894427 0.000000 0.447214
vn 0.447214 0.000000 0.894427
vn -0.894427 0.000000 0.447214
vn -0.447214 0.000000 0.894427
vn -0.447214 -0.000000 -0.894427
vn 0.000000 0.000000 1.000000
vn -0.894427 0.000000 0.447214
vn 0.447215 0.574926 0.685171
vn 0.782606 -0.167681 0.599508
vn -0.642340 0.206444 0.738092
vn 0.000000 0.642782 0.766049
vn -1.000000 0.000004 0.000000
vn -0.894428 -0.287461 -0.342585
vn -0.447215 -0.574926 -0.685171
vn 0.447214 -0.574929 -0.685169
vn 0.894426 -0.287467 -0.342584
vn 0.447215 0.574926 0.685171
vn 0.894428 -0.287464 0.342582
vn -0.447214 -0.574929 0.685170
vn -0.642340 0.206444 0.738092
vn -1.000000 -0.000005 0.000000
vn -1.000000 -0.000010 0.000000
vn -0.386490 -0.248431 -0.888205
vn 0.782605 0.167683 -0.599509
vn 0.894426 0.287468 -0.342584
vn 0.447214 0.574928 0.685170
vn 0.782605 -0.167685 0.599509
vn 0.000000 0.269363 0.963039
vn 0.000000 0.642790 0.766043
vn -1.000000 0.000002 0.000000
vn -0.894428 -0.287463 -0.342585
vn 0.447214 -0.574928 -0.685170
vn 0.782605 0.167683 -0.599509
vn 0.447214 0.574928 0.685170
vn 0.894427 -0.287465 0.342585
vn -1.000000 0.000002 0.000000
vn -1.000000 0.000013 0.000000
vn -0.782606 -0.167682 -0.599509
vn -0.447215 0.574926 -0.685171
vn -0.782606 -0.167682 -0.599509
vn 0.782606 0.167684 -0.599508
vn 0.894428 0.287463 -0.342585
vn 0.782606 -0.167680 0.599510
vn 0.894428 -0.287462 0.342585
vn -0.642341 0.206444 0.738091
vn -1.000000 -0.000002 0.000000
vn -1.000000 -0.000005 0.000000
vn -0.386491 -0.248429 -0.888205
vn 0.782606 0.167682 -0.599509
vn 0.894427 0.287466 -0.342584
vn 0.782606 -0.167684 0.599508
vn 0.000000 0.269363 0.963039
vn -1.000000 0.000004 0.000000
vn 0.782606 0.167682 -0.599509
vn 0.894427 -0.287465 0.342585
vn 0.000000 -0.642789 0.766043
vn 0.000000 0.269363 0.963039
vn -1.000000 0.000002 0.000000
vn -1.000000 0.000013 0.000000
vn -0.782606 -0.167682 -0.599509
vn -0.447215 0.574926 -0.685171
vn -0.782606 -0.167682 -0.599509
vn 0.782606 0.167685 -0.599508
vn 0.894428 0.287463 -0.342585
vn 0.447215 -0.574925 -0.685172
vn 0.782606 -0.167680 0.599510
vn 0.782606 0.167684 -0.599508
vn 0.447214 0.574928 0.685170
vn -0.894426 -0.287465 -0.342587
vn -1.000000 -0.000005 0.000000
vn 0.447214 0.574928 0.685170
vn 0.782606 -0.167680 0.599509
vn -0.642341 0.206444 0.738091
vn -1.000000 -0.000005 0.000000
vn -1.000000 -0.000013 0.000000
vn -0.894426 -0.287465 -0.342587
vn -0.894426 -0.287465 -0.342587
vn 0.782606 0.167685 -0.599508
vn 0.782606 0.167685 -0.599508
vn 0.782606 -0.167680 0.599509
vn -1.000000 -0.000002 0.000000
vn -0.386491 -0.248429 -0.888205
vn 0.782606 0.167681 -0.599509
vn 0.447214 0.574927 0.685171
vn 0.782606 -0.167681 0.599509
vn 0.000000 0.269366 0.963038
vn 0.000000 0.642783 0.766048
vn -0.894428 -0.287461 -0.342585
vn 0.782606 0.167681 -0.599509
vn 0.894428 -0.287463 0.342583
vn 0.000000 -0.642789 0.766043
vn 0.782606 -0.167681 0.599509
vn 0.000000 0.269366 0.963038
vn -1.000000 -0.000005 0.000000
vn -0.782605 -0.167683 -0.599509
vn 0.782606 0.167682 -0.599509
vn 0.782606 -0.167685 0.599508
vn 0.894427 -0.287466 0.342585
vn -0.447215 -0.574925 0.685171
vn -0.642341 0.206446 0.738091
vn -0.447215 -0.574925 0.685171
vn -1.000000 0.000002 0.000000
vn -1.000000 -0.000010 0.000000
vn 0.000000 0.642790 -0.766042
vn -0.386490 -0.248430 -0.888205
vn 0.782606 0.167685 -0.599508
vn 0.894428 0.287464 -0.342584
vn 0.447214 0.574927 0.685171
vn 0.782606 -0.167680 0.599509
vn 0.000000 0.269362 0.963039
vn 0.000000 0.642789 0.766043
vn -1.000000 -0.000005 0.000000
vn -0.894426 -0.287464 -0.342587
vn -0.894426 -0.287464 -0.342587
vn 0.447215 -0.574924 -0.685172
vn -0.386490 -0.248430 -0.888205
vn 0.782606 0.167685 -0.599508
vn 0.447215 -0.574924 -0.685172
vn 0.782606 -0.167680 0.599509
vn -1.000000 -0.000002 0.000000
vn -0.894428 0.287463 -0.342585
vn -0.447214 0.574927 -0.685170
vn 0.447214 0.574929 -0.685169
vn 0.894427 0.287466 -0.342585
vn 0.447214 -0.574928 -0.685170
vn 0.782606 0.167682 -0.599509
vn 0.782606 -0.167685 0.599508
vn 0.447215 0.574926 0.685171
vn 0.782606 0.167682 -0.599509
vn -1.000000 0.000004 0.000000
vn -0.782605 -0.167683 -0.599509
vn -0.642341 0.206446 0.738091
vn -0.447213 0.574927 -0.685171
vn -0.782605 -0.167682 -0.599510
vn 0.642339 0.206446 -0.738092
vn 1.000000 -0.000002 0.000000
vn 0.894427 -0.287464 0.342586
vn 0.447213 -0.574926 0.685172
vn -0.894428 -0.287461 0.342586
vn -0.894428 -0.287464 -0.342583
vn 0.447215 -0.574925 -0.685171
vn 0.642340 0.206446 -0.738092
vn 0.447215 -0.574925 -0.685171
vn 1.000000 0.000005 0.000000
vn 0.642339 0.206446 -0.738092
vn 1.000000 -0.000003 0.000000
vn 0.000000 0.642786 0.766045
vn 0.386489 -0.248433 0.888205
vn -0.782605 0.167682 0.599511
vn -0.894427 0.287465 0.342586
vn -0.447214 0.574925 -0.685172
vn -0.782604 -0.167684 -0.599510
vn 0.000000 0.269361 -0.963039
vn 1.000000 0.000002 0.000000
vn 1.000000 0.000013 0.000000
vn -0.447214 -0.574925 0.685172
vn -0.782605 0.167682 0.599511
vn -0.894427 -0.287464 -0.342586
vn 1.000000 -0.000004 0.000000
vn 0.782604 -0.167685 0.599510
vn 0.447215 0.574927 0.685170
vn -0.782605 0.167686 0.599509
vn -0.894428 0.287465 0.342583
vn -0.782605 -0.167682 -0.599510
vn -0.894428 -0.287464 -0.342583
vn 0.447215 -0.574925 -0.685171
vn 0.447215 -0.574925 -0.685171
vn 1.000000 0.000005 0.000000
vn 1.000000 -0.000003 0.000000
vn 0.000000 0.642786 0.766046
vn 0.386489 -0.248433 0.888205
vn -0.782605 0.167682 0.599511
vn -0.894427 0.287465 0.342586
vn -0.447214 0.574928 -0.685170
vn -0.782606 -0.167682 -0.599509
vn 0.000000 0.269364 -0.963038
vn 1.000000 -0.000004 0.000000
vn 1.000000 0.000003 0.000000
vn 0.894426 -0.287466 0.342586
vn -0.782605 0.167682 0.599511
vn -0.894428 -0.287464 -0.342584
vn 0.000000 -0.642790 -0.766043
vn 1.000000 0.000013 0.000000
vn 0.782604 -0.167682 0.599511
vn 0.447214 0.574925 0.685172
vn 0.782604 -0.167682 0.599511
vn -0.782605 0.167682 0.599510
vn -0.894427 0.287464 0.342586
vn -0.447214 -0.574925 0.685172
vn -0.447213 0.574927 -0.685171
vn 0.894427 -0.287464 0.342586
vn 1.000000 -0.000002 0.000000
vn -0.782605 -0.167682 -0.599510
vn 0.642340 0.206446 -0.738092
vn -0.447214 0.574925 -0.685172
vn -0.782604 -0.167684 -0.599510
vn 0.642340 0.206441 -0.738093
vn 1.000000 0.000002 0.000000
vn 1.000000 0.000013 0.000000
vn -0.447215 -0.574925 0.685172
vn -0.894427 -0.287464 -0.342586
vn 0.447214 -0.574925 -0.685172
vn 1.000000 -0.000004 0.000000
vn 1.000000 -0.000008 0.000000
vn 0.386489 -0.248431 0.888205
vn -0.782605 0.167686 0.599509
vn -0.894428 0.287465 0.342584
vn -0.447213 0.574927 -0.685171
vn -0.782605 -0.167682 -0.599510
vn 0.000000 0.269361 -0.963039
vn 1.000000 -0.000002 0.000000
vn -0.782605 0.167686 0.599509
vn 1.000000 0.000005 0.000000
vn 0.782604 -0.167681 0.599511
vn 0.447214 0.574925 0.685172
vn 0.782604 -0.167681 0.599511
vn -0.782604 0.167682 0.599511
vn -0.894427 0.287465 0.342586
vn -0.782604 -0.167684 -0.599510
vn -0.894427 -0.287464 -0.342586
vn 0.447214 -0.574926 -0.685172
vn 0.642340 0.206440 -0.738093
vn 1.000000 -0.000004 0.000000
vn 1.000000 -0.000008 0.000000
vn 0.000000 0.642791 0.766042
vn 0.386489 -0.248430 0.888205
vn -0.782605 0.167686 0.599509
vn -0.894428 0.287465 0.342583
vn -0.782604 -0.167684 -0.599510
vn -0.447213 0.574926 -0.685172
vn -0.782604 -0.167684 -0.599510
vn 0.000000 0.269360 -0.963039
vn 0.000000 0.642785 -0.766047
vn 1.000000 -0.000002 0.000000
vn -0.894428 -0.287461 -0.342586
vn 0.000000 -0.642787 -0.766045
vn 1.000000 -0.000002 0.000000
vn 0.894428 0.287462 0.342586
vn -0.447212 0.574930 0.685170
vn -0.447212 0.574930 0.685170
vn -0.447214 0.574924 -0.685173
vn 0.894428 -0.287460 0.342587
vn -0.782604 0.167682 0.599511
vn 1.000000 0.000002 0.000000
vn 0.685171 0.574927 -0.447214
vn 0.599507 -0.167684 -0.782607
vn 0.738092 0.206443 0.642341
vn 0.766043 0.642789 0.000000
vn -0.000003 0.000000 1.000000
vn 0.000013 0.000000 1.000000
vn -0.342588 -0.287463 0.894426
vn -0.685175 -0.574924 0.447211
vn -0.342585 -0.287465 -0.894427
vn 0.342586 -0.287462 -0.894427
vn 0.685176 -0.574923 0.447210
vn 0.599507 -0.167684 -0.782607
vn 0.738092 0.206443 0.642341
vn 0.685176 -0.574923 0.447210
vn 0.000003 0.000001 1.000000
vn -0.000020 0.000001 1.000000
vn -0.766044 0.642788 0.000000
vn -0.888205 -0.248431 0.386490
vn -0.599508 0.167681 -0.782607
vn -0.342586 0.287463 -0.894427
vn 0.599507 -0.167684 -0.782607
vn 0.685170 0.574928 -0.447214
vn 0.599508 -0.167683 -0.782606
vn 0.963038 0.269365 0.000000
vn 0.766044 0.642788 0.000000
vn 0.000006 0.000000 1.000000
vn 0.000013 0.000000 1.000000
vn -0.342581 -0.287463 0.894429
vn -0.685170 -0.574928 -0.447214
vn -0.599508 0.167681 -0.782607
vn 0.685170 0.574927 -0.447214
vn 0.599508 -0.167683 -0.782606
vn 0.342583 -0.287464 -0.894428
vn 0.766045 -0.642787 0.000000
vn 0.963038 0.269365 0.000000
vn -0.000002 0.000000 1.000000
vn -0.599512 -0.167682 0.782603
vn -0.685172 0.574926 0.447213
vn -0.599509 0.167683 -0.782605
vn -0.342588 0.287463 -0.894426
vn 0.599511 -0.167684 -0.782604
vn 0.342580 -0.287466 -0.894428
vn 0.685169 -0.574929 0.447214
vn 0.738092 0.206444 0.642340
vn -0.000001 0.000000 1.000000
vn -0.000002 0.000000 1.000000
vn -0.766042 0.642790 0.000000
vn -0.888205 -0.248430 0.386489
vn -0.599510 0.167684 -0.782604
vn -0.342587 0.287465 -0.894426
vn -0.599510 0.167684 -0.782604
vn 0.685172 0.574926 -0.447213
vn 0.599511 -0.167681 -0.782605
vn 0.963039 0.269364 0.000000
vn 0.766045 0.642787 0.000000
vn -0.000004 0.000001 1.000000
vn 0.000000 0.000001 1.000000
vn -0.342588 -0.287463 0.894426
vn -0.888205 -0.248431 0.386489
vn -0.685170 -0.574927 -0.447214
vn -0.599510 0.167684 -0.782604
vn 0.342584 -0.287464 -0.894428
vn 0.766046 -0.642785 0.000000
vn -0.000003 0.000000 1.000000
vn -0.599510 -0.167683 0.782605
vn -0.685173 0.574922 0.447217
vn -0.599515 0.167680 -0.782601
vn -0.342589 0.287461 -0.894427
vn 0.599511 -0.167681 -0.782605
vn 0.685173 0.574925 -0.447213
vn -0.342584 -0.287463 0.894428
vn -0.599509 0.167683 -0.782605
vn 0.000002 0.000000 1.000000
vn 0.000013 0.000000 1.000000
vn 0.685172 0.574925 -0.447213
vn 0.599506 -0.167683 -0.782608
vn 0.738093 0.206444 0.642339
vn -0.000002 0.000000 1.000000
vn -0.342588 -0.287463 0.894427
vn -0.685176 -0.574924 -0.447210
vn -0.599515 0.167680 -0.782601
vn 0.599506 -0.167684 -0.782608
vn 0.342584 -0.287464 -0.894428
vn 0.685171 -0.574926 0.447214
vn 0.000004 0.000000 1.000000
vn 0.000008 0.000000 1.000000
vn -0.766045 0.642787 0.000000
vn -0.888204 -0.248429 0.386493
vn -0.599508 0.167683 -0.782606
vn -0.342588 0.287463 -0.894427
vn 0.685172 0.574927 -0.447212
vn 0.599514 -0.167682 -0.782602
vn 0.963038 0.269364 0.000000
vn 0.766039 0.642794 0.000000
vn 0.000004 0.000000 1.000000
vn 0.000013 0.000000 1.000000
vn -0.342581 -0.287462 0.894429
vn -0.685173 -0.574928 -0.447209
vn 0.685172 0.574927 -0.447212
vn 0.599514 -0.167682 -0.782602
vn 0.342585 -0.287462 -0.894428
vn 0.766046 -0.642786 0.000000
vn -0.000009 0.000001 1.000000
vn 0.000000 0.000001 1.000000
vn -0.599512 -0.167682 0.782604
vn -0.685174 0.574925 0.447211
vn -0.599512 -0.167682 0.782604
vn -0.599511 0.167682 -0.782604
vn 0.599510 -0.167684 -0.782604
vn 0.342583 -0.287466 -0.894427
vn 0.738092 0.206445 0.642340
vn 0.000002 0.000000 1.000000
vn 0.000004 0.000000 1.000000
vn -0.766042 0.642790 0.000000
vn -0.888205 -0.248429 0.386491
vn -0.599511 0.167684 -0.782604
vn -0.342586 0.287463 -0.894427
vn 0.685175 0.574923 -0.447211
vn 0.599508 -0.167685 -0.782606
vn 0.963039 0.269362 0.000000
vn -0.000004 0.000000 1.000000
vn -0.000013 0.000000 1.000000
vn -0.342589 -0.287463 0.894426
vn -0.685177 -0.574922 -0.447210
vn 0.599508 -0.167685 -0.782606
vn 0.766042 -0.642790 0.000000
vn -0.000004 0.000000 1.000000
vn -0.342589 0.287463 0.894426
vn -0.685171 0.574928 0.447212
vn -0.685169 0.574929 -0.447214
vn -0.342584 0.287466 -0.894427
vn -0.599511 0.167682 -0.782604
vn -0.685170 -0.574928 -0.447214
vn 0.599510 -0.167684 -0.782604
vn 0.685171 0.574927 -0.447213
vn -0.342584 -0.287463 0.894428
vn -0.599511 0.167682 -0.782604
vn 0.000003 0.000000 1.000000
vn 0.766042 0.642790 0.000000
vn -0.685168 0.574930 0.447214
vn -0.599511 -0.167682 0.782604
vn -0.738089 0.206448 -0.642343
vn -0.766038 0.642795 0.000000
vn -0.000000 0.000000 -1.000000
vn -0.000013 0.000000 -1.000000
vn 0.342583 -0.287466 -0.894427
vn 0.685172 -0.574927 -0.447212
vn 0.685169 -0.574929 0.447214
vn 0.342586 -0.287463 0.894427
vn -0.342587 -0.287463 0.894427
vn -0.685172 -0.574926 -0.447214
vn 0.000007 0.000000 -1.000000
vn -0.738089 0.206448 -0.642343
vn 0.000013 0.000000 -1.000000
vn 0.766043 0.642790 -0.000001
vn 0.888204 -0.248432 -0.386490
vn 0.599509 0.167685 0.782605
vn 0.342582 0.287465 0.894428
vn -0.685172 0.574927 0.447211
vn -0.599509 -0.167681 0.782606
vn -0.963039 0.269363 0.000000
vn -0.766042 0.642790 0.000000
vn -0.000003 -0.000001 -1.000000
vn 0.000000 -0.000001 -1.000000
vn 0.342584 -0.287464 -0.894428
vn 0.685173 -0.574924 0.447213
vn 0.599509 0.167685 0.782605
vn -0.685172 0.574927 0.447211
vn -0.342582 -0.287464 0.894428
vn -0.766045 -0.642787 0.000000
vn -0.000006 0.000000 -1.000000
vn 0.599507 -0.167683 -0.782607
vn 0.685172 0.574926 -0.447213
vn 0.599509 0.167683 0.782605
vn 0.342590 0.287463 0.894426
vn -0.599511 -0.167683 0.782604
vn -0.342585 -0.287463 0.894427
vn -0.738093 0.206444 -0.642339
vn -0.000002 0.000000 -1.000000
vn -0.000004 0.000000 -1.000000
vn 0.766045 0.642787 0.000000
vn 0.888205 -0.248431 -0.386490
vn 0.342586 0.287463 0.894427
vn -0.685172 0.574925 0.447213
vn -0.599512 -0.167682 0.782603
vn -0.963039 0.269362 0.000000
vn -0.766044 0.642788 0.000000
vn -0.000002 0.000000 -1.000000
vn 0.342584 -0.287463 -0.894428
vn -0.342589 -0.287463 0.894426
vn 0.000002 -0.000001 -1.000000
vn 0.000013 -0.000001 -1.000000
vn 0.599512 -0.167683 -0.782603
vn 0.685170 0.574928 -0.447215
vn 0.599512 -0.167683 -0.782603
vn 0.599509 0.167683 0.782605
vn 0.342583 0.287464 0.894428
vn 0.599509 0.167683 0.782605
vn -0.000002 0.000000 -1.000000
vn -0.738093 0.206444 -0.642340
vn -0.685172 0.574926 0.447213
vn -0.599512 -0.167683 0.782604
vn -0.738092 0.206445 -0.642340
vn -0.766043 0.642790 0.000000
vn 0.000003 0.000000 -1.000000
vn 0.342588 -0.287463 -0.894426
vn 0.599509 0.167683 0.782605
vn -0.342586 -0.287463 0.894427
vn -0.000000 0.000000 -1.000000
vn -0.000001 0.000000 -1.000000
vn 0.888205 -0.248430 -0.386489
vn 0.599510 0.167683 0.782605
vn 0.342585 0.287463 0.894427
vn -0.685172 0.574926 0.447213
vn -0.599510 -0.167683 0.782605
vn 0.000003 0.000000 -1.000000
vn 0.599510 0.167683 0.782605
vn -0.342585 -0.287463 0.894427
vn 0.000004 0.000000 -1.000000
vn 0.599510 -0.167683 -0.782605
vn 0.685171 0.574928 -0.447213
vn 0.599511 0.167684 0.782604
vn 0.342584 0.287466 0.894427
vn -0.599508 -0.167683 0.782606
vn -0.738091 0.206444 -0.642341
vn 0.000003 0.000000 -1.000000
vn 0.000006 0.000000 -1.000000
vn 0.766042 0.642790 0.000000
vn 0.888209 -0.248429 -0.386481
vn 0.599511 0.167684 0.782604
vn -0.685169 0.574928 0.447215
vn -0.599508 -0.167683 0.782606
vn -0.000003 0.000000 -1.000000
vn -0.000013 0.000000 -1.000000
vn 0.342587 -0.287466 -0.894426
vn 0.342587 -0.287466 -0.894426
vn 0.685168 -0.574923 0.447223
vn 0.599511 0.167684 0.782604
vn -0.685169 0.574928 0.447215
vn -0.599508 -0.167683 0.782606
vn 0.000003 0.000000 -1.000000
vn 0.000013 0.000000 -1.000000
vn 0.342588 0.287463 -0.894426
vn 0.685170 0.574927 -0.447214
vn 0.685171 0.574926 0.447214
vn 0.685174 -0.574924 0.447212
vn -0.599508 -0.167683 0.782606
vn -0.685171 0.574926 0.447213
vn 0.342583 -0.287464 -0.894428
vn 0.599511 0.167684 0.782604
vn -0.000004 -0.000001 -1.000000
vn 0.000000 -0.000001 -1.000000
vn -0.599508 -0.167683 0.782606
vn 0.574927 0.685171 0.447213
vn -0.167681 0.599511 0.782604
vn 0.206438 0.738094 -0.642340
vn 0.642785 0.766047 0.000000
vn 0.000003 0.000000 -1.000000
vn -0.287464 -0.342583 -0.894428
vn -0.167685 -0.599508 -0.782606
vn -0.574928 -0.685170 0.447214
vn 0.167687 -0.599509 0.782604
vn 0.574927 0.685171 0.447213
vn 0.287464 -0.342583 0.894428
vn 0.167683 -0.599513 0.782602
vn -0.287469 0.342590 0.894424
vn -0.167679 0.599515 0.782601
vn 0.574924 -0.685166 -0.447225
vn -0.167687 -0.599505 -0.782608
vn 0.287464 -0.342583 0.894428
vn -0.000008 0.000000 -1.000000
vn -0.000013 0.000000 -1.000000
vn -0.287469 0.342590 0.894424
vn -0.642785 0.766046 -0.000016
vn 0.269359 0.963040 0.000000
vn 0.167688 -0.599509 0.782604
vn -0.574928 -0.685170 0.447214
vn 0.574926 0.685172 0.447212
vn -0.248427 -0.888205 -0.386491
vn -0.287463 -0.342584 -0.894428
vn 0.000003 0.000000 -1.000000
vn -0.167680 0.599515 0.782601
vn 0.642784 0.766047 0.000000
vn 0.287460 -0.342586 0.894428
vn -0.287465 0.342586 0.894426
vn 0.642790 -0.766042 0.000000
vn 0.206438 0.738094 -0.642340
vn -0.574928 0.685171 -0.447212
vn -0.000008 0.000000 -1.000000
vn -0.000003 0.000000 -1.000000
vn 0.206438 0.738094 -0.642340
vn 0.287459 -0.342587 0.894428
vn -0.287465 0.342586 0.894426
vn 0.574927 -0.685170 -0.447214
vn -0.167685 -0.599508 -0.782606
vn -0.000008 0.000000 -1.000000
vn -0.167685 -0.599508 -0.782606
vn 0.574927 -0.685170 -0.447214
vn -0.642785 0.766047 0.000000
vn 0.269360 0.963040 0.000000
vn 0.167687 -0.599509 0.782604
vn -0.574928 -0.685170 0.447214
vn -0.248428 -0.888205 -0.386491
vn -0.287464 -0.342583 -0.894428
vn -0.167681 0.599511 0.782604
vn 0.269360 0.963040 0.000000
vn 0.642785 0.766047 0.000000
vn 0.287460 -0.342587 0.894428
vn -0.287465 0.342586 0.894426
vn -0.167681 0.599511 0.782604
vn 0.642790 -0.766043 0.000000
vn 0.206438 0.738094 -0.642340
vn -0.574928 0.685171 -0.447212
vn -0.000008 0.000000 -1.000000
vn 0.167687 -0.599508 0.782606
vn -0.574927 -0.685168 0.447219
vn -0.167681 0.599511 0.782604
vn 0.574927 0.685171 0.447212
vn -0.167685 -0.599510 -0.782604
vn -0.287464 -0.342583 -0.894428
vn 0.000003 0.000000 -1.000000
vn -0.167685 -0.599510 -0.782604
vn -0.167681 0.599511 0.782604
vn 0.642785 0.766047 0.000000
vn 0.574928 0.685171 0.447212
vn -0.167681 0.599512 0.782604
vn 0.206439 0.738094 -0.642340
vn 0.642785 0.766046 0.000000
vn 0.000003 0.000000 -1.000000
vn -0.287464 -0.342583 -0.894428
vn -0.167685 -0.599508 -0.782606
vn -0.574929 -0.685169 0.447214
vn 0.167687 -0.599509 0.782604
vn 0.287460 -0.342587 0.894428
vn -0.287465 0.342586 0.894426
vn -0.167681 0.599511 0.782604
vn 0.574928 -0.685170 -0.447214
vn -0.167685 -0.599510 -0.782604
vn -0.167685 -0.599510 -0.782604
vn -0.642785 0.766047 0.000000
vn 0.269360 0.963040 0.000000
vn 0.167687 -0.599510 0.782604
vn -0.574928 -0.685170 0.447214
vn 0.574926 0.685172 0.447212
vn -0.248428 -0.888205 -0.386491
vn 0.000003 0.000000 -1.000000
vn -0.167681 0.599511 0.782604
vn 0.642784 0.766047 0.000000
vn -0.287464 0.342586 0.894426
vn 0.642790 -0.766043 0.000000
vn -0.574927 0.685171 -0.447212
vn -0.000008 0.000000 -1.000000
vn 0.206439 0.738094 -0.642340
vn -0.000003 0.000000 -1.000000
vn -0.167682 0.599511 0.782604
vn 0.574928 -0.685170 -0.447214
vn 0.167687 -0.599509 0.782604
vn -0.000008 0.000000 -1.000000
vn -0.167685 -0.599508 -0.782606
vn 0.574928 -0.685170 -0.447214
vn -0.642785 0.766047 0.000000
vn 0.269359 0.963040 0.000000
vn 0.167687 -0.599509 0.782604
vn -0.574928 -0.685170 0.447214
vn -0.167682 0.599511 0.782604
vn 0.574926 0.685172 0.447213
vn -0.248427 -0.888205 -0.386491
vn -0.287463 -0.342584 -0.894428
vn -0.248428 -0.888205 -0.386491
vn 0.269359 0.963040 0.000000
vn 0.642790 -0.766043 0.000000
vn -0.248428 -0.888205 -0.386491
vn 0.167687 -0.599510 0.782604
vn 0.206438 0.738094 -0.642340
vn -0.000003 0.000000 -1.000000
vn -0.287458 -0.342587 0.894428
vn -0.574929 -0.685169 0.447214
vn -0.167681 0.599511 0.782604
vn 0.574927 0.685171 0.447212
vn -0.574927 -0.685170 -0.447214
vn 0.000003 0.000000 -1.000000
vn 0.574927 -0.685170 -0.447214
vn -0.167684 -0.599510 -0.782605
vn 0.206442 -0.738091 0.642342
vn 0.642794 -0.766039 0.000000
vn -0.000002 0.000000 1.000000
vn -0.000013 0.000000 1.000000
vn -0.287468 0.342583 0.894427
vn -0.167682 0.599509 0.782606
vn -0.574928 0.685170 -0.447214
vn 0.167680 0.599510 -0.782605
vn 0.287466 0.342586 -0.894426
vn 0.167680 0.599511 -0.782604
vn -0.287463 -0.342583 -0.894428
vn -0.167684 -0.599510 -0.782605
vn 0.574927 0.685171 0.447213
vn -0.167680 0.599511 0.782604
vn 0.000004 0.000000 1.000000
vn -0.642790 -0.766042 0.000000
vn 0.269364 -0.963039 0.000000
vn 0.167681 0.599510 -0.782605
vn -0.574928 0.685170 -0.447214
vn 0.574926 -0.685171 -0.447214
vn -0.248427 0.888205 0.386491
vn -0.287468 0.342583 0.894427
vn -0.000002 0.000000 1.000000
vn -0.248427 0.888205 0.386491
vn 0.642793 -0.766040 0.000000
vn 0.287461 0.342586 -0.894428
vn 0.167681 0.599510 -0.782605
vn -0.287464 -0.342586 -0.894427
vn 0.642790 0.766042 0.000000
vn -0.248427 0.888205 0.386491
vn -0.574928 -0.685170 0.447214
vn -0.000002 0.000000 1.000000
vn -0.000005 0.000000 1.000000
vn 0.206442 -0.738091 0.642342
vn 0.287460 0.342587 -0.894428
vn -0.287464 -0.342586 -0.894427
vn -0.167684 -0.599510 -0.782605
vn 0.574927 0.685171 0.447214
vn -0.167682 0.599509 0.782606
vn 0.167680 0.599510 -0.782605
vn -0.000002 0.000000 1.000000
vn -0.642789 -0.766043 0.000000
vn 0.269362 -0.963039 0.000000
vn 0.167680 0.599510 -0.782605
vn -0.574928 0.685170 -0.447214
vn 0.574927 -0.685171 -0.447214
vn -0.248428 0.888205 0.386491
vn -0.287468 0.342583 0.894427
vn -0.248427 0.888205 0.386491
vn -0.167684 -0.599510 -0.782605
vn 0.269362 -0.963039 0.000000
vn 0.642794 -0.766039 0.000000
vn 0.287460 0.342587 -0.894428
vn 0.167680 0.599510 -0.782605
vn -0.287464 -0.342586 -0.894427
vn -0.167684 -0.599510 -0.782605
vn 0.642790 0.766043 0.000000
vn -0.248427 0.888205 0.386491
vn 0.206442 -0.738091 0.642342
vn -0.574929 -0.685169 0.447214
vn 0.167680 0.599510 -0.782605
vn -0.574928 0.685170 -0.447214
vn 0.574927 -0.685171 -0.447214
vn -0.167681 0.599509 0.782606
vn -0.287468 0.342583 0.894427
vn -0.000002 0.000000 1.000000
vn -0.000013 0.000000 1.000000
vn 0.642794 -0.766039 0.000000
vn 0.574927 -0.685170 -0.447214
vn -0.167683 -0.599510 -0.782605
vn 0.206443 -0.738091 0.642342
vn 0.642795 -0.766039 0.000000
vn -0.000002 0.000000 1.000000
vn -0.287468 0.342583 0.894427
vn -0.167682 0.599509 0.782606
vn -0.574929 0.685169 -0.447214
vn 0.167680 0.599510 -0.782605
vn 0.287460 0.342587 -0.894428
vn 0.167680 0.599510 -0.782605
vn 0.574927 0.685170 0.447214
vn -0.167681 0.599509 0.782606
vn 0.167680 0.599510 -0.782605
vn -0.000002 0.000000 1.000000
vn 0.269361 -0.963039 0.000000
vn 0.167680 0.599510 -0.782605
vn -0.574928 0.685170 -0.447214
vn 0.574926 -0.685171 -0.447214
vn -0.248427 0.888205 0.386491
vn -0.000002 0.000000 1.000000
vn -0.248427 0.888205 0.386491
vn 0.642794 -0.766039 0.000000
vn 0.287460 0.342587 -0.894428
vn 0.167680 0.599510 -0.782605
vn -0.287464 -0.342586 -0.894427
vn 0.642790 0.766043 0.000000
vn -0.248427 0.888205 0.386491
vn -0.574928 -0.685170 0.447214
vn -0.000002 0.000000 1.000000
vn -0.000005 0.000000 1.000000
vn -0.287464 -0.342586 -0.894427
vn -0.167684 -0.599510 -0.782605
vn 0.574927 0.685170 0.447214
vn -0.167682 0.599509 0.782606
vn 0.167680 0.599510 -0.782605
vn 0.167680 0.599510 -0.782605
vn -0.000002 0.000000 1.000000
vn -0.642790 -0.766043 0.000000
vn 0.167680 0.599510 -0.782605
vn -0.574928 0.685170 -0.447214
vn 0.574926 -0.685171 -0.447214
vn -0.248427 0.888205 0.386491
vn -0.287468 0.342583 0.894427
vn -0.000002 0.000000 1.000000
vn -0.000013 0.000000 1.000000
vn -0.167684 -0.599510 -0.782605
vn 0.167680 0.599510 -0.782605
vn -0.167684 -0.599510 -0.782605
vn 0.642790 0.766043 0.000000
vn 0.167680 0.599510 -0.782605
vn 0.206442 -0.738091 0.642342
vn -0.574929 -0.685169 0.447214
vn -0.000005 0.000000 1.000000
vn -0.287464 0.342586 -0.894427
vn -0.574929 0.685169 -0.447214
vn 0.574927 -0.685170 -0.447214
vn -0.574926 0.685171 0.447215
vn -0.000002 0.000000 1.000000
vn 0.574933 0.447214 -0.685166
vn -0.167685 0.782606 -0.599508
vn 0.206446 -0.642341 -0.738091
vn 0.642793 0.000000 -0.766040
vn 0.000000 -1.000000 -0.000001
vn 0.000000 -1.000000 -0.000013
vn -0.287466 -0.894427 0.342582
vn -0.167685 -0.782606 0.599507
vn -0.574932 0.447214 0.685166
vn 0.167685 0.782604 0.599510
vn 0.287467 0.894428 0.342580
vn 0.167680 0.782607 0.599508
vn -0.287465 0.894426 -0.342586
vn -0.167680 0.782607 -0.599508
vn 0.574925 -0.447215 0.685171
vn -0.167681 -0.782603 0.599513
vn 0.287467 0.894428 0.342580
vn 0.000000 -1.000000 0.000008
vn 0.000000 -1.000000 0.000025
vn -0.287465 0.894426 -0.342586
vn -0.642784 0.000000 -0.766047
vn 0.269362 0.000000 -0.963039
vn 0.167680 0.782606 0.599509
vn -0.574924 0.447214 0.685173
vn 0.574925 0.447214 -0.685172
vn -0.248432 -0.386487 0.888205
vn -0.287458 -0.894427 0.342589
vn 0.000000 -1.000000 -0.000001
vn -0.248432 -0.386488 0.888205
vn -0.167680 0.782607 -0.599508
vn 0.269362 0.000000 -0.963039
vn 0.642775 0.000000 -0.766056
vn 0.287467 0.894430 0.342576
vn -0.287465 0.894425 -0.342590
vn 0.642784 0.000000 0.766047
vn -0.248432 -0.386488 0.888205
vn 0.287467 0.894430 0.342576
vn -0.574932 -0.447214 -0.685166
vn 0.000000 -1.000000 -0.000006
vn 0.206446 -0.642341 -0.738091
vn 0.000000 -1.000000 -0.000011
vn -0.167685 0.782606 -0.599508
vn -0.287465 0.894425 -0.342590
vn 0.287466 0.894426 0.342587
vn -0.287466 0.894429 -0.342579
vn -0.167685 0.782607 -0.599507
vn 0.574934 -0.447215 0.685163
vn 0.000000 -1.000000 -0.000006
vn -0.167685 -0.782606 0.599507
vn -0.642794 0.000000 -0.766039
vn 0.269366 0.000000 -0.963038
vn 0.167680 0.782606 0.599509
vn -0.248434 -0.386490 0.888204
vn 0.000000 -1.000000 -0.000001
vn 0.000000 -1.000000 -0.000013
vn -0.248433 -0.386490 0.888204
vn -0.167685 0.782607 -0.599507
vn 0.287458 0.894428 0.342588
vn -0.287465 0.894427 -0.342585
vn -0.167680 0.782605 -0.599510
vn 0.206451 -0.642338 -0.738092
vn -0.574919 -0.447210 -0.685179
vn 0.000000 -1.000000 -0.000006
vn 0.000000 -1.000000 0.000014
vn 0.167683 0.782606 0.599509
vn -0.574930 0.447209 0.685172
vn 0.574931 0.447213 -0.685168
vn -0.167686 -0.782602 0.599513
vn 0.000000 -1.000000 -0.000001
vn -0.167680 0.782605 -0.599510
vn 0.206451 -0.642338 -0.738092
vn 0.574929 0.447211 -0.685171
vn -0.167680 0.782607 -0.599508
vn 0.206452 -0.642341 -0.738089
vn 0.000000 -1.000000 -0.000002
vn -0.287466 -0.894428 0.342582
vn -0.167689 -0.782604 0.599509
vn 0.167680 0.782604 0.599512
vn 0.287467 0.894430 0.342575
vn -0.287465 0.894425 -0.342591
vn -0.167685 0.782606 -0.599508
vn 0.574922 -0.447208 0.685178
vn 0.000000 -1.000000 0.000008
vn -0.167686 -0.782602 0.599513
vn 0.269357 0.000000 -0.963040
vn 0.167685 0.782606 0.599508
vn 0.574924 0.447214 -0.685173
vn -0.248428 -0.386492 0.888205
vn -0.287458 -0.894427 0.342590
vn 0.000000 -1.000000 -0.000000
vn 0.000000 -1.000000 0.000013
vn -0.167685 0.782606 -0.599508
vn 0.287466 0.894426 0.342587
vn -0.287466 0.894428 -0.342580
vn 0.642794 0.000000 0.766039
vn -0.248428 -0.386492 0.888205
vn -0.574924 -0.447214 -0.685173
vn 0.000000 -1.000000 0.000006
vn 0.000000 -1.000000 0.000013
vn 0.206452 -0.642341 -0.738089
vn 0.287466 0.894426 0.342588
vn -0.287466 0.894429 -0.342579
vn -0.167680 0.782607 -0.599507
vn 0.574926 -0.447215 0.685170
vn -0.167689 -0.782604 0.599509
vn 0.167680 0.782604 0.599512
vn 0.000000 -1.000000 -0.000006
vn 0.167680 0.782606 0.599509
vn 0.574925 0.447214 -0.685172
vn -0.248432 -0.386488 0.888205
vn -0.287458 -0.894428 0.342589
vn 0.000000 -1.000000 -0.000002
vn -0.167680 0.782607 -0.599507
vn -0.167680 0.782607 -0.599508
vn -0.248432 -0.386488 0.888205
vn 0.206447 -0.642337 -0.738094
vn -0.574924 -0.447214 -0.685173
vn 0.000000 -1.000000 -0.000005
vn 0.000000 -1.000000 -0.000010
vn -0.287461 0.894426 0.342589
vn -0.574928 0.447214 0.685170
vn 0.574929 0.447214 -0.685169
vn -0.574927 -0.447212 0.685172
vn -0.287467 -0.894428 0.342581
vn -0.000001 -1.000000 -0.000002
vn -0.000001 -1.000000 -0.000013
vn -0.574927 -0.447212 0.685172
vn -0.167680 0.782607 -0.599508
vn 0.642783 0.000000 -0.766049
vn 0.574931 -0.447214 0.685167
vn -0.167686 -0.782605 0.599509
vn 0.206445 0.642342 0.738090
vn 0.642798 0.000000 0.766035
vn 0.000001 1.000000 0.000001
vn 0.000001 1.000000 0.000013
vn -0.287466 0.894428 -0.342582
vn -0.167682 0.782605 -0.599510
vn -0.287466 0.894428 -0.342582
vn -0.574930 -0.447214 -0.685168
vn 0.167684 -0.782605 -0.599509
vn 0.287462 -0.894427 -0.342588
vn 0.167685 -0.782606 -0.599508
vn -0.287460 -0.894427 0.342588
vn -0.167680 -0.782603 0.599514
vn 0.574928 0.447212 -0.685170
vn -0.167682 0.782605 -0.599509
vn -0.000006 1.000000 -0.000004
vn -0.000011 1.000000 0.000000
vn 0.574928 0.447212 -0.685170
vn -0.642782 0.000000 0.766049
vn 0.269362 0.000000 0.963039
vn 0.167687 -0.782605 -0.599508
vn -0.574926 -0.447214 -0.685172
vn 0.574924 -0.447212 0.685174
vn -0.248427 0.386491 -0.888205
vn -0.287466 0.894427 -0.342583
vn 0.000001 1.000000 0.000000
vn 0.000001 1.000000 0.000000
vn -0.248427 0.386491 -0.888205
vn 0.642789 0.000000 0.766043
vn 0.287462 -0.894428 -0.342586
vn -0.287464 -0.894427 0.342586
vn 0.642791 0.000000 -0.766041
vn -0.248427 0.386491 -0.888205
vn 0.206445 0.642342 0.738090
vn -0.574930 0.447214 0.685168
vn -0.000001 1.000000 -0.000000
vn -0.000001 1.000000 -0.000001
vn 0.206445 0.642342 0.738090
vn 0.287462 -0.894428 -0.342583
vn -0.287464 -0.894426 0.342589
vn -0.167686 -0.782604 0.599510
vn 0.574929 0.447213 -0.685170
vn -0.167682 0.782605 -0.599510
vn -0.000001 1.000000 -0.000004
vn -0.000001 1.000000 0.000000
vn 0.574929 0.447213 -0.685170
vn -0.642791 0.000000 0.766041
vn 0.269364 0.000000 0.963039
vn 0.167682 -0.782606 -0.599509
vn -0.574930 -0.447214 -0.685168
vn -0.248432 0.386489 -0.888205
vn 0.000001 1.000000 0.000001
vn 0.000001 1.000000 0.000013
vn 0.287462 -0.894429 -0.342581
vn -0.287463 -0.894425 0.342591
vn -0.167686 -0.782604 0.599510
vn 0.642787 0.000000 -0.766045
vn -0.248432 0.386489 -0.888205
vn -0.000001 1.000000 -0.000000
vn -0.000001 1.000000 -0.000001
vn 0.574929 -0.447213 0.685169
vn -0.167682 0.782605 -0.599510
vn -0.287466 0.894428 -0.342581
vn 0.000001 1.000000 0.000002
vn 0.000001 1.000000 0.000000
vn 0.574930 -0.447213 0.685169
vn -0.167683 -0.782605 0.599510
vn 0.206448 0.642341 0.738090
vn 0.000001 1.000000 0.000004
vn 0.000001 1.000000 0.000013
vn -0.287466 0.894428 -0.342580
vn -0.167682 0.782606 -0.599509
vn -0.287466 0.894428 -0.342580
vn 0.167685 -0.782606 -0.599508
vn 0.287462 -0.894427 -0.342588
vn -0.287460 -0.894427 0.342588
vn -0.167683 -0.782605 0.599509
vn 0.574931 0.447214 -0.685167
vn -0.167682 0.782605 -0.599510
vn -0.000001 1.000000 -0.000011
vn -0.000001 1.000000 -0.000025
vn 0.574931 0.447214 -0.685167
vn -0.642787 0.000000 0.766045
vn 0.167684 -0.782605 -0.599510
vn 0.574931 -0.447215 0.685166
vn -0.248430 0.386491 -0.888205
vn 0.000001 1.000000 0.000002
vn 0.000001 1.000000 0.000013
vn -0.167683 -0.782605 0.599509
vn 0.287461 -0.894427 -0.342589
vn -0.287464 -0.894428 0.342583
vn -0.248430 0.386491 -0.888205
vn 0.206448 0.642341 0.738090
vn -0.574926 0.447214 0.685172
vn -0.000001 1.000000 -0.000003
vn 0.206448 0.642341 0.738090
vn -0.000001 1.000000 -0.000006
vn 0.206448 0.642341 0.738090
vn -0.000000 -0.447208 0.894430
vn -0.000000 -0.707106 0.707107
vn 0.000000 0.707110 0.707104
vn 0.000000 0.894428 0.447212
vn -0.167686 -0.782606 0.599508
vn 0.574929 0.447213 -0.685169
vn -0.000001 1.000000 -0.000002
vn -0.000001 1.000000 0.000000
vn 0.574929 0.447213 -0.685169
vn 0.269359 0.000000 0.963040
vn 0.167684 -0.782604 -0.599510
vn -0.574926 -0.447214 -0.685172
vn -0.167686 -0.782606 0.599508
vn 0.574928 -0.447215 0.685169
vn -0.248427 0.386492 -0.888205
vn -0.287461 0.894427 -0.342589
vn 0.000001 1.000000 -0.000002
vn 0.000001 1.000000 -0.000013
vn -0.287464 -0.894427 0.342584
vn -0.167686 -0.782606 0.599507
vn 0.206442 0.642341 0.738092
vn -0.574930 0.447214 0.685168
vn -0.000001 1.000000 0.000002
vn -0.000001 1.000000 0.000004
vn 0.206442 0.642341 0.738092
vn -0.287464 -0.894426 -0.342589
vn -0.574927 0.447215 -0.685170
vn 0.000001 1.000000 -0.000002
vn 0.000001 1.000000 -0.000013
vn -0.000000 -0.447214 0.894427
vn -0.000000 -0.707107 0.707107
vn 0.000000 0.707100 0.707114
vn -0.000000 0.894422 0.447223
vn -0.000000 -0.894427 -0.447214
vn -0.000000 -0.707107 -0.707107
vn -0.000000 -1.000000 0.000000
vn -0.000000 -1.000000 0.000000
vn 0.000000 0.707114 0.707100
vn 0.000000 0.894432 0.447204
vn 0.000000 0.707102 -0.707112
vn 0.000000 0.447214 -0.894427
vn -0.000000 -0.894427 0.447214
vn -0.000000 -0.447214 -0.894427
vn -0.000000 -0.707107 -0.707107
vn 0.000000 -0.707107 0.707107
vn 0.000000 0.000000 1.000000
vn 0.000000 0.000000 1.000000
vn 0.000000 0.894427 -0.447214
vn 0.000000 1.000000 0.000000
vn 0.000000 0.707107 -0.707107
vn -0.000000 -1.000000 0.000000
vn 0.000000 0.707112 -0.707102
vn 0.000000 0.707100 0.707114
vn -0.000000 -0.894427 -0.447214
vn 0.000000 -0.707102 -0.707111
vn -0.167681 0.599511 0.782604
vn 0.206438 0.738094 -0.642340
vn 0.642785 0.766047 0.000000
vn 0.000003 0.000000 -1.000000
vn -0.167685 -0.599508 -0.782606
vn -0.574929 -0.685169 0.447214
vn 0.167686 -0.599509 0.782604
vn 0.574929 -0.685169 0.447214
vn 0.206438 0.738094 -0.642340
vn -0.574928 0.685171 -0.447212
vn 0.287459 -0.342587 0.894428
vn 0.574927 -0.685170 -0.447214
vn -0.167685 -0.599508 -0.782606
vn 0.167686 -0.599510 0.782604
vn 0.574927 -0.685170 -0.447214
vn -0.642785 0.766047 0.000000
vn 0.269360 0.963040 0.000000
vn 0.167687 -0.599509 0.782604
vn -0.574928 -0.685170 0.447214
vn -0.248428 -0.888205 -0.386491
vn 0.287460 -0.342587 0.894428
vn -0.167683 0.599511 0.782604
vn 0.642790 -0.766043 0.000000
vn 0.206438 0.738094 -0.642340
vn -0.574929 0.685170 -0.447212
vn -0.000008 0.000000 -1.000000
vn -0.000003 0.000000 -1.000000
vn -0.574930 -0.685168 0.447214
vn -0.167683 0.599511 0.782604
vn 0.574925 0.685172 0.447213
vn 0.167683 -0.599513 0.782602
vn 0.574927 -0.685170 -0.447214
vn -0.167683 -0.599510 -0.782605
vn 0.206443 -0.738091 0.642342
vn 0.642794 -0.766039 0.000000
vn -0.167682 0.599509 0.782606
vn -0.574929 0.685169 -0.447214
vn 0.167680 0.599510 -0.782605
vn 0.574925 0.685172 -0.447215
vn 0.642794 0.766039 0.000000
vn -0.574928 -0.685170 0.447214
vn -0.167683 -0.599510 -0.782605
vn 0.287460 0.342587 -0.894428
vn -0.167684 -0.599510 -0.782605
vn 0.574927 0.685171 0.447214
vn 0.167680 0.599510 -0.782605
vn 0.167680 0.599510 -0.782605
vn -0.642789 -0.766043 0.000000
vn 0.269362 -0.963039 0.000000
vn -0.574928 0.685170 -0.447214
vn 0.574927 -0.685170 -0.447214
vn -0.248428 0.888205 0.386491
vn -0.248428 0.888205 0.386491
vn 0.287460 0.342587 -0.894428
vn 0.167680 0.599510 -0.782605
vn -0.167685 -0.599510 -0.782605
vn 0.642790 0.766043 0.000000
vn -0.248428 0.888205 0.386491
vn 0.206442 -0.738091 0.642342
vn -0.000002 0.000000 1.000000
vn -0.000005 0.000000 1.000000
vn -0.574928 0.685171 -0.447212
vn -0.167685 -0.599510 -0.782605
vn 0.167680 0.599511 -0.782604
vn 0.574929 -0.685169 -0.447213
vn -0.287468 0.342586 0.894426
vn -0.000007 0.000000 1.000000
vn -0.167685 -0.599510 -0.782605
vn -0.167685 0.782606 -0.599507
vn 0.206440 -0.642339 -0.738094
vn 0.000000 -1.000000 0.000011
vn -0.287465 -0.894424 0.342592
vn -0.167685 -0.782605 0.599509
vn 0.167684 0.782604 0.599511
vn 0.574926 0.447215 0.685170
vn 0.642775 0.000000 0.766056
vn 0.000000 -1.000000 -0.000005
vn 0.000000 -1.000000 -0.000010
vn 0.287466 0.894427 0.342583
vn -0.287466 0.894427 -0.342583
vn -0.167684 0.782606 -0.599508
vn 0.574932 -0.447214 0.685166
vn 0.167684 0.782604 0.599511
vn 0.000000 -1.000000 -0.000001
vn -0.167685 -0.782605 0.599509
vn 0.574929 0.447211 -0.685171
vn -0.248439 -0.386487 0.888204
vn 0.000000 -1.000000 -0.000002
vn 0.000000 -1.000000 -0.000013
vn -0.167684 0.782606 -0.599508
vn 0.287466 0.894428 0.342582
vn -0.287466 0.894427 -0.342585
vn -0.167680 0.782606 -0.599509
vn -0.248439 -0.386487 0.888204
vn 0.206449 -0.642340 -0.738091
vn 0.000000 -1.000000 0.000006
vn 0.000000 -1.000000 0.000013
vn 0.574927 0.447214 -0.685170
vn -0.167681 -0.782602 0.599513
vn -0.287454 -0.894430 0.342585
vn 0.000005 -1.000000 -0.000006
vn -0.000001 -1.000000 0.000000
vn -0.167680 0.782606 -0.599509
vn 0.000000 -0.447214 -0.894427
vn 0.000000 0.447216 0.894426
vn 0.000000 0.894421 -0.447225
vn 0.000000 -0.447214 0.894427
vn 0.000000 -0.894433 0.447202
vn 0.000000 0.447219 0.894424
vn 0.000000 -0.447211 -0.894429
vn 0.000000 -0.447211 -0.894429
vn 0.000000 0.447219 0.894424
vn 0.574928 -0.447212 0.685172
vn -0.167685 -0.782603 0.599511
vn 0.206445 0.642341 0.738091
vn 0.000001 1.000000 -0.000002
vn -0.287465 0.894427 -0.342585
vn -0.167682 0.782606 -0.599509
vn -0.287465 0.894427 -0.342585
vn 0.167685 -0.782609 -0.599504
vn 0.000000 -0.894427 0.447214
vn 0.000000 0.447211 0.894429
vn 0.000000 0.707100 0.707114
vn 0.000000 0.894433 -0.447202
vn 0.574930 -0.447214 -0.685168
vn 0.642799 0.000000 -0.766035
vn 0.206445 0.642341 0.738091
vn -0.000001 1.000000 0.000002
vn -0.000001 1.000000 0.000004
vn 0.206445 0.642341 0.738091
vn 0.287462 -0.894428 -0.342585
vn -0.287464 -0.894427 0.342586
vn -0.167686 -0.782606 0.599508
vn 0.574930 0.447213 -0.685169
vn -0.167682 0.782606 -0.599509
vn -0.000001 1.000000 -0.000001
vn -0.000001 1.000000 0.000000
vn 0.574929 0.447213 -0.685169
vn 0.574930 -0.447213 0.685169
vn -0.248430 0.386491 -0.888204
vn 0.000001 1.000000 -0.000002
vn -0.287460 -0.894428 0.342586
vn -0.167683 -0.782604 0.599511
vn -0.248430 0.386491 -0.888204
vn 0.206445 0.642343 0.738089
vn -0.574926 0.447214 0.685172
vn -0.000001 1.000000 -0.000003
vn -0.000001 1.000000 -0.000006
vn 0.206445 0.642343 0.738089
vn -0.287462 0.894428 -0.342585
vn 0.000001 1.000000 0.000002
vn 0.000001 1.000000 0.000000
vn -0.894427 0.000000 0.447214
vn -0.447214 0.000000 0.894427
vn 0.000000 -0.000000 -1.000000
vn 0.000000 -0.000000 -1.000000
vn 0.447214 -0.000000 -0.894427
vn 0.894427 -0.000000 -0.447214
vn 0.894427 0.000000 0.447214
vn 0.447214 0.000000 0.894427
vn -0.447214 -0.000000 -0.894427
vn -0.894427 -0.000000 -0.447214
vn 0.447214 -0.000000 -0.894427
vn 0.894427 -0.000000 -0.447214
vn -0.894427 0.000000 0.447214
vn -0.447214 0.000000 0.894427
vn -0.894427 -0.000000 -0.447214
vn -0.447214 -0.000000 -0.894427
vn 0.000000 -0.000000 -1.000000
vn 0.000000 -0.000000 -1.000000
vn 0.894427 0.000000 0.447214
vn 0.447214 0.000000 0.894427
vn -0.894427 -0.000000 -0.447214
vn -0.447214 -0.000000 -0.894427
vn 0.894427 -0.000000 -0.447214
vn -1.000000 0.000000 0.000000
vn -0.447214 -0.000000 -0.894427
vn 0.000000 0.000000 1.000000
vn 0.894427 0.000000 0.447214
vn 0.447214 0.000000 0.894427
vn 0.000000 0.000000 1.000000
vn 0.447214 0.000000 0.894427
vn -0.894427 0.000000 0.447214
vn -0.447214 0.000000 0.894427
vn -0.894427 -0.000000 -0.447214
vn 0.000000 0.000000 1.000000
vn 0.000000 0.000000 1.000000
vn 1.000000 -0.000000 0.000000
vn 1.000000 -0.000000 0.000000
vn 0.447213 0.574928 0.685171
vn 0.782605 -0.167680 0.599511
vn -0.642340 0.206443 0.738093
vn 0.000000 0.642786 0.766046
vn -1.000000 0.000003 0.000000
vn -0.894428 -0.287463 -0.342584
vn -0.447214 -0.574927 -0.685170
vn 0.894428 -0.287459 -0.342586
vn 0.894426 -0.287467 0.342586
vn -0.447214 -0.574925 0.685172
vn -1.000000 -0.000001 0.000000
vn -0.642340 0.206443 0.738093
vn -1.000000 -0.000002 0.000000
vn 0.000000 0.642790 -0.766042
vn -0.386491 -0.248427 -0.888205
vn 0.782605 0.167682 -0.599510
vn 0.894428 0.287459 -0.342586
vn 0.447213 0.574930 0.685168
vn 0.782605 -0.167683 0.599510
vn 0.000000 0.269363 0.963039
vn 0.000000 0.642794 0.766039
vn -1.000000 -0.000001 0.000000
vn -1.000000 -0.000013 0.000000
vn -0.894427 -0.287467 -0.342583
vn 0.782605 0.167682 -0.599510
vn 0.894428 -0.287461 0.342586
vn 0.000000 -0.642790 0.766043
vn 0.000000 0.269363 0.963039
vn -1.000000 -0.000001 0.000000
vn -0.782605 -0.167682 -0.599510
vn -0.447214 0.574928 -0.685169
vn 0.782605 0.167682 -0.599510
vn 0.894427 0.287464 -0.342586
vn 0.782605 -0.167685 0.599509
vn 0.894427 -0.287465 0.342586
vn -0.447214 -0.574929 0.685169
vn -0.642342 0.206442 0.738091
vn -1.000000 -0.000003 0.000000
vn -1.000000 -0.000006 0.000000
vn 0.000000 0.642790 -0.766042
vn -0.386491 -0.248429 -0.888205
vn 0.782605 0.167683 -0.599509
vn 0.894428 0.287461 -0.342586
vn 0.782605 0.167683 -0.599509
vn 0.782605 -0.167682 0.599510
vn 0.000000 0.269359 0.963040
vn -1.000000 0.000003 0.000000
vn -0.894428 -0.287463 -0.342584
vn 0.782605 0.167683 -0.599509
vn 0.894428 -0.287461 0.342586
vn -1.000000 -0.000001 0.000000
vn -0.782605 -0.167681 -0.599510
vn -0.447214 0.574929 -0.685169
vn 0.782605 0.167682 -0.599510
vn 0.894427 0.287464 -0.342586
vn 0.782605 0.167682 -0.599510
vn 0.447212 -0.574929 -0.685170
vn 0.782605 -0.167685 0.599509
vn 0.447213 0.574930 0.685169
vn -0.894426 -0.287469 -0.342585
vn 0.782605 0.167682 -0.599510
vn -1.000000 -0.000007 0.000000
vn 0.782605 -0.167685 0.599509
vn 0.447213 0.574930 0.685168
vn 0.782605 -0.167685 0.599509
vn -0.642342 0.206443 0.738091
vn 0.000000 0.642794 0.766039
vn -1.000000 -0.000007 0.000000
vn -0.894426 -0.287469 -0.342585
vn 0.782605 0.167682 -0.599510
vn 0.782605 -0.167685 0.599509
vn 0.894427 -0.287464 0.342586
vn -1.000000 -0.000003 0.000000
vn -0.642342 0.206443 0.738091
vn -1.000000 -0.000006 0.000000
vn -0.386491 -0.248429 -0.888205
vn 0.782605 0.167683 -0.599510
vn 0.894428 0.287461 -0.342586
vn 0.447213 0.574928 0.685170
vn 0.782605 -0.167679 0.599511
vn 0.000000 0.269361 0.963039
vn -0.894428 -0.287463 -0.342584
vn 0.447214 -0.574929 -0.685169
vn 0.782605 0.167683 -0.599510
vn 0.894426 -0.287466 0.342586
vn 0.000000 -0.642786 0.766046
vn -1.000000 -0.000001 0.000000
vn -0.782606 -0.167681 -0.599509
vn 0.782605 0.167684 -0.599510
vn 0.894428 0.287459 -0.342586
vn 0.782605 -0.167682 0.599510
vn 0.894428 -0.287462 0.342586
vn -0.447214 -0.574929 0.685169
vn -0.642341 0.206441 0.738092
vn -1.000000 -0.000001 0.000000
vn -1.000000 -0.000002 0.000000
vn 0.000000 0.642791 -0.766042
vn -0.386490 -0.248428 -0.888206
vn 0.782605 0.167683 -0.599510
vn 0.894427 0.287465 -0.342586
vn 0.782605 -0.167682 0.599510
vn 0.447213 0.574929 0.685169
vn 0.782605 -0.167685 0.599509
vn 0.000000 0.269362 0.963039
vn 0.000000 0.642792 0.766041
vn -1.000000 -0.000007 0.000000
vn -0.894426 -0.287468 -0.342586
vn -0.894426 -0.287468 -0.342586
vn 0.447212 -0.574928 -0.685170
vn 0.782605 0.167683 -0.599510
vn 0.447212 -0.574928 -0.685170
vn 0.447213 0.574929 0.685169
vn 0.782605 -0.167685 0.599509
vn 0.894427 -0.287465 0.342586
vn 0.000000 -0.642790 0.766042
vn 0.000000 0.269362 0.963039
vn -1.000000 -0.000003 0.000000
vn -0.894428 0.287464 -0.342583
vn -0.447214 0.574927 -0.685170
vn 0.447215 0.574925 -0.685171
vn 0.447214 -0.574928 -0.685170
vn 0.782605 0.167684 -0.599510
vn 0.447213 0.574927 0.685171
vn -0.894428 -0.287463 -0.342584
vn 0.782605 0.167684 -0.599510
vn -1.000000 0.000003 0.000000
vn -0.782606 -0.167681 -0.599509
vn 0.782605 -0.167682 0.599510
vn 0.000000 0.642786 0.766046
vn -0.447214 0.574925 -0.685172
vn -0.782604 -0.167683 -0.599510
vn 0.642340 0.206441 -0.738093
vn 1.000000 0.000002 0.000000
vn 0.894428 -0.287461 0.342586
vn 0.447214 -0.574924 0.685173
vn -0.894427 -0.287463 0.342586
vn -0.447214 0.574925 -0.685172
vn -0.894427 -0.287464 -0.342586
vn 0.447212 -0.574929 -0.685170
vn -0.782604 -0.167683 -0.599510
vn 0.642340 0.206441 -0.738093
vn 0.642340 0.206441 -0.738093
vn 0.447212 -0.574930 -0.685170
vn 1.000000 -0.000005 0.000000
vn 0.642340 0.206441 -0.738093
vn 1.000000 0.000003 0.000000
vn 0.386489 -0.248432 0.888205
vn -0.782605 0.167681 0.599511
vn -0.894427 0.287462 0.342586
vn -0.447213 0.574927 -0.685171
vn -0.782604 -0.167686 -0.599510
vn 1.000000 -0.000002 0.000000
vn -0.782605 0.167681 0.599511
vn -0.447213 0.574927 -0.685171
vn -0.782604 -0.167686 -0.599510
vn -0.894426 -0.287465 -0.342586
vn 1.000000 0.000004 0.000000
vn 0.782605 -0.167679 0.599511
vn 0.447213 0.574928 0.685171
vn -0.782604 -0.167683 -0.599510
vn -0.894427 -0.287463 -0.342586
vn 1.000000 -0.000005 0.000000
vn 1.000000 0.000003 0.000000
vn 0.386489 -0.248432 0.888205
vn -0.782605 0.167681 0.599511
vn -0.894427 0.287462 0.342586
vn -0.447214 0.574923 -0.685173
vn -0.782604 -0.167684 -0.599510
vn 1.000000 0.000004 0.000000
vn 1.000000 0.000001 0.000000
vn 0.894428 -0.287459 0.342586
vn -0.447214 0.574923 -0.685173
vn -0.894427 -0.287463 -0.342586
vn 1.000000 -0.000013 0.000000
vn 0.782604 -0.167686 0.599511
vn 1.000000 0.000001 0.000000
vn 0.447213 0.574927 0.685171
vn 0.782604 -0.167686 0.599511
vn -0.782605 0.167681 0.599510
vn -0.894427 0.287462 0.342586
vn -0.447214 0.574925 -0.685172
vn 1.000000 0.000002 0.000000
vn -0.782604 -0.167683 -0.599510
vn -0.447213 0.574927 -0.685171
vn -0.782604 -0.167686 -0.599510
vn 0.642340 0.206446 -0.738092
vn 1.000000 -0.000002 0.000000
vn -0.447213 -0.574929 0.685170
vn -0.782605 0.167681 0.599510
vn -0.447213 -0.574929 0.685170
vn -0.782605 0.167681 0.599510
vn -0.782604 -0.167686 -0.599510
vn 1.000000 0.000004 0.000000
vn 0.642340 0.206446 -0.738092
vn 1.000000 0.000008 0.000000
vn 0.386489 -0.248428 0.888206
vn -0.782604 0.167682 0.599511
vn -0.894428 0.287460 0.342586
vn -0.447214 0.574925 -0.685172
vn -0.782604 -0.167683 -0.599511
vn 1.000000 0.000002 0.000000
vn -0.782604 0.167682 0.599511
vn -0.447214 0.574925 -0.685172
vn 1.000000 -0.000005 0.000000
vn 1.000000 -0.000013 0.000000
vn 0.782604 -0.167685 0.599510
vn 0.447213 0.574927 0.685171
vn -0.782605 0.167681 0.599511
vn -0.894427 0.287462 0.342586
vn -0.782604 -0.167686 -0.599510
vn 0.642339 0.206445 -0.738092
vn 1.000000 0.000004 0.000000
vn 1.000000 0.000008 0.000000
vn 0.000000 0.642787 0.766045
vn 0.386489 -0.248428 0.888206
vn -0.447214 0.574925 -0.685173
vn -0.782604 -0.167684 -0.599510
vn 1.000000 0.000002 0.000000
vn -0.894427 -0.287464 -0.342586
vn 1.000000 0.000002 0.000000
vn 0.894427 0.287465 0.342586
vn -0.447214 0.574926 0.685172
vn -0.782605 0.167681 0.599511
vn -0.447212 -0.574928 0.685170
vn -0.447213 0.574927 -0.685172
vn 0.894427 -0.287464 0.342586
vn -0.782605 0.167681 0.599511
vn 1.000000 -0.000002 0.000000
vn -0.782604 -0.167686 -0.599510
vn 0.685171 0.574927 -0.447214
vn 0.599507 -0.167684 -0.782607
vn 0.738092 0.206443 0.642340
vn 0.766044 0.642788 0.000000
vn -0.000003 0.000000 1.000000
vn 0.000013 0.000000 1.000000
vn -0.685175 -0.574924 0.447211
vn -0.685170 -0.574928 -0.447213
vn -0.342585 -0.287465 -0.894427
vn 0.685176 -0.574923 0.447210
vn 0.738092 0.206443 0.642340
vn 0.685177 -0.574923 0.447210
vn 0.000003 0.000001 1.000000
vn -0.000020 0.000001 1.000000
vn 0.599507 -0.167684 -0.782607
vn 0.685170 0.574927 -0.447214
vn 0.599509 -0.167683 -0.782606
vn 0.963038 0.269364 0.000000
vn 0.000006 0.000000 1.000000
vn 0.342584 -0.287463 -0.894428
vn 0.766045 -0.642787 0.000000
vn 0.963038 0.269364 0.000000
vn -0.000002 0.000000 1.000000
vn 0.599511 -0.167684 -0.782604
vn 0.342580 -0.287466 -0.894428
vn 0.685169 -0.574929 0.447214
vn 0.738092 0.206444 0.642340
vn -0.000001 0.000000 1.000000
vn -0.000002 0.000000 1.000000
vn -0.888205 -0.248431 0.386489
vn -0.000004 0.000001 1.000000
vn 0.000000 0.000001 1.000000
vn -0.342588 -0.287464 0.894426
vn -0.342588 -0.287464 0.894426
vn -0.685170 -0.574928 -0.447214
vn -0.000003 0.000000 1.000000
vn -0.685172 0.574923 0.447217
vn -0.599515 0.167681 -0.782601
vn -0.342588 0.287461 -0.894427
vn -0.599515 0.167681 -0.782601
vn 0.685173 0.574925 -0.447213
vn 0.000002 0.000000 1.000000
vn 0.599511 -0.167684 -0.782604
vn 0.685173 0.574925 -0.447213
vn 0.599506 -0.167683 -0.782607
vn 0.738093 0.206443 0.642339
vn -0.000002 0.000000 1.000000
vn -0.599515 0.167681 -0.782601
vn -0.599515 0.167681 -0.782601
vn 0.685172 -0.574926 0.447214
vn 0.000004 0.000000 1.000000
vn 0.738093 0.206443 0.642339
vn 0.000008 0.000000 1.000000
vn 0.685173 0.574926 -0.447212
vn 0.599514 -0.167681 -0.782602
vn 0.766040 0.642793 0.000000
vn 0.000004 0.000000 1.000000
vn 0.342585 -0.287462 -0.894428
vn -0.000009 0.000001 1.000000
vn 0.000000 0.000001 1.000000
vn -0.685174 0.574925 0.447211
vn -0.342588 0.287463 -0.894427
vn 0.599510 -0.167684 -0.782604
vn 0.342584 -0.287466 -0.894427
vn 0.738092 0.206445 0.642340
vn 0.000002 0.000000 1.000000
vn 0.000004 0.000000 1.000000
vn 0.685176 0.574923 -0.447211
vn 0.599508 -0.167685 -0.782606
vn 0.963039 0.269361 0.000000
vn 0.685176 0.574923 -0.447211
vn 0.342584 -0.287466 -0.894427
vn 0.766043 -0.642790 0.000000
vn -0.000004 0.000000 1.000000
vn -0.342584 0.287466 -0.894427
vn 0.685172 0.574926 -0.447213
vn 0.000003 0.000000 1.000000
vn 0.599510 -0.167684 -0.782604
vn -0.000000 0.000000 -1.000000
vn -0.000013 0.000000 -1.000000
vn 0.342583 -0.287466 -0.894427
vn 0.685171 -0.574927 -0.447212
vn 0.342583 -0.287466 -0.894427
vn 0.685169 -0.574929 0.447214
vn 0.000007 0.000000 -1.000000
vn 0.000013 0.000000 -1.000000
vn 0.766042 0.642790 -0.000001
vn 0.888204 -0.248432 -0.386490
vn 0.599509 0.167685 0.782605
vn 0.342582 0.287466 0.894428
vn -0.685172 0.574927 0.447211
vn -0.963039 0.269363 0.000000
vn -0.766042 0.642791 0.000000
vn -0.000003 -0.000001 -1.000000
vn 0.000000 -0.000001 -1.000000
vn 0.342583 -0.287464 -0.894428
vn 0.685173 -0.574925 0.447213
vn 0.599509 0.167685 0.782605
vn 0.599509 0.167685 0.782605
vn -0.685172 0.574927 0.447211
vn -0.963039 0.269363 0.000000
vn -0.000006 0.000000 -1.000000
vn -0.000013 0.000000 -1.000000
vn 0.599507 -0.167683 -0.782607
vn 0.685171 0.574927 -0.447213
vn 0.599509 0.167683 0.782605
vn 0.342589 0.287463 0.894426
vn -0.000002 0.000000 -1.000000
vn -0.000004 0.000000 -1.000000
vn 0.888205 -0.248431 -0.386490
vn 0.342586 0.287463 0.894427
vn -0.000002 0.000000 -1.000000
vn 0.685171 -0.574927 0.447214
vn 0.000002 -0.000001 -1.000000
vn 0.000013 -0.000001 -1.000000
vn 0.599512 -0.167683 -0.782603
vn 0.685169 0.574928 -0.447215
vn 0.599512 -0.167683 -0.782603
vn 0.599509 0.167683 0.782605
vn 0.342582 0.287464 0.894428
vn 0.599509 0.167683 0.782605
vn -0.685172 0.574925 0.447213
vn -0.000002 0.000000 -1.000000
vn -0.685172 0.574926 0.447213
vn 0.000003 0.000000 -1.000000
vn 0.342588 -0.287463 -0.894426
vn 0.599509 0.167683 0.782605
vn -0.000000 0.000000 -1.000000
vn -0.000001 0.000000 -1.000000
vn 0.888205 -0.248430 -0.386489
vn 0.599510 0.167683 0.782605
vn 0.342585 0.287463 0.894427
vn -0.685172 0.574926 0.447213
vn 0.000003 0.000000 -1.000000
vn 0.599510 0.167683 0.782605
vn 0.000004 0.000000 -1.000000
vn 0.599510 -0.167683 -0.782605
vn 0.685170 0.574928 -0.447213
vn 0.599511 0.167685 0.782604
vn 0.342583 0.287466 0.894427
vn 0.000006 0.000000 -1.000000
vn 0.766042 0.642791 0.000000
vn 0.888209 -0.248429 -0.386481
vn 0.599511 0.167684 0.782604
vn -0.685169 0.574928 0.447215
vn 0.342586 -0.287467 -0.894426
vn 0.685168 -0.574924 0.447223
vn -0.685169 0.574928 0.447215
vn -0.342585 -0.287463 0.894427
vn 0.000003 0.000000 -1.000000
vn 0.000013 0.000000 -1.000000
vn 0.685170 0.574928 -0.447214
vn 0.685171 0.574927 0.447214
vn 0.342586 0.287463 0.894427
vn 0.599511 0.167685 0.782604
vn 0.685174 -0.574924 0.447212
vn 0.342583 -0.287464 -0.894428
vn -0.000004 -0.000001 -1.000000
vn 0.000000 -1.000000 0.000000
vn 0.000000 -1.000000 0.000000
vn 0.000000 -1.000000 0.000000
vn -0.888166 0.000000 0.459522
vn -0.434822 0.000000 0.900516
vn -0.822054 0.408248 -0.396939
vn -0.459516 -0.000000 -0.888170
vn 0.324101 0.666667 -0.671203
vn 0.888171 0.000000 -0.459514
vn 0.900513 0.000000 0.434830
vn 0.888171 0.000000 -0.459514
vn 0.459511 0.000001 0.888172
vn 0.459517 0.000000 0.888169
vn -0.434822 0.000000 0.900517
vn 0.900508 0.000000 0.434839
vn 0.006172 0.894427 0.447171
vn 0.012344 0.447214 0.894342
vn 0.006172 0.894429 0.447168
vn 0.012344 0.447219 0.894339
vn 0.000000 1.000000 0.000000
vn 0.000000 1.000000 0.000000
vn 0.013801 0.000008 0.999905
vn 0.013802 -0.000002 0.999905
vn 0.012344 -0.447214 0.894342
vn 0.006172 -0.894427 0.447172
vn -0.434822 0.000000 0.900517
vn 0.459511 0.000001 0.888172
vn -0.888153 0.000000 0.459549
vn 0.013800 0.000000 0.999905
vn 0.013800 0.000000 0.999905
vn 0.013801 0.000000 0.999905
vn 0.999905 0.000000 -0.013788
vn 0.999905 0.000000 -0.013788
vn 0.000000 -1.000000 0.000000
vn 0.000000 -1.000000 0.000001
vn -0.434822 0.000000 0.900517
vn -0.999904 -0.000000 0.013849
vn -0.999904 0.000000 0.013849
vn 0.000000 -1.000000 0.000000
vn 0.000000 -1.000000 0.000000
vn -0.000000 -1.000000 0.000000
vn -0.793471 0.000000 0.608609
vn -0.269608 0.000000 0.962970
vn -0.879066 0.408248 -0.246124
vn -0.608604 -0.000000 -0.793474
vn 0.200961 0.666667 -0.717754
vn 0.793475 0.000000 -0.608603
vn 0.200961 0.666667 -0.717754
vn 0.962969 0.000000 0.269611
vn 0.608613 0.000000 0.793467
vn -0.793470 0.000000 0.608609
vn 0.608606 0.000000 0.793472
vn 0.962963 0.000000 0.269634
vn 0.084747 0.894426 0.439113
vn 0.169492 0.447215 0.878220
vn 0.084746 0.894429 0.439108
vn 0.169493 0.447220 0.878218
vn -0.000000 1.000000 -0.000000
vn 0.000000 1.000000 0.000000
vn 0.189500 0.000008 0.981881
vn 0.189500 0.000002 0.981881
vn 0.084747 0.894426 0.439113
vn 0.169493 -0.447212 0.878222
vn 0.084747 -0.894425 0.439115
vn 0.962969 0.000000 0.269611
vn -0.269597 0.000000 0.962973
vn -0.793455 0.000000 0.608629
vn 0.189499 0.000000 0.981881
vn 0.189500 0.000001 0.981881
vn 0.189499 0.000000 0.981881
vn 0.608606 0.000000 0.793472
vn 0.981885 0.000000 -0.189478
vn 0.981884 0.000000 -0.189482
vn 0.169493 -0.447212 0.878222
vn 0.000000 -1.000000 0.000000
vn 0.000000 -1.000000 0.000001
vn -0.269597 0.000000 0.962973
vn -0.981873 0.000000 0.189541
vn -0.981873 0.000000 0.189539
vn 0.000000 -1.000000 0.000000
vn -0.000000 -1.000000 0.000000
vn 0.000000 -1.000000 0.000000
vn -0.831460 0.000000 0.555585
vn -0.331811 0.000000 0.943346
vn -0.861149 0.408249 -0.302911
vn -0.555579 -0.000000 -0.831463
vn 0.247327 0.666667 -0.703125
vn 0.831465 -0.000001 -0.555578
vn 0.943343 -0.000000 0.331820
vn 0.831465 -0.000001 -0.555578
vn 0.555599 0.000000 0.831450
vn -0.831460 0.000000 0.555585
vn 0.555585 0.000000 0.831460
vn 0.943335 0.000000 0.331842
vn 0.247327 0.666667 -0.703125
vn 0.055940 0.894425 0.443705
vn 0.111879 0.447215 0.887402
vn 0.055938 0.894429 0.443697
vn 0.111878 0.447214 0.887403
vn -0.000000 1.000000 -0.000001
vn -0.000000 1.000000 -0.000001
vn 0.125083 0.000000 0.992146
vn 0.125084 -0.000022 0.992146
vn 0.055938 0.894429 0.443697
vn 0.111879 -0.447212 0.887403
vn 0.055940 -0.894425 0.443705
vn -0.331792 0.000000 0.943352
vn -0.831443 0.000000 0.555610
vn 0.125082 0.000000 0.992146
vn 0.125082 0.000000 0.992146
vn 0.125083 0.000000 0.992146
vn 0.992149 0.000000 -0.125059
vn -0.000000 -1.000000 -0.000000
vn -0.000000 -1.000000 -0.000001
vn -0.992142 0.000000 0.125121
vn -0.992142 0.000000 0.125118
vn -0.000000 -1.000000 0.000000
vn 0.000000 -1.000000 0.000000
vn -0.000000 -1.000000 0.000000
vn -0.746719 0.000000 0.665140
vn -0.198294 0.000000 0.980143
vn -0.894744 0.408249 -0.181016
vn -0.665137 0.000000 -0.746721
vn -0.894744 0.408249 -0.181016
vn 0.147801 0.666667 -0.730555
vn 0.746723 0.000000 -0.665135
vn 0.980142 0.000000 0.198298
vn 0.746723 0.000000 -0.665135
vn 0.665141 0.000000 0.746718
vn -0.746719 0.000000 0.665140
vn 0.665131 0.000000 0.746727
vn 0.980136 0.000000 0.198325
vn 0.147801 0.666667 -0.730555
vn 0.116711 0.894427 0.431717
vn 0.233421 0.447214 0.863432
vn 0.116710 0.894427 0.431716
vn 0.233421 0.447213 0.863432
vn 0.000000 1.000000 0.000000
vn 0.000000 1.000000 0.000001
vn 0.260972 -0.000001 0.965346
vn 0.260973 -0.000005 0.965346
vn 0.233421 0.447213 0.863432
vn 0.116710 0.894427 0.431716
vn 0.233421 -0.447213 0.863432
vn 0.116711 -0.894427 0.431716
vn -0.198281 0.000000 0.980145
vn 0.665141 0.000000 0.746718
vn -0.746696 0.000000 0.665166
vn 0.260971 0.000000 0.965347
vn 0.260971 0.000000 0.965347
vn 0.260972 0.000000 0.965347
vn 0.965355 0.000000 -0.260939
vn 0.965354 0.000000 -0.260944
vn -0.000000 -1.000000 -0.000001
vn -0.000000 -1.000000 -0.000001
vn -0.198281 0.000000 0.980145
vn -0.965335 0.000000 0.261014
vn -0.746696 0.000000 0.665166
vn -0.965334 0.000000 0.261017
vn 0.000000 -1.000000 0.000000
vn 0.000000 -1.000000 0.000000
vn 0.000000 -1.000000 0.000000
vn -0.889813 0.000001 0.456325
vn -0.438047 0.000001 0.898952
vn -0.820621 0.408249 -0.399893
vn -0.456319 0.000000 -0.889816
vn 0.326512 0.666667 -0.670034
vn 0.889817 0.000000 -0.456317
vn 0.898947 0.000000 0.438058
vn 0.456334 0.000000 0.889809
vn 0.456327 0.000001 0.889812
vn 0.898934 0.000000 0.438085
vn 0.326512 0.666667 -0.670034
vn 0.004564 0.894426 0.447192
vn 0.009128 0.447214 0.894380
vn 0.004563 0.894428 0.447188
vn 0.009128 0.447214 0.894380
vn 0.000000 1.000000 0.000000
vn 0.000000 1.000000 0.000000
vn 0.010206 0.000001 0.999948
vn 0.010207 -0.000010 0.999948
vn 0.009128 -0.447213 0.894381
vn 0.004564 -0.894426 0.447193
vn 0.898947 0.000000 0.438058
vn -0.438036 0.000000 0.898958
vn -0.889795 0.000000 0.456361
vn 0.010205 0.000000 0.999948
vn 0.010206 0.000000 0.999948
vn 0.010204 0.000000 0.999948
vn 0.456327 0.000001 0.889812
vn 0.999948 0.000000 -0.010172
vn 0.999948 0.000000 -0.010172
vn 0.009128 -0.447213 0.894381
vn 0.000000 -1.000000 0.000000
vn 0.000000 -1.000000 0.000001
vn -0.999947 0.000000 0.010262
vn -0.889795 0.000000 0.456361
vn -0.999947 0.000000 0.010262
vn -0.000000 -1.000000 0.000000
vn -0.000000 -1.000000 0.000000
vn -0.000000 -1.000000 0.000000
vn -0.912660 -0.000000 0.408719
vn -0.484902 0.000000 0.874568
vn -0.798371 0.408248 -0.442647
vn -0.408719 -0.000001 -0.912660
vn 0.361421 0.666667 -0.651867
vn 0.912661 0.000000 -0.408718
vn 0.361421 0.666667 -0.651867
vn 0.874574 0.000000 0.484892
vn 0.408741 0.000000 0.912650
vn -0.912660 -0.000000 0.408719
vn 0.408708 0.000000 0.912665
vn 0.874559 0.000000 0.484919
vn 0.361421 0.666667 -0.651867
vn -0.019044 0.894427 0.446808
vn -0.038090 0.447215 0.893615
vn -0.019045 0.894427 0.446808
vn -0.038089 0.447213 0.893616
vn 0.000000 1.000000 0.000000
vn 0.000000 1.000000 0.000000
vn -0.042585 -0.000001 0.999093
vn -0.042584 -0.000002 0.999093
vn -0.038089 0.447213 0.893616
vn -0.038090 -0.447212 0.893617
vn -0.019045 -0.894426 0.446810
vn 0.874574 0.000000 0.484892
vn -0.484870 0.000000 0.874586
vn -0.912649 0.000000 0.408745
vn -0.042587 0.000000 0.999093
vn -0.042588 0.000000 0.999093
vn -0.042586 0.000000 0.999093
vn 0.408708 0.000000 0.912665
vn 0.999092 0.000000 0.042614
vn 0.999092 0.000000 0.042615
vn -0.038090 -0.447212 0.893617
vn -0.000000 -1.000000 0.000001
vn 0.000000 -1.000000 0.000000
vn -0.484870 0.000000 0.874586
vn -0.999094 0.000000 -0.042556
vn -0.787635 -0.000000 -0.616142
vn -0.570980 0.336557 -0.748807
vn 0.151132 0.369398 -0.916899
vn 0.903335 0.000000 -0.428936
vn -0.335445 0.000000 0.942060
vn -0.833594 -0.000000 0.552378
vn 0.552380 0.000000 0.833592
vn 0.942057 0.000000 0.335452
vn 0.054231 0.894428 0.443912
vn 0.108462 0.447220 0.887824
vn 0.000000 1.000000 0.000000
vn 0.000000 1.000000 0.000000
vn 0.121264 0.000009 0.992620
vn 0.121263 0.000012 0.992620
vn 0.054231 0.894428 0.443912
vn 0.108463 0.447214 0.887826
vn 0.054232 0.894427 0.443914
vn 0.108463 -0.447214 0.887826
vn 0.054231 -0.894427 0.443914
vn 0.552387 -0.000000 0.833588
vn 0.942059 0.000000 0.335448
vn -0.335437 0.000000 0.942062
vn -0.833591 0.000000 0.552382
vn 0.121265 0.000000 0.992620
vn 0.121265 0.000000 0.992620
vn 0.121265 0.000000 0.992620
vn 0.552380 0.000000 0.833592
vn 0.992620 0.000000 -0.121263
vn 0.992621 0.000000 -0.121261
vn -0.000000 -1.000000 -0.000001
vn -0.000000 -1.000000 -0.000001
vn -0.992620 0.000000 0.121268
vn -0.992620 0.000000 0.121268
vn -0.061294 0.862856 -0.501720
vn -0.030647 0.967538 -0.250860
vn 0.151132 0.369398 -0.916899
vn -0.061294 0.862856 -0.501720
vn -0.129777 -0.570826 -0.810750
vn -0.290640 -0.090399 -0.952552
vn 0.210476 0.161591 -0.964151
vn 0.259557 -0.555965 -0.789641
vn -0.195094 0.898553 -0.393117
vn 0.195098 0.898552 -0.393117
vn 0.195419 0.881465 -0.429919
vn -0.195415 0.862896 -0.466073
vn 0.195320 0.825109 -0.530137
vn -0.195316 0.806322 -0.558298
vn 0.195348 0.764678 -0.614090
vn -0.195316 0.806322 -0.558298
vn -0.195344 0.741716 -0.641637
vn 0.195096 0.717828 -0.668327
vn -0.195091 0.717829 -0.668327
vn -0.195092 0.653733 -0.731145
vn 0.195094 0.653732 -0.731145
vn 0.195296 0.523145 0.829565
vn -0.195291 0.549923 0.812063
vn -0.195485 0.456543 0.867960
vn 0.195493 0.416212 0.888003
vn 0.264301 0.760755 0.592787
vn 0.707518 0.390647 0.588908
vn 0.837824 0.442476 0.319792
vn 0.707518 0.390647 0.588908
vn 0.972309 0.131040 0.193504
vn 0.837824 0.442476 0.319792
vn 0.986223 0.132359 0.099226
vn 0.195489 0.290493 0.936695
vn -0.195489 0.333188 0.922372
vn -0.195293 0.216239 0.956609
vn 0.195295 0.184929 0.963152
vn -0.195089 0.153459 0.968706
vn 0.195098 0.153459 0.968704
vn -0.978215 -0.182988 0.098035
vn -0.997192 -0.059618 -0.045317
vn -0.797168 -0.603758 0.000000
vn -0.603746 -0.797177 0.000000
vn -0.382688 -0.923878 0.000000
vn -0.603746 -0.797176 0.000000
vn -0.382686 -0.923879 0.000000
vn 0.997192 -0.071375 -0.022658
vn 0.978215 -0.068196 0.196072
vn 0.797171 -0.603754 0.000000
vn 0.603750 -0.797174 0.000000
vn 0.797171 -0.603754 0.000000
vn 0.382692 -0.923876 0.000000
vn 0.603750 -0.797174 0.000000
vn 0.382690 -0.923877 0.000000
vn -0.972315 0.196592 -0.126310
vn -0.972344 0.209917 -0.102384
vn -0.924103 0.336232 -0.181608
vn -0.924034 0.314319 -0.217635
vn -0.383078 0.777135 -0.499312
vn -0.383251 0.830166 -0.404899
vn -0.195415 0.862896 -0.466073
vn -0.975389 0.176420 0.132262
vn -0.972309 0.124657 0.197675
vn -0.707515 0.382660 0.594133
vn -0.662609 0.610691 0.433598
vn 0.195296 0.523145 0.829565
vn 0.264301 0.760755 0.592787
vn -0.185091 0.845894 0.500205
vn 0.972343 0.205497 -0.110994
vn 0.972315 0.192115 -0.133020
vn 0.924034 0.321644 -0.206657
vn 0.924105 0.343464 -0.167520
vn 0.383255 0.812675 -0.438948
vn 0.383084 0.759435 -0.525837
vn 0.195419 0.881465 -0.429919
vn -0.972324 0.182166 -0.146293
vn -0.972315 0.196592 -0.126310
vn -0.924034 0.314319 -0.217635
vn -0.924053 0.289102 -0.250092
vn -0.383126 0.720206 -0.578374
vn -0.195344 0.741716 -0.641637
vn 0.972323 0.176701 -0.152857
vn 0.924052 0.298055 -0.239356
vn 0.924034 0.321644 -0.206657
vn 0.383132 0.698575 -0.604320
vn 0.195320 0.825109 -0.530137
vn -0.972302 0.166126 -0.164410
vn -0.924053 0.289102 -0.250092
vn -0.835967 0.372643 -0.402861
vn -0.382688 0.676180 -0.629548
vn -0.195344 0.741716 -0.641637
vn 0.972302 0.161031 -0.169405
vn 0.763319 0.441738 -0.471392
vn -0.970929 0.074614 -0.227441
vn -0.835967 0.372643 -0.402861
vn -0.785600 0.103055 -0.610092
vn -0.835967 0.372643 -0.402861
vn -0.195092 0.653732 -0.731145
vn 0.970929 -0.047767 -0.234553
vn 0.785602 -0.031684 -0.617920
vn 0.972302 0.161031 -0.169405
vn 0.785602 -0.031684 -0.617920
vn 0.763319 0.441738 -0.471392
vn 0.210476 0.161591 -0.964151
vn -0.970929 0.074614 -0.227441
vn -0.785600 0.103055 -0.610092
vn -0.603747 -0.458928 -0.651824
vn -0.290640 -0.090399 -0.952552
vn -0.290640 -0.090399 -0.952552
vn 0.210476 0.161591 -0.964151
vn 0.259557 -0.555965 -0.789641
vn 0.785602 -0.031684 -0.617920
vn 0.797170 -0.347579 -0.493669
vn 0.785602 -0.031684 -0.617920
vn 0.970929 -0.047767 -0.234553
vn 0.972364 0.108685 0.206628
vn 0.707927 0.320354 0.629454
vn 0.707518 0.390647 0.588908
vn 0.195296 0.523145 0.829565
vn 0.195296 0.523145 0.829565
vn -0.972364 0.099083 0.211400
vn -0.707922 0.308326 0.635438
vn -0.707515 0.382660 0.594133
vn -0.707515 0.382660 0.594133
vn 0.972364 0.079320 0.219582
vn 0.707927 0.320354 0.629454
vn 0.707925 0.231001 0.667443
vn 0.195493 0.416212 0.888003
vn -0.972364 0.069156 0.222992
vn -0.707925 0.218261 0.671718
vn -0.972364 0.099083 0.211400
vn -0.707925 0.218261 0.671718
vn -0.195485 0.456543 0.867960
vn 0.972309 0.051528 0.227948
vn 0.707925 0.231001 0.667443
vn 0.707517 0.149224 0.690762
vn 0.707925 0.231001 0.667443
vn 0.195489 0.290493 0.936695
vn -0.972309 0.044067 0.229506
vn -0.707515 0.139879 0.692717
vn -0.195293 0.216238 0.956609
vn -0.707925 0.218261 0.671718
vn -0.195489 0.333188 0.922372
vn 0.382696 0.846415 -0.370305
vn 0.195419 0.881465 -0.429919
vn 0.975388 0.219093 -0.024809
vn 0.972343 0.205497 -0.110994
vn 0.764608 0.635825 0.105365
vn 0.603749 0.124730 0.787356
vn 0.603749 0.124730 0.787356
vn 0.972309 0.051528 0.227948
vn -0.978215 -0.182988 0.098035
vn -0.797167 0.094467 0.596322
vn -0.972309 0.044067 0.229506
vn -0.707515 0.139879 0.692717
vn -0.797167 0.094467 0.596322
vn -0.707515 0.139879 0.692717
vn -0.195293 0.216238 0.956609
vn -0.707515 0.382660 0.594133
vn -0.662609 0.610691 0.433598
vn -0.382693 0.846414 -0.370311
vn -0.383251 0.830166 -0.404899
vn -0.195094 0.898553 -0.393117
vn -0.195415 0.862896 -0.466073
vn -0.986224 0.164366 -0.018612
vn -0.891748 0.452180 0.017879
vn -0.972344 0.209917 -0.102384
vn 0.975389 0.219093 -0.024809
vn 0.975388 0.219093 -0.024809
vn 0.764608 0.635825 0.105365
vn 0.161989 0.952275 0.258712
vn -0.975389 0.176420 0.132262
vn -0.323976 0.912972 0.248035
vn -0.662609 0.610691 0.433598
vn -0.891748 0.452180 0.017879
vn 0.264301 0.760755 0.592787
vn -0.129777 -0.570824 -0.810751
vn -0.290641 -0.090400 -0.952552
vn 0.210477 0.161590 -0.964151
vn 0.259558 -0.555963 -0.789642
vn -0.195094 0.898553 -0.393117
vn 0.195096 0.898553 -0.393115
vn 0.195419 0.881465 -0.429920
vn -0.195416 0.862895 -0.466074
vn 0.195320 0.825109 -0.530137
vn -0.195317 0.806322 -0.558298
vn 0.195348 0.764679 -0.614090
vn -0.195317 0.806322 -0.558298
vn -0.195344 0.741715 -0.641637
vn 0.195096 0.717829 -0.668326
vn -0.195091 0.717830 -0.668326
vn -0.195092 0.653733 -0.731144
vn 0.195094 0.653732 -0.731145
vn 0.195295 0.523146 0.829565
vn -0.195291 0.549922 0.812063
vn -0.195485 0.456542 0.867960
vn 0.195493 0.416213 0.888003
vn 0.264302 0.760755 0.592787
vn 0.707517 0.390650 0.588908
vn 0.837824 0.442474 0.319792
vn 0.972309 0.131040 0.193504
vn 0.837824 0.442474 0.319792
vn 0.986223 0.132353 0.099226
vn 0.195489 0.290494 0.936695
vn -0.195490 0.333187 0.922372
vn -0.195293 0.216238 0.956609
vn 0.195295 0.184929 0.963152
vn 0.195489 0.290494 0.936695
vn -0.195089 0.153460 0.968705
vn 0.195098 0.153459 0.968704
vn -0.195293 0.216238 0.956609
vn -0.978216 -0.182983 0.098035
vn -0.997192 -0.059617 -0.045317
vn -0.797169 -0.603756 0.000000
vn -0.603747 -0.797176 0.000000
vn -0.382686 -0.923878 0.000000
vn -0.382689 -0.923877 0.000000
vn 0.997192 -0.071375 -0.022658
vn 0.978215 -0.068195 0.196071
vn 0.797168 -0.603757 0.000000
vn 0.603747 -0.797176 0.000000
vn 0.382694 -0.923875 0.000000
vn 0.382694 -0.923875 0.000000
vn -0.972316 0.196589 -0.126310
vn -0.972343 0.209920 -0.102384
vn -0.924105 0.336227 -0.181608
vn -0.924035 0.314316 -0.217635
vn -0.383077 0.777136 -0.499311
vn -0.383250 0.830167 -0.404898
vn -0.195317 0.806322 -0.558298
vn -0.975388 0.176421 0.132262
vn -0.972309 0.124661 0.197675
vn -0.707515 0.382659 0.594134
vn -0.662609 0.610690 0.433598
vn 0.264302 0.760755 0.592787
vn -0.185091 0.845893 0.500206
vn 0.972344 0.205494 -0.110994
vn 0.972316 0.192113 -0.133020
vn 0.924032 0.321648 -0.206657
vn 0.924103 0.343468 -0.167519
vn 0.383258 0.812672 -0.438950
vn 0.383084 0.759436 -0.525837
vn -0.972323 0.182169 -0.146293
vn -0.924035 0.314316 -0.217635
vn -0.924054 0.289098 -0.250092
vn -0.383126 0.720207 -0.578374
vn 0.972324 0.176696 -0.152857
vn 0.924053 0.298051 -0.239357
vn 0.972316 0.192113 -0.133020
vn 0.383131 0.698576 -0.604319
vn 0.383084 0.759436 -0.525837
vn 0.195348 0.764679 -0.614090
vn 0.195320 0.825109 -0.530137
vn -0.972302 0.166127 -0.164410
vn -0.972323 0.182169 -0.146293
vn -0.835968 0.372641 -0.402860
vn -0.382687 0.676181 -0.629547
vn 0.972302 0.161031 -0.169405
vn 0.763320 0.441738 -0.471393
vn 0.195348 0.764678 -0.614090
vn -0.970929 0.074615 -0.227441
vn -0.785600 0.103054 -0.610092
vn -0.835968 0.372641 -0.402860
vn -0.195092 0.653733 -0.731144
vn -0.290641 -0.090400 -0.952552
vn 0.970929 -0.047767 -0.234553
vn 0.785602 -0.031685 -0.617921
vn 0.972302 0.161031 -0.169405
vn 0.763320 0.441738 -0.471393
vn 0.763320 0.441738 -0.471393
vn -0.785600 0.103054 -0.610092
vn -0.785600 0.103054 -0.610092
vn -0.603747 -0.458927 -0.651824
vn -0.785600 0.103054 -0.610092
vn -0.290641 -0.090400 -0.952552
vn -0.129777 -0.570824 -0.810751
vn 0.785602 -0.031685 -0.617921
vn 0.797170 -0.347577 -0.493670
vn 0.785602 -0.031685 -0.617921
vn 0.970929 -0.047767 -0.234553
vn 0.972364 0.108685 0.206628
vn 0.972309 0.131040 0.193504
vn 0.707926 0.320357 0.629454
vn 0.195295 0.523146 0.829565
vn 0.707926 0.320357 0.629454
vn 0.195295 0.523146 0.829565
vn -0.972364 0.099088 0.211400
vn -0.707922 0.308325 0.635438
vn 0.972364 0.079321 0.219582
vn 0.707926 0.320357 0.629454
vn 0.707925 0.231003 0.667443
vn 0.195489 0.290494 0.936695
vn -0.972364 0.069158 0.222992
vn -0.707925 0.218262 0.671718
vn -0.707922 0.308325 0.635438
vn 0.972309 0.051528 0.227948
vn 0.972364 0.079321 0.219582
vn 0.707925 0.231003 0.667443
vn 0.707517 0.149224 0.690762
vn 0.195489 0.290494 0.936695
vn 0.195489 0.290494 0.936695
vn -0.972309 0.044065 0.229506
vn -0.707515 0.139879 0.692717
vn -0.707925 0.218262 0.671718
vn -0.707924 0.218262 0.671718
vn -0.707925 0.218262 0.671718
vn -0.195293 0.216238 0.956609
vn 0.382698 0.846414 -0.370306
vn 0.975389 0.219091 -0.024809
vn 0.764605 0.635829 0.105365
vn 0.603749 0.124730 0.787356
vn 0.195295 0.184929 0.963152
vn 0.707517 0.149224 0.690762
vn 0.603749 0.124730 0.787356
vn -0.797167 0.094469 0.596322
vn -0.972309 0.044065 0.229506
vn -0.707515 0.139879 0.692717
vn -0.195089 0.153460 0.968706
vn -0.195293 0.216238 0.956609
vn -0.195291 0.549922 0.812063
vn -0.382689 0.846417 -0.370307
vn -0.195094 0.898553 -0.393117
vn -0.195094 0.898553 -0.393117
vn -0.986222 0.164376 -0.018612
vn -0.891746 0.452183 0.017879
vn -0.972343 0.209920 -0.102384
vn 0.837824 0.442474 0.319792
vn 0.975389 0.219091 -0.024809
vn 0.764605 0.635829 0.105365
vn 0.161990 0.952275 0.258713
vn -0.891746 0.452183 0.017879
vn -0.891746 0.452183 0.017879
vn -0.323975 0.912973 0.248034
vn -0.662609 0.610690 0.433598
vn 0.264302 0.760755 0.592787
vn -0.185091 0.845893 0.500206
vn -0.129775 -0.570828 -0.810749
vn -0.290639 -0.090399 -0.952553
vn 0.210476 0.161592 -0.964151
vn 0.259558 -0.555964 -0.789641
vn -0.195093 0.898553 -0.393117
vn 0.195096 0.898554 -0.393114
vn 0.195420 0.881465 -0.429920
vn -0.195416 0.862895 -0.466075
vn 0.195320 0.825109 -0.530137
vn -0.195317 0.806321 -0.558300
vn 0.195348 0.764678 -0.614090
vn -0.195343 0.741715 -0.641638
vn 0.195095 0.717830 -0.668325
vn -0.195089 0.717832 -0.668325
vn -0.195090 0.653734 -0.731144
vn 0.195094 0.653732 -0.731144
vn 0.195296 0.523145 0.829565
vn -0.195290 0.549923 0.812063
vn -0.195485 0.456541 0.867961
vn 0.195493 0.416212 0.888003
vn 0.264300 0.760755 0.592787
vn 0.707520 0.390644 0.588908
vn 0.837826 0.442473 0.319790
vn 0.972310 0.131037 0.193501
vn 0.986224 0.132353 0.099225
vn -0.195488 0.333189 0.922372
vn -0.195292 0.216238 0.956610
vn 0.195295 0.184928 0.963152
vn -0.195088 0.153459 0.968706
vn -0.978216 -0.182982 0.098034
vn -0.997192 -0.059619 -0.045316
vn -0.797167 -0.603759 0.000000
vn -0.603746 -0.797177 0.000000
vn -0.797167 -0.603759 0.000000
vn -0.382680 -0.923881 0.000000
vn -0.603746 -0.797177 0.000000
vn -0.382688 -0.923878 0.000000
vn 0.997192 -0.071376 -0.022658
vn 0.978216 -0.068199 0.196069
vn 0.797167 -0.603759 0.000000
vn 0.603750 -0.797174 0.000000
vn 0.797167 -0.603759 0.000000
vn 0.382698 -0.923873 0.000000
vn 0.603750 -0.797174 0.000000
vn 0.382697 -0.923874 0.000000
vn -0.972317 0.196587 -0.126309
vn -0.972345 0.209911 -0.102383
vn -0.924106 0.336225 -0.181606
vn -0.924033 0.314323 -0.217632
vn -0.383076 0.777136 -0.499312
vn -0.383248 0.830168 -0.404898
vn -0.195317 0.806321 -0.558300
vn -0.975389 0.176421 0.132260
vn -0.972309 0.124661 0.197672
vn -0.707516 0.382657 0.594134
vn -0.662608 0.610692 0.433597
vn -0.195290 0.549924 0.812063
vn -0.185090 0.845894 0.500205
vn 0.972344 0.205495 -0.110992
vn 0.972317 0.192110 -0.133019
vn 0.924036 0.321637 -0.206655
vn 0.924109 0.343454 -0.167518
vn 0.383256 0.812674 -0.438949
vn 0.383083 0.759437 -0.525835
vn -0.972323 0.182170 -0.146291
vn -0.924033 0.314323 -0.217632
vn -0.924055 0.289099 -0.250089
vn -0.383125 0.720205 -0.578376
vn -0.383076 0.777136 -0.499312
vn -0.195317 0.806321 -0.558299
vn 0.972324 0.176694 -0.152855
vn 0.924056 0.298045 -0.239354
vn 0.972317 0.192110 -0.133019
vn 0.924036 0.321637 -0.206655
vn 0.383129 0.698579 -0.604317
vn -0.972303 0.166125 -0.164408
vn -0.924055 0.289099 -0.250089
vn -0.835970 0.372639 -0.402858
vn -0.382685 0.676182 -0.629547
vn -0.195343 0.741715 -0.641638
vn 0.972303 0.161024 -0.169403
vn 0.763322 0.441736 -0.471390
vn 0.382687 0.676187 -0.629541
vn 0.195095 0.717830 -0.668324
vn 0.195095 0.717830 -0.668325
vn -0.970930 0.074612 -0.227438
vn -0.972303 0.166125 -0.164408
vn -0.785601 0.103055 -0.610091
vn 0.970930 -0.047769 -0.234550
vn 0.785604 -0.031687 -0.617918
vn 0.972303 0.161024 -0.169403
vn -0.970930 0.074612 -0.227438
vn -0.785600 0.103055 -0.610091
vn -0.997192 -0.059619 -0.045316
vn -0.603746 -0.458930 -0.651823
vn -0.603746 -0.458930 -0.651823
vn -0.290639 -0.090399 -0.952553
vn 0.210476 0.161592 -0.964151
vn 0.785604 -0.031687 -0.617918
vn 0.259558 -0.555964 -0.789641
vn 0.797172 -0.347576 -0.493667
vn 0.785604 -0.031687 -0.617918
vn 0.797172 -0.347576 -0.493667
vn 0.970930 -0.047769 -0.234550
vn 0.972365 0.108681 0.206626
vn 0.707520 0.390644 0.588908
vn 0.707929 0.320353 0.629453
vn -0.972365 0.099085 0.211397
vn -0.707924 0.308324 0.635437
vn -0.707924 0.308324 0.635437
vn 0.972364 0.079323 0.219579
vn 0.707929 0.320353 0.629453
vn 0.707929 0.320353 0.629453
vn 0.707926 0.231003 0.667442
vn 0.707929 0.320353 0.629453
vn 0.195493 0.416212 0.888003
vn -0.972365 0.069156 0.222989
vn -0.707925 0.218264 0.671716
vn -0.707925 0.218264 0.671716
vn -0.707924 0.308324 0.635437
vn 0.972309 0.051533 0.227945
vn 0.707926 0.231003 0.667442
vn 0.707926 0.231003 0.667442
vn 0.707519 0.149225 0.690760
vn 0.707926 0.231003 0.667442
vn -0.972310 0.044067 0.229503
vn -0.707516 0.139878 0.692716
vn -0.972365 0.069156 0.222989
vn -0.707925 0.218264 0.671716
vn -0.195488 0.333189 0.922372
vn 0.382695 0.846415 -0.370304
vn 0.975390 0.219087 -0.024809
vn 0.972344 0.205495 -0.110993
vn 0.764608 0.635825 0.105363
vn 0.603751 0.124728 0.787355
vn 0.195295 0.184928 0.963152
vn 0.707519 0.149225 0.690760
vn 0.603751 0.124728 0.787355
vn 0.707519 0.149225 0.690760
vn -0.978216 -0.182982 0.098034
vn -0.797169 0.094468 0.596320
vn -0.707516 0.139878 0.692716
vn -0.707516 0.139878 0.692716
vn -0.195088 0.153459 0.968706
vn -0.707516 0.139878 0.692716
vn -0.195292 0.216238 0.956610
vn -0.195290 0.549924 0.812063
vn -0.195290 0.549924 0.812063
vn -0.382685 0.846419 -0.370306
vn -0.195093 0.898553 -0.393117
vn -0.383248 0.830168 -0.404898
vn -0.986224 0.164365 -0.018612
vn -0.891749 0.452178 0.017879
vn -0.972345 0.209911 -0.102383
vn 0.975390 0.219087 -0.024809
vn 0.264300 0.760755 0.592787
vn 0.764608 0.635825 0.105363
vn -0.975389 0.176421 0.132260
vn -0.662608 0.610692 0.433597
vn -0.891749 0.452178 0.017879
vn -0.323974 0.912973 0.248035
vn -0.891749 0.452178 0.017879
vn -0.185090 0.845894 0.500205
vn 0.264300 0.760755 0.592787
vn -0.000001 0.000000 -1.000000
vn -0.000001 0.447214 -0.894427
vn -0.000001 0.000000 -1.000000
vn 0.000000 -0.000001 -1.000000
vn 0.000000 0.707106 -0.707107
vn 0.000000 -0.707106 0.707107
vn 0.000000 0.707107 0.707107
vn 0.000000 0.707107 -0.707107
vn 0.000000 -0.707107 0.707107
vn 0.000000 0.707107 0.707107
vn 0.000000 0.707107 0.707107
vn 0.000000 -0.707107 0.707107
vn 0.000000 -0.707107 0.707107
vn 0.000000 0.999499 0.031654
vn 0.244077 0.657850 0.712503
vn 0.000000 0.684370 0.729135
vn 0.717279 -0.696695 0.011259
vn 0.484503 -0.693305 -0.533465
vn 0.297107 -0.279036 -0.913163
vn 0.000000 -0.630970 -0.775807
vn 0.000000 0.628679 -0.777665
vn -0.717280 -0.452030 -0.530262
vn -0.484502 -0.858568 -0.167685
vn -0.499993 -0.438517 -0.746800
vn 0.316234 -0.945295 -0.080085
vn 0.588516 -0.808380 0.013060
vn -0.297104 -0.869695 0.394157
vn -0.892862 0.066613 0.445375
vn -0.841991 0.533558 -0.079798
vn -0.841991 0.533558 -0.079798
vn -0.892863 0.066613 0.445375
vn 0.200686 -0.975425 0.090942
vn 0.841993 0.292771 0.453138
vn 0.292402 0.759839 -0.580642
vn 0.453372 0.887705 0.080208
vn 0.841993 0.292771 0.453138
vn 0.453372 0.887705 0.080208
vn -0.292404 0.066487 0.953981
vn 0.378447 -0.145194 0.914165
vn -0.292404 0.066487 0.953981
vn 0.244077 0.657850 0.712503
vn 0.000000 0.999499 0.031654
vn 0.292402 0.759839 -0.580642
vn -0.172375 -0.394728 -0.902483
vn 0.344742 -0.424114 -0.837425
vn 0.252722 0.398386 -0.881714
vn -0.505446 0.355276 -0.786323
vn 0.297107 -0.279036 -0.913163
vn -0.344743 -0.908751 0.235212
vn 0.000000 -0.775814 0.630962
vn 0.659913 -0.595466 -0.458186
vn -0.297104 -0.869695 0.394157
vn -0.659910 -0.737412 -0.144020
vn -0.344743 -0.908751 0.235212
vn 0.200686 -0.975425 0.090942
vn 0.200686 -0.975425 0.090942
vn -0.588514 -0.524501 -0.615264
vn 0.717279 -0.696695 0.011259
vn -0.096877 -0.689098 -0.718163
vn 0.193752 -0.705561 -0.681648
vn 0.049122 -0.816536 -0.575201
vn -0.098245 -0.824893 -0.556687
vn -0.588515 -0.524501 -0.615264
vn -0.505446 0.355276 -0.786323
vn -0.967540 0.104051 -0.230305
vn 0.344742 -0.424114 -0.837425
vn 0.659913 -0.595466 -0.458186
vn 0.862853 0.208118 -0.460620
vn 0.252722 0.398386 -0.881714
vn -0.862855 -0.208118 0.460617
vn 0.967539 -0.104051 0.230306
vn 0.659913 -0.595466 -0.458186
vn -0.344743 -0.908751 0.235212
vn -0.252727 -0.398370 0.881720
vn 0.316234 -0.945295 -0.080085
vn 0.707108 -0.291136 0.644389
vn -0.252727 -0.398370 0.881720
vn 0.000000 -0.411731 0.911305
vn 0.096876 -0.994391 -0.042450
vn -0.193756 -0.977867 -0.078957
vn -0.049126 -0.971335 -0.232583
vn 0.098246 -0.962967 -0.251082
vn 0.330675 -0.921491 -0.203735
vn 0.096876 -0.994391 -0.042450
vn 0.281366 -0.902188 -0.326940
vn -0.370724 -0.881637 -0.292027
vn -0.201276 -0.934717 -0.292904
vn 0.370724 -0.801864 -0.468592
vn 0.330675 -0.921491 -0.203735
vn 0.201277 -0.837605 -0.507844
vn -0.330680 -0.761943 -0.556860
vn -0.281364 -0.841647 -0.460938
vn -0.370724 -0.881637 -0.292027
vn 0.193752 -0.705561 -0.681648
vn 0.201277 -0.837605 -0.507844
vn 0.049122 -0.816536 -0.575201
vn -0.330680 -0.761943 -0.556860
vn -0.281364 -0.841647 -0.460938
vn 0.603036 0.028913 -0.797190
vn -0.376505 -0.465367 -0.801048
vn -0.603018 0.579117 -0.548628
vn 0.376497 0.908711 -0.180263
vn 0.000000 -0.847069 -0.531482
vn 0.000000 -0.847053 -0.531508
vn 0.603036 0.028913 -0.797190
vn 0.989588 0.059251 -0.131166
vn 0.989589 0.059237 -0.131166
vn 0.603036 0.028913 -0.797190
vn 0.603036 0.028913 -0.797190
vn 0.000000 0.958726 0.284330
vn 0.000000 0.958709 0.284389
vn 0.376497 0.908711 -0.180263
vn -0.989588 0.059254 -0.131166
vn -0.989588 0.059252 -0.131164
vn 0.707107 0.000000 0.707107
vn 0.816497 -0.408248 0.408248
vn 0.707107 0.707107 0.000000
vn 0.408248 0.408248 0.816497
vn -0.816497 -0.408248 -0.408248
vn 0.704980 0.011298 -0.709137
vn 0.000000 -0.008901 -0.999960
vn 0.666667 0.666667 -0.333333
vn 0.819451 -0.400729 0.409776
vn 0.962251 -0.192450 -0.192450
vn -0.965249 -0.180154 0.189310
vn 0.333333 -0.666667 -0.666667
vn -0.447214 -0.894427 0.000000
vn -0.999955 0.009477 0.000000
vn -0.999768 0.020513 -0.006528
vn -0.965249 -0.180154 0.189310
vn -0.719574 0.132747 0.681609
vn 0.717161 0.259553 0.646770
vn -0.447214 0.455468 0.769772
vn 0.894429 0.227726 0.384887
vn 0.716343 -0.121261 -0.687130
vn 0.000000 -0.354541 -0.935041
vn -0.719574 0.132747 0.681609
vn 0.704980 0.011298 -0.709137
vn 0.717161 0.259553 0.646770
vn 0.716343 -0.121261 -0.687130
vn 0.716343 -0.121261 -0.687130
vn 0.447212 -0.455468 -0.769773
vn 0.000000 -0.509221 -0.860636
vn 0.000000 0.999499 0.031653
vn 0.000000 0.684370 0.729135
vn 0.717280 -0.696694 0.011255
vn 0.484503 -0.693305 -0.533466
vn 0.297106 -0.279031 -0.913165
vn 0.000000 -0.630966 -0.775810
vn 0.000000 0.628679 -0.777665
vn -0.717280 -0.452030 -0.530263
vn -0.484502 -0.858569 -0.167682
vn -0.499992 -0.438518 -0.746800
vn 0.316232 -0.945295 -0.080091
vn 0.588512 -0.808383 0.013060
vn -0.297103 -0.869694 0.394161
vn -0.692702 0.548582 0.468212
vn -0.841992 0.533556 -0.079799
vn -0.892864 0.066611 0.445374
vn -0.717280 -0.452030 -0.530263
vn -0.717280 -0.452030 -0.530263
vn -0.841992 0.533556 -0.079799
vn 0.200686 -0.975425 0.090943
vn 0.892862 0.378250 -0.244385
vn 0.453373 0.887705 0.080207
vn 0.892862 0.378250 -0.244385
vn 0.378447 -0.145194 0.914165
vn 0.244077 0.657850 0.712502
vn 0.292403 0.759838 -0.580643
vn 0.453373 0.887705 0.080207
vn 0.378447 -0.145194 0.914165
vn -0.292404 0.066484 0.953981
vn -0.172374 -0.394724 -0.902485
vn 0.344743 -0.424117 -0.837423
vn 0.252719 0.398380 -0.881718
vn -0.505445 0.355279 -0.786322
vn -0.344742 -0.908752 0.235208
vn 0.000000 -0.775811 0.630965
vn 0.659917 -0.595467 -0.458180
vn -0.297103 -0.869694 0.394161
vn 0.297106 -0.279031 -0.913165
vn 0.484503 -0.693305 -0.533466
vn -0.659909 -0.737413 -0.144022
vn 0.200686 -0.975425 0.090943
vn -0.297103 -0.869694 0.394161
vn 0.200686 -0.975425 0.090943
vn 0.200686 -0.975425 0.090943
vn -0.588515 -0.524499 -0.615265
vn 0.717280 -0.696694 0.011255
vn 0.484503 -0.693305 -0.533466
vn -0.659909 -0.737413 -0.144022
vn -0.717280 -0.452030 -0.530263
vn 0.588512 -0.808383 0.013060
vn -0.096877 -0.689104 -0.718158
vn 0.193752 -0.705562 -0.681646
vn 0.049122 -0.816538 -0.575198
vn -0.098244 -0.824893 -0.556686
vn -0.588515 -0.524499 -0.615265
vn -0.505445 0.355279 -0.786322
vn -0.967539 0.104062 -0.230304
vn 0.862854 0.208116 -0.460620
vn -0.588515 -0.524499 -0.615265
vn -0.862856 -0.208114 0.460617
vn 0.967538 -0.104054 0.230312
vn -0.659909 -0.737413 -0.144022
vn -0.252728 -0.398366 0.881722
vn 0.588512 -0.808383 0.013060
vn 0.316232 -0.945295 -0.080091
vn 0.707101 -0.291143 0.644395
vn -0.252728 -0.398366 0.881722
vn 0.096876 -0.994390 -0.042456
vn -0.193755 -0.977868 -0.078949
vn -0.049126 -0.971335 -0.232584
vn 0.098245 -0.962966 -0.251088
vn 0.330676 -0.921491 -0.203733
vn 0.281369 -0.902188 -0.326937
vn -0.370722 -0.881637 -0.292029
vn -0.201276 -0.934716 -0.292905
vn 0.370728 -0.801862 -0.468591
vn 0.330676 -0.921491 -0.203733
vn 0.281369 -0.902188 -0.326937
vn 0.201278 -0.837604 -0.507845
vn -0.330677 -0.761940 -0.556866
vn -0.281362 -0.841645 -0.460944
vn -0.370722 -0.881637 -0.292029
vn 0.370728 -0.801862 -0.468591
vn 0.201278 -0.837604 -0.507845
vn -0.330677 -0.761940 -0.556866
vn 0.603030 0.028928 -0.797194
vn -0.376505 -0.465361 -0.801051
vn -0.603017 0.579118 -0.548628
vn 0.376494 0.908711 -0.180267
vn 0.000000 -0.847067 -0.531486
vn -0.376505 -0.465361 -0.801051
vn 0.989585 0.059275 -0.131177
vn 0.989586 0.059266 -0.131178
vn 0.603030 0.028928 -0.797194
vn 0.603030 0.028928 -0.797194
vn 0.000000 0.958727 0.284330
vn 0.000000 0.958710 0.284387
vn 0.376494 0.908711 -0.180267
vn 0.376494 0.908711 -0.180267
vn -0.603017 0.579118 -0.548628
vn -0.989588 0.059258 -0.131166
vn -0.603017 0.579118 -0.548628
vn 0.704980 0.011296 -0.709137
vn 0.000000 -0.008901 -0.999960
vn 0.819451 -0.400730 0.409776
vn -0.965250 -0.180153 0.189310
vn -0.999955 0.009479 0.000000
vn -0.999768 0.020515 -0.006529
vn -0.719574 0.132747 0.681609
vn -0.965250 -0.180153 0.189310
vn 0.717162 0.259551 0.646771
vn 0.894426 0.227738 0.384886
vn 0.716344 -0.121256 -0.687130
vn 0.000000 -0.354543 -0.935040
vn 0.717162 0.259551 0.646771
vn 0.717162 0.259551 0.646771
vn 0.447214 -0.455462 -0.769775
vn 0.000000 -0.509225 -0.860633
vn -1.000000 0.000002 0.000000
vn 0.000000 0.999499 0.031651
vn 0.000000 0.684373 0.729132
vn 0.717280 -0.696694 0.011253
vn 0.484503 -0.693305 -0.533464
vn 0.297107 -0.279034 -0.913163
vn 0.000000 -0.630967 -0.775809
vn 0.000000 0.628678 -0.777666
vn -0.717281 -0.452032 -0.530260
vn -0.484503 -0.858567 -0.167690
vn -0.499993 -0.438517 -0.746800
vn 0.316233 -0.945295 -0.080084
vn 0.588511 -0.808383 0.013063
vn -0.297103 -0.869694 0.394161
vn -0.841992 0.533556 -0.079799
vn -0.892864 0.066612 0.445373
vn -0.717281 -0.452032 -0.530260
vn -0.692702 0.468212 -0.548582
vn -0.717281 -0.452032 -0.530260
vn -0.841992 0.533556 -0.079799
vn 0.200686 -0.975426 0.090938
vn 0.292402 0.759838 -0.580644
vn 0.841993 0.292771 0.453137
vn 0.453373 0.887704 0.080209
vn 0.841993 0.292771 0.453137
vn 0.244078 0.657849 0.712503
vn 0.453373 0.887704 0.080209
vn 0.378447 -0.145193 0.914165
vn -0.292405 0.066485 0.953981
vn -0.172374 -0.394722 -0.902486
vn 0.344741 -0.424121 -0.837422
vn 0.252719 0.398380 -0.881718
vn -0.505441 0.355274 -0.786327
vn -0.344740 -0.908751 0.235213
vn 0.000000 -0.775815 0.630960
vn 0.659913 -0.595468 -0.458184
vn -0.297103 -0.869694 0.394161
vn 0.297107 -0.279034 -0.913163
vn -0.659911 -0.737411 -0.144020
vn 0.297107 -0.279034 -0.913163
vn -0.297103 -0.869694 0.394161
vn 0.200686 -0.975426 0.090938
vn 0.344741 -0.424121 -0.837422
vn 0.200686 -0.975426 0.090938
vn 0.717280 -0.696694 0.011253
vn -0.172374 -0.394722 -0.902486
vn -0.588512 -0.524503 -0.615264
vn 0.484503 -0.693305 -0.533464
vn -0.588512 -0.524503 -0.615264
vn -0.659911 -0.737411 -0.144020
vn -0.484503 -0.858567 -0.167690
vn -0.717281 -0.452032 -0.530260
vn -0.096877 -0.689103 -0.718159
vn 0.193752 -0.705559 -0.681650
vn 0.049122 -0.816536 -0.575200
vn -0.098244 -0.824892 -0.556688
vn -0.172374 -0.394722 -0.902486
vn -0.967538 0.104057 -0.230310
vn 0.659913 -0.595468 -0.458184
vn 0.862851 0.208115 -0.460626
vn 0.344741 -0.424121 -0.837422
vn 0.252719 0.398380 -0.881718
vn -0.588512 -0.524503 -0.615264
vn -0.659911 -0.737411 -0.144020
vn -0.862854 -0.208111 0.460623
vn 0.967537 -0.104058 0.230311
vn 0.659913 -0.595468 -0.458184
vn 0.862851 0.208115 -0.460626
vn -0.659911 -0.737411 -0.144020
vn -0.344740 -0.908751 0.235213
vn -0.252723 -0.398367 0.881723
vn 0.316233 -0.945295 -0.080084
vn 0.707101 -0.291141 0.644395
vn 0.588511 -0.808383 0.013063
vn 0.967537 -0.104058 0.230311
vn 0.000000 -0.411733 0.911304
vn 0.096876 -0.994391 -0.042449
vn -0.193754 -0.977868 -0.078946
vn -0.049126 -0.971335 -0.232582
vn 0.098246 -0.962966 -0.251084
vn 0.330675 -0.921491 -0.203735
vn 0.281368 -0.902187 -0.326941
vn -0.370721 -0.881638 -0.292027
vn -0.201275 -0.934717 -0.292904
vn -0.049126 -0.971335 -0.232582
vn 0.370725 -0.801862 -0.468595
vn 0.330675 -0.921491 -0.203735
vn 0.201278 -0.837603 -0.507847
vn -0.330676 -0.761942 -0.556865
vn -0.281362 -0.841645 -0.460944
vn -0.370721 -0.881638 -0.292027
vn -0.201275 -0.934717 -0.292904
vn 0.370725 -0.801862 -0.468595
vn -0.281362 -0.841645 -0.460944
vn 0.603033 0.028923 -0.797192
vn -0.376505 -0.465364 -0.801050
vn -0.603016 0.579120 -0.548627
vn 0.376494 0.908708 -0.180284
vn 0.000000 -0.847068 -0.531484
vn 0.000000 -0.847053 -0.531509
vn -0.376505 -0.465364 -0.801050
vn 0.603033 0.028923 -0.797192
vn 0.989587 0.059266 -0.131172
vn 0.989587 0.059266 -0.131171
vn 0.603033 0.028923 -0.797192
vn 0.000000 0.958734 0.284305
vn 0.000000 0.958724 0.284337
vn 0.376494 0.908708 -0.180284
vn -0.989588 0.059262 -0.131166
vn -0.989588 0.059263 -0.131164
vn -0.603016 0.579120 -0.548627
vn -0.376505 -0.465364 -0.801050
vn 0.704980 0.011298 -0.709137
vn 0.000000 -0.008901 -0.999960
vn 0.819451 -0.400729 0.409776
vn 0.962251 -0.192450 -0.192450
vn -0.965249 -0.180154 0.189310
vn -0.999955 0.009476 0.000000
vn -0.999768 0.020511 -0.006529
vn -0.719575 0.132748 0.681609
vn 0.717161 0.259553 0.646770
vn -0.447214 0.455468 0.769772
vn 0.894427 0.227733 0.384887
vn 0.716343 -0.121256 -0.687131
vn 0.000000 -0.354542 -0.935040
vn 0.819451 -0.400729 0.409776
vn -0.719575 0.132748 0.681609
vn 0.717161 0.259553 0.646770
vn 0.716343 -0.121256 -0.687131
vn 0.447214 -0.455462 -0.769775
vn 0.000000 -0.509229 -0.860631
vn 0.000000 0.999499 0.031651
vn 0.000000 0.684372 0.729133
vn 0.717279 -0.696695 0.011258
vn 0.484503 -0.693305 -0.533465
vn 0.297107 -0.279033 -0.913164
vn 0.000000 -0.630966 -0.775810
vn 0.000000 0.628677 -0.777666
vn -0.717281 -0.452032 -0.530260
vn -0.484503 -0.858567 -0.167691
vn -0.499992 -0.438516 -0.746800
vn 0.316232 -0.945296 -0.080085
vn 0.588513 -0.808382 0.013060
vn -0.297103 -0.869694 0.394159
vn -0.841992 0.533556 -0.079799
vn -0.892864 0.066612 0.445373
vn -0.717281 -0.452032 -0.530260
vn -0.692702 0.468211 -0.548582
vn -0.841992 0.533556 -0.079799
vn 0.200685 -0.975425 0.090951
vn 0.378447 -0.145193 0.914165
vn 0.292402 0.759838 -0.580643
vn 0.297107 -0.279033 -0.913164
vn 0.453373 0.887704 0.080209
vn -0.292405 0.066485 0.953981
vn -0.292405 0.066485 0.953981
vn 0.244078 0.657850 0.712503
vn 0.292402 0.759839 -0.580643
vn -0.297103 -0.869694 0.394159
vn -0.292405 0.066485 0.953981
vn -0.172375 -0.394728 -0.902484
vn 0.344745 -0.424123 -0.837419
vn 0.252723 0.398384 -0.881715
vn -0.505441 0.355275 -0.786326
vn -0.344741 -0.908752 0.235211
vn 0.000000 -0.775816 0.630959
vn 0.659913 -0.595466 -0.458187
vn 0.297107 -0.279033 -0.913164
vn 0.484503 -0.693305 -0.533465
vn -0.659912 -0.737410 -0.144022
vn -0.297103 -0.869694 0.394159
vn 0.200685 -0.975425 0.090951
vn 0.717279 -0.696695 0.011258
vn -0.588511 -0.524501 -0.615267
vn 0.717279 -0.696695 0.011258
vn -0.717281 -0.452032 -0.530260
vn -0.096877 -0.689103 -0.718159
vn 0.193752 -0.705560 -0.681649
vn 0.049122 -0.816536 -0.575200
vn -0.098244 -0.824892 -0.556688
vn -0.588511 -0.524501 -0.615267
vn -0.967538 0.104054 -0.230311
vn 0.659913 -0.595466 -0.458187
vn 0.862854 0.208114 -0.460621
vn 0.344745 -0.424123 -0.837419
vn -0.862853 -0.208112 0.460623
vn 0.967539 -0.104057 0.230306
vn 0.659913 -0.595466 -0.458187
vn -0.252722 -0.398368 0.881722
vn 0.316232 -0.945296 -0.080085
vn 0.707107 -0.291143 0.644388
vn 0.000000 -0.775816 0.630959
vn -0.252722 -0.398368 0.881722
vn 0.096876 -0.994391 -0.042454
vn -0.193754 -0.977868 -0.078956
vn -0.049125 -0.971335 -0.232584
vn 0.098246 -0.962967 -0.251082
vn 0.330675 -0.921491 -0.203736
vn 0.096876 -0.994391 -0.042454
vn 0.098246 -0.962967 -0.251082
vn 0.281367 -0.902188 -0.326940
vn -0.370721 -0.881638 -0.292028
vn -0.201274 -0.934717 -0.292904
vn 0.370724 -0.801863 -0.468594
vn 0.201277 -0.837604 -0.507846
vn -0.330676 -0.761942 -0.556864
vn -0.281361 -0.841645 -0.460944
vn 0.370724 -0.801863 -0.468594
vn 0.193752 -0.705560 -0.681649
vn -0.096877 -0.689103 -0.718159
vn 0.603033 0.028922 -0.797192
vn -0.376505 -0.465361 -0.801052
vn -0.603016 0.579121 -0.548626
vn 0.376495 0.908709 -0.180278
vn 0.000000 -0.847068 -0.531485
vn 0.989587 0.059265 -0.131172
vn 0.603033 0.028922 -0.797192
vn 0.603033 0.028922 -0.797192
vn 0.000000 0.958731 0.284314
vn 0.000000 0.958724 0.284338
vn -0.989587 0.059265 -0.131172
vn -0.989587 0.059262 -0.131171
vn -0.376504 -0.465361 -0.801052
vn 0.704980 0.011298 -0.709137
vn 0.000000 -0.008901 -0.999960
vn 0.819451 -0.400729 0.409776
vn -0.965249 -0.180155 0.189310
vn -0.999768 0.020512 -0.006529
vn -0.719575 0.132747 0.681609
vn 0.717162 0.259552 0.646771
vn 0.894427 0.227732 0.384887
vn 0.716344 -0.121257 -0.687131
vn 0.000000 -0.354542 -0.935040
vn 0.819451 -0.400729 0.409776
vn 0.717162 0.259552 0.646771
vn 0.000000 -0.509227 -0.860632
vn -0.999768 0.020512 -0.006529
vn -1.000000 0.000001 0.000000
vn 0.000000 0.999499 0.031653
vn 0.000000 0.684371 0.729134
vn 0.717279 -0.696695 0.011260
vn 0.484503 -0.693305 -0.533465
vn 0.297108 -0.279036 -0.913163
vn 0.000000 -0.630965 -0.775811
vn 0.000000 0.628679 -0.777665
vn -0.717281 -0.452032 -0.530260
vn -0.484503 -0.858568 -0.167687
vn -0.499993 -0.438519 -0.746799
vn 0.316231 -0.945296 -0.080084
vn 0.588511 -0.808384 0.013058
vn -0.297103 -0.869694 0.394160
vn -0.692702 0.548581 0.468212
vn -0.841992 0.533555 -0.079799
vn -0.892864 0.066611 0.445374
vn -0.717281 -0.452032 -0.530260
vn -0.692702 0.468211 -0.548582
vn 0.200684 -0.975424 0.090958
vn 0.244077 0.657850 0.712502
vn 0.841993 0.292771 0.453137
vn 0.453373 0.887705 0.080208
vn 0.000000 0.628679 -0.777665
vn 0.000000 0.999499 0.031653
vn -0.292404 0.066484 0.953981
vn -0.172375 -0.394731 -0.902482
vn 0.344744 -0.424121 -0.837420
vn 0.252723 0.398383 -0.881715
vn 0.297107 -0.279036 -0.913163
vn -0.344743 -0.908751 0.235210
vn 0.000000 -0.775817 0.630958
vn 0.659913 -0.595468 -0.458185
vn 0.484503 -0.693305 -0.533465
vn -0.659914 -0.737409 -0.144021
vn 0.297108 -0.279036 -0.913163
vn -0.344743 -0.908751 0.235210
vn 0.200684 -0.975424 0.090958
vn 0.717279 -0.696695 0.011259
vn -0.172375 -0.394731 -0.902482
vn -0.588514 -0.524498 -0.615267
vn 0.717279 -0.696695 0.011259
vn -0.588514 -0.524498 -0.615267
vn -0.717281 -0.452032 -0.530260
vn 0.659913 -0.595468 -0.458185
vn -0.096877 -0.689103 -0.718159
vn 0.193753 -0.705560 -0.681649
vn 0.049123 -0.816537 -0.575200
vn -0.098244 -0.824893 -0.556686
vn -0.588514 -0.524498 -0.615267
vn -0.967539 0.104055 -0.230305
vn 0.659913 -0.595468 -0.458185
vn 0.862853 0.208121 -0.460620
vn 0.344744 -0.424121 -0.837420
vn -0.588514 -0.524498 -0.615267
vn -0.862856 -0.208112 0.460617
vn 0.967539 -0.104058 0.230306
vn -0.659914 -0.737409 -0.144021
vn -0.252722 -0.398370 0.881721
vn 0.588511 -0.808384 0.013058
vn 0.316231 -0.945296 -0.080084
vn 0.707107 -0.291143 0.644388
vn -0.344743 -0.908751 0.235210
vn 0.000000 -0.411734 0.911304
vn 0.096877 -0.994390 -0.042458
vn -0.193754 -0.977868 -0.078956
vn -0.049126 -0.971335 -0.232585
vn 0.098246 -0.962966 -0.251084
vn 0.330675 -0.921491 -0.203735
vn 0.281366 -0.902188 -0.326939
vn -0.370720 -0.881639 -0.292028
vn -0.201275 -0.934717 -0.292903
vn 0.370724 -0.801863 -0.468593
vn 0.330675 -0.921491 -0.203735
vn 0.201278 -0.837604 -0.507846
vn -0.330676 -0.761942 -0.556864
vn -0.281361 -0.841646 -0.460943
vn -0.201275 -0.934717 -0.292903
vn 0.049123 -0.816537 -0.575200
vn -0.330676 -0.761942 -0.556864
vn 0.603030 0.028922 -0.797194
vn -0.376503 -0.465362 -0.801052
vn -0.603018 0.579119 -0.548626
vn 0.376498 0.908712 -0.180257
vn 0.000000 -0.847066 -0.531488
vn 0.000000 -0.847052 -0.531510
vn 0.989586 0.059264 -0.131177
vn 0.989587 0.059251 -0.131178
vn 0.603030 0.028922 -0.797194
vn 0.603030 0.028922 -0.797194
vn 0.000000 0.958722 0.284347
vn -0.989586 0.059263 -0.131177
vn -0.989586 0.059273 -0.131177
vn -0.603018 0.579119 -0.548626
vn -0.376503 -0.465361 -0.801052
vn 0.704980 0.011298 -0.709137
vn 0.000000 -0.008901 -0.999960
vn -0.965249 -0.180154 0.189310
vn -0.999955 0.009476 0.000000
vn -0.999768 0.020512 -0.006529
vn -0.719574 0.132748 0.681609
vn 0.717161 0.259553 0.646770
vn 0.894426 0.227736 0.384887
vn 0.716344 -0.121255 -0.687131
vn 0.000000 -0.354542 -0.935040
vn 0.819451 -0.400729 0.409776
vn 0.447214 -0.455460 -0.769776
vn 0.447214 -0.455460 -0.769776
vn 0.000000 0.999499 0.031653
vn 0.000000 0.684370 0.729135
vn 0.717279 -0.696695 0.011259
vn 0.484503 -0.693306 -0.533464
vn 0.297106 -0.279032 -0.913164
vn 0.000000 -0.630971 -0.775806
vn -0.717281 -0.452033 -0.530259
vn -0.484502 -0.858568 -0.167689
vn -0.499996 -0.438528 -0.746791
vn 0.316233 -0.945296 -0.080076
vn 0.588512 -0.808383 0.013060
vn -0.297104 -0.869694 0.394159
vn -0.841992 0.533556 -0.079799
vn -0.892864 0.066611 0.445374
vn -0.717281 -0.452033 -0.530259
vn -0.692703 0.468210 -0.548582
vn -0.717281 -0.452033 -0.530259
vn -0.841992 0.533556 -0.079799
vn 0.200686 -0.975426 0.090937
vn 0.378446 -0.145192 0.914165
vn 0.453372 0.887705 0.080209
vn 0.841992 0.292772 0.453139
vn -0.292404 0.066485 0.953981
vn 0.244077 0.657850 0.712502
vn 0.292401 0.759839 -0.580643
vn 0.378446 -0.145192 0.914165
vn 0.378446 -0.145192 0.914165
vn -0.172374 -0.394722 -0.902487
vn 0.344740 -0.424116 -0.837425
vn 0.252719 0.398380 -0.881718
vn -0.505445 0.355278 -0.786322
vn -0.344741 -0.908751 0.235211
vn 0.000000 -0.775814 0.630961
vn 0.659916 -0.595466 -0.458182
vn 0.484503 -0.693306 -0.533464
vn -0.659911 -0.737411 -0.144023
vn 0.200686 -0.975426 0.090937
vn 0.200686 -0.975426 0.090937
vn 0.344740 -0.424116 -0.837425
vn 0.717279 -0.696695 0.011259
vn 0.200686 -0.975426 0.090937
vn -0.172374 -0.394722 -0.902486
vn 0.717279 -0.696695 0.011259
vn -0.588516 -0.524504 -0.615259
vn 0.484503 -0.693306 -0.533464
vn -0.717281 -0.452033 -0.530259
vn 0.659916 -0.595466 -0.458182
vn -0.096878 -0.689101 -0.718161
vn 0.049122 -0.816537 -0.575200
vn -0.098244 -0.824892 -0.556688
vn -0.505445 0.355278 -0.786322
vn -0.967539 0.104058 -0.230305
vn 0.659916 -0.595466 -0.458182
vn 0.862850 0.208121 -0.460625
vn -0.862857 -0.208110 0.460617
vn 0.967538 -0.104056 0.230311
vn 0.862850 0.208121 -0.460625
vn -0.252728 -0.398367 0.881721
vn 0.316233 -0.945296 -0.080076
vn 0.707101 -0.291144 0.644394
vn 0.588512 -0.808383 0.013060
vn 0.967538 -0.104056 0.230311
vn 0.000000 -0.411737 0.911303
vn 0.096877 -0.994391 -0.042451
vn -0.193756 -0.977868 -0.078953
vn -0.049127 -0.971335 -0.232581
vn 0.098246 -0.962967 -0.251081
vn 0.330677 -0.921491 -0.203733
vn 0.281369 -0.902188 -0.326938
vn -0.370717 -0.881640 -0.292028
vn -0.201274 -0.934716 -0.292907
vn 0.370728 -0.801862 -0.468592
vn 0.201279 -0.837604 -0.507845
vn -0.330676 -0.761944 -0.556861
vn -0.281358 -0.841647 -0.460943
vn -0.370717 -0.881640 -0.292028
vn 0.370728 -0.801862 -0.468592
vn -0.330676 -0.761944 -0.556861
vn 0.603025 0.028927 -0.797198
vn -0.376510 -0.465381 -0.801037
vn -0.603024 0.579117 -0.548621
vn 0.376494 0.908710 -0.180275
vn 0.000000 -0.847076 -0.531472
vn 0.000000 -0.847076 -0.531472
vn -0.376510 -0.465381 -0.801037
vn 0.989584 0.059269 -0.131190
vn 0.989584 0.059266 -0.131191
vn 0.603025 0.028927 -0.797198
vn 0.000000 0.958728 0.284325
vn 0.376494 0.908710 -0.180275
vn -0.989592 0.059247 -0.131142
vn -0.989592 0.059252 -0.131141
vn -0.603024 0.579117 -0.548621
vn -0.376510 -0.465381 -0.801037
vn 0.704980 0.011295 -0.709137
vn 0.000000 -0.008901 -0.999960
vn 0.819450 -0.400730 0.409776
vn -0.965250 -0.180152 0.189309
vn -0.999955 0.009480 0.000000
vn -0.999768 0.020516 -0.006530
vn -0.719575 0.132743 0.681609
vn 0.717162 0.259550 0.646771
vn -0.447215 0.455463 0.769774
vn 0.894427 0.227735 0.384885
vn 0.716344 -0.121258 -0.687131
vn 0.000000 -0.354540 -0.935041
vn -0.719575 0.132743 0.681609
vn 0.717162 0.259551 0.646771
vn 0.704980 0.011295 -0.709137
vn 0.717162 0.259551 0.646771
vn 0.716344 -0.121258 -0.687131
vn 0.447214 -0.455461 -0.769776
vn 0.717162 0.259551 0.646771
vn -1.000000 -0.000009 0.000000
vn -0.447215 0.455463 0.769774
vn 0.092847 -0.570827 0.815804
vn 0.247118 -0.090400 0.964759
vn -0.254017 0.161592 0.953606
vn -0.295133 -0.555962 0.777047
vn 0.177053 0.898553 0.401565
vn -0.212737 0.898553 0.383856
vn -0.214729 0.881465 0.420608
vn 0.174063 0.862895 0.474462
vn -0.219178 0.825109 0.520726
vn 0.169777 0.806322 0.566587
vn -0.223015 0.764679 0.604591
vn 0.166020 0.741717 0.649842
vn -0.223015 0.764679 0.604591
vn -0.225222 0.717829 0.658784
vn 0.164564 0.717828 0.676492
vn 0.161710 0.653733 0.739245
vn -0.228066 0.653735 0.721537
vn -0.254017 0.161592 0.953606
vn -0.157441 0.523146 -0.837574
vn 0.231939 0.549922 -0.802365
vn 0.234676 0.456543 -0.858193
vn -0.154992 0.416212 -0.895960
vn -0.237125 0.760755 -0.604171
vn -0.157441 0.523146 -0.837574
vn -0.680062 0.390648 -0.620411
vn -0.822449 0.442474 -0.357483
vn -0.680062 0.390648 -0.620411
vn -0.962526 0.131039 -0.237431
vn -0.822449 0.442474 -0.357483
vn -0.980704 0.132357 -0.143881
vn -0.152780 0.290493 -0.944601
vn 0.237149 0.333187 -0.912549
vn 0.238502 0.216238 -0.946762
vn -0.151387 0.184929 -0.971022
vn 0.238847 0.153459 -0.958855
vn -0.150941 0.153458 -0.976559
vn 0.998354 -0.055133 0.015786
vn 0.970484 -0.168633 0.172404
vn 0.796347 -0.603757 0.036177
vn 0.603122 -0.797178 0.027399
vn 0.796347 -0.603757 0.036177
vn 0.382293 -0.923878 0.017367
vn 0.603122 -0.797178 0.027399
vn 0.382293 -0.923878 0.017367
vn -0.979210 -0.201892 0.019675
vn -0.994333 -0.020547 -0.104309
vn -0.796348 -0.603755 -0.036177
vn -0.603126 -0.797175 -0.027399
vn -0.796348 -0.603755 -0.036177
vn -0.382298 -0.923876 -0.017367
vn -0.603126 -0.797175 -0.027399
vn -0.382298 -0.923876 -0.017367
vn 0.965582 0.196588 0.170304
vn 0.966695 0.209918 0.146405
vn 0.914912 0.336227 0.223355
vn 0.913206 0.314318 0.259343
vn 0.360021 0.777137 0.516182
vn 0.364477 0.830168 0.421874
vn 0.980386 0.176421 -0.087860
vn 0.980278 0.124659 -0.153346
vn 0.733750 0.382658 -0.561412
vn 0.681600 0.610692 -0.403084
vn -0.237125 0.760755 -0.604171
vn 0.207595 0.845894 -0.491292
vn -0.976379 0.205495 0.066753
vn -0.977350 0.192116 0.088759
vn -0.932460 0.321644 0.164511
vn -0.930755 0.343464 0.125409
vn -0.402781 0.812674 0.421103
vn -0.406555 0.759436 0.507908
vn -0.219178 0.825109 0.520726
vn 0.964682 0.182170 0.190269
vn 0.913206 0.314318 0.259343
vn 0.911751 0.289103 0.291771
vn 0.356473 0.720210 0.595167
vn 0.169777 0.806322 0.566587
vn 0.166020 0.741717 0.649842
vn -0.978258 0.176700 0.108574
vn -0.933962 0.298054 0.197176
vn -0.977350 0.192115 0.088759
vn -0.932460 0.321644 0.164511
vn -0.410160 0.698577 0.586310
vn -0.406555 0.759436 0.507908
vn -0.219178 0.825109 0.520726
vn 0.973585 0.138546 0.181485
vn 0.964682 0.182170 0.190269
vn 0.911751 0.289103 0.291771
vn 0.816824 0.372642 0.440383
vn 0.353719 0.676182 0.646267
vn 0.356473 0.720210 0.595167
vn 0.166020 0.741717 0.649842
vn -0.986219 0.134297 0.096624
vn -0.783925 0.441739 0.436267
vn -0.410865 0.676179 0.611533
vn 0.959607 0.074616 0.271268
vn 0.973585 0.138547 0.181485
vn 0.816824 0.372642 0.440383
vn 0.757105 0.103056 0.645114
vn 0.816824 0.372642 0.440383
vn -0.980573 -0.047768 0.190250
vn -0.812839 -0.031684 0.581627
vn -0.986219 0.134297 0.096624
vn -0.812839 -0.031684 0.581626
vn 0.757105 0.103056 0.645114
vn 0.757105 0.103056 0.645114
vn 0.573545 -0.458929 0.678550
vn 0.757105 0.103056 0.645114
vn 0.247118 -0.090400 0.964759
vn 0.573545 -0.458929 0.678550
vn 0.092847 -0.570827 0.815804
vn -0.254017 0.161592 0.953606
vn -0.812839 -0.031684 0.581627
vn -0.818753 -0.347577 0.456983
vn -0.812839 -0.031684 0.581627
vn -0.818753 -0.347577 0.456983
vn -0.979210 -0.201892 0.019675
vn -0.961987 0.108683 -0.250538
vn -0.680062 0.390648 -0.620411
vn -0.680062 0.390648 -0.620411
vn -0.678632 0.320354 -0.660933
vn -0.680062 0.390648 -0.620411
vn -0.157441 0.523146 -0.837574
vn -0.678632 0.320354 -0.660933
vn -0.157441 0.523146 -0.837574
vn 0.980956 0.099082 -0.167055
vn 0.736033 0.308324 -0.602654
vn 0.231939 0.549922 -0.802365
vn -0.961397 0.079320 -0.263483
vn -0.961987 0.108683 -0.250538
vn -0.678632 0.320354 -0.660933
vn -0.678632 0.320354 -0.660933
vn -0.676906 0.231001 -0.698883
vn -0.678632 0.320354 -0.660933
vn -0.154992 0.416212 -0.895960
vn -0.152780 0.290493 -0.944601
vn 0.981482 0.069158 -0.178633
vn 0.737680 0.218260 -0.638898
vn 0.736033 0.308324 -0.602654
vn -0.942878 0.064146 -0.326903
vn -0.676906 0.231001 -0.698883
vn -0.676906 0.231001 -0.698883
vn -0.675442 0.149224 -0.722157
vn -0.676906 0.231001 -0.698883
vn -0.151387 0.184929 -0.971022
vn 0.968726 0.054860 -0.241994
vn 0.738221 0.139879 -0.659897
vn 0.981482 0.069158 -0.178633
vn 0.737680 0.218260 -0.638898
vn 0.737680 0.218260 -0.638898
vn 0.238502 0.216238 -0.946762
vn -0.399106 0.846415 0.352556
vn -0.402781 0.812674 0.421103
vn -0.214729 0.881465 0.420608
vn -0.975509 0.219093 -0.019481
vn -0.976379 0.205495 0.066753
vn -0.759037 0.635826 -0.139956
vn -0.567404 0.124729 -0.813938
vn -0.151387 0.184929 -0.971022
vn -0.942878 0.064146 -0.326903
vn 0.823409 0.094468 -0.559530
vn 0.823409 0.094468 -0.559530
vn 0.238847 0.153459 -0.958855
vn 0.738221 0.139879 -0.659897
vn 0.733750 0.382658 -0.561412
vn 0.231939 0.549922 -0.802365
vn 0.365487 0.846418 0.387292
vn 0.984362 0.164374 0.063351
vn 0.891638 0.452184 0.022608
vn -0.822449 0.442474 -0.357483
vn -0.237125 0.760755 -0.604171
vn -0.759037 0.635826 -0.139956
vn -0.150080 0.952275 -0.265797
vn 0.980386 0.176421 -0.087860
vn 0.681600 0.610691 -0.403084
vn 0.891638 0.452184 0.022608
vn 0.891638 0.452184 0.022608
vn 0.334897 0.912972 -0.233077
vn 0.681600 0.610691 -0.403084
vn 0.207595 0.845894 -0.491292
vn 0.262978 -0.570826 0.777818
vn 0.445216 -0.090402 0.890848
vn -0.046981 0.161592 0.985739
vn -0.124438 -0.555963 0.821840
vn 0.257832 0.898554 0.355139
vn -0.126908 0.898554 0.420114
vn -0.121096 0.881465 0.456459
vn 0.270303 0.862895 0.427023
vn -0.121096 0.881465 0.456459
vn -0.104309 0.825110 0.555260
vn 0.285561 0.806322 0.517976
vn -0.090360 0.764679 0.638045
vn 0.299466 0.741716 0.600148
vn -0.081078 0.717830 0.691482
vn 0.303663 0.717830 0.626506
vn 0.314131 0.653732 0.688445
vn -0.070617 0.653733 0.753423
vn -0.046981 0.161592 0.985739
vn -0.330710 0.523146 -0.785461
vn 0.057327 0.549922 -0.833246
vn 0.048213 0.456543 -0.888394
vn -0.340632 0.416214 -0.843051
vn -0.359326 0.760755 -0.540496
vn -0.330710 0.523146 -0.785461
vn -0.795711 0.390645 -0.462861
vn -0.879380 0.442475 -0.175805
vn -0.990957 0.131036 -0.028887
vn -0.879379 0.442475 -0.175805
vn -0.988976 0.132356 0.066394
vn -0.348735 0.290493 -0.891065
vn 0.039155 0.333187 -0.942048
vn 0.033258 0.216238 -0.975774
vn -0.352956 0.184929 -0.917182
vn 0.031048 0.153460 -0.987667
vn -0.353702 0.153459 -0.922684
vn 0.979187 -0.055133 -0.195326
vn 0.985008 -0.168633 -0.036357
vn 0.786037 -0.603758 -0.132751
vn 0.595314 -0.797178 -0.100540
vn 0.377343 -0.923878 -0.063728
vn 0.595314 -0.797178 -0.100540
vn 0.377344 -0.923878 -0.063728
vn -0.952988 -0.201895 0.225947
vn -0.993944 -0.020547 0.107953
vn -0.786037 -0.603757 0.132751
vn -0.595317 -0.797175 0.100541
vn -0.786037 -0.603757 0.132751
vn -0.377350 -0.923875 0.063730
vn -0.377347 -0.923877 0.063729
vn 0.979773 0.196590 -0.037371
vn 0.975817 0.209916 -0.060969
vn 0.941444 0.336229 0.025182
vn 0.947374 0.314317 0.060718
vn 0.460880 0.777135 0.428545
vn 0.445325 0.830166 0.335423
vn 0.270303 0.862895 0.427023
vn 0.939744 0.176421 -0.292845
vn 0.925812 0.124661 -0.356835
vn 0.598692 0.382661 -0.703661
vn 0.581146 0.610692 -0.537889
vn -0.359326 0.760755 -0.540496
vn 0.057327 0.549922 -0.833246
vn -0.359326 0.760755 -0.540496
vn 0.099205 0.845894 -0.524044
vn -0.940283 0.205494 0.271368
vn -0.936588 0.192113 0.293081
vn -0.876716 0.321645 0.357652
vn -0.883303 0.343467 0.319071
vn -0.304808 0.812674 0.496642
vn -0.290171 0.759437 0.582285
vn -0.121096 0.881465 0.456459
vn 0.983109 0.182166 -0.017669
vn 0.947374 0.314317 0.060718
vn 0.952798 0.289100 0.092719
vn 0.474089 0.720208 0.506498
vn 0.460880 0.777135 0.428545
vn 0.285561 0.806322 0.517976
vn 0.285561 0.806322 0.517976
vn -0.933292 0.176696 0.312641
vn -0.871291 0.298051 0.389894
vn -0.876716 0.321645 0.357651
vn -0.277150 0.698576 0.659681
vn -0.090360 0.764679 0.638045
vn 0.989956 0.138546 -0.028135
vn 0.983109 0.182166 -0.017669
vn 0.891381 0.372644 0.258024
vn 0.482182 0.676180 0.557029
vn 0.299466 0.741716 0.600148
vn 0.299466 0.741716 0.600148
vn -0.943596 0.134297 0.302641
vn -0.674164 0.441735 0.591923
vn -0.871291 0.298051 0.389894
vn -0.272498 0.676185 0.684484
vn -0.277150 0.698576 0.659681
vn -0.081078 0.717830 0.691482
vn 0.995247 0.074617 0.062577
vn 0.891381 0.372644 0.258024
vn 0.876230 0.103053 0.470745
vn 0.891381 0.372644 0.258024
vn -0.918310 -0.047767 0.392969
vn -0.671732 -0.031683 0.740117
vn -0.674164 0.441735 0.591923
vn -0.674164 0.441735 0.591923
vn -0.671732 -0.031683 0.740117
vn -0.046981 0.161592 0.985739
vn -0.674164 0.441735 0.591923
vn 0.995247 0.074617 0.062577
vn 0.876230 0.103053 0.470745
vn 0.703864 -0.458929 0.542181
vn 0.876230 0.103053 0.470745
vn 0.445216 -0.090402 0.890848
vn -0.046981 0.161592 0.985739
vn -0.671732 -0.031683 0.740117
vn -0.124438 -0.555963 0.821840
vn -0.703824 -0.347581 0.619531
vn -0.918310 -0.047767 0.392969
vn -0.993197 0.108683 -0.041815
vn -0.990957 0.131036 -0.028887
vn -0.795711 0.390644 -0.462861
vn -0.802863 0.320355 -0.502776
vn 0.923584 0.099084 -0.370371
vn 0.592217 0.308326 -0.744455
vn 0.048213 0.456543 -0.888394
vn 0.057327 0.549922 -0.833246
vn -0.995353 0.079323 -0.054583
vn -0.802863 0.320355 -0.502776
vn -0.809187 0.231002 -0.540236
vn -0.340632 0.416214 -0.843051
vn 0.921655 0.069155 -0.381798
vn 0.586181 0.218261 -0.780227
vn 0.923584 0.099084 -0.370371
vn 0.592217 0.308326 -0.744456
vn 0.592217 0.308326 -0.744456
vn 0.039155 0.333187 -0.942048
vn 0.592217 0.308326 -0.744456
vn 0.048213 0.456543 -0.888394
vn -0.990641 0.064149 -0.120479
vn -0.995354 0.079323 -0.054583
vn -0.809187 0.231002 -0.540236
vn -0.809187 0.231002 -0.540236
vn -0.812664 0.149226 -0.563302
vn -0.809187 0.231002 -0.540236
vn -0.348735 0.290494 -0.891065
vn -0.352956 0.184929 -0.917182
vn 0.895805 0.054858 -0.441049
vn 0.582275 0.139881 -0.800868
vn 0.586181 0.218261 -0.780227
vn 0.582275 0.139881 -0.800868
vn 0.586181 0.218261 -0.780227
vn 0.033258 0.216238 -0.975774
vn -0.315687 0.846415 0.428863
vn -0.304808 0.812674 0.496642
vn -0.121096 0.881465 0.456459
vn -0.957637 0.219094 0.186892
vn -0.940283 0.205494 0.271368
vn -0.883303 0.343467 0.319071
vn -0.771474 0.635829 0.023435
vn -0.352956 0.184929 -0.917182
vn -0.726440 0.124729 -0.675817
vn -0.812664 0.149226 -0.563302
vn 0.686728 0.094469 -0.720749
vn 0.895805 0.054858 -0.441049
vn 0.582275 0.139881 -0.800868
vn 0.031048 0.153460 -0.987667
vn 0.033258 0.216238 -0.975774
vn 0.057327 0.549922 -0.833246
vn 0.439008 0.846419 0.301410
vn 0.257832 0.898554 0.355139
vn 0.257832 0.898553 0.355139
vn 0.270303 0.862895 0.427023
vn 0.975552 0.164369 -0.145883
vn 0.876319 0.452178 -0.166132
vn 0.941444 0.336229 0.025182
vn -0.957637 0.219094 0.186892
vn -0.879379 0.442475 -0.175805
vn -0.957637 0.219094 0.186892
vn -0.879379 0.442475 -0.175805
vn -0.771474 0.635829 0.023435
vn -0.771474 0.635829 0.023435
vn -0.202810 0.952275 -0.228124
vn 0.581146 0.610692 -0.537889
vn 0.939744 0.176421 -0.292845
vn 0.278145 0.912973 -0.298523
vn 0.099205 0.845894 -0.524044
vn 0.099205 0.845894 -0.524044
vn 0.000000 0.000002 1.000000
vn 0.000000 0.000001 1.000000
vn 0.000000 0.000002 1.000000
vn -0.333333 0.666667 -0.666667
vn -0.623899 0.718569 0.307259
vn -0.135223 0.557268 0.819248
vn 0.330286 0.565710 0.755568
vn 0.272166 0.952579 -0.136083
vn 0.931394 0.318711 0.175863
vn 0.407242 0.000000 0.913320
vn 0.999024 0.000000 0.044183
vn 0.961729 -0.000000 -0.274003
vn -0.999024 0.000000 -0.044183
vn 0.972309 0.131036 0.193506
vn 0.986223 0.132358 0.099228
vn 0.975387 0.219098 -0.024809
vn 0.972315 0.192116 -0.133022
vn 0.972322 0.176703 -0.152859
vn 0.972302 0.161030 -0.169407
vn 0.970928 -0.047772 -0.234556
vn -0.972308 0.124660 0.197677
vn -0.975388 0.176423 0.132263
vn -0.986224 0.164363 -0.018613
vn -0.997192 -0.059614 -0.045317
vn -0.972315 0.196594 -0.126312
vn 0.552387 -0.000000 0.833588
vn 0.992620 0.000001 -0.121264
vn 0.151132 0.369398 -0.916899
vn -0.992620 0.000000 0.121265
vn -0.335445 0.000000 0.942060
vn -0.787635 -0.000000 -0.616142
vn -0.992620 0.000000 0.121265
vn 0.986223 0.132359 0.099226
vn 0.972323 0.176701 -0.152857
vn -0.972309 0.044067 0.229506
vn -0.972364 0.099083 0.211400
vn -0.972309 0.124657 0.197675
vn -0.997192 -0.059618 -0.045317
vn -0.975389 0.176420 0.132262
vn -0.975389 0.176420 0.132262
vn -0.986224 0.164366 -0.018612
vn 0.997192 -0.071375 -0.022658
vn 0.972364 0.108685 0.206628
vn 0.972309 0.131040 0.193504
vn 0.986223 0.132353 0.099226
vn 0.975389 0.219091 -0.024809
vn 0.972344 0.205494 -0.110994
vn 0.972324 0.176696 -0.152857
vn -0.997192 -0.059617 -0.045317
vn -0.997192 -0.059617 -0.045317
vn 0.997192 -0.071376 -0.022658
vn 0.972364 0.079323 0.219579
vn 0.972365 0.108681 0.206626
vn 0.972310 0.131037 0.193501
vn 0.986224 0.132353 0.099225
vn 0.972344 0.205495 -0.110992
vn 0.972324 0.176694 -0.152855
vn 0.972303 0.161024 -0.169403
vn -0.978216 -0.182982 0.098034
vn -0.986224 0.164365 -0.018612
vn -0.972345 0.209911 -0.102383
vn -0.972345 0.209911 -0.102383
vn -0.972317 0.196587 -0.126309
vn -0.970930 0.074612 -0.227438
vn -0.000000 0.447214 -0.894427
vn -0.000000 0.268132 -0.963382
vn -0.000001 0.945522 -0.325558
vn -0.000001 0.452887 -0.891568
vn -0.000000 0.268132 -0.963382
vn -0.000001 0.945522 -0.325558
vn -0.000000 0.452887 -0.891568
vn -0.000000 0.316228 -0.948683
vn -0.000000 0.707107 -0.707107
vn -0.000000 0.447214 -0.894427
vn -0.000000 0.316228 -0.948683
vn -0.000000 0.707107 -0.707107
vn -0.000000 0.447214 -0.894427
vn -0.000000 0.316228 -0.948683
vn -0.000000 0.707107 -0.707107
vn -0.000000 0.447214 -0.894427
vn -0.000000 0.000000 -1.000000
vn -0.000000 0.000000 -1.000000
vn -0.281364 -0.841647 -0.460938
vn -0.098245 -0.824893 -0.556687
vn 0.049122 -0.816536 -0.575201
vn -0.049126 -0.971335 -0.232583
vn 0.049122 -0.816536 -0.575201
vn 0.098246 -0.962967 -0.251082
vn 0.098246 -0.962967 -0.251082
vn 0.201277 -0.837605 -0.507844
vn 0.201277 -0.837605 -0.507844
vn 0.281366 -0.902188 -0.326940
vn -0.098244 -0.824893 -0.556686
vn -0.201276 -0.934716 -0.292905
vn -0.281362 -0.841645 -0.460944
vn -0.098244 -0.824893 -0.556686
vn 0.049122 -0.816538 -0.575198
vn 0.098245 -0.962966 -0.251088
vn 0.098245 -0.962966 -0.251088
vn 0.201278 -0.837604 -0.507845
vn 0.201278 -0.837604 -0.507845
vn -0.098244 -0.824892 -0.556688
vn -0.281362 -0.841645 -0.460944
vn -0.098244 -0.824892 -0.556688
vn -0.049126 -0.971335 -0.232582
vn -0.098244 -0.824892 -0.556688
vn 0.098246 -0.962966 -0.251084
vn 0.281368 -0.902187 -0.326941
vn -0.098244 -0.824892 -0.556688
vn -0.201274 -0.934717 -0.292904
vn -0.098244 -0.824892 -0.556688
vn -0.049125 -0.971335 -0.232584
vn 0.049122 -0.816536 -0.575200
vn 0.098246 -0.962967 -0.251082
vn 0.281367 -0.902188 -0.326940
vn -0.098244 -0.824893 -0.556686
vn -0.201275 -0.934717 -0.292903
vn -0.049126 -0.971335 -0.232585
vn 0.098246 -0.962966 -0.251084
vn 0.201278 -0.837604 -0.507846
vn 0.281366 -0.902188 -0.326939
vn -0.201274 -0.934716 -0.292907
vn -0.281358 -0.841647 -0.460943
vn -0.098244 -0.824892 -0.556688
vn 0.049122 -0.816537 -0.575200
vn 0.098246 -0.962967 -0.251081
vn 0.098246 -0.962967 -0.251081
vn 0.281369 -0.902188 -0.326938
vn -0.979210 -0.201892 0.019675
vn -0.980573 -0.047768 0.190250
vn -0.979210 -0.201892 0.019675
vn -0.986219 0.134297 0.096624
vn -0.978258 0.176700 0.108574
vn -0.977350 0.192116 0.088759
vn -0.977350 0.192116 0.088759
vn -0.975510 0.219093 -0.019481
vn -0.975510 0.219093 -0.019481
vn -0.980704 0.132357 -0.143881
vn -0.994333 -0.020547 -0.104309
vn -0.962526 0.131039 -0.237431
vn -0.994333 -0.020547 -0.104309
vn -0.994333 -0.020547 -0.104309
vn -0.961397 0.079320 -0.263483
vn 0.970484 -0.168633 0.172404
vn 0.973585 0.138547 0.181485
vn 0.959607 0.074616 0.271268
vn 0.973585 0.138547 0.181485
vn 0.973585 0.138547 0.181485
vn 0.998354 -0.055133 0.015786
vn 0.965582 0.196588 0.170304
vn 0.965582 0.196588 0.170304
vn 0.966696 0.209918 0.146405
vn 0.966695 0.209918 0.146405
vn 0.984362 0.164374 0.063351
vn 0.984362 0.164374 0.063351
vn 0.980278 0.124659 -0.153346
vn 0.980956 0.099082 -0.167055
vn 0.998354 -0.055133 0.015786
vn 0.968726 0.054860 -0.241994
vn -0.952988 -0.201895 0.225947
vn -0.952988 -0.201895 0.225947
vn -0.943596 0.134297 0.302641
vn -0.933292 0.176696 0.312641
vn -0.993944 -0.020547 0.107953
vn -0.936588 0.192113 0.293081
vn -0.957637 0.219094 0.186892
vn -0.988976 0.132356 0.066394
vn -0.990957 0.131036 -0.028887
vn -0.993944 -0.020547 0.107953
vn -0.993944 -0.020547 0.107953
vn -0.995354 0.079323 -0.054583
vn -0.993944 -0.020547 0.107953
vn -0.995354 0.079323 -0.054583
vn -0.990641 0.064149 -0.120479
vn 0.995247 0.074617 0.062577
vn 0.983109 0.182166 -0.017669
vn 0.979187 -0.055133 -0.195326
vn 0.979773 0.196590 -0.037371
vn 0.979187 -0.055133 -0.195326
vn 0.975817 0.209917 -0.060969
vn 0.975552 0.164369 -0.145883
vn 0.939744 0.176421 -0.292845
vn 0.979187 -0.055133 -0.195326
vn 0.925812 0.124661 -0.356835
vn 0.921655 0.069155 -0.381798
vn 0.921655 0.069155 -0.381798
vn 0.895805 0.054858 -0.441049
vt 0.135030 0.266710
vt 0.147750 0.251260
vt 0.130760 0.249710
vt 0.147000 0.231730
vt 0.132720 0.218100
vt 0.129610 0.234290
vt 0.124990 0.282390
vt 0.121430 0.293860
vt 0.132570 0.292530
vt 0.125800 0.315990
vt 0.133600 0.305080
vt 0.121660 0.304750
vt 0.988510 0.861390
vt 0.589740 0.861390
vt 0.589690 0.868350
vt 0.988460 0.868350
vt 0.988660 0.840510
vt 0.589890 0.840510
vt 0.589840 0.847470
vt 0.988610 0.847470
vt 0.589790 0.854430
vt 0.988560 0.854430
vt 0.978930 0.811940
vt 0.978930 0.807440
vt 0.974430 0.807440
vt 0.974430 0.811940
vt 0.988560 0.882640
vt 0.589790 0.882640
vt 0.589740 0.889600
vt 0.988510 0.889600
vt 0.988560 0.826220
vt 0.589790 0.826220
vt 0.589740 0.833180
vt 0.988510 0.833180
vt 0.589690 0.840140
vt 0.988460 0.840140
vt 0.988660 0.812310
vt 0.589890 0.812310
vt 0.589840 0.819270
vt 0.988610 0.819270
vt 0.974060 0.811940
vt 0.974060 0.807440
vt 0.969560 0.807440
vt 0.969560 0.811940
vt 0.589730 0.910850
vt 0.589800 0.917810
vt 0.988590 0.917810
vt 0.988520 0.910850
vt 0.589870 0.924770
vt 0.988660 0.924770
vt 0.589590 0.896930
vt 0.589660 0.903890
vt 0.988450 0.903890
vt 0.988380 0.896930
vt 0.984160 0.811940
vt 0.988660 0.811940
vt 0.988660 0.807440
vt 0.984160 0.807440
vt 0.988610 0.875680
vt 0.589840 0.875680
vt 0.988660 0.868720
vt 0.589890 0.868720
vt 0.589690 0.896560
vt 0.988460 0.896560
vt 0.979300 0.811940
vt 0.983800 0.811940
vt 0.983800 0.807440
vt 0.979300 0.807440
vt 0.988660 0.987330
vt 0.943220 0.987330
vt 0.943220 0.990730
vt 0.988660 0.990730
vt 0.988660 0.977150
vt 0.943220 0.977150
vt 0.943220 0.980550
vt 0.988660 0.980550
vt 0.943220 0.983940
vt 0.988660 0.983940
vt 0.897780 0.987330
vt 0.897780 0.990730
vt 0.897780 0.994120
vt 0.943220 0.994120
vt 0.897780 0.980550
vt 0.897780 0.983940
vt 0.852340 0.987330
vt 0.852340 0.990730
vt 0.897780 0.977150
vt 0.852340 0.977150
vt 0.852340 0.980550
vt 0.852340 0.983940
vt 0.806900 0.987330
vt 0.806900 0.990730
vt 0.806900 0.977150
vt 0.806900 0.980550
vt 0.806900 0.983940
vt 0.204780 0.687020
vt 0.179020 0.687020
vt 0.179020 0.913800
vt 0.204780 0.913800
vt 0.577180 0.913800
vt 0.577180 0.889050
vt 0.204840 0.889050
vt 0.204840 0.913800
vt 0.204780 0.072580
vt 0.179020 0.072580
vt 0.179020 0.299360
vt 0.204780 0.299360
vt 0.175120 0.074000
vt 0.175080 0.295780
vt 0.939930 0.483600
vt 0.939930 0.475020
vt 0.825840 0.475020
vt 0.825840 0.483600
vt 0.938150 0.796190
vt 0.938150 0.726170
vt 0.922340 0.726170
vt 0.922340 0.796190
vt 0.825840 0.424510
vt 0.939930 0.424510
vt 0.825840 0.496230
vt 0.825840 0.504820
vt 0.939930 0.504820
vt 0.939930 0.496230
vt 0.825840 0.517440
vt 0.825840 0.526030
vt 0.939930 0.526030
vt 0.939930 0.517440
vt 0.825840 0.538650
vt 0.825840 0.547240
vt 0.939930 0.547240
vt 0.939930 0.538650
vt 0.825840 0.559870
vt 0.825840 0.568450
vt 0.939930 0.568450
vt 0.939930 0.559870
vt 0.825840 0.581080
vt 0.825840 0.589660
vt 0.939930 0.589660
vt 0.939930 0.581080
vt 0.825840 0.602290
vt 0.825840 0.610880
vt 0.939930 0.610880
vt 0.939930 0.602290
vt 0.171250 0.073970
vt 0.171210 0.295750
vt 0.175120 0.688440
vt 0.175080 0.910220
vt 0.172380 0.300890
vt 0.172280 0.679620
vt 0.575710 0.882670
vt 0.211940 0.882580
vt 0.228720 0.682210
vt 0.681520 0.682210
vt 0.681520 0.418550
vt 0.228720 0.418550
vt 0.171250 0.688410
vt 0.171210 0.910180
vt 0.165770 0.300830
vt 0.165670 0.679570
vt 0.575770 0.876330
vt 0.212000 0.876230
vt 0.649060 0.404920
vt 0.667760 0.405460
vt 0.667930 0.356520
vt 0.649340 0.355660
vt 0.668270 0.307000
vt 0.649820 0.306290
vt 0.668760 0.257460
vt 0.650100 0.258340
vt 0.668330 0.208700
vt 0.650240 0.208760
vt 0.668330 0.159090
vt 0.650280 0.159420
vt 0.669210 0.110500
vt 0.650230 0.111530
vt 0.668610 0.061790
vt 0.650150 0.062420
vt 0.668980 0.013620
vt 0.650190 0.013520
vt 0.630430 0.404800
vt 0.630840 0.355530
vt 0.631050 0.306250
vt 0.631230 0.257960
vt 0.631380 0.208340
vt 0.631330 0.159660
vt 0.631400 0.111340
vt 0.631400 0.062410
vt 0.631350 0.014240
vt 0.611700 0.404230
vt 0.611970 0.355130
vt 0.612200 0.305690
vt 0.612390 0.257610
vt 0.612440 0.208390
vt 0.612480 0.159240
vt 0.612580 0.111200
vt 0.612610 0.062370
vt 0.612580 0.014650
vt 0.593000 0.403940
vt 0.593050 0.354580
vt 0.593370 0.305260
vt 0.593590 0.257210
vt 0.593580 0.207940
vt 0.593700 0.159160
vt 0.593760 0.110910
vt 0.593820 0.062160
vt 0.593840 0.015400
vt 0.574300 0.403850
vt 0.574400 0.354680
vt 0.574570 0.304590
vt 0.574780 0.256940
vt 0.574760 0.207950
vt 0.574900 0.158900
vt 0.574960 0.110770
vt 0.575040 0.062000
vt 0.574970 0.015990
vt 0.555720 0.403300
vt 0.556100 0.353990
vt 0.555790 0.304800
vt 0.556010 0.256680
vt 0.555990 0.207580
vt 0.556160 0.158720
vt 0.556170 0.110470
vt 0.556260 0.061780
vt 0.556100 0.015880
vt 0.536990 0.402860
vt 0.537280 0.353850
vt 0.537050 0.304890
vt 0.537230 0.256480
vt 0.537220 0.207430
vt 0.537370 0.158390
vt 0.537380 0.110320
vt 0.537480 0.061660
vt 0.537260 0.015500
vt 0.518270 0.402700
vt 0.518500 0.353630
vt 0.518280 0.304950
vt 0.518480 0.256320
vt 0.518480 0.207190
vt 0.518610 0.158250
vt 0.518590 0.110110
vt 0.518710 0.061620
vt 0.518490 0.014640
vt 0.499530 0.402570
vt 0.499710 0.353580
vt 0.499540 0.304950
vt 0.499720 0.256150
vt 0.499730 0.206980
vt 0.499820 0.157950
vt 0.499790 0.109990
vt 0.499900 0.061670
vt 0.499810 0.014030
vt 0.480790 0.402510
vt 0.480920 0.353480
vt 0.480780 0.304950
vt 0.480950 0.256030
vt 0.480980 0.206860
vt 0.481040 0.157870
vt 0.481000 0.109920
vt 0.481070 0.061600
vt 0.481070 0.013600
vt 0.462030 0.402440
vt 0.462110 0.353440
vt 0.462040 0.304910
vt 0.462200 0.255940
vt 0.462230 0.206850
vt 0.462250 0.157740
vt 0.462210 0.109860
vt 0.462230 0.061450
vt 0.462260 0.013450
vt 0.443270 0.402360
vt 0.443280 0.353370
vt 0.443290 0.304830
vt 0.443390 0.255830
vt 0.443490 0.206640
vt 0.443430 0.157740
vt 0.443420 0.109890
vt 0.443390 0.061410
vt 0.443450 0.013420
vt 0.424510 0.402290
vt 0.424460 0.353330
vt 0.424520 0.304740
vt 0.424600 0.255800
vt 0.424700 0.207040
vt 0.424630 0.157850
vt 0.424640 0.109910
vt 0.424560 0.061310
vt 0.424640 0.013490
vt 0.405780 0.402230
vt 0.405630 0.353320
vt 0.405750 0.304650
vt 0.405780 0.255730
vt 0.405900 0.206820
vt 0.405820 0.157970
vt 0.405860 0.109950
vt 0.405730 0.061370
vt 0.405830 0.013420
vt 0.387050 0.402340
vt 0.386810 0.353430
vt 0.386950 0.304590
vt 0.386950 0.255830
vt 0.387080 0.207270
vt 0.387050 0.157930
vt 0.387070 0.109960
vt 0.386910 0.061380
vt 0.387100 0.013600
vt 0.368350 0.402540
vt 0.367990 0.353590
vt 0.368150 0.304510
vt 0.368140 0.255800
vt 0.368250 0.207080
vt 0.368230 0.158130
vt 0.368270 0.110120
vt 0.368090 0.061460
vt 0.368340 0.013760
vt 0.349620 0.403140
vt 0.349270 0.353970
vt 0.349340 0.304410
vt 0.349300 0.255870
vt 0.349470 0.207160
vt 0.349340 0.157880
vt 0.349430 0.110310
vt 0.349280 0.061480
vt 0.349650 0.014440
vt 0.331040 0.403520
vt 0.330840 0.354280
vt 0.330470 0.304590
vt 0.330490 0.255860
vt 0.330700 0.207390
vt 0.330460 0.158500
vt 0.330580 0.110400
vt 0.330480 0.061500
vt 0.330790 0.014880
vt 0.312310 0.403950
vt 0.312140 0.354900
vt 0.311870 0.305890
vt 0.311710 0.255900
vt 0.311960 0.207580
vt 0.311690 0.158320
vt 0.311840 0.110550
vt 0.311670 0.061620
vt 0.311830 0.014440
vt 0.293840 0.403910
vt 0.293880 0.354640
vt 0.293580 0.305260
vt 0.293010 0.256250
vt 0.293280 0.207980
vt 0.292870 0.159210
vt 0.293070 0.110830
vt 0.292870 0.061870
vt 0.292990 0.013910
vt 0.275150 0.404100
vt 0.275090 0.354990
vt 0.274690 0.305490
vt 0.274270 0.256490
vt 0.274560 0.208300
vt 0.274190 0.159200
vt 0.274340 0.110890
vt 0.274100 0.062200
vt 0.274130 0.013680
vt 0.256600 0.404800
vt 0.256510 0.355320
vt 0.255830 0.307230
vt 0.255500 0.256800
vt 0.255840 0.208810
vt 0.255500 0.159930
vt 0.255520 0.111060
vt 0.255380 0.062650
vt 0.255280 0.013470
vt 0.237970 0.404870
vt 0.237530 0.355920
vt 0.237170 0.306810
vt 0.236910 0.257420
vt 0.237130 0.208880
vt 0.237200 0.158870
vt 0.236800 0.110630
vt 0.236920 0.061580
vt 0.236660 0.013700
vt 0.220410 0.404040
vt 0.220000 0.355250
vt 0.219850 0.306330
vt 0.219100 0.257530
vt 0.218410 0.208520
vt 0.218370 0.159490
vt 0.218130 0.110800
vt 0.218120 0.061770
vt 0.218030 0.013250
vt 0.686260 0.405110
vt 0.686430 0.356320
vt 0.686620 0.307410
vt 0.686970 0.258380
vt 0.687180 0.209150
vt 0.687190 0.159700
vt 0.687680 0.110580
vt 0.687430 0.061600
vt 0.687460 0.012790
vt 0.930870 0.120810
vt 0.926580 0.120810
vt 0.926500 0.222580
vt 0.930790 0.222580
vt 0.926500 0.225800
vt 0.711150 0.222380
vt 0.711140 0.225610
vt 0.706860 0.222380
vt 0.711230 0.120620
vt 0.706940 0.120610
vt 0.711230 0.117390
vt 0.926580 0.117580
vt 0.713220 0.228370
vt 0.920570 0.228600
vt 0.715180 0.114590
vt 0.924480 0.114800
vt 0.924500 0.112050
vt 0.715190 0.111840
vt 0.933110 0.221570
vt 0.933190 0.122460
vt 0.704620 0.122140
vt 0.704530 0.221280
vt 0.926590 0.003350
vt 0.711740 0.003130
vt 0.711640 0.104140
vt 0.926490 0.104360
vt 0.713200 0.231090
vt 0.920550 0.231320
vt 0.701940 0.122140
vt 0.701860 0.221280
vt 0.935780 0.221570
vt 0.935860 0.122470
vt 0.736130 0.313370
vt 0.741980 0.317680
vt 0.835210 0.248290
vt 0.832760 0.241780
vt 0.943140 0.332600
vt 0.938360 0.326180
vt 0.784650 0.440620
vt 0.789430 0.447040
vt 0.752680 0.430390
vt 0.760370 0.418800
vt 0.741540 0.340450
vt 0.731400 0.339350
vt 0.863300 0.237520
vt 0.858810 0.245370
vt 0.937170 0.294610
vt 0.943100 0.287850
vt 0.744720 0.433760
vt 0.723130 0.341240
vt 0.843440 0.244760
vt 0.842910 0.237490
vt 0.851390 0.243690
vt 0.853510 0.235850
vt 0.728840 0.322120
vt 0.736010 0.324420
vt 0.724370 0.331790
vt 0.732360 0.331680
vt 0.856410 0.255370
vt 0.849010 0.253850
vt 0.846660 0.260800
vt 0.852460 0.262050
vt 0.742700 0.332670
vt 0.746320 0.324790
vt 0.752220 0.317960
vt 0.832230 0.258020
vt 0.840550 0.254630
vt 0.923720 0.298200
vt 0.923320 0.326460
vt 0.789230 0.426290
vt 0.784450 0.419870
vt 0.918540 0.320040
vt 0.905920 0.318450
vt 0.786550 0.407320
vt 0.918230 0.304370
vt 0.752680 0.327100
vt 0.757350 0.321800
vt 0.834150 0.264340
vt 0.840520 0.261530
vt 0.750170 0.332810
vt 0.768540 0.415240
vt 0.749590 0.338780
vt 0.766460 0.324640
vt 0.761460 0.330050
vt 0.766710 0.332470
vt 0.771230 0.328560
vt 0.853040 0.270520
vt 0.906690 0.305910
vt 0.834210 0.273840
vt 0.840800 0.270600
vt 0.758090 0.336140
vt 0.847450 0.269350
vt 0.773650 0.404650
vt 0.757330 0.342090
vt 0.836750 0.279420
vt 0.841420 0.276370
vt 0.764470 0.336440
vt 0.845670 0.275320
vt 0.781770 0.400910
vt 0.764560 0.340490
vt 0.849540 0.276450
vt 0.901140 0.312040
vt 0.778410 0.673860
vt 0.778410 0.532070
vt 0.733000 0.532070
vt 0.733000 0.673860
vt 0.812770 0.511790
vt 0.812770 0.673860
vt 0.814450 0.670940
vt 0.814460 0.514710
vt 0.414670 0.724990
vt 0.556110 0.724990
vt 0.556110 0.721560
vt 0.414670 0.721560
vt 0.409020 0.728240
vt 0.561760 0.728240
vt 0.733000 0.463950
vt 0.778410 0.463950
vt 0.776730 0.461030
vt 0.734680 0.461030
vt 0.698630 0.673860
vt 0.698630 0.511790
vt 0.696950 0.514710
vt 0.696950 0.670940
vt 0.413310 0.850430
vt 0.555090 0.850430
vt 0.555090 0.812270
vt 0.413310 0.812270
vt 0.816220 0.670940
vt 0.816220 0.514710
vt 0.776730 0.457960
vt 0.734680 0.457960
vt 0.695180 0.514710
vt 0.695180 0.670940
vt 0.778410 0.503380
vt 0.733000 0.503380
vt 0.293700 0.699010
vt 0.293700 0.743200
vt 0.390350 0.743200
vt 0.390350 0.699010
vt 0.761460 0.987330
vt 0.716020 0.987330
vt 0.716020 0.990730
vt 0.761460 0.990730
vt 0.716020 0.994120
vt 0.761460 0.994120
vt 0.761460 0.980550
vt 0.716020 0.980550
vt 0.716020 0.983940
vt 0.761460 0.983940
vt 0.670580 0.987330
vt 0.670580 0.990730
vt 0.716020 0.977150
vt 0.670580 0.977150
vt 0.670580 0.980550
vt 0.670580 0.983940
vt 0.625140 0.987330
vt 0.625140 0.990730
vt 0.625140 0.977150
vt 0.625140 0.980550
vt 0.625140 0.983940
vt 0.761460 0.977150
vt 0.579700 0.987330
vt 0.579700 0.990730
vt 0.579700 0.977150
vt 0.579700 0.980550
vt 0.579700 0.983940
vt 0.534270 0.987330
vt 0.534270 0.990730
vt 0.534270 0.994120
vt 0.579700 0.994120
vt 0.534270 0.980550
vt 0.534270 0.983940
vt 0.488830 0.987330
vt 0.488830 0.990730
vt 0.534270 0.977150
vt 0.488830 0.977150
vt 0.488830 0.980550
vt 0.488830 0.983940
vt 0.443390 0.987330
vt 0.443390 0.990730
vt 0.443390 0.977150
vt 0.443390 0.980550
vt 0.443390 0.983940
vt 0.397960 0.987330
vt 0.352530 0.987330
vt 0.352530 0.990720
vt 0.397960 0.990730
vt 0.352530 0.994120
vt 0.397960 0.994120
vt 0.397960 0.980550
vt 0.352530 0.980550
vt 0.352530 0.983940
vt 0.397960 0.983940
vt 0.307090 0.987330
vt 0.307090 0.990720
vt 0.352530 0.990730
vt 0.352530 0.977150
vt 0.307090 0.977150
vt 0.307090 0.980550
vt 0.307090 0.983940
vt 0.261660 0.987330
vt 0.261660 0.990720
vt 0.261660 0.977150
vt 0.261660 0.980540
vt 0.261660 0.983940
vt 0.397960 0.977150
vt 0.988660 0.952650
vt 0.943220 0.952660
vt 0.943220 0.956050
vt 0.988660 0.956050
vt 0.988660 0.942470
vt 0.943220 0.942470
vt 0.943220 0.945870
vt 0.988660 0.945870
vt 0.943220 0.949260
vt 0.988660 0.949260
vt 0.897780 0.952660
vt 0.897780 0.956050
vt 0.897780 0.959440
vt 0.943220 0.959440
vt 0.897780 0.945870
vt 0.897780 0.949260
vt 0.852340 0.952660
vt 0.852340 0.956050
vt 0.897780 0.942480
vt 0.852340 0.942480
vt 0.852340 0.945870
vt 0.852340 0.949260
vt 0.806900 0.952660
vt 0.806900 0.956050
vt 0.806900 0.942480
vt 0.806900 0.945870
vt 0.806900 0.949260
vt 0.761460 0.952660
vt 0.716020 0.952660
vt 0.716020 0.956050
vt 0.761460 0.956050
vt 0.716020 0.959440
vt 0.761460 0.959440
vt 0.761460 0.945870
vt 0.716020 0.945870
vt 0.716020 0.949260
vt 0.761460 0.949260
vt 0.670580 0.952660
vt 0.670580 0.956050
vt 0.716020 0.942480
vt 0.670580 0.942480
vt 0.670580 0.945870
vt 0.670580 0.949260
vt 0.625140 0.952660
vt 0.625140 0.956050
vt 0.625140 0.942480
vt 0.625140 0.945870
vt 0.625140 0.949260
vt 0.761460 0.942480
vt 0.579700 0.952660
vt 0.579700 0.956050
vt 0.579700 0.942480
vt 0.579700 0.945870
vt 0.579700 0.949260
vt 0.534260 0.952660
vt 0.534260 0.956050
vt 0.534260 0.959440
vt 0.579700 0.959440
vt 0.534260 0.945870
vt 0.534260 0.949260
vt 0.488830 0.952660
vt 0.488830 0.956050
vt 0.534260 0.942480
vt 0.488830 0.942480
vt 0.488830 0.945870
vt 0.488830 0.949260
vt 0.443390 0.952660
vt 0.443390 0.956050
vt 0.443390 0.942480
vt 0.443390 0.945870
vt 0.443390 0.949260
vt 0.397960 0.952650
vt 0.352530 0.952650
vt 0.352530 0.956050
vt 0.397960 0.956050
vt 0.352530 0.959440
vt 0.397960 0.959440
vt 0.397960 0.945870
vt 0.352530 0.945870
vt 0.352530 0.949260
vt 0.397960 0.949260
vt 0.307090 0.952650
vt 0.307090 0.956050
vt 0.352530 0.942480
vt 0.307090 0.942470
vt 0.307090 0.945870
vt 0.307090 0.949260
vt 0.261660 0.952650
vt 0.261660 0.956050
vt 0.261660 0.942470
vt 0.261660 0.945870
vt 0.261660 0.949260
vt 0.397960 0.942480
vt 0.988660 0.935320
vt 0.943220 0.935320
vt 0.943220 0.938710
vt 0.988660 0.938710
vt 0.988660 0.925140
vt 0.943220 0.925140
vt 0.943220 0.928530
vt 0.988660 0.928530
vt 0.943220 0.931920
vt 0.988660 0.931920
vt 0.897780 0.935320
vt 0.897780 0.938710
vt 0.897780 0.942100
vt 0.943220 0.942100
vt 0.897780 0.928530
vt 0.897780 0.931920
vt 0.852340 0.935320
vt 0.852340 0.938710
vt 0.897780 0.925140
vt 0.852340 0.925140
vt 0.852340 0.928530
vt 0.852340 0.931920
vt 0.806900 0.935320
vt 0.806900 0.938710
vt 0.806900 0.925140
vt 0.806900 0.928530
vt 0.806900 0.931920
vt 0.761460 0.935320
vt 0.716020 0.935320
vt 0.716020 0.938710
vt 0.761460 0.938710
vt 0.716020 0.942100
vt 0.761460 0.942100
vt 0.761460 0.928530
vt 0.716020 0.928530
vt 0.716020 0.931920
vt 0.761460 0.931920
vt 0.670580 0.935320
vt 0.670580 0.938710
vt 0.716020 0.925140
vt 0.670580 0.925140
vt 0.670580 0.928530
vt 0.670580 0.931920
vt 0.625140 0.935320
vt 0.625140 0.938710
vt 0.625140 0.925140
vt 0.625140 0.928530
vt 0.625140 0.931920
vt 0.761460 0.925140
vt 0.579700 0.935320
vt 0.579700 0.938710
vt 0.579700 0.925140
vt 0.579700 0.928530
vt 0.579700 0.931920
vt 0.534260 0.935320
vt 0.534260 0.938710
vt 0.534260 0.942100
vt 0.579700 0.942100
vt 0.534260 0.928530
vt 0.534260 0.931920
vt 0.488830 0.935320
vt 0.488830 0.938710
vt 0.534260 0.925140
vt 0.488830 0.925140
vt 0.488830 0.928530
vt 0.488830 0.931920
vt 0.443390 0.935320
vt 0.443390 0.938710
vt 0.443390 0.925140
vt 0.443390 0.928530
vt 0.443390 0.931920
vt 0.397960 0.935320
vt 0.352530 0.935320
vt 0.352530 0.938710
vt 0.397960 0.938710
vt 0.352530 0.942100
vt 0.397960 0.942100
vt 0.397960 0.928530
vt 0.352530 0.928530
vt 0.352530 0.931920
vt 0.397960 0.931920
vt 0.307090 0.935310
vt 0.307090 0.938710
vt 0.352530 0.925140
vt 0.307090 0.925140
vt 0.307090 0.928530
vt 0.307090 0.931920
vt 0.261660 0.935310
vt 0.261660 0.938710
vt 0.261660 0.925140
vt 0.261660 0.928530
vt 0.261660 0.931920
vt 0.397960 0.925140
vt 0.988660 0.969990
vt 0.943220 0.969990
vt 0.943220 0.973390
vt 0.988660 0.973390
vt 0.988660 0.959810
vt 0.943220 0.959810
vt 0.943220 0.963210
vt 0.988660 0.963210
vt 0.943220 0.966600
vt 0.988660 0.966600
vt 0.897780 0.969990
vt 0.897780 0.973390
vt 0.897780 0.976780
vt 0.943220 0.976780
vt 0.897780 0.963210
vt 0.897780 0.966600
vt 0.852340 0.969990
vt 0.852340 0.973390
vt 0.897780 0.959810
vt 0.852340 0.959810
vt 0.852340 0.963210
vt 0.852340 0.966600
vt 0.806900 0.970000
vt 0.806900 0.973390
vt 0.806900 0.959810
vt 0.806900 0.963210
vt 0.806900 0.966600
vt 0.761460 0.970000
vt 0.716020 0.970000
vt 0.716020 0.973390
vt 0.761460 0.973390
vt 0.716020 0.976780
vt 0.761460 0.976780
vt 0.761460 0.963210
vt 0.716020 0.963210
vt 0.716020 0.966600
vt 0.761460 0.966600
vt 0.670580 0.970000
vt 0.670580 0.973390
vt 0.716020 0.959820
vt 0.670580 0.959820
vt 0.670580 0.963210
vt 0.670580 0.966600
vt 0.625140 0.970000
vt 0.625140 0.973390
vt 0.625140 0.959820
vt 0.625140 0.963210
vt 0.625140 0.966600
vt 0.761460 0.959820
vt 0.579700 0.970000
vt 0.579700 0.973390
vt 0.579700 0.959820
vt 0.579700 0.963210
vt 0.579700 0.966600
vt 0.534270 0.970000
vt 0.534270 0.973390
vt 0.534270 0.976780
vt 0.579700 0.976780
vt 0.534270 0.963210
vt 0.534270 0.966600
vt 0.488830 0.969990
vt 0.488830 0.973390
vt 0.534270 0.959820
vt 0.488830 0.959820
vt 0.488830 0.963210
vt 0.488830 0.966600
vt 0.443390 0.969990
vt 0.443390 0.973390
vt 0.443390 0.959810
vt 0.443390 0.963210
vt 0.443390 0.966600
vt 0.397960 0.969990
vt 0.352530 0.969990
vt 0.352530 0.973390
vt 0.397960 0.973390
vt 0.352530 0.976780
vt 0.397960 0.976780
vt 0.397960 0.963210
vt 0.352530 0.963210
vt 0.352530 0.966600
vt 0.397960 0.966600
vt 0.307090 0.969990
vt 0.307090 0.973390
vt 0.352530 0.959810
vt 0.307090 0.959810
vt 0.307090 0.963210
vt 0.307090 0.966600
vt 0.261660 0.969990
vt 0.261660 0.973380
vt 0.261660 0.959810
vt 0.261660 0.963210
vt 0.261660 0.966600
vt 0.397960 0.959810
vt 0.027790 0.454500
vt 0.027790 0.409070
vt 0.025060 0.409070
vt 0.025060 0.454500
vt 0.037310 0.454500
vt 0.037310 0.409070
vt 0.033910 0.409070
vt 0.033910 0.454500
vt 0.031180 0.409070
vt 0.031180 0.454500
vt 0.031190 0.318200
vt 0.031190 0.272770
vt 0.027790 0.272770
vt 0.027790 0.318200
vt 0.033920 0.318200
vt 0.033920 0.272770
vt 0.037310 0.318200
vt 0.037310 0.272770
vt 0.025060 0.272770
vt 0.025060 0.318200
vt 0.031180 0.363630
vt 0.027790 0.363630
vt 0.033910 0.363630
vt 0.033910 0.318200
vt 0.037310 0.363630
vt 0.025060 0.363630
vt 0.021670 0.363630
vt 0.021670 0.409070
vt 0.031180 0.499940
vt 0.027790 0.499940
vt 0.033910 0.499940
vt 0.037310 0.499940
vt 0.025060 0.499940
vt 0.031180 0.545380
vt 0.027790 0.545380
vt 0.033910 0.545380
vt 0.037310 0.545380
vt 0.025060 0.545380
vt 0.031180 0.590820
vt 0.027790 0.590820
vt 0.033910 0.590820
vt 0.025060 0.590820
vt 0.021670 0.545380
vt 0.021670 0.590820
vt 0.031180 0.636260
vt 0.027790 0.636260
vt 0.033910 0.636260
vt 0.037310 0.636260
vt 0.037310 0.590820
vt 0.025060 0.636260
vt 0.027790 0.818030
vt 0.027790 0.772590
vt 0.025060 0.772590
vt 0.025060 0.818030
vt 0.037310 0.818030
vt 0.037310 0.772590
vt 0.033910 0.772590
vt 0.033910 0.818030
vt 0.031180 0.772590
vt 0.031180 0.818030
vt 0.031180 0.681700
vt 0.027790 0.681700
vt 0.033910 0.681700
vt 0.037310 0.681700
vt 0.025060 0.681700
vt 0.031180 0.727140
vt 0.027790 0.727140
vt 0.033910 0.727140
vt 0.037310 0.727140
vt 0.025060 0.727140
vt 0.021670 0.727140
vt 0.021670 0.772590
vt 0.031180 0.863480
vt 0.027790 0.863480
vt 0.033910 0.863480
vt 0.037310 0.863480
vt 0.025060 0.863480
vt 0.031180 0.908920
vt 0.027790 0.908920
vt 0.033910 0.908920
vt 0.037310 0.908920
vt 0.025060 0.908920
vt 0.031180 0.954370
vt 0.027790 0.954370
vt 0.033910 0.954370
vt 0.025060 0.954370
vt 0.021670 0.908920
vt 0.021670 0.954370
vt 0.031180 0.999820
vt 0.027790 0.999820
vt 0.033910 0.999820
vt 0.037310 0.999820
vt 0.037310 0.954370
vt 0.025060 0.999820
vt 0.011780 0.454510
vt 0.011780 0.409070
vt 0.009050 0.409070
vt 0.009050 0.454510
vt 0.021290 0.454510
vt 0.021290 0.409070
vt 0.017900 0.409070
vt 0.017900 0.454510
vt 0.015170 0.409070
vt 0.015170 0.454510
vt 0.015170 0.318200
vt 0.015170 0.272770
vt 0.011780 0.272770
vt 0.011780 0.318200
vt 0.017900 0.318200
vt 0.017900 0.272770
vt 0.021290 0.318200
vt 0.021290 0.272770
vt 0.009050 0.272770
vt 0.009050 0.318200
vt 0.015170 0.363640
vt 0.011780 0.363640
vt 0.017900 0.363640
vt 0.021290 0.363640
vt 0.009050 0.363640
vt 0.005660 0.363640
vt 0.005650 0.409070
vt 0.015170 0.499940
vt 0.011780 0.499940
vt 0.017900 0.499940
vt 0.021290 0.499940
vt 0.009050 0.499940
vt 0.015170 0.545380
vt 0.011780 0.545380
vt 0.017900 0.545380
vt 0.021290 0.545380
vt 0.009050 0.545380
vt 0.015170 0.590820
vt 0.011780 0.590820
vt 0.017900 0.590820
vt 0.009050 0.590820
vt 0.005650 0.545380
vt 0.005650 0.590820
vt 0.015170 0.636270
vt 0.011780 0.636270
vt 0.017900 0.636270
vt 0.021290 0.636270
vt 0.021290 0.590820
vt 0.009050 0.636270
vt 0.011780 0.818040
vt 0.011780 0.772590
vt 0.009050 0.772590
vt 0.009050 0.818040
vt 0.021290 0.818040
vt 0.021290 0.772590
vt 0.017900 0.772590
vt 0.017900 0.818040
vt 0.015170 0.772590
vt 0.015170 0.818040
vt 0.015170 0.681710
vt 0.011780 0.681710
vt 0.017900 0.681710
vt 0.021290 0.681710
vt 0.009050 0.681710
vt 0.015170 0.727150
vt 0.011780 0.727150
vt 0.017900 0.727150
vt 0.021290 0.727150
vt 0.009050 0.727150
vt 0.005650 0.727150
vt 0.005650 0.772590
vt 0.015170 0.863480
vt 0.011780 0.863480
vt 0.017900 0.863480
vt 0.021290 0.863480
vt 0.009050 0.863480
vt 0.015170 0.908920
vt 0.011780 0.908920
vt 0.017900 0.908920
vt 0.021300 0.908920
vt 0.009050 0.908920
vt 0.015170 0.954370
vt 0.011780 0.954370
vt 0.017900 0.954370
vt 0.009050 0.954370
vt 0.005650 0.908920
vt 0.005650 0.954370
vt 0.015170 0.999820
vt 0.011780 0.999820
vt 0.017900 0.999820
vt 0.021300 0.999820
vt 0.021300 0.954370
vt 0.009050 0.999820
vt 0.043370 0.454480
vt 0.043370 0.409040
vt 0.041070 0.409040
vt 0.041070 0.454480
vt 0.052460 0.454480
vt 0.052460 0.409040
vt 0.049070 0.409040
vt 0.049070 0.454480
vt 0.046770 0.409040
vt 0.046770 0.454480
vt 0.046770 0.318170
vt 0.046770 0.272740
vt 0.043380 0.272740
vt 0.043380 0.318170
vt 0.049070 0.318170
vt 0.049070 0.272740
vt 0.052460 0.318170
vt 0.052460 0.272740
vt 0.041080 0.272740
vt 0.041080 0.318170
vt 0.046770 0.363610
vt 0.043370 0.363610
vt 0.049070 0.363610
vt 0.052460 0.363610
vt 0.041080 0.363610
vt 0.037680 0.363610
vt 0.037680 0.409040
vt 0.046770 0.499910
vt 0.043370 0.499910
vt 0.049070 0.499910
vt 0.052460 0.499910
vt 0.041070 0.499910
vt 0.046770 0.545350
vt 0.043370 0.545350
vt 0.049070 0.545350
vt 0.052460 0.545350
vt 0.041070 0.545350
vt 0.046770 0.590790
vt 0.043370 0.590790
vt 0.049070 0.590790
vt 0.041070 0.590790
vt 0.037680 0.545350
vt 0.037680 0.590790
vt 0.046770 0.636230
vt 0.043370 0.636230
vt 0.049070 0.636230
vt 0.052460 0.636230
vt 0.052460 0.590790
vt 0.041070 0.636230
vt 0.043370 0.818010
vt 0.043370 0.772570
vt 0.041070 0.772570
vt 0.041070 0.818010
vt 0.052460 0.818010
vt 0.052460 0.772570
vt 0.049070 0.772570
vt 0.049070 0.818010
vt 0.046770 0.772570
vt 0.046770 0.818010
vt 0.046770 0.681670
vt 0.043370 0.681670
vt 0.049070 0.681670
vt 0.052460 0.681670
vt 0.041070 0.681670
vt 0.046770 0.727120
vt 0.043370 0.727120
vt 0.049070 0.727120
vt 0.052460 0.727120
vt 0.041070 0.727120
vt 0.037680 0.727120
vt 0.037680 0.772570
vt 0.046770 0.863460
vt 0.043370 0.863460
vt 0.049070 0.863460
vt 0.052460 0.863460
vt 0.041070 0.863460
vt 0.046770 0.908910
vt 0.043370 0.908910
vt 0.049070 0.908910
vt 0.052460 0.908910
vt 0.041070 0.908910
vt 0.046770 0.954360
vt 0.043370 0.954360
vt 0.049070 0.954360
vt 0.041070 0.954360
vt 0.037680 0.908910
vt 0.037680 0.954360
vt 0.046770 0.999820
vt 0.043370 0.999820
vt 0.049070 0.999820
vt 0.052460 0.999820
vt 0.052460 0.954360
vt 0.041070 0.999820
vt 0.058530 0.454490
vt 0.058530 0.409060
vt 0.056230 0.409060
vt 0.056230 0.454490
vt 0.067620 0.454490
vt 0.067620 0.409060
vt 0.064220 0.409060
vt 0.064220 0.454490
vt 0.061920 0.409060
vt 0.061920 0.454490
vt 0.061920 0.318190
vt 0.061920 0.272750
vt 0.058530 0.272750
vt 0.058530 0.318190
vt 0.064220 0.318190
vt 0.064220 0.272750
vt 0.067620 0.318190
vt 0.067620 0.272750
vt 0.056230 0.272750
vt 0.056230 0.318190
vt 0.061920 0.363620
vt 0.058530 0.363620
vt 0.064220 0.363620
vt 0.067620 0.363620
vt 0.056230 0.363620
vt 0.052840 0.363620
vt 0.052840 0.409060
vt 0.061920 0.499930
vt 0.058530 0.499930
vt 0.064220 0.499930
vt 0.067610 0.499930
vt 0.067610 0.454490
vt 0.056230 0.499930
vt 0.061920 0.545370
vt 0.058530 0.545370
vt 0.064220 0.545370
vt 0.067610 0.545370
vt 0.056230 0.545370
vt 0.061920 0.590810
vt 0.058530 0.590810
vt 0.064220 0.590810
vt 0.056230 0.590810
vt 0.052830 0.545370
vt 0.052830 0.590810
vt 0.061920 0.636250
vt 0.058530 0.636250
vt 0.064220 0.636250
vt 0.067610 0.636250
vt 0.067620 0.590810
vt 0.056230 0.636250
vt 0.058530 0.818020
vt 0.058530 0.772580
vt 0.056230 0.772580
vt 0.056230 0.818020
vt 0.067620 0.818020
vt 0.067610 0.772580
vt 0.064220 0.772580
vt 0.064220 0.818020
vt 0.061920 0.772580
vt 0.061920 0.818020
vt 0.061920 0.681690
vt 0.058530 0.681690
vt 0.064220 0.681690
vt 0.067610 0.681690
vt 0.056230 0.681690
vt 0.061920 0.727140
vt 0.058530 0.727140
vt 0.064220 0.727140
vt 0.067610 0.727140
vt 0.056230 0.727140
vt 0.052830 0.727140
vt 0.052830 0.772580
vt 0.124440 0.999780
vt 0.123780 0.691800
vt 0.118400 0.691780
vt 0.119080 0.999760
vt 0.061920 0.863470
vt 0.058530 0.863470
vt 0.064220 0.863470
vt 0.067620 0.863470
vt 0.056230 0.863470
vt 0.061920 0.908920
vt 0.058530 0.908920
vt 0.064220 0.908920
vt 0.067620 0.908920
vt 0.056230 0.908920
vt 0.061920 0.954370
vt 0.058530 0.954370
vt 0.064220 0.954370
vt 0.056230 0.954370
vt 0.052830 0.908920
vt 0.052830 0.954370
vt 0.061920 0.999820
vt 0.058530 0.999820
vt 0.064230 0.999820
vt 0.067620 0.999820
vt 0.067620 0.954370
vt 0.056230 0.999820
vt 0.107290 0.999800
vt 0.106630 0.691820
vt 0.101260 0.691800
vt 0.101920 0.999780
vt 0.074040 0.999760
vt 0.073360 0.691780
vt 0.067990 0.691760
vt 0.068670 0.999740
vt 0.090140 0.999820
vt 0.089490 0.691840
vt 0.084110 0.691820
vt 0.084760 0.999800
vt 0.078740 0.691800
vt 0.079400 0.999780
vt 0.152320 0.383830
vt 0.146960 0.383850
vt 0.146300 0.691830
vt 0.151670 0.691810
vt 0.157700 0.383810
vt 0.157050 0.691790
vt 0.141600 0.383870
vt 0.136230 0.383890
vt 0.135550 0.691870
vt 0.140920 0.691850
vt 0.112660 0.999820
vt 0.112010 0.691840
vt 0.096560 0.999760
vt 0.095880 0.691780
vt 0.090510 0.691760
vt 0.091200 0.999740
vt 0.129800 0.999800
vt 0.129150 0.691820
vt 0.135180 0.999820
vt 0.134530 0.691840
vt 0.113030 0.691760
vt 0.113720 0.999740
vt 0.027790 0.091040
vt 0.027790 0.045610
vt 0.025060 0.045610
vt 0.025060 0.091040
vt 0.037310 0.091040
vt 0.037310 0.045610
vt 0.033910 0.045610
vt 0.033910 0.091040
vt 0.031180 0.045610
vt 0.031180 0.091040
vt 0.031180 0.000180
vt 0.027790 0.000180
vt 0.033910 0.000180
vt 0.025060 0.000180
vt 0.021670 0.000180
vt 0.021670 0.045610
vt 0.031180 0.136470
vt 0.027790 0.136470
vt 0.033910 0.136470
vt 0.037310 0.136470
vt 0.025060 0.136470
vt 0.031180 0.181900
vt 0.027790 0.181900
vt 0.033910 0.181900
vt 0.037310 0.181900
vt 0.025060 0.181900
vt 0.031190 0.227330
vt 0.027790 0.227330
vt 0.033920 0.227330
vt 0.025060 0.227330
vt 0.021670 0.181900
vt 0.021670 0.227330
vt 0.037310 0.227330
vt 0.011780 0.091040
vt 0.011780 0.045610
vt 0.009050 0.045610
vt 0.009050 0.091040
vt 0.021300 0.091040
vt 0.021300 0.045610
vt 0.017900 0.045610
vt 0.017900 0.091040
vt 0.015170 0.045610
vt 0.015170 0.091040
vt 0.015170 0.000180
vt 0.011780 0.000180
vt 0.017900 0.000180
vt 0.009050 0.000180
vt 0.005660 0.000180
vt 0.005660 0.045610
vt 0.015170 0.136470
vt 0.011780 0.136470
vt 0.017900 0.136470
vt 0.021300 0.136470
vt 0.009050 0.136470
vt 0.015170 0.181900
vt 0.011780 0.181900
vt 0.017900 0.181900
vt 0.021300 0.181900
vt 0.009050 0.181900
vt 0.015170 0.227330
vt 0.011780 0.227330
vt 0.017900 0.227330
vt 0.009050 0.227330
vt 0.005660 0.181900
vt 0.005660 0.227330
vt 0.021300 0.227330
vt 0.043380 0.091020
vt 0.043380 0.045600
vt 0.041080 0.045600
vt 0.041080 0.091020
vt 0.052460 0.091020
vt 0.052460 0.045600
vt 0.049070 0.045600
vt 0.049070 0.091020
vt 0.046770 0.045600
vt 0.046770 0.091020
vt 0.046770 0.000190
vt 0.043380 0.000190
vt 0.049070 0.000190
vt 0.041080 0.000190
vt 0.037690 0.000190
vt 0.037690 0.045600
vt 0.046770 0.136450
vt 0.043380 0.136450
vt 0.049070 0.136450
vt 0.052460 0.136450
vt 0.041080 0.136450
vt 0.046770 0.181880
vt 0.043380 0.181880
vt 0.049070 0.181880
vt 0.052460 0.181880
vt 0.041080 0.181880
vt 0.046770 0.227310
vt 0.043380 0.227310
vt 0.049070 0.227310
vt 0.041080 0.227310
vt 0.037690 0.181880
vt 0.037680 0.227310
vt 0.052460 0.227310
vt 0.074050 0.383830
vt 0.068670 0.383810
vt 0.090140 0.383890
vt 0.084780 0.383870
vt 0.079410 0.383850
vt 0.146970 0.999780
vt 0.152340 0.999760
vt 0.157700 0.999740
vt 0.136230 0.999820
vt 0.141610 0.999800
vt 0.124450 0.383850
vt 0.119090 0.383830
vt 0.129820 0.383870
vt 0.135180 0.383890
vt 0.113720 0.383810
vt 0.058530 0.091030
vt 0.058540 0.045600
vt 0.056240 0.045600
vt 0.056240 0.091030
vt 0.067620 0.091030
vt 0.067620 0.045610
vt 0.064230 0.045600
vt 0.064230 0.091030
vt 0.061930 0.045600
vt 0.061930 0.091030
vt 0.107300 0.383870
vt 0.101930 0.383850
vt 0.112660 0.383890
vt 0.096570 0.383830
vt 0.091200 0.383810
vt 0.061930 0.000190
vt 0.058540 0.000190
vt 0.064230 0.045610
vt 0.064230 0.000190
vt 0.056240 0.000190
vt 0.052850 0.000190
vt 0.052840 0.045600
vt 0.061930 0.136450
vt 0.058530 0.136450
vt 0.064230 0.136450
vt 0.067620 0.136450
vt 0.056230 0.091030
vt 0.056230 0.136450
vt 0.061930 0.181890
vt 0.058530 0.181890
vt 0.064230 0.181890
vt 0.067620 0.181890
vt 0.056230 0.181890
vt 0.061920 0.227320
vt 0.058530 0.227320
vt 0.064220 0.227320
vt 0.056230 0.227320
vt 0.052840 0.181890
vt 0.052840 0.227320
vt 0.067620 0.227320
vt 0.642780 0.789090
vt 0.660740 0.776560
vt 0.660790 0.717650
vt 0.639300 0.704060
vt 0.598930 0.746260
vt 0.491540 0.746260
vt 0.491840 0.757560
vt 0.598630 0.757490
vt 0.491860 0.770250
vt 0.598590 0.770170
vt 0.491790 0.786790
vt 0.598640 0.786730
vt 0.491430 0.801730
vt 0.598990 0.801760
vt 0.674600 0.775540
vt 0.675270 0.718390
vt 0.745620 0.727960
vt 0.744410 0.767150
vt 0.749720 0.769000
vt 0.751300 0.726180
vt 0.735670 0.731120
vt 0.743890 0.725920
vt 0.735410 0.729180
vt 0.741880 0.724000
vt 0.735490 0.726860
vt 0.759040 0.723300
vt 0.756800 0.771910
vt 0.764350 0.775200
vt 0.767190 0.720090
vt 0.791610 0.790860
vt 0.799040 0.704150
vt 0.771080 0.793360
vt 0.662840 0.792130
vt 0.659550 0.796520
vt 0.778140 0.797860
vt 0.658120 0.800920
vt 0.781000 0.802320
vt 0.662220 0.700590
vt 0.776360 0.700590
vt 0.783930 0.695930
vt 0.658870 0.695930
vt 0.787060 0.691270
vt 0.657480 0.691270
vt 0.712990 0.773370
vt 0.723630 0.769220
vt 0.721960 0.767120
vt 0.710980 0.770900
vt 0.604370 0.770170
vt 0.604430 0.757540
vt 0.734790 0.767820
vt 0.740640 0.770770
vt 0.742660 0.769010
vt 0.734910 0.765650
vt 0.735480 0.763820
vt 0.724110 0.725150
vt 0.713420 0.720690
vt 0.711250 0.723160
vt 0.722160 0.727380
vt 0.486020 0.757610
vt 0.486080 0.770250
vt 0.695460 0.779600
vt 0.693700 0.776400
vt 0.604460 0.786690
vt 0.696350 0.714120
vt 0.694530 0.717340
vt 0.485990 0.786750
vt 0.676180 0.782330
vt 0.675370 0.778920
vt 0.604820 0.801630
vt 0.676710 0.711290
vt 0.675930 0.714860
vt 0.485630 0.801610
vt 0.666980 0.783260
vt 0.663400 0.779770
vt 0.666950 0.710390
vt 0.663310 0.714200
vt 0.651850 0.792150
vt 0.649710 0.700500
vt 0.746470 0.721420
vt 0.749150 0.723710
vt 0.744860 0.773350
vt 0.747470 0.771220
vt 0.752620 0.717670
vt 0.756070 0.720390
vt 0.750440 0.777010
vt 0.753890 0.774600
vt 0.758330 0.713300
vt 0.763100 0.716430
vt 0.755550 0.781260
vt 0.760200 0.778500
vt 0.485700 0.747570
vt 0.729320 0.727210
vt 0.729930 0.729390
vt 0.790090 0.700900
vt 0.783390 0.793490
vt 0.604740 0.747560
vt 0.728590 0.767310
vt 0.729200 0.764960
vt 0.729910 0.731290
vt 0.730340 0.763120
vt 0.220430 0.743180
vt 0.220430 0.801600
vt 0.293610 0.801600
vt 0.293610 0.743180
vt 0.390310 0.801600
vt 0.390310 0.743180
vt 0.463490 0.801600
vt 0.463490 0.743180
vt 0.216850 0.745340
vt 0.216850 0.799440
vt 0.293610 0.845810
vt 0.390310 0.845810
vt 0.386590 0.693360
vt 0.297050 0.693360
vt 0.297050 0.695640
vt 0.386590 0.695640
vt 0.390160 0.691200
vt 0.293470 0.691200
vt 0.297190 0.847970
vt 0.386730 0.847970
vt 0.467070 0.799440
vt 0.467070 0.745340
vt 0.166610 0.986510
vt 0.200680 0.986510
vt 0.200680 0.930120
vt 0.166610 0.930120
vt 0.213090 0.745340
vt 0.213090 0.799440
vt 0.297190 0.850250
vt 0.386730 0.850250
vt 0.470840 0.799440
vt 0.470840 0.745340
vt 0.948650 0.797580
vt 0.959040 0.797410
vt 0.959040 0.006780
vt 0.948650 0.006940
vt 0.979810 0.006720
vt 0.969430 0.006890
vt 0.969430 0.797520
vt 0.979810 0.797360
vt 0.990200 0.797470
vt 0.990200 0.006830
vt 0.150590 0.309850
vt 0.151890 0.285290
vt 0.091570 0.292150
vt 0.091320 0.306150
vt 0.091330 0.320520
vt 0.089290 0.337800
vt 0.138460 0.329500
vt 0.091980 0.235710
vt 0.093490 0.249620
vt 0.087770 0.220330
vt 0.084260 0.223230
vt 0.087960 0.236610
vt 0.093740 0.263860
vt 0.092730 0.278000
vt 0.088210 0.277830
vt 0.089330 0.263910
vt 0.085690 0.263750
vt 0.084650 0.277560
vt 0.087110 0.320170
vt 0.084200 0.334610
vt 0.089160 0.250090
vt 0.086860 0.305960
vt 0.086490 0.291890
vt 0.080490 0.190940
vt 0.096830 0.207500
vt 0.102060 0.195000
vt 0.093050 0.185990
vt 0.083110 0.291730
vt 0.085940 0.250250
vt 0.083300 0.305930
vt 0.084430 0.237320
vt 0.083270 0.319840
vt 0.080800 0.224190
vt 0.080800 0.333960
vt 0.136450 0.168130
vt 0.120370 0.151850
vt 0.115030 0.164140
vt 0.124100 0.173220
vt 0.136450 0.191120
vt 0.124010 0.186090
vt 0.097250 0.151660
vt 0.102180 0.164180
vt 0.120150 0.207470
vt 0.114870 0.195040
vt 0.080760 0.167740
vt 0.093070 0.173170
vt 0.248190 0.941040
vt 0.212380 0.941040
vt 0.212380 0.974740
vt 0.248190 0.974740
vt 0.248980 0.935560
vt 0.211590 0.935560
vt 0.253670 0.975480
vt 0.253670 0.940290
vt 0.211590 0.980210
vt 0.248980 0.980210
vt 0.206900 0.940290
vt 0.206900 0.975480
vt 0.107160 0.126160
vt 0.099470 0.142080
vt 0.106930 0.146040
vt 0.114780 0.131280
vt 0.100930 0.121320
vt 0.084320 0.121520
vt 0.084370 0.124420
vt 0.100550 0.124170
vt 0.093570 0.139230
vt 0.126750 0.120080
vt 0.128480 0.122700
vt 0.134770 0.120800
vt 0.133920 0.117950
vt 0.096520 0.087220
vt 0.080480 0.086520
vt 0.080800 0.093800
vt 0.093600 0.092130
vt 0.106260 0.093940
vt 0.098390 0.098960
vt 0.109000 0.122410
vt 0.128410 0.093290
vt 0.134750 0.096880
vt 0.082460 0.101920
vt 0.115280 0.128700
vt 0.124720 0.127770
vt 0.123480 0.126340
vt 0.137020 0.088870
vt 0.136020 0.052110
vt 0.126250 0.055860
vt 0.139630 0.092430
vt 0.106980 0.055520
vt 0.123660 0.027700
vt 0.108340 0.028140
vt 0.097540 0.052400
vt 0.080480 0.052090
vt 0.099970 0.027410
vt 0.082360 0.025820
vt 0.132230 0.026650
vt 0.906530 0.708670
vt 0.906530 0.796190
vt 0.922340 0.708670
vt 0.890720 0.691170
vt 0.890720 0.796190
vt 0.906530 0.691170
vt 0.874910 0.673660
vt 0.874910 0.796190
vt 0.890720 0.673660
vt 0.859100 0.656160
vt 0.859100 0.796190
vt 0.874910 0.656160
vt 0.843290 0.638650
vt 0.843290 0.796190
vt 0.859100 0.638650
vt 0.827480 0.621150
vt 0.827480 0.796190
vt 0.843290 0.621150
vt 0.721320 0.511790
vt 0.790080 0.511790
f 1/1/1 2/2/2 3/3/3
f 4/4/4 5/5/5 6/6/6
f 7/7/7 8/8/8 9/9/9
f 10/10/10 11/11/11 12/12/12
f 13/1/13 14/2/14 15/3/15
f 16/4/4 17/5/16 18/6/17
f 19/7/18 20/8/8 21/9/19
f 22/10/20 23/11/21 24/12/22
f 25/1/23 26/2/24 27/3/25
f 28/4/26 29/5/27 30/6/28
f 31/7/29 32/8/30 33/9/31
f 34/10/32 35/11/33 36/12/34
f 37/1/35 38/2/36 39/3/37
f 40/4/38 41/5/39 42/6/40
f 43/7/41 44/8/42 45/9/43
f 46/10/44 47/11/45 48/12/46
f 49/1/47 50/2/48 51/3/49
f 52/4/50 53/5/51 54/6/52
f 55/7/53 56/8/54 57/9/55
f 58/10/56 59/11/57 60/12/58
f 61/1/59 62/2/60 63/3/61
f 64/4/62 65/5/63 66/6/64
f 67/7/65 68/8/66 69/9/67
f 70/10/68 71/11/69 72/12/70
f 73/13/71 74/14/72 75/15/73
f 73/13/71 75/15/73 76/16/73
f 77/17/74 78/18/75 79/19/76
f 77/17/74 79/19/76 80/20/77
f 80/20/77 79/19/76 81/21/78
f 80/20/77 81/21/78 82/22/79
f 83/23/80 84/24/80 85/25/80
f 83/23/80 85/25/80 86/26/80
f 87/27/81 88/28/82 89/29/83
f 87/27/81 89/29/83 90/30/77
f 91/31/84 92/32/85 93/33/82
f 91/31/84 93/33/82 94/34/81
f 94/34/81 93/33/82 95/35/86
f 94/34/81 95/35/86 96/36/86
f 97/37/87 98/38/87 99/39/88
f 97/37/87 99/39/88 100/40/89
f 101/41/80 102/42/80 103/43/80
f 101/41/80 103/43/80 104/44/80
f 105/45/76 106/46/90 107/47/91
f 105/45/76 107/47/91 108/48/92
f 106/46/90 109/49/93 110/50/94
f 106/46/90 110/50/94 107/47/91
f 111/51/95 112/52/96 113/53/97
f 111/51/95 113/53/97 114/54/98
f 112/52/96 105/45/76 108/48/92
f 112/52/96 108/48/92 113/53/97
f 115/55/80 116/56/80 117/57/80
f 115/55/80 117/57/80 118/58/80
f 119/59/84 120/60/85 88/28/82
f 119/59/84 88/28/82 87/27/81
f 121/61/99 122/62/99 120/60/85
f 121/61/99 120/60/85 119/59/84
f 90/30/77 89/29/83 123/63/87
f 90/30/77 123/63/87 124/64/87
f 125/65/80 126/66/80 127/67/80
f 125/65/80 127/67/80 128/68/80
f 100/40/89 99/39/88 92/32/85
f 100/40/89 92/32/85 91/31/84
f 129/69/100 130/70/101 131/71/102
f 129/69/100 131/71/102 132/72/103
f 133/73/104 134/74/73 135/75/105
f 133/73/104 135/75/105 136/76/106
f 136/76/106 135/75/105 137/77/107
f 136/76/106 137/77/107 138/78/108
f 138/78/108 137/77/107 130/70/101
f 138/78/108 130/70/101 129/69/100
f 130/70/101 139/79/109 140/80/110
f 130/70/101 140/80/110 131/71/102
f 131/71/102 140/80/110 141/81/111
f 131/71/112 141/81/111 142/82/113
f 143/75/114 144/83/115 145/84/116
f 143/75/114 145/84/116 146/77/117
f 146/77/117 145/84/116 139/79/109
f 146/77/117 139/79/109 130/70/101
f 147/79/118 148/85/119 149/86/120
f 147/79/118 149/86/120 150/80/121
f 151/87/122 152/88/73 153/89/123
f 151/87/122 153/89/123 144/83/115
f 144/83/115 153/89/123 154/90/124
f 144/83/115 154/90/124 145/84/116
f 145/84/116 154/90/124 148/85/119
f 145/84/125 148/85/119 147/79/126
f 148/85/119 155/91/127 156/92/128
f 148/85/119 156/92/128 149/86/120
f 157/88/129 158/93/73 159/94/130
f 157/88/129 159/94/130 160/89/131
f 160/89/131 159/94/130 161/95/132
f 160/89/131 161/95/132 162/90/133
f 162/90/133 161/95/132 155/91/127
f 162/90/133 155/91/127 148/85/119
f 163/96/134 164/97/135 165/98/136
f 163/96/134 165/98/136 166/99/73
f 167/100/137 168/101/138 169/102/139
f 167/100/137 169/102/139 170/103/137
f 171/104/87 172/105/140 173/106/141
f 171/104/87 173/106/141 174/107/142
f 174/107/142 173/106/141 164/97/135
f 174/107/142 164/97/135 163/96/134
f 173/106/143 172/105/140 175/108/144
f 173/106/143 175/108/144 176/109/145
f 177/110/146 178/111/147 179/112/148
f 177/110/146 179/112/148 180/113/147
f 181/114/149 182/115/149 183/116/149
f 181/114/149 183/116/149 184/117/150
f 185/118/151 179/112/148 178/111/147
f 185/118/151 178/111/147 186/119/152
f 187/120/153 188/121/154 189/122/153
f 187/120/153 189/122/153 190/123/147
f 191/124/148 192/125/147 193/126/146
f 191/124/148 193/126/146 194/127/154
f 195/128/153 196/129/155 197/130/146
f 195/128/153 197/130/146 198/131/147
f 180/113/147 187/120/153 190/123/147
f 180/113/147 190/123/147 177/110/146
f 199/132/153 200/133/147 201/134/156
f 199/132/153 201/134/156 202/135/147
f 188/121/154 191/124/148 194/127/154
f 188/121/154 194/127/154 189/122/153
f 203/136/157 204/137/147 205/138/157
f 203/136/157 205/138/157 206/139/147
f 192/125/147 195/128/153 198/131/147
f 192/125/147 198/131/147 193/126/146
f 207/140/156 208/141/73 209/142/73
f 207/140/156 209/142/73 210/143/147
f 196/129/155 199/132/153 202/135/147
f 196/129/155 202/135/147 197/130/146
f 200/133/147 203/136/157 206/139/147
f 200/133/147 206/139/147 201/134/156
f 204/137/147 207/140/156 210/143/147
f 204/137/147 210/143/147 205/138/157
f 176/109/145 175/108/158 211/144/73
f 176/109/145 211/144/73 212/145/73
f 165/98/159 164/97/135 213/146/160
f 165/98/159 213/146/160 214/147/161
f 164/97/162 173/106/163 215/148/164
f 164/97/135 215/148/164 216/149/165
f 169/102/139 168/101/138 217/150/166
f 169/102/139 217/150/166 218/151/167
f 219/152/168 220/153/169 221/154/168
f 219/152/168 221/154/168 222/155/170
f 214/147/161 213/146/160 223/156/87
f 214/147/161 223/156/87 224/157/87
f 216/149/165 215/148/164 225/158/137
f 216/149/165 225/158/137 226/159/137
f 218/151/167 217/150/166 227/160/149
f 218/151/167 227/160/149 228/161/149
f 229/162/171 230/163/172 231/164/173
f 229/162/171 231/164/173 232/165/174
f 232/165/174 231/164/173 233/166/175
f 232/165/174 233/166/175 234/167/176
f 234/167/176 233/166/175 235/168/177
f 234/167/178 235/168/177 236/169/179
f 236/169/179 235/168/177 237/170/180
f 236/169/181 237/170/180 238/171/182
f 238/171/182 237/170/180 239/172/183
f 238/171/184 239/172/183 240/173/185
f 240/173/185 239/172/183 241/174/186
f 240/173/185 241/174/186 242/175/187
f 242/175/187 241/174/186 243/176/188
f 242/175/189 243/176/188 244/177/190
f 244/177/190 243/176/188 245/178/191
f 244/177/192 245/178/191 246/179/193
f 247/180/194 229/162/171 232/165/195
f 247/180/194 232/165/196 248/181/197
f 248/181/197 232/165/198 234/167/199
f 248/181/200 234/167/201 249/182/202
f 249/182/202 234/167/203 236/169/181
f 249/182/202 236/169/181 250/183/204
f 250/183/204 236/169/179 238/171/184
f 250/183/205 238/171/206 251/184/207
f 251/184/207 238/171/184 240/173/208
f 251/184/207 240/173/185 252/185/209
f 252/185/209 240/173/210 242/175/211
f 252/185/209 242/175/189 253/186/212
f 253/186/212 242/175/213 244/177/214
f 253/186/215 244/177/216 254/187/217
f 254/187/217 244/177/218 246/179/193
f 254/187/219 246/179/220 255/188/221
f 256/189/222 247/180/223 248/181/224
f 256/189/222 248/181/225 257/190/226
f 257/190/226 248/181/227 249/182/202
f 257/190/228 249/182/202 258/191/229
f 258/191/229 249/182/230 250/183/205
f 258/191/229 250/183/204 259/192/231
f 259/192/231 250/183/232 251/184/233
f 259/192/231 251/184/234 260/193/235
f 260/193/235 251/184/236 252/185/237
f 260/193/238 252/185/239 261/194/240
f 261/194/240 252/185/239 253/186/241
f 261/194/240 253/186/242 262/195/243
f 262/195/243 253/186/244 254/187/245
f 262/195/243 254/187/246 263/196/247
f 263/196/247 254/187/248 255/188/221
f 263/196/247 255/188/249 264/197/250
f 265/198/251 256/189/252 257/190/228
f 265/198/251 257/190/228 266/199/253
f 266/199/253 257/190/228 258/191/254
f 266/199/253 258/191/229 267/200/255
f 267/200/255 258/191/254 259/192/231
f 267/200/255 259/192/256 268/201/257
f 268/201/257 259/192/258 260/193/235
f 268/201/259 260/193/238 269/202/260
f 269/202/260 260/193/261 261/194/240
f 269/202/260 261/194/262 270/203/263
f 270/203/263 261/194/262 262/195/264
f 270/203/263 262/195/265 271/204/266
f 271/204/266 262/195/243 263/196/267
f 271/204/266 263/196/268 272/205/269
f 272/205/269 263/196/270 264/197/250
f 272/205/269 264/197/271 273/206/272
f 274/207/273 265/198/274 266/199/275
f 274/207/273 266/199/276 275/208/277
f 275/208/277 266/199/278 267/200/279
f 275/208/277 267/200/280 276/209/281
f 276/209/281 267/200/280 268/201/257
f 276/209/281 268/201/257 277/210/282
f 277/210/282 268/201/257 269/202/260
f 277/210/282 269/202/283 278/211/284
f 278/211/284 269/202/285 270/203/286
f 278/211/284 270/203/287 279/212/288
f 279/212/288 270/203/289 271/204/266
f 279/212/288 271/204/266 280/213/290
f 280/213/290 271/204/266 272/205/269
f 280/213/290 272/205/269 281/214/291
f 281/214/291 272/205/292 273/206/272
f 281/214/291 273/206/272 282/215/293
f 283/216/294 274/207/273 275/208/295
f 283/216/294 275/208/277 284/217/296
f 284/217/296 275/208/277 276/209/297
f 284/217/298 276/209/281 285/218/299
f 285/218/299 276/209/281 277/210/300
f 285/218/299 277/210/282 286/219/301
f 286/219/301 277/210/282 278/211/284
f 286/219/301 278/211/302 287/220/303
f 287/220/303 278/211/304 279/212/305
f 287/220/303 279/212/305 288/221/306
f 288/221/306 279/212/305 280/213/307
f 288/221/306 280/213/307 289/222/308
f 289/222/308 280/213/309 281/214/291
f 289/222/308 281/214/310 290/223/311
f 290/223/311 281/214/312 282/215/293
f 290/223/311 282/215/313 291/224/314
f 292/225/315 283/216/294 284/217/316
f 292/225/315 284/217/298 293/226/317
f 293/226/317 284/217/318 285/218/299
f 293/226/319 285/218/299 294/227/320
f 294/227/320 285/218/321 286/219/322
f 294/227/320 286/219/322 295/228/323
f 295/228/323 286/219/301 287/220/303
f 295/228/323 287/220/324 296/229/325
f 296/229/325 287/220/303 288/221/326
f 296/229/325 288/221/326 297/230/327
f 297/230/327 288/221/328 289/222/329
f 297/230/327 289/222/330 298/231/331
f 298/231/331 289/222/332 290/223/311
f 298/231/331 290/223/333 299/232/334
f 299/232/334 290/223/335 291/224/314
f 299/232/336 291/224/314 300/233/337
f 301/234/338 292/225/315 293/226/317
f 301/234/338 293/226/339 302/235/340
f 302/235/340 293/226/317 294/227/341
f 302/235/342 294/227/343 303/236/344
f 303/236/344 294/227/345 295/228/346
f 303/236/344 295/228/323 304/237/347
f 304/237/347 295/228/323 296/229/348
f 304/237/349 296/229/348 305/238/350
f 305/238/350 296/229/351 297/230/327
f 305/238/350 297/230/352 306/239/353
f 306/239/353 297/230/354 298/231/355
f 306/239/353 298/231/356 307/240/357
f 307/240/357 298/231/358 299/232/359
f 307/240/357 299/232/334 308/241/360
f 308/241/360 299/232/361 300/233/337
f 308/241/360 300/233/362 309/242/363
f 310/243/364 301/234/338 302/235/342
f 310/243/364 302/235/340 311/244/365
f 311/244/365 302/235/342 303/236/344
f 311/244/366 303/236/367 312/245/368
f 312/245/368 303/236/367 304/237/369
f 312/245/368 304/237/369 313/246/370
f 313/246/370 304/237/347 305/238/371
f 313/246/370 305/238/371 314/247/372
f 314/247/372 305/238/373 306/239/353
f 314/247/374 306/239/375 315/248/376
f 315/248/376 306/239/375 307/240/377
f 315/248/376 307/240/378 316/249/379
f 316/249/379 307/240/380 308/241/381
f 316/249/382 308/241/383 317/250/384
f 317/250/384 308/241/381 309/242/363
f 317/250/384 309/242/363 318/251/385
f 319/252/386 310/243/364 311/244/365
f 319/252/386 311/244/365 320/253/387
f 320/253/387 311/244/388 312/245/368
f 320/253/387 312/245/389 321/254/390
f 321/254/390 312/245/391 313/246/370
f 321/254/390 313/246/370 322/255/392
f 322/255/392 313/246/393 314/247/372
f 322/255/392 314/247/372 323/256/394
f 323/256/394 314/247/372 315/248/376
f 323/256/394 315/248/376 324/257/395
f 324/257/395 315/248/396 316/249/397
f 324/257/395 316/249/382 325/258/398
f 325/258/398 316/249/399 317/250/400
f 325/258/401 317/250/402 326/259/403
f 326/259/403 317/250/404 318/251/385
f 326/259/403 318/251/385 327/260/405
f 328/261/406 319/252/407 320/253/387
f 328/261/406 320/253/408 329/262/409
f 329/262/409 320/253/387 321/254/390
f 329/262/409 321/254/410 330/263/411
f 330/263/411 321/254/390 322/255/392
f 330/263/411 322/255/412 331/264/413
f 331/264/413 322/255/414 323/256/415
f 331/264/413 323/256/415 332/265/416
f 332/265/416 323/256/417 324/257/395
f 332/265/416 324/257/395 333/266/418
f 333/266/418 324/257/419 325/258/401
f 333/266/418 325/258/420 334/267/421
f 334/267/421 325/258/422 326/259/423
f 334/267/421 326/259/403 335/268/424
f 335/268/424 326/259/403 327/260/405
f 335/268/425 327/260/426 336/269/427
f 337/270/428 328/261/429 329/262/409
f 337/270/428 329/262/409 338/271/430
f 338/271/430 329/262/431 330/263/411
f 338/271/432 330/263/433 339/272/434
f 339/272/434 330/263/411 331/264/413
f 339/272/435 331/264/413 340/273/436
f 340/273/436 331/264/437 332/265/416
f 340/273/436 332/265/438 341/274/439
f 341/274/439 332/265/416 333/266/418
f 341/274/439 333/266/418 342/275/440
f 342/275/440 333/266/418 334/267/421
f 342/275/440 334/267/441 343/276/442
f 343/276/442 334/267/443 335/268/444
f 343/276/442 335/268/445 344/277/446
f 344/277/446 335/268/425 336/269/427
f 344/277/447 336/269/448 345/278/449
f 346/279/450 337/270/451 338/271/452
f 346/279/450 338/271/432 347/280/453
f 347/280/453 338/271/454 339/272/455
f 347/280/453 339/272/456 348/281/457
f 348/281/457 339/272/458 340/273/436
f 348/281/457 340/273/459 349/282/460
f 349/282/460 340/273/461 341/274/439
f 349/282/460 341/274/439 350/283/462
f 350/283/462 341/274/463 342/275/464
f 350/283/462 342/275/465 351/284/466
f 351/284/466 342/275/467 343/276/468
f 351/284/469 343/276/470 352/285/471
f 352/285/471 343/276/472 344/277/473
f 352/285/471 344/277/474 353/286/475
f 353/286/475 344/277/476 345/278/449
f 353/286/475 345/278/449 354/287/477
f 355/288/478 346/279/450 347/280/453
f 355/288/478 347/280/453 356/289/479
f 356/289/479 347/280/480 348/281/457
f 356/289/479 348/281/481 357/290/482
f 357/290/482 348/281/481 349/282/483
f 357/290/482 349/282/483 358/291/484
f 358/291/484 349/282/483 350/283/462
f 358/291/484 350/283/462 359/292/485
f 359/292/485 350/283/486 351/284/466
f 359/292/485 351/284/487 360/293/488
f 360/293/488 351/284/489 352/285/471
f 360/293/488 352/285/490 361/294/491
f 361/294/491 352/285/492 353/286/493
f 361/294/491 353/286/475 362/295/494
f 362/295/494 353/286/475 354/287/477
f 362/295/494 354/287/477 363/296/495
f 364/297/496 355/288/478 356/289/497
f 364/297/496 356/289/497 365/298/498
f 365/298/498 356/289/499 357/290/500
f 365/298/501 357/290/502 366/299/503
f 366/299/503 357/290/504 358/291/505
f 366/299/503 358/291/506 367/300/507
f 367/300/507 358/291/505 359/292/508
f 367/300/507 359/292/509 368/301/510
f 368/301/510 359/292/511 360/293/488
f 368/301/510 360/293/488 369/302/512
f 369/302/512 360/293/513 361/294/491
f 369/302/512 361/294/491 370/303/514
f 370/303/514 361/294/515 362/295/516
f 370/303/517 362/295/494 371/304/518
f 371/304/518 362/295/519 363/296/495
f 371/304/520 363/296/495 372/305/521
f 373/306/522 364/297/496 365/298/501
f 373/306/522 365/298/501 374/307/523
f 374/307/523 365/298/498 366/299/503
f 374/307/524 366/299/503 375/308/525
f 375/308/525 366/299/526 367/300/507
f 375/308/525 367/300/507 376/309/527
f 376/309/527 367/300/528 368/301/510
f 376/309/527 368/301/529 377/310/530
f 377/310/530 368/301/529 369/302/512
f 377/310/531 369/302/532 378/311/533
f 378/311/533 369/302/534 370/303/514
f 378/311/533 370/303/535 379/312/536
f 379/312/536 370/303/537 371/304/538
f 379/312/536 371/304/520 380/313/539
f 380/313/539 371/304/520 372/305/521
f 380/313/539 372/305/521 381/314/540
f 382/315/541 373/306/542 374/307/543
f 382/315/541 374/307/524 383/316/544
f 383/316/544 374/307/545 375/308/525
f 383/316/546 375/308/547 384/317/548
f 384/317/548 375/308/549 376/309/527
f 384/317/548 376/309/550 385/318/551
f 385/318/551 376/309/527 377/310/530
f 385/318/551 377/310/531 386/319/552
f 386/319/552 377/310/553 378/311/533
f 386/319/552 378/311/554 387/320/555
f 387/320/555 378/311/556 379/312/557
f 387/320/555 379/312/558 388/321/559
f 388/321/559 379/312/558 380/313/560
f 388/321/559 380/313/561 389/322/562
f 389/322/562 380/313/560 381/314/540
f 389/322/562 381/314/563 390/323/564
f 391/324/565 382/315/541 383/316/566
f 391/324/565 383/316/567 392/325/568
f 392/325/568 383/316/544 384/317/548
f 392/325/568 384/317/569 393/326/570
f 393/326/570 384/317/571 385/318/572
f 393/326/570 385/318/551 394/327/573
f 394/327/573 385/318/574 386/319/552
f 394/327/573 386/319/552 395/328/575
f 395/328/575 386/319/576 387/320/555
f 395/328/575 387/320/555 396/329/577
f 396/329/577 387/320/578 388/321/579
f 396/329/577 388/321/580 397/330/581
f 397/330/581 388/321/582 389/322/562
f 397/330/581 389/322/583 398/331/584
f 398/331/584 389/322/562 390/323/564
f 398/331/584 390/323/564 399/332/585
f 400/333/586 391/324/587 392/325/588
f 400/333/586 392/325/589 401/334/590
f 401/334/590 392/325/591 393/326/570
f 401/334/592 393/326/593 402/335/594
f 402/335/594 393/326/595 394/327/596
f 402/335/594 394/327/597 403/336/598
f 403/336/598 394/327/597 395/328/599
f 403/336/600 395/328/601 404/337/602
f 404/337/602 395/328/599 396/329/577
f 404/337/602 396/329/603 405/338/604
f 405/338/604 396/329/577 397/330/581
f 405/338/604 397/330/581 406/339/605
f 406/339/605 397/330/606 398/331/607
f 406/339/605 398/331/608 407/340/609
f 407/340/609 398/331/610 399/332/585
f 407/340/609 399/332/585 408/341/611
f 409/342/612 400/333/586 401/334/590
f 409/342/612 401/334/590 410/343/613
f 410/343/613 401/334/614 402/335/594
f 410/343/613 402/335/615 411/344/616
f 411/344/616 402/335/615 403/336/617
f 411/344/616 403/336/618 412/345/619
f 412/345/619 403/336/620 404/337/602
f 412/345/619 404/337/602 413/346/621
f 413/346/621 404/337/602 405/338/604
f 413/346/621 405/338/604 414/347/622
f 414/347/622 405/338/623 406/339/624
f 414/347/622 406/339/624 415/348/625
f 415/348/625 406/339/626 407/340/627
f 415/348/625 407/340/627 416/349/628
f 416/349/628 407/340/629 408/341/611
f 416/349/628 408/341/611 417/350/630
f 418/351/631 409/342/612 410/343/613
f 418/351/631 410/343/613 419/352/632
f 419/352/632 410/343/613 411/344/616
f 419/352/633 411/344/616 420/353/634
f 420/353/634 411/344/635 412/345/619
f 420/353/634 412/345/636 421/354/637
f 421/354/637 412/345/638 413/346/621
f 421/354/637 413/346/621 422/355/639
f 422/355/639 413/346/640 414/347/622
f 422/355/639 414/347/622 423/356/641
f 423/356/641 414/347/642 415/348/625
f 423/356/641 415/348/625 424/357/643
f 424/357/643 415/348/644 416/349/628
f 424/357/643 416/349/645 425/358/646
f 425/358/646 416/349/628 417/350/630
f 425/358/646 417/350/647 426/359/648
f 427/360/649 418/351/650 419/352/633
f 427/360/649 419/352/632 428/361/651
f 428/361/651 419/352/652 420/353/634
f 428/361/651 420/353/653 429/362/654
f 429/362/654 420/353/634 421/354/637
f 429/362/654 421/354/655 430/363/656
f 430/363/656 421/354/657 422/355/658
f 430/363/656 422/355/658 431/364/659
f 431/364/659 422/355/639 423/356/641
f 431/364/659 423/356/641 432/365/660
f 432/365/660 423/356/641 424/357/661
f 432/365/660 424/357/643 433/366/662
f 433/366/662 424/357/663 425/358/664
f 433/366/662 425/358/665 434/367/666
f 434/367/666 425/358/667 426/359/648
f 434/367/666 426/359/668 435/368/669
f 436/369/670 427/360/649 428/361/671
f 436/369/670 428/361/672 437/370/673
f 437/370/673 428/361/674 429/362/654
f 437/370/675 429/362/676 438/371/677
f 438/371/677 429/362/676 430/363/656
f 438/371/677 430/363/678 439/372/679
f 439/372/679 430/363/680 431/364/681
f 439/372/682 431/364/683 440/373/684
f 440/373/684 431/364/685 432/365/686
f 440/373/684 432/365/686 441/374/687
f 441/374/687 432/365/686 433/366/662
f 441/374/687 433/366/688 442/375/689
f 442/375/689 433/366/690 434/367/691
f 442/375/692 434/367/691 443/376/693
f 443/376/693 434/367/694 435/368/669
f 443/376/695 435/368/696 444/377/697
f 445/378/698 436/369/670 437/370/675
f 445/378/698 437/370/673 446/379/699
f 446/379/699 437/370/673 438/371/677
f 446/379/699 438/371/700 447/380/701
f 447/380/701 438/371/702 439/372/682
f 447/380/701 439/372/682 448/381/703
f 448/381/703 439/372/682 440/373/704
f 448/381/703 440/373/705 449/382/706
f 449/382/706 440/373/684 441/374/707
f 449/382/706 441/374/708 450/383/709
f 450/383/709 441/374/710 442/375/689
f 450/383/709 442/375/711 451/384/712
f 451/384/712 442/375/713 443/376/693
f 451/384/712 443/376/695 452/385/714
f 452/385/714 443/376/715 444/377/697
f 452/385/714 444/377/716 453/386/717
f 230/163/172 454/387/718 455/388/719
f 230/163/720 455/388/719 231/164/721
f 231/164/173 455/388/722 456/389/723
f 231/164/173 456/389/723 233/166/724
f 233/166/725 456/389/723 457/390/726
f 233/166/725 457/390/726 235/168/177
f 235/168/727 457/390/728 458/391/729
f 235/168/730 458/391/729 237/170/731
f 237/170/732 458/391/729 459/392/733
f 237/170/734 459/392/733 239/172/183
f 239/172/735 459/392/733 460/393/736
f 239/172/735 460/393/736 241/174/737
f 241/174/737 460/393/738 461/394/739
f 241/174/186 461/394/739 243/176/740
f 243/176/740 461/394/741 462/395/742
f 243/176/743 462/395/742 245/178/744
f 463/396/745 464/397/746 465/398/747
f 463/396/745 465/398/747 466/399/748
f 467/400/749 465/398/747 468/401/750
f 467/400/749 468/401/750 469/402/751
f 470/403/752 468/401/750 471/404/753
f 470/403/752 471/404/753 472/405/754
f 473/406/755 471/404/753 464/397/746
f 473/406/755 464/397/746 474/407/756
f 467/400/749 469/402/751 475/408/757
f 467/400/758 475/408/757 476/409/759
f 468/401/750 465/398/747 464/397/746
f 468/401/750 464/397/746 471/404/753
f 477/410/760 478/411/761 479/412/762
f 477/410/760 479/412/762 480/413/762
f 463/396/745 466/399/748 481/414/763
f 463/396/745 481/414/763 482/415/764
f 470/403/765 472/405/754 483/416/766
f 470/403/765 483/416/766 484/417/767
f 473/406/755 474/407/756 478/411/761
f 473/406/755 478/411/768 477/410/760
f 485/418/769 486/419/770 487/420/769
f 485/418/769 487/420/769 488/421/771
f 476/409/759 475/408/757 489/422/149
f 476/409/759 489/422/149 490/423/149
f 484/417/767 483/416/766 491/424/73
f 484/417/767 491/424/73 492/425/73
f 482/415/764 481/414/763 493/426/772
f 482/415/764 493/426/772 494/427/773
f 495/428/774 496/429/775 497/430/776
f 495/428/774 497/430/776 498/431/777
f 499/432/137 500/433/778 501/434/779
f 499/432/137 501/434/779 502/435/137
f 503/436/780 504/437/781 505/438/782
f 503/436/780 505/438/782 506/439/783
f 507/440/784 508/441/785 509/442/786
f 507/440/784 509/442/786 510/443/73
f 511/444/87 503/436/780 506/439/783
f 511/444/87 506/439/783 512/445/787
f 498/431/777 497/430/776 513/446/788
f 498/431/777 513/446/788 514/447/789
f 514/447/789 513/446/788 515/448/790
f 514/447/789 515/448/790 516/449/791
f 516/449/791 515/448/792 508/441/785
f 516/449/793 508/441/794 507/440/784
f 496/429/775 495/428/774 517/450/795
f 496/429/775 517/450/795 518/451/796
f 518/451/796 517/450/795 519/452/797
f 518/451/796 519/452/797 520/453/798
f 520/453/798 519/452/799 512/445/787
f 520/453/798 512/445/787 506/439/783
f 521/454/800 522/455/801 523/456/802
f 521/454/800 523/456/802 524/457/803
f 506/439/783 505/438/782 525/458/804
f 506/439/783 525/458/804 520/453/805
f 520/453/805 525/458/804 526/459/806
f 520/453/798 526/459/806 518/451/807
f 518/451/796 526/459/806 527/460/808
f 518/451/807 527/460/808 496/429/775
f 496/429/775 527/460/808 528/461/809
f 496/429/775 528/461/809 497/430/776
f 497/430/776 528/461/809 529/462/810
f 497/430/776 529/462/810 513/446/811
f 513/446/788 529/462/810 522/455/801
f 513/446/811 522/455/801 515/448/812
f 515/448/812 522/455/801 521/454/800
f 515/448/790 521/454/800 508/441/785
f 508/441/785 521/454/813 530/463/814
f 508/441/815 530/463/814 509/442/786
f 500/433/778 531/464/816 532/465/817
f 500/433/778 532/465/817 501/434/779
f 533/466/818 534/467/779 535/468/818
f 533/466/818 535/468/818 536/469/165
f 532/465/817 531/464/816 534/467/779
f 532/465/817 534/467/779 533/466/818
f 530/463/814 521/454/800 524/457/803
f 530/463/814 524/457/803 537/470/819
f 527/460/808 526/459/806 538/471/820
f 527/460/808 538/471/820 539/472/821
f 529/462/810 528/461/809 540/473/822
f 529/462/810 540/473/822 541/474/823
f 528/461/809 527/460/808 539/472/821
f 528/461/809 539/472/821 540/473/822
f 526/459/806 525/458/824 542/475/825
f 526/459/826 542/475/825 538/471/820
f 522/455/827 529/462/828 541/474/823
f 522/455/827 541/474/823 523/456/829
f 505/438/782 504/437/781 543/476/830
f 505/438/782 543/476/830 544/477/831
f 525/458/832 505/438/782 544/477/831
f 525/458/832 544/477/831 542/475/825
f 545/478/833 546/479/834 547/480/835
f 545/478/833 547/480/835 548/481/836
f 537/470/819 524/457/803 549/482/837
f 537/470/819 549/482/837 550/483/838
f 539/472/821 538/471/839 546/479/834
f 539/472/840 546/479/834 545/478/833
f 541/474/823 540/473/822 551/484/841
f 541/474/823 551/484/841 552/485/842
f 540/473/822 539/472/821 545/478/833
f 540/473/822 545/478/833 551/484/841
f 538/471/839 542/475/825 553/486/843
f 538/471/820 553/486/843 546/479/834
f 523/456/802 541/474/823 552/485/842
f 523/456/802 552/485/842 554/487/844
f 544/477/845 543/476/830 555/488/846
f 544/477/845 555/488/846 556/489/847
f 542/475/825 544/477/831 556/489/847
f 542/475/825 556/489/847 553/486/843
f 524/457/803 523/456/802 554/487/844
f 524/457/803 554/487/844 549/482/837
f 552/485/842 551/484/841 557/490/848
f 552/485/842 557/490/848 558/491/849
f 551/484/841 545/478/850 548/481/836
f 551/484/841 548/481/836 557/490/848
f 546/479/851 553/486/843 559/492/852
f 546/479/851 559/492/852 547/480/835
f 554/487/844 552/485/842 558/491/849
f 554/487/844 558/491/849 560/493/853
f 556/489/847 555/488/846 561/494/854
f 556/489/847 561/494/854 562/495/855
f 553/486/843 556/489/847 562/495/855
f 553/486/856 562/495/855 559/492/852
f 549/482/837 554/487/844 560/493/853
f 549/482/837 560/493/857 563/496/858
f 536/469/165 535/468/818 564/497/859
f 536/469/165 564/497/859 561/494/854
f 550/483/838 549/482/837 563/496/858
f 550/483/838 563/496/858 564/497/859
f 565/498/860 566/499/861 567/500/862
f 565/498/860 567/500/862 568/501/863
f 569/502/864 570/503/865 571/504/866
f 569/502/864 571/504/866 572/505/867
f 573/506/868 574/507/869 575/508/870
f 573/506/868 575/508/870 576/509/871
f 577/510/872 578/511/873 574/507/869
f 577/510/872 574/507/869 573/506/868
f 579/512/874 580/513/875 581/514/876
f 579/512/874 581/514/876 582/515/877
f 583/516/878 584/517/879 585/518/880
f 583/516/878 585/518/880 586/519/881
f 587/520/882 588/521/883 589/522/882
f 587/520/882 589/522/882 590/523/884
f 572/505/867 571/504/866 591/524/885
f 572/505/886 591/524/885 592/525/887
f 582/515/877 581/514/888 593/526/889
f 582/515/877 593/526/889 594/527/890
f 586/519/881 585/518/880 595/528/891
f 586/519/881 595/528/891 596/529/892
f 597/530/893 598/531/894 567/500/862
f 597/530/893 567/500/895 566/499/861
f 598/531/894 597/530/893 580/513/875
f 598/531/894 580/513/875 579/512/896
f 599/532/897 600/533/898 601/534/897
f 599/532/897 601/534/897 602/535/899
f 82/22/79 81/21/78 74/14/72
f 82/22/79 74/14/72 73/13/71
f 603/536/900 604/537/901 605/538/902
f 603/536/900 605/538/902 606/539/903
f 606/539/903 605/538/902 607/540/904
f 606/539/903 607/540/904 608/541/905
f 609/542/906 610/543/907 611/544/908
f 609/542/906 611/544/908 612/545/909
f 612/545/909 611/544/908 604/537/901
f 612/545/909 604/537/901 603/536/900
f 613/537/910 614/546/911 615/547/912
f 613/537/910 615/547/912 616/538/913
f 617/548/914 618/549/73 619/550/105
f 617/548/914 619/550/105 610/543/907
f 610/543/907 619/550/105 620/551/107
f 610/543/907 620/551/107 611/544/908
f 611/544/908 620/551/107 614/546/911
f 611/544/915 614/546/911 613/537/916
f 614/546/911 621/552/917 622/553/918
f 614/546/911 622/553/918 615/547/919
f 623/549/920 624/554/921 625/555/922
f 623/549/920 625/555/922 626/550/923
f 626/550/923 625/555/924 627/556/925
f 626/550/923 627/556/925 628/551/926
f 628/551/926 627/556/925 621/552/917
f 628/551/926 621/552/917 614/546/911
f 161/95/132 629/545/927 603/536/928
f 161/95/132 603/536/929 630/91/930
f 159/94/130 631/542/931 629/545/927
f 159/94/130 629/545/927 161/95/132
f 632/93/932 633/557/933 631/542/931
f 632/93/932 631/542/931 159/94/934
f 630/91/930 603/536/935 606/539/903
f 630/91/930 606/539/936 634/92/121
f 635/552/937 636/558/938 637/559/939
f 635/552/937 637/559/939 638/553/940
f 639/554/941 640/560/73 641/561/942
f 639/554/941 641/561/942 625/555/922
f 625/555/924 641/561/942 642/562/943
f 625/555/924 642/562/943 627/556/925
f 627/556/925 642/562/943 636/558/938
f 627/556/944 636/558/938 635/552/937
f 636/558/938 643/563/127 644/564/945
f 636/558/938 644/564/945 637/559/946
f 637/559/939 644/564/945 645/565/947
f 637/559/946 645/565/947 646/566/948
f 647/561/949 648/567/950 649/568/951
f 647/561/949 649/568/951 650/562/952
f 650/562/952 649/568/951 643/563/127
f 650/562/952 643/563/127 636/558/938
f 651/563/953 652/569/954 653/570/955
f 651/563/953 653/570/955 654/564/913
f 655/571/956 656/572/957 657/573/958
f 655/571/956 657/573/958 648/567/950
f 648/567/950 657/573/958 658/574/959
f 648/567/950 658/574/959 649/568/960
f 649/568/960 658/574/959 652/569/954
f 649/568/960 652/569/954 651/563/953
f 652/569/954 659/575/961 660/576/962
f 652/569/954 660/576/962 653/570/963
f 661/572/964 662/577/73 663/578/965
f 661/572/964 663/578/965 664/573/966
f 664/573/966 663/578/965 665/579/967
f 664/573/966 665/579/967 666/574/968
f 666/574/968 665/579/967 659/575/961
f 666/574/968 659/575/961 652/569/954
f 667/580/969 668/581/970 669/582/971
f 667/580/969 669/582/971 670/583/972
f 670/583/972 669/582/971 671/584/973
f 670/583/972 671/584/973 672/585/974
f 673/586/975 674/587/976 675/588/977
f 673/586/975 675/588/977 676/589/978
f 676/589/978 675/588/977 668/581/970
f 676/589/978 668/581/970 667/580/979
f 677/581/980 678/590/981 679/591/982
f 677/581/980 679/591/982 680/592/983
f 681/593/984 682/594/985 683/595/986
f 681/593/984 683/595/986 674/587/976
f 674/587/976 683/595/986 684/596/987
f 674/587/976 684/596/987 675/588/977
f 675/588/988 684/596/989 678/590/981
f 675/588/988 678/590/981 677/581/990
f 678/590/981 685/597/991 686/598/992
f 678/590/981 686/598/992 679/591/982
f 687/594/993 688/599/73 689/600/994
f 687/594/993 689/600/994 690/595/995
f 690/595/995 689/600/994 691/601/996
f 690/595/995 691/601/996 692/596/997
f 692/596/997 691/601/996 685/597/991
f 692/596/997 685/597/991 678/590/981
f 665/579/967 693/589/998 667/580/969
f 665/579/967 667/580/979 694/575/990
f 663/578/965 695/586/105 693/589/998
f 663/578/965 693/589/998 665/579/999
f 696/577/1000 697/602/73 695/586/105
f 696/577/1000 695/586/105 663/578/1001
f 694/575/990 667/580/979 670/583/1002
f 694/575/990 670/583/1002 698/576/983
f 699/603/1003 700/604/1004 701/605/1005
f 699/603/1003 701/605/1005 702/606/1006
f 703/607/1007 704/608/1008 705/609/1009
f 703/607/1007 705/609/1009 706/610/1010
f 706/610/1010 705/609/1009 707/611/1011
f 706/610/1010 707/611/1011 708/612/1012
f 708/612/1012 707/611/1011 700/604/1004
f 708/612/1012 700/604/1004 699/603/1013
f 700/604/1004 709/613/1014 710/614/1015
f 700/604/1004 710/614/1015 701/605/1016
f 701/605/1005 710/614/1015 711/615/1017
f 701/605/1018 711/615/1017 712/616/1019
f 713/609/1020 714/617/1021 715/618/1022
f 713/609/1020 715/618/1022 716/611/1023
f 716/611/1023 715/618/1022 709/613/1014
f 716/611/1023 709/613/1014 700/604/1004
f 717/613/1024 718/619/1025 719/620/1026
f 717/613/1024 719/620/1026 720/614/1027
f 721/621/1028 722/622/1029 723/623/1030
f 721/621/1028 723/623/1030 714/617/1021
f 714/617/1021 723/623/1031 724/624/1032
f 714/617/1021 724/624/1032 715/618/1022
f 715/618/1022 724/624/1032 718/619/1025
f 715/618/1033 718/619/1025 717/613/1034
f 718/619/1025 725/625/1035 726/626/1036
f 718/619/1037 726/626/1036 719/620/1038
f 727/622/1039 728/627/1040 729/628/1041
f 727/622/1039 729/628/1041 730/623/1042
f 730/623/1042 729/628/1043 731/629/1044
f 730/623/1042 731/629/1044 732/624/1045
f 732/624/1045 731/629/1044 725/625/1035
f 732/624/1045 725/625/1035 718/619/1025
f 733/630/1046 734/631/1047 735/632/1048
f 733/630/1046 735/632/1048 736/633/1049
f 736/633/1049 735/632/1050 737/634/1051
f 736/633/1049 737/634/1051 738/635/1052
f 739/636/1020 740/637/1053 741/638/1054
f 739/636/1020 741/638/1054 742/639/1055
f 742/639/1055 741/638/1054 734/631/1047
f 742/639/1055 734/631/1047 733/630/1046
f 743/631/1056 744/640/1057 745/641/1058
f 743/631/1056 745/641/1058 746/632/1059
f 747/642/1060 748/643/1061 749/644/1062
f 747/642/1060 749/644/1062 740/637/1053
f 740/637/1053 749/644/1063 750/645/1064
f 740/637/1053 750/645/1064 741/638/1054
f 741/638/1054 750/645/1064 744/640/1057
f 741/638/1054 744/640/1057 743/631/1065
f 744/640/1057 751/646/1066 752/647/1067
f 744/640/1057 752/647/1067 745/641/1068
f 748/643/1061 753/648/87 754/649/1069
f 748/643/1061 754/649/1069 755/644/1070
f 755/644/1070 754/649/1069 756/650/1071
f 755/644/1070 756/650/1071 757/645/1072
f 757/645/1072 756/650/1073 751/646/1066
f 757/645/1072 751/646/1066 744/640/1057
f 731/629/1044 758/639/1074 733/630/1075
f 731/629/1044 733/630/1075 759/625/1076
f 729/628/1043 760/636/1077 758/639/1074
f 729/628/1043 758/639/1074 731/629/1078
f 761/627/87 762/651/87 760/636/1077
f 761/627/87 760/636/1077 729/628/1041
f 759/625/1076 733/630/1075 736/633/1049
f 759/625/1076 736/633/1049 763/626/1079
f 764/646/1080 765/652/1081 766/653/1082
f 764/646/1080 766/653/1082 767/647/1083
f 768/648/1084 769/654/1085 770/655/1086
f 768/648/1084 770/655/1086 754/649/1087
f 754/649/1069 770/655/1088 771/656/1089
f 754/649/1069 771/656/1089 756/650/1071
f 756/650/1071 771/656/1089 765/652/1081
f 756/650/1071 765/652/1081 764/646/1080
f 765/652/1081 772/657/1090 773/658/1091
f 765/652/1081 773/658/1091 766/653/1082
f 766/653/1092 773/658/1091 774/659/1093
f 766/653/1082 774/659/1093 775/660/1094
f 776/655/1095 777/661/1096 778/662/1097
f 776/655/1095 778/662/1097 779/656/1055
f 779/656/1055 778/662/1097 772/657/1090
f 779/656/1055 772/657/1090 765/652/1081
f 780/657/1098 781/663/1099 782/664/1100
f 780/657/1098 782/664/1100 783/658/1083
f 784/665/87 785/666/87 786/667/1077
f 784/665/87 786/667/1077 777/661/1096
f 777/661/1096 786/667/1077 787/668/1101
f 777/661/1096 787/668/1101 778/662/1102
f 778/662/1102 787/668/1101 781/663/1099
f 778/662/1102 781/663/1099 780/657/1103
f 781/663/1104 788/669/1090 789/670/1105
f 781/663/1104 789/670/1105 782/664/1106
f 790/666/1107 791/671/1108 792/672/1109
f 790/666/1107 792/672/1109 793/667/1110
f 793/667/1110 792/672/1111 794/673/1112
f 793/667/1110 794/673/1112 795/668/1055
f 795/668/1055 794/673/1112 788/669/1090
f 795/668/1055 788/669/1090 781/663/1099
f 796/674/1113 797/675/1114 798/676/1115
f 796/674/1113 798/676/1115 799/677/1116
f 799/677/1116 798/676/1115 800/678/1117
f 799/677/1116 800/678/1117 801/679/1118
f 802/680/1020 803/681/1119 804/682/1120
f 802/680/1020 804/682/1120 805/683/1121
f 805/683/1121 804/682/1120 797/675/1114
f 805/683/1121 797/675/1114 796/674/1122
f 806/675/1123 807/684/1124 808/685/1125
f 806/675/1123 808/685/1125 809/676/1079
f 810/686/1126 811/687/87 812/688/1127
f 810/686/1126 812/688/1127 803/681/1119
f 803/681/1119 812/688/1127 813/689/1128
f 803/681/1119 813/689/1128 804/682/1129
f 804/682/1120 813/689/1128 807/684/1124
f 804/682/1120 807/684/1124 806/675/1123
f 807/684/1124 814/690/1130 815/691/1131
f 807/684/1124 815/691/1131 808/685/1125
f 816/687/1132 817/692/1133 818/693/1134
f 816/687/1132 818/693/1134 819/688/1135
f 819/688/1135 818/693/1136 820/694/1137
f 819/688/1135 820/694/1137 821/689/1138
f 821/689/1138 820/694/1137 814/690/1130
f 821/689/1138 814/690/1130 807/684/1124
f 794/673/1112 822/683/1139 796/674/1113
f 794/673/1112 796/674/1113 823/669/1123
f 792/672/1111 824/680/1140 822/683/1139
f 792/672/1111 822/683/1139 794/673/1112
f 825/671/1141 826/695/1142 824/680/1140
f 825/671/1141 824/680/1140 792/672/1111
f 823/669/1123 796/674/1113 799/677/1116
f 823/669/1123 799/677/1116 827/670/1083
f 828/696/1143 829/697/1144 830/698/1145
f 828/696/1143 830/698/1145 831/699/1146
f 832/700/1147 833/701/1148 834/702/1149
f 832/700/1147 834/702/1149 835/703/1150
f 835/703/1150 834/702/1151 836/704/1152
f 835/703/1150 836/704/1152 837/705/1153
f 837/705/1153 836/704/1152 829/697/1144
f 837/705/1153 829/697/1144 828/696/1154
f 829/697/1155 838/706/1156 839/707/1157
f 829/697/1158 839/707/1157 830/698/1159
f 830/698/1160 839/707/1161 840/708/1162
f 830/698/1159 840/708/1162 841/709/1163
f 842/702/1164 843/710/1165 844/711/1166
f 842/702/1164 844/711/1166 845/704/1167
f 845/704/1167 844/711/1168 838/706/1156
f 845/704/1167 838/706/1156 829/697/1144
f 846/706/1169 847/712/1170 848/713/1171
f 846/706/1169 848/713/1171 849/707/1172
f 850/714/1173 851/715/1174 852/716/1175
f 850/714/1173 852/716/1175 843/710/1165
f 843/710/1165 852/716/1176 853/717/1177
f 843/710/1165 853/717/1177 844/711/1166
f 844/711/1178 853/717/1179 847/712/1170
f 844/711/1168 847/712/1170 846/706/1169
f 847/712/1180 854/718/1181 855/719/1182
f 847/712/1180 855/719/1182 848/713/1171
f 856/715/1183 857/720/1184 858/721/1185
f 856/715/1183 858/721/1185 859/716/1186
f 859/716/1186 858/721/1187 860/722/1188
f 859/716/1186 860/722/1188 861/717/1189
f 861/717/1189 860/722/1190 854/718/1181
f 861/717/1189 854/718/1181 847/712/1170
f 862/723/1191 863/724/1192 864/725/1193
f 862/723/1191 864/725/1193 865/726/1194
f 865/726/1194 864/725/1195 866/727/1196
f 865/726/1194 866/727/1196 867/728/1197
f 868/729/1198 869/730/1199 870/731/1200
f 868/729/1198 870/731/1200 871/732/1201
f 871/732/1201 870/731/1200 863/724/1192
f 871/732/1201 863/724/1192 862/723/1191
f 872/724/1202 873/733/1203 874/734/1204
f 872/724/1202 874/734/1204 875/725/1205
f 876/735/1206 877/736/1207 878/737/1208
f 876/735/1206 878/737/1208 869/730/1199
f 869/730/1199 878/737/1208 879/738/1209
f 869/730/1199 879/738/1209 870/731/1210
f 870/731/1211 879/738/1209 873/733/1203
f 870/731/1211 873/733/1203 872/724/1212
f 873/733/1213 880/739/1214 881/740/1215
f 873/733/1213 881/740/1215 874/734/1216
f 882/736/1217 883/741/1218 884/742/1219
f 882/736/1217 884/742/1219 885/737/1220
f 885/737/1220 884/742/1221 886/743/1222
f 885/737/1220 886/743/1222 887/738/1223
f 887/738/1223 886/743/1224 880/739/1214
f 887/738/1223 880/739/1214 873/733/1225
f 860/722/1190 888/732/1226 862/723/1227
f 860/722/1190 862/723/1227 889/718/1228
f 858/721/1187 890/729/1229 888/732/1226
f 858/721/1187 888/732/1226 860/722/1190
f 891/720/1230 892/744/1231 890/729/1229
f 891/720/1230 890/729/1229 858/721/1185
f 889/718/1228 862/723/1232 865/726/1194
f 889/718/1228 865/726/1194 893/719/1205
f 894/739/1233 895/745/1234 896/746/1235
f 894/739/1233 896/746/1235 897/740/1236
f 898/741/1237 899/747/1238 900/748/1239
f 898/741/1237 900/748/1239 884/742/1219
f 884/742/1221 900/748/1240 901/749/1241
f 884/742/1221 901/749/1241 886/743/1242
f 886/743/1224 901/749/1241 895/745/1234
f 886/743/1224 895/745/1234 894/739/1233
f 895/745/1243 902/750/1244 903/751/1245
f 895/745/1243 903/751/1245 896/746/1235
f 896/746/1235 903/751/1246 904/752/1247
f 896/746/1235 904/752/1247 905/753/1248
f 906/748/1249 907/754/1250 908/755/1251
f 906/748/1249 908/755/1251 909/749/1252
f 909/749/1252 908/755/1251 902/750/1244
f 909/749/1252 902/750/1244 895/745/1234
f 910/750/1253 911/756/1254 912/757/1255
f 910/750/1253 912/757/1255 913/751/1256
f 914/758/1257 915/759/1258 916/760/1259
f 914/758/1257 916/760/1259 907/754/1250
f 907/754/1250 916/760/1260 917/761/1261
f 907/754/1250 917/761/1261 908/755/1251
f 908/755/1251 917/761/1261 911/756/1254
f 908/755/1251 911/756/1254 910/750/1262
f 911/756/1263 918/762/1264 919/763/1265
f 911/756/1266 919/763/1265 912/757/1255
f 920/759/1267 921/764/1268 922/765/1269
f 920/759/1267 922/765/1269 923/760/1270
f 923/760/1270 922/765/1271 924/766/1272
f 923/760/1270 924/766/1272 925/761/1273
f 925/761/1273 924/766/1272 918/762/1264
f 925/761/1273 918/762/1264 911/756/1274
f 926/767/1275 927/768/1276 928/769/1277
f 926/767/1275 928/769/1277 929/770/1278
f 929/770/1278 928/769/1277 930/771/1279
f 929/770/1278 930/771/1279 931/772/1280
f 932/773/1281 933/774/1282 934/775/1283
f 932/773/1281 934/775/1283 935/776/1284
f 935/776/1284 934/775/1285 927/768/1276
f 935/776/1284 927/768/1276 926/767/1275
f 936/768/1286 937/777/1287 938/778/1288
f 936/768/1286 938/778/1288 939/769/1289
f 940/779/1290 941/780/1291 942/781/1292
f 940/779/1290 942/781/1292 933/774/1282
f 933/774/1282 942/781/1292 943/782/1293
f 933/774/1282 943/782/1293 934/775/1294
f 934/775/1295 943/782/1296 937/777/1287
f 934/775/1295 937/777/1287 936/768/1297
f 937/777/1298 944/783/1299 945/784/1300
f 937/777/1298 945/784/1300 938/778/1301
f 946/780/1302 947/785/1238 948/786/1303
f 946/780/1302 948/786/1303 949/781/1304
f 949/781/1304 948/786/1305 950/787/1306
f 949/781/1304 950/787/1306 951/782/1307
f 951/782/1307 950/787/1306 944/783/1299
f 951/782/1307 944/783/1299 937/777/1287
f 924/766/1272 952/776/1308 926/767/1309
f 924/766/1272 926/767/1309 953/762/1310
f 922/765/1271 954/773/1311 952/776/1308
f 922/765/1271 952/776/1308 924/766/1312
f 955/764/1313 956/788/1238 954/773/1311
f 955/764/1313 954/773/1311 922/765/1269
f 953/762/1310 926/767/1309 929/770/1314
f 953/762/1310 929/770/1314 957/763/1315
f 958/789/1316 959/790/1317 960/791/1318
f 958/789/1316 960/791/1318 961/792/1319
f 962/793/1320 963/794/1321 964/795/1322
f 962/793/1320 964/795/1322 965/796/1323
f 965/796/1323 964/795/1324 966/797/1325
f 965/796/1323 966/797/1325 967/798/1326
f 967/798/1326 966/797/1325 959/790/1317
f 967/798/1326 959/790/1317 958/789/1316
f 959/790/1317 968/799/1327 969/800/1328
f 959/790/1329 969/800/1328 960/791/1318
f 960/791/1330 969/800/1328 970/801/1331
f 960/791/1330 970/801/1331 971/802/1332
f 972/795/1333 973/803/1334 974/804/1335
f 972/795/1333 974/804/1335 975/797/1336
f 975/797/1336 974/804/1335 968/799/1327
f 975/797/1336 968/799/1327 959/790/1329
f 976/799/1337 977/805/1338 978/806/1339
f 976/799/1337 978/806/1339 979/800/1340
f 980/807/1341 981/808/1342 982/809/1343
f 980/807/1341 982/809/1343 973/803/1334
f 973/803/1344 982/809/1345 983/810/1346
f 973/803/1334 983/810/1346 974/804/1335
f 974/804/1335 983/810/1347 977/805/1338
f 974/804/1335 977/805/1338 976/799/1337
f 977/805/1348 984/811/1349 985/812/1350
f 977/805/1348 985/812/1350 978/806/1339
f 986/808/1351 987/813/1352 988/814/1353
f 986/808/1351 988/814/1353 989/809/1354
f 989/809/1354 988/814/1355 990/815/1356
f 989/809/1354 990/815/1356 991/810/1357
f 991/810/1357 990/815/1358 984/811/1349
f 991/810/1357 984/811/1349 977/805/1359
f 992/816/1360 993/817/1361 994/818/1362
f 992/816/1360 994/818/1362 995/819/1363
f 995/819/1363 994/818/1362 996/820/1364
f 995/819/1363 996/820/1364 997/821/1365
f 998/822/1366 999/823/1367 1000/824/1368
f 998/822/1366 1000/824/1368 1001/825/1369
f 1001/825/1369 1000/824/1368 993/817/1361
f 1001/825/1369 993/817/1361 992/816/1360
f 1002/817/1370 1003/826/1371 1004/827/1372
f 1002/817/1370 1004/827/1372 1005/818/1373
f 1006/828/1374 1007/829/1375 1008/830/1376
f 1006/828/1374 1008/830/1376 999/823/1367
f 999/823/1367 1008/830/1377 1009/831/1378
f 999/823/1367 1009/831/1378 1000/824/1379
f 1000/824/1368 1009/831/1378 1003/826/1371
f 1000/824/1380 1003/826/1371 1002/817/1370
f 1003/826/1381 1010/832/1382 1011/833/1383
f 1003/826/1381 1011/833/1383 1004/827/1384
f 1012/829/1385 1013/834/1386 1014/835/1387
f 1012/829/1385 1014/835/1387 1015/830/1388
f 1015/830/1388 1014/835/1387 1016/836/1389
f 1015/830/1388 1016/836/1389 1017/831/1390
f 1017/831/1390 1016/836/1391 1010/832/1382
f 1017/831/1390 1010/832/1382 1003/826/1371
f 990/815/1358 1018/825/1392 992/816/1360
f 990/815/1358 992/816/1360 1019/811/1393
f 988/814/1355 1020/822/1394 1018/825/1392
f 988/814/1355 1018/825/1392 990/815/1395
f 1021/813/1396 1022/837/1397 1020/822/1394
f 1021/813/1396 1020/822/1394 988/814/1398
f 1019/811/1393 992/816/1360 995/819/1399
f 1019/811/1393 995/819/1399 1023/812/1400
f 1024/832/1401 1025/838/1402 1026/839/1403
f 1024/832/1401 1026/839/1403 1027/833/1404
f 1028/834/1405 1029/840/1352 1030/841/1376
f 1028/834/1405 1030/841/1376 1014/835/1387
f 1014/835/1387 1030/841/1377 1031/842/1245
f 1014/835/1387 1031/842/1245 1016/836/1391
f 1016/836/1391 1031/842/1246 1025/838/1402
f 1016/836/1406 1025/838/1402 1024/832/1401
f 1025/838/1407 1032/843/1408 1033/844/1409
f 1025/838/1410 1033/844/1409 1026/839/1403
f 1026/839/1403 1033/844/1411 1034/845/1412
f 1026/839/1403 1034/845/1412 1035/846/1413
f 1036/841/1414 1037/847/1415 1038/848/1416
f 1036/841/1414 1038/848/1416 1039/842/1417
f 1039/842/1417 1038/848/1418 1032/843/1408
f 1039/842/1417 1032/843/1408 1025/838/1402
f 1040/843/1419 1041/849/1420 1042/850/1421
f 1040/843/1419 1042/850/1421 1043/844/1422
f 1044/851/1423 1045/852/1424 1046/853/1425
f 1044/851/1423 1046/853/1425 1037/847/1415
f 1037/847/1415 1046/853/1426 1047/854/1427
f 1037/847/1428 1047/854/1427 1038/848/1418
f 1038/848/1418 1047/854/1429 1041/849/1420
f 1038/848/1430 1041/849/1420 1040/843/1431
f 1041/849/1432 1048/855/1433 1049/856/1434
f 1041/849/1432 1049/856/1434 1042/850/1421
f 1050/852/1435 1051/857/1436 1052/858/1437
f 1050/852/1435 1052/858/1437 1053/853/1438
f 1053/853/1438 1052/858/1439 1054/859/1440
f 1053/853/1438 1054/859/1440 1055/854/1441
f 1055/854/1441 1054/859/1440 1048/855/1433
f 1055/854/1441 1048/855/1433 1041/849/1420
f 1056/860/1442 1057/861/1443 1058/862/1444
f 1056/860/1442 1058/862/1444 1059/863/1445
f 1059/863/1445 1058/862/1444 1060/864/1446
f 1059/863/1445 1060/864/1446 1061/865/1447
f 1062/866/1448 1063/867/1449 1064/868/1450
f 1062/866/1448 1064/868/1450 1065/869/1451
f 1065/869/1451 1064/868/1450 1057/861/1443
f 1065/869/1451 1057/861/1443 1056/860/1442
f 1066/861/1452 1067/870/1453 1068/871/1454
f 1066/861/1452 1068/871/1454 1069/862/1455
f 1070/872/1456 1071/873/1457 1072/874/1458
f 1070/872/1456 1072/874/1458 1063/867/1449
f 1063/867/1449 1072/874/1458 1073/875/1459
f 1063/867/1449 1073/875/1459 1064/868/1450
f 1064/868/1450 1073/875/1459 1067/870/1453
f 1064/868/1460 1067/870/1453 1066/861/1461
f 1067/870/1462 1074/876/1463 1075/877/1464
f 1067/870/1462 1075/877/1464 1068/871/1454
f 1076/873/1465 1077/878/1352 1078/879/1466
f 1076/873/1465 1078/879/1466 1079/874/1467
f 1079/874/1467 1078/879/1468 1080/880/1469
f 1079/874/1467 1080/880/1469 1081/875/1470
f 1081/875/1470 1080/880/1469 1074/876/1463
f 1081/875/1470 1074/876/1463 1067/870/1453
f 1054/859/1440 1082/869/1471 1056/860/1442
f 1054/859/1440 1056/860/1442 1083/855/1472
f 1052/858/1439 1084/866/1473 1082/869/1471
f 1052/858/1439 1082/869/1471 1054/859/1440
f 1085/857/1474 1086/881/1352 1084/866/1473
f 1085/857/1474 1084/866/1473 1052/858/1437
f 1083/855/1472 1056/860/1442 1059/863/1475
f 1083/855/1472 1059/863/1476 1087/856/1477
f 1088/882/1478 1089/883/1479 1090/884/1480
f 1088/882/1478 1090/884/1480 1091/885/1481
f 1092/886/1482 1093/887/1483 1094/888/1484
f 1092/886/1482 1094/888/1484 1095/889/1485
f 1095/889/1485 1094/888/1484 1096/890/1486
f 1095/889/1485 1096/890/1486 1097/891/1487
f 1097/891/1487 1096/890/1488 1089/883/1479
f 1097/891/1487 1089/883/1479 1088/882/1478
f 1098/892/1489 1099/893/1490 1100/894/1491
f 1098/892/1489 1100/894/1491 1101/895/1492
f 1102/896/1493 1103/897/1494 1099/893/1490
f 1102/896/1493 1099/893/1490 1098/892/1489
f 1104/898/1495 1105/899/1496 1103/897/1494
f 1104/898/1495 1103/897/1494 1102/896/1497
f 1101/895/1492 1100/894/1491 1106/900/1498
f 1101/895/1492 1106/900/1498 1107/901/1499
f 1108/902/1500 1109/892/1501 1101/895/1502
f 1108/902/1500 1101/895/1502 1110/903/1503
f 1111/904/1504 1112/905/1505 1109/892/1501
f 1111/904/1504 1109/892/1501 1108/902/1506
f 1113/906/1507 1114/898/1508 1112/905/1505
f 1113/906/1507 1112/905/1505 1111/904/1504
f 1110/903/1503 1101/895/1502 1107/901/1499
f 1110/903/1503 1107/901/1509 1115/907/1510
f 1116/890/1511 1108/902/1506 1117/903/1512
f 1116/890/1511 1117/903/1512 1089/883/1479
f 1118/888/1513 1111/904/1504 1108/902/1506
f 1118/888/1513 1108/902/1500 1116/890/1511
f 1090/884/1480 1119/907/1514 1120/908/1515
f 1090/884/1516 1120/908/1515 1121/909/1517
f 1089/883/1479 1117/903/1512 1119/907/1514
f 1089/883/1479 1119/907/1514 1090/884/1518
f 1122/910/1519 1097/891/1487 1123/882/1520
f 1122/910/1519 1123/882/1520 1124/911/1521
f 1125/912/1522 1095/889/1485 1097/891/1487
f 1125/912/1522 1097/891/1523 1122/910/1519
f 1126/913/1524 1127/886/1525 1095/889/1485
f 1126/913/1524 1095/889/1526 1125/912/1522
f 1124/911/1521 1123/882/1520 1128/885/1527
f 1124/911/1521 1128/885/1527 1129/914/1528
f 1130/915/1529 1131/910/1486 1124/911/1530
f 1130/915/1529 1124/911/1530 1132/916/1531
f 1133/917/1532 1134/912/1533 1131/910/1486
f 1133/917/1532 1131/910/1486 1130/915/1529
f 1135/918/1534 1136/913/1535 1134/912/1533
f 1135/918/1534 1134/912/1533 1133/917/1536
f 1132/916/1531 1124/911/1521 1129/914/1528
f 1132/916/1531 1129/914/1537 1137/919/1538
f 1138/920/1539 1130/915/1529 1139/916/1540
f 1138/920/1539 1139/916/1540 1140/921/1541
f 1141/922/1542 1133/917/1543 1130/915/1529
f 1141/922/1542 1130/915/1529 1138/920/1539
f 1142/923/1544 1143/919/1545 1144/924/1546
f 1142/923/1544 1144/924/1546 1145/925/1547
f 1140/921/1541 1139/916/1540 1143/919/1545
f 1140/921/1541 1143/919/1545 1142/923/1544
f 1146/926/1548 1147/920/1549 1140/921/1541
f 1146/926/1548 1140/921/1541 1148/927/1550
f 1149/928/1551 1150/922/1552 1147/920/1549
f 1149/928/1551 1147/920/1549 1146/926/1548
f 1151/929/1553 1152/930/1508 1150/922/1552
f 1151/929/1553 1150/922/1552 1149/928/1554
f 1148/927/1550 1140/921/1555 1142/923/1544
f 1148/927/1550 1142/923/1544 1153/931/1556
f 1154/932/1557 1155/933/1558 1156/934/1559
f 1154/932/1557 1156/934/1559 1157/935/1560
f 1158/936/1561 1159/937/1562 1160/938/1563
f 1158/936/1561 1160/938/1563 1161/939/1564
f 1161/939/1564 1160/938/1563 1162/940/1565
f 1161/939/1564 1162/940/1565 1163/941/1566
f 1163/941/1566 1162/940/1567 1155/933/1558
f 1163/941/1566 1155/933/1558 1154/932/1478
f 1164/942/1568 1146/926/1548 1165/927/1540
f 1164/942/1568 1165/927/1540 1166/943/1569
f 1167/944/1570 1149/928/1554 1146/926/1548
f 1167/944/1570 1146/926/1548 1164/942/1568
f 1168/945/1571 1169/929/1572 1149/928/1551
f 1168/945/1571 1149/928/1573 1167/944/1570
f 1166/943/1569 1165/927/1540 1170/931/1574
f 1166/943/1569 1170/931/1574 1171/946/1575
f 1172/947/1576 1173/942/1577 1166/943/1578
f 1172/947/1576 1166/943/1578 1174/948/1579
f 1175/949/1580 1176/944/1581 1173/942/1577
f 1175/949/1580 1173/942/1577 1172/947/1576
f 1177/950/1582 1178/945/1508 1176/944/1581
f 1177/950/1582 1176/944/1581 1175/949/1580
f 1174/948/1579 1166/943/1569 1171/946/1575
f 1174/948/1579 1171/946/1575 1179/951/1583
f 1180/940/1584 1172/947/1576 1181/948/1585
f 1180/940/1584 1181/948/1585 1155/933/1558
f 1182/938/1586 1175/949/1587 1172/947/1576
f 1182/938/1586 1172/947/1576 1180/940/1584
f 1156/934/1559 1183/951/1588 1184/952/1589
f 1156/934/1590 1184/952/1589 1185/953/1591
f 1155/933/1558 1181/948/1585 1183/951/1588
f 1155/933/1558 1183/951/1588 1156/934/1592
f 1186/954/1584 1163/941/1566 1187/932/1540
f 1186/954/1584 1187/932/1540 1188/955/1593
f 1189/956/1594 1161/939/1564 1163/941/1595
f 1189/956/1594 1163/941/1595 1186/954/1584
f 1190/957/1596 1191/936/1496 1161/939/1564
f 1190/957/1596 1161/939/1597 1189/956/1594
f 1188/955/1593 1187/932/1540 1192/935/1498
f 1188/955/1593 1192/935/1498 1193/958/1598
f 1194/959/1599 1195/954/1577 1188/955/1593
f 1194/959/1599 1188/955/1593 1196/960/1503
f 1197/961/1600 1198/956/1484 1195/954/1577
f 1197/961/1600 1195/954/1577 1194/959/1599
f 1199/962/1601 1200/957/1508 1198/956/1484
f 1199/962/1601 1198/956/1484 1197/961/1600
f 1196/960/1503 1188/955/1602 1193/958/1598
f 1196/960/1503 1193/958/1598 1201/963/1583
f 1202/964/1584 1194/959/1599 1203/960/1540
f 1202/964/1584 1203/960/1540 1204/965/1603
f 1205/966/1604 1197/961/1605 1194/959/1599
f 1205/966/1604 1194/959/1599 1202/964/1584
f 1206/967/1606 1207/963/1545 1208/968/1607
f 1206/967/1606 1208/968/1607 1209/969/1608
f 1204/965/1603 1203/960/1540 1207/963/1545
f 1204/965/1603 1207/963/1545 1206/967/1606
f 1210/970/1609 1211/964/1567 1204/965/1603
f 1210/970/1609 1204/965/1603 1212/971/1610
f 1213/972/1611 1214/966/1563 1211/964/1567
f 1213/972/1611 1211/964/1567 1210/970/1612
f 1215/973/1613 1216/974/1562 1214/966/1563
f 1215/973/1613 1214/966/1563 1213/972/1614
f 1212/971/1610 1204/965/1615 1206/967/1606
f 1212/971/1610 1206/967/1616 1217/975/1560
f 1218/976/1617 1219/977/1618 1220/978/1619
f 1218/976/1617 1220/978/1619 1221/979/1620
f 1222/980/1621 1223/981/1622 1224/982/1623
f 1222/980/1621 1224/982/1623 1225/983/1624
f 1225/983/1624 1224/982/1623 1226/984/1625
f 1225/983/1624 1226/984/1625 1227/985/1626
f 1227/985/1626 1226/984/1625 1219/977/1618
f 1227/985/1626 1219/977/1618 1218/976/1627
f 1228/986/1628 1229/987/1629 1230/988/1630
f 1228/986/1628 1230/988/1630 1231/989/1631
f 1232/990/1632 1233/991/1633 1229/987/1629
f 1232/990/1632 1229/987/1629 1228/986/1628
f 1234/992/1634 1235/993/1635 1233/991/1633
f 1234/992/1634 1233/991/1633 1232/990/1632
f 1231/989/1631 1230/988/1630 1236/994/1636
f 1231/989/1631 1236/994/1636 1237/995/1637
f 1238/996/1638 1239/986/1639 1231/989/1640
f 1238/996/1638 1231/989/1640 1240/997/1641
f 1241/998/1642 1242/990/1643 1239/986/1639
f 1241/998/1642 1239/986/1639 1238/996/1644
f 1243/999/1645 1244/992/1646 1242/990/1643
f 1243/999/1645 1242/990/1643 1241/998/1642
f 1240/997/1641 1231/989/1640 1237/995/1637
f 1240/997/1641 1237/995/1647 1245/1000/1648
f 1246/984/1649 1238/996/1644 1247/997/1650
f 1246/984/1649 1247/997/1650 1219/977/1618
f 1248/982/1651 1241/998/1652 1238/996/1644
f 1248/982/1651 1238/996/1653 1246/984/1649
f 1220/978/1619 1249/1000/1654 1250/1001/1655
f 1220/978/1619 1250/1001/1655 1251/1002/1656
f 1219/977/1657 1247/997/1650 1249/1000/1654
f 1219/977/1657 1249/1000/1654 1220/978/1658
f 1252/1003/1659 1227/985/1626 1253/976/1660
f 1252/1003/1659 1253/976/1660 1254/1004/1661
f 1255/1005/1662 1225/983/1663 1227/985/1626
f 1255/1005/1662 1227/985/1626 1252/1003/1659
f 1256/1006/1664 1257/980/1665 1225/983/1663
f 1256/1006/1664 1225/983/1666 1255/1005/1667
f 1254/1004/1661 1253/976/1660 1258/979/1668
f 1254/1004/1661 1258/979/1668 1259/1007/1669
f 1260/1008/1670 1261/1003/1625 1254/1004/1671
f 1260/1008/1670 1254/1004/1671 1262/1009/1627
f 1263/1010/1672 1264/1005/1673 1261/1003/1625
f 1263/1010/1672 1261/1003/1625 1260/1008/1670
f 1265/1011/1674 1266/1006/1675 1264/1005/1673
f 1265/1011/1674 1264/1005/1673 1263/1010/1676
f 1262/1009/1627 1254/1004/1657 1259/1007/1669
f 1262/1009/1627 1259/1007/1677 1267/1012/1678
f 1268/1013/1679 1260/1008/1670 1269/1009/1680
f 1268/1013/1679 1269/1009/1680 1270/1014/1681
f 1271/1015/1682 1263/1010/1676 1260/1008/1670
f 1271/1015/1682 1260/1008/1670 1268/1013/1679
f 1272/1016/1683 1273/1012/1684 1274/1017/1685
f 1272/1016/1683 1274/1017/1685 1275/1018/1686
f 1270/1014/1681 1269/1009/1680 1273/1012/1684
f 1270/1014/1681 1273/1012/1684 1272/1016/1683
f 1276/1019/1687 1277/1013/1688 1270/1014/1681
f 1276/1019/1687 1270/1014/1681 1278/1020/1689
f 1279/1021/1690 1280/1015/1691 1277/1013/1688
f 1279/1021/1690 1277/1013/1688 1276/1019/1687
f 1281/1022/1692 1282/1023/1693 1280/1015/1691
f 1281/1022/1692 1280/1015/1691 1279/1021/1694
f 1278/1020/1689 1270/1014/1681 1272/1016/1683
f 1278/1020/1689 1272/1016/1683 1283/1024/1695
f 1284/1025/1696 1285/1026/1697 1286/1027/1698
f 1284/1025/1696 1286/1027/1698 1287/1028/1699
f 1288/1029/1700 1289/1030/1701 1290/1031/1702
f 1288/1029/1700 1290/1031/1702 1291/1032/1703
f 1291/1032/1703 1290/1031/1702 1292/1033/1704
f 1291/1032/1703 1292/1033/1704 1293/1034/1705
f 1293/1034/1705 1292/1033/1706 1285/1026/1697
f 1293/1034/1705 1285/1026/1697 1284/1025/1696
f 1294/1035/1679 1276/1019/1687 1295/1020/1707
f 1294/1035/1679 1295/1020/1707 1296/1036/1708
f 1297/1037/1709 1279/1021/1690 1276/1019/1687
f 1297/1037/1709 1276/1019/1687 1294/1035/1679
f 1298/1038/1710 1299/1022/1711 1279/1021/1712
f 1298/1038/1710 1279/1021/1713 1297/1037/1709
f 1296/1036/1708 1295/1020/1707 1300/1024/1714
f 1296/1036/1708 1300/1024/1714 1301/1039/1715
f 1302/1040/1716 1303/1035/1717 1296/1036/1718
f 1302/1040/1716 1296/1036/1718 1304/1041/1719
f 1305/1042/1720 1306/1037/1721 1303/1035/1717
f 1305/1042/1720 1303/1035/1717 1302/1040/1716
f 1307/1043/1722 1308/1038/1646 1306/1037/1721
f 1307/1043/1722 1306/1037/1721 1305/1042/1723
f 1304/1041/1719 1296/1036/1724 1301/1039/1715
f 1304/1041/1719 1301/1039/1725 1309/1044/1695
f 1310/1033/1726 1302/1040/1716 1311/1041/1727
f 1310/1033/1726 1311/1041/1727 1285/1026/1697
f 1312/1031/1728 1305/1042/1723 1302/1040/1716
f 1312/1031/1728 1302/1040/1716 1310/1033/1726
f 1286/1027/1698 1313/1044/1577 1314/1045/1729
f 1286/1027/1730 1314/1045/1729 1315/1046/1731
f 1285/1026/1697 1311/1041/1727 1313/1044/1577
f 1285/1026/1697 1313/1044/1577 1286/1027/1732
f 1316/1047/1733 1293/1034/1705 1317/1025/1734
f 1316/1047/1733 1317/1025/1734 1318/1048/1735
f 1319/1049/1736 1291/1032/1703 1293/1034/1705
f 1319/1049/1736 1293/1034/1705 1316/1047/1733
f 1320/1050/1737 1321/1029/1738 1291/1032/1703
f 1320/1050/1737 1291/1032/1739 1319/1049/1740
f 1318/1048/1735 1317/1025/1734 1322/1028/1741
f 1318/1048/1735 1322/1028/1741 1323/1051/1742
f 1324/1052/1743 1325/1047/1639 1318/1048/1744
f 1324/1052/1743 1318/1048/1744 1326/1053/1745
f 1327/1054/1746 1328/1049/1623 1325/1047/1639
f 1327/1054/1746 1325/1047/1639 1324/1052/1747
f 1329/1055/1748 1330/1050/1646 1328/1049/1623
f 1329/1055/1748 1328/1049/1623 1327/1054/1749
f 1326/1053/1745 1318/1048/1744 1323/1051/1742
f 1326/1053/1745 1323/1051/1742 1331/1056/1750
f 1332/1057/1733 1324/1052/1747 1333/1053/1751
f 1332/1057/1733 1333/1053/1751 1334/1058/1752
f 1335/1059/1753 1327/1054/1754 1324/1052/1747
f 1335/1059/1753 1324/1052/1747 1332/1057/1733
f 1336/1060/1755 1337/1056/1756 1338/1061/1757
f 1336/1060/1755 1338/1061/1757 1339/1062/1758
f 1334/1058/1752 1333/1053/1751 1337/1056/1756
f 1334/1058/1752 1337/1056/1756 1336/1060/1755
f 1340/1063/1759 1341/1057/1760 1334/1058/1761
f 1340/1063/1759 1334/1058/1761 1342/1064/1696
f 1343/1065/1762 1344/1059/1763 1341/1057/1760
f 1343/1065/1762 1341/1057/1760 1340/1063/1764
f 1345/1066/1765 1346/1067/1701 1344/1059/1763
f 1345/1066/1765 1344/1059/1763 1343/1065/1766
f 1342/1064/1696 1334/1058/1767 1336/1060/1755
f 1342/1064/1696 1336/1060/1768 1347/1068/1699
f 1348/1069/1769 1349/1070/1770 1350/1071/1771
f 1348/1069/1769 1350/1071/1771 1351/1072/1772
f 1352/1073/1773 1353/1074/1774 1354/1075/1775
f 1352/1073/1773 1354/1075/1775 1355/1076/1776
f 1355/1076/1776 1354/1075/1775 1356/1077/1777
f 1355/1076/1776 1356/1077/1777 1357/1078/1778
f 1357/1078/1778 1356/1077/1777 1349/1070/1770
f 1357/1078/1778 1349/1070/1770 1348/1069/1769
f 1358/1079/1779 1359/1080/1780 1360/1081/1781
f 1358/1079/1779 1360/1081/1781 1361/1082/1782
f 1362/1083/1783 1363/1084/1784 1359/1080/1780
f 1362/1083/1783 1359/1080/1780 1358/1079/1779
f 1364/1085/1785 1365/1086/1786 1363/1084/1784
f 1364/1085/1785 1363/1084/1784 1362/1083/1783
f 1361/1082/1782 1360/1081/1781 1366/1087/1787
f 1361/1082/1782 1366/1087/1787 1367/1088/1788
f 1368/1089/1789 1369/1079/1777 1361/1082/1782
f 1368/1089/1789 1361/1082/1782 1370/1090/1790
f 1371/1091/1791 1372/1083/1792 1369/1079/1777
f 1371/1091/1791 1369/1079/1777 1368/1089/1789
f 1373/1092/1793 1374/1085/1794 1372/1083/1792
f 1373/1092/1793 1372/1083/1792 1371/1091/1791
f 1370/1090/1790 1361/1082/1782 1367/1088/1788
f 1370/1090/1790 1367/1088/1795 1375/1093/1772
f 1376/1077/1796 1368/1089/1789 1377/1090/1797
f 1376/1077/1796 1377/1090/1797 1349/1070/1770
f 1378/1075/1798 1371/1091/1791 1368/1089/1789
f 1378/1075/1798 1368/1089/1789 1376/1077/1796
f 1350/1071/1771 1379/1093/1799 1380/1094/1800
f 1350/1071/1771 1380/1094/1800 1381/1095/1801
f 1349/1070/1770 1377/1090/1797 1379/1093/1799
f 1349/1070/1770 1379/1093/1799 1350/1071/1802
f 1382/1096/1803 1357/1078/1778 1383/1069/1804
f 1382/1096/1803 1383/1069/1804 1384/1097/1805
f 1385/1098/1806 1355/1076/1776 1357/1078/1778
f 1385/1098/1806 1357/1078/1778 1382/1096/1803
f 1386/1099/1807 1387/1073/1774 1355/1076/1776
f 1386/1099/1807 1355/1076/1776 1385/1098/1806
f 1384/1097/1805 1383/1069/1804 1388/1072/1808
f 1384/1097/1805 1388/1072/1808 1389/1100/1809
f 1390/1101/1810 1391/1096/1777 1384/1097/1805
f 1390/1101/1810 1384/1097/1811 1392/1102/1769
f 1393/1103/1812 1394/1098/1775 1391/1096/1777
f 1393/1103/1812 1391/1096/1777 1390/1101/1810
f 1395/1104/1813 1396/1099/1774 1394/1098/1775
f 1395/1104/1813 1394/1098/1775 1393/1103/1812
f 1392/1102/1769 1384/1097/1805 1389/1100/1809
f 1392/1102/1769 1389/1100/1809 1397/1105/1772
f 1398/1106/1814 1390/1101/1810 1399/1102/1815
f 1398/1106/1814 1399/1102/1815 1400/1107/1816
f 1401/1108/1798 1393/1103/1817 1390/1101/1810
f 1401/1108/1798 1390/1101/1810 1398/1106/1814
f 1402/1109/1818 1403/1105/1819 1404/1110/1820
f 1402/1109/1818 1404/1110/1820 1405/1111/1821
f 1400/1107/1816 1399/1102/1815 1403/1105/1819
f 1400/1107/1816 1403/1105/1819 1402/1109/1818
f 1406/1112/1822 1407/1106/1823 1400/1107/1816
f 1406/1112/1822 1400/1107/1816 1408/1113/1824
f 1409/1114/1825 1410/1108/1826 1407/1106/1823
f 1409/1114/1825 1407/1106/1823 1406/1112/1822
f 1411/1115/1827 1412/1116/1828 1410/1108/1826
f 1411/1115/1827 1410/1108/1826 1409/1114/1825
f 1408/1113/1824 1400/1107/1829 1402/1109/1818
f 1408/1113/1824 1402/1109/1830 1413/1117/1772
f 1414/1118/1831 1415/1119/1832 1416/1120/1833
f 1414/1118/1831 1416/1120/1833 1417/1121/1772
f 1418/1122/1834 1419/1123/1774 1420/1124/1835
f 1418/1122/1834 1420/1124/1835 1421/1125/1836
f 1421/1125/1836 1420/1124/1835 1422/1126/1777
f 1421/1125/1836 1422/1126/1777 1423/1127/1837
f 1423/1127/1837 1422/1126/1777 1415/1119/1832
f 1423/1127/1837 1415/1119/1832 1414/1118/1838
f 1424/1128/1839 1406/1112/1822 1425/1113/1840
f 1424/1128/1839 1425/1113/1840 1426/1129/1841
f 1427/1130/1842 1409/1114/1825 1406/1112/1822
f 1427/1130/1842 1406/1112/1822 1424/1128/1839
f 1428/1131/1843 1429/1115/1774 1409/1114/1825
f 1428/1131/1843 1409/1114/1825 1427/1130/1842
f 1426/1129/1841 1425/1113/1840 1430/1117/1808
f 1426/1129/1841 1430/1117/1808 1431/1132/1809
f 1432/1133/1844 1433/1128/1777 1426/1129/1841
f 1432/1133/1844 1426/1129/1845 1434/1134/1846
f 1435/1135/1847 1436/1130/1775 1433/1128/1777
f 1435/1135/1847 1433/1128/1777 1432/1133/1844
f 1437/1136/1848 1438/1131/1774 1436/1130/1775
f 1437/1136/1848 1436/1130/1775 1435/1135/1847
f 1434/1134/1846 1426/1129/1841 1431/1132/1809
f 1434/1134/1846 1431/1132/1809 1439/1137/1772
f 1440/1126/1849 1432/1133/1844 1441/1134/1850
f 1440/1126/1849 1441/1134/1850 1415/1119/1832
f 1442/1124/1851 1435/1135/1852 1432/1133/1844
f 1442/1124/1851 1432/1133/1844 1440/1126/1853
f 1416/1120/1833 1443/1137/1854 1444/1138/1855
f 1416/1120/1833 1444/1138/1855 1445/1139/1856
f 1415/1119/1857 1441/1134/1858 1443/1137/1854
f 1415/1119/1832 1443/1137/1854 1416/1120/1833
f 1446/1140/1859 1423/1127/1837 1447/1118/1860
f 1446/1140/1859 1447/1118/1860 1448/1141/1861
f 1449/1142/1862 1421/1125/1836 1423/1127/1837
f 1449/1142/1862 1423/1127/1837 1446/1140/1863
f 1450/1143/1864 1451/1122/1774 1421/1125/1836
f 1450/1143/1864 1421/1125/1865 1449/1142/1866
f 1448/1141/1861 1447/1118/1860 1452/1121/1787
f 1448/1141/1861 1452/1121/1787 1453/1144/1788
f 1454/1145/1867 1455/1140/1868 1448/1141/1861
f 1454/1145/1867 1448/1141/1861 1456/1146/1869
f 1457/1147/1870 1458/1142/1871 1455/1140/1868
f 1457/1147/1870 1455/1140/1868 1454/1145/1867
f 1459/1148/1872 1460/1143/1774 1458/1142/1871
f 1459/1148/1872 1458/1142/1871 1457/1147/1873
f 1456/1146/1869 1448/1141/1861 1453/1144/1788
f 1456/1146/1869 1453/1144/1795 1461/1149/1772
f 1462/1150/1839 1454/1145/1867 1463/1146/1874
f 1462/1150/1839 1463/1146/1874 1464/1151/1875
f 1465/1152/1798 1457/1147/1870 1454/1145/1867
f 1465/1152/1798 1454/1145/1876 1462/1150/1839
f 1466/1153/1877 1467/1149/1819 1468/1154/1878
f 1466/1153/1877 1468/1154/1878 1469/1155/1879
f 1464/1151/1875 1463/1146/1874 1467/1149/1819
f 1464/1151/1875 1467/1149/1819 1466/1153/1877
f 1470/1156/1880 1471/1150/1881 1464/1151/1882
f 1470/1156/1880 1464/1151/1875 1472/1157/1883
f 1473/1158/1884 1474/1152/1885 1471/1150/1881
f 1473/1158/1884 1471/1150/1881 1470/1156/1880
f 1475/1159/1886 1476/1160/1887 1474/1152/1885
f 1475/1159/1886 1474/1152/1885 1473/1158/1884
f 1472/1157/1883 1464/1151/1875 1466/1153/1877
f 1472/1157/1883 1466/1153/1877 1477/1161/1888
f 1478/1162/1889 1479/1163/1890 1480/1164/1891
f 1478/1162/1889 1480/1164/1891 1481/1165/1892
f 1482/1166/80 1483/1167/80 1484/1168/1893
f 1482/1166/80 1484/1168/1893 1485/1169/1894
f 1485/1169/1894 1484/1168/1893 1486/1170/1895
f 1485/1169/1894 1486/1170/1895 1487/1171/1896
f 1487/1171/1896 1486/1170/1895 1479/1163/1890
f 1487/1171/1896 1479/1163/1890 1478/1162/1889
f 1488/1172/1897 1489/1173/1898 1490/1174/1899
f 1488/1172/1897 1490/1174/1899 1491/1175/1900
f 1492/1176/1901 1493/1177/1902 1489/1173/1898
f 1492/1176/1901 1489/1173/1898 1488/1172/1897
f 1494/1178/1903 1495/1179/1904 1493/1177/1902
f 1494/1178/1903 1493/1177/1902 1492/1176/1901
f 1491/1175/1900 1490/1174/1899 1496/1180/1905
f 1491/1175/1900 1496/1180/1905 1497/1181/1906
f 1498/1182/1907 1499/1172/1908 1491/1175/1900
f 1498/1182/1907 1491/1175/1900 1500/1183/1909
f 1501/1184/1910 1502/1176/1911 1499/1172/1908
f 1501/1184/1910 1499/1172/1908 1498/1182/1907
f 1503/1185/1912 1504/1178/80 1502/1176/1911
f 1503/1185/1912 1502/1176/1911 1501/1184/1910
f 1500/1183/1909 1491/1175/1913 1497/1181/1906
f 1500/1183/1909 1497/1181/1906 1505/1186/1851
f 1506/1170/1914 1498/1182/1907 1507/1183/1915
f 1506/1170/1914 1507/1183/1915 1479/1163/1890
f 1508/1168/1916 1501/1184/1910 1498/1182/1907
f 1508/1168/1916 1498/1182/1907 1506/1170/1914
f 1480/1164/1891 1509/1186/1917 1510/1187/1918
f 1480/1164/1891 1510/1187/1918 1511/1188/1919
f 1479/1163/1920 1507/1183/1915 1509/1186/1917
f 1479/1163/1920 1509/1186/1917 1480/1164/1891
f 1512/1189/1921 1487/1171/1896 1513/1162/1922
f 1512/1189/1921 1513/1162/1922 1514/1190/1923
f 1515/1191/1924 1485/1169/1894 1487/1171/1925
f 1515/1191/1924 1487/1171/1925 1512/1189/1921
f 1516/1192/1926 1517/1193/80 1485/1169/1894
f 1516/1192/1926 1485/1169/1894 1515/1191/1924
f 1514/1190/1923 1513/1162/1922 1518/1165/1927
f 1514/1190/1923 1518/1165/1927 1519/1194/1928
f 1520/1195/1929 1521/1189/1895 1514/1190/1923
f 1520/1195/1929 1514/1190/1923 1522/1196/1889
f 1523/1197/1930 1524/1191/1931 1521/1189/1895
f 1523/1197/1930 1521/1189/1895 1520/1195/1929
f 1525/1198/80 1526/1192/80 1524/1191/1931
f 1525/1198/80 1524/1191/1931 1523/1197/1930
f 1522/1196/1889 1514/1190/1923 1519/1194/1928
f 1522/1196/1889 1519/1194/1928 1527/1199/1892
f 1528/1200/1914 1520/1195/1929 1529/1196/1915
f 1528/1200/1914 1529/1196/1915 1530/1201/1932
f 1531/1202/1933 1523/1197/1930 1520/1195/1929
f 1531/1202/1933 1520/1195/1929 1528/1200/1914
f 1532/1203/1934 1533/1199/1917 1534/1204/1935
f 1532/1203/1934 1534/1204/1935 1535/1205/1936
f 1530/1201/1932 1529/1196/1915 1533/1199/1917
f 1530/1201/1932 1533/1199/1917 1532/1203/1934
f 1536/1206/1937 1537/1200/1908 1530/1201/1932
f 1536/1206/1937 1530/1201/1932 1538/1207/1938
f 1539/1208/1939 1540/1202/1940 1537/1200/1908
f 1539/1208/1939 1537/1200/1908 1536/1206/1937
f 1541/1209/1941 1542/1210/80 1540/1202/1940
f 1541/1209/1941 1540/1202/1940 1539/1208/1939
f 1538/1207/1938 1530/1201/1932 1532/1203/1934
f 1538/1207/1938 1532/1203/1934 1543/1211/1851
f 1544/1212/1942 1545/1213/1943 1546/1214/1944
f 1544/1212/1942 1546/1214/1944 1547/1215/1851
f 1548/1216/1945 1549/1217/80 1550/1218/1946
f 1548/1216/1945 1550/1218/1946 1551/1219/1947
f 1551/1219/1947 1550/1218/1946 1552/1220/1908
f 1551/1219/1947 1552/1220/1908 1553/1221/1948
f 1553/1221/1948 1552/1220/1908 1545/1213/1943
f 1553/1221/1948 1545/1213/1943 1544/1212/1942
f 1554/1222/1897 1536/1206/1937 1555/1207/1949
f 1554/1222/1897 1555/1207/1949 1556/1223/1950
f 1557/1224/1769 1539/1208/1939 1536/1206/1937
f 1557/1224/1769 1536/1206/1937 1554/1222/1897
f 1558/1225/1951 1559/1209/80 1539/1208/1939
f 1558/1225/1951 1539/1208/1939 1557/1224/1769
f 1556/1223/1950 1555/1207/1949 1560/1211/1927
f 1556/1223/1950 1560/1211/1927 1561/1226/1928
f 1562/1227/1952 1563/1222/1895 1556/1223/1950
f 1562/1227/1952 1556/1223/1950 1564/1228/1953
f 1565/1229/1954 1566/1224/1955 1563/1222/1895
f 1565/1229/1954 1563/1222/1895 1562/1227/1952
f 1567/1230/1956 1568/1225/80 1566/1224/1955
f 1567/1230/1956 1566/1224/1955 1565/1229/1954
f 1564/1228/1953 1556/1223/1950 1561/1226/1928
f 1564/1228/1953 1561/1226/1928 1569/1231/1892
f 1570/1220/1957 1562/1227/1952 1571/1228/1958
f 1570/1220/1957 1571/1228/1958 1545/1213/1943
f 1572/1218/1916 1565/1229/1954 1562/1227/1952
f 1572/1218/1916 1562/1227/1952 1570/1220/1957
f 1546/1214/1944 1573/1231/1959 1574/1232/1960
f 1546/1214/1944 1574/1232/1960 1575/1233/1961
f 1545/1213/1943 1571/1228/1958 1573/1231/1959
f 1545/1213/1943 1573/1231/1959 1546/1214/1944
f 1576/1234/1962 1577/1235/1963 1578/1236/1964
f 1576/1234/1962 1578/1236/1964 1579/1237/1965
f 1580/1238/1914 1553/1221/1948 1581/1212/1915
f 1580/1238/1914 1581/1212/1915 1582/1239/1966
f 1583/1240/1967 1551/1219/1947 1553/1221/1948
f 1583/1240/1967 1553/1221/1948 1580/1238/1914
f 1584/1241/1968 1585/1216/80 1551/1219/1947
f 1584/1241/1968 1551/1219/1969 1583/1240/1967
f 1582/1239/1966 1581/1212/1915 1586/1215/1927
f 1582/1239/1966 1586/1215/1927 1587/1242/1928
f 1588/1243/1970 1589/1238/1895 1582/1239/1966
f 1588/1243/1970 1582/1239/1966 1590/1244/1971
f 1591/1245/1972 1592/1240/1973 1589/1238/1895
f 1591/1245/1972 1589/1238/1895 1588/1243/1970
f 1593/1246/1974 1594/1241/80 1592/1240/1973
f 1593/1246/1974 1592/1240/1973 1591/1245/1972
f 1590/1244/1971 1582/1239/1975 1587/1242/1928
f 1590/1244/1971 1587/1242/1928 1595/1247/1851
f 1596/1248/1976 1588/1243/1970 1597/1244/1977
f 1596/1248/1976 1597/1244/1977 1598/1249/1978
f 1599/1250/1933 1591/1245/1972 1588/1243/1970
f 1599/1250/1933 1588/1243/1970 1596/1248/1976
f 1600/1251/1979 1601/1247/1917 1602/1252/1945
f 1600/1251/1979 1602/1252/1945 1603/1253/1980
f 1598/1249/1978 1597/1244/1977 1601/1247/1917
f 1598/1249/1978 1601/1247/1917 1600/1251/1979
f 1604/1254/1981 1605/1248/1895 1598/1249/1978
f 1604/1254/1981 1598/1249/1978 1606/1255/1971
f 1607/1256/1982 1608/1250/1973 1605/1248/1895
f 1607/1256/1982 1605/1248/1895 1604/1254/1981
f 1609/1257/1983 1610/1258/80 1608/1250/1973
f 1609/1257/1983 1608/1250/1973 1607/1256/1982
f 1606/1255/1971 1598/1249/1984 1600/1251/1979
f 1606/1255/1971 1600/1251/1979 1611/1259/1851
f 1612/1260/1985 1613/1261/1986 1614/1262/1987
f 1612/1260/1985 1614/1262/1987 1615/1263/1988
f 1616/1264/1989 1617/1265/1990 1618/1266/1991
f 1616/1264/1989 1618/1266/1991 1619/1267/1992
f 1620/1268/149 1621/1269/149 1622/1270/1993
f 1620/1268/149 1622/1270/1993 1623/1271/1994
f 1623/1271/1994 1622/1270/1993 1624/1272/1995
f 1623/1271/1994 1624/1272/1995 1625/1273/1996
f 1626/1274/1997 1627/1275/1998 1628/1276/1999
f 1626/1274/1997 1628/1276/1999 1629/1277/2000
f 1630/1278/2001 1626/1274/1997 1629/1277/2000
f 1630/1278/2001 1629/1277/2000 1631/1279/2002
f 1632/1280/2003 1633/1281/2004 1634/1282/2005
f 1632/1280/2003 1634/1282/2005 1635/1283/2006
f 1627/1275/1998 1632/1280/2003 1635/1283/2006
f 1627/1275/1998 1635/1283/2006 1628/1276/1999
f 1636/1284/2007 1637/1285/2008 1613/1261/1986
f 1636/1284/2007 1613/1261/1986 1612/1260/1985
f 1638/1286/165 1639/1287/2009 1640/1288/137
f 1638/1286/165 1640/1288/137 1641/1289/137
f 1615/1263/1988 1614/1262/1987 1639/1287/2009
f 1615/1263/1988 1639/1287/2009 1638/1286/165
f 1625/1273/1996 1624/1272/1995 1617/1265/1990
f 1625/1273/1996 1617/1265/1990 1616/1264/1989
f 1642/1290/2010 1643/1291/2011 1577/1235/1963
f 1642/1290/2010 1577/1235/1963 1576/1234/1962
f 1644/1292/2012 1645/1293/2013 1643/1291/2011
f 1644/1292/2012 1643/1291/2011 1642/1290/2010
f 1579/1237/1965 1578/1236/1964 1646/1294/2014
f 1579/1237/1965 1646/1294/2014 1647/1295/2015
f 1648/1296/1610 1649/1297/1615 1650/1298/1606
f 1648/1296/1610 1650/1298/1606 1651/1299/1560
f 1652/1300/2016 1653/1301/1562 1654/1302/1563
f 1652/1300/2016 1654/1302/1563 1655/1303/2017
f 1655/1303/2017 1654/1302/1563 1656/1304/2018
f 1655/1303/2017 1656/1304/2018 1657/1305/2019
f 1657/1305/2019 1656/1304/2018 1649/1297/1615
f 1657/1305/2019 1649/1297/1615 1648/1296/1610
f 1658/1304/1568 1659/1306/2020 1660/1307/1540
f 1658/1304/1568 1660/1307/1540 1649/1297/1615
f 1661/1302/2021 1662/1308/1699 1659/1306/2020
f 1661/1302/2021 1659/1306/2020 1658/1304/1568
f 1650/1298/1606 1663/1309/1545 1664/1310/1607
f 1650/1298/1606 1664/1310/1607 1665/1311/2022
f 1649/1297/1615 1660/1307/1540 1663/1309/1545
f 1649/1297/2023 1663/1309/1545 1650/1298/2024
f 1666/1312/2025 1657/1305/2019 1667/1296/2026
f 1666/1312/2025 1667/1296/2026 1668/1313/2027
f 1669/1314/1745 1655/1303/2017 1657/1305/2019
f 1669/1314/1745 1657/1305/2028 1666/1312/2025
f 1670/1315/2029 1671/1300/2030 1655/1303/2017
f 1670/1315/2029 1655/1303/2031 1669/1314/1745
f 1668/1313/2027 1667/1296/2026 1672/1299/2032
f 1668/1313/2027 1672/1299/2032 1673/1316/2033
f 1674/1317/2034 1675/1312/2035 1668/1313/2027
f 1674/1317/2034 1668/1313/2027 1676/1318/1557
f 1677/1319/2036 1678/1314/1484 1675/1312/2035
f 1677/1319/2036 1675/1312/2035 1674/1317/2034
f 1679/1320/2037 1680/1315/2030 1678/1314/1484
f 1679/1320/2037 1678/1314/1484 1677/1319/2036
f 1676/1318/1557 1668/1313/2027 1673/1316/2033
f 1676/1318/1557 1673/1316/2033 1681/1321/1583
f 1682/1322/1584 1674/1317/2034 1683/1318/1540
f 1682/1322/1584 1683/1318/1540 1684/1323/2038
f 1685/1324/1604 1677/1319/2039 1674/1317/2034
f 1685/1324/1604 1674/1317/2040 1682/1322/1584
f 1686/1325/2041 1687/1321/2042 1688/1326/2043
f 1686/1325/2041 1688/1326/2043 1689/1327/1591
f 1684/1323/2038 1683/1318/1540 1687/1321/2042
f 1684/1323/2038 1687/1321/2042 1686/1325/2041
f 1099/893/2044 1690/1322/2045 1684/1323/2038
f 1099/893/2044 1684/1323/2038 1691/894/2046
f 1103/897/1494 1692/1324/1484 1690/1322/2045
f 1103/897/2047 1690/1322/2045 1099/893/2048
f 1693/899/1561 1694/1328/2049 1692/1324/1484
f 1693/899/1561 1692/1324/1484 1103/897/1494
f 1691/894/2046 1684/1323/2050 1686/1325/2041
f 1691/894/2046 1686/1325/2041 1695/900/2051
f 1696/1329/1696 1697/1330/2052 1698/1331/2053
f 1696/1329/1696 1698/1331/2053 1699/1332/1699
f 1700/1333/2054 1701/1334/1701 1702/1335/1702
f 1700/1333/2054 1702/1335/1702 1703/1336/2055
f 1703/1336/2055 1702/1335/1702 1704/1337/2056
f 1703/1336/2055 1704/1337/2056 1705/1338/2057
f 1705/1338/2057 1704/1337/2058 1697/1330/2052
f 1705/1338/2057 1697/1330/2052 1696/1329/1696
f 1706/1337/1726 1707/1339/2059 1708/1340/1727
f 1706/1337/1726 1708/1340/1727 1697/1330/2052
f 1709/1335/2060 1710/1341/2061 1707/1339/2059
f 1709/1335/2060 1707/1339/2059 1706/1337/1726
f 1698/1331/2053 1711/1342/1486 1712/1343/2062
f 1698/1331/1768 1712/1343/2062 1713/1344/2063
f 1697/1330/2064 1708/1340/1727 1711/1342/1486
f 1697/1330/2065 1711/1342/1486 1698/1331/1755
f 1714/1345/2066 1705/1338/2057 1715/1329/1734
f 1714/1345/2066 1715/1329/1734 1716/1346/2067
f 1717/1347/2068 1703/1336/2069 1705/1338/2070
f 1717/1347/2068 1705/1338/2070 1714/1345/2066
f 1718/1348/2071 1719/1333/2072 1703/1336/2055
f 1718/1348/2071 1703/1336/2073 1717/1347/2068
f 1716/1346/2067 1715/1329/1734 1720/1332/2074
f 1716/1346/2067 1720/1332/2074 1721/1349/2075
f 1722/1350/2076 1723/1345/2077 1716/1346/2067
f 1722/1350/2076 1716/1346/2067 1724/1351/1594
f 1725/1352/2078 1726/1347/1623 1723/1345/2077
f 1725/1352/2078 1723/1345/2077 1722/1350/2076
f 1727/1353/2079 1728/1348/2080 1726/1347/1623
f 1727/1353/2079 1726/1347/1623 1725/1352/2081
f 1724/1351/1594 1716/1346/2067 1721/1349/2075
f 1724/1351/1594 1721/1349/2075 1729/1354/1750
f 1730/1355/1726 1722/1350/2076 1731/1351/1734
f 1730/1355/1726 1731/1351/1734 1732/1356/2082
f 1733/1357/2060 1725/1352/2081 1722/1350/2076
f 1733/1357/2060 1722/1350/2076 1730/1355/1726
f 1734/1358/2083 1735/1354/2084 1736/1359/2085
f 1734/1358/2083 1736/1359/2085 1737/1360/1731
f 1732/1356/2082 1731/1351/1734 1735/1354/2084
f 1732/1356/2082 1735/1354/2084 1734/1358/2083
f 1229/987/2086 1738/1355/2087 1732/1356/2088
f 1229/987/1629 1732/1356/2088 1739/988/2089
f 1233/991/1633 1740/1357/2090 1738/1355/2087
f 1233/991/1633 1738/1355/2087 1229/987/2091
f 1741/993/2092 1742/1361/2093 1740/1357/2090
f 1741/993/2092 1740/1357/2090 1233/991/1633
f 1739/988/2089 1732/1356/2094 1734/1358/2083
f 1739/988/2089 1734/1358/2083 1743/994/2095
f 1744/1362/2096 1745/1363/1770 1746/1364/2097
f 1744/1362/2096 1746/1364/2097 1747/1365/1772
f 1748/1366/2098 1749/1367/1774 1750/1368/1835
f 1748/1366/2098 1750/1368/1835 1751/1369/2099
f 1751/1369/2099 1750/1368/1835 1752/1370/1777
f 1751/1369/2099 1752/1370/1777 1753/1371/2100
f 1753/1371/2100 1752/1370/1777 1745/1363/1770
f 1753/1371/2100 1745/1363/1770 1744/1362/2101
f 1754/1370/1839 1755/1372/2102 1756/1373/1840
f 1754/1370/1839 1756/1373/1840 1745/1363/1770
f 1757/1368/1798 1758/1374/2103 1755/1372/2102
f 1757/1368/1798 1755/1372/2102 1754/1370/1839
f 1746/1364/2097 1759/1375/1799 1760/1376/2104
f 1746/1364/2105 1760/1376/2104 1761/1377/2106
f 1745/1363/1770 1756/1373/1840 1759/1375/1799
f 1745/1363/1770 1759/1375/1799 1746/1364/2105
f 1762/1378/2107 1753/1371/2100 1763/1362/2108
f 1762/1378/2107 1763/1362/2108 1764/1379/2109
f 1765/1380/2110 1751/1369/2099 1753/1371/2100
f 1765/1380/2110 1753/1371/2100 1762/1378/2107
f 1766/1381/1774 1767/1366/1774 1751/1369/2099
f 1766/1381/1774 1751/1369/2099 1765/1380/2110
f 1764/1379/2109 1763/1362/2108 1768/1365/1808
f 1764/1379/2109 1768/1365/1808 1769/1382/1809
f 1770/1383/2111 1771/1378/1777 1764/1379/2109
f 1770/1383/2111 1764/1379/2109 1772/1384/2101
f 1773/1385/2112 1774/1380/1871 1771/1378/1777
f 1773/1385/2112 1771/1378/1777 1770/1383/2111
f 1775/1386/2113 1776/1381/2114 1774/1380/1871
f 1775/1386/2113 1774/1380/1871 1773/1385/2112
f 1772/1384/2101 1764/1379/2115 1769/1382/1809
f 1772/1384/2101 1769/1382/1809 1777/1387/1772
f 1778/1388/2116 1770/1383/2111 1779/1384/2117
f 1778/1388/2116 1779/1384/2117 1780/1389/2118
f 1781/1390/1798 1773/1385/2112 1770/1383/2111
f 1781/1390/1798 1770/1383/2111 1778/1388/2116
f 1782/1391/2119 1783/1387/1854 1784/1392/2120
f 1782/1391/2119 1784/1392/2120 1785/1393/2121
f 1780/1389/2118 1779/1384/2117 1783/1387/1854
f 1780/1389/2118 1783/1387/1854 1782/1391/2119
f 1359/1080/1780 1786/1388/1868 1780/1389/2118
f 1359/1080/1780 1780/1389/2122 1787/1081/2123
f 1363/1084/1784 1788/1390/2124 1786/1388/1868
f 1363/1084/1784 1786/1388/1868 1359/1080/1780
f 1789/1086/2125 1790/1394/1887 1788/1390/2124
f 1789/1086/2125 1788/1390/2124 1363/1084/1784
f 1787/1081/2123 1780/1389/2122 1782/1391/2119
f 1787/1081/2123 1782/1391/2119 1791/1087/1888
f 1617/1265/1990 1792/1395/2126 1793/1396/1774
f 1617/1265/1990 1793/1396/1774 1618/1266/1991
f 1621/1269/149 1794/1397/149 1795/1398/2127
f 1621/1269/149 1795/1398/2127 1622/1270/1993
f 1622/1270/1993 1795/1398/2127 1796/1399/2128
f 1622/1270/1993 1796/1399/2128 1624/1272/1995
f 1624/1272/2129 1796/1399/2128 1792/1395/2126
f 1624/1272/2129 1792/1395/2126 1617/1265/1990
f 1629/1277/2000 1628/1276/1999 1797/1400/2130
f 1629/1277/2000 1797/1400/2130 1798/1401/2131
f 1631/1279/2002 1629/1277/2000 1798/1401/2131
f 1631/1279/2002 1798/1401/2131 1799/1402/2132
f 1635/1283/2006 1634/1282/2005 1800/1403/80
f 1635/1283/2006 1800/1403/80 1801/1404/2133
f 1628/1276/1999 1635/1283/2006 1801/1404/2133
f 1628/1276/1999 1801/1404/2133 1797/1400/2130
f 1577/1235/1963 1802/1405/2134 1803/1406/2127
f 1577/1235/1963 1803/1406/2127 1578/1236/1964
f 1643/1291/2011 1804/1407/2135 1802/1405/2134
f 1643/1291/2011 1802/1405/2134 1577/1235/2136
f 1645/1293/2013 1805/1408/2137 1804/1407/2135
f 1645/1293/2013 1804/1407/2135 1643/1291/2011
f 1578/1236/1964 1803/1406/2127 1806/1409/80
f 1578/1236/1964 1806/1409/80 1646/1294/2014
f 1807/1410/2138 1808/1411/2139 1809/1412/2140
f 1807/1410/2138 1809/1412/2140 1810/1413/1851
f 1811/1414/2141 1812/1415/80 1813/1416/1973
f 1811/1414/2141 1813/1416/1973 1814/1417/2142
f 1814/1417/2142 1813/1416/1973 1815/1418/1895
f 1814/1417/2142 1815/1418/1895 1816/1419/2143
f 1816/1419/2143 1815/1418/1895 1808/1411/2139
f 1816/1419/2143 1808/1411/2139 1807/1410/2138
f 1613/1261/1986 1817/1420/2144 1818/1421/2145
f 1613/1261/1986 1818/1421/2145 1614/1262/1987
f 1637/1285/2008 1819/1422/1774 1817/1420/2144
f 1637/1285/2008 1817/1420/2144 1613/1261/1986
f 1639/1287/2009 1820/1423/2146 1821/1424/137
f 1639/1287/2009 1821/1424/137 1640/1288/137
f 1614/1262/1987 1818/1421/2147 1820/1423/2146
f 1614/1262/1987 1820/1423/2146 1639/1287/2009
f 1822/1418/1976 1823/1425/2148 1824/1426/2149
f 1822/1418/1976 1824/1426/2149 1808/1411/2139
f 1825/1427/1933 1826/1428/1916 1823/1425/2148
f 1825/1427/1933 1823/1425/2148 1822/1418/1976
f 1809/1412/2140 1827/1429/1959 1828/1430/2150
f 1809/1412/2140 1828/1430/2150 1829/1431/2151
f 1808/1411/2139 1824/1426/2149 1827/1429/1959
f 1808/1411/2139 1827/1429/1959 1809/1412/2152
f 1830/1432/2153 1816/1419/2143 1831/1410/2154
f 1830/1432/2153 1831/1410/2154 1832/1433/2155
f 1833/1434/2156 1814/1417/2142 1816/1419/2157
f 1833/1434/2156 1816/1419/2157 1830/1432/2153
f 1834/1435/80 1835/1414/80 1814/1417/2142
f 1834/1435/80 1814/1417/2142 1833/1434/2156
f 1832/1433/2155 1831/1410/2154 1836/1436/2158
f 1832/1433/2155 1836/1436/2158 1837/1437/1928
f 1838/1438/2159 1839/1432/1895 1832/1433/2155
f 1838/1438/2159 1832/1433/2155 1840/1439/2160
f 1841/1440/1972 1842/1434/2161 1839/1432/1895
f 1841/1440/1972 1839/1432/1895 1838/1438/2159
f 1843/1441/2162 1844/1435/2163 1842/1434/2161
f 1843/1441/2162 1842/1434/2161 1841/1440/1972
f 1840/1439/2160 1832/1433/2164 1837/1437/1928
f 1840/1439/2160 1837/1437/1928 1845/1442/1851
f 1846/1443/2165 1838/1438/2159 1847/1439/2166
f 1846/1443/2165 1847/1439/2166 1848/1444/2167
f 1849/1445/1933 1841/1440/1972 1838/1438/2159
f 1849/1445/1933 1838/1438/2159 1846/1443/2165
f 1850/1446/2168 1851/1442/2169 1852/1447/2170
f 1850/1446/2168 1852/1447/2170 1853/1448/2171
f 1848/1444/2167 1847/1439/2166 1851/1442/2169
f 1848/1444/2167 1851/1442/2169 1850/1446/2168
f 1489/1173/1898 1854/1443/1895 1848/1444/2167
f 1489/1173/1898 1848/1444/2167 1855/1174/1938
f 1493/1177/1902 1856/1445/1940 1854/1443/1895
f 1493/1177/1902 1854/1443/1895 1489/1173/2172
f 1857/1179/2173 1858/1449/80 1856/1445/1940
f 1857/1179/2173 1856/1445/1940 1493/1177/1902
f 1855/1174/1938 1848/1444/2167 1850/1446/2168
f 1855/1174/1938 1850/1446/2168 1859/1180/1851
f 1860/1450/2174 1861/1451/2175 1862/1452/2176
f 1860/1450/2174 1862/1452/2176 1863/1453/2177
f 1864/1454/2178 1865/1455/2179 1866/1456/2180
f 1864/1454/2178 1866/1456/2180 1867/1457/2181
f 1867/1457/2181 1866/1456/2180 1868/1458/2182
f 1867/1457/2183 1868/1458/2182 1869/1459/2184
f 1869/1459/2184 1868/1458/2182 1870/1460/2185
f 1869/1459/2184 1870/1460/2185 1871/1461/2186
f 1871/1461/2186 1870/1460/2185 1872/1462/2187
f 1871/1461/2188 1872/1462/2187 1873/1463/2189
f 1874/1464/2190 1875/1465/2191 1862/1452/2176
f 1874/1464/2190 1862/1452/2176 1861/1451/2175
f 1876/1466/2192 1877/1467/2193 1878/1468/2194
f 1876/1466/2192 1878/1468/2194 1879/1469/2195
f 1880/1470/2196 1876/1466/2192 1881/1471/2197
f 1880/1470/2196 1881/1471/2197 1882/1472/2198
f 1882/1472/2198 1881/1471/2197 1883/1473/2199
f 1882/1472/2198 1883/1473/2199 1884/1474/2200
f 1885/1475/2201 1886/1476/2202 1887/1477/2203
f 1885/1475/2201 1887/1477/2203 1888/1478/2204
f 1879/1469/2195 1878/1468/2205 1886/1476/2202
f 1879/1469/2195 1886/1476/2206 1885/1475/2201
f 1889/1479/2207 1890/1480/2208 1888/1478/2204
f 1889/1479/2207 1888/1478/2204 1887/1477/2203
f 1891/1481/2209 1892/1482/2210 1893/1483/2211
f 1891/1481/2209 1893/1483/2211 1894/1484/2212
f 1894/1484/2212 1893/1483/2211 1895/1485/2213
f 1894/1484/2212 1895/1485/2213 1896/1486/2214
f 1897/1487/2215 1898/1488/2216 1899/1489/2217
f 1897/1487/2215 1899/1489/2217 1900/1490/2218
f 1900/1490/2218 1899/1489/2217 1901/1491/2219
f 1900/1490/2220 1901/1491/2219 1902/1492/2221
f 1903/1493/2222 1904/1494/2223 1905/1495/2224
f 1903/1493/2222 1905/1495/2224 1906/1496/2225
f 1907/1497/2226 1908/1498/2227 1867/1457/2181
f 1907/1497/2226 1867/1457/2181 1869/1459/2228
f 1909/1499/2229 1910/1500/2230 1911/1501/2231
f 1909/1499/2229 1911/1501/2231 1912/1502/2232
f 1877/1467/2193 1876/1466/2233 1880/1470/2196
f 1877/1467/2193 1880/1470/2234 1913/1503/2235
f 1914/1504/2236 1915/1505/2237 1916/1506/2238
f 1914/1504/2236 1916/1506/2238 1917/1507/2239
f 1918/1508/2240 1919/1509/2241 1868/1458/2182
f 1918/1508/2240 1868/1458/2242 1866/1456/2180
f 1920/1510/2243 1903/1493/2222 1906/1496/2225
f 1920/1510/2243 1906/1496/2244 1921/1511/2245
f 1922/1512/2246 1907/1497/2247 1869/1459/2248
f 1922/1512/2246 1869/1459/2248 1871/1461/2186
f 1915/1505/2237 1923/1513/2249 1924/1514/2250
f 1915/1505/2237 1924/1514/2250 1916/1506/2238
f 1919/1509/2241 1925/1515/2251 1870/1460/2252
f 1919/1509/2241 1870/1460/2253 1868/1458/2242
f 1926/1516/2254 1920/1510/2243 1921/1511/2245
f 1926/1516/2254 1921/1511/2245 1927/1517/2255
f 1928/1518/2256 1922/1512/2246 1871/1461/2257
f 1928/1518/2256 1871/1461/2258 1873/1463/2189
f 1923/1513/2249 1929/1519/2259 1930/1520/2260
f 1923/1513/2249 1930/1520/2260 1924/1514/2250
f 1925/1515/2251 1931/1521/2261 1872/1462/2187
f 1925/1515/2262 1872/1462/2263 1870/1460/2252
f 1932/1522/2264 1926/1516/2254 1927/1517/2255
f 1932/1522/2264 1927/1517/2265 1933/1523/2266
f 1933/1523/2266 1927/1517/2255 1874/1464/2190
f 1933/1523/2266 1874/1464/2267 1861/1451/2175
f 1929/1519/2259 1934/1524/2268 1935/1525/2269
f 1929/1519/2270 1935/1525/2269 1930/1520/2260
f 1930/1520/2260 1935/1525/2271 1862/1452/2176
f 1930/1520/2260 1862/1452/2176 1875/1465/2191
f 1892/1482/2210 1932/1522/2272 1933/1523/2273
f 1892/1482/2210 1933/1523/2266 1936/1526/2274
f 1936/1526/2274 1933/1523/2275 1861/1451/2276
f 1936/1526/2274 1861/1451/2276 1860/1450/2174
f 1863/1453/2177 1862/1452/2277 1935/1525/2271
f 1863/1453/2278 1935/1525/2279 1937/1527/2280
f 1937/1527/2280 1935/1525/2281 1934/1524/2268
f 1937/1527/2282 1934/1524/2268 1897/1487/2215
f 1938/1528/2283 1883/1473/2284 1881/1471/2197
f 1938/1528/2283 1881/1471/2285 1939/1529/2286
f 1939/1529/2286 1881/1471/2197 1876/1466/2192
f 1939/1529/2287 1876/1466/2192 1879/1469/2195
f 1910/1500/2230 1940/1530/2288 1941/1531/2289
f 1910/1500/2230 1941/1531/2289 1911/1501/2290
f 1911/1501/2291 1941/1531/2289 1878/1468/2205
f 1911/1501/2291 1878/1468/2205 1877/1467/2193
f 1942/1532/2292 1938/1528/2293 1939/1529/2294
f 1942/1532/2292 1939/1529/2295 1943/1533/2296
f 1943/1533/2296 1939/1529/2297 1879/1469/2195
f 1943/1533/2296 1879/1469/2195 1885/1475/2298
f 1940/1530/2288 1944/1534/2299 1945/1535/2300
f 1940/1530/2288 1945/1535/2300 1941/1531/2301
f 1941/1531/2302 1945/1535/2300 1886/1476/2303
f 1941/1531/2289 1886/1476/2303 1878/1468/2205
f 1946/1536/2304 1942/1532/2292 1943/1533/2296
f 1946/1536/2304 1943/1533/2296 1947/1537/2305
f 1947/1537/2305 1943/1533/2306 1885/1475/2298
f 1947/1537/2307 1885/1475/2298 1888/1478/2204
f 1944/1534/2299 1948/1538/2308 1949/1539/2309
f 1944/1534/2310 1949/1539/2309 1945/1535/2300
f 1945/1535/2311 1949/1539/2309 1887/1477/2203
f 1945/1535/2300 1887/1477/2203 1886/1476/2312
f 1950/1540/2313 1918/1508/2314 1866/1456/2180
f 1950/1540/2313 1866/1456/2315 1865/1455/2179
f 1951/1541/2316 1914/1504/2236 1917/1507/2239
f 1951/1541/2316 1917/1507/2317 1952/1542/2318
f 1888/1478/2204 1890/1480/2208 1953/1543/2319
f 1888/1478/2320 1953/1543/2319 1947/1537/2307
f 1947/1537/2321 1953/1543/2322 1898/1488/2216
f 1947/1537/2323 1898/1488/2216 1946/1536/2304
f 1948/1538/2308 1891/1481/2324 1954/1544/2325
f 1948/1538/2326 1954/1544/2325 1949/1539/2327
f 1949/1539/2327 1954/1544/2325 1889/1479/2207
f 1949/1539/2328 1889/1479/2207 1887/1477/2203
f 1912/1502/2232 1911/1501/2291 1877/1467/2329
f 1912/1502/2232 1877/1467/2330 1913/1503/2235
f 1908/1498/2227 1955/1545/2331 1864/1454/2332
f 1908/1498/2333 1864/1454/2178 1867/1457/2183
f 1904/1494/2223 1956/1546/2334 1957/1547/2335
f 1904/1494/2336 1957/1547/2335 1905/1495/2224
f 1882/1472/2337 1884/1474/2200 1951/1541/2338
f 1882/1472/2198 1951/1541/2339 1952/1542/2318
f 1880/1470/2340 1882/1472/2341 1952/1542/2318
f 1880/1470/2196 1952/1542/2318 1958/1548/2342
f 1909/1499/2229 1912/1502/2232 1957/1547/2335
f 1909/1499/2229 1957/1547/2343 1956/1546/2334
f 1912/1502/2232 1913/1503/2235 1959/1549/2344
f 1912/1502/2345 1959/1549/2344 1957/1547/2343
f 1913/1503/2346 1880/1470/2196 1958/1548/2342
f 1913/1503/2347 1958/1548/2342 1959/1549/2348
f 1960/1550/2349 1961/1551/2350 1962/1552/2351
f 1960/1550/2349 1962/1552/2351 1963/1553/2352
f 1963/1553/2352 1962/1552/2353 1964/1554/2354
f 1963/1553/2352 1964/1554/2354 1965/1555/2355
f 1965/1555/2355 1964/1554/2356 1966/1556/2357
f 1965/1555/2358 1966/1556/2357 1967/1557/2359
f 1961/1551/2350 1960/1550/2349 1968/1558/2360
f 1961/1551/2361 1968/1558/2360 1969/1559/2362
f 1964/1554/2354 1962/1552/2363 1970/1560/2364
f 1964/1554/2354 1970/1560/2364 1971/1561/2365
f 1972/1562/2366 1973/1563/2367 1974/1564/2368
f 1972/1562/2366 1974/1564/2368 1975/1565/2369
f 1976/1566/2370 1977/1567/2371 1973/1563/2367
f 1976/1566/2370 1973/1563/2372 1972/1562/2366
f 1971/1561/2365 1970/1560/2364 1978/1568/2373
f 1971/1561/2365 1978/1568/2373 1979/1569/2374
f 1967/1557/2359 1966/1556/2375 1980/1570/2376
f 1967/1557/2359 1980/1570/2376 1981/1571/2377
f 1982/1572/2378 1983/1573/2379 1984/1574/2378
f 1982/1572/2378 1984/1574/2378 1985/1575/2380
f 1969/1559/2362 1968/1558/2381 1986/1576/2382
f 1969/1559/2362 1986/1576/2382 1987/1577/2383
f 1979/1569/2374 1978/1568/2373 1988/1578/2384
f 1979/1569/2374 1988/1578/2384 1989/1579/1774
f 1981/1571/2377 1980/1570/2376 1990/1580/2385
f 1981/1571/2377 1990/1580/2385 1991/1581/2386
f 1992/13/2387 1993/14/2388 1994/15/73
f 1992/13/2387 1994/15/73 1995/16/73
f 1996/17/2389 1997/18/2390 1998/19/2391
f 1996/17/2389 1998/19/2391 1999/20/2392
f 1999/20/2392 1998/19/2391 2000/21/2393
f 1999/20/2392 2000/21/2393 2001/22/2394
f 2002/23/80 2003/24/80 2004/25/80
f 2002/23/80 2004/25/80 2005/26/80
f 2006/27/2395 2007/28/2396 2008/29/2397
f 2006/27/2395 2008/29/2397 2009/30/2398
f 2010/31/2399 2011/32/2388 2012/33/2396
f 2010/31/2399 2012/33/2396 2013/34/2395
f 2013/34/2395 2012/33/2396 2014/35/2400
f 2013/34/2395 2014/35/2400 2015/36/2401
f 2016/37/2402 2017/38/2403 2018/39/2404
f 2016/37/2402 2018/39/2404 2019/40/2405
f 2020/41/80 2021/42/80 2022/43/80
f 2020/41/80 2022/43/80 2023/44/80
f 2024/45/2406 2025/46/2407 2026/47/2408
f 2024/45/2406 2026/47/2408 2027/48/2409
f 2025/46/2407 2028/49/2410 2029/50/2411
f 2025/46/2412 2029/50/2411 2026/47/2413
f 2030/51/2414 2031/52/2415 2032/53/2416
f 2030/51/2414 2032/53/2416 2033/54/2417
f 2031/52/2415 2024/45/2406 2027/48/2409
f 2031/52/2415 2027/48/2409 2032/53/2416
f 2034/55/80 2035/56/80 2036/57/80
f 2034/55/80 2036/57/80 2037/58/80
f 2038/59/2399 2039/60/2388 2007/28/2396
f 2038/59/2399 2007/28/2396 2006/27/2395
f 2040/61/2414 2041/62/2418 2039/60/2388
f 2040/61/2414 2039/60/2388 2038/59/2399
f 2009/30/2398 2008/29/2397 2042/63/2419
f 2009/30/2398 2042/63/2419 2043/64/2420
f 2044/65/80 2045/66/80 2046/67/80
f 2044/65/80 2046/67/80 2047/68/80
f 2019/40/2405 2018/39/2404 2011/32/2388
f 2019/40/2405 2011/32/2388 2010/31/2399
f 2048/69/2421 2049/70/2422 2050/71/2423
f 2048/69/2421 2050/71/2423 2051/72/2424
f 2052/73/2425 2053/74/2426 2054/75/2427
f 2052/73/2425 2054/75/2427 2055/76/2428
f 2055/76/2428 2054/75/2427 2056/77/2429
f 2055/76/2428 2056/77/2429 2057/78/2430
f 2057/78/2430 2056/77/2429 2049/70/2422
f 2057/78/2430 2049/70/2422 2048/69/2421
f 2049/70/2422 2058/79/2431 2059/80/2432
f 2049/70/2422 2059/80/2432 2050/71/2423
f 2050/71/2423 2059/80/2432 2060/81/2433
f 2050/71/2434 2060/81/2433 2061/82/2435
f 2062/75/2436 2063/83/2437 2064/84/2438
f 2062/75/2436 2064/84/2438 2065/77/2439
f 2065/77/2439 2064/84/2440 2058/79/2431
f 2065/77/2439 2058/79/2431 2049/70/2422
f 2066/79/2441 2067/85/2442 2068/86/2443
f 2066/79/2441 2068/86/2443 2069/80/2444
f 2070/87/2445 2071/88/2446 2072/89/2447
f 2070/87/2445 2072/89/2447 2063/83/2437
f 2063/83/2437 2072/89/2447 2073/90/2448
f 2063/83/2437 2073/90/2448 2064/84/2449
f 2064/84/2450 2073/90/2451 2067/85/2442
f 2064/84/2449 2067/85/2442 2066/79/2441
f 2067/85/2442 2074/91/2452 2075/92/2453
f 2067/85/2454 2075/92/2453 2068/86/2455
f 2076/88/2456 2077/93/2457 2078/94/2458
f 2076/88/2456 2078/94/2458 2079/89/2459
f 2079/89/2459 2078/94/2458 2080/95/2460
f 2079/89/2459 2080/95/2460 2081/90/2461
f 2081/90/2461 2080/95/2460 2074/91/2452
f 2081/90/2461 2074/91/2452 2067/85/2442
f 2001/22/2394 2000/21/2393 1993/14/2388
f 2001/22/2394 1993/14/2388 1992/13/2387
f 2082/536/2462 2083/537/2463 2084/538/2464
f 2082/536/2462 2084/538/2464 2085/539/2465
f 2085/539/2465 2084/538/2464 2086/540/2466
f 2085/539/2465 2086/540/2466 2087/541/2467
f 2088/542/2468 2089/543/2469 2090/544/2470
f 2088/542/2468 2090/544/2470 2091/545/2471
f 2091/545/2471 2090/544/2470 2083/537/2463
f 2091/545/2471 2083/537/2463 2082/536/2462
f 2092/537/2472 2093/546/2473 2094/547/2474
f 2092/537/2472 2094/547/2474 2095/538/2475
f 2096/548/2476 2097/549/2477 2098/550/2447
f 2096/548/2476 2098/550/2447 2089/543/2469
f 2089/543/2469 2098/550/2447 2099/551/2478
f 2089/543/2437 2099/551/2478 2090/544/2470
f 2090/544/2479 2099/551/2478 2093/546/2473
f 2090/544/2480 2093/546/2473 2092/537/2481
f 2093/546/2473 2100/552/2482 2101/553/2483
f 2093/546/2473 2101/553/2483 2094/547/2474
f 2102/549/2433 2103/554/73 2104/555/2484
f 2102/549/2433 2104/555/2484 2105/550/2485
f 2105/550/2485 2104/555/2484 2106/556/2486
f 2105/550/2485 2106/556/2486 2107/551/2487
f 2107/551/2487 2106/556/2488 2100/552/2482
f 2107/551/2487 2100/552/2482 2093/546/2473
f 2080/95/2460 2108/545/2489 2082/536/2462
f 2080/95/2460 2082/536/2490 2109/91/2491
f 2078/94/2458 2110/542/2492 2108/545/2489
f 2078/94/2458 2108/545/2489 2080/95/2460
f 2111/93/2493 2112/557/2494 2110/542/2492
f 2111/93/2493 2110/542/2492 2078/94/2458
f 2109/91/2491 2082/536/2462 2085/539/2465
f 2109/91/2491 2085/539/2465 2113/92/2475
f 2114/552/2495 2115/558/2496 2116/559/2497
f 2114/552/2495 2116/559/2497 2117/553/2498
f 2118/554/2499 2119/560/2500 2120/561/2501
f 2118/554/2499 2120/561/2501 2104/555/2502
f 2104/555/2484 2120/561/2501 2121/562/2503
f 2104/555/2484 2121/562/2503 2106/556/2488
f 2106/556/2504 2121/562/2505 2115/558/2496
f 2106/556/2504 2115/558/2496 2114/552/2495
f 2115/558/2496 2122/563/2506 2123/564/2464
f 2115/558/2496 2123/564/2464 2116/559/2507
f 2116/559/2507 2123/564/2464 2124/565/2508
f 2116/559/2507 2124/565/2508 2125/566/2509
f 2126/561/1079 2127/567/2510 2128/568/2511
f 2126/561/1079 2128/568/2511 2129/562/2512
f 2129/562/2512 2128/568/2511 2122/563/2506
f 2129/562/2512 2122/563/2506 2115/558/2496
f 2130/563/2513 2131/569/2514 2132/570/2515
f 2130/563/2513 2132/570/2515 2133/564/2498
f 2134/571/2516 2135/572/2517 2136/573/2518
f 2134/571/2516 2136/573/2518 2127/567/2510
f 2127/567/2510 2136/573/2518 2137/574/2519
f 2127/567/2510 2137/574/2519 2128/568/2511
f 2128/568/2511 2137/574/2519 2131/569/2514
f 2128/568/2520 2131/569/2514 2130/563/2513
f 2131/569/2514 2138/575/2506 2139/576/2521
f 2131/569/2514 2139/576/2521 2132/570/2515
f 2140/572/2522 2141/577/2523 2142/578/2524
f 2140/572/2522 2142/578/2524 2143/573/2525
f 2143/573/2525 2142/578/2524 2144/579/2526
f 2143/573/2525 2144/579/2526 2145/574/2471
f 2145/574/2471 2144/579/2526 2138/575/2506
f 2145/574/2471 2138/575/2506 2131/569/2514
f 2146/580/2527 2147/581/2528 2148/582/2529
f 2146/580/2527 2148/582/2529 2149/583/2530
f 2149/583/2530 2148/582/2529 2150/584/2531
f 2149/583/2530 2150/584/2531 2151/585/2532
f 2152/586/1083 2153/587/2533 2154/588/2534
f 2152/586/1083 2154/588/2534 2155/589/2535
f 2155/589/2535 2154/588/2534 2147/581/2528
f 2155/589/2535 2147/581/2528 2146/580/2536
f 2156/581/2537 2157/590/2538 2158/591/2539
f 2156/581/2537 2158/591/2539 2159/592/2540
f 2160/593/2541 2161/594/2542 2162/595/2543
f 2160/593/2541 2162/595/2543 2153/587/2533
f 2153/587/2533 2162/595/2543 2163/596/2544
f 2153/587/2533 2163/596/2544 2154/588/2545
f 2154/588/2545 2163/596/2544 2157/590/2538
f 2154/588/2534 2157/590/2538 2156/581/2546
f 2157/590/2538 2164/597/2547 2165/598/2548
f 2157/590/2538 2165/598/2548 2158/591/2539
f 2166/594/2549 2167/599/2550 2168/600/2551
f 2166/594/2549 2168/600/2551 2169/595/2552
f 2169/595/2552 2168/600/2551 2170/601/2553
f 2169/595/2552 2170/601/2553 2171/596/2554
f 2171/596/2554 2170/601/2553 2164/597/2547
f 2171/596/2554 2164/597/2547 2157/590/2538
f 2144/579/2526 2172/589/2544 2146/580/2536
f 2144/579/2526 2146/580/2555 2173/575/2556
f 2142/578/2524 2174/586/2557 2172/589/2544
f 2142/578/2524 2172/589/2544 2144/579/2526
f 2175/577/2558 2176/602/2559 2174/586/2557
f 2175/577/2558 2174/586/2557 2142/578/2524
f 2173/575/2556 2146/580/2560 2149/583/2530
f 2173/575/2556 2149/583/2530 2177/576/2498
f 2178/603/2561 2179/604/2562 2180/605/2563
f 2178/603/2561 2180/605/2563 2181/606/1006
f 2182/607/2564 2183/608/87 2184/609/2565
f 2182/607/2564 2184/609/2565 2185/610/2566
f 2185/610/2566 2184/609/2565 2186/611/1011
f 2185/610/2566 2186/611/1011 2187/612/2567
f 2187/612/2567 2186/611/1011 2179/604/2562
f 2187/612/2567 2179/604/2562 2178/603/2568
f 2179/604/2562 2188/613/2569 2189/614/2570
f 2179/604/2571 2189/614/2570 2180/605/2572
f 2180/605/2573 2189/614/2570 2190/615/2574
f 2180/605/2573 2190/615/2574 2191/616/2575
f 2192/609/2576 2193/617/2577 2194/618/2578
f 2192/609/2576 2194/618/2578 2195/611/2579
f 2195/611/2579 2194/618/2578 2188/613/2569
f 2195/611/2579 2188/613/2569 2179/604/2562
f 2196/613/2580 2197/619/2581 2198/620/2582
f 2196/613/2580 2198/620/2582 2199/614/1027
f 2200/621/2583 2201/622/87 2202/623/2584
f 2200/621/2583 2202/623/2584 2193/617/2577
f 2193/617/2577 2202/623/2584 2203/624/1032
f 2193/617/2577 2203/624/1032 2194/618/2585
f 2194/618/2578 2203/624/1032 2197/619/2581
f 2194/618/2585 2197/619/2581 2196/613/2580
f 2197/619/2581 2204/625/2586 2205/626/2587
f 2197/619/2588 2205/626/2587 2198/620/2582
f 2206/622/2589 2207/627/87 2208/628/2590
f 2206/622/2589 2208/628/2590 2209/623/2591
f 2209/623/2591 2208/628/2590 2210/629/2592
f 2209/623/2591 2210/629/2592 2211/624/2593
f 2211/624/2593 2210/629/2592 2204/625/2586
f 2211/624/2593 2204/625/2586 2197/619/2581
f 2212/630/2594 2213/631/2595 2214/632/2596
f 2212/630/2594 2214/632/2596 2215/633/2597
f 2215/633/2597 2214/632/2596 2216/634/2598
f 2215/633/2597 2216/634/2598 2217/635/2599
f 2218/636/2576 2219/637/2600 2220/638/2601
f 2218/636/2576 2220/638/2601 2221/639/2602
f 2221/639/2602 2220/638/2601 2213/631/2595
f 2221/639/2602 2213/631/2595 2212/630/2594
f 2222/631/2603 2223/640/2604 2224/641/2605
f 2222/631/2603 2224/641/2605 2225/632/1059
f 2226/642/2583 2227/643/2606 2228/644/2607
f 2226/642/2583 2228/644/2607 2219/637/2600
f 2219/637/2600 2228/644/2607 2229/645/1064
f 2219/637/2600 2229/645/1064 2220/638/2608
f 2220/638/2601 2229/645/1064 2223/640/2604
f 2220/638/2608 2223/640/2604 2222/631/2603
f 2223/640/2604 2230/646/2609 2231/647/2610
f 2223/640/2604 2231/647/2610 2224/641/2605
f 2227/643/2606 2232/648/2611 2233/649/2612
f 2227/643/2606 2233/649/2612 2234/644/2613
f 2234/644/2613 2233/649/2612 2235/650/2614
f 2234/644/2613 2235/650/2614 2236/645/2615
f 2236/645/2615 2235/650/2616 2230/646/2609
f 2236/645/2615 2230/646/2609 2223/640/2604
f 2210/629/2592 2237/639/2617 2212/630/2594
f 2210/629/2592 2212/630/2594 2238/625/2618
f 2208/628/2590 2239/636/2619 2237/639/2617
f 2208/628/2590 2237/639/2617 2210/629/2592
f 2240/627/2620 2241/651/87 2239/636/2619
f 2240/627/2620 2239/636/2619 2208/628/2590
f 2238/625/2618 2212/630/2594 2215/633/2597
f 2238/625/2618 2215/633/2621 2242/626/1079
f 2243/646/2622 2244/652/2623 2245/653/2624
f 2243/646/2622 2245/653/2624 2246/647/1083
f 2247/648/2625 2248/654/87 2249/655/2626
f 2247/648/2625 2249/655/2626 2233/649/2612
f 2233/649/2612 2249/655/2626 2250/656/1089
f 2233/649/2612 2250/656/1089 2235/650/2616
f 2235/650/2614 2250/656/1089 2244/652/2623
f 2235/650/2627 2244/652/2623 2243/646/2628
f 2244/652/2623 2251/657/2629 2252/658/2630
f 2244/652/2623 2252/658/2630 2245/653/2624
f 2245/653/2624 2252/658/2630 2253/659/2631
f 2245/653/2632 2253/659/2631 2254/660/2633
f 2255/655/2634 2256/661/2635 2257/662/2636
f 2255/655/2634 2257/662/2636 2258/656/2602
f 2258/656/2602 2257/662/2636 2251/657/2629
f 2258/656/2602 2251/657/2629 2244/652/2623
f 2259/657/2637 2260/663/2638 2261/664/2639
f 2259/657/2637 2261/664/2639 2262/658/1083
f 2263/665/2620 2264/666/87 2265/667/2619
f 2263/665/2620 2265/667/2619 2256/661/2635
f 2256/661/2635 2265/667/2619 2266/668/2640
f 2256/661/2635 2266/668/2640 2257/662/2641
f 2257/662/2636 2266/668/2640 2260/663/2638
f 2257/662/2636 2260/663/2638 2259/657/2637
f 2260/663/2638 2267/669/2629 2268/670/2642
f 2260/663/2638 2268/670/2642 2261/664/2643
f 2269/666/2644 2270/671/87 2271/672/2645
f 2269/666/2644 2271/672/2645 2272/667/2646
f 2272/667/2646 2271/672/2645 2273/673/2647
f 2272/667/2646 2273/673/2647 2274/668/2602
f 2274/668/2602 2273/673/2647 2267/669/2629
f 2274/668/2602 2267/669/2629 2260/663/2638
f 2275/674/2648 2276/675/2649 2277/676/2650
f 2275/674/2648 2277/676/2650 2278/677/2651
f 2278/677/2651 2277/676/2650 2279/678/2652
f 2278/677/2651 2279/678/2652 2280/679/2653
f 2281/680/2576 2282/681/2654 2283/682/2655
f 2281/680/2576 2283/682/2655 2284/683/2656
f 2284/683/2656 2283/682/2655 2276/675/2649
f 2284/683/2656 2276/675/2649 2275/674/2648
f 2285/675/2657 2286/684/2658 2287/685/2659
f 2285/675/2657 2287/685/2659 2288/676/1079
f 2289/686/2660 2290/687/87 2291/688/2661
f 2289/686/2660 2291/688/2661 2282/681/2654
f 2282/681/2654 2291/688/2661 2292/689/2662
f 2282/681/2654 2292/689/2662 2283/682/2655
f 2283/682/2655 2292/689/2662 2286/684/2658
f 2283/682/2663 2286/684/2658 2285/675/2657
f 2286/684/2658 2293/690/2664 2294/691/2665
f 2286/684/2658 2294/691/2665 2287/685/2659
f 2295/687/2666 2296/692/87 2297/693/2667
f 2295/687/2666 2297/693/2667 2298/688/2668
f 2298/688/2668 2297/693/2667 2299/694/2669
f 2298/688/2668 2299/694/2669 2300/689/2670
f 2300/689/2670 2299/694/2669 2293/690/2664
f 2300/689/2670 2293/690/2664 2286/684/2658
f 2273/673/2647 2301/683/1139 2275/674/2648
f 2273/673/2647 2275/674/2648 2302/669/2657
f 2271/672/2645 2303/680/2671 2301/683/1139
f 2271/672/2672 2301/683/1139 2273/673/2673
f 2304/671/2674 2305/695/87 2303/680/2671
f 2304/671/2674 2303/680/2671 2271/672/2675
f 2302/669/2657 2275/674/2676 2278/677/2651
f 2302/669/2657 2278/677/2651 2306/670/1083
f 2307/696/2677 2308/697/2678 2309/698/2679
f 2307/696/2677 2309/698/2679 2310/699/2680
f 2311/700/2681 2312/701/2682 2313/702/1149
f 2311/700/2681 2313/702/1149 2314/703/1150
f 2314/703/1150 2313/702/1151 2315/704/1152
f 2314/703/1150 2315/704/1152 2316/705/1153
f 2316/705/1153 2315/704/1152 2308/697/2678
f 2316/705/1153 2308/697/2678 2307/696/2683
f 2308/697/2684 2317/706/2685 2318/707/1429
f 2308/697/2684 2318/707/1429 2309/698/2679
f 2309/698/2679 2318/707/2686 2319/708/2687
f 2309/698/2679 2319/708/2687 2320/709/2688
f 2321/702/2689 2322/710/2690 2323/711/2691
f 2321/702/2689 2323/711/2691 2324/704/2692
f 2324/704/2692 2323/711/2693 2317/706/2685
f 2324/704/2692 2317/706/2685 2308/697/2694
f 2325/706/1169 2326/712/2695 2327/713/2696
f 2325/706/1169 2327/713/2696 2328/707/2697
f 2329/714/2698 2330/715/2699 2331/716/2700
f 2329/714/2698 2331/716/2700 2322/710/2690
f 2322/710/2690 2331/716/2700 2332/717/2701
f 2322/710/2690 2332/717/2701 2323/711/2693
f 2323/711/2693 2332/717/2702 2326/712/2695
f 2323/711/2693 2326/712/2695 2325/706/2703
f 2326/712/2704 2333/718/1324 2334/719/1182
f 2326/712/2704 2334/719/1182 2327/713/2705
f 2335/715/2706 2336/720/2707 2337/721/2708
f 2335/715/2706 2337/721/2708 2338/716/2709
f 2338/716/2709 2337/721/2710 2339/722/2711
f 2338/716/2709 2339/722/2711 2340/717/2712
f 2340/717/2712 2339/722/2713 2333/718/1324
f 2340/717/2712 2333/718/1324 2326/712/2695
f 2341/723/1170 2342/724/2714 2343/725/2715
f 2341/723/1170 2343/725/2715 2344/726/2716
f 2344/726/2716 2343/725/2715 2345/727/2717
f 2344/726/2716 2345/727/2717 2346/728/2718
f 2347/729/1198 2348/730/1199 2349/731/1200
f 2347/729/1198 2349/731/1200 2350/732/1201
f 2350/732/1201 2349/731/1200 2342/724/2714
f 2350/732/1201 2342/724/2714 2341/723/1170
f 2351/724/2719 2352/733/2720 2353/734/2721
f 2351/724/2719 2353/734/2721 2354/725/2722
f 2355/735/2723 2356/736/2724 2357/737/1208
f 2355/735/2723 2357/737/1208 2348/730/1199
f 2348/730/1199 2357/737/1208 2358/738/1209
f 2348/730/1199 2358/738/1209 2349/731/1210
f 2349/731/1211 2358/738/1209 2352/733/2720
f 2349/731/1211 2352/733/2720 2351/724/2725
f 2352/733/2726 2359/739/1299 2360/740/2727
f 2352/733/2728 2360/740/2727 2353/734/2729
f 2361/736/2730 2362/741/2731 2363/742/2732
f 2361/736/2730 2363/742/2732 2364/737/2733
f 2364/737/2733 2363/742/2734 2365/743/2735
f 2364/737/2733 2365/743/2735 2366/738/2736
f 2366/738/2736 2365/743/2737 2359/739/1299
f 2366/738/2736 2359/739/1299 2352/733/2738
f 2339/722/2713 2367/732/2739 2341/723/1170
f 2339/722/2713 2341/723/2740 2368/718/2741
f 2337/721/2710 2369/729/2742 2367/732/2739
f 2337/721/2710 2367/732/2739 2339/722/2743
f 2370/720/2744 2371/744/2745 2369/729/2742
f 2370/720/2744 2369/729/2742 2337/721/2708
f 2368/718/2741 2341/723/2740 2344/726/2746
f 2368/718/2741 2344/726/2746 2372/719/2747
f 2373/739/1233 2374/745/2748 2375/746/2749
f 2373/739/1233 2375/746/2749 2376/740/2750
f 2377/741/2751 2378/747/2724 2379/748/2752
f 2377/741/2751 2379/748/2752 2363/742/2732
f 2363/742/2734 2379/748/2753 2380/749/2754
f 2363/742/2734 2380/749/2754 2365/743/2755
f 2365/743/2737 2380/749/2754 2374/745/2748
f 2365/743/2737 2374/745/2748 2373/739/1233
f 2374/745/2756 2381/750/2757 2382/751/1245
f 2374/745/2756 2382/751/1245 2375/746/2749
f 2375/746/2749 2382/751/1246 2383/752/2758
f 2375/746/2749 2383/752/2758 2384/753/2759
f 2385/748/2760 2386/754/2761 2387/755/2762
f 2385/748/2760 2387/755/2762 2388/749/2763
f 2388/749/2763 2387/755/2764 2381/750/2757
f 2388/749/2763 2381/750/2757 2374/745/2765
f 2389/750/2766 2390/756/2767 2391/757/2768
f 2389/750/2766 2391/757/2768 2392/751/2697
f 2393/758/2769 2394/759/2770 2395/760/2771
f 2393/758/2769 2395/760/2771 2386/754/2761
f 2386/754/2761 2395/760/2772 2396/761/2739
f 2386/754/2761 2396/761/2739 2387/755/2773
f 2387/755/2764 2396/761/2739 2390/756/2767
f 2387/755/2774 2390/756/2767 2389/750/2775
f 2390/756/2776 2397/762/2777 2398/763/2778
f 2390/756/2776 2398/763/2778 2391/757/2768
f 2399/759/2779 2400/764/2780 2401/765/1269
f 2399/759/2779 2401/765/1269 2402/760/1270
f 2402/760/1270 2401/765/1271 2403/766/1272
f 2402/760/1270 2403/766/1272 2404/761/1273
f 2404/761/1273 2403/766/1272 2397/762/2777
f 2404/761/1273 2397/762/2777 2390/756/2767
f 2405/767/2781 2406/768/2782 2407/769/2783
f 2405/767/2781 2407/769/2783 2408/770/2784
f 2408/770/2784 2407/769/2783 2409/771/2785
f 2408/770/2784 2409/771/2785 2410/772/2786
f 2411/773/2787 2412/774/2788 2413/775/2789
f 2411/773/2787 2413/775/2789 2414/776/2790
f 2414/776/2790 2413/775/2791 2406/768/2782
f 2414/776/2790 2406/768/2782 2405/767/2792
f 2415/768/1297 2416/777/2793 2417/778/2794
f 2415/768/1297 2417/778/2794 2418/769/2795
f 2419/779/2796 2420/780/2797 2421/781/2798
f 2419/779/2796 2421/781/2798 2412/774/2788
f 2412/774/2788 2421/781/2798 2422/782/1226
f 2412/774/2788 2422/782/1226 2413/775/2791
f 2413/775/2789 2422/782/1226 2416/777/2793
f 2413/775/2789 2416/777/2793 2415/768/1297
f 2416/777/2799 2423/783/2800 2424/784/2801
f 2416/777/2799 2424/784/2801 2417/778/2794
f 2425/780/2802 2426/785/2803 2427/786/2804
f 2425/780/2802 2427/786/2804 2428/781/2805
f 2428/781/2805 2427/786/2806 2429/787/2807
f 2428/781/2805 2429/787/2807 2430/782/2808
f 2430/782/2808 2429/787/2809 2423/783/2800
f 2430/782/2808 2423/783/2800 2416/777/2810
f 2403/766/1272 2431/776/1308 2405/767/2781
f 2403/766/1272 2405/767/2781 2432/762/2811
f 2401/765/1271 2433/773/1311 2431/776/1308
f 2401/765/1271 2431/776/1308 2403/766/1312
f 2434/764/2812 2435/788/2813 2433/773/1311
f 2434/764/2812 2433/773/1311 2401/765/1269
f 2432/762/2811 2405/767/2814 2408/770/2784
f 2432/762/2811 2408/770/2784 2436/763/1289
f 2437/789/1316 2438/790/1317 2439/791/1318
f 2437/789/1316 2439/791/1318 2440/792/1319
f 2441/793/2815 2442/794/2816 2443/795/2817
f 2441/793/2815 2443/795/2817 2444/796/2818
f 2444/796/2818 2443/795/1181 2445/797/2819
f 2444/796/2818 2445/797/2819 2446/798/1326
f 2446/798/1326 2445/797/2819 2438/790/1317
f 2446/798/1326 2438/790/1317 2437/789/1316
f 2438/790/1317 2447/799/1327 2448/800/1328
f 2438/790/1329 2448/800/1328 2439/791/1318
f 2439/791/1330 2448/800/1328 2449/801/2820
f 2439/791/1330 2449/801/2820 2450/802/2821
f 2451/795/1333 2452/803/1334 2453/804/1335
f 2451/795/1333 2453/804/1335 2454/797/1336
f 2454/797/1336 2453/804/1335 2447/799/1327
f 2454/797/1336 2447/799/1327 2438/790/1329
f 2455/799/2822 2456/805/2823 2457/806/2824
f 2455/799/2822 2457/806/2824 2458/800/1198
f 2459/807/2825 2460/808/2826 2461/809/1343
f 2459/807/2825 2461/809/1343 2452/803/1334
f 2452/803/1344 2461/809/1345 2462/810/1245
f 2452/803/1334 2462/810/1245 2453/804/1335
f 2453/804/1335 2462/810/1246 2456/805/2823
f 2453/804/1335 2456/805/2823 2455/799/2827
f 2456/805/2828 2463/811/2829 2464/812/2830
f 2456/805/2828 2464/812/2830 2457/806/2831
f 2465/808/2832 2466/813/2833 2467/814/1353
f 2465/808/2832 2467/814/1353 2468/809/2834
f 2468/809/2834 2467/814/1355 2469/815/1356
f 2468/809/2834 2469/815/1356 2470/810/1357
f 2470/810/1357 2469/815/1358 2463/811/2829
f 2470/810/1357 2463/811/2829 2456/805/2835
f 2471/816/2836 2472/817/1361 2473/818/2837
f 2471/816/2836 2473/818/2837 2474/819/2838
f 2474/819/2838 2473/818/2837 2475/820/2839
f 2474/819/2838 2475/820/2839 2476/821/2840
f 2477/822/2841 2478/823/2842 2479/824/2843
f 2477/822/2841 2479/824/2843 2480/825/2844
f 2480/825/2844 2479/824/2843 2472/817/1361
f 2480/825/2844 2472/817/1361 2471/816/2836
f 2481/817/1370 2482/826/1371 2483/827/1372
f 2481/817/1370 2483/827/1372 2484/818/1373
f 2485/828/2845 2486/829/1352 2487/830/1376
f 2485/828/2845 2487/830/1376 2478/823/2842
f 2478/823/2846 2487/830/1377 2488/831/2847
f 2478/823/2842 2488/831/2847 2479/824/2848
f 2479/824/2843 2488/831/2847 2482/826/1371
f 2479/824/2849 2482/826/1371 2481/817/1370
f 2482/826/1381 2489/832/1382 2490/833/1383
f 2482/826/1381 2490/833/1383 2483/827/1384
f 2491/829/2850 2492/834/2851 2493/835/1387
f 2491/829/2850 2493/835/1387 2494/830/1388
f 2494/830/1388 2493/835/1387 2495/836/1389
f 2494/830/1388 2495/836/1389 2496/831/1390
f 2496/831/1390 2495/836/1391 2489/832/1382
f 2496/831/1390 2489/832/1382 2482/826/1371
f 2469/815/1358 2497/825/1392 2471/816/2836
f 2469/815/1358 2471/816/2836 2498/811/2852
f 2467/814/1355 2499/822/1394 2497/825/1392
f 2467/814/1355 2497/825/1392 2469/815/1395
f 2500/813/2853 2501/837/2854 2499/822/1394
f 2500/813/2853 2499/822/1394 2467/814/1398
f 2498/811/2852 2471/816/2836 2474/819/2855
f 2498/811/2852 2474/819/2855 2502/812/1400
f 2503/832/2856 2504/838/2857 2505/839/2858
f 2503/832/2856 2505/839/2858 2506/833/1422
f 2507/834/2859 2508/840/1352 2509/841/1376
f 2507/834/2859 2509/841/1376 2493/835/1387
f 2493/835/1387 2509/841/1377 2510/842/1245
f 2493/835/1387 2510/842/1245 2495/836/1391
f 2495/836/1391 2510/842/1246 2504/838/2857
f 2495/836/1406 2504/838/2857 2503/832/1461
f 2504/838/2860 2511/843/1382 2512/844/2861
f 2504/838/2860 2512/844/2861 2505/839/2858
f 2505/839/2862 2512/844/2863 2513/845/2864
f 2505/839/2862 2513/845/2864 2514/846/2865
f 2515/841/1414 2516/847/1415 2517/848/1416
f 2515/841/1414 2517/848/1416 2518/842/1417
f 2518/842/1417 2517/848/1418 2511/843/1382
f 2518/842/1417 2511/843/1382 2504/838/2857
f 2519/843/2866 2520/849/2867 2521/850/2868
f 2519/843/2866 2521/850/2868 2522/844/1422
f 2523/851/2869 2524/852/2870 2525/853/1425
f 2523/851/2869 2525/853/1425 2516/847/1415
f 2516/847/1415 2525/853/1426 2526/854/1427
f 2516/847/1428 2526/854/1427 2517/848/1418
f 2517/848/1418 2526/854/1429 2520/849/2867
f 2517/848/1430 2520/849/2867 2519/843/1461
f 2520/849/2867 2527/855/1433 2528/856/2871
f 2520/849/2867 2528/856/2871 2521/850/2868
f 2529/852/2872 2530/857/2873 2531/858/2874
f 2529/852/2872 2531/858/2874 2532/853/2875
f 2532/853/2875 2531/858/2876 2533/859/2877
f 2532/853/2875 2533/859/2877 2534/854/1441
f 2534/854/1441 2533/859/2878 2527/855/1433
f 2534/854/1441 2527/855/1433 2520/849/2879
f 2535/860/1442 2536/861/1443 2537/862/2880
f 2535/860/1442 2537/862/2880 2538/863/1445
f 2538/863/1445 2537/862/2880 2539/864/2881
f 2538/863/1445 2539/864/2881 2540/865/2882
f 2541/866/1448 2542/867/2883 2543/868/1450
f 2541/866/1448 2543/868/1450 2544/869/1451
f 2544/869/1451 2543/868/1450 2536/861/1443
f 2544/869/1451 2536/861/1443 2535/860/1442
f 2545/861/2884 2546/870/2885 2547/871/2886
f 2545/861/2884 2547/871/2886 2548/862/1477
f 2549/872/2887 2550/873/2888 2551/874/2889
f 2549/872/2887 2551/874/2889 2542/867/2883
f 2542/867/2890 2551/874/2889 2552/875/2891
f 2542/867/2883 2552/875/2891 2543/868/1450
f 2543/868/1450 2552/875/2891 2546/870/2885
f 2543/868/1460 2546/870/2885 2545/861/2892
f 2546/870/2893 2553/876/2894 2554/877/1383
f 2546/870/2893 2554/877/1383 2547/871/2895
f 2555/873/2896 2556/878/2897 2557/879/1466
f 2555/873/2896 2557/879/1466 2558/874/2898
f 2558/874/2898 2557/879/1468 2559/880/1469
f 2558/874/2898 2559/880/1469 2560/875/1470
f 2560/875/1470 2559/880/1469 2553/876/2894
f 2560/875/1470 2553/876/2894 2546/870/2885
f 2533/859/2877 2561/869/2899 2535/860/1442
f 2533/859/2877 2535/860/1442 2562/855/2900
f 2531/858/2876 2563/866/1473 2561/869/2899
f 2531/858/2876 2561/869/2899 2533/859/2901
f 2564/857/2902 2565/881/2903 2563/866/1473
f 2564/857/2902 2563/866/1473 2531/858/2874
f 2562/855/2900 2535/860/1442 2538/863/1475
f 2562/855/2900 2538/863/1476 2566/856/1477
f 2567/13/2904 2568/14/2905 2569/15/2906
f 2567/13/2904 2569/15/2906 2570/16/2907
f 2571/17/2908 2572/18/2908 2573/19/2909
f 2571/17/2908 2573/19/2909 2574/20/2910
f 2574/20/2910 2573/19/2909 2575/21/2911
f 2574/20/2910 2575/21/2911 2576/22/2912
f 2577/23/80 2578/24/80 2579/25/80
f 2577/23/80 2579/25/80 2580/26/80
f 2581/27/2913 2582/28/2914 2583/29/2915
f 2581/27/2913 2583/29/2915 2584/30/2916
f 2585/31/2917 2586/32/2918 2587/33/2919
f 2585/31/2917 2587/33/2919 2588/34/2920
f 2588/34/2920 2587/33/2919 2589/35/2921
f 2588/34/2920 2589/35/2921 2590/36/2922
f 2591/37/87 2592/38/87 2593/39/2923
f 2591/37/87 2593/39/2923 2594/40/2924
f 2595/41/80 2596/42/80 2597/43/80
f 2595/41/80 2597/43/80 2598/44/80
f 2599/45/2909 2600/46/2925 2601/47/2926
f 2599/45/2909 2601/47/2926 2602/48/2927
f 2600/46/2925 2603/49/73 2604/50/2928
f 2600/46/2925 2604/50/2928 2601/47/2929
f 2605/51/2930 2606/52/2931 2607/53/2932
f 2605/51/2930 2607/53/2932 2608/54/2930
f 2606/52/2931 2599/45/2909 2602/48/2927
f 2606/52/2931 2602/48/2927 2607/53/2932
f 2609/55/80 2610/56/80 2611/57/80
f 2609/55/80 2611/57/80 2612/58/80
f 2613/59/2933 2614/60/2934 2582/28/2914
f 2613/59/2933 2582/28/2914 2581/27/2935
f 2615/61/2936 2616/62/2936 2614/60/2934
f 2615/61/2936 2614/60/2934 2613/59/2933
f 2584/30/2916 2583/29/2915 2617/63/87
f 2584/30/2916 2617/63/87 2618/64/87
f 2619/65/80 2620/66/80 2621/67/80
f 2619/65/80 2621/67/80 2622/68/80
f 2594/40/2924 2593/39/2923 2586/32/2918
f 2594/40/2924 2586/32/2918 2585/31/2937
f 2623/69/2938 2624/70/2939 2625/71/2940
f 2623/69/2938 2625/71/2940 2626/72/2941
f 2627/73/2942 2628/74/73 2629/75/2943
f 2627/73/2942 2629/75/2943 2630/76/2944
f 2630/76/2944 2629/75/2943 2631/77/2945
f 2630/76/2944 2631/77/2945 2632/78/2946
f 2632/78/2946 2631/77/2945 2624/70/2939
f 2632/78/2946 2624/70/2939 2623/69/2947
f 2624/70/2939 2633/79/2948 2634/80/2949
f 2624/70/2939 2634/80/2949 2625/71/2950
f 2625/71/2940 2634/80/2949 2635/81/2951
f 2625/71/2950 2635/81/2951 2636/82/2952
f 2637/75/975 2638/83/2953 2639/84/2954
f 2637/75/975 2639/84/2954 2640/77/2955
f 2640/77/2955 2639/84/2954 2633/79/2948
f 2640/77/2955 2633/79/2948 2624/70/2939
f 2641/79/2956 2642/85/2957 2643/86/2958
f 2641/79/2956 2643/86/2958 2644/80/2959
f 2645/87/2960 2646/88/73 2647/89/2961
f 2645/87/2960 2647/89/2961 2638/83/2953
f 2638/83/2953 2647/89/2961 2648/90/2962
f 2638/83/2953 2648/90/2962 2639/84/2954
f 2639/84/2954 2648/90/2962 2642/85/2957
f 2639/84/2963 2642/85/2957 2641/79/2964
f 2642/85/2957 2649/91/2965 2650/92/128
f 2642/85/2957 2650/92/128 2643/86/2958
f 2651/88/2966 2652/93/2967 2653/94/2968
f 2651/88/2966 2653/94/2968 2654/89/2969
f 2654/89/2969 2653/94/2970 2655/95/2971
f 2654/89/2969 2655/95/2971 2656/90/2972
f 2656/90/2972 2655/95/2971 2649/91/2965
f 2656/90/2972 2649/91/2965 2642/85/2957
f 2576/22/2912 2575/21/2911 2568/14/2905
f 2576/22/2912 2568/14/2905 2567/13/2904
f 2657/536/2973 2658/537/2974 2659/538/902
f 2657/536/2973 2659/538/902 2660/539/2975
f 2660/539/2975 2659/538/902 2661/540/2976
f 2660/539/2975 2661/540/2976 2662/541/2977
f 2663/542/906 2664/543/2978 2665/544/2979
f 2663/542/906 2665/544/2979 2666/545/2980
f 2666/545/2980 2665/544/2979 2658/537/2974
f 2666/545/2980 2658/537/2974 2657/536/2973
f 2667/537/2481 2668/546/2981 2669/547/2982
f 2667/537/2481 2669/547/2982 2670/538/913
f 2671/548/2983 2672/549/73 2673/550/2943
f 2671/548/2983 2673/550/2943 2664/543/2978
f 2664/543/2978 2673/550/2943 2674/551/2945
f 2664/543/2978 2674/551/2945 2665/544/2979
f 2665/544/2979 2674/551/2945 2668/546/2981
f 2665/544/2984 2668/546/2981 2667/537/2481
f 2668/546/2981 2675/552/2985 2676/553/2986
f 2668/546/2981 2676/553/2986 2669/547/2987
f 2677/549/2988 2678/554/2989 2679/555/2990
f 2677/549/2988 2679/555/2990 2680/550/2991
f 2680/550/2991 2679/555/2992 2681/556/2993
f 2680/550/2991 2681/556/2993 2682/551/2994
f 2682/551/2994 2681/556/2993 2675/552/2985
f 2682/551/2994 2675/552/2985 2668/546/2981
f 2655/95/2971 2683/545/2995 2657/536/2996
f 2655/95/2997 2657/536/2973 2684/91/2998
f 2653/94/2970 2685/542/2999 2683/545/2995
f 2653/94/2970 2683/545/2995 2655/95/2997
f 2686/93/3000 2687/557/2426 2685/542/2999
f 2686/93/3000 2685/542/2999 2653/94/2968
f 2684/91/2998 2657/536/2996 2660/539/2975
f 2684/91/2998 2660/539/2975 2688/92/2959
f 2689/552/3001 2690/558/3002 2691/559/3003
f 2689/552/3001 2691/559/3003 2692/553/2959
f 2693/554/3004 2694/560/3005 2695/561/3006
f 2693/554/3004 2695/561/3006 2679/555/2990
f 2679/555/2992 2695/561/3007 2696/562/2995
f 2679/555/2992 2696/562/2995 2681/556/2993
f 2681/556/3008 2696/562/2995 2690/558/3002
f 2681/556/3009 2690/558/3002 2689/552/3001
f 2690/558/3010 2697/563/2974 2698/564/945
f 2690/558/3010 2698/564/945 2691/559/3003
f 2691/559/3003 2698/564/945 2699/565/3011
f 2691/559/3003 2699/565/3011 2700/566/3000
f 2701/561/975 2702/567/3012 2703/568/3013
f 2701/561/975 2703/568/3013 2704/562/2980
f 2704/562/2980 2703/568/3013 2697/563/2974
f 2704/562/2980 2697/563/2974 2690/558/3002
f 2705/563/3014 2706/569/3015 2707/570/3016
f 2705/563/3014 2707/570/3016 2708/564/3017
f 2709/571/2942 2710/572/73 2711/573/3018
f 2709/571/2942 2711/573/3018 2702/567/3012
f 2702/567/3012 2711/573/3018 2712/574/2945
f 2702/567/3012 2712/574/2945 2703/568/3013
f 2703/568/3013 2712/574/2945 2706/569/3015
f 2703/568/3019 2706/569/3015 2705/563/2613
f 2706/569/3015 2713/575/3020 2714/576/3021
f 2706/569/3022 2714/576/3021 2707/570/3023
f 2715/572/3024 2716/577/73 2717/578/3025
f 2715/572/3024 2717/578/3025 2718/573/2991
f 2718/573/2991 2717/578/3025 2719/579/3026
f 2718/573/2991 2719/579/3026 2720/574/2955
f 2720/574/2955 2719/579/3026 2713/575/3020
f 2720/574/2955 2713/575/3020 2706/569/3015
f 2721/580/3027 2722/581/3028 2723/582/3029
f 2721/580/3027 2723/582/3029 2724/583/3030
f 2724/583/3030 2723/582/3031 2725/584/3032
f 2724/583/3030 2725/584/3032 2726/585/3033
f 2727/586/3034 2728/587/3035 2729/588/3036
f 2727/586/3034 2729/588/3036 2730/589/3037
f 2730/589/3037 2729/588/3036 2722/581/3028
f 2730/589/3037 2722/581/3028 2721/580/3027
f 2731/581/3038 2732/590/3039 2733/591/3040
f 2731/581/3038 2733/591/3040 2734/592/3041
f 2735/593/3042 2736/594/2426 2737/595/3043
f 2735/593/3042 2737/595/3043 2728/587/3035
f 2728/587/3035 2737/595/3044 2738/596/3045
f 2728/587/3046 2738/596/3045 2729/588/3047
f 2729/588/3047 2738/596/3048 2732/590/3039
f 2729/588/3047 2732/590/3039 2731/581/3038
f 2732/590/3049 2739/597/2974 2740/598/992
f 2732/590/3049 2740/598/992 2733/591/3040
f 2741/594/3050 2742/599/73 2743/600/3051
f 2741/594/3050 2743/600/3051 2744/595/3052
f 2744/595/3052 2743/600/3051 2745/601/3053
f 2744/595/3052 2745/601/3053 2746/596/3054
f 2746/596/3054 2745/601/3053 2739/597/2974
f 2746/596/3054 2739/597/2974 2732/590/3039
f 2719/579/3026 2747/589/3055 2721/580/3027
f 2719/579/3056 2721/580/3057 2748/575/3058
f 2717/578/3025 2749/586/3018 2747/589/3055
f 2717/578/3025 2747/589/3055 2719/579/3059
f 2750/577/3060 2751/602/73 2749/586/3018
f 2750/577/3060 2749/586/3018 2717/578/3061
f 2748/575/3058 2721/580/3027 2724/583/3062
f 2748/575/3058 2724/583/3062 2752/576/913
f 2753/603/3063 2754/604/3064 2755/605/3065
f 2753/603/3063 2755/605/3065 2756/606/1006
f 2757/607/3066 2758/608/87 2759/609/3067
f 2757/607/3066 2759/609/3067 2760/610/3068
f 2760/610/3068 2759/609/3067 2761/611/1011
f 2760/610/3068 2761/611/1011 2762/612/3069
f 2762/612/3069 2761/611/1011 2754/604/3064
f 2762/612/3069 2754/604/3064 2753/603/3063
f 2754/604/3064 2763/613/3070 2764/614/3071
f 2754/604/3064 2764/614/3071 2755/605/3065
f 2755/605/3072 2764/614/3073 2765/615/3074
f 2755/605/3075 2765/615/3074 2766/616/3076
f 2767/609/3077 2768/617/3078 2769/618/3079
f 2767/609/3077 2769/618/3079 2770/611/3080
f 2770/611/3080 2769/618/3079 2763/613/3070
f 2770/611/3080 2763/613/3070 2754/604/3064
f 2771/613/3081 2772/619/3082 2773/620/3083
f 2771/613/3081 2773/620/3083 2774/614/1059
f 2775/621/3084 2776/622/3085 2777/623/2463
f 2775/621/3084 2777/623/2463 2768/617/3078
f 2768/617/3078 2777/623/2463 2778/624/3086
f 2768/617/3078 2778/624/3086 2769/618/3079
f 2769/618/3079 2778/624/3086 2772/619/3082
f 2769/618/3087 2772/619/3082 2771/613/3081
f 2772/619/3082 2779/625/3088 2780/626/1036
f 2772/619/3082 2780/626/1036 2773/620/3083
f 2781/622/3089 2782/627/87 2783/628/3090
f 2781/622/3089 2783/628/3090 2784/623/3091
f 2784/623/3091 2783/628/3090 2785/629/3092
f 2784/623/3091 2785/629/3092 2786/624/3093
f 2786/624/3093 2785/629/3092 2779/625/3088
f 2786/624/3093 2779/625/3088 2772/619/3082
f 2787/630/3094 2788/631/3095 2789/632/3096
f 2787/630/3094 2789/632/3096 2790/633/3072
f 2790/633/3072 2789/632/3097 2791/634/3098
f 2790/633/3072 2791/634/3098 2792/635/3099
f 2793/636/3100 2794/637/3101 2795/638/3102
f 2793/636/3100 2795/638/3102 2796/639/3103
f 2796/639/3103 2795/638/3102 2788/631/3095
f 2796/639/3103 2788/631/3095 2787/630/3094
f 2797/631/3104 2798/640/3105 2799/641/3106
f 2797/631/3104 2799/641/3106 2800/632/1079
f 2801/642/3107 2802/643/3108 2803/644/3109
f 2801/642/3107 2803/644/3109 2794/637/3101
f 2794/637/3101 2803/644/3109 2804/645/1089
f 2794/637/3101 2804/645/1089 2795/638/3102
f 2795/638/3102 2804/645/1089 2798/640/3105
f 2795/638/3110 2798/640/3105 2797/631/3104
f 2798/640/3105 2805/646/3111 2806/647/3112
f 2798/640/3105 2806/647/3112 2799/641/3106
f 2802/643/3108 2807/648/3113 2808/649/3114
f 2802/643/3108 2808/649/3114 2809/644/3115
f 2809/644/3115 2808/649/3116 2810/650/3117
f 2809/644/3115 2810/650/3117 2811/645/3118
f 2811/645/3118 2810/650/3117 2805/646/3111
f 2811/645/3118 2805/646/3111 2798/640/3105
f 2785/629/3092 2812/639/3119 2787/630/3094
f 2785/629/3092 2787/630/3094 2813/625/3120
f 2783/628/3090 2814/636/3121 2812/639/3119
f 2783/628/3090 2812/639/3119 2785/629/3092
f 2815/627/3122 2816/651/87 2814/636/3121
f 2815/627/3122 2814/636/3121 2783/628/3090
f 2813/625/3120 2787/630/3123 2790/633/3124
f 2813/625/3120 2790/633/3124 2817/626/1059
f 2818/646/3125 2819/652/3126 2820/653/3127
f 2818/646/3125 2820/653/3127 2821/647/1059
f 2822/648/3128 2823/654/3129 2824/655/2506
f 2822/648/3128 2824/655/2506 2808/649/3116
f 2808/649/3116 2824/655/2506 2825/656/3130
f 2808/649/3116 2825/656/3130 2810/650/3117
f 2810/650/3117 2825/656/3130 2819/652/3126
f 2810/650/3117 2819/652/3126 2818/646/3125
f 2819/652/3126 2826/657/3131 2827/658/3132
f 2819/652/3126 2827/658/3132 2820/653/3127
f 2820/653/3127 2827/658/3132 2828/659/3133
f 2820/653/3127 2828/659/3133 2829/660/3134
f 2830/655/2634 2831/661/3135 2832/662/3136
f 2830/655/2634 2832/662/3136 2833/656/3137
f 2833/656/3137 2832/662/3136 2826/657/3131
f 2833/656/3137 2826/657/3131 2819/652/3126
f 2834/657/3138 2835/663/3139 2836/664/3140
f 2834/657/3138 2836/664/3140 2837/658/1083
f 2838/665/3141 2839/666/87 2840/667/3121
f 2838/665/3141 2840/667/3121 2831/661/3135
f 2831/661/3135 2840/667/3121 2841/668/2662
f 2831/661/3135 2841/668/2662 2832/662/3142
f 2832/662/3136 2841/668/2662 2835/663/3139
f 2832/662/3136 2835/663/3139 2834/657/3138
f 2835/663/3139 2842/669/3111 2843/670/2642
f 2835/663/3139 2843/670/2642 2836/664/3140
f 2844/666/3143 2845/671/3129 2846/672/3144
f 2844/666/3143 2846/672/3144 2847/667/3145
f 2847/667/3145 2846/672/3146 2848/673/3147
f 2847/667/3145 2848/673/3147 2849/668/3148
f 2849/668/3148 2848/673/3147 2842/669/3111
f 2849/668/3148 2842/669/3111 2835/663/3139
f 2850/674/3149 2851/675/3150 2852/676/3151
f 2850/674/3149 2852/676/3151 2853/677/3152
f 2853/677/3152 2852/676/3151 2854/678/3153
f 2853/677/3152 2854/678/3153 2855/679/3154
f 2856/680/3155 2857/681/3156 2858/682/3157
f 2856/680/3155 2858/682/3157 2859/683/3158
f 2859/683/3158 2858/682/3157 2851/675/3150
f 2859/683/3158 2851/675/3150 2850/674/3159
f 2860/675/3160 2861/684/3161 2862/685/3162
f 2860/675/3160 2862/685/3162 2863/676/3163
f 2864/686/3164 2865/687/87 2866/688/3121
f 2864/686/3164 2866/688/3121 2857/681/3156
f 2857/681/3156 2866/688/3121 2867/689/1139
f 2857/681/3156 2867/689/1139 2858/682/3157
f 2858/682/3157 2867/689/1139 2861/684/3161
f 2858/682/3157 2861/684/3161 2860/675/3160
f 2861/684/3161 2868/690/3165 2869/691/3166
f 2861/684/3161 2869/691/3166 2862/685/3162
f 2870/687/3167 2871/692/87 2872/693/3168
f 2870/687/3167 2872/693/3168 2873/688/3115
f 2873/688/3115 2872/693/3168 2874/694/3169
f 2873/688/3115 2874/694/3169 2875/689/3118
f 2875/689/3118 2874/694/3170 2868/690/3165
f 2875/689/3118 2868/690/3165 2861/684/3161
f 2848/673/3147 2876/683/1139 2850/674/3149
f 2848/673/3147 2850/674/3159 2877/669/3171
f 2846/672/3146 2878/680/3172 2876/683/1139
f 2846/672/3146 2876/683/1139 2848/673/3173
f 2879/671/3174 2880/695/3113 2878/680/3172
f 2879/671/3174 2878/680/3172 2846/672/3146
f 2877/669/3171 2850/674/3159 2853/677/3152
f 2877/669/3171 2853/677/3152 2881/670/3163
f 2882/696/3175 2883/697/3176 2884/698/3177
f 2882/696/3175 2884/698/3177 2885/699/3178
f 2886/700/3179 2887/701/3180 2888/702/3181
f 2886/700/3179 2888/702/3181 2889/703/3182
f 2889/703/3182 2888/702/3181 2890/704/1444
f 2889/703/3182 2890/704/1444 2891/705/3183
f 2891/705/3183 2890/704/1444 2883/697/3176
f 2891/705/3183 2883/697/3176 2882/696/3175
f 2883/697/3176 2892/706/3184 2893/707/3185
f 2883/697/3186 2893/707/3185 2884/698/3177
f 2884/698/3187 2893/707/3188 2894/708/3189
f 2884/698/3187 2894/708/3189 2895/709/3190
f 2896/702/3191 2897/710/3192 2898/711/3193
f 2896/702/3191 2898/711/3193 2899/704/3194
f 2899/704/3194 2898/711/3193 2892/706/3184
f 2899/704/3194 2892/706/3184 2883/697/3195
f 2900/706/3196 2901/712/3197 2902/713/3198
f 2900/706/3196 2902/713/3198 2903/707/3199
f 2904/714/3200 2905/715/3201 2906/716/3202
f 2904/714/3200 2906/716/3202 2897/710/3192
f 2897/710/3192 2906/716/3202 2907/717/3203
f 2897/710/3192 2907/717/3203 2898/711/3204
f 2898/711/3204 2907/717/3203 2901/712/3197
f 2898/711/3204 2901/712/3197 2900/706/3205
f 2901/712/3206 2908/718/3207 2909/719/3208
f 2901/712/3197 2909/719/3208 2902/713/3209
f 2910/715/3210 2911/720/149 2912/721/3211
f 2910/715/3210 2912/721/3211 2913/716/3212
f 2913/716/3212 2912/721/3211 2914/722/3213
f 2913/716/3212 2914/722/3213 2915/717/3214
f 2915/717/3214 2914/722/3213 2908/718/3207
f 2915/717/3214 2908/718/3207 2901/712/3197
f 2916/723/3215 2917/724/3216 2918/725/3217
f 2916/723/3215 2918/725/3217 2919/726/3218
f 2919/726/3218 2918/725/3217 2920/727/3219
f 2919/726/3218 2920/727/3219 2921/728/3220
f 2922/729/3221 2923/730/3222 2924/731/3223
f 2922/729/3221 2924/731/3223 2925/732/3224
f 2925/732/3224 2924/731/3225 2917/724/3216
f 2925/732/3224 2917/724/3216 2916/723/3215
f 2926/724/3226 2927/733/3227 2928/734/3228
f 2926/724/3226 2928/734/3228 2929/725/3229
f 2930/735/3230 2931/736/3231 2932/737/3232
f 2930/735/3230 2932/737/3232 2923/730/3222
f 2923/730/3233 2932/737/3232 2933/738/3234
f 2923/730/3233 2933/738/3234 2924/731/3235
f 2924/731/3223 2933/738/3234 2927/733/3227
f 2924/731/3225 2927/733/3227 2926/724/3226
f 2927/733/3227 2934/739/3236 2935/740/3237
f 2927/733/3227 2935/740/3237 2928/734/3228
f 2936/736/3238 2937/741/149 2938/742/3239
f 2936/736/3238 2938/742/3239 2939/737/3240
f 2939/737/3240 2938/742/3239 2940/743/3241
f 2939/737/3240 2940/743/3241 2941/738/3242
f 2941/738/3242 2940/743/3241 2934/739/3236
f 2941/738/3242 2934/739/3236 2927/733/3243
f 2914/722/3213 2942/732/2861 2916/723/3215
f 2914/722/3213 2916/723/3215 2943/718/3244
f 2912/721/3211 2944/729/3245 2942/732/2861
f 2912/721/3211 2942/732/2861 2914/722/3246
f 2945/720/3247 2946/744/3248 2944/729/3245
f 2945/720/3247 2944/729/3245 2912/721/3211
f 2943/718/3244 2916/723/3215 2919/726/3218
f 2943/718/3244 2919/726/3218 2947/719/3199
f 2948/739/3249 2949/745/3250 2950/746/3251
f 2948/739/3249 2950/746/3251 2951/740/3199
f 2952/741/3252 2953/747/149 2954/748/3253
f 2952/741/3252 2954/748/3253 2938/742/3239
f 2938/742/3239 2954/748/3253 2955/749/3254
f 2938/742/3239 2955/749/3254 2940/743/3255
f 2940/743/3241 2955/749/3254 2949/745/3250
f 2940/743/3241 2949/745/3250 2948/739/3249
f 2949/745/3256 2956/750/3257 2957/751/3258
f 2949/745/3256 2957/751/3258 2950/746/3251
f 2950/746/3251 2957/751/3258 2958/752/3259
f 2950/746/3251 2958/752/3259 2959/753/3260
f 2960/748/3261 2961/754/3262 2962/755/3263
f 2960/748/3261 2962/755/3263 2963/749/3264
f 2963/749/3264 2962/755/3263 2956/750/3257
f 2963/749/3264 2956/750/3257 2949/745/3250
f 2964/750/3265 2965/756/3266 2966/757/3267
f 2964/750/3265 2966/757/3267 2967/751/3268
f 2968/758/3269 2969/759/3270 2970/760/3271
f 2968/758/3269 2970/760/3271 2961/754/3262
f 2961/754/3262 2970/760/3271 2971/761/3272
f 2961/754/3262 2971/761/3272 2962/755/3263
f 2962/755/3263 2971/761/3272 2965/756/3266
f 2962/755/3263 2965/756/3266 2964/750/3273
f 2965/756/3274 2972/762/3275 2973/763/3276
f 2965/756/3266 2973/763/3276 2966/757/3267
f 2974/759/3277 2975/764/3278 2976/765/3279
f 2974/759/3277 2976/765/3279 2977/760/3280
f 2977/760/3280 2976/765/3281 2978/766/3282
f 2977/760/3280 2978/766/3282 2979/761/3264
f 2979/761/3264 2978/766/3282 2972/762/3275
f 2979/761/3264 2972/762/3275 2965/756/3274
f 2980/767/3283 2981/768/3284 2982/769/3217
f 2980/767/3283 2982/769/3217 2983/770/3285
f 2983/770/3285 2982/769/3217 2984/771/3286
f 2983/770/3285 2984/771/3286 2985/772/3287
f 2986/773/3288 2987/774/3289 2988/775/3290
f 2986/773/3288 2988/775/3290 2989/776/3291
f 2989/776/3291 2988/775/3290 2981/768/3284
f 2989/776/3291 2981/768/3284 2980/767/3283
f 2990/768/3292 2991/777/3293 2992/778/3294
f 2990/768/3292 2992/778/3294 2993/769/3199
f 2994/779/3295 2995/780/3296 2996/781/3297
f 2994/779/3295 2996/781/3297 2987/774/3289
f 2987/774/3289 2996/781/3297 2997/782/3298
f 2987/774/3289 2997/782/3298 2988/775/3290
f 2988/775/3290 2997/782/3298 2991/777/3293
f 2988/775/3290 2991/777/3293 2990/768/3292
f 2991/777/3299 2998/783/3284 2999/784/3300
f 2991/777/3299 2999/784/3300 2992/778/3294
f 3000/780/3301 3001/785/149 3002/786/3302
f 3000/780/3301 3002/786/3302 3003/781/3303
f 3003/781/3303 3002/786/3302 3004/787/3304
f 3003/781/3303 3004/787/3304 3005/782/3305
f 3005/782/3305 3004/787/3304 2998/783/3284
f 3005/782/3305 2998/783/3284 2991/777/3293
f 2978/766/3306 3006/776/3307 2980/767/3308
f 2978/766/3306 2980/767/3308 3007/762/3309
f 2976/765/3281 3008/773/3310 3006/776/3307
f 2976/765/3281 3006/776/3307 2978/766/3311
f 3009/764/3312 3010/788/149 3008/773/3310
f 3009/764/3312 3008/773/3310 2976/765/3279
f 3007/762/3309 2980/767/3308 2983/770/3285
f 3007/762/3309 2983/770/3285 3011/763/3313
f 3012/789/3314 3013/790/3315 3014/791/3316
f 3012/789/3314 3014/791/3316 3015/792/3317
f 3016/793/3318 3017/794/3319 3018/795/3320
f 3016/793/3318 3018/795/3320 3019/796/3321
f 3019/796/3321 3018/795/3320 3020/797/3322
f 3019/796/3321 3020/797/3322 3021/798/3323
f 3021/798/3323 3020/797/3322 3013/790/3315
f 3021/798/3323 3013/790/3315 3012/789/3314
f 3013/790/3315 3022/799/3324 3023/800/3325
f 3013/790/3315 3023/800/3325 3014/791/3316
f 3014/791/3316 3023/800/3325 3024/801/3326
f 3014/791/3327 3024/801/3326 3025/802/3328
f 3026/795/3329 3027/803/3330 3028/804/3331
f 3026/795/3329 3028/804/3331 3029/797/3332
f 3029/797/3332 3028/804/3331 3022/799/3324
f 3029/797/3332 3022/799/3324 3013/790/3315
f 3030/799/3333 3031/805/3334 3032/806/3335
f 3030/799/3333 3032/806/3335 3033/800/3336
f 3034/807/3337 3035/808/3338 3036/809/3339
f 3034/807/3337 3036/809/3339 3027/803/3330
f 3027/803/3330 3036/809/3339 3037/810/3340
f 3027/803/3330 3037/810/3340 3028/804/3341
f 3028/804/3341 3037/810/3340 3031/805/3334
f 3028/804/3341 3031/805/3334 3030/799/3342
f 3031/805/3334 3038/811/3343 3039/812/3344
f 3031/805/3334 3039/812/3344 3032/806/3335
f 3040/808/3345 3041/813/3319 3042/814/3346
f 3040/808/3345 3042/814/3346 3043/809/3347
f 3043/809/3347 3042/814/3346 3044/815/3348
f 3043/809/3347 3044/815/3348 3045/810/3349
f 3045/810/3349 3044/815/3348 3038/811/3343
f 3045/810/3349 3038/811/3343 3031/805/3334
f 3046/816/3350 3047/817/3351 3048/818/2861
f 3046/816/3350 3048/818/2861 3049/819/3352
f 3049/819/3352 3048/818/2861 3050/820/3353
f 3049/819/3352 3050/820/3353 3051/821/3354
f 3052/822/3355 3053/823/3356 3054/824/3348
f 3052/822/3355 3054/824/3348 3055/825/3357
f 3055/825/3357 3054/824/3348 3047/817/3351
f 3055/825/3357 3047/817/3351 3046/816/3350
f 3056/817/3358 3057/826/3359 3058/827/3360
f 3056/817/3358 3058/827/3360 3059/818/3361
f 3060/828/3362 3061/829/137 3062/830/3363
f 3060/828/3362 3062/830/3363 3053/823/3356
f 3053/823/3356 3062/830/3363 3063/831/3258
f 3053/823/3356 3063/831/3258 3054/824/3348
f 3054/824/3348 3063/831/3258 3057/826/3359
f 3054/824/3348 3057/826/3359 3056/817/3358
f 3057/826/3359 3064/832/3364 3065/833/3344
f 3057/826/3359 3065/833/3344 3058/827/3360
f 3066/829/3365 3067/834/3366 3068/835/3367
f 3066/829/3365 3068/835/3367 3069/830/3368
f 3069/830/3368 3068/835/3369 3070/836/3370
f 3069/830/3368 3070/836/3370 3071/831/3371
f 3071/831/3371 3070/836/3372 3064/832/3364
f 3071/831/3371 3064/832/3364 3057/826/3359
f 3044/815/3348 3072/825/3258 3046/816/3350
f 3044/815/3348 3046/816/3350 3073/811/3358
f 3042/814/3346 3074/822/3363 3072/825/3258
f 3042/814/3346 3072/825/3258 3044/815/3348
f 3075/813/3373 3076/837/137 3074/822/3363
f 3075/813/3373 3074/822/3363 3042/814/3346
f 3073/811/3358 3046/816/3350 3049/819/3352
f 3073/811/3358 3049/819/3374 3077/812/3361
f 3078/832/3375 3079/838/3376 3080/839/3377
f 3078/832/3375 3080/839/3377 3081/833/3378
f 3082/834/3379 3083/840/137 3084/841/3380
f 3082/834/3379 3084/841/3380 3068/835/3367
f 3068/835/3369 3084/841/3380 3085/842/3258
f 3068/835/3369 3085/842/3258 3070/836/3381
f 3070/836/3370 3085/842/3258 3079/838/3376
f 3070/836/3370 3079/838/3376 3078/832/3375
f 3079/838/3376 3086/843/3382 3087/844/2861
f 3079/838/3376 3087/844/2861 3080/839/3377
f 3080/839/3377 3087/844/2861 3088/845/3383
f 3080/839/3377 3088/845/3383 3089/846/3384
f 3090/841/3355 3091/847/3385 3092/848/3386
f 3090/841/3355 3092/848/3386 3093/842/3387
f 3093/842/3387 3092/848/3386 3086/843/3382
f 3093/842/3387 3086/843/3382 3079/838/3376
f 3094/843/3388 3095/849/3389 3096/850/3360
f 3094/843/3388 3096/850/3360 3097/844/3361
f 3098/851/3390 3099/852/137 3100/853/3380
f 3098/851/3390 3100/853/3380 3091/847/3385
f 3091/847/3385 3100/853/3380 3101/854/3258
f 3091/847/3385 3101/854/3258 3092/848/3386
f 3092/848/3386 3101/854/3258 3095/849/3389
f 3092/848/3391 3095/849/3389 3094/843/3388
f 3095/849/3389 3102/855/3392 3103/856/3344
f 3095/849/3389 3103/856/3344 3096/850/3360
f 3104/852/3393 3105/857/137 3106/858/3394
f 3104/852/3393 3106/858/3394 3107/853/3395
f 3107/853/3395 3106/858/3394 3108/859/3396
f 3107/853/3395 3108/859/3396 3109/854/3397
f 3109/854/3397 3108/859/3396 3102/855/3392
f 3109/854/3397 3102/855/3392 3095/849/3389
f 3110/860/3398 3111/861/3351 3112/862/2861
f 3110/860/3398 3112/862/2861 3113/863/3399
f 3113/863/3399 3112/862/2861 3114/864/3400
f 3113/863/3399 3114/864/3400 3115/865/3401
f 3116/866/3402 3117/867/3403 3118/868/3404
f 3116/866/3402 3118/868/3404 3119/869/3357
f 3119/869/3357 3118/868/3404 3111/861/3351
f 3119/869/3357 3111/861/3351 3110/860/3398
f 3120/861/3405 3121/870/3406 3122/871/3360
f 3120/861/3405 3122/871/3360 3123/862/3361
f 3124/872/3407 3125/873/3408 3126/874/3409
f 3124/872/3407 3126/874/3409 3117/867/3403
f 3117/867/3403 3126/874/3410 3127/875/3411
f 3117/867/3403 3127/875/3411 3118/868/3404
f 3118/868/3404 3127/875/3411 3121/870/3406
f 3118/868/3412 3121/870/3406 3120/861/3413
f 3121/870/3414 3128/876/3351 3129/877/3344
f 3121/870/3414 3129/877/3344 3122/871/3360
f 3130/873/3415 3131/878/3416 3132/879/3417
f 3130/873/3415 3132/879/3417 3133/874/3418
f 3133/874/3418 3132/879/3417 3134/880/3419
f 3133/874/3418 3134/880/3419 3135/875/3357
f 3135/875/3357 3134/880/3419 3128/876/3351
f 3135/875/3357 3128/876/3351 3121/870/3406
f 3108/859/3396 3136/869/3420 3110/860/3421
f 3108/859/3396 3110/860/3421 3137/855/3422
f 3106/858/3394 3138/866/3423 3136/869/3420
f 3106/858/3394 3136/869/3420 3108/859/3424
f 3139/857/3425 3140/881/3426 3138/866/3423
f 3139/857/3425 3138/866/3423 3106/858/3394
f 3137/855/3422 3110/860/3427 3113/863/3399
f 3137/855/3422 3113/863/3399 3141/856/3361
f 3142/882/3428 3143/883/3429 3144/884/3430
f 3142/882/3428 3144/884/3430 3145/885/3431
f 3146/886/3432 3147/887/137 3148/888/3433
f 3146/886/3432 3148/888/3433 3149/889/3434
f 3149/889/3434 3148/888/3433 3150/890/3435
f 3149/889/3434 3150/890/3435 3151/891/3436
f 3151/891/3436 3150/890/3435 3143/883/3429
f 3151/891/3436 3143/883/3429 3142/882/3437
f 3152/892/3438 3153/893/3439 3154/894/3440
f 3152/892/3438 3154/894/3440 3155/895/3441
f 3156/896/3442 3157/897/3443 3153/893/3439
f 3156/896/3442 3153/893/3439 3152/892/3444
f 3158/898/3445 3159/899/3446 3157/897/3443
f 3158/898/3445 3157/897/3443 3156/896/3442
f 3155/895/3441 3154/894/3447 3160/900/3448
f 3155/895/3441 3160/900/3448 3161/901/3449
f 3162/902/3450 3163/892/3451 3155/895/3441
f 3162/902/3450 3155/895/3441 3164/903/3452
f 3165/904/3453 3166/905/3454 3163/892/3451
f 3165/904/3453 3163/892/3451 3162/902/3450
f 3167/906/3455 3168/898/137 3166/905/3454
f 3167/906/3455 3166/905/3454 3165/904/3453
f 3164/903/3452 3155/895/3456 3161/901/3449
f 3164/903/3452 3161/901/3449 3169/907/3457
f 3170/890/3458 3162/902/3450 3171/903/3459
f 3170/890/3458 3171/903/3459 3143/883/3429
f 3172/888/3460 3165/904/3453 3162/902/3450
f 3172/888/3460 3162/902/3450 3170/890/3458
f 3144/884/3461 3173/907/3462 3174/908/3463
f 3144/884/3430 3174/908/3463 3175/909/3464
f 3143/883/3429 3171/903/3459 3173/907/3462
f 3143/883/3429 3173/907/3462 3144/884/3465
f 3176/910/3466 3151/891/3436 3177/882/3467
f 3176/910/3466 3177/882/3467 3178/911/3429
f 3179/912/3468 3149/889/3469 3151/891/3436
f 3179/912/3468 3151/891/3436 3176/910/3466
f 3180/913/3470 3181/886/3446 3149/889/3471
f 3180/913/3470 3149/889/3434 3179/912/3472
f 3178/911/3429 3177/882/3467 3182/885/3473
f 3178/911/3429 3182/885/3473 3183/914/3474
f 3184/915/3475 3185/910/3476 3178/911/3429
f 3184/915/3475 3178/911/3429 3186/916/3428
f 3187/917/3477 3188/912/3478 3185/910/3476
f 3187/917/3477 3185/910/3476 3184/915/3475
f 3189/918/3432 3190/913/137 3188/912/3478
f 3189/918/3432 3188/912/3478 3187/917/3477
f 3186/916/3428 3178/911/3479 3183/914/3474
f 3186/916/3428 3183/914/3480 3191/919/3481
f 3192/920/3482 3184/915/3475 3193/916/3483
f 3192/920/3482 3193/916/3483 3194/921/3484
f 3195/922/3485 3187/917/3477 3184/915/3475
f 3195/922/3485 3184/915/3475 3192/920/3482
f 3196/923/3486 3197/919/3487 3198/924/3488
f 3196/923/3486 3198/924/3488 3199/925/3464
f 3194/921/3484 3193/916/3483 3197/919/3487
f 3194/921/3484 3197/919/3487 3196/923/3486
f 3200/926/3489 3201/920/3490 3194/921/3484
f 3200/926/3489 3194/921/3491 3202/927/3492
f 3203/928/3493 3204/922/3494 3201/920/3490
f 3203/928/3493 3201/920/3490 3200/926/3489
f 3205/929/3495 3206/930/137 3204/922/3494
f 3205/929/3495 3204/922/3494 3203/928/3496
f 3202/927/3492 3194/921/3497 3196/923/3486
f 3202/927/3492 3196/923/3486 3207/931/3498
f 3208/932/3499 3209/933/3500 3210/934/3501
f 3208/932/3499 3210/934/3501 3211/935/3502
f 3212/936/3503 3213/937/137 3214/938/3504
f 3212/936/3503 3214/938/3504 3215/939/3505
f 3215/939/3505 3214/938/3504 3216/940/3506
f 3215/939/3505 3216/940/3506 3217/941/3507
f 3217/941/3507 3216/940/3506 3209/933/3500
f 3217/941/3507 3209/933/3500 3208/932/3499
f 3218/942/3508 3200/926/3489 3219/927/3509
f 3218/942/3508 3219/927/3509 3220/943/3510
f 3221/944/3511 3203/928/3512 3200/926/3489
f 3221/944/3511 3200/926/3489 3218/942/3508
f 3222/945/3445 3223/929/3446 3203/928/3513
f 3222/945/3445 3203/928/3513 3221/944/3511
f 3220/943/3510 3219/927/3509 3224/931/3514
f 3220/943/3510 3224/931/3514 3225/946/3515
f 3226/947/3516 3227/942/3517 3220/943/3510
f 3226/947/3516 3220/943/3510 3228/948/3518
f 3229/949/3519 3230/944/3494 3227/942/3517
f 3229/949/3519 3227/942/3517 3226/947/3516
f 3231/950/3520 3232/945/137 3230/944/3494
f 3231/950/3520 3230/944/3494 3229/949/3519
f 3228/948/3518 3220/943/3521 3225/946/3515
f 3228/948/3518 3225/946/3515 3233/951/3522
f 3234/940/3508 3226/947/3516 3235/948/3523
f 3234/940/3508 3235/948/3523 3209/933/3500
f 3236/938/3524 3229/949/3519 3226/947/3516
f 3236/938/3524 3226/947/3516 3234/940/3508
f 3210/934/3501 3237/951/3525 3238/952/3526
f 3210/934/3527 3238/952/3526 3239/953/3528
f 3209/933/3500 3235/948/3523 3237/951/3525
f 3209/933/3500 3237/951/3525 3210/934/3501
f 3240/954/3508 3217/941/3507 3241/932/3509
f 3240/954/3508 3241/932/3509 3242/955/3529
f 3243/956/3530 3215/939/3505 3217/941/3507
f 3243/956/3530 3217/941/3531 3240/954/3508
f 3244/957/3532 3245/936/3408 3215/939/3533
f 3244/957/3532 3215/939/3533 3243/956/3534
f 3242/955/3529 3241/932/3509 3246/935/3535
f 3242/955/3529 3246/935/3535 3247/958/3536
f 3248/959/3537 3249/954/3538 3242/955/3529
f 3248/959/3537 3242/955/3539 3250/960/3540
f 3251/961/3541 3252/956/3542 3249/954/3538
f 3251/961/3541 3249/954/3538 3248/959/3537
f 3253/962/3503 3254/957/137 3252/956/3542
f 3253/962/3503 3252/956/3542 3251/961/3543
f 3250/960/3540 3242/955/3539 3247/958/3536
f 3250/960/3540 3247/958/3544 3255/963/3522
f 3256/964/3508 3248/959/3537 3257/960/3509
f 3256/964/3508 3257/960/3509 3258/965/3497
f 3259/966/3545 3251/961/3546 3248/959/3537
f 3259/966/3545 3248/959/3547 3256/964/3508
f 3260/967/3548 3261/963/3487 3262/968/3532
f 3260/967/3548 3262/968/3532 3263/969/3549
f 3258/965/3497 3257/960/3509 3261/963/3487
f 3258/965/3497 3261/963/3487 3260/967/3548
f 3264/970/3550 3265/964/3551 3258/965/3497
f 3264/970/3550 3258/965/3552 3266/971/3553
f 3267/972/3554 3268/966/3433 3265/964/3551
f 3267/972/3554 3265/964/3551 3264/970/3550
f 3269/973/3555 3270/974/137 3268/966/3433
f 3269/973/3555 3268/966/3433 3267/972/3554
f 3266/971/3553 3258/965/3552 3260/967/3548
f 3266/971/3553 3260/967/3548 3271/975/3502
f 3272/976/3556 3273/977/3557 3274/978/3558
f 3272/976/3556 3274/978/3558 3275/979/3559
f 3276/980/3560 3277/981/3561 3278/982/3562
f 3276/980/3560 3278/982/3562 3279/983/3563
f 3279/983/3563 3278/982/3562 3280/984/3564
f 3279/983/3563 3280/984/3564 3281/985/3565
f 3281/985/3565 3280/984/3564 3273/977/3557
f 3281/985/3565 3273/977/3557 3272/976/3556
f 3282/986/3566 3283/987/3567 3284/988/3568
f 3282/986/3566 3284/988/3568 3285/989/3569
f 3286/990/3570 3287/991/3571 3283/987/3567
f 3286/990/3570 3283/987/3567 3282/986/3566
f 3288/992/3572 3289/993/149 3287/991/3571
f 3288/992/3572 3287/991/3571 3286/990/3570
f 3285/989/3569 3284/988/3568 3290/994/3573
f 3285/989/3569 3290/994/3573 3291/995/3574
f 3292/996/3575 3293/986/3576 3285/989/3569
f 3292/996/3575 3285/989/3569 3294/997/3577
f 3295/998/3578 3296/990/3579 3293/986/3576
f 3295/998/3578 3293/986/3576 3292/996/3575
f 3297/999/3580 3298/992/3561 3296/990/3579
f 3297/999/3580 3296/990/3579 3295/998/3581
f 3294/997/3577 3285/989/3569 3291/995/3574
f 3294/997/3577 3291/995/3574 3299/1000/3582
f 3300/984/3583 3292/996/3584 3301/997/3585
f 3300/984/3583 3301/997/3585 3273/977/3557
f 3302/982/3586 3295/998/3587 3292/996/3575
f 3302/982/3586 3292/996/3575 3300/984/3583
f 3274/978/3558 3303/1000/3588 3304/1001/3589
f 3274/978/3558 3304/1001/3589 3305/1002/3590
f 3273/977/3557 3301/997/3585 3303/1000/3588
f 3273/977/3557 3303/1000/3588 3274/978/3591
f 3306/1003/3592 3281/985/3565 3307/976/3593
f 3306/1003/3592 3307/976/3593 3308/1004/3594
f 3309/1005/3595 3279/983/3596 3281/985/3597
f 3309/1005/3595 3281/985/3597 3306/1003/3592
f 3310/1006/3598 3311/980/149 3279/983/3563
f 3310/1006/3598 3279/983/3563 3309/1005/3595
f 3308/1004/3594 3307/976/3593 3312/979/3599
f 3308/1004/3594 3312/979/3599 3313/1007/3600
f 3314/1008/3601 3315/1003/3602 3308/1004/3594
f 3314/1008/3601 3308/1004/3594 3316/1009/3603
f 3317/1010/3604 3318/1005/3605 3315/1003/3602
f 3317/1010/3604 3315/1003/3602 3314/1008/3601
f 3319/1011/3560 3320/1006/3561 3318/1005/3605
f 3319/1011/3560 3318/1005/3605 3317/1010/3606
f 3316/1009/3603 3308/1004/3607 3313/1007/3600
f 3316/1009/3603 3313/1007/3608 3321/1012/3609
f 3322/1013/3610 3314/1008/3611 3323/1009/3612
f 3322/1013/3610 3323/1009/3612 3324/1014/3613
f 3325/1015/3614 3317/1010/3615 3314/1008/3601
f 3325/1015/3614 3314/1008/3601 3322/1013/3610
f 3326/1016/3616 3327/1012/3617 3328/1017/3589
f 3326/1016/3616 3328/1017/3589 3329/1018/3590
f 3324/1014/3613 3323/1009/3612 3327/1012/3617
f 3324/1014/3613 3327/1012/3617 3326/1016/3616
f 3330/1019/3618 3331/1013/3619 3324/1014/3613
f 3330/1019/3618 3324/1014/3613 3332/1020/3620
f 3333/1021/3621 3334/1015/3622 3331/1013/3619
f 3333/1021/3621 3331/1013/3619 3330/1019/3618
f 3335/1022/3623 3336/1023/3624 3334/1015/3622
f 3335/1022/3623 3334/1015/3622 3333/1021/3621
f 3332/1020/3620 3324/1014/3613 3326/1016/3616
f 3332/1020/3620 3326/1016/3616 3337/1024/3625
f 3338/1025/3626 3339/1026/3627 3340/1027/3628
f 3338/1025/3626 3340/1027/3628 3341/1028/3629
f 3342/1029/3630 3343/1030/3624 3344/1031/3631
f 3342/1029/3630 3344/1031/3631 3345/1032/3632
f 3345/1032/3632 3344/1031/3631 3346/1033/3633
f 3345/1032/3632 3346/1033/3633 3347/1034/3634
f 3347/1034/3634 3346/1033/3633 3339/1026/3627
f 3347/1034/3634 3339/1026/3627 3338/1025/3626
f 3348/1035/3635 3330/1019/3636 3349/1020/3612
f 3348/1035/3635 3349/1020/3612 3350/1036/3569
f 3351/1037/3637 3333/1021/3638 3330/1019/3618
f 3351/1037/3637 3330/1019/3639 3348/1035/3635
f 3352/1038/3640 3353/1022/149 3333/1021/3621
f 3352/1038/3640 3333/1021/3621 3351/1037/3637
f 3350/1036/3569 3349/1020/3612 3354/1024/3573
f 3350/1036/3569 3354/1024/3573 3355/1039/3641
f 3356/1040/3642 3357/1035/3643 3350/1036/3569
f 3356/1040/3642 3350/1036/3569 3358/1041/3644
f 3359/1042/3645 3360/1037/3622 3357/1035/3643
f 3359/1042/3645 3357/1035/3643 3356/1040/3642
f 3361/1043/3646 3362/1038/3561 3360/1037/3622
f 3361/1043/3646 3360/1037/3622 3359/1042/3647
f 3358/1041/3644 3350/1036/3569 3355/1039/3641
f 3358/1041/3644 3355/1039/3641 3363/1044/3648
f 3364/1033/3649 3356/1040/3650 3365/1041/3651
f 3364/1033/3649 3365/1041/3651 3339/1026/3627
f 3366/1031/3652 3359/1042/3653 3356/1040/3642
f 3366/1031/3652 3356/1040/3642 3364/1033/3649
f 3340/1027/3628 3367/1044/3654 3368/1045/3655
f 3340/1027/3628 3368/1045/3655 3369/1046/3656
f 3339/1026/3627 3365/1041/3651 3367/1044/3654
f 3339/1026/3627 3367/1044/3654 3340/1027/3628
f 3370/1047/3649 3347/1034/3634 3371/1025/3657
f 3370/1047/3649 3371/1025/3657 3372/1048/3658
f 3373/1049/3659 3345/1032/3660 3347/1034/3661
f 3373/1049/3659 3347/1034/3662 3370/1047/3649
f 3374/1050/3663 3375/1029/149 3345/1032/3632
f 3374/1050/3663 3345/1032/3632 3373/1049/3659
f 3372/1048/3658 3371/1025/3657 3376/1028/3664
f 3372/1048/3658 3376/1028/3664 3377/1051/3641
f 3378/1052/3665 3379/1047/3666 3372/1048/3658
f 3378/1052/3665 3372/1048/3658 3380/1053/3667
f 3381/1054/3668 3382/1049/3669 3379/1047/3666
f 3381/1054/3668 3379/1047/3666 3378/1052/3665
f 3383/1055/3670 3384/1050/3671 3382/1049/3669
f 3383/1055/3670 3382/1049/3669 3381/1054/3668
f 3380/1053/3667 3372/1048/3672 3377/1051/3641
f 3380/1053/3667 3377/1051/3641 3385/1056/3648
f 3386/1057/3649 3378/1052/3673 3387/1053/3657
f 3386/1057/3649 3387/1053/3657 3388/1058/3674
f 3389/1059/3675 3381/1054/3668 3378/1052/3665
f 3389/1059/3675 3378/1052/3676 3386/1057/3649
f 3390/1060/3677 3391/1056/3678 3392/1061/3663
f 3390/1060/3677 3392/1061/3663 3393/1062/3679
f 3388/1058/3674 3387/1053/3657 3391/1056/3678
f 3388/1058/3674 3391/1056/3678 3390/1060/3677
f 3394/1063/3680 3395/1057/3681 3388/1058/3674
f 3394/1063/3680 3388/1058/3674 3396/1064/3682
f 3397/1065/3683 3398/1059/3562 3395/1057/3681
f 3397/1065/3683 3395/1057/3681 3394/1063/3680
f 3399/1066/3684 3400/1067/3561 3398/1059/3562
f 3399/1066/3684 3398/1059/3562 3397/1065/3683
f 3396/1064/3682 3388/1058/3674 3390/1060/3677
f 3396/1064/3682 3390/1060/3677 3401/1068/3629
f 3402/1069/3685 3403/1070/3686 3404/1071/3687
f 3402/1069/3685 3404/1071/3687 3405/1072/3688
f 3406/1073/3689 3407/1074/3690 3408/1075/3691
f 3406/1073/3689 3408/1075/3691 3409/1076/3692
f 3409/1076/3692 3408/1075/3691 3410/1077/3693
f 3409/1076/3692 3410/1077/3693 3411/1078/3694
f 3411/1078/3694 3410/1077/3693 3403/1070/3686
f 3411/1078/3694 3403/1070/3686 3402/1069/3685
f 3412/1079/3695 3413/1080/3696 3414/1081/3697
f 3412/1079/3695 3414/1081/3697 3415/1082/3698
f 3416/1083/3699 3417/1084/3700 3413/1080/3696
f 3416/1083/3699 3413/1080/3696 3412/1079/3701
f 3418/1085/3702 3419/1086/3703 3417/1084/3700
f 3418/1085/3702 3417/1084/3700 3416/1083/3699
f 3415/1082/3698 3414/1081/3704 3420/1087/3705
f 3415/1082/3698 3420/1087/3705 3421/1088/3706
f 3422/1089/3707 3423/1079/3708 3415/1082/3698
f 3422/1089/3707 3415/1082/3698 3424/1090/3709
f 3425/1091/3710 3426/1083/3711 3423/1079/3708
f 3425/1091/3710 3423/1079/3708 3422/1089/3707
f 3427/1092/3712 3428/1085/1774 3426/1083/3711
f 3427/1092/3712 3426/1083/3711 3425/1091/3713
f 3424/1090/3709 3415/1082/3714 3421/1088/3706
f 3424/1090/3709 3421/1088/3715 3429/1093/3716
f 3430/1077/3717 3422/1089/3707 3431/1090/3718
f 3430/1077/3717 3431/1090/3718 3403/1070/3686
f 3432/1075/3719 3425/1091/3720 3422/1089/3707
f 3432/1075/3719 3422/1089/3707 3430/1077/3721
f 3404/1071/3687 3433/1093/3722 3434/1094/3723
f 3404/1071/3724 3434/1094/3723 3435/1095/3725
f 3403/1070/3726 3431/1090/3727 3433/1093/3722
f 3403/1070/3726 3433/1093/3722 3404/1071/3724
f 3436/1096/3728 3411/1078/3694 3437/1069/3729
f 3436/1096/3728 3437/1069/3729 3438/1097/3730
f 3439/1098/3731 3409/1076/3692 3411/1078/3694
f 3439/1098/3731 3411/1078/3694 3436/1096/3728
f 3440/1099/3732 3441/1073/1774 3409/1076/3692
f 3440/1099/3732 3409/1076/3733 3439/1098/3731
f 3438/1097/3730 3437/1069/3729 3442/1072/3734
f 3438/1097/3730 3442/1072/3734 3443/1100/3735
f 3444/1101/3736 3445/1096/3693 3438/1097/3730
f 3444/1101/3736 3438/1097/3730 3446/1102/3685
f 3447/1103/3737 3448/1098/3691 3445/1096/3693
f 3447/1103/3737 3445/1096/3693 3444/1101/3736
f 3449/1104/3738 3450/1099/3739 3448/1098/3691
f 3449/1104/3738 3448/1098/3691 3447/1103/3740
f 3446/1102/3685 3438/1097/3741 3443/1100/3735
f 3446/1102/3685 3443/1100/3735 3451/1105/3688
f 3452/1106/3742 3444/1101/3736 3453/1102/3743
f 3452/1106/3742 3453/1102/3743 3454/1107/3744
f 3455/1108/3719 3447/1103/3737 3444/1101/3736
f 3455/1108/3719 3444/1101/3736 3452/1106/3742
f 3456/1109/3745 3457/1105/3746 3458/1110/3747
f 3456/1109/3745 3458/1110/3747 3459/1111/3748
f 3454/1107/3744 3453/1102/3743 3457/1105/3746
f 3454/1107/3744 3457/1105/3746 3456/1109/3745
f 3460/1112/3749 3461/1106/3750 3454/1107/3744
f 3460/1112/3749 3454/1107/3744 3462/1113/3751
f 3463/1114/3752 3464/1108/3691 3461/1106/3750
f 3463/1114/3752 3461/1106/3750 3460/1112/3749
f 3465/1115/3753 3466/1116/1774 3464/1108/3691
f 3465/1115/3753 3464/1108/3691 3463/1114/3752
f 3462/1113/3751 3454/1107/3754 3456/1109/3745
f 3462/1113/3751 3456/1109/3755 3467/1117/3688
f 3468/1118/3756 3469/1119/3757 3470/1120/3758
f 3468/1118/3756 3470/1120/3758 3471/1121/3688
f 3472/1122/3759 3473/1123/1794 3474/1124/3760
f 3472/1122/3759 3474/1124/3760 3475/1125/3761
f 3475/1125/3761 3474/1124/3760 3476/1126/1868
f 3475/1125/3761 3476/1126/1868 3477/1127/3762
f 3477/1127/3762 3476/1126/1868 3469/1119/3757
f 3477/1127/3762 3469/1119/3757 3468/1118/3756
f 3478/1128/3763 3460/1112/3749 3479/1113/3764
f 3478/1128/3763 3479/1113/3764 3480/1129/3765
f 3481/1130/3766 3463/1114/3752 3460/1112/3749
f 3481/1130/3766 3460/1112/3749 3478/1128/3763
f 3482/1131/3767 3483/1115/1774 3463/1114/3752
f 3482/1131/3767 3463/1114/3768 3481/1130/3766
f 3480/1129/3765 3479/1113/3764 3484/1117/3734
f 3480/1129/3765 3484/1117/3734 3485/1132/3769
f 3486/1133/3770 3487/1128/3708 3480/1129/3765
f 3486/1133/3770 3480/1129/3765 3488/1134/3771
f 3489/1135/3772 3490/1130/3773 3487/1128/3708
f 3489/1135/3772 3487/1128/3708 3486/1133/3770
f 3491/1136/3774 3492/1131/3775 3490/1130/3773
f 3491/1136/3774 3490/1130/3773 3489/1135/3772
f 3488/1134/3771 3480/1129/3776 3485/1132/3769
f 3488/1134/3771 3485/1132/3769 3493/1137/3716
f 3494/1126/3777 3486/1133/3770 3495/1134/3778
f 3494/1126/3777 3495/1134/3778 3469/1119/3757
f 3496/1124/3779 3489/1135/3780 3486/1133/3770
f 3496/1124/3779 3486/1133/3770 3494/1126/3777
f 3470/1120/3758 3497/1137/3781 3498/1138/3782
f 3470/1120/3758 3498/1138/3782 3499/1139/3783
f 3469/1119/3757 3495/1134/3778 3497/1137/3781
f 3469/1119/3757 3497/1137/3781 3470/1120/3784
f 3500/1140/3785 3477/1127/3762 3501/1118/3786
f 3500/1140/3785 3501/1118/3786 3502/1141/3787
f 3503/1142/3788 3475/1125/3789 3477/1127/3790
f 3503/1142/3788 3477/1127/3762 3500/1140/3785
f 3504/1143/3791 3505/1122/1774 3475/1125/3761
f 3504/1143/3791 3475/1125/3761 3503/1142/3788
f 3502/1141/3787 3501/1118/3786 3506/1121/3705
f 3502/1141/3787 3506/1121/3705 3507/1144/3706
f 3508/1145/3792 3509/1140/3708 3502/1141/3787
f 3508/1145/3792 3502/1141/3787 3510/1146/3793
f 3511/1147/3794 3512/1142/3795 3509/1140/3708
f 3511/1147/3794 3509/1140/3708 3508/1145/3792
f 3513/1148/3796 3514/1143/1774 3512/1142/3795
f 3513/1148/3796 3512/1142/3795 3511/1147/3794
f 3510/1146/3793 3502/1141/3797 3507/1144/3706
f 3510/1146/3793 3507/1144/3715 3515/1149/3716
f 3516/1150/3695 3508/1145/3792 3517/1146/3697
f 3516/1150/3695 3517/1146/3697 3518/1151/3798
f 3519/1152/3719 3511/1147/3799 3508/1145/3792
f 3519/1152/3719 3508/1145/3792 3516/1150/3701
f 3520/1153/3800 3521/1149/3801 3522/1154/3802
f 3520/1153/3800 3522/1154/3802 3523/1155/3803
f 3518/1151/3798 3517/1146/3704 3521/1149/3801
f 3518/1151/3798 3521/1149/3801 3520/1153/3800
f 3524/1156/3804 3525/1150/3805 3518/1151/3798
f 3524/1156/3804 3518/1151/3798 3526/1157/3806
f 3527/1158/3807 3528/1152/3808 3525/1150/3805
f 3527/1158/3807 3525/1150/3805 3524/1156/3804
f 3529/1159/3809 3530/1160/3810 3528/1152/3808
f 3529/1159/3809 3528/1152/3808 3527/1158/3811
f 3526/1157/3806 3518/1151/3812 3520/1153/3800
f 3526/1157/3806 3520/1153/3800 3531/1161/3813
f 3532/1162/3814 3533/1163/3815 3534/1164/3816
f 3532/1162/3814 3534/1164/3816 3535/1165/3817
f 3536/1166/3818 3537/1167/3819 3538/1168/3820
f 3536/1166/3818 3538/1168/3820 3539/1169/3821
f 3539/1169/3821 3538/1168/3822 3540/1170/3823
f 3539/1169/3821 3540/1170/3823 3541/1171/3824
f 3541/1171/3824 3540/1170/3823 3533/1163/3815
f 3541/1171/3824 3533/1163/3815 3532/1162/3814
f 3542/1172/3825 3543/1173/3826 3544/1174/3827
f 3542/1172/3825 3544/1174/3827 3545/1175/3828
f 3546/1176/3829 3547/1177/3830 3543/1173/3826
f 3546/1176/3829 3543/1173/3826 3542/1172/3825
f 3548/1178/3831 3549/1179/3832 3547/1177/3830
f 3548/1178/3831 3547/1177/3830 3546/1176/3833
f 3545/1175/3828 3544/1174/3827 3550/1180/3834
f 3545/1175/3828 3550/1180/3834 3551/1181/3835
f 3552/1182/3836 3553/1172/3837 3545/1175/3828
f 3552/1182/3836 3545/1175/3828 3554/1183/3838
f 3555/1184/3839 3556/1176/3840 3553/1172/3837
f 3555/1184/3839 3553/1172/3837 3552/1182/3836
f 3557/1185/3841 3558/1178/3842 3556/1176/3840
f 3557/1185/3841 3556/1176/3840 3555/1184/3843
f 3554/1183/3838 3545/1175/3828 3551/1181/3835
f 3554/1183/3838 3551/1181/3835 3559/1186/3844
f 3560/1170/3845 3552/1182/3836 3561/1183/3846
f 3560/1170/3845 3561/1183/3846 3533/1163/3815
f 3562/1168/3847 3555/1184/3848 3552/1182/3836
f 3562/1168/3847 3552/1182/3836 3560/1170/3845
f 3534/1164/3849 3563/1186/3850 3564/1187/3851
f 3534/1164/3849 3564/1187/3851 3565/1188/3852
f 3533/1163/3815 3561/1183/3846 3563/1186/3850
f 3533/1163/3815 3563/1186/3850 3534/1164/3853
f 3566/1189/3854 3541/1171/3824 3567/1162/3855
f 3566/1189/3854 3567/1162/3855 3568/1190/3856
f 3569/1191/3857 3539/1169/3858 3541/1171/3824
f 3569/1191/3857 3541/1171/3824 3566/1189/3854
f 3570/1192/3859 3571/1193/3860 3539/1169/3858
f 3570/1192/3859 3539/1169/3858 3569/1191/3861
f 3568/1190/3856 3567/1162/3855 3572/1165/3862
f 3568/1190/3856 3572/1165/3862 3573/1194/3863
f 3574/1195/3864 3575/1189/3865 3568/1190/3856
f 3574/1195/3864 3568/1190/3856 3576/1196/3814
f 3577/1197/3866 3578/1191/3822 3575/1189/3865
f 3577/1197/3866 3575/1189/3865 3574/1195/3864
f 3579/1198/3867 3580/1192/3868 3578/1191/3822
f 3579/1198/3867 3578/1191/3822 3577/1197/3866
f 3576/1196/3814 3568/1190/3856 3573/1194/3863
f 3576/1196/3814 3573/1194/3863 3581/1199/3817
f 3582/1200/3869 3574/1195/3864 3583/1196/3870
f 3582/1200/3869 3583/1196/3870 3584/1201/3871
f 3585/1202/3872 3577/1197/3873 3574/1195/3864
f 3585/1202/3872 3574/1195/3864 3582/1200/3869
f 3586/1203/3849 3587/1199/3850 3588/1204/3874
f 3586/1203/3849 3588/1204/3874 3589/1205/3875
f 3584/1201/3871 3583/1196/3870 3587/1199/3850
f 3584/1201/3871 3587/1199/3850 3586/1203/3853
f 3590/1206/3826 3591/1200/3865 3584/1201/3871
f 3590/1206/3826 3584/1201/3871 3592/1207/3876
f 3593/1208/3877 3594/1202/3878 3591/1200/3865
f 3593/1208/3877 3591/1200/3865 3590/1206/3826
f 3595/1209/3879 3596/1210/3880 3594/1202/3878
f 3595/1209/3879 3594/1202/3878 3593/1208/3877
f 3592/1207/3876 3584/1201/3871 3586/1203/3853
f 3592/1207/3876 3586/1203/3853 3597/1211/3817
f 3598/1212/3881 3599/1213/3882 3600/1214/3883
f 3598/1212/3881 3600/1214/3883 3601/1215/3817
f 3602/1216/3884 3603/1217/3885 3604/1218/3886
f 3602/1216/3884 3604/1218/3886 3605/1219/3887
f 3605/1219/3887 3604/1218/3888 3606/1220/3823
f 3605/1219/3887 3606/1220/3823 3607/1221/3889
f 3607/1221/3889 3606/1220/3823 3599/1213/3882
f 3607/1221/3889 3599/1213/3882 3598/1212/3881
f 3608/1222/3890 3590/1206/3826 3609/1207/3891
f 3608/1222/3890 3609/1207/3891 3610/1223/3892
f 3611/1224/3893 3593/1208/3894 3590/1206/3826
f 3611/1224/3893 3590/1206/3826 3608/1222/3890
f 3612/1225/3895 3613/1209/3896 3593/1208/3894
f 3612/1225/3895 3593/1208/3894 3611/1224/3897
f 3610/1223/3892 3609/1207/3891 3614/1211/3898
f 3610/1223/3892 3614/1211/3898 3615/1226/3863
f 3616/1227/3899 3617/1222/3823 3610/1223/3892
f 3616/1227/3899 3610/1223/3892 3618/1228/3900
f 3619/1229/3901 3620/1224/3878 3617/1222/3823
f 3619/1229/3901 3617/1222/3823 3616/1227/3899
f 3621/1230/3902 3622/1225/3903 3620/1224/3878
f 3621/1230/3902 3620/1224/3878 3619/1229/3901
f 3618/1228/3900 3610/1223/3904 3615/1226/3863
f 3618/1228/3900 3615/1226/3863 3623/1231/3817
f 3624/1220/3905 3616/1227/3899 3625/1228/3906
f 3624/1220/3905 3625/1228/3906 3599/1213/3882
f 3626/1218/3847 3619/1229/3907 3616/1227/3899
f 3626/1218/3847 3616/1227/3899 3624/1220/3905
f 3600/1214/3908 3627/1231/3909 3628/1232/3910
f 3600/1214/3911 3628/1232/3910 3629/1233/3912
f 3599/1213/3882 3625/1228/3906 3627/1231/3909
f 3599/1213/3882 3627/1231/3909 3600/1214/3913
f 3630/1234/3914 3631/1235/3915 3632/1236/3916
f 3630/1234/3914 3632/1236/3916 3633/1237/3917
f 3634/1238/3845 3607/1221/3889 3635/1212/3846
f 3634/1238/3845 3635/1212/3846 3636/1239/3918
f 3637/1240/3919 3605/1219/3887 3607/1221/3889
f 3637/1240/3919 3607/1221/3889 3634/1238/3845
f 3638/1241/3920 3639/1216/3921 3605/1219/3887
f 3638/1241/3920 3605/1219/3887 3637/1240/3922
f 3636/1239/3918 3635/1212/3846 3640/1215/3862
f 3636/1239/3918 3640/1215/3862 3641/1242/3923
f 3642/1243/3924 3643/1238/3925 3636/1239/3918
f 3642/1243/3924 3636/1239/3926 3644/1244/3927
f 3645/1245/3928 3646/1240/3929 3643/1238/3925
f 3645/1245/3928 3643/1238/3925 3642/1243/3924
f 3647/1246/3930 3648/1241/3931 3646/1240/3929
f 3647/1246/3930 3646/1240/3929 3645/1245/3928
f 3644/1244/3927 3636/1239/3918 3641/1242/3923
f 3644/1244/3927 3641/1242/3923 3649/1247/3844
f 3650/1248/3890 3642/1243/3924 3651/1244/3932
f 3650/1248/3890 3651/1244/3932 3652/1249/3933
f 3653/1250/3847 3645/1245/3928 3642/1243/3924
f 3653/1250/3847 3642/1243/3924 3650/1248/3890
f 3654/1251/3934 3655/1247/3935 3656/1252/3936
f 3654/1251/3934 3656/1252/3936 3657/1253/3937
f 3652/1249/3933 3651/1244/3932 3655/1247/3935
f 3652/1249/3933 3655/1247/3935 3654/1251/3938
f 3658/1254/3939 3659/1248/3925 3652/1249/3933
f 3658/1254/3939 3652/1249/3933 3660/1255/3927
f 3661/1256/3940 3662/1250/3929 3659/1248/3925
f 3661/1256/3940 3659/1248/3925 3658/1254/3939
f 3663/1257/3941 3664/1258/3942 3662/1250/3929
f 3663/1257/3941 3662/1250/3929 3661/1256/3940
f 3660/1255/3927 3652/1249/3933 3654/1251/3938
f 3660/1255/3927 3654/1251/3938 3665/1259/3844
f 3666/1260/3943 3667/1261/3944 3668/1262/3945
f 3666/1260/3943 3668/1262/3945 3669/1263/3946
f 3670/1264/3947 3671/1265/3948 3672/1266/3949
f 3670/1264/3947 3672/1266/3949 3673/1267/3950
f 3674/1268/149 3675/1269/149 3676/1270/3951
f 3674/1268/149 3676/1270/3951 3677/1271/3952
f 3677/1271/3952 3676/1270/3951 3678/1272/3953
f 3677/1271/3952 3678/1272/3953 3679/1273/3954
f 3680/1274/3955 3681/1275/3956 3682/1276/3957
f 3680/1274/3955 3682/1276/3957 3683/1277/3958
f 3684/1278/3959 3680/1274/3955 3683/1277/3958
f 3684/1278/3959 3683/1277/3958 3685/1279/3960
f 3686/1280/3961 3687/1281/3962 3688/1282/2005
f 3686/1280/3961 3688/1282/2005 3689/1283/3963
f 3681/1275/3956 3686/1280/3961 3689/1283/3963
f 3681/1275/3956 3689/1283/3963 3682/1276/3957
f 3690/1284/2007 3691/1285/3964 3667/1261/3944
f 3690/1284/2007 3667/1261/3944 3666/1260/3943
f 3692/1286/165 3693/1287/3965 3694/1288/137
f 3692/1286/165 3694/1288/137 3695/1289/137
f 3669/1263/3946 3668/1262/3966 3693/1287/3965
f 3669/1263/3946 3693/1287/3965 3692/1286/165
f 3679/1273/3954 3678/1272/3953 3671/1265/3948
f 3679/1273/3954 3671/1265/3948 3670/1264/3947
f 3696/1290/3967 3697/1291/3968 3631/1235/3915
f 3696/1290/3967 3631/1235/3915 3630/1234/3914
f 3698/1292/137 3699/1293/137 3697/1291/3968
f 3698/1292/137 3697/1291/3968 3696/1290/3967
f 3633/1237/3917 3632/1236/3916 3700/1294/2005
f 3633/1237/3917 3700/1294/2005 3701/1295/3962
f 3702/1296/3553 3703/1297/3969 3704/1298/3970
f 3702/1296/3553 3704/1298/3970 3705/1299/3971
f 3706/1300/3972 3707/1301/137 3708/1302/3504
f 3706/1300/3972 3708/1302/3504 3709/1303/3973
f 3709/1303/3973 3708/1302/3504 3710/1304/3974
f 3709/1303/3973 3710/1304/3974 3711/1305/3975
f 3711/1305/3975 3710/1304/3974 3703/1297/3969
f 3711/1305/3975 3703/1297/3969 3702/1296/3553
f 3712/1304/3458 3713/1306/3976 3714/1307/3523
f 3712/1304/3458 3714/1307/3523 3703/1297/3969
f 3715/1302/3545 3716/1308/3648 3713/1306/3976
f 3715/1302/3545 3713/1306/3976 3712/1304/3458
f 3704/1298/3977 3717/1309/3978 3718/1310/3445
f 3704/1298/3970 3718/1310/3445 3719/1311/3549
f 3703/1297/3969 3714/1307/3523 3717/1309/3978
f 3703/1297/3969 3717/1309/3978 3704/1298/3977
f 3720/1312/3979 3711/1305/3975 3721/1296/3523
f 3720/1312/3979 3721/1296/3523 3722/1313/3969
f 3723/1314/3980 3709/1303/3981 3711/1305/3975
f 3723/1314/3980 3711/1305/3982 3720/1312/3979
f 3724/1315/3532 3725/1300/3408 3709/1303/3981
f 3724/1315/3532 3709/1303/3981 3723/1314/3983
f 3722/1313/3969 3721/1296/3523 3726/1299/3984
f 3722/1313/3969 3726/1299/3984 3727/1316/3985
f 3728/1317/3986 3729/1312/3987 3722/1313/3969
f 3728/1317/3986 3722/1313/3969 3730/1318/3428
f 3731/1319/3988 3732/1314/3542 3729/1312/3987
f 3731/1319/3988 3729/1312/3987 3728/1317/3986
f 3733/1320/3503 3734/1315/137 3732/1314/3542
f 3733/1320/3503 3732/1314/3542 3731/1319/3988
f 3730/1318/3428 3722/1313/3969 3727/1316/3985
f 3730/1318/3428 3727/1316/3985 3735/1321/3522
f 3736/1322/3989 3728/1317/3986 3737/1318/3509
f 3736/1322/3989 3737/1318/3509 3738/1323/3990
f 3739/1324/3991 3731/1319/3988 3728/1317/3986
f 3739/1324/3991 3728/1317/3986 3736/1322/3989
f 3740/1325/3992 3741/1321/3993 3742/1326/3994
f 3740/1325/3992 3742/1326/3994 3743/1327/3995
f 3738/1323/3990 3737/1318/3509 3741/1321/3993
f 3738/1323/3990 3741/1321/3993 3740/1325/3992
f 3153/893/3439 3744/1322/3996 3738/1323/3990
f 3153/893/3439 3738/1323/3997 3745/894/3998
f 3157/897/3443 3746/1324/3433 3744/1322/3996
f 3157/897/3443 3744/1322/3996 3153/893/3999
f 3747/899/3503 3748/1328/137 3746/1324/3433
f 3747/899/3503 3746/1324/3433 3157/897/3443
f 3745/894/3998 3738/1323/3997 3740/1325/3992
f 3745/894/3998 3740/1325/3992 3749/900/3502
f 3750/1329/4000 3751/1330/4001 3752/1331/4002
f 3750/1329/4000 3752/1331/4002 3753/1332/4003
f 3754/1333/3630 3755/1334/3624 3756/1335/3631
f 3754/1333/3630 3756/1335/3631 3757/1336/4004
f 3757/1336/4004 3756/1335/3631 3758/1337/4005
f 3757/1336/4004 3758/1337/4005 3759/1338/4006
f 3759/1338/4006 3758/1337/4005 3751/1330/4001
f 3759/1338/4006 3751/1330/4001 3750/1329/4000
f 3760/1337/3583 3761/1339/4007 3762/1340/3651
f 3760/1337/3583 3762/1340/3651 3751/1330/4001
f 3763/1335/3675 3764/1341/4008 3761/1339/4007
f 3763/1335/3675 3761/1339/4007 3760/1337/3583
f 3752/1331/4002 3765/1342/4009 3766/1343/3663
f 3752/1331/4002 3766/1343/3663 3767/1344/3679
f 3751/1330/4001 3762/1340/3651 3765/1342/4009
f 3751/1330/4010 3765/1342/4009 3752/1331/4002
f 3768/1345/4011 3759/1338/4006 3769/1329/3651
f 3768/1345/4011 3769/1329/3651 3770/1346/4012
f 3771/1347/4013 3757/1336/4004 3759/1338/4014
f 3771/1347/4013 3759/1338/4015 3768/1345/4011
f 3772/1348/3663 3773/1333/149 3757/1336/4004
f 3772/1348/3663 3757/1336/4004 3771/1347/4013
f 3770/1346/4012 3769/1329/3651 3774/1332/4016
f 3770/1346/4012 3774/1332/4016 3775/1349/4017
f 3776/1350/3662 3777/1345/4018 3770/1346/4012
f 3776/1350/3662 3770/1346/4012 3778/1351/4019
f 3779/1352/4020 3780/1347/3669 3777/1345/4018
f 3779/1352/4020 3777/1345/4018 3776/1350/3662
f 3781/1353/3670 3782/1348/3671 3780/1347/3669
f 3781/1353/3670 3780/1347/3669 3779/1352/4021
f 3778/1351/4019 3770/1346/4001 3775/1349/4017
f 3778/1351/4019 3775/1349/4017 3783/1354/3648
f 3784/1355/4022 3776/1350/4023 3785/1351/3657
f 3784/1355/4022 3785/1351/3657 3786/1356/4024
f 3787/1357/4025 3779/1352/4026 3776/1350/3662
f 3787/1357/4025 3776/1350/3662 3784/1355/4022
f 3788/1358/4027 3789/1354/3506 3790/1359/4028
f 3788/1358/4027 3790/1359/4028 3791/1360/4029
f 3786/1356/4024 3785/1351/3657 3789/1354/3506
f 3786/1356/4024 3789/1354/3506 3788/1358/4027
f 3283/987/3567 3792/1355/4030 3786/1356/4031
f 3283/987/4032 3786/1356/4031 3793/988/4033
f 3287/991/3571 3794/1357/4034 3792/1355/4030
f 3287/991/3571 3792/1355/4030 3283/987/4032
f 3795/993/4035 3796/1361/3561 3794/1357/4034
f 3795/993/4035 3794/1357/4034 3287/991/3571
f 3793/988/4033 3786/1356/4036 3788/1358/4027
f 3793/988/4033 3788/1358/4027 3797/994/3629
f 3798/1362/3793 3799/1363/4037 3800/1364/4038
f 3798/1362/3793 3800/1364/4038 3801/1365/3716
f 3802/1366/4039 3803/1367/2114 3804/1368/4040
f 3802/1366/4039 3804/1368/4040 3805/1369/4041
f 3805/1369/4041 3804/1368/4040 3806/1370/3693
f 3805/1369/4041 3806/1370/3693 3807/1371/4042
f 3807/1371/4042 3806/1370/3693 3799/1363/4037
f 3807/1371/4042 3799/1363/4037 3798/1362/3793
f 3808/1370/3763 3809/1372/4043 3810/1373/3764
f 3808/1370/3763 3810/1373/3764 3799/1363/4037
f 3811/1368/3719 3812/1374/4044 3809/1372/4043
f 3811/1368/3719 3809/1372/4043 3808/1370/3763
f 3800/1364/4038 3813/1375/3722 3814/1376/4045
f 3800/1364/4038 3814/1376/4045 3815/1377/4046
f 3799/1363/4037 3810/1373/3764 3813/1375/3722
f 3799/1363/4037 3813/1375/3722 3800/1364/4038
f 3816/1378/4047 3807/1371/4042 3817/1362/4048
f 3816/1378/4047 3817/1362/4048 3818/1379/4049
f 3819/1380/4050 3805/1369/4041 3807/1371/4051
f 3819/1380/4050 3807/1371/4051 3816/1378/4047
f 3820/1381/4052 3821/1366/1774 3805/1369/4041
f 3820/1381/4052 3805/1369/4053 3819/1380/4050
f 3818/1379/4049 3817/1362/4048 3822/1365/3734
f 3818/1379/4049 3822/1365/3734 3823/1382/3735
f 3824/1383/3792 3825/1378/1868 3818/1379/4049
f 3824/1383/3792 3818/1379/4049 3826/1384/4054
f 3827/1385/4055 3828/1380/3760 3825/1378/1868
f 3827/1385/4055 3825/1378/1868 3824/1383/3792
f 3829/1386/4056 3830/1381/4057 3828/1380/3760
f 3829/1386/4056 3828/1380/3760 3827/1385/4055
f 3826/1384/4054 3818/1379/4058 3823/1382/3735
f 3826/1384/4054 3823/1382/3735 3831/1387/3688
f 3832/1388/4059 3824/1383/3792 3833/1384/4060
f 3832/1388/4059 3833/1384/4060 3834/1389/4061
f 3835/1390/3719 3827/1385/4062 3824/1383/3792
f 3835/1390/3719 3824/1383/3792 3832/1388/4059
f 3836/1391/4063 3837/1387/3781 3838/1392/4064
f 3836/1391/4063 3838/1392/4064 3839/1393/4065
f 3834/1389/4061 3833/1384/4060 3837/1387/3781
f 3834/1389/4061 3837/1387/3781 3836/1391/4063
f 3413/1080/3696 3840/1388/3708 3834/1389/4061
f 3413/1080/3696 3834/1389/4061 3841/1081/4066
f 3417/1084/4067 3842/1390/4068 3840/1388/3708
f 3417/1084/4067 3840/1388/3708 3413/1080/3696
f 3843/1086/4069 3844/1394/4070 3842/1390/4068
f 3843/1086/4069 3842/1390/4068 3417/1084/4067
f 3841/1081/4066 3834/1389/4071 3836/1391/4063
f 3841/1081/4066 3836/1391/4063 3845/1087/3813
f 3671/1265/3948 3846/1395/4072 3847/1396/1774
f 3671/1265/3948 3847/1396/1774 3672/1266/3949
f 3675/1269/149 3848/1397/149 3849/1398/4073
f 3675/1269/149 3849/1398/4073 3676/1270/3951
f 3676/1270/3951 3849/1398/4073 3850/1399/4074
f 3676/1270/3951 3850/1399/4074 3678/1272/3953
f 3678/1272/3953 3850/1399/4074 3846/1395/4072
f 3678/1272/3953 3846/1395/4072 3671/1265/3948
f 3683/1277/3958 3682/1276/3957 3851/1400/2130
f 3683/1277/3958 3851/1400/2130 3852/1401/4075
f 3685/1279/3960 3683/1277/3958 3852/1401/4075
f 3685/1279/3960 3852/1401/4075 3853/1402/149
f 3689/1283/3963 3688/1282/2005 3854/1403/80
f 3689/1283/3963 3854/1403/80 3855/1404/2133
f 3682/1276/3957 3689/1283/3963 3855/1404/2133
f 3682/1276/3957 3855/1404/2133 3851/1400/2130
f 3631/1235/3915 3856/1405/4076 3857/1406/4077
f 3631/1235/3915 3857/1406/4077 3632/1236/3916
f 3697/1291/3968 3858/1407/4078 3856/1405/4076
f 3697/1291/3968 3856/1405/4076 3631/1235/3915
f 3699/1293/137 3859/1408/137 3858/1407/4078
f 3699/1293/137 3858/1407/4079 3697/1291/3968
f 3632/1236/3916 3857/1406/4080 3860/1409/80
f 3632/1236/3916 3860/1409/80 3700/1294/2005
f 3861/1410/4081 3862/1411/4082 3863/1412/4083
f 3861/1410/4081 3863/1412/4083 3864/1413/3817
f 3865/1414/4084 3866/1415/3842 3867/1416/4085
f 3865/1414/4084 3867/1416/4085 3868/1417/4086
f 3868/1417/4086 3867/1416/4087 3869/1418/3823
f 3868/1417/4086 3869/1418/3823 3870/1419/4088
f 3870/1419/4088 3869/1418/3823 3862/1411/4082
f 3870/1419/4088 3862/1411/4082 3861/1410/4081
f 3667/1261/3944 3871/1420/4089 3872/1421/4090
f 3667/1261/3944 3872/1421/4090 3668/1262/4091
f 3691/1285/3964 3873/1422/1774 3871/1420/4089
f 3691/1285/3964 3871/1420/4089 3667/1261/3944
f 3693/1287/3965 3874/1423/4092 3875/1424/137
f 3693/1287/3965 3875/1424/137 3694/1288/137
f 3668/1262/4091 3872/1421/4090 3874/1423/4092
f 3668/1262/4091 3874/1423/4092 3693/1287/3965
f 3876/1418/3890 3877/1425/4093 3878/1426/3932
f 3876/1418/3890 3878/1426/3932 3862/1411/4082
f 3879/1427/3847 3880/1428/4094 3877/1425/4093
f 3879/1427/3847 3877/1425/4093 3876/1418/3890
f 3863/1412/4095 3881/1429/3850 3882/1430/4096
f 3863/1412/4095 3882/1430/4096 3883/1431/4097
f 3862/1411/4082 3878/1426/3932 3881/1429/3850
f 3862/1411/4082 3881/1429/3850 3863/1412/4098
f 3884/1432/4099 3870/1419/4088 3885/1410/4100
f 3884/1432/4099 3885/1410/4100 3886/1433/4101
f 3887/1434/4102 3868/1417/4103 3870/1419/4088
f 3887/1434/4102 3870/1419/4088 3884/1432/4099
f 3888/1435/4104 3889/1414/4105 3868/1417/4103
f 3888/1435/4104 3868/1417/4103 3887/1434/4106
f 3886/1433/4101 3885/1410/4100 3890/1436/3862
f 3886/1433/4101 3890/1436/3862 3891/1437/3863
f 3892/1438/3889 3893/1432/3823 3886/1433/4101
f 3892/1438/3889 3886/1433/4101 3894/1439/4107
f 3895/1440/4108 3896/1434/4087 3893/1432/3823
f 3895/1440/4108 3893/1432/3823 3892/1438/3889
f 3897/1441/4109 3898/1435/3842 3896/1434/4087
f 3897/1441/4109 3896/1434/4087 3895/1440/4108
f 3894/1439/4107 3886/1433/4101 3891/1437/3863
f 3894/1439/4107 3891/1437/3863 3899/1442/3817
f 3900/1443/3905 3892/1438/3889 3901/1439/4110
f 3900/1443/3905 3901/1439/4110 3902/1444/4111
f 3903/1445/3847 3895/1440/4112 3892/1438/3889
f 3903/1445/3847 3892/1438/3889 3900/1443/3905
f 3904/1446/4113 3905/1442/4114 3906/1447/4115
f 3904/1446/4113 3906/1447/4115 3907/1448/4116
f 3902/1444/4111 3901/1439/4110 3905/1442/4114
f 3902/1444/4111 3905/1442/4114 3904/1446/4117
f 3543/1173/3826 3908/1443/3925 3902/1444/4111
f 3543/1173/3826 3902/1444/4111 3909/1174/3876
f 3547/1177/3830 3910/1445/4118 3908/1443/3925
f 3547/1177/3830 3908/1443/3925 3543/1173/3826
f 3911/1179/4119 3912/1449/4120 3910/1445/4118
f 3911/1179/4119 3910/1445/4118 3547/1177/3830
f 3909/1174/3876 3902/1444/4111 3904/1446/4117
f 3909/1174/3876 3904/1446/4117 3913/1180/3817
f 3914/13/4121 3915/14/4122 3916/15/73
f 3914/13/4121 3916/15/73 3917/16/73
f 3918/17/4123 3919/18/4124 3920/19/4125
f 3918/17/4123 3920/19/4125 3921/20/4126
f 3921/20/4126 3920/19/4125 3922/21/4127
f 3921/20/4126 3922/21/4127 3923/22/4128
f 3924/23/80 3925/24/80 3926/25/80
f 3924/23/80 3926/25/80 3927/26/80
f 3928/27/4129 3929/28/4130 3930/29/4131
f 3928/27/4129 3930/29/4131 3931/30/4132
f 3932/31/4133 3933/32/4134 3934/33/4135
f 3932/31/4133 3934/33/4135 3935/34/4136
f 3935/34/4136 3934/33/4135 3936/35/4137
f 3935/34/4136 3936/35/4137 3937/36/4138
f 3938/37/87 3939/38/87 3940/39/4139
f 3938/37/87 3940/39/4139 3941/40/4140
f 3942/41/80 3943/42/80 3944/43/80
f 3942/41/80 3944/43/80 3945/44/80
f 3946/45/4125 3947/46/4141 3948/47/4142
f 3946/45/4125 3948/47/4142 3949/48/4143
f 3947/46/4141 3950/49/73 3951/50/4144
f 3947/46/4141 3951/50/4144 3948/47/4145
f 3952/51/4146 3953/52/4147 3954/53/4148
f 3952/51/4146 3954/53/4148 3955/54/4149
f 3953/52/4147 3946/45/4125 3949/48/4143
f 3953/52/4147 3949/48/4143 3954/53/4150
f 3956/55/80 3957/56/80 3958/57/80
f 3956/55/80 3958/57/80 3959/58/80
f 3960/59/4151 3961/60/4152 3929/28/4130
f 3960/59/4151 3929/28/4153 3928/27/4129
f 3962/61/4154 3963/62/4155 3961/60/4152
f 3962/61/4154 3961/60/4152 3960/59/4151
f 3931/30/4132 3930/29/4131 3964/63/4156
f 3931/30/4132 3964/63/4156 3965/64/4157
f 3966/65/80 3967/66/80 3968/67/80
f 3966/65/80 3968/67/80 3969/68/80
f 3941/40/4140 3940/39/4139 3933/32/4134
f 3941/40/4140 3933/32/4134 3932/31/4133
f 3970/69/4158 3971/70/4159 3972/71/4160
f 3970/69/4158 3972/71/4160 3973/72/4161
f 3974/73/4162 3975/74/73 3976/75/4163
f 3974/73/4162 3976/75/4163 3977/76/4164
f 3977/76/4164 3976/75/4163 3978/77/2489
f 3977/76/4164 3978/77/2489 3979/78/4165
f 3979/78/4165 3978/77/2489 3971/70/4159
f 3979/78/4165 3971/70/4159 3970/69/4158
f 3971/70/4159 3980/79/4166 3981/80/4167
f 3971/70/4159 3981/80/4167 3972/71/4160
f 3972/71/4160 3981/80/4167 3982/81/4168
f 3972/71/4169 3982/81/4168 3983/82/4170
f 3984/75/4171 3985/83/4172 3986/84/4173
f 3984/75/4171 3986/84/4173 3987/77/4174
f 3987/77/4174 3986/84/4173 3980/79/4166
f 3987/77/4174 3980/79/4166 3971/70/4159
f 3988/79/4175 3989/85/4176 3990/86/4177
f 3988/79/4175 3990/86/4177 3991/80/4178
f 3992/87/4179 3993/88/4180 3994/89/4181
f 3992/87/4179 3994/89/4181 3985/83/4172
f 3985/83/4172 3994/89/4181 3995/90/2489
f 3985/83/4172 3995/90/2489 3986/84/4173
f 3986/84/4173 3995/90/2489 3989/85/4176
f 3986/84/4182 3989/85/4176 3988/79/4175
f 3989/85/4176 3996/91/4183 3997/92/4184
f 3989/85/4176 3997/92/4184 3990/86/4185
f 3998/88/4186 3999/93/73 4000/94/4187
f 3998/88/4186 4000/94/4187 4001/89/4188
f 4001/89/4188 4000/94/4187 4002/95/4189
f 4001/89/4188 4002/95/4189 4003/90/4190
f 4003/90/4190 4002/95/4189 3996/91/4183
f 4003/90/4190 3996/91/4183 3989/85/4176
f 3923/22/4128 3922/21/4127 3915/14/4122
f 3923/22/4128 3915/14/4122 3914/13/4121
f 4004/536/4191 4005/537/4192 4006/538/4193
f 4004/536/4191 4006/538/4193 4007/539/4194
f 4007/539/4194 4006/538/4193 4008/540/4195
f 4007/539/4194 4008/540/4195 4009/541/4196
f 4010/542/4197 4011/543/4198 4012/544/4199
f 4010/542/4197 4012/544/4199 4013/545/4200
f 4013/545/4200 4012/544/4201 4005/537/4192
f 4013/545/4200 4005/537/4192 4004/536/4191
f 4014/537/4158 4015/546/4202 4016/547/4203
f 4014/537/4158 4016/547/4203 4017/538/1095
f 4018/548/4204 4019/549/73 4020/550/4205
f 4018/548/4204 4020/550/4205 4011/543/4198
f 4011/543/4198 4020/550/4205 4021/551/2596
f 4011/543/4198 4021/551/2596 4012/544/4201
f 4012/544/4199 4021/551/2596 4015/546/4202
f 4012/544/4206 4015/546/4202 4014/537/4158
f 4015/546/4202 4022/552/4207 4023/553/4184
f 4015/546/4202 4023/553/4184 4016/547/4203
f 4024/549/4208 4025/554/73 4026/555/4209
f 4024/549/4208 4026/555/4209 4027/550/4210
f 4027/550/4210 4026/555/4209 4028/556/4211
f 4027/550/4210 4028/556/4211 4029/551/4212
f 4029/551/4212 4028/556/4211 4022/552/4207
f 4029/551/4212 4022/552/4207 4015/546/4202
f 4002/95/4213 4030/545/4214 4004/536/4215
f 4002/95/4213 4004/536/4215 4031/91/4216
f 4000/94/4187 4032/542/4217 4030/545/4214
f 4000/94/4187 4030/545/4214 4002/95/4218
f 4033/93/4219 4034/557/2426 4032/542/4217
f 4033/93/4219 4032/542/4217 4000/94/4187
f 4031/91/4216 4004/536/4220 4007/539/4194
f 4031/91/4216 4007/539/4194 4035/92/2475
f 4036/552/4221 4037/558/4222 4038/559/4223
f 4036/552/4221 4038/559/4223 4039/553/4224
f 4040/554/4225 4041/560/3005 4042/561/4226
f 4040/554/4225 4042/561/4226 4026/555/4209
f 4026/555/4209 4042/561/4226 4043/562/1091
f 4026/555/4209 4043/562/1091 4028/556/4227
f 4028/556/4227 4043/562/1091 4037/558/4222
f 4028/556/4227 4037/558/4222 4036/552/4221
f 4037/558/4228 4044/563/4229 4045/564/4193
f 4037/558/4228 4045/564/4193 4038/559/4223
f 4038/559/4223 4045/564/4193 4046/565/4230
f 4038/559/4231 4046/565/4230 4047/566/4232
f 4048/561/906 4049/567/4233 4050/568/4234
f 4048/561/906 4050/568/4234 4051/562/4235
f 4051/562/4235 4050/568/4234 4044/563/4229
f 4051/562/4235 4044/563/4229 4037/558/4222
f 4052/563/4236 4053/569/4237 4054/570/4238
f 4052/563/4236 4054/570/4238 4055/564/1020
f 4056/571/4162 4057/572/73 4058/573/4239
f 4056/571/4162 4058/573/4239 4049/567/4233
f 4049/567/4233 4058/573/4239 4059/574/4240
f 4049/567/4233 4059/574/4240 4050/568/4241
f 4050/568/4234 4059/574/4240 4053/569/4237
f 4050/568/4241 4053/569/4237 4052/563/4236
f 4053/569/4237 4060/575/4242 4061/576/4243
f 4053/569/4237 4061/576/4243 4054/570/4238
f 4062/572/4244 4063/577/73 4064/578/4245
f 4062/572/4244 4064/578/4245 4065/573/4210
f 4065/573/4210 4064/578/4245 4066/579/4246
f 4065/573/4210 4066/579/4246 4067/574/4247
f 4067/574/4247 4066/579/4246 4060/575/4242
f 4067/574/4247 4060/575/4242 4053/569/4237
f 4068/580/4248 4069/581/4249 4070/582/4250
f 4068/580/4248 4070/582/4250 4071/583/4251
f 4071/583/4251 4070/582/4250 4072/584/4252
f 4071/583/4251 4072/584/4252 4073/585/4253
f 4074/586/4254 4075/587/4255 4076/588/4256
f 4074/586/4254 4076/588/4256 4077/589/4257
f 4077/589/4257 4076/588/4256 4069/581/4249
f 4077/589/4257 4069/581/4249 4068/580/4258
f 4078/581/4259 4079/590/4260 4080/591/4261
f 4078/581/4259 4080/591/4261 4081/592/4262
f 4082/593/4263 4083/594/2426 4084/595/4264
f 4082/593/4263 4084/595/4264 4075/587/4255
f 4075/587/4255 4084/595/4265 4085/596/4266
f 4075/587/4255 4085/596/4266 4076/588/4267
f 4076/588/4267 4085/596/4268 4079/590/4260
f 4076/588/4267 4079/590/4260 4078/581/4269
f 4079/590/4270 4086/597/4271 4087/598/4272
f 4079/590/4270 4087/598/4272 4080/591/4273
f 4088/594/4274 4089/599/73 4090/600/4275
f 4088/594/4274 4090/600/4275 4091/595/4276
f 4091/595/4276 4090/600/4275 4092/601/4277
f 4091/595/4276 4092/601/4277 4093/596/4235
f 4093/596/4235 4092/601/4277 4086/597/4271
f 4093/596/4235 4086/597/4271 4079/590/4260
f 4066/579/4246 4094/589/4278 4068/580/4248
f 4066/579/4279 4068/580/4248 4095/575/4280
f 4064/578/4245 4096/586/4281 4094/589/4278
f 4064/578/4245 4094/589/4278 4066/579/4282
f 4097/577/4283 4098/602/73 4096/586/4281
f 4097/577/4283 4096/586/4281 4064/578/4284
f 4095/575/4280 4068/580/4285 4071/583/4251
f 4095/575/4280 4071/583/4251 4099/576/4286
f 4100/603/4287 4101/604/4288 4102/605/4289
f 4100/603/4287 4102/605/4289 4103/606/1006
f 4104/607/4290 4105/608/87 4106/609/4291
f 4104/607/4290 4106/609/4291 4107/610/4292
f 4107/610/4292 4106/609/4291 4108/611/1011
f 4107/610/4292 4108/611/1011 4109/612/4293
f 4109/612/4293 4108/611/1011 4101/604/4288
f 4109/612/4293 4101/604/4288 4100/603/4294
f 4101/604/4288 4110/613/4295 4111/614/4296
f 4101/604/4297 4111/614/4296 4102/605/4298
f 4102/605/4299 4111/614/4300 4112/615/4301
f 4102/605/4302 4112/615/4301 4113/616/4303
f 4114/609/3077 4115/617/4304 4116/618/4305
f 4114/609/3077 4116/618/4305 4117/611/4306
f 4117/611/4306 4116/618/4305 4110/613/4295
f 4117/611/4306 4110/613/4295 4101/604/4288
f 4118/613/4307 4119/619/4308 4120/620/3083
f 4118/613/4307 4120/620/3083 4121/614/1059
f 4122/621/4309 4123/622/87 4124/623/4192
f 4122/621/4309 4124/623/4192 4115/617/4304
f 4115/617/4304 4124/623/4192 4125/624/2464
f 4115/617/4304 4125/624/2464 4116/618/4305
f 4116/618/4310 4125/624/2464 4119/619/4308
f 4116/618/4305 4119/619/4308 4118/613/4311
f 4119/619/4312 4126/625/4313 4127/626/1036
f 4119/619/4312 4127/626/1036 4120/620/3083
f 4128/622/4314 4129/627/87 4130/628/4315
f 4128/622/4314 4130/628/4315 4131/623/4316
f 4131/623/4316 4130/628/4315 4132/629/3147
f 4131/623/4316 4132/629/3147 4133/624/1045
f 4133/624/1045 4132/629/3147 4126/625/4313
f 4133/624/1045 4126/625/4313 4119/619/4308
f 4134/630/4317 4135/631/4318 4136/632/1048
f 4134/630/4317 4136/632/1048 4137/633/4302
f 4137/633/4302 4136/632/1050 4138/634/4319
f 4137/633/4302 4138/634/4319 4139/635/4320
f 4140/636/3100 4141/637/4321 4142/638/4322
f 4140/636/3100 4142/638/4322 4143/639/4323
f 4143/639/4323 4142/638/4322 4135/631/4318
f 4143/639/4323 4135/631/4318 4134/630/4317
f 4144/631/4324 4145/640/4325 4146/641/1058
f 4144/631/4324 4146/641/1058 4147/632/1079
f 4148/642/4326 4149/643/4327 4150/644/4328
f 4148/642/4326 4150/644/4328 4141/637/4321
f 4141/637/4321 4150/644/4328 4151/645/1089
f 4141/637/4321 4151/645/1089 4142/638/4322
f 4142/638/4322 4151/645/1089 4145/640/4325
f 4142/638/4322 4145/640/4325 4144/631/4329
f 4145/640/4325 4152/646/4330 4153/647/1067
f 4145/640/4325 4153/647/1067 4146/641/1068
f 4149/643/4327 4154/648/4331 4155/649/4332
f 4149/643/4333 4155/649/4332 4156/644/4334
f 4156/644/4334 4155/649/4335 4157/650/4336
f 4156/644/4334 4157/650/4336 4158/645/4337
f 4158/645/4337 4157/650/4336 4152/646/4330
f 4158/645/4337 4152/646/4330 4145/640/4325
f 4132/629/3147 4159/639/3119 4134/630/4317
f 4132/629/3147 4134/630/4317 4160/625/4338
f 4130/628/4315 4161/636/4207 4159/639/3119
f 4130/628/4315 4159/639/3119 4132/629/3147
f 4162/627/4339 4163/651/87 4161/636/4207
f 4162/627/4339 4161/636/4207 4130/628/4315
f 4160/625/4338 4134/630/4340 4137/633/4289
f 4160/625/4338 4137/633/4289 4164/626/1059
f 4165/646/4341 4166/652/4342 4167/653/4343
f 4165/646/4341 4167/653/4343 4168/647/1059
f 4169/648/4344 4170/654/87 4171/655/4229
f 4169/648/4344 4171/655/4229 4155/649/4332
f 4155/649/4335 4171/655/4229 4172/656/4345
f 4155/649/4335 4172/656/4345 4157/650/4346
f 4157/650/4346 4172/656/4347 4166/652/4342
f 4157/650/4348 4166/652/4342 4165/646/4341
f 4166/652/4349 4173/657/1090 4174/658/3132
f 4166/652/4349 4174/658/3132 4167/653/4343
f 4167/653/4343 4174/658/3132 4175/659/4350
f 4167/653/4351 4175/659/4350 4176/660/4352
f 4177/655/1095 4178/661/4353 4179/662/4354
f 4177/655/1095 4179/662/4354 4180/656/4355
f 4180/656/4355 4179/662/4354 4173/657/1090
f 4180/656/4355 4173/657/1090 4166/652/4342
f 4181/657/4356 4182/663/4357 4183/664/3140
f 4181/657/4356 4183/664/3140 4184/658/1083
f 4185/665/4358 4186/666/87 4187/667/4207
f 4185/665/4358 4187/667/4207 4178/661/4353
f 4178/661/4353 4187/667/4207 4188/668/2662
f 4178/661/4353 4188/668/2662 4179/662/4359
f 4179/662/4354 4188/668/2662 4182/663/4357
f 4179/662/4359 4182/663/4357 4181/657/4360
f 4182/663/4357 4189/669/4330 4190/670/1105
f 4182/663/4357 4190/670/1105 4183/664/3140
f 4191/666/4361 4192/671/4362 4193/672/4363
f 4191/666/4361 4193/672/4363 4194/667/4364
f 4194/667/4364 4193/672/4363 4195/673/4365
f 4194/667/4364 4195/673/4365 4196/668/4366
f 4196/668/4366 4195/673/4365 4189/669/4330
f 4196/668/4366 4189/669/4330 4182/663/4357
f 4197/674/4367 4198/675/1047 4199/676/3151
f 4197/674/4367 4199/676/3151 4200/677/4368
f 4200/677/4368 4199/676/3151 4201/678/4369
f 4200/677/4368 4201/678/4369 4202/679/4370
f 4203/680/4371 4204/681/4372 4205/682/1102
f 4203/680/4371 4205/682/1102 4206/683/1138
f 4206/683/1138 4205/682/1102 4198/675/1047
f 4206/683/1138 4198/675/1047 4197/674/4367
f 4207/675/4373 4208/684/4374 4209/685/3162
f 4207/675/4373 4209/685/3162 4210/676/3163
f 4211/686/4375 4212/687/87 4213/688/4207
f 4211/686/4375 4213/688/4207 4204/681/4372
f 4204/681/4372 4213/688/4207 4214/689/1139
f 4204/681/4372 4214/689/1139 4205/682/1102
f 4205/682/1102 4214/689/1139 4208/684/4374
f 4205/682/1097 4208/684/4374 4207/675/4373
f 4208/684/4374 4215/690/4376 4216/691/3166
f 4208/684/4374 4216/691/3166 4209/685/3162
f 4217/687/4377 4218/692/87 4219/693/4378
f 4217/687/4377 4219/693/4378 4220/688/4334
f 4220/688/4334 4219/693/4378 4221/694/4379
f 4220/688/4334 4221/694/4379 4222/689/4337
f 4222/689/4337 4221/694/4379 4215/690/4376
f 4222/689/4337 4215/690/4376 4208/684/4374
f 4195/673/4380 4223/683/4381 4197/674/4367
f 4195/673/4365 4197/674/4367 4224/669/4382
f 4193/672/4363 4225/680/4383 4223/683/4381
f 4193/672/4363 4223/683/4381 4195/673/4384
f 4226/671/4385 4227/695/87 4225/680/4383
f 4226/671/4385 4225/680/4383 4193/672/4363
f 4224/669/4382 4197/674/4386 4200/677/4368
f 4224/669/4382 4200/677/4368 4228/670/3163
f 4229/696/4387 4230/697/4388 4231/698/4389
f 4229/696/4387 4231/698/4389 4232/699/4390
f 4233/700/4391 4234/701/4392 4235/702/3181
f 4233/700/4391 4235/702/3181 4236/703/4393
f 4236/703/4393 4235/702/3181 4237/704/4394
f 4236/703/4393 4237/704/4394 4238/705/4395
f 4238/705/4395 4237/704/4394 4230/697/4388
f 4238/705/4395 4230/697/4388 4229/696/4387
f 4230/697/4388 4239/706/3184 4240/707/4396
f 4230/697/4388 4240/707/4396 4231/698/4397
f 4231/698/4397 4240/707/4398 4241/708/4399
f 4231/698/4397 4241/708/4399 4242/709/4400
f 4243/702/3191 4244/710/3192 4245/711/3193
f 4243/702/3191 4245/711/3193 4246/704/3194
f 4246/704/3194 4245/711/3193 4239/706/3184
f 4246/704/3194 4239/706/3184 4230/697/4401
f 4247/706/4402 4248/712/4403 4249/713/4404
f 4247/706/4402 4249/713/4404 4250/707/3229
f 4251/714/4405 4252/715/4392 4253/716/3202
f 4251/714/4405 4253/716/3202 4244/710/3192
f 4244/710/3192 4253/716/3202 4254/717/3307
f 4244/710/3192 4254/717/3307 4245/711/3204
f 4245/711/3204 4254/717/3307 4248/712/4403
f 4245/711/3204 4248/712/4403 4247/706/4402
f 4248/712/4403 4255/718/4406 4256/719/4407
f 4248/712/4403 4256/719/4407 4249/713/4408
f 4257/715/4409 4258/720/149 4259/721/3211
f 4257/715/4409 4259/721/3211 4260/716/3212
f 4260/716/3212 4259/721/3211 4261/722/3213
f 4260/716/3212 4261/722/3213 4262/717/3214
f 4262/717/3214 4261/722/3213 4255/718/4406
f 4262/717/3214 4255/718/4406 4248/712/4403
f 4263/723/4410 4264/724/4411 4265/725/4412
f 4263/723/4410 4265/725/4412 4266/726/4413
f 4266/726/4413 4265/725/4412 4267/727/4414
f 4266/726/4413 4267/727/4414 4268/728/4415
f 4269/729/3221 4270/730/4416 4271/731/3223
f 4269/729/3221 4271/731/3223 4272/732/3224
f 4272/732/3224 4271/731/3225 4264/724/4411
f 4272/732/3224 4264/724/4411 4263/723/4410
f 4273/724/3226 4274/733/3227 4275/734/3228
f 4273/724/3226 4275/734/3228 4276/725/3229
f 4277/735/4417 4278/736/4418 4279/737/4419
f 4277/735/4417 4279/737/4419 4270/730/4416
f 4270/730/4416 4279/737/4420 4280/738/4421
f 4270/730/4416 4280/738/4421 4271/731/3235
f 4271/731/3223 4280/738/4421 4274/733/3227
f 4271/731/3225 4274/733/3227 4273/724/3226
f 4274/733/3227 4281/739/3236 4282/740/3237
f 4274/733/3227 4282/740/3237 4275/734/3228
f 4283/736/4422 4284/741/149 4285/742/3239
f 4283/736/4422 4285/742/3239 4286/737/4423
f 4286/737/4423 4285/742/3239 4287/743/4424
f 4286/737/4423 4287/743/4424 4288/738/4425
f 4288/738/4425 4287/743/4426 4281/739/3236
f 4288/738/4425 4281/739/3236 4274/733/3243
f 4261/722/3213 4289/732/2861 4263/723/4410
f 4261/722/3213 4263/723/4410 4290/718/4427
f 4259/721/3211 4291/729/3245 4289/732/2861
f 4259/721/3211 4289/732/2861 4261/722/3246
f 4292/720/4428 4293/744/3248 4291/729/3245
f 4292/720/4428 4291/729/3245 4259/721/3211
f 4290/718/4427 4263/723/4429 4266/726/4413
f 4290/718/4427 4266/726/4413 4294/719/3229
f 4295/739/4430 4296/745/4431 4297/746/4432
f 4295/739/4430 4297/746/4432 4298/740/3229
f 4299/741/4433 4300/747/149 4301/748/3253
f 4299/741/4433 4301/748/3253 4285/742/3239
f 4285/742/3239 4301/748/3253 4302/749/3254
f 4285/742/3239 4302/749/3254 4287/743/4424
f 4287/743/4434 4302/749/3254 4296/745/4431
f 4287/743/4435 4296/745/4431 4295/739/4430
f 4296/745/4431 4303/750/3363 4304/751/4436
f 4296/745/4431 4304/751/4436 4297/746/4432
f 4297/746/4432 4304/751/4436 4305/752/4437
f 4297/746/4438 4305/752/4437 4306/753/4439
f 4307/748/3261 4308/754/3262 4309/755/3263
f 4307/748/3261 4309/755/3263 4310/749/3264
f 4310/749/3264 4309/755/3263 4303/750/3363
f 4310/749/3264 4303/750/3363 4296/745/4431
f 4311/750/4440 4312/756/4441 4313/757/4404
f 4311/750/4440 4313/757/4404 4314/751/4442
f 4315/758/4443 4316/759/3248 4317/760/3271
f 4315/758/4443 4317/760/3271 4308/754/3262
f 4308/754/3262 4317/760/3271 4318/761/3272
f 4308/754/3262 4318/761/3272 4309/755/3263
f 4309/755/3263 4318/761/3272 4312/756/4441
f 4309/755/3263 4312/756/4441 4311/750/4440
f 4312/756/4441 4319/762/4444 4320/763/3237
f 4312/756/4441 4320/763/3237 4313/757/4408
f 4321/759/4445 4322/764/4446 4323/765/3279
f 4321/759/4445 4323/765/3279 4324/760/4447
f 4324/760/4447 4323/765/3281 4325/766/3282
f 4324/760/4447 4325/766/3282 4326/761/4448
f 4326/761/4448 4325/766/3282 4319/762/4444
f 4326/761/4448 4319/762/4444 4312/756/4441
f 4327/767/4449 4328/768/4450 4329/769/4412
f 4327/767/4449 4329/769/4412 4330/770/4451
f 4330/770/4451 4329/769/4412 4331/771/4452
f 4330/770/4451 4331/771/4452 4332/772/4453
f 4333/773/3288 4334/774/3289 4335/775/3290
f 4333/773/3288 4335/775/3290 4336/776/3291
f 4336/776/3291 4335/775/3290 4328/768/4450
f 4336/776/3291 4328/768/4450 4327/767/4449
f 4337/768/4454 4338/777/4455 4339/778/4456
f 4337/768/4454 4339/778/4456 4340/769/3229
f 4341/779/3295 4342/780/3296 4343/781/3297
f 4341/779/3295 4343/781/3297 4334/774/3289
f 4334/774/3289 4343/781/3297 4344/782/3298
f 4334/774/3289 4344/782/3298 4335/775/3290
f 4335/775/3290 4344/782/3298 4338/777/4455
f 4335/775/3290 4338/777/4455 4337/768/4457
f 4338/777/4455 4345/783/4458 4346/784/4459
f 4338/777/4455 4346/784/4459 4339/778/4456
f 4347/780/4460 4348/785/149 4349/786/3302
f 4347/780/4460 4349/786/3302 4350/781/3303
f 4350/781/3303 4349/786/3302 4351/787/3304
f 4350/781/3303 4351/787/3304 4352/782/4461
f 4352/782/4461 4351/787/3304 4345/783/4458
f 4352/782/4461 4345/783/4458 4338/777/4455
f 4325/766/3306 4353/776/3307 4327/767/4449
f 4325/766/3306 4327/767/4449 4354/762/4462
f 4323/765/3281 4355/773/3310 4353/776/3307
f 4323/765/3281 4353/776/3307 4325/766/3311
f 4356/764/4463 4357/788/149 4355/773/3310
f 4356/764/4463 4355/773/3310 4323/765/3279
f 4354/762/4462 4327/767/4464 4330/770/4451
f 4354/762/4462 4330/770/4451 4358/763/3313
f 4359/789/3314 4360/790/3315 4361/791/3316
f 4359/789/3314 4361/791/3316 4362/792/3317
f 4363/793/4465 4364/794/4466 4365/795/4467
f 4363/793/4465 4365/795/4467 4366/796/4468
f 4366/796/4468 4365/795/4469 4367/797/4470
f 4366/796/4468 4367/797/4470 4368/798/3323
f 4368/798/3323 4367/797/4470 4360/790/3315
f 4368/798/3323 4360/790/3315 4359/789/3314
f 4360/790/3315 4369/799/3324 4370/800/3325
f 4360/790/3315 4370/800/3325 4361/791/3316
f 4361/791/3316 4370/800/3325 4371/801/4471
f 4361/791/3327 4371/801/4471 4372/802/4472
f 4373/795/4473 4374/803/4474 4375/804/4475
f 4373/795/4473 4375/804/4475 4376/797/4476
f 4376/797/4476 4375/804/4475 4369/799/3324
f 4376/797/4476 4369/799/3324 4360/790/3315
f 4377/799/4477 4378/805/3334 4379/806/4478
f 4377/799/4477 4379/806/4478 4380/800/4479
f 4381/807/4480 4382/808/4481 4383/809/4482
f 4381/807/4480 4383/809/4482 4374/803/4474
f 4374/803/4474 4383/809/4482 4384/810/4483
f 4374/803/4474 4384/810/4483 4375/804/4484
f 4375/804/4484 4384/810/4483 4378/805/3334
f 4375/804/4485 4378/805/3334 4377/799/4486
f 4378/805/3334 4385/811/3343 4386/812/3344
f 4378/805/3334 4386/812/3344 4379/806/4487
f 4387/808/4488 4388/813/4489 4389/814/4490
f 4387/808/4488 4389/814/4490 4390/809/4491
f 4390/809/4491 4389/814/4490 4391/815/4492
f 4390/809/4491 4391/815/4492 4392/810/4493
f 4392/810/4493 4391/815/4492 4385/811/3343
f 4392/810/4493 4385/811/3343 4378/805/3334
f 4393/816/3350 4394/817/3351 4395/818/2861
f 4393/816/3350 4395/818/2861 4396/819/3352
f 4396/819/3352 4395/818/2861 4397/820/4494
f 4396/819/3352 4397/820/4494 4398/821/4495
f 4399/822/3199 4400/823/4496 4401/824/4492
f 4399/822/3199 4401/824/4492 4402/825/4497
f 4402/825/4497 4401/824/4492 4394/817/3351
f 4402/825/4497 4394/817/3351 4393/816/3350
f 4403/817/3358 4404/826/3359 4405/827/3360
f 4403/817/3358 4405/827/3360 4406/818/3361
f 4407/828/4498 4408/829/137 4409/830/3257
f 4407/828/4498 4409/830/3257 4400/823/4496
f 4400/823/4496 4409/830/3257 4410/831/4499
f 4400/823/4496 4410/831/4499 4401/824/4492
f 4401/824/4492 4410/831/4499 4404/826/3359
f 4401/824/4492 4404/826/3359 4403/817/3358
f 4404/826/3359 4411/832/3364 4412/833/3344
f 4404/826/3359 4412/833/3344 4405/827/3360
f 4413/829/4500 4414/834/4501 4415/835/4502
f 4413/829/4500 4415/835/4502 4416/830/4503
f 4416/830/4503 4415/835/4504 4417/836/4505
f 4416/830/4503 4417/836/4505 4418/831/4506
f 4418/831/4506 4417/836/4507 4411/832/3364
f 4418/831/4506 4411/832/3364 4404/826/3359
f 4391/815/4492 4419/825/4499 4393/816/3350
f 4391/815/4492 4393/816/3350 4420/811/4508
f 4389/814/4490 4421/822/3257 4419/825/4499
f 4389/814/4490 4419/825/4499 4391/815/4492
f 4422/813/4509 4423/837/137 4421/822/3257
f 4422/813/4509 4421/822/3257 4389/814/4490
f 4420/811/4508 4393/816/3350 4396/819/3352
f 4420/811/4508 4396/819/3374 4424/812/3361
f 4425/832/4510 4426/838/3376 4427/839/3377
f 4425/832/4510 4427/839/3377 4428/833/3378
f 4429/834/4511 4430/840/137 4431/841/4512
f 4429/834/4511 4431/841/4512 4415/835/4502
f 4415/835/4504 4431/841/4512 4432/842/4499
f 4415/835/4504 4432/842/4499 4417/836/4513
f 4417/836/4505 4432/842/4499 4426/838/3376
f 4417/836/4505 4426/838/3376 4425/832/4510
f 4426/838/3376 4433/843/3382 4434/844/2861
f 4426/838/3376 4434/844/2861 4427/839/3377
f 4427/839/3377 4434/844/2861 4435/845/4514
f 4427/839/3377 4435/845/4514 4436/846/4515
f 4437/841/3199 4438/847/4516 4439/848/4517
f 4437/841/3199 4439/848/4517 4440/842/4518
f 4440/842/4518 4439/848/4517 4433/843/3382
f 4440/842/4518 4433/843/3382 4426/838/3376
f 4441/843/4519 4442/849/3389 4443/850/3360
f 4441/843/4519 4443/850/3360 4444/844/3361
f 4445/851/4520 4446/852/137 4447/853/4512
f 4445/851/4520 4447/853/4512 4438/847/4516
f 4438/847/4516 4447/853/4512 4448/854/4499
f 4438/847/4516 4448/854/4499 4439/848/4517
f 4439/848/4517 4448/854/4499 4442/849/3389
f 4439/848/4521 4442/849/3389 4441/843/4519
f 4442/849/3389 4449/855/3392 4450/856/3344
f 4442/849/3389 4450/856/3344 4443/850/3360
f 4451/852/4522 4452/857/137 4453/858/4523
f 4451/852/4522 4453/858/4523 4454/853/4524
f 4454/853/4524 4453/858/4523 4455/859/4525
f 4454/853/4524 4455/859/4525 4456/854/4526
f 4456/854/4526 4455/859/4525 4449/855/3392
f 4456/854/4526 4449/855/3392 4442/849/3389
f 4457/860/3398 4458/861/3351 4459/862/2861
f 4457/860/3398 4459/862/2861 4460/863/3399
f 4460/863/3399 4459/862/2861 4461/864/3495
f 4460/863/3399 4461/864/3495 4462/865/4527
f 4463/866/4528 4464/867/4529 4465/868/4530
f 4463/866/4528 4465/868/4530 4466/869/4497
f 4466/869/4497 4465/868/4530 4458/861/3351
f 4466/869/4497 4458/861/3351 4457/860/3398
f 4467/861/4531 4468/870/3406 4469/871/3360
f 4467/861/4531 4469/871/3360 4470/862/3361
f 4471/872/3407 4472/873/3408 4473/874/4532
f 4471/872/3407 4473/874/4532 4464/867/4529
f 4464/867/4529 4473/874/4532 4474/875/4533
f 4464/867/4529 4474/875/4533 4465/868/4530
f 4465/868/4530 4474/875/4533 4468/870/3406
f 4465/868/4530 4468/870/3406 4467/861/4534
f 4468/870/3414 4475/876/4535 4476/877/3344
f 4468/870/3414 4476/877/3344 4469/871/3360
f 4477/873/4536 4478/878/4537 4479/879/3417
f 4477/873/4536 4479/879/3417 4480/874/4538
f 4480/874/4538 4479/879/3417 4481/880/4539
f 4480/874/4538 4481/880/4539 4482/875/4540
f 4482/875/4540 4481/880/4539 4475/876/4535
f 4482/875/4540 4475/876/4535 4468/870/3406
f 4455/859/4541 4483/869/4542 4457/860/3421
f 4455/859/4541 4457/860/3421 4484/855/3422
f 4453/858/4523 4485/866/4543 4483/869/4542
f 4453/858/4523 4483/869/4542 4455/859/4541
f 4486/857/4544 4487/881/4481 4485/866/4543
f 4486/857/4544 4485/866/4543 4453/858/4523
f 4484/855/3422 4457/860/3427 4460/863/3399
f 4484/855/3422 4460/863/3399 4488/856/3361
f 4489/532/4545 4490/533/4546 4491/534/4545
f 4489/532/4545 4491/534/4545 4492/535/4547
f 4493/1550/4548 4494/1551/4549 4495/1552/4550
f 4493/1550/4548 4495/1552/4550 4496/1553/4551
f 4496/1553/4551 4495/1552/4550 4497/1554/4552
f 4496/1553/4551 4497/1554/4552 4498/1555/4553
f 4498/1555/4553 4497/1554/4552 4499/1556/4554
f 4498/1555/4555 4499/1556/4554 4500/1557/4556
f 4494/1551/4549 4493/1550/4548 4501/1558/4557
f 4494/1551/4558 4501/1558/4557 4502/1559/4559
f 4497/1554/4552 4495/1552/4550 4503/1560/4560
f 4497/1554/4552 4503/1560/4560 4504/1561/4561
f 4505/1562/4562 4506/1563/4563 4507/1564/4564
f 4505/1562/4562 4507/1564/4564 4508/1565/4565
f 4509/1566/4566 4510/1567/4567 4506/1563/4563
f 4509/1566/4566 4506/1563/4563 4505/1562/4562
f 4504/1561/4561 4503/1560/4560 4511/1568/4568
f 4504/1561/4561 4511/1568/4568 4512/1569/4569
f 4500/1557/4556 4499/1556/4554 4513/1570/4570
f 4500/1557/4571 4513/1570/4570 4514/1571/4572
f 4515/1572/4573 4516/1573/4574 4517/1574/4573
f 4515/1572/4573 4517/1574/4573 4518/1575/4575
f 4502/1559/4559 4501/1558/4557 4519/1576/4576
f 4502/1559/4559 4519/1576/4576 4520/1577/4577
f 4512/1569/4569 4511/1568/4568 4521/1578/4578
f 4512/1569/4569 4521/1578/4578 4522/1579/4579
f 4514/1571/4572 4513/1570/4580 4523/1580/4581
f 4514/1571/4572 4523/1580/4581 4524/1581/4582
f 4525/532/4583 4526/533/4584 4527/534/4583
f 4525/532/4583 4527/534/4583 4528/535/4585
f 4529/1550/4586 4530/1551/4587 4531/1552/4588
f 4529/1550/4586 4531/1552/4588 4532/1553/4589
f 4532/1553/4589 4531/1552/4588 4533/1554/4590
f 4532/1553/4589 4533/1554/4590 4534/1555/4591
f 4534/1555/4591 4533/1554/4592 4535/1556/4593
f 4534/1555/4591 4535/1556/4593 4536/1557/4594
f 4530/1551/4587 4529/1550/4595 4537/1558/4596
f 4530/1551/4587 4537/1558/4596 4538/1559/4597
f 4533/1554/4592 4531/1552/4588 4539/1560/4598
f 4533/1554/4592 4539/1560/4598 4540/1561/4599
f 4541/1562/4600 4542/1563/4601 4543/1564/4602
f 4541/1562/4600 4543/1564/4602 4544/1565/4603
f 4545/1566/4604 4546/1567/4605 4542/1563/4601
f 4545/1566/4604 4542/1563/4601 4541/1562/4600
f 4540/1561/4599 4539/1560/4606 4547/1568/4607
f 4540/1561/4599 4547/1568/4607 4548/1569/4608
f 4536/1557/4594 4535/1556/4609 4549/1570/4610
f 4536/1557/4594 4549/1570/4610 4550/1571/4611
f 4551/1572/4612 4552/1573/4613 4553/1574/4612
f 4551/1572/4612 4553/1574/4612 4554/1575/4614
f 4538/1559/4597 4537/1558/4615 4555/1576/4616
f 4538/1559/4597 4555/1576/4616 4556/1577/4617
f 4548/1569/4608 4547/1568/4618 4557/1578/4619
f 4548/1569/4608 4557/1578/4619 4558/1579/4620
f 4550/1571/4611 4549/1570/4621 4559/1580/4622
f 4550/1571/4611 4559/1580/4622 4560/1581/4623
f 4561/532/4624 4562/533/4625 4563/534/4624
f 4561/532/4624 4563/534/4624 4564/535/4626
f 4565/1550/4627 4566/1551/4628 4567/1552/4629
f 4565/1550/4627 4567/1552/4629 4568/1553/4630
f 4568/1553/4630 4567/1552/4629 4569/1554/4631
f 4568/1553/4630 4569/1554/4631 4570/1555/4632
f 4570/1555/4632 4569/1554/4631 4571/1556/4633
f 4570/1555/4634 4571/1556/4633 4572/1557/4635
f 4566/1551/4628 4565/1550/4636 4573/1558/4637
f 4566/1551/4628 4573/1558/4637 4574/1559/4638
f 4569/1554/4639 4567/1552/4629 4575/1560/4640
f 4569/1554/4631 4575/1560/4640 4576/1561/4641
f 4577/1562/4642 4578/1563/4643 4579/1564/4644
f 4577/1562/4642 4579/1564/4644 4580/1565/4645
f 4581/1566/4646 4582/1567/4647 4578/1563/4643
f 4581/1566/4646 4578/1563/4643 4577/1562/4648
f 4576/1561/4641 4575/1560/4640 4583/1568/4649
f 4576/1561/4641 4583/1568/4649 4584/1569/4650
f 4572/1557/4635 4571/1556/4633 4585/1570/4651
f 4572/1557/4635 4585/1570/4651 4586/1571/4652
f 4587/1572/4653 4588/1573/4654 4589/1574/4653
f 4587/1572/4653 4589/1574/4653 4590/1575/4655
f 4574/1559/4638 4573/1558/4637 4591/1576/4656
f 4574/1559/4638 4591/1576/4656 4592/1577/4656
f 4584/1569/4650 4583/1568/4649 4593/1578/4657
f 4584/1569/4650 4593/1578/4657 4594/1579/4658
f 4586/1571/4652 4585/1570/4651 4595/1580/4659
f 4586/1571/4652 4595/1580/4659 4596/1581/4660
f 4597/532/4661 4598/533/4662 4599/534/4661
f 4597/532/4661 4599/534/4661 4600/535/4663
f 4601/1550/4664 4602/1551/4665 4603/1552/4666
f 4601/1550/4664 4603/1552/4666 4604/1553/4667
f 4604/1553/4667 4603/1552/4668 4605/1554/4669
f 4604/1553/4667 4605/1554/4669 4606/1555/4670
f 4606/1555/4670 4605/1554/4669 4607/1556/4671
f 4606/1555/4672 4607/1556/4671 4608/1557/4673
f 4602/1551/4665 4601/1550/4674 4609/1558/4675
f 4602/1551/4665 4609/1558/4675 4610/1559/4676
f 4605/1554/4677 4603/1552/4666 4611/1560/4678
f 4605/1554/4669 4611/1560/4678 4612/1561/4679
f 4613/1562/4680 4614/1563/4681 4615/1564/4682
f 4613/1562/4680 4615/1564/4682 4616/1565/4683
f 4617/1566/4684 4618/1567/4685 4614/1563/4681
f 4617/1566/4684 4614/1563/4686 4613/1562/4687
f 4612/1561/4679 4611/1560/4678 4619/1568/4688
f 4612/1561/4679 4619/1568/4688 4620/1569/4689
f 4608/1557/4673 4607/1556/4671 4621/1570/4690
f 4608/1557/4691 4621/1570/4690 4622/1571/4692
f 4623/1572/4693 4624/1573/4694 4625/1574/4693
f 4623/1572/4693 4625/1574/4693 4626/1575/4695
f 4610/1559/4676 4609/1558/4675 4627/1576/4696
f 4610/1559/4676 4627/1576/4696 4628/1577/4697
f 4620/1569/4689 4619/1568/4688 4629/1578/4698
f 4620/1569/4689 4629/1578/4698 4630/1579/4699
f 4622/1571/4692 4621/1570/4700 4631/1580/4701
f 4622/1571/4702 4631/1580/4701 4632/1581/4703
f 4633/532/4704 4634/533/4705 4635/534/4704
f 4633/532/4704 4635/534/4704 4636/535/4706
f 4637/1550/4707 4638/1551/4708 4639/1552/4709
f 4637/1550/4707 4639/1552/4709 4640/1553/4710
f 4640/1553/4710 4639/1552/4709 4641/1554/4711
f 4640/1553/4710 4641/1554/4711 4642/1555/4712
f 4642/1555/4712 4641/1554/4711 4643/1556/4713
f 4642/1555/4712 4643/1556/4713 4644/1557/4714
f 4638/1551/4708 4637/1550/4707 4645/1558/4715
f 4638/1551/4708 4645/1558/4715 4646/1559/4716
f 4641/1554/4717 4639/1552/4709 4647/1560/4718
f 4641/1554/4711 4647/1560/4718 4648/1561/4719
f 4649/1562/4720 4650/1563/4721 4651/1564/4722
f 4649/1562/4720 4651/1564/4722 4652/1565/4723
f 4653/1566/4724 4654/1567/4725 4650/1563/4721
f 4653/1566/4724 4650/1563/4721 4649/1562/4720
f 4648/1561/4719 4647/1560/4718 4655/1568/4726
f 4648/1561/4719 4655/1568/4726 4656/1569/4727
f 4644/1557/4714 4643/1556/4728 4657/1570/4729
f 4644/1557/4714 4657/1570/4729 4658/1571/4730
f 4659/1572/4731 4660/1573/4732 4661/1574/4731
f 4659/1572/4731 4661/1574/4731 4662/1575/4733
f 4646/1559/4716 4645/1558/4734 4663/1576/4735
f 4646/1559/4716 4663/1576/4735 4664/1577/4736
f 4656/1569/4727 4655/1568/4737 4665/1578/4738
f 4656/1569/4727 4665/1578/4738 4666/1579/4739
f 4658/1571/4730 4657/1570/4729 4667/1580/4740
f 4658/1571/4741 4667/1580/4740 4668/1581/4742
f 4669/532/4743 4670/533/4744 4671/534/4743
f 4669/532/4743 4671/534/4743 4672/535/4745
f 4673/1550/4746 4674/1551/4747 4675/1552/4748
f 4673/1550/4746 4675/1552/4748 4676/1553/4749
f 4676/1553/4749 4675/1552/4748 4677/1554/4750
f 4676/1553/4749 4677/1554/4750 4678/1555/4751
f 4678/1555/4751 4677/1554/4752 4679/1556/4753
f 4678/1555/4751 4679/1556/4753 4680/1557/4754
f 4674/1551/4747 4673/1550/4755 4681/1558/4756
f 4674/1551/4747 4681/1558/4756 4682/1559/4757
f 4677/1554/4758 4675/1552/4748 4683/1560/4759
f 4677/1554/4758 4683/1560/4759 4684/1561/4760
f 4685/1562/4761 4686/1563/4762 4687/1564/4763
f 4685/1562/4761 4687/1564/4763 4688/1565/4764
f 4689/1566/4765 4690/1567/4766 4686/1563/4762
f 4689/1566/4765 4686/1563/4767 4685/1562/4761
f 4684/1561/4760 4683/1560/4759 4691/1568/4768
f 4684/1561/4760 4691/1568/4768 4692/1569/4769
f 4680/1557/4754 4679/1556/4770 4693/1570/4771
f 4680/1557/4754 4693/1570/4771 4694/1571/4772
f 4695/1572/4773 4696/1573/4774 4697/1574/4773
f 4695/1572/4773 4697/1574/4773 4698/1575/4775
f 4682/1559/4757 4681/1558/4776 4699/1576/4777
f 4682/1559/4757 4699/1576/4777 4700/1577/4778
f 4692/1569/4769 4691/1568/4779 4701/1578/4780
f 4692/1569/4769 4701/1578/4780 4702/1579/4781
f 4694/1571/4772 4693/1570/4782 4703/1580/4783
f 4694/1571/4772 4703/1580/4783 4704/1581/4783
f 4705/498/4784 4706/499/4785 4707/500/4786
f 4705/498/4784 4707/500/4786 4708/501/4787
f 4709/502/4788 4710/503/4789 4711/504/4790
f 4709/502/4788 4711/504/4790 4712/505/4791
f 4713/506/4792 4714/507/4793 4715/508/4794
f 4713/506/4792 4715/508/4794 4716/509/4795
f 4717/510/4796 4718/511/4797 4714/507/4793
f 4717/510/4796 4714/507/4793 4713/506/4798
f 4719/512/4799 4720/513/4800 4721/514/4801
f 4719/512/4799 4721/514/4801 4722/515/4802
f 4723/516/4803 4724/517/4804 4725/518/4805
f 4723/516/4803 4725/518/4805 4726/519/4806
f 4727/520/4807 4728/521/4808 4729/522/4807
f 4727/520/4807 4729/522/4807 4730/523/4809
f 4712/505/4791 4711/504/4810 4731/524/4811
f 4712/505/4791 4731/524/4811 4732/525/4812
f 4722/515/4802 4721/514/4801 4733/526/4813
f 4722/515/4802 4733/526/4813 4734/527/4814
f 4726/519/4806 4725/518/4805 4735/528/4815
f 4726/519/4806 4735/528/4815 4736/529/4816
f 4737/530/4817 4738/531/4818 4707/500/4819
f 4737/530/4817 4707/500/4786 4706/499/4785
f 4738/531/4818 4737/530/4820 4720/513/4800
f 4738/531/4818 4720/513/4800 4719/512/4799
f 4739/1450/4821 4740/1451/4822 4741/1452/4823
f 4739/1450/4821 4741/1452/4823 4742/1453/4824
f 4743/1454/4825 4744/1455/4826 4745/1456/4827
f 4743/1454/4825 4745/1456/4827 4746/1457/4828
f 4746/1457/4828 4745/1456/4827 4747/1458/4829
f 4746/1457/4828 4747/1458/4829 4748/1459/4830
f 4748/1459/4830 4747/1458/4829 4749/1460/4831
f 4748/1459/4832 4749/1460/4831 4750/1461/4833
f 4750/1461/4833 4749/1460/4831 4751/1462/4834
f 4750/1461/4833 4751/1462/4834 4752/1463/4835
f 4753/1464/4836 4754/1465/4837 4741/1452/4823
f 4753/1464/4836 4741/1452/4823 4740/1451/4822
f 4755/1466/4838 4756/1467/4839 4757/1468/4840
f 4755/1466/4838 4757/1468/4840 4758/1469/4841
f 4759/1470/4842 4755/1466/4838 4760/1471/4843
f 4759/1470/4842 4760/1471/4843 4761/1472/4844
f 4761/1472/4844 4760/1471/4845 4762/1473/4846
f 4761/1472/4847 4762/1473/4846 4763/1474/4848
f 4764/1475/4849 4765/1476/4850 4766/1477/4851
f 4764/1475/4849 4766/1477/4851 4767/1478/4852
f 4758/1469/4841 4757/1468/4840 4765/1476/4850
f 4758/1469/4841 4765/1476/4850 4764/1475/4849
f 4768/1479/4853 4769/1480/4854 4767/1478/4852
f 4768/1479/4853 4767/1478/4852 4766/1477/4851
f 4770/1481/4855 4771/1482/4856 4772/1483/4857
f 4770/1481/4855 4772/1483/4857 4773/1484/4858
f 4773/1484/4858 4772/1483/4857 4774/1485/4859
f 4773/1484/4860 4774/1485/4859 4775/1486/4861
f 4776/1487/4862 4777/1488/4863 4778/1489/4864
f 4776/1487/4862 4778/1489/4864 4779/1490/4865
f 4779/1490/4865 4778/1489/4866 4780/1491/4867
f 4779/1490/4868 4780/1491/4867 4781/1492/4869
f 4782/1493/4870 4783/1494/4871 4784/1495/4872
f 4782/1493/4870 4784/1495/4872 4785/1496/4873
f 4786/1497/4874 4787/1498/4875 4746/1457/4876
f 4786/1497/4874 4746/1457/4876 4748/1459/4830
f 4788/1499/4877 4789/1500/4878 4790/1501/4879
f 4788/1499/4877 4790/1501/4879 4791/1502/4880
f 4756/1467/4839 4755/1466/4881 4759/1470/4882
f 4756/1467/4839 4759/1470/4842 4792/1503/4883
f 4793/1504/4884 4794/1505/4885 4795/1506/4886
f 4793/1504/4884 4795/1506/4886 4796/1507/4887
f 4797/1508/4888 4798/1509/4889 4747/1458/4829
f 4797/1508/4888 4747/1458/4829 4745/1456/4890
f 4799/1510/4891 4782/1493/4892 4785/1496/4873
f 4799/1510/4891 4785/1496/4893 4800/1511/4894
f 4801/1512/4895 4786/1497/4874 4748/1459/4832
f 4801/1512/4895 4748/1459/4830 4750/1461/4896
f 4794/1505/4885 4802/1513/4897 4803/1514/4898
f 4794/1505/4885 4803/1514/4898 4795/1506/4899
f 4798/1509/4889 4804/1515/4900 4749/1460/4831
f 4798/1509/4889 4749/1460/4831 4747/1458/4901
f 4805/1516/4902 4799/1510/4891 4800/1511/4894
f 4805/1516/4902 4800/1511/4903 4806/1517/4904
f 4807/1518/4905 4801/1512/4895 4750/1461/4906
f 4807/1518/4905 4750/1461/4833 4752/1463/4835
f 4802/1513/4897 4808/1519/4907 4809/1520/4908
f 4802/1513/4897 4809/1520/4908 4803/1514/4898
f 4804/1515/4900 4810/1521/2261 4751/1462/4834
f 4804/1515/4900 4751/1462/4834 4749/1460/4831
f 4811/1522/4909 4805/1516/4902 4806/1517/4904
f 4811/1522/4909 4806/1517/4910 4812/1523/4911
f 4812/1523/4911 4806/1517/4912 4753/1464/4836
f 4812/1523/4911 4753/1464/4913 4740/1451/4822
f 4808/1519/4907 4813/1524/4914 4814/1525/4915
f 4808/1519/4916 4814/1525/4915 4809/1520/4908
f 4809/1520/4908 4814/1525/4917 4741/1452/4823
f 4809/1520/4918 4741/1452/4919 4754/1465/4837
f 4771/1482/4856 4811/1522/4920 4812/1523/4921
f 4771/1482/4856 4812/1523/4921 4815/1526/4922
f 4815/1526/4922 4812/1523/4921 4740/1451/4923
f 4815/1526/4922 4740/1451/4924 4739/1450/4821
f 4742/1453/4824 4741/1452/4925 4814/1525/4915
f 4742/1453/4926 4814/1525/4927 4816/1527/4928
f 4816/1527/4928 4814/1525/4929 4813/1524/4914
f 4816/1527/4928 4813/1524/4930 4776/1487/4862
f 4817/1528/4931 4762/1473/4846 4760/1471/4843
f 4817/1528/4931 4760/1471/4843 4818/1529/4932
f 4818/1529/4932 4760/1471/4933 4755/1466/4934
f 4818/1529/4932 4755/1466/4935 4758/1469/4841
f 4789/1500/4878 4819/1530/4936 4820/1531/4937
f 4789/1500/4878 4820/1531/4937 4790/1501/4879
f 4790/1501/4938 4820/1531/4937 4757/1468/4840
f 4790/1501/4939 4757/1468/4840 4756/1467/4839
f 4821/1532/4940 4817/1528/4931 4818/1529/4932
f 4821/1532/4940 4818/1529/4941 4822/1533/4942
f 4822/1533/4942 4818/1529/4932 4758/1469/4943
f 4822/1533/4942 4758/1469/4943 4764/1475/4849
f 4819/1530/4936 4823/1534/4944 4824/1535/4945
f 4819/1530/4946 4824/1535/4945 4820/1531/4937
f 4820/1531/4937 4824/1535/4947 4765/1476/4850
f 4820/1531/4937 4765/1476/4850 4757/1468/4948
f 4825/1536/4949 4821/1532/4940 4822/1533/4942
f 4825/1536/4949 4822/1533/4950 4826/1537/4951
f 4826/1537/4951 4822/1533/4952 4764/1475/4953
f 4826/1537/4951 4764/1475/4849 4767/1478/4852
f 4823/1534/4944 4827/1538/4954 4828/1539/4955
f 4823/1534/4944 4828/1539/4955 4824/1535/4947
f 4824/1535/4945 4828/1539/4955 4766/1477/4956
f 4824/1535/4957 4766/1477/4956 4765/1476/4958
f 4829/1540/4959 4797/1508/4888 4745/1456/4890
f 4829/1540/4959 4745/1456/4960 4744/1455/4826
f 4830/1541/4961 4793/1504/4962 4796/1507/4887
f 4830/1541/4961 4796/1507/4887 4831/1542/4963
f 4767/1478/4852 4769/1480/4854 4832/1543/4964
f 4767/1478/4852 4832/1543/4964 4826/1537/4951
f 4826/1537/4951 4832/1543/4965 4777/1488/4863
f 4826/1537/4951 4777/1488/4863 4825/1536/4966
f 4827/1538/4954 4770/1481/4967 4833/1544/4968
f 4827/1538/4969 4833/1544/4968 4828/1539/4955
f 4828/1539/4970 4833/1544/4971 4768/1479/4853
f 4828/1539/4972 4768/1479/4853 4766/1477/4973
f 4791/1502/4880 4790/1501/4974 4756/1467/4839
f 4791/1502/4975 4756/1467/4839 4792/1503/4883
f 4787/1498/4875 4834/1545/4976 4743/1454/4825
f 4787/1498/4977 4743/1454/4978 4746/1457/4979
f 4783/1494/4871 4835/1546/4980 4836/1547/4981
f 4783/1494/4982 4836/1547/4981 4784/1495/4872
f 4761/1472/4844 4763/1474/4848 4830/1541/4983
f 4761/1472/4844 4830/1541/4984 4831/1542/4963
f 4759/1470/4882 4761/1472/4847 4831/1542/4985
f 4759/1470/4842 4831/1542/4985 4837/1548/4986
f 4788/1499/4877 4791/1502/4880 4836/1547/4981
f 4788/1499/4987 4836/1547/4981 4835/1546/4980
f 4791/1502/4975 4792/1503/4883 4838/1549/4988
f 4791/1502/4989 4838/1549/4988 4836/1547/4990
f 4792/1503/4883 4759/1470/4991 4837/1548/4986
f 4792/1503/4883 4837/1548/4986 4838/1549/4988
f 4839/1450/4992 4840/1451/4993 4841/1452/4994
f 4839/1450/4992 4841/1452/4994 4842/1453/4995
f 4843/1454/4996 4844/1455/4997 4845/1456/4998
f 4843/1454/4996 4845/1456/4998 4846/1457/4999
f 4846/1457/4999 4845/1456/4998 4847/1458/5000
f 4846/1457/4999 4847/1458/5000 4848/1459/5001
f 4848/1459/5001 4847/1458/5000 4849/1460/5002
f 4848/1459/5003 4849/1460/5002 4850/1461/5004
f 4850/1461/5004 4849/1460/5002 4851/1462/5005
f 4850/1461/5004 4851/1462/5005 4852/1463/5006
f 4853/1464/5007 4854/1465/5008 4841/1452/4994
f 4853/1464/5007 4841/1452/4994 4840/1451/4993
f 4855/1466/5009 4856/1467/5010 4857/1468/5011
f 4855/1466/5009 4857/1468/5011 4858/1469/5012
f 4859/1470/5013 4855/1466/5009 4860/1471/5014
f 4859/1470/5013 4860/1471/5014 4861/1472/5015
f 4861/1472/5015 4860/1471/5014 4862/1473/5016
f 4861/1472/5017 4862/1473/5016 4863/1474/5018
f 4864/1475/5019 4865/1476/5020 4866/1477/5021
f 4864/1475/5019 4866/1477/5021 4867/1478/5022
f 4858/1469/5012 4857/1468/5011 4865/1476/5020
f 4858/1469/5012 4865/1476/5020 4864/1475/5023
f 4868/1479/5024 4869/1480/5025 4867/1478/5022
f 4868/1479/5024 4867/1478/5022 4866/1477/5026
f 4870/1481/5027 4871/1482/5028 4872/1483/5029
f 4870/1481/5027 4872/1483/5029 4873/1484/5030
f 4873/1484/5030 4872/1483/5029 4874/1485/5031
f 4873/1484/5030 4874/1485/5031 4875/1486/5032
f 4876/1487/5033 4877/1488/5034 4878/1489/5035
f 4876/1487/5033 4878/1489/5035 4879/1490/5036
f 4879/1490/5036 4878/1489/5035 4880/1491/5037
f 4879/1490/5036 4880/1491/5037 4881/1492/5038
f 4882/1493/5039 4883/1494/5040 4884/1495/5041
f 4882/1493/5039 4884/1495/5041 4885/1496/5042
f 4886/1497/5043 4887/1498/5044 4846/1457/4999
f 4886/1497/5043 4846/1457/4999 4848/1459/5045
f 4888/1499/5046 4889/1500/5047 4890/1501/5048
f 4888/1499/5046 4890/1501/5048 4891/1502/5049
f 4856/1467/5010 4855/1466/5009 4859/1470/5013
f 4856/1467/5010 4859/1470/5050 4892/1503/5051
f 4893/1504/5052 4894/1505/5053 4895/1506/5054
f 4893/1504/5052 4895/1506/5054 4896/1507/5055
f 4897/1508/5056 4898/1509/5057 4847/1458/5000
f 4897/1508/5056 4847/1458/5000 4845/1456/4998
f 4899/1510/5058 4882/1493/5039 4885/1496/5042
f 4899/1510/5058 4885/1496/5059 4900/1511/5060
f 4901/1512/5061 4886/1497/5043 4848/1459/5003
f 4901/1512/5061 4848/1459/5045 4850/1461/5004
f 4894/1505/5053 4902/1513/5062 4903/1514/5063
f 4894/1505/5064 4903/1514/5063 4895/1506/5054
f 4898/1509/5057 4904/1515/5065 4849/1460/5002
f 4898/1509/5066 4849/1460/5067 4847/1458/5068
f 4905/1516/5069 4899/1510/5070 4900/1511/5060
f 4905/1516/5069 4900/1511/5060 4906/1517/5071
f 4907/1518/5072 4901/1512/5061 4850/1461/5004
f 4907/1518/5072 4850/1461/5004 4852/1463/5006
f 4902/1513/5062 4908/1519/5073 4909/1520/5074
f 4902/1513/5062 4909/1520/5074 4903/1514/5063
f 4904/1515/5065 4910/1521/2261 4851/1462/5005
f 4904/1515/5065 4851/1462/5005 4849/1460/5075
f 4911/1522/5076 4905/1516/5069 4906/1517/5071
f 4911/1522/5076 4906/1517/5071 4912/1523/5077
f 4912/1523/5077 4906/1517/5078 4853/1464/5079
f 4912/1523/5077 4853/1464/5079 4840/1451/5080
f 4908/1519/5073 4913/1524/5081 4914/1525/5082
f 4908/1519/5083 4914/1525/5082 4909/1520/5074
f 4909/1520/5084 4914/1525/5082 4841/1452/4994
f 4909/1520/5085 4841/1452/4994 4854/1465/5008
f 4871/1482/5028 4911/1522/5076 4912/1523/5086
f 4871/1482/5028 4912/1523/5087 4915/1526/5088
f 4915/1526/5088 4912/1523/5089 4840/1451/4993
f 4915/1526/5088 4840/1451/5090 4839/1450/5091
f 4842/1453/4995 4841/1452/4994 4914/1525/5092
f 4842/1453/4995 4914/1525/5092 4916/1527/5093
f 4916/1527/5093 4914/1525/5094 4913/1524/5081
f 4916/1527/5093 4913/1524/5095 4876/1487/5033
f 4917/1528/5096 4862/1473/5097 4860/1471/5014
f 4917/1528/5096 4860/1471/5014 4918/1529/5098
f 4918/1529/5098 4860/1471/5014 4855/1466/5099
f 4918/1529/5100 4855/1466/5101 4858/1469/5012
f 4889/1500/5047 4919/1530/5102 4920/1531/5103
f 4889/1500/5047 4920/1531/5103 4890/1501/5048
f 4890/1501/5048 4920/1531/5103 4857/1468/5011
f 4890/1501/5048 4857/1468/5011 4856/1467/5010
f 4921/1532/5104 4917/1528/5096 4918/1529/5100
f 4921/1532/5104 4918/1529/5105 4922/1533/5106
f 4922/1533/5106 4918/1529/5098 4858/1469/5012
f 4922/1533/5106 4858/1469/5012 4864/1475/5107
f 4919/1530/5102 4923/1534/5108 4924/1535/5109
f 4919/1530/5102 4924/1535/5109 4920/1531/5103
f 4920/1531/5110 4924/1535/5109 4865/1476/5020
f 4920/1531/5103 4865/1476/5020 4857/1468/5011
f 4925/1536/5111 4921/1532/5112 4922/1533/5113
f 4925/1536/5111 4922/1533/5113 4926/1537/5114
f 4926/1537/5114 4922/1533/5106 4864/1475/5115
f 4926/1537/5114 4864/1475/5116 4867/1478/5022
f 4923/1534/5108 4927/1538/5117 4928/1539/5118
f 4923/1534/5108 4928/1539/5118 4924/1535/5119
f 4924/1535/5120 4928/1539/5118 4866/1477/5026
f 4924/1535/5121 4866/1477/5122 4865/1476/5020
f 4929/1540/5123 4897/1508/5056 4845/1456/4998
f 4929/1540/5123 4845/1456/4998 4844/1455/4997
f 4930/1541/5124 4893/1504/5052 4896/1507/5055
f 4930/1541/5124 4896/1507/5055 4931/1542/5125
f 4867/1478/5022 4869/1480/5025 4932/1543/5126
f 4867/1478/5127 4932/1543/5126 4926/1537/5114
f 4926/1537/5128 4932/1543/5129 4877/1488/5034
f 4926/1537/5128 4877/1488/5034 4925/1536/5111
f 4927/1538/5117 4870/1481/5027 4933/1544/5130
f 4927/1538/5131 4933/1544/5130 4928/1539/5118
f 4928/1539/5118 4933/1544/5130 4868/1479/5024
f 4928/1539/5132 4868/1479/5133 4866/1477/5134
f 4891/1502/5049 4890/1501/5048 4856/1467/5135
f 4891/1502/5049 4856/1467/5010 4892/1503/5051
f 4887/1498/5044 4934/1545/5136 4843/1454/5137
f 4887/1498/5044 4843/1454/5138 4846/1457/4999
f 4883/1494/5040 4935/1546/5139 4936/1547/5140
f 4883/1494/5141 4936/1547/5140 4884/1495/5041
f 4861/1472/5015 4863/1474/5018 4930/1541/5124
f 4861/1472/5142 4930/1541/5143 4931/1542/5125
f 4859/1470/5013 4861/1472/5142 4931/1542/5125
f 4859/1470/5013 4931/1542/5144 4937/1548/5145
f 4888/1499/5046 4891/1502/5049 4936/1547/5146
f 4888/1499/5046 4936/1547/5147 4935/1546/5139
f 4891/1502/5049 4892/1503/5051 4938/1549/5148
f 4891/1502/5149 4938/1549/5148 4936/1547/5140
f 4892/1503/5051 4859/1470/5150 4937/1548/5145
f 4892/1503/5151 4937/1548/5145 4938/1549/5148
f 4939/1450/5152 4940/1451/5153 4941/1452/5154
f 4939/1450/5152 4941/1452/5154 4942/1453/5155
f 4943/1454/5156 4944/1455/5157 4945/1456/5158
f 4943/1454/5156 4945/1456/5158 4946/1457/5159
f 4946/1457/5159 4945/1456/5158 4947/1458/5160
f 4946/1457/5159 4947/1458/5160 4948/1459/5161
f 4948/1459/5161 4947/1458/5160 4949/1460/5162
f 4948/1459/5161 4949/1460/5162 4950/1461/5163
f 4950/1461/5163 4949/1460/5162 4951/1462/5164
f 4950/1461/5163 4951/1462/5164 4952/1463/5165
f 4953/1464/5166 4954/1465/5167 4941/1452/5154
f 4953/1464/5166 4941/1452/5154 4940/1451/5153
f 4955/1466/5168 4956/1467/5169 4957/1468/5170
f 4955/1466/5168 4957/1468/5170 4958/1469/5171
f 4959/1470/5172 4955/1466/5168 4960/1471/5173
f 4959/1470/5172 4960/1471/5173 4961/1472/5174
f 4961/1472/5174 4960/1471/5173 4962/1473/5175
f 4961/1472/5174 4962/1473/5175 4963/1474/5176
f 4964/1475/2201 4965/1476/5177 4966/1477/5178
f 4964/1475/2201 4966/1477/5178 4967/1478/5179
f 4958/1469/5171 4957/1468/5170 4965/1476/5177
f 4958/1469/5171 4965/1476/5177 4964/1475/2201
f 4968/1479/5180 4969/1480/2208 4967/1478/5179
f 4968/1479/5180 4967/1478/5179 4966/1477/5178
f 4970/1481/5181 4971/1482/5182 4972/1483/5183
f 4970/1481/5181 4972/1483/5183 4973/1484/5184
f 4973/1484/5184 4972/1483/5185 4974/1485/5186
f 4973/1484/5187 4974/1485/5186 4975/1486/5188
f 4976/1487/5189 4977/1488/5190 4978/1489/5191
f 4976/1487/5189 4978/1489/5191 4979/1490/5192
f 4979/1490/5192 4978/1489/5193 4980/1491/5194
f 4979/1490/5195 4980/1491/5194 4981/1492/5196
f 4982/1493/5197 4983/1494/5198 4984/1495/5199
f 4982/1493/5197 4984/1495/5199 4985/1496/5200
f 4986/1497/5201 4987/1498/5202 4946/1457/5159
f 4986/1497/5201 4946/1457/5159 4948/1459/5203
f 4988/1499/5204 4989/1500/5205 4990/1501/5206
f 4988/1499/5204 4990/1501/5206 4991/1502/5207
f 4956/1467/5169 4955/1466/5168 4959/1470/5172
f 4956/1467/5208 4959/1470/5172 4992/1503/5209
f 4993/1504/5210 4994/1505/5211 4995/1506/5212
f 4993/1504/5210 4995/1506/5212 4996/1507/5213
f 4997/1508/5214 4998/1509/5215 4947/1458/5160
f 4997/1508/5214 4947/1458/5160 4945/1456/5158
f 4999/1510/5216 4982/1493/5197 4985/1496/5200
f 4999/1510/5216 4985/1496/5217 5000/1511/5218
f 5001/1512/5219 4986/1497/5220 4948/1459/5203
f 5001/1512/5219 4948/1459/5221 4950/1461/5163
f 4994/1505/5211 5002/1513/5222 5003/1514/5223
f 4994/1505/5224 5003/1514/5223 4995/1506/5225
f 4998/1509/5215 5004/1515/5226 4949/1460/5162
f 4998/1509/5215 4949/1460/5162 4947/1458/5160
f 5005/1516/5227 4999/1510/5216 5000/1511/5218
f 5005/1516/5227 5000/1511/5228 5006/1517/5229
f 5007/1518/5230 5001/1512/5219 4950/1461/5163
f 5007/1518/5230 4950/1461/5231 4952/1463/5165
f 5002/1513/5222 5008/1519/5232 5009/1520/5233
f 5002/1513/5222 5009/1520/5233 5003/1514/5223
f 5004/1515/5226 5010/1521/5234 4951/1462/5235
f 5004/1515/5226 4951/1462/5236 4949/1460/5162
f 5011/1522/5237 5005/1516/5238 5006/1517/5229
f 5011/1522/5237 5006/1517/5229 5012/1523/5239
f 5012/1523/5239 5006/1517/5229 4953/1464/5166
f 5012/1523/5239 4953/1464/5166 4940/1451/5153
f 5008/1519/5232 5013/1524/5240 5014/1525/5241
f 5008/1519/5242 5014/1525/5241 5009/1520/5233
f 5009/1520/5233 5014/1525/5241 4941/1452/5154
f 5009/1520/5233 4941/1452/5154 4954/1465/5167
f 4971/1482/5182 5011/1522/5243 5012/1523/5244
f 4971/1482/5245 5012/1523/5239 5015/1526/5246
f 5015/1526/5246 5012/1523/5239 4940/1451/5153
f 5015/1526/5247 4940/1451/5248 4939/1450/5152
f 4942/1453/5155 4941/1452/5249 5014/1525/5250
f 4942/1453/5251 5014/1525/5250 5016/1527/5252
f 5016/1527/5252 5014/1525/5253 5013/1524/5240
f 5016/1527/5254 5013/1524/5255 4976/1487/5189
f 5017/1528/5256 4962/1473/5175 4960/1471/5257
f 5017/1528/5256 4960/1471/5257 5018/1529/5258
f 5018/1529/5258 4960/1471/5257 4955/1466/5168
f 5018/1529/5258 4955/1466/5168 4958/1469/5171
f 4989/1500/5205 5019/1530/5259 5020/1531/5260
f 4989/1500/5205 5020/1531/5260 4990/1501/5206
f 4990/1501/5206 5020/1531/5261 4957/1468/5170
f 4990/1501/5206 4957/1468/5170 4956/1467/5208
f 5021/1532/5262 5017/1528/5256 5018/1529/5263
f 5021/1532/5262 5018/1529/5264 5022/1533/5265
f 5022/1533/5265 5018/1529/5266 4958/1469/5267
f 5022/1533/5265 4958/1469/5267 4964/1475/2298
f 5019/1530/5259 5023/1534/5268 5024/1535/5269
f 5019/1530/5259 5024/1535/5269 5020/1531/5260
f 5020/1531/5260 5024/1535/5270 4965/1476/5177
f 5020/1531/5271 4965/1476/5177 4957/1468/5170
f 5025/1536/5272 5021/1532/5262 5022/1533/5273
f 5025/1536/5272 5022/1533/5274 5026/1537/5275
f 5026/1537/5275 5022/1533/5276 4964/1475/2298
f 5026/1537/5275 4964/1475/2298 4967/1478/5179
f 5023/1534/5268 5027/1538/5277 5028/1539/5278
f 5023/1534/5279 5028/1539/5278 5024/1535/5270
f 5024/1535/5270 5028/1539/5278 4966/1477/5178
f 5024/1535/5280 4966/1477/5178 4965/1476/5281
f 5029/1540/5282 4997/1508/5214 4945/1456/5158
f 5029/1540/5282 4945/1456/5158 4944/1455/5157
f 5030/1541/5283 4993/1504/5284 4996/1507/5213
f 5030/1541/5283 4996/1507/5213 5031/1542/5285
f 4967/1478/5179 4969/1480/2208 5032/1543/5286
f 4967/1478/5287 5032/1543/5286 5026/1537/5275
f 5026/1537/5288 5032/1543/5289 4977/1488/5190
f 5026/1537/5290 4977/1488/5190 5025/1536/5272
f 5027/1538/5277 4970/1481/5291 5033/1544/5292
f 5027/1538/5277 5033/1544/5292 5028/1539/5293
f 5028/1539/5294 5033/1544/5292 4968/1479/5295
f 5028/1539/5296 4968/1479/5180 4966/1477/5297
f 4991/1502/5207 4990/1501/5206 4956/1467/5298
f 4991/1502/5207 4956/1467/5299 4992/1503/5209
f 4987/1498/5202 5034/1545/5300 4943/1454/5301
f 4987/1498/5302 4943/1454/5301 4946/1457/5159
f 4983/1494/5198 5035/1546/5303 5036/1547/5304
f 4983/1494/5305 5036/1547/5304 4984/1495/5199
f 4961/1472/5174 4963/1474/5176 5030/1541/5306
f 4961/1472/5174 5030/1541/5306 5031/1542/5285
f 4959/1470/5172 4961/1472/5174 5031/1542/5285
f 4959/1470/5307 5031/1542/5308 5037/1548/2342
f 4988/1499/5309 4991/1502/5310 5036/1547/5311
f 4988/1499/5204 5036/1547/5304 5035/1546/5303
f 4991/1502/5310 4992/1503/5209 5038/1549/5312
f 4991/1502/5310 5038/1549/5312 5036/1547/5313
f 4992/1503/5314 4959/1470/5315 5037/1548/2342
f 4992/1503/5314 5037/1548/2342 5038/1549/5312
f 5039/114/5316 5040/117/165 5041/116/5317
f 5039/114/5316 5041/116/5317 5042/115/5318
f 5043/1582/5319 5044/1583/5320 5045/1584/5320
f 5043/1582/5319 5045/1584/5320 5046/1585/5319
f 5047/1586/5321 5048/1587/5322 5049/1588/5322
f 5047/1586/5321 5049/1588/5322 5050/1589/5321
f 5051/1590/1774 5052/1591/1774 5047/1586/5321
f 5051/1590/1774 5047/1586/5321 5050/1589/5321
f 5045/1584/5320 5044/1583/5320 5049/1588/5322
f 5045/1584/5320 5049/1588/5322 5048/1587/5322
f 5053/1582/137 5054/1583/138 5055/1584/5323
f 5053/1582/137 5055/1584/5323 5056/1585/137
f 5057/1586/5324 5058/1587/5325 5059/1588/5326
f 5057/1586/5324 5059/1588/5326 5060/1589/5324
f 5061/1590/1774 5062/1591/1774 5057/1586/5324
f 5061/1590/1774 5057/1586/5324 5060/1589/5324
f 5055/1584/5323 5054/1583/138 5059/1588/5326
f 5055/1584/5323 5059/1588/5326 5058/1587/5325
f 5063/1582/137 5064/1583/138 5065/1584/138
f 5063/1582/137 5065/1584/138 5066/1585/137
f 5067/1586/5327 5068/1587/5325 5069/1588/5325
f 5067/1586/5327 5069/1588/5325 5070/1589/5328
f 5071/1590/1774 5072/1591/1774 5067/1586/5327
f 5071/1590/1774 5067/1586/5327 5070/1589/5328
f 5065/1584/138 5064/1583/138 5069/1588/5325
f 5065/1584/138 5069/1588/5325 5068/1587/5325
f 5073/1582/137 5074/1583/138 5075/1584/138
f 5073/1582/137 5075/1584/138 5076/1585/137
f 5077/1586/5327 5078/1587/5325 5079/1588/5325
f 5077/1586/5327 5079/1588/5325 5080/1589/5328
f 5081/1590/1774 5082/1591/1774 5077/1586/5327
f 5081/1590/1774 5077/1586/5327 5080/1589/5328
f 5075/1584/138 5074/1583/138 5079/1588/5325
f 5075/1584/138 5079/1588/5325 5078/1587/5325
f 5083/1582/137 5084/1583/138 5085/1584/138
f 5083/1582/137 5085/1584/138 5086/1585/137
f 5087/1586/5327 5088/1587/5325 5089/1588/5325
f 5087/1586/5327 5089/1588/5325 5090/1589/5328
f 5091/1590/1774 5092/1591/1774 5087/1586/5327
f 5091/1590/1774 5087/1586/5327 5090/1589/5328
f 5085/1584/138 5084/1583/138 5089/1588/5325
f 5085/1584/138 5089/1588/5325 5088/1587/5325
f 5093/1582/137 5094/1583/138 5095/1584/138
f 5093/1582/137 5095/1584/138 5096/1585/137
f 5097/1586/5327 5098/1587/5325 5099/1588/5325
f 5097/1586/5327 5099/1588/5325 5100/1589/5327
f 5101/1590/1774 5102/1591/1774 5097/1586/5327
f 5101/1590/1774 5097/1586/5327 5100/1589/5327
f 5095/1584/138 5094/1583/138 5099/1588/5325
f 5095/1584/138 5099/1588/5325 5098/1587/5325
f 5103/1582/137 5104/1583/138 5105/1584/138
f 5103/1582/137 5105/1584/138 5106/1585/137
f 5107/1586/5327 5108/1587/5325 5109/1588/5325
f 5107/1586/5327 5109/1588/5325 5110/1589/5328
f 5111/1590/1774 5112/1591/1774 5107/1586/5327
f 5111/1590/1774 5107/1586/5327 5110/1589/5328
f 5105/1584/138 5104/1583/138 5109/1588/5325
f 5105/1584/138 5109/1588/5325 5108/1587/5325
f 5113/1582/137 5114/1583/138 5115/1584/138
f 5113/1582/137 5115/1584/138 5116/1585/137
f 5117/1586/5327 5118/1587/5325 5119/1588/5325
f 5117/1586/5327 5119/1588/5325 5120/1589/5328
f 5121/1590/1774 5122/1591/1774 5117/1586/5327
f 5121/1590/1774 5117/1586/5327 5120/1589/5328
f 5115/1584/138 5114/1583/138 5119/1588/5325
f 5115/1584/138 5119/1588/5325 5118/1587/5325
f 9/9/9 11/11/11 5123/1592/5329
f 9/9/5330 5123/1592/5329 5124/1593/5331
f 5125/1594/5332 5126/1595/5333 12/12/12
f 5125/1594/5332 12/12/12 8/8/8
f 5127/1596/5334 5128/1597/5335 5129/1598/5336
f 5127/1596/5334 5129/1598/5336 10/10/10
f 3/3/3 6/6/6 5130/1599/5337
f 3/3/3 5130/1599/5337 5131/1600/5338
f 5130/1599/5337 5132/1601/5339 5133/1602/5340
f 5130/1599/5337 5133/1602/5340 5134/1603/5341
f 5135/1604/5342 1/1/1 3/3/3
f 5135/1604/5342 3/3/5343 5131/1600/5338
f 2/2/2 4/4/4 6/6/5344
f 2/2/2 6/6/5345 3/3/5346
f 5/5/5 5132/1601/5339 5130/1599/5337
f 5/5/5 5130/1599/5337 6/6/5345
f 7/7/7 5136/1605/5347 5125/1594/5332
f 7/7/7 5125/1594/5332 8/8/5348
f 5127/1596/5334 10/10/5349 12/12/12
f 5127/1596/5334 12/12/12 5126/1595/5333
f 11/11/5350 9/9/9 8/8/5351
f 11/11/5352 8/8/5351 12/12/12
f 1/1/5353 7/7/5354 9/9/9
f 1/1/5355 9/9/5356 5124/1593/5331
f 10/10/5349 5129/1598/5336 5123/1592/5357
f 10/10/5358 5123/1592/5357 11/11/5350
f 5135/1604/5342 5136/1605/5347 7/7/7
f 5135/1604/5342 7/7/5354 1/1/1
f 5137/1606/5359 5138/1607/5360 5139/1608/5361
f 5137/1606/5359 5139/1608/5361 5140/1609/5362
f 5128/1597/5335 5127/1596/5363 5141/1610/5364
f 5128/1597/5335 5141/1610/5364 5142/1611/5365
f 5135/1604/5342 5131/1600/5338 5143/1612/5366
f 5135/1604/5367 5143/1612/5366 5138/1607/5360
f 5127/1596/5363 5126/1595/5333 5144/1613/5368
f 5127/1596/5363 5144/1613/5368 5141/1610/5369
f 5136/1605/5370 5135/1604/5342 5138/1607/5360
f 5136/1605/5347 5138/1607/5360 5137/1606/5359
f 5125/1594/5332 5136/1605/5371 5137/1606/5359
f 5125/1594/5332 5137/1606/5359 5145/1614/5372
f 5126/1595/5333 5125/1594/5373 5145/1614/5372
f 5126/1595/5333 5145/1614/5372 5144/1613/5368
f 5131/1600/5338 5130/1599/5337 5134/1603/5341
f 5131/1600/5338 5134/1603/5341 5143/1612/5366
f 5146/1615/5374 5147/1616/5375 5148/1617/5376
f 5146/1615/5374 5148/1617/5376 5149/1618/5377
f 5145/1614/5372 5137/1606/5359 5140/1609/5362
f 5145/1614/5378 5140/1609/5379 5150/1619/5380
f 5138/1607/5381 5143/1612/5382 5151/1620/5383
f 5138/1607/5360 5151/1620/5383 5139/1608/5384
f 5144/1613/5368 5145/1614/5372 5150/1619/5380
f 5144/1613/5368 5150/1619/5380 5152/1621/5385
f 5143/1612/5366 5134/1603/5341 5153/1622/5386
f 5143/1612/5387 5153/1622/5386 5151/1620/5383
f 5141/1610/5388 5144/1613/5368 5152/1621/5385
f 5141/1610/5369 5152/1621/5385 5154/1623/5389
f 5134/1603/5341 5133/1602/5390 5155/1624/5391
f 5134/1603/5341 5155/1624/5391 5153/1622/5386
f 5142/1611/5365 5141/1610/5369 5154/1623/5389
f 5142/1611/5365 5154/1623/5392 5156/1625/5393
f 5157/1626/5394 5158/1627/5395 5159/1628/5396
f 5157/1626/5394 5159/1628/5396 5160/1629/5397
f 5161/1630/5398 5157/1626/5399 5160/1629/5397
f 5161/1630/5398 5160/1629/5397 5162/1631/5400
f 5158/1627/5395 5163/1632/5401 5164/1633/5402
f 5158/1627/5395 5164/1633/5402 5159/1628/5396
f 5165/1634/5403 5161/1630/5404 5162/1631/5400
f 5165/1634/5403 5162/1631/5400 5166/1635/5405
f 5163/1632/5401 5167/1636/5406 5168/1637/5407
f 5163/1632/5408 5168/1637/5407 5164/1633/5402
f 5147/1616/5375 5165/1634/5403 5166/1635/5405
f 5147/1616/5409 5166/1635/5410 5148/1617/5411
f 5167/1636/5406 5146/1615/5374 5149/1618/5377
f 5167/1636/5412 5149/1618/5377 5168/1637/5413
f 5169/1638/5414 5170/1639/5415 5171/1640/5416
f 5169/1638/5414 5171/1640/5416 5172/1641/5417
f 5173/1642/5418 5174/1643/5419 5170/1639/5415
f 5173/1642/5418 5170/1639/5415 5169/1638/5420
f 5175/1644/5421 5176/1645/5422 5169/1638/5423
f 5175/1644/5421 5169/1638/5424 5172/1641/5417
f 5177/1646/5425 5178/1647/5426 5172/1641/5417
f 5177/1646/5425 5172/1641/5427 5171/1640/5416
f 5179/1648/5428 5180/1649/5429 5171/1640/5416
f 5179/1648/5428 5171/1640/5416 5170/1639/5415
f 5181/1650/5430 5182/1651/149 5183/1652/149
f 5181/1650/5430 5183/1652/149 5184/1653/5431
f 5185/1654/5432 5186/1655/80 5187/1656/80
f 5185/1654/5432 5187/1656/80 5188/1657/5433
f 5182/1651/149 5181/1650/5430 5188/1657/5433
f 5182/1651/149 5188/1657/5433 5189/1658/149
f 5190/1659/5434 5191/1660/73 5192/1661/73
f 5190/1659/5434 5192/1661/73 5193/1662/73
f 5194/1663/5435 5195/1664/5436 5196/1665/165
f 5194/1663/5435 5196/1665/165 5197/1666/5437
f 5198/1667/5438 5194/1663/5435 5197/1666/5437
f 5198/1667/5438 5197/1666/5437 5199/1668/5432
f 5181/1650/5430 5200/1669/5439 5185/1654/5432
f 5181/1650/5430 5185/1654/5432 5188/1657/5433
f 5201/1670/5440 5190/1659/5434 5193/1662/73
f 5201/1670/5440 5193/1662/73 5202/1671/73
f 5199/1668/5432 5203/1672/80 5186/1655/80
f 5199/1668/5432 5186/1655/80 5185/1654/5432
f 5198/1667/5438 5200/1669/5439 5190/1659/5434
f 5198/1667/5438 5190/1659/5434 5201/1670/5440
f 5204/1673/5441 5184/1653/5431 5205/1674/5442
f 5204/1673/5441 5205/1674/5442 5206/1675/5434
f 5200/1669/5439 5181/1650/5430 5184/1653/5431
f 5200/1669/5439 5184/1653/5431 5204/1673/5441
f 5191/1660/73 5190/1659/5434 5206/1675/5434
f 5191/1660/73 5206/1675/5434 5205/1674/5442
f 5190/1659/5434 5200/1669/5439 5204/1673/5441
f 5190/1659/5434 5204/1673/5441 5206/1675/5434
f 5201/1670/5440 5207/1676/5443 5208/1677/5444
f 5201/1670/5445 5208/1677/5444 5209/1678/5446
f 5197/1666/5437 5196/1665/165 5203/1672/80
f 5197/1666/5437 5203/1672/80 5199/1668/5432
f 5207/1676/5443 5201/1670/5445 5202/1671/73
f 5207/1676/5443 5202/1671/73 5210/1679/73
f 5200/1669/5439 5198/1667/5438 5199/1668/5432
f 5200/1669/5439 5199/1668/5432 5185/1654/5432
f 5211/1680/5447 5209/1678/5446 5212/1681/5448
f 5211/1680/5447 5212/1681/5448 5213/1682/5449
f 5195/1664/5436 5194/1663/5435 5214/1683/5450
f 5195/1664/5436 5214/1683/5450 5215/1684/5451
f 5198/1667/5438 5201/1670/5440 5209/1678/5446
f 5198/1667/5438 5209/1678/5452 5211/1680/5447
f 5194/1663/5435 5198/1667/5438 5211/1680/5447
f 5194/1663/5453 5211/1680/5454 5214/1683/5455
f 5215/1684/5451 5214/1683/5456 5216/1685/5457
f 5215/1684/5451 5216/1685/5457 5217/1686/5458
f 5214/1683/5450 5211/1680/5447 5213/1682/5449
f 5214/1683/5450 5213/1682/5449 5216/1685/5457
f 5209/1678/5446 5208/1677/5444 5218/1687/73
f 5209/1678/5446 5218/1687/73 5212/1681/5448
f 21/9/19 23/11/21 5219/1592/5459
f 21/9/19 5219/1592/5459 5220/1593/5460
f 5221/1594/5461 5222/1595/5462 24/12/22
f 5221/1594/5461 24/12/22 20/8/8
f 5223/1596/5463 5224/1597/5464 5225/1598/5465
f 5223/1596/5463 5225/1598/5465 22/10/20
f 15/3/15 18/6/17 5226/1599/5466
f 15/3/15 5226/1599/5466 5227/1600/5467
f 5226/1599/5466 5228/1601/5468 5229/1602/5469
f 5226/1599/5466 5229/1602/5469 5230/1603/5470
f 5231/1604/5471 13/1/13 15/3/15
f 5231/1604/5471 15/3/15 5227/1600/5467
f 14/2/14 16/4/4 18/6/17
f 14/2/5472 18/6/5473 15/3/5474
f 17/5/16 5228/1601/5468 5226/1599/5475
f 17/5/16 5226/1599/5476 18/6/5477
f 19/7/18 5232/1605/5478 5221/1594/5461
f 19/7/18 5221/1594/5461 20/8/5348
f 5223/1596/5463 22/10/20 24/12/22
f 5223/1596/5463 24/12/5479 5222/1595/5462
f 23/11/5480 21/9/19 20/8/5351
f 23/11/21 20/8/5351 24/12/5481
f 13/1/13 19/7/5482 21/9/5483
f 13/1/13 21/9/5483 5220/1593/5460
f 22/10/20 5225/1598/5465 5219/1592/5459
f 22/10/5484 5219/1592/5459 23/11/5485
f 5231/1604/5471 5232/1605/5478 19/7/5486
f 5231/1604/5471 19/7/5486 13/1/5487
f 5233/1606/5488 5234/1607/5489 5235/1608/5490
f 5233/1606/5488 5235/1608/5490 5236/1609/5491
f 5224/1597/5464 5223/1596/5463 5237/1610/5492
f 5224/1597/5464 5237/1610/5492 5238/1611/5493
f 5231/1604/5471 5227/1600/5467 5239/1612/5494
f 5231/1604/5495 5239/1612/5494 5234/1607/5489
f 5223/1596/5496 5222/1595/5497 5240/1613/5498
f 5223/1596/5463 5240/1613/5498 5237/1610/5492
f 5232/1605/5499 5231/1604/5500 5234/1607/5489
f 5232/1605/5501 5234/1607/5489 5233/1606/5488
f 5221/1594/5461 5232/1605/5502 5233/1606/5488
f 5221/1594/5461 5233/1606/5488 5241/1614/5503
f 5222/1595/5497 5221/1594/5504 5241/1614/5503
f 5222/1595/5505 5241/1614/5503 5240/1613/5506
f 5227/1600/5467 5226/1599/5507 5230/1603/5470
f 5227/1600/5467 5230/1603/5508 5239/1612/5494
f 5242/1615/5509 5243/1616/5510 5244/1617/5511
f 5242/1615/5509 5244/1617/5511 5245/1618/5512
f 5241/1614/5513 5233/1606/5488 5236/1609/5491
f 5241/1614/5503 5236/1609/5514 5246/1619/5515
f 5234/1607/5489 5239/1612/5494 5247/1620/5516
f 5234/1607/5489 5247/1620/5516 5235/1608/5490
f 5240/1613/5498 5241/1614/5517 5246/1619/5515
f 5240/1613/5498 5246/1619/5515 5248/1621/5518
f 5239/1612/5494 5230/1603/5470 5249/1622/5519
f 5239/1612/5494 5249/1622/5519 5247/1620/5516
f 5237/1610/5492 5240/1613/5520 5248/1621/5518
f 5237/1610/5492 5248/1621/5518 5250/1623/5521
f 5230/1603/5522 5229/1602/5523 5251/1624/5524
f 5230/1603/5522 5251/1624/5524 5249/1622/5519
f 5238/1611/5493 5237/1610/5492 5250/1623/5521
f 5238/1611/5493 5250/1623/5525 5252/1625/5393
f 5253/1626/5526 5254/1627/5527 5255/1628/5528
f 5253/1626/5526 5255/1628/5528 5256/1629/5529
f 5257/1630/5530 5253/1626/5526 5256/1629/5529
f 5257/1630/5530 5256/1629/5529 5258/1631/5531
f 5254/1627/5527 5259/1632/5532 5260/1633/5533
f 5254/1627/5527 5260/1633/5533 5255/1628/5528
f 5261/1634/5534 5257/1630/5535 5258/1631/5531
f 5261/1634/5534 5258/1631/5536 5262/1635/5537
f 5259/1632/5532 5263/1636/5538 5264/1637/5539
f 5259/1632/5540 5264/1637/5539 5260/1633/5533
f 5243/1616/5510 5261/1634/5541 5262/1635/5537
f 5243/1616/5510 5262/1635/5542 5244/1617/5511
f 5263/1636/5538 5242/1615/5509 5245/1618/5512
f 5263/1636/5543 5245/1618/5512 5264/1637/5539
f 5265/1638/5544 5266/1639/5545 5267/1640/5546
f 5265/1638/5544 5267/1640/5546 5268/1641/5547
f 5269/1642/5548 5270/1643/5419 5266/1639/5545
f 5269/1642/5548 5266/1639/5549 5265/1638/5544
f 5271/1644/5550 5272/1645/5551 5265/1638/5552
f 5271/1644/5550 5265/1638/5553 5268/1641/5547
f 5273/1646/5554 5274/1647/5555 5268/1641/5556
f 5273/1646/5554 5268/1641/5557 5267/1640/5558
f 5275/1648/5559 5276/1649/5429 5267/1640/5546
f 5275/1648/5559 5267/1640/5560 5266/1639/5549
f 5277/1650/5430 5278/1651/149 5279/1652/149
f 5277/1650/5430 5279/1652/149 5280/1653/5431
f 5281/1654/5432 5282/1655/80 5283/1656/80
f 5281/1654/5432 5283/1656/80 5284/1657/5433
f 5278/1651/149 5277/1650/5430 5284/1657/5433
f 5278/1651/149 5284/1657/5433 5285/1658/149
f 5286/1659/5434 5287/1660/73 5288/1661/73
f 5286/1659/5434 5288/1661/73 5289/1662/73
f 5290/1663/5561 5291/1664/5562 5292/1665/165
f 5290/1663/5561 5292/1665/165 5293/1666/5437
f 5294/1667/5563 5290/1663/5561 5293/1666/5437
f 5294/1667/5563 5293/1666/5437 5295/1668/5432
f 5277/1650/5430 5296/1669/5439 5281/1654/5432
f 5277/1650/5430 5281/1654/5432 5284/1657/5433
f 5297/1670/5564 5286/1659/5434 5289/1662/73
f 5297/1670/5564 5289/1662/73 5298/1671/73
f 5295/1668/5432 5299/1672/80 5282/1655/80
f 5295/1668/5432 5282/1655/80 5281/1654/5432
f 5294/1667/5563 5296/1669/5439 5286/1659/5434
f 5294/1667/5563 5286/1659/5434 5297/1670/5564
f 5300/1673/5441 5280/1653/5431 5301/1674/5442
f 5300/1673/5441 5301/1674/5442 5302/1675/5434
f 5296/1669/5439 5277/1650/5430 5280/1653/5431
f 5296/1669/5439 5280/1653/5431 5300/1673/5441
f 5287/1660/73 5286/1659/5434 5302/1675/5434
f 5287/1660/73 5302/1675/5434 5301/1674/5442
f 5286/1659/5434 5296/1669/5439 5300/1673/5441
f 5286/1659/5434 5300/1673/5441 5302/1675/5434
f 5297/1670/5564 5303/1676/5565 5304/1677/5566
f 5297/1670/5564 5304/1677/5566 5305/1678/5567
f 5293/1666/5437 5292/1665/165 5299/1672/80
f 5293/1666/5437 5299/1672/80 5295/1668/5432
f 5303/1676/5565 5297/1670/5568 5298/1671/73
f 5303/1676/5565 5298/1671/73 5306/1679/73
f 5296/1669/5439 5294/1667/5563 5295/1668/5432
f 5296/1669/5439 5295/1668/5432 5281/1654/5432
f 5307/1680/5569 5305/1678/5567 5308/1681/5448
f 5307/1680/5569 5308/1681/5448 5309/1682/5570
f 5291/1664/5562 5290/1663/5561 5310/1683/5571
f 5291/1664/5562 5310/1683/5571 5311/1684/5572
f 5294/1667/5563 5297/1670/5564 5305/1678/5567
f 5294/1667/5563 5305/1678/5567 5307/1680/5569
f 5290/1663/5561 5294/1667/5563 5307/1680/5573
f 5290/1663/5561 5307/1680/5574 5310/1683/5571
f 5311/1684/5572 5310/1683/5571 5312/1685/5575
f 5311/1684/5572 5312/1685/5575 5313/1686/5576
f 5310/1683/5571 5307/1680/5569 5309/1682/5570
f 5310/1683/5571 5309/1682/5570 5312/1685/5575
f 5305/1678/5567 5304/1677/5566 5314/1687/5577
f 5305/1678/5567 5314/1687/5577 5308/1681/5448
f 33/9/31 35/11/33 5315/1592/5578
f 33/9/31 5315/1592/5578 5316/1593/5579
f 5317/1594/5580 5318/1595/5581 36/12/34
f 5317/1594/5580 36/12/34 32/8/30
f 5319/1596/5582 5320/1597/5583 5321/1598/5584
f 5319/1596/5582 5321/1598/5584 34/10/32
f 27/3/25 30/6/28 5322/1599/5585
f 27/3/25 5322/1599/5585 5323/1600/5586
f 5322/1599/5585 5324/1601/5587 5325/1602/5588
f 5322/1599/5585 5325/1602/5588 5326/1603/5589
f 5327/1604/5590 25/1/23 27/3/25
f 5327/1604/5590 27/3/25 5323/1600/5586
f 26/2/24 28/4/26 30/6/5591
f 26/2/24 30/6/28 27/3/5592
f 29/5/27 5324/1601/5587 5322/1599/5593
f 29/5/5594 5322/1599/5595 30/6/5596
f 31/7/29 5328/1605/5597 5317/1594/5580
f 31/7/29 5317/1594/5580 32/8/30
f 5319/1596/5582 34/10/5598 36/12/34
f 5319/1596/5582 36/12/34 5318/1595/5581
f 35/11/33 33/9/31 32/8/5599
f 35/11/5600 32/8/5601 36/12/34
f 25/1/23 31/7/29 33/9/31
f 25/1/23 33/9/5602 5316/1593/5579
f 34/10/5598 5321/1598/5584 5315/1592/5578
f 34/10/5598 5315/1592/5578 35/11/5603
f 5327/1604/5590 5328/1605/5597 31/7/5604
f 5327/1604/5590 31/7/5604 25/1/5605
f 5329/1606/5606 5330/1607/5607 5331/1608/5608
f 5329/1606/5606 5331/1608/5608 5332/1609/5609
f 5320/1597/5583 5319/1596/5582 5333/1610/5610
f 5320/1597/5583 5333/1610/5610 5334/1611/5611
f 5327/1604/5590 5323/1600/5586 5335/1612/5612
f 5327/1604/5613 5335/1612/5612 5330/1607/5607
f 5319/1596/5614 5318/1595/5581 5336/1613/5615
f 5319/1596/5616 5336/1613/5615 5333/1610/5610
f 5328/1605/5597 5327/1604/5617 5330/1607/5607
f 5328/1605/5618 5330/1607/5619 5329/1606/5606
f 5317/1594/5580 5328/1605/5620 5329/1606/5606
f 5317/1594/5621 5329/1606/5622 5337/1614/5623
f 5318/1595/5581 5317/1594/5580 5337/1614/5623
f 5318/1595/5624 5337/1614/5625 5336/1613/5626
f 5323/1600/5627 5322/1599/5628 5326/1603/5589
f 5323/1600/5586 5326/1603/5589 5335/1612/5612
f 5338/1615/5629 5339/1616/5630 5340/1617/5631
f 5338/1615/5629 5340/1617/5631 5341/1618/5632
f 5337/1614/5623 5329/1606/5633 5332/1609/5609
f 5337/1614/5623 5332/1609/5609 5342/1619/5634
f 5330/1607/5619 5335/1612/5635 5343/1620/5636
f 5330/1607/5637 5343/1620/5636 5331/1608/5638
f 5336/1613/5615 5337/1614/5639 5342/1619/5634
f 5336/1613/5640 5342/1619/5634 5344/1621/5641
f 5335/1612/5612 5326/1603/5589 5345/1622/5642
f 5335/1612/5643 5345/1622/5642 5343/1620/5644
f 5333/1610/5610 5336/1613/5645 5344/1621/5641
f 5333/1610/5646 5344/1621/5641 5346/1623/5647
f 5326/1603/5589 5325/1602/5648 5347/1624/5649
f 5326/1603/5650 5347/1624/5649 5345/1622/5651
f 5334/1611/5611 5333/1610/5610 5346/1623/5647
f 5334/1611/5611 5346/1623/5647 5348/1625/5652
f 5349/1626/5653 5350/1627/5654 5351/1628/5655
f 5349/1626/5653 5351/1628/5655 5352/1629/5656
f 5353/1630/5657 5349/1626/5653 5352/1629/5656
f 5353/1630/5657 5352/1629/5656 5354/1631/5658
f 5350/1627/5654 5355/1632/5659 5356/1633/5660
f 5350/1627/5654 5356/1633/5660 5351/1628/5661
f 5357/1634/5662 5353/1630/5663 5354/1631/5658
f 5357/1634/5662 5354/1631/5658 5358/1635/5664
f 5355/1632/5659 5359/1636/5665 5360/1637/5666
f 5355/1632/5667 5360/1637/5666 5356/1633/5668
f 5339/1616/5630 5357/1634/5669 5358/1635/5664
f 5339/1616/5630 5358/1635/5664 5340/1617/5631
f 5359/1636/5665 5338/1615/5629 5341/1618/5632
f 5359/1636/5665 5341/1618/5632 5360/1637/5670
f 5361/1638/5671 5362/1639/5672 5363/1640/5673
f 5361/1638/5671 5363/1640/5673 5364/1641/5674
f 5365/1642/5675 5366/1643/5676 5362/1639/5672
f 5365/1642/5675 5362/1639/5677 5361/1638/5678
f 5367/1644/5679 5368/1645/5680 5361/1638/5678
f 5367/1644/5679 5361/1638/5681 5364/1641/5674
f 5369/1646/5682 5370/1647/5683 5364/1641/5684
f 5369/1646/5682 5364/1641/5684 5363/1640/5673
f 5371/1648/5685 5372/1649/5686 5363/1640/5673
f 5371/1648/5685 5363/1640/5687 5362/1639/5688
f 5373/1650/5430 5374/1651/149 5375/1652/149
f 5373/1650/5430 5375/1652/149 5376/1653/5431
f 5377/1654/5432 5378/1655/80 5379/1656/80
f 5377/1654/5432 5379/1656/80 5380/1657/5433
f 5374/1651/149 5373/1650/5430 5380/1657/5433
f 5374/1651/149 5380/1657/5433 5381/1658/149
f 5382/1659/5434 5383/1660/73 5384/1661/73
f 5382/1659/5434 5384/1661/73 5385/1662/73
f 5386/1663/5689 5387/1664/5690 5388/1665/165
f 5386/1663/5689 5388/1665/165 5389/1666/5437
f 5390/1667/5691 5386/1663/5689 5389/1666/5437
f 5390/1667/5691 5389/1666/5437 5391/1668/5432
f 5373/1650/5430 5392/1669/5692 5377/1654/5432
f 5373/1650/5430 5377/1654/5432 5380/1657/5433
f 5393/1670/5693 5382/1659/5434 5385/1662/73
f 5393/1670/5693 5385/1662/73 5394/1671/73
f 5391/1668/5432 5395/1672/80 5378/1655/80
f 5391/1668/5432 5378/1655/80 5377/1654/5432
f 5390/1667/5691 5392/1669/5692 5382/1659/5434
f 5390/1667/5691 5382/1659/5434 5393/1670/5693
f 5396/1673/5441 5376/1653/5431 5397/1674/5442
f 5396/1673/5441 5397/1674/5442 5398/1675/5434
f 5392/1669/5692 5373/1650/5430 5376/1653/5431
f 5392/1669/5692 5376/1653/5431 5396/1673/5441
f 5383/1660/73 5382/1659/5434 5398/1675/5434
f 5383/1660/73 5398/1675/5434 5397/1674/5442
f 5382/1659/5434 5392/1669/5692 5396/1673/5441
f 5382/1659/5434 5396/1673/5441 5398/1675/5434
f 5393/1670/5693 5399/1676/5694 5400/1677/5695
f 5393/1670/5693 5400/1677/5695 5401/1678/5696
f 5389/1666/5437 5388/1665/165 5395/1672/80
f 5389/1666/5437 5395/1672/80 5391/1668/5432
f 5399/1676/5694 5393/1670/5693 5394/1671/73
f 5399/1676/5694 5394/1671/73 5402/1679/73
f 5392/1669/5692 5390/1667/5691 5391/1668/5432
f 5392/1669/5692 5391/1668/5432 5377/1654/5432
f 5403/1680/5697 5401/1678/5696 5404/1681/5698
f 5403/1680/5697 5404/1681/5698 5405/1682/5699
f 5387/1664/5690 5386/1663/5689 5406/1683/5700
f 5387/1664/5690 5406/1683/5700 5407/1684/5701
f 5390/1667/5702 5393/1670/5693 5401/1678/5703
f 5390/1667/5691 5401/1678/5703 5403/1680/5697
f 5386/1663/5689 5390/1667/5691 5403/1680/5704
f 5386/1663/5689 5403/1680/5697 5406/1683/5700
f 5407/1684/5701 5406/1683/5705 5408/1685/5706
f 5407/1684/5701 5408/1685/5706 5409/1686/5707
f 5406/1683/5700 5403/1680/5697 5405/1682/5699
f 5406/1683/5700 5405/1682/5699 5408/1685/5706
f 5401/1678/5696 5400/1677/5695 5410/1687/73
f 5401/1678/5696 5410/1687/73 5404/1681/5698
f 45/9/43 47/11/45 5411/1592/5708
f 45/9/43 5411/1592/5708 5412/1593/5709
f 5413/1594/5710 5414/1595/5711 48/12/46
f 5413/1594/5710 48/12/46 44/8/42
f 5415/1596/5712 5416/1597/5713 5417/1598/5714
f 5415/1596/5712 5417/1598/5714 46/10/44
f 39/3/37 42/6/40 5418/1599/5715
f 39/3/37 5418/1599/5715 5419/1600/5716
f 5418/1599/5715 5420/1601/5717 5421/1602/5718
f 5418/1599/5715 5421/1602/5718 5422/1603/5719
f 5423/1604/5720 37/1/35 39/3/37
f 5423/1604/5720 39/3/37 5419/1600/5716
f 38/2/36 40/4/38 42/6/40
f 38/2/36 42/6/5721 39/3/5722
f 41/5/39 5420/1601/5717 5418/1599/5723
f 41/5/5724 5418/1599/5723 42/6/5725
f 43/7/41 5424/1605/5726 5413/1594/5710
f 43/7/5727 5413/1594/5710 44/8/42
f 5415/1596/5712 46/10/5728 48/12/46
f 5415/1596/5729 48/12/46 5414/1595/5711
f 47/11/5730 45/9/43 44/8/42
f 47/11/5730 44/8/42 48/12/46
f 37/1/5731 43/7/41 45/9/43
f 37/1/5732 45/9/5733 5412/1593/5709
f 46/10/5734 5417/1598/5714 5411/1592/5708
f 46/10/5734 5411/1592/5708 47/11/5730
f 5423/1604/5735 5424/1605/5726 43/7/41
f 5423/1604/5720 43/7/41 37/1/5736
f 5425/1606/5737 5426/1607/5738 5427/1608/5739
f 5425/1606/5737 5427/1608/5739 5428/1609/5740
f 5416/1597/5713 5415/1596/5712 5429/1610/5741
f 5416/1597/5713 5429/1610/5741 5430/1611/5742
f 5423/1604/5720 5419/1600/5716 5431/1612/5743
f 5423/1604/5720 5431/1612/5743 5426/1607/5738
f 5415/1596/5744 5414/1595/5745 5432/1613/5746
f 5415/1596/5712 5432/1613/5746 5429/1610/5741
f 5424/1605/5726 5423/1604/5747 5426/1607/5738
f 5424/1605/5748 5426/1607/5738 5425/1606/5737
f 5413/1594/5710 5424/1605/5748 5425/1606/5737
f 5413/1594/5749 5425/1606/5737 5433/1614/5750
f 5414/1595/5745 5413/1594/5751 5433/1614/5750
f 5414/1595/5711 5433/1614/5750 5432/1613/5746
f 5419/1600/5716 5418/1599/5752 5422/1603/5719
f 5419/1600/5716 5422/1603/5719 5431/1612/5743
f 5434/1615/5753 5435/1616/5754 5436/1617/5755
f 5434/1615/5753 5436/1617/5755 5437/1618/5756
f 5433/1614/5757 5425/1606/5737 5428/1609/5740
f 5433/1614/5757 5428/1609/5740 5438/1619/5758
f 5426/1607/5738 5431/1612/5759 5439/1620/5760
f 5426/1607/5761 5439/1620/5760 5427/1608/5739
f 5432/1613/5746 5433/1614/5750 5438/1619/5758
f 5432/1613/5746 5438/1619/5758 5440/1621/5762
f 5431/1612/5743 5422/1603/5719 5441/1622/5763
f 5431/1612/5764 5441/1622/5763 5439/1620/5760
f 5429/1610/5741 5432/1613/5746 5440/1621/5762
f 5429/1610/5741 5440/1621/5762 5442/1623/5765
f 5422/1603/5719 5421/1602/5766 5443/1624/5767
f 5422/1603/5719 5443/1624/5767 5441/1622/5763
f 5430/1611/5742 5429/1610/5741 5442/1623/5765
f 5430/1611/5768 5442/1623/5769 5444/1625/5652
f 5445/1626/5770 5446/1627/5771 5447/1628/5772
f 5445/1626/5770 5447/1628/5772 5448/1629/5773
f 5449/1630/5774 5445/1626/5775 5448/1629/5773
f 5449/1630/5774 5448/1629/5776 5450/1631/5777
f 5446/1627/5771 5451/1632/5778 5452/1633/5779
f 5446/1627/5771 5452/1633/5779 5447/1628/5772
f 5453/1634/5780 5449/1630/5774 5450/1631/5777
f 5453/1634/5780 5450/1631/5777 5454/1635/5781
f 5451/1632/5778 5455/1636/5782 5456/1637/5783
f 5451/1632/5778 5456/1637/5783 5452/1633/5779
f 5435/1616/5754 5453/1634/5784 5454/1635/5781
f 5435/1616/5785 5454/1635/5781 5436/1617/5755
f 5455/1636/5782 5434/1615/5786 5437/1618/5756
f 5455/1636/5782 5437/1618/5756 5456/1637/5783
f 5457/1638/5787 5458/1639/5788 5459/1640/5789
f 5457/1638/5787 5459/1640/5789 5460/1641/5790
f 5461/1642/5791 5462/1643/5676 5458/1639/5788
f 5461/1642/5791 5458/1639/5788 5457/1638/5787
f 5463/1644/5792 5464/1645/5680 5457/1638/5793
f 5463/1644/5792 5457/1638/5794 5460/1641/5790
f 5465/1646/5795 5466/1647/5796 5460/1641/5790
f 5465/1646/5795 5460/1641/5790 5459/1640/5789
f 5467/1648/5797 5468/1649/5798 5459/1640/5789
f 5467/1648/5797 5459/1640/5789 5458/1639/5799
f 5469/1650/5430 5470/1651/149 5471/1652/149
f 5469/1650/5430 5471/1652/149 5472/1653/5431
f 5473/1654/5432 5474/1655/80 5475/1656/80
f 5473/1654/5432 5475/1656/80 5476/1657/5433
f 5470/1651/149 5469/1650/5430 5476/1657/5433
f 5470/1651/149 5476/1657/5433 5477/1658/149
f 5478/1659/5434 5479/1660/73 5480/1661/73
f 5478/1659/5434 5480/1661/73 5481/1662/73
f 5482/1663/5800 5483/1664/5801 5484/1665/165
f 5482/1663/5800 5484/1665/165 5485/1666/5437
f 5486/1667/5802 5482/1663/5800 5485/1666/5437
f 5486/1667/5802 5485/1666/5437 5487/1668/5432
f 5469/1650/5430 5488/1669/5439 5473/1654/5432
f 5469/1650/5430 5473/1654/5432 5476/1657/5433
f 5489/1670/5803 5478/1659/5434 5481/1662/73
f 5489/1670/5803 5481/1662/73 5490/1671/73
f 5487/1668/5432 5491/1672/80 5474/1655/80
f 5487/1668/5432 5474/1655/80 5473/1654/5432
f 5486/1667/5802 5488/1669/5439 5478/1659/5434
f 5486/1667/5802 5478/1659/5434 5489/1670/5803
f 5492/1673/5441 5472/1653/5431 5493/1674/5442
f 5492/1673/5441 5493/1674/5442 5494/1675/5434
f 5488/1669/5439 5469/1650/5430 5472/1653/5431
f 5488/1669/5439 5472/1653/5431 5492/1673/5441
f 5479/1660/73 5478/1659/5434 5494/1675/5434
f 5479/1660/73 5494/1675/5434 5493/1674/5442
f 5478/1659/5434 5488/1669/5439 5492/1673/5441
f 5478/1659/5434 5492/1673/5441 5494/1675/5434
f 5489/1670/5803 5495/1676/5443 5496/1677/5804
f 5489/1670/5803 5496/1677/5804 5497/1678/5805
f 5485/1666/5437 5484/1665/165 5491/1672/80
f 5485/1666/5437 5491/1672/80 5487/1668/5432
f 5495/1676/5443 5489/1670/5803 5490/1671/73
f 5495/1676/5443 5490/1671/73 5498/1679/73
f 5488/1669/5439 5486/1667/5802 5487/1668/5432
f 5488/1669/5439 5487/1668/5432 5473/1654/5432
f 5499/1680/5806 5497/1678/5805 5500/1681/5448
f 5499/1680/5806 5500/1681/5448 5501/1682/5807
f 5483/1664/5801 5482/1663/5800 5502/1683/5808
f 5483/1664/5801 5502/1683/5808 5503/1684/5809
f 5486/1667/5810 5489/1670/5803 5497/1678/5805
f 5486/1667/5802 5497/1678/5805 5499/1680/5811
f 5482/1663/5800 5486/1667/5802 5499/1680/5806
f 5482/1663/5800 5499/1680/5806 5502/1683/5808
f 5503/1684/5809 5502/1683/5808 5504/1685/5706
f 5503/1684/5809 5504/1685/5706 5505/1686/5812
f 5502/1683/5808 5499/1680/5806 5501/1682/5807
f 5502/1683/5808 5501/1682/5807 5504/1685/5706
f 5497/1678/5805 5496/1677/5813 5506/1687/5814
f 5497/1678/5805 5506/1687/5814 5500/1681/5448
f 57/9/55 59/11/57 5507/1592/5815
f 57/9/55 5507/1592/5815 5508/1593/5816
f 5509/1594/5817 5510/1595/5818 60/12/58
f 5509/1594/5817 60/12/58 56/8/54
f 5511/1596/5819 5512/1597/5820 5513/1598/5821
f 5511/1596/5819 5513/1598/5821 58/10/56
f 51/3/49 54/6/52 5514/1599/5822
f 51/3/49 5514/1599/5822 5515/1600/5823
f 5514/1599/5822 5516/1601/5824 5517/1602/5825
f 5514/1599/5822 5517/1602/5825 5518/1603/5826
f 5519/1604/5827 49/1/47 51/3/49
f 5519/1604/5827 51/3/49 5515/1600/5823
f 50/2/48 52/4/50 54/6/52
f 50/2/5828 54/6/5829 51/3/5830
f 53/5/51 5516/1601/5824 5514/1599/5831
f 53/5/5832 5514/1599/5831 54/6/52
f 55/7/53 5520/1605/5833 5509/1594/5817
f 55/7/53 5509/1594/5817 56/8/54
f 5511/1596/5819 58/10/56 60/12/58
f 5511/1596/5819 60/12/58 5510/1595/5818
f 59/11/57 57/9/5834 56/8/5835
f 59/11/5836 56/8/54 60/12/58
f 49/1/47 55/7/53 57/9/55
f 49/1/47 57/9/5834 5508/1593/5816
f 58/10/56 5513/1598/5837 5507/1592/5838
f 58/10/56 5507/1592/5838 59/11/5836
f 5519/1604/5827 5520/1605/5833 55/7/53
f 5519/1604/5827 55/7/53 49/1/5839
f 5521/1606/5840 5522/1607/5841 5523/1608/5842
f 5521/1606/5840 5523/1608/5842 5524/1609/5362
f 5512/1597/5820 5511/1596/5843 5525/1610/5844
f 5512/1597/5820 5525/1610/5844 5526/1611/5845
f 5519/1604/5827 5515/1600/5823 5527/1612/5846
f 5519/1604/5827 5527/1612/5846 5522/1607/5841
f 5511/1596/5819 5510/1595/5847 5528/1613/5848
f 5511/1596/5849 5528/1613/5848 5525/1610/5850
f 5520/1605/5833 5519/1604/5827 5522/1607/5841
f 5520/1605/5833 5522/1607/5841 5521/1606/5840
f 5509/1594/5817 5520/1605/5851 5521/1606/5840
f 5509/1594/5852 5521/1606/5853 5529/1614/5854
f 5510/1595/5847 5509/1594/5855 5529/1614/5854
f 5510/1595/5847 5529/1614/5856 5528/1613/5848
f 5515/1600/5823 5514/1599/5857 5518/1603/5826
f 5515/1600/5823 5518/1603/5826 5527/1612/5858
f 5530/1615/5859 5531/1616/5860 5532/1617/5861
f 5530/1615/5859 5532/1617/5861 5533/1618/5862
f 5529/1614/5854 5521/1606/5853 5524/1609/5362
f 5529/1614/5863 5524/1609/5379 5534/1619/5864
f 5522/1607/5841 5527/1612/5865 5535/1620/5866
f 5522/1607/5867 5535/1620/5866 5523/1608/5842
f 5528/1613/5848 5529/1614/5868 5534/1619/5864
f 5528/1613/5848 5534/1619/5864 5536/1621/5869
f 5527/1612/5858 5518/1603/5826 5537/1622/5870
f 5527/1612/5858 5537/1622/5870 5535/1620/5866
f 5525/1610/5850 5528/1613/5871 5536/1621/5869
f 5525/1610/5844 5536/1621/5869 5538/1623/5872
f 5518/1603/5873 5517/1602/5874 5539/1624/5875
f 5518/1603/5826 5539/1624/5875 5537/1622/5870
f 5526/1611/5845 5525/1610/5876 5538/1623/5872
f 5526/1611/5845 5538/1623/5872 5540/1625/5877
f 5541/1626/5878 5542/1627/5879 5543/1628/5880
f 5541/1626/5878 5543/1628/5880 5544/1629/5881
f 5545/1630/5882 5541/1626/5878 5544/1629/5881
f 5545/1630/5882 5544/1629/5881 5546/1631/5883
f 5542/1627/5879 5547/1632/5884 5548/1633/5885
f 5542/1627/5879 5548/1633/5885 5543/1628/5880
f 5549/1634/5886 5545/1630/5887 5546/1631/5883
f 5549/1634/5886 5546/1631/5883 5550/1635/5888
f 5547/1632/5884 5551/1636/5889 5552/1637/5890
f 5547/1632/5884 5552/1637/5890 5548/1633/5891
f 5531/1616/5860 5549/1634/5886 5550/1635/5888
f 5531/1616/5860 5550/1635/5888 5532/1617/5892
f 5551/1636/5889 5530/1615/5859 5533/1618/5862
f 5551/1636/5893 5533/1618/5862 5552/1637/5890
f 5553/1638/5894 5554/1639/5895 5555/1640/5896
f 5553/1638/5894 5555/1640/5896 5556/1641/5897
f 5557/1642/5898 5558/1643/5899 5554/1639/5895
f 5557/1642/5898 5554/1639/5895 5553/1638/5894
f 5559/1644/5900 5560/1645/5901 5553/1638/5902
f 5559/1644/5900 5553/1638/5903 5556/1641/5897
f 5561/1646/5904 5562/1647/5555 5556/1641/5897
f 5561/1646/5904 5556/1641/5897 5555/1640/5896
f 5563/1648/5905 5564/1649/5906 5555/1640/5907
f 5563/1648/5905 5555/1640/5896 5554/1639/5908
f 5565/1650/5430 5566/1651/149 5567/1652/149
f 5565/1650/5430 5567/1652/149 5568/1653/5431
f 5569/1654/5432 5570/1655/80 5571/1656/80
f 5569/1654/5432 5571/1656/80 5572/1657/5433
f 5566/1651/149 5565/1650/5430 5572/1657/5433
f 5566/1651/149 5572/1657/5433 5573/1658/149
f 5574/1659/5434 5575/1660/73 5576/1661/73
f 5574/1659/5434 5576/1661/73 5577/1662/73
f 5578/1663/5909 5579/1664/5910 5580/1665/165
f 5578/1663/5909 5580/1665/165 5581/1666/5437
f 5582/1667/5691 5578/1663/5909 5581/1666/5437
f 5582/1667/5691 5581/1666/5437 5583/1668/5432
f 5565/1650/5430 5584/1669/5439 5569/1654/5432
f 5565/1650/5430 5569/1654/5432 5572/1657/5433
f 5585/1670/5911 5574/1659/5434 5577/1662/73
f 5585/1670/5911 5577/1662/73 5586/1671/73
f 5583/1668/5432 5587/1672/80 5570/1655/80
f 5583/1668/5432 5570/1655/80 5569/1654/5432
f 5582/1667/5691 5584/1669/5439 5574/1659/5434
f 5582/1667/5691 5574/1659/5434 5585/1670/5911
f 5588/1673/5441 5568/1653/5431 5589/1674/5442
f 5588/1673/5441 5589/1674/5442 5590/1675/5434
f 5584/1669/5439 5565/1650/5430 5568/1653/5431
f 5584/1669/5439 5568/1653/5431 5588/1673/5441
f 5575/1660/73 5574/1659/5434 5590/1675/5434
f 5575/1660/73 5590/1675/5434 5589/1674/5442
f 5574/1659/5434 5584/1669/5439 5588/1673/5441
f 5574/1659/5434 5588/1673/5441 5590/1675/5434
f 5585/1670/5911 5591/1676/5912 5592/1677/5913
f 5585/1670/5693 5592/1677/5913 5593/1678/5914
f 5581/1666/5437 5580/1665/165 5587/1672/80
f 5581/1666/5437 5587/1672/80 5583/1668/5432
f 5591/1676/5912 5585/1670/5911 5586/1671/73
f 5591/1676/5912 5586/1671/73 5594/1679/73
f 5584/1669/5439 5582/1667/5691 5583/1668/5432
f 5584/1669/5439 5583/1668/5432 5569/1654/5432
f 5595/1680/5915 5593/1678/5914 5596/1681/5448
f 5595/1680/5915 5596/1681/5448 5597/1682/5916
f 5579/1664/5910 5578/1663/5909 5598/1683/5917
f 5579/1664/5910 5598/1683/5917 5599/1684/5918
f 5582/1667/5691 5585/1670/5911 5593/1678/5914
f 5582/1667/5691 5593/1678/5914 5595/1680/5915
f 5578/1663/5909 5582/1667/5919 5595/1680/5915
f 5578/1663/5909 5595/1680/5915 5598/1683/5917
f 5599/1684/5918 5598/1683/5917 5600/1685/5920
f 5599/1684/5918 5600/1685/5920 5601/1686/5576
f 5598/1683/5917 5595/1680/5915 5597/1682/5916
f 5598/1683/5917 5597/1682/5916 5600/1685/5921
f 5593/1678/5914 5592/1677/5913 5602/1687/73
f 5593/1678/5914 5602/1687/73 5596/1681/5448
f 69/9/67 71/11/69 5603/1592/5922
f 69/9/67 5603/1592/5922 5604/1593/5923
f 5605/1594/5924 5606/1595/5925 72/12/70
f 5605/1594/5924 72/12/70 68/8/66
f 5607/1596/5926 5608/1597/5927 5609/1598/5336
f 5607/1596/5926 5609/1598/5336 70/10/68
f 63/3/61 66/6/64 5610/1599/5928
f 63/3/61 5610/1599/5928 5611/1600/5929
f 5610/1599/5928 5612/1601/5930 5613/1602/5931
f 5610/1599/5928 5613/1602/5931 5614/1603/5932
f 5615/1604/5933 61/1/59 63/3/61
f 5615/1604/5933 63/3/61 5611/1600/5929
f 62/2/60 64/4/62 66/6/64
f 62/2/60 66/6/5934 63/3/5935
f 65/5/63 5612/1601/5930 5610/1599/5936
f 65/5/5937 5610/1599/5938 66/6/5939
f 67/7/65 5616/1605/5940 5605/1594/5924
f 67/7/5941 5605/1594/5924 68/8/66
f 5607/1596/5926 70/10/68 72/12/70
f 5607/1596/5926 72/12/70 5606/1595/5925
f 71/11/5942 69/9/67 68/8/5943
f 71/11/5942 68/8/5943 72/12/70
f 61/1/5944 67/7/65 69/9/5945
f 61/1/5944 69/9/5945 5604/1593/5923
f 70/10/68 5609/1598/5336 5603/1592/5922
f 70/10/5946 5603/1592/5815 71/11/5942
f 5615/1604/5933 5616/1605/5940 67/7/5947
f 5615/1604/5933 67/7/5948 61/1/5944
f 5617/1606/5949 5618/1607/5950 5619/1608/5951
f 5617/1606/5949 5619/1608/5951 5620/1609/5952
f 5608/1597/5927 5607/1596/5926 5621/1610/5953
f 5608/1597/5927 5621/1610/5953 5622/1611/5954
f 5615/1604/5933 5611/1600/5929 5623/1612/5955
f 5615/1604/5933 5623/1612/5955 5618/1607/5950
f 5607/1596/5926 5606/1595/5956 5624/1613/5957
f 5607/1596/5926 5624/1613/5957 5621/1610/5953
f 5616/1605/5958 5615/1604/5933 5618/1607/5950
f 5616/1605/5959 5618/1607/5960 5617/1606/5949
f 5605/1594/5961 5616/1605/5962 5617/1606/5963
f 5605/1594/5964 5617/1606/5963 5625/1614/5965
f 5606/1595/5956 5605/1594/5961 5625/1614/5965
f 5606/1595/5966 5625/1614/5965 5624/1613/5957
f 5611/1600/5929 5610/1599/5967 5614/1603/5932
f 5611/1600/5929 5614/1603/5932 5623/1612/5968
f 5626/1615/5969 5627/1616/5375 5628/1617/5970
f 5626/1615/5969 5628/1617/5970 5629/1618/5971
f 5625/1614/5965 5617/1606/5963 5620/1609/5952
f 5625/1614/5965 5620/1609/5972 5630/1619/5973
f 5618/1607/5960 5623/1612/5974 5631/1620/5975
f 5618/1607/5960 5631/1620/5975 5619/1608/5951
f 5624/1613/5957 5625/1614/5965 5630/1619/5973
f 5624/1613/5957 5630/1619/5973 5632/1621/5976
f 5623/1612/5955 5614/1603/5932 5633/1622/5977
f 5623/1612/5968 5633/1622/5977 5631/1620/5978
f 5621/1610/5953 5624/1613/5957 5632/1621/5976
f 5621/1610/5953 5632/1621/5976 5634/1623/5979
f 5614/1603/5932 5613/1602/5980 5635/1624/5981
f 5614/1603/5982 5635/1624/5981 5633/1622/5983
f 5622/1611/5954 5621/1610/5953 5634/1623/5979
f 5622/1611/5954 5634/1623/5979 5636/1625/5984
f 5637/1626/5985 5638/1627/5986 5639/1628/5987
f 5637/1626/5985 5639/1628/5987 5640/1629/5988
f 5641/1630/5989 5637/1626/5985 5640/1629/5988
f 5641/1630/5989 5640/1629/5988 5642/1631/5990
f 5638/1627/5986 5643/1632/5991 5644/1633/5992
f 5638/1627/5986 5644/1633/5992 5639/1628/5987
f 5645/1634/5993 5641/1630/5989 5642/1631/5990
f 5645/1634/5993 5642/1631/5990 5646/1635/5994
f 5643/1632/5991 5647/1636/5995 5648/1637/5996
f 5643/1632/5997 5648/1637/5996 5644/1633/5992
f 5627/1616/5375 5645/1634/5998 5646/1635/5994
f 5627/1616/5409 5646/1635/5994 5628/1617/5970
f 5647/1636/5995 5626/1615/5969 5629/1618/5971
f 5647/1636/5999 5629/1618/5971 5648/1637/5996
f 5649/1638/6000 5650/1639/6001 5651/1640/6002
f 5649/1638/6000 5651/1640/6002 5652/1641/6003
f 5653/1642/6004 5654/1643/6005 5650/1639/6001
f 5653/1642/6004 5650/1639/6006 5649/1638/6000
f 5655/1644/6007 5656/1645/6008 5649/1638/6000
f 5655/1644/6007 5649/1638/6009 5652/1641/6003
f 5657/1646/6010 5658/1647/5426 5652/1641/6003
f 5657/1646/6010 5652/1641/6011 5651/1640/6002
f 5659/1648/6012 5660/1649/6013 5651/1640/6014
f 5659/1648/6012 5651/1640/6014 5650/1639/6015
f 5661/1650/5430 5662/1651/149 5663/1652/149
f 5661/1650/5430 5663/1652/149 5664/1653/5431
f 5665/1654/5432 5666/1655/80 5667/1656/80
f 5665/1654/5432 5667/1656/80 5668/1657/5433
f 5662/1651/149 5661/1650/5430 5668/1657/5433
f 5662/1651/149 5668/1657/5433 5669/1658/149
f 5670/1659/5434 5671/1660/73 5672/1661/73
f 5670/1659/5434 5672/1661/73 5673/1662/73
f 5674/1663/6016 5675/1664/6017 5676/1665/165
f 5674/1663/6016 5676/1665/165 5677/1666/5437
f 5678/1667/6018 5674/1663/6016 5677/1666/5437
f 5678/1667/6018 5677/1666/5437 5679/1668/5432
f 5661/1650/5430 5680/1669/5439 5665/1654/5432
f 5661/1650/5430 5665/1654/5432 5668/1657/5433
f 5681/1670/6019 5670/1659/5434 5673/1662/73
f 5681/1670/6019 5673/1662/73 5682/1671/73
f 5679/1668/5432 5683/1672/80 5666/1655/80
f 5679/1668/5432 5666/1655/80 5665/1654/5432
f 5678/1667/6018 5680/1669/5439 5670/1659/5434
f 5678/1667/6018 5670/1659/5434 5681/1670/6019
f 5684/1673/5441 5664/1653/5431 5685/1674/5442
f 5684/1673/5441 5685/1674/5442 5686/1675/5434
f 5680/1669/5439 5661/1650/5430 5664/1653/5431
f 5680/1669/5439 5664/1653/5431 5684/1673/5441
f 5671/1660/73 5670/1659/5434 5686/1675/5434
f 5671/1660/73 5686/1675/5434 5685/1674/5442
f 5670/1659/5434 5680/1669/5439 5684/1673/5441
f 5670/1659/5434 5684/1673/5441 5686/1675/5434
f 5681/1670/6019 5687/1676/6020 5688/1677/6021
f 5681/1670/6019 5688/1677/6021 5689/1678/6022
f 5677/1666/5437 5676/1665/165 5683/1672/80
f 5677/1666/5437 5683/1672/80 5679/1668/5432
f 5687/1676/6020 5681/1670/6019 5682/1671/73
f 5687/1676/6020 5682/1671/73 5690/1679/73
f 5680/1669/5439 5678/1667/6018 5679/1668/5432
f 5680/1669/5439 5679/1668/5432 5665/1654/5432
f 5691/1680/6023 5689/1678/6022 5692/1681/6024
f 5691/1680/6023 5692/1681/6024 5693/1682/6025
f 5675/1664/6017 5674/1663/6016 5694/1683/6026
f 5675/1664/6017 5694/1683/6026 5695/1684/6027
f 5678/1667/6018 5681/1670/6019 5689/1678/6028
f 5678/1667/6018 5689/1678/6022 5691/1680/6023
f 5674/1663/6016 5678/1667/6018 5691/1680/6029
f 5674/1663/6030 5691/1680/6031 5694/1683/6032
f 5695/1684/6027 5694/1683/6026 5696/1685/6033
f 5695/1684/6027 5696/1685/6033 5697/1686/5458
f 5694/1683/6026 5691/1680/6034 5693/1682/6025
f 5694/1683/6026 5693/1682/6025 5696/1685/6033
f 5689/1678/6022 5688/1677/6021 5698/1687/6035
f 5689/1678/6022 5698/1687/6035 5692/1681/6036
f 5699/1450/6037 5700/1451/6038 5701/1452/6039
f 5699/1450/6037 5701/1452/6039 5702/1453/6040
f 5703/1454/6041 5704/1455/6042 5705/1456/6043
f 5703/1454/6041 5705/1456/6043 5706/1457/6044
f 5706/1457/6044 5705/1456/6043 5707/1458/6045
f 5706/1457/6044 5707/1458/6045 5708/1459/6046
f 5708/1459/6046 5707/1458/6045 5709/1460/6047
f 5708/1459/6046 5709/1460/6047 5710/1461/6048
f 5710/1461/6048 5709/1460/6049 5711/1462/6050
f 5710/1461/6048 5711/1462/6050 5712/1463/6051
f 5713/1464/6052 5714/1465/6053 5701/1452/6054
f 5713/1464/6052 5701/1452/6054 5700/1451/6038
f 5715/1466/6055 5716/1467/6056 5717/1468/6057
f 5715/1466/6055 5717/1468/6057 5718/1469/6058
f 5719/1470/6059 5715/1466/6060 5720/1471/6061
f 5719/1470/6059 5720/1471/6061 5721/1472/6062
f 5721/1472/6062 5720/1471/6063 5722/1473/6064
f 5721/1472/6065 5722/1473/6064 5723/1474/6066
f 5724/1475/6067 5725/1476/6068 5726/1477/6069
f 5724/1475/6067 5726/1477/6069 5727/1478/6070
f 5718/1469/6058 5717/1468/6057 5725/1476/6068
f 5718/1469/6058 5725/1476/6068 5724/1475/6067
f 5728/1479/6071 5729/1480/6072 5727/1478/6070
f 5728/1479/6071 5727/1478/6070 5726/1477/6069
f 5730/1481/6073 5731/1482/6074 5732/1483/6075
f 5730/1481/6073 5732/1483/6075 5733/1484/6076
f 5733/1484/6076 5732/1483/6077 5734/1485/6078
f 5733/1484/6079 5734/1485/6078 5735/1486/6080
f 5736/1487/6081 5737/1488/6082 5738/1489/6083
f 5736/1487/6081 5738/1489/6083 5739/1490/6084
f 5739/1490/6084 5738/1489/6085 5740/1491/6086
f 5739/1490/6087 5740/1491/6086 5741/1492/6088
f 5742/1493/6089 5743/1494/6090 5744/1495/6091
f 5742/1493/6089 5744/1495/6091 5745/1496/6092
f 5746/1497/6093 5747/1498/6094 5706/1457/6044
f 5746/1497/6093 5706/1457/6044 5708/1459/6046
f 5748/1499/6095 5749/1500/6096 5750/1501/6097
f 5748/1499/6095 5750/1501/6097 5751/1502/6098
f 5716/1467/6056 5715/1466/6060 5719/1470/6059
f 5716/1467/6056 5719/1470/6099 5752/1503/6100
f 5753/1504/6101 5754/1505/6102 5755/1506/6103
f 5753/1504/6101 5755/1506/6103 5756/1507/6104
f 5757/1508/6105 5758/1509/6106 5707/1458/6045
f 5757/1508/6105 5707/1458/6107 5705/1456/6043
f 5759/1510/6108 5742/1493/6089 5745/1496/6092
f 5759/1510/6108 5745/1496/6109 5760/1511/6110
f 5761/1512/6111 5746/1497/6093 5708/1459/6046
f 5761/1512/6111 5708/1459/6112 5710/1461/6113
f 5754/1505/6102 5762/1513/6114 5763/1514/6115
f 5754/1505/6116 5763/1514/6115 5755/1506/6117
f 5758/1509/6106 5764/1515/6118 5709/1460/6047
f 5758/1509/6119 5709/1460/6049 5707/1458/6120
f 5765/1516/6121 5759/1510/6122 5760/1511/6110
f 5765/1516/6121 5760/1511/6123 5766/1517/6124
f 5767/1518/6125 5761/1512/6126 5710/1461/6127
f 5767/1518/6125 5710/1461/6113 5712/1463/6051
f 5762/1513/6114 5768/1519/6128 5769/1520/6129
f 5762/1513/6114 5769/1520/6129 5763/1514/6115
f 5764/1515/6118 5770/1521/6130 5711/1462/6050
f 5764/1515/6118 5711/1462/6050 5709/1460/6049
f 5771/1522/6131 5765/1516/6132 5766/1517/6124
f 5771/1522/6131 5766/1517/6133 5772/1523/6134
f 5772/1523/6134 5766/1517/6135 5713/1464/6052
f 5772/1523/6134 5713/1464/6052 5700/1451/6038
f 5768/1519/6128 5773/1524/6136 5774/1525/6137
f 5768/1519/6138 5774/1525/6137 5769/1520/6129
f 5769/1520/6129 5774/1525/6139 5701/1452/6054
f 5769/1520/6129 5701/1452/6054 5714/1465/6053
f 5731/1482/6074 5771/1522/6131 5772/1523/6140
f 5731/1482/6074 5772/1523/6141 5775/1526/6142
f 5775/1526/6142 5772/1523/6143 5700/1451/6144
f 5775/1526/6145 5700/1451/6038 5699/1450/6146
f 5702/1453/6040 5701/1452/6147 5774/1525/6137
f 5702/1453/6040 5774/1525/6148 5776/1527/6149
f 5776/1527/6149 5774/1525/6150 5773/1524/6136
f 5776/1527/6151 5773/1524/6136 5736/1487/6152
f 5777/1528/6153 5722/1473/6064 5720/1471/6154
f 5777/1528/6153 5720/1471/6155 5778/1529/6156
f 5778/1529/6156 5720/1471/6157 5715/1466/6158
f 5778/1529/6159 5715/1466/6160 5718/1469/6058
f 5749/1500/6096 5779/1530/6161 5780/1531/6162
f 5749/1500/6096 5780/1531/6162 5750/1501/6097
f 5750/1501/6097 5780/1531/6162 5717/1468/6057
f 5750/1501/6097 5717/1468/6057 5716/1467/6163
f 5781/1532/6164 5777/1528/6165 5778/1529/6166
f 5781/1532/6164 5778/1529/6167 5782/1533/6168
f 5782/1533/6168 5778/1529/6169 5718/1469/6058
f 5782/1533/6168 5718/1469/6170 5724/1475/6171
f 5779/1530/6161 5783/1534/6172 5784/1535/6173
f 5779/1530/6161 5784/1535/6173 5780/1531/6174
f 5780/1531/6174 5784/1535/6173 5725/1476/6068
f 5780/1531/6174 5725/1476/6068 5717/1468/6057
f 5785/1536/6175 5781/1532/6164 5782/1533/6176
f 5785/1536/6175 5782/1533/6177 5786/1537/6178
f 5786/1537/6178 5782/1533/6179 5724/1475/6171
f 5786/1537/6178 5724/1475/6067 5727/1478/6180
f 5783/1534/6172 5787/1538/6181 5788/1539/6182
f 5783/1534/6183 5788/1539/6182 5784/1535/6184
f 5784/1535/6185 5788/1539/6182 5726/1477/6069
f 5784/1535/6184 5726/1477/6186 5725/1476/6068
f 5789/1540/6187 5757/1508/6188 5705/1456/6043
f 5789/1540/6187 5705/1456/6189 5704/1455/6042
f 5790/1541/6190 5753/1504/6191 5756/1507/6104
f 5790/1541/6190 5756/1507/6104 5791/1542/6192
f 5727/1478/6180 5729/1480/6072 5792/1543/6193
f 5727/1478/6194 5792/1543/6193 5786/1537/6178
f 5786/1537/6178 5792/1543/6193 5737/1488/6082
f 5786/1537/6178 5737/1488/6082 5785/1536/6195
f 5787/1538/6181 5730/1481/6073 5793/1544/6196
f 5787/1538/6181 5793/1544/6196 5788/1539/6182
f 5788/1539/6182 5793/1544/6197 5728/1479/6198
f 5788/1539/6199 5728/1479/6198 5726/1477/6186
f 5751/1502/6098 5750/1501/6200 5716/1467/6163
f 5751/1502/6098 5716/1467/6201 5752/1503/6100
f 5747/1498/6094 5794/1545/6202 5703/1454/6041
f 5747/1498/6094 5703/1454/6041 5706/1457/6044
f 5743/1494/6090 5795/1546/6203 5796/1547/6204
f 5743/1494/6090 5796/1547/6204 5744/1495/6091
f 5721/1472/6205 5723/1474/6066 5790/1541/6190
f 5721/1472/6065 5790/1541/6190 5791/1542/6192
f 5719/1470/6206 5721/1472/6062 5791/1542/6192
f 5719/1470/6099 5791/1542/6207 5797/1548/6208
f 5748/1499/6209 5751/1502/6210 5796/1547/6211
f 5748/1499/6209 5796/1547/6212 5795/1546/6203
f 5751/1502/6098 5752/1503/6100 5798/1549/6213
f 5751/1502/6214 5798/1549/6213 5796/1547/6212
f 5752/1503/6215 5719/1470/6059 5797/1548/6208
f 5752/1503/6215 5797/1548/6208 5798/1549/6213
f 5799/1450/6216 5800/1451/6217 5801/1452/6218
f 5799/1450/6216 5801/1452/6218 5802/1453/6219
f 5803/1454/6220 5804/1455/6221 5805/1456/6222
f 5803/1454/6220 5805/1456/6222 5806/1457/6223
f 5806/1457/6223 5805/1456/6224 5807/1458/6225
f 5806/1457/6223 5807/1458/6225 5808/1459/6226
f 5808/1459/6226 5807/1458/6225 5809/1460/6227
f 5808/1459/6226 5809/1460/6227 5810/1461/6228
f 5810/1461/6228 5809/1460/6227 5811/1462/6229
f 5810/1461/6228 5811/1462/6229 5812/1463/6230
f 5813/1464/6231 5814/1465/6232 5801/1452/6218
f 5813/1464/6231 5801/1452/6233 5800/1451/6217
f 5815/1466/6234 5816/1467/6235 5817/1468/6236
f 5815/1466/6234 5817/1468/6236 5818/1469/6237
f 5819/1470/6238 5815/1466/6239 5820/1471/6240
f 5819/1470/6238 5820/1471/6240 5821/1472/6241
f 5821/1472/6241 5820/1471/6240 5822/1473/6242
f 5821/1472/6243 5822/1473/6242 5823/1474/6244
f 5824/1475/6245 5825/1476/6246 5826/1477/6247
f 5824/1475/6245 5826/1477/6247 5827/1478/6248
f 5818/1469/6237 5817/1468/6236 5825/1476/6246
f 5818/1469/6237 5825/1476/6246 5824/1475/6245
f 5828/1479/6249 5829/1480/6250 5827/1478/6248
f 5828/1479/6249 5827/1478/6248 5826/1477/6247
f 5830/1481/6251 5831/1482/6252 5832/1483/6253
f 5830/1481/6251 5832/1483/6253 5833/1484/6254
f 5833/1484/6254 5832/1483/6253 5834/1485/6255
f 5833/1484/6256 5834/1485/6255 5835/1486/6257
f 5836/1487/6258 5837/1488/6259 5838/1489/6260
f 5836/1487/6258 5838/1489/6260 5839/1490/6261
f 5839/1490/6261 5838/1489/6262 5840/1491/6263
f 5839/1490/6261 5840/1491/6263 5841/1492/6264
f 5842/1493/6265 5843/1494/6266 5844/1495/6267
f 5842/1493/6265 5844/1495/6267 5845/1496/6268
f 5846/1497/6269 5847/1498/6270 5806/1457/6223
f 5846/1497/6269 5806/1457/6271 5808/1459/6226
f 5848/1499/6272 5849/1500/6273 5850/1501/6274
f 5848/1499/6272 5850/1501/6274 5851/1502/6275
f 5816/1467/6235 5815/1466/6239 5819/1470/6276
f 5816/1467/6277 5819/1470/6278 5852/1503/6279
f 5853/1504/6280 5854/1505/6281 5855/1506/6282
f 5853/1504/6280 5855/1506/6282 5856/1507/6283
f 5857/1508/6284 5858/1509/6285 5807/1458/6225
f 5857/1508/6284 5807/1458/6225 5805/1456/6286
f 5859/1510/6287 5842/1493/6265 5845/1496/6268
f 5859/1510/6287 5845/1496/6288 5860/1511/6289
f 5861/1512/6290 5846/1497/6291 5808/1459/6292
f 5861/1512/6290 5808/1459/6293 5810/1461/6228
f 5854/1505/6281 5862/1513/6294 5863/1514/6295
f 5854/1505/6281 5863/1514/6295 5855/1506/6296
f 5858/1509/6285 5864/1515/6297 5809/1460/6227
f 5858/1509/6285 5809/1460/6298 5807/1458/6225
f 5865/1516/6299 5859/1510/6300 5860/1511/6289
f 5865/1516/6299 5860/1511/6289 5866/1517/6301
f 5867/1518/6302 5861/1512/6290 5810/1461/6303
f 5867/1518/6302 5810/1461/6304 5812/1463/6230
f 5862/1513/6294 5868/1519/6305 5869/1520/6306
f 5862/1513/6294 5869/1520/6306 5863/1514/6307
f 5864/1515/6297 5870/1521/6308 5811/1462/6229
f 5864/1515/6309 5811/1462/6310 5809/1460/6298
f 5871/1522/6311 5865/1516/6299 5866/1517/6301
f 5871/1522/6311 5866/1517/6312 5872/1523/6313
f 5872/1523/6313 5866/1517/6314 5813/1464/6231
f 5872/1523/6313 5813/1464/6231 5800/1451/6217
f 5868/1519/6305 5873/1524/6315 5874/1525/6316
f 5868/1519/6305 5874/1525/6316 5869/1520/6317
f 5869/1520/6318 5874/1525/6319 5801/1452/6320
f 5869/1520/6321 5801/1452/6320 5814/1465/6232
f 5831/1482/6252 5871/1522/6322 5872/1523/6313
f 5831/1482/6252 5872/1523/6323 5875/1526/6324
f 5875/1526/6324 5872/1523/6325 5800/1451/6326
f 5875/1526/6324 5800/1451/6217 5799/1450/6216
f 5802/1453/6219 5801/1452/6327 5874/1525/6328
f 5802/1453/6329 5874/1525/6319 5876/1527/6330
f 5876/1527/6330 5874/1525/6328 5873/1524/6315
f 5876/1527/6330 5873/1524/6331 5836/1487/6258
f 5877/1528/6332 5822/1473/6333 5820/1471/6240
f 5877/1528/6332 5820/1471/6334 5878/1529/6335
f 5878/1529/6335 5820/1471/6334 5815/1466/6234
f 5878/1529/6335 5815/1466/6234 5818/1469/6237
f 5849/1500/6273 5879/1530/6336 5880/1531/6337
f 5849/1500/6273 5880/1531/6337 5850/1501/6274
f 5850/1501/6274 5880/1531/6337 5817/1468/6338
f 5850/1501/6274 5817/1468/6338 5816/1467/6339
f 5881/1532/6340 5877/1528/6332 5878/1529/6335
f 5881/1532/6340 5878/1529/6341 5882/1533/6342
f 5882/1533/6342 5878/1529/6335 5818/1469/6237
f 5882/1533/6342 5818/1469/6343 5824/1475/6245
f 5879/1530/6336 5883/1534/6344 5884/1535/6345
f 5879/1530/6346 5884/1535/6345 5880/1531/6347
f 5880/1531/6348 5884/1535/6345 5825/1476/6349
f 5880/1531/6350 5825/1476/6246 5817/1468/6351
f 5885/1536/6352 5881/1532/6353 5882/1533/6354
f 5885/1536/6352 5882/1533/6355 5886/1537/6356
f 5886/1537/6356 5882/1533/6357 5824/1475/6245
f 5886/1537/6356 5824/1475/6358 5827/1478/6359
f 5883/1534/6344 5887/1538/6360 5888/1539/6361
f 5883/1534/6344 5888/1539/6361 5884/1535/6362
f 5884/1535/6345 5888/1539/6363 5826/1477/6247
f 5884/1535/6364 5826/1477/6365 5825/1476/6349
f 5889/1540/6366 5857/1508/6367 5805/1456/6368
f 5889/1540/6366 5805/1456/6368 5804/1455/6221
f 5890/1541/6369 5853/1504/6370 5856/1507/6283
f 5890/1541/6369 5856/1507/6371 5891/1542/6372
f 5827/1478/6373 5829/1480/6250 5892/1543/6374
f 5827/1478/6373 5892/1543/6374 5886/1537/6375
f 5886/1537/6356 5892/1543/6374 5837/1488/6259
f 5886/1537/6375 5837/1488/6259 5885/1536/6352
f 5887/1538/6360 5830/1481/6251 5893/1544/6376
f 5887/1538/6377 5893/1544/6376 5888/1539/6378
f 5888/1539/6361 5893/1544/6376 5828/1479/6379
f 5888/1539/6363 5828/1479/6379 5826/1477/6380
f 5851/1502/6275 5850/1501/6274 5816/1467/6381
f 5851/1502/6275 5816/1467/6339 5852/1503/6279
f 5847/1498/6270 5894/1545/6382 5803/1454/6383
f 5847/1498/6270 5803/1454/6384 5806/1457/6385
f 5843/1494/6266 5895/1546/6386 5896/1547/6387
f 5843/1494/6266 5896/1547/6387 5844/1495/6388
f 5821/1472/6243 5823/1474/6244 5890/1541/6389
f 5821/1472/6390 5890/1541/6391 5891/1542/6372
f 5819/1470/6276 5821/1472/6392 5891/1542/6393
f 5819/1470/6276 5891/1542/6394 5897/1548/6395
f 5848/1499/6272 5851/1502/6396 5896/1547/6387
f 5848/1499/6397 5896/1547/6387 5895/1546/6386
f 5851/1502/6275 5852/1503/6279 5898/1549/6398
f 5851/1502/6275 5898/1549/6398 5896/1547/6387
f 5852/1503/6399 5819/1470/6238 5897/1548/6395
f 5852/1503/6400 5897/1548/6395 5898/1549/6398
f 184/117/150 5899/1688/6401 5900/1689/6402
f 5899/1688/6401 184/117/150 5901/1690/6403
f 5900/1689/6402 5902/1691/149 5903/1692/149
f 5902/1691/149 5900/1689/6402 5904/1693/149
f 5903/1692/149 5905/1694/149 5906/1695/149
f 5905/1694/149 5903/1692/149 5907/1696/149
f 5906/1695/149 5908/1697/149 5909/1698/149
f 5908/1697/149 5906/1695/149 5910/1699/149
f 5909/1698/149 5911/1700/149 5912/1701/149
f 5911/1700/149 5909/1698/149 5913/1702/149
f 5912/1701/149 5914/1703/149 5915/1704/149
f 5914/1703/149 5912/1701/149 5916/1705/149
f 560/493/853 564/497/6404 563/496/858
f 564/497/859 560/493/6405 561/494/854
f 561/494/854 560/493/853 558/491/849
f 561/494/854 558/491/849 557/490/848
f 561/494/854 557/490/6406 548/481/836
f 561/494/854 548/481/836 547/480/6407
f 561/494/854 547/480/6407 559/492/852
f 561/494/6408 559/492/852 562/495/6409
f 568/501/863 584/517/879 583/516/6410
f 584/517/879 568/501/863 5917/1706/6411
f 5917/1706/6411 568/501/6412 567/500/862
f 5918/1707/6413 570/503/865 569/502/864
f 570/503/865 5918/1707/6413 565/498/860
f 565/498/860 5918/1707/6413 566/499/861
f 1897/1487/2215 1946/1536/2304 1898/1488/2216
f 1946/1536/2304 1897/1487/2215 1942/1532/2292
f 1942/1532/2292 1897/1487/2215 1938/1528/2283
f 1938/1528/2283 1897/1487/2215 1883/1473/2199
f 1883/1473/6414 1897/1487/2215 1884/1474/2200
f 1884/1474/6415 1897/1487/2215 1951/1541/6416
f 1951/1541/2316 1897/1487/2215 1914/1504/2236
f 1914/1504/2236 1897/1487/2215 1915/1505/2237
f 1915/1505/6417 1897/1487/2215 1923/1513/2249
f 1923/1513/6418 1897/1487/2215 1929/1519/6419
f 1929/1519/2259 1897/1487/2215 1934/1524/6420
f 1948/1538/2326 1892/1482/2210 1891/1481/2324
f 1892/1482/2210 1948/1538/2308 1944/1534/2299
f 1892/1482/2210 1944/1534/2299 1940/1530/2288
f 1892/1482/2210 1940/1530/2288 1910/1500/6421
f 1892/1482/2210 1910/1500/6421 1909/1499/6422
f 1892/1482/2210 1909/1499/6422 1956/1546/6423
f 1892/1482/2210 1956/1546/2334 1904/1494/2223
f 1892/1482/2210 1904/1494/2223 1903/1493/2222
f 1892/1482/6424 1903/1493/6425 1920/1510/2243
f 1892/1482/2210 1920/1510/2243 1926/1516/2254
f 1892/1482/2210 1926/1516/2254 1932/1522/2264
f 4708/501/4787 4724/517/4804 4723/516/6426
f 4724/517/4804 4708/501/4787 5919/1706/6427
f 5919/1706/6427 4708/501/4787 4707/500/6428
f 5920/1707/6429 4710/503/4789 4709/502/6430
f 4710/503/4789 5920/1707/6429 4705/498/4784
f 4705/498/6431 5920/1707/6432 4706/499/4785
f 4776/1487/4862 4825/1536/4949 4777/1488/4863
f 4825/1536/4949 4776/1487/4862 4821/1532/4940
f 4821/1532/4940 4776/1487/4862 4817/1528/4931
f 4817/1528/4931 4776/1487/4862 4762/1473/4846
f 4762/1473/4846 4776/1487/4862 4763/1474/4848
f 4763/1474/6433 4776/1487/4862 4830/1541/4961
f 4830/1541/4961 4776/1487/4862 4793/1504/4884
f 4793/1504/4884 4776/1487/4862 4794/1505/4885
f 4794/1505/4885 4776/1487/4862 4802/1513/6434
f 4802/1513/4897 4776/1487/4862 4808/1519/4907
f 4808/1519/4907 4776/1487/4862 4813/1524/4914
f 4827/1538/6435 4771/1482/4856 4770/1481/4967
f 4771/1482/4856 4827/1538/4954 4823/1534/4944
f 4771/1482/4856 4823/1534/4944 4819/1530/4936
f 4771/1482/4856 4819/1530/6436 4789/1500/6437
f 4771/1482/6438 4789/1500/4878 4788/1499/6439
f 4771/1482/4856 4788/1499/6440 4835/1546/6441
f 4771/1482/4856 4835/1546/4980 4783/1494/4871
f 4771/1482/4856 4783/1494/4871 4782/1493/4870
f 4771/1482/4856 4782/1493/4870 4799/1510/4891
f 4771/1482/4856 4799/1510/4891 4805/1516/4902
f 4771/1482/4856 4805/1516/4902 4811/1522/4909
f 4876/1487/5033 4925/1536/5111 4877/1488/5034
f 4925/1536/5111 4876/1487/5033 4921/1532/5112
f 4921/1532/5112 4876/1487/6442 4917/1528/6443
f 4917/1528/6443 4876/1487/5033 4862/1473/6444
f 4862/1473/5016 4876/1487/5033 4863/1474/6445
f 4863/1474/6445 4876/1487/5033 4930/1541/5124
f 4930/1541/6446 4876/1487/5033 4893/1504/6447
f 4893/1504/5052 4876/1487/5033 4894/1505/5053
f 4894/1505/5064 4876/1487/5033 4902/1513/6448
f 4902/1513/6448 4876/1487/5033 4908/1519/5073
f 4908/1519/5073 4876/1487/5033 4913/1524/5081
f 4927/1538/5117 4871/1482/6449 4870/1481/5027
f 4871/1482/6450 4927/1538/5117 4923/1534/5108
f 4871/1482/5028 4923/1534/5108 4919/1530/5102
f 4871/1482/5028 4919/1530/5102 4889/1500/5047
f 4871/1482/5028 4889/1500/5047 4888/1499/5046
f 4871/1482/5028 4888/1499/5046 4935/1546/5139
f 4871/1482/5028 4935/1546/5139 4883/1494/5141
f 4871/1482/5028 4883/1494/5040 4882/1493/5039
f 4871/1482/5028 4882/1493/5039 4899/1510/5070
f 4871/1482/5028 4899/1510/5058 4905/1516/5069
f 4871/1482/5028 4905/1516/5069 4911/1522/5076
f 4976/1487/5189 5025/1536/5272 4977/1488/5190
f 5025/1536/5272 4976/1487/6451 5021/1532/6452
f 5021/1532/5262 4976/1487/5189 5017/1528/6453
f 5017/1528/6453 4976/1487/5189 4962/1473/5175
f 4962/1473/6454 4976/1487/5189 4963/1474/5176
f 4963/1474/6455 4976/1487/5189 5030/1541/5283
f 5030/1541/5306 4976/1487/5189 4993/1504/6456
f 4993/1504/5210 4976/1487/5189 4994/1505/5211
f 4994/1505/5211 4976/1487/5189 5002/1513/5222
f 5002/1513/6457 4976/1487/6451 5008/1519/6458
f 5008/1519/5232 4976/1487/5189 5013/1524/5240
f 5027/1538/5277 4971/1482/5182 4970/1481/6459
f 4971/1482/5182 5027/1538/5277 5023/1534/5268
f 4971/1482/5182 5023/1534/5268 5019/1530/5259
f 4971/1482/5182 5019/1530/5259 4989/1500/5205
f 4971/1482/5182 4989/1500/5205 4988/1499/5309
f 4971/1482/5182 4988/1499/5204 5035/1546/6460
f 4971/1482/5182 5035/1546/5303 4983/1494/6461
f 4971/1482/5182 4983/1494/6462 4982/1493/5197
f 4971/1482/5182 4982/1493/6463 4999/1510/5216
f 4971/1482/5182 4999/1510/5216 5005/1516/5227
f 4971/1482/5182 5005/1516/5238 5011/1522/6464
f 5921/1690/6465 5922/1689/6466 5923/1688/6467
f 5922/1689/6466 5921/1690/6465 5040/117/165
f 5040/117/165 5921/1690/6465 5041/116/5317
f 5924/1693/6468 5925/1692/6469 5926/1691/6470
f 5925/1692/6469 5924/1693/6468 5922/1689/6466
f 5922/1689/6466 5924/1693/6468 5923/1688/6467
f 5927/1696/6471 5928/1695/6472 5929/1694/6473
f 5928/1695/6472 5927/1696/6471 5925/1692/6469
f 5925/1692/6469 5927/1696/6471 5926/1691/6470
f 5930/1699/6474 5931/1698/6475 5932/1697/6476
f 5931/1698/6475 5930/1699/6474 5928/1695/6472
f 5928/1695/6472 5930/1699/6474 5929/1694/6473
f 5933/1702/6477 5934/1701/6478 5935/1700/6479
f 5934/1701/6478 5933/1702/6477 5931/1698/6475
f 5931/1698/6475 5933/1702/6477 5932/1697/6476
f 5936/1705/6480 5937/1704/6481 5938/1703/6482
f 5937/1704/6481 5936/1705/6480 5934/1701/6478
f 5934/1701/6478 5936/1705/6480 5935/1700/6479
f 5149/1618/5377 5164/1633/5402 5168/1637/6483
f 5164/1633/5402 5149/1618/6484 5159/1628/5396
f 5159/1628/5396 5149/1618/5377 5148/1617/6485
f 5159/1628/6486 5148/1617/6487 5160/1629/6488
f 5160/1629/6489 5148/1617/6487 5166/1635/6490
f 5160/1629/6488 5166/1635/6491 5162/1631/6492
f 5245/1618/6493 5260/1633/6494 5264/1637/6495
f 5260/1633/5533 5245/1618/6496 5255/1628/5528
f 5255/1628/5528 5245/1618/5512 5244/1617/5511
f 5255/1628/5528 5244/1617/6497 5256/1629/6498
f 5256/1629/6499 5244/1617/5511 5262/1635/6500
f 5256/1629/6499 5262/1635/6501 5258/1631/5536
f 5341/1618/6502 5356/1633/5660 5360/1637/6503
f 5356/1633/5668 5341/1618/6504 5351/1628/5661
f 5351/1628/6505 5341/1618/6506 5340/1617/5631
f 5351/1628/5661 5340/1617/5631 5352/1629/5656
f 5352/1629/5656 5340/1617/5631 5358/1635/5664
f 5352/1629/6507 5358/1635/5664 5354/1631/6508
f 5437/1618/6509 5452/1633/6510 5456/1637/5783
f 5452/1633/6510 5437/1618/6511 5447/1628/5772
f 5447/1628/5772 5437/1618/5756 5436/1617/5755
f 5447/1628/6512 5436/1617/6513 5448/1629/5776
f 5448/1629/5776 5436/1617/5755 5454/1635/5781
f 5448/1629/6514 5454/1635/5781 5450/1631/6515
f 5533/1618/6516 5548/1633/6517 5552/1637/5890
f 5548/1633/6517 5533/1618/6516 5543/1628/5880
f 5543/1628/6518 5533/1618/5862 5532/1617/5892
f 5543/1628/5880 5532/1617/5892 5544/1629/5881
f 5544/1629/5881 5532/1617/5892 5550/1635/5888
f 5544/1629/6519 5550/1635/6520 5546/1631/6521
f 5629/1618/5971 5644/1633/6522 5648/1637/6523
f 5644/1633/5992 5629/1618/5971 5639/1628/5987
f 5639/1628/5987 5629/1618/6524 5628/1617/5970
f 5639/1628/5987 5628/1617/6525 5640/1629/6526
f 5640/1629/5988 5628/1617/5970 5646/1635/5994
f 5640/1629/6527 5646/1635/5994 5642/1631/6528
f 5768/1519/6128 5736/1487/6529 5773/1524/6530
f 5736/1487/6531 5768/1519/6128 5737/1488/6082
f 5737/1488/6082 5768/1519/6532 5762/1513/6114
f 5737/1488/6082 5762/1513/6533 5754/1505/6534
f 5737/1488/6082 5754/1505/6535 5753/1504/6101
f 5737/1488/6082 5753/1504/6101 5790/1541/6536
f 5737/1488/6082 5790/1541/6537 5723/1474/6538
f 5737/1488/6539 5723/1474/6066 5722/1473/6540
f 5737/1488/6541 5722/1473/6064 5777/1528/6165
f 5737/1488/6542 5777/1528/6165 5781/1532/6543
f 5737/1488/6541 5781/1532/6164 5785/1536/6195
f 5731/1482/6544 5765/1516/6545 5771/1522/6546
f 5765/1516/6547 5731/1482/6074 5730/1481/6073
f 5765/1516/6548 5730/1481/6549 5759/1510/6122
f 5759/1510/6108 5730/1481/6073 5742/1493/6550
f 5742/1493/6551 5730/1481/6073 5743/1494/6552
f 5743/1494/6553 5730/1481/6073 5795/1546/6554
f 5795/1546/6555 5730/1481/6073 5748/1499/6095
f 5748/1499/6095 5730/1481/6073 5749/1500/6096
f 5749/1500/6556 5730/1481/6073 5779/1530/6161
f 5779/1530/6557 5730/1481/6073 5783/1534/6183
f 5783/1534/6172 5730/1481/6558 5787/1538/6559
f 5868/1519/6305 5836/1487/6560 5873/1524/6315
f 5836/1487/6561 5868/1519/6562 5837/1488/6259
f 5837/1488/6259 5868/1519/6305 5862/1513/6563
f 5837/1488/6564 5862/1513/6294 5854/1505/6281
f 5837/1488/6259 5854/1505/6565 5853/1504/6370
f 5837/1488/6564 5853/1504/6370 5890/1541/6389
f 5837/1488/6259 5890/1541/6566 5823/1474/6244
f 5837/1488/6259 5823/1474/6567 5822/1473/6568
f 5837/1488/6569 5822/1473/6568 5877/1528/6332
f 5837/1488/6570 5877/1528/6332 5881/1532/6571
f 5837/1488/6572 5881/1532/6573 5885/1536/6574
f 5831/1482/6252 5865/1516/6299 5871/1522/6575
f 5865/1516/6299 5831/1482/6252 5830/1481/6251
f 5865/1516/6299 5830/1481/6251 5859/1510/6576
f 5859/1510/6576 5830/1481/6577 5842/1493/6578
f 5842/1493/6578 5830/1481/6579 5843/1494/6580
f 5843/1494/6580 5830/1481/6251 5895/1546/6386
f 5895/1546/6581 5830/1481/6577 5848/1499/6272
f 5848/1499/6582 5830/1481/6583 5849/1500/6584
f 5849/1500/6273 5830/1481/6579 5879/1530/6346
f 5879/1530/6336 5830/1481/6251 5883/1534/6585
f 5883/1534/6586 5830/1481/6251 5887/1538/6587
